Datetime (UTC),Country,Zone Name,Zone Id,Carbon Intensity gCO₂eq/kWh (direct),Carbon Intensity gCO₂eq/kWh (LCA),Low Carbon Percentage,Renewable Percentage,Data Source,Data Estimated,Data Estimation Method
2022-01-01 00:00:00,Bulgaria,Bulgaria,BG,486.37,507.94,48.58,10.26,eso.bg,false,
2022-01-01 01:00:00,Bulgaria,Bulgaria,BG,508.47,529.98,46.51,8.19,eso.bg,false,
2022-01-01 02:00:00,Bulgaria,Bulgaria,BG,502.69,524.66,46.93,8.63,eso.bg,false,
2022-01-01 03:00:00,Bulgaria,Bulgaria,BG,500.93,523.24,47.0,8.33,eso.bg,false,
2022-01-01 04:00:00,Bulgaria,Bulgaria,BG,503.77,525.65,46.78,7.67,eso.bg,false,
2022-01-01 05:00:00,Bulgaria,Bulgaria,BG,498.18,520.0,47.32,8.52,eso.bg,false,
2022-01-01 06:00:00,Bulgaria,Bulgaria,BG,488.28,510.01,48.2,9.13,eso.bg,false,
2022-01-01 07:00:00,Bulgaria,Bulgaria,BG,471.69,492.87,50.07,12.56,eso.bg,false,
2022-01-01 08:00:00,Bulgaria,Bulgaria,BG,474.91,495.92,49.97,13.66,eso.bg,false,
2022-01-01 09:00:00,Bulgaria,Bulgaria,BG,470.88,491.89,50.43,14.43,eso.bg,false,
2022-01-01 10:00:00,Bulgaria,Bulgaria,BG,462.18,483.33,51.28,15.07,eso.bg,false,
2022-01-01 11:00:00,Bulgaria,Bulgaria,BG,476.01,497.13,50.11,14.13,eso.bg,false,
2022-01-01 12:00:00,Bulgaria,Bulgaria,BG,476.13,497.36,50.06,13.6,eso.bg,false,
2022-01-01 13:00:00,Bulgaria,Bulgaria,BG,480.45,501.02,49.67,13.05,eso.bg,false,
2022-01-01 14:00:00,Bulgaria,Bulgaria,BG,468.18,488.46,50.86,14.71,eso.bg,false,
2022-01-01 15:00:00,Bulgaria,Bulgaria,BG,463.52,482.83,51.78,18.86,eso.bg,false,
2022-01-01 16:00:00,Bulgaria,Bulgaria,BG,449.24,468.12,53.38,22.1,eso.bg,false,
2022-01-01 17:00:00,Bulgaria,Bulgaria,BG,445.24,464.07,53.78,22.78,eso.bg,false,
2022-01-01 18:00:00,Bulgaria,Bulgaria,BG,450.69,469.7,53.14,21.58,eso.bg,false,
2022-01-01 19:00:00,Bulgaria,Bulgaria,BG,451.15,470.4,52.95,20.27,eso.bg,false,
2022-01-01 20:00:00,Bulgaria,Bulgaria,BG,457.69,477.52,51.96,16.6,eso.bg,false,
2022-01-01 21:00:00,Bulgaria,Bulgaria,BG,460.86,481.54,51.38,14.73,eso.bg,false,
2022-01-01 22:00:00,Bulgaria,Bulgaria,BG,478.99,500.32,49.51,11.56,eso.bg,false,
2022-01-01 23:00:00,Bulgaria,Bulgaria,BG,464.11,485.8,50.75,11.24,eso.bg,false,
2022-01-02 00:00:00,Bulgaria,Bulgaria,BG,465.52,488.22,50.39,10.67,eso.bg,false,
2022-01-02 01:00:00,Bulgaria,Bulgaria,BG,457.56,480.46,51.06,11.14,eso.bg,false,
2022-01-02 02:00:00,Bulgaria,Bulgaria,BG,455.96,479.12,51.15,11.22,eso.bg,false,
2022-01-02 03:00:00,Bulgaria,Bulgaria,BG,449.43,472.7,51.81,12.42,eso.bg,false,
2022-01-02 04:00:00,Bulgaria,Bulgaria,BG,451.57,474.6,51.64,12.03,eso.bg,false,
2022-01-02 05:00:00,Bulgaria,Bulgaria,BG,459.22,481.7,51.09,11.43,eso.bg,false,
2022-01-02 06:00:00,Bulgaria,Bulgaria,BG,453.53,475.74,51.78,13.1,eso.bg,false,
2022-01-02 07:00:00,Bulgaria,Bulgaria,BG,435.37,457.54,53.54,16.24,eso.bg,false,
2022-01-02 08:00:00,Bulgaria,Bulgaria,BG,422.41,444.47,54.87,18.23,eso.bg,false,
2022-01-02 09:00:00,Bulgaria,Bulgaria,BG,438.31,460.12,53.43,16.43,eso.bg,false,
2022-01-02 10:00:00,Bulgaria,Bulgaria,BG,437.39,459.41,53.45,15.93,eso.bg,false,
2022-01-02 11:00:00,Bulgaria,Bulgaria,BG,443.58,465.56,52.81,14.5,eso.bg,false,
2022-01-02 12:00:00,Bulgaria,Bulgaria,BG,450.61,472.47,52.01,12.45,eso.bg,false,
2022-01-02 13:00:00,Bulgaria,Bulgaria,BG,491.45,512.42,48.54,11.03,eso.bg,false,
2022-01-02 14:00:00,Bulgaria,Bulgaria,BG,513.91,533.88,46.7,11.11,eso.bg,false,
2022-01-02 15:00:00,Bulgaria,Bulgaria,BG,480.91,499.93,50.22,17.54,eso.bg,false,
2022-01-02 16:00:00,Bulgaria,Bulgaria,BG,455.29,473.96,52.81,21.82,eso.bg,false,
2022-01-02 17:00:00,Bulgaria,Bulgaria,BG,452.73,471.42,53.05,22.22,eso.bg,false,
2022-01-02 18:00:00,Bulgaria,Bulgaria,BG,456.86,475.68,52.61,21.51,eso.bg,false,
2022-01-02 19:00:00,Bulgaria,Bulgaria,BG,476.83,496.05,50.44,17.47,eso.bg,false,
2022-01-02 20:00:00,Bulgaria,Bulgaria,BG,446.81,468.25,52.55,16.32,eso.bg,false,
2022-01-02 21:00:00,Bulgaria,Bulgaria,BG,429.03,451.25,54.11,17.14,eso.bg,false,
2022-01-02 22:00:00,Bulgaria,Bulgaria,BG,438.79,461.21,53.22,15.23,eso.bg,false,
2022-01-02 23:00:00,Bulgaria,Bulgaria,BG,444.31,467.32,52.51,13.68,eso.bg,false,
2022-01-03 00:00:00,Bulgaria,Bulgaria,BG,451.14,474.02,51.83,13.01,eso.bg,false,
2022-01-03 01:00:00,Bulgaria,Bulgaria,BG,451.09,473.92,51.74,12.41,eso.bg,false,
2022-01-03 02:00:00,Bulgaria,Bulgaria,BG,445.83,468.55,52.28,13.27,eso.bg,false,
2022-01-03 03:00:00,Bulgaria,Bulgaria,BG,442.94,465.48,52.56,13.52,eso.bg,false,
2022-01-03 04:00:00,Bulgaria,Bulgaria,BG,446.83,469.05,52.24,13.42,eso.bg,false,
2022-01-03 05:00:00,Bulgaria,Bulgaria,BG,458.84,480.47,51.21,12.65,eso.bg,false,
2022-01-03 06:00:00,Bulgaria,Bulgaria,BG,477.86,498.07,49.97,13.85,eso.bg,false,
2022-01-03 07:00:00,Bulgaria,Bulgaria,BG,483.36,502.49,50.01,16.96,eso.bg,false,
2022-01-03 08:00:00,Bulgaria,Bulgaria,BG,473.97,493.22,51.01,18.79,eso.bg,false,
2022-01-03 09:00:00,Bulgaria,Bulgaria,BG,475.6,495.1,50.86,18.4,eso.bg,false,
2022-01-03 10:00:00,Bulgaria,Bulgaria,BG,480.68,500.55,50.29,17.04,eso.bg,false,
2022-01-03 11:00:00,Bulgaria,Bulgaria,BG,481.34,501.18,50.24,17.1,eso.bg,false,
2022-01-03 12:00:00,Bulgaria,Bulgaria,BG,490.22,509.93,49.25,15.35,eso.bg,false,
2022-01-03 13:00:00,Bulgaria,Bulgaria,BG,486.77,506.52,49.44,14.68,eso.bg,false,
2022-01-03 14:00:00,Bulgaria,Bulgaria,BG,483.96,502.89,50.04,16.76,eso.bg,false,
2022-01-03 15:00:00,Bulgaria,Bulgaria,BG,449.98,468.0,53.66,22.98,eso.bg,false,
2022-01-03 16:00:00,Bulgaria,Bulgaria,BG,407.99,426.06,57.56,27.79,eso.bg,false,
2022-01-03 17:00:00,Bulgaria,Bulgaria,BG,425.56,443.65,55.92,26.17,eso.bg,false,
2022-01-03 18:00:00,Bulgaria,Bulgaria,BG,446.98,465.21,53.82,23.37,eso.bg,false,
2022-01-03 19:00:00,Bulgaria,Bulgaria,BG,461.97,481.13,52.09,20.7,eso.bg,false,
2022-01-03 20:00:00,Bulgaria,Bulgaria,BG,465.15,485.43,51.38,18.35,eso.bg,false,
2022-01-03 21:00:00,Bulgaria,Bulgaria,BG,465.52,486.49,51.05,16.53,eso.bg,false,
2022-01-03 22:00:00,Bulgaria,Bulgaria,BG,458.78,480.91,51.25,14.29,eso.bg,false,
2022-01-03 23:00:00,Bulgaria,Bulgaria,BG,433.15,456.27,53.19,14.89,eso.bg,false,
2022-01-04 00:00:00,Bulgaria,Bulgaria,BG,427.01,450.25,53.74,15.82,eso.bg,false,
2022-01-04 01:00:00,Bulgaria,Bulgaria,BG,440.56,463.53,52.54,14.29,eso.bg,false,
2022-01-04 02:00:00,Bulgaria,Bulgaria,BG,461.12,483.75,50.64,12.23,eso.bg,false,
2022-01-04 03:00:00,Bulgaria,Bulgaria,BG,463.81,486.05,50.39,11.61,eso.bg,false,
2022-01-04 04:00:00,Bulgaria,Bulgaria,BG,497.48,517.95,47.97,11.47,eso.bg,false,
2022-01-04 05:00:00,Bulgaria,Bulgaria,BG,520.81,539.63,46.55,13.71,eso.bg,false,
2022-01-04 06:00:00,Bulgaria,Bulgaria,BG,511.38,529.86,47.68,16.42,eso.bg,false,
2022-01-04 07:00:00,Bulgaria,Bulgaria,BG,517.4,536.07,47.16,16.28,eso.bg,false,
2022-01-04 08:00:00,Bulgaria,Bulgaria,BG,508.56,527.82,47.9,16.61,eso.bg,false,
2022-01-04 09:00:00,Bulgaria,Bulgaria,BG,497.5,517.24,48.86,17.35,eso.bg,false,
2022-01-04 10:00:00,Bulgaria,Bulgaria,BG,494.35,514.63,48.99,16.67,eso.bg,false,
2022-01-04 11:00:00,Bulgaria,Bulgaria,BG,488.91,509.51,49.35,16.25,eso.bg,false,
2022-01-04 12:00:00,Bulgaria,Bulgaria,BG,493.88,514.44,48.77,14.98,eso.bg,false,
2022-01-04 13:00:00,Bulgaria,Bulgaria,BG,519.24,539.15,46.45,12.75,eso.bg,false,
2022-01-04 14:00:00,Bulgaria,Bulgaria,BG,536.8,556.14,44.88,11.71,eso.bg,false,
2022-01-04 15:00:00,Bulgaria,Bulgaria,BG,505.71,524.41,48.08,16.88,eso.bg,false,
2022-01-04 16:00:00,Bulgaria,Bulgaria,BG,474.93,493.15,51.22,21.94,eso.bg,false,
2022-01-04 17:00:00,Bulgaria,Bulgaria,BG,468.44,486.53,51.87,22.94,eso.bg,false,
2022-01-04 18:00:00,Bulgaria,Bulgaria,BG,480.3,498.51,50.73,21.91,eso.bg,false,
2022-01-04 19:00:00,Bulgaria,Bulgaria,BG,492.67,511.37,49.4,19.98,eso.bg,false,
2022-01-04 20:00:00,Bulgaria,Bulgaria,BG,488.98,509.06,49.33,18.52,eso.bg,false,
2022-01-04 21:00:00,Bulgaria,Bulgaria,BG,493.14,514.34,48.48,15.52,eso.bg,false,
2022-01-04 22:00:00,Bulgaria,Bulgaria,BG,479.29,501.37,49.37,13.93,eso.bg,false,
2022-01-04 23:00:00,Bulgaria,Bulgaria,BG,480.11,502.06,49.29,12.65,eso.bg,false,
2022-01-05 00:00:00,Bulgaria,Bulgaria,BG,487.49,509.9,48.48,11.59,eso.bg,false,
2022-01-05 01:00:00,Bulgaria,Bulgaria,BG,487.01,509.64,48.46,11.48,eso.bg,false,
2022-01-05 02:00:00,Bulgaria,Bulgaria,BG,493.68,516.04,47.78,10.38,eso.bg,false,
2022-01-05 03:00:00,Bulgaria,Bulgaria,BG,498.12,520.47,47.38,10.15,eso.bg,false,
2022-01-05 04:00:00,Bulgaria,Bulgaria,BG,515.69,537.41,45.97,9.96,eso.bg,false,
2022-01-05 05:00:00,Bulgaria,Bulgaria,BG,511.44,531.99,46.86,13.53,eso.bg,false,
2022-01-05 06:00:00,Bulgaria,Bulgaria,BG,518.48,538.15,46.52,14.43,eso.bg,false,
2022-01-05 07:00:00,Bulgaria,Bulgaria,BG,506.56,525.81,47.94,17.07,eso.bg,false,
2022-01-05 08:00:00,Bulgaria,Bulgaria,BG,497.73,517.38,48.73,17.4,eso.bg,false,
2022-01-05 09:00:00,Bulgaria,Bulgaria,BG,502.19,522.15,48.32,17.04,eso.bg,false,
2022-01-05 10:00:00,Bulgaria,Bulgaria,BG,494.68,514.85,48.83,16.25,eso.bg,false,
2022-01-05 11:00:00,Bulgaria,Bulgaria,BG,495.55,515.89,48.57,15.19,eso.bg,false,
2022-01-05 12:00:00,Bulgaria,Bulgaria,BG,501.94,522.12,47.95,14.13,eso.bg,false,
2022-01-05 13:00:00,Bulgaria,Bulgaria,BG,525.82,545.66,45.82,12.42,eso.bg,false,
2022-01-05 14:00:00,Bulgaria,Bulgaria,BG,525.57,544.96,45.96,13.55,eso.bg,false,
2022-01-05 15:00:00,Bulgaria,Bulgaria,BG,499.5,518.31,48.63,17.87,eso.bg,false,
2022-01-05 16:00:00,Bulgaria,Bulgaria,BG,469.04,487.27,51.75,22.93,eso.bg,false,
2022-01-05 17:00:00,Bulgaria,Bulgaria,BG,464.74,482.89,52.24,23.91,eso.bg,false,
2022-01-05 18:00:00,Bulgaria,Bulgaria,BG,468.87,487.19,51.75,22.86,eso.bg,false,
2022-01-05 19:00:00,Bulgaria,Bulgaria,BG,478.73,497.16,50.77,21.34,eso.bg,false,
2022-01-05 20:00:00,Bulgaria,Bulgaria,BG,493.2,511.88,49.26,18.97,eso.bg,false,
2022-01-05 21:00:00,Bulgaria,Bulgaria,BG,504.65,523.58,48.05,16.69,eso.bg,false,
2022-01-05 22:00:00,Bulgaria,Bulgaria,BG,512.16,531.78,46.99,13.19,eso.bg,false,
2022-01-05 23:00:00,Bulgaria,Bulgaria,BG,478.3,499.92,49.38,12.45,eso.bg,false,
2022-01-06 00:00:00,Bulgaria,Bulgaria,BG,464.55,487.02,50.3,12.26,eso.bg,false,
2022-01-06 01:00:00,Bulgaria,Bulgaria,BG,475.38,497.66,49.33,11.5,eso.bg,false,
2022-01-06 02:00:00,Bulgaria,Bulgaria,BG,473.29,495.02,49.6,11.08,eso.bg,false,
2022-01-06 03:00:00,Bulgaria,Bulgaria,BG,469.02,491.03,49.95,11.67,eso.bg,false,
2022-01-06 04:00:00,Bulgaria,Bulgaria,BG,473.89,495.54,49.62,11.44,eso.bg,false,
2022-01-06 05:00:00,Bulgaria,Bulgaria,BG,454.9,475.74,51.71,14.99,eso.bg,false,
2022-01-06 06:00:00,Bulgaria,Bulgaria,BG,458.65,479.13,51.46,14.81,eso.bg,false,
2022-01-06 07:00:00,Bulgaria,Bulgaria,BG,451.18,471.99,52.22,17.2,eso.bg,false,
2022-01-06 08:00:00,Bulgaria,Bulgaria,BG,443.98,465.09,52.96,17.79,eso.bg,false,
2022-01-06 09:00:00,Bulgaria,Bulgaria,BG,467.87,488.3,51.24,17.55,eso.bg,false,
2022-01-06 10:00:00,Bulgaria,Bulgaria,BG,468.68,489.07,51.24,17.18,eso.bg,false,
2022-01-06 11:00:00,Bulgaria,Bulgaria,BG,483.72,504.03,49.81,15.65,eso.bg,false,
2022-01-06 12:00:00,Bulgaria,Bulgaria,BG,493.97,513.91,48.86,14.38,eso.bg,false,
2022-01-06 13:00:00,Bulgaria,Bulgaria,BG,496.31,516.33,48.4,12.28,eso.bg,false,
2022-01-06 14:00:00,Bulgaria,Bulgaria,BG,504.41,524.82,47.26,11.09,eso.bg,false,
2022-01-06 15:00:00,Bulgaria,Bulgaria,BG,483.41,503.81,49.22,15.06,eso.bg,false,
2022-01-06 16:00:00,Bulgaria,Bulgaria,BG,460.63,479.72,52.04,19.49,eso.bg,false,
2022-01-06 17:00:00,Bulgaria,Bulgaria,BG,434.73,453.69,54.53,21.62,eso.bg,false,
2022-01-06 18:00:00,Bulgaria,Bulgaria,BG,456.13,474.94,52.57,19.66,eso.bg,false,
2022-01-06 19:00:00,Bulgaria,Bulgaria,BG,462.51,481.61,51.8,17.97,eso.bg,false,
2022-01-06 20:00:00,Bulgaria,Bulgaria,BG,454.4,474.05,52.27,16.84,eso.bg,false,
2022-01-06 21:00:00,Bulgaria,Bulgaria,BG,465.91,486.77,50.78,13.84,eso.bg,false,
2022-01-06 22:00:00,Bulgaria,Bulgaria,BG,469.61,491.87,50.0,11.39,eso.bg,false,
2022-01-06 23:00:00,Bulgaria,Bulgaria,BG,507.35,527.35,47.12,9.61,eso.bg,false,
2022-01-07 00:00:00,Bulgaria,Bulgaria,BG,543.95,563.65,43.95,8.81,eso.bg,false,
2022-01-07 01:00:00,Bulgaria,Bulgaria,BG,515.38,535.65,46.32,9.19,eso.bg,false,
2022-01-07 02:00:00,Bulgaria,Bulgaria,BG,516.0,536.48,46.15,8.39,eso.bg,false,
2022-01-07 03:00:00,Bulgaria,Bulgaria,BG,520.92,541.46,45.65,7.71,eso.bg,false,
2022-01-07 04:00:00,Bulgaria,Bulgaria,BG,529.66,549.82,44.97,7.68,eso.bg,false,
2022-01-07 05:00:00,Bulgaria,Bulgaria,BG,532.74,552.11,45.15,11.04,eso.bg,false,
2022-01-07 06:00:00,Bulgaria,Bulgaria,BG,514.25,533.38,47.06,14.14,eso.bg,false,
2022-01-07 07:00:00,Bulgaria,Bulgaria,BG,523.25,542.33,46.31,13.81,eso.bg,false,
2022-01-07 08:00:00,Bulgaria,Bulgaria,BG,524.85,544.55,46.06,13.59,eso.bg,false,
2022-01-07 09:00:00,Bulgaria,Bulgaria,BG,526.0,545.79,45.93,13.26,eso.bg,false,
2022-01-07 10:00:00,Bulgaria,Bulgaria,BG,525.56,545.25,45.99,13.45,eso.bg,false,
2022-01-07 11:00:00,Bulgaria,Bulgaria,BG,533.15,552.53,45.33,12.73,eso.bg,false,
2022-01-07 12:00:00,Bulgaria,Bulgaria,BG,541.08,560.27,44.59,11.86,eso.bg,false,
2022-01-07 13:00:00,Bulgaria,Bulgaria,BG,548.11,567.17,43.98,11.61,eso.bg,false,
2022-01-07 14:00:00,Bulgaria,Bulgaria,BG,533.96,552.69,45.46,13.98,eso.bg,false,
2022-01-07 15:00:00,Bulgaria,Bulgaria,BG,500.86,519.1,48.82,19.34,eso.bg,false,
2022-01-07 16:00:00,Bulgaria,Bulgaria,BG,482.31,500.51,50.58,21.49,eso.bg,false,
2022-01-07 17:00:00,Bulgaria,Bulgaria,BG,476.42,494.64,51.13,22.07,eso.bg,false,
2022-01-07 18:00:00,Bulgaria,Bulgaria,BG,480.15,498.35,50.73,21.14,eso.bg,false,
2022-01-07 19:00:00,Bulgaria,Bulgaria,BG,499.61,518.23,48.72,17.97,eso.bg,false,
2022-01-07 20:00:00,Bulgaria,Bulgaria,BG,504.12,522.8,48.24,17.13,eso.bg,false,
2022-01-07 21:00:00,Bulgaria,Bulgaria,BG,517.17,535.98,46.95,15.38,eso.bg,false,
2022-01-07 22:00:00,Bulgaria,Bulgaria,BG,529.1,548.22,45.7,12.87,eso.bg,false,
2022-01-07 23:00:00,Bulgaria,Bulgaria,BG,550.05,570.49,43.28,8.82,eso.bg,false,
2022-01-08 00:00:00,Bulgaria,Bulgaria,BG,542.31,563.81,43.61,8.22,eso.bg,false,
2022-01-08 01:00:00,Bulgaria,Bulgaria,BG,545.63,566.87,43.28,7.12,eso.bg,false,
2022-01-08 02:00:00,Bulgaria,Bulgaria,BG,549.3,570.32,42.96,6.55,eso.bg,false,
2022-01-08 03:00:00,Bulgaria,Bulgaria,BG,550.76,571.61,42.95,7.05,eso.bg,false,
2022-01-08 04:00:00,Bulgaria,Bulgaria,BG,572.53,592.19,41.33,6.81,eso.bg,false,
2022-01-08 05:00:00,Bulgaria,Bulgaria,BG,570.49,590.21,41.54,7.63,eso.bg,false,
2022-01-08 06:00:00,Bulgaria,Bulgaria,BG,569.46,588.81,41.81,9.1,eso.bg,false,
2022-01-08 07:00:00,Bulgaria,Bulgaria,BG,532.44,551.17,45.62,14.89,eso.bg,false,
2022-01-08 08:00:00,Bulgaria,Bulgaria,BG,537.49,556.35,45.21,15.28,eso.bg,false,
2022-01-08 09:00:00,Bulgaria,Bulgaria,BG,532.01,550.9,45.75,16.1,eso.bg,false,
2022-01-08 10:00:00,Bulgaria,Bulgaria,BG,538.83,557.94,45.07,15.28,eso.bg,false,
2022-01-08 11:00:00,Bulgaria,Bulgaria,BG,545.88,565.21,44.32,14.2,eso.bg,false,
2022-01-08 12:00:00,Bulgaria,Bulgaria,BG,556.26,575.91,43.21,12.25,eso.bg,false,
2022-01-08 13:00:00,Bulgaria,Bulgaria,BG,559.8,579.42,42.86,11.76,eso.bg,false,
2022-01-08 14:00:00,Bulgaria,Bulgaria,BG,548.14,566.93,44.2,13.77,eso.bg,false,
2022-01-08 15:00:00,Bulgaria,Bulgaria,BG,515.36,533.66,47.44,17.93,eso.bg,false,
2022-01-08 16:00:00,Bulgaria,Bulgaria,BG,496.76,514.92,49.25,20.33,eso.bg,false,
2022-01-08 17:00:00,Bulgaria,Bulgaria,BG,502.03,520.04,48.86,19.85,eso.bg,false,
2022-01-08 18:00:00,Bulgaria,Bulgaria,BG,509.27,527.11,48.24,18.52,eso.bg,false,
2022-01-08 19:00:00,Bulgaria,Bulgaria,BG,535.27,554.61,45.2,13.77,eso.bg,false,
2022-01-08 20:00:00,Bulgaria,Bulgaria,BG,541.06,561.39,44.25,11.85,eso.bg,false,
2022-01-08 21:00:00,Bulgaria,Bulgaria,BG,548.04,568.85,43.45,10.58,eso.bg,false,
2022-01-08 22:00:00,Bulgaria,Bulgaria,BG,556.9,578.72,42.28,7.77,eso.bg,false,
2022-01-08 23:00:00,Bulgaria,Bulgaria,BG,548.14,569.98,42.92,6.14,eso.bg,false,
2022-01-09 00:00:00,Bulgaria,Bulgaria,BG,549.13,570.93,42.78,5.88,eso.bg,false,
2022-01-09 01:00:00,Bulgaria,Bulgaria,BG,552.18,574.18,42.39,5.0,eso.bg,false,
2022-01-09 02:00:00,Bulgaria,Bulgaria,BG,534.41,556.85,43.74,4.57,eso.bg,false,
2022-01-09 03:00:00,Bulgaria,Bulgaria,BG,526.79,549.14,44.44,4.39,eso.bg,false,
2022-01-09 04:00:00,Bulgaria,Bulgaria,BG,550.34,570.94,42.78,4.24,eso.bg,false,
2022-01-09 05:00:00,Bulgaria,Bulgaria,BG,552.07,572.84,42.7,5.24,eso.bg,false,
2022-01-09 06:00:00,Bulgaria,Bulgaria,BG,559.4,579.37,42.43,7.81,eso.bg,false,
2022-01-09 07:00:00,Bulgaria,Bulgaria,BG,553.58,572.36,43.59,12.17,eso.bg,false,
2022-01-09 08:00:00,Bulgaria,Bulgaria,BG,534.57,553.19,45.5,14.84,eso.bg,false,
2022-01-09 09:00:00,Bulgaria,Bulgaria,BG,539.12,557.77,45.13,14.81,eso.bg,false,
2022-01-09 10:00:00,Bulgaria,Bulgaria,BG,543.17,561.89,44.71,14.14,eso.bg,false,
2022-01-09 11:00:00,Bulgaria,Bulgaria,BG,554.53,573.26,43.64,12.81,eso.bg,false,
2022-01-09 12:00:00,Bulgaria,Bulgaria,BG,567.42,586.33,42.3,10.75,eso.bg,false,
2022-01-09 13:00:00,Bulgaria,Bulgaria,BG,573.31,592.27,41.71,9.8,eso.bg,false,
2022-01-09 14:00:00,Bulgaria,Bulgaria,BG,553.58,572.24,43.67,12.96,eso.bg,false,
2022-01-09 15:00:00,Bulgaria,Bulgaria,BG,515.28,533.57,47.47,18.42,eso.bg,false,
2022-01-09 16:00:00,Bulgaria,Bulgaria,BG,502.45,520.48,48.8,20.5,eso.bg,false,
2022-01-09 17:00:00,Bulgaria,Bulgaria,BG,505.98,523.96,48.48,20.03,eso.bg,false,
2022-01-09 18:00:00,Bulgaria,Bulgaria,BG,519.67,537.85,47.11,17.99,eso.bg,false,
2022-01-09 19:00:00,Bulgaria,Bulgaria,BG,539.08,557.49,45.13,14.78,eso.bg,false,
2022-01-09 20:00:00,Bulgaria,Bulgaria,BG,560.99,579.81,42.88,11.27,eso.bg,false,
2022-01-09 21:00:00,Bulgaria,Bulgaria,BG,579.73,598.58,41.05,8.84,eso.bg,false,
2022-01-09 22:00:00,Bulgaria,Bulgaria,BG,607.74,627.17,38.27,4.82,eso.bg,false,
2022-01-09 23:00:00,Bulgaria,Bulgaria,BG,594.26,614.44,39.1,4.53,eso.bg,false,
2022-01-10 00:00:00,Bulgaria,Bulgaria,BG,570.83,591.98,40.87,5.19,eso.bg,false,
2022-01-10 01:00:00,Bulgaria,Bulgaria,BG,560.95,582.21,41.7,5.55,eso.bg,false,
2022-01-10 02:00:00,Bulgaria,Bulgaria,BG,558.43,579.52,42.01,5.97,eso.bg,false,
2022-01-10 03:00:00,Bulgaria,Bulgaria,BG,549.0,570.39,42.87,6.97,eso.bg,false,
2022-01-10 04:00:00,Bulgaria,Bulgaria,BG,561.71,580.93,42.56,9.47,eso.bg,false,
2022-01-10 05:00:00,Bulgaria,Bulgaria,BG,573.14,591.66,41.92,11.31,eso.bg,false,
2022-01-10 06:00:00,Bulgaria,Bulgaria,BG,561.67,580.28,42.97,12.32,eso.bg,false,
2022-01-10 07:00:00,Bulgaria,Bulgaria,BG,545.62,563.91,44.68,15.06,eso.bg,false,
2022-01-10 08:00:00,Bulgaria,Bulgaria,BG,528.05,546.25,46.38,17.18,eso.bg,false,
2022-01-10 09:00:00,Bulgaria,Bulgaria,BG,524.52,542.47,46.75,17.87,eso.bg,false,
2022-01-10 10:00:00,Bulgaria,Bulgaria,BG,527.29,545.44,46.43,17.57,eso.bg,false,
2022-01-10 11:00:00,Bulgaria,Bulgaria,BG,545.88,564.32,44.56,15.72,eso.bg,false,
2022-01-10 12:00:00,Bulgaria,Bulgaria,BG,541.21,559.63,45.02,15.87,eso.bg,false,
2022-01-10 13:00:00,Bulgaria,Bulgaria,BG,532.96,551.51,45.68,16.29,eso.bg,false,
2022-01-10 14:00:00,Bulgaria,Bulgaria,BG,533.54,552.2,45.63,16.89,eso.bg,false,
2022-01-10 15:00:00,Bulgaria,Bulgaria,BG,507.73,525.93,48.28,20.89,eso.bg,false,
2022-01-10 16:00:00,Bulgaria,Bulgaria,BG,491.62,509.62,49.9,23.3,eso.bg,false,
2022-01-10 17:00:00,Bulgaria,Bulgaria,BG,487.47,505.61,50.2,23.04,eso.bg,false,
2022-01-10 18:00:00,Bulgaria,Bulgaria,BG,509.91,528.3,47.95,19.8,eso.bg,false,
2022-01-10 19:00:00,Bulgaria,Bulgaria,BG,501.1,520.4,48.37,18.64,eso.bg,false,
2022-01-10 20:00:00,Bulgaria,Bulgaria,BG,453.55,474.81,52.25,20.6,eso.bg,false,
2022-01-10 21:00:00,Bulgaria,Bulgaria,BG,459.78,482.3,51.27,18.47,eso.bg,false,
2022-01-10 22:00:00,Bulgaria,Bulgaria,BG,465.01,487.92,50.74,17.39,eso.bg,false,
2022-01-10 23:00:00,Bulgaria,Bulgaria,BG,471.87,494.17,50.2,16.3,eso.bg,false,
2022-01-11 00:00:00,Bulgaria,Bulgaria,BG,470.14,492.58,50.25,16.21,eso.bg,false,
2022-01-11 01:00:00,Bulgaria,Bulgaria,BG,466.06,488.63,50.56,15.99,eso.bg,false,
2022-01-11 02:00:00,Bulgaria,Bulgaria,BG,470.74,493.17,50.15,15.54,eso.bg,false,
2022-01-11 03:00:00,Bulgaria,Bulgaria,BG,476.23,497.82,49.73,14.67,eso.bg,false,
2022-01-11 04:00:00,Bulgaria,Bulgaria,BG,515.62,535.92,46.48,13.4,eso.bg,false,
2022-01-11 05:00:00,Bulgaria,Bulgaria,BG,499.18,519.47,48.13,16.23,eso.bg,false,
2022-01-11 06:00:00,Bulgaria,Bulgaria,BG,495.8,514.76,48.96,19.63,eso.bg,false,
2022-01-11 07:00:00,Bulgaria,Bulgaria,BG,500.58,519.13,48.76,20.54,eso.bg,false,
2022-01-11 08:00:00,Bulgaria,Bulgaria,BG,495.73,514.19,49.27,21.68,eso.bg,false,
2022-01-11 09:00:00,Bulgaria,Bulgaria,BG,490.85,509.39,49.7,21.86,eso.bg,false,
2022-01-11 10:00:00,Bulgaria,Bulgaria,BG,492.36,510.87,49.57,21.78,eso.bg,false,
2022-01-11 11:00:00,Bulgaria,Bulgaria,BG,490.29,508.8,49.76,22.06,eso.bg,false,
2022-01-11 12:00:00,Bulgaria,Bulgaria,BG,493.09,511.68,49.44,21.41,eso.bg,false,
2022-01-11 13:00:00,Bulgaria,Bulgaria,BG,490.48,509.05,49.68,21.83,eso.bg,false,
2022-01-11 14:00:00,Bulgaria,Bulgaria,BG,496.44,514.92,49.17,21.69,eso.bg,false,
2022-01-11 15:00:00,Bulgaria,Bulgaria,BG,484.03,502.34,50.45,23.71,eso.bg,false,
2022-01-11 16:00:00,Bulgaria,Bulgaria,BG,464.06,482.09,52.45,26.64,eso.bg,false,
2022-01-11 17:00:00,Bulgaria,Bulgaria,BG,463.53,481.51,52.52,26.68,eso.bg,false,
2022-01-11 18:00:00,Bulgaria,Bulgaria,BG,475.98,494.34,51.16,24.37,eso.bg,false,
2022-01-11 19:00:00,Bulgaria,Bulgaria,BG,479.78,498.42,50.66,23.01,eso.bg,false,
2022-01-11 20:00:00,Bulgaria,Bulgaria,BG,502.82,522.26,48.2,19.08,eso.bg,false,
2022-01-11 21:00:00,Bulgaria,Bulgaria,BG,515.79,535.61,46.73,16.36,eso.bg,false,
2022-01-11 22:00:00,Bulgaria,Bulgaria,BG,515.43,535.86,46.53,14.69,eso.bg,false,
2022-01-11 23:00:00,Bulgaria,Bulgaria,BG,492.17,513.32,48.35,14.75,eso.bg,false,
2022-01-12 00:00:00,Bulgaria,Bulgaria,BG,484.25,505.51,48.93,14.54,eso.bg,false,
2022-01-12 01:00:00,Bulgaria,Bulgaria,BG,480.45,501.75,49.2,14.45,eso.bg,false,
2022-01-12 02:00:00,Bulgaria,Bulgaria,BG,486.88,507.86,48.67,13.96,eso.bg,false,
2022-01-12 03:00:00,Bulgaria,Bulgaria,BG,497.66,518.2,47.76,13.14,eso.bg,false,
2022-01-12 04:00:00,Bulgaria,Bulgaria,BG,537.3,556.54,44.63,12.74,eso.bg,false,
2022-01-12 05:00:00,Bulgaria,Bulgaria,BG,523.71,542.34,46.28,16.67,eso.bg,false,
2022-01-12 06:00:00,Bulgaria,Bulgaria,BG,506.75,525.07,48.08,19.72,eso.bg,false,
2022-01-12 07:00:00,Bulgaria,Bulgaria,BG,494.68,513.34,49.13,21.58,eso.bg,false,
2022-01-12 08:00:00,Bulgaria,Bulgaria,BG,491.15,509.52,49.68,22.36,eso.bg,false,
2022-01-12 09:00:00,Bulgaria,Bulgaria,BG,492.31,510.6,49.69,22.5,eso.bg,false,
2022-01-12 10:00:00,Bulgaria,Bulgaria,BG,496.4,515.15,49.23,21.83,eso.bg,false,
2022-01-12 11:00:00,Bulgaria,Bulgaria,BG,509.93,528.89,47.85,19.97,eso.bg,false,
2022-01-12 12:00:00,Bulgaria,Bulgaria,BG,517.64,536.65,47.08,19.03,eso.bg,false,
2022-01-12 13:00:00,Bulgaria,Bulgaria,BG,522.78,541.69,46.57,18.36,eso.bg,false,
2022-01-12 14:00:00,Bulgaria,Bulgaria,BG,529.96,548.27,46.04,18.15,eso.bg,false,
2022-01-12 15:00:00,Bulgaria,Bulgaria,BG,520.88,538.88,46.92,19.55,eso.bg,false,
2022-01-12 16:00:00,Bulgaria,Bulgaria,BG,495.65,512.97,49.65,23.54,eso.bg,false,
2022-01-12 17:00:00,Bulgaria,Bulgaria,BG,493.48,510.56,50.01,24.03,eso.bg,false,
2022-01-12 18:00:00,Bulgaria,Bulgaria,BG,501.61,518.82,49.2,22.72,eso.bg,false,
2022-01-12 19:00:00,Bulgaria,Bulgaria,BG,519.37,536.83,47.39,20.04,eso.bg,false,
2022-01-12 20:00:00,Bulgaria,Bulgaria,BG,522.5,540.58,46.88,18.69,eso.bg,false,
2022-01-12 21:00:00,Bulgaria,Bulgaria,BG,532.49,551.03,45.75,16.66,eso.bg,false,
2022-01-12 22:00:00,Bulgaria,Bulgaria,BG,552.06,571.8,43.47,12.15,eso.bg,false,
2022-01-12 23:00:00,Bulgaria,Bulgaria,BG,530.56,551.06,45.19,12.72,eso.bg,false,
2022-01-13 00:00:00,Bulgaria,Bulgaria,BG,530.04,550.65,45.1,12.12,eso.bg,false,
2022-01-13 01:00:00,Bulgaria,Bulgaria,BG,549.45,569.27,43.49,10.86,eso.bg,false,
2022-01-13 02:00:00,Bulgaria,Bulgaria,BG,572.65,591.53,41.52,9.0,eso.bg,false,
2022-01-13 03:00:00,Bulgaria,Bulgaria,BG,589.32,608.04,40.1,8.51,eso.bg,false,
2022-01-13 04:00:00,Bulgaria,Bulgaria,BG,587.62,606.25,40.28,8.73,eso.bg,false,
2022-01-13 05:00:00,Bulgaria,Bulgaria,BG,555.89,574.14,43.46,13.23,eso.bg,false,
2022-01-13 06:00:00,Bulgaria,Bulgaria,BG,537.74,556.38,45.13,16.17,eso.bg,false,
2022-01-13 07:00:00,Bulgaria,Bulgaria,BG,534.89,553.63,45.56,17.52,eso.bg,false,
2022-01-13 08:00:00,Bulgaria,Bulgaria,BG,525.61,544.32,46.64,18.76,eso.bg,false,
2022-01-13 09:00:00,Bulgaria,Bulgaria,BG,519.92,538.69,47.16,19.06,eso.bg,false,
2022-01-13 10:00:00,Bulgaria,Bulgaria,BG,526.58,545.32,46.54,17.93,eso.bg,false,
2022-01-13 11:00:00,Bulgaria,Bulgaria,BG,543.23,562.15,44.9,15.92,eso.bg,false,
2022-01-13 12:00:00,Bulgaria,Bulgaria,BG,551.29,570.74,43.83,14.1,eso.bg,false,
2022-01-13 13:00:00,Bulgaria,Bulgaria,BG,557.62,577.36,43.12,13.05,eso.bg,false,
2022-01-13 14:00:00,Bulgaria,Bulgaria,BG,553.26,572.44,43.61,13.98,eso.bg,false,
2022-01-13 15:00:00,Bulgaria,Bulgaria,BG,532.08,550.69,45.75,17.3,eso.bg,false,
2022-01-13 16:00:00,Bulgaria,Bulgaria,BG,512.07,530.04,47.96,21.24,eso.bg,false,
2022-01-13 17:00:00,Bulgaria,Bulgaria,BG,504.7,522.5,48.72,22.32,eso.bg,false,
2022-01-13 18:00:00,Bulgaria,Bulgaria,BG,501.36,519.49,48.91,22.25,eso.bg,false,
2022-01-13 19:00:00,Bulgaria,Bulgaria,BG,506.26,525.64,48.13,21.27,eso.bg,false,
2022-01-13 20:00:00,Bulgaria,Bulgaria,BG,500.39,520.57,48.47,21.15,eso.bg,false,
2022-01-13 21:00:00,Bulgaria,Bulgaria,BG,534.77,555.95,44.88,16.2,eso.bg,false,
2022-01-13 22:00:00,Bulgaria,Bulgaria,BG,549.09,570.54,43.4,13.27,eso.bg,false,
2022-01-13 23:00:00,Bulgaria,Bulgaria,BG,542.55,564.55,43.76,12.5,eso.bg,false,
2022-01-14 00:00:00,Bulgaria,Bulgaria,BG,533.63,555.78,44.5,12.36,eso.bg,false,
2022-01-14 01:00:00,Bulgaria,Bulgaria,BG,531.4,553.48,44.75,12.38,eso.bg,false,
2022-01-14 02:00:00,Bulgaria,Bulgaria,BG,547.09,568.52,43.42,11.27,eso.bg,false,
2022-01-14 03:00:00,Bulgaria,Bulgaria,BG,560.34,581.35,42.33,10.67,eso.bg,false,
2022-01-14 04:00:00,Bulgaria,Bulgaria,BG,558.04,578.65,42.71,11.76,eso.bg,false,
2022-01-14 05:00:00,Bulgaria,Bulgaria,BG,536.64,556.13,45.16,16.17,eso.bg,false,
2022-01-14 06:00:00,Bulgaria,Bulgaria,BG,537.09,556.45,45.16,16.29,eso.bg,false,
2022-01-14 07:00:00,Bulgaria,Bulgaria,BG,528.73,547.8,46.18,18.03,eso.bg,false,
2022-01-14 08:00:00,Bulgaria,Bulgaria,BG,520.19,539.42,47.1,19.14,eso.bg,false,
2022-01-14 09:00:00,Bulgaria,Bulgaria,BG,515.83,535.47,47.5,19.43,eso.bg,false,
2022-01-14 10:00:00,Bulgaria,Bulgaria,BG,519.12,539.14,47.09,18.45,eso.bg,false,
2022-01-14 11:00:00,Bulgaria,Bulgaria,BG,526.4,546.71,46.28,17.18,eso.bg,false,
2022-01-14 12:00:00,Bulgaria,Bulgaria,BG,523.43,543.95,46.47,16.84,eso.bg,false,
2022-01-14 13:00:00,Bulgaria,Bulgaria,BG,532.23,552.79,45.47,15.19,eso.bg,false,
2022-01-14 14:00:00,Bulgaria,Bulgaria,BG,537.15,557.13,45.06,15.15,eso.bg,false,
2022-01-14 15:00:00,Bulgaria,Bulgaria,BG,520.27,538.95,47.03,18.66,eso.bg,false,
2022-01-14 16:00:00,Bulgaria,Bulgaria,BG,489.61,508.07,50.05,23.36,eso.bg,false,
2022-01-14 17:00:00,Bulgaria,Bulgaria,BG,485.15,503.46,50.49,24.06,eso.bg,false,
2022-01-14 18:00:00,Bulgaria,Bulgaria,BG,498.51,516.81,49.19,22.04,eso.bg,false,
2022-01-14 19:00:00,Bulgaria,Bulgaria,BG,509.04,527.63,48.08,20.32,eso.bg,false,
2022-01-14 20:00:00,Bulgaria,Bulgaria,BG,528.34,547.74,46.0,17.05,eso.bg,false,
2022-01-14 21:00:00,Bulgaria,Bulgaria,BG,541.56,561.6,44.52,14.65,eso.bg,false,
2022-01-14 22:00:00,Bulgaria,Bulgaria,BG,556.77,577.18,43.01,12.18,eso.bg,false,
2022-01-14 23:00:00,Bulgaria,Bulgaria,BG,539.58,559.85,44.5,12.22,eso.bg,false,
2022-01-15 00:00:00,Bulgaria,Bulgaria,BG,512.1,533.42,46.69,13.31,eso.bg,false,
2022-01-15 01:00:00,Bulgaria,Bulgaria,BG,494.23,516.09,48.13,13.96,eso.bg,false,
2022-01-15 02:00:00,Bulgaria,Bulgaria,BG,499.36,521.14,47.65,12.93,eso.bg,false,
2022-01-15 03:00:00,Bulgaria,Bulgaria,BG,510.57,531.88,46.68,11.89,eso.bg,false,
2022-01-15 04:00:00,Bulgaria,Bulgaria,BG,540.7,560.98,44.25,11.09,eso.bg,false,
2022-01-15 05:00:00,Bulgaria,Bulgaria,BG,559.47,579.33,42.65,10.42,eso.bg,false,
2022-01-15 06:00:00,Bulgaria,Bulgaria,BG,573.77,592.72,41.63,10.46,eso.bg,false,
2022-01-15 07:00:00,Bulgaria,Bulgaria,BG,539.68,558.12,45.13,15.81,eso.bg,false,
2022-01-15 08:00:00,Bulgaria,Bulgaria,BG,532.29,550.6,45.9,16.93,eso.bg,false,
2022-01-15 09:00:00,Bulgaria,Bulgaria,BG,525.62,544.18,46.56,17.53,eso.bg,false,
2022-01-15 10:00:00,Bulgaria,Bulgaria,BG,518.39,537.34,47.17,17.63,eso.bg,false,
2022-01-15 11:00:00,Bulgaria,Bulgaria,BG,503.34,522.51,48.5,18.47,eso.bg,false,
2022-01-15 12:00:00,Bulgaria,Bulgaria,BG,505.21,524.57,48.18,17.41,eso.bg,false,
2022-01-15 13:00:00,Bulgaria,Bulgaria,BG,525.36,544.51,46.21,15.27,eso.bg,false,
2022-01-15 14:00:00,Bulgaria,Bulgaria,BG,552.87,571.48,43.68,12.8,eso.bg,false,
2022-01-15 15:00:00,Bulgaria,Bulgaria,BG,534.71,552.55,45.68,16.59,eso.bg,false,
2022-01-15 16:00:00,Bulgaria,Bulgaria,BG,503.44,520.86,48.83,21.44,eso.bg,false,
2022-01-15 17:00:00,Bulgaria,Bulgaria,BG,501.73,519.14,48.99,21.7,eso.bg,false,
2022-01-15 18:00:00,Bulgaria,Bulgaria,BG,517.2,534.85,47.41,19.29,eso.bg,false,
2022-01-15 19:00:00,Bulgaria,Bulgaria,BG,533.39,551.21,45.78,16.78,eso.bg,false,
2022-01-15 20:00:00,Bulgaria,Bulgaria,BG,538.09,556.97,44.99,14.97,eso.bg,false,
2022-01-15 21:00:00,Bulgaria,Bulgaria,BG,568.13,587.78,41.93,11.35,eso.bg,false,
2022-01-15 22:00:00,Bulgaria,Bulgaria,BG,575.2,595.35,41.07,9.51,eso.bg,false,
2022-01-15 23:00:00,Bulgaria,Bulgaria,BG,534.77,556.04,44.54,11.35,eso.bg,false,
2022-01-16 00:00:00,Bulgaria,Bulgaria,BG,509.83,531.45,46.69,12.91,eso.bg,false,
2022-01-16 01:00:00,Bulgaria,Bulgaria,BG,516.14,537.56,46.14,12.41,Electricity Maps Estimation,true,ESTIMATED_TIME_SLICER_AVERAGE
2022-01-16 02:00:00,Bulgaria,Bulgaria,BG,520.86,542.08,45.73,12.0,eso.bg; Electricity Maps Estimation,false,
2022-01-16 03:00:00,Bulgaria,Bulgaria,BG,535.17,555.72,44.55,11.08,eso.bg,false,
2022-01-16 04:00:00,Bulgaria,Bulgaria,BG,564.32,584.2,42.02,9.26,eso.bg,false,
2022-01-16 05:00:00,Bulgaria,Bulgaria,BG,567.77,587.91,41.64,8.75,eso.bg,false,
2022-01-16 06:00:00,Bulgaria,Bulgaria,BG,571.37,590.69,41.66,10.25,eso.bg,false,
2022-01-16 07:00:00,Bulgaria,Bulgaria,BG,545.97,565.18,44.34,14.7,eso.bg,false,
2022-01-16 08:00:00,Bulgaria,Bulgaria,BG,534.68,554.26,45.55,16.51,eso.bg,false,
2022-01-16 09:00:00,Bulgaria,Bulgaria,BG,533.31,552.96,45.76,16.74,eso.bg,false,
2022-01-16 10:00:00,Bulgaria,Bulgaria,BG,535.29,555.23,45.51,16.18,eso.bg,false,
2022-01-16 11:00:00,Bulgaria,Bulgaria,BG,533.54,553.86,45.45,15.16,eso.bg,false,
2022-01-16 12:00:00,Bulgaria,Bulgaria,BG,539.35,559.85,44.69,13.46,eso.bg,false,
2022-01-16 13:00:00,Bulgaria,Bulgaria,BG,550.42,570.59,43.6,11.83,eso.bg,false,
2022-01-16 14:00:00,Bulgaria,Bulgaria,BG,572.51,592.0,41.59,10.07,eso.bg,false,
2022-01-16 15:00:00,Bulgaria,Bulgaria,BG,551.49,570.18,43.81,13.85,eso.bg,false,
2022-01-16 16:00:00,Bulgaria,Bulgaria,BG,518.06,536.33,47.17,19.06,eso.bg,false,
2022-01-16 17:00:00,Bulgaria,Bulgaria,BG,513.61,531.87,47.6,19.79,eso.bg,false,
2022-01-16 18:00:00,Bulgaria,Bulgaria,BG,521.07,539.38,46.89,18.59,eso.bg,false,
2022-01-16 19:00:00,Bulgaria,Bulgaria,BG,537.95,556.76,45.07,15.8,eso.bg,false,
2022-01-16 20:00:00,Bulgaria,Bulgaria,BG,554.62,574.87,43.07,12.7,eso.bg,false,
2022-01-16 21:00:00,Bulgaria,Bulgaria,BG,570.22,591.39,41.29,10.09,eso.bg,false,
2022-01-16 22:00:00,Bulgaria,Bulgaria,BG,560.47,582.19,42.02,9.18,eso.bg,false,
2022-01-16 23:00:00,Bulgaria,Bulgaria,BG,536.88,560.05,43.7,9.25,eso.bg,false,
2022-01-17 00:00:00,Bulgaria,Bulgaria,BG,540.43,563.42,43.4,9.3,eso.bg,false,
2022-01-17 01:00:00,Bulgaria,Bulgaria,BG,517.01,540.6,45.38,10.71,eso.bg,false,
2022-01-17 02:00:00,Bulgaria,Bulgaria,BG,520.4,543.58,45.23,10.85,eso.bg,false,
2022-01-17 03:00:00,Bulgaria,Bulgaria,BG,526.29,549.32,44.76,11.07,eso.bg,false,
2022-01-17 04:00:00,Bulgaria,Bulgaria,BG,555.37,576.8,42.57,10.4,eso.bg,false,
2022-01-17 05:00:00,Bulgaria,Bulgaria,BG,560.87,580.57,42.62,12.22,eso.bg,false,
2022-01-17 06:00:00,Bulgaria,Bulgaria,BG,547.29,566.29,44.13,14.39,eso.bg,false,
2022-01-17 07:00:00,Bulgaria,Bulgaria,BG,534.15,553.26,45.52,16.39,eso.bg,false,
2022-01-17 08:00:00,Bulgaria,Bulgaria,BG,530.22,549.58,45.95,17.0,eso.bg,false,
2022-01-17 09:00:00,Bulgaria,Bulgaria,BG,510.75,530.83,47.64,18.04,eso.bg,false,
2022-01-17 10:00:00,Bulgaria,Bulgaria,BG,501.34,521.45,48.57,18.88,eso.bg,false,
2022-01-17 11:00:00,Bulgaria,Bulgaria,BG,507.63,527.85,47.91,18.63,eso.bg,false,
2022-01-17 12:00:00,Bulgaria,Bulgaria,BG,506.49,526.57,47.98,18.77,eso.bg,false,
2022-01-17 13:00:00,Bulgaria,Bulgaria,BG,520.12,539.81,46.71,17.34,eso.bg,false,
2022-01-17 14:00:00,Bulgaria,Bulgaria,BG,540.63,559.55,44.9,15.66,eso.bg,false,
2022-01-17 15:00:00,Bulgaria,Bulgaria,BG,515.52,533.72,47.46,19.67,eso.bg,false,
2022-01-17 16:00:00,Bulgaria,Bulgaria,BG,497.1,514.91,49.44,23.19,eso.bg,false,
2022-01-17 17:00:00,Bulgaria,Bulgaria,BG,489.75,507.68,50.09,23.8,eso.bg,false,
2022-01-17 18:00:00,Bulgaria,Bulgaria,BG,498.84,516.94,49.14,22.39,eso.bg,false,
2022-01-17 19:00:00,Bulgaria,Bulgaria,BG,503.74,523.54,48.17,19.99,eso.bg,false,
2022-01-17 20:00:00,Bulgaria,Bulgaria,BG,503.35,524.58,47.72,18.27,eso.bg,false,
2022-01-17 21:00:00,Bulgaria,Bulgaria,BG,520.7,542.56,45.84,15.01,eso.bg,false,
2022-01-17 22:00:00,Bulgaria,Bulgaria,BG,480.92,503.3,49.31,16.45,eso.bg,false,
2022-01-17 23:00:00,Bulgaria,Bulgaria,BG,483.12,504.97,49.15,15.43,eso.bg,false,
2022-01-18 00:00:00,Bulgaria,Bulgaria,BG,477.95,500.2,49.44,15.18,eso.bg,false,
2022-01-18 01:00:00,Bulgaria,Bulgaria,BG,480.91,503.01,49.13,14.58,eso.bg,false,
2022-01-18 02:00:00,Bulgaria,Bulgaria,BG,484.96,506.94,48.79,14.06,eso.bg,false,
2022-01-18 03:00:00,Bulgaria,Bulgaria,BG,510.66,532.28,46.51,12.3,eso.bg,false,
2022-01-18 04:00:00,Bulgaria,Bulgaria,BG,543.18,563.27,44.11,12.61,eso.bg,false,
2022-01-18 05:00:00,Bulgaria,Bulgaria,BG,540.3,559.73,44.74,15.33,eso.bg,false,
2022-01-18 06:00:00,Bulgaria,Bulgaria,BG,539.49,558.19,45.02,15.72,eso.bg,false,
2022-01-18 07:00:00,Bulgaria,Bulgaria,BG,517.9,536.81,47.16,18.42,eso.bg,false,
2022-01-18 08:00:00,Bulgaria,Bulgaria,BG,495.74,515.16,49.29,20.91,eso.bg,false,
2022-01-18 09:00:00,Bulgaria,Bulgaria,BG,489.24,509.2,49.82,21.1,eso.bg,false,
2022-01-18 10:00:00,Bulgaria,Bulgaria,BG,500.62,520.78,48.71,20.02,eso.bg,false,
2022-01-18 11:00:00,Bulgaria,Bulgaria,BG,507.48,527.71,47.94,18.53,eso.bg,false,
2022-01-18 12:00:00,Bulgaria,Bulgaria,BG,527.67,547.67,46.04,16.45,eso.bg,false,
2022-01-18 13:00:00,Bulgaria,Bulgaria,BG,535.93,555.49,45.3,15.81,eso.bg,false,
2022-01-18 14:00:00,Bulgaria,Bulgaria,BG,551.75,570.89,43.77,13.94,eso.bg,false,
2022-01-18 15:00:00,Bulgaria,Bulgaria,BG,541.1,559.57,44.96,16.34,eso.bg,false,
2022-01-18 16:00:00,Bulgaria,Bulgaria,BG,515.19,533.15,47.66,20.76,eso.bg,false,
2022-01-18 17:00:00,Bulgaria,Bulgaria,BG,510.0,527.95,48.15,21.54,eso.bg,false,
2022-01-18 18:00:00,Bulgaria,Bulgaria,BG,512.74,530.8,47.82,20.73,eso.bg,false,
2022-01-18 19:00:00,Bulgaria,Bulgaria,BG,521.88,540.72,46.75,19.18,eso.bg,false,
2022-01-18 20:00:00,Bulgaria,Bulgaria,BG,520.18,540.06,46.6,17.91,eso.bg,false,
2022-01-18 21:00:00,Bulgaria,Bulgaria,BG,538.71,559.12,44.62,14.92,eso.bg,false,
2022-01-18 22:00:00,Bulgaria,Bulgaria,BG,547.61,569.21,43.37,11.26,eso.bg,false,
2022-01-18 23:00:00,Bulgaria,Bulgaria,BG,552.59,574.04,42.8,9.54,eso.bg,false,
2022-01-19 00:00:00,Bulgaria,Bulgaria,BG,500.98,523.05,47.42,13.52,eso.bg,false,
2022-01-19 01:00:00,Bulgaria,Bulgaria,BG,488.16,510.48,48.46,14.24,eso.bg,false,
2022-01-19 02:00:00,Bulgaria,Bulgaria,BG,496.92,519.32,47.59,13.48,eso.bg,false,
2022-01-19 03:00:00,Bulgaria,Bulgaria,BG,518.14,540.12,45.79,12.46,eso.bg,false,
2022-01-19 04:00:00,Bulgaria,Bulgaria,BG,531.12,551.91,45.07,14.33,eso.bg,false,
2022-01-19 05:00:00,Bulgaria,Bulgaria,BG,550.35,570.03,43.64,14.03,eso.bg,false,
2022-01-19 06:00:00,Bulgaria,Bulgaria,BG,547.27,566.1,44.21,15.13,eso.bg,false,
2022-01-19 07:00:00,Bulgaria,Bulgaria,BG,528.66,548.15,45.97,17.28,eso.bg,false,
2022-01-19 08:00:00,Bulgaria,Bulgaria,BG,510.65,529.7,48.06,19.81,eso.bg,false,
2022-01-19 09:00:00,Bulgaria,Bulgaria,BG,502.5,522.07,48.69,20.39,eso.bg,false,
2022-01-19 10:00:00,Bulgaria,Bulgaria,BG,502.85,522.89,48.43,19.81,eso.bg,false,
2022-01-19 11:00:00,Bulgaria,Bulgaria,BG,520.1,540.14,46.82,17.75,eso.bg,false,
2022-01-19 12:00:00,Bulgaria,Bulgaria,BG,541.18,561.12,44.81,15.06,eso.bg,false,
2022-01-19 13:00:00,Bulgaria,Bulgaria,BG,569.05,588.57,42.22,11.63,eso.bg,false,
2022-01-19 14:00:00,Bulgaria,Bulgaria,BG,571.15,590.31,41.87,11.23,eso.bg,false,
2022-01-19 15:00:00,Bulgaria,Bulgaria,BG,555.34,573.97,43.41,13.41,eso.bg,false,
2022-01-19 16:00:00,Bulgaria,Bulgaria,BG,525.29,543.3,46.57,18.73,eso.bg,false,
2022-01-19 17:00:00,Bulgaria,Bulgaria,BG,523.26,541.29,46.75,19.34,eso.bg,false,
2022-01-19 18:00:00,Bulgaria,Bulgaria,BG,526.4,544.68,46.38,18.4,eso.bg,false,
2022-01-19 19:00:00,Bulgaria,Bulgaria,BG,540.5,558.86,44.88,16.03,eso.bg,false,
2022-01-19 20:00:00,Bulgaria,Bulgaria,BG,547.32,566.38,43.98,14.28,eso.bg,false,
2022-01-19 21:00:00,Bulgaria,Bulgaria,BG,573.45,592.83,41.39,10.81,eso.bg,false,
2022-01-19 22:00:00,Bulgaria,Bulgaria,BG,596.13,616.31,38.95,6.71,eso.bg,false,
2022-01-19 23:00:00,Bulgaria,Bulgaria,BG,608.66,628.59,37.9,5.79,eso.bg,false,
2022-01-20 00:00:00,Bulgaria,Bulgaria,BG,599.78,619.6,38.75,6.99,eso.bg,false,
2022-01-20 01:00:00,Bulgaria,Bulgaria,BG,592.7,612.79,39.33,7.31,eso.bg,false,
2022-01-20 02:00:00,Bulgaria,Bulgaria,BG,592.67,612.96,39.35,7.59,eso.bg,false,
2022-01-20 03:00:00,Bulgaria,Bulgaria,BG,587.09,607.52,39.91,7.96,eso.bg,false,
2022-01-20 04:00:00,Bulgaria,Bulgaria,BG,585.29,604.97,40.38,9.38,eso.bg,false,
2022-01-20 05:00:00,Bulgaria,Bulgaria,BG,561.65,580.66,42.86,12.89,eso.bg,false,
2022-01-20 06:00:00,Bulgaria,Bulgaria,BG,562.31,580.98,42.96,13.55,eso.bg,false,
2022-01-20 07:00:00,Bulgaria,Bulgaria,BG,547.06,565.75,44.6,16.02,eso.bg,false,
2022-01-20 08:00:00,Bulgaria,Bulgaria,BG,540.85,559.78,45.27,16.65,eso.bg,false,
2022-01-20 09:00:00,Bulgaria,Bulgaria,BG,534.56,553.87,45.83,16.94,eso.bg,false,
2022-01-20 10:00:00,Bulgaria,Bulgaria,BG,536.33,555.5,45.77,16.83,eso.bg,false,
2022-01-20 11:00:00,Bulgaria,Bulgaria,BG,535.15,554.53,45.79,16.17,eso.bg,false,
2022-01-20 12:00:00,Bulgaria,Bulgaria,BG,526.11,545.51,46.51,16.24,eso.bg,false,
2022-01-20 13:00:00,Bulgaria,Bulgaria,BG,537.39,556.7,45.37,14.68,eso.bg,false,
2022-01-20 14:00:00,Bulgaria,Bulgaria,BG,546.24,564.62,44.67,14.04,eso.bg,false,
2022-01-20 15:00:00,Bulgaria,Bulgaria,BG,543.15,560.73,45.19,15.7,eso.bg,false,
2022-01-20 16:00:00,Bulgaria,Bulgaria,BG,503.9,520.91,49.15,21.93,eso.bg,false,
2022-01-20 17:00:00,Bulgaria,Bulgaria,BG,498.15,515.3,49.64,22.74,eso.bg,false,
2022-01-20 18:00:00,Bulgaria,Bulgaria,BG,511.09,528.5,48.27,20.78,eso.bg,false,
2022-01-20 19:00:00,Bulgaria,Bulgaria,BG,521.23,539.75,46.97,18.91,eso.bg,false,
2022-01-20 20:00:00,Bulgaria,Bulgaria,BG,532.66,552.45,45.57,16.69,eso.bg,false,
2022-01-20 21:00:00,Bulgaria,Bulgaria,BG,553.35,573.5,43.39,13.08,eso.bg,false,
2022-01-20 22:00:00,Bulgaria,Bulgaria,BG,560.78,581.35,42.48,10.54,eso.bg,false,
2022-01-20 23:00:00,Bulgaria,Bulgaria,BG,559.95,580.24,42.52,9.17,eso.bg,false,
2022-01-21 00:00:00,Bulgaria,Bulgaria,BG,573.62,593.98,41.22,7.86,eso.bg,false,
2022-01-21 01:00:00,Bulgaria,Bulgaria,BG,573.16,593.4,41.18,7.22,eso.bg,false,
2022-01-21 02:00:00,Bulgaria,Bulgaria,BG,554.87,575.09,42.86,8.25,eso.bg,false,
2022-01-21 03:00:00,Bulgaria,Bulgaria,BG,568.69,587.97,41.86,8.04,eso.bg,false,
2022-01-21 04:00:00,Bulgaria,Bulgaria,BG,564.94,584.22,42.27,9.19,eso.bg,false,
2022-01-21 05:00:00,Bulgaria,Bulgaria,BG,535.76,554.58,45.15,12.82,eso.bg,false,
2022-01-21 06:00:00,Bulgaria,Bulgaria,BG,518.72,537.37,46.83,15.01,eso.bg,false,
2022-01-21 07:00:00,Bulgaria,Bulgaria,BG,545.1,563.78,44.38,13.77,eso.bg,false,
2022-01-21 08:00:00,Bulgaria,Bulgaria,BG,553.94,572.5,43.66,13.17,eso.bg,false,
2022-01-21 09:00:00,Bulgaria,Bulgaria,BG,550.8,569.43,43.97,13.82,eso.bg,false,
2022-01-21 10:00:00,Bulgaria,Bulgaria,BG,555.22,574.02,43.45,12.99,eso.bg,false,
2022-01-21 11:00:00,Bulgaria,Bulgaria,BG,562.95,581.88,42.67,11.74,eso.bg,false,
2022-01-21 12:00:00,Bulgaria,Bulgaria,BG,572.48,591.43,41.74,10.38,eso.bg,false,
2022-01-21 13:00:00,Bulgaria,Bulgaria,BG,573.92,592.85,41.55,9.93,eso.bg,false,
2022-01-21 14:00:00,Bulgaria,Bulgaria,BG,572.54,591.29,41.71,10.35,eso.bg,false,
2022-01-21 15:00:00,Bulgaria,Bulgaria,BG,550.01,568.44,43.99,13.91,eso.bg,false,
2022-01-21 16:00:00,Bulgaria,Bulgaria,BG,513.67,531.57,47.68,19.54,eso.bg,false,
2022-01-21 17:00:00,Bulgaria,Bulgaria,BG,502.3,520.53,48.81,21.02,eso.bg,false,
2022-01-21 18:00:00,Bulgaria,Bulgaria,BG,505.63,524.31,48.4,19.95,eso.bg,false,
2022-01-21 19:00:00,Bulgaria,Bulgaria,BG,509.18,527.99,47.94,18.71,eso.bg,false,
2022-01-21 20:00:00,Bulgaria,Bulgaria,BG,516.13,535.16,47.16,17.27,eso.bg,false,
2022-01-21 21:00:00,Bulgaria,Bulgaria,BG,538.31,557.55,44.96,14.37,eso.bg,false,
2022-01-21 22:00:00,Bulgaria,Bulgaria,BG,548.41,567.72,43.93,12.63,eso.bg,false,
2022-01-21 23:00:00,Bulgaria,Bulgaria,BG,557.8,577.71,42.86,10.95,eso.bg,false,
2022-01-22 00:00:00,Bulgaria,Bulgaria,BG,567.28,586.21,42.23,10.04,eso.bg,false,
2022-01-22 01:00:00,Bulgaria,Bulgaria,BG,573.06,591.98,41.7,9.56,eso.bg,false,
2022-01-22 02:00:00,Bulgaria,Bulgaria,BG,582.43,601.42,40.79,8.58,eso.bg,false,
2022-01-22 03:00:00,Bulgaria,Bulgaria,BG,591.24,610.23,39.95,7.66,eso.bg,false,
2022-01-22 04:00:00,Bulgaria,Bulgaria,BG,575.09,594.28,41.32,9.23,eso.bg,false,
2022-01-22 05:00:00,Bulgaria,Bulgaria,BG,560.03,579.44,42.61,9.96,eso.bg,false,
2022-01-22 06:00:00,Bulgaria,Bulgaria,BG,544.58,563.63,44.33,13.45,eso.bg,false,
2022-01-22 07:00:00,Bulgaria,Bulgaria,BG,528.76,547.67,46.1,16.55,eso.bg,false,
2022-01-22 08:00:00,Bulgaria,Bulgaria,BG,517.73,536.67,47.38,18.46,eso.bg,false,
2022-01-22 09:00:00,Bulgaria,Bulgaria,BG,520.34,539.5,47.11,17.81,eso.bg,false,
2022-01-22 10:00:00,Bulgaria,Bulgaria,BG,528.96,548.2,46.31,16.98,eso.bg,false,
2022-01-22 11:00:00,Bulgaria,Bulgaria,BG,549.05,567.98,44.34,14.27,eso.bg,false,
2022-01-22 12:00:00,Bulgaria,Bulgaria,BG,556.39,575.43,43.54,12.96,eso.bg,false,
2022-01-22 13:00:00,Bulgaria,Bulgaria,BG,569.6,588.8,42.14,11.04,eso.bg,false,
2022-01-22 14:00:00,Bulgaria,Bulgaria,BG,567.2,586.16,42.3,11.11,eso.bg,false,
2022-01-22 15:00:00,Bulgaria,Bulgaria,BG,548.33,566.83,44.2,14.34,eso.bg,false,
2022-01-22 16:00:00,Bulgaria,Bulgaria,BG,519.54,537.73,47.12,18.79,eso.bg,false,
2022-01-22 17:00:00,Bulgaria,Bulgaria,BG,519.24,537.48,47.06,18.51,eso.bg,false,
2022-01-22 18:00:00,Bulgaria,Bulgaria,BG,521.26,539.68,46.76,17.6,eso.bg,false,
2022-01-22 19:00:00,Bulgaria,Bulgaria,BG,544.95,563.86,44.3,13.74,eso.bg,false,
2022-01-22 20:00:00,Bulgaria,Bulgaria,BG,554.31,574.33,43.12,11.88,eso.bg,false,
2022-01-22 21:00:00,Bulgaria,Bulgaria,BG,555.66,576.29,42.83,11.37,eso.bg,false,
2022-01-22 22:00:00,Bulgaria,Bulgaria,BG,553.33,575.03,42.78,10.96,eso.bg,false,
2022-01-22 23:00:00,Bulgaria,Bulgaria,BG,548.06,569.73,43.31,11.14,eso.bg,false,
2022-01-23 00:00:00,Bulgaria,Bulgaria,BG,517.34,540.37,45.75,12.68,eso.bg,false,
2022-01-23 01:00:00,Bulgaria,Bulgaria,BG,504.58,527.46,46.94,13.17,eso.bg,false,
2022-01-23 02:00:00,Bulgaria,Bulgaria,BG,507.57,530.69,46.55,12.73,eso.bg,false,
2022-01-23 03:00:00,Bulgaria,Bulgaria,BG,524.56,547.29,45.11,11.91,eso.bg,false,
2022-01-23 04:00:00,Bulgaria,Bulgaria,BG,552.75,573.76,43.06,11.02,eso.bg,false,
2022-01-23 05:00:00,Bulgaria,Bulgaria,BG,560.43,581.19,42.42,10.86,eso.bg,false,
2022-01-23 06:00:00,Bulgaria,Bulgaria,BG,544.36,564.45,44.13,13.32,eso.bg,false,
2022-01-23 07:00:00,Bulgaria,Bulgaria,BG,519.45,538.56,46.91,17.94,eso.bg,false,
2022-01-23 08:00:00,Bulgaria,Bulgaria,BG,507.15,526.29,48.23,20.42,eso.bg,false,
2022-01-23 09:00:00,Bulgaria,Bulgaria,BG,510.59,529.68,47.94,20.16,eso.bg,false,
2022-01-23 10:00:00,Bulgaria,Bulgaria,BG,503.76,522.89,48.6,20.88,eso.bg,false,
2022-01-23 11:00:00,Bulgaria,Bulgaria,BG,507.84,526.79,48.22,20.29,eso.bg,false,
2022-01-23 12:00:00,Bulgaria,Bulgaria,BG,525.24,544.48,46.38,17.46,eso.bg,false,
2022-01-23 13:00:00,Bulgaria,Bulgaria,BG,531.87,551.18,45.67,16.36,eso.bg,false,
2022-01-23 14:00:00,Bulgaria,Bulgaria,BG,532.78,552.26,45.47,16.0,eso.bg,false,
2022-01-23 15:00:00,Bulgaria,Bulgaria,BG,526.61,545.3,46.23,17.2,eso.bg,false,
2022-01-23 16:00:00,Bulgaria,Bulgaria,BG,504.01,522.75,48.45,20.58,eso.bg,false,
2022-01-23 17:00:00,Bulgaria,Bulgaria,BG,499.15,518.36,48.78,21.03,eso.bg,false,
2022-01-23 18:00:00,Bulgaria,Bulgaria,BG,498.92,518.17,48.77,20.52,eso.bg,false,
2022-01-23 19:00:00,Bulgaria,Bulgaria,BG,512.53,532.22,47.37,18.51,eso.bg,false,
2022-01-23 20:00:00,Bulgaria,Bulgaria,BG,519.6,540.47,46.37,17.04,eso.bg,false,
2022-01-23 21:00:00,Bulgaria,Bulgaria,BG,534.64,556.49,44.65,14.53,eso.bg,false,
2022-01-23 22:00:00,Bulgaria,Bulgaria,BG,526.67,549.06,45.24,14.06,eso.bg,false,
2022-01-23 23:00:00,Bulgaria,Bulgaria,BG,543.93,564.32,44.2,12.7,eso.bg,false,
2022-01-24 00:00:00,Bulgaria,Bulgaria,BG,530.23,551.04,45.31,13.33,eso.bg,false,
2022-01-24 01:00:00,Bulgaria,Bulgaria,BG,515.0,536.29,46.6,14.07,eso.bg,false,
2022-01-24 02:00:00,Bulgaria,Bulgaria,BG,513.06,534.17,46.78,13.9,eso.bg,false,
2022-01-24 03:00:00,Bulgaria,Bulgaria,BG,547.7,567.87,43.86,12.38,eso.bg,false,
2022-01-24 04:00:00,Bulgaria,Bulgaria,BG,555.3,575.08,43.31,12.88,eso.bg,false,
2022-01-24 05:00:00,Bulgaria,Bulgaria,BG,541.84,561.13,44.69,14.79,eso.bg,false,
2022-01-24 06:00:00,Bulgaria,Bulgaria,BG,528.2,547.38,46.03,16.86,eso.bg,false,
2022-01-24 07:00:00,Bulgaria,Bulgaria,BG,504.41,523.6,48.4,20.54,eso.bg,false,
2022-01-24 08:00:00,Bulgaria,Bulgaria,BG,503.26,522.46,48.56,20.92,eso.bg,false,
2022-01-24 09:00:00,Bulgaria,Bulgaria,BG,511.57,530.89,47.72,20.01,eso.bg,false,
2022-01-24 10:00:00,Bulgaria,Bulgaria,BG,518.5,537.97,47.02,19.03,eso.bg,false,
2022-01-24 11:00:00,Bulgaria,Bulgaria,BG,523.84,543.41,46.49,18.1,eso.bg,false,
2022-01-24 12:00:00,Bulgaria,Bulgaria,BG,524.4,544.03,46.42,17.59,eso.bg,false,
2022-01-24 13:00:00,Bulgaria,Bulgaria,BG,537.57,557.21,45.11,15.91,eso.bg,false,
2022-01-24 14:00:00,Bulgaria,Bulgaria,BG,541.68,560.46,44.86,15.4,eso.bg,false,
2022-01-24 15:00:00,Bulgaria,Bulgaria,BG,518.76,536.95,47.17,18.58,eso.bg,false,
2022-01-24 16:00:00,Bulgaria,Bulgaria,BG,495.13,512.88,49.61,22.53,eso.bg,false,
2022-01-24 17:00:00,Bulgaria,Bulgaria,BG,493.52,511.14,49.81,23.38,eso.bg,false,
2022-01-24 18:00:00,Bulgaria,Bulgaria,BG,500.1,517.59,49.33,22.68,eso.bg,false,
2022-01-24 19:00:00,Bulgaria,Bulgaria,BG,523.08,540.99,47.01,19.32,eso.bg,false,
2022-01-24 20:00:00,Bulgaria,Bulgaria,BG,529.56,548.77,46.02,17.56,eso.bg,false,
2022-01-24 21:00:00,Bulgaria,Bulgaria,BG,554.44,574.5,43.27,13.34,eso.bg,false,
2022-01-24 22:00:00,Bulgaria,Bulgaria,BG,571.11,592.17,41.41,10.49,eso.bg,false,
2022-01-24 23:00:00,Bulgaria,Bulgaria,BG,575.3,596.66,40.95,9.09,eso.bg,false,
2022-01-25 00:00:00,Bulgaria,Bulgaria,BG,560.41,582.2,42.12,9.84,eso.bg,false,
2022-01-25 01:00:00,Bulgaria,Bulgaria,BG,565.6,586.92,41.74,9.3,eso.bg,false,
2022-01-25 02:00:00,Bulgaria,Bulgaria,BG,583.55,603.78,40.41,8.48,eso.bg,false,
2022-01-25 03:00:00,Bulgaria,Bulgaria,BG,582.89,602.58,40.6,8.79,eso.bg,false,
2022-01-25 04:00:00,Bulgaria,Bulgaria,BG,574.49,594.18,41.37,10.32,eso.bg,false,
2022-01-25 05:00:00,Bulgaria,Bulgaria,BG,555.83,575.84,43.01,12.79,eso.bg,false,
2022-01-25 06:00:00,Bulgaria,Bulgaria,BG,525.59,545.7,45.83,18.05,eso.bg,false,
2022-01-25 07:00:00,Bulgaria,Bulgaria,BG,502.85,522.86,48.22,21.66,eso.bg,false,
2022-01-25 08:00:00,Bulgaria,Bulgaria,BG,508.66,528.95,47.68,20.87,eso.bg,false,
2022-01-25 09:00:00,Bulgaria,Bulgaria,BG,517.85,538.68,46.68,19.46,eso.bg,false,
2022-01-25 10:00:00,Bulgaria,Bulgaria,BG,528.8,549.98,45.57,17.67,eso.bg,false,
2022-01-25 11:00:00,Bulgaria,Bulgaria,BG,533.96,555.36,45.05,16.77,eso.bg,false,
2022-01-25 12:00:00,Bulgaria,Bulgaria,BG,531.99,553.8,45.01,16.14,eso.bg,false,
2022-01-25 13:00:00,Bulgaria,Bulgaria,BG,541.01,562.87,44.02,14.85,eso.bg,false,
2022-01-25 14:00:00,Bulgaria,Bulgaria,BG,546.33,567.31,43.57,14.49,eso.bg,false,
2022-01-25 15:00:00,Bulgaria,Bulgaria,BG,521.64,541.43,46.25,18.18,eso.bg,false,
2022-01-25 16:00:00,Bulgaria,Bulgaria,BG,497.25,516.08,49.0,22.6,eso.bg,false,
2022-01-25 17:00:00,Bulgaria,Bulgaria,BG,485.36,503.25,50.57,24.74,eso.bg,false,
2022-01-25 18:00:00,Bulgaria,Bulgaria,BG,498.6,516.86,49.16,22.68,eso.bg,false,
2022-01-25 19:00:00,Bulgaria,Bulgaria,BG,524.07,542.34,46.7,18.52,eso.bg,false,
2022-01-25 20:00:00,Bulgaria,Bulgaria,BG,529.3,547.66,46.17,17.0,eso.bg,false,
2022-01-25 21:00:00,Bulgaria,Bulgaria,BG,553.8,572.58,43.69,13.02,eso.bg,false,
2022-01-25 22:00:00,Bulgaria,Bulgaria,BG,582.77,601.77,40.86,8.89,eso.bg,false,
2022-01-25 23:00:00,Bulgaria,Bulgaria,BG,596.32,615.26,39.64,7.63,eso.bg,false,
2022-01-26 00:00:00,Bulgaria,Bulgaria,BG,601.26,620.59,39.08,7.64,eso.bg,false,
2022-01-26 01:00:00,Bulgaria,Bulgaria,BG,590.0,609.87,40.0,8.44,eso.bg,false,
2022-01-26 02:00:00,Bulgaria,Bulgaria,BG,590.15,610.12,39.96,8.55,eso.bg,false,
2022-01-26 03:00:00,Bulgaria,Bulgaria,BG,591.44,611.6,39.75,8.23,eso.bg,false,
2022-01-26 04:00:00,Bulgaria,Bulgaria,BG,587.29,606.27,40.46,9.15,eso.bg,false,
2022-01-26 05:00:00,Bulgaria,Bulgaria,BG,560.21,578.79,43.18,13.16,eso.bg,false,
2022-01-26 06:00:00,Bulgaria,Bulgaria,BG,551.53,570.01,44.11,15.65,eso.bg,false,
2022-01-26 07:00:00,Bulgaria,Bulgaria,BG,540.04,558.49,45.31,17.76,eso.bg,false,
2022-01-26 08:00:00,Bulgaria,Bulgaria,BG,537.6,556.38,45.47,17.89,eso.bg,false,
2022-01-26 09:00:00,Bulgaria,Bulgaria,BG,548.53,567.69,44.32,16.55,eso.bg,false,
2022-01-26 10:00:00,Bulgaria,Bulgaria,BG,549.52,568.63,44.31,16.52,eso.bg,false,
2022-01-26 11:00:00,Bulgaria,Bulgaria,BG,555.15,574.21,43.81,15.67,eso.bg,false,
2022-01-26 12:00:00,Bulgaria,Bulgaria,BG,561.56,580.63,43.18,14.46,eso.bg,false,
2022-01-26 13:00:00,Bulgaria,Bulgaria,BG,566.42,585.48,42.58,13.21,eso.bg,false,
2022-01-26 14:00:00,Bulgaria,Bulgaria,BG,566.43,585.14,42.66,13.38,eso.bg,false,
2022-01-26 15:00:00,Bulgaria,Bulgaria,BG,555.44,573.63,43.88,15.51,eso.bg,false,
2022-01-26 16:00:00,Bulgaria,Bulgaria,BG,519.97,537.48,47.56,21.02,eso.bg,false,
2022-01-26 17:00:00,Bulgaria,Bulgaria,BG,508.93,526.08,48.82,22.82,eso.bg,false,
2022-01-26 18:00:00,Bulgaria,Bulgaria,BG,520.7,538.1,47.57,20.93,eso.bg,false,
2022-01-26 19:00:00,Bulgaria,Bulgaria,BG,526.15,544.02,46.79,19.2,eso.bg,false,
2022-01-26 20:00:00,Bulgaria,Bulgaria,BG,541.56,560.5,44.99,16.18,eso.bg,false,
2022-01-26 21:00:00,Bulgaria,Bulgaria,BG,566.74,586.44,42.3,12.04,eso.bg,false,
2022-01-26 22:00:00,Bulgaria,Bulgaria,BG,583.1,603.47,40.53,8.45,eso.bg,false,
2022-01-26 23:00:00,Bulgaria,Bulgaria,BG,593.27,613.27,39.65,7.44,eso.bg,false,
2022-01-27 00:00:00,Bulgaria,Bulgaria,BG,602.71,622.06,38.94,6.67,eso.bg,false,
2022-01-27 01:00:00,Bulgaria,Bulgaria,BG,611.32,630.6,38.15,5.81,eso.bg,false,
2022-01-27 02:00:00,Bulgaria,Bulgaria,BG,615.58,634.52,37.83,5.44,eso.bg,false,
2022-01-27 03:00:00,Bulgaria,Bulgaria,BG,614.12,633.21,37.88,5.31,eso.bg,false,
2022-01-27 04:00:00,Bulgaria,Bulgaria,BG,607.45,626.32,38.6,6.37,eso.bg,false,
2022-01-27 05:00:00,Bulgaria,Bulgaria,BG,603.45,622.09,39.09,7.61,eso.bg,false,
2022-01-27 06:00:00,Bulgaria,Bulgaria,BG,571.34,589.93,42.3,12.45,eso.bg,false,
2022-01-27 07:00:00,Bulgaria,Bulgaria,BG,546.33,564.85,44.81,16.76,eso.bg,false,
2022-01-27 08:00:00,Bulgaria,Bulgaria,BG,551.21,570.27,44.28,16.0,eso.bg,false,
2022-01-27 09:00:00,Bulgaria,Bulgaria,BG,556.01,575.12,43.92,15.35,eso.bg,false,
2022-01-27 10:00:00,Bulgaria,Bulgaria,BG,558.11,577.54,43.7,15.03,eso.bg,false,
2022-01-27 11:00:00,Bulgaria,Bulgaria,BG,560.02,579.43,43.48,14.38,eso.bg,false,
2022-01-27 12:00:00,Bulgaria,Bulgaria,BG,562.83,582.32,43.14,13.42,eso.bg,false,
2022-01-27 13:00:00,Bulgaria,Bulgaria,BG,572.59,592.02,42.12,11.75,eso.bg,false,
2022-01-27 14:00:00,Bulgaria,Bulgaria,BG,584.33,603.37,41.05,10.41,eso.bg,false,
2022-01-27 15:00:00,Bulgaria,Bulgaria,BG,566.46,584.94,42.85,13.15,eso.bg,false,
2022-01-27 16:00:00,Bulgaria,Bulgaria,BG,540.34,558.03,45.5,17.33,eso.bg,false,
2022-01-27 17:00:00,Bulgaria,Bulgaria,BG,528.53,546.11,46.68,19.23,eso.bg,false,
2022-01-27 18:00:00,Bulgaria,Bulgaria,BG,531.91,549.69,46.23,18.16,eso.bg,false,
2022-01-27 19:00:00,Bulgaria,Bulgaria,BG,540.75,559.69,45.09,16.36,eso.bg,false,
2022-01-27 20:00:00,Bulgaria,Bulgaria,BG,545.57,565.53,44.36,15.13,eso.bg,false,
2022-01-27 21:00:00,Bulgaria,Bulgaria,BG,559.59,580.54,42.76,12.55,eso.bg,false,
2022-01-27 22:00:00,Bulgaria,Bulgaria,BG,568.26,590.18,41.62,10.12,eso.bg,false,
2022-01-27 23:00:00,Bulgaria,Bulgaria,BG,571.7,593.33,41.4,9.81,eso.bg,false,
2022-01-28 00:00:00,Bulgaria,Bulgaria,BG,563.82,585.53,42.07,10.05,eso.bg,false,
2022-01-28 01:00:00,Bulgaria,Bulgaria,BG,553.55,575.07,42.91,10.39,eso.bg,false,
2022-01-28 02:00:00,Bulgaria,Bulgaria,BG,530.72,552.84,44.82,11.46,eso.bg,false,
2022-01-28 03:00:00,Bulgaria,Bulgaria,BG,559.45,580.49,42.52,10.18,eso.bg,false,
2022-01-28 04:00:00,Bulgaria,Bulgaria,BG,575.86,595.62,41.34,10.23,eso.bg,false,
2022-01-28 05:00:00,Bulgaria,Bulgaria,BG,567.0,585.62,42.46,12.1,eso.bg,false,
2022-01-28 06:00:00,Bulgaria,Bulgaria,BG,542.71,560.61,45.15,16.27,eso.bg,false,
2022-01-28 07:00:00,Bulgaria,Bulgaria,BG,540.12,558.91,45.44,17.07,eso.bg,false,
2022-01-28 08:00:00,Bulgaria,Bulgaria,BG,533.74,553.06,45.94,17.42,eso.bg,false,
2022-01-28 09:00:00,Bulgaria,Bulgaria,BG,532.35,552.35,45.88,17.48,eso.bg,false,
2022-01-28 10:00:00,Bulgaria,Bulgaria,BG,542.76,563.2,44.82,15.83,eso.bg,false,
2022-01-28 11:00:00,Bulgaria,Bulgaria,BG,559.62,579.67,43.36,14.11,eso.bg,false,
2022-01-28 12:00:00,Bulgaria,Bulgaria,BG,565.04,584.55,42.71,12.88,eso.bg,false,
2022-01-28 13:00:00,Bulgaria,Bulgaria,BG,558.54,578.41,43.11,13.07,eso.bg,false,
2022-01-28 14:00:00,Bulgaria,Bulgaria,BG,573.29,592.87,41.68,11.5,eso.bg,false,
2022-01-28 15:00:00,Bulgaria,Bulgaria,BG,548.88,567.9,44.15,15.18,eso.bg,false,
2022-01-28 16:00:00,Bulgaria,Bulgaria,BG,513.51,531.96,47.73,20.63,eso.bg,false,
2022-01-28 17:00:00,Bulgaria,Bulgaria,BG,513.87,532.2,47.66,20.22,eso.bg,false,
2022-01-28 18:00:00,Bulgaria,Bulgaria,BG,521.7,540.09,46.83,18.99,eso.bg,false,
2022-01-28 19:00:00,Bulgaria,Bulgaria,BG,535.67,554.23,45.47,16.9,eso.bg,false,
2022-01-28 20:00:00,Bulgaria,Bulgaria,BG,548.41,568.28,43.97,14.56,eso.bg,false,
2022-01-28 21:00:00,Bulgaria,Bulgaria,BG,557.57,577.95,42.92,12.83,eso.bg,false,
2022-01-28 22:00:00,Bulgaria,Bulgaria,BG,567.23,587.76,41.97,10.88,eso.bg,false,
2022-01-28 23:00:00,Bulgaria,Bulgaria,BG,558.42,579.13,42.7,11.31,eso.bg,false,
2022-01-29 00:00:00,Bulgaria,Bulgaria,BG,543.86,565.07,43.78,11.41,eso.bg,false,
2022-01-29 01:00:00,Bulgaria,Bulgaria,BG,527.86,549.87,44.99,11.62,eso.bg,false,
2022-01-29 02:00:00,Bulgaria,Bulgaria,BG,549.08,569.55,43.42,10.11,eso.bg,false,
2022-01-29 03:00:00,Bulgaria,Bulgaria,BG,571.83,591.11,41.63,9.14,eso.bg,false,
2022-01-29 04:00:00,Bulgaria,Bulgaria,BG,583.6,602.79,40.62,8.89,eso.bg,false,
2022-01-29 05:00:00,Bulgaria,Bulgaria,BG,576.15,595.56,41.18,8.83,eso.bg,false,
2022-01-29 06:00:00,Bulgaria,Bulgaria,BG,566.52,585.82,42.17,10.4,eso.bg,false,
2022-01-29 07:00:00,Bulgaria,Bulgaria,BG,556.9,575.91,43.41,13.61,eso.bg,false,
2022-01-29 08:00:00,Bulgaria,Bulgaria,BG,550.11,569.35,44.09,14.68,eso.bg,false,
2022-01-29 09:00:00,Bulgaria,Bulgaria,BG,552.63,572.11,43.79,14.34,eso.bg,false,
2022-01-29 10:00:00,Bulgaria,Bulgaria,BG,543.7,564.08,44.49,14.69,eso.bg,false,
2022-01-29 11:00:00,Bulgaria,Bulgaria,BG,554.21,574.68,43.45,13.36,eso.bg,false,
2022-01-29 12:00:00,Bulgaria,Bulgaria,BG,570.19,590.69,41.88,11.0,eso.bg,false,
2022-01-29 13:00:00,Bulgaria,Bulgaria,BG,575.16,595.69,41.34,10.21,eso.bg,false,
2022-01-29 14:00:00,Bulgaria,Bulgaria,BG,580.95,600.89,40.79,9.81,eso.bg,false,
2022-01-29 15:00:00,Bulgaria,Bulgaria,BG,561.94,581.27,42.73,12.76,eso.bg,false,
2022-01-29 16:00:00,Bulgaria,Bulgaria,BG,539.46,558.28,45.06,16.33,eso.bg,false,
2022-01-29 17:00:00,Bulgaria,Bulgaria,BG,538.74,557.5,45.19,16.46,eso.bg,false,
2022-01-29 18:00:00,Bulgaria,Bulgaria,BG,554.16,573.0,43.63,14.1,eso.bg,false,
2022-01-29 19:00:00,Bulgaria,Bulgaria,BG,576.65,595.63,41.35,10.51,eso.bg,false,
2022-01-29 20:00:00,Bulgaria,Bulgaria,BG,590.27,609.55,39.93,8.42,eso.bg,false,
2022-01-29 21:00:00,Bulgaria,Bulgaria,BG,604.27,624.05,38.42,6.06,eso.bg,false,
2022-01-29 22:00:00,Bulgaria,Bulgaria,BG,602.57,623.33,38.3,4.98,eso.bg,false,
2022-01-29 23:00:00,Bulgaria,Bulgaria,BG,607.95,628.38,37.96,5.01,eso.bg,false,
2022-01-30 00:00:00,Bulgaria,Bulgaria,BG,600.67,621.43,38.61,6.11,eso.bg,false,
2022-01-30 01:00:00,Bulgaria,Bulgaria,BG,574.76,596.22,40.89,8.23,eso.bg,false,
2022-01-30 02:00:00,Bulgaria,Bulgaria,BG,529.42,552.03,44.74,10.87,eso.bg,false,
2022-01-30 03:00:00,Bulgaria,Bulgaria,BG,500.11,523.35,47.36,12.85,eso.bg,false,
2022-01-30 04:00:00,Bulgaria,Bulgaria,BG,497.39,520.47,47.67,13.22,eso.bg,false,
2022-01-30 05:00:00,Bulgaria,Bulgaria,BG,503.87,526.66,47.21,13.35,eso.bg,false,
2022-01-30 06:00:00,Bulgaria,Bulgaria,BG,527.51,549.29,45.51,14.12,eso.bg,false,
2022-01-30 07:00:00,Bulgaria,Bulgaria,BG,499.32,520.76,48.41,18.88,eso.bg,false,
2022-01-30 08:00:00,Bulgaria,Bulgaria,BG,500.98,522.16,48.46,20.1,eso.bg,false,
2022-01-30 09:00:00,Bulgaria,Bulgaria,BG,513.25,533.92,47.51,19.13,eso.bg,false,
2022-01-30 10:00:00,Bulgaria,Bulgaria,BG,500.67,521.75,48.6,19.56,eso.bg,false,
2022-01-30 11:00:00,Bulgaria,Bulgaria,BG,497.9,519.12,48.77,18.91,eso.bg,false,
2022-01-30 12:00:00,Bulgaria,Bulgaria,BG,487.13,508.53,49.71,19.33,eso.bg,false,
2022-01-30 13:00:00,Bulgaria,Bulgaria,BG,503.04,524.26,48.17,17.39,eso.bg,false,
2022-01-30 14:00:00,Bulgaria,Bulgaria,BG,549.83,570.0,43.91,13.73,eso.bg,false,
2022-01-30 15:00:00,Bulgaria,Bulgaria,BG,551.64,570.58,43.96,14.76,eso.bg,false,
2022-01-30 16:00:00,Bulgaria,Bulgaria,BG,528.31,546.67,46.4,18.83,eso.bg,false,
2022-01-30 17:00:00,Bulgaria,Bulgaria,BG,523.47,541.81,46.78,19.18,eso.bg,false,
2022-01-30 18:00:00,Bulgaria,Bulgaria,BG,524.78,543.14,46.59,18.4,eso.bg,false,
2022-01-30 19:00:00,Bulgaria,Bulgaria,BG,545.32,564.4,44.41,15.21,eso.bg,false,
2022-01-30 20:00:00,Bulgaria,Bulgaria,BG,553.84,574.13,43.33,13.51,eso.bg,false,
2022-01-30 21:00:00,Bulgaria,Bulgaria,BG,550.05,571.24,43.46,12.78,eso.bg,false,
2022-01-30 22:00:00,Bulgaria,Bulgaria,BG,523.26,545.51,45.57,13.14,eso.bg,false,
2022-01-30 23:00:00,Bulgaria,Bulgaria,BG,488.84,511.65,48.59,14.48,eso.bg,false,
2022-01-31 00:00:00,Bulgaria,Bulgaria,BG,484.25,507.06,48.86,14.2,eso.bg,false,
2022-01-31 01:00:00,Bulgaria,Bulgaria,BG,487.64,510.39,48.48,13.75,eso.bg,false,
2022-01-31 02:00:00,Bulgaria,Bulgaria,BG,491.84,514.84,47.99,13.23,eso.bg,false,
2022-01-31 03:00:00,Bulgaria,Bulgaria,BG,500.77,523.3,47.23,12.46,eso.bg,false,
2022-01-31 04:00:00,Bulgaria,Bulgaria,BG,550.42,571.02,43.24,10.8,eso.bg,false,
2022-01-31 05:00:00,Bulgaria,Bulgaria,BG,550.81,570.46,43.64,13.46,eso.bg,false,
2022-01-31 06:00:00,Bulgaria,Bulgaria,BG,534.01,553.17,45.52,16.35,eso.bg,false,
2022-01-31 07:00:00,Bulgaria,Bulgaria,BG,524.35,543.41,46.61,17.91,eso.bg,false,
2022-01-31 08:00:00,Bulgaria,Bulgaria,BG,529.22,548.43,46.19,17.63,eso.bg,false,
2022-01-31 09:00:00,Bulgaria,Bulgaria,BG,527.98,547.48,46.34,17.76,eso.bg,false,
2022-01-31 10:00:00,Bulgaria,Bulgaria,BG,538.58,558.23,45.32,16.53,eso.bg,false,
2022-01-31 11:00:00,Bulgaria,Bulgaria,BG,534.68,554.53,45.61,15.88,eso.bg,false,
2022-01-31 12:00:00,Bulgaria,Bulgaria,BG,526.37,546.66,46.13,15.09,eso.bg,false,
2022-01-31 13:00:00,Bulgaria,Bulgaria,BG,542.36,562.6,44.44,12.25,eso.bg,false,
2022-01-31 14:00:00,Bulgaria,Bulgaria,BG,584.61,604.1,40.52,8.57,eso.bg,false,
2022-01-31 15:00:00,Bulgaria,Bulgaria,BG,577.39,595.96,41.37,10.58,eso.bg,false,
2022-01-31 16:00:00,Bulgaria,Bulgaria,BG,537.82,555.89,45.3,16.59,eso.bg,false,
2022-01-31 17:00:00,Bulgaria,Bulgaria,BG,530.74,549.01,46.0,17.67,eso.bg,false,
2022-01-31 18:00:00,Bulgaria,Bulgaria,BG,540.98,559.72,44.95,15.97,eso.bg,false,
2022-01-31 19:00:00,Bulgaria,Bulgaria,BG,562.31,581.51,42.74,12.67,eso.bg,false,
2022-01-31 20:00:00,Bulgaria,Bulgaria,BG,579.76,599.2,40.97,9.98,eso.bg,false,
2022-01-31 21:00:00,Bulgaria,Bulgaria,BG,594.29,613.8,39.46,7.85,eso.bg,false,
2022-01-31 22:00:00,Bulgaria,Bulgaria,BG,608.44,627.98,38.06,5.63,eso.bg,false,
2022-01-31 23:00:00,Bulgaria,Bulgaria,BG,626.64,646.02,36.36,3.09,eso.bg,false,
2022-02-01 00:00:00,Bulgaria,Bulgaria,BG,616.84,636.16,37.3,3.75,eso.bg,false,
2022-02-01 01:00:00,Bulgaria,Bulgaria,BG,607.95,626.83,38.34,4.71,eso.bg,false,
2022-02-01 02:00:00,Bulgaria,Bulgaria,BG,611.35,630.36,37.95,4.18,eso.bg,false,
2022-02-01 03:00:00,Bulgaria,Bulgaria,BG,609.88,628.89,38.17,4.25,eso.bg,false,
2022-02-01 04:00:00,Bulgaria,Bulgaria,BG,603.86,623.17,38.68,4.35,eso.bg,false,
2022-02-01 05:00:00,Bulgaria,Bulgaria,BG,605.86,625.01,38.62,4.91,eso.bg,false,
2022-02-01 06:00:00,Bulgaria,Bulgaria,BG,571.61,591.05,41.73,9.98,eso.bg,false,
2022-02-01 07:00:00,Bulgaria,Bulgaria,BG,572.97,592.31,41.65,11.34,eso.bg,false,
2022-02-01 08:00:00,Bulgaria,Bulgaria,BG,573.95,592.89,41.66,11.26,eso.bg,false,
2022-02-01 09:00:00,Bulgaria,Bulgaria,BG,572.5,592.11,41.57,10.78,eso.bg,false,
2022-02-01 10:00:00,Bulgaria,Bulgaria,BG,584.19,603.57,40.54,9.35,eso.bg,false,
2022-02-01 11:00:00,Bulgaria,Bulgaria,BG,592.52,611.76,39.76,8.2,eso.bg,false,
2022-02-01 12:00:00,Bulgaria,Bulgaria,BG,598.62,617.75,39.18,6.86,eso.bg,false,
2022-02-01 13:00:00,Bulgaria,Bulgaria,BG,597.84,616.7,39.3,6.91,eso.bg,false,
2022-02-01 14:00:00,Bulgaria,Bulgaria,BG,580.12,598.41,41.19,9.68,eso.bg,false,
2022-02-01 15:00:00,Bulgaria,Bulgaria,BG,557.31,575.47,43.4,12.8,eso.bg,false,
2022-02-01 16:00:00,Bulgaria,Bulgaria,BG,534.95,552.35,45.82,17.06,eso.bg,false,
2022-02-01 17:00:00,Bulgaria,Bulgaria,BG,527.73,545.02,46.52,18.06,eso.bg,false,
2022-02-01 18:00:00,Bulgaria,Bulgaria,BG,537.57,554.98,45.53,16.64,eso.bg,false,
2022-02-01 19:00:00,Bulgaria,Bulgaria,BG,549.79,567.51,44.18,13.9,eso.bg,false,
2022-02-01 20:00:00,Bulgaria,Bulgaria,BG,572.91,590.94,41.85,10.36,eso.bg,false,
2022-02-01 21:00:00,Bulgaria,Bulgaria,BG,605.03,623.42,38.59,5.31,eso.bg,false,
2022-02-01 22:00:00,Bulgaria,Bulgaria,BG,603.13,621.61,38.69,4.39,eso.bg,false,
2022-02-01 23:00:00,Bulgaria,Bulgaria,BG,599.98,618.49,39.04,4.74,eso.bg,false,
2022-02-02 00:00:00,Bulgaria,Bulgaria,BG,608.87,627.67,38.21,4.62,eso.bg,false,
2022-02-02 01:00:00,Bulgaria,Bulgaria,BG,609.09,628.26,38.25,5.11,eso.bg,false,
2022-02-02 02:00:00,Bulgaria,Bulgaria,BG,615.22,634.73,37.67,4.39,eso.bg,false,
2022-02-02 03:00:00,Bulgaria,Bulgaria,BG,619.76,639.21,37.25,3.99,eso.bg,false,
2022-02-02 04:00:00,Bulgaria,Bulgaria,BG,613.41,632.86,37.82,4.42,eso.bg,false,
2022-02-02 05:00:00,Bulgaria,Bulgaria,BG,596.57,615.88,39.47,6.63,eso.bg,false,
2022-02-02 06:00:00,Bulgaria,Bulgaria,BG,574.25,593.28,41.74,10.05,eso.bg,false,
2022-02-02 07:00:00,Bulgaria,Bulgaria,BG,557.03,575.81,43.54,13.33,eso.bg,false,
2022-02-02 08:00:00,Bulgaria,Bulgaria,BG,560.47,579.4,43.15,12.64,eso.bg,false,
2022-02-02 09:00:00,Bulgaria,Bulgaria,BG,567.07,586.06,42.51,11.21,eso.bg,false,
2022-02-02 10:00:00,Bulgaria,Bulgaria,BG,575.4,594.63,41.67,10.31,eso.bg,false,
2022-02-02 11:00:00,Bulgaria,Bulgaria,BG,584.9,604.23,40.77,9.15,eso.bg,false,
2022-02-02 12:00:00,Bulgaria,Bulgaria,BG,601.89,621.3,39.18,6.67,eso.bg,false,
2022-02-02 13:00:00,Bulgaria,Bulgaria,BG,605.95,625.21,38.76,5.76,eso.bg,false,
2022-02-02 14:00:00,Bulgaria,Bulgaria,BG,581.08,599.91,41.2,9.28,eso.bg,false,
2022-02-02 15:00:00,Bulgaria,Bulgaria,BG,554.11,572.47,43.85,13.34,eso.bg,false,
2022-02-02 16:00:00,Bulgaria,Bulgaria,BG,525.19,543.35,46.7,18.01,eso.bg,false,
2022-02-02 17:00:00,Bulgaria,Bulgaria,BG,518.94,536.95,47.38,19.04,eso.bg,false,
2022-02-02 18:00:00,Bulgaria,Bulgaria,BG,527.12,545.25,46.5,17.5,eso.bg,false,
2022-02-02 19:00:00,Bulgaria,Bulgaria,BG,551.53,569.81,44.03,13.7,eso.bg,false,
2022-02-02 20:00:00,Bulgaria,Bulgaria,BG,575.38,593.97,41.65,9.88,eso.bg,false,
2022-02-02 21:00:00,Bulgaria,Bulgaria,BG,595.63,614.59,39.56,6.59,eso.bg,false,
2022-02-02 22:00:00,Bulgaria,Bulgaria,BG,613.2,632.48,37.74,3.17,eso.bg,false,
2022-02-02 23:00:00,Bulgaria,Bulgaria,BG,616.09,635.46,37.41,2.87,eso.bg,false,
2022-02-03 00:00:00,Bulgaria,Bulgaria,BG,622.73,641.99,36.86,3.44,eso.bg,false,
2022-02-03 01:00:00,Bulgaria,Bulgaria,BG,624.17,643.42,36.73,3.13,eso.bg,false,
2022-02-03 02:00:00,Bulgaria,Bulgaria,BG,608.51,627.88,38.19,5.08,eso.bg,false,
2022-02-03 03:00:00,Bulgaria,Bulgaria,BG,586.73,606.17,40.2,6.72,eso.bg,false,
2022-02-03 04:00:00,Bulgaria,Bulgaria,BG,599.01,618.36,39.07,5.65,eso.bg,false,
2022-02-03 05:00:00,Bulgaria,Bulgaria,BG,582.14,601.19,40.82,8.81,eso.bg,false,
2022-02-03 06:00:00,Bulgaria,Bulgaria,BG,557.29,576.09,43.32,12.41,eso.bg,false,
2022-02-03 07:00:00,Bulgaria,Bulgaria,BG,548.49,567.26,44.26,14.26,eso.bg,false,
2022-02-03 08:00:00,Bulgaria,Bulgaria,BG,540.69,559.77,44.93,14.87,eso.bg,false,
2022-02-03 09:00:00,Bulgaria,Bulgaria,BG,557.82,577.21,43.31,12.81,eso.bg,false,
2022-02-03 10:00:00,Bulgaria,Bulgaria,BG,556.08,575.64,43.43,12.83,eso.bg,false,
2022-02-03 11:00:00,Bulgaria,Bulgaria,BG,567.5,587.26,42.37,11.74,eso.bg,false,
2022-02-03 12:00:00,Bulgaria,Bulgaria,BG,566.55,585.82,42.4,11.44,eso.bg,false,
2022-02-03 13:00:00,Bulgaria,Bulgaria,BG,583.93,603.28,40.6,8.99,eso.bg,false,
2022-02-03 14:00:00,Bulgaria,Bulgaria,BG,584.81,603.97,40.45,9.05,eso.bg,false,
2022-02-03 15:00:00,Bulgaria,Bulgaria,BG,564.93,583.49,42.52,12.24,eso.bg,false,
2022-02-03 16:00:00,Bulgaria,Bulgaria,BG,524.83,542.62,46.73,18.3,eso.bg,false,
2022-02-03 17:00:00,Bulgaria,Bulgaria,BG,506.88,524.5,48.47,20.46,eso.bg,false,
2022-02-03 18:00:00,Bulgaria,Bulgaria,BG,516.76,534.71,47.42,18.68,eso.bg,false,
2022-02-03 19:00:00,Bulgaria,Bulgaria,BG,535.87,554.06,45.54,15.92,eso.bg,false,
2022-02-03 20:00:00,Bulgaria,Bulgaria,BG,546.88,565.77,44.35,14.36,eso.bg,false,
2022-02-03 21:00:00,Bulgaria,Bulgaria,BG,587.78,607.26,40.3,8.42,eso.bg,false,
2022-02-03 22:00:00,Bulgaria,Bulgaria,BG,588.01,608.59,39.94,6.66,eso.bg,false,
2022-02-03 23:00:00,Bulgaria,Bulgaria,BG,595.91,615.91,39.3,6.02,eso.bg,false,
2022-02-04 00:00:00,Bulgaria,Bulgaria,BG,597.96,617.9,39.04,5.5,eso.bg,false,
2022-02-04 01:00:00,Bulgaria,Bulgaria,BG,613.15,632.47,37.73,3.88,eso.bg,false,
2022-02-04 02:00:00,Bulgaria,Bulgaria,BG,617.65,636.93,37.29,3.37,eso.bg,false,
2022-02-04 03:00:00,Bulgaria,Bulgaria,BG,623.07,642.29,36.81,2.88,eso.bg,false,
2022-02-04 04:00:00,Bulgaria,Bulgaria,BG,622.87,642.04,36.87,2.72,eso.bg,false,
2022-02-04 05:00:00,Bulgaria,Bulgaria,BG,591.98,610.68,40.04,7.09,eso.bg,false,
2022-02-04 06:00:00,Bulgaria,Bulgaria,BG,571.23,590.14,42.04,10.32,eso.bg,false,
2022-02-04 07:00:00,Bulgaria,Bulgaria,BG,549.62,568.69,44.18,13.32,eso.bg,false,
2022-02-04 08:00:00,Bulgaria,Bulgaria,BG,545.98,565.47,44.5,13.25,eso.bg,false,
2022-02-04 09:00:00,Bulgaria,Bulgaria,BG,535.12,555.26,45.42,13.49,eso.bg,false,
2022-02-04 10:00:00,Bulgaria,Bulgaria,BG,526.4,546.78,46.1,13.46,eso.bg,false,
2022-02-04 11:00:00,Bulgaria,Bulgaria,BG,529.48,549.86,45.78,13.2,eso.bg,false,
2022-02-04 12:00:00,Bulgaria,Bulgaria,BG,530.43,550.84,45.61,12.52,eso.bg,false,
2022-02-04 13:00:00,Bulgaria,Bulgaria,BG,536.58,556.96,44.99,11.29,eso.bg,false,
2022-02-04 14:00:00,Bulgaria,Bulgaria,BG,581.59,601.12,40.86,7.26,eso.bg,false,
2022-02-04 15:00:00,Bulgaria,Bulgaria,BG,574.65,593.02,41.86,10.39,eso.bg,false,
2022-02-04 16:00:00,Bulgaria,Bulgaria,BG,524.12,541.91,46.89,17.88,eso.bg,false,
2022-02-04 17:00:00,Bulgaria,Bulgaria,BG,521.76,539.34,47.22,18.75,eso.bg,false,
2022-02-04 18:00:00,Bulgaria,Bulgaria,BG,524.69,542.21,46.96,17.91,eso.bg,false,
2022-02-04 19:00:00,Bulgaria,Bulgaria,BG,540.2,557.93,45.39,15.59,eso.bg,false,
2022-02-04 20:00:00,Bulgaria,Bulgaria,BG,555.47,573.98,43.68,13.02,eso.bg,false,
2022-02-04 21:00:00,Bulgaria,Bulgaria,BG,583.95,603.75,40.59,8.34,eso.bg,false,
2022-02-04 22:00:00,Bulgaria,Bulgaria,BG,584.87,605.39,40.2,7.13,eso.bg,false,
2022-02-04 23:00:00,Bulgaria,Bulgaria,BG,571.0,592.25,41.14,7.01,eso.bg,false,
2022-02-05 00:00:00,Bulgaria,Bulgaria,BG,571.26,592.82,41.01,6.61,eso.bg,false,
2022-02-05 01:00:00,Bulgaria,Bulgaria,BG,575.45,596.46,40.71,6.27,eso.bg,false,
2022-02-05 02:00:00,Bulgaria,Bulgaria,BG,579.89,600.33,40.42,5.95,eso.bg,false,
2022-02-05 03:00:00,Bulgaria,Bulgaria,BG,586.87,607.1,39.75,5.01,eso.bg,false,
2022-02-05 04:00:00,Bulgaria,Bulgaria,BG,588.95,609.33,39.49,4.63,eso.bg,false,
2022-02-05 05:00:00,Bulgaria,Bulgaria,BG,586.3,606.57,39.77,4.77,eso.bg,false,
2022-02-05 06:00:00,Bulgaria,Bulgaria,BG,558.64,578.3,42.79,10.27,eso.bg,false,
2022-02-05 07:00:00,Bulgaria,Bulgaria,BG,534.15,554.02,45.21,13.91,eso.bg,false,
2022-02-05 08:00:00,Bulgaria,Bulgaria,BG,513.87,534.01,47.35,17.24,eso.bg,false,
2022-02-05 09:00:00,Bulgaria,Bulgaria,BG,526.14,546.96,46.14,15.28,eso.bg,false,
2022-02-05 10:00:00,Bulgaria,Bulgaria,BG,524.38,545.62,46.14,14.54,eso.bg,false,
2022-02-05 11:00:00,Bulgaria,Bulgaria,BG,530.89,552.5,45.41,12.85,eso.bg,false,
2022-02-05 12:00:00,Bulgaria,Bulgaria,BG,536.22,557.89,44.8,11.82,eso.bg,false,
2022-02-05 13:00:00,Bulgaria,Bulgaria,BG,549.21,570.48,43.56,9.7,eso.bg,false,
2022-02-05 14:00:00,Bulgaria,Bulgaria,BG,572.64,593.38,41.4,7.53,eso.bg,false,
2022-02-05 15:00:00,Bulgaria,Bulgaria,BG,547.46,567.16,43.99,11.84,eso.bg,false,
2022-02-05 16:00:00,Bulgaria,Bulgaria,BG,507.96,526.68,48.02,18.16,eso.bg,false,
2022-02-05 17:00:00,Bulgaria,Bulgaria,BG,501.36,519.93,48.69,19.27,eso.bg,false,
2022-02-05 18:00:00,Bulgaria,Bulgaria,BG,514.91,533.61,47.3,17.12,eso.bg,false,
2022-02-05 19:00:00,Bulgaria,Bulgaria,BG,545.88,565.09,44.12,12.12,eso.bg,false,
2022-02-05 20:00:00,Bulgaria,Bulgaria,BG,556.21,577.05,42.71,9.95,eso.bg,false,
2022-02-05 21:00:00,Bulgaria,Bulgaria,BG,559.56,581.28,42.17,9.07,eso.bg,false,
2022-02-05 22:00:00,Bulgaria,Bulgaria,BG,535.49,558.07,44.18,10.26,eso.bg,false,
2022-02-05 23:00:00,Bulgaria,Bulgaria,BG,483.09,507.2,48.5,12.31,eso.bg,false,
2022-02-06 00:00:00,Bulgaria,Bulgaria,BG,480.76,504.66,48.68,12.05,eso.bg,false,
2022-02-06 01:00:00,Bulgaria,Bulgaria,BG,496.77,519.68,47.37,10.36,eso.bg,false,
2022-02-06 02:00:00,Bulgaria,Bulgaria,BG,514.5,536.74,45.81,8.2,eso.bg,false,
2022-02-06 03:00:00,Bulgaria,Bulgaria,BG,535.98,557.18,44.12,7.34,eso.bg,false,
2022-02-06 04:00:00,Bulgaria,Bulgaria,BG,567.74,588.65,41.34,5.8,eso.bg,false,
2022-02-06 05:00:00,Bulgaria,Bulgaria,BG,580.45,601.18,40.12,4.62,eso.bg,false,
2022-02-06 06:00:00,Bulgaria,Bulgaria,BG,577.72,597.98,40.76,6.79,eso.bg,false,
2022-02-06 07:00:00,Bulgaria,Bulgaria,BG,536.19,556.62,44.92,13.18,eso.bg,false,
2022-02-06 08:00:00,Bulgaria,Bulgaria,BG,507.72,528.42,47.63,16.27,eso.bg,false,
2022-02-06 09:00:00,Bulgaria,Bulgaria,BG,501.89,522.93,48.14,16.45,eso.bg,false,
2022-02-06 10:00:00,Bulgaria,Bulgaria,BG,499.81,521.16,48.26,15.96,eso.bg,false,
2022-02-06 11:00:00,Bulgaria,Bulgaria,BG,503.16,524.66,47.9,15.34,eso.bg,false,
2022-02-06 12:00:00,Bulgaria,Bulgaria,BG,496.27,518.48,48.24,14.71,eso.bg,false,
2022-02-06 13:00:00,Bulgaria,Bulgaria,BG,497.73,519.88,48.02,13.89,eso.bg,false,
2022-02-06 14:00:00,Bulgaria,Bulgaria,BG,530.03,551.47,45.06,11.34,eso.bg,false,
2022-02-06 15:00:00,Bulgaria,Bulgaria,BG,544.14,563.66,44.23,12.31,eso.bg,false,
2022-02-06 16:00:00,Bulgaria,Bulgaria,BG,504.3,522.75,48.37,18.77,eso.bg,false,
2022-02-06 17:00:00,Bulgaria,Bulgaria,BG,498.54,517.04,48.94,19.68,eso.bg,false,
2022-02-06 18:00:00,Bulgaria,Bulgaria,BG,509.1,527.96,47.77,17.8,eso.bg,false,
2022-02-06 19:00:00,Bulgaria,Bulgaria,BG,534.52,554.49,45.01,13.5,eso.bg,false,
2022-02-06 20:00:00,Bulgaria,Bulgaria,BG,554.24,575.61,42.73,9.97,eso.bg,false,
2022-02-06 21:00:00,Bulgaria,Bulgaria,BG,555.27,577.27,42.31,8.47,eso.bg,false,
2022-02-06 22:00:00,Bulgaria,Bulgaria,BG,526.93,549.83,44.56,8.38,eso.bg,false,
2022-02-06 23:00:00,Bulgaria,Bulgaria,BG,528.07,550.74,44.56,8.28,eso.bg,false,
2022-02-07 00:00:00,Bulgaria,Bulgaria,BG,521.37,544.06,45.05,8.17,eso.bg,false,
2022-02-07 01:00:00,Bulgaria,Bulgaria,BG,517.89,540.35,45.36,7.96,eso.bg,false,
2022-02-07 02:00:00,Bulgaria,Bulgaria,BG,514.36,536.51,45.72,7.98,eso.bg,false,
2022-02-07 03:00:00,Bulgaria,Bulgaria,BG,509.63,532.04,46.16,8.42,eso.bg,false,
2022-02-07 04:00:00,Bulgaria,Bulgaria,BG,547.05,567.1,43.62,8.81,eso.bg,false,
2022-02-07 05:00:00,Bulgaria,Bulgaria,BG,549.71,568.92,43.82,11.35,eso.bg,false,
2022-02-07 06:00:00,Bulgaria,Bulgaria,BG,549.78,568.97,43.97,12.43,eso.bg,false,
2022-02-07 07:00:00,Bulgaria,Bulgaria,BG,548.34,567.72,44.24,13.59,eso.bg,false,
2022-02-07 08:00:00,Bulgaria,Bulgaria,BG,550.76,570.53,43.94,12.91,eso.bg,false,
2022-02-07 09:00:00,Bulgaria,Bulgaria,BG,554.07,573.95,43.62,12.55,eso.bg,false,
2022-02-07 10:00:00,Bulgaria,Bulgaria,BG,572.39,592.08,41.94,10.61,eso.bg,false,
2022-02-07 11:00:00,Bulgaria,Bulgaria,BG,584.13,603.89,40.76,9.31,eso.bg,false,
2022-02-07 12:00:00,Bulgaria,Bulgaria,BG,592.31,611.96,39.95,8.2,eso.bg,false,
2022-02-07 13:00:00,Bulgaria,Bulgaria,BG,594.1,613.59,39.76,7.81,eso.bg,false,
2022-02-07 14:00:00,Bulgaria,Bulgaria,BG,602.04,621.45,38.97,6.63,eso.bg,false,
2022-02-07 15:00:00,Bulgaria,Bulgaria,BG,573.03,592.04,41.86,10.65,eso.bg,false,
2022-02-07 16:00:00,Bulgaria,Bulgaria,BG,524.15,542.5,46.78,17.89,eso.bg,false,
2022-02-07 17:00:00,Bulgaria,Bulgaria,BG,519.71,537.86,47.24,18.67,eso.bg,false,
2022-02-07 18:00:00,Bulgaria,Bulgaria,BG,531.04,549.35,46.08,16.93,eso.bg,false,
2022-02-07 19:00:00,Bulgaria,Bulgaria,BG,545.86,564.15,44.59,14.62,eso.bg,false,
2022-02-07 20:00:00,Bulgaria,Bulgaria,BG,572.66,592.03,41.68,10.04,eso.bg,false,
2022-02-07 21:00:00,Bulgaria,Bulgaria,BG,576.35,596.74,41.07,8.97,eso.bg,false,
2022-02-07 22:00:00,Bulgaria,Bulgaria,BG,513.8,536.66,46.14,11.46,eso.bg,false,
2022-02-07 23:00:00,Bulgaria,Bulgaria,BG,482.01,505.01,49.01,13.4,eso.bg,false,
2022-02-08 00:00:00,Bulgaria,Bulgaria,BG,481.09,504.28,49.13,13.63,eso.bg,false,
2022-02-08 01:00:00,Bulgaria,Bulgaria,BG,476.4,499.47,49.59,14.21,eso.bg,false,
2022-02-08 02:00:00,Bulgaria,Bulgaria,BG,474.76,497.62,49.8,14.61,eso.bg,false,
2022-02-08 03:00:00,Bulgaria,Bulgaria,BG,477.09,499.55,49.68,14.43,eso.bg,false,
2022-02-08 04:00:00,Bulgaria,Bulgaria,BG,490.62,513.05,48.42,14.23,eso.bg,false,
2022-02-08 05:00:00,Bulgaria,Bulgaria,BG,505.26,526.25,47.66,16.21,eso.bg,false,
2022-02-08 06:00:00,Bulgaria,Bulgaria,BG,504.79,524.53,48.16,18.62,eso.bg,false,
2022-02-08 07:00:00,Bulgaria,Bulgaria,BG,496.67,516.35,49.07,20.8,eso.bg,false,
2022-02-08 08:00:00,Bulgaria,Bulgaria,BG,498.71,518.8,48.74,20.35,eso.bg,false,
2022-02-08 09:00:00,Bulgaria,Bulgaria,BG,507.58,528.21,47.8,18.88,eso.bg,false,
2022-02-08 10:00:00,Bulgaria,Bulgaria,BG,510.45,531.79,47.35,17.98,eso.bg,false,
2022-02-08 11:00:00,Bulgaria,Bulgaria,BG,507.99,529.51,47.46,17.55,eso.bg,false,
2022-02-08 12:00:00,Bulgaria,Bulgaria,BG,503.5,525.3,47.79,17.63,eso.bg,false,
2022-02-08 13:00:00,Bulgaria,Bulgaria,BG,513.51,535.09,46.89,16.53,eso.bg,false,
2022-02-08 14:00:00,Bulgaria,Bulgaria,BG,524.5,545.03,46.1,16.02,eso.bg,false,
2022-02-08 15:00:00,Bulgaria,Bulgaria,BG,511.22,530.6,47.6,18.32,eso.bg,false,
2022-02-08 16:00:00,Bulgaria,Bulgaria,BG,470.16,488.69,51.79,24.47,eso.bg,false,
2022-02-08 17:00:00,Bulgaria,Bulgaria,BG,463.2,481.55,52.51,25.54,eso.bg,false,
2022-02-08 18:00:00,Bulgaria,Bulgaria,BG,475.88,494.39,51.19,23.47,eso.bg,false,
2022-02-08 19:00:00,Bulgaria,Bulgaria,BG,490.91,510.34,49.47,20.87,eso.bg,false,
2022-02-08 20:00:00,Bulgaria,Bulgaria,BG,508.2,528.11,47.63,17.97,eso.bg,false,
2022-02-08 21:00:00,Bulgaria,Bulgaria,BG,523.51,543.69,46.08,15.54,eso.bg,false,
2022-02-08 22:00:00,Bulgaria,Bulgaria,BG,546.67,567.01,43.76,11.77,eso.bg,false,
2022-02-08 23:00:00,Bulgaria,Bulgaria,BG,545.65,567.06,43.37,9.31,eso.bg,false,
2022-02-09 00:00:00,Bulgaria,Bulgaria,BG,549.55,570.33,43.11,8.92,eso.bg,false,
2022-02-09 01:00:00,Bulgaria,Bulgaria,BG,547.49,568.2,43.27,8.56,eso.bg,false,
2022-02-09 02:00:00,Bulgaria,Bulgaria,BG,553.86,574.37,42.66,7.35,eso.bg,false,
2022-02-09 03:00:00,Bulgaria,Bulgaria,BG,584.26,604.37,40.04,5.89,eso.bg,false,
2022-02-09 04:00:00,Bulgaria,Bulgaria,BG,583.56,603.5,40.17,6.59,eso.bg,false,
2022-02-09 05:00:00,Bulgaria,Bulgaria,BG,568.32,587.78,41.85,9.7,eso.bg,false,
2022-02-09 06:00:00,Bulgaria,Bulgaria,BG,537.85,557.28,44.88,13.84,eso.bg,false,
2022-02-09 07:00:00,Bulgaria,Bulgaria,BG,520.28,539.97,46.62,16.23,eso.bg,false,
2022-02-09 08:00:00,Bulgaria,Bulgaria,BG,524.45,544.68,46.14,15.52,eso.bg,false,
2022-02-09 09:00:00,Bulgaria,Bulgaria,BG,521.0,541.5,46.39,15.76,eso.bg,false,
2022-02-09 10:00:00,Bulgaria,Bulgaria,BG,522.57,543.54,46.16,15.55,eso.bg,false,
2022-02-09 11:00:00,Bulgaria,Bulgaria,BG,526.59,548.05,45.69,15.1,eso.bg,false,
2022-02-09 12:00:00,Bulgaria,Bulgaria,BG,519.56,541.52,46.2,15.44,eso.bg,false,
2022-02-09 13:00:00,Bulgaria,Bulgaria,BG,532.15,554.31,44.89,13.58,eso.bg,false,
2022-02-09 14:00:00,Bulgaria,Bulgaria,BG,547.35,568.12,43.67,11.62,eso.bg,false,
2022-02-09 15:00:00,Bulgaria,Bulgaria,BG,532.49,551.93,45.35,14.23,eso.bg,false,
2022-02-09 16:00:00,Bulgaria,Bulgaria,BG,504.41,523.21,48.31,19.32,eso.bg,false,
2022-02-09 17:00:00,Bulgaria,Bulgaria,BG,499.34,517.83,48.9,20.57,eso.bg,false,
2022-02-09 18:00:00,Bulgaria,Bulgaria,BG,509.03,527.63,47.95,19.38,eso.bg,false,
2022-02-09 19:00:00,Bulgaria,Bulgaria,BG,525.01,543.96,46.22,16.38,eso.bg,false,
2022-02-09 20:00:00,Bulgaria,Bulgaria,BG,551.39,570.48,43.7,12.98,eso.bg,false,
2022-02-09 21:00:00,Bulgaria,Bulgaria,BG,584.2,603.42,40.57,8.41,eso.bg,false,
2022-02-09 22:00:00,Bulgaria,Bulgaria,BG,603.97,623.55,38.52,4.59,eso.bg,false,
2022-02-09 23:00:00,Bulgaria,Bulgaria,BG,618.58,638.07,37.24,3.28,eso.bg,false,
2022-02-10 00:00:00,Bulgaria,Bulgaria,BG,624.35,643.72,36.74,3.0,eso.bg,false,
2022-02-10 01:00:00,Bulgaria,Bulgaria,BG,612.92,632.42,37.77,3.88,eso.bg,false,
2022-02-10 02:00:00,Bulgaria,Bulgaria,BG,604.33,623.92,38.52,4.67,eso.bg,false,
2022-02-10 03:00:00,Bulgaria,Bulgaria,BG,603.41,623.0,38.57,4.63,eso.bg,false,
2022-02-10 04:00:00,Bulgaria,Bulgaria,BG,596.77,616.2,39.26,5.65,eso.bg,false,
2022-02-10 05:00:00,Bulgaria,Bulgaria,BG,579.13,597.93,41.21,9.66,eso.bg,false,
2022-02-10 06:00:00,Bulgaria,Bulgaria,BG,561.23,580.31,43.01,12.22,eso.bg,false,
2022-02-10 07:00:00,Bulgaria,Bulgaria,BG,552.21,571.84,43.86,13.54,eso.bg,false,
2022-02-10 08:00:00,Bulgaria,Bulgaria,BG,544.66,564.72,44.56,13.77,eso.bg,false,
2022-02-10 09:00:00,Bulgaria,Bulgaria,BG,536.03,556.25,45.45,14.55,eso.bg,false,
2022-02-10 10:00:00,Bulgaria,Bulgaria,BG,544.04,564.46,44.58,13.24,eso.bg,false,
2022-02-10 11:00:00,Bulgaria,Bulgaria,BG,544.69,565.27,44.43,12.63,eso.bg,false,
2022-02-10 12:00:00,Bulgaria,Bulgaria,BG,543.23,563.75,44.48,12.05,eso.bg,false,
2022-02-10 13:00:00,Bulgaria,Bulgaria,BG,546.17,566.66,44.02,10.82,eso.bg,false,
2022-02-10 14:00:00,Bulgaria,Bulgaria,BG,561.84,581.88,42.58,9.18,eso.bg,false,
2022-02-10 15:00:00,Bulgaria,Bulgaria,BG,567.51,586.6,42.23,9.96,eso.bg,false,
2022-02-10 16:00:00,Bulgaria,Bulgaria,BG,538.29,556.49,45.4,15.86,eso.bg,false,
2022-02-10 17:00:00,Bulgaria,Bulgaria,BG,513.43,531.27,47.88,19.63,eso.bg,false,
2022-02-10 18:00:00,Bulgaria,Bulgaria,BG,518.75,536.68,47.35,18.8,eso.bg,false,
2022-02-10 19:00:00,Bulgaria,Bulgaria,BG,540.2,558.45,45.17,15.44,eso.bg,false,
2022-02-10 20:00:00,Bulgaria,Bulgaria,BG,549.69,569.54,43.85,13.43,eso.bg,false,
2022-02-10 21:00:00,Bulgaria,Bulgaria,BG,568.18,588.84,41.85,10.07,eso.bg,false,
2022-02-10 22:00:00,Bulgaria,Bulgaria,BG,574.37,594.97,41.18,8.34,eso.bg,false,
2022-02-10 23:00:00,Bulgaria,Bulgaria,BG,575.06,595.45,41.08,7.8,eso.bg,false,
2022-02-11 00:00:00,Bulgaria,Bulgaria,BG,589.29,609.26,39.71,6.32,eso.bg,false,
2022-02-11 01:00:00,Bulgaria,Bulgaria,BG,592.22,611.86,39.53,6.32,eso.bg,false,
2022-02-11 02:00:00,Bulgaria,Bulgaria,BG,587.83,607.63,39.85,6.48,eso.bg,false,
2022-02-11 03:00:00,Bulgaria,Bulgaria,BG,597.48,617.23,38.98,5.85,eso.bg,false,
2022-02-11 04:00:00,Bulgaria,Bulgaria,BG,598.77,618.42,38.9,6.4,eso.bg,false,
2022-02-11 05:00:00,Bulgaria,Bulgaria,BG,572.21,591.5,41.62,10.34,eso.bg,false,
2022-02-11 06:00:00,Bulgaria,Bulgaria,BG,550.51,570.03,43.69,12.69,eso.bg,false,
2022-02-11 07:00:00,Bulgaria,Bulgaria,BG,542.06,561.9,44.62,14.35,eso.bg,false,
2022-02-11 08:00:00,Bulgaria,Bulgaria,BG,540.36,560.89,44.67,13.99,eso.bg,false,
2022-02-11 09:00:00,Bulgaria,Bulgaria,BG,537.98,558.65,44.91,14.35,eso.bg,false,
2022-02-11 10:00:00,Bulgaria,Bulgaria,BG,525.16,546.15,45.95,14.79,eso.bg,false,
2022-02-11 11:00:00,Bulgaria,Bulgaria,BG,539.31,560.18,44.71,13.34,eso.bg,false,
2022-02-11 12:00:00,Bulgaria,Bulgaria,BG,531.91,553.01,45.29,12.96,eso.bg,false,
2022-02-11 13:00:00,Bulgaria,Bulgaria,BG,537.4,558.47,44.64,11.35,eso.bg,false,
2022-02-11 14:00:00,Bulgaria,Bulgaria,BG,567.98,588.55,41.75,8.29,eso.bg,false,
2022-02-11 15:00:00,Bulgaria,Bulgaria,BG,589.83,609.44,39.85,7.1,eso.bg,false,
2022-02-11 16:00:00,Bulgaria,Bulgaria,BG,544.09,562.82,44.57,14.69,eso.bg,false,
2022-02-11 17:00:00,Bulgaria,Bulgaria,BG,526.73,545.15,46.34,17.5,eso.bg,false,
2022-02-11 18:00:00,Bulgaria,Bulgaria,BG,535.62,554.09,45.45,16.09,eso.bg,false,
2022-02-11 19:00:00,Bulgaria,Bulgaria,BG,550.74,569.43,43.93,13.76,eso.bg,false,
2022-02-11 20:00:00,Bulgaria,Bulgaria,BG,570.15,589.12,41.94,10.68,eso.bg,false,
2022-02-11 21:00:00,Bulgaria,Bulgaria,BG,597.61,617.16,39.05,5.96,eso.bg,false,
2022-02-11 22:00:00,Bulgaria,Bulgaria,BG,596.11,615.8,39.09,5.08,eso.bg,false,
2022-02-11 23:00:00,Bulgaria,Bulgaria,BG,610.47,630.14,37.77,3.52,eso.bg,false,
2022-02-12 00:00:00,Bulgaria,Bulgaria,BG,604.95,624.81,38.19,4.04,eso.bg,false,
2022-02-12 01:00:00,Bulgaria,Bulgaria,BG,603.81,623.57,38.32,4.26,eso.bg,false,
2022-02-12 02:00:00,Bulgaria,Bulgaria,BG,599.25,619.27,38.66,4.64,eso.bg,false,
2022-02-12 03:00:00,Bulgaria,Bulgaria,BG,584.5,604.54,40.04,6.31,eso.bg,false,
2022-02-12 04:00:00,Bulgaria,Bulgaria,BG,567.05,586.99,41.72,8.23,eso.bg,false,
2022-02-12 05:00:00,Bulgaria,Bulgaria,BG,568.33,588.42,41.69,9.13,eso.bg,false,
2022-02-12 06:00:00,Bulgaria,Bulgaria,BG,559.39,579.92,42.57,11.09,eso.bg,false,
2022-02-12 07:00:00,Bulgaria,Bulgaria,BG,527.8,548.56,45.79,16.12,eso.bg,false,
2022-02-12 08:00:00,Bulgaria,Bulgaria,BG,502.34,523.55,48.15,18.17,eso.bg,false,
2022-02-12 09:00:00,Bulgaria,Bulgaria,BG,461.04,483.61,51.62,19.97,eso.bg,false,
2022-02-12 10:00:00,Bulgaria,Bulgaria,BG,444.74,467.45,53.05,20.65,eso.bg,false,
2022-02-12 11:00:00,Bulgaria,Bulgaria,BG,461.41,483.01,51.8,19.71,eso.bg,false,
2022-02-12 12:00:00,Bulgaria,Bulgaria,BG,470.36,491.69,50.86,17.61,eso.bg,false,
2022-02-12 13:00:00,Bulgaria,Bulgaria,BG,495.64,516.95,48.32,14.27,eso.bg,false,
2022-02-12 14:00:00,Bulgaria,Bulgaria,BG,556.84,576.98,42.83,9.89,eso.bg,false,
2022-02-12 15:00:00,Bulgaria,Bulgaria,BG,557.0,576.05,43.2,12.58,eso.bg,false,
2022-02-12 16:00:00,Bulgaria,Bulgaria,BG,527.13,545.77,46.2,17.33,eso.bg,false,
2022-02-12 17:00:00,Bulgaria,Bulgaria,BG,520.06,538.52,46.93,18.42,eso.bg,false,
2022-02-12 18:00:00,Bulgaria,Bulgaria,BG,535.83,554.54,45.31,15.97,eso.bg,false,
2022-02-12 19:00:00,Bulgaria,Bulgaria,BG,564.39,583.42,42.4,11.57,eso.bg,false,
2022-02-12 20:00:00,Bulgaria,Bulgaria,BG,583.9,603.51,40.36,8.29,eso.bg,false,
2022-02-12 21:00:00,Bulgaria,Bulgaria,BG,586.37,606.88,39.87,7.51,eso.bg,false,
2022-02-12 22:00:00,Bulgaria,Bulgaria,BG,584.43,605.48,39.77,5.26,eso.bg,false,
2022-02-12 23:00:00,Bulgaria,Bulgaria,BG,561.04,582.75,41.75,6.54,eso.bg,false,
2022-02-13 00:00:00,Bulgaria,Bulgaria,BG,540.28,562.58,43.43,7.54,eso.bg,false,
2022-02-13 01:00:00,Bulgaria,Bulgaria,BG,526.83,549.75,44.37,7.4,eso.bg,false,
2022-02-13 02:00:00,Bulgaria,Bulgaria,BG,528.05,551.2,44.13,6.54,eso.bg,false,
2022-02-13 03:00:00,Bulgaria,Bulgaria,BG,532.28,555.14,43.84,6.5,eso.bg,false,
2022-02-13 04:00:00,Bulgaria,Bulgaria,BG,552.33,574.15,42.35,6.19,eso.bg,false,
2022-02-13 05:00:00,Bulgaria,Bulgaria,BG,548.67,571.05,42.57,6.71,eso.bg,false,
2022-02-13 06:00:00,Bulgaria,Bulgaria,BG,558.59,579.94,42.12,8.6,eso.bg,false,
2022-02-13 07:00:00,Bulgaria,Bulgaria,BG,550.2,570.99,43.28,11.51,eso.bg,false,
2022-02-13 08:00:00,Bulgaria,Bulgaria,BG,543.18,563.7,44.17,13.76,eso.bg,false,
2022-02-13 09:00:00,Bulgaria,Bulgaria,BG,537.26,557.88,44.76,14.59,eso.bg,false,
2022-02-13 10:00:00,Bulgaria,Bulgaria,BG,536.98,557.85,44.75,14.23,eso.bg,false,
2022-02-13 11:00:00,Bulgaria,Bulgaria,BG,539.34,560.43,44.38,13.03,eso.bg,false,
2022-02-13 12:00:00,Bulgaria,Bulgaria,BG,537.53,558.67,44.44,12.19,eso.bg,false,
2022-02-13 13:00:00,Bulgaria,Bulgaria,BG,535.42,556.8,44.52,11.84,eso.bg,false,
2022-02-13 14:00:00,Bulgaria,Bulgaria,BG,562.99,583.33,42.19,9.93,eso.bg,false,
2022-02-13 15:00:00,Bulgaria,Bulgaria,BG,570.71,590.49,41.62,10.37,eso.bg,false,
2022-02-13 16:00:00,Bulgaria,Bulgaria,BG,537.34,556.19,45.08,15.68,eso.bg,false,
2022-02-13 17:00:00,Bulgaria,Bulgaria,BG,527.4,546.02,46.11,17.29,eso.bg,false,
2022-02-13 18:00:00,Bulgaria,Bulgaria,BG,536.3,555.18,45.24,15.94,eso.bg,false,
2022-02-13 19:00:00,Bulgaria,Bulgaria,BG,565.47,584.23,42.28,11.39,eso.bg,false,
2022-02-13 20:00:00,Bulgaria,Bulgaria,BG,587.53,607.3,39.85,7.63,eso.bg,false,
2022-02-13 21:00:00,Bulgaria,Bulgaria,BG,605.97,626.74,37.78,4.39,eso.bg,false,
2022-02-13 22:00:00,Bulgaria,Bulgaria,BG,599.14,620.47,38.17,3.28,eso.bg,false,
2022-02-13 23:00:00,Bulgaria,Bulgaria,BG,595.26,616.59,38.49,3.21,eso.bg,false,
2022-02-14 00:00:00,Bulgaria,Bulgaria,BG,575.41,597.95,39.93,3.55,eso.bg,false,
2022-02-14 01:00:00,Bulgaria,Bulgaria,BG,564.9,587.74,40.75,3.59,eso.bg,false,
2022-02-14 02:00:00,Bulgaria,Bulgaria,BG,562.2,585.02,40.99,3.54,eso.bg,false,
2022-02-14 03:00:00,Bulgaria,Bulgaria,BG,589.22,610.4,38.99,2.78,eso.bg,false,
2022-02-14 04:00:00,Bulgaria,Bulgaria,BG,615.57,635.6,36.92,2.33,eso.bg,false,
2022-02-14 05:00:00,Bulgaria,Bulgaria,BG,606.3,625.85,38.07,5.16,eso.bg,false,
2022-02-14 06:00:00,Bulgaria,Bulgaria,BG,574.17,593.82,41.21,8.99,eso.bg,false,
2022-02-14 07:00:00,Bulgaria,Bulgaria,BG,568.79,588.57,41.91,10.97,eso.bg,false,
2022-02-14 08:00:00,Bulgaria,Bulgaria,BG,558.44,578.35,42.93,12.33,eso.bg,false,
2022-02-14 09:00:00,Bulgaria,Bulgaria,BG,564.53,584.84,42.29,11.7,eso.bg,false,
2022-02-14 10:00:00,Bulgaria,Bulgaria,BG,564.76,585.22,42.19,10.83,eso.bg,false,
2022-02-14 11:00:00,Bulgaria,Bulgaria,BG,561.79,582.2,42.52,11.1,eso.bg,false,
2022-02-14 12:00:00,Bulgaria,Bulgaria,BG,561.65,582.1,42.42,10.29,eso.bg,false,
2022-02-14 13:00:00,Bulgaria,Bulgaria,BG,564.57,584.93,42.11,9.65,eso.bg,false,
2022-02-14 14:00:00,Bulgaria,Bulgaria,BG,574.59,594.7,41.07,8.11,eso.bg,false,
2022-02-14 15:00:00,Bulgaria,Bulgaria,BG,586.57,605.91,40.12,8.14,eso.bg,false,
2022-02-14 16:00:00,Bulgaria,Bulgaria,BG,535.38,553.78,45.37,16.05,eso.bg,false,
2022-02-14 17:00:00,Bulgaria,Bulgaria,BG,523.44,541.71,46.6,17.85,eso.bg,false,
2022-02-14 18:00:00,Bulgaria,Bulgaria,BG,540.3,558.79,44.87,15.25,eso.bg,false,
2022-02-14 19:00:00,Bulgaria,Bulgaria,BG,558.44,577.15,43.04,12.37,eso.bg,false,
2022-02-14 20:00:00,Bulgaria,Bulgaria,BG,577.72,596.76,41.04,9.44,eso.bg,false,
2022-02-14 21:00:00,Bulgaria,Bulgaria,BG,603.39,622.95,38.39,5.38,eso.bg,false,
2022-02-14 22:00:00,Bulgaria,Bulgaria,BG,608.92,629.09,37.72,4.26,eso.bg,false,
2022-02-14 23:00:00,Bulgaria,Bulgaria,BG,597.27,617.48,38.78,4.66,eso.bg,false,
2022-02-15 00:00:00,Bulgaria,Bulgaria,BG,587.38,608.02,39.55,4.77,eso.bg,false,
2022-02-15 01:00:00,Bulgaria,Bulgaria,BG,575.85,596.69,40.55,5.08,eso.bg,false,
2022-02-15 02:00:00,Bulgaria,Bulgaria,BG,566.43,587.26,41.34,5.34,eso.bg,false,
2022-02-15 03:00:00,Bulgaria,Bulgaria,BG,588.41,608.2,39.68,5.02,eso.bg,false,
2022-02-15 04:00:00,Bulgaria,Bulgaria,BG,594.61,613.94,39.31,5.71,eso.bg,false,
2022-02-15 05:00:00,Bulgaria,Bulgaria,BG,586.74,606.05,40.2,7.79,eso.bg,false,
2022-02-15 06:00:00,Bulgaria,Bulgaria,BG,561.43,580.99,42.73,11.42,eso.bg,false,
2022-02-15 07:00:00,Bulgaria,Bulgaria,BG,543.83,563.51,44.64,14.24,eso.bg,false,
2022-02-15 08:00:00,Bulgaria,Bulgaria,BG,525.64,545.55,46.39,15.97,eso.bg,false,
2022-02-15 09:00:00,Bulgaria,Bulgaria,BG,524.83,545.12,46.43,15.86,eso.bg,false,
2022-02-15 10:00:00,Bulgaria,Bulgaria,BG,536.04,556.53,45.2,14.09,eso.bg,false,
2022-02-15 11:00:00,Bulgaria,Bulgaria,BG,540.58,561.21,44.65,13.2,eso.bg,false,
2022-02-15 12:00:00,Bulgaria,Bulgaria,BG,539.97,560.64,44.67,12.75,eso.bg,false,
2022-02-15 13:00:00,Bulgaria,Bulgaria,BG,541.07,561.83,44.42,11.78,eso.bg,false,
2022-02-15 14:00:00,Bulgaria,Bulgaria,BG,566.66,586.84,42.02,9.03,eso.bg,false,
2022-02-15 15:00:00,Bulgaria,Bulgaria,BG,575.1,594.17,41.5,9.47,eso.bg,false,
2022-02-15 16:00:00,Bulgaria,Bulgaria,BG,526.74,545.1,46.37,17.02,eso.bg,false,
2022-02-15 17:00:00,Bulgaria,Bulgaria,BG,508.11,526.25,48.23,19.94,eso.bg,false,
2022-02-15 18:00:00,Bulgaria,Bulgaria,BG,517.93,536.22,47.21,18.36,eso.bg,false,
2022-02-15 19:00:00,Bulgaria,Bulgaria,BG,514.2,532.99,47.34,17.55,eso.bg,false,
2022-02-15 20:00:00,Bulgaria,Bulgaria,BG,520.42,540.56,46.38,15.92,eso.bg,false,
2022-02-15 21:00:00,Bulgaria,Bulgaria,BG,556.39,576.65,42.87,11.23,eso.bg,false,
2022-02-15 22:00:00,Bulgaria,Bulgaria,BG,580.42,601.07,40.4,7.21,eso.bg,false,
2022-02-15 23:00:00,Bulgaria,Bulgaria,BG,591.41,611.76,39.47,5.83,eso.bg,false,
2022-02-16 00:00:00,Bulgaria,Bulgaria,BG,595.75,615.59,39.16,5.56,eso.bg,false,
2022-02-16 01:00:00,Bulgaria,Bulgaria,BG,600.08,619.63,38.84,5.34,eso.bg,false,
2022-02-16 02:00:00,Bulgaria,Bulgaria,BG,599.6,619.16,38.84,5.12,eso.bg,false,
2022-02-16 03:00:00,Bulgaria,Bulgaria,BG,599.72,619.18,38.87,5.1,eso.bg,false,
2022-02-16 04:00:00,Bulgaria,Bulgaria,BG,604.56,623.83,38.51,5.03,eso.bg,false,
2022-02-16 05:00:00,Bulgaria,Bulgaria,BG,578.15,597.18,41.13,8.99,eso.bg,false,
2022-02-16 06:00:00,Bulgaria,Bulgaria,BG,554.16,573.03,43.6,12.92,eso.bg,false,
2022-02-16 07:00:00,Bulgaria,Bulgaria,BG,556.74,575.36,43.69,13.38,eso.bg,false,
2022-02-16 08:00:00,Bulgaria,Bulgaria,BG,547.09,566.08,44.52,13.92,eso.bg,false,
2022-02-16 09:00:00,Bulgaria,Bulgaria,BG,559.48,578.93,43.24,12.04,eso.bg,false,
2022-02-16 10:00:00,Bulgaria,Bulgaria,BG,554.25,574.18,43.71,12.41,eso.bg,false,
2022-02-16 11:00:00,Bulgaria,Bulgaria,BG,552.65,572.68,43.79,12.06,eso.bg,false,
2022-02-16 12:00:00,Bulgaria,Bulgaria,BG,551.25,571.18,43.92,11.85,eso.bg,false,
2022-02-16 13:00:00,Bulgaria,Bulgaria,BG,561.89,581.35,43.08,10.49,eso.bg,false,
2022-02-16 14:00:00,Bulgaria,Bulgaria,BG,569.21,587.87,42.63,10.41,eso.bg,false,
2022-02-16 15:00:00,Bulgaria,Bulgaria,BG,556.46,574.39,44.0,12.75,eso.bg,false,
2022-02-16 16:00:00,Bulgaria,Bulgaria,BG,519.23,536.59,47.75,18.62,eso.bg,false,
2022-02-16 17:00:00,Bulgaria,Bulgaria,BG,501.55,518.82,49.46,21.32,eso.bg,false,
2022-02-16 18:00:00,Bulgaria,Bulgaria,BG,515.55,533.0,48.04,19.1,eso.bg,false,
2022-02-16 19:00:00,Bulgaria,Bulgaria,BG,530.61,548.36,46.46,16.73,eso.bg,false,
2022-02-16 20:00:00,Bulgaria,Bulgaria,BG,550.24,568.96,44.2,13.34,eso.bg,false,
2022-02-16 21:00:00,Bulgaria,Bulgaria,BG,578.02,597.16,41.38,9.36,eso.bg,false,
2022-02-16 22:00:00,Bulgaria,Bulgaria,BG,604.02,623.07,38.92,5.59,eso.bg,false,
2022-02-16 23:00:00,Bulgaria,Bulgaria,BG,597.55,616.52,39.5,5.85,eso.bg,false,
2022-02-17 00:00:00,Bulgaria,Bulgaria,BG,575.82,595.55,41.19,6.03,eso.bg,false,
2022-02-17 01:00:00,Bulgaria,Bulgaria,BG,568.49,588.31,41.76,5.95,eso.bg,false,
2022-02-17 02:00:00,Bulgaria,Bulgaria,BG,565.2,584.97,42.06,6.12,eso.bg,false,
2022-02-17 03:00:00,Bulgaria,Bulgaria,BG,588.61,608.06,40.08,5.56,eso.bg,false,
2022-02-17 04:00:00,Bulgaria,Bulgaria,BG,599.46,618.66,39.21,5.77,eso.bg,false,
2022-02-17 05:00:00,Bulgaria,Bulgaria,BG,564.68,583.3,42.77,11.3,eso.bg,false,
2022-02-17 06:00:00,Bulgaria,Bulgaria,BG,553.04,571.66,44.01,13.25,eso.bg,false,
2022-02-17 07:00:00,Bulgaria,Bulgaria,BG,534.94,553.9,45.79,15.87,eso.bg,false,
2022-02-17 08:00:00,Bulgaria,Bulgaria,BG,521.97,541.62,46.87,16.47,eso.bg,false,
2022-02-17 09:00:00,Bulgaria,Bulgaria,BG,523.66,543.83,46.61,15.37,eso.bg,false,
2022-02-17 10:00:00,Bulgaria,Bulgaria,BG,514.45,534.78,47.46,15.93,eso.bg,false,
2022-02-17 11:00:00,Bulgaria,Bulgaria,BG,507.09,527.7,48.02,16.11,eso.bg,false,
2022-02-17 12:00:00,Bulgaria,Bulgaria,BG,484.34,506.01,49.7,16.85,eso.bg,false,
2022-02-17 13:00:00,Bulgaria,Bulgaria,BG,498.82,520.47,48.24,15.39,eso.bg,false,
2022-02-17 14:00:00,Bulgaria,Bulgaria,BG,528.71,549.38,45.61,13.53,eso.bg,false,
2022-02-17 15:00:00,Bulgaria,Bulgaria,BG,539.17,558.58,44.95,14.33,eso.bg,false,
2022-02-17 16:00:00,Bulgaria,Bulgaria,BG,506.18,524.45,48.48,20.22,eso.bg,false,
2022-02-17 17:00:00,Bulgaria,Bulgaria,BG,496.2,514.81,49.42,21.79,eso.bg,false,
2022-02-17 18:00:00,Bulgaria,Bulgaria,BG,505.86,524.8,48.36,20.06,eso.bg,false,
2022-02-17 19:00:00,Bulgaria,Bulgaria,BG,519.68,539.1,46.89,17.76,eso.bg,false,
2022-02-17 20:00:00,Bulgaria,Bulgaria,BG,535.55,557.04,44.71,13.53,eso.bg,false,
2022-02-17 21:00:00,Bulgaria,Bulgaria,BG,545.49,567.57,43.41,10.46,eso.bg,false,
2022-02-17 22:00:00,Bulgaria,Bulgaria,BG,497.37,520.76,47.38,11.5,eso.bg,false,
2022-02-17 23:00:00,Bulgaria,Bulgaria,BG,499.9,522.36,47.35,10.49,eso.bg,false,
2022-02-18 00:00:00,Bulgaria,Bulgaria,BG,497.59,520.39,47.42,10.54,eso.bg,false,
2022-02-18 01:00:00,Bulgaria,Bulgaria,BG,491.92,514.74,47.99,11.71,eso.bg,false,
2022-02-18 02:00:00,Bulgaria,Bulgaria,BG,482.59,504.7,49.08,13.54,eso.bg,false,
2022-02-18 03:00:00,Bulgaria,Bulgaria,BG,487.99,509.69,48.69,12.97,eso.bg,false,
2022-02-18 04:00:00,Bulgaria,Bulgaria,BG,489.48,510.46,48.85,12.96,eso.bg,false,
2022-02-18 05:00:00,Bulgaria,Bulgaria,BG,524.73,544.27,46.16,13.59,eso.bg,false,
2022-02-18 06:00:00,Bulgaria,Bulgaria,BG,523.56,541.81,46.95,17.38,eso.bg,false,
2022-02-18 07:00:00,Bulgaria,Bulgaria,BG,509.86,528.24,48.43,19.96,eso.bg,false,
2022-02-18 08:00:00,Bulgaria,Bulgaria,BG,507.47,526.65,48.56,19.53,eso.bg,false,
2022-02-18 09:00:00,Bulgaria,Bulgaria,BG,475.02,495.74,51.21,20.51,eso.bg,false,
2022-02-18 10:00:00,Bulgaria,Bulgaria,BG,466.91,487.69,51.84,19.77,eso.bg,false,
2022-02-18 11:00:00,Bulgaria,Bulgaria,BG,477.14,498.24,50.74,18.53,eso.bg,false,
2022-02-18 12:00:00,Bulgaria,Bulgaria,BG,497.05,518.25,48.76,15.84,eso.bg,false,
2022-02-18 13:00:00,Bulgaria,Bulgaria,BG,468.12,489.29,51.27,17.14,eso.bg,false,
2022-02-18 14:00:00,Bulgaria,Bulgaria,BG,516.89,536.85,46.94,13.12,eso.bg,false,
2022-02-18 15:00:00,Bulgaria,Bulgaria,BG,556.49,575.11,43.66,12.68,eso.bg,false,
2022-02-18 16:00:00,Bulgaria,Bulgaria,BG,522.79,540.58,47.13,18.43,eso.bg,false,
2022-02-18 17:00:00,Bulgaria,Bulgaria,BG,517.77,535.52,47.61,19.42,eso.bg,false,
2022-02-18 18:00:00,Bulgaria,Bulgaria,BG,527.84,545.97,46.47,17.1,eso.bg,false,
2022-02-18 19:00:00,Bulgaria,Bulgaria,BG,538.39,556.71,45.37,15.21,eso.bg,false,
2022-02-18 20:00:00,Bulgaria,Bulgaria,BG,555.98,574.52,43.61,12.79,eso.bg,false,
2022-02-18 21:00:00,Bulgaria,Bulgaria,BG,562.86,581.46,42.91,11.49,eso.bg,false,
2022-02-18 22:00:00,Bulgaria,Bulgaria,BG,579.12,598.3,41.09,7.06,eso.bg,false,
2022-02-18 23:00:00,Bulgaria,Bulgaria,BG,577.97,597.4,41.03,5.39,eso.bg,false,
2022-02-19 00:00:00,Bulgaria,Bulgaria,BG,582.36,602.34,40.3,3.03,eso.bg,false,
2022-02-19 01:00:00,Bulgaria,Bulgaria,BG,550.89,572.24,42.78,3.95,eso.bg,false,
2022-02-19 02:00:00,Bulgaria,Bulgaria,BG,527.04,549.16,44.8,5.21,eso.bg,false,
2022-02-19 03:00:00,Bulgaria,Bulgaria,BG,508.18,530.92,46.49,7.25,eso.bg,false,
2022-02-19 04:00:00,Bulgaria,Bulgaria,BG,495.95,519.01,47.57,8.9,eso.bg,false,
2022-02-19 05:00:00,Bulgaria,Bulgaria,BG,495.52,518.1,47.9,11.13,eso.bg,false,
2022-02-19 06:00:00,Bulgaria,Bulgaria,BG,473.26,494.68,50.56,16.71,eso.bg,false,
2022-02-19 07:00:00,Bulgaria,Bulgaria,BG,461.95,482.83,52.08,20.22,eso.bg,false,
2022-02-19 08:00:00,Bulgaria,Bulgaria,BG,469.09,489.52,51.7,20.19,eso.bg,false,
2022-02-19 09:00:00,Bulgaria,Bulgaria,BG,476.99,497.49,51.0,19.05,eso.bg,false,
2022-02-19 10:00:00,Bulgaria,Bulgaria,BG,443.58,464.8,53.96,21.0,eso.bg,false,
2022-02-19 11:00:00,Bulgaria,Bulgaria,BG,440.77,461.92,54.16,20.89,eso.bg,false,
2022-02-19 12:00:00,Bulgaria,Bulgaria,BG,457.01,477.87,52.56,19.15,eso.bg,false,
2022-02-19 13:00:00,Bulgaria,Bulgaria,BG,466.71,487.32,51.61,17.93,eso.bg,false,
2022-02-19 14:00:00,Bulgaria,Bulgaria,BG,495.45,515.41,48.95,14.88,eso.bg,false,
2022-02-19 15:00:00,Bulgaria,Bulgaria,BG,524.94,543.79,46.51,14.17,eso.bg,false,
2022-02-19 16:00:00,Bulgaria,Bulgaria,BG,502.27,520.43,48.9,19.49,eso.bg,false,
2022-02-19 17:00:00,Bulgaria,Bulgaria,BG,495.29,513.2,49.69,21.24,eso.bg,false,
2022-02-19 18:00:00,Bulgaria,Bulgaria,BG,512.44,530.48,47.99,18.61,eso.bg,false,
2022-02-19 19:00:00,Bulgaria,Bulgaria,BG,519.0,537.35,47.19,16.24,eso.bg,false,
2022-02-19 20:00:00,Bulgaria,Bulgaria,BG,505.18,524.84,47.98,14.96,eso.bg,false,
2022-02-19 21:00:00,Bulgaria,Bulgaria,BG,515.52,536.91,46.35,10.7,eso.bg,false,
2022-02-19 22:00:00,Bulgaria,Bulgaria,BG,517.1,539.44,45.86,7.05,eso.bg,false,
2022-02-19 23:00:00,Bulgaria,Bulgaria,BG,517.13,539.05,45.82,5.67,eso.bg,false,
2022-02-20 00:00:00,Bulgaria,Bulgaria,BG,505.95,528.2,46.72,6.31,eso.bg,false,
2022-02-20 01:00:00,Bulgaria,Bulgaria,BG,508.57,530.67,46.49,5.85,eso.bg,false,
2022-02-20 02:00:00,Bulgaria,Bulgaria,BG,516.14,537.99,45.84,5.36,eso.bg,false,
2022-02-20 03:00:00,Bulgaria,Bulgaria,BG,509.88,532.45,46.32,6.5,eso.bg,false,
2022-02-20 04:00:00,Bulgaria,Bulgaria,BG,489.47,511.91,48.41,8.97,eso.bg,false,
2022-02-20 05:00:00,Bulgaria,Bulgaria,BG,482.83,504.81,49.28,10.41,eso.bg,false,
2022-02-20 06:00:00,Bulgaria,Bulgaria,BG,495.0,516.41,48.3,10.71,eso.bg,false,
2022-02-20 07:00:00,Bulgaria,Bulgaria,BG,485.22,506.07,49.44,13.87,eso.bg,false,
2022-02-20 08:00:00,Bulgaria,Bulgaria,BG,466.15,486.88,51.36,16.28,eso.bg,false,
2022-02-20 09:00:00,Bulgaria,Bulgaria,BG,455.43,476.45,52.37,17.16,eso.bg,false,
2022-02-20 10:00:00,Bulgaria,Bulgaria,BG,467.99,489.61,51.03,15.37,eso.bg,false,
2022-02-20 11:00:00,Bulgaria,Bulgaria,BG,470.8,492.71,50.6,13.46,eso.bg,false,
2022-02-20 12:00:00,Bulgaria,Bulgaria,BG,479.62,501.96,49.56,11.66,eso.bg,false,
2022-02-20 13:00:00,Bulgaria,Bulgaria,BG,507.16,529.21,46.89,8.89,eso.bg,false,
2022-02-20 14:00:00,Bulgaria,Bulgaria,BG,537.64,558.73,44.23,7.27,eso.bg,false,
2022-02-20 15:00:00,Bulgaria,Bulgaria,BG,536.4,555.57,45.12,12.47,eso.bg,false,
2022-02-20 16:00:00,Bulgaria,Bulgaria,BG,516.6,535.2,47.27,16.95,eso.bg,false,
2022-02-20 17:00:00,Bulgaria,Bulgaria,BG,510.21,528.52,48.01,18.59,eso.bg,false,
2022-02-20 18:00:00,Bulgaria,Bulgaria,BG,517.23,535.78,47.23,16.94,eso.bg,false,
2022-02-20 19:00:00,Bulgaria,Bulgaria,BG,523.19,542.02,46.5,14.92,eso.bg,false,
2022-02-20 20:00:00,Bulgaria,Bulgaria,BG,512.4,532.07,47.17,13.89,eso.bg,false,
2022-02-20 21:00:00,Bulgaria,Bulgaria,BG,502.91,526.24,46.88,10.31,eso.bg,false,
2022-02-20 22:00:00,Bulgaria,Bulgaria,BG,484.4,507.99,48.42,9.01,eso.bg,false,
2022-02-20 23:00:00,Bulgaria,Bulgaria,BG,484.94,508.15,48.51,9.15,eso.bg,false,
2022-02-21 00:00:00,Bulgaria,Bulgaria,BG,471.52,495.41,49.54,10.14,eso.bg,false,
2022-02-21 01:00:00,Bulgaria,Bulgaria,BG,472.06,495.89,49.41,9.45,eso.bg,false,
2022-02-21 02:00:00,Bulgaria,Bulgaria,BG,476.91,500.46,49.0,8.7,eso.bg,false,
2022-02-21 03:00:00,Bulgaria,Bulgaria,BG,490.11,512.63,47.99,8.0,eso.bg,false,
2022-02-21 04:00:00,Bulgaria,Bulgaria,BG,530.44,551.32,44.85,6.97,eso.bg,false,
2022-02-21 05:00:00,Bulgaria,Bulgaria,BG,524.44,543.36,46.37,14.01,eso.bg,false,
2022-02-21 06:00:00,Bulgaria,Bulgaria,BG,507.66,526.55,48.12,16.9,eso.bg,false,
2022-02-21 07:00:00,Bulgaria,Bulgaria,BG,508.79,528.1,48.01,16.81,eso.bg,false,
2022-02-21 08:00:00,Bulgaria,Bulgaria,BG,520.64,540.26,46.82,14.93,eso.bg,false,
2022-02-21 09:00:00,Bulgaria,Bulgaria,BG,520.16,540.35,46.78,14.48,eso.bg,false,
2022-02-21 10:00:00,Bulgaria,Bulgaria,BG,509.07,529.57,47.74,14.97,eso.bg,false,
2022-02-21 11:00:00,Bulgaria,Bulgaria,BG,502.89,523.51,48.25,15.15,eso.bg,false,
2022-02-21 12:00:00,Bulgaria,Bulgaria,BG,482.76,503.77,49.92,15.3,eso.bg,false,
2022-02-21 13:00:00,Bulgaria,Bulgaria,BG,487.87,508.73,49.39,14.35,eso.bg,false,
2022-02-21 14:00:00,Bulgaria,Bulgaria,BG,527.32,547.53,45.79,11.18,eso.bg,false,
2022-02-21 15:00:00,Bulgaria,Bulgaria,BG,547.36,566.71,44.11,10.86,eso.bg,false,
2022-02-21 16:00:00,Bulgaria,Bulgaria,BG,506.48,524.84,48.36,18.22,eso.bg,false,
2022-02-21 17:00:00,Bulgaria,Bulgaria,BG,485.75,503.7,50.51,21.87,eso.bg,false,
2022-02-21 18:00:00,Bulgaria,Bulgaria,BG,495.42,513.56,49.5,19.95,eso.bg,false,
2022-02-21 19:00:00,Bulgaria,Bulgaria,BG,514.04,533.81,47.21,15.75,eso.bg,false,
2022-02-21 20:00:00,Bulgaria,Bulgaria,BG,525.5,547.23,45.53,11.95,eso.bg,false,
2022-02-21 21:00:00,Bulgaria,Bulgaria,BG,519.58,542.24,45.67,10.35,eso.bg,false,
2022-02-21 22:00:00,Bulgaria,Bulgaria,BG,492.91,515.78,48.03,10.64,eso.bg,false,
2022-02-21 23:00:00,Bulgaria,Bulgaria,BG,475.39,498.85,49.44,10.84,eso.bg,false,
2022-02-22 00:00:00,Bulgaria,Bulgaria,BG,481.84,505.2,48.69,9.52,eso.bg,false,
2022-02-22 01:00:00,Bulgaria,Bulgaria,BG,488.33,510.85,48.18,8.48,eso.bg,false,
2022-02-22 02:00:00,Bulgaria,Bulgaria,BG,493.77,515.38,47.82,7.48,eso.bg,false,
2022-02-22 03:00:00,Bulgaria,Bulgaria,BG,501.5,523.17,47.06,6.19,eso.bg,false,
2022-02-22 04:00:00,Bulgaria,Bulgaria,BG,497.61,519.91,47.28,6.66,eso.bg,false,
2022-02-22 05:00:00,Bulgaria,Bulgaria,BG,497.8,517.91,48.16,11.75,eso.bg,false,
2022-02-22 06:00:00,Bulgaria,Bulgaria,BG,491.42,510.69,49.29,16.05,eso.bg,false,
2022-02-22 07:00:00,Bulgaria,Bulgaria,BG,486.32,505.75,49.84,17.15,eso.bg,false,
2022-02-22 08:00:00,Bulgaria,Bulgaria,BG,492.92,512.77,49.11,15.55,eso.bg,false,
2022-02-22 09:00:00,Bulgaria,Bulgaria,BG,500.51,520.76,48.31,14.26,eso.bg,false,
2022-02-22 10:00:00,Bulgaria,Bulgaria,BG,514.63,534.93,46.99,12.56,eso.bg,false,
2022-02-22 11:00:00,Bulgaria,Bulgaria,BG,529.75,550.64,45.42,11.04,eso.bg,false,
2022-02-22 12:00:00,Bulgaria,Bulgaria,BG,521.71,543.06,45.92,10.96,eso.bg,false,
2022-02-22 13:00:00,Bulgaria,Bulgaria,BG,519.72,541.51,45.88,10.38,eso.bg,false,
2022-02-22 14:00:00,Bulgaria,Bulgaria,BG,540.85,561.84,44.18,9.74,eso.bg,false,
2022-02-22 15:00:00,Bulgaria,Bulgaria,BG,516.92,537.4,46.55,12.58,eso.bg,false,
2022-02-22 16:00:00,Bulgaria,Bulgaria,BG,487.47,506.04,50.0,19.31,eso.bg,false,
2022-02-22 17:00:00,Bulgaria,Bulgaria,BG,501.91,520.13,48.84,19.16,eso.bg,false,
2022-02-22 18:00:00,Bulgaria,Bulgaria,BG,512.6,531.62,47.53,16.82,eso.bg,false,
2022-02-22 19:00:00,Bulgaria,Bulgaria,BG,498.57,518.76,48.48,16.69,eso.bg,false,
2022-02-22 20:00:00,Bulgaria,Bulgaria,BG,486.87,508.29,49.12,15.24,eso.bg,false,
2022-02-22 21:00:00,Bulgaria,Bulgaria,BG,496.97,518.97,47.93,12.51,eso.bg,false,
2022-02-22 22:00:00,Bulgaria,Bulgaria,BG,489.09,512.28,48.27,10.91,eso.bg,false,
2022-02-22 23:00:00,Bulgaria,Bulgaria,BG,496.24,519.11,47.67,9.85,eso.bg,false,
2022-02-23 00:00:00,Bulgaria,Bulgaria,BG,498.62,521.6,47.31,9.18,eso.bg,false,
2022-02-23 01:00:00,Bulgaria,Bulgaria,BG,494.25,516.61,47.94,9.92,eso.bg,false,
2022-02-23 02:00:00,Bulgaria,Bulgaria,BG,491.29,513.78,48.18,10.1,eso.bg,false,
2022-02-23 03:00:00,Bulgaria,Bulgaria,BG,506.47,528.72,46.84,8.82,eso.bg,false,
2022-02-23 04:00:00,Bulgaria,Bulgaria,BG,537.17,557.57,44.53,8.41,eso.bg,false,
2022-02-23 05:00:00,Bulgaria,Bulgaria,BG,553.1,571.9,43.78,11.56,eso.bg,false,
2022-02-23 06:00:00,Bulgaria,Bulgaria,BG,552.47,570.94,44.01,12.67,eso.bg,false,
2022-02-23 07:00:00,Bulgaria,Bulgaria,BG,550.4,568.07,44.53,13.97,eso.bg,false,
2022-02-23 08:00:00,Bulgaria,Bulgaria,BG,552.01,569.55,44.45,13.62,eso.bg,false,
2022-02-23 09:00:00,Bulgaria,Bulgaria,BG,561.94,579.77,43.39,11.67,eso.bg,false,
2022-02-23 10:00:00,Bulgaria,Bulgaria,BG,550.74,569.24,44.23,11.0,eso.bg,false,
2022-02-23 11:00:00,Bulgaria,Bulgaria,BG,556.68,575.21,43.62,10.02,eso.bg,false,
2022-02-23 12:00:00,Bulgaria,Bulgaria,BG,543.41,562.22,44.63,9.44,eso.bg,false,
2022-02-23 13:00:00,Bulgaria,Bulgaria,BG,556.46,575.03,43.42,8.32,eso.bg,false,
2022-02-23 14:00:00,Bulgaria,Bulgaria,BG,561.51,579.6,43.14,9.5,eso.bg,false,
2022-02-23 15:00:00,Bulgaria,Bulgaria,BG,541.58,559.29,45.13,12.73,eso.bg,false,
2022-02-23 16:00:00,Bulgaria,Bulgaria,BG,511.7,529.45,48.14,17.61,eso.bg,false,
2022-02-23 17:00:00,Bulgaria,Bulgaria,BG,499.68,517.35,49.37,19.52,eso.bg,false,
2022-02-23 18:00:00,Bulgaria,Bulgaria,BG,509.39,527.26,48.35,17.62,eso.bg,false,
2022-02-23 19:00:00,Bulgaria,Bulgaria,BG,518.29,536.27,47.42,16.16,eso.bg,false,
2022-02-23 20:00:00,Bulgaria,Bulgaria,BG,531.27,549.45,46.1,14.09,eso.bg,false,
2022-02-23 21:00:00,Bulgaria,Bulgaria,BG,539.21,557.63,45.22,12.15,eso.bg,false,
2022-02-23 22:00:00,Bulgaria,Bulgaria,BG,562.89,583.08,42.44,6.82,eso.bg,false,
2022-02-23 23:00:00,Bulgaria,Bulgaria,BG,540.06,562.07,44.0,6.4,eso.bg,false,
2022-02-24 00:00:00,Bulgaria,Bulgaria,BG,531.23,553.89,44.72,7.36,eso.bg,false,
2022-02-24 01:00:00,Bulgaria,Bulgaria,BG,522.96,545.52,45.42,7.38,eso.bg,false,
2022-02-24 02:00:00,Bulgaria,Bulgaria,BG,517.59,540.2,45.92,8.01,eso.bg,false,
2022-02-24 03:00:00,Bulgaria,Bulgaria,BG,495.64,518.19,48.07,10.44,eso.bg,false,
2022-02-24 04:00:00,Bulgaria,Bulgaria,BG,524.97,546.24,45.82,10.52,eso.bg,false,
2022-02-24 05:00:00,Bulgaria,Bulgaria,BG,532.32,552.57,45.52,12.95,eso.bg,false,
2022-02-24 06:00:00,Bulgaria,Bulgaria,BG,518.45,537.6,47.25,16.07,eso.bg,false,
2022-02-24 07:00:00,Bulgaria,Bulgaria,BG,509.35,528.16,48.25,17.79,eso.bg,false,
2022-02-24 08:00:00,Bulgaria,Bulgaria,BG,508.48,528.25,48.08,16.48,eso.bg,false,
2022-02-24 09:00:00,Bulgaria,Bulgaria,BG,489.54,510.68,49.47,16.42,eso.bg,false,
2022-02-24 10:00:00,Bulgaria,Bulgaria,BG,474.05,495.2,50.85,17.13,eso.bg,false,
2022-02-24 11:00:00,Bulgaria,Bulgaria,BG,488.29,509.02,49.53,15.13,eso.bg,false,
2022-02-24 12:00:00,Bulgaria,Bulgaria,BG,484.88,505.16,49.84,14.95,eso.bg,false,
2022-02-24 13:00:00,Bulgaria,Bulgaria,BG,468.93,490.19,50.99,15.56,eso.bg,false,
2022-02-24 14:00:00,Bulgaria,Bulgaria,BG,497.93,517.54,48.7,15.15,eso.bg,false,
2022-02-24 15:00:00,Bulgaria,Bulgaria,BG,527.15,545.86,46.24,14.29,eso.bg,false,
2022-02-24 16:00:00,Bulgaria,Bulgaria,BG,496.18,514.5,49.37,19.38,eso.bg,false,
2022-02-24 17:00:00,Bulgaria,Bulgaria,BG,484.89,503.07,50.48,21.17,eso.bg,false,
2022-02-24 18:00:00,Bulgaria,Bulgaria,BG,489.86,508.14,49.95,20.36,eso.bg,false,
2022-02-24 19:00:00,Bulgaria,Bulgaria,BG,504.03,522.36,48.54,18.05,eso.bg,false,
2022-02-24 20:00:00,Bulgaria,Bulgaria,BG,506.35,525.41,48.14,17.21,eso.bg,false,
2022-02-24 21:00:00,Bulgaria,Bulgaria,BG,516.74,536.17,47.03,15.56,eso.bg,false,
2022-02-24 22:00:00,Bulgaria,Bulgaria,BG,545.37,565.39,44.16,11.12,eso.bg,false,
2022-02-24 23:00:00,Bulgaria,Bulgaria,BG,568.15,586.88,42.32,7.79,eso.bg,false,
2022-02-25 00:00:00,Bulgaria,Bulgaria,BG,569.05,588.44,42.08,7.76,eso.bg,false,
2022-02-25 01:00:00,Bulgaria,Bulgaria,BG,560.69,580.35,42.68,7.2,eso.bg,false,
2022-02-25 02:00:00,Bulgaria,Bulgaria,BG,553.41,572.81,43.37,7.41,eso.bg,false,
2022-02-25 03:00:00,Bulgaria,Bulgaria,BG,557.4,576.55,43.14,8.02,eso.bg,false,
2022-02-25 04:00:00,Bulgaria,Bulgaria,BG,560.27,579.3,42.91,8.18,eso.bg,false,
2022-02-25 05:00:00,Bulgaria,Bulgaria,BG,520.89,539.38,46.92,14.76,eso.bg,false,
2022-02-25 06:00:00,Bulgaria,Bulgaria,BG,501.9,520.66,48.84,17.49,eso.bg,false,
2022-02-25 07:00:00,Bulgaria,Bulgaria,BG,483.58,502.59,50.71,20.34,eso.bg,false,
2022-02-25 08:00:00,Bulgaria,Bulgaria,BG,486.17,505.7,50.43,19.63,eso.bg,false,
2022-02-25 09:00:00,Bulgaria,Bulgaria,BG,490.83,510.79,49.8,18.18,eso.bg,false,
2022-02-25 10:00:00,Bulgaria,Bulgaria,BG,485.29,505.66,50.23,17.86,eso.bg,false,
2022-02-25 11:00:00,Bulgaria,Bulgaria,BG,477.27,497.93,50.88,17.75,eso.bg,false,
2022-02-25 12:00:00,Bulgaria,Bulgaria,BG,481.94,502.67,50.3,16.58,eso.bg,false,
2022-02-25 13:00:00,Bulgaria,Bulgaria,BG,516.55,536.55,47.3,14.84,eso.bg,false,
2022-02-25 14:00:00,Bulgaria,Bulgaria,BG,537.45,557.0,45.31,12.6,eso.bg,false,
2022-02-25 15:00:00,Bulgaria,Bulgaria,BG,548.41,567.13,44.36,11.9,eso.bg,false,
2022-02-25 16:00:00,Bulgaria,Bulgaria,BG,514.9,532.71,47.85,18.0,eso.bg,false,
2022-02-25 17:00:00,Bulgaria,Bulgaria,BG,510.55,528.1,48.39,19.56,eso.bg,false,
2022-02-25 18:00:00,Bulgaria,Bulgaria,BG,514.16,531.8,47.98,18.88,eso.bg,false,
2022-02-25 19:00:00,Bulgaria,Bulgaria,BG,526.82,544.75,46.62,16.56,eso.bg,false,
2022-02-25 20:00:00,Bulgaria,Bulgaria,BG,541.42,559.87,45.07,13.99,eso.bg,false,
2022-02-25 21:00:00,Bulgaria,Bulgaria,BG,529.67,548.92,45.9,13.75,eso.bg,false,
2022-02-25 22:00:00,Bulgaria,Bulgaria,BG,568.56,588.67,41.91,7.21,eso.bg,false,
2022-02-25 23:00:00,Bulgaria,Bulgaria,BG,596.53,615.5,39.57,5.1,eso.bg,false,
2022-02-26 00:00:00,Bulgaria,Bulgaria,BG,597.73,616.83,39.42,5.09,eso.bg,false,
2022-02-26 01:00:00,Bulgaria,Bulgaria,BG,597.56,616.83,39.39,5.05,eso.bg,false,
2022-02-26 02:00:00,Bulgaria,Bulgaria,BG,594.98,614.29,39.6,5.12,eso.bg,false,
2022-02-26 03:00:00,Bulgaria,Bulgaria,BG,589.56,609.01,40.06,5.61,eso.bg,false,
2022-02-26 04:00:00,Bulgaria,Bulgaria,BG,591.62,611.4,39.82,5.6,eso.bg,false,
2022-02-26 05:00:00,Bulgaria,Bulgaria,BG,580.51,600.46,40.91,7.51,eso.bg,false,
2022-02-26 06:00:00,Bulgaria,Bulgaria,BG,538.51,557.29,45.37,13.77,eso.bg,false,
2022-02-26 07:00:00,Bulgaria,Bulgaria,BG,504.68,523.79,48.63,17.91,eso.bg,false,
2022-02-26 08:00:00,Bulgaria,Bulgaria,BG,511.72,531.1,48.06,17.6,eso.bg,false,
2022-02-26 09:00:00,Bulgaria,Bulgaria,BG,510.07,529.93,48.08,16.72,eso.bg,false,
2022-02-26 10:00:00,Bulgaria,Bulgaria,BG,513.27,533.42,47.69,15.5,eso.bg,false,
2022-02-26 11:00:00,Bulgaria,Bulgaria,BG,505.14,525.34,48.44,16.18,eso.bg,false,
2022-02-26 12:00:00,Bulgaria,Bulgaria,BG,517.58,537.57,47.24,14.64,eso.bg,false,
2022-02-26 13:00:00,Bulgaria,Bulgaria,BG,536.08,555.8,45.49,12.56,eso.bg,false,
2022-02-26 14:00:00,Bulgaria,Bulgaria,BG,557.53,576.72,43.51,10.87,eso.bg,false,
2022-02-26 15:00:00,Bulgaria,Bulgaria,BG,556.14,574.58,43.75,11.89,eso.bg,false,
2022-02-26 16:00:00,Bulgaria,Bulgaria,BG,522.9,540.67,47.13,17.13,eso.bg,false,
2022-02-26 17:00:00,Bulgaria,Bulgaria,BG,513.75,531.37,48.06,18.89,eso.bg,false,
2022-02-26 18:00:00,Bulgaria,Bulgaria,BG,519.88,537.68,47.36,17.58,eso.bg,false,
2022-02-26 19:00:00,Bulgaria,Bulgaria,BG,542.91,561.02,45.03,13.87,eso.bg,false,
2022-02-26 20:00:00,Bulgaria,Bulgaria,BG,556.12,574.73,43.61,11.64,eso.bg,false,
2022-02-26 21:00:00,Bulgaria,Bulgaria,BG,568.32,588.48,41.99,8.65,eso.bg,false,
2022-02-26 22:00:00,Bulgaria,Bulgaria,BG,556.53,578.25,42.67,7.22,eso.bg,false,
2022-02-26 23:00:00,Bulgaria,Bulgaria,BG,563.87,583.97,42.3,6.2,eso.bg,false,
2022-02-27 00:00:00,Bulgaria,Bulgaria,BG,569.77,589.5,41.95,7.0,eso.bg,false,
2022-02-27 01:00:00,Bulgaria,Bulgaria,BG,512.93,533.73,46.8,9.36,eso.bg,false,
2022-02-27 02:00:00,Bulgaria,Bulgaria,BG,503.57,524.43,47.61,9.5,eso.bg,false,
2022-02-27 03:00:00,Bulgaria,Bulgaria,BG,515.93,536.38,46.54,8.59,eso.bg,false,
2022-02-27 04:00:00,Bulgaria,Bulgaria,BG,508.37,529.07,47.25,9.55,eso.bg,false,
2022-02-27 05:00:00,Bulgaria,Bulgaria,BG,508.11,529.11,47.3,10.64,eso.bg,false,
2022-02-27 06:00:00,Bulgaria,Bulgaria,BG,557.58,576.88,43.26,9.33,eso.bg,false,
2022-02-27 07:00:00,Bulgaria,Bulgaria,BG,546.28,565.32,44.61,13.1,eso.bg,false,
2022-02-27 08:00:00,Bulgaria,Bulgaria,BG,524.31,543.97,46.65,16.34,eso.bg,false,
2022-02-27 09:00:00,Bulgaria,Bulgaria,BG,514.27,534.57,47.5,17.42,eso.bg,false,
2022-02-27 10:00:00,Bulgaria,Bulgaria,BG,503.53,524.2,48.4,18.08,eso.bg,false,
2022-02-27 11:00:00,Bulgaria,Bulgaria,BG,495.98,516.79,49.07,18.55,eso.bg,false,
2022-02-27 12:00:00,Bulgaria,Bulgaria,BG,494.96,515.89,49.09,18.11,eso.bg,false,
2022-02-27 13:00:00,Bulgaria,Bulgaria,BG,499.6,520.5,48.64,17.42,eso.bg,false,
2022-02-27 14:00:00,Bulgaria,Bulgaria,BG,511.75,532.18,47.63,17.09,eso.bg,false,
2022-02-27 15:00:00,Bulgaria,Bulgaria,BG,508.96,528.16,48.18,18.95,eso.bg,false,
2022-02-27 16:00:00,Bulgaria,Bulgaria,BG,489.92,508.29,50.24,22.27,eso.bg,false,
2022-02-27 17:00:00,Bulgaria,Bulgaria,BG,482.53,500.65,51.03,23.49,eso.bg,false,
2022-02-27 18:00:00,Bulgaria,Bulgaria,BG,488.82,507.16,50.35,22.34,eso.bg,false,
2022-02-27 19:00:00,Bulgaria,Bulgaria,BG,508.03,526.91,48.36,19.31,eso.bg,false,
2022-02-27 20:00:00,Bulgaria,Bulgaria,BG,497.89,518.07,48.97,18.62,eso.bg,false,
2022-02-27 21:00:00,Bulgaria,Bulgaria,BG,476.13,497.68,50.52,17.68,eso.bg,false,
2022-02-27 22:00:00,Bulgaria,Bulgaria,BG,470.68,492.69,50.84,16.22,eso.bg,false,
2022-02-27 23:00:00,Bulgaria,Bulgaria,BG,460.62,482.49,51.66,15.72,eso.bg,false,
2022-02-28 00:00:00,Bulgaria,Bulgaria,BG,460.13,481.85,51.68,15.54,eso.bg,false,
2022-02-28 01:00:00,Bulgaria,Bulgaria,BG,462.15,483.56,51.63,15.41,eso.bg,false,
2022-02-28 02:00:00,Bulgaria,Bulgaria,BG,464.89,486.16,51.4,14.98,eso.bg,false,
2022-02-28 03:00:00,Bulgaria,Bulgaria,BG,472.42,493.38,50.76,14.3,eso.bg,false,
2022-02-28 04:00:00,Bulgaria,Bulgaria,BG,525.46,545.04,46.31,13.0,eso.bg,false,
2022-02-28 05:00:00,Bulgaria,Bulgaria,BG,537.64,555.89,45.62,14.35,eso.bg,false,
2022-02-28 06:00:00,Bulgaria,Bulgaria,BG,534.93,553.03,45.97,14.92,eso.bg,false,
2022-02-28 07:00:00,Bulgaria,Bulgaria,BG,517.47,536.04,47.6,17.68,eso.bg,false,
2022-02-28 08:00:00,Bulgaria,Bulgaria,BG,506.23,524.95,48.69,19.09,eso.bg,false,
2022-02-28 09:00:00,Bulgaria,Bulgaria,BG,517.67,537.12,47.52,18.08,eso.bg,false,
2022-02-28 10:00:00,Bulgaria,Bulgaria,BG,518.54,538.46,47.32,17.46,eso.bg,false,
2022-02-28 11:00:00,Bulgaria,Bulgaria,BG,510.36,530.82,47.91,17.81,eso.bg,false,
2022-02-28 12:00:00,Bulgaria,Bulgaria,BG,508.51,529.2,48.0,17.92,eso.bg,false,
2022-02-28 13:00:00,Bulgaria,Bulgaria,BG,528.98,549.45,46.14,16.36,eso.bg,false,
2022-02-28 14:00:00,Bulgaria,Bulgaria,BG,532.68,552.36,45.94,16.77,eso.bg,false,
2022-02-28 15:00:00,Bulgaria,Bulgaria,BG,518.4,537.54,47.33,18.48,eso.bg,false,
2022-02-28 16:00:00,Bulgaria,Bulgaria,BG,501.79,519.79,49.22,21.68,eso.bg,false,
2022-02-28 17:00:00,Bulgaria,Bulgaria,BG,486.67,504.66,50.71,23.97,eso.bg,false,
2022-02-28 18:00:00,Bulgaria,Bulgaria,BG,491.82,511.0,49.96,22.34,eso.bg,false,
2022-02-28 19:00:00,Bulgaria,Bulgaria,BG,483.18,503.56,50.32,20.98,eso.bg,false,
2022-02-28 20:00:00,Bulgaria,Bulgaria,BG,470.92,492.25,51.19,20.57,eso.bg,false,
2022-02-28 21:00:00,Bulgaria,Bulgaria,BG,497.38,519.07,48.64,17.36,eso.bg,false,
2022-02-28 22:00:00,Bulgaria,Bulgaria,BG,506.33,526.98,48.05,15.72,eso.bg,false,
2022-02-28 23:00:00,Bulgaria,Bulgaria,BG,495.5,516.5,48.93,14.88,eso.bg,false,
2022-03-01 00:00:00,Bulgaria,Bulgaria,BG,491.22,512.62,49.12,14.17,eso.bg,false,
2022-03-01 01:00:00,Bulgaria,Bulgaria,BG,491.65,513.11,49.0,13.81,eso.bg,false,
2022-03-01 02:00:00,Bulgaria,Bulgaria,BG,505.21,526.12,47.82,12.81,eso.bg,false,
2022-03-01 03:00:00,Bulgaria,Bulgaria,BG,521.31,541.71,46.47,12.11,eso.bg,false,
2022-03-01 04:00:00,Bulgaria,Bulgaria,BG,571.52,590.23,42.22,9.63,eso.bg,false,
2022-03-01 05:00:00,Bulgaria,Bulgaria,BG,546.73,564.78,44.87,14.63,eso.bg,false,
2022-03-01 06:00:00,Bulgaria,Bulgaria,BG,531.0,549.04,46.41,16.61,eso.bg,false,
2022-03-01 07:00:00,Bulgaria,Bulgaria,BG,521.47,539.43,47.34,17.9,eso.bg,false,
2022-03-01 08:00:00,Bulgaria,Bulgaria,BG,528.18,546.28,46.69,17.02,eso.bg,false,
2022-03-01 09:00:00,Bulgaria,Bulgaria,BG,551.31,569.49,44.53,14.39,eso.bg,false,
2022-03-01 10:00:00,Bulgaria,Bulgaria,BG,561.53,579.7,43.62,13.21,eso.bg,false,
2022-03-01 11:00:00,Bulgaria,Bulgaria,BG,556.28,574.76,43.98,13.41,eso.bg,false,
2022-03-01 12:00:00,Bulgaria,Bulgaria,BG,555.46,574.09,43.98,13.15,eso.bg,false,
2022-03-01 13:00:00,Bulgaria,Bulgaria,BG,556.12,574.79,43.88,12.84,eso.bg,false,
2022-03-01 14:00:00,Bulgaria,Bulgaria,BG,553.15,571.69,44.13,13.13,eso.bg,false,
2022-03-01 15:00:00,Bulgaria,Bulgaria,BG,537.93,556.06,45.63,15.19,eso.bg,false,
2022-03-01 16:00:00,Bulgaria,Bulgaria,BG,511.58,529.41,48.23,19.32,eso.bg,false,
2022-03-01 17:00:00,Bulgaria,Bulgaria,BG,497.73,515.32,49.67,21.59,eso.bg,false,
2022-03-01 18:00:00,Bulgaria,Bulgaria,BG,508.25,525.98,48.59,19.97,eso.bg,false,
2022-03-01 19:00:00,Bulgaria,Bulgaria,BG,527.78,545.8,46.6,16.86,eso.bg,false,
2022-03-01 20:00:00,Bulgaria,Bulgaria,BG,542.35,560.65,45.06,14.52,eso.bg,false,
2022-03-01 21:00:00,Bulgaria,Bulgaria,BG,565.5,584.11,42.74,10.88,eso.bg,false,
2022-03-01 22:00:00,Bulgaria,Bulgaria,BG,587.31,606.23,40.5,6.75,eso.bg,false,
2022-03-01 23:00:00,Bulgaria,Bulgaria,BG,596.5,615.37,39.62,5.51,eso.bg,false,
2022-03-02 00:00:00,Bulgaria,Bulgaria,BG,594.24,613.33,39.72,5.53,eso.bg,false,
2022-03-02 01:00:00,Bulgaria,Bulgaria,BG,593.82,612.95,39.75,5.77,eso.bg,false,
2022-03-02 02:00:00,Bulgaria,Bulgaria,BG,585.91,605.04,40.49,6.22,eso.bg,false,
2022-03-02 03:00:00,Bulgaria,Bulgaria,BG,585.49,604.67,40.51,6.37,eso.bg,false,
2022-03-02 04:00:00,Bulgaria,Bulgaria,BG,594.55,613.42,39.83,6.92,eso.bg,false,
2022-03-02 05:00:00,Bulgaria,Bulgaria,BG,561.53,580.41,42.92,11.59,eso.bg,false,
2022-03-02 06:00:00,Bulgaria,Bulgaria,BG,544.99,564.31,44.4,14.55,eso.bg,false,
2022-03-02 07:00:00,Bulgaria,Bulgaria,BG,543.15,562.52,44.67,15.45,eso.bg,false,
2022-03-02 08:00:00,Bulgaria,Bulgaria,BG,543.12,562.98,44.52,14.98,eso.bg,false,
2022-03-02 09:00:00,Bulgaria,Bulgaria,BG,541.95,561.93,44.71,14.46,eso.bg,false,
2022-03-02 10:00:00,Bulgaria,Bulgaria,BG,530.88,550.88,45.84,14.71,eso.bg,false,
2022-03-02 11:00:00,Bulgaria,Bulgaria,BG,516.86,536.95,47.06,15.69,eso.bg,false,
2022-03-02 12:00:00,Bulgaria,Bulgaria,BG,512.49,532.61,47.34,15.33,eso.bg,false,
2022-03-02 13:00:00,Bulgaria,Bulgaria,BG,534.18,553.78,45.36,13.78,eso.bg,false,
2022-03-02 14:00:00,Bulgaria,Bulgaria,BG,530.95,550.48,45.59,14.47,eso.bg,false,
2022-03-02 15:00:00,Bulgaria,Bulgaria,BG,522.14,540.96,46.68,16.36,eso.bg,false,
2022-03-02 16:00:00,Bulgaria,Bulgaria,BG,495.35,513.17,49.66,20.64,eso.bg,false,
2022-03-02 17:00:00,Bulgaria,Bulgaria,BG,475.02,492.58,51.73,23.99,eso.bg,false,
2022-03-02 18:00:00,Bulgaria,Bulgaria,BG,483.37,501.04,50.87,22.52,eso.bg,false,
2022-03-02 19:00:00,Bulgaria,Bulgaria,BG,498.44,516.4,49.32,19.83,eso.bg,false,
2022-03-02 20:00:00,Bulgaria,Bulgaria,BG,511.61,529.92,47.86,16.8,eso.bg,false,
2022-03-02 21:00:00,Bulgaria,Bulgaria,BG,518.69,537.23,47.1,15.44,eso.bg,false,
2022-03-02 22:00:00,Bulgaria,Bulgaria,BG,526.21,545.1,46.21,12.53,eso.bg,false,
2022-03-02 23:00:00,Bulgaria,Bulgaria,BG,533.26,552.98,45.11,9.81,eso.bg,false,
2022-03-03 00:00:00,Bulgaria,Bulgaria,BG,530.79,551.04,45.13,9.38,eso.bg,false,
2022-03-03 01:00:00,Bulgaria,Bulgaria,BG,520.22,540.63,45.99,9.58,eso.bg,false,
2022-03-03 02:00:00,Bulgaria,Bulgaria,BG,529.51,549.93,45.17,9.19,eso.bg,false,
2022-03-03 03:00:00,Bulgaria,Bulgaria,BG,539.03,558.95,44.42,8.76,eso.bg,false,
2022-03-03 04:00:00,Bulgaria,Bulgaria,BG,550.37,569.85,43.6,9.54,eso.bg,false,
2022-03-03 05:00:00,Bulgaria,Bulgaria,BG,534.12,553.15,45.42,13.17,eso.bg,false,
2022-03-03 06:00:00,Bulgaria,Bulgaria,BG,496.93,515.58,49.22,19.13,eso.bg,false,
2022-03-03 07:00:00,Bulgaria,Bulgaria,BG,484.09,502.63,50.6,21.83,eso.bg,false,
2022-03-03 08:00:00,Bulgaria,Bulgaria,BG,484.89,503.61,50.58,22.16,eso.bg,false,
2022-03-03 09:00:00,Bulgaria,Bulgaria,BG,484.74,503.77,50.52,21.93,eso.bg,false,
2022-03-03 10:00:00,Bulgaria,Bulgaria,BG,497.93,517.16,49.25,20.22,eso.bg,false,
2022-03-03 11:00:00,Bulgaria,Bulgaria,BG,502.21,521.3,48.81,19.43,eso.bg,false,
2022-03-03 12:00:00,Bulgaria,Bulgaria,BG,513.74,532.86,47.59,17.54,eso.bg,false,
2022-03-03 13:00:00,Bulgaria,Bulgaria,BG,525.67,544.87,46.39,15.7,eso.bg,false,
2022-03-03 14:00:00,Bulgaria,Bulgaria,BG,526.7,545.91,46.29,15.5,eso.bg,false,
2022-03-03 15:00:00,Bulgaria,Bulgaria,BG,524.23,543.0,46.52,15.89,eso.bg,false,
2022-03-03 16:00:00,Bulgaria,Bulgaria,BG,503.54,521.86,48.61,19.16,eso.bg,false,
2022-03-03 17:00:00,Bulgaria,Bulgaria,BG,486.24,504.28,50.42,22.1,eso.bg,false,
2022-03-03 18:00:00,Bulgaria,Bulgaria,BG,496.9,515.05,49.35,20.42,eso.bg,false,
2022-03-03 19:00:00,Bulgaria,Bulgaria,BG,516.79,535.2,47.3,17.22,eso.bg,false,
2022-03-03 20:00:00,Bulgaria,Bulgaria,BG,523.43,542.17,46.51,15.27,eso.bg,false,
2022-03-03 21:00:00,Bulgaria,Bulgaria,BG,542.67,561.61,44.6,12.64,eso.bg,false,
2022-03-03 22:00:00,Bulgaria,Bulgaria,BG,578.97,598.23,41.03,7.15,eso.bg,false,
2022-03-03 23:00:00,Bulgaria,Bulgaria,BG,581.31,600.63,40.78,6.64,eso.bg,false,
2022-03-04 00:00:00,Bulgaria,Bulgaria,BG,573.19,592.7,41.4,7.04,eso.bg,false,
2022-03-04 01:00:00,Bulgaria,Bulgaria,BG,570.31,589.99,41.61,7.08,eso.bg,false,
2022-03-04 02:00:00,Bulgaria,Bulgaria,BG,575.64,595.43,41.05,6.17,eso.bg,false,
2022-03-04 03:00:00,Bulgaria,Bulgaria,BG,568.39,588.26,41.72,6.65,eso.bg,false,
2022-03-04 04:00:00,Bulgaria,Bulgaria,BG,562.8,582.27,42.46,8.89,eso.bg,false,
2022-03-04 05:00:00,Bulgaria,Bulgaria,BG,555.36,574.85,43.21,11.59,eso.bg,false,
2022-03-04 06:00:00,Bulgaria,Bulgaria,BG,538.63,558.19,44.94,15.5,eso.bg,false,
2022-03-04 07:00:00,Bulgaria,Bulgaria,BG,522.54,542.07,46.67,18.2,eso.bg,false,
2022-03-04 08:00:00,Bulgaria,Bulgaria,BG,540.88,560.78,44.89,15.3,eso.bg,false,
2022-03-04 09:00:00,Bulgaria,Bulgaria,BG,535.18,555.48,45.34,14.69,eso.bg,false,
2022-03-04 10:00:00,Bulgaria,Bulgaria,BG,530.71,551.41,45.59,14.0,eso.bg,false,
2022-03-04 11:00:00,Bulgaria,Bulgaria,BG,525.83,546.64,46.01,14.23,eso.bg,false,
2022-03-04 12:00:00,Bulgaria,Bulgaria,BG,551.53,572.3,43.61,11.55,eso.bg,false,
2022-03-04 13:00:00,Bulgaria,Bulgaria,BG,566.49,586.77,42.25,9.55,eso.bg,false,
2022-03-04 14:00:00,Bulgaria,Bulgaria,BG,583.81,603.66,40.67,8.41,eso.bg,false,
2022-03-04 15:00:00,Bulgaria,Bulgaria,BG,556.5,575.29,43.49,12.73,eso.bg,false,
2022-03-04 16:00:00,Bulgaria,Bulgaria,BG,525.83,543.91,46.68,18.15,eso.bg,false,
2022-03-04 17:00:00,Bulgaria,Bulgaria,BG,522.35,540.34,47.06,18.96,eso.bg,false,
2022-03-04 18:00:00,Bulgaria,Bulgaria,BG,513.91,531.94,47.8,19.47,eso.bg,false,
2022-03-04 19:00:00,Bulgaria,Bulgaria,BG,519.48,537.62,47.25,18.49,eso.bg,false,
2022-03-04 20:00:00,Bulgaria,Bulgaria,BG,533.33,551.73,45.8,16.31,eso.bg,false,
2022-03-04 21:00:00,Bulgaria,Bulgaria,BG,556.83,575.52,43.45,12.77,eso.bg,false,
2022-03-04 22:00:00,Bulgaria,Bulgaria,BG,600.75,619.92,39.06,5.91,eso.bg,false,
2022-03-04 23:00:00,Bulgaria,Bulgaria,BG,613.49,633.07,37.68,2.94,eso.bg,false,
2022-03-05 00:00:00,Bulgaria,Bulgaria,BG,615.22,634.96,37.4,2.73,eso.bg,false,
2022-03-05 01:00:00,Bulgaria,Bulgaria,BG,608.4,628.14,37.98,2.9,eso.bg,false,
2022-03-05 02:00:00,Bulgaria,Bulgaria,BG,613.48,633.13,37.54,2.88,eso.bg,false,
2022-03-05 03:00:00,Bulgaria,Bulgaria,BG,612.49,632.05,37.7,3.25,eso.bg,false,
2022-03-05 04:00:00,Bulgaria,Bulgaria,BG,605.27,624.85,38.39,3.63,eso.bg,false,
2022-03-05 05:00:00,Bulgaria,Bulgaria,BG,587.36,606.85,40.15,5.83,eso.bg,false,
2022-03-05 06:00:00,Bulgaria,Bulgaria,BG,575.3,594.36,41.62,9.51,eso.bg,false,
2022-03-05 07:00:00,Bulgaria,Bulgaria,BG,552.82,571.6,44.01,13.76,eso.bg,false,
2022-03-05 08:00:00,Bulgaria,Bulgaria,BG,539.57,558.57,45.27,15.13,eso.bg,false,
2022-03-05 09:00:00,Bulgaria,Bulgaria,BG,536.05,555.24,45.56,15.26,eso.bg,false,
2022-03-05 10:00:00,Bulgaria,Bulgaria,BG,537.26,556.73,45.46,15.15,eso.bg,false,
2022-03-05 11:00:00,Bulgaria,Bulgaria,BG,549.86,569.25,44.27,13.16,eso.bg,false,
2022-03-05 12:00:00,Bulgaria,Bulgaria,BG,559.12,578.32,43.38,11.73,eso.bg,false,
2022-03-05 13:00:00,Bulgaria,Bulgaria,BG,553.93,573.33,43.77,12.44,eso.bg,false,
2022-03-05 14:00:00,Bulgaria,Bulgaria,BG,561.2,580.01,43.15,11.36,eso.bg,false,
2022-03-05 15:00:00,Bulgaria,Bulgaria,BG,536.39,554.57,45.69,15.35,eso.bg,false,
2022-03-05 16:00:00,Bulgaria,Bulgaria,BG,521.29,539.09,47.25,17.99,eso.bg,false,
2022-03-05 17:00:00,Bulgaria,Bulgaria,BG,513.76,531.53,47.97,19.2,eso.bg,false,
2022-03-05 18:00:00,Bulgaria,Bulgaria,BG,513.42,531.38,47.91,18.56,eso.bg,false,
2022-03-05 19:00:00,Bulgaria,Bulgaria,BG,536.47,554.73,45.56,15.05,eso.bg,false,
2022-03-05 20:00:00,Bulgaria,Bulgaria,BG,552.2,570.58,44.0,12.67,eso.bg,false,
2022-03-05 21:00:00,Bulgaria,Bulgaria,BG,567.67,586.18,42.49,10.45,eso.bg,false,
2022-03-05 22:00:00,Bulgaria,Bulgaria,BG,582.98,601.79,40.92,7.37,eso.bg,false,
2022-03-05 23:00:00,Bulgaria,Bulgaria,BG,581.34,600.14,41.06,7.0,eso.bg,false,
2022-03-06 00:00:00,Bulgaria,Bulgaria,BG,585.21,604.02,40.7,6.31,eso.bg,false,
2022-03-06 01:00:00,Bulgaria,Bulgaria,BG,589.35,607.89,40.42,5.66,eso.bg,false,
2022-03-06 02:00:00,Bulgaria,Bulgaria,BG,581.34,599.98,41.16,6.2,eso.bg,false,
2022-03-06 03:00:00,Bulgaria,Bulgaria,BG,584.81,603.5,40.81,5.9,eso.bg,false,
2022-03-06 04:00:00,Bulgaria,Bulgaria,BG,585.57,604.37,40.71,5.89,eso.bg,false,
2022-03-06 05:00:00,Bulgaria,Bulgaria,BG,583.26,602.0,40.94,6.42,eso.bg,false,
2022-03-06 06:00:00,Bulgaria,Bulgaria,BG,550.58,568.7,44.34,12.18,eso.bg,false,
2022-03-06 07:00:00,Bulgaria,Bulgaria,BG,521.37,539.11,47.36,17.19,eso.bg,false,
2022-03-06 08:00:00,Bulgaria,Bulgaria,BG,507.88,525.59,48.72,19.33,eso.bg,false,
2022-03-06 09:00:00,Bulgaria,Bulgaria,BG,497.62,515.24,49.7,20.52,eso.bg,false,
2022-03-06 10:00:00,Bulgaria,Bulgaria,BG,500.37,517.93,49.47,20.23,eso.bg,false,
2022-03-06 11:00:00,Bulgaria,Bulgaria,BG,517.43,535.17,47.8,18.17,eso.bg,false,
2022-03-06 12:00:00,Bulgaria,Bulgaria,BG,523.4,541.19,47.19,17.21,eso.bg,false,
2022-03-06 13:00:00,Bulgaria,Bulgaria,BG,525.77,543.53,46.93,16.83,eso.bg,false,
2022-03-06 14:00:00,Bulgaria,Bulgaria,BG,521.12,538.78,47.43,17.62,eso.bg,false,
2022-03-06 15:00:00,Bulgaria,Bulgaria,BG,510.68,528.15,48.47,19.31,eso.bg,false,
2022-03-06 16:00:00,Bulgaria,Bulgaria,BG,492.94,510.18,50.25,22.09,eso.bg,false,
2022-03-06 17:00:00,Bulgaria,Bulgaria,BG,491.63,508.79,50.4,22.39,eso.bg,false,
2022-03-06 18:00:00,Bulgaria,Bulgaria,BG,499.84,517.0,49.62,21.33,eso.bg,false,
2022-03-06 19:00:00,Bulgaria,Bulgaria,BG,515.35,532.62,48.12,19.3,eso.bg,false,
2022-03-06 20:00:00,Bulgaria,Bulgaria,BG,543.11,560.68,45.35,15.4,eso.bg,false,
2022-03-06 21:00:00,Bulgaria,Bulgaria,BG,561.88,579.73,43.48,12.53,eso.bg,false,
2022-03-06 22:00:00,Bulgaria,Bulgaria,BG,597.02,615.57,39.99,7.05,eso.bg,false,
2022-03-06 23:00:00,Bulgaria,Bulgaria,BG,597.39,616.16,39.63,5.32,eso.bg,false,
2022-03-07 00:00:00,Bulgaria,Bulgaria,BG,588.56,607.46,40.28,5.84,eso.bg,false,
2022-03-07 01:00:00,Bulgaria,Bulgaria,BG,590.5,609.39,40.12,5.86,eso.bg,false,
2022-03-07 02:00:00,Bulgaria,Bulgaria,BG,594.55,613.4,39.78,5.78,eso.bg,false,
2022-03-07 03:00:00,Bulgaria,Bulgaria,BG,591.4,610.21,40.1,6.21,eso.bg,false,
2022-03-07 04:00:00,Bulgaria,Bulgaria,BG,597.0,615.68,39.65,6.67,eso.bg,false,
2022-03-07 05:00:00,Bulgaria,Bulgaria,BG,568.21,587.4,42.2,11.4,eso.bg,false,
2022-03-07 06:00:00,Bulgaria,Bulgaria,BG,555.45,575.65,43.02,13.64,eso.bg,false,
2022-03-07 07:00:00,Bulgaria,Bulgaria,BG,549.02,568.8,43.97,15.61,eso.bg,false,
2022-03-07 08:00:00,Bulgaria,Bulgaria,BG,544.45,564.4,44.35,15.91,eso.bg,false,
2022-03-07 09:00:00,Bulgaria,Bulgaria,BG,544.58,564.48,44.39,15.72,eso.bg,false,
2022-03-07 10:00:00,Bulgaria,Bulgaria,BG,554.93,575.25,43.29,14.1,eso.bg,false,
2022-03-07 11:00:00,Bulgaria,Bulgaria,BG,559.28,579.44,43.02,13.59,eso.bg,false,
2022-03-07 12:00:00,Bulgaria,Bulgaria,BG,549.4,569.77,43.8,14.08,eso.bg,false,
2022-03-07 13:00:00,Bulgaria,Bulgaria,BG,560.9,581.1,42.73,13.13,eso.bg,false,
2022-03-07 14:00:00,Bulgaria,Bulgaria,BG,557.6,578.26,42.71,13.49,eso.bg,false,
2022-03-07 15:00:00,Bulgaria,Bulgaria,BG,564.47,584.6,42.19,12.69,eso.bg,false,
2022-03-07 16:00:00,Bulgaria,Bulgaria,BG,536.49,556.03,45.06,16.88,eso.bg,false,
2022-03-07 17:00:00,Bulgaria,Bulgaria,BG,498.77,517.42,48.97,21.71,eso.bg,false,
2022-03-07 18:00:00,Bulgaria,Bulgaria,BG,496.22,513.92,49.65,22.15,eso.bg,false,
2022-03-07 19:00:00,Bulgaria,Bulgaria,BG,510.7,528.72,48.13,19.79,eso.bg,false,
2022-03-07 20:00:00,Bulgaria,Bulgaria,BG,532.8,551.06,45.94,16.82,eso.bg,false,
2022-03-07 21:00:00,Bulgaria,Bulgaria,BG,561.72,580.57,42.94,12.42,eso.bg,false,
2022-03-07 22:00:00,Bulgaria,Bulgaria,BG,603.09,622.0,38.98,6.4,eso.bg,false,
2022-03-07 23:00:00,Bulgaria,Bulgaria,BG,616.12,635.02,37.74,4.06,eso.bg,false,
2022-03-08 00:00:00,Bulgaria,Bulgaria,BG,614.48,633.64,37.78,4.05,eso.bg,false,
2022-03-08 01:00:00,Bulgaria,Bulgaria,BG,618.03,637.12,37.48,3.93,eso.bg,false,
2022-03-08 02:00:00,Bulgaria,Bulgaria,BG,619.87,638.91,37.32,3.77,eso.bg,false,
2022-03-08 03:00:00,Bulgaria,Bulgaria,BG,614.37,633.57,37.72,3.71,eso.bg,false,
2022-03-08 04:00:00,Bulgaria,Bulgaria,BG,610.6,629.35,38.37,5.61,eso.bg,false,
2022-03-08 05:00:00,Bulgaria,Bulgaria,BG,570.44,589.31,42.14,11.97,eso.bg,false,
2022-03-08 06:00:00,Bulgaria,Bulgaria,BG,547.69,567.68,43.9,14.77,eso.bg,false,
2022-03-08 07:00:00,Bulgaria,Bulgaria,BG,535.29,555.28,45.13,16.61,eso.bg,false,
2022-03-08 08:00:00,Bulgaria,Bulgaria,BG,534.75,554.63,45.29,16.7,eso.bg,false,
2022-03-08 09:00:00,Bulgaria,Bulgaria,BG,532.79,552.31,45.68,17.12,eso.bg,false,
2022-03-08 10:00:00,Bulgaria,Bulgaria,BG,541.44,560.84,44.94,15.72,eso.bg,false,
2022-03-08 11:00:00,Bulgaria,Bulgaria,BG,545.88,565.39,44.5,15.01,eso.bg,false,
2022-03-08 12:00:00,Bulgaria,Bulgaria,BG,549.46,569.84,43.78,14.15,eso.bg,false,
2022-03-08 13:00:00,Bulgaria,Bulgaria,BG,563.77,584.1,42.37,12.01,eso.bg,false,
2022-03-08 14:00:00,Bulgaria,Bulgaria,BG,554.08,573.64,43.57,13.64,eso.bg,false,
2022-03-08 15:00:00,Bulgaria,Bulgaria,BG,550.78,570.13,43.87,14.23,eso.bg,false,
2022-03-08 16:00:00,Bulgaria,Bulgaria,BG,516.24,534.31,47.68,19.57,eso.bg,false,
2022-03-08 17:00:00,Bulgaria,Bulgaria,BG,496.57,514.12,49.7,22.57,eso.bg,false,
2022-03-08 18:00:00,Bulgaria,Bulgaria,BG,516.08,533.82,47.76,19.64,eso.bg,false,
2022-03-08 19:00:00,Bulgaria,Bulgaria,BG,516.78,534.72,47.57,18.6,eso.bg,false,
2022-03-08 20:00:00,Bulgaria,Bulgaria,BG,526.51,544.54,46.6,17.05,eso.bg,false,
2022-03-08 21:00:00,Bulgaria,Bulgaria,BG,559.04,577.43,43.36,12.42,eso.bg,false,
2022-03-08 22:00:00,Bulgaria,Bulgaria,BG,594.11,612.99,39.9,7.26,eso.bg,false,
2022-03-08 23:00:00,Bulgaria,Bulgaria,BG,604.67,623.47,38.91,6.09,eso.bg,false,
2022-03-09 00:00:00,Bulgaria,Bulgaria,BG,602.97,622.01,38.92,5.91,eso.bg,false,
2022-03-09 01:00:00,Bulgaria,Bulgaria,BG,600.21,619.14,39.23,6.26,eso.bg,false,
2022-03-09 02:00:00,Bulgaria,Bulgaria,BG,595.0,613.97,39.71,6.7,eso.bg,false,
2022-03-09 03:00:00,Bulgaria,Bulgaria,BG,592.11,611.12,39.97,6.95,eso.bg,false,
2022-03-09 04:00:00,Bulgaria,Bulgaria,BG,582.1,601.16,40.88,8.53,eso.bg,false,
2022-03-09 05:00:00,Bulgaria,Bulgaria,BG,560.34,579.21,43.07,12.36,eso.bg,false,
2022-03-09 06:00:00,Bulgaria,Bulgaria,BG,529.57,548.64,46.12,17.17,eso.bg,false,
2022-03-09 07:00:00,Bulgaria,Bulgaria,BG,521.59,540.83,46.94,18.5,eso.bg,false,
2022-03-09 08:00:00,Bulgaria,Bulgaria,BG,523.31,542.6,46.86,18.02,eso.bg,false,
2022-03-09 09:00:00,Bulgaria,Bulgaria,BG,523.34,543.17,46.66,17.01,eso.bg,false,
2022-03-09 10:00:00,Bulgaria,Bulgaria,BG,540.94,560.73,45.06,15.08,eso.bg,false,
2022-03-09 11:00:00,Bulgaria,Bulgaria,BG,552.78,572.55,43.87,13.62,eso.bg,false,
2022-03-09 12:00:00,Bulgaria,Bulgaria,BG,558.12,578.14,43.22,12.72,eso.bg,false,
2022-03-09 13:00:00,Bulgaria,Bulgaria,BG,564.68,584.68,42.52,11.98,eso.bg,false,
2022-03-09 14:00:00,Bulgaria,Bulgaria,BG,566.82,586.57,42.35,12.32,eso.bg,false,
2022-03-09 15:00:00,Bulgaria,Bulgaria,BG,548.81,567.66,44.4,15.17,eso.bg,false,
2022-03-09 16:00:00,Bulgaria,Bulgaria,BG,517.56,535.57,47.66,20.03,eso.bg,false,
2022-03-09 17:00:00,Bulgaria,Bulgaria,BG,501.86,519.37,49.32,22.58,eso.bg,false,
2022-03-09 18:00:00,Bulgaria,Bulgaria,BG,504.97,522.38,49.06,22.11,eso.bg,false,
2022-03-09 19:00:00,Bulgaria,Bulgaria,BG,516.13,533.75,47.91,20.39,eso.bg,false,
2022-03-09 20:00:00,Bulgaria,Bulgaria,BG,537.33,555.24,45.75,17.13,eso.bg,false,
2022-03-09 21:00:00,Bulgaria,Bulgaria,BG,543.87,561.99,45.0,15.39,eso.bg,false,
2022-03-09 22:00:00,Bulgaria,Bulgaria,BG,572.52,591.01,42.12,10.8,eso.bg,false,
2022-03-09 23:00:00,Bulgaria,Bulgaria,BG,575.43,594.02,41.8,9.48,eso.bg,false,
2022-03-10 00:00:00,Bulgaria,Bulgaria,BG,575.84,594.49,41.73,9.36,eso.bg,false,
2022-03-10 01:00:00,Bulgaria,Bulgaria,BG,578.69,597.35,41.45,9.25,eso.bg,false,
2022-03-10 02:00:00,Bulgaria,Bulgaria,BG,564.56,583.47,42.59,9.44,eso.bg,false,
2022-03-10 03:00:00,Bulgaria,Bulgaria,BG,574.86,593.67,41.76,9.41,eso.bg,false,
2022-03-10 04:00:00,Bulgaria,Bulgaria,BG,574.43,592.98,41.9,10.16,eso.bg,false,
2022-03-10 05:00:00,Bulgaria,Bulgaria,BG,556.01,574.29,43.83,13.74,eso.bg,false,
2022-03-10 06:00:00,Bulgaria,Bulgaria,BG,522.67,541.0,47.09,18.44,eso.bg,false,
2022-03-10 07:00:00,Bulgaria,Bulgaria,BG,511.06,529.62,48.26,20.17,eso.bg,false,
2022-03-10 08:00:00,Bulgaria,Bulgaria,BG,511.32,530.14,48.28,20.01,eso.bg,false,
2022-03-10 09:00:00,Bulgaria,Bulgaria,BG,518.37,537.12,47.68,19.68,eso.bg,false,
2022-03-10 10:00:00,Bulgaria,Bulgaria,BG,526.89,545.71,46.83,18.55,eso.bg,false,
2022-03-10 11:00:00,Bulgaria,Bulgaria,BG,527.38,546.19,46.81,18.49,eso.bg,false,
2022-03-10 12:00:00,Bulgaria,Bulgaria,BG,525.12,543.89,47.03,18.88,eso.bg,false,
2022-03-10 13:00:00,Bulgaria,Bulgaria,BG,532.28,551.17,46.31,17.55,eso.bg,false,
2022-03-10 14:00:00,Bulgaria,Bulgaria,BG,540.82,559.6,45.4,16.43,eso.bg,false,
2022-03-10 15:00:00,Bulgaria,Bulgaria,BG,532.9,551.27,46.08,16.75,eso.bg,false,
2022-03-10 16:00:00,Bulgaria,Bulgaria,BG,506.12,523.73,48.85,21.47,eso.bg,false,
2022-03-10 17:00:00,Bulgaria,Bulgaria,BG,495.8,513.07,49.99,23.54,eso.bg,false,
2022-03-10 18:00:00,Bulgaria,Bulgaria,BG,495.87,513.22,49.96,23.51,eso.bg,false,
2022-03-10 19:00:00,Bulgaria,Bulgaria,BG,506.93,524.52,48.78,21.21,eso.bg,false,
2022-03-10 20:00:00,Bulgaria,Bulgaria,BG,514.04,531.84,48.01,19.56,eso.bg,false,
2022-03-10 21:00:00,Bulgaria,Bulgaria,BG,537.53,555.64,45.64,15.85,eso.bg,false,
2022-03-10 22:00:00,Bulgaria,Bulgaria,BG,557.55,576.1,43.68,12.73,eso.bg,false,
2022-03-10 23:00:00,Bulgaria,Bulgaria,BG,554.37,574.06,43.93,12.48,eso.bg,false,
2022-03-11 00:00:00,Bulgaria,Bulgaria,BG,538.03,558.33,45.29,12.91,Electricity Maps Estimation,true,ESTIMATED_TIME_SLICER_AVERAGE
2022-03-11 01:00:00,Bulgaria,Bulgaria,BG,525.66,546.2,46.3,12.72,eso.bg,false,
2022-03-11 02:00:00,Bulgaria,Bulgaria,BG,530.68,551.08,45.85,12.53,eso.bg,false,
2022-03-11 03:00:00,Bulgaria,Bulgaria,BG,536.9,557.11,45.36,12.14,eso.bg,false,
2022-03-11 04:00:00,Bulgaria,Bulgaria,BG,551.87,570.65,44.3,13.06,eso.bg,false,
2022-03-11 05:00:00,Bulgaria,Bulgaria,BG,531.79,549.2,46.56,17.24,eso.bg,false,
2022-03-11 06:00:00,Bulgaria,Bulgaria,BG,517.26,534.85,48.04,19.47,eso.bg,false,
2022-03-11 07:00:00,Bulgaria,Bulgaria,BG,509.76,527.93,48.69,20.51,eso.bg,false,
2022-03-11 08:00:00,Bulgaria,Bulgaria,BG,507.8,526.85,48.65,20.48,eso.bg,false,
2022-03-11 09:00:00,Bulgaria,Bulgaria,BG,508.05,527.3,48.66,20.68,eso.bg,false,
2022-03-11 10:00:00,Bulgaria,Bulgaria,BG,513.03,532.06,48.23,20.37,eso.bg,false,
2022-03-11 11:00:00,Bulgaria,Bulgaria,BG,519.48,538.5,47.59,19.57,eso.bg,false,
2022-03-11 12:00:00,Bulgaria,Bulgaria,BG,527.58,546.41,46.82,18.55,eso.bg,false,
2022-03-11 13:00:00,Bulgaria,Bulgaria,BG,529.19,547.9,46.6,18.05,eso.bg,false,
2022-03-11 14:00:00,Bulgaria,Bulgaria,BG,540.18,558.65,45.53,16.72,eso.bg,false,
2022-03-11 15:00:00,Bulgaria,Bulgaria,BG,523.05,541.17,47.12,18.42,eso.bg,false,
2022-03-11 16:00:00,Bulgaria,Bulgaria,BG,505.59,523.2,48.89,21.25,eso.bg,false,
2022-03-11 17:00:00,Bulgaria,Bulgaria,BG,495.62,512.95,49.97,23.21,eso.bg,false,
2022-03-11 18:00:00,Bulgaria,Bulgaria,BG,495.48,512.94,49.93,22.81,eso.bg,false,
2022-03-11 19:00:00,Bulgaria,Bulgaria,BG,513.9,531.64,48.03,19.67,eso.bg,false,
2022-03-11 20:00:00,Bulgaria,Bulgaria,BG,531.42,549.38,46.27,16.93,eso.bg,false,
2022-03-11 21:00:00,Bulgaria,Bulgaria,BG,548.07,566.16,44.63,14.46,eso.bg,false,
2022-03-11 22:00:00,Bulgaria,Bulgaria,BG,561.15,579.56,43.35,12.29,eso.bg,false,
2022-03-11 23:00:00,Bulgaria,Bulgaria,BG,572.72,591.94,42.09,10.39,eso.bg,false,
2022-03-12 00:00:00,Bulgaria,Bulgaria,BG,565.47,585.17,42.64,10.91,eso.bg,false,
2022-03-12 01:00:00,Bulgaria,Bulgaria,BG,561.63,581.61,42.93,10.92,eso.bg,false,
2022-03-12 02:00:00,Bulgaria,Bulgaria,BG,555.48,575.64,43.47,11.42,eso.bg,false,
2022-03-12 03:00:00,Bulgaria,Bulgaria,BG,563.99,583.46,42.94,11.21,eso.bg,false,
2022-03-12 04:00:00,Bulgaria,Bulgaria,BG,567.48,586.33,42.79,11.51,eso.bg,false,
2022-03-12 05:00:00,Bulgaria,Bulgaria,BG,557.87,576.14,43.77,13.46,eso.bg,false,
2022-03-12 06:00:00,Bulgaria,Bulgaria,BG,515.11,533.02,48.06,19.87,eso.bg,false,
2022-03-12 07:00:00,Bulgaria,Bulgaria,BG,492.96,511.09,50.17,23.0,eso.bg,false,
2022-03-12 08:00:00,Bulgaria,Bulgaria,BG,484.9,503.16,50.98,24.26,eso.bg,false,
2022-03-12 09:00:00,Bulgaria,Bulgaria,BG,482.71,500.91,51.25,24.6,eso.bg,false,
2022-03-12 10:00:00,Bulgaria,Bulgaria,BG,481.16,499.47,51.37,24.87,eso.bg,false,
2022-03-12 11:00:00,Bulgaria,Bulgaria,BG,490.21,508.74,50.47,23.41,eso.bg,false,
2022-03-12 12:00:00,Bulgaria,Bulgaria,BG,502.55,521.23,49.21,21.44,eso.bg,false,
2022-03-12 13:00:00,Bulgaria,Bulgaria,BG,507.75,526.43,48.61,19.96,eso.bg,false,
2022-03-12 14:00:00,Bulgaria,Bulgaria,BG,517.91,536.27,47.71,18.66,eso.bg,false,
2022-03-12 15:00:00,Bulgaria,Bulgaria,BG,525.04,543.04,47.06,17.99,eso.bg,false,
2022-03-12 16:00:00,Bulgaria,Bulgaria,BG,522.22,539.75,47.44,18.71,eso.bg,false,
2022-03-12 17:00:00,Bulgaria,Bulgaria,BG,505.12,522.59,49.04,21.3,eso.bg,false,
2022-03-12 18:00:00,Bulgaria,Bulgaria,BG,510.59,528.19,48.46,20.05,eso.bg,false,
2022-03-12 19:00:00,Bulgaria,Bulgaria,BG,524.86,542.67,47.01,17.69,eso.bg,false,
2022-03-12 20:00:00,Bulgaria,Bulgaria,BG,535.27,553.13,46.0,16.35,eso.bg,false,
2022-03-12 21:00:00,Bulgaria,Bulgaria,BG,543.14,561.14,45.19,15.19,eso.bg,false,
2022-03-12 22:00:00,Bulgaria,Bulgaria,BG,553.81,571.78,44.21,13.62,eso.bg,false,
2022-03-12 23:00:00,Bulgaria,Bulgaria,BG,578.77,597.08,41.72,9.74,eso.bg,false,
2022-03-13 00:00:00,Bulgaria,Bulgaria,BG,579.42,598.31,41.48,9.04,eso.bg,false,
2022-03-13 01:00:00,Bulgaria,Bulgaria,BG,567.59,586.4,42.54,9.8,eso.bg,false,
2022-03-13 02:00:00,Bulgaria,Bulgaria,BG,569.07,587.76,42.36,9.38,eso.bg,false,
2022-03-13 03:00:00,Bulgaria,Bulgaria,BG,571.71,590.37,42.14,9.12,eso.bg,false,
2022-03-13 04:00:00,Bulgaria,Bulgaria,BG,578.79,597.14,41.64,9.64,eso.bg,false,
2022-03-13 05:00:00,Bulgaria,Bulgaria,BG,561.33,579.53,43.39,12.31,eso.bg,false,
2022-03-13 06:00:00,Bulgaria,Bulgaria,BG,527.44,545.53,46.87,17.9,eso.bg,false,
2022-03-13 07:00:00,Bulgaria,Bulgaria,BG,503.29,521.51,49.28,21.31,eso.bg,false,
2022-03-13 08:00:00,Bulgaria,Bulgaria,BG,481.59,500.37,51.3,23.22,eso.bg,false,
2022-03-13 09:00:00,Bulgaria,Bulgaria,BG,486.78,505.77,50.78,22.61,eso.bg,false,
2022-03-13 10:00:00,Bulgaria,Bulgaria,BG,499.82,518.8,49.55,21.15,eso.bg,false,
2022-03-13 11:00:00,Bulgaria,Bulgaria,BG,519.74,538.49,47.65,18.86,eso.bg,false,
2022-03-13 12:00:00,Bulgaria,Bulgaria,BG,541.95,560.53,45.54,16.12,eso.bg,false,
2022-03-13 13:00:00,Bulgaria,Bulgaria,BG,549.72,568.13,44.74,14.96,eso.bg,false,
2022-03-13 14:00:00,Bulgaria,Bulgaria,BG,547.05,565.33,44.92,14.78,eso.bg,false,
2022-03-13 15:00:00,Bulgaria,Bulgaria,BG,540.94,558.75,45.53,15.56,eso.bg,false,
2022-03-13 16:00:00,Bulgaria,Bulgaria,BG,520.45,537.87,47.58,18.6,eso.bg,false,
2022-03-13 17:00:00,Bulgaria,Bulgaria,BG,506.62,523.85,48.95,20.99,eso.bg,false,
2022-03-13 18:00:00,Bulgaria,Bulgaria,BG,514.51,531.89,48.14,19.63,eso.bg,false,
2022-03-13 19:00:00,Bulgaria,Bulgaria,BG,532.05,549.58,46.39,16.79,eso.bg,false,
2022-03-13 20:00:00,Bulgaria,Bulgaria,BG,550.07,567.88,44.59,14.02,eso.bg,false,
2022-03-13 21:00:00,Bulgaria,Bulgaria,BG,571.32,589.32,42.47,10.72,eso.bg,false,
2022-03-13 22:00:00,Bulgaria,Bulgaria,BG,615.83,634.25,38.09,4.22,eso.bg,false,
2022-03-13 23:00:00,Bulgaria,Bulgaria,BG,616.72,635.29,37.92,3.16,eso.bg,false,
2022-03-14 00:00:00,Bulgaria,Bulgaria,BG,601.82,620.82,39.03,3.15,eso.bg,false,
2022-03-14 01:00:00,Bulgaria,Bulgaria,BG,611.14,630.02,38.27,3.52,eso.bg,false,
2022-03-14 02:00:00,Bulgaria,Bulgaria,BG,602.42,621.53,38.97,3.77,eso.bg,false,
2022-03-14 03:00:00,Bulgaria,Bulgaria,BG,599.99,619.13,39.15,4.15,eso.bg,false,
2022-03-14 04:00:00,Bulgaria,Bulgaria,BG,599.53,618.38,39.37,5.76,eso.bg,false,
2022-03-14 05:00:00,Bulgaria,Bulgaria,BG,564.7,583.08,42.94,11.28,eso.bg,false,
2022-03-14 06:00:00,Bulgaria,Bulgaria,BG,537.23,556.28,45.42,15.58,eso.bg,false,
2022-03-14 07:00:00,Bulgaria,Bulgaria,BG,526.42,545.85,46.53,17.34,eso.bg,false,
2022-03-14 08:00:00,Bulgaria,Bulgaria,BG,528.94,548.59,46.25,16.01,eso.bg,false,
2022-03-14 09:00:00,Bulgaria,Bulgaria,BG,540.49,560.44,45.04,13.86,eso.bg,false,
2022-03-14 10:00:00,Bulgaria,Bulgaria,BG,538.2,558.18,45.26,13.45,eso.bg,false,
2022-03-14 11:00:00,Bulgaria,Bulgaria,BG,534.94,555.25,45.42,13.31,eso.bg,false,
2022-03-14 12:00:00,Bulgaria,Bulgaria,BG,537.26,557.72,45.12,12.39,eso.bg,false,
2022-03-14 13:00:00,Bulgaria,Bulgaria,BG,554.75,575.07,43.46,10.61,eso.bg,false,
2022-03-14 14:00:00,Bulgaria,Bulgaria,BG,564.1,584.36,42.41,9.55,eso.bg,false,
2022-03-14 15:00:00,Bulgaria,Bulgaria,BG,575.4,595.56,41.24,8.71,eso.bg,false,
2022-03-14 16:00:00,Bulgaria,Bulgaria,BG,547.56,566.93,44.09,14.04,eso.bg,false,
2022-03-14 17:00:00,Bulgaria,Bulgaria,BG,519.63,537.75,47.28,18.47,eso.bg,false,
2022-03-14 18:00:00,Bulgaria,Bulgaria,BG,521.77,539.91,47.08,18.64,eso.bg,false,
2022-03-14 19:00:00,Bulgaria,Bulgaria,BG,530.23,548.49,46.16,16.03,eso.bg,false,
2022-03-14 20:00:00,Bulgaria,Bulgaria,BG,546.91,565.04,44.6,13.28,eso.bg,false,
2022-03-14 21:00:00,Bulgaria,Bulgaria,BG,569.43,587.81,42.38,10.18,eso.bg,false,
2022-03-14 22:00:00,Bulgaria,Bulgaria,BG,608.26,626.82,38.64,5.02,eso.bg,false,
2022-03-14 23:00:00,Bulgaria,Bulgaria,BG,622.47,641.31,37.18,2.52,eso.bg,false,
2022-03-15 00:00:00,Bulgaria,Bulgaria,BG,621.69,640.84,37.11,2.54,eso.bg,false,
2022-03-15 01:00:00,Bulgaria,Bulgaria,BG,623.59,642.71,36.96,2.68,eso.bg,false,
2022-03-15 02:00:00,Bulgaria,Bulgaria,BG,621.59,640.64,37.14,2.73,eso.bg,false,
2022-03-15 03:00:00,Bulgaria,Bulgaria,BG,619.77,638.87,37.32,2.88,eso.bg,false,
2022-03-15 04:00:00,Bulgaria,Bulgaria,BG,608.76,627.65,38.46,4.78,eso.bg,false,
2022-03-15 05:00:00,Bulgaria,Bulgaria,BG,564.89,583.4,42.84,11.23,eso.bg,false,
2022-03-15 06:00:00,Bulgaria,Bulgaria,BG,548.32,567.86,44.25,13.89,eso.bg,false,
2022-03-15 07:00:00,Bulgaria,Bulgaria,BG,537.34,557.18,45.37,15.67,eso.bg,false,
2022-03-15 08:00:00,Bulgaria,Bulgaria,BG,528.32,548.75,46.11,14.6,eso.bg,false,
2022-03-15 09:00:00,Bulgaria,Bulgaria,BG,528.31,548.51,46.25,14.93,eso.bg,false,
2022-03-15 10:00:00,Bulgaria,Bulgaria,BG,522.28,542.08,46.81,14.98,eso.bg,false,
2022-03-15 11:00:00,Bulgaria,Bulgaria,BG,516.11,536.15,47.37,15.29,eso.bg,false,
2022-03-15 12:00:00,Bulgaria,Bulgaria,BG,521.92,541.9,46.74,13.97,eso.bg,false,
2022-03-15 13:00:00,Bulgaria,Bulgaria,BG,536.56,556.63,45.21,12.16,eso.bg,false,
2022-03-15 14:00:00,Bulgaria,Bulgaria,BG,571.97,591.88,41.7,8.11,eso.bg,false,
2022-03-15 15:00:00,Bulgaria,Bulgaria,BG,595.9,614.94,39.61,6.16,eso.bg,false,
2022-03-15 16:00:00,Bulgaria,Bulgaria,BG,556.29,574.43,43.65,12.51,eso.bg,false,
2022-03-15 17:00:00,Bulgaria,Bulgaria,BG,516.25,533.96,47.69,18.82,eso.bg,false,
2022-03-15 18:00:00,Bulgaria,Bulgaria,BG,517.01,534.93,47.55,18.55,eso.bg,false,
2022-03-15 19:00:00,Bulgaria,Bulgaria,BG,537.55,555.73,45.45,15.22,eso.bg,false,
2022-03-15 20:00:00,Bulgaria,Bulgaria,BG,563.48,582.04,42.84,11.19,eso.bg,false,
2022-03-15 21:00:00,Bulgaria,Bulgaria,BG,590.51,609.41,40.07,6.87,eso.bg,false,
2022-03-15 22:00:00,Bulgaria,Bulgaria,BG,610.5,629.77,38.03,3.06,eso.bg,false,
2022-03-15 23:00:00,Bulgaria,Bulgaria,BG,613.12,632.26,37.86,2.85,eso.bg,false,
2022-03-16 00:00:00,Bulgaria,Bulgaria,BG,616.87,636.07,37.42,2.89,eso.bg,false,
2022-03-16 01:00:00,Bulgaria,Bulgaria,BG,614.68,633.82,37.6,2.9,eso.bg,false,
2022-03-16 02:00:00,Bulgaria,Bulgaria,BG,615.73,635.06,37.5,2.95,eso.bg,false,
2022-03-16 03:00:00,Bulgaria,Bulgaria,BG,617.72,637.08,37.27,2.71,eso.bg,false,
2022-03-16 04:00:00,Bulgaria,Bulgaria,BG,618.88,638.18,37.2,2.61,eso.bg,false,
2022-03-16 05:00:00,Bulgaria,Bulgaria,BG,588.58,607.36,40.29,7.66,eso.bg,false,
2022-03-16 06:00:00,Bulgaria,Bulgaria,BG,570.8,590.8,41.53,11.0,eso.bg,false,
2022-03-16 07:00:00,Bulgaria,Bulgaria,BG,554.38,573.89,43.3,13.9,eso.bg,false,
2022-03-16 08:00:00,Bulgaria,Bulgaria,BG,554.82,574.45,43.22,13.85,eso.bg,false,
2022-03-16 09:00:00,Bulgaria,Bulgaria,BG,556.63,576.27,43.14,13.65,eso.bg,false,
2022-03-16 10:00:00,Bulgaria,Bulgaria,BG,564.14,583.3,42.62,12.53,eso.bg,false,
2022-03-16 11:00:00,Bulgaria,Bulgaria,BG,564.82,583.94,42.57,12.46,eso.bg,false,
2022-03-16 12:00:00,Bulgaria,Bulgaria,BG,571.84,590.87,41.93,11.44,eso.bg,false,
2022-03-16 13:00:00,Bulgaria,Bulgaria,BG,578.0,596.8,41.33,10.2,eso.bg,false,
2022-03-16 14:00:00,Bulgaria,Bulgaria,BG,584.38,603.21,40.67,9.28,eso.bg,false,
2022-03-16 15:00:00,Bulgaria,Bulgaria,BG,575.98,594.17,41.65,10.11,eso.bg,false,
2022-03-16 16:00:00,Bulgaria,Bulgaria,BG,541.38,559.05,45.19,15.91,eso.bg,false,
2022-03-16 17:00:00,Bulgaria,Bulgaria,BG,523.08,540.48,47.04,18.77,eso.bg,false,
2022-03-16 18:00:00,Bulgaria,Bulgaria,BG,528.93,546.33,46.48,17.88,eso.bg,false,
2022-03-16 19:00:00,Bulgaria,Bulgaria,BG,531.62,549.32,46.07,16.28,eso.bg,false,
2022-03-16 20:00:00,Bulgaria,Bulgaria,BG,548.45,566.7,44.34,13.52,eso.bg,false,
2022-03-16 21:00:00,Bulgaria,Bulgaria,BG,568.53,587.77,42.22,10.22,eso.bg,false,
2022-03-16 22:00:00,Bulgaria,Bulgaria,BG,575.05,594.97,41.45,7.95,eso.bg,false,
2022-03-16 23:00:00,Bulgaria,Bulgaria,BG,528.69,549.53,45.45,9.99,eso.bg,false,
2022-03-17 00:00:00,Bulgaria,Bulgaria,BG,511.61,533.49,46.73,10.4,eso.bg,false,
2022-03-17 01:00:00,Bulgaria,Bulgaria,BG,503.74,525.85,47.38,10.3,eso.bg,false,
2022-03-17 02:00:00,Bulgaria,Bulgaria,BG,504.56,526.15,47.4,10.6,eso.bg,false,
2022-03-17 03:00:00,Bulgaria,Bulgaria,BG,538.5,558.91,44.58,9.73,eso.bg,false,
2022-03-17 04:00:00,Bulgaria,Bulgaria,BG,547.55,567.43,43.97,10.5,eso.bg,false,
2022-03-17 05:00:00,Bulgaria,Bulgaria,BG,563.79,582.35,42.87,11.19,eso.bg,false,
2022-03-17 06:00:00,Bulgaria,Bulgaria,BG,538.17,556.55,45.47,15.09,eso.bg,false,
2022-03-17 07:00:00,Bulgaria,Bulgaria,BG,532.31,550.63,46.08,16.34,eso.bg,false,
2022-03-17 08:00:00,Bulgaria,Bulgaria,BG,528.76,547.28,46.36,16.22,eso.bg,false,
2022-03-17 09:00:00,Bulgaria,Bulgaria,BG,533.71,552.72,45.93,16.09,eso.bg,false,
2022-03-17 10:00:00,Bulgaria,Bulgaria,BG,540.25,559.23,45.3,15.3,eso.bg,false,
2022-03-17 11:00:00,Bulgaria,Bulgaria,BG,544.96,563.34,44.85,14.68,eso.bg,false,
2022-03-17 12:00:00,Bulgaria,Bulgaria,BG,554.88,573.63,43.85,13.15,eso.bg,false,
2022-03-17 13:00:00,Bulgaria,Bulgaria,BG,553.74,572.21,43.96,13.36,eso.bg,false,
2022-03-17 14:00:00,Bulgaria,Bulgaria,BG,553.23,571.73,43.97,13.44,eso.bg,false,
2022-03-17 15:00:00,Bulgaria,Bulgaria,BG,543.64,561.85,44.93,14.93,eso.bg,false,
2022-03-17 16:00:00,Bulgaria,Bulgaria,BG,518.61,536.51,47.42,18.79,eso.bg,false,
2022-03-17 17:00:00,Bulgaria,Bulgaria,BG,499.09,516.99,49.31,21.84,eso.bg,false,
2022-03-17 18:00:00,Bulgaria,Bulgaria,BG,512.02,529.89,48.08,19.69,eso.bg,false,
2022-03-17 19:00:00,Bulgaria,Bulgaria,BG,514.93,533.03,47.71,18.25,eso.bg,false,
2022-03-17 20:00:00,Bulgaria,Bulgaria,BG,533.4,551.82,45.8,15.19,eso.bg,false,
2022-03-17 21:00:00,Bulgaria,Bulgaria,BG,549.72,568.41,44.11,12.58,eso.bg,false,
2022-03-17 22:00:00,Bulgaria,Bulgaria,BG,578.25,597.19,41.32,7.87,eso.bg,false,
2022-03-17 23:00:00,Bulgaria,Bulgaria,BG,590.69,609.7,40.11,6.33,eso.bg,false,
2022-03-18 00:00:00,Bulgaria,Bulgaria,BG,581.46,600.61,40.96,7.65,eso.bg,false,
2022-03-18 01:00:00,Bulgaria,Bulgaria,BG,565.27,584.39,42.49,9.27,eso.bg,false,
2022-03-18 02:00:00,Bulgaria,Bulgaria,BG,570.38,589.43,42.07,9.14,eso.bg,false,
2022-03-18 03:00:00,Bulgaria,Bulgaria,BG,569.62,588.66,42.16,9.24,eso.bg,false,
2022-03-18 04:00:00,Bulgaria,Bulgaria,BG,570.06,589.02,42.15,9.55,eso.bg,false,
2022-03-18 05:00:00,Bulgaria,Bulgaria,BG,553.74,572.18,43.99,13.35,eso.bg,false,
2022-03-18 06:00:00,Bulgaria,Bulgaria,BG,528.04,547.16,46.42,16.5,eso.bg,false,
2022-03-18 07:00:00,Bulgaria,Bulgaria,BG,511.72,530.87,48.18,19.19,eso.bg,false,
2022-03-18 08:00:00,Bulgaria,Bulgaria,BG,489.43,509.03,50.21,21.05,eso.bg,false,
2022-03-18 09:00:00,Bulgaria,Bulgaria,BG,484.96,504.65,50.66,21.49,eso.bg,false,
2022-03-18 10:00:00,Bulgaria,Bulgaria,BG,504.44,524.03,48.82,19.63,eso.bg,false,
2022-03-18 11:00:00,Bulgaria,Bulgaria,BG,499.49,519.01,49.24,19.71,eso.bg,false,
2022-03-18 12:00:00,Bulgaria,Bulgaria,BG,504.92,524.63,48.64,18.76,eso.bg,false,
2022-03-18 13:00:00,Bulgaria,Bulgaria,BG,508.47,528.2,48.15,17.37,eso.bg,false,
2022-03-18 14:00:00,Bulgaria,Bulgaria,BG,531.68,550.87,46.02,15.31,eso.bg,false,
2022-03-18 15:00:00,Bulgaria,Bulgaria,BG,539.37,557.58,45.52,15.02,eso.bg,false,
2022-03-18 16:00:00,Bulgaria,Bulgaria,BG,513.38,530.66,48.27,19.22,eso.bg,false,
2022-03-18 17:00:00,Bulgaria,Bulgaria,BG,501.01,517.98,49.59,22.08,eso.bg,false,
2022-03-18 18:00:00,Bulgaria,Bulgaria,BG,506.81,523.95,48.98,21.05,eso.bg,false,
2022-03-18 19:00:00,Bulgaria,Bulgaria,BG,519.73,537.13,47.63,18.96,eso.bg,false,
2022-03-18 20:00:00,Bulgaria,Bulgaria,BG,531.79,549.59,46.29,16.38,eso.bg,false,
2022-03-18 21:00:00,Bulgaria,Bulgaria,BG,557.09,575.3,43.63,12.59,eso.bg,false,
2022-03-18 22:00:00,Bulgaria,Bulgaria,BG,574.63,593.22,41.8,9.76,eso.bg,false,
2022-03-18 23:00:00,Bulgaria,Bulgaria,BG,586.04,604.67,40.71,7.49,eso.bg,false,
2022-03-19 00:00:00,Bulgaria,Bulgaria,BG,581.09,599.74,41.2,7.98,eso.bg,false,
2022-03-19 01:00:00,Bulgaria,Bulgaria,BG,573.4,592.04,41.92,9.04,eso.bg,false,
2022-03-19 02:00:00,Bulgaria,Bulgaria,BG,571.14,589.75,42.16,9.46,eso.bg,false,
2022-03-19 03:00:00,Bulgaria,Bulgaria,BG,566.31,584.95,42.6,9.8,eso.bg,false,
2022-03-19 04:00:00,Bulgaria,Bulgaria,BG,569.15,587.74,42.36,9.65,eso.bg,false,
2022-03-19 05:00:00,Bulgaria,Bulgaria,BG,557.43,575.77,43.65,12.3,eso.bg,false,
2022-03-19 06:00:00,Bulgaria,Bulgaria,BG,520.07,538.42,47.44,18.16,eso.bg,false,
2022-03-19 07:00:00,Bulgaria,Bulgaria,BG,497.68,516.14,49.71,21.69,eso.bg,false,
2022-03-19 08:00:00,Bulgaria,Bulgaria,BG,490.64,509.12,50.4,22.76,eso.bg,false,
2022-03-19 09:00:00,Bulgaria,Bulgaria,BG,494.16,512.65,50.05,22.23,eso.bg,false,
2022-03-19 10:00:00,Bulgaria,Bulgaria,BG,499.75,518.38,49.46,21.31,eso.bg,false,
2022-03-19 11:00:00,Bulgaria,Bulgaria,BG,503.66,522.39,49.05,20.61,eso.bg,false,
2022-03-19 12:00:00,Bulgaria,Bulgaria,BG,512.6,531.35,48.12,18.88,eso.bg,false,
2022-03-19 13:00:00,Bulgaria,Bulgaria,BG,515.67,534.44,47.72,17.74,eso.bg,false,
2022-03-19 14:00:00,Bulgaria,Bulgaria,BG,517.58,536.28,47.43,17.05,eso.bg,false,
2022-03-19 15:00:00,Bulgaria,Bulgaria,BG,534.21,552.37,45.95,15.8,eso.bg,false,
2022-03-19 16:00:00,Bulgaria,Bulgaria,BG,517.85,535.45,47.62,18.39,eso.bg,false,
2022-03-19 17:00:00,Bulgaria,Bulgaria,BG,498.65,515.93,49.59,21.44,eso.bg,false,
2022-03-19 18:00:00,Bulgaria,Bulgaria,BG,507.07,524.46,48.73,20.11,eso.bg,false,
2022-03-19 19:00:00,Bulgaria,Bulgaria,BG,526.66,544.37,46.72,17.03,eso.bg,false,
2022-03-19 20:00:00,Bulgaria,Bulgaria,BG,532.71,550.57,46.09,16.0,eso.bg,false,
2022-03-19 21:00:00,Bulgaria,Bulgaria,BG,534.6,552.63,45.79,14.82,eso.bg,false,
2022-03-19 22:00:00,Bulgaria,Bulgaria,BG,520.07,538.88,46.85,13.8,eso.bg,false,
2022-03-19 23:00:00,Bulgaria,Bulgaria,BG,512.25,531.91,47.3,12.62,eso.bg,false,
2022-03-20 00:00:00,Bulgaria,Bulgaria,BG,507.19,527.23,47.61,12.44,eso.bg,false,
2022-03-20 01:00:00,Bulgaria,Bulgaria,BG,503.62,523.9,47.82,12.66,eso.bg,false,
2022-03-20 02:00:00,Bulgaria,Bulgaria,BG,508.12,528.21,47.36,11.84,eso.bg,false,
2022-03-20 03:00:00,Bulgaria,Bulgaria,BG,513.4,533.29,46.93,11.86,eso.bg,false,
2022-03-20 04:00:00,Bulgaria,Bulgaria,BG,515.95,535.7,46.69,11.95,eso.bg,false,
2022-03-20 05:00:00,Bulgaria,Bulgaria,BG,496.84,515.73,48.87,15.63,eso.bg,false,
2022-03-20 06:00:00,Bulgaria,Bulgaria,BG,459.31,478.23,52.81,22.01,eso.bg,false,
2022-03-20 07:00:00,Bulgaria,Bulgaria,BG,443.39,462.29,54.49,24.83,eso.bg,false,
2022-03-20 08:00:00,Bulgaria,Bulgaria,BG,405.97,426.41,57.66,26.59,eso.bg,false,
2022-03-20 09:00:00,Bulgaria,Bulgaria,BG,405.37,426.31,57.67,26.51,eso.bg,false,
2022-03-20 10:00:00,Bulgaria,Bulgaria,BG,423.67,444.5,55.97,24.68,eso.bg,false,
2022-03-20 11:00:00,Bulgaria,Bulgaria,BG,430.58,451.28,55.3,23.59,eso.bg,false,
2022-03-20 12:00:00,Bulgaria,Bulgaria,BG,448.95,469.15,53.56,21.53,eso.bg,false,
2022-03-20 13:00:00,Bulgaria,Bulgaria,BG,474.55,494.01,51.2,18.86,eso.bg,false,
2022-03-20 14:00:00,Bulgaria,Bulgaria,BG,478.34,497.18,50.92,18.88,eso.bg,false,
2022-03-20 15:00:00,Bulgaria,Bulgaria,BG,474.38,492.44,51.35,19.53,eso.bg,false,
2022-03-20 16:00:00,Bulgaria,Bulgaria,BG,480.83,498.0,51.04,21.51,eso.bg,false,
2022-03-20 17:00:00,Bulgaria,Bulgaria,BG,480.12,496.97,51.31,23.34,eso.bg,false,
2022-03-20 18:00:00,Bulgaria,Bulgaria,BG,483.66,501.17,50.93,22.72,eso.bg,false,
2022-03-20 19:00:00,Bulgaria,Bulgaria,BG,495.85,513.62,49.64,20.32,eso.bg,false,
2022-03-20 20:00:00,Bulgaria,Bulgaria,BG,501.36,519.13,49.01,18.88,eso.bg,false,
2022-03-20 21:00:00,Bulgaria,Bulgaria,BG,518.5,536.54,47.25,16.04,eso.bg,false,
2022-03-20 22:00:00,Bulgaria,Bulgaria,BG,548.62,566.78,44.37,11.66,eso.bg,false,
2022-03-20 23:00:00,Bulgaria,Bulgaria,BG,579.2,597.66,41.36,7.28,eso.bg,false,
2022-03-21 00:00:00,Bulgaria,Bulgaria,BG,576.45,594.99,41.55,7.38,eso.bg,false,
2022-03-21 01:00:00,Bulgaria,Bulgaria,BG,575.53,594.05,41.72,8.1,eso.bg,false,
2022-03-21 02:00:00,Bulgaria,Bulgaria,BG,558.75,577.4,43.17,8.77,eso.bg,false,
2022-03-21 03:00:00,Bulgaria,Bulgaria,BG,569.14,587.53,42.34,8.91,eso.bg,false,
2022-03-21 04:00:00,Bulgaria,Bulgaria,BG,579.93,598.11,41.46,8.87,eso.bg,false,
2022-03-21 05:00:00,Bulgaria,Bulgaria,BG,559.64,577.54,43.59,12.54,eso.bg,false,
2022-03-21 06:00:00,Bulgaria,Bulgaria,BG,534.07,552.54,46.05,15.73,eso.bg,false,
2022-03-21 07:00:00,Bulgaria,Bulgaria,BG,521.59,540.42,47.31,17.62,eso.bg,false,
2022-03-21 08:00:00,Bulgaria,Bulgaria,BG,497.49,516.86,49.52,19.6,eso.bg,false,
2022-03-21 09:00:00,Bulgaria,Bulgaria,BG,500.01,519.38,49.39,19.7,eso.bg,false,
2022-03-21 10:00:00,Bulgaria,Bulgaria,BG,501.13,520.43,49.32,19.61,eso.bg,false,
2022-03-21 11:00:00,Bulgaria,Bulgaria,BG,507.53,526.94,48.68,19.28,eso.bg,false,
2022-03-21 12:00:00,Bulgaria,Bulgaria,BG,511.93,531.26,48.23,18.38,eso.bg,false,
2022-03-21 13:00:00,Bulgaria,Bulgaria,BG,516.41,535.65,47.67,16.46,eso.bg,false,
2022-03-21 14:00:00,Bulgaria,Bulgaria,BG,547.47,566.18,44.77,12.68,eso.bg,false,
2022-03-21 15:00:00,Bulgaria,Bulgaria,BG,563.41,582.01,43.07,11.18,eso.bg,false,
2022-03-21 16:00:00,Bulgaria,Bulgaria,BG,536.25,553.72,45.97,15.67,eso.bg,false,
2022-03-21 17:00:00,Bulgaria,Bulgaria,BG,511.49,528.72,48.4,19.57,eso.bg,false,
2022-03-21 18:00:00,Bulgaria,Bulgaria,BG,515.12,532.31,48.06,18.95,eso.bg,false,
2022-03-21 19:00:00,Bulgaria,Bulgaria,BG,535.63,553.15,45.96,15.71,eso.bg,false,
2022-03-21 20:00:00,Bulgaria,Bulgaria,BG,551.17,568.83,44.41,13.25,eso.bg,false,
2022-03-21 21:00:00,Bulgaria,Bulgaria,BG,567.51,585.39,42.76,10.7,eso.bg,false,
2022-03-21 22:00:00,Bulgaria,Bulgaria,BG,592.17,610.25,40.34,6.81,eso.bg,false,
2022-03-21 23:00:00,Bulgaria,Bulgaria,BG,604.88,622.92,39.19,5.52,eso.bg,false,
2022-03-22 00:00:00,Bulgaria,Bulgaria,BG,562.19,581.01,42.84,7.53,eso.bg,false,
2022-03-22 01:00:00,Bulgaria,Bulgaria,BG,500.83,520.4,48.26,11.26,eso.bg,false,
2022-03-22 02:00:00,Bulgaria,Bulgaria,BG,500.5,519.77,48.34,11.46,eso.bg,false,
2022-03-22 03:00:00,Bulgaria,Bulgaria,BG,521.81,540.61,46.58,11.31,eso.bg,false,
2022-03-22 04:00:00,Bulgaria,Bulgaria,BG,553.22,571.37,44.02,11.6,eso.bg,false,
2022-03-22 05:00:00,Bulgaria,Bulgaria,BG,542.33,560.29,45.21,14.21,eso.bg,false,
2022-03-22 06:00:00,Bulgaria,Bulgaria,BG,513.57,531.93,47.98,17.25,eso.bg,false,
2022-03-22 07:00:00,Bulgaria,Bulgaria,BG,504.2,522.83,48.9,18.2,eso.bg,false,
2022-03-22 08:00:00,Bulgaria,Bulgaria,BG,465.84,485.09,52.27,20.65,eso.bg,false,
2022-03-22 09:00:00,Bulgaria,Bulgaria,BG,464.44,483.99,52.44,21.18,eso.bg,false,
2022-03-22 10:00:00,Bulgaria,Bulgaria,BG,441.89,461.84,54.45,22.26,eso.bg,false,
2022-03-22 11:00:00,Bulgaria,Bulgaria,BG,455.49,475.47,53.1,20.7,eso.bg,false,
2022-03-22 12:00:00,Bulgaria,Bulgaria,BG,470.73,490.61,51.64,19.05,eso.bg,false,
2022-03-22 13:00:00,Bulgaria,Bulgaria,BG,490.4,509.82,49.86,17.59,eso.bg,false,
2022-03-22 14:00:00,Bulgaria,Bulgaria,BG,519.63,538.64,47.2,15.36,eso.bg,false,
2022-03-22 15:00:00,Bulgaria,Bulgaria,BG,546.3,564.61,44.87,13.77,eso.bg,false,
2022-03-22 16:00:00,Bulgaria,Bulgaria,BG,511.48,529.04,48.37,18.88,eso.bg,false,
2022-03-22 17:00:00,Bulgaria,Bulgaria,BG,476.18,493.47,51.77,23.56,eso.bg,false,
2022-03-22 18:00:00,Bulgaria,Bulgaria,BG,481.2,498.6,51.27,22.94,eso.bg,false,
2022-03-22 19:00:00,Bulgaria,Bulgaria,BG,512.31,529.94,48.25,19.02,eso.bg,false,
2022-03-22 20:00:00,Bulgaria,Bulgaria,BG,540.73,558.07,45.71,14.84,eso.bg,false,
2022-03-22 21:00:00,Bulgaria,Bulgaria,BG,550.76,568.09,44.73,13.19,eso.bg,false,
2022-03-22 22:00:00,Bulgaria,Bulgaria,BG,576.24,594.21,42.02,9.0,eso.bg,false,
2022-03-22 23:00:00,Bulgaria,Bulgaria,BG,562.39,580.49,43.24,9.18,eso.bg,false,
2022-03-23 00:00:00,Bulgaria,Bulgaria,BG,560.09,578.26,43.43,9.24,eso.bg,false,
2022-03-23 01:00:00,Bulgaria,Bulgaria,BG,549.88,568.26,44.25,9.68,eso.bg,false,
2022-03-23 02:00:00,Bulgaria,Bulgaria,BG,541.29,559.85,44.97,10.28,eso.bg,false,
2022-03-23 03:00:00,Bulgaria,Bulgaria,BG,562.56,580.77,43.17,9.87,eso.bg,false,
2022-03-23 04:00:00,Bulgaria,Bulgaria,BG,558.74,576.85,43.57,10.85,eso.bg,false,
2022-03-23 05:00:00,Bulgaria,Bulgaria,BG,545.99,563.72,45.07,14.22,eso.bg,false,
2022-03-23 06:00:00,Bulgaria,Bulgaria,BG,520.79,539.08,47.51,17.28,eso.bg,false,
2022-03-23 07:00:00,Bulgaria,Bulgaria,BG,509.76,528.48,48.54,18.64,eso.bg,false,
2022-03-23 08:00:00,Bulgaria,Bulgaria,BG,504.77,523.68,49.05,19.6,eso.bg,false,
2022-03-23 09:00:00,Bulgaria,Bulgaria,BG,486.31,505.61,50.74,21.0,eso.bg,false,
2022-03-23 10:00:00,Bulgaria,Bulgaria,BG,464.88,484.56,52.61,21.94,eso.bg,false,
2022-03-23 11:00:00,Bulgaria,Bulgaria,BG,457.42,477.19,53.25,22.37,eso.bg,false,
2022-03-23 12:00:00,Bulgaria,Bulgaria,BG,462.37,481.99,52.76,21.59,eso.bg,false,
2022-03-23 13:00:00,Bulgaria,Bulgaria,BG,488.87,508.01,50.42,19.7,eso.bg,false,
2022-03-23 14:00:00,Bulgaria,Bulgaria,BG,515.58,534.31,47.9,16.82,eso.bg,false,
2022-03-23 15:00:00,Bulgaria,Bulgaria,BG,546.57,564.76,44.97,13.56,eso.bg,false,
2022-03-23 16:00:00,Bulgaria,Bulgaria,BG,532.83,550.28,46.39,16.15,eso.bg,false,
2022-03-23 17:00:00,Bulgaria,Bulgaria,BG,493.38,510.45,50.24,21.87,eso.bg,false,
2022-03-23 18:00:00,Bulgaria,Bulgaria,BG,486.12,503.32,50.86,22.0,eso.bg,false,
2022-03-23 19:00:00,Bulgaria,Bulgaria,BG,494.71,512.15,49.92,20.21,eso.bg,false,
2022-03-23 20:00:00,Bulgaria,Bulgaria,BG,518.71,536.38,47.49,16.18,eso.bg,false,
2022-03-23 21:00:00,Bulgaria,Bulgaria,BG,545.42,563.52,44.78,11.83,eso.bg,false,
2022-03-23 22:00:00,Bulgaria,Bulgaria,BG,570.65,588.96,42.31,7.81,eso.bg,false,
2022-03-23 23:00:00,Bulgaria,Bulgaria,BG,560.65,579.02,43.25,8.67,eso.bg,false,
2022-03-24 00:00:00,Bulgaria,Bulgaria,BG,557.49,575.97,43.43,9.06,eso.bg,false,
2022-03-24 01:00:00,Bulgaria,Bulgaria,BG,548.55,567.22,44.19,9.35,eso.bg,false,
2022-03-24 02:00:00,Bulgaria,Bulgaria,BG,568.89,587.25,42.41,8.33,eso.bg,false,
2022-03-24 03:00:00,Bulgaria,Bulgaria,BG,567.6,586.12,42.43,8.09,eso.bg,false,
2022-03-24 04:00:00,Bulgaria,Bulgaria,BG,558.63,576.95,43.32,9.8,eso.bg,false,
2022-03-24 05:00:00,Bulgaria,Bulgaria,BG,536.8,555.05,45.49,13.54,eso.bg,false,
2022-03-24 06:00:00,Bulgaria,Bulgaria,BG,529.89,548.72,46.24,15.07,eso.bg,false,
2022-03-24 07:00:00,Bulgaria,Bulgaria,BG,521.99,541.17,47.06,16.05,eso.bg,false,
2022-03-24 08:00:00,Bulgaria,Bulgaria,BG,516.21,535.56,47.74,16.36,eso.bg,false,
2022-03-24 09:00:00,Bulgaria,Bulgaria,BG,519.65,539.18,47.4,15.45,eso.bg,false,
2022-03-24 10:00:00,Bulgaria,Bulgaria,BG,505.42,525.13,48.79,16.34,eso.bg,false,
2022-03-24 11:00:00,Bulgaria,Bulgaria,BG,506.59,526.46,48.59,16.78,eso.bg,false,
2022-03-24 12:00:00,Bulgaria,Bulgaria,BG,512.02,532.01,47.9,15.8,eso.bg,false,
2022-03-24 13:00:00,Bulgaria,Bulgaria,BG,518.5,538.42,47.15,13.83,eso.bg,false,
2022-03-24 14:00:00,Bulgaria,Bulgaria,BG,531.72,551.32,45.85,11.76,eso.bg,false,
2022-03-24 15:00:00,Bulgaria,Bulgaria,BG,549.56,568.49,44.23,10.64,eso.bg,false,
2022-03-24 16:00:00,Bulgaria,Bulgaria,BG,529.43,547.4,46.35,14.23,eso.bg,false,
2022-03-24 17:00:00,Bulgaria,Bulgaria,BG,495.2,512.78,49.75,19.62,eso.bg,false,
2022-03-24 18:00:00,Bulgaria,Bulgaria,BG,492.12,509.67,50.02,20.08,eso.bg,false,
2022-03-24 19:00:00,Bulgaria,Bulgaria,BG,501.72,519.26,49.1,18.52,eso.bg,false,
2022-03-24 20:00:00,Bulgaria,Bulgaria,BG,527.61,545.15,46.67,14.72,eso.bg,false,
2022-03-24 21:00:00,Bulgaria,Bulgaria,BG,553.25,570.89,44.14,11.3,eso.bg,false,
2022-03-24 22:00:00,Bulgaria,Bulgaria,BG,529.05,547.23,46.14,10.89,eso.bg,false,
2022-03-24 23:00:00,Bulgaria,Bulgaria,BG,495.15,513.19,49.15,11.44,eso.bg,false,
2022-03-25 00:00:00,Bulgaria,Bulgaria,BG,488.02,506.38,49.64,11.17,eso.bg,false,
2022-03-25 01:00:00,Bulgaria,Bulgaria,BG,506.51,524.72,47.98,10.3,eso.bg,false,
2022-03-25 02:00:00,Bulgaria,Bulgaria,BG,540.52,558.56,45.01,9.06,eso.bg,false,
2022-03-25 03:00:00,Bulgaria,Bulgaria,BG,566.82,584.9,42.8,8.51,eso.bg,false,
2022-03-25 04:00:00,Bulgaria,Bulgaria,BG,572.73,590.7,42.31,8.66,eso.bg,false,
2022-03-25 05:00:00,Bulgaria,Bulgaria,BG,564.16,581.85,43.29,10.88,eso.bg,false,
2022-03-25 06:00:00,Bulgaria,Bulgaria,BG,550.92,569.01,44.67,13.3,eso.bg,false,
2022-03-25 07:00:00,Bulgaria,Bulgaria,BG,523.28,541.83,47.27,16.07,eso.bg,false,
2022-03-25 08:00:00,Bulgaria,Bulgaria,BG,491.26,510.51,50.18,18.46,eso.bg,false,
2022-03-25 09:00:00,Bulgaria,Bulgaria,BG,487.31,506.78,50.52,18.36,eso.bg,false,
2022-03-25 10:00:00,Bulgaria,Bulgaria,BG,479.39,499.12,51.18,18.3,eso.bg,false,
2022-03-25 11:00:00,Bulgaria,Bulgaria,BG,489.11,508.66,50.3,17.45,eso.bg,false,
2022-03-25 12:00:00,Bulgaria,Bulgaria,BG,472.23,491.94,51.78,17.99,eso.bg,false,
2022-03-25 13:00:00,Bulgaria,Bulgaria,BG,461.21,480.52,52.82,19.4,eso.bg,false,
2022-03-25 14:00:00,Bulgaria,Bulgaria,BG,466.89,486.27,52.05,17.08,eso.bg,false,
2022-03-25 15:00:00,Bulgaria,Bulgaria,BG,521.11,539.43,47.17,13.8,eso.bg,false,
2022-03-25 16:00:00,Bulgaria,Bulgaria,BG,513.71,531.39,48.01,15.65,eso.bg,false,
2022-03-25 17:00:00,Bulgaria,Bulgaria,BG,480.58,497.28,51.58,21.28,eso.bg,false,
2022-03-25 18:00:00,Bulgaria,Bulgaria,BG,481.2,498.09,51.34,20.98,eso.bg,false,
2022-03-25 19:00:00,Bulgaria,Bulgaria,BG,498.25,515.72,49.42,18.11,eso.bg,false,
2022-03-25 20:00:00,Bulgaria,Bulgaria,BG,522.46,540.13,46.98,14.13,eso.bg,false,
2022-03-25 21:00:00,Bulgaria,Bulgaria,BG,535.24,553.27,45.64,11.97,eso.bg,false,
2022-03-25 22:00:00,Bulgaria,Bulgaria,BG,555.42,573.95,43.52,8.56,eso.bg,false,
2022-03-25 23:00:00,Bulgaria,Bulgaria,BG,529.43,548.32,45.73,9.37,eso.bg,false,
2022-03-26 00:00:00,Bulgaria,Bulgaria,BG,520.04,539.39,46.41,9.87,eso.bg,false,
2022-03-26 01:00:00,Bulgaria,Bulgaria,BG,543.5,562.68,44.34,8.64,eso.bg,false,
2022-03-26 02:00:00,Bulgaria,Bulgaria,BG,556.11,575.24,43.14,7.28,eso.bg,false,
2022-03-26 03:00:00,Bulgaria,Bulgaria,BG,562.63,581.73,42.53,6.81,eso.bg,false,
2022-03-26 04:00:00,Bulgaria,Bulgaria,BG,542.53,561.68,44.38,8.46,eso.bg,false,
2022-03-26 05:00:00,Bulgaria,Bulgaria,BG,525.17,544.04,46.21,11.85,eso.bg,false,
2022-03-26 06:00:00,Bulgaria,Bulgaria,BG,506.8,525.86,48.21,15.78,eso.bg,false,
2022-03-26 07:00:00,Bulgaria,Bulgaria,BG,488.32,507.55,50.16,18.78,eso.bg,false,
2022-03-26 08:00:00,Bulgaria,Bulgaria,BG,484.24,503.57,50.7,18.83,eso.bg,false,
2022-03-26 09:00:00,Bulgaria,Bulgaria,BG,491.44,511.29,49.86,16.94,eso.bg,false,
2022-03-26 10:00:00,Bulgaria,Bulgaria,BG,483.72,503.9,50.51,17.06,eso.bg,false,
2022-03-26 11:00:00,Bulgaria,Bulgaria,BG,470.75,491.26,51.55,16.64,eso.bg,false,
2022-03-26 12:00:00,Bulgaria,Bulgaria,BG,465.72,486.24,51.92,16.25,eso.bg,false,
2022-03-26 13:00:00,Bulgaria,Bulgaria,BG,468.85,489.03,51.67,15.81,eso.bg,false,
2022-03-26 14:00:00,Bulgaria,Bulgaria,BG,506.52,525.96,48.29,13.76,eso.bg,false,
2022-03-26 15:00:00,Bulgaria,Bulgaria,BG,524.36,543.13,46.66,12.22,eso.bg,false,
2022-03-26 16:00:00,Bulgaria,Bulgaria,BG,504.29,522.26,48.7,15.53,eso.bg,false,
2022-03-26 17:00:00,Bulgaria,Bulgaria,BG,471.92,489.47,51.95,20.96,eso.bg,false,
2022-03-26 18:00:00,Bulgaria,Bulgaria,BG,473.75,491.37,51.74,20.65,eso.bg,false,
2022-03-26 19:00:00,Bulgaria,Bulgaria,BG,489.69,507.57,50.08,18.0,eso.bg,false,
2022-03-26 20:00:00,Bulgaria,Bulgaria,BG,505.39,523.38,48.57,15.42,eso.bg,false,
2022-03-26 21:00:00,Bulgaria,Bulgaria,BG,529.29,547.71,46.18,10.98,eso.bg,false,
2022-03-26 22:00:00,Bulgaria,Bulgaria,BG,525.53,544.13,46.44,8.8,eso.bg,false,
2022-03-26 23:00:00,Bulgaria,Bulgaria,BG,493.22,512.43,49.21,9.58,eso.bg,false,
2022-03-27 00:00:00,Bulgaria,Bulgaria,BG,481.54,500.69,50.27,9.93,eso.bg,false,
2022-03-27 01:00:00,Bulgaria,Bulgaria,BG,468.84,487.85,51.43,10.87,eso.bg,false,
2022-03-27 02:00:00,Bulgaria,Bulgaria,BG,476.34,495.07,50.84,11.01,eso.bg,false,
2022-03-27 03:00:00,Bulgaria,Bulgaria,BG,489.71,508.34,49.67,10.72,eso.bg,false,
2022-03-27 04:00:00,Bulgaria,Bulgaria,BG,497.55,515.86,49.13,11.68,eso.bg,false,
2022-03-27 05:00:00,Bulgaria,Bulgaria,BG,505.98,523.8,48.79,14.68,eso.bg,false,
2022-03-27 06:00:00,Bulgaria,Bulgaria,BG,483.06,501.31,51.04,17.79,eso.bg,false,
2022-03-27 07:00:00,Bulgaria,Bulgaria,BG,476.53,495.32,51.64,17.98,eso.bg,false,
2022-03-27 08:00:00,Bulgaria,Bulgaria,BG,440.34,459.77,54.93,20.19,eso.bg,false,
2022-03-27 09:00:00,Bulgaria,Bulgaria,BG,429.26,449.0,55.93,20.97,eso.bg,false,
2022-03-27 10:00:00,Bulgaria,Bulgaria,BG,435.58,455.4,55.31,20.23,eso.bg,false,
2022-03-27 11:00:00,Bulgaria,Bulgaria,BG,438.67,458.85,54.82,19.41,eso.bg,false,
2022-03-27 12:00:00,Bulgaria,Bulgaria,BG,446.36,466.63,53.96,18.12,eso.bg,false,
2022-03-27 13:00:00,Bulgaria,Bulgaria,BG,460.8,481.11,52.43,15.6,eso.bg,false,
2022-03-27 14:00:00,Bulgaria,Bulgaria,BG,508.02,527.3,48.33,13.68,eso.bg,false,
2022-03-27 15:00:00,Bulgaria,Bulgaria,BG,543.05,561.17,45.27,12.28,eso.bg,false,
2022-03-27 16:00:00,Bulgaria,Bulgaria,BG,529.59,547.03,46.72,15.27,eso.bg,false,
2022-03-27 17:00:00,Bulgaria,Bulgaria,BG,510.31,527.55,48.64,18.53,eso.bg,false,
2022-03-27 18:00:00,Bulgaria,Bulgaria,BG,517.94,535.21,47.9,17.5,eso.bg,false,
2022-03-27 19:00:00,Bulgaria,Bulgaria,BG,530.73,548.17,46.6,15.45,eso.bg,false,
2022-03-27 20:00:00,Bulgaria,Bulgaria,BG,577.65,595.59,41.94,8.45,eso.bg,false,
2022-03-27 21:00:00,Bulgaria,Bulgaria,BG,594.14,612.61,40.11,4.54,eso.bg,false,
2022-03-27 22:00:00,Bulgaria,Bulgaria,BG,593.89,612.61,39.98,3.84,eso.bg,false,
2022-03-27 23:00:00,Bulgaria,Bulgaria,BG,600.32,618.95,39.42,3.7,eso.bg,false,
2022-03-28 00:00:00,Bulgaria,Bulgaria,BG,589.45,608.28,40.31,3.81,eso.bg,false,
2022-03-28 01:00:00,Bulgaria,Bulgaria,BG,592.28,611.21,39.97,3.64,eso.bg,false,
2022-03-28 02:00:00,Bulgaria,Bulgaria,BG,593.7,612.7,39.83,3.84,eso.bg,false,
2022-03-28 03:00:00,Bulgaria,Bulgaria,BG,587.68,606.29,40.6,5.91,eso.bg,false,
2022-03-28 04:00:00,Bulgaria,Bulgaria,BG,578.69,596.87,41.66,8.7,eso.bg,false,
2022-03-28 05:00:00,Bulgaria,Bulgaria,BG,568.9,587.16,42.74,10.68,eso.bg,false,
2022-03-28 06:00:00,Bulgaria,Bulgaria,BG,552.24,570.45,44.44,13.29,eso.bg,false,
2022-03-28 07:00:00,Bulgaria,Bulgaria,BG,544.51,563.05,45.14,14.0,eso.bg,false,
2022-03-28 08:00:00,Bulgaria,Bulgaria,BG,531.44,550.44,46.29,14.6,eso.bg,false,
2022-03-28 09:00:00,Bulgaria,Bulgaria,BG,507.68,526.99,48.41,16.1,eso.bg,false,
2022-03-28 10:00:00,Bulgaria,Bulgaria,BG,503.43,522.6,48.85,16.32,eso.bg,false,
2022-03-28 11:00:00,Bulgaria,Bulgaria,BG,507.51,526.72,48.44,15.4,eso.bg,false,
2022-03-28 12:00:00,Bulgaria,Bulgaria,BG,505.29,524.43,48.52,14.21,eso.bg,false,
2022-03-28 13:00:00,Bulgaria,Bulgaria,BG,541.87,560.7,45.3,12.13,eso.bg,false,
2022-03-28 14:00:00,Bulgaria,Bulgaria,BG,560.58,578.86,43.64,11.25,eso.bg,false,
2022-03-28 15:00:00,Bulgaria,Bulgaria,BG,553.89,571.76,44.35,12.61,eso.bg,false,
2022-03-28 16:00:00,Bulgaria,Bulgaria,BG,534.64,551.9,46.34,15.92,eso.bg,false,
2022-03-28 17:00:00,Bulgaria,Bulgaria,BG,513.08,530.16,48.44,19.26,eso.bg,false,
2022-03-28 18:00:00,Bulgaria,Bulgaria,BG,521.54,538.83,47.56,17.92,eso.bg,false,
2022-03-28 19:00:00,Bulgaria,Bulgaria,BG,541.12,558.69,45.58,14.79,eso.bg,false,
2022-03-28 20:00:00,Bulgaria,Bulgaria,BG,558.36,576.12,43.85,12.21,eso.bg,false,
2022-03-28 21:00:00,Bulgaria,Bulgaria,BG,591.81,609.87,40.55,6.81,eso.bg,false,
2022-03-28 22:00:00,Bulgaria,Bulgaria,BG,575.68,594.07,41.88,6.57,eso.bg,false,
2022-03-28 23:00:00,Bulgaria,Bulgaria,BG,567.01,585.71,42.49,6.34,eso.bg,false,
2022-03-29 00:00:00,Bulgaria,Bulgaria,BG,567.33,586.16,42.39,6.27,eso.bg,false,
2022-03-29 01:00:00,Bulgaria,Bulgaria,BG,565.79,584.56,42.52,6.21,eso.bg,false,
2022-03-29 02:00:00,Bulgaria,Bulgaria,BG,579.14,597.66,41.37,5.66,eso.bg,false,
2022-03-29 03:00:00,Bulgaria,Bulgaria,BG,579.42,597.3,41.69,8.62,eso.bg,false,
2022-03-29 04:00:00,Bulgaria,Bulgaria,BG,563.5,581.17,43.32,11.51,eso.bg,false,
2022-03-29 05:00:00,Bulgaria,Bulgaria,BG,551.07,568.83,44.58,13.28,eso.bg,false,
2022-03-29 06:00:00,Bulgaria,Bulgaria,BG,543.71,561.77,45.37,14.34,eso.bg,false,
2022-03-29 07:00:00,Bulgaria,Bulgaria,BG,538.94,557.45,45.82,14.77,eso.bg,false,
2022-03-29 08:00:00,Bulgaria,Bulgaria,BG,520.35,539.25,47.5,15.6,eso.bg,false,
2022-03-29 09:00:00,Bulgaria,Bulgaria,BG,505.73,524.95,48.76,16.02,eso.bg,false,
2022-03-29 10:00:00,Bulgaria,Bulgaria,BG,508.09,527.26,48.57,15.95,eso.bg,false,
2022-03-29 11:00:00,Bulgaria,Bulgaria,BG,519.71,538.9,47.5,14.61,eso.bg,false,
2022-03-29 12:00:00,Bulgaria,Bulgaria,BG,534.53,553.45,46.15,13.1,eso.bg,false,
2022-03-29 13:00:00,Bulgaria,Bulgaria,BG,543.29,561.95,45.28,12.25,eso.bg,false,
2022-03-29 14:00:00,Bulgaria,Bulgaria,BG,537.41,555.3,46.06,13.38,eso.bg,false,
2022-03-29 15:00:00,Bulgaria,Bulgaria,BG,529.66,546.87,46.96,15.19,eso.bg,false,
2022-03-29 16:00:00,Bulgaria,Bulgaria,BG,528.01,544.79,47.24,16.72,eso.bg,false,
2022-03-29 17:00:00,Bulgaria,Bulgaria,BG,528.3,544.86,47.34,17.94,eso.bg,false,
2022-03-29 18:00:00,Bulgaria,Bulgaria,BG,541.85,558.49,46.02,16.14,eso.bg,false,
2022-03-29 19:00:00,Bulgaria,Bulgaria,BG,556.81,573.66,44.51,13.45,eso.bg,false,
2022-03-29 20:00:00,Bulgaria,Bulgaria,BG,552.56,569.81,44.66,12.28,eso.bg,false,
2022-03-29 21:00:00,Bulgaria,Bulgaria,BG,571.97,589.69,42.54,8.15,eso.bg,false,
2022-03-29 22:00:00,Bulgaria,Bulgaria,BG,563.31,581.45,43.17,6.22,eso.bg,false,
2022-03-29 23:00:00,Bulgaria,Bulgaria,BG,550.37,568.85,44.14,5.86,eso.bg,false,
2022-03-30 00:00:00,Bulgaria,Bulgaria,BG,554.48,573.21,43.65,5.48,eso.bg,false,
2022-03-30 01:00:00,Bulgaria,Bulgaria,BG,565.68,584.4,42.6,5.31,eso.bg,false,
2022-03-30 02:00:00,Bulgaria,Bulgaria,BG,584.19,602.64,40.98,5.02,eso.bg,false,
2022-03-30 03:00:00,Bulgaria,Bulgaria,BG,572.27,590.19,42.41,9.03,eso.bg,false,
2022-03-30 04:00:00,Bulgaria,Bulgaria,BG,567.2,584.89,43.01,11.11,eso.bg,false,
2022-03-30 05:00:00,Bulgaria,Bulgaria,BG,557.65,575.29,44.1,13.14,eso.bg,false,
2022-03-30 06:00:00,Bulgaria,Bulgaria,BG,526.33,544.54,47.07,16.77,eso.bg,false,
2022-03-30 07:00:00,Bulgaria,Bulgaria,BG,529.55,548.32,46.69,15.2,eso.bg,false,
2022-03-30 08:00:00,Bulgaria,Bulgaria,BG,508.48,527.87,48.55,16.05,eso.bg,false,
2022-03-30 09:00:00,Bulgaria,Bulgaria,BG,496.32,515.97,49.59,16.27,eso.bg,false,
2022-03-30 10:00:00,Bulgaria,Bulgaria,BG,496.39,516.05,49.57,16.27,eso.bg,false,
2022-03-30 11:00:00,Bulgaria,Bulgaria,BG,491.96,511.51,49.93,16.24,eso.bg,false,
2022-03-30 12:00:00,Bulgaria,Bulgaria,BG,491.33,510.93,49.94,15.65,eso.bg,false,
2022-03-30 13:00:00,Bulgaria,Bulgaria,BG,508.72,527.79,48.34,14.28,eso.bg,false,
2022-03-30 14:00:00,Bulgaria,Bulgaria,BG,519.67,538.07,47.43,14.04,eso.bg,false,
2022-03-30 15:00:00,Bulgaria,Bulgaria,BG,487.49,505.13,50.63,18.82,eso.bg,false,
2022-03-30 16:00:00,Bulgaria,Bulgaria,BG,477.74,494.99,51.67,20.93,eso.bg,false,
2022-03-30 17:00:00,Bulgaria,Bulgaria,BG,486.45,503.31,51.03,21.43,eso.bg,false,
2022-03-30 18:00:00,Bulgaria,Bulgaria,BG,474.89,492.1,51.95,21.62,eso.bg,false,
2022-03-30 19:00:00,Bulgaria,Bulgaria,BG,486.9,504.27,50.76,19.38,eso.bg,false,
2022-03-30 20:00:00,Bulgaria,Bulgaria,BG,515.66,533.31,47.89,15.13,eso.bg,false,
2022-03-30 21:00:00,Bulgaria,Bulgaria,BG,520.37,538.6,47.07,10.96,eso.bg,false,
2022-03-30 22:00:00,Bulgaria,Bulgaria,BG,504.42,522.71,48.39,10.41,eso.bg,false,
2022-03-30 23:00:00,Bulgaria,Bulgaria,BG,493.87,512.05,49.29,11.42,eso.bg,false,
2022-03-31 00:00:00,Bulgaria,Bulgaria,BG,490.94,509.17,49.54,11.86,eso.bg,false,
2022-03-31 01:00:00,Bulgaria,Bulgaria,BG,492.02,510.31,49.4,11.66,eso.bg,false,
2022-03-31 02:00:00,Bulgaria,Bulgaria,BG,492.87,511.18,49.32,11.66,eso.bg,false,
2022-03-31 03:00:00,Bulgaria,Bulgaria,BG,518.14,535.91,47.3,12.24,eso.bg,false,
2022-03-31 04:00:00,Bulgaria,Bulgaria,BG,510.72,527.91,48.33,15.73,eso.bg,false,
2022-03-31 05:00:00,Bulgaria,Bulgaria,BG,500.73,517.6,49.54,18.73,eso.bg,false,
2022-03-31 06:00:00,Bulgaria,Bulgaria,BG,498.61,515.11,50.03,19.71,eso.bg,false,
2022-03-31 07:00:00,Bulgaria,Bulgaria,BG,505.18,522.13,49.25,18.48,eso.bg,false,
2022-03-31 08:00:00,Bulgaria,Bulgaria,BG,526.32,543.97,47.09,15.61,eso.bg,false,
2022-03-31 09:00:00,Bulgaria,Bulgaria,BG,507.58,525.61,48.73,16.42,eso.bg,false,
2022-03-31 10:00:00,Bulgaria,Bulgaria,BG,502.1,520.06,49.26,16.89,eso.bg,false,
2022-03-31 11:00:00,Bulgaria,Bulgaria,BG,499.19,517.13,49.45,16.71,eso.bg,false,
2022-03-31 12:00:00,Bulgaria,Bulgaria,BG,511.54,529.01,48.39,15.97,eso.bg,false,
2022-03-31 13:00:00,Bulgaria,Bulgaria,BG,505.21,522.27,49.18,16.03,eso.bg,false,
2022-03-31 14:00:00,Bulgaria,Bulgaria,BG,486.87,503.9,50.8,17.72,eso.bg,false,
2022-03-31 15:00:00,Bulgaria,Bulgaria,BG,466.08,482.95,52.73,21.24,eso.bg,false,
2022-03-31 16:00:00,Bulgaria,Bulgaria,BG,447.3,464.45,54.51,23.95,eso.bg,false,
2022-03-31 17:00:00,Bulgaria,Bulgaria,BG,432.83,450.15,55.86,25.58,eso.bg,false,
2022-03-31 18:00:00,Bulgaria,Bulgaria,BG,450.1,467.82,54.04,22.35,eso.bg,false,
2022-03-31 19:00:00,Bulgaria,Bulgaria,BG,483.15,501.24,50.76,15.49,eso.bg,false,
2022-03-31 20:00:00,Bulgaria,Bulgaria,BG,480.17,498.39,50.92,13.79,eso.bg,false,
2022-03-31 21:00:00,Bulgaria,Bulgaria,BG,447.46,466.05,53.78,13.78,eso.bg,false,
2022-03-31 22:00:00,Bulgaria,Bulgaria,BG,399.63,419.29,58.07,16.23,eso.bg,false,
2022-03-31 23:00:00,Bulgaria,Bulgaria,BG,396.93,416.26,58.52,16.42,eso.bg,false,
2022-04-01 00:00:00,Bulgaria,Bulgaria,BG,410.41,429.41,57.24,15.33,eso.bg,false,
2022-04-01 01:00:00,Bulgaria,Bulgaria,BG,397.64,416.79,58.5,16.34,eso.bg,false,
2022-04-01 02:00:00,Bulgaria,Bulgaria,BG,402.44,421.52,58.1,15.89,eso.bg,false,
2022-04-01 03:00:00,Bulgaria,Bulgaria,BG,391.06,409.63,59.31,17.99,eso.bg,false,
2022-04-01 04:00:00,Bulgaria,Bulgaria,BG,393.71,411.18,59.41,20.51,eso.bg,false,
2022-04-01 05:00:00,Bulgaria,Bulgaria,BG,407.38,424.39,58.55,22.98,eso.bg,false,
2022-04-01 06:00:00,Bulgaria,Bulgaria,BG,406.19,423.21,58.9,25.41,eso.bg,false,
2022-04-01 07:00:00,Bulgaria,Bulgaria,BG,382.92,400.73,60.91,25.79,eso.bg,false,
2022-04-01 08:00:00,Bulgaria,Bulgaria,BG,375.26,393.79,61.46,25.17,eso.bg,false,
2022-04-01 09:00:00,Bulgaria,Bulgaria,BG,375.7,394.64,61.31,23.87,eso.bg,false,
2022-04-01 10:00:00,Bulgaria,Bulgaria,BG,373.65,392.9,61.38,23.1,eso.bg,false,
2022-04-01 11:00:00,Bulgaria,Bulgaria,BG,369.25,388.49,61.77,23.15,eso.bg,false,
2022-04-01 12:00:00,Bulgaria,Bulgaria,BG,372.56,391.77,61.38,22.34,eso.bg,false,
2022-04-01 13:00:00,Bulgaria,Bulgaria,BG,384.08,402.64,60.4,21.95,eso.bg,false,
2022-04-01 14:00:00,Bulgaria,Bulgaria,BG,385.55,403.35,60.37,22.93,eso.bg,false,
2022-04-01 15:00:00,Bulgaria,Bulgaria,BG,375.67,392.62,61.47,26.02,eso.bg,false,
2022-04-01 16:00:00,Bulgaria,Bulgaria,BG,365.82,382.37,62.52,28.81,eso.bg,false,
2022-04-01 17:00:00,Bulgaria,Bulgaria,BG,379.61,395.79,61.45,29.91,eso.bg,false,
2022-04-01 18:00:00,Bulgaria,Bulgaria,BG,376.45,392.89,61.62,29.56,eso.bg,false,
2022-04-01 19:00:00,Bulgaria,Bulgaria,BG,386.11,402.97,60.44,25.71,eso.bg,false,
2022-04-01 20:00:00,Bulgaria,Bulgaria,BG,395.53,412.8,59.36,22.89,eso.bg,false,
2022-04-01 21:00:00,Bulgaria,Bulgaria,BG,420.84,438.14,56.95,19.1,eso.bg,false,
2022-04-01 22:00:00,Bulgaria,Bulgaria,BG,406.8,424.48,58.01,16.44,eso.bg,false,
2022-04-01 23:00:00,Bulgaria,Bulgaria,BG,438.92,457.01,54.78,11.93,eso.bg,false,
2022-04-02 00:00:00,Bulgaria,Bulgaria,BG,444.18,462.29,54.26,10.99,eso.bg,false,
2022-04-02 01:00:00,Bulgaria,Bulgaria,BG,448.32,466.54,53.85,10.25,eso.bg,false,
2022-04-02 02:00:00,Bulgaria,Bulgaria,BG,433.66,451.81,55.19,11.11,eso.bg,false,
2022-04-02 03:00:00,Bulgaria,Bulgaria,BG,430.43,448.65,55.43,10.85,eso.bg,false,
2022-04-02 04:00:00,Bulgaria,Bulgaria,BG,432.4,450.93,55.12,11.43,eso.bg,false,
2022-04-02 05:00:00,Bulgaria,Bulgaria,BG,435.09,452.93,55.55,17.62,eso.bg,false,
2022-04-02 06:00:00,Bulgaria,Bulgaria,BG,416.96,434.85,57.62,22.2,eso.bg,false,
2022-04-02 07:00:00,Bulgaria,Bulgaria,BG,409.87,428.46,58.24,21.59,eso.bg,false,
2022-04-02 08:00:00,Bulgaria,Bulgaria,BG,396.01,415.07,59.38,22.42,eso.bg,false,
2022-04-02 09:00:00,Bulgaria,Bulgaria,BG,384.71,404.36,60.26,23.2,eso.bg,false,
2022-04-02 10:00:00,Bulgaria,Bulgaria,BG,408.45,428.35,57.71,19.86,eso.bg,false,
2022-04-02 11:00:00,Bulgaria,Bulgaria,BG,427.41,447.15,55.87,17.76,eso.bg,false,
2022-04-02 12:00:00,Bulgaria,Bulgaria,BG,419.55,438.88,56.52,18.39,eso.bg,false,
2022-04-02 13:00:00,Bulgaria,Bulgaria,BG,418.78,438.3,56.48,17.77,eso.bg,false,
2022-04-02 14:00:00,Bulgaria,Bulgaria,BG,429.6,448.74,55.54,17.6,eso.bg,false,
2022-04-02 15:00:00,Bulgaria,Bulgaria,BG,411.61,429.45,57.63,23.67,eso.bg,false,
2022-04-02 16:00:00,Bulgaria,Bulgaria,BG,397.9,415.49,58.91,25.49,eso.bg,false,
2022-04-02 17:00:00,Bulgaria,Bulgaria,BG,393.95,411.62,59.24,26.24,eso.bg,false,
2022-04-02 18:00:00,Bulgaria,Bulgaria,BG,408.04,426.04,57.76,23.71,eso.bg,false,
2022-04-02 19:00:00,Bulgaria,Bulgaria,BG,424.75,443.01,56.01,20.48,eso.bg,false,
2022-04-02 20:00:00,Bulgaria,Bulgaria,BG,453.46,472.13,53.07,15.23,eso.bg,false,
2022-04-02 21:00:00,Bulgaria,Bulgaria,BG,478.17,497.19,50.58,10.53,eso.bg,false,
2022-04-02 22:00:00,Bulgaria,Bulgaria,BG,471.58,491.16,50.9,8.75,eso.bg,false,
2022-04-02 23:00:00,Bulgaria,Bulgaria,BG,433.09,453.77,53.98,8.9,eso.bg,false,
2022-04-03 00:00:00,Bulgaria,Bulgaria,BG,427.86,447.94,54.71,8.72,eso.bg,false,
2022-04-03 01:00:00,Bulgaria,Bulgaria,BG,420.54,440.91,55.46,10.34,eso.bg,false,
2022-04-03 02:00:00,Bulgaria,Bulgaria,BG,420.03,440.43,55.51,10.61,eso.bg,false,
2022-04-03 03:00:00,Bulgaria,Bulgaria,BG,420.56,440.67,55.45,10.42,eso.bg,false,
2022-04-03 04:00:00,Bulgaria,Bulgaria,BG,425.11,445.38,54.93,11.35,eso.bg,false,
2022-04-03 05:00:00,Bulgaria,Bulgaria,BG,431.31,450.48,55.07,15.03,eso.bg,false,
2022-04-03 06:00:00,Bulgaria,Bulgaria,BG,412.78,432.0,57.08,19.04,eso.bg,false,
2022-04-03 07:00:00,Bulgaria,Bulgaria,BG,400.42,419.75,58.39,21.69,eso.bg,false,
2022-04-03 08:00:00,Bulgaria,Bulgaria,BG,378.25,398.2,60.41,23.79,eso.bg,false,
2022-04-03 09:00:00,Bulgaria,Bulgaria,BG,351.73,372.14,62.74,25.95,eso.bg,false,
2022-04-03 10:00:00,Bulgaria,Bulgaria,BG,360.31,381.03,61.72,24.55,eso.bg,false,
2022-04-03 11:00:00,Bulgaria,Bulgaria,BG,360.98,382.07,61.62,24.04,eso.bg,false,
2022-04-03 12:00:00,Bulgaria,Bulgaria,BG,380.3,401.4,59.81,22.98,eso.bg,false,
2022-04-03 13:00:00,Bulgaria,Bulgaria,BG,403.43,424.62,57.33,19.85,eso.bg,false,
2022-04-03 14:00:00,Bulgaria,Bulgaria,BG,395.0,415.78,58.03,20.44,eso.bg,false,
2022-04-03 15:00:00,Bulgaria,Bulgaria,BG,393.78,413.72,58.21,21.23,eso.bg,false,
2022-04-03 16:00:00,Bulgaria,Bulgaria,BG,397.56,416.27,58.34,24.83,eso.bg,false,
2022-04-03 17:00:00,Bulgaria,Bulgaria,BG,395.57,413.91,58.73,26.63,eso.bg,false,
2022-04-03 18:00:00,Bulgaria,Bulgaria,BG,392.25,410.89,58.88,25.71,eso.bg,false,
2022-04-03 19:00:00,Bulgaria,Bulgaria,BG,412.85,431.93,56.7,21.7,eso.bg,false,
2022-04-03 20:00:00,Bulgaria,Bulgaria,BG,429.15,448.53,54.99,18.24,eso.bg,false,
2022-04-03 21:00:00,Bulgaria,Bulgaria,BG,456.59,476.25,52.26,13.51,eso.bg,false,
2022-04-03 22:00:00,Bulgaria,Bulgaria,BG,455.44,475.34,52.25,12.78,eso.bg,false,
2022-04-03 23:00:00,Bulgaria,Bulgaria,BG,439.06,459.39,53.54,12.67,eso.bg,false,
2022-04-04 00:00:00,Bulgaria,Bulgaria,BG,427.2,447.9,54.45,12.43,eso.bg,false,
2022-04-04 01:00:00,Bulgaria,Bulgaria,BG,433.02,453.96,53.76,11.0,eso.bg,false,
2022-04-04 02:00:00,Bulgaria,Bulgaria,BG,431.95,452.75,53.89,11.16,eso.bg,false,
2022-04-04 03:00:00,Bulgaria,Bulgaria,BG,471.65,491.72,50.61,11.24,eso.bg,false,
2022-04-04 04:00:00,Bulgaria,Bulgaria,BG,469.49,488.8,51.24,14.51,eso.bg,false,
2022-04-04 05:00:00,Bulgaria,Bulgaria,BG,460.37,479.66,52.35,17.58,eso.bg,false,
2022-04-04 06:00:00,Bulgaria,Bulgaria,BG,447.32,466.74,53.69,19.96,eso.bg,false,
2022-04-04 07:00:00,Bulgaria,Bulgaria,BG,440.2,460.24,54.24,19.4,eso.bg,false,
2022-04-04 08:00:00,Bulgaria,Bulgaria,BG,435.26,455.98,54.52,18.67,eso.bg,false,
2022-04-04 09:00:00,Bulgaria,Bulgaria,BG,442.65,463.71,53.73,17.1,eso.bg,false,
2022-04-04 10:00:00,Bulgaria,Bulgaria,BG,457.49,478.51,52.41,16.23,eso.bg,false,
2022-04-04 11:00:00,Bulgaria,Bulgaria,BG,465.1,485.94,51.68,15.27,eso.bg,false,
2022-04-04 12:00:00,Bulgaria,Bulgaria,BG,448.24,468.94,53.19,15.81,eso.bg,false,
2022-04-04 13:00:00,Bulgaria,Bulgaria,BG,459.86,480.21,52.08,14.85,eso.bg,false,
2022-04-04 14:00:00,Bulgaria,Bulgaria,BG,444.7,464.4,53.59,16.96,eso.bg,false,
2022-04-04 15:00:00,Bulgaria,Bulgaria,BG,420.87,439.67,56.09,21.55,eso.bg,false,
2022-04-04 16:00:00,Bulgaria,Bulgaria,BG,418.88,437.09,56.51,23.79,eso.bg,false,
2022-04-04 17:00:00,Bulgaria,Bulgaria,BG,427.33,445.12,55.86,24.04,eso.bg,false,
2022-04-04 18:00:00,Bulgaria,Bulgaria,BG,438.37,456.22,54.72,22.1,eso.bg,false,
2022-04-04 19:00:00,Bulgaria,Bulgaria,BG,462.97,481.14,52.18,17.67,eso.bg,false,
2022-04-04 20:00:00,Bulgaria,Bulgaria,BG,492.13,510.59,49.31,13.88,eso.bg,false,
2022-04-04 21:00:00,Bulgaria,Bulgaria,BG,528.45,547.53,45.53,6.74,eso.bg,false,
2022-04-04 22:00:00,Bulgaria,Bulgaria,BG,544.33,563.34,44.12,5.43,eso.bg,false,
2022-04-04 23:00:00,Bulgaria,Bulgaria,BG,502.97,522.68,47.55,5.39,eso.bg,false,
2022-04-05 00:00:00,Bulgaria,Bulgaria,BG,476.28,496.75,49.53,5.57,eso.bg,false,
2022-04-05 01:00:00,Bulgaria,Bulgaria,BG,482.2,502.7,48.96,5.27,eso.bg,false,
2022-04-05 02:00:00,Bulgaria,Bulgaria,BG,484.29,504.67,48.84,5.58,eso.bg,false,
2022-04-05 03:00:00,Bulgaria,Bulgaria,BG,508.72,528.07,47.21,8.71,eso.bg,false,
2022-04-05 04:00:00,Bulgaria,Bulgaria,BG,496.53,514.93,48.99,14.78,eso.bg,false,
2022-04-05 05:00:00,Bulgaria,Bulgaria,BG,489.05,507.53,49.8,16.27,eso.bg,false,
2022-04-05 06:00:00,Bulgaria,Bulgaria,BG,487.9,506.56,50.05,17.44,eso.bg,false,
2022-04-05 07:00:00,Bulgaria,Bulgaria,BG,481.51,500.47,50.71,18.12,eso.bg,false,
2022-04-05 08:00:00,Bulgaria,Bulgaria,BG,484.16,503.55,50.49,17.94,eso.bg,false,
2022-04-05 09:00:00,Bulgaria,Bulgaria,BG,480.22,500.16,50.73,16.53,eso.bg,false,
2022-04-05 10:00:00,Bulgaria,Bulgaria,BG,460.87,481.24,52.36,17.12,eso.bg,false,
2022-04-05 11:00:00,Bulgaria,Bulgaria,BG,446.43,467.09,53.61,17.89,eso.bg,false,
2022-04-05 12:00:00,Bulgaria,Bulgaria,BG,431.94,452.83,54.82,18.06,eso.bg,false,
2022-04-05 13:00:00,Bulgaria,Bulgaria,BG,450.48,470.83,53.2,16.42,eso.bg,false,
2022-04-05 14:00:00,Bulgaria,Bulgaria,BG,486.84,506.51,49.9,14.26,eso.bg,false,
2022-04-05 15:00:00,Bulgaria,Bulgaria,BG,498.57,517.27,49.02,14.88,eso.bg,false,
2022-04-05 16:00:00,Bulgaria,Bulgaria,BG,476.37,494.22,51.25,18.59,eso.bg,false,
2022-04-05 17:00:00,Bulgaria,Bulgaria,BG,461.38,478.97,52.75,21.2,eso.bg,false,
2022-04-05 18:00:00,Bulgaria,Bulgaria,BG,460.75,478.22,52.86,21.26,eso.bg,false,
2022-04-05 19:00:00,Bulgaria,Bulgaria,BG,483.07,500.85,50.57,17.33,eso.bg,false,
2022-04-05 20:00:00,Bulgaria,Bulgaria,BG,499.0,517.04,48.93,14.72,eso.bg,false,
2022-04-05 21:00:00,Bulgaria,Bulgaria,BG,527.4,545.87,46.04,9.83,eso.bg,false,
2022-04-05 22:00:00,Bulgaria,Bulgaria,BG,539.37,557.97,44.83,7.41,eso.bg,false,
2022-04-05 23:00:00,Bulgaria,Bulgaria,BG,545.97,564.21,44.21,7.16,eso.bg,false,
2022-04-06 00:00:00,Bulgaria,Bulgaria,BG,548.16,566.37,43.88,6.61,eso.bg,false,
2022-04-06 01:00:00,Bulgaria,Bulgaria,BG,554.71,572.96,43.23,6.04,eso.bg,false,
2022-04-06 02:00:00,Bulgaria,Bulgaria,BG,558.22,576.52,42.86,5.26,eso.bg,false,
2022-04-06 03:00:00,Bulgaria,Bulgaria,BG,549.38,567.65,43.71,6.52,eso.bg,false,
2022-04-06 04:00:00,Bulgaria,Bulgaria,BG,526.54,544.78,46.09,10.61,eso.bg,false,
2022-04-06 05:00:00,Bulgaria,Bulgaria,BG,499.73,518.01,48.89,15.32,eso.bg,false,
2022-04-06 06:00:00,Bulgaria,Bulgaria,BG,481.88,500.52,50.67,17.62,eso.bg,false,
2022-04-06 07:00:00,Bulgaria,Bulgaria,BG,484.21,503.32,50.5,17.33,eso.bg,false,
2022-04-06 08:00:00,Bulgaria,Bulgaria,BG,489.06,508.54,50.05,16.42,eso.bg,false,
2022-04-06 09:00:00,Bulgaria,Bulgaria,BG,477.65,497.42,51.04,16.92,eso.bg,false,
2022-04-06 10:00:00,Bulgaria,Bulgaria,BG,475.88,495.48,51.3,16.94,eso.bg,false,
2022-04-06 11:00:00,Bulgaria,Bulgaria,BG,466.17,485.76,52.21,17.56,eso.bg,false,
2022-04-06 12:00:00,Bulgaria,Bulgaria,BG,432.36,452.61,54.95,18.14,eso.bg,false,
2022-04-06 13:00:00,Bulgaria,Bulgaria,BG,431.4,451.59,54.89,16.98,eso.bg,false,
2022-04-06 14:00:00,Bulgaria,Bulgaria,BG,451.85,471.19,53.19,17.02,eso.bg,false,
2022-04-06 15:00:00,Bulgaria,Bulgaria,BG,469.69,487.75,51.88,17.37,eso.bg,false,
2022-04-06 16:00:00,Bulgaria,Bulgaria,BG,467.38,484.9,52.12,18.49,eso.bg,false,
2022-04-06 17:00:00,Bulgaria,Bulgaria,BG,447.04,464.27,54.15,21.97,eso.bg,false,
2022-04-06 18:00:00,Bulgaria,Bulgaria,BG,441.59,458.82,54.71,22.95,eso.bg,false,
2022-04-06 19:00:00,Bulgaria,Bulgaria,BG,474.34,492.11,51.29,17.14,eso.bg,false,
2022-04-06 20:00:00,Bulgaria,Bulgaria,BG,497.04,515.47,48.93,12.74,eso.bg,false,
2022-04-06 21:00:00,Bulgaria,Bulgaria,BG,445.41,465.67,53.16,13.24,eso.bg,false,
2022-04-06 22:00:00,Bulgaria,Bulgaria,BG,416.92,437.59,55.65,14.25,eso.bg,false,
2022-04-06 23:00:00,Bulgaria,Bulgaria,BG,428.36,448.38,54.41,11.72,eso.bg,false,
2022-04-07 00:00:00,Bulgaria,Bulgaria,BG,430.14,450.79,54.15,11.22,eso.bg,false,
2022-04-07 01:00:00,Bulgaria,Bulgaria,BG,429.11,450.32,54.23,11.31,eso.bg,false,
2022-04-07 02:00:00,Bulgaria,Bulgaria,BG,432.44,454.07,53.91,11.2,eso.bg,false,
2022-04-07 03:00:00,Bulgaria,Bulgaria,BG,465.78,486.43,50.98,9.54,eso.bg,false,
2022-04-07 04:00:00,Bulgaria,Bulgaria,BG,508.34,527.72,47.5,9.45,eso.bg,false,
2022-04-07 05:00:00,Bulgaria,Bulgaria,BG,490.66,509.65,49.54,14.59,eso.bg,false,
2022-04-07 06:00:00,Bulgaria,Bulgaria,BG,481.59,500.37,50.59,16.66,eso.bg,false,
2022-04-07 07:00:00,Bulgaria,Bulgaria,BG,485.98,504.88,50.34,16.49,eso.bg,false,
2022-04-07 08:00:00,Bulgaria,Bulgaria,BG,489.66,508.94,50.07,16.22,eso.bg,false,
2022-04-07 09:00:00,Bulgaria,Bulgaria,BG,500.82,520.39,48.88,14.17,eso.bg,false,
2022-04-07 10:00:00,Bulgaria,Bulgaria,BG,498.9,518.23,49.19,15.11,eso.bg,false,
2022-04-07 11:00:00,Bulgaria,Bulgaria,BG,475.2,495.35,51.18,15.53,eso.bg,false,
2022-04-07 12:00:00,Bulgaria,Bulgaria,BG,477.08,497.17,50.92,14.38,eso.bg,false,
2022-04-07 13:00:00,Bulgaria,Bulgaria,BG,496.16,515.63,49.15,12.71,eso.bg,false,
2022-04-07 14:00:00,Bulgaria,Bulgaria,BG,496.4,515.15,49.35,14.43,eso.bg,false,
2022-04-07 15:00:00,Bulgaria,Bulgaria,BG,477.86,495.98,51.29,17.88,eso.bg,false,
2022-04-07 16:00:00,Bulgaria,Bulgaria,BG,459.83,477.43,53.12,20.67,eso.bg,false,
2022-04-07 17:00:00,Bulgaria,Bulgaria,BG,460.14,477.55,53.17,21.5,eso.bg,false,
2022-04-07 18:00:00,Bulgaria,Bulgaria,BG,470.57,488.11,52.11,19.74,eso.bg,false,
2022-04-07 19:00:00,Bulgaria,Bulgaria,BG,483.42,501.36,50.72,16.68,eso.bg,false,
2022-04-07 20:00:00,Bulgaria,Bulgaria,BG,492.97,510.98,49.78,15.46,eso.bg,false,
2022-04-07 21:00:00,Bulgaria,Bulgaria,BG,525.73,544.09,46.53,9.27,eso.bg,false,
2022-04-07 22:00:00,Bulgaria,Bulgaria,BG,522.98,541.84,46.57,8.45,eso.bg,false,
2022-04-07 23:00:00,Bulgaria,Bulgaria,BG,468.86,488.35,51.21,10.02,eso.bg,false,
2022-04-08 00:00:00,Bulgaria,Bulgaria,BG,447.52,467.44,52.95,10.95,eso.bg,false,
2022-04-08 01:00:00,Bulgaria,Bulgaria,BG,446.76,466.91,52.95,11.16,eso.bg,false,
2022-04-08 02:00:00,Bulgaria,Bulgaria,BG,447.16,467.53,52.8,11.06,eso.bg,false,
2022-04-08 03:00:00,Bulgaria,Bulgaria,BG,464.83,484.82,51.32,10.76,eso.bg,false,
2022-04-08 04:00:00,Bulgaria,Bulgaria,BG,496.41,515.33,49.02,13.3,eso.bg,false,
2022-04-08 05:00:00,Bulgaria,Bulgaria,BG,472.64,491.11,51.73,19.49,eso.bg,false,
2022-04-08 06:00:00,Bulgaria,Bulgaria,BG,467.1,485.96,52.32,20.51,eso.bg,false,
2022-04-08 07:00:00,Bulgaria,Bulgaria,BG,444.42,463.93,54.41,21.92,eso.bg,false,
2022-04-08 08:00:00,Bulgaria,Bulgaria,BG,416.24,436.56,56.85,22.89,eso.bg,false,
2022-04-08 09:00:00,Bulgaria,Bulgaria,BG,406.38,426.85,57.8,23.55,eso.bg,false,
2022-04-08 10:00:00,Bulgaria,Bulgaria,BG,397.55,418.49,58.4,23.09,eso.bg,false,
2022-04-08 11:00:00,Bulgaria,Bulgaria,BG,392.46,413.22,58.95,23.89,eso.bg,false,
2022-04-08 12:00:00,Bulgaria,Bulgaria,BG,416.13,436.72,56.71,21.32,eso.bg,false,
2022-04-08 13:00:00,Bulgaria,Bulgaria,BG,433.05,453.64,55.0,18.52,eso.bg,false,
2022-04-08 14:00:00,Bulgaria,Bulgaria,BG,468.16,488.13,51.8,15.6,eso.bg,false,
2022-04-08 15:00:00,Bulgaria,Bulgaria,BG,492.28,511.15,49.77,15.48,eso.bg,false,
2022-04-08 16:00:00,Bulgaria,Bulgaria,BG,488.7,506.74,50.28,17.53,eso.bg,false,
2022-04-08 17:00:00,Bulgaria,Bulgaria,BG,475.94,493.56,51.63,20.21,eso.bg,false,
2022-04-08 18:00:00,Bulgaria,Bulgaria,BG,478.98,496.52,51.33,19.71,eso.bg,false,
2022-04-08 19:00:00,Bulgaria,Bulgaria,BG,498.49,516.48,49.32,15.98,eso.bg,false,
2022-04-08 20:00:00,Bulgaria,Bulgaria,BG,513.7,531.94,47.71,13.01,eso.bg,false,
2022-04-08 21:00:00,Bulgaria,Bulgaria,BG,512.81,531.57,47.54,10.45,eso.bg,false,
2022-04-08 22:00:00,Bulgaria,Bulgaria,BG,507.35,526.82,47.64,7.37,eso.bg,false,
2022-04-08 23:00:00,Bulgaria,Bulgaria,BG,513.45,532.94,47.02,6.28,eso.bg,false,
2022-04-09 00:00:00,Bulgaria,Bulgaria,BG,465.99,486.25,51.04,7.41,eso.bg,false,
2022-04-09 01:00:00,Bulgaria,Bulgaria,BG,453.5,473.91,52.11,8.01,eso.bg,false,
2022-04-09 02:00:00,Bulgaria,Bulgaria,BG,453.23,473.69,52.12,8.0,eso.bg,false,
2022-04-09 03:00:00,Bulgaria,Bulgaria,BG,448.02,468.5,52.62,9.03,eso.bg,false,
2022-04-09 04:00:00,Bulgaria,Bulgaria,BG,443.81,464.14,53.12,10.03,eso.bg,false,
2022-04-09 05:00:00,Bulgaria,Bulgaria,BG,437.3,457.51,54.08,13.93,eso.bg,false,
2022-04-09 06:00:00,Bulgaria,Bulgaria,BG,420.49,440.6,56.02,18.71,eso.bg,false,
2022-04-09 07:00:00,Bulgaria,Bulgaria,BG,412.14,432.4,56.94,20.52,eso.bg,false,
2022-04-09 08:00:00,Bulgaria,Bulgaria,BG,424.22,444.87,55.82,18.95,eso.bg,false,
2022-04-09 09:00:00,Bulgaria,Bulgaria,BG,411.34,432.29,56.92,19.12,eso.bg,false,
2022-04-09 10:00:00,Bulgaria,Bulgaria,BG,415.95,436.66,56.58,18.99,eso.bg,false,
2022-04-09 11:00:00,Bulgaria,Bulgaria,BG,401.67,422.63,57.81,19.15,eso.bg,false,
2022-04-09 12:00:00,Bulgaria,Bulgaria,BG,401.27,422.26,57.79,18.56,eso.bg,false,
2022-04-09 13:00:00,Bulgaria,Bulgaria,BG,413.74,434.57,56.51,16.47,eso.bg,false,
2022-04-09 14:00:00,Bulgaria,Bulgaria,BG,416.6,436.86,56.34,17.31,eso.bg,false,
2022-04-09 15:00:00,Bulgaria,Bulgaria,BG,415.48,435.06,56.52,18.04,eso.bg,false,
2022-04-09 16:00:00,Bulgaria,Bulgaria,BG,408.61,427.18,57.44,20.28,eso.bg,false,
2022-04-09 17:00:00,Bulgaria,Bulgaria,BG,419.24,436.84,56.92,23.27,eso.bg,false,
2022-04-09 18:00:00,Bulgaria,Bulgaria,BG,437.82,455.63,55.09,21.47,eso.bg,false,
2022-04-09 19:00:00,Bulgaria,Bulgaria,BG,451.7,469.96,53.54,17.58,eso.bg,false,
2022-04-09 20:00:00,Bulgaria,Bulgaria,BG,453.09,472.09,52.92,12.67,eso.bg,false,
2022-04-09 21:00:00,Bulgaria,Bulgaria,BG,468.78,488.54,51.04,7.22,eso.bg,false,
2022-04-09 22:00:00,Bulgaria,Bulgaria,BG,462.64,482.69,51.42,6.28,eso.bg,false,
2022-04-09 23:00:00,Bulgaria,Bulgaria,BG,436.22,456.84,53.51,6.26,eso.bg,false,
2022-04-10 00:00:00,Bulgaria,Bulgaria,BG,423.9,444.82,54.51,6.31,eso.bg,false,
2022-04-10 01:00:00,Bulgaria,Bulgaria,BG,423.83,444.86,54.44,6.38,eso.bg,false,
2022-04-10 02:00:00,Bulgaria,Bulgaria,BG,424.57,445.67,54.34,6.35,eso.bg,false,
2022-04-10 03:00:00,Bulgaria,Bulgaria,BG,435.11,456.04,53.51,6.93,eso.bg,false,
2022-04-10 04:00:00,Bulgaria,Bulgaria,BG,444.76,465.28,52.81,7.53,eso.bg,false,
2022-04-10 05:00:00,Bulgaria,Bulgaria,BG,439.85,460.15,53.59,11.13,eso.bg,false,
2022-04-10 06:00:00,Bulgaria,Bulgaria,BG,437.55,457.39,54.23,14.9,eso.bg,false,
2022-04-10 07:00:00,Bulgaria,Bulgaria,BG,427.12,446.47,55.62,17.16,eso.bg,false,
2022-04-10 08:00:00,Bulgaria,Bulgaria,BG,425.54,444.94,55.75,17.34,eso.bg,false,
2022-04-10 09:00:00,Bulgaria,Bulgaria,BG,421.67,441.75,55.79,17.26,eso.bg,false,
2022-04-10 10:00:00,Bulgaria,Bulgaria,BG,427.67,447.99,55.05,15.75,eso.bg,false,
2022-04-10 11:00:00,Bulgaria,Bulgaria,BG,416.39,436.97,55.98,15.66,eso.bg,false,
2022-04-10 12:00:00,Bulgaria,Bulgaria,BG,427.21,447.65,54.96,14.85,eso.bg,false,
2022-04-10 13:00:00,Bulgaria,Bulgaria,BG,436.09,456.43,54.06,14.64,eso.bg,false,
2022-04-10 14:00:00,Bulgaria,Bulgaria,BG,422.99,442.88,55.57,18.16,eso.bg,false,
2022-04-10 15:00:00,Bulgaria,Bulgaria,BG,399.71,419.36,58.04,22.87,eso.bg,false,
2022-04-10 16:00:00,Bulgaria,Bulgaria,BG,417.08,435.67,56.6,23.37,eso.bg,false,
2022-04-10 17:00:00,Bulgaria,Bulgaria,BG,405.21,423.32,57.98,26.43,eso.bg,false,
2022-04-10 18:00:00,Bulgaria,Bulgaria,BG,410.85,429.14,57.36,25.48,eso.bg,false,
2022-04-10 19:00:00,Bulgaria,Bulgaria,BG,418.45,437.09,56.42,22.93,eso.bg,false,
2022-04-10 20:00:00,Bulgaria,Bulgaria,BG,452.43,471.64,53.05,17.86,eso.bg,false,
2022-04-10 21:00:00,Bulgaria,Bulgaria,BG,452.3,473.03,52.55,13.28,eso.bg,false,
2022-04-10 22:00:00,Bulgaria,Bulgaria,BG,444.76,465.77,52.97,12.05,eso.bg,false,
2022-04-10 23:00:00,Bulgaria,Bulgaria,BG,434.12,455.43,53.67,11.2,eso.bg,false,
2022-04-11 00:00:00,Bulgaria,Bulgaria,BG,405.07,426.83,56.18,12.75,eso.bg,false,
2022-04-11 01:00:00,Bulgaria,Bulgaria,BG,408.3,430.03,55.86,12.59,eso.bg,false,
2022-04-11 02:00:00,Bulgaria,Bulgaria,BG,419.02,440.53,54.88,12.33,eso.bg,false,
2022-04-11 03:00:00,Bulgaria,Bulgaria,BG,457.3,477.47,51.9,12.93,eso.bg,false,
2022-04-11 04:00:00,Bulgaria,Bulgaria,BG,456.18,475.65,52.43,16.39,eso.bg,false,
2022-04-11 05:00:00,Bulgaria,Bulgaria,BG,441.23,460.29,54.17,20.0,eso.bg,false,
2022-04-11 06:00:00,Bulgaria,Bulgaria,BG,420.39,439.32,56.33,23.84,eso.bg,false,
2022-04-11 07:00:00,Bulgaria,Bulgaria,BG,419.87,439.26,56.29,23.67,eso.bg,false,
2022-04-11 08:00:00,Bulgaria,Bulgaria,BG,421.59,441.09,56.1,23.39,eso.bg,false,
2022-04-11 09:00:00,Bulgaria,Bulgaria,BG,422.88,443.01,55.89,22.54,eso.bg,false,
2022-04-11 10:00:00,Bulgaria,Bulgaria,BG,407.45,427.79,57.36,23.6,eso.bg,false,
2022-04-11 11:00:00,Bulgaria,Bulgaria,BG,395.07,415.96,58.37,24.15,eso.bg,false,
2022-04-11 12:00:00,Bulgaria,Bulgaria,BG,388.3,409.77,58.74,23.25,eso.bg,false,
2022-04-11 13:00:00,Bulgaria,Bulgaria,BG,392.06,413.44,58.4,22.89,eso.bg,false,
2022-04-11 14:00:00,Bulgaria,Bulgaria,BG,395.92,416.85,58.04,22.48,eso.bg,false,
2022-04-11 15:00:00,Bulgaria,Bulgaria,BG,400.11,419.37,58.06,25.0,eso.bg,false,
2022-04-11 16:00:00,Bulgaria,Bulgaria,BG,401.43,420.01,58.11,26.26,eso.bg,false,
2022-04-11 17:00:00,Bulgaria,Bulgaria,BG,402.27,420.73,58.03,26.3,eso.bg,false,
2022-04-11 18:00:00,Bulgaria,Bulgaria,BG,414.49,433.14,56.8,24.34,eso.bg,false,
2022-04-11 19:00:00,Bulgaria,Bulgaria,BG,407.24,426.06,57.36,24.04,eso.bg,false,
2022-04-11 20:00:00,Bulgaria,Bulgaria,BG,428.2,447.23,55.31,21.27,eso.bg,false,
2022-04-11 21:00:00,Bulgaria,Bulgaria,BG,460.0,479.35,52.14,16.09,eso.bg,false,
2022-04-11 22:00:00,Bulgaria,Bulgaria,BG,471.39,491.94,50.83,13.11,eso.bg,false,
2022-04-11 23:00:00,Bulgaria,Bulgaria,BG,473.44,494.54,50.31,10.64,eso.bg,false,
2022-04-12 00:00:00,Bulgaria,Bulgaria,BG,458.65,479.9,51.63,11.12,eso.bg,false,
2022-04-12 01:00:00,Bulgaria,Bulgaria,BG,464.51,485.52,51.24,11.38,eso.bg,false,
2022-04-12 02:00:00,Bulgaria,Bulgaria,BG,482.26,503.0,49.69,10.8,eso.bg,false,
2022-04-12 03:00:00,Bulgaria,Bulgaria,BG,500.98,521.21,48.05,10.08,eso.bg,false,
2022-04-12 04:00:00,Bulgaria,Bulgaria,BG,479.78,499.03,50.41,14.99,eso.bg,false,
2022-04-12 05:00:00,Bulgaria,Bulgaria,BG,464.52,484.0,51.97,17.37,eso.bg,false,
2022-04-12 06:00:00,Bulgaria,Bulgaria,BG,441.62,461.95,54.09,19.57,eso.bg,false,
2022-04-12 07:00:00,Bulgaria,Bulgaria,BG,440.73,461.52,54.14,19.7,eso.bg,false,
2022-04-12 08:00:00,Bulgaria,Bulgaria,BG,448.34,469.2,53.49,19.22,eso.bg,false,
2022-04-12 09:00:00,Bulgaria,Bulgaria,BG,450.22,471.16,53.36,19.47,eso.bg,false,
2022-04-12 10:00:00,Bulgaria,Bulgaria,BG,459.27,479.97,52.59,18.35,eso.bg,false,
2022-04-12 11:00:00,Bulgaria,Bulgaria,BG,462.79,483.45,52.25,17.57,eso.bg,false,
2022-04-12 12:00:00,Bulgaria,Bulgaria,BG,456.49,477.43,52.74,17.72,eso.bg,false,
2022-04-12 13:00:00,Bulgaria,Bulgaria,BG,465.81,486.45,51.87,16.51,eso.bg,false,
2022-04-12 14:00:00,Bulgaria,Bulgaria,BG,471.4,491.79,51.23,15.04,eso.bg,false,
2022-04-12 15:00:00,Bulgaria,Bulgaria,BG,472.59,492.06,51.28,16.17,eso.bg,false,
2022-04-12 16:00:00,Bulgaria,Bulgaria,BG,454.63,473.28,53.09,19.05,eso.bg,false,
2022-04-12 17:00:00,Bulgaria,Bulgaria,BG,436.47,454.62,55.0,22.67,eso.bg,false,
2022-04-12 18:00:00,Bulgaria,Bulgaria,BG,440.85,459.04,54.57,22.05,eso.bg,false,
2022-04-12 19:00:00,Bulgaria,Bulgaria,BG,452.67,471.14,53.33,19.51,eso.bg,false,
2022-04-12 20:00:00,Bulgaria,Bulgaria,BG,478.98,497.93,50.57,14.72,eso.bg,false,
2022-04-12 21:00:00,Bulgaria,Bulgaria,BG,505.6,524.94,47.92,10.3,eso.bg,false,
2022-04-12 22:00:00,Bulgaria,Bulgaria,BG,533.07,553.0,45.19,6.34,eso.bg,false,
2022-04-12 23:00:00,Bulgaria,Bulgaria,BG,537.02,556.99,44.68,5.42,eso.bg,false,
2022-04-13 00:00:00,Bulgaria,Bulgaria,BG,543.83,563.83,43.94,4.65,eso.bg,false,
2022-04-13 01:00:00,Bulgaria,Bulgaria,BG,538.49,558.6,44.42,5.17,eso.bg,false,
2022-04-13 02:00:00,Bulgaria,Bulgaria,BG,524.16,544.24,45.8,7.07,eso.bg,false,
2022-04-13 03:00:00,Bulgaria,Bulgaria,BG,496.06,515.58,48.72,12.18,eso.bg,false,
2022-04-13 04:00:00,Bulgaria,Bulgaria,BG,464.84,483.9,51.9,17.33,eso.bg,false,
2022-04-13 05:00:00,Bulgaria,Bulgaria,BG,459.78,478.56,52.8,18.67,eso.bg,false,
2022-04-13 06:00:00,Bulgaria,Bulgaria,BG,453.73,472.85,53.49,19.79,eso.bg,false,
2022-04-13 07:00:00,Bulgaria,Bulgaria,BG,457.08,477.11,53.03,18.12,eso.bg,false,
2022-04-13 08:00:00,Bulgaria,Bulgaria,BG,431.57,452.38,55.24,19.52,eso.bg,false,
2022-04-13 09:00:00,Bulgaria,Bulgaria,BG,387.43,409.15,59.25,22.84,eso.bg,false,
2022-04-13 10:00:00,Bulgaria,Bulgaria,BG,375.58,397.56,60.32,23.96,eso.bg,false,
2022-04-13 11:00:00,Bulgaria,Bulgaria,BG,377.07,399.61,59.99,23.72,eso.bg,false,
2022-04-13 12:00:00,Bulgaria,Bulgaria,BG,381.9,404.35,59.54,22.91,eso.bg,false,
2022-04-13 13:00:00,Bulgaria,Bulgaria,BG,389.55,412.04,58.76,21.43,eso.bg,false,
2022-04-13 14:00:00,Bulgaria,Bulgaria,BG,404.59,426.61,57.23,19.05,eso.bg,false,
2022-04-13 15:00:00,Bulgaria,Bulgaria,BG,456.39,476.22,52.76,16.23,eso.bg,false,
2022-04-13 16:00:00,Bulgaria,Bulgaria,BG,442.24,460.72,54.37,20.83,eso.bg,false,
2022-04-13 17:00:00,Bulgaria,Bulgaria,BG,441.04,459.02,54.68,22.66,eso.bg,false,
2022-04-13 18:00:00,Bulgaria,Bulgaria,BG,435.35,453.2,55.28,24.18,eso.bg,false,
2022-04-13 19:00:00,Bulgaria,Bulgaria,BG,448.55,466.77,53.86,21.09,eso.bg,false,
2022-04-13 20:00:00,Bulgaria,Bulgaria,BG,461.64,480.23,52.42,18.11,eso.bg,false,
2022-04-13 21:00:00,Bulgaria,Bulgaria,BG,478.5,497.74,50.62,14.76,eso.bg,false,
2022-04-13 22:00:00,Bulgaria,Bulgaria,BG,489.33,509.01,49.36,10.65,eso.bg,false,
2022-04-13 23:00:00,Bulgaria,Bulgaria,BG,449.97,470.48,52.69,12.02,eso.bg,false,
2022-04-14 00:00:00,Bulgaria,Bulgaria,BG,436.05,456.66,53.85,12.41,eso.bg,false,
2022-04-14 01:00:00,Bulgaria,Bulgaria,BG,470.45,490.96,50.63,9.54,eso.bg,false,
2022-04-14 02:00:00,Bulgaria,Bulgaria,BG,508.95,528.9,47.26,7.89,eso.bg,false,
2022-04-14 03:00:00,Bulgaria,Bulgaria,BG,515.76,535.4,46.92,9.77,eso.bg,false,
2022-04-14 04:00:00,Bulgaria,Bulgaria,BG,497.49,516.38,48.92,13.71,eso.bg,false,
2022-04-14 05:00:00,Bulgaria,Bulgaria,BG,473.54,492.68,51.29,17.12,eso.bg,false,
2022-04-14 06:00:00,Bulgaria,Bulgaria,BG,450.94,470.46,53.55,20.04,eso.bg,false,
2022-04-14 07:00:00,Bulgaria,Bulgaria,BG,429.67,449.95,55.46,21.25,eso.bg,false,
2022-04-14 08:00:00,Bulgaria,Bulgaria,BG,421.7,442.26,56.21,22.1,eso.bg,false,
2022-04-14 09:00:00,Bulgaria,Bulgaria,BG,422.06,442.77,56.16,21.77,eso.bg,false,
2022-04-14 10:00:00,Bulgaria,Bulgaria,BG,430.25,451.05,55.4,20.6,eso.bg,false,
2022-04-14 11:00:00,Bulgaria,Bulgaria,BG,441.06,461.79,54.38,19.12,eso.bg,false,
2022-04-14 12:00:00,Bulgaria,Bulgaria,BG,450.75,471.28,53.47,18.0,eso.bg,false,
2022-04-14 13:00:00,Bulgaria,Bulgaria,BG,468.1,488.47,51.81,16.06,eso.bg,false,
2022-04-14 14:00:00,Bulgaria,Bulgaria,BG,480.73,500.57,50.65,14.35,eso.bg,false,
2022-04-14 15:00:00,Bulgaria,Bulgaria,BG,470.63,489.66,51.72,16.7,eso.bg,false,
2022-04-14 16:00:00,Bulgaria,Bulgaria,BG,458.77,477.21,52.86,18.74,eso.bg,false,
2022-04-14 17:00:00,Bulgaria,Bulgaria,BG,446.74,464.73,54.11,21.04,eso.bg,false,
2022-04-14 18:00:00,Bulgaria,Bulgaria,BG,444.19,462.07,54.43,21.88,eso.bg,false,
2022-04-14 19:00:00,Bulgaria,Bulgaria,BG,462.75,481.01,52.44,18.05,eso.bg,false,
2022-04-14 20:00:00,Bulgaria,Bulgaria,BG,483.69,502.23,50.32,14.63,eso.bg,false,
2022-04-14 21:00:00,Bulgaria,Bulgaria,BG,529.75,548.64,45.84,7.57,eso.bg,false,
2022-04-14 22:00:00,Bulgaria,Bulgaria,BG,546.0,565.24,44.11,4.66,eso.bg,false,
2022-04-14 23:00:00,Bulgaria,Bulgaria,BG,550.5,569.83,43.64,4.53,eso.bg,false,
2022-04-15 00:00:00,Bulgaria,Bulgaria,BG,549.99,569.44,43.64,4.58,eso.bg,false,
2022-04-15 01:00:00,Bulgaria,Bulgaria,BG,545.74,565.3,43.96,4.76,eso.bg,false,
2022-04-15 02:00:00,Bulgaria,Bulgaria,BG,537.87,557.62,44.58,4.88,eso.bg,false,
2022-04-15 03:00:00,Bulgaria,Bulgaria,BG,524.88,544.3,45.99,7.88,eso.bg,false,
2022-04-15 04:00:00,Bulgaria,Bulgaria,BG,492.23,511.15,49.4,13.95,eso.bg,false,
2022-04-15 05:00:00,Bulgaria,Bulgaria,BG,470.76,489.98,51.54,17.3,eso.bg,false,
2022-04-15 06:00:00,Bulgaria,Bulgaria,BG,455.76,475.36,53.0,19.28,eso.bg,false,
2022-04-15 07:00:00,Bulgaria,Bulgaria,BG,478.9,498.98,50.84,16.6,eso.bg,false,
2022-04-15 08:00:00,Bulgaria,Bulgaria,BG,457.88,478.18,52.85,18.57,eso.bg,false,
2022-04-15 09:00:00,Bulgaria,Bulgaria,BG,448.84,468.96,53.9,19.37,eso.bg,false,
2022-04-15 10:00:00,Bulgaria,Bulgaria,BG,453.25,473.39,53.5,19.37,eso.bg,false,
2022-04-15 11:00:00,Bulgaria,Bulgaria,BG,450.79,471.12,53.64,19.35,eso.bg,false,
2022-04-15 12:00:00,Bulgaria,Bulgaria,BG,447.46,467.88,53.83,19.03,eso.bg,false,
2022-04-15 13:00:00,Bulgaria,Bulgaria,BG,451.13,471.48,53.41,18.03,eso.bg,false,
2022-04-15 14:00:00,Bulgaria,Bulgaria,BG,467.16,487.03,51.9,16.31,eso.bg,false,
2022-04-15 15:00:00,Bulgaria,Bulgaria,BG,471.28,490.35,51.63,16.61,eso.bg,false,
2022-04-15 16:00:00,Bulgaria,Bulgaria,BG,453.6,471.88,53.45,19.83,eso.bg,false,
2022-04-15 17:00:00,Bulgaria,Bulgaria,BG,429.61,447.43,55.88,24.12,eso.bg,false,
2022-04-15 18:00:00,Bulgaria,Bulgaria,BG,430.55,448.42,55.74,23.94,eso.bg,false,
2022-04-15 19:00:00,Bulgaria,Bulgaria,BG,446.81,465.08,53.99,21.02,eso.bg,false,
2022-04-15 20:00:00,Bulgaria,Bulgaria,BG,464.94,483.56,52.11,17.81,eso.bg,false,
2022-04-15 21:00:00,Bulgaria,Bulgaria,BG,471.09,489.92,51.39,15.3,eso.bg,false,
2022-04-15 22:00:00,Bulgaria,Bulgaria,BG,504.85,523.51,48.1,10.42,eso.bg,false,
2022-04-15 23:00:00,Bulgaria,Bulgaria,BG,513.69,532.36,47.14,9.16,eso.bg,false,
2022-04-16 00:00:00,Bulgaria,Bulgaria,BG,515.25,534.04,46.9,8.82,eso.bg,false,
2022-04-16 01:00:00,Bulgaria,Bulgaria,BG,517.32,536.28,46.64,8.35,eso.bg,false,
2022-04-16 02:00:00,Bulgaria,Bulgaria,BG,510.28,529.3,47.28,9.18,eso.bg,false,
2022-04-16 03:00:00,Bulgaria,Bulgaria,BG,513.58,532.57,46.96,8.91,eso.bg,false,
2022-04-16 04:00:00,Bulgaria,Bulgaria,BG,510.86,529.74,47.31,9.92,eso.bg,false,
2022-04-16 05:00:00,Bulgaria,Bulgaria,BG,491.45,510.16,49.46,14.22,eso.bg,false,
2022-04-16 06:00:00,Bulgaria,Bulgaria,BG,478.33,497.12,50.87,17.19,eso.bg,false,
2022-04-16 07:00:00,Bulgaria,Bulgaria,BG,472.78,491.88,51.45,17.84,eso.bg,false,
2022-04-16 08:00:00,Bulgaria,Bulgaria,BG,473.35,492.86,51.3,16.64,eso.bg,false,
2022-04-16 09:00:00,Bulgaria,Bulgaria,BG,448.15,468.58,53.31,16.15,eso.bg,false,
2022-04-16 10:00:00,Bulgaria,Bulgaria,BG,437.11,457.91,54.24,16.39,eso.bg,false,
2022-04-16 11:00:00,Bulgaria,Bulgaria,BG,425.03,446.0,55.19,16.14,eso.bg,false,
2022-04-16 12:00:00,Bulgaria,Bulgaria,BG,434.81,455.55,54.26,14.56,eso.bg,false,
2022-04-16 13:00:00,Bulgaria,Bulgaria,BG,458.41,478.82,52.0,12.07,eso.bg,false,
2022-04-16 14:00:00,Bulgaria,Bulgaria,BG,488.39,508.13,49.26,9.66,eso.bg,false,
2022-04-16 15:00:00,Bulgaria,Bulgaria,BG,500.74,519.91,48.22,9.67,eso.bg,false,
2022-04-16 16:00:00,Bulgaria,Bulgaria,BG,468.12,486.13,51.83,17.43,eso.bg,false,
2022-04-16 17:00:00,Bulgaria,Bulgaria,BG,449.12,466.67,53.83,21.55,eso.bg,false,
2022-04-16 18:00:00,Bulgaria,Bulgaria,BG,447.02,464.77,53.92,21.08,eso.bg,false,
2022-04-16 19:00:00,Bulgaria,Bulgaria,BG,461.68,479.72,52.38,18.35,eso.bg,false,
2022-04-16 20:00:00,Bulgaria,Bulgaria,BG,474.71,493.8,50.81,15.01,eso.bg,false,
2022-04-16 21:00:00,Bulgaria,Bulgaria,BG,487.56,507.26,49.46,12.25,eso.bg,false,
2022-04-16 22:00:00,Bulgaria,Bulgaria,BG,461.56,481.23,51.71,13.26,eso.bg,false,
2022-04-16 23:00:00,Bulgaria,Bulgaria,BG,424.59,444.79,55.06,15.37,eso.bg,false,
2022-04-17 00:00:00,Bulgaria,Bulgaria,BG,413.55,434.12,56.07,16.23,eso.bg,false,
2022-04-17 01:00:00,Bulgaria,Bulgaria,BG,415.28,435.52,55.9,16.03,eso.bg,false,
2022-04-17 02:00:00,Bulgaria,Bulgaria,BG,407.8,428.01,56.64,17.44,eso.bg,false,
2022-04-17 03:00:00,Bulgaria,Bulgaria,BG,408.2,428.25,56.59,17.39,eso.bg,false,
2022-04-17 04:00:00,Bulgaria,Bulgaria,BG,414.36,434.04,56.01,16.56,eso.bg,false,
2022-04-17 05:00:00,Bulgaria,Bulgaria,BG,448.92,468.21,53.07,15.85,eso.bg,false,
2022-04-17 06:00:00,Bulgaria,Bulgaria,BG,447.97,466.73,53.52,18.74,eso.bg,false,
2022-04-17 07:00:00,Bulgaria,Bulgaria,BG,438.04,456.81,54.71,21.62,eso.bg,false,
2022-04-17 08:00:00,Bulgaria,Bulgaria,BG,435.17,454.22,54.91,21.9,eso.bg,false,
2022-04-17 09:00:00,Bulgaria,Bulgaria,BG,416.33,435.65,56.55,23.31,eso.bg,false,
2022-04-17 10:00:00,Bulgaria,Bulgaria,BG,411.09,430.78,56.9,23.11,eso.bg,false,
2022-04-17 11:00:00,Bulgaria,Bulgaria,BG,405.33,425.93,57.14,21.66,eso.bg,false,
2022-04-17 12:00:00,Bulgaria,Bulgaria,BG,384.04,405.36,58.84,21.66,eso.bg,false,
2022-04-17 13:00:00,Bulgaria,Bulgaria,BG,383.68,404.97,58.95,21.18,eso.bg,false,
2022-04-17 14:00:00,Bulgaria,Bulgaria,BG,404.49,424.88,57.26,21.13,eso.bg,false,
2022-04-17 15:00:00,Bulgaria,Bulgaria,BG,417.04,435.71,56.56,23.53,eso.bg,false,
2022-04-17 16:00:00,Bulgaria,Bulgaria,BG,421.96,439.55,56.44,25.21,eso.bg,false,
2022-04-17 17:00:00,Bulgaria,Bulgaria,BG,432.2,449.82,55.5,24.9,eso.bg,false,
2022-04-17 18:00:00,Bulgaria,Bulgaria,BG,431.92,449.7,55.4,23.89,eso.bg,false,
2022-04-17 19:00:00,Bulgaria,Bulgaria,BG,447.33,465.32,53.83,21.49,eso.bg,false,
2022-04-17 20:00:00,Bulgaria,Bulgaria,BG,466.62,485.19,51.69,17.66,eso.bg,false,
2022-04-17 21:00:00,Bulgaria,Bulgaria,BG,472.77,492.14,50.67,14.34,eso.bg,false,
2022-04-17 22:00:00,Bulgaria,Bulgaria,BG,439.5,459.4,53.44,14.65,eso.bg,false,
2022-04-17 23:00:00,Bulgaria,Bulgaria,BG,427.81,448.39,54.37,15.48,eso.bg,false,
2022-04-18 00:00:00,Bulgaria,Bulgaria,BG,426.44,447.35,54.45,15.4,eso.bg,false,
2022-04-18 01:00:00,Bulgaria,Bulgaria,BG,420.89,441.85,54.82,15.09,eso.bg,false,
2022-04-18 02:00:00,Bulgaria,Bulgaria,BG,417.71,438.63,55.18,15.86,eso.bg,false,
2022-04-18 03:00:00,Bulgaria,Bulgaria,BG,438.25,458.69,53.47,15.39,eso.bg,false,
2022-04-18 04:00:00,Bulgaria,Bulgaria,BG,450.17,470.12,52.8,17.81,eso.bg,false,
2022-04-18 05:00:00,Bulgaria,Bulgaria,BG,423.29,443.35,55.56,22.36,eso.bg,false,
2022-04-18 06:00:00,Bulgaria,Bulgaria,BG,419.81,440.23,55.8,22.85,eso.bg,false,
2022-04-18 07:00:00,Bulgaria,Bulgaria,BG,429.81,450.18,54.96,21.64,eso.bg,false,
2022-04-18 08:00:00,Bulgaria,Bulgaria,BG,427.3,447.93,55.23,22.3,eso.bg,false,
2022-04-18 09:00:00,Bulgaria,Bulgaria,BG,444.29,464.91,53.63,20.53,eso.bg,false,
2022-04-18 10:00:00,Bulgaria,Bulgaria,BG,435.37,456.34,54.38,20.43,eso.bg,false,
2022-04-18 11:00:00,Bulgaria,Bulgaria,BG,435.22,456.75,54.25,19.75,eso.bg,false,
2022-04-18 12:00:00,Bulgaria,Bulgaria,BG,442.28,463.65,53.45,17.99,eso.bg,false,
2022-04-18 13:00:00,Bulgaria,Bulgaria,BG,458.14,479.0,51.98,16.62,eso.bg,false,
2022-04-18 14:00:00,Bulgaria,Bulgaria,BG,449.55,470.21,52.73,17.09,eso.bg,false,
2022-04-18 15:00:00,Bulgaria,Bulgaria,BG,444.22,463.86,53.56,20.02,eso.bg,false,
2022-04-18 16:00:00,Bulgaria,Bulgaria,BG,463.02,481.38,52.14,20.85,eso.bg,false,
2022-04-18 17:00:00,Bulgaria,Bulgaria,BG,458.57,476.63,52.68,22.13,eso.bg,false,
2022-04-18 18:00:00,Bulgaria,Bulgaria,BG,490.41,508.62,49.65,18.63,eso.bg,false,
2022-04-18 19:00:00,Bulgaria,Bulgaria,BG,513.26,531.7,47.33,14.86,eso.bg,false,
2022-04-18 20:00:00,Bulgaria,Bulgaria,BG,531.11,549.83,45.47,11.98,eso.bg,false,
2022-04-18 21:00:00,Bulgaria,Bulgaria,BG,545.15,564.06,44.08,9.39,eso.bg,false,
2022-04-18 22:00:00,Bulgaria,Bulgaria,BG,559.59,578.52,42.71,7.47,eso.bg,false,
2022-04-18 23:00:00,Bulgaria,Bulgaria,BG,567.33,586.67,41.78,5.76,eso.bg,false,
2022-04-19 00:00:00,Bulgaria,Bulgaria,BG,571.49,590.8,41.43,5.76,eso.bg,false,
2022-04-19 01:00:00,Bulgaria,Bulgaria,BG,552.38,571.76,43.19,7.78,eso.bg,false,
2022-04-19 02:00:00,Bulgaria,Bulgaria,BG,549.42,568.76,43.48,7.99,eso.bg,false,
2022-04-19 03:00:00,Bulgaria,Bulgaria,BG,538.13,557.28,44.62,9.7,eso.bg,false,
2022-04-19 04:00:00,Bulgaria,Bulgaria,BG,536.64,555.56,44.92,10.89,eso.bg,false,
2022-04-19 05:00:00,Bulgaria,Bulgaria,BG,521.12,539.92,46.58,13.97,eso.bg,false,
2022-04-19 06:00:00,Bulgaria,Bulgaria,BG,508.29,527.02,47.93,16.34,eso.bg,false,
2022-04-19 07:00:00,Bulgaria,Bulgaria,BG,517.27,536.33,47.04,14.87,eso.bg,false,
2022-04-19 08:00:00,Bulgaria,Bulgaria,BG,526.51,545.85,46.1,13.4,eso.bg,false,
2022-04-19 09:00:00,Bulgaria,Bulgaria,BG,527.32,546.85,45.96,13.21,eso.bg,false,
2022-04-19 10:00:00,Bulgaria,Bulgaria,BG,521.85,541.67,46.37,13.16,eso.bg,false,
2022-04-19 11:00:00,Bulgaria,Bulgaria,BG,524.11,543.85,46.16,12.93,eso.bg,false,
2022-04-19 12:00:00,Bulgaria,Bulgaria,BG,521.38,541.31,46.37,12.9,eso.bg,false,
2022-04-19 13:00:00,Bulgaria,Bulgaria,BG,522.58,542.48,46.22,12.64,eso.bg,false,
2022-04-19 14:00:00,Bulgaria,Bulgaria,BG,508.15,527.79,47.54,13.85,eso.bg,false,
2022-04-19 15:00:00,Bulgaria,Bulgaria,BG,480.77,499.85,50.31,17.87,eso.bg,false,
2022-04-19 16:00:00,Bulgaria,Bulgaria,BG,473.85,492.35,51.07,19.5,eso.bg,false,
2022-04-19 17:00:00,Bulgaria,Bulgaria,BG,486.3,504.46,50.06,19.38,eso.bg,false,
2022-04-19 18:00:00,Bulgaria,Bulgaria,BG,491.6,509.74,49.56,18.95,eso.bg,false,
2022-04-19 19:00:00,Bulgaria,Bulgaria,BG,508.47,526.92,47.81,16.21,eso.bg,false,
2022-04-19 20:00:00,Bulgaria,Bulgaria,BG,522.03,540.84,46.33,13.29,eso.bg,false,
2022-04-19 21:00:00,Bulgaria,Bulgaria,BG,548.03,567.3,43.64,8.28,eso.bg,false,
2022-04-19 22:00:00,Bulgaria,Bulgaria,BG,565.49,584.9,41.89,5.57,eso.bg,false,
2022-04-19 23:00:00,Bulgaria,Bulgaria,BG,572.07,591.42,41.3,5.26,eso.bg,false,
2022-04-20 00:00:00,Bulgaria,Bulgaria,BG,575.98,595.38,40.94,5.02,eso.bg,false,
2022-04-20 01:00:00,Bulgaria,Bulgaria,BG,578.77,598.19,40.68,4.73,eso.bg,false,
2022-04-20 02:00:00,Bulgaria,Bulgaria,BG,576.67,596.12,40.85,4.87,eso.bg,false,
2022-04-20 03:00:00,Bulgaria,Bulgaria,BG,558.25,577.47,42.66,7.24,eso.bg,false,
2022-04-20 04:00:00,Bulgaria,Bulgaria,BG,535.93,554.83,45.02,11.56,eso.bg,false,
2022-04-20 05:00:00,Bulgaria,Bulgaria,BG,517.37,536.54,46.84,13.85,eso.bg,false,
2022-04-20 06:00:00,Bulgaria,Bulgaria,BG,506.81,527.45,47.29,15.74,eso.bg,false,
2022-04-20 07:00:00,Bulgaria,Bulgaria,BG,511.75,532.09,47.01,15.22,eso.bg,false,
2022-04-20 08:00:00,Bulgaria,Bulgaria,BG,517.0,537.83,46.42,14.9,eso.bg,false,
2022-04-20 09:00:00,Bulgaria,Bulgaria,BG,524.01,544.72,45.7,13.88,eso.bg,false,
2022-04-20 10:00:00,Bulgaria,Bulgaria,BG,525.74,546.13,45.65,13.66,eso.bg,false,
2022-04-20 11:00:00,Bulgaria,Bulgaria,BG,524.28,544.89,45.66,13.84,eso.bg,false,
2022-04-20 12:00:00,Bulgaria,Bulgaria,BG,518.81,538.9,46.3,14.64,eso.bg,false,
2022-04-20 13:00:00,Bulgaria,Bulgaria,BG,506.43,526.43,47.53,16.54,eso.bg,false,
2022-04-20 14:00:00,Bulgaria,Bulgaria,BG,496.15,515.73,48.64,18.29,eso.bg,false,
2022-04-20 15:00:00,Bulgaria,Bulgaria,BG,490.51,508.74,49.72,19.35,eso.bg,false,
2022-04-20 16:00:00,Bulgaria,Bulgaria,BG,477.85,495.75,51.05,21.59,eso.bg,false,
2022-04-20 17:00:00,Bulgaria,Bulgaria,BG,475.11,492.98,51.31,22.05,eso.bg,false,
2022-04-20 18:00:00,Bulgaria,Bulgaria,BG,475.01,492.83,51.3,22.07,eso.bg,false,
2022-04-20 19:00:00,Bulgaria,Bulgaria,BG,499.6,517.74,48.84,18.11,eso.bg,false,
2022-04-20 20:00:00,Bulgaria,Bulgaria,BG,524.01,542.55,46.3,14.05,eso.bg,false,
2022-04-20 21:00:00,Bulgaria,Bulgaria,BG,551.72,570.56,43.54,9.58,eso.bg,false,
2022-04-20 22:00:00,Bulgaria,Bulgaria,BG,555.87,574.92,43.07,8.12,eso.bg,false,
2022-04-20 23:00:00,Bulgaria,Bulgaria,BG,551.48,570.6,43.43,8.81,eso.bg,false,
2022-04-21 00:00:00,Bulgaria,Bulgaria,BG,555.84,575.02,42.99,8.33,eso.bg,false,
2022-04-21 01:00:00,Bulgaria,Bulgaria,BG,556.01,575.18,42.98,8.46,eso.bg,false,
2022-04-21 02:00:00,Bulgaria,Bulgaria,BG,557.77,577.02,42.76,8.04,eso.bg,false,
2022-04-21 03:00:00,Bulgaria,Bulgaria,BG,534.99,554.81,44.87,10.48,eso.bg,false,
2022-04-21 04:00:00,Bulgaria,Bulgaria,BG,520.95,539.72,46.62,14.48,eso.bg,false,
2022-04-21 05:00:00,Bulgaria,Bulgaria,BG,499.99,519.78,48.35,17.96,eso.bg,false,
2022-04-21 06:00:00,Bulgaria,Bulgaria,BG,483.42,503.4,50.02,20.67,eso.bg,false,
2022-04-21 07:00:00,Bulgaria,Bulgaria,BG,485.36,505.46,49.83,20.44,eso.bg,false,
2022-04-21 08:00:00,Bulgaria,Bulgaria,BG,490.13,510.48,49.38,19.68,eso.bg,false,
2022-04-21 09:00:00,Bulgaria,Bulgaria,BG,498.07,518.91,48.51,18.37,eso.bg,false,
2022-04-21 10:00:00,Bulgaria,Bulgaria,BG,488.5,509.17,49.56,19.33,eso.bg,false,
2022-04-21 11:00:00,Bulgaria,Bulgaria,BG,479.54,500.51,50.23,19.55,eso.bg,false,
2022-04-21 12:00:00,Bulgaria,Bulgaria,BG,479.9,501.08,50.13,19.3,eso.bg,false,
2022-04-21 13:00:00,Bulgaria,Bulgaria,BG,500.02,520.8,48.3,17.11,eso.bg,false,
2022-04-21 14:00:00,Bulgaria,Bulgaria,BG,509.64,530.06,47.36,15.98,eso.bg,false,
2022-04-21 15:00:00,Bulgaria,Bulgaria,BG,501.59,520.99,48.38,17.43,eso.bg,false,
2022-04-21 16:00:00,Bulgaria,Bulgaria,BG,492.0,511.19,49.13,18.81,eso.bg,false,
2022-04-21 17:00:00,Bulgaria,Bulgaria,BG,482.87,500.65,50.7,20.9,eso.bg,false,
2022-04-21 18:00:00,Bulgaria,Bulgaria,BG,483.69,501.43,50.6,20.72,eso.bg,false,
2022-04-21 19:00:00,Bulgaria,Bulgaria,BG,492.12,510.12,49.65,18.71,eso.bg,false,
2022-04-21 20:00:00,Bulgaria,Bulgaria,BG,510.54,528.82,47.76,15.34,eso.bg,false,
2022-04-21 21:00:00,Bulgaria,Bulgaria,BG,539.44,557.97,44.86,10.29,eso.bg,false,
2022-04-21 22:00:00,Bulgaria,Bulgaria,BG,563.55,582.14,42.59,7.57,eso.bg,false,
2022-04-21 23:00:00,Bulgaria,Bulgaria,BG,555.44,574.26,43.2,8.06,eso.bg,false,
2022-04-22 00:00:00,Bulgaria,Bulgaria,BG,551.38,570.22,43.59,8.42,eso.bg,false,
2022-04-22 01:00:00,Bulgaria,Bulgaria,BG,550.73,569.58,43.64,8.47,eso.bg,false,
2022-04-22 02:00:00,Bulgaria,Bulgaria,BG,554.5,573.41,43.25,7.86,eso.bg,false,
2022-04-22 03:00:00,Bulgaria,Bulgaria,BG,547.63,566.74,43.74,7.27,eso.bg,false,
2022-04-22 04:00:00,Bulgaria,Bulgaria,BG,551.22,570.11,43.57,8.37,eso.bg,false,
2022-04-22 05:00:00,Bulgaria,Bulgaria,BG,524.6,542.98,46.38,13.75,eso.bg,false,
2022-04-22 06:00:00,Bulgaria,Bulgaria,BG,495.02,512.99,49.46,18.83,eso.bg,false,
2022-04-22 07:00:00,Bulgaria,Bulgaria,BG,489.53,507.98,49.86,19.86,eso.bg,false,
2022-04-22 08:00:00,Bulgaria,Bulgaria,BG,494.08,512.58,49.63,19.37,eso.bg,false,
2022-04-22 09:00:00,Bulgaria,Bulgaria,BG,486.43,505.86,50.13,19.02,eso.bg,false,
2022-04-22 10:00:00,Bulgaria,Bulgaria,BG,494.84,514.48,49.35,17.47,eso.bg,false,
2022-04-22 11:00:00,Bulgaria,Bulgaria,BG,484.46,504.92,50.01,16.9,eso.bg,false,
2022-04-22 12:00:00,Bulgaria,Bulgaria,BG,453.01,473.21,53.06,18.01,eso.bg,false,
2022-04-22 13:00:00,Bulgaria,Bulgaria,BG,468.21,488.24,51.56,16.16,eso.bg,false,
2022-04-22 14:00:00,Bulgaria,Bulgaria,BG,500.47,519.7,48.71,13.98,eso.bg,false,
2022-04-22 15:00:00,Bulgaria,Bulgaria,BG,513.13,531.75,47.64,13.59,eso.bg,false,
2022-04-22 16:00:00,Bulgaria,Bulgaria,BG,506.37,524.41,48.38,14.94,eso.bg,false,
2022-04-22 17:00:00,Bulgaria,Bulgaria,BG,493.57,511.31,49.7,17.18,eso.bg,false,
2022-04-22 18:00:00,Bulgaria,Bulgaria,BG,482.42,500.24,50.77,18.48,eso.bg,false,
2022-04-22 19:00:00,Bulgaria,Bulgaria,BG,456.04,475.07,52.95,18.69,eso.bg,false,
2022-04-22 20:00:00,Bulgaria,Bulgaria,BG,462.12,481.58,52.17,16.59,eso.bg,false,
2022-04-22 21:00:00,Bulgaria,Bulgaria,BG,440.72,461.04,54.04,17.01,eso.bg,false,
2022-04-22 22:00:00,Bulgaria,Bulgaria,BG,424.5,445.15,55.42,17.22,eso.bg,false,
2022-04-22 23:00:00,Bulgaria,Bulgaria,BG,413.43,434.59,56.14,16.46,eso.bg,false,
2022-04-23 00:00:00,Bulgaria,Bulgaria,BG,428.47,449.82,54.69,14.73,eso.bg,false,
2022-04-23 01:00:00,Bulgaria,Bulgaria,BG,440.51,461.9,53.53,13.55,eso.bg,false,
2022-04-23 02:00:00,Bulgaria,Bulgaria,BG,467.66,488.65,51.06,11.75,eso.bg,false,
2022-04-23 03:00:00,Bulgaria,Bulgaria,BG,467.09,488.02,51.05,11.42,eso.bg,false,
2022-04-23 04:00:00,Bulgaria,Bulgaria,BG,482.67,502.17,49.88,12.45,eso.bg,false,
2022-04-23 05:00:00,Bulgaria,Bulgaria,BG,488.68,507.44,49.75,15.42,eso.bg,false,
2022-04-23 06:00:00,Bulgaria,Bulgaria,BG,501.35,519.98,48.93,16.58,eso.bg,false,
2022-04-23 07:00:00,Bulgaria,Bulgaria,BG,508.68,527.64,48.19,15.35,eso.bg,false,
2022-04-23 08:00:00,Bulgaria,Bulgaria,BG,513.58,532.84,47.85,15.76,eso.bg,false,
2022-04-23 09:00:00,Bulgaria,Bulgaria,BG,508.36,527.67,48.46,16.86,eso.bg,false,
2022-04-23 10:00:00,Bulgaria,Bulgaria,BG,501.66,521.09,49.02,17.08,eso.bg,false,
2022-04-23 11:00:00,Bulgaria,Bulgaria,BG,494.05,513.6,49.68,17.3,eso.bg,false,
2022-04-23 12:00:00,Bulgaria,Bulgaria,BG,478.76,498.59,50.89,17.07,eso.bg,false,
2022-04-23 13:00:00,Bulgaria,Bulgaria,BG,483.13,502.85,50.36,15.48,eso.bg,false,
2022-04-23 14:00:00,Bulgaria,Bulgaria,BG,509.62,528.89,47.87,12.85,eso.bg,false,
2022-04-23 15:00:00,Bulgaria,Bulgaria,BG,494.95,513.89,49.18,13.86,eso.bg,false,
2022-04-23 16:00:00,Bulgaria,Bulgaria,BG,486.19,504.37,50.1,15.7,eso.bg,false,
2022-04-23 17:00:00,Bulgaria,Bulgaria,BG,454.31,471.92,53.34,21.04,eso.bg,false,
2022-04-23 18:00:00,Bulgaria,Bulgaria,BG,444.77,462.14,54.35,22.89,eso.bg,false,
2022-04-23 19:00:00,Bulgaria,Bulgaria,BG,472.69,490.71,51.41,17.83,eso.bg,false,
2022-04-23 20:00:00,Bulgaria,Bulgaria,BG,516.35,535.2,46.92,13.08,eso.bg,false,
2022-04-23 21:00:00,Bulgaria,Bulgaria,BG,535.56,555.48,44.79,11.05,eso.bg,false,
2022-04-23 22:00:00,Bulgaria,Bulgaria,BG,520.45,542.27,45.62,11.96,eso.bg,false,
2022-04-23 23:00:00,Bulgaria,Bulgaria,BG,548.81,572.32,42.4,12.15,eso.bg,false,
2022-04-24 00:00:00,Bulgaria,Bulgaria,BG,570.61,595.1,40.07,12.19,eso.bg,false,
2022-04-24 01:00:00,Bulgaria,Bulgaria,BG,582.94,607.15,38.81,10.97,eso.bg,false,
2022-04-24 02:00:00,Bulgaria,Bulgaria,BG,585.84,609.85,38.52,10.79,eso.bg,false,
2022-04-24 03:00:00,Bulgaria,Bulgaria,BG,590.57,614.34,38.04,10.6,eso.bg,false,
2022-04-24 04:00:00,Bulgaria,Bulgaria,BG,597.95,620.82,37.83,12.44,eso.bg,false,
2022-04-24 05:00:00,Bulgaria,Bulgaria,BG,597.74,619.77,38.48,15.6,eso.bg,false,
2022-04-24 06:00:00,Bulgaria,Bulgaria,BG,581.07,602.99,40.37,19.01,eso.bg,false,
2022-04-24 07:00:00,Bulgaria,Bulgaria,BG,516.33,538.18,46.79,26.26,eso.bg,false,
2022-04-24 08:00:00,Bulgaria,Bulgaria,BG,523.21,545.16,46.22,25.99,eso.bg,false,
2022-04-24 09:00:00,Bulgaria,Bulgaria,BG,543.19,565.74,44.16,23.13,eso.bg,false,
2022-04-24 10:00:00,Bulgaria,Bulgaria,BG,535.67,558.94,44.56,22.45,eso.bg,false,
2022-04-24 11:00:00,Bulgaria,Bulgaria,BG,505.82,529.66,47.07,23.77,eso.bg,false,
2022-04-24 12:00:00,Bulgaria,Bulgaria,BG,511.19,535.06,46.45,22.84,eso.bg,false,
2022-04-24 13:00:00,Bulgaria,Bulgaria,BG,529.16,552.87,44.67,20.74,eso.bg,false,
2022-04-24 14:00:00,Bulgaria,Bulgaria,BG,543.74,567.34,43.34,18.98,eso.bg,false,
2022-04-24 15:00:00,Bulgaria,Bulgaria,BG,574.11,597.14,40.59,16.11,eso.bg,false,
2022-04-24 16:00:00,Bulgaria,Bulgaria,BG,615.75,636.42,37.16,15.07,eso.bg,false,
2022-04-24 17:00:00,Bulgaria,Bulgaria,BG,606.76,626.67,38.35,17.47,eso.bg,false,
2022-04-24 18:00:00,Bulgaria,Bulgaria,BG,589.46,609.2,40.06,19.74,eso.bg,false,
2022-04-24 19:00:00,Bulgaria,Bulgaria,BG,601.65,621.77,38.79,17.8,eso.bg,false,
2022-04-24 20:00:00,Bulgaria,Bulgaria,BG,621.2,641.68,36.82,15.25,eso.bg,false,
2022-04-24 21:00:00,Bulgaria,Bulgaria,BG,624.73,645.69,36.42,13.35,eso.bg,false,
2022-04-24 22:00:00,Bulgaria,Bulgaria,BG,629.25,650.34,35.86,12.37,eso.bg,false,
2022-04-24 23:00:00,Bulgaria,Bulgaria,BG,639.22,660.76,34.58,10.78,eso.bg,false,
2022-04-25 00:00:00,Bulgaria,Bulgaria,BG,646.5,668.37,33.75,9.48,eso.bg,false,
2022-04-25 01:00:00,Bulgaria,Bulgaria,BG,652.94,674.77,33.14,8.84,eso.bg,false,
2022-04-25 02:00:00,Bulgaria,Bulgaria,BG,668.29,689.76,31.74,7.92,eso.bg,false,
2022-04-25 03:00:00,Bulgaria,Bulgaria,BG,659.16,680.84,32.57,8.58,eso.bg,false,
2022-04-25 04:00:00,Bulgaria,Bulgaria,BG,639.29,660.91,34.47,10.79,eso.bg,false,
2022-04-25 05:00:00,Bulgaria,Bulgaria,BG,614.05,635.09,37.35,15.8,eso.bg,false,
2022-04-25 06:00:00,Bulgaria,Bulgaria,BG,588.3,609.27,40.11,19.89,eso.bg,false,
2022-04-25 07:00:00,Bulgaria,Bulgaria,BG,562.84,584.31,42.51,22.39,eso.bg,false,
2022-04-25 08:00:00,Bulgaria,Bulgaria,BG,545.64,568.28,43.76,22.18,eso.bg,false,
2022-04-25 09:00:00,Bulgaria,Bulgaria,BG,519.99,543.22,45.97,23.2,eso.bg,false,
2022-04-25 10:00:00,Bulgaria,Bulgaria,BG,501.18,525.01,47.7,24.8,eso.bg,false,
2022-04-25 11:00:00,Bulgaria,Bulgaria,BG,493.47,517.49,48.24,24.67,eso.bg,false,
2022-04-25 12:00:00,Bulgaria,Bulgaria,BG,499.15,523.17,47.59,23.69,eso.bg,false,
2022-04-25 13:00:00,Bulgaria,Bulgaria,BG,530.44,553.9,44.56,20.49,eso.bg,false,
2022-04-25 14:00:00,Bulgaria,Bulgaria,BG,581.07,603.28,40.24,17.56,eso.bg,false,
2022-04-25 15:00:00,Bulgaria,Bulgaria,BG,607.8,628.71,38.08,16.46,eso.bg,false,
2022-04-25 16:00:00,Bulgaria,Bulgaria,BG,607.09,627.05,38.33,17.33,eso.bg,false,
2022-04-25 17:00:00,Bulgaria,Bulgaria,BG,588.5,608.07,40.19,19.82,eso.bg,false,
2022-04-25 18:00:00,Bulgaria,Bulgaria,BG,575.66,594.8,41.62,21.69,eso.bg,false,
2022-04-25 19:00:00,Bulgaria,Bulgaria,BG,593.93,612.95,40.01,19.34,eso.bg,false,
2022-04-25 20:00:00,Bulgaria,Bulgaria,BG,625.09,644.96,36.68,14.24,eso.bg,false,
2022-04-25 21:00:00,Bulgaria,Bulgaria,BG,615.55,636.58,37.01,11.77,eso.bg,false,
2022-04-25 22:00:00,Bulgaria,Bulgaria,BG,649.68,670.09,34.03,9.66,eso.bg,false,
2022-04-25 23:00:00,Bulgaria,Bulgaria,BG,665.1,685.47,32.58,9.12,eso.bg,false,
2022-04-26 00:00:00,Bulgaria,Bulgaria,BG,656.34,677.49,32.96,9.35,eso.bg,false,
2022-04-26 01:00:00,Bulgaria,Bulgaria,BG,659.68,680.9,32.63,9.27,eso.bg,false,
2022-04-26 02:00:00,Bulgaria,Bulgaria,BG,660.32,681.61,32.58,9.13,eso.bg,false,
2022-04-26 03:00:00,Bulgaria,Bulgaria,BG,652.73,674.24,33.28,9.82,eso.bg,false,
2022-04-26 04:00:00,Bulgaria,Bulgaria,BG,642.39,663.3,34.47,12.24,eso.bg,false,
2022-04-26 05:00:00,Bulgaria,Bulgaria,BG,601.56,622.52,38.57,17.23,eso.bg,false,
2022-04-26 06:00:00,Bulgaria,Bulgaria,BG,585.9,607.04,40.28,19.23,eso.bg,false,
2022-04-26 07:00:00,Bulgaria,Bulgaria,BG,596.28,617.52,39.48,18.38,eso.bg,false,
2022-04-26 08:00:00,Bulgaria,Bulgaria,BG,567.6,589.3,42.15,20.77,eso.bg,false,
2022-04-26 09:00:00,Bulgaria,Bulgaria,BG,572.69,594.03,42.01,21.58,eso.bg,false,
2022-04-26 10:00:00,Bulgaria,Bulgaria,BG,574.15,595.3,42.0,21.5,eso.bg,false,
2022-04-26 11:00:00,Bulgaria,Bulgaria,BG,590.02,610.95,40.5,19.72,eso.bg,false,
2022-04-26 12:00:00,Bulgaria,Bulgaria,BG,598.45,619.04,39.76,18.71,eso.bg,false,
2022-04-26 13:00:00,Bulgaria,Bulgaria,BG,617.47,637.9,37.89,16.5,eso.bg,false,
2022-04-26 14:00:00,Bulgaria,Bulgaria,BG,619.11,638.86,37.79,15.94,eso.bg,false,
2022-04-26 15:00:00,Bulgaria,Bulgaria,BG,612.49,631.65,38.46,17.07,eso.bg,false,
2022-04-26 16:00:00,Bulgaria,Bulgaria,BG,594.38,613.0,40.19,19.47,eso.bg,false,
2022-04-26 17:00:00,Bulgaria,Bulgaria,BG,588.81,607.47,40.66,20.15,eso.bg,false,
2022-04-26 18:00:00,Bulgaria,Bulgaria,BG,585.7,604.36,40.95,20.59,eso.bg,false,
2022-04-26 19:00:00,Bulgaria,Bulgaria,BG,594.63,613.87,39.9,18.79,eso.bg,false,
2022-04-26 20:00:00,Bulgaria,Bulgaria,BG,617.74,637.4,37.49,15.43,eso.bg,false,
2022-04-26 21:00:00,Bulgaria,Bulgaria,BG,653.07,673.42,33.92,10.82,eso.bg,false,
2022-04-26 22:00:00,Bulgaria,Bulgaria,BG,667.19,688.2,32.36,8.34,eso.bg,false,
2022-04-26 23:00:00,Bulgaria,Bulgaria,BG,674.88,695.61,31.69,7.74,eso.bg,false,
2022-04-27 00:00:00,Bulgaria,Bulgaria,BG,681.21,701.77,31.06,7.15,eso.bg,false,
2022-04-27 01:00:00,Bulgaria,Bulgaria,BG,683.56,704.04,30.83,7.02,eso.bg,false,
2022-04-27 02:00:00,Bulgaria,Bulgaria,BG,685.55,705.96,30.68,6.84,eso.bg,false,
2022-04-27 03:00:00,Bulgaria,Bulgaria,BG,671.11,692.03,32.01,8.28,eso.bg,false,
2022-04-27 04:00:00,Bulgaria,Bulgaria,BG,640.47,660.57,35.13,12.44,eso.bg,false,
2022-04-27 05:00:00,Bulgaria,Bulgaria,BG,594.56,615.79,39.46,17.55,eso.bg,false,
2022-04-27 06:00:00,Bulgaria,Bulgaria,BG,576.44,597.7,41.38,19.93,eso.bg,false,
2022-04-27 07:00:00,Bulgaria,Bulgaria,BG,565.72,586.67,42.69,21.85,eso.bg,false,
2022-04-27 08:00:00,Bulgaria,Bulgaria,BG,562.55,583.46,43.11,22.82,eso.bg,false,
2022-04-27 09:00:00,Bulgaria,Bulgaria,BG,565.14,586.5,42.79,22.02,eso.bg,false,
2022-04-27 10:00:00,Bulgaria,Bulgaria,BG,563.83,585.08,43.0,22.54,eso.bg,false,
2022-04-27 11:00:00,Bulgaria,Bulgaria,BG,569.57,590.9,42.4,21.82,eso.bg,false,
2022-04-27 12:00:00,Bulgaria,Bulgaria,BG,579.89,601.11,41.45,20.67,eso.bg,false,
2022-04-27 13:00:00,Bulgaria,Bulgaria,BG,594.79,616.15,39.89,18.7,eso.bg,false,
2022-04-27 14:00:00,Bulgaria,Bulgaria,BG,603.99,624.66,39.09,17.78,eso.bg,false,
2022-04-27 15:00:00,Bulgaria,Bulgaria,BG,593.76,613.72,40.12,19.21,eso.bg,false,
2022-04-27 16:00:00,Bulgaria,Bulgaria,BG,589.45,608.31,40.61,20.03,eso.bg,false,
2022-04-27 17:00:00,Bulgaria,Bulgaria,BG,583.36,602.02,41.2,20.85,eso.bg,false,
2022-04-27 18:00:00,Bulgaria,Bulgaria,BG,569.58,588.17,42.56,22.6,eso.bg,false,
2022-04-27 19:00:00,Bulgaria,Bulgaria,BG,594.79,614.11,39.96,19.03,eso.bg,false,
2022-04-27 20:00:00,Bulgaria,Bulgaria,BG,620.04,639.7,37.45,15.86,eso.bg,false,
2022-04-27 21:00:00,Bulgaria,Bulgaria,BG,662.56,683.02,33.16,9.97,eso.bg,false,
2022-04-27 22:00:00,Bulgaria,Bulgaria,BG,666.48,686.73,32.75,8.91,eso.bg,false,
2022-04-27 23:00:00,Bulgaria,Bulgaria,BG,673.92,693.84,32.04,8.37,eso.bg,false,
2022-04-28 00:00:00,Bulgaria,Bulgaria,BG,671.43,691.41,32.27,8.52,eso.bg,false,
2022-04-28 01:00:00,Bulgaria,Bulgaria,BG,673.01,692.88,32.15,8.51,eso.bg,false,
2022-04-28 02:00:00,Bulgaria,Bulgaria,BG,675.85,695.78,31.89,8.37,eso.bg,false,
2022-04-28 03:00:00,Bulgaria,Bulgaria,BG,652.75,673.84,33.94,10.26,eso.bg,false,
2022-04-28 04:00:00,Bulgaria,Bulgaria,BG,633.98,654.21,35.92,13.27,eso.bg,false,
2022-04-28 05:00:00,Bulgaria,Bulgaria,BG,613.82,633.32,38.15,16.38,eso.bg,false,
2022-04-28 06:00:00,Bulgaria,Bulgaria,BG,606.74,626.35,38.94,17.87,eso.bg,false,
2022-04-28 07:00:00,Bulgaria,Bulgaria,BG,585.47,605.59,40.98,19.74,eso.bg,false,
2022-04-28 08:00:00,Bulgaria,Bulgaria,BG,591.09,611.32,40.54,19.69,eso.bg,false,
2022-04-28 09:00:00,Bulgaria,Bulgaria,BG,595.25,615.73,40.14,19.17,eso.bg,false,
2022-04-28 10:00:00,Bulgaria,Bulgaria,BG,603.87,624.22,39.43,18.75,eso.bg,false,
2022-04-28 11:00:00,Bulgaria,Bulgaria,BG,619.17,639.39,37.96,16.85,eso.bg,false,
2022-04-28 12:00:00,Bulgaria,Bulgaria,BG,628.45,648.66,36.98,15.71,eso.bg,false,
2022-04-28 13:00:00,Bulgaria,Bulgaria,BG,622.47,642.13,37.52,16.63,eso.bg,false,
2022-04-28 14:00:00,Bulgaria,Bulgaria,BG,629.54,649.04,36.79,15.61,eso.bg,false,
2022-04-28 15:00:00,Bulgaria,Bulgaria,BG,617.97,636.88,38.02,17.41,eso.bg,false,
2022-04-28 16:00:00,Bulgaria,Bulgaria,BG,586.47,604.79,41.09,21.16,eso.bg,false,
2022-04-28 17:00:00,Bulgaria,Bulgaria,BG,583.22,601.5,41.47,21.86,eso.bg,false,
2022-04-28 18:00:00,Bulgaria,Bulgaria,BG,580.3,598.47,41.69,21.97,eso.bg,false,
2022-04-28 19:00:00,Bulgaria,Bulgaria,BG,591.89,610.53,40.39,19.69,eso.bg,false,
2022-04-28 20:00:00,Bulgaria,Bulgaria,BG,616.64,635.61,37.9,16.36,eso.bg,false,
2022-04-28 21:00:00,Bulgaria,Bulgaria,BG,670.7,690.19,32.59,9.2,eso.bg,false,
2022-04-28 22:00:00,Bulgaria,Bulgaria,BG,676.1,695.61,32.08,8.69,eso.bg,false,
2022-04-28 23:00:00,Bulgaria,Bulgaria,BG,682.43,701.92,31.47,8.43,eso.bg,false,
2022-04-29 00:00:00,Bulgaria,Bulgaria,BG,682.14,701.84,31.46,8.39,eso.bg,false,
2022-04-29 01:00:00,Bulgaria,Bulgaria,BG,672.91,692.66,32.21,9.01,eso.bg,false,
2022-04-29 02:00:00,Bulgaria,Bulgaria,BG,664.66,684.47,32.96,9.77,eso.bg,false,
2022-04-29 03:00:00,Bulgaria,Bulgaria,BG,628.38,647.94,36.5,13.94,eso.bg,false,
2022-04-29 04:00:00,Bulgaria,Bulgaria,BG,599.6,618.71,39.45,18.21,eso.bg,false,
2022-04-29 05:00:00,Bulgaria,Bulgaria,BG,580.93,599.94,41.48,21.16,eso.bg,false,
2022-04-29 06:00:00,Bulgaria,Bulgaria,BG,565.42,584.65,43.04,23.08,eso.bg,false,
2022-04-29 07:00:00,Bulgaria,Bulgaria,BG,545.31,565.18,44.86,24.57,eso.bg,false,
2022-04-29 08:00:00,Bulgaria,Bulgaria,BG,557.38,577.3,43.77,23.02,eso.bg,false,
2022-04-29 09:00:00,Bulgaria,Bulgaria,BG,598.21,618.08,40.06,19.53,eso.bg,false,
2022-04-29 10:00:00,Bulgaria,Bulgaria,BG,604.85,624.47,39.55,19.09,eso.bg,false,
2022-04-29 11:00:00,Bulgaria,Bulgaria,BG,611.05,630.39,38.94,18.32,eso.bg,false,
2022-04-29 12:00:00,Bulgaria,Bulgaria,BG,604.39,623.88,39.4,18.67,eso.bg,false,
2022-04-29 13:00:00,Bulgaria,Bulgaria,BG,608.77,627.84,39.06,18.46,eso.bg,false,
2022-04-29 14:00:00,Bulgaria,Bulgaria,BG,595.72,615.14,40.13,19.14,eso.bg,false,
2022-04-29 15:00:00,Bulgaria,Bulgaria,BG,595.81,614.59,40.32,20.13,eso.bg,false,
2022-04-29 16:00:00,Bulgaria,Bulgaria,BG,580.96,599.03,41.82,22.37,eso.bg,false,
2022-04-29 17:00:00,Bulgaria,Bulgaria,BG,562.78,580.51,43.65,24.63,eso.bg,false,
2022-04-29 18:00:00,Bulgaria,Bulgaria,BG,568.7,586.45,43.07,23.84,eso.bg,false,
2022-04-29 19:00:00,Bulgaria,Bulgaria,BG,569.42,587.38,42.9,22.98,eso.bg,false,
2022-04-29 20:00:00,Bulgaria,Bulgaria,BG,593.2,612.27,40.38,19.37,eso.bg,false,
2022-04-29 21:00:00,Bulgaria,Bulgaria,BG,640.45,659.67,35.81,13.9,eso.bg,false,
2022-04-29 22:00:00,Bulgaria,Bulgaria,BG,644.66,663.46,35.42,13.01,eso.bg,false,
2022-04-29 23:00:00,Bulgaria,Bulgaria,BG,647.9,666.92,35.0,12.36,eso.bg,false,
2022-04-30 00:00:00,Bulgaria,Bulgaria,BG,632.97,652.42,36.26,13.02,eso.bg,false,
2022-04-30 01:00:00,Bulgaria,Bulgaria,BG,606.86,626.68,38.51,14.6,eso.bg,false,
2022-04-30 02:00:00,Bulgaria,Bulgaria,BG,621.8,641.17,37.26,14.01,eso.bg,false,
2022-04-30 03:00:00,Bulgaria,Bulgaria,BG,598.56,618.43,39.31,15.5,eso.bg,false,
2022-04-30 04:00:00,Bulgaria,Bulgaria,BG,592.84,612.33,39.96,17.12,eso.bg,false,
2022-04-30 05:00:00,Bulgaria,Bulgaria,BG,575.58,594.87,41.91,20.55,eso.bg,false,
2022-04-30 06:00:00,Bulgaria,Bulgaria,BG,551.86,570.94,44.5,24.78,eso.bg,false,
2022-04-30 07:00:00,Bulgaria,Bulgaria,BG,522.35,542.05,47.22,27.22,eso.bg,false,
2022-04-30 08:00:00,Bulgaria,Bulgaria,BG,493.04,513.32,49.9,29.63,eso.bg,false,
2022-04-30 09:00:00,Bulgaria,Bulgaria,BG,497.32,517.87,49.42,28.75,eso.bg,false,
2022-04-30 10:00:00,Bulgaria,Bulgaria,BG,527.25,547.63,46.61,25.85,eso.bg,false,
2022-04-30 11:00:00,Bulgaria,Bulgaria,BG,526.83,547.43,46.53,25.32,eso.bg,false,
2022-04-30 12:00:00,Bulgaria,Bulgaria,BG,535.05,555.57,45.74,24.19,eso.bg,false,
2022-04-30 13:00:00,Bulgaria,Bulgaria,BG,563.26,583.3,43.15,21.9,eso.bg,false,
2022-04-30 14:00:00,Bulgaria,Bulgaria,BG,568.01,587.74,42.69,21.69,eso.bg,false,
2022-04-30 15:00:00,Bulgaria,Bulgaria,BG,560.57,579.48,43.51,22.8,eso.bg,false,
2022-04-30 16:00:00,Bulgaria,Bulgaria,BG,553.35,571.69,44.28,23.96,eso.bg,false,
2022-04-30 17:00:00,Bulgaria,Bulgaria,BG,561.07,579.15,43.62,23.46,eso.bg,false,
2022-04-30 18:00:00,Bulgaria,Bulgaria,BG,568.21,586.27,42.94,22.84,eso.bg,false,
2022-04-30 19:00:00,Bulgaria,Bulgaria,BG,576.45,595.02,41.94,20.77,eso.bg,false,
2022-04-30 20:00:00,Bulgaria,Bulgaria,BG,613.99,633.75,38.01,15.29,eso.bg,false,
2022-04-30 21:00:00,Bulgaria,Bulgaria,BG,645.73,666.2,34.85,11.26,eso.bg,false,
2022-04-30 22:00:00,Bulgaria,Bulgaria,BG,647.98,667.74,34.84,11.06,eso.bg,false,
2022-04-30 23:00:00,Bulgaria,Bulgaria,BG,654.22,673.73,34.35,10.9,eso.bg,false,
2022-05-01 00:00:00,Bulgaria,Bulgaria,BG,648.45,667.45,35.0,11.78,eso.bg,false,
2022-05-01 01:00:00,Bulgaria,Bulgaria,BG,635.11,654.21,36.19,13.0,eso.bg,false,
2022-05-01 02:00:00,Bulgaria,Bulgaria,BG,630.11,648.89,36.82,13.66,eso.bg,false,
2022-05-01 03:00:00,Bulgaria,Bulgaria,BG,588.37,608.17,40.44,16.64,eso.bg,false,
2022-05-01 04:00:00,Bulgaria,Bulgaria,BG,560.92,580.71,43.05,19.13,eso.bg,false,
2022-05-01 05:00:00,Bulgaria,Bulgaria,BG,576.43,595.48,42.11,20.63,eso.bg,false,
2022-05-01 06:00:00,Bulgaria,Bulgaria,BG,548.89,568.12,44.9,24.4,eso.bg,false,
2022-05-01 07:00:00,Bulgaria,Bulgaria,BG,517.34,537.73,47.67,26.45,eso.bg,false,
2022-05-01 08:00:00,Bulgaria,Bulgaria,BG,533.15,554.04,46.11,24.41,eso.bg,false,
2022-05-01 09:00:00,Bulgaria,Bulgaria,BG,545.86,566.62,44.86,22.92,eso.bg,false,
2022-05-01 10:00:00,Bulgaria,Bulgaria,BG,548.99,569.74,44.5,22.16,eso.bg,false,
2022-05-01 11:00:00,Bulgaria,Bulgaria,BG,521.11,542.71,46.87,23.5,eso.bg,false,
2022-05-01 12:00:00,Bulgaria,Bulgaria,BG,531.65,553.01,45.8,22.13,eso.bg,false,
2022-05-01 13:00:00,Bulgaria,Bulgaria,BG,546.22,567.37,44.46,21.03,eso.bg,false,
2022-05-01 14:00:00,Bulgaria,Bulgaria,BG,574.84,594.74,42.14,20.4,eso.bg,false,
2022-05-01 15:00:00,Bulgaria,Bulgaria,BG,574.54,593.83,42.2,20.73,eso.bg,false,
2022-05-01 16:00:00,Bulgaria,Bulgaria,BG,572.24,591.13,42.36,21.11,eso.bg,false,
2022-05-01 17:00:00,Bulgaria,Bulgaria,BG,569.02,587.37,42.73,21.8,eso.bg,false,
2022-05-01 18:00:00,Bulgaria,Bulgaria,BG,566.8,585.31,42.87,21.99,eso.bg,false,
2022-05-01 19:00:00,Bulgaria,Bulgaria,BG,580.42,599.61,41.39,19.7,eso.bg,false,
2022-05-01 20:00:00,Bulgaria,Bulgaria,BG,606.55,626.56,38.7,15.7,eso.bg,false,
2022-05-01 21:00:00,Bulgaria,Bulgaria,BG,629.35,649.82,36.31,11.33,eso.bg,false,
2022-05-01 22:00:00,Bulgaria,Bulgaria,BG,650.91,671.05,34.32,9.68,eso.bg,false,
2022-05-01 23:00:00,Bulgaria,Bulgaria,BG,666.54,686.35,32.88,8.28,eso.bg,false,
2022-05-02 00:00:00,Bulgaria,Bulgaria,BG,665.34,685.29,32.88,8.26,eso.bg,false,
2022-05-02 01:00:00,Bulgaria,Bulgaria,BG,665.75,685.76,32.82,8.13,eso.bg,false,
2022-05-02 02:00:00,Bulgaria,Bulgaria,BG,672.26,692.04,32.32,8.01,eso.bg,false,
2022-05-02 03:00:00,Bulgaria,Bulgaria,BG,647.38,666.9,34.79,11.11,eso.bg,false,
2022-05-02 04:00:00,Bulgaria,Bulgaria,BG,614.85,633.8,38.17,15.53,eso.bg,false,
2022-05-02 05:00:00,Bulgaria,Bulgaria,BG,589.22,608.39,40.8,19.11,eso.bg,false,
2022-05-02 06:00:00,Bulgaria,Bulgaria,BG,564.89,584.16,43.31,22.88,eso.bg,false,
2022-05-02 07:00:00,Bulgaria,Bulgaria,BG,547.78,567.43,44.96,24.71,eso.bg,false,
2022-05-02 08:00:00,Bulgaria,Bulgaria,BG,551.88,572.41,44.35,23.27,eso.bg,false,
2022-05-02 09:00:00,Bulgaria,Bulgaria,BG,533.91,555.58,45.7,23.73,eso.bg,false,
2022-05-02 10:00:00,Bulgaria,Bulgaria,BG,544.91,566.5,44.73,22.86,eso.bg,false,
2022-05-02 11:00:00,Bulgaria,Bulgaria,BG,535.89,557.58,45.46,22.67,eso.bg,false,
2022-05-02 12:00:00,Bulgaria,Bulgaria,BG,551.65,573.32,43.9,20.96,eso.bg,false,
2022-05-02 13:00:00,Bulgaria,Bulgaria,BG,589.36,610.49,40.37,17.45,eso.bg,false,
2022-05-02 14:00:00,Bulgaria,Bulgaria,BG,593.36,613.81,40.2,18.61,eso.bg,false,
2022-05-02 15:00:00,Bulgaria,Bulgaria,BG,562.45,582.16,43.3,22.99,eso.bg,false,
2022-05-02 16:00:00,Bulgaria,Bulgaria,BG,562.65,581.05,43.44,23.23,eso.bg,false,
2022-05-02 17:00:00,Bulgaria,Bulgaria,BG,566.21,584.1,43.24,23.21,eso.bg,false,
2022-05-02 18:00:00,Bulgaria,Bulgaria,BG,558.91,577.09,43.87,23.65,eso.bg,false,
2022-05-02 19:00:00,Bulgaria,Bulgaria,BG,564.39,583.18,43.1,22.11,eso.bg,false,
2022-05-02 20:00:00,Bulgaria,Bulgaria,BG,580.53,599.99,41.36,19.62,eso.bg,false,
2022-05-02 21:00:00,Bulgaria,Bulgaria,BG,625.51,645.63,36.94,13.62,eso.bg,false,
2022-05-02 22:00:00,Bulgaria,Bulgaria,BG,654.09,674.03,34.16,10.02,eso.bg,false,
2022-05-02 23:00:00,Bulgaria,Bulgaria,BG,659.57,679.34,33.57,9.18,eso.bg,false,
2022-05-03 00:00:00,Bulgaria,Bulgaria,BG,664.81,684.26,33.17,8.85,eso.bg,false,
2022-05-03 01:00:00,Bulgaria,Bulgaria,BG,667.64,687.0,32.96,8.67,eso.bg,false,
2022-05-03 02:00:00,Bulgaria,Bulgaria,BG,660.87,680.38,33.56,9.12,eso.bg,false,
2022-05-03 03:00:00,Bulgaria,Bulgaria,BG,642.54,662.46,35.15,11.17,eso.bg,false,
2022-05-03 04:00:00,Bulgaria,Bulgaria,BG,617.82,636.98,37.78,15.46,eso.bg,false,
2022-05-03 05:00:00,Bulgaria,Bulgaria,BG,597.88,617.42,39.79,18.33,eso.bg,false,
2022-05-03 06:00:00,Bulgaria,Bulgaria,BG,573.37,592.97,42.25,21.55,eso.bg,false,
2022-05-03 07:00:00,Bulgaria,Bulgaria,BG,587.76,608.3,40.73,19.4,eso.bg,false,
2022-05-03 08:00:00,Bulgaria,Bulgaria,BG,581.62,602.64,41.31,19.99,eso.bg,false,
2022-05-03 09:00:00,Bulgaria,Bulgaria,BG,578.31,599.76,41.64,20.33,eso.bg,false,
2022-05-03 10:00:00,Bulgaria,Bulgaria,BG,576.65,598.14,41.82,20.55,eso.bg,false,
2022-05-03 11:00:00,Bulgaria,Bulgaria,BG,575.98,597.34,41.85,20.49,eso.bg,false,
2022-05-03 12:00:00,Bulgaria,Bulgaria,BG,580.24,601.87,41.36,19.71,eso.bg,false,
2022-05-03 13:00:00,Bulgaria,Bulgaria,BG,593.58,615.36,40.04,18.11,eso.bg,false,
2022-05-03 14:00:00,Bulgaria,Bulgaria,BG,592.24,612.96,40.26,18.75,eso.bg,false,
2022-05-03 15:00:00,Bulgaria,Bulgaria,BG,574.87,594.46,42.14,21.52,eso.bg,false,
2022-05-03 16:00:00,Bulgaria,Bulgaria,BG,563.39,582.09,43.41,23.37,eso.bg,false,
2022-05-03 17:00:00,Bulgaria,Bulgaria,BG,564.81,583.11,43.29,23.34,eso.bg,false,
2022-05-03 18:00:00,Bulgaria,Bulgaria,BG,563.57,581.66,43.48,23.6,eso.bg,false,
2022-05-03 19:00:00,Bulgaria,Bulgaria,BG,573.63,592.38,42.33,21.72,eso.bg,false,
2022-05-03 20:00:00,Bulgaria,Bulgaria,BG,599.13,618.64,39.82,17.92,eso.bg,false,
2022-05-03 21:00:00,Bulgaria,Bulgaria,BG,629.77,650.28,36.72,13.37,eso.bg,false,
2022-05-03 22:00:00,Bulgaria,Bulgaria,BG,646.88,667.06,35.1,11.29,eso.bg,false,
2022-05-03 23:00:00,Bulgaria,Bulgaria,BG,664.66,684.5,33.45,9.5,eso.bg,false,
2022-05-04 00:00:00,Bulgaria,Bulgaria,BG,667.87,687.27,33.22,9.44,eso.bg,false,
2022-05-04 01:00:00,Bulgaria,Bulgaria,BG,670.65,689.66,33.04,9.24,eso.bg,false,
2022-05-04 02:00:00,Bulgaria,Bulgaria,BG,662.28,681.61,33.74,9.82,eso.bg,false,
2022-05-04 03:00:00,Bulgaria,Bulgaria,BG,641.31,660.72,35.82,12.44,eso.bg,false,
2022-05-04 04:00:00,Bulgaria,Bulgaria,BG,612.16,630.48,38.89,17.04,eso.bg,false,
2022-05-04 05:00:00,Bulgaria,Bulgaria,BG,586.09,604.08,41.62,20.84,eso.bg,false,
2022-05-04 06:00:00,Bulgaria,Bulgaria,BG,575.68,594.0,42.68,22.3,eso.bg,false,
2022-05-04 07:00:00,Bulgaria,Bulgaria,BG,553.19,572.89,44.5,23.06,eso.bg,false,
2022-05-04 08:00:00,Bulgaria,Bulgaria,BG,570.58,590.74,42.82,21.06,eso.bg,false,
2022-05-04 09:00:00,Bulgaria,Bulgaria,BG,581.1,601.27,41.88,20.27,eso.bg,false,
2022-05-04 10:00:00,Bulgaria,Bulgaria,BG,580.17,600.2,41.91,20.16,eso.bg,false,
2022-05-04 11:00:00,Bulgaria,Bulgaria,BG,575.78,595.85,42.37,21.05,eso.bg,false,
2022-05-04 12:00:00,Bulgaria,Bulgaria,BG,579.28,599.34,41.95,20.31,eso.bg,false,
2022-05-04 13:00:00,Bulgaria,Bulgaria,BG,602.43,622.28,39.74,17.89,eso.bg,false,
2022-05-04 14:00:00,Bulgaria,Bulgaria,BG,589.89,609.67,40.89,19.16,eso.bg,false,
2022-05-04 15:00:00,Bulgaria,Bulgaria,BG,585.59,604.72,41.29,19.38,eso.bg,false,
2022-05-04 16:00:00,Bulgaria,Bulgaria,BG,554.27,572.0,44.53,24.0,eso.bg,false,
2022-05-04 17:00:00,Bulgaria,Bulgaria,BG,545.43,562.87,45.43,25.72,eso.bg,false,
2022-05-04 18:00:00,Bulgaria,Bulgaria,BG,547.04,564.77,45.2,25.66,eso.bg,false,
2022-05-04 19:00:00,Bulgaria,Bulgaria,BG,555.04,573.65,44.19,23.78,eso.bg,false,
2022-05-04 20:00:00,Bulgaria,Bulgaria,BG,575.02,594.36,42.06,20.59,eso.bg,false,
2022-05-04 21:00:00,Bulgaria,Bulgaria,BG,610.79,630.58,38.51,15.85,eso.bg,false,
2022-05-04 22:00:00,Bulgaria,Bulgaria,BG,626.56,647.08,36.78,12.91,eso.bg,false,
2022-05-04 23:00:00,Bulgaria,Bulgaria,BG,641.56,662.55,35.27,11.5,eso.bg,false,
2022-05-05 00:00:00,Bulgaria,Bulgaria,BG,628.89,649.85,36.36,12.31,eso.bg,false,
2022-05-05 01:00:00,Bulgaria,Bulgaria,BG,615.14,636.32,37.6,13.43,eso.bg,false,
2022-05-05 02:00:00,Bulgaria,Bulgaria,BG,626.62,647.88,36.6,12.9,eso.bg,false,
2022-05-05 03:00:00,Bulgaria,Bulgaria,BG,617.45,639.15,37.37,13.85,eso.bg,false,
2022-05-05 04:00:00,Bulgaria,Bulgaria,BG,591.38,611.2,40.38,18.88,eso.bg,false,
2022-05-05 05:00:00,Bulgaria,Bulgaria,BG,571.96,591.44,42.43,21.75,eso.bg,false,
2022-05-05 06:00:00,Bulgaria,Bulgaria,BG,562.47,581.66,43.64,23.56,eso.bg,false,
2022-05-05 07:00:00,Bulgaria,Bulgaria,BG,543.29,562.67,45.58,25.28,eso.bg,false,
2022-05-05 08:00:00,Bulgaria,Bulgaria,BG,535.66,554.95,46.37,26.42,eso.bg,false,
2022-05-05 09:00:00,Bulgaria,Bulgaria,BG,539.68,559.04,45.98,25.98,eso.bg,false,
2022-05-05 10:00:00,Bulgaria,Bulgaria,BG,543.91,563.07,45.64,25.72,eso.bg,false,
2022-05-05 11:00:00,Bulgaria,Bulgaria,BG,548.01,567.15,45.19,24.92,eso.bg,false,
2022-05-05 12:00:00,Bulgaria,Bulgaria,BG,547.59,566.95,45.14,24.07,eso.bg,false,
2022-05-05 13:00:00,Bulgaria,Bulgaria,BG,568.48,588.16,42.96,21.27,eso.bg,false,
2022-05-05 14:00:00,Bulgaria,Bulgaria,BG,578.03,597.34,42.1,20.68,eso.bg,false,
2022-05-05 15:00:00,Bulgaria,Bulgaria,BG,575.34,594.08,42.36,21.06,eso.bg,false,
2022-05-05 16:00:00,Bulgaria,Bulgaria,BG,569.37,587.48,42.93,21.84,eso.bg,false,
2022-05-05 17:00:00,Bulgaria,Bulgaria,BG,560.09,578.28,43.66,23.27,eso.bg,false,
2022-05-05 18:00:00,Bulgaria,Bulgaria,BG,556.28,574.49,44.06,23.97,eso.bg,false,
2022-05-05 19:00:00,Bulgaria,Bulgaria,BG,577.24,595.99,42.01,21.13,eso.bg,false,
2022-05-05 20:00:00,Bulgaria,Bulgaria,BG,602.04,621.26,39.49,17.61,eso.bg,false,
2022-05-05 21:00:00,Bulgaria,Bulgaria,BG,641.61,661.65,35.51,12.16,eso.bg,false,
2022-05-05 22:00:00,Bulgaria,Bulgaria,BG,664.55,685.11,33.19,8.85,eso.bg,false,
2022-05-05 23:00:00,Bulgaria,Bulgaria,BG,680.19,700.4,31.64,7.07,eso.bg,false,
2022-05-06 00:00:00,Bulgaria,Bulgaria,BG,681.54,701.55,31.54,6.91,eso.bg,false,
2022-05-06 01:00:00,Bulgaria,Bulgaria,BG,674.79,694.66,32.15,7.33,eso.bg,false,
2022-05-06 02:00:00,Bulgaria,Bulgaria,BG,675.09,694.58,32.22,7.98,eso.bg,false,
2022-05-06 03:00:00,Bulgaria,Bulgaria,BG,659.08,678.55,33.67,9.33,eso.bg,false,
2022-05-06 04:00:00,Bulgaria,Bulgaria,BG,642.12,661.52,35.46,12.08,eso.bg,false,
2022-05-06 05:00:00,Bulgaria,Bulgaria,BG,591.48,610.28,40.73,20.04,eso.bg,false,
2022-05-06 06:00:00,Bulgaria,Bulgaria,BG,553.86,572.58,44.54,25.44,eso.bg,false,
2022-05-06 07:00:00,Bulgaria,Bulgaria,BG,536.61,555.65,46.22,27.47,eso.bg,false,
2022-05-06 08:00:00,Bulgaria,Bulgaria,BG,539.86,559.16,45.89,26.77,eso.bg,false,
2022-05-06 09:00:00,Bulgaria,Bulgaria,BG,544.26,564.21,45.31,25.46,eso.bg,false,
2022-05-06 10:00:00,Bulgaria,Bulgaria,BG,542.28,562.33,45.45,25.27,eso.bg,false,
2022-05-06 11:00:00,Bulgaria,Bulgaria,BG,563.5,583.81,43.29,22.4,eso.bg,false,
2022-05-06 12:00:00,Bulgaria,Bulgaria,BG,570.59,590.78,42.58,21.38,eso.bg,false,
2022-05-06 13:00:00,Bulgaria,Bulgaria,BG,577.58,597.58,41.87,20.18,eso.bg,false,
2022-05-06 14:00:00,Bulgaria,Bulgaria,BG,585.72,605.55,41.01,19.01,eso.bg,false,
2022-05-06 15:00:00,Bulgaria,Bulgaria,BG,583.98,603.94,41.02,18.64,eso.bg,false,
2022-05-06 16:00:00,Bulgaria,Bulgaria,BG,576.01,594.46,42.12,20.63,eso.bg,false,
2022-05-06 17:00:00,Bulgaria,Bulgaria,BG,567.89,586.01,42.95,22.03,eso.bg,false,
2022-05-06 18:00:00,Bulgaria,Bulgaria,BG,564.87,582.91,43.25,22.43,eso.bg,false,
2022-05-06 19:00:00,Bulgaria,Bulgaria,BG,584.89,603.38,41.15,19.6,eso.bg,false,
2022-05-06 20:00:00,Bulgaria,Bulgaria,BG,625.39,644.51,37.02,14.17,eso.bg,false,
2022-05-06 21:00:00,Bulgaria,Bulgaria,BG,650.6,670.38,34.26,9.49,eso.bg,false,
2022-05-06 22:00:00,Bulgaria,Bulgaria,BG,621.08,642.26,36.48,9.88,eso.bg,false,
2022-05-06 23:00:00,Bulgaria,Bulgaria,BG,645.13,666.36,34.2,7.88,eso.bg,false,
2022-05-07 00:00:00,Bulgaria,Bulgaria,BG,647.04,668.28,33.95,7.31,eso.bg,false,
2022-05-07 01:00:00,Bulgaria,Bulgaria,BG,646.75,667.76,33.94,7.15,eso.bg,false,
2022-05-07 02:00:00,Bulgaria,Bulgaria,BG,649.3,670.21,33.73,7.22,eso.bg,false,
2022-05-07 03:00:00,Bulgaria,Bulgaria,BG,631.76,653.17,35.25,8.59,eso.bg,false,
2022-05-07 04:00:00,Bulgaria,Bulgaria,BG,604.95,625.94,37.99,12.31,eso.bg,false,
2022-05-07 05:00:00,Bulgaria,Bulgaria,BG,568.99,589.78,41.78,17.85,eso.bg,false,
2022-05-07 06:00:00,Bulgaria,Bulgaria,BG,530.73,551.61,45.67,23.4,eso.bg,false,
2022-05-07 07:00:00,Bulgaria,Bulgaria,BG,515.56,536.9,47.13,25.08,eso.bg,false,
2022-05-07 08:00:00,Bulgaria,Bulgaria,BG,526.04,547.63,46.2,24.06,eso.bg,false,
2022-05-07 09:00:00,Bulgaria,Bulgaria,BG,520.32,542.15,46.78,24.56,eso.bg,false,
2022-05-07 10:00:00,Bulgaria,Bulgaria,BG,530.95,552.63,45.81,23.32,eso.bg,false,
2022-05-07 11:00:00,Bulgaria,Bulgaria,BG,512.19,534.46,47.33,23.77,eso.bg,false,
2022-05-07 12:00:00,Bulgaria,Bulgaria,BG,502.64,525.14,48.02,23.46,eso.bg,false,
2022-05-07 13:00:00,Bulgaria,Bulgaria,BG,542.28,564.69,44.35,20.2,eso.bg,false,
2022-05-07 14:00:00,Bulgaria,Bulgaria,BG,536.48,558.89,44.95,21.44,eso.bg,false,
2022-05-07 15:00:00,Bulgaria,Bulgaria,BG,539.71,561.32,44.76,21.64,eso.bg,false,
2022-05-07 16:00:00,Bulgaria,Bulgaria,BG,531.04,551.67,45.64,22.95,eso.bg,false,
2022-05-07 17:00:00,Bulgaria,Bulgaria,BG,521.01,541.21,46.66,24.31,eso.bg,false,
2022-05-07 18:00:00,Bulgaria,Bulgaria,BG,513.68,533.74,47.4,25.33,eso.bg,false,
2022-05-07 19:00:00,Bulgaria,Bulgaria,BG,538.35,558.96,44.89,22.16,eso.bg,false,
2022-05-07 20:00:00,Bulgaria,Bulgaria,BG,550.34,572.25,43.37,19.42,eso.bg,false,
2022-05-07 21:00:00,Bulgaria,Bulgaria,BG,576.85,600.53,40.49,15.01,eso.bg,false,
2022-05-07 22:00:00,Bulgaria,Bulgaria,BG,608.56,631.6,37.76,11.21,eso.bg,false,
2022-05-07 23:00:00,Bulgaria,Bulgaria,BG,621.9,644.93,36.53,10.06,eso.bg,false,
2022-05-08 00:00:00,Bulgaria,Bulgaria,BG,622.46,645.61,36.29,9.52,eso.bg,false,
2022-05-08 01:00:00,Bulgaria,Bulgaria,BG,626.55,649.09,36.01,9.33,eso.bg,false,
2022-05-08 02:00:00,Bulgaria,Bulgaria,BG,618.76,641.61,36.72,9.85,eso.bg,false,
2022-05-08 03:00:00,Bulgaria,Bulgaria,BG,606.09,629.5,37.86,10.75,eso.bg,false,
2022-05-08 04:00:00,Bulgaria,Bulgaria,BG,596.1,618.41,38.97,12.58,eso.bg,false,
2022-05-08 05:00:00,Bulgaria,Bulgaria,BG,562.62,584.89,42.5,17.86,eso.bg,false,
2022-05-08 06:00:00,Bulgaria,Bulgaria,BG,529.23,550.72,46.02,23.18,eso.bg,false,
2022-05-08 07:00:00,Bulgaria,Bulgaria,BG,501.69,522.99,49.06,26.62,eso.bg,false,
2022-05-08 08:00:00,Bulgaria,Bulgaria,BG,485.56,507.67,50.47,27.72,eso.bg,false,
2022-05-08 09:00:00,Bulgaria,Bulgaria,BG,482.36,504.41,50.82,27.8,eso.bg,false,
2022-05-08 10:00:00,Bulgaria,Bulgaria,BG,489.6,512.19,50.04,26.78,eso.bg,false,
2022-05-08 11:00:00,Bulgaria,Bulgaria,BG,490.29,512.99,49.9,25.76,eso.bg,false,
2022-05-08 12:00:00,Bulgaria,Bulgaria,BG,498.55,521.47,49.03,24.73,eso.bg,false,
2022-05-08 13:00:00,Bulgaria,Bulgaria,BG,504.62,528.33,48.24,23.61,eso.bg,false,
2022-05-08 14:00:00,Bulgaria,Bulgaria,BG,526.19,549.18,46.24,21.8,eso.bg,false,
2022-05-08 15:00:00,Bulgaria,Bulgaria,BG,539.91,561.65,45.06,21.33,eso.bg,false,
2022-05-08 16:00:00,Bulgaria,Bulgaria,BG,539.82,559.66,45.45,22.58,eso.bg,false,
2022-05-08 17:00:00,Bulgaria,Bulgaria,BG,528.67,547.06,46.8,24.65,eso.bg,false,
2022-05-08 18:00:00,Bulgaria,Bulgaria,BG,530.53,548.53,46.75,25.15,eso.bg,false,
2022-05-08 19:00:00,Bulgaria,Bulgaria,BG,535.65,554.06,46.18,24.0,eso.bg,false,
2022-05-08 20:00:00,Bulgaria,Bulgaria,BG,574.15,594.13,42.03,17.86,eso.bg,false,
2022-05-08 21:00:00,Bulgaria,Bulgaria,BG,608.79,629.25,38.6,13.0,eso.bg,false,
2022-05-08 22:00:00,Bulgaria,Bulgaria,BG,625.09,645.33,37.31,10.71,eso.bg,false,
2022-05-08 23:00:00,Bulgaria,Bulgaria,BG,636.54,656.03,36.34,9.11,eso.bg,false,
2022-05-09 00:00:00,Bulgaria,Bulgaria,BG,644.81,663.94,35.64,8.2,eso.bg,false,
2022-05-09 01:00:00,Bulgaria,Bulgaria,BG,649.91,668.87,35.2,7.95,eso.bg,false,
2022-05-09 02:00:00,Bulgaria,Bulgaria,BG,641.37,660.8,35.89,8.65,eso.bg,false,
2022-05-09 03:00:00,Bulgaria,Bulgaria,BG,605.67,624.24,39.45,12.91,eso.bg,false,
2022-05-09 04:00:00,Bulgaria,Bulgaria,BG,582.0,600.14,41.88,17.52,eso.bg,false,
2022-05-09 05:00:00,Bulgaria,Bulgaria,BG,558.73,577.51,44.11,20.69,eso.bg,false,
2022-05-09 06:00:00,Bulgaria,Bulgaria,BG,543.56,562.52,45.68,22.3,eso.bg,false,
2022-05-09 07:00:00,Bulgaria,Bulgaria,BG,525.13,544.62,47.43,23.52,eso.bg,false,
2022-05-09 08:00:00,Bulgaria,Bulgaria,BG,528.64,548.53,47.06,23.47,eso.bg,false,
2022-05-09 09:00:00,Bulgaria,Bulgaria,BG,514.39,534.67,48.32,24.54,eso.bg,false,
2022-05-09 10:00:00,Bulgaria,Bulgaria,BG,529.51,549.74,46.93,23.42,eso.bg,false,
2022-05-09 11:00:00,Bulgaria,Bulgaria,BG,525.38,545.63,47.29,23.53,eso.bg,false,
2022-05-09 12:00:00,Bulgaria,Bulgaria,BG,535.15,555.29,46.38,22.64,eso.bg,false,
2022-05-09 13:00:00,Bulgaria,Bulgaria,BG,552.2,572.05,44.71,20.72,eso.bg,false,
2022-05-09 14:00:00,Bulgaria,Bulgaria,BG,560.01,579.5,43.95,19.74,eso.bg,false,
2022-05-09 15:00:00,Bulgaria,Bulgaria,BG,561.69,580.2,43.87,19.91,eso.bg,false,
2022-05-09 16:00:00,Bulgaria,Bulgaria,BG,555.72,573.48,44.45,20.78,eso.bg,false,
2022-05-09 17:00:00,Bulgaria,Bulgaria,BG,543.7,561.08,45.65,22.53,eso.bg,false,
2022-05-09 18:00:00,Bulgaria,Bulgaria,BG,535.96,553.12,46.46,23.88,eso.bg,false,
2022-05-09 19:00:00,Bulgaria,Bulgaria,BG,549.77,567.11,45.06,21.64,eso.bg,false,
2022-05-09 20:00:00,Bulgaria,Bulgaria,BG,577.34,595.03,42.32,17.89,eso.bg,false,
2022-05-09 21:00:00,Bulgaria,Bulgaria,BG,609.28,626.79,39.45,14.03,eso.bg,false,
2022-05-09 22:00:00,Bulgaria,Bulgaria,BG,632.15,650.22,37.19,10.43,eso.bg,false,
2022-05-09 23:00:00,Bulgaria,Bulgaria,BG,637.28,656.08,36.45,9.57,eso.bg,false,
2022-05-10 00:00:00,Bulgaria,Bulgaria,BG,639.04,658.46,36.09,9.01,eso.bg,false,
2022-05-10 01:00:00,Bulgaria,Bulgaria,BG,638.92,657.98,36.13,9.51,eso.bg,false,
2022-05-10 02:00:00,Bulgaria,Bulgaria,BG,621.49,641.04,37.61,11.37,eso.bg,false,
2022-05-10 03:00:00,Bulgaria,Bulgaria,BG,592.33,611.14,40.64,15.93,eso.bg,false,
2022-05-10 04:00:00,Bulgaria,Bulgaria,BG,538.78,556.12,46.22,23.68,eso.bg,false,
2022-05-10 05:00:00,Bulgaria,Bulgaria,BG,518.22,535.94,48.28,26.61,eso.bg,false,
2022-05-10 06:00:00,Bulgaria,Bulgaria,BG,506.2,524.41,49.47,28.11,eso.bg,false,
2022-05-10 07:00:00,Bulgaria,Bulgaria,BG,501.87,520.73,49.82,27.65,eso.bg,false,
2022-05-10 08:00:00,Bulgaria,Bulgaria,BG,485.76,504.86,51.38,29.58,eso.bg,false,
2022-05-10 09:00:00,Bulgaria,Bulgaria,BG,487.4,506.68,51.23,29.48,eso.bg,false,
2022-05-10 10:00:00,Bulgaria,Bulgaria,BG,482.06,501.31,51.78,30.27,eso.bg,false,
2022-05-10 11:00:00,Bulgaria,Bulgaria,BG,478.91,498.0,52.17,30.73,eso.bg,false,
2022-05-10 12:00:00,Bulgaria,Bulgaria,BG,499.06,518.26,50.09,27.78,eso.bg,false,
2022-05-10 13:00:00,Bulgaria,Bulgaria,BG,503.05,522.02,49.67,27.31,eso.bg,false,
2022-05-10 14:00:00,Bulgaria,Bulgaria,BG,499.19,517.87,49.9,26.97,eso.bg,false,
2022-05-10 15:00:00,Bulgaria,Bulgaria,BG,483.43,501.12,51.52,29.58,eso.bg,false,
2022-05-10 16:00:00,Bulgaria,Bulgaria,BG,479.86,496.95,51.91,30.43,eso.bg,false,
2022-05-10 17:00:00,Bulgaria,Bulgaria,BG,481.67,498.36,51.72,30.21,eso.bg,false,
2022-05-10 18:00:00,Bulgaria,Bulgaria,BG,480.61,497.15,51.85,30.43,eso.bg,false,
2022-05-10 19:00:00,Bulgaria,Bulgaria,BG,488.84,505.72,50.96,28.74,eso.bg,false,
2022-05-10 20:00:00,Bulgaria,Bulgaria,BG,503.18,520.46,49.46,26.25,eso.bg,false,
2022-05-10 21:00:00,Bulgaria,Bulgaria,BG,533.24,550.94,46.43,21.57,eso.bg,false,
2022-05-10 22:00:00,Bulgaria,Bulgaria,BG,613.9,632.33,38.48,10.98,eso.bg,false,
2022-05-10 23:00:00,Bulgaria,Bulgaria,BG,620.2,639.17,37.6,8.93,eso.bg,false,
2022-05-11 00:00:00,Bulgaria,Bulgaria,BG,619.41,638.49,37.65,9.28,eso.bg,false,
2022-05-11 01:00:00,Bulgaria,Bulgaria,BG,614.79,634.46,37.97,9.71,eso.bg,false,
2022-05-11 02:00:00,Bulgaria,Bulgaria,BG,619.51,638.75,37.6,9.16,eso.bg,false,
2022-05-11 03:00:00,Bulgaria,Bulgaria,BG,587.64,606.08,40.9,14.02,eso.bg,false,
2022-05-11 04:00:00,Bulgaria,Bulgaria,BG,555.63,573.84,44.17,19.05,eso.bg,false,
2022-05-11 05:00:00,Bulgaria,Bulgaria,BG,538.51,557.09,45.91,21.68,eso.bg,false,
2022-05-11 06:00:00,Bulgaria,Bulgaria,BG,540.69,559.71,45.77,22.15,eso.bg,false,
2022-05-11 07:00:00,Bulgaria,Bulgaria,BG,552.72,571.88,44.73,21.51,eso.bg,false,
2022-05-11 08:00:00,Bulgaria,Bulgaria,BG,563.5,582.86,43.85,21.49,eso.bg,false,
2022-05-11 09:00:00,Bulgaria,Bulgaria,BG,568.93,588.26,43.44,21.28,eso.bg,false,
2022-05-11 10:00:00,Bulgaria,Bulgaria,BG,579.12,598.39,42.41,19.91,eso.bg,false,
2022-05-11 11:00:00,Bulgaria,Bulgaria,BG,574.77,593.9,42.83,20.14,eso.bg,false,
2022-05-11 12:00:00,Bulgaria,Bulgaria,BG,571.07,590.59,43.06,20.18,eso.bg,false,
2022-05-11 13:00:00,Bulgaria,Bulgaria,BG,579.89,599.08,42.28,19.63,eso.bg,false,
2022-05-11 14:00:00,Bulgaria,Bulgaria,BG,594.56,613.46,40.86,17.59,eso.bg,false,
2022-05-11 15:00:00,Bulgaria,Bulgaria,BG,570.69,588.83,43.18,20.44,eso.bg,false,
2022-05-11 16:00:00,Bulgaria,Bulgaria,BG,550.29,567.53,45.23,23.29,eso.bg,false,
2022-05-11 17:00:00,Bulgaria,Bulgaria,BG,537.14,554.04,46.53,25.02,eso.bg,false,
2022-05-11 18:00:00,Bulgaria,Bulgaria,BG,538.02,554.81,46.51,25.57,eso.bg,false,
2022-05-11 19:00:00,Bulgaria,Bulgaria,BG,536.56,553.49,46.59,25.57,eso.bg,false,
2022-05-11 20:00:00,Bulgaria,Bulgaria,BG,562.01,579.26,44.02,21.72,eso.bg,false,
2022-05-11 21:00:00,Bulgaria,Bulgaria,BG,606.24,624.48,39.51,15.02,eso.bg,false,
2022-05-11 22:00:00,Bulgaria,Bulgaria,BG,606.31,625.57,39.26,14.37,eso.bg,false,
2022-05-11 23:00:00,Bulgaria,Bulgaria,BG,610.91,630.91,38.63,13.59,eso.bg,false,
2022-05-12 00:00:00,Bulgaria,Bulgaria,BG,612.77,633.54,38.27,12.89,eso.bg,false,
2022-05-12 01:00:00,Bulgaria,Bulgaria,BG,624.09,644.77,37.19,11.74,eso.bg,false,
2022-05-12 02:00:00,Bulgaria,Bulgaria,BG,628.66,648.56,36.93,11.54,eso.bg,false,
2022-05-12 03:00:00,Bulgaria,Bulgaria,BG,625.09,643.46,37.64,12.68,eso.bg,false,
2022-05-12 04:00:00,Bulgaria,Bulgaria,BG,571.52,589.2,42.99,20.03,eso.bg,false,
2022-05-12 05:00:00,Bulgaria,Bulgaria,BG,552.67,570.8,44.88,22.7,eso.bg,false,
2022-05-12 06:00:00,Bulgaria,Bulgaria,BG,547.23,565.9,45.5,23.57,eso.bg,false,
2022-05-12 07:00:00,Bulgaria,Bulgaria,BG,555.54,574.72,44.7,22.59,eso.bg,false,
2022-05-12 08:00:00,Bulgaria,Bulgaria,BG,547.14,567.33,45.38,23.55,eso.bg,false,
2022-05-12 09:00:00,Bulgaria,Bulgaria,BG,540.98,561.34,46.08,23.94,eso.bg,false,
2022-05-12 10:00:00,Bulgaria,Bulgaria,BG,529.5,550.56,46.84,24.91,eso.bg,false,
2022-05-12 11:00:00,Bulgaria,Bulgaria,BG,526.23,547.46,47.01,25.05,eso.bg,false,
2022-05-12 12:00:00,Bulgaria,Bulgaria,BG,526.93,547.73,47.04,25.31,eso.bg,false,
2022-05-12 13:00:00,Bulgaria,Bulgaria,BG,543.77,563.62,45.51,23.51,eso.bg,false,
2022-05-12 14:00:00,Bulgaria,Bulgaria,BG,530.28,549.45,46.8,24.88,eso.bg,false,
2022-05-12 15:00:00,Bulgaria,Bulgaria,BG,535.55,553.93,46.37,24.65,eso.bg,false,
2022-05-12 16:00:00,Bulgaria,Bulgaria,BG,548.42,566.15,45.17,23.6,eso.bg,false,
2022-05-12 17:00:00,Bulgaria,Bulgaria,BG,531.7,549.09,46.79,25.63,eso.bg,false,
2022-05-12 18:00:00,Bulgaria,Bulgaria,BG,518.97,536.19,48.06,27.36,eso.bg,false,
2022-05-12 19:00:00,Bulgaria,Bulgaria,BG,537.81,555.22,46.18,24.73,eso.bg,false,
2022-05-12 20:00:00,Bulgaria,Bulgaria,BG,581.15,600.24,41.74,19.49,eso.bg,false,
2022-05-12 21:00:00,Bulgaria,Bulgaria,BG,620.84,641.04,37.67,13.9,eso.bg,false,
2022-05-12 22:00:00,Bulgaria,Bulgaria,BG,630.96,650.72,36.61,12.07,eso.bg,false,
2022-05-12 23:00:00,Bulgaria,Bulgaria,BG,643.12,663.16,35.27,10.77,eso.bg,false,
2022-05-13 00:00:00,Bulgaria,Bulgaria,BG,628.98,649.05,36.52,11.62,eso.bg,false,
2022-05-13 01:00:00,Bulgaria,Bulgaria,BG,612.55,632.96,37.87,12.46,eso.bg,false,
2022-05-13 02:00:00,Bulgaria,Bulgaria,BG,634.22,655.12,35.73,10.47,eso.bg,false,
2022-05-13 03:00:00,Bulgaria,Bulgaria,BG,625.04,645.64,36.71,11.78,eso.bg,false,
2022-05-13 04:00:00,Bulgaria,Bulgaria,BG,589.59,608.69,40.54,17.31,eso.bg,false,
2022-05-13 05:00:00,Bulgaria,Bulgaria,BG,555.85,575.22,43.89,21.7,eso.bg,false,
2022-05-13 06:00:00,Bulgaria,Bulgaria,BG,536.0,555.82,45.85,24.38,eso.bg,false,
2022-05-13 07:00:00,Bulgaria,Bulgaria,BG,553.85,574.48,44.06,21.93,eso.bg,false,
2022-05-13 08:00:00,Bulgaria,Bulgaria,BG,556.2,576.91,43.96,22.48,eso.bg,false,
2022-05-13 09:00:00,Bulgaria,Bulgaria,BG,549.92,570.73,44.57,23.33,eso.bg,false,
2022-05-13 10:00:00,Bulgaria,Bulgaria,BG,540.82,561.78,45.38,23.84,eso.bg,false,
2022-05-13 11:00:00,Bulgaria,Bulgaria,BG,540.83,561.78,45.35,23.65,eso.bg,false,
2022-05-13 12:00:00,Bulgaria,Bulgaria,BG,532.83,553.39,46.22,24.7,eso.bg,false,
2022-05-13 13:00:00,Bulgaria,Bulgaria,BG,544.01,564.42,45.07,23.45,eso.bg,false,
2022-05-13 14:00:00,Bulgaria,Bulgaria,BG,555.49,575.3,44.07,22.07,eso.bg,false,
2022-05-13 15:00:00,Bulgaria,Bulgaria,BG,517.17,536.06,47.79,26.1,eso.bg,false,
2022-05-13 16:00:00,Bulgaria,Bulgaria,BG,512.2,530.44,48.27,26.71,eso.bg,false,
2022-05-13 17:00:00,Bulgaria,Bulgaria,BG,518.96,536.78,47.7,26.71,eso.bg,false,
2022-05-13 18:00:00,Bulgaria,Bulgaria,BG,520.29,537.95,47.71,27.07,eso.bg,false,
2022-05-13 19:00:00,Bulgaria,Bulgaria,BG,531.87,550.37,46.4,25.15,eso.bg,false,
2022-05-13 20:00:00,Bulgaria,Bulgaria,BG,555.35,574.67,43.94,21.75,eso.bg,false,
2022-05-13 21:00:00,Bulgaria,Bulgaria,BG,565.0,585.92,42.55,18.95,eso.bg,false,
2022-05-13 22:00:00,Bulgaria,Bulgaria,BG,562.22,584.68,42.47,17.92,eso.bg,false,
2022-05-13 23:00:00,Bulgaria,Bulgaria,BG,561.8,583.54,42.53,17.15,eso.bg,false,
2022-05-14 00:00:00,Bulgaria,Bulgaria,BG,559.41,581.09,42.73,16.83,eso.bg,false,
2022-05-14 01:00:00,Bulgaria,Bulgaria,BG,528.08,551.3,45.13,17.45,eso.bg,false,
2022-05-14 02:00:00,Bulgaria,Bulgaria,BG,550.47,572.97,43.21,16.09,eso.bg,false,
2022-05-14 03:00:00,Bulgaria,Bulgaria,BG,585.96,607.76,40.16,14.11,eso.bg,false,
2022-05-14 04:00:00,Bulgaria,Bulgaria,BG,574.89,594.78,41.63,16.07,eso.bg,false,
2022-05-14 05:00:00,Bulgaria,Bulgaria,BG,543.68,562.85,45.17,20.83,eso.bg,false,
2022-05-14 06:00:00,Bulgaria,Bulgaria,BG,554.35,573.05,44.51,21.86,eso.bg,false,
2022-05-14 07:00:00,Bulgaria,Bulgaria,BG,554.14,573.6,44.43,21.61,eso.bg,false,
2022-05-14 08:00:00,Bulgaria,Bulgaria,BG,579.72,598.78,42.15,19.06,eso.bg,false,
2022-05-14 09:00:00,Bulgaria,Bulgaria,BG,559.09,579.85,43.77,20.8,eso.bg,false,
2022-05-14 10:00:00,Bulgaria,Bulgaria,BG,524.49,547.05,46.4,22.38,eso.bg,false,
2022-05-14 11:00:00,Bulgaria,Bulgaria,BG,470.34,494.57,50.95,25.86,eso.bg,false,
2022-05-14 12:00:00,Bulgaria,Bulgaria,BG,458.27,482.73,51.94,25.97,eso.bg,false,
2022-05-14 13:00:00,Bulgaria,Bulgaria,BG,499.74,522.73,48.28,22.45,eso.bg,false,
2022-05-14 14:00:00,Bulgaria,Bulgaria,BG,530.46,552.47,45.53,19.87,eso.bg,false,
2022-05-14 15:00:00,Bulgaria,Bulgaria,BG,519.0,540.93,46.47,21.04,eso.bg,false,
2022-05-14 16:00:00,Bulgaria,Bulgaria,BG,515.85,535.95,47.21,23.52,eso.bg,false,
2022-05-14 17:00:00,Bulgaria,Bulgaria,BG,522.61,541.19,46.93,24.08,eso.bg,false,
2022-05-14 18:00:00,Bulgaria,Bulgaria,BG,515.15,533.65,47.66,25.06,eso.bg,false,
2022-05-14 19:00:00,Bulgaria,Bulgaria,BG,540.07,558.9,45.15,21.52,eso.bg,false,
2022-05-14 20:00:00,Bulgaria,Bulgaria,BG,567.71,589.19,41.85,17.0,eso.bg,false,
2022-05-14 21:00:00,Bulgaria,Bulgaria,BG,567.89,591.7,41.33,15.69,eso.bg,false,
2022-05-14 22:00:00,Bulgaria,Bulgaria,BG,583.26,605.79,40.32,14.47,eso.bg,false,
2022-05-14 23:00:00,Bulgaria,Bulgaria,BG,583.37,605.91,40.28,14.35,eso.bg,false,
2022-05-15 00:00:00,Bulgaria,Bulgaria,BG,577.86,599.74,40.99,15.24,eso.bg,false,
2022-05-15 01:00:00,Bulgaria,Bulgaria,BG,593.73,615.36,39.5,13.62,eso.bg,false,
2022-05-15 02:00:00,Bulgaria,Bulgaria,BG,598.79,620.77,38.94,13.25,eso.bg,false,
2022-05-15 03:00:00,Bulgaria,Bulgaria,BG,591.59,613.52,39.6,13.5,eso.bg,false,
2022-05-15 04:00:00,Bulgaria,Bulgaria,BG,564.76,586.08,42.07,15.24,eso.bg,false,
2022-05-15 05:00:00,Bulgaria,Bulgaria,BG,504.87,526.33,47.79,21.33,eso.bg,false,
2022-05-15 06:00:00,Bulgaria,Bulgaria,BG,482.92,503.86,50.22,25.22,eso.bg,false,
2022-05-15 07:00:00,Bulgaria,Bulgaria,BG,471.55,492.54,51.45,27.3,eso.bg,false,
2022-05-15 08:00:00,Bulgaria,Bulgaria,BG,463.4,484.62,52.27,28.62,eso.bg,false,
2022-05-15 09:00:00,Bulgaria,Bulgaria,BG,485.24,506.72,50.18,26.25,eso.bg,false,
2022-05-15 10:00:00,Bulgaria,Bulgaria,BG,521.07,542.47,46.83,22.59,eso.bg,false,
2022-05-15 11:00:00,Bulgaria,Bulgaria,BG,511.66,533.94,47.51,23.04,eso.bg,false,
2022-05-15 12:00:00,Bulgaria,Bulgaria,BG,517.43,539.98,46.82,21.78,eso.bg,false,
2022-05-15 13:00:00,Bulgaria,Bulgaria,BG,562.74,584.08,42.66,17.48,eso.bg,false,
2022-05-15 14:00:00,Bulgaria,Bulgaria,BG,550.69,571.84,43.82,19.02,eso.bg,false,
2022-05-15 15:00:00,Bulgaria,Bulgaria,BG,555.53,576.39,43.36,18.52,eso.bg,false,
2022-05-15 16:00:00,Bulgaria,Bulgaria,BG,529.91,550.17,45.94,22.7,eso.bg,false,
2022-05-15 17:00:00,Bulgaria,Bulgaria,BG,525.9,544.74,46.52,23.63,eso.bg,false,
2022-05-15 18:00:00,Bulgaria,Bulgaria,BG,526.39,544.9,46.63,23.97,eso.bg,false,
2022-05-15 19:00:00,Bulgaria,Bulgaria,BG,537.89,557.26,45.41,22.66,eso.bg,false,
2022-05-15 20:00:00,Bulgaria,Bulgaria,BG,583.76,605.21,40.55,16.05,eso.bg,false,
2022-05-15 21:00:00,Bulgaria,Bulgaria,BG,566.59,589.48,41.53,14.38,eso.bg,false,
2022-05-15 22:00:00,Bulgaria,Bulgaria,BG,616.27,637.3,37.42,11.99,eso.bg,false,
2022-05-15 23:00:00,Bulgaria,Bulgaria,BG,629.06,649.73,36.34,10.89,eso.bg,false,
2022-05-16 00:00:00,Bulgaria,Bulgaria,BG,631.72,652.32,36.14,10.6,eso.bg,false,
2022-05-16 01:00:00,Bulgaria,Bulgaria,BG,632.6,653.16,36.05,10.41,eso.bg,false,
2022-05-16 02:00:00,Bulgaria,Bulgaria,BG,633.5,654.14,35.92,10.24,eso.bg,false,
2022-05-16 03:00:00,Bulgaria,Bulgaria,BG,633.01,653.31,36.0,10.28,eso.bg,false,
2022-05-16 04:00:00,Bulgaria,Bulgaria,BG,599.53,618.51,39.65,15.83,eso.bg,false,
2022-05-16 05:00:00,Bulgaria,Bulgaria,BG,559.17,578.3,43.73,21.13,eso.bg,false,
2022-05-16 06:00:00,Bulgaria,Bulgaria,BG,545.52,565.07,45.11,23.14,eso.bg,false,
2022-05-16 07:00:00,Bulgaria,Bulgaria,BG,523.03,542.43,47.51,25.69,eso.bg,false,
2022-05-16 08:00:00,Bulgaria,Bulgaria,BG,541.34,560.84,45.86,23.65,eso.bg,false,
2022-05-16 09:00:00,Bulgaria,Bulgaria,BG,526.64,546.25,47.25,25.55,eso.bg,false,
2022-05-16 10:00:00,Bulgaria,Bulgaria,BG,518.94,538.62,47.98,26.42,eso.bg,false,
2022-05-16 11:00:00,Bulgaria,Bulgaria,BG,532.78,552.23,46.7,25.08,eso.bg,false,
2022-05-16 12:00:00,Bulgaria,Bulgaria,BG,528.94,548.44,46.94,24.95,eso.bg,false,
2022-05-16 13:00:00,Bulgaria,Bulgaria,BG,539.55,558.76,45.94,23.85,eso.bg,false,
2022-05-16 14:00:00,Bulgaria,Bulgaria,BG,558.16,576.88,44.23,21.85,eso.bg,false,
2022-05-16 15:00:00,Bulgaria,Bulgaria,BG,556.14,574.38,44.49,22.49,eso.bg,false,
2022-05-16 16:00:00,Bulgaria,Bulgaria,BG,560.87,578.63,44.03,22.17,eso.bg,false,
2022-05-16 17:00:00,Bulgaria,Bulgaria,BG,554.99,572.33,44.61,23.37,eso.bg,false,
2022-05-16 18:00:00,Bulgaria,Bulgaria,BG,565.06,582.21,43.77,22.95,eso.bg,false,
2022-05-16 19:00:00,Bulgaria,Bulgaria,BG,581.54,598.79,42.19,21.05,eso.bg,false,
2022-05-16 20:00:00,Bulgaria,Bulgaria,BG,608.21,625.9,39.44,16.99,eso.bg,false,
2022-05-16 21:00:00,Bulgaria,Bulgaria,BG,660.72,678.77,34.38,10.46,eso.bg,false,
2022-05-16 22:00:00,Bulgaria,Bulgaria,BG,663.17,681.32,34.11,9.88,eso.bg,false,
2022-05-16 23:00:00,Bulgaria,Bulgaria,BG,658.13,676.4,34.49,10.03,eso.bg,false,
2022-05-17 00:00:00,Bulgaria,Bulgaria,BG,665.47,683.78,33.77,9.4,eso.bg,false,
2022-05-17 01:00:00,Bulgaria,Bulgaria,BG,664.94,683.48,33.7,8.98,eso.bg,false,
2022-05-17 02:00:00,Bulgaria,Bulgaria,BG,667.02,685.64,33.47,8.55,eso.bg,false,
2022-05-17 03:00:00,Bulgaria,Bulgaria,BG,667.05,685.64,33.48,8.55,eso.bg,false,
2022-05-17 04:00:00,Bulgaria,Bulgaria,BG,624.28,642.24,37.89,15.07,eso.bg,false,
2022-05-17 05:00:00,Bulgaria,Bulgaria,BG,587.47,605.81,41.54,19.82,eso.bg,false,
2022-05-17 06:00:00,Bulgaria,Bulgaria,BG,564.32,583.25,43.71,22.56,eso.bg,false,
2022-05-17 07:00:00,Bulgaria,Bulgaria,BG,563.49,582.84,43.84,22.36,eso.bg,false,
2022-05-17 08:00:00,Bulgaria,Bulgaria,BG,573.05,592.59,43.09,22.02,eso.bg,false,
2022-05-17 09:00:00,Bulgaria,Bulgaria,BG,572.67,592.19,43.11,21.97,eso.bg,false,
2022-05-17 10:00:00,Bulgaria,Bulgaria,BG,571.59,591.32,43.14,22.17,eso.bg,false,
2022-05-17 11:00:00,Bulgaria,Bulgaria,BG,568.6,588.52,43.33,22.64,eso.bg,false,
2022-05-17 12:00:00,Bulgaria,Bulgaria,BG,567.17,587.3,43.17,22.36,eso.bg,false,
2022-05-17 13:00:00,Bulgaria,Bulgaria,BG,577.66,597.27,42.26,21.5,eso.bg,false,
2022-05-17 14:00:00,Bulgaria,Bulgaria,BG,567.62,586.82,43.25,22.68,eso.bg,false,
2022-05-17 15:00:00,Bulgaria,Bulgaria,BG,580.53,599.18,41.99,21.03,eso.bg,false,
2022-05-17 16:00:00,Bulgaria,Bulgaria,BG,581.93,599.8,41.95,21.26,eso.bg,false,
2022-05-17 17:00:00,Bulgaria,Bulgaria,BG,563.16,580.8,43.7,23.23,eso.bg,false,
2022-05-17 18:00:00,Bulgaria,Bulgaria,BG,556.86,574.3,44.39,24.45,eso.bg,false,
2022-05-17 19:00:00,Bulgaria,Bulgaria,BG,558.9,576.6,44.09,23.58,eso.bg,false,
2022-05-17 20:00:00,Bulgaria,Bulgaria,BG,591.14,609.52,40.7,18.49,eso.bg,false,
2022-05-17 21:00:00,Bulgaria,Bulgaria,BG,617.95,637.12,37.99,14.74,eso.bg,false,
2022-05-17 22:00:00,Bulgaria,Bulgaria,BG,624.97,644.37,37.22,13.78,eso.bg,false,
2022-05-17 23:00:00,Bulgaria,Bulgaria,BG,632.37,652.16,36.49,13.36,eso.bg,false,
2022-05-18 00:00:00,Bulgaria,Bulgaria,BG,628.46,648.17,36.85,13.89,eso.bg,false,
2022-05-18 01:00:00,Bulgaria,Bulgaria,BG,557.43,579.05,42.93,19.28,eso.bg,false,
2022-05-18 02:00:00,Bulgaria,Bulgaria,BG,554.8,576.41,43.24,19.75,eso.bg,false,
2022-05-18 03:00:00,Bulgaria,Bulgaria,BG,559.17,580.49,43.04,20.62,eso.bg,false,
2022-05-18 04:00:00,Bulgaria,Bulgaria,BG,508.63,530.44,47.53,24.27,eso.bg,false,
2022-05-18 05:00:00,Bulgaria,Bulgaria,BG,474.38,495.37,51.13,28.63,eso.bg,false,
2022-05-18 06:00:00,Bulgaria,Bulgaria,BG,488.03,508.24,50.28,29.09,eso.bg,false,
2022-05-18 07:00:00,Bulgaria,Bulgaria,BG,506.19,526.85,48.6,27.68,eso.bg,false,
2022-05-18 08:00:00,Bulgaria,Bulgaria,BG,528.14,549.08,46.48,25.49,eso.bg,false,
2022-05-18 09:00:00,Bulgaria,Bulgaria,BG,503.71,525.74,48.36,26.56,eso.bg,false,
2022-05-18 10:00:00,Bulgaria,Bulgaria,BG,499.93,522.2,48.63,26.61,eso.bg,false,
2022-05-18 11:00:00,Bulgaria,Bulgaria,BG,490.34,513.4,49.21,26.49,eso.bg,false,
2022-05-18 12:00:00,Bulgaria,Bulgaria,BG,485.45,508.78,49.59,26.39,eso.bg,false,
2022-05-18 13:00:00,Bulgaria,Bulgaria,BG,467.75,490.93,51.27,27.91,eso.bg,false,
2022-05-18 14:00:00,Bulgaria,Bulgaria,BG,467.7,490.57,51.29,27.73,eso.bg,false,
2022-05-18 15:00:00,Bulgaria,Bulgaria,BG,468.57,490.8,51.44,28.86,eso.bg,false,
2022-05-18 16:00:00,Bulgaria,Bulgaria,BG,517.34,536.31,47.7,26.88,eso.bg,false,
2022-05-18 17:00:00,Bulgaria,Bulgaria,BG,534.54,552.19,46.36,25.83,eso.bg,false,
2022-05-18 18:00:00,Bulgaria,Bulgaria,BG,545.16,562.72,45.4,25.09,eso.bg,false,
2022-05-18 19:00:00,Bulgaria,Bulgaria,BG,555.85,573.65,44.27,23.27,eso.bg,false,
2022-05-18 20:00:00,Bulgaria,Bulgaria,BG,593.18,611.39,40.54,18.13,eso.bg,false,
2022-05-18 21:00:00,Bulgaria,Bulgaria,BG,632.11,650.47,36.78,13.28,eso.bg,false,
2022-05-18 22:00:00,Bulgaria,Bulgaria,BG,619.6,637.9,37.91,14.13,eso.bg,false,
2022-05-18 23:00:00,Bulgaria,Bulgaria,BG,620.62,639.53,37.81,14.31,eso.bg,false,
2022-05-19 00:00:00,Bulgaria,Bulgaria,BG,626.06,644.78,37.23,13.59,eso.bg,false,
2022-05-19 01:00:00,Bulgaria,Bulgaria,BG,628.19,646.69,37.0,12.78,eso.bg,false,
2022-05-19 02:00:00,Bulgaria,Bulgaria,BG,646.78,664.85,35.52,12.23,eso.bg,false,
2022-05-19 03:00:00,Bulgaria,Bulgaria,BG,632.03,649.8,37.05,14.31,eso.bg,false,
2022-05-19 04:00:00,Bulgaria,Bulgaria,BG,588.93,606.55,41.28,19.72,eso.bg,false,
2022-05-19 05:00:00,Bulgaria,Bulgaria,BG,552.31,570.3,44.9,24.57,eso.bg,false,
2022-05-19 06:00:00,Bulgaria,Bulgaria,BG,512.19,530.86,48.64,28.28,eso.bg,false,
2022-05-19 07:00:00,Bulgaria,Bulgaria,BG,487.79,507.42,50.68,29.37,eso.bg,false,
2022-05-19 08:00:00,Bulgaria,Bulgaria,BG,470.01,490.13,52.29,30.3,eso.bg,false,
2022-05-19 09:00:00,Bulgaria,Bulgaria,BG,449.93,470.65,54.01,31.36,eso.bg,false,
2022-05-19 10:00:00,Bulgaria,Bulgaria,BG,485.8,506.28,50.72,28.57,eso.bg,false,
2022-05-19 11:00:00,Bulgaria,Bulgaria,BG,505.43,525.94,48.87,26.77,eso.bg,false,
2022-05-19 12:00:00,Bulgaria,Bulgaria,BG,533.07,553.14,46.38,24.43,eso.bg,false,
2022-05-19 13:00:00,Bulgaria,Bulgaria,BG,567.31,586.75,43.29,21.75,eso.bg,false,
2022-05-19 14:00:00,Bulgaria,Bulgaria,BG,588.18,607.16,41.31,19.71,eso.bg,false,
2022-05-19 15:00:00,Bulgaria,Bulgaria,BG,575.88,594.58,42.35,20.79,eso.bg,false,
2022-05-19 16:00:00,Bulgaria,Bulgaria,BG,579.87,597.77,42.02,20.78,eso.bg,false,
2022-05-19 17:00:00,Bulgaria,Bulgaria,BG,566.53,584.01,43.34,22.46,eso.bg,false,
2022-05-19 18:00:00,Bulgaria,Bulgaria,BG,557.42,574.75,44.26,23.78,eso.bg,false,
2022-05-19 19:00:00,Bulgaria,Bulgaria,BG,556.07,573.82,44.15,22.65,eso.bg,false,
2022-05-19 20:00:00,Bulgaria,Bulgaria,BG,591.06,609.09,40.76,18.58,eso.bg,false,
2022-05-19 21:00:00,Bulgaria,Bulgaria,BG,624.29,642.8,37.42,13.5,eso.bg,false,
2022-05-19 22:00:00,Bulgaria,Bulgaria,BG,640.03,658.8,35.89,11.71,eso.bg,false,
2022-05-19 23:00:00,Bulgaria,Bulgaria,BG,655.94,674.9,34.36,10.36,eso.bg,false,
2022-05-20 00:00:00,Bulgaria,Bulgaria,BG,648.76,667.64,35.05,11.15,eso.bg,false,
2022-05-20 01:00:00,Bulgaria,Bulgaria,BG,643.88,662.84,35.43,11.39,eso.bg,false,
2022-05-20 02:00:00,Bulgaria,Bulgaria,BG,648.73,667.61,35.04,11.19,eso.bg,false,
2022-05-20 03:00:00,Bulgaria,Bulgaria,BG,648.98,667.77,35.05,11.35,eso.bg,false,
2022-05-20 04:00:00,Bulgaria,Bulgaria,BG,606.62,625.23,39.25,16.96,eso.bg,false,
2022-05-20 05:00:00,Bulgaria,Bulgaria,BG,574.63,593.62,42.45,21.09,eso.bg,false,
2022-05-20 06:00:00,Bulgaria,Bulgaria,BG,562.52,581.71,43.77,23.36,eso.bg,false,
2022-05-20 07:00:00,Bulgaria,Bulgaria,BG,541.42,561.25,45.63,24.81,eso.bg,false,
2022-05-20 08:00:00,Bulgaria,Bulgaria,BG,545.67,565.48,45.41,25.4,eso.bg,false,
2022-05-20 09:00:00,Bulgaria,Bulgaria,BG,536.31,556.18,46.33,26.52,eso.bg,false,
2022-05-20 10:00:00,Bulgaria,Bulgaria,BG,555.94,576.04,44.4,24.29,eso.bg,false,
2022-05-20 11:00:00,Bulgaria,Bulgaria,BG,568.5,588.57,43.22,22.84,eso.bg,false,
2022-05-20 12:00:00,Bulgaria,Bulgaria,BG,566.76,586.83,43.3,22.56,eso.bg,false,
2022-05-20 13:00:00,Bulgaria,Bulgaria,BG,580.49,600.44,42.03,21.23,eso.bg,false,
2022-05-20 14:00:00,Bulgaria,Bulgaria,BG,573.66,593.02,42.63,21.87,eso.bg,false,
2022-05-20 15:00:00,Bulgaria,Bulgaria,BG,573.62,592.21,42.67,22.03,eso.bg,false,
2022-05-20 16:00:00,Bulgaria,Bulgaria,BG,576.49,594.6,42.38,21.66,eso.bg,false,
2022-05-20 17:00:00,Bulgaria,Bulgaria,BG,573.73,591.47,42.66,22.1,eso.bg,false,
2022-05-20 18:00:00,Bulgaria,Bulgaria,BG,564.85,582.51,43.52,23.42,eso.bg,false,
2022-05-20 19:00:00,Bulgaria,Bulgaria,BG,577.58,595.57,42.16,21.11,eso.bg,false,
2022-05-20 20:00:00,Bulgaria,Bulgaria,BG,601.02,619.99,39.66,17.63,eso.bg,false,
2022-05-20 21:00:00,Bulgaria,Bulgaria,BG,606.38,626.96,38.81,16.17,eso.bg,false,
2022-05-20 22:00:00,Bulgaria,Bulgaria,BG,623.17,642.62,37.33,13.32,eso.bg,false,
2022-05-20 23:00:00,Bulgaria,Bulgaria,BG,625.12,644.54,37.12,12.83,eso.bg,false,
2022-05-21 00:00:00,Bulgaria,Bulgaria,BG,614.21,633.96,38.02,13.38,eso.bg,false,
2022-05-21 01:00:00,Bulgaria,Bulgaria,BG,606.47,626.47,38.64,13.43,eso.bg,false,
2022-05-21 02:00:00,Bulgaria,Bulgaria,BG,628.74,648.46,36.65,11.63,eso.bg,false,
2022-05-21 03:00:00,Bulgaria,Bulgaria,BG,610.86,630.67,38.28,13.45,eso.bg,false,
2022-05-21 04:00:00,Bulgaria,Bulgaria,BG,568.85,589.31,41.96,15.58,eso.bg,false,
2022-05-21 05:00:00,Bulgaria,Bulgaria,BG,539.72,560.07,44.99,20.15,eso.bg,false,
2022-05-21 06:00:00,Bulgaria,Bulgaria,BG,544.09,563.94,45.14,23.27,eso.bg,false,
2022-05-21 07:00:00,Bulgaria,Bulgaria,BG,516.1,536.28,47.81,26.28,eso.bg,false,
2022-05-21 08:00:00,Bulgaria,Bulgaria,BG,507.16,528.11,48.51,25.97,eso.bg,false,
2022-05-21 09:00:00,Bulgaria,Bulgaria,BG,512.77,533.9,48.11,25.77,eso.bg,false,
2022-05-21 10:00:00,Bulgaria,Bulgaria,BG,486.68,509.0,50.3,27.09,eso.bg,false,
2022-05-21 11:00:00,Bulgaria,Bulgaria,BG,465.15,488.05,52.11,28.28,eso.bg,false,
2022-05-21 12:00:00,Bulgaria,Bulgaria,BG,468.41,491.17,51.75,27.52,eso.bg,false,
2022-05-21 13:00:00,Bulgaria,Bulgaria,BG,477.34,499.67,50.94,26.75,eso.bg,false,
2022-05-21 14:00:00,Bulgaria,Bulgaria,BG,488.61,510.16,49.95,25.98,eso.bg,false,
2022-05-21 15:00:00,Bulgaria,Bulgaria,BG,514.58,535.67,47.4,22.91,eso.bg,false,
2022-05-21 16:00:00,Bulgaria,Bulgaria,BG,557.77,576.22,43.99,22.28,eso.bg,false,
2022-05-21 17:00:00,Bulgaria,Bulgaria,BG,549.87,567.65,44.88,23.91,eso.bg,false,
2022-05-21 18:00:00,Bulgaria,Bulgaria,BG,540.41,558.07,45.85,25.24,eso.bg,false,
2022-05-21 19:00:00,Bulgaria,Bulgaria,BG,566.25,584.16,43.26,21.67,eso.bg,false,
2022-05-21 20:00:00,Bulgaria,Bulgaria,BG,583.72,601.89,41.51,19.33,eso.bg,false,
2022-05-21 21:00:00,Bulgaria,Bulgaria,BG,611.08,629.76,38.85,16.0,eso.bg,false,
2022-05-21 22:00:00,Bulgaria,Bulgaria,BG,625.68,644.68,37.33,13.69,eso.bg,false,
2022-05-21 23:00:00,Bulgaria,Bulgaria,BG,623.85,643.13,37.37,13.54,eso.bg,false,
2022-05-22 00:00:00,Bulgaria,Bulgaria,BG,623.03,642.35,37.45,13.65,eso.bg,false,
2022-05-22 01:00:00,Bulgaria,Bulgaria,BG,609.2,628.52,38.73,15.03,eso.bg,false,
2022-05-22 02:00:00,Bulgaria,Bulgaria,BG,590.61,610.07,40.48,16.99,eso.bg,false,
2022-05-22 03:00:00,Bulgaria,Bulgaria,BG,594.01,613.17,40.18,16.73,eso.bg,false,
2022-05-22 04:00:00,Bulgaria,Bulgaria,BG,568.15,587.12,42.63,19.46,eso.bg,false,
2022-05-22 05:00:00,Bulgaria,Bulgaria,BG,522.26,541.35,47.03,24.53,eso.bg,false,
2022-05-22 06:00:00,Bulgaria,Bulgaria,BG,520.17,539.15,47.64,27.07,eso.bg,false,
2022-05-22 07:00:00,Bulgaria,Bulgaria,BG,524.72,544.11,47.21,26.47,eso.bg,false,
2022-05-22 08:00:00,Bulgaria,Bulgaria,BG,528.46,548.41,46.69,25.01,eso.bg,false,
2022-05-22 09:00:00,Bulgaria,Bulgaria,BG,545.92,566.39,44.88,22.32,eso.bg,false,
2022-05-22 10:00:00,Bulgaria,Bulgaria,BG,552.84,573.35,44.19,21.29,eso.bg,false,
2022-05-22 11:00:00,Bulgaria,Bulgaria,BG,532.73,553.73,45.83,21.58,eso.bg,false,
2022-05-22 12:00:00,Bulgaria,Bulgaria,BG,524.18,545.29,46.53,21.76,eso.bg,false,
2022-05-22 13:00:00,Bulgaria,Bulgaria,BG,521.49,542.62,46.75,22.21,eso.bg,false,
2022-05-22 14:00:00,Bulgaria,Bulgaria,BG,535.94,556.29,45.52,21.5,eso.bg,false,
2022-05-22 15:00:00,Bulgaria,Bulgaria,BG,560.84,579.67,43.66,21.72,eso.bg,false,
2022-05-22 16:00:00,Bulgaria,Bulgaria,BG,575.36,594.13,42.26,20.47,eso.bg,false,
2022-05-22 17:00:00,Bulgaria,Bulgaria,BG,571.07,589.32,42.71,21.01,eso.bg,false,
2022-05-22 18:00:00,Bulgaria,Bulgaria,BG,565.62,584.24,43.17,21.98,eso.bg,false,
2022-05-22 19:00:00,Bulgaria,Bulgaria,BG,569.81,589.07,42.64,21.58,eso.bg,false,
2022-05-22 20:00:00,Bulgaria,Bulgaria,BG,578.92,598.96,41.52,19.55,eso.bg,false,
2022-05-22 21:00:00,Bulgaria,Bulgaria,BG,611.0,631.22,38.4,15.06,eso.bg,false,
2022-05-22 22:00:00,Bulgaria,Bulgaria,BG,623.38,643.2,37.3,13.41,eso.bg,false,
2022-05-22 23:00:00,Bulgaria,Bulgaria,BG,645.16,664.59,35.28,11.17,eso.bg,false,
2022-05-23 00:00:00,Bulgaria,Bulgaria,BG,661.67,681.11,33.67,9.33,eso.bg,false,
2022-05-23 01:00:00,Bulgaria,Bulgaria,BG,665.95,685.05,33.34,8.99,eso.bg,false,
2022-05-23 02:00:00,Bulgaria,Bulgaria,BG,660.14,679.67,33.73,9.15,eso.bg,false,
2022-05-23 03:00:00,Bulgaria,Bulgaria,BG,612.87,632.08,38.24,14.07,eso.bg,false,
2022-05-23 04:00:00,Bulgaria,Bulgaria,BG,604.52,623.24,39.34,16.78,eso.bg,false,
2022-05-23 05:00:00,Bulgaria,Bulgaria,BG,588.37,607.04,41.2,20.26,eso.bg,false,
2022-05-23 06:00:00,Bulgaria,Bulgaria,BG,575.69,594.74,42.49,22.15,eso.bg,false,
2022-05-23 07:00:00,Bulgaria,Bulgaria,BG,568.07,587.76,43.19,22.61,eso.bg,false,
2022-05-23 08:00:00,Bulgaria,Bulgaria,BG,573.61,593.48,42.7,22.27,eso.bg,false,
2022-05-23 09:00:00,Bulgaria,Bulgaria,BG,579.03,598.9,42.18,21.69,eso.bg,false,
2022-05-23 10:00:00,Bulgaria,Bulgaria,BG,581.11,600.92,41.93,21.51,eso.bg,false,
2022-05-23 11:00:00,Bulgaria,Bulgaria,BG,589.16,609.05,41.16,20.52,eso.bg,false,
2022-05-23 12:00:00,Bulgaria,Bulgaria,BG,583.96,603.95,41.55,20.34,eso.bg,false,
2022-05-23 13:00:00,Bulgaria,Bulgaria,BG,581.18,600.74,41.91,21.24,eso.bg,false,
2022-05-23 14:00:00,Bulgaria,Bulgaria,BG,583.76,602.86,41.69,20.91,eso.bg,false,
2022-05-23 15:00:00,Bulgaria,Bulgaria,BG,590.99,609.54,40.97,19.89,eso.bg,false,
2022-05-23 16:00:00,Bulgaria,Bulgaria,BG,605.7,623.78,39.55,17.98,eso.bg,false,
2022-05-23 17:00:00,Bulgaria,Bulgaria,BG,573.9,591.56,42.55,21.54,eso.bg,false,
2022-05-23 18:00:00,Bulgaria,Bulgaria,BG,572.37,589.96,42.76,22.11,eso.bg,false,
2022-05-23 19:00:00,Bulgaria,Bulgaria,BG,573.17,590.9,42.62,21.67,eso.bg,false,
2022-05-23 20:00:00,Bulgaria,Bulgaria,BG,618.5,636.58,38.2,16.25,eso.bg,false,
2022-05-23 21:00:00,Bulgaria,Bulgaria,BG,661.21,680.07,33.87,10.23,eso.bg,false,
2022-05-23 22:00:00,Bulgaria,Bulgaria,BG,669.53,688.52,32.96,8.45,eso.bg,false,
2022-05-23 23:00:00,Bulgaria,Bulgaria,BG,677.15,696.13,32.23,7.9,eso.bg,false,
2022-05-24 00:00:00,Bulgaria,Bulgaria,BG,675.75,694.9,32.28,7.86,eso.bg,false,
2022-05-24 01:00:00,Bulgaria,Bulgaria,BG,661.95,681.24,33.46,8.43,eso.bg,false,
2022-05-24 02:00:00,Bulgaria,Bulgaria,BG,675.13,694.24,32.35,8.11,eso.bg,false,
2022-05-24 03:00:00,Bulgaria,Bulgaria,BG,659.94,678.96,33.8,9.85,eso.bg,false,
2022-05-24 04:00:00,Bulgaria,Bulgaria,BG,639.72,658.7,35.83,12.38,eso.bg,false,
2022-05-24 05:00:00,Bulgaria,Bulgaria,BG,599.95,618.79,39.91,18.31,eso.bg,false,
2022-05-24 06:00:00,Bulgaria,Bulgaria,BG,568.94,587.97,43.06,22.73,eso.bg,false,
2022-05-24 07:00:00,Bulgaria,Bulgaria,BG,559.87,579.45,43.89,23.47,eso.bg,false,
2022-05-24 08:00:00,Bulgaria,Bulgaria,BG,575.95,595.76,42.39,21.89,eso.bg,false,
2022-05-24 09:00:00,Bulgaria,Bulgaria,BG,572.67,592.69,42.59,21.81,eso.bg,false,
2022-05-24 10:00:00,Bulgaria,Bulgaria,BG,591.18,610.94,40.92,20.25,eso.bg,false,
2022-05-24 11:00:00,Bulgaria,Bulgaria,BG,572.6,592.28,42.65,22.04,eso.bg,false,
2022-05-24 12:00:00,Bulgaria,Bulgaria,BG,582.04,601.48,41.69,20.64,eso.bg,false,
2022-05-24 13:00:00,Bulgaria,Bulgaria,BG,593.37,612.93,40.48,18.98,eso.bg,false,
2022-05-24 14:00:00,Bulgaria,Bulgaria,BG,587.03,606.5,41.11,19.84,eso.bg,false,
2022-05-24 15:00:00,Bulgaria,Bulgaria,BG,595.35,614.27,40.37,19.42,eso.bg,false,
2022-05-24 16:00:00,Bulgaria,Bulgaria,BG,591.89,610.39,40.66,19.54,eso.bg,false,
2022-05-24 17:00:00,Bulgaria,Bulgaria,BG,595.01,613.13,40.38,19.18,eso.bg,false,
2022-05-24 18:00:00,Bulgaria,Bulgaria,BG,583.52,601.45,41.59,20.93,eso.bg,false,
2022-05-24 19:00:00,Bulgaria,Bulgaria,BG,568.54,587.41,42.78,21.91,eso.bg,false,
2022-05-24 20:00:00,Bulgaria,Bulgaria,BG,597.87,617.51,39.81,18.33,eso.bg,false,
2022-05-24 21:00:00,Bulgaria,Bulgaria,BG,635.37,655.97,35.97,13.03,eso.bg,false,
2022-05-24 22:00:00,Bulgaria,Bulgaria,BG,664.52,684.3,33.39,9.67,eso.bg,false,
2022-05-24 23:00:00,Bulgaria,Bulgaria,BG,675.07,694.2,32.41,8.28,eso.bg,false,
2022-05-25 00:00:00,Bulgaria,Bulgaria,BG,671.26,690.5,32.68,8.28,eso.bg,false,
2022-05-25 01:00:00,Bulgaria,Bulgaria,BG,673.96,692.97,32.58,8.3,eso.bg,false,
2022-05-25 02:00:00,Bulgaria,Bulgaria,BG,679.26,697.81,32.34,8.14,eso.bg,false,
2022-05-25 03:00:00,Bulgaria,Bulgaria,BG,676.09,694.94,32.52,8.32,eso.bg,false,
2022-05-25 04:00:00,Bulgaria,Bulgaria,BG,624.64,642.8,37.71,15.15,eso.bg,false,
2022-05-25 05:00:00,Bulgaria,Bulgaria,BG,604.87,623.02,39.8,18.59,eso.bg,false,
2022-05-25 06:00:00,Bulgaria,Bulgaria,BG,581.84,599.95,42.2,21.88,eso.bg,false,
2022-05-25 07:00:00,Bulgaria,Bulgaria,BG,560.3,578.74,44.25,24.67,eso.bg,false,
2022-05-25 08:00:00,Bulgaria,Bulgaria,BG,554.32,572.94,44.89,25.52,eso.bg,false,
2022-05-25 09:00:00,Bulgaria,Bulgaria,BG,570.3,589.99,43.15,23.18,eso.bg,false,
2022-05-25 10:00:00,Bulgaria,Bulgaria,BG,555.45,575.77,44.48,24.78,eso.bg,false,
2022-05-25 11:00:00,Bulgaria,Bulgaria,BG,570.54,591.13,43.01,23.05,eso.bg,false,
2022-05-25 12:00:00,Bulgaria,Bulgaria,BG,566.01,586.88,43.35,23.42,eso.bg,false,
2022-05-25 13:00:00,Bulgaria,Bulgaria,BG,571.01,591.68,42.88,22.83,eso.bg,false,
2022-05-25 14:00:00,Bulgaria,Bulgaria,BG,566.88,586.96,43.22,23.27,eso.bg,false,
2022-05-25 15:00:00,Bulgaria,Bulgaria,BG,565.81,585.69,43.27,23.4,eso.bg,false,
2022-05-25 16:00:00,Bulgaria,Bulgaria,BG,568.81,587.63,43.12,23.12,eso.bg,false,
2022-05-25 17:00:00,Bulgaria,Bulgaria,BG,563.05,581.58,43.69,23.93,eso.bg,false,
2022-05-25 18:00:00,Bulgaria,Bulgaria,BG,553.35,572.0,44.62,25.19,eso.bg,false,
2022-05-25 19:00:00,Bulgaria,Bulgaria,BG,533.68,553.18,46.23,26.35,eso.bg,false,
2022-05-25 20:00:00,Bulgaria,Bulgaria,BG,566.85,587.57,42.75,21.59,eso.bg,false,
2022-05-25 21:00:00,Bulgaria,Bulgaria,BG,566.6,588.35,42.57,20.52,eso.bg,false,
2022-05-25 22:00:00,Bulgaria,Bulgaria,BG,544.85,567.44,44.28,20.7,eso.bg,false,
2022-05-25 23:00:00,Bulgaria,Bulgaria,BG,529.99,553.97,45.23,19.98,eso.bg,false,
2022-05-26 00:00:00,Bulgaria,Bulgaria,BG,512.06,536.66,46.72,20.76,eso.bg,false,
2022-05-26 01:00:00,Bulgaria,Bulgaria,BG,513.15,537.88,46.5,20.05,eso.bg,false,
2022-05-26 02:00:00,Bulgaria,Bulgaria,BG,501.84,526.57,47.5,20.47,eso.bg,false,
2022-05-26 03:00:00,Bulgaria,Bulgaria,BG,542.49,566.34,43.8,17.9,eso.bg,false,
2022-05-26 04:00:00,Bulgaria,Bulgaria,BG,570.14,589.71,42.48,19.55,eso.bg,false,
2022-05-26 05:00:00,Bulgaria,Bulgaria,BG,555.79,573.93,44.46,23.84,eso.bg,false,
2022-05-26 06:00:00,Bulgaria,Bulgaria,BG,537.98,556.58,46.2,25.87,eso.bg,false,
2022-05-26 07:00:00,Bulgaria,Bulgaria,BG,531.44,550.19,46.95,26.98,eso.bg,false,
2022-05-26 08:00:00,Bulgaria,Bulgaria,BG,549.89,569.28,45.12,24.63,eso.bg,false,
2022-05-26 09:00:00,Bulgaria,Bulgaria,BG,553.92,573.72,44.68,23.95,eso.bg,false,
2022-05-26 10:00:00,Bulgaria,Bulgaria,BG,544.8,564.77,45.51,24.88,eso.bg,false,
2022-05-26 11:00:00,Bulgaria,Bulgaria,BG,539.34,558.99,46.0,24.86,eso.bg,false,
2022-05-26 12:00:00,Bulgaria,Bulgaria,BG,542.08,561.59,45.74,24.46,eso.bg,false,
2022-05-26 13:00:00,Bulgaria,Bulgaria,BG,528.4,547.17,47.06,26.17,eso.bg,false,
2022-05-26 14:00:00,Bulgaria,Bulgaria,BG,537.99,556.36,46.12,24.9,eso.bg,false,
2022-05-26 15:00:00,Bulgaria,Bulgaria,BG,540.77,558.48,45.96,24.63,eso.bg,false,
2022-05-26 16:00:00,Bulgaria,Bulgaria,BG,540.47,557.63,46.04,25.2,eso.bg,false,
2022-05-26 17:00:00,Bulgaria,Bulgaria,BG,538.7,555.41,46.32,26.07,eso.bg,false,
2022-05-26 18:00:00,Bulgaria,Bulgaria,BG,533.66,550.21,46.84,26.87,eso.bg,false,
2022-05-26 19:00:00,Bulgaria,Bulgaria,BG,543.82,560.56,45.83,25.34,eso.bg,false,
2022-05-26 20:00:00,Bulgaria,Bulgaria,BG,577.39,594.57,42.43,20.38,eso.bg,false,
2022-05-26 21:00:00,Bulgaria,Bulgaria,BG,621.57,640.2,37.86,14.72,eso.bg,false,
2022-05-26 22:00:00,Bulgaria,Bulgaria,BG,648.53,667.36,35.18,11.1,eso.bg,false,
2022-05-26 23:00:00,Bulgaria,Bulgaria,BG,640.41,659.86,35.59,10.04,eso.bg,false,
2022-05-27 00:00:00,Bulgaria,Bulgaria,BG,576.59,599.14,40.51,12.42,eso.bg,false,
2022-05-27 01:00:00,Bulgaria,Bulgaria,BG,574.56,596.64,40.66,12.27,eso.bg,false,
2022-05-27 02:00:00,Bulgaria,Bulgaria,BG,555.36,578.87,42.05,13.56,eso.bg,false,
2022-05-27 03:00:00,Bulgaria,Bulgaria,BG,590.55,610.79,39.8,13.53,eso.bg,false,
2022-05-27 04:00:00,Bulgaria,Bulgaria,BG,602.37,620.35,39.85,17.52,eso.bg,false,
2022-05-27 05:00:00,Bulgaria,Bulgaria,BG,565.38,583.35,43.62,22.64,eso.bg,false,
2022-05-27 06:00:00,Bulgaria,Bulgaria,BG,563.71,581.78,44.03,23.77,eso.bg,false,
2022-05-27 07:00:00,Bulgaria,Bulgaria,BG,574.76,593.2,43.02,22.5,eso.bg,false,
2022-05-27 08:00:00,Bulgaria,Bulgaria,BG,575.28,594.1,42.96,22.31,eso.bg,false,
2022-05-27 09:00:00,Bulgaria,Bulgaria,BG,580.97,599.85,42.46,22.05,eso.bg,false,
2022-05-27 10:00:00,Bulgaria,Bulgaria,BG,571.55,590.92,43.24,22.63,eso.bg,false,
2022-05-27 11:00:00,Bulgaria,Bulgaria,BG,564.46,584.75,43.59,22.83,eso.bg,false,
2022-05-27 12:00:00,Bulgaria,Bulgaria,BG,573.3,593.66,42.66,21.66,eso.bg,false,
2022-05-27 13:00:00,Bulgaria,Bulgaria,BG,593.72,613.8,40.65,19.44,eso.bg,false,
2022-05-27 14:00:00,Bulgaria,Bulgaria,BG,578.65,597.97,42.16,21.39,eso.bg,false,
2022-05-27 15:00:00,Bulgaria,Bulgaria,BG,563.45,582.25,43.64,23.44,eso.bg,false,
2022-05-27 16:00:00,Bulgaria,Bulgaria,BG,560.91,579.27,43.87,23.82,eso.bg,false,
2022-05-27 17:00:00,Bulgaria,Bulgaria,BG,563.99,582.19,43.55,23.39,eso.bg,false,
2022-05-27 18:00:00,Bulgaria,Bulgaria,BG,561.17,579.66,43.75,23.89,eso.bg,false,
2022-05-27 19:00:00,Bulgaria,Bulgaria,BG,564.19,583.44,43.36,22.99,eso.bg,false,
2022-05-27 20:00:00,Bulgaria,Bulgaria,BG,577.84,597.69,41.86,20.64,eso.bg,false,
2022-05-27 21:00:00,Bulgaria,Bulgaria,BG,592.09,613.93,39.94,16.91,eso.bg,false,
2022-05-27 22:00:00,Bulgaria,Bulgaria,BG,602.24,624.93,38.62,13.94,eso.bg,false,
2022-05-27 23:00:00,Bulgaria,Bulgaria,BG,572.16,596.13,40.91,14.46,eso.bg,false,
2022-05-28 00:00:00,Bulgaria,Bulgaria,BG,565.0,589.19,41.39,13.77,eso.bg,false,
2022-05-28 01:00:00,Bulgaria,Bulgaria,BG,567.62,591.61,41.1,13.1,eso.bg,false,
2022-05-28 02:00:00,Bulgaria,Bulgaria,BG,571.96,596.18,40.68,12.88,eso.bg,false,
2022-05-28 03:00:00,Bulgaria,Bulgaria,BG,572.83,597.17,40.56,12.76,eso.bg,false,
2022-05-28 04:00:00,Bulgaria,Bulgaria,BG,594.3,615.43,39.58,13.7,eso.bg,false,
2022-05-28 05:00:00,Bulgaria,Bulgaria,BG,550.21,569.33,44.51,21.14,eso.bg,false,
2022-05-28 06:00:00,Bulgaria,Bulgaria,BG,540.49,559.13,45.81,24.02,eso.bg,false,
2022-05-28 07:00:00,Bulgaria,Bulgaria,BG,503.03,521.59,49.47,23.98,eso.bg,false,
2022-05-28 08:00:00,Bulgaria,Bulgaria,BG,456.81,475.54,53.84,25.55,eso.bg,false,
2022-05-28 09:00:00,Bulgaria,Bulgaria,BG,456.07,474.46,54.09,26.81,eso.bg,false,
2022-05-28 10:00:00,Bulgaria,Bulgaria,BG,476.6,494.93,52.1,24.18,eso.bg,false,
2022-05-28 11:00:00,Bulgaria,Bulgaria,BG,502.64,521.14,49.45,19.86,eso.bg,false,
2022-05-28 12:00:00,Bulgaria,Bulgaria,BG,502.72,521.72,49.15,17.88,eso.bg,false,
2022-05-28 13:00:00,Bulgaria,Bulgaria,BG,514.05,532.61,48.06,15.71,eso.bg,false,
2022-05-28 14:00:00,Bulgaria,Bulgaria,BG,517.33,535.12,47.95,16.1,eso.bg,false,
2022-05-28 15:00:00,Bulgaria,Bulgaria,BG,511.26,528.97,48.49,16.51,eso.bg,false,
2022-05-28 16:00:00,Bulgaria,Bulgaria,BG,505.84,522.71,49.22,16.59,eso.bg,false,
2022-05-28 17:00:00,Bulgaria,Bulgaria,BG,489.89,506.11,50.92,19.3,eso.bg,false,
2022-05-28 18:00:00,Bulgaria,Bulgaria,BG,482.85,498.93,51.66,19.91,eso.bg,false,
2022-05-28 19:00:00,Bulgaria,Bulgaria,BG,492.16,508.31,50.72,17.75,eso.bg,false,
2022-05-28 20:00:00,Bulgaria,Bulgaria,BG,497.03,513.44,50.09,14.7,eso.bg,false,
2022-05-28 21:00:00,Bulgaria,Bulgaria,BG,492.07,510.04,50.05,12.17,eso.bg,false,
2022-05-28 22:00:00,Bulgaria,Bulgaria,BG,503.82,520.67,49.18,10.22,eso.bg,false,
2022-05-28 23:00:00,Bulgaria,Bulgaria,BG,499.03,516.17,49.43,9.33,eso.bg,false,
2022-05-29 00:00:00,Bulgaria,Bulgaria,BG,477.01,494.41,51.32,10.15,eso.bg,false,
2022-05-29 01:00:00,Bulgaria,Bulgaria,BG,473.91,491.37,51.51,8.99,eso.bg,false,
2022-05-29 02:00:00,Bulgaria,Bulgaria,BG,465.2,482.85,52.28,9.47,eso.bg,false,
2022-05-29 03:00:00,Bulgaria,Bulgaria,BG,457.65,475.33,52.94,9.64,eso.bg,false,
2022-05-29 04:00:00,Bulgaria,Bulgaria,BG,481.61,499.15,50.89,9.1,eso.bg,false,
2022-05-29 05:00:00,Bulgaria,Bulgaria,BG,464.24,481.67,52.74,12.98,eso.bg,false,
2022-05-29 06:00:00,Bulgaria,Bulgaria,BG,421.22,438.63,57.0,19.51,eso.bg,false,
2022-05-29 07:00:00,Bulgaria,Bulgaria,BG,399.64,417.01,59.24,23.61,eso.bg,false,
2022-05-29 08:00:00,Bulgaria,Bulgaria,BG,364.82,382.57,62.57,27.36,eso.bg,false,
2022-05-29 09:00:00,Bulgaria,Bulgaria,BG,387.39,405.14,60.51,25.2,eso.bg,false,
2022-05-29 10:00:00,Bulgaria,Bulgaria,BG,385.74,403.41,60.63,24.7,eso.bg,false,
2022-05-29 11:00:00,Bulgaria,Bulgaria,BG,395.02,412.76,59.69,22.94,eso.bg,false,
2022-05-29 12:00:00,Bulgaria,Bulgaria,BG,408.1,425.55,58.46,21.18,eso.bg,false,
2022-05-29 13:00:00,Bulgaria,Bulgaria,BG,396.36,413.53,59.6,22.66,eso.bg,false,
2022-05-29 14:00:00,Bulgaria,Bulgaria,BG,378.11,395.05,61.33,24.52,eso.bg,false,
2022-05-29 15:00:00,Bulgaria,Bulgaria,BG,391.23,407.15,60.34,23.59,eso.bg,false,
2022-05-29 16:00:00,Bulgaria,Bulgaria,BG,429.38,444.6,56.93,21.47,eso.bg,false,
2022-05-29 17:00:00,Bulgaria,Bulgaria,BG,444.93,459.87,55.56,21.58,eso.bg,false,
2022-05-29 18:00:00,Bulgaria,Bulgaria,BG,451.65,466.78,54.82,20.82,eso.bg,false,
2022-05-29 19:00:00,Bulgaria,Bulgaria,BG,463.97,479.19,53.6,19.2,eso.bg,false,
2022-05-29 20:00:00,Bulgaria,Bulgaria,BG,454.01,470.33,54.11,16.11,eso.bg,false,
2022-05-29 21:00:00,Bulgaria,Bulgaria,BG,454.39,472.63,53.62,12.58,eso.bg,false,
2022-05-29 22:00:00,Bulgaria,Bulgaria,BG,447.64,465.23,54.48,11.21,eso.bg,false,
2022-05-29 23:00:00,Bulgaria,Bulgaria,BG,442.69,460.05,55.06,11.07,eso.bg,false,
2022-05-30 00:00:00,Bulgaria,Bulgaria,BG,444.81,461.79,54.85,9.83,eso.bg,false,
2022-05-30 01:00:00,Bulgaria,Bulgaria,BG,454.61,470.45,54.03,7.83,eso.bg,false,
2022-05-30 02:00:00,Bulgaria,Bulgaria,BG,479.65,495.21,51.93,8.67,eso.bg,false,
2022-05-30 03:00:00,Bulgaria,Bulgaria,BG,479.51,494.6,52.28,13.49,eso.bg,false,
2022-05-30 04:00:00,Bulgaria,Bulgaria,BG,478.41,493.47,52.57,16.13,eso.bg,false,
2022-05-30 05:00:00,Bulgaria,Bulgaria,BG,469.17,484.32,53.58,18.76,eso.bg,false,
2022-05-30 06:00:00,Bulgaria,Bulgaria,BG,473.34,488.75,53.27,19.82,eso.bg,false,
2022-05-30 07:00:00,Bulgaria,Bulgaria,BG,468.87,484.52,53.72,19.85,eso.bg,false,
2022-05-30 08:00:00,Bulgaria,Bulgaria,BG,464.3,480.37,54.16,20.05,eso.bg,false,
2022-05-30 09:00:00,Bulgaria,Bulgaria,BG,463.44,479.64,54.29,20.2,eso.bg,false,
2022-05-30 10:00:00,Bulgaria,Bulgaria,BG,469.83,485.98,53.63,18.93,eso.bg,false,
2022-05-30 11:00:00,Bulgaria,Bulgaria,BG,474.69,491.13,53.03,18.11,eso.bg,false,
2022-05-30 12:00:00,Bulgaria,Bulgaria,BG,474.64,491.11,53.02,18.12,eso.bg,false,
2022-05-30 13:00:00,Bulgaria,Bulgaria,BG,469.32,485.3,53.53,18.94,eso.bg,false,
2022-05-30 14:00:00,Bulgaria,Bulgaria,BG,465.65,481.45,53.93,19.49,eso.bg,false,
2022-05-30 15:00:00,Bulgaria,Bulgaria,BG,463.51,478.8,54.17,19.97,eso.bg,false,
2022-05-30 16:00:00,Bulgaria,Bulgaria,BG,473.8,488.69,53.21,19.41,eso.bg,false,
2022-05-30 17:00:00,Bulgaria,Bulgaria,BG,481.75,496.34,52.43,18.02,eso.bg,false,
2022-05-30 18:00:00,Bulgaria,Bulgaria,BG,475.56,490.11,53.04,18.99,eso.bg,false,
2022-05-30 19:00:00,Bulgaria,Bulgaria,BG,490.09,504.68,51.66,17.17,eso.bg,false,
2022-05-30 20:00:00,Bulgaria,Bulgaria,BG,508.12,522.84,49.9,14.64,eso.bg,false,
2022-05-30 21:00:00,Bulgaria,Bulgaria,BG,536.52,551.46,47.07,8.62,eso.bg,false,
2022-05-30 22:00:00,Bulgaria,Bulgaria,BG,542.84,557.77,46.44,6.99,eso.bg,false,
2022-05-30 23:00:00,Bulgaria,Bulgaria,BG,538.77,553.97,46.72,6.9,eso.bg,false,
2022-05-31 00:00:00,Bulgaria,Bulgaria,BG,538.34,553.65,46.71,6.77,eso.bg,false,
2022-05-31 01:00:00,Bulgaria,Bulgaria,BG,536.14,551.49,46.87,6.84,eso.bg,false,
2022-05-31 02:00:00,Bulgaria,Bulgaria,BG,542.2,557.44,46.34,6.89,eso.bg,false,
2022-05-31 03:00:00,Bulgaria,Bulgaria,BG,521.29,536.65,48.25,10.24,eso.bg,false,
2022-05-31 04:00:00,Bulgaria,Bulgaria,BG,474.57,490.17,52.62,16.42,eso.bg,false,
2022-05-31 05:00:00,Bulgaria,Bulgaria,BG,440.69,456.8,55.8,19.95,eso.bg,false,
2022-05-31 06:00:00,Bulgaria,Bulgaria,BG,433.81,450.3,56.54,21.78,eso.bg,false,
2022-05-31 07:00:00,Bulgaria,Bulgaria,BG,452.91,469.96,54.69,19.39,eso.bg,false,
2022-05-31 08:00:00,Bulgaria,Bulgaria,BG,452.16,469.44,54.75,19.7,eso.bg,false,
2022-05-31 09:00:00,Bulgaria,Bulgaria,BG,455.14,472.47,54.5,19.52,eso.bg,false,
2022-05-31 10:00:00,Bulgaria,Bulgaria,BG,472.31,489.57,52.82,17.28,eso.bg,false,
2022-05-31 11:00:00,Bulgaria,Bulgaria,BG,464.94,482.21,53.49,17.73,eso.bg,false,
2022-05-31 12:00:00,Bulgaria,Bulgaria,BG,470.65,487.28,53.03,18.0,eso.bg,false,
2022-05-31 13:00:00,Bulgaria,Bulgaria,BG,466.82,483.12,53.41,18.58,eso.bg,false,
2022-05-31 14:00:00,Bulgaria,Bulgaria,BG,470.1,485.96,53.13,17.93,eso.bg,false,
2022-05-31 15:00:00,Bulgaria,Bulgaria,BG,466.74,482.28,53.47,18.53,eso.bg,false,
2022-05-31 16:00:00,Bulgaria,Bulgaria,BG,468.27,483.68,53.28,18.71,eso.bg,false,
2022-05-31 17:00:00,Bulgaria,Bulgaria,BG,464.04,479.48,53.58,18.65,eso.bg,false,
2022-05-31 18:00:00,Bulgaria,Bulgaria,BG,453.94,469.41,54.5,19.33,eso.bg,false,
2022-05-31 19:00:00,Bulgaria,Bulgaria,BG,456.9,472.34,54.23,18.81,eso.bg,false,
2022-05-31 20:00:00,Bulgaria,Bulgaria,BG,480.71,496.49,51.81,14.46,eso.bg,false,
2022-05-31 21:00:00,Bulgaria,Bulgaria,BG,497.35,513.62,49.94,8.79,eso.bg,false,
2022-05-31 22:00:00,Bulgaria,Bulgaria,BG,505.83,522.24,49.03,6.57,eso.bg,false,
2022-05-31 23:00:00,Bulgaria,Bulgaria,BG,502.95,519.71,49.09,6.28,eso.bg,false,
2022-06-01 00:00:00,Bulgaria,Bulgaria,BG,496.67,513.62,49.59,6.68,eso.bg,false,
2022-06-01 01:00:00,Bulgaria,Bulgaria,BG,493.04,510.04,49.91,7.13,eso.bg,false,
2022-06-01 02:00:00,Bulgaria,Bulgaria,BG,478.75,495.73,51.27,8.44,eso.bg,false,
2022-06-01 03:00:00,Bulgaria,Bulgaria,BG,471.31,488.35,51.95,10.09,eso.bg,false,
2022-06-01 04:00:00,Bulgaria,Bulgaria,BG,436.81,453.48,55.57,17.14,eso.bg,false,
2022-06-01 05:00:00,Bulgaria,Bulgaria,BG,420.7,437.42,57.34,21.07,eso.bg,false,
2022-06-01 06:00:00,Bulgaria,Bulgaria,BG,411.52,428.77,58.21,22.67,eso.bg,false,
2022-06-01 07:00:00,Bulgaria,Bulgaria,BG,416.7,434.29,57.75,21.91,eso.bg,false,
2022-06-01 08:00:00,Bulgaria,Bulgaria,BG,429.52,447.52,56.51,19.68,eso.bg,false,
2022-06-01 09:00:00,Bulgaria,Bulgaria,BG,432.98,451.04,56.13,19.44,eso.bg,false,
2022-06-01 10:00:00,Bulgaria,Bulgaria,BG,423.83,441.76,57.0,20.53,eso.bg,false,
2022-06-01 11:00:00,Bulgaria,Bulgaria,BG,433.22,451.16,56.08,19.1,eso.bg,false,
2022-06-01 12:00:00,Bulgaria,Bulgaria,BG,425.97,443.74,56.79,20.4,eso.bg,false,
2022-06-01 13:00:00,Bulgaria,Bulgaria,BG,420.65,437.97,57.36,21.45,eso.bg,false,
2022-06-01 14:00:00,Bulgaria,Bulgaria,BG,421.1,438.0,57.32,21.59,eso.bg,false,
2022-06-01 15:00:00,Bulgaria,Bulgaria,BG,418.31,434.83,57.65,22.05,eso.bg,false,
2022-06-01 16:00:00,Bulgaria,Bulgaria,BG,422.07,438.12,57.31,21.26,eso.bg,false,
2022-06-01 17:00:00,Bulgaria,Bulgaria,BG,425.72,441.65,56.88,20.14,eso.bg,false,
2022-06-01 18:00:00,Bulgaria,Bulgaria,BG,423.22,439.18,57.1,20.12,eso.bg,false,
2022-06-01 19:00:00,Bulgaria,Bulgaria,BG,438.2,454.21,55.68,18.36,eso.bg,false,
2022-06-01 20:00:00,Bulgaria,Bulgaria,BG,448.82,464.9,54.62,16.49,eso.bg,false,
2022-06-01 21:00:00,Bulgaria,Bulgaria,BG,465.97,482.42,52.79,12.3,eso.bg,false,
2022-06-01 22:00:00,Bulgaria,Bulgaria,BG,491.74,508.53,50.2,7.48,eso.bg,false,
2022-06-01 23:00:00,Bulgaria,Bulgaria,BG,508.0,524.75,48.66,5.82,eso.bg,false,
2022-06-02 00:00:00,Bulgaria,Bulgaria,BG,497.52,514.3,49.62,6.11,eso.bg,false,
2022-06-02 01:00:00,Bulgaria,Bulgaria,BG,493.26,510.18,49.93,6.22,eso.bg,false,
2022-06-02 02:00:00,Bulgaria,Bulgaria,BG,490.44,507.44,50.14,6.14,eso.bg,false,
2022-06-02 03:00:00,Bulgaria,Bulgaria,BG,490.78,507.49,50.31,8.03,eso.bg,false,
2022-06-02 04:00:00,Bulgaria,Bulgaria,BG,449.82,466.29,54.47,16.03,eso.bg,false,
2022-06-02 05:00:00,Bulgaria,Bulgaria,BG,422.23,438.83,57.32,21.5,eso.bg,false,
2022-06-02 06:00:00,Bulgaria,Bulgaria,BG,405.92,422.77,58.98,23.53,eso.bg,false,
2022-06-02 07:00:00,Bulgaria,Bulgaria,BG,398.37,415.84,59.56,23.06,eso.bg,false,
2022-06-02 08:00:00,Bulgaria,Bulgaria,BG,400.6,418.06,59.45,24.47,eso.bg,false,
2022-06-02 09:00:00,Bulgaria,Bulgaria,BG,409.43,427.11,58.6,23.62,eso.bg,false,
2022-06-02 10:00:00,Bulgaria,Bulgaria,BG,406.11,423.83,58.9,23.79,eso.bg,false,
2022-06-02 11:00:00,Bulgaria,Bulgaria,BG,410.38,427.88,58.52,23.14,eso.bg,false,
2022-06-02 12:00:00,Bulgaria,Bulgaria,BG,415.07,432.54,58.04,21.88,eso.bg,false,
2022-06-02 13:00:00,Bulgaria,Bulgaria,BG,409.19,426.01,58.65,23.48,eso.bg,false,
2022-06-02 14:00:00,Bulgaria,Bulgaria,BG,402.84,419.2,59.29,24.77,eso.bg,false,
2022-06-02 15:00:00,Bulgaria,Bulgaria,BG,396.49,412.64,59.92,25.79,eso.bg,false,
2022-06-02 16:00:00,Bulgaria,Bulgaria,BG,390.84,406.46,60.45,26.07,eso.bg,false,
2022-06-02 17:00:00,Bulgaria,Bulgaria,BG,392.72,408.19,60.23,25.53,eso.bg,false,
2022-06-02 18:00:00,Bulgaria,Bulgaria,BG,396.69,412.37,59.78,25.05,eso.bg,false,
2022-06-02 19:00:00,Bulgaria,Bulgaria,BG,402.36,417.99,59.29,24.7,eso.bg,false,
2022-06-02 20:00:00,Bulgaria,Bulgaria,BG,420.31,436.13,57.44,20.86,eso.bg,false,
2022-06-02 21:00:00,Bulgaria,Bulgaria,BG,474.56,490.63,52.22,13.71,eso.bg,false,
2022-06-02 22:00:00,Bulgaria,Bulgaria,BG,490.19,506.39,50.66,10.68,eso.bg,false,
2022-06-02 23:00:00,Bulgaria,Bulgaria,BG,493.46,510.15,50.07,7.72,eso.bg,false,
2022-06-03 00:00:00,Bulgaria,Bulgaria,BG,477.88,494.89,51.31,7.06,eso.bg,false,
2022-06-03 01:00:00,Bulgaria,Bulgaria,BG,479.33,496.48,51.13,6.81,eso.bg,false,
2022-06-03 02:00:00,Bulgaria,Bulgaria,BG,472.3,489.57,51.69,7.17,eso.bg,false,
2022-06-03 03:00:00,Bulgaria,Bulgaria,BG,488.52,505.44,50.42,7.87,eso.bg,false,
2022-06-03 04:00:00,Bulgaria,Bulgaria,BG,447.03,463.55,54.72,16.83,eso.bg,false,
2022-06-03 05:00:00,Bulgaria,Bulgaria,BG,414.75,431.54,57.89,21.87,eso.bg,false,
2022-06-03 06:00:00,Bulgaria,Bulgaria,BG,419.72,436.78,57.53,22.14,eso.bg,false,
2022-06-03 07:00:00,Bulgaria,Bulgaria,BG,405.83,423.52,58.71,21.95,eso.bg,false,
2022-06-03 08:00:00,Bulgaria,Bulgaria,BG,419.27,436.92,57.58,22.14,eso.bg,false,
2022-06-03 09:00:00,Bulgaria,Bulgaria,BG,406.61,424.42,58.8,22.52,eso.bg,false,
2022-06-03 10:00:00,Bulgaria,Bulgaria,BG,396.91,414.82,59.67,22.93,eso.bg,false,
2022-06-03 11:00:00,Bulgaria,Bulgaria,BG,402.17,420.08,59.14,22.18,eso.bg,false,
2022-06-03 12:00:00,Bulgaria,Bulgaria,BG,408.21,425.79,58.59,22.19,eso.bg,false,
2022-06-03 13:00:00,Bulgaria,Bulgaria,BG,416.46,433.6,57.84,22.58,eso.bg,false,
2022-06-03 14:00:00,Bulgaria,Bulgaria,BG,423.63,440.1,57.34,22.85,eso.bg,false,
2022-06-03 15:00:00,Bulgaria,Bulgaria,BG,417.96,433.85,58.03,24.86,eso.bg,false,
2022-06-03 16:00:00,Bulgaria,Bulgaria,BG,421.72,437.4,57.64,24.11,eso.bg,false,
2022-06-03 17:00:00,Bulgaria,Bulgaria,BG,430.74,446.24,56.73,22.53,eso.bg,false,
2022-06-03 18:00:00,Bulgaria,Bulgaria,BG,430.56,446.07,56.76,22.73,eso.bg,false,
2022-06-03 19:00:00,Bulgaria,Bulgaria,BG,443.31,458.87,55.51,20.64,eso.bg,false,
2022-06-03 20:00:00,Bulgaria,Bulgaria,BG,452.76,468.51,54.54,18.92,eso.bg,false,
2022-06-03 21:00:00,Bulgaria,Bulgaria,BG,468.98,484.91,52.9,15.34,eso.bg,false,
2022-06-03 22:00:00,Bulgaria,Bulgaria,BG,476.28,492.55,52.0,12.09,eso.bg,false,
2022-06-03 23:00:00,Bulgaria,Bulgaria,BG,446.56,463.26,54.51,12.27,eso.bg,false,
2022-06-04 00:00:00,Bulgaria,Bulgaria,BG,414.96,432.15,57.26,13.4,eso.bg,false,
2022-06-04 01:00:00,Bulgaria,Bulgaria,BG,401.48,418.76,58.46,14.04,eso.bg,false,
2022-06-04 02:00:00,Bulgaria,Bulgaria,BG,418.65,435.61,56.93,12.67,eso.bg,false,
2022-06-04 03:00:00,Bulgaria,Bulgaria,BG,426.29,443.24,56.21,11.83,eso.bg,false,
2022-06-04 04:00:00,Bulgaria,Bulgaria,BG,472.2,488.82,52.31,12.06,eso.bg,false,
2022-06-04 05:00:00,Bulgaria,Bulgaria,BG,461.52,478.09,53.65,16.52,eso.bg,false,
2022-06-04 06:00:00,Bulgaria,Bulgaria,BG,433.41,450.38,56.32,20.31,eso.bg,false,
2022-06-04 07:00:00,Bulgaria,Bulgaria,BG,396.4,413.9,59.67,22.63,eso.bg,false,
2022-06-04 08:00:00,Bulgaria,Bulgaria,BG,386.07,403.72,60.68,24.4,eso.bg,false,
2022-06-04 09:00:00,Bulgaria,Bulgaria,BG,418.3,436.03,57.71,22.1,eso.bg,false,
2022-06-04 10:00:00,Bulgaria,Bulgaria,BG,419.06,436.6,57.72,22.92,eso.bg,false,
2022-06-04 11:00:00,Bulgaria,Bulgaria,BG,421.35,439.18,57.36,20.87,eso.bg,false,
2022-06-04 12:00:00,Bulgaria,Bulgaria,BG,440.58,458.18,55.61,19.37,eso.bg,false,
2022-06-04 13:00:00,Bulgaria,Bulgaria,BG,451.98,469.19,54.59,18.83,eso.bg,false,
2022-06-04 14:00:00,Bulgaria,Bulgaria,BG,435.91,452.38,56.16,21.41,eso.bg,false,
2022-06-04 15:00:00,Bulgaria,Bulgaria,BG,443.34,459.56,55.45,20.4,eso.bg,false,
2022-06-04 16:00:00,Bulgaria,Bulgaria,BG,436.87,452.61,56.12,21.54,eso.bg,false,
2022-06-04 17:00:00,Bulgaria,Bulgaria,BG,435.94,451.49,56.2,21.67,eso.bg,false,
2022-06-04 18:00:00,Bulgaria,Bulgaria,BG,429.13,444.52,56.86,22.25,eso.bg,false,
2022-06-04 19:00:00,Bulgaria,Bulgaria,BG,432.84,448.4,56.44,21.49,eso.bg,false,
2022-06-04 20:00:00,Bulgaria,Bulgaria,BG,461.64,477.44,53.61,16.87,eso.bg,false,
2022-06-04 21:00:00,Bulgaria,Bulgaria,BG,494.41,510.63,50.28,10.7,eso.bg,false,
2022-06-04 22:00:00,Bulgaria,Bulgaria,BG,483.53,500.39,50.87,6.81,eso.bg,false,
2022-06-04 23:00:00,Bulgaria,Bulgaria,BG,461.6,478.96,52.66,6.25,eso.bg,false,
2022-06-05 00:00:00,Bulgaria,Bulgaria,BG,458.69,475.96,52.89,6.0,eso.bg,false,
2022-06-05 01:00:00,Bulgaria,Bulgaria,BG,448.78,466.23,53.75,6.22,eso.bg,false,
2022-06-05 02:00:00,Bulgaria,Bulgaria,BG,447.51,465.27,53.83,6.66,eso.bg,false,
2022-06-05 03:00:00,Bulgaria,Bulgaria,BG,441.61,459.41,54.32,6.85,eso.bg,false,
2022-06-05 04:00:00,Bulgaria,Bulgaria,BG,430.45,448.32,55.46,8.7,eso.bg,false,
2022-06-05 05:00:00,Bulgaria,Bulgaria,BG,425.4,443.23,56.23,11.76,eso.bg,false,
2022-06-05 06:00:00,Bulgaria,Bulgaria,BG,392.27,410.26,59.56,17.99,eso.bg,false,
2022-06-05 07:00:00,Bulgaria,Bulgaria,BG,385.1,402.91,60.53,21.94,eso.bg,false,
2022-06-05 08:00:00,Bulgaria,Bulgaria,BG,361.02,379.12,62.78,24.33,eso.bg,false,
2022-06-05 09:00:00,Bulgaria,Bulgaria,BG,398.33,416.08,59.52,23.51,eso.bg,false,
2022-06-05 10:00:00,Bulgaria,Bulgaria,BG,418.71,436.42,57.61,21.12,eso.bg,false,
2022-06-05 11:00:00,Bulgaria,Bulgaria,BG,420.48,438.26,57.32,19.85,eso.bg,false,
2022-06-05 12:00:00,Bulgaria,Bulgaria,BG,440.98,458.7,55.37,17.46,eso.bg,false,
2022-06-05 13:00:00,Bulgaria,Bulgaria,BG,462.13,479.85,53.31,15.3,eso.bg,false,
2022-06-05 14:00:00,Bulgaria,Bulgaria,BG,475.32,492.86,52.05,14.26,eso.bg,false,
2022-06-05 15:00:00,Bulgaria,Bulgaria,BG,474.49,491.46,52.19,14.33,eso.bg,false,
2022-06-05 16:00:00,Bulgaria,Bulgaria,BG,468.15,484.37,52.94,16.42,eso.bg,false,
2022-06-05 17:00:00,Bulgaria,Bulgaria,BG,466.96,482.8,53.11,17.17,eso.bg,false,
2022-06-05 18:00:00,Bulgaria,Bulgaria,BG,462.88,478.54,53.6,18.79,eso.bg,false,
2022-06-05 19:00:00,Bulgaria,Bulgaria,BG,467.15,482.76,53.18,18.39,eso.bg,false,
2022-06-05 20:00:00,Bulgaria,Bulgaria,BG,499.65,516.69,49.68,12.52,eso.bg,false,
2022-06-05 21:00:00,Bulgaria,Bulgaria,BG,467.71,486.52,52.1,10.87,eso.bg,false,
2022-06-05 22:00:00,Bulgaria,Bulgaria,BG,444.03,463.04,54.12,10.61,eso.bg,false,
2022-06-05 23:00:00,Bulgaria,Bulgaria,BG,437.72,457.24,54.61,11.11,eso.bg,false,
2022-06-06 00:00:00,Bulgaria,Bulgaria,BG,438.46,457.01,54.62,9.69,eso.bg,false,
2022-06-06 01:00:00,Bulgaria,Bulgaria,BG,419.82,438.47,56.49,13.4,eso.bg,false,
2022-06-06 02:00:00,Bulgaria,Bulgaria,BG,410.16,428.96,57.4,15.39,eso.bg,false,
2022-06-06 03:00:00,Bulgaria,Bulgaria,BG,422.44,440.17,56.64,12.71,eso.bg,false,
2022-06-06 04:00:00,Bulgaria,Bulgaria,BG,450.52,468.2,54.13,12.38,eso.bg,false,
2022-06-06 05:00:00,Bulgaria,Bulgaria,BG,470.01,486.36,52.62,13.54,eso.bg,false,
2022-06-06 06:00:00,Bulgaria,Bulgaria,BG,479.15,495.55,51.95,15.63,eso.bg,false,
2022-06-06 07:00:00,Bulgaria,Bulgaria,BG,473.46,489.96,52.6,16.5,eso.bg,false,
2022-06-06 08:00:00,Bulgaria,Bulgaria,BG,485.59,502.29,51.4,14.84,eso.bg,false,
2022-06-06 09:00:00,Bulgaria,Bulgaria,BG,488.22,505.39,50.99,13.11,eso.bg,false,
2022-06-06 10:00:00,Bulgaria,Bulgaria,BG,491.92,509.06,50.7,13.41,eso.bg,false,
2022-06-06 11:00:00,Bulgaria,Bulgaria,BG,458.57,476.65,53.53,15.16,eso.bg,false,
2022-06-06 12:00:00,Bulgaria,Bulgaria,BG,407.74,426.87,57.99,17.97,eso.bg,false,
2022-06-06 13:00:00,Bulgaria,Bulgaria,BG,427.32,445.43,56.48,18.05,eso.bg,false,
2022-06-06 14:00:00,Bulgaria,Bulgaria,BG,427.12,444.03,56.77,19.75,eso.bg,false,
2022-06-06 15:00:00,Bulgaria,Bulgaria,BG,450.99,467.38,54.66,18.9,eso.bg,false,
2022-06-06 16:00:00,Bulgaria,Bulgaria,BG,456.94,472.85,54.19,18.83,eso.bg,false,
2022-06-06 17:00:00,Bulgaria,Bulgaria,BG,466.82,482.49,53.22,17.8,eso.bg,false,
2022-06-06 18:00:00,Bulgaria,Bulgaria,BG,460.59,476.25,53.82,18.93,eso.bg,false,
2022-06-06 19:00:00,Bulgaria,Bulgaria,BG,469.07,484.74,53.02,17.99,eso.bg,false,
2022-06-06 20:00:00,Bulgaria,Bulgaria,BG,480.51,496.42,51.79,14.88,eso.bg,false,
2022-06-06 21:00:00,Bulgaria,Bulgaria,BG,507.34,523.14,49.33,9.99,eso.bg,false,
2022-06-06 22:00:00,Bulgaria,Bulgaria,BG,471.55,487.68,52.49,10.22,eso.bg,false,
2022-06-06 23:00:00,Bulgaria,Bulgaria,BG,446.27,462.59,54.64,10.73,eso.bg,false,
2022-06-07 00:00:00,Bulgaria,Bulgaria,BG,437.99,454.54,55.35,10.89,eso.bg,false,
2022-06-07 01:00:00,Bulgaria,Bulgaria,BG,423.76,440.32,56.69,12.5,eso.bg,false,
2022-06-07 02:00:00,Bulgaria,Bulgaria,BG,428.94,445.35,56.23,12.0,eso.bg,false,
2022-06-07 03:00:00,Bulgaria,Bulgaria,BG,442.79,459.26,54.93,10.53,eso.bg,false,
2022-06-07 04:00:00,Bulgaria,Bulgaria,BG,455.74,471.5,54.29,16.65,eso.bg,false,
2022-06-07 05:00:00,Bulgaria,Bulgaria,BG,458.76,474.48,54.29,19.77,eso.bg,false,
2022-06-07 06:00:00,Bulgaria,Bulgaria,BG,460.01,475.86,54.26,19.55,eso.bg,false,
2022-06-07 07:00:00,Bulgaria,Bulgaria,BG,476.63,492.87,52.66,17.32,eso.bg,false,
2022-06-07 08:00:00,Bulgaria,Bulgaria,BG,474.28,490.89,52.82,17.47,eso.bg,false,
2022-06-07 09:00:00,Bulgaria,Bulgaria,BG,469.2,485.64,53.35,18.6,eso.bg,false,
2022-06-07 10:00:00,Bulgaria,Bulgaria,BG,472.13,488.54,53.03,18.21,eso.bg,false,
2022-06-07 11:00:00,Bulgaria,Bulgaria,BG,471.4,487.69,53.09,18.34,eso.bg,false,
2022-06-07 12:00:00,Bulgaria,Bulgaria,BG,459.37,475.62,54.22,19.69,eso.bg,false,
2022-06-07 13:00:00,Bulgaria,Bulgaria,BG,451.45,467.43,54.98,20.64,eso.bg,false,
2022-06-07 14:00:00,Bulgaria,Bulgaria,BG,432.89,448.86,56.65,21.9,eso.bg,false,
2022-06-07 15:00:00,Bulgaria,Bulgaria,BG,424.17,439.95,57.47,22.67,eso.bg,false,
2022-06-07 16:00:00,Bulgaria,Bulgaria,BG,422.9,438.39,57.54,22.54,eso.bg,false,
2022-06-07 17:00:00,Bulgaria,Bulgaria,BG,430.2,445.45,56.82,21.28,eso.bg,false,
2022-06-07 18:00:00,Bulgaria,Bulgaria,BG,427.26,442.58,57.12,21.89,eso.bg,false,
2022-06-07 19:00:00,Bulgaria,Bulgaria,BG,429.7,444.97,56.89,21.44,eso.bg,false,
2022-06-07 20:00:00,Bulgaria,Bulgaria,BG,449.07,464.59,54.92,17.58,eso.bg,false,
2022-06-07 21:00:00,Bulgaria,Bulgaria,BG,470.77,486.47,52.76,13.64,eso.bg,false,
2022-06-07 22:00:00,Bulgaria,Bulgaria,BG,486.95,502.85,51.14,10.86,eso.bg,false,
2022-06-07 23:00:00,Bulgaria,Bulgaria,BG,501.43,517.66,49.6,7.64,eso.bg,false,
2022-06-08 00:00:00,Bulgaria,Bulgaria,BG,506.32,522.54,49.07,6.05,eso.bg,false,
2022-06-08 01:00:00,Bulgaria,Bulgaria,BG,513.88,530.17,48.36,5.56,eso.bg,false,
2022-06-08 02:00:00,Bulgaria,Bulgaria,BG,506.1,522.34,49.07,5.94,eso.bg,false,
2022-06-08 03:00:00,Bulgaria,Bulgaria,BG,499.83,515.73,49.79,8.23,eso.bg,false,
2022-06-08 04:00:00,Bulgaria,Bulgaria,BG,463.88,479.53,53.46,15.33,eso.bg,false,
2022-06-08 05:00:00,Bulgaria,Bulgaria,BG,446.58,462.41,55.28,19.37,eso.bg,false,
2022-06-08 06:00:00,Bulgaria,Bulgaria,BG,429.33,445.43,56.95,22.06,eso.bg,false,
2022-06-08 07:00:00,Bulgaria,Bulgaria,BG,419.99,436.45,57.83,22.85,eso.bg,false,
2022-06-08 08:00:00,Bulgaria,Bulgaria,BG,422.27,438.96,57.57,21.96,eso.bg,false,
2022-06-08 09:00:00,Bulgaria,Bulgaria,BG,442.64,459.3,55.64,19.3,eso.bg,false,
2022-06-08 10:00:00,Bulgaria,Bulgaria,BG,448.85,465.43,55.08,19.09,eso.bg,false,
2022-06-08 11:00:00,Bulgaria,Bulgaria,BG,453.12,469.72,54.66,18.49,eso.bg,false,
2022-06-08 12:00:00,Bulgaria,Bulgaria,BG,436.99,453.35,56.19,20.01,eso.bg,false,
2022-06-08 13:00:00,Bulgaria,Bulgaria,BG,454.76,470.97,54.54,18.34,eso.bg,false,
2022-06-08 14:00:00,Bulgaria,Bulgaria,BG,438.01,453.68,56.21,21.3,eso.bg,false,
2022-06-08 15:00:00,Bulgaria,Bulgaria,BG,443.72,459.08,55.71,20.85,eso.bg,false,
2022-06-08 16:00:00,Bulgaria,Bulgaria,BG,456.07,471.13,54.59,19.92,eso.bg,false,
2022-06-08 17:00:00,Bulgaria,Bulgaria,BG,472.79,487.78,52.97,17.97,eso.bg,false,
2022-06-08 18:00:00,Bulgaria,Bulgaria,BG,467.03,481.99,53.53,18.6,eso.bg,false,
2022-06-08 19:00:00,Bulgaria,Bulgaria,BG,475.8,490.83,52.66,17.51,eso.bg,false,
2022-06-08 20:00:00,Bulgaria,Bulgaria,BG,483.66,498.88,51.8,15.24,eso.bg,false,
2022-06-08 21:00:00,Bulgaria,Bulgaria,BG,517.33,532.61,48.59,10.13,eso.bg,false,
2022-06-08 22:00:00,Bulgaria,Bulgaria,BG,533.99,549.31,46.95,7.47,eso.bg,false,
2022-06-08 23:00:00,Bulgaria,Bulgaria,BG,545.74,561.54,45.73,5.3,eso.bg,false,
2022-06-09 00:00:00,Bulgaria,Bulgaria,BG,533.14,549.11,46.7,4.66,eso.bg,false,
2022-06-09 01:00:00,Bulgaria,Bulgaria,BG,522.04,538.19,47.63,4.63,eso.bg,false,
2022-06-09 02:00:00,Bulgaria,Bulgaria,BG,531.17,547.22,46.89,4.74,eso.bg,false,
2022-06-09 03:00:00,Bulgaria,Bulgaria,BG,537.84,553.6,46.42,5.96,eso.bg,false,
2022-06-09 04:00:00,Bulgaria,Bulgaria,BG,508.52,523.96,49.45,12.5,eso.bg,false,
2022-06-09 05:00:00,Bulgaria,Bulgaria,BG,486.0,501.71,51.64,16.23,eso.bg,false,
2022-06-09 06:00:00,Bulgaria,Bulgaria,BG,472.5,488.78,52.91,17.64,eso.bg,false,
2022-06-09 07:00:00,Bulgaria,Bulgaria,BG,451.67,468.41,54.83,19.05,eso.bg,false,
2022-06-09 08:00:00,Bulgaria,Bulgaria,BG,469.86,486.63,53.21,18.03,eso.bg,false,
2022-06-09 09:00:00,Bulgaria,Bulgaria,BG,458.32,475.63,54.12,17.04,eso.bg,false,
2022-06-09 10:00:00,Bulgaria,Bulgaria,BG,470.58,487.52,53.0,15.81,eso.bg,false,
2022-06-09 11:00:00,Bulgaria,Bulgaria,BG,481.94,498.86,51.94,14.62,eso.bg,false,
2022-06-09 12:00:00,Bulgaria,Bulgaria,BG,492.24,508.86,50.98,13.68,eso.bg,false,
2022-06-09 13:00:00,Bulgaria,Bulgaria,BG,495.01,511.28,50.77,13.99,eso.bg,false,
2022-06-09 14:00:00,Bulgaria,Bulgaria,BG,483.1,498.94,51.92,15.46,eso.bg,false,
2022-06-09 15:00:00,Bulgaria,Bulgaria,BG,472.82,488.29,52.99,17.63,eso.bg,false,
2022-06-09 16:00:00,Bulgaria,Bulgaria,BG,469.09,484.26,53.35,18.63,eso.bg,false,
2022-06-09 17:00:00,Bulgaria,Bulgaria,BG,470.05,485.07,53.22,18.1,eso.bg,false,
2022-06-09 18:00:00,Bulgaria,Bulgaria,BG,471.87,486.81,53.08,18.2,eso.bg,false,
2022-06-09 19:00:00,Bulgaria,Bulgaria,BG,476.21,491.17,52.67,17.58,eso.bg,false,
2022-06-09 20:00:00,Bulgaria,Bulgaria,BG,493.38,508.5,50.95,14.36,eso.bg,false,
2022-06-09 21:00:00,Bulgaria,Bulgaria,BG,524.31,539.59,47.96,9.45,eso.bg,false,
2022-06-09 22:00:00,Bulgaria,Bulgaria,BG,537.24,552.6,46.69,6.76,eso.bg,false,
2022-06-09 23:00:00,Bulgaria,Bulgaria,BG,543.88,559.21,46.08,5.68,eso.bg,false,
2022-06-10 00:00:00,Bulgaria,Bulgaria,BG,530.88,546.55,47.06,5.14,eso.bg,false,
2022-06-10 01:00:00,Bulgaria,Bulgaria,BG,523.82,539.71,47.57,5.02,eso.bg,false,
2022-06-10 02:00:00,Bulgaria,Bulgaria,BG,523.22,539.16,47.64,5.1,eso.bg,false,
2022-06-10 03:00:00,Bulgaria,Bulgaria,BG,534.81,550.56,46.66,5.19,eso.bg,false,
2022-06-10 04:00:00,Bulgaria,Bulgaria,BG,514.02,529.45,48.89,10.43,eso.bg,false,
2022-06-10 05:00:00,Bulgaria,Bulgaria,BG,499.57,515.02,50.39,13.86,eso.bg,false,
2022-06-10 06:00:00,Bulgaria,Bulgaria,BG,491.61,507.29,51.2,15.25,eso.bg,false,
2022-06-10 07:00:00,Bulgaria,Bulgaria,BG,497.83,513.67,50.64,14.5,eso.bg,false,
2022-06-10 08:00:00,Bulgaria,Bulgaria,BG,499.88,515.9,50.4,13.63,eso.bg,false,
2022-06-10 09:00:00,Bulgaria,Bulgaria,BG,510.93,527.22,49.26,11.7,eso.bg,false,
2022-06-10 10:00:00,Bulgaria,Bulgaria,BG,512.7,529.05,49.12,11.72,eso.bg,false,
2022-06-10 11:00:00,Bulgaria,Bulgaria,BG,493.57,510.18,50.86,13.08,eso.bg,false,
2022-06-10 12:00:00,Bulgaria,Bulgaria,BG,497.96,514.32,50.54,13.64,eso.bg,false,
2022-06-10 13:00:00,Bulgaria,Bulgaria,BG,492.73,508.5,51.08,14.6,eso.bg,false,
2022-06-10 14:00:00,Bulgaria,Bulgaria,BG,505.69,521.17,49.8,12.89,eso.bg,false,
2022-06-10 15:00:00,Bulgaria,Bulgaria,BG,491.94,507.19,51.2,15.76,eso.bg,false,
2022-06-10 16:00:00,Bulgaria,Bulgaria,BG,474.16,489.11,52.97,18.65,eso.bg,false,
2022-06-10 17:00:00,Bulgaria,Bulgaria,BG,468.09,482.91,53.53,19.11,eso.bg,false,
2022-06-10 18:00:00,Bulgaria,Bulgaria,BG,474.92,489.88,52.82,17.75,eso.bg,false,
2022-06-10 19:00:00,Bulgaria,Bulgaria,BG,475.24,490.27,52.74,17.09,eso.bg,false,
2022-06-10 20:00:00,Bulgaria,Bulgaria,BG,491.71,507.01,51.01,13.95,eso.bg,false,
2022-06-10 21:00:00,Bulgaria,Bulgaria,BG,503.79,519.26,49.79,11.3,eso.bg,false,
2022-06-10 22:00:00,Bulgaria,Bulgaria,BG,492.78,508.62,50.59,10.09,eso.bg,false,
2022-06-10 23:00:00,Bulgaria,Bulgaria,BG,466.89,483.02,52.81,11.33,eso.bg,false,
2022-06-11 00:00:00,Bulgaria,Bulgaria,BG,470.65,486.44,52.67,11.72,eso.bg,false,
2022-06-11 01:00:00,Bulgaria,Bulgaria,BG,483.89,500.22,51.14,7.93,eso.bg,false,
2022-06-11 02:00:00,Bulgaria,Bulgaria,BG,471.09,487.68,52.15,8.23,eso.bg,false,
2022-06-11 03:00:00,Bulgaria,Bulgaria,BG,457.03,473.6,53.46,10.14,eso.bg,false,
2022-06-11 04:00:00,Bulgaria,Bulgaria,BG,450.78,467.28,54.17,11.58,eso.bg,false,
2022-06-11 05:00:00,Bulgaria,Bulgaria,BG,436.2,452.45,55.69,14.36,eso.bg,false,
2022-06-11 06:00:00,Bulgaria,Bulgaria,BG,421.39,437.77,57.11,15.17,eso.bg,false,
2022-06-11 07:00:00,Bulgaria,Bulgaria,BG,407.71,424.86,58.31,17.36,eso.bg,false,
2022-06-11 08:00:00,Bulgaria,Bulgaria,BG,420.37,437.44,57.19,16.51,eso.bg,false,
2022-06-11 09:00:00,Bulgaria,Bulgaria,BG,400.67,418.3,58.86,17.57,eso.bg,false,
2022-06-11 10:00:00,Bulgaria,Bulgaria,BG,386.62,404.35,60.04,17.49,eso.bg,false,
2022-06-11 11:00:00,Bulgaria,Bulgaria,BG,377.5,395.25,60.9,18.23,eso.bg,false,
2022-06-11 12:00:00,Bulgaria,Bulgaria,BG,408.5,425.73,58.31,18.17,eso.bg,false,
2022-06-11 13:00:00,Bulgaria,Bulgaria,BG,414.93,432.47,57.54,16.14,eso.bg,false,
2022-06-11 14:00:00,Bulgaria,Bulgaria,BG,372.41,389.7,61.53,20.3,eso.bg,false,
2022-06-11 15:00:00,Bulgaria,Bulgaria,BG,375.61,392.33,61.34,20.73,eso.bg,false,
2022-06-11 16:00:00,Bulgaria,Bulgaria,BG,389.75,405.82,60.33,22.98,eso.bg,false,
2022-06-11 17:00:00,Bulgaria,Bulgaria,BG,382.58,398.35,60.97,23.28,eso.bg,false,
2022-06-11 18:00:00,Bulgaria,Bulgaria,BG,362.41,378.24,62.82,24.98,eso.bg,false,
2022-06-11 19:00:00,Bulgaria,Bulgaria,BG,344.93,360.97,64.31,25.04,eso.bg,false,
2022-06-11 20:00:00,Bulgaria,Bulgaria,BG,357.38,373.78,62.96,21.81,eso.bg,false,
2022-06-11 21:00:00,Bulgaria,Bulgaria,BG,381.73,398.25,60.61,18.26,eso.bg,false,
2022-06-11 22:00:00,Bulgaria,Bulgaria,BG,427.6,443.81,56.5,15.14,eso.bg,false,
2022-06-11 23:00:00,Bulgaria,Bulgaria,BG,425.9,442.24,56.6,14.62,eso.bg,false,
2022-06-12 00:00:00,Bulgaria,Bulgaria,BG,396.84,413.55,59.07,14.61,eso.bg,false,
2022-06-12 01:00:00,Bulgaria,Bulgaria,BG,393.12,409.88,59.38,14.73,eso.bg,false,
2022-06-12 02:00:00,Bulgaria,Bulgaria,BG,400.58,417.18,58.77,14.58,eso.bg,false,
2022-06-12 03:00:00,Bulgaria,Bulgaria,BG,390.57,407.11,59.73,15.77,eso.bg,false,
2022-06-12 04:00:00,Bulgaria,Bulgaria,BG,389.38,406.1,59.91,16.88,eso.bg,false,
2022-06-12 05:00:00,Bulgaria,Bulgaria,BG,376.43,393.22,61.22,19.58,eso.bg,false,
2022-06-12 06:00:00,Bulgaria,Bulgaria,BG,356.31,372.85,63.29,24.11,eso.bg,false,
2022-06-12 07:00:00,Bulgaria,Bulgaria,BG,365.82,382.45,62.57,25.32,eso.bg,false,
2022-06-12 08:00:00,Bulgaria,Bulgaria,BG,364.93,381.88,62.7,26.14,eso.bg,false,
2022-06-12 09:00:00,Bulgaria,Bulgaria,BG,349.89,366.92,64.08,27.48,eso.bg,false,
2022-06-12 10:00:00,Bulgaria,Bulgaria,BG,336.9,354.08,65.25,27.82,eso.bg,false,
2022-06-12 11:00:00,Bulgaria,Bulgaria,BG,354.18,371.7,63.49,23.63,eso.bg,false,
2022-06-12 12:00:00,Bulgaria,Bulgaria,BG,362.35,380.64,62.59,22.85,eso.bg,false,
2022-06-12 13:00:00,Bulgaria,Bulgaria,BG,360.9,379.12,62.76,23.63,eso.bg,false,
2022-06-12 14:00:00,Bulgaria,Bulgaria,BG,361.25,379.22,62.75,24.02,eso.bg,false,
2022-06-12 15:00:00,Bulgaria,Bulgaria,BG,374.49,391.75,61.64,23.53,eso.bg,false,
2022-06-12 16:00:00,Bulgaria,Bulgaria,BG,394.03,410.07,60.01,23.37,eso.bg,false,
2022-06-12 17:00:00,Bulgaria,Bulgaria,BG,397.46,413.02,59.77,23.86,eso.bg,false,
2022-06-12 18:00:00,Bulgaria,Bulgaria,BG,388.85,404.43,60.54,24.33,eso.bg,false,
2022-06-12 19:00:00,Bulgaria,Bulgaria,BG,393.56,409.25,60.05,23.42,eso.bg,false,
2022-06-12 20:00:00,Bulgaria,Bulgaria,BG,399.46,415.36,59.37,21.21,eso.bg,false,
2022-06-12 21:00:00,Bulgaria,Bulgaria,BG,378.72,395.51,61.1,21.23,eso.bg,false,
2022-06-12 22:00:00,Bulgaria,Bulgaria,BG,408.99,425.13,58.35,17.89,eso.bg,false,
2022-06-12 23:00:00,Bulgaria,Bulgaria,BG,437.43,453.72,55.6,15.32,eso.bg,false,
2022-06-13 00:00:00,Bulgaria,Bulgaria,BG,416.58,433.41,57.35,15.5,eso.bg,false,
2022-06-13 01:00:00,Bulgaria,Bulgaria,BG,403.41,420.23,58.44,14.89,eso.bg,false,
2022-06-13 02:00:00,Bulgaria,Bulgaria,BG,406.97,423.64,58.26,15.37,eso.bg,false,
2022-06-13 03:00:00,Bulgaria,Bulgaria,BG,424.07,440.57,56.72,14.7,eso.bg,false,
2022-06-13 04:00:00,Bulgaria,Bulgaria,BG,433.55,449.45,56.4,20.24,eso.bg,false,
2022-06-13 05:00:00,Bulgaria,Bulgaria,BG,397.86,413.86,59.91,25.65,eso.bg,false,
2022-06-13 06:00:00,Bulgaria,Bulgaria,BG,404.69,421.17,59.21,24.38,eso.bg,false,
2022-06-13 07:00:00,Bulgaria,Bulgaria,BG,420.25,437.01,57.72,22.01,eso.bg,false,
2022-06-13 08:00:00,Bulgaria,Bulgaria,BG,436.36,453.21,56.25,20.46,eso.bg,false,
2022-06-13 09:00:00,Bulgaria,Bulgaria,BG,448.58,465.68,55.03,18.76,eso.bg,false,
2022-06-13 10:00:00,Bulgaria,Bulgaria,BG,453.95,471.19,54.55,18.52,eso.bg,false,
2022-06-13 11:00:00,Bulgaria,Bulgaria,BG,435.0,452.2,56.37,20.13,eso.bg,false,
2022-06-13 12:00:00,Bulgaria,Bulgaria,BG,404.44,421.77,59.22,23.54,eso.bg,false,
2022-06-13 13:00:00,Bulgaria,Bulgaria,BG,404.78,421.71,59.22,24.17,eso.bg,false,
2022-06-13 14:00:00,Bulgaria,Bulgaria,BG,406.18,422.82,59.08,24.44,eso.bg,false,
2022-06-13 15:00:00,Bulgaria,Bulgaria,BG,414.6,430.6,58.42,24.81,eso.bg,false,
2022-06-13 16:00:00,Bulgaria,Bulgaria,BG,426.87,442.46,57.27,23.87,eso.bg,false,
2022-06-13 17:00:00,Bulgaria,Bulgaria,BG,443.69,458.89,55.62,21.41,eso.bg,false,
2022-06-13 18:00:00,Bulgaria,Bulgaria,BG,441.19,456.38,55.88,22.08,eso.bg,false,
2022-06-13 19:00:00,Bulgaria,Bulgaria,BG,443.14,458.36,55.65,21.4,eso.bg,false,
2022-06-13 20:00:00,Bulgaria,Bulgaria,BG,443.36,458.7,55.58,20.52,eso.bg,false,
2022-06-13 21:00:00,Bulgaria,Bulgaria,BG,467.94,483.52,53.12,15.95,eso.bg,false,
2022-06-13 22:00:00,Bulgaria,Bulgaria,BG,484.27,500.26,51.38,11.96,eso.bg,false,
2022-06-13 23:00:00,Bulgaria,Bulgaria,BG,458.13,474.37,53.63,12.28,eso.bg,false,
2022-06-14 00:00:00,Bulgaria,Bulgaria,BG,446.46,462.81,54.68,13.13,eso.bg,false,
2022-06-14 01:00:00,Bulgaria,Bulgaria,BG,447.2,463.51,54.59,13.19,eso.bg,false,
2022-06-14 02:00:00,Bulgaria,Bulgaria,BG,449.26,465.66,54.42,13.28,eso.bg,false,
2022-06-14 03:00:00,Bulgaria,Bulgaria,BG,471.27,487.17,52.64,14.43,eso.bg,false,
2022-06-14 04:00:00,Bulgaria,Bulgaria,BG,465.35,481.25,53.44,18.01,eso.bg,false,
2022-06-14 05:00:00,Bulgaria,Bulgaria,BG,442.18,458.31,55.77,22.07,eso.bg,false,
2022-06-14 06:00:00,Bulgaria,Bulgaria,BG,431.28,447.89,56.8,23.31,eso.bg,false,
2022-06-14 07:00:00,Bulgaria,Bulgaria,BG,423.0,440.07,57.49,23.58,eso.bg,false,
2022-06-14 08:00:00,Bulgaria,Bulgaria,BG,428.18,445.55,57.02,23.0,eso.bg,false,
2022-06-14 09:00:00,Bulgaria,Bulgaria,BG,428.66,446.11,56.93,22.13,eso.bg,false,
2022-06-14 10:00:00,Bulgaria,Bulgaria,BG,433.98,451.31,56.43,21.58,eso.bg,false,
2022-06-14 11:00:00,Bulgaria,Bulgaria,BG,438.53,455.54,56.03,21.21,eso.bg,false,
2022-06-14 12:00:00,Bulgaria,Bulgaria,BG,425.69,442.68,57.16,21.92,eso.bg,false,
2022-06-14 13:00:00,Bulgaria,Bulgaria,BG,436.08,452.77,56.22,21.21,eso.bg,false,
2022-06-14 14:00:00,Bulgaria,Bulgaria,BG,435.07,450.97,56.62,22.65,eso.bg,false,
2022-06-14 15:00:00,Bulgaria,Bulgaria,BG,430.77,446.24,57.17,23.73,eso.bg,false,
2022-06-14 16:00:00,Bulgaria,Bulgaria,BG,421.44,436.47,58.08,25.4,eso.bg,false,
2022-06-14 17:00:00,Bulgaria,Bulgaria,BG,440.72,455.26,56.24,22.9,eso.bg,false,
2022-06-14 18:00:00,Bulgaria,Bulgaria,BG,433.71,448.2,56.91,23.55,eso.bg,false,
2022-06-14 19:00:00,Bulgaria,Bulgaria,BG,437.26,451.7,56.57,22.74,eso.bg,false,
2022-06-14 20:00:00,Bulgaria,Bulgaria,BG,456.94,471.63,54.59,19.36,eso.bg,false,
2022-06-14 21:00:00,Bulgaria,Bulgaria,BG,476.46,491.33,52.69,16.15,eso.bg,false,
2022-06-14 22:00:00,Bulgaria,Bulgaria,BG,484.08,499.11,51.81,12.92,eso.bg,false,
2022-06-14 23:00:00,Bulgaria,Bulgaria,BG,507.82,523.03,49.51,10.68,eso.bg,false,
2022-06-15 00:00:00,Bulgaria,Bulgaria,BG,524.92,540.38,47.76,9.15,eso.bg,false,
2022-06-15 01:00:00,Bulgaria,Bulgaria,BG,527.02,542.73,47.45,9.05,eso.bg,false,
2022-06-15 02:00:00,Bulgaria,Bulgaria,BG,511.79,527.36,48.88,10.76,eso.bg,false,
2022-06-15 03:00:00,Bulgaria,Bulgaria,BG,500.71,516.37,49.92,12.17,eso.bg,false,
2022-06-15 04:00:00,Bulgaria,Bulgaria,BG,477.0,492.65,52.37,17.92,eso.bg,false,
2022-06-15 05:00:00,Bulgaria,Bulgaria,BG,456.3,472.26,54.41,21.26,eso.bg,false,
2022-06-15 06:00:00,Bulgaria,Bulgaria,BG,454.79,471.14,54.53,21.8,eso.bg,false,
2022-06-15 07:00:00,Bulgaria,Bulgaria,BG,464.13,480.95,53.58,20.06,eso.bg,false,
2022-06-15 08:00:00,Bulgaria,Bulgaria,BG,463.94,481.2,53.5,20.21,eso.bg,false,
2022-06-15 09:00:00,Bulgaria,Bulgaria,BG,460.89,478.36,53.75,20.4,eso.bg,false,
2022-06-15 10:00:00,Bulgaria,Bulgaria,BG,466.51,483.88,53.2,19.55,eso.bg,false,
2022-06-15 11:00:00,Bulgaria,Bulgaria,BG,446.64,464.06,55.09,21.19,eso.bg,false,
2022-06-15 12:00:00,Bulgaria,Bulgaria,BG,431.92,448.99,56.51,23.41,eso.bg,false,
2022-06-15 13:00:00,Bulgaria,Bulgaria,BG,429.8,446.69,56.71,23.81,eso.bg,false,
2022-06-15 14:00:00,Bulgaria,Bulgaria,BG,423.71,440.2,57.34,24.88,eso.bg,false,
2022-06-15 15:00:00,Bulgaria,Bulgaria,BG,418.23,434.41,57.86,25.89,eso.bg,false,
2022-06-15 16:00:00,Bulgaria,Bulgaria,BG,417.92,433.83,57.8,25.33,eso.bg,false,
2022-06-15 17:00:00,Bulgaria,Bulgaria,BG,421.04,436.61,57.44,24.67,eso.bg,false,
2022-06-15 18:00:00,Bulgaria,Bulgaria,BG,421.72,437.27,57.38,24.86,eso.bg,false,
2022-06-15 19:00:00,Bulgaria,Bulgaria,BG,424.75,440.25,57.12,24.69,eso.bg,false,
2022-06-15 20:00:00,Bulgaria,Bulgaria,BG,437.56,453.19,55.86,22.66,eso.bg,false,
2022-06-15 21:00:00,Bulgaria,Bulgaria,BG,480.48,496.47,51.56,15.01,eso.bg,false,
2022-06-15 22:00:00,Bulgaria,Bulgaria,BG,511.36,527.79,48.37,8.25,eso.bg,false,
2022-06-15 23:00:00,Bulgaria,Bulgaria,BG,521.26,537.8,47.4,7.33,eso.bg,false,
2022-06-16 00:00:00,Bulgaria,Bulgaria,BG,523.91,540.48,47.11,6.74,eso.bg,false,
2022-06-16 01:00:00,Bulgaria,Bulgaria,BG,526.64,543.33,46.84,6.55,eso.bg,false,
2022-06-16 02:00:00,Bulgaria,Bulgaria,BG,508.51,525.08,48.58,9.01,eso.bg,false,
2022-06-16 03:00:00,Bulgaria,Bulgaria,BG,502.26,518.69,49.21,10.1,eso.bg,false,
2022-06-16 04:00:00,Bulgaria,Bulgaria,BG,470.71,487.07,52.48,16.71,eso.bg,false,
2022-06-16 05:00:00,Bulgaria,Bulgaria,BG,447.57,464.16,54.76,20.7,eso.bg,false,
2022-06-16 06:00:00,Bulgaria,Bulgaria,BG,442.04,459.06,55.35,21.94,eso.bg,false,
2022-06-16 07:00:00,Bulgaria,Bulgaria,BG,454.31,471.52,54.35,19.88,eso.bg,false,
2022-06-16 08:00:00,Bulgaria,Bulgaria,BG,447.0,464.74,54.89,20.2,eso.bg,false,
2022-06-16 09:00:00,Bulgaria,Bulgaria,BG,431.22,449.38,56.21,20.77,eso.bg,false,
2022-06-16 10:00:00,Bulgaria,Bulgaria,BG,425.04,443.09,56.87,21.53,eso.bg,false,
2022-06-16 11:00:00,Bulgaria,Bulgaria,BG,429.65,447.71,56.37,21.08,eso.bg,false,
2022-06-16 12:00:00,Bulgaria,Bulgaria,BG,429.26,447.15,56.43,21.67,eso.bg,false,
2022-06-16 13:00:00,Bulgaria,Bulgaria,BG,431.0,448.49,56.33,22.17,eso.bg,false,
2022-06-16 14:00:00,Bulgaria,Bulgaria,BG,413.84,430.79,58.1,25.55,eso.bg,false,
2022-06-16 15:00:00,Bulgaria,Bulgaria,BG,401.59,417.96,59.37,27.75,eso.bg,false,
2022-06-16 16:00:00,Bulgaria,Bulgaria,BG,408.3,424.27,58.7,26.66,eso.bg,false,
2022-06-16 17:00:00,Bulgaria,Bulgaria,BG,418.29,433.91,57.66,24.72,eso.bg,false,
2022-06-16 18:00:00,Bulgaria,Bulgaria,BG,416.31,431.85,57.9,25.27,eso.bg,false,
2022-06-16 19:00:00,Bulgaria,Bulgaria,BG,417.09,432.64,57.83,25.11,eso.bg,false,
2022-06-16 20:00:00,Bulgaria,Bulgaria,BG,435.46,451.15,56.03,22.46,eso.bg,false,
2022-06-16 21:00:00,Bulgaria,Bulgaria,BG,477.95,494.2,51.69,15.49,eso.bg,false,
2022-06-16 22:00:00,Bulgaria,Bulgaria,BG,504.63,521.41,48.84,9.28,eso.bg,false,
2022-06-16 23:00:00,Bulgaria,Bulgaria,BG,506.74,523.87,48.39,6.63,eso.bg,false,
2022-06-17 00:00:00,Bulgaria,Bulgaria,BG,503.98,521.21,48.61,6.57,eso.bg,false,
2022-06-17 01:00:00,Bulgaria,Bulgaria,BG,501.16,518.35,48.89,6.66,eso.bg,false,
2022-06-17 02:00:00,Bulgaria,Bulgaria,BG,509.86,526.95,48.13,6.31,eso.bg,false,
2022-06-17 03:00:00,Bulgaria,Bulgaria,BG,490.7,507.73,49.99,8.87,eso.bg,false,
2022-06-17 04:00:00,Bulgaria,Bulgaria,BG,468.86,485.68,52.41,14.43,eso.bg,false,
2022-06-17 05:00:00,Bulgaria,Bulgaria,BG,443.71,460.99,54.78,18.34,eso.bg,false,
2022-06-17 06:00:00,Bulgaria,Bulgaria,BG,447.73,465.79,54.32,18.46,eso.bg,false,
2022-06-17 07:00:00,Bulgaria,Bulgaria,BG,446.83,464.04,55.06,18.95,eso.bg,false,
2022-06-17 08:00:00,Bulgaria,Bulgaria,BG,440.27,458.49,55.23,19.15,eso.bg,false,
2022-06-17 09:00:00,Bulgaria,Bulgaria,BG,440.31,458.64,55.26,19.38,eso.bg,false,
2022-06-17 10:00:00,Bulgaria,Bulgaria,BG,442.56,460.94,55.04,19.24,eso.bg,false,
2022-06-17 11:00:00,Bulgaria,Bulgaria,BG,440.66,458.86,55.22,19.72,eso.bg,false,
2022-06-17 12:00:00,Bulgaria,Bulgaria,BG,434.53,452.52,55.83,20.29,eso.bg,false,
2022-06-17 13:00:00,Bulgaria,Bulgaria,BG,436.65,454.23,55.67,20.2,eso.bg,false,
2022-06-17 14:00:00,Bulgaria,Bulgaria,BG,431.84,448.97,56.14,21.13,eso.bg,false,
2022-06-17 15:00:00,Bulgaria,Bulgaria,BG,429.08,445.5,56.58,22.07,eso.bg,false,
2022-06-17 16:00:00,Bulgaria,Bulgaria,BG,426.98,443.18,56.69,22.38,eso.bg,false,
2022-06-17 17:00:00,Bulgaria,Bulgaria,BG,432.84,448.86,56.08,21.33,eso.bg,false,
2022-06-17 18:00:00,Bulgaria,Bulgaria,BG,430.28,446.12,56.34,21.8,eso.bg,false,
2022-06-17 19:00:00,Bulgaria,Bulgaria,BG,436.57,452.65,55.7,20.45,eso.bg,false,
2022-06-17 20:00:00,Bulgaria,Bulgaria,BG,446.43,462.62,54.65,18.19,eso.bg,false,
2022-06-17 21:00:00,Bulgaria,Bulgaria,BG,463.49,479.85,53.0,15.71,eso.bg,false,
2022-06-17 22:00:00,Bulgaria,Bulgaria,BG,492.0,508.95,49.93,9.47,eso.bg,false,
2022-06-17 23:00:00,Bulgaria,Bulgaria,BG,501.54,518.85,48.81,7.05,eso.bg,false,
2022-06-18 00:00:00,Bulgaria,Bulgaria,BG,511.37,528.68,47.88,5.77,eso.bg,false,
2022-06-18 01:00:00,Bulgaria,Bulgaria,BG,514.78,532.03,47.6,5.94,eso.bg,false,
2022-06-18 02:00:00,Bulgaria,Bulgaria,BG,478.86,496.44,50.74,7.37,eso.bg,false,
2022-06-18 03:00:00,Bulgaria,Bulgaria,BG,453.79,471.42,53.04,8.81,eso.bg,false,
2022-06-18 04:00:00,Bulgaria,Bulgaria,BG,436.59,454.17,54.83,12.54,eso.bg,false,
2022-06-18 05:00:00,Bulgaria,Bulgaria,BG,441.55,458.83,54.78,16.04,eso.bg,false,
2022-06-18 06:00:00,Bulgaria,Bulgaria,BG,421.29,438.45,56.94,20.27,eso.bg,false,
2022-06-18 07:00:00,Bulgaria,Bulgaria,BG,404.15,421.55,58.52,21.87,eso.bg,false,
2022-06-18 08:00:00,Bulgaria,Bulgaria,BG,411.58,429.58,57.59,19.22,eso.bg,false,
2022-06-18 09:00:00,Bulgaria,Bulgaria,BG,413.21,431.62,57.19,17.3,eso.bg,false,
2022-06-18 10:00:00,Bulgaria,Bulgaria,BG,425.91,444.22,56.03,16.17,eso.bg,false,
2022-06-18 11:00:00,Bulgaria,Bulgaria,BG,403.77,422.44,58.01,17.32,eso.bg,false,
2022-06-18 12:00:00,Bulgaria,Bulgaria,BG,396.22,415.12,58.66,17.53,eso.bg,false,
2022-06-18 13:00:00,Bulgaria,Bulgaria,BG,396.95,415.84,58.52,16.66,eso.bg,false,
2022-06-18 14:00:00,Bulgaria,Bulgaria,BG,425.81,444.12,56.05,15.81,eso.bg,false,
2022-06-18 15:00:00,Bulgaria,Bulgaria,BG,431.36,448.59,55.92,18.91,eso.bg,false,
2022-06-18 16:00:00,Bulgaria,Bulgaria,BG,429.17,446.13,56.04,19.74,eso.bg,false,
2022-06-18 17:00:00,Bulgaria,Bulgaria,BG,428.78,445.52,56.02,19.66,eso.bg,false,
2022-06-18 18:00:00,Bulgaria,Bulgaria,BG,438.73,455.87,54.92,18.59,eso.bg,false,
2022-06-18 19:00:00,Bulgaria,Bulgaria,BG,450.39,467.61,53.73,16.42,eso.bg,false,
2022-06-18 20:00:00,Bulgaria,Bulgaria,BG,480.48,497.74,50.89,12.5,eso.bg,false,
2022-06-18 21:00:00,Bulgaria,Bulgaria,BG,484.13,501.27,50.53,9.78,eso.bg,false,
2022-06-18 22:00:00,Bulgaria,Bulgaria,BG,503.53,520.59,48.79,7.92,eso.bg,false,
2022-06-18 23:00:00,Bulgaria,Bulgaria,BG,531.69,548.78,46.15,6.11,eso.bg,false,
2022-06-19 00:00:00,Bulgaria,Bulgaria,BG,511.47,528.93,47.82,6.01,eso.bg,false,
2022-06-19 01:00:00,Bulgaria,Bulgaria,BG,483.63,501.44,50.18,6.6,eso.bg,false,
2022-06-19 02:00:00,Bulgaria,Bulgaria,BG,464.88,482.69,51.94,8.27,eso.bg,false,
2022-06-19 03:00:00,Bulgaria,Bulgaria,BG,442.59,460.48,53.99,9.99,eso.bg,false,
2022-06-19 04:00:00,Bulgaria,Bulgaria,BG,429.6,447.88,55.13,11.59,eso.bg,false,
2022-06-19 05:00:00,Bulgaria,Bulgaria,BG,427.27,445.76,55.64,14.51,eso.bg,false,
2022-06-19 06:00:00,Bulgaria,Bulgaria,BG,407.01,425.79,57.66,17.9,eso.bg,false,
2022-06-19 07:00:00,Bulgaria,Bulgaria,BG,391.41,410.1,59.43,20.94,eso.bg,false,
2022-06-19 08:00:00,Bulgaria,Bulgaria,BG,382.15,400.97,60.3,22.58,eso.bg,false,
2022-06-19 09:00:00,Bulgaria,Bulgaria,BG,377.66,396.51,60.77,23.15,eso.bg,false,
2022-06-19 10:00:00,Bulgaria,Bulgaria,BG,382.85,401.83,60.2,22.05,eso.bg,false,
2022-06-19 11:00:00,Bulgaria,Bulgaria,BG,405.72,424.47,58.14,20.67,eso.bg,false,
2022-06-19 12:00:00,Bulgaria,Bulgaria,BG,392.19,411.03,59.32,20.63,eso.bg,false,
2022-06-19 13:00:00,Bulgaria,Bulgaria,BG,398.25,416.9,58.72,19.64,eso.bg,false,
2022-06-19 14:00:00,Bulgaria,Bulgaria,BG,442.96,461.07,54.69,16.84,eso.bg,false,
2022-06-19 15:00:00,Bulgaria,Bulgaria,BG,435.34,452.59,55.59,19.46,eso.bg,false,
2022-06-19 16:00:00,Bulgaria,Bulgaria,BG,422.89,440.54,56.4,20.39,eso.bg,false,
2022-06-19 17:00:00,Bulgaria,Bulgaria,BG,425.38,442.69,56.12,19.62,eso.bg,false,
2022-06-19 18:00:00,Bulgaria,Bulgaria,BG,422.3,439.76,56.37,20.9,eso.bg,false,
2022-06-19 19:00:00,Bulgaria,Bulgaria,BG,426.09,443.29,56.09,20.52,eso.bg,false,
2022-06-19 20:00:00,Bulgaria,Bulgaria,BG,450.9,468.87,53.34,15.45,eso.bg,false,
2022-06-19 21:00:00,Bulgaria,Bulgaria,BG,438.5,456.11,54.55,13.22,eso.bg,false,
2022-06-19 22:00:00,Bulgaria,Bulgaria,BG,412.4,430.92,56.5,12.84,eso.bg,false,
2022-06-19 23:00:00,Bulgaria,Bulgaria,BG,421.17,439.67,55.65,11.33,eso.bg,false,
2022-06-20 00:00:00,Bulgaria,Bulgaria,BG,426.16,444.42,55.27,10.79,eso.bg,false,
2022-06-20 01:00:00,Bulgaria,Bulgaria,BG,425.48,443.99,55.25,11.06,eso.bg,false,
2022-06-20 02:00:00,Bulgaria,Bulgaria,BG,424.25,442.94,55.29,11.3,eso.bg,false,
2022-06-20 03:00:00,Bulgaria,Bulgaria,BG,394.05,412.65,58.21,17.3,eso.bg,false,
2022-06-20 04:00:00,Bulgaria,Bulgaria,BG,370.04,388.3,60.87,22.71,eso.bg,false,
2022-06-20 05:00:00,Bulgaria,Bulgaria,BG,356.88,375.15,62.44,25.67,eso.bg,false,
2022-06-20 06:00:00,Bulgaria,Bulgaria,BG,355.41,373.55,62.93,27.45,eso.bg,false,
2022-06-20 07:00:00,Bulgaria,Bulgaria,BG,364.73,383.13,62.11,25.62,eso.bg,false,
2022-06-20 08:00:00,Bulgaria,Bulgaria,BG,358.67,377.53,62.55,25.67,eso.bg,false,
2022-06-20 09:00:00,Bulgaria,Bulgaria,BG,360.84,379.55,62.5,25.01,eso.bg,false,
2022-06-20 10:00:00,Bulgaria,Bulgaria,BG,358.32,376.73,62.8,25.55,eso.bg,false,
2022-06-20 11:00:00,Bulgaria,Bulgaria,BG,369.8,388.59,61.55,24.67,eso.bg,false,
2022-06-20 12:00:00,Bulgaria,Bulgaria,BG,374.09,392.47,61.3,24.07,eso.bg,false,
2022-06-20 13:00:00,Bulgaria,Bulgaria,BG,369.01,386.79,61.91,25.26,eso.bg,false,
2022-06-20 14:00:00,Bulgaria,Bulgaria,BG,361.74,379.22,62.58,26.46,eso.bg,false,
2022-06-20 15:00:00,Bulgaria,Bulgaria,BG,354.74,371.71,63.32,27.86,eso.bg,false,
2022-06-20 16:00:00,Bulgaria,Bulgaria,BG,355.1,372.11,63.01,27.97,eso.bg,false,
2022-06-20 17:00:00,Bulgaria,Bulgaria,BG,352.98,368.69,63.64,28.35,eso.bg,false,
2022-06-20 18:00:00,Bulgaria,Bulgaria,BG,354.03,369.76,63.53,28.62,eso.bg,false,
2022-06-20 19:00:00,Bulgaria,Bulgaria,BG,385.0,401.01,60.51,25.16,eso.bg,false,
2022-06-20 20:00:00,Bulgaria,Bulgaria,BG,415.85,431.75,57.62,19.83,eso.bg,false,
2022-06-20 21:00:00,Bulgaria,Bulgaria,BG,460.63,476.84,53.23,12.98,eso.bg,false,
2022-06-20 22:00:00,Bulgaria,Bulgaria,BG,481.41,497.8,51.09,6.36,eso.bg,false,
2022-06-20 23:00:00,Bulgaria,Bulgaria,BG,492.09,508.34,50.21,5.53,eso.bg,false,
2022-06-21 00:00:00,Bulgaria,Bulgaria,BG,500.17,516.24,49.55,5.27,eso.bg,false,
2022-06-21 01:00:00,Bulgaria,Bulgaria,BG,496.79,512.89,49.86,5.65,eso.bg,false,
2022-06-21 02:00:00,Bulgaria,Bulgaria,BG,502.09,518.13,49.4,5.56,eso.bg,false,
2022-06-21 03:00:00,Bulgaria,Bulgaria,BG,491.17,507.0,50.51,6.93,eso.bg,false,
2022-06-21 04:00:00,Bulgaria,Bulgaria,BG,457.56,473.66,53.79,14.9,eso.bg,false,
2022-06-21 05:00:00,Bulgaria,Bulgaria,BG,437.79,454.45,55.72,18.84,eso.bg,false,
2022-06-21 06:00:00,Bulgaria,Bulgaria,BG,429.94,446.37,56.81,20.1,eso.bg,false,
2022-06-21 07:00:00,Bulgaria,Bulgaria,BG,431.83,448.47,56.78,19.7,eso.bg,false,
2022-06-21 08:00:00,Bulgaria,Bulgaria,BG,436.0,452.96,56.36,18.82,eso.bg,false,
2022-06-21 09:00:00,Bulgaria,Bulgaria,BG,430.3,447.4,56.94,19.95,eso.bg,false,
2022-06-21 10:00:00,Bulgaria,Bulgaria,BG,424.51,441.16,57.73,20.96,eso.bg,false,
2022-06-21 11:00:00,Bulgaria,Bulgaria,BG,421.78,438.52,57.95,21.28,eso.bg,false,
2022-06-21 12:00:00,Bulgaria,Bulgaria,BG,411.02,427.87,58.74,23.0,eso.bg,false,
2022-06-21 13:00:00,Bulgaria,Bulgaria,BG,402.38,418.75,59.59,24.57,eso.bg,false,
2022-06-21 14:00:00,Bulgaria,Bulgaria,BG,397.9,413.9,60.05,25.32,eso.bg,false,
2022-06-21 15:00:00,Bulgaria,Bulgaria,BG,393.78,409.57,60.32,26.06,eso.bg,false,
2022-06-21 16:00:00,Bulgaria,Bulgaria,BG,389.29,404.94,60.6,26.95,eso.bg,false,
2022-06-21 17:00:00,Bulgaria,Bulgaria,BG,386.78,402.18,60.76,27.38,eso.bg,false,
2022-06-21 18:00:00,Bulgaria,Bulgaria,BG,390.01,405.44,60.4,26.73,eso.bg,false,
2022-06-21 19:00:00,Bulgaria,Bulgaria,BG,392.8,408.36,60.1,26.02,eso.bg,false,
2022-06-21 20:00:00,Bulgaria,Bulgaria,BG,405.36,421.4,58.69,23.23,eso.bg,false,
2022-06-21 21:00:00,Bulgaria,Bulgaria,BG,425.33,441.63,56.64,18.67,eso.bg,false,
2022-06-21 22:00:00,Bulgaria,Bulgaria,BG,423.84,440.78,56.32,14.27,eso.bg,false,
2022-06-21 23:00:00,Bulgaria,Bulgaria,BG,421.15,438.32,56.43,13.26,eso.bg,false,
2022-06-22 00:00:00,Bulgaria,Bulgaria,BG,453.49,470.57,53.47,11.74,eso.bg,false,
2022-06-22 01:00:00,Bulgaria,Bulgaria,BG,443.53,460.73,54.29,11.6,eso.bg,false,
2022-06-22 02:00:00,Bulgaria,Bulgaria,BG,450.2,467.37,53.62,10.12,eso.bg,false,
2022-06-22 03:00:00,Bulgaria,Bulgaria,BG,473.72,491.54,51.54,23.15,eso.bg,false,
2022-06-22 04:00:00,Bulgaria,Bulgaria,BG,464.8,482.89,52.66,33.26,eso.bg,false,
2022-06-22 05:00:00,Bulgaria,Bulgaria,BG,454.99,473.36,53.66,34.64,eso.bg,false,
2022-06-22 06:00:00,Bulgaria,Bulgaria,BG,438.81,457.32,55.38,36.83,eso.bg,false,
2022-06-22 07:00:00,Bulgaria,Bulgaria,BG,439.87,458.85,55.24,36.64,eso.bg,false,
2022-06-22 08:00:00,Bulgaria,Bulgaria,BG,424.55,443.3,56.83,38.85,eso.bg,false,
2022-06-22 09:00:00,Bulgaria,Bulgaria,BG,440.84,460.26,55.08,36.42,eso.bg,false,
2022-06-22 10:00:00,Bulgaria,Bulgaria,BG,459.41,479.04,53.14,33.71,eso.bg,false,
2022-06-22 11:00:00,Bulgaria,Bulgaria,BG,465.59,485.12,52.52,32.83,eso.bg,false,
2022-06-22 12:00:00,Bulgaria,Bulgaria,BG,460.16,479.72,53.08,33.54,eso.bg,false,
2022-06-22 13:00:00,Bulgaria,Bulgaria,BG,464.9,484.57,52.63,32.87,eso.bg,false,
2022-06-22 14:00:00,Bulgaria,Bulgaria,BG,467.12,486.41,52.4,32.62,eso.bg,false,
2022-06-22 15:00:00,Bulgaria,Bulgaria,BG,439.24,457.59,55.28,36.69,eso.bg,false,
2022-06-22 16:00:00,Bulgaria,Bulgaria,BG,442.69,460.61,54.93,35.95,eso.bg,false,
2022-06-22 17:00:00,Bulgaria,Bulgaria,BG,455.59,473.23,53.66,34.12,eso.bg,false,
2022-06-22 18:00:00,Bulgaria,Bulgaria,BG,443.69,461.08,54.78,32.94,eso.bg,false,
2022-06-22 19:00:00,Bulgaria,Bulgaria,BG,426.76,443.39,56.64,31.33,eso.bg,false,
2022-06-22 20:00:00,Bulgaria,Bulgaria,BG,438.69,455.42,55.42,27.84,eso.bg,false,
2022-06-22 21:00:00,Bulgaria,Bulgaria,BG,493.96,511.33,49.85,17.97,eso.bg,false,
2022-06-22 22:00:00,Bulgaria,Bulgaria,BG,530.22,548.32,45.97,8.9,eso.bg,false,
2022-06-22 23:00:00,Bulgaria,Bulgaria,BG,517.91,536.5,46.79,6.53,eso.bg,false,
2022-06-23 00:00:00,Bulgaria,Bulgaria,BG,516.27,534.75,46.98,6.11,eso.bg,false,
2022-06-23 01:00:00,Bulgaria,Bulgaria,BG,506.27,524.45,48.03,7.66,eso.bg,false,
2022-06-23 02:00:00,Bulgaria,Bulgaria,BG,506.66,524.78,48.05,8.02,eso.bg,false,
2022-06-23 03:00:00,Bulgaria,Bulgaria,BG,511.85,529.79,47.66,8.15,eso.bg,false,
2022-06-23 04:00:00,Bulgaria,Bulgaria,BG,490.41,509.75,49.21,12.0,eso.bg,false,
2022-06-23 05:00:00,Bulgaria,Bulgaria,BG,476.24,494.7,51.17,14.21,eso.bg,false,
2022-06-23 06:00:00,Bulgaria,Bulgaria,BG,482.96,501.23,50.74,15.27,eso.bg,false,
2022-06-23 07:00:00,Bulgaria,Bulgaria,BG,476.02,493.4,51.78,15.86,eso.bg,false,
2022-06-23 08:00:00,Bulgaria,Bulgaria,BG,472.24,489.91,51.95,15.53,eso.bg,false,
2022-06-23 09:00:00,Bulgaria,Bulgaria,BG,484.91,503.29,50.57,13.05,eso.bg,false,
2022-06-23 10:00:00,Bulgaria,Bulgaria,BG,482.0,500.6,50.78,12.32,eso.bg,false,
2022-06-23 11:00:00,Bulgaria,Bulgaria,BG,461.93,480.77,52.59,13.6,eso.bg,false,
2022-06-23 12:00:00,Bulgaria,Bulgaria,BG,457.66,476.3,53.16,14.86,eso.bg,false,
2022-06-23 13:00:00,Bulgaria,Bulgaria,BG,453.03,471.33,53.63,15.74,eso.bg,false,
2022-06-23 14:00:00,Bulgaria,Bulgaria,BG,457.16,475.06,53.31,14.7,eso.bg,false,
2022-06-23 15:00:00,Bulgaria,Bulgaria,BG,445.83,463.3,54.51,16.86,eso.bg,false,
2022-06-23 16:00:00,Bulgaria,Bulgaria,BG,425.69,442.44,56.59,20.44,eso.bg,false,
2022-06-23 17:00:00,Bulgaria,Bulgaria,BG,421.38,438.92,56.51,21.14,eso.bg,false,
2022-06-23 18:00:00,Bulgaria,Bulgaria,BG,424.09,440.97,56.55,21.02,eso.bg,false,
2022-06-23 19:00:00,Bulgaria,Bulgaria,BG,431.48,448.12,55.95,19.29,eso.bg,false,
2022-06-23 20:00:00,Bulgaria,Bulgaria,BG,441.06,457.92,54.9,16.0,eso.bg,false,
2022-06-23 21:00:00,Bulgaria,Bulgaria,BG,460.58,477.85,52.8,10.57,eso.bg,false,
2022-06-23 22:00:00,Bulgaria,Bulgaria,BG,456.79,473.79,53.27,9.37,eso.bg,false,
2022-06-23 23:00:00,Bulgaria,Bulgaria,BG,433.14,450.29,55.35,8.97,eso.bg,false,
2022-06-24 00:00:00,Bulgaria,Bulgaria,BG,432.35,449.62,55.36,8.21,eso.bg,false,
2022-06-24 01:00:00,Bulgaria,Bulgaria,BG,414.94,432.11,57.03,10.14,eso.bg,false,
2022-06-24 02:00:00,Bulgaria,Bulgaria,BG,405.93,423.11,57.84,11.26,eso.bg,false,
2022-06-24 03:00:00,Bulgaria,Bulgaria,BG,429.65,446.37,55.97,12.94,eso.bg,false,
2022-06-24 04:00:00,Bulgaria,Bulgaria,BG,445.45,461.97,54.75,13.52,eso.bg,false,
2022-06-24 05:00:00,Bulgaria,Bulgaria,BG,446.89,463.75,54.74,14.9,eso.bg,false,
2022-06-24 06:00:00,Bulgaria,Bulgaria,BG,443.15,460.15,55.3,17.48,eso.bg,false,
2022-06-24 07:00:00,Bulgaria,Bulgaria,BG,417.93,435.64,57.5,19.12,eso.bg,false,
2022-06-24 08:00:00,Bulgaria,Bulgaria,BG,376.21,394.41,61.39,21.8,eso.bg,false,
2022-06-24 09:00:00,Bulgaria,Bulgaria,BG,348.55,367.02,63.84,23.4,eso.bg,false,
2022-06-24 10:00:00,Bulgaria,Bulgaria,BG,348.87,367.2,63.83,23.47,eso.bg,false,
2022-06-24 11:00:00,Bulgaria,Bulgaria,BG,359.96,378.14,62.81,22.43,eso.bg,false,
2022-06-24 12:00:00,Bulgaria,Bulgaria,BG,377.73,395.82,61.15,20.94,eso.bg,false,
2022-06-24 13:00:00,Bulgaria,Bulgaria,BG,400.06,418.08,59.04,18.5,eso.bg,false,
2022-06-24 14:00:00,Bulgaria,Bulgaria,BG,406.6,424.34,58.43,18.08,eso.bg,false,
2022-06-24 15:00:00,Bulgaria,Bulgaria,BG,422.33,439.26,57.12,18.64,eso.bg,false,
2022-06-24 16:00:00,Bulgaria,Bulgaria,BG,422.81,438.88,57.28,20.85,eso.bg,false,
2022-06-24 17:00:00,Bulgaria,Bulgaria,BG,423.23,438.9,57.23,20.58,eso.bg,false,
2022-06-24 18:00:00,Bulgaria,Bulgaria,BG,425.21,440.78,57.09,20.5,eso.bg,false,
2022-06-24 19:00:00,Bulgaria,Bulgaria,BG,424.6,440.25,57.11,20.12,eso.bg,false,
2022-06-24 20:00:00,Bulgaria,Bulgaria,BG,429.43,445.63,56.31,15.98,eso.bg,false,
2022-06-24 21:00:00,Bulgaria,Bulgaria,BG,457.47,473.86,53.61,11.43,eso.bg,false,
2022-06-24 22:00:00,Bulgaria,Bulgaria,BG,468.02,484.38,52.59,9.72,eso.bg,false,
2022-06-24 23:00:00,Bulgaria,Bulgaria,BG,478.43,494.75,51.62,8.18,eso.bg,false,
2022-06-25 00:00:00,Bulgaria,Bulgaria,BG,489.93,506.27,50.58,7.58,eso.bg,false,
2022-06-25 01:00:00,Bulgaria,Bulgaria,BG,494.72,511.1,50.08,6.92,eso.bg,false,
2022-06-25 02:00:00,Bulgaria,Bulgaria,BG,486.71,503.16,50.8,7.43,eso.bg,false,
2022-06-25 03:00:00,Bulgaria,Bulgaria,BG,486.01,502.34,50.93,7.9,eso.bg,false,
2022-06-25 04:00:00,Bulgaria,Bulgaria,BG,477.24,493.62,51.91,10.55,eso.bg,false,
2022-06-25 05:00:00,Bulgaria,Bulgaria,BG,457.64,474.06,53.93,14.82,eso.bg,false,
2022-06-25 06:00:00,Bulgaria,Bulgaria,BG,443.88,460.87,55.23,17.07,eso.bg,false,
2022-06-25 07:00:00,Bulgaria,Bulgaria,BG,439.28,456.48,55.75,18.23,eso.bg,false,
2022-06-25 08:00:00,Bulgaria,Bulgaria,BG,431.56,448.89,56.53,19.53,eso.bg,false,
2022-06-25 09:00:00,Bulgaria,Bulgaria,BG,421.64,439.14,57.45,20.26,eso.bg,false,
2022-06-25 10:00:00,Bulgaria,Bulgaria,BG,430.26,447.7,56.6,18.93,eso.bg,false,
2022-06-25 11:00:00,Bulgaria,Bulgaria,BG,435.12,452.54,56.12,18.57,eso.bg,false,
2022-06-25 12:00:00,Bulgaria,Bulgaria,BG,443.56,460.94,55.23,17.39,eso.bg,false,
2022-06-25 13:00:00,Bulgaria,Bulgaria,BG,443.67,461.2,55.05,17.11,eso.bg,false,
2022-06-25 14:00:00,Bulgaria,Bulgaria,BG,432.79,450.01,56.01,18.93,eso.bg,false,
2022-06-25 15:00:00,Bulgaria,Bulgaria,BG,431.52,448.21,56.18,19.15,eso.bg,false,
2022-06-25 16:00:00,Bulgaria,Bulgaria,BG,426.01,442.47,56.66,20.12,eso.bg,false,
2022-06-25 17:00:00,Bulgaria,Bulgaria,BG,429.93,446.35,56.18,19.36,eso.bg,false,
2022-06-25 18:00:00,Bulgaria,Bulgaria,BG,430.24,446.67,56.12,19.33,eso.bg,false,
2022-06-25 19:00:00,Bulgaria,Bulgaria,BG,460.89,477.98,52.88,13.7,eso.bg,false,
2022-06-25 20:00:00,Bulgaria,Bulgaria,BG,479.57,496.45,51.2,10.17,eso.bg,false,
2022-06-25 21:00:00,Bulgaria,Bulgaria,BG,498.47,515.6,49.27,6.65,eso.bg,false,
2022-06-25 22:00:00,Bulgaria,Bulgaria,BG,510.35,527.61,48.07,4.25,eso.bg,false,
2022-06-25 23:00:00,Bulgaria,Bulgaria,BG,500.78,518.05,48.97,6.02,eso.bg,false,
2022-06-26 00:00:00,Bulgaria,Bulgaria,BG,495.42,512.93,49.34,5.46,eso.bg,false,
2022-06-26 01:00:00,Bulgaria,Bulgaria,BG,494.2,511.7,49.46,5.52,eso.bg,false,
2022-06-26 02:00:00,Bulgaria,Bulgaria,BG,501.72,519.14,48.8,5.34,eso.bg,false,
2022-06-26 03:00:00,Bulgaria,Bulgaria,BG,488.6,506.06,49.98,5.94,eso.bg,false,
2022-06-26 04:00:00,Bulgaria,Bulgaria,BG,485.38,502.77,50.4,7.3,eso.bg,false,
2022-06-26 05:00:00,Bulgaria,Bulgaria,BG,469.2,486.83,52.04,10.38,eso.bg,false,
2022-06-26 06:00:00,Bulgaria,Bulgaria,BG,460.65,478.31,53.02,13.17,eso.bg,false,
2022-06-26 07:00:00,Bulgaria,Bulgaria,BG,439.26,457.17,55.13,16.07,eso.bg,false,
2022-06-26 08:00:00,Bulgaria,Bulgaria,BG,421.06,439.36,56.88,18.67,eso.bg,false,
2022-06-26 09:00:00,Bulgaria,Bulgaria,BG,425.17,443.4,56.51,18.33,eso.bg,false,
2022-06-26 10:00:00,Bulgaria,Bulgaria,BG,434.26,452.45,55.67,17.67,eso.bg,false,
2022-06-26 11:00:00,Bulgaria,Bulgaria,BG,449.55,467.64,54.17,15.5,eso.bg,false,
2022-06-26 12:00:00,Bulgaria,Bulgaria,BG,458.04,475.76,53.38,14.59,eso.bg,false,
2022-06-26 13:00:00,Bulgaria,Bulgaria,BG,451.84,469.48,53.98,15.0,eso.bg,false,
2022-06-26 14:00:00,Bulgaria,Bulgaria,BG,456.57,473.7,53.57,14.9,eso.bg,false,
2022-06-26 15:00:00,Bulgaria,Bulgaria,BG,444.12,461.3,54.64,16.65,eso.bg,false,
2022-06-26 16:00:00,Bulgaria,Bulgaria,BG,452.7,469.5,53.96,15.57,eso.bg,false,
2022-06-26 17:00:00,Bulgaria,Bulgaria,BG,442.08,458.97,54.78,16.67,eso.bg,false,
2022-06-26 18:00:00,Bulgaria,Bulgaria,BG,430.12,446.72,56.05,17.85,eso.bg,false,
2022-06-26 19:00:00,Bulgaria,Bulgaria,BG,439.95,456.88,54.95,16.23,eso.bg,false,
2022-06-26 20:00:00,Bulgaria,Bulgaria,BG,475.23,492.41,51.46,10.34,eso.bg,false,
2022-06-26 21:00:00,Bulgaria,Bulgaria,BG,488.87,506.09,50.15,7.16,eso.bg,false,
2022-06-26 22:00:00,Bulgaria,Bulgaria,BG,472.82,490.18,51.57,8.09,eso.bg,false,
2022-06-26 23:00:00,Bulgaria,Bulgaria,BG,466.77,484.32,52.01,7.7,eso.bg,false,
2022-06-27 00:00:00,Bulgaria,Bulgaria,BG,462.07,479.74,52.38,7.87,eso.bg,false,
2022-06-27 01:00:00,Bulgaria,Bulgaria,BG,467.96,485.51,51.91,7.81,eso.bg,false,
2022-06-27 02:00:00,Bulgaria,Bulgaria,BG,459.82,477.49,52.62,8.57,eso.bg,false,
2022-06-27 03:00:00,Bulgaria,Bulgaria,BG,452.86,470.51,53.25,8.75,eso.bg,false,
2022-06-27 04:00:00,Bulgaria,Bulgaria,BG,470.39,488.03,51.78,10.07,eso.bg,false,
2022-06-27 05:00:00,Bulgaria,Bulgaria,BG,450.94,470.23,53.27,14.93,eso.bg,false,
2022-06-27 06:00:00,Bulgaria,Bulgaria,BG,438.32,456.32,55.27,17.05,eso.bg,false,
2022-06-27 07:00:00,Bulgaria,Bulgaria,BG,424.2,442.23,56.74,19.03,eso.bg,false,
2022-06-27 08:00:00,Bulgaria,Bulgaria,BG,412.04,430.23,57.91,20.55,eso.bg,false,
2022-06-27 09:00:00,Bulgaria,Bulgaria,BG,421.85,440.17,56.97,19.39,eso.bg,false,
2022-06-27 10:00:00,Bulgaria,Bulgaria,BG,427.12,445.29,56.48,19.28,eso.bg,false,
2022-06-27 11:00:00,Bulgaria,Bulgaria,BG,422.02,440.14,56.98,20.0,eso.bg,false,
2022-06-27 12:00:00,Bulgaria,Bulgaria,BG,424.19,442.02,56.78,19.68,eso.bg,false,
2022-06-27 13:00:00,Bulgaria,Bulgaria,BG,418.68,436.54,57.26,20.73,eso.bg,false,
2022-06-27 14:00:00,Bulgaria,Bulgaria,BG,426.34,444.46,56.26,19.33,eso.bg,false,
2022-06-27 15:00:00,Bulgaria,Bulgaria,BG,426.19,443.64,56.44,19.52,eso.bg,false,
2022-06-27 16:00:00,Bulgaria,Bulgaria,BG,412.78,429.46,57.83,22.02,eso.bg,false,
2022-06-27 17:00:00,Bulgaria,Bulgaria,BG,409.14,425.86,58.08,22.81,eso.bg,false,
2022-06-27 18:00:00,Bulgaria,Bulgaria,BG,398.77,415.65,58.91,22.65,eso.bg,false,
2022-06-27 19:00:00,Bulgaria,Bulgaria,BG,411.1,427.87,57.79,20.6,eso.bg,false,
2022-06-27 20:00:00,Bulgaria,Bulgaria,BG,426.42,443.17,56.32,16.77,eso.bg,false,
2022-06-27 21:00:00,Bulgaria,Bulgaria,BG,442.95,460.0,54.56,12.84,eso.bg,false,
2022-06-27 22:00:00,Bulgaria,Bulgaria,BG,448.55,465.73,53.99,11.51,eso.bg,false,
2022-06-27 23:00:00,Bulgaria,Bulgaria,BG,452.7,469.99,53.54,11.03,eso.bg,false,
2022-06-28 00:00:00,Bulgaria,Bulgaria,BG,457.32,474.71,53.07,10.63,eso.bg,false,
2022-06-28 01:00:00,Bulgaria,Bulgaria,BG,467.44,484.7,52.16,9.84,eso.bg,false,
2022-06-28 02:00:00,Bulgaria,Bulgaria,BG,472.7,489.98,51.7,9.76,eso.bg,false,
2022-06-28 03:00:00,Bulgaria,Bulgaria,BG,455.51,472.66,53.38,12.03,eso.bg,false,
2022-06-28 04:00:00,Bulgaria,Bulgaria,BG,451.1,468.26,53.93,13.96,eso.bg,false,
2022-06-28 05:00:00,Bulgaria,Bulgaria,BG,439.23,456.76,55.03,16.61,eso.bg,false,
2022-06-28 06:00:00,Bulgaria,Bulgaria,BG,433.79,451.6,55.66,17.92,eso.bg,false,
2022-06-28 07:00:00,Bulgaria,Bulgaria,BG,431.66,450.03,55.74,18.72,eso.bg,false,
2022-06-28 08:00:00,Bulgaria,Bulgaria,BG,423.8,442.76,56.34,20.21,eso.bg,false,
2022-06-28 09:00:00,Bulgaria,Bulgaria,BG,431.2,449.08,56.13,18.35,eso.bg,false,
2022-06-28 10:00:00,Bulgaria,Bulgaria,BG,425.84,444.37,56.32,19.41,eso.bg,false,
2022-06-28 11:00:00,Bulgaria,Bulgaria,BG,438.5,456.91,55.16,17.09,eso.bg,false,
2022-06-28 12:00:00,Bulgaria,Bulgaria,BG,417.71,436.4,57.01,20.23,eso.bg,false,
2022-06-28 13:00:00,Bulgaria,Bulgaria,BG,431.51,450.12,55.61,19.13,eso.bg,false,
2022-06-28 14:00:00,Bulgaria,Bulgaria,BG,439.21,458.2,55.22,18.77,eso.bg,false,
2022-06-28 15:00:00,Bulgaria,Bulgaria,BG,429.86,446.86,56.18,19.62,eso.bg,false,
2022-06-28 16:00:00,Bulgaria,Bulgaria,BG,409.68,426.1,58.2,22.35,eso.bg,false,
2022-06-28 17:00:00,Bulgaria,Bulgaria,BG,407.04,423.21,58.47,22.9,eso.bg,false,
2022-06-28 18:00:00,Bulgaria,Bulgaria,BG,411.29,427.65,57.96,22.33,eso.bg,false,
2022-06-28 19:00:00,Bulgaria,Bulgaria,BG,433.56,450.3,55.54,18.11,eso.bg,false,
2022-06-28 20:00:00,Bulgaria,Bulgaria,BG,458.44,475.89,52.78,13.01,eso.bg,false,
2022-06-28 21:00:00,Bulgaria,Bulgaria,BG,475.15,491.87,51.48,8.35,eso.bg,false,
2022-06-28 22:00:00,Bulgaria,Bulgaria,BG,481.23,497.9,50.94,7.3,eso.bg,false,
2022-06-28 23:00:00,Bulgaria,Bulgaria,BG,475.69,492.47,51.38,7.16,eso.bg,false,
2022-06-29 00:00:00,Bulgaria,Bulgaria,BG,459.53,476.49,52.82,8.57,eso.bg,false,
2022-06-29 01:00:00,Bulgaria,Bulgaria,BG,437.71,454.72,54.83,10.55,eso.bg,false,
2022-06-29 02:00:00,Bulgaria,Bulgaria,BG,439.5,456.46,54.7,10.74,eso.bg,false,
2022-06-29 03:00:00,Bulgaria,Bulgaria,BG,452.51,469.28,53.65,11.12,eso.bg,false,
2022-06-29 04:00:00,Bulgaria,Bulgaria,BG,451.92,468.67,53.85,12.57,eso.bg,false,
2022-06-29 05:00:00,Bulgaria,Bulgaria,BG,438.9,456.1,55.12,15.19,eso.bg,false,
2022-06-29 06:00:00,Bulgaria,Bulgaria,BG,434.82,452.25,55.66,16.53,eso.bg,false,
2022-06-29 07:00:00,Bulgaria,Bulgaria,BG,426.64,444.51,56.46,17.69,eso.bg,false,
2022-06-29 08:00:00,Bulgaria,Bulgaria,BG,399.02,417.29,59.01,20.3,eso.bg,false,
2022-06-29 09:00:00,Bulgaria,Bulgaria,BG,398.06,416.23,59.16,20.4,eso.bg,false,
2022-06-29 10:00:00,Bulgaria,Bulgaria,BG,362.74,381.08,62.46,24.03,eso.bg,false,
2022-06-29 11:00:00,Bulgaria,Bulgaria,BG,361.1,379.21,62.66,24.32,eso.bg,false,
2022-06-29 12:00:00,Bulgaria,Bulgaria,BG,360.0,378.0,62.8,24.56,eso.bg,false,
2022-06-29 13:00:00,Bulgaria,Bulgaria,BG,359.15,376.75,62.88,24.73,eso.bg,false,
2022-06-29 14:00:00,Bulgaria,Bulgaria,BG,359.79,378.12,62.33,25.01,eso.bg,false,
2022-06-29 15:00:00,Bulgaria,Bulgaria,BG,353.4,371.18,62.99,26.49,eso.bg,false,
2022-06-29 16:00:00,Bulgaria,Bulgaria,BG,345.36,362.47,63.79,28.25,eso.bg,false,
2022-06-29 17:00:00,Bulgaria,Bulgaria,BG,347.56,363.88,63.8,27.59,eso.bg,false,
2022-06-29 18:00:00,Bulgaria,Bulgaria,BG,351.4,367.71,63.41,26.72,eso.bg,false,
2022-06-29 19:00:00,Bulgaria,Bulgaria,BG,363.8,380.94,61.84,24.44,eso.bg,false,
2022-06-29 20:00:00,Bulgaria,Bulgaria,BG,386.65,404.01,59.54,19.63,eso.bg,false,
2022-06-29 21:00:00,Bulgaria,Bulgaria,BG,406.59,423.67,57.89,14.41,eso.bg,false,
2022-06-29 22:00:00,Bulgaria,Bulgaria,BG,429.1,445.66,56.08,9.75,eso.bg,false,
2022-06-29 23:00:00,Bulgaria,Bulgaria,BG,456.23,473.04,53.32,5.14,eso.bg,false,
2022-06-30 00:00:00,Bulgaria,Bulgaria,BG,461.9,478.81,52.77,4.71,eso.bg,false,
2022-06-30 01:00:00,Bulgaria,Bulgaria,BG,484.66,501.26,50.82,4.55,eso.bg,false,
2022-06-30 02:00:00,Bulgaria,Bulgaria,BG,484.74,501.31,50.81,4.64,eso.bg,false,
2022-06-30 03:00:00,Bulgaria,Bulgaria,BG,474.59,491.08,51.84,6.49,eso.bg,false,
2022-06-30 04:00:00,Bulgaria,Bulgaria,BG,441.99,459.17,54.74,12.57,eso.bg,false,
2022-06-30 05:00:00,Bulgaria,Bulgaria,BG,429.44,447.05,55.96,15.26,eso.bg,false,
2022-06-30 06:00:00,Bulgaria,Bulgaria,BG,421.26,439.83,56.57,17.2,eso.bg,false,
2022-06-30 07:00:00,Bulgaria,Bulgaria,BG,415.88,434.74,57.18,18.29,eso.bg,false,
2022-06-30 08:00:00,Bulgaria,Bulgaria,BG,414.45,432.86,57.68,19.73,eso.bg,false,
2022-06-30 09:00:00,Bulgaria,Bulgaria,BG,419.82,437.74,57.45,19.97,eso.bg,false,
2022-06-30 10:00:00,Bulgaria,Bulgaria,BG,421.04,438.78,57.45,19.69,eso.bg,false,
2022-06-30 11:00:00,Bulgaria,Bulgaria,BG,412.13,429.87,58.39,21.42,eso.bg,false,
2022-06-30 12:00:00,Bulgaria,Bulgaria,BG,417.84,435.54,57.81,20.36,eso.bg,false,
2022-06-30 13:00:00,Bulgaria,Bulgaria,BG,415.68,432.7,58.2,20.77,eso.bg,false,
2022-06-30 14:00:00,Bulgaria,Bulgaria,BG,421.51,438.23,57.58,19.42,eso.bg,false,
2022-06-30 15:00:00,Bulgaria,Bulgaria,BG,405.48,421.34,59.27,22.38,eso.bg,false,
2022-06-30 16:00:00,Bulgaria,Bulgaria,BG,397.28,412.48,60.09,24.05,eso.bg,false,
2022-06-30 17:00:00,Bulgaria,Bulgaria,BG,404.78,420.74,58.9,22.81,eso.bg,false,
2022-06-30 18:00:00,Bulgaria,Bulgaria,BG,406.77,423.08,58.5,22.69,eso.bg,false,
2022-06-30 19:00:00,Bulgaria,Bulgaria,BG,420.02,436.22,57.32,20.09,eso.bg,false,
2022-06-30 20:00:00,Bulgaria,Bulgaria,BG,451.59,468.61,53.91,14.19,eso.bg,false,
2022-06-30 21:00:00,Bulgaria,Bulgaria,BG,469.52,486.21,52.26,6.78,eso.bg,false,
2022-06-30 22:00:00,Bulgaria,Bulgaria,BG,481.0,497.11,51.4,4.15,eso.bg,false,
2022-06-30 23:00:00,Bulgaria,Bulgaria,BG,511.37,527.35,48.7,3.53,eso.bg,false,
2022-07-01 00:00:00,Bulgaria,Bulgaria,BG,500.01,516.22,49.65,3.54,eso.bg,false,
2022-07-01 01:00:00,Bulgaria,Bulgaria,BG,506.46,522.63,49.07,3.48,eso.bg,false,
2022-07-01 02:00:00,Bulgaria,Bulgaria,BG,498.07,514.24,49.8,3.64,eso.bg,false,
2022-07-01 03:00:00,Bulgaria,Bulgaria,BG,491.14,507.26,50.51,5.05,eso.bg,false,
2022-07-01 04:00:00,Bulgaria,Bulgaria,BG,473.95,490.32,52.18,8.73,eso.bg,false,
2022-07-01 05:00:00,Bulgaria,Bulgaria,BG,448.67,466.07,54.4,13.15,eso.bg,false,
2022-07-01 06:00:00,Bulgaria,Bulgaria,BG,455.89,474.21,53.58,14.82,eso.bg,false,
2022-07-01 07:00:00,Bulgaria,Bulgaria,BG,448.77,467.56,54.19,16.45,eso.bg,false,
2022-07-01 08:00:00,Bulgaria,Bulgaria,BG,434.36,453.41,55.5,18.97,eso.bg,false,
2022-07-01 09:00:00,Bulgaria,Bulgaria,BG,423.5,442.42,56.65,20.26,eso.bg,false,
2022-07-01 10:00:00,Bulgaria,Bulgaria,BG,428.9,447.21,56.3,19.23,eso.bg,false,
2022-07-01 11:00:00,Bulgaria,Bulgaria,BG,430.12,449.13,55.87,19.42,eso.bg,false,
2022-07-01 12:00:00,Bulgaria,Bulgaria,BG,428.73,447.89,55.89,19.38,eso.bg,false,
2022-07-01 13:00:00,Bulgaria,Bulgaria,BG,432.79,452.03,55.4,18.81,eso.bg,false,
2022-07-01 14:00:00,Bulgaria,Bulgaria,BG,434.15,452.92,55.25,18.16,eso.bg,false,
2022-07-01 15:00:00,Bulgaria,Bulgaria,BG,423.63,441.72,56.46,19.99,eso.bg,false,
2022-07-01 16:00:00,Bulgaria,Bulgaria,BG,419.38,435.72,57.41,20.75,eso.bg,false,
2022-07-01 17:00:00,Bulgaria,Bulgaria,BG,423.19,439.15,57.1,20.25,eso.bg,false,
2022-07-01 18:00:00,Bulgaria,Bulgaria,BG,432.16,448.62,56.0,18.68,eso.bg,false,
2022-07-01 19:00:00,Bulgaria,Bulgaria,BG,439.11,456.65,54.85,17.61,eso.bg,false,
2022-07-01 20:00:00,Bulgaria,Bulgaria,BG,468.47,486.42,51.84,11.83,eso.bg,false,
2022-07-01 21:00:00,Bulgaria,Bulgaria,BG,485.38,502.57,50.5,7.04,eso.bg,false,
2022-07-01 22:00:00,Bulgaria,Bulgaria,BG,498.03,514.81,49.49,4.25,eso.bg,false,
2022-07-01 23:00:00,Bulgaria,Bulgaria,BG,485.39,502.3,50.61,5.24,eso.bg,false,
2022-07-02 00:00:00,Bulgaria,Bulgaria,BG,490.57,507.42,50.14,5.15,eso.bg,false,
2022-07-02 01:00:00,Bulgaria,Bulgaria,BG,483.69,500.68,50.72,5.21,eso.bg,false,
2022-07-02 02:00:00,Bulgaria,Bulgaria,BG,491.91,508.84,49.96,4.2,eso.bg,false,
2022-07-02 03:00:00,Bulgaria,Bulgaria,BG,499.62,516.54,49.26,4.09,eso.bg,false,
2022-07-02 04:00:00,Bulgaria,Bulgaria,BG,487.1,504.11,50.53,6.19,eso.bg,false,
2022-07-02 05:00:00,Bulgaria,Bulgaria,BG,456.87,474.22,53.52,11.1,eso.bg,false,
2022-07-02 06:00:00,Bulgaria,Bulgaria,BG,445.78,463.21,54.8,15.23,eso.bg,false,
2022-07-02 07:00:00,Bulgaria,Bulgaria,BG,419.0,436.65,57.41,18.75,eso.bg,false,
2022-07-02 08:00:00,Bulgaria,Bulgaria,BG,407.9,425.89,58.43,19.61,eso.bg,false,
2022-07-02 09:00:00,Bulgaria,Bulgaria,BG,405.32,423.54,58.66,19.8,eso.bg,false,
2022-07-02 10:00:00,Bulgaria,Bulgaria,BG,404.73,422.99,58.74,19.88,eso.bg,false,
2022-07-02 11:00:00,Bulgaria,Bulgaria,BG,413.36,431.42,57.96,18.99,eso.bg,false,
2022-07-02 12:00:00,Bulgaria,Bulgaria,BG,420.58,438.7,57.21,18.02,eso.bg,false,
2022-07-02 13:00:00,Bulgaria,Bulgaria,BG,429.93,447.59,56.35,17.27,eso.bg,false,
2022-07-02 14:00:00,Bulgaria,Bulgaria,BG,444.88,462.14,54.87,14.85,eso.bg,false,
2022-07-02 15:00:00,Bulgaria,Bulgaria,BG,441.21,458.01,55.25,15.87,eso.bg,false,
2022-07-02 16:00:00,Bulgaria,Bulgaria,BG,431.63,448.5,55.95,17.75,eso.bg,false,
2022-07-02 17:00:00,Bulgaria,Bulgaria,BG,420.71,437.39,56.95,19.8,eso.bg,false,
2022-07-02 18:00:00,Bulgaria,Bulgaria,BG,412.29,429.12,57.68,21.08,eso.bg,false,
2022-07-02 19:00:00,Bulgaria,Bulgaria,BG,422.29,440.14,56.3,18.97,eso.bg,false,
2022-07-02 20:00:00,Bulgaria,Bulgaria,BG,446.63,464.89,53.78,13.78,eso.bg,false,
2022-07-02 21:00:00,Bulgaria,Bulgaria,BG,469.65,487.38,51.79,8.4,eso.bg,false,
2022-07-02 22:00:00,Bulgaria,Bulgaria,BG,476.77,493.65,51.47,5.12,eso.bg,false,
2022-07-02 23:00:00,Bulgaria,Bulgaria,BG,474.06,490.98,51.65,4.41,eso.bg,false,
2022-07-03 00:00:00,Bulgaria,Bulgaria,BG,474.75,491.67,51.59,4.24,eso.bg,false,
2022-07-03 01:00:00,Bulgaria,Bulgaria,BG,473.75,490.28,51.9,4.36,eso.bg,false,
2022-07-03 02:00:00,Bulgaria,Bulgaria,BG,474.01,490.45,51.93,4.46,eso.bg,false,
2022-07-03 03:00:00,Bulgaria,Bulgaria,BG,471.53,487.93,52.18,4.96,eso.bg,false,
2022-07-03 04:00:00,Bulgaria,Bulgaria,BG,461.88,478.5,53.13,6.72,eso.bg,false,
2022-07-03 05:00:00,Bulgaria,Bulgaria,BG,452.87,469.69,54.11,9.53,eso.bg,false,
2022-07-03 06:00:00,Bulgaria,Bulgaria,BG,427.32,444.31,56.78,15.3,eso.bg,false,
2022-07-03 07:00:00,Bulgaria,Bulgaria,BG,410.79,428.02,58.45,18.52,eso.bg,false,
2022-07-03 08:00:00,Bulgaria,Bulgaria,BG,390.68,408.14,60.37,20.8,eso.bg,false,
2022-07-03 09:00:00,Bulgaria,Bulgaria,BG,388.18,405.72,60.65,21.64,eso.bg,false,
2022-07-03 10:00:00,Bulgaria,Bulgaria,BG,388.36,405.93,60.64,21.77,eso.bg,false,
2022-07-03 11:00:00,Bulgaria,Bulgaria,BG,418.26,435.69,57.82,18.65,eso.bg,false,
2022-07-03 12:00:00,Bulgaria,Bulgaria,BG,427.08,444.39,57.02,17.53,eso.bg,false,
2022-07-03 13:00:00,Bulgaria,Bulgaria,BG,435.57,452.98,56.07,16.73,eso.bg,false,
2022-07-03 14:00:00,Bulgaria,Bulgaria,BG,423.69,440.83,57.08,17.32,eso.bg,false,
2022-07-03 15:00:00,Bulgaria,Bulgaria,BG,420.48,437.04,57.38,17.85,eso.bg,false,
2022-07-03 16:00:00,Bulgaria,Bulgaria,BG,427.71,444.65,56.32,16.71,eso.bg,false,
2022-07-03 17:00:00,Bulgaria,Bulgaria,BG,425.89,443.68,56.03,17.31,eso.bg,false,
2022-07-03 18:00:00,Bulgaria,Bulgaria,BG,431.14,448.59,55.63,15.96,eso.bg,false,
2022-07-03 19:00:00,Bulgaria,Bulgaria,BG,434.76,452.17,55.27,15.33,eso.bg,false,
2022-07-03 20:00:00,Bulgaria,Bulgaria,BG,460.07,477.0,53.05,10.33,eso.bg,false,
2022-07-03 21:00:00,Bulgaria,Bulgaria,BG,475.43,492.44,51.43,4.62,eso.bg,false,
2022-07-03 22:00:00,Bulgaria,Bulgaria,BG,490.33,507.25,50.2,4.16,eso.bg,false,
2022-07-03 23:00:00,Bulgaria,Bulgaria,BG,500.31,517.11,49.27,3.73,eso.bg,false,
2022-07-04 00:00:00,Bulgaria,Bulgaria,BG,495.46,512.93,49.45,4.43,eso.bg,false,
2022-07-04 01:00:00,Bulgaria,Bulgaria,BG,488.85,506.27,50.07,4.45,eso.bg,false,
2022-07-04 02:00:00,Bulgaria,Bulgaria,BG,493.07,510.6,49.66,4.72,eso.bg,false,
2022-07-04 03:00:00,Bulgaria,Bulgaria,BG,478.62,497.69,50.39,7.07,eso.bg,false,
2022-07-04 04:00:00,Bulgaria,Bulgaria,BG,457.35,476.66,52.46,12.05,eso.bg,false,
2022-07-04 05:00:00,Bulgaria,Bulgaria,BG,432.7,452.4,54.82,16.58,eso.bg,false,
2022-07-04 06:00:00,Bulgaria,Bulgaria,BG,414.82,434.8,56.63,19.55,eso.bg,false,
2022-07-04 07:00:00,Bulgaria,Bulgaria,BG,409.71,429.86,57.17,20.44,eso.bg,false,
2022-07-04 08:00:00,Bulgaria,Bulgaria,BG,414.76,435.0,56.74,20.5,eso.bg,false,
2022-07-04 09:00:00,Bulgaria,Bulgaria,BG,410.07,430.35,57.33,21.68,eso.bg,false,
2022-07-04 10:00:00,Bulgaria,Bulgaria,BG,399.34,419.01,58.65,23.58,eso.bg,false,
2022-07-04 11:00:00,Bulgaria,Bulgaria,BG,401.84,421.16,58.55,23.34,eso.bg,false,
2022-07-04 12:00:00,Bulgaria,Bulgaria,BG,398.98,418.46,58.64,23.66,eso.bg,false,
2022-07-04 13:00:00,Bulgaria,Bulgaria,BG,397.93,417.3,58.67,24.02,eso.bg,false,
2022-07-04 14:00:00,Bulgaria,Bulgaria,BG,404.0,423.49,57.84,22.89,eso.bg,false,
2022-07-04 15:00:00,Bulgaria,Bulgaria,BG,404.22,423.05,57.9,22.84,eso.bg,false,
2022-07-04 16:00:00,Bulgaria,Bulgaria,BG,396.97,415.03,58.66,24.17,eso.bg,false,
2022-07-04 17:00:00,Bulgaria,Bulgaria,BG,403.45,421.47,57.96,22.99,eso.bg,false,
2022-07-04 18:00:00,Bulgaria,Bulgaria,BG,410.83,429.25,57.04,21.68,eso.bg,false,
2022-07-04 19:00:00,Bulgaria,Bulgaria,BG,426.08,444.39,55.67,18.69,eso.bg,false,
2022-07-04 20:00:00,Bulgaria,Bulgaria,BG,450.94,469.19,53.29,13.85,eso.bg,false,
2022-07-04 21:00:00,Bulgaria,Bulgaria,BG,481.46,498.78,50.81,7.4,eso.bg,false,
2022-07-04 22:00:00,Bulgaria,Bulgaria,BG,474.36,491.77,51.32,5.17,eso.bg,false,
2022-07-04 23:00:00,Bulgaria,Bulgaria,BG,478.82,497.17,50.47,4.87,eso.bg,false,
2022-07-05 00:00:00,Bulgaria,Bulgaria,BG,470.04,488.82,51.08,5.15,eso.bg,false,
2022-07-05 01:00:00,Bulgaria,Bulgaria,BG,467.33,486.28,51.24,5.27,eso.bg,false,
2022-07-05 02:00:00,Bulgaria,Bulgaria,BG,463.58,482.51,51.62,5.43,eso.bg,false,
2022-07-05 03:00:00,Bulgaria,Bulgaria,BG,458.28,477.8,51.9,6.43,eso.bg,false,
2022-07-05 04:00:00,Bulgaria,Bulgaria,BG,451.19,471.23,52.58,10.81,eso.bg,false,
2022-07-05 05:00:00,Bulgaria,Bulgaria,BG,428.06,448.66,54.77,14.99,eso.bg,false,
2022-07-05 06:00:00,Bulgaria,Bulgaria,BG,415.18,435.34,56.44,17.99,eso.bg,false,
2022-07-05 07:00:00,Bulgaria,Bulgaria,BG,402.84,422.7,57.91,20.1,eso.bg,false,
2022-07-05 08:00:00,Bulgaria,Bulgaria,BG,390.58,411.23,58.81,20.87,eso.bg,false,
2022-07-05 09:00:00,Bulgaria,Bulgaria,BG,393.87,413.34,59.16,21.4,eso.bg,false,
2022-07-05 10:00:00,Bulgaria,Bulgaria,BG,388.57,408.28,59.56,22.68,eso.bg,false,
2022-07-05 11:00:00,Bulgaria,Bulgaria,BG,388.83,408.35,59.59,22.6,eso.bg,false,
2022-07-05 12:00:00,Bulgaria,Bulgaria,BG,392.7,412.65,58.97,21.8,eso.bg,false,
2022-07-05 13:00:00,Bulgaria,Bulgaria,BG,396.56,416.04,58.66,21.47,eso.bg,false,
2022-07-05 14:00:00,Bulgaria,Bulgaria,BG,400.89,419.42,58.5,20.34,eso.bg,false,
2022-07-05 15:00:00,Bulgaria,Bulgaria,BG,398.76,416.22,58.98,21.22,eso.bg,false,
2022-07-05 16:00:00,Bulgaria,Bulgaria,BG,404.46,421.53,58.39,21.83,eso.bg,false,
2022-07-05 17:00:00,Bulgaria,Bulgaria,BG,411.46,428.43,57.7,20.86,eso.bg,false,
2022-07-05 18:00:00,Bulgaria,Bulgaria,BG,413.13,430.03,57.54,20.24,eso.bg,false,
2022-07-05 19:00:00,Bulgaria,Bulgaria,BG,418.95,435.87,56.93,19.1,eso.bg,false,
2022-07-05 20:00:00,Bulgaria,Bulgaria,BG,439.85,456.61,55.01,14.66,eso.bg,false,
2022-07-05 21:00:00,Bulgaria,Bulgaria,BG,482.49,499.69,50.74,6.55,eso.bg,false,
2022-07-05 22:00:00,Bulgaria,Bulgaria,BG,509.39,526.5,48.24,3.29,eso.bg,false,
2022-07-05 23:00:00,Bulgaria,Bulgaria,BG,508.05,525.04,48.43,4.63,eso.bg,false,
2022-07-06 00:00:00,Bulgaria,Bulgaria,BG,497.86,515.05,49.31,5.23,eso.bg,false,
2022-07-06 01:00:00,Bulgaria,Bulgaria,BG,497.98,515.27,49.21,5.01,eso.bg,false,
2022-07-06 02:00:00,Bulgaria,Bulgaria,BG,496.51,513.77,49.39,5.56,eso.bg,false,
2022-07-06 03:00:00,Bulgaria,Bulgaria,BG,497.96,515.59,49.06,5.57,eso.bg,false,
2022-07-06 04:00:00,Bulgaria,Bulgaria,BG,491.69,511.05,49.04,8.05,eso.bg,false,
2022-07-06 05:00:00,Bulgaria,Bulgaria,BG,484.73,503.67,50.1,11.0,eso.bg,false,
2022-07-06 06:00:00,Bulgaria,Bulgaria,BG,476.51,495.25,51.21,14.08,eso.bg,false,
2022-07-06 07:00:00,Bulgaria,Bulgaria,BG,470.72,489.15,52.08,15.83,eso.bg,false,
2022-07-06 08:00:00,Bulgaria,Bulgaria,BG,464.7,482.98,52.83,16.8,eso.bg,false,
2022-07-06 09:00:00,Bulgaria,Bulgaria,BG,451.05,469.28,54.2,17.8,eso.bg,false,
2022-07-06 10:00:00,Bulgaria,Bulgaria,BG,450.33,468.19,54.37,18.05,eso.bg,false,
2022-07-06 11:00:00,Bulgaria,Bulgaria,BG,453.29,470.84,54.22,17.04,eso.bg,false,
2022-07-06 12:00:00,Bulgaria,Bulgaria,BG,458.8,476.83,53.35,15.84,eso.bg,false,
2022-07-06 13:00:00,Bulgaria,Bulgaria,BG,457.58,475.65,53.47,15.1,eso.bg,false,
2022-07-06 14:00:00,Bulgaria,Bulgaria,BG,458.81,476.57,53.38,15.45,eso.bg,false,
2022-07-06 15:00:00,Bulgaria,Bulgaria,BG,450.04,467.1,54.33,18.01,eso.bg,false,
2022-07-06 16:00:00,Bulgaria,Bulgaria,BG,431.79,448.42,56.04,19.97,eso.bg,false,
2022-07-06 17:00:00,Bulgaria,Bulgaria,BG,431.99,448.39,56.03,20.21,eso.bg,false,
2022-07-06 18:00:00,Bulgaria,Bulgaria,BG,437.36,453.7,55.51,19.25,eso.bg,false,
2022-07-06 19:00:00,Bulgaria,Bulgaria,BG,448.38,465.03,54.33,16.86,eso.bg,false,
2022-07-06 20:00:00,Bulgaria,Bulgaria,BG,453.13,470.08,53.66,13.92,eso.bg,false,
2022-07-06 21:00:00,Bulgaria,Bulgaria,BG,467.45,484.69,52.15,10.16,eso.bg,false,
2022-07-06 22:00:00,Bulgaria,Bulgaria,BG,469.71,487.12,51.91,9.81,eso.bg,false,
2022-07-06 23:00:00,Bulgaria,Bulgaria,BG,487.84,505.12,50.29,9.19,eso.bg,false,
2022-07-07 00:00:00,Bulgaria,Bulgaria,BG,482.0,499.42,50.74,9.29,eso.bg,false,
2022-07-07 01:00:00,Bulgaria,Bulgaria,BG,465.92,483.5,52.14,9.87,eso.bg,false,
2022-07-07 02:00:00,Bulgaria,Bulgaria,BG,473.12,490.65,51.5,9.46,eso.bg,false,
2022-07-07 03:00:00,Bulgaria,Bulgaria,BG,484.07,501.33,50.63,9.62,eso.bg,false,
2022-07-07 04:00:00,Bulgaria,Bulgaria,BG,489.81,507.02,50.27,10.75,eso.bg,false,
2022-07-07 05:00:00,Bulgaria,Bulgaria,BG,473.0,490.39,51.96,13.65,eso.bg,false,
2022-07-07 06:00:00,Bulgaria,Bulgaria,BG,449.44,467.24,54.18,16.75,eso.bg,false,
2022-07-07 07:00:00,Bulgaria,Bulgaria,BG,457.27,475.45,53.43,16.28,eso.bg,false,
2022-07-07 08:00:00,Bulgaria,Bulgaria,BG,461.32,479.47,53.26,16.75,eso.bg,false,
2022-07-07 09:00:00,Bulgaria,Bulgaria,BG,465.61,483.76,52.82,15.7,eso.bg,false,
2022-07-07 10:00:00,Bulgaria,Bulgaria,BG,456.2,474.25,53.79,18.03,eso.bg,false,
2022-07-07 11:00:00,Bulgaria,Bulgaria,BG,455.82,473.86,53.8,18.04,eso.bg,false,
2022-07-07 12:00:00,Bulgaria,Bulgaria,BG,463.91,481.95,53.06,16.84,eso.bg,false,
2022-07-07 13:00:00,Bulgaria,Bulgaria,BG,462.1,480.07,53.13,16.49,eso.bg,false,
2022-07-07 14:00:00,Bulgaria,Bulgaria,BG,448.83,466.41,54.44,18.42,eso.bg,false,
2022-07-07 15:00:00,Bulgaria,Bulgaria,BG,436.74,453.72,55.65,20.14,eso.bg,false,
2022-07-07 16:00:00,Bulgaria,Bulgaria,BG,426.03,442.55,56.74,22.27,eso.bg,false,
2022-07-07 17:00:00,Bulgaria,Bulgaria,BG,416.53,432.66,57.69,23.23,eso.bg,false,
2022-07-07 18:00:00,Bulgaria,Bulgaria,BG,419.12,435.11,57.48,22.77,eso.bg,false,
2022-07-07 19:00:00,Bulgaria,Bulgaria,BG,430.93,447.07,56.31,20.41,eso.bg,false,
2022-07-07 20:00:00,Bulgaria,Bulgaria,BG,454.72,471.21,53.85,15.71,eso.bg,false,
2022-07-07 21:00:00,Bulgaria,Bulgaria,BG,451.25,468.05,53.94,13.1,eso.bg,false,
2022-07-07 22:00:00,Bulgaria,Bulgaria,BG,458.28,474.77,53.51,11.86,eso.bg,false,
2022-07-07 23:00:00,Bulgaria,Bulgaria,BG,455.07,471.76,53.75,10.15,eso.bg,false,
2022-07-08 00:00:00,Bulgaria,Bulgaria,BG,435.78,452.85,55.35,10.11,eso.bg,false,
2022-07-08 01:00:00,Bulgaria,Bulgaria,BG,452.48,469.06,53.93,9.52,eso.bg,false,
2022-07-08 02:00:00,Bulgaria,Bulgaria,BG,448.0,464.47,54.34,9.45,eso.bg,false,
2022-07-08 03:00:00,Bulgaria,Bulgaria,BG,477.73,493.97,51.79,9.2,eso.bg,false,
2022-07-08 04:00:00,Bulgaria,Bulgaria,BG,506.04,522.04,49.36,9.12,eso.bg,false,
2022-07-08 05:00:00,Bulgaria,Bulgaria,BG,467.32,483.67,53.02,13.29,eso.bg,false,
2022-07-08 06:00:00,Bulgaria,Bulgaria,BG,426.88,443.38,56.98,18.73,eso.bg,false,
2022-07-08 07:00:00,Bulgaria,Bulgaria,BG,415.2,432.24,58.06,19.94,eso.bg,false,
2022-07-08 08:00:00,Bulgaria,Bulgaria,BG,417.34,434.92,57.86,19.76,eso.bg,false,
2022-07-08 09:00:00,Bulgaria,Bulgaria,BG,420.73,438.29,57.56,19.77,eso.bg,false,
2022-07-08 10:00:00,Bulgaria,Bulgaria,BG,422.62,440.04,57.42,19.81,eso.bg,false,
2022-07-08 11:00:00,Bulgaria,Bulgaria,BG,428.88,446.26,56.77,18.7,eso.bg,false,
2022-07-08 12:00:00,Bulgaria,Bulgaria,BG,450.68,467.75,54.67,16.22,eso.bg,false,
2022-07-08 13:00:00,Bulgaria,Bulgaria,BG,446.12,463.09,55.13,17.23,eso.bg,false,
2022-07-08 14:00:00,Bulgaria,Bulgaria,BG,461.98,478.83,53.55,14.44,eso.bg,false,
2022-07-08 15:00:00,Bulgaria,Bulgaria,BG,439.99,456.2,55.69,17.7,eso.bg,false,
2022-07-08 16:00:00,Bulgaria,Bulgaria,BG,425.01,440.56,57.2,20.58,eso.bg,false,
2022-07-08 17:00:00,Bulgaria,Bulgaria,BG,424.27,439.51,57.38,21.0,eso.bg,false,
2022-07-08 18:00:00,Bulgaria,Bulgaria,BG,422.18,437.25,57.64,21.4,eso.bg,false,
2022-07-08 19:00:00,Bulgaria,Bulgaria,BG,445.8,461.13,55.25,17.05,eso.bg,false,
2022-07-08 20:00:00,Bulgaria,Bulgaria,BG,458.68,474.37,53.85,13.15,eso.bg,false,
2022-07-08 21:00:00,Bulgaria,Bulgaria,BG,466.06,482.02,53.03,10.65,eso.bg,false,
2022-07-08 22:00:00,Bulgaria,Bulgaria,BG,470.56,486.65,52.52,9.29,eso.bg,false,
2022-07-08 23:00:00,Bulgaria,Bulgaria,BG,484.13,500.22,51.28,8.98,eso.bg,false,
2022-07-09 00:00:00,Bulgaria,Bulgaria,BG,472.54,488.68,52.34,9.97,eso.bg,false,
2022-07-09 01:00:00,Bulgaria,Bulgaria,BG,440.34,456.75,55.2,11.48,eso.bg,false,
2022-07-09 02:00:00,Bulgaria,Bulgaria,BG,406.76,423.32,58.22,13.07,eso.bg,false,
2022-07-09 03:00:00,Bulgaria,Bulgaria,BG,409.85,426.25,58.07,14.45,eso.bg,false,
2022-07-09 04:00:00,Bulgaria,Bulgaria,BG,413.43,429.68,57.89,15.8,eso.bg,false,
2022-07-09 05:00:00,Bulgaria,Bulgaria,BG,409.99,426.46,58.26,16.76,eso.bg,false,
2022-07-09 06:00:00,Bulgaria,Bulgaria,BG,404.13,420.73,58.92,19.2,eso.bg,false,
2022-07-09 07:00:00,Bulgaria,Bulgaria,BG,367.28,384.49,62.22,21.58,eso.bg,false,
2022-07-09 08:00:00,Bulgaria,Bulgaria,BG,334.54,352.29,65.19,23.59,eso.bg,false,
2022-07-09 09:00:00,Bulgaria,Bulgaria,BG,343.38,361.19,64.26,21.55,eso.bg,false,
2022-07-09 10:00:00,Bulgaria,Bulgaria,BG,348.14,365.91,63.75,20.39,eso.bg,false,
2022-07-09 11:00:00,Bulgaria,Bulgaria,BG,344.73,362.64,64.09,21.2,eso.bg,false,
2022-07-09 12:00:00,Bulgaria,Bulgaria,BG,342.5,360.44,64.33,21.65,eso.bg,false,
2022-07-09 13:00:00,Bulgaria,Bulgaria,BG,345.86,363.64,63.95,20.71,eso.bg,false,
2022-07-09 14:00:00,Bulgaria,Bulgaria,BG,349.02,366.6,63.6,20.11,eso.bg,false,
2022-07-09 15:00:00,Bulgaria,Bulgaria,BG,373.21,390.31,61.4,19.76,eso.bg,false,
2022-07-09 16:00:00,Bulgaria,Bulgaria,BG,388.22,404.87,60.1,20.49,eso.bg,false,
2022-07-09 17:00:00,Bulgaria,Bulgaria,BG,380.98,397.38,60.81,22.57,eso.bg,false,
2022-07-09 18:00:00,Bulgaria,Bulgaria,BG,377.42,393.79,61.13,23.71,eso.bg,false,
2022-07-09 19:00:00,Bulgaria,Bulgaria,BG,392.67,409.36,59.49,20.31,eso.bg,false,
2022-07-09 20:00:00,Bulgaria,Bulgaria,BG,397.21,414.53,58.73,16.3,eso.bg,false,
2022-07-09 21:00:00,Bulgaria,Bulgaria,BG,379.21,397.05,60.12,14.39,eso.bg,false,
2022-07-09 22:00:00,Bulgaria,Bulgaria,BG,376.12,394.43,60.4,14.64,eso.bg,false,
2022-07-09 23:00:00,Bulgaria,Bulgaria,BG,340.38,359.33,63.46,16.12,eso.bg,false,
2022-07-10 00:00:00,Bulgaria,Bulgaria,BG,329.9,349.12,64.4,16.66,eso.bg,false,
2022-07-10 01:00:00,Bulgaria,Bulgaria,BG,341.85,361.3,63.35,16.59,eso.bg,false,
2022-07-10 02:00:00,Bulgaria,Bulgaria,BG,342.58,361.57,63.35,16.84,eso.bg,false,
2022-07-10 03:00:00,Bulgaria,Bulgaria,BG,342.89,361.95,63.24,16.6,eso.bg,false,
2022-07-10 04:00:00,Bulgaria,Bulgaria,BG,366.59,385.27,61.02,15.7,eso.bg,false,
2022-07-10 05:00:00,Bulgaria,Bulgaria,BG,395.05,413.34,58.69,15.98,eso.bg,false,
2022-07-10 06:00:00,Bulgaria,Bulgaria,BG,387.64,405.94,59.65,19.37,eso.bg,false,
2022-07-10 07:00:00,Bulgaria,Bulgaria,BG,383.4,401.8,60.21,21.49,eso.bg,false,
2022-07-10 08:00:00,Bulgaria,Bulgaria,BG,371.23,389.85,61.36,22.75,eso.bg,false,
2022-07-10 09:00:00,Bulgaria,Bulgaria,BG,396.42,415.05,59.07,20.97,eso.bg,false,
2022-07-10 10:00:00,Bulgaria,Bulgaria,BG,399.69,418.24,58.73,20.0,eso.bg,false,
2022-07-10 11:00:00,Bulgaria,Bulgaria,BG,404.93,423.44,58.22,19.24,eso.bg,false,
2022-07-10 12:00:00,Bulgaria,Bulgaria,BG,401.46,420.1,58.35,18.05,eso.bg,false,
2022-07-10 13:00:00,Bulgaria,Bulgaria,BG,407.83,426.48,57.73,17.09,eso.bg,false,
2022-07-10 14:00:00,Bulgaria,Bulgaria,BG,438.41,456.62,54.87,14.33,eso.bg,false,
2022-07-10 15:00:00,Bulgaria,Bulgaria,BG,457.15,474.76,53.26,13.8,eso.bg,false,
2022-07-10 16:00:00,Bulgaria,Bulgaria,BG,462.67,479.77,52.81,14.24,eso.bg,false,
2022-07-10 17:00:00,Bulgaria,Bulgaria,BG,446.89,463.52,54.49,17.8,eso.bg,false,
2022-07-10 18:00:00,Bulgaria,Bulgaria,BG,438.77,455.25,55.34,19.41,eso.bg,false,
2022-07-10 19:00:00,Bulgaria,Bulgaria,BG,433.78,450.5,55.62,18.1,eso.bg,false,
2022-07-10 20:00:00,Bulgaria,Bulgaria,BG,418.64,435.79,56.8,17.13,eso.bg,false,
2022-07-10 21:00:00,Bulgaria,Bulgaria,BG,464.23,481.56,52.37,10.39,eso.bg,false,
2022-07-10 22:00:00,Bulgaria,Bulgaria,BG,473.08,490.44,51.52,8.89,eso.bg,false,
2022-07-10 23:00:00,Bulgaria,Bulgaria,BG,474.79,492.08,51.44,9.9,eso.bg,false,
2022-07-11 00:00:00,Bulgaria,Bulgaria,BG,469.89,487.16,51.92,10.41,eso.bg,false,
2022-07-11 01:00:00,Bulgaria,Bulgaria,BG,473.37,490.58,51.67,10.87,eso.bg,false,
2022-07-11 02:00:00,Bulgaria,Bulgaria,BG,475.6,492.79,51.46,10.69,eso.bg,false,
2022-07-11 03:00:00,Bulgaria,Bulgaria,BG,496.79,513.76,49.64,10.32,eso.bg,false,
2022-07-11 04:00:00,Bulgaria,Bulgaria,BG,480.57,497.48,51.33,13.56,eso.bg,false,
2022-07-11 05:00:00,Bulgaria,Bulgaria,BG,469.49,486.74,52.47,15.72,eso.bg,false,
2022-07-11 06:00:00,Bulgaria,Bulgaria,BG,460.2,477.69,53.52,18.63,eso.bg,false,
2022-07-11 07:00:00,Bulgaria,Bulgaria,BG,458.93,476.74,53.7,19.13,eso.bg,false,
2022-07-11 08:00:00,Bulgaria,Bulgaria,BG,446.1,464.09,54.92,21.0,eso.bg,false,
2022-07-11 09:00:00,Bulgaria,Bulgaria,BG,429.92,448.24,56.34,21.68,eso.bg,false,
2022-07-11 10:00:00,Bulgaria,Bulgaria,BG,438.54,456.89,55.46,20.24,eso.bg,false,
2022-07-11 11:00:00,Bulgaria,Bulgaria,BG,444.98,463.12,54.83,19.28,eso.bg,false,
2022-07-11 12:00:00,Bulgaria,Bulgaria,BG,453.57,471.33,54.2,18.4,eso.bg,false,
2022-07-11 13:00:00,Bulgaria,Bulgaria,BG,451.6,468.99,54.42,18.41,eso.bg,false,
2022-07-11 14:00:00,Bulgaria,Bulgaria,BG,451.12,468.43,54.44,18.72,eso.bg,false,
2022-07-11 15:00:00,Bulgaria,Bulgaria,BG,439.52,456.18,55.63,20.81,eso.bg,false,
2022-07-11 16:00:00,Bulgaria,Bulgaria,BG,431.98,448.09,56.37,22.79,eso.bg,false,
2022-07-11 17:00:00,Bulgaria,Bulgaria,BG,422.86,438.62,57.27,24.05,eso.bg,false,
2022-07-11 18:00:00,Bulgaria,Bulgaria,BG,421.23,436.81,57.48,24.86,eso.bg,false,
2022-07-11 19:00:00,Bulgaria,Bulgaria,BG,429.4,445.31,56.54,23.48,eso.bg,false,
2022-07-11 20:00:00,Bulgaria,Bulgaria,BG,445.04,461.5,54.72,19.23,eso.bg,false,
2022-07-11 21:00:00,Bulgaria,Bulgaria,BG,491.61,508.35,50.18,12.34,eso.bg,false,
2022-07-11 22:00:00,Bulgaria,Bulgaria,BG,514.02,531.08,47.9,8.06,eso.bg,false,
2022-07-11 23:00:00,Bulgaria,Bulgaria,BG,513.03,530.23,47.95,7.84,eso.bg,false,
2022-07-12 00:00:00,Bulgaria,Bulgaria,BG,498.8,516.06,49.26,9.41,eso.bg,false,
2022-07-12 01:00:00,Bulgaria,Bulgaria,BG,489.81,507.01,50.13,10.15,eso.bg,false,
2022-07-12 02:00:00,Bulgaria,Bulgaria,BG,491.34,508.58,49.95,9.82,eso.bg,false,
2022-07-12 03:00:00,Bulgaria,Bulgaria,BG,497.41,514.58,49.44,9.66,eso.bg,false,
2022-07-12 04:00:00,Bulgaria,Bulgaria,BG,490.26,507.31,50.33,12.2,eso.bg,false,
2022-07-12 05:00:00,Bulgaria,Bulgaria,BG,475.23,492.69,51.81,15.29,eso.bg,false,
2022-07-12 06:00:00,Bulgaria,Bulgaria,BG,465.4,482.89,52.96,17.24,eso.bg,false,
2022-07-12 07:00:00,Bulgaria,Bulgaria,BG,457.42,475.43,53.68,17.93,eso.bg,false,
2022-07-12 08:00:00,Bulgaria,Bulgaria,BG,454.82,473.05,53.98,18.79,eso.bg,false,
2022-07-12 09:00:00,Bulgaria,Bulgaria,BG,471.6,489.92,52.31,16.29,eso.bg,false,
2022-07-12 10:00:00,Bulgaria,Bulgaria,BG,478.39,496.67,51.74,16.2,eso.bg,false,
2022-07-12 11:00:00,Bulgaria,Bulgaria,BG,481.99,500.23,51.35,15.4,eso.bg,false,
2022-07-12 12:00:00,Bulgaria,Bulgaria,BG,487.46,505.56,50.88,14.81,eso.bg,false,
2022-07-12 13:00:00,Bulgaria,Bulgaria,BG,498.43,516.32,49.87,14.35,eso.bg,false,
2022-07-12 14:00:00,Bulgaria,Bulgaria,BG,501.41,519.03,49.52,13.31,eso.bg,false,
2022-07-12 15:00:00,Bulgaria,Bulgaria,BG,483.86,501.05,51.27,16.27,eso.bg,false,
2022-07-12 16:00:00,Bulgaria,Bulgaria,BG,462.53,478.84,53.43,20.27,eso.bg,false,
2022-07-12 17:00:00,Bulgaria,Bulgaria,BG,459.06,474.79,53.87,21.76,eso.bg,false,
2022-07-12 18:00:00,Bulgaria,Bulgaria,BG,461.3,477.04,53.67,21.47,eso.bg,false,
2022-07-12 19:00:00,Bulgaria,Bulgaria,BG,469.98,485.83,52.78,19.91,eso.bg,false,
2022-07-12 20:00:00,Bulgaria,Bulgaria,BG,509.63,525.94,48.8,13.21,eso.bg,false,
2022-07-12 21:00:00,Bulgaria,Bulgaria,BG,541.46,558.09,45.65,7.68,eso.bg,false,
2022-07-12 22:00:00,Bulgaria,Bulgaria,BG,558.16,574.8,44.01,4.95,eso.bg,false,
2022-07-12 23:00:00,Bulgaria,Bulgaria,BG,561.91,578.65,43.61,4.62,eso.bg,false,
2022-07-13 00:00:00,Bulgaria,Bulgaria,BG,563.87,580.85,43.4,4.33,eso.bg,false,
2022-07-13 01:00:00,Bulgaria,Bulgaria,BG,559.43,576.2,43.77,4.41,eso.bg,false,
2022-07-13 02:00:00,Bulgaria,Bulgaria,BG,560.24,577.09,43.73,4.53,eso.bg,false,
2022-07-13 03:00:00,Bulgaria,Bulgaria,BG,553.46,570.32,44.39,5.34,eso.bg,false,
2022-07-13 04:00:00,Bulgaria,Bulgaria,BG,537.21,554.07,46.07,8.42,eso.bg,false,
2022-07-13 05:00:00,Bulgaria,Bulgaria,BG,515.8,532.78,48.24,12.23,eso.bg,false,
2022-07-13 06:00:00,Bulgaria,Bulgaria,BG,503.23,520.67,49.43,13.93,eso.bg,false,
2022-07-13 07:00:00,Bulgaria,Bulgaria,BG,484.73,502.51,51.25,16.0,eso.bg,false,
2022-07-13 08:00:00,Bulgaria,Bulgaria,BG,468.99,486.93,52.77,17.37,eso.bg,false,
2022-07-13 09:00:00,Bulgaria,Bulgaria,BG,463.28,481.59,53.23,17.29,eso.bg,false,
2022-07-13 10:00:00,Bulgaria,Bulgaria,BG,463.99,482.22,53.23,17.02,eso.bg,false,
2022-07-13 11:00:00,Bulgaria,Bulgaria,BG,455.91,474.14,53.96,17.3,eso.bg,false,
2022-07-13 12:00:00,Bulgaria,Bulgaria,BG,452.23,470.66,54.15,16.85,eso.bg,false,
2022-07-13 13:00:00,Bulgaria,Bulgaria,BG,459.22,477.63,53.36,16.04,eso.bg,false,
2022-07-13 14:00:00,Bulgaria,Bulgaria,BG,488.46,506.29,50.72,13.71,eso.bg,false,
2022-07-13 15:00:00,Bulgaria,Bulgaria,BG,494.92,511.85,50.27,14.84,eso.bg,false,
2022-07-13 16:00:00,Bulgaria,Bulgaria,BG,468.42,484.45,52.97,19.83,eso.bg,false,
2022-07-13 17:00:00,Bulgaria,Bulgaria,BG,461.83,477.44,53.68,21.34,eso.bg,false,
2022-07-13 18:00:00,Bulgaria,Bulgaria,BG,468.47,483.89,53.14,21.3,eso.bg,false,
2022-07-13 19:00:00,Bulgaria,Bulgaria,BG,476.82,492.49,52.21,19.14,eso.bg,false,
2022-07-13 20:00:00,Bulgaria,Bulgaria,BG,483.49,499.4,51.4,16.6,eso.bg,false,
2022-07-13 21:00:00,Bulgaria,Bulgaria,BG,541.66,557.98,45.66,7.2,eso.bg,false,
2022-07-13 22:00:00,Bulgaria,Bulgaria,BG,547.8,564.14,45.07,6.33,eso.bg,false,
2022-07-13 23:00:00,Bulgaria,Bulgaria,BG,547.73,564.61,45.05,6.4,eso.bg,false,
2022-07-14 00:00:00,Bulgaria,Bulgaria,BG,551.36,568.01,44.7,6.0,eso.bg,false,
2022-07-14 01:00:00,Bulgaria,Bulgaria,BG,545.35,562.1,45.13,5.63,eso.bg,false,
2022-07-14 02:00:00,Bulgaria,Bulgaria,BG,545.13,561.85,45.17,5.84,eso.bg,false,
2022-07-14 03:00:00,Bulgaria,Bulgaria,BG,548.96,565.61,44.89,5.9,eso.bg,false,
2022-07-14 04:00:00,Bulgaria,Bulgaria,BG,528.38,544.93,46.99,9.65,eso.bg,false,
2022-07-14 05:00:00,Bulgaria,Bulgaria,BG,508.37,525.43,48.89,12.09,eso.bg,false,
2022-07-14 06:00:00,Bulgaria,Bulgaria,BG,489.1,506.45,50.85,15.86,eso.bg,false,
2022-07-14 07:00:00,Bulgaria,Bulgaria,BG,491.72,509.33,50.68,16.16,eso.bg,false,
2022-07-14 08:00:00,Bulgaria,Bulgaria,BG,489.6,507.4,50.96,16.37,eso.bg,false,
2022-07-14 09:00:00,Bulgaria,Bulgaria,BG,484.53,502.14,51.59,17.24,eso.bg,false,
2022-07-14 10:00:00,Bulgaria,Bulgaria,BG,487.84,506.02,51.0,16.45,eso.bg,false,
2022-07-14 11:00:00,Bulgaria,Bulgaria,BG,487.08,505.2,51.07,16.31,eso.bg,false,
2022-07-14 12:00:00,Bulgaria,Bulgaria,BG,485.49,503.42,51.23,16.74,eso.bg,false,
2022-07-14 13:00:00,Bulgaria,Bulgaria,BG,467.86,485.4,52.97,19.51,eso.bg,false,
2022-07-14 14:00:00,Bulgaria,Bulgaria,BG,480.71,498.01,51.71,17.48,eso.bg,false,
2022-07-14 15:00:00,Bulgaria,Bulgaria,BG,473.63,490.13,52.54,18.93,eso.bg,false,
2022-07-14 16:00:00,Bulgaria,Bulgaria,BG,465.36,480.99,53.54,20.45,eso.bg,false,
2022-07-14 17:00:00,Bulgaria,Bulgaria,BG,465.6,480.95,53.52,20.44,eso.bg,false,
2022-07-14 18:00:00,Bulgaria,Bulgaria,BG,463.78,478.93,53.74,20.75,eso.bg,false,
2022-07-14 19:00:00,Bulgaria,Bulgaria,BG,478.12,493.45,52.34,18.3,eso.bg,false,
2022-07-14 20:00:00,Bulgaria,Bulgaria,BG,507.24,522.82,49.42,13.26,eso.bg,false,
2022-07-14 21:00:00,Bulgaria,Bulgaria,BG,542.56,558.39,45.93,7.43,eso.bg,false,
2022-07-14 22:00:00,Bulgaria,Bulgaria,BG,556.36,572.41,44.51,4.88,eso.bg,false,
2022-07-14 23:00:00,Bulgaria,Bulgaria,BG,564.36,580.89,43.51,3.64,eso.bg,false,
2022-07-15 00:00:00,Bulgaria,Bulgaria,BG,559.32,576.31,43.74,3.78,eso.bg,false,
2022-07-15 01:00:00,Bulgaria,Bulgaria,BG,561.47,578.71,43.44,3.55,eso.bg,false,
2022-07-15 02:00:00,Bulgaria,Bulgaria,BG,564.44,581.24,43.35,3.36,eso.bg,false,
2022-07-15 03:00:00,Bulgaria,Bulgaria,BG,559.44,576.27,43.78,3.53,eso.bg,false,
2022-07-15 04:00:00,Bulgaria,Bulgaria,BG,554.05,570.74,44.53,6.34,eso.bg,false,
2022-07-15 05:00:00,Bulgaria,Bulgaria,BG,544.01,560.94,45.64,9.04,eso.bg,false,
2022-07-15 06:00:00,Bulgaria,Bulgaria,BG,524.38,541.62,47.64,12.4,eso.bg,false,
2022-07-15 07:00:00,Bulgaria,Bulgaria,BG,507.93,525.44,49.25,14.51,eso.bg,false,
2022-07-15 08:00:00,Bulgaria,Bulgaria,BG,502.42,520.32,49.67,15.33,eso.bg,false,
2022-07-15 09:00:00,Bulgaria,Bulgaria,BG,491.59,509.74,50.68,16.74,eso.bg,false,
2022-07-15 10:00:00,Bulgaria,Bulgaria,BG,489.36,507.36,50.94,17.53,eso.bg,false,
2022-07-15 11:00:00,Bulgaria,Bulgaria,BG,491.46,509.24,50.78,17.56,eso.bg,false,
2022-07-15 12:00:00,Bulgaria,Bulgaria,BG,492.67,510.28,50.68,16.98,eso.bg,false,
2022-07-15 13:00:00,Bulgaria,Bulgaria,BG,492.65,510.17,50.61,16.54,eso.bg,false,
2022-07-15 14:00:00,Bulgaria,Bulgaria,BG,493.88,511.03,50.49,16.2,eso.bg,false,
2022-07-15 15:00:00,Bulgaria,Bulgaria,BG,483.45,499.78,51.65,18.7,eso.bg,false,
2022-07-15 16:00:00,Bulgaria,Bulgaria,BG,465.58,481.27,53.47,21.7,eso.bg,false,
2022-07-15 17:00:00,Bulgaria,Bulgaria,BG,467.58,483.16,53.24,21.38,eso.bg,false,
2022-07-15 18:00:00,Bulgaria,Bulgaria,BG,468.72,484.3,53.13,21.29,eso.bg,false,
2022-07-15 19:00:00,Bulgaria,Bulgaria,BG,486.92,502.79,51.21,17.71,eso.bg,false,
2022-07-15 20:00:00,Bulgaria,Bulgaria,BG,509.91,526.19,48.82,13.22,eso.bg,false,
2022-07-15 21:00:00,Bulgaria,Bulgaria,BG,533.79,550.4,46.38,8.37,eso.bg,false,
2022-07-15 22:00:00,Bulgaria,Bulgaria,BG,536.5,553.28,46.02,6.77,eso.bg,false,
2022-07-15 23:00:00,Bulgaria,Bulgaria,BG,548.42,565.09,44.95,6.38,eso.bg,false,
2022-07-16 00:00:00,Bulgaria,Bulgaria,BG,551.55,568.44,44.55,5.64,eso.bg,false,
2022-07-16 01:00:00,Bulgaria,Bulgaria,BG,554.49,571.35,44.29,5.08,eso.bg,false,
2022-07-16 02:00:00,Bulgaria,Bulgaria,BG,554.46,571.28,44.31,5.01,eso.bg,false,
2022-07-16 03:00:00,Bulgaria,Bulgaria,BG,555.58,572.45,44.21,5.0,eso.bg,false,
2022-07-16 04:00:00,Bulgaria,Bulgaria,BG,551.48,568.29,44.71,6.49,eso.bg,false,
2022-07-16 05:00:00,Bulgaria,Bulgaria,BG,538.4,555.53,46.05,8.74,eso.bg,false,
2022-07-16 06:00:00,Bulgaria,Bulgaria,BG,516.26,533.74,48.23,12.23,eso.bg,false,
2022-07-16 07:00:00,Bulgaria,Bulgaria,BG,488.72,506.42,50.92,15.53,eso.bg,false,
2022-07-16 08:00:00,Bulgaria,Bulgaria,BG,478.74,496.62,51.9,17.36,eso.bg,false,
2022-07-16 09:00:00,Bulgaria,Bulgaria,BG,470.02,488.06,52.71,18.64,eso.bg,false,
2022-07-16 10:00:00,Bulgaria,Bulgaria,BG,473.58,491.68,52.4,17.98,eso.bg,false,
2022-07-16 11:00:00,Bulgaria,Bulgaria,BG,482.72,500.63,51.54,16.61,eso.bg,false,
2022-07-16 12:00:00,Bulgaria,Bulgaria,BG,486.37,504.16,51.2,16.21,eso.bg,false,
2022-07-16 13:00:00,Bulgaria,Bulgaria,BG,483.0,500.46,51.54,17.06,eso.bg,false,
2022-07-16 14:00:00,Bulgaria,Bulgaria,BG,486.87,504.05,51.17,16.42,eso.bg,false,
2022-07-16 15:00:00,Bulgaria,Bulgaria,BG,477.28,494.01,52.13,18.2,eso.bg,false,
2022-07-16 16:00:00,Bulgaria,Bulgaria,BG,473.67,489.84,52.49,18.85,eso.bg,false,
2022-07-16 17:00:00,Bulgaria,Bulgaria,BG,481.06,497.04,51.73,17.52,eso.bg,false,
2022-07-16 18:00:00,Bulgaria,Bulgaria,BG,479.28,495.36,51.83,17.78,eso.bg,false,
2022-07-16 19:00:00,Bulgaria,Bulgaria,BG,491.86,508.13,50.54,15.73,eso.bg,false,
2022-07-16 20:00:00,Bulgaria,Bulgaria,BG,515.52,531.98,48.18,11.79,eso.bg,false,
2022-07-16 21:00:00,Bulgaria,Bulgaria,BG,515.75,532.64,47.88,8.93,eso.bg,false,
2022-07-16 22:00:00,Bulgaria,Bulgaria,BG,519.17,536.14,47.51,7.82,eso.bg,false,
2022-07-16 23:00:00,Bulgaria,Bulgaria,BG,532.23,549.21,46.31,7.38,eso.bg,false,
2022-07-17 00:00:00,Bulgaria,Bulgaria,BG,525.77,542.94,46.76,6.25,eso.bg,false,
2022-07-17 01:00:00,Bulgaria,Bulgaria,BG,514.79,532.5,47.54,5.28,eso.bg,false,
2022-07-17 02:00:00,Bulgaria,Bulgaria,BG,509.01,526.87,48.07,6.06,eso.bg,false,
2022-07-17 03:00:00,Bulgaria,Bulgaria,BG,506.57,523.64,48.66,8.6,eso.bg,false,
2022-07-17 04:00:00,Bulgaria,Bulgaria,BG,478.78,496.26,51.15,10.33,eso.bg,false,
2022-07-17 05:00:00,Bulgaria,Bulgaria,BG,475.28,492.8,51.74,13.62,eso.bg,false,
2022-07-17 06:00:00,Bulgaria,Bulgaria,BG,459.28,477.11,53.38,16.8,eso.bg,false,
2022-07-17 07:00:00,Bulgaria,Bulgaria,BG,413.34,431.86,57.6,19.91,eso.bg,false,
2022-07-17 08:00:00,Bulgaria,Bulgaria,BG,399.07,418.43,58.82,20.87,eso.bg,false,
2022-07-17 09:00:00,Bulgaria,Bulgaria,BG,404.81,424.05,58.28,19.7,eso.bg,false,
2022-07-17 10:00:00,Bulgaria,Bulgaria,BG,403.72,423.4,58.31,19.95,eso.bg,false,
2022-07-17 11:00:00,Bulgaria,Bulgaria,BG,418.45,438.15,56.92,18.55,eso.bg,false,
2022-07-17 12:00:00,Bulgaria,Bulgaria,BG,419.07,438.84,56.77,17.92,eso.bg,false,
2022-07-17 13:00:00,Bulgaria,Bulgaria,BG,422.96,442.71,56.32,16.65,eso.bg,false,
2022-07-17 14:00:00,Bulgaria,Bulgaria,BG,451.52,470.27,53.73,13.72,eso.bg,false,
2022-07-17 15:00:00,Bulgaria,Bulgaria,BG,466.27,483.14,53.0,17.08,eso.bg,false,
2022-07-17 16:00:00,Bulgaria,Bulgaria,BG,492.07,508.25,50.74,16.19,eso.bg,false,
2022-07-17 17:00:00,Bulgaria,Bulgaria,BG,499.1,515.26,49.93,14.8,eso.bg,false,
2022-07-17 18:00:00,Bulgaria,Bulgaria,BG,501.39,517.55,49.66,14.52,eso.bg,false,
2022-07-17 19:00:00,Bulgaria,Bulgaria,BG,513.48,529.93,48.41,12.32,eso.bg,false,
2022-07-17 20:00:00,Bulgaria,Bulgaria,BG,542.66,559.45,45.45,7.22,eso.bg,false,
2022-07-17 21:00:00,Bulgaria,Bulgaria,BG,541.94,559.03,45.31,5.0,eso.bg,false,
2022-07-17 22:00:00,Bulgaria,Bulgaria,BG,536.66,553.46,45.98,6.7,eso.bg,false,
2022-07-17 23:00:00,Bulgaria,Bulgaria,BG,528.26,545.0,46.86,8.84,eso.bg,false,
2022-07-18 00:00:00,Bulgaria,Bulgaria,BG,530.37,547.13,46.64,8.6,eso.bg,false,
2022-07-18 01:00:00,Bulgaria,Bulgaria,BG,537.17,553.92,46.01,8.0,eso.bg,false,
2022-07-18 02:00:00,Bulgaria,Bulgaria,BG,526.94,543.9,46.8,7.5,eso.bg,false,
2022-07-18 03:00:00,Bulgaria,Bulgaria,BG,546.1,562.73,45.24,7.24,eso.bg,false,
2022-07-18 04:00:00,Bulgaria,Bulgaria,BG,536.08,552.81,46.24,8.55,eso.bg,false,
2022-07-18 05:00:00,Bulgaria,Bulgaria,BG,490.79,508.04,50.48,13.55,eso.bg,false,
2022-07-18 06:00:00,Bulgaria,Bulgaria,BG,457.33,474.85,53.75,17.61,eso.bg,false,
2022-07-18 07:00:00,Bulgaria,Bulgaria,BG,459.61,477.34,53.62,18.14,eso.bg,false,
2022-07-18 08:00:00,Bulgaria,Bulgaria,BG,463.98,481.94,53.21,18.08,eso.bg,false,
2022-07-18 09:00:00,Bulgaria,Bulgaria,BG,471.42,489.62,52.42,16.76,eso.bg,false,
2022-07-18 10:00:00,Bulgaria,Bulgaria,BG,482.25,500.49,51.42,15.96,eso.bg,false,
2022-07-18 11:00:00,Bulgaria,Bulgaria,BG,476.24,494.62,51.91,15.56,eso.bg,false,
2022-07-18 12:00:00,Bulgaria,Bulgaria,BG,469.68,487.82,52.57,16.78,eso.bg,false,
2022-07-18 13:00:00,Bulgaria,Bulgaria,BG,466.59,484.57,52.84,16.89,eso.bg,false,
2022-07-18 14:00:00,Bulgaria,Bulgaria,BG,485.73,503.4,51.02,14.99,eso.bg,false,
2022-07-18 15:00:00,Bulgaria,Bulgaria,BG,501.62,518.64,49.62,15.17,eso.bg,false,
2022-07-18 16:00:00,Bulgaria,Bulgaria,BG,496.7,512.66,50.38,17.09,eso.bg,false,
2022-07-18 17:00:00,Bulgaria,Bulgaria,BG,479.81,495.26,52.14,19.67,eso.bg,false,
2022-07-18 18:00:00,Bulgaria,Bulgaria,BG,478.68,493.96,52.27,20.13,eso.bg,false,
2022-07-18 19:00:00,Bulgaria,Bulgaria,BG,480.02,495.59,52.01,19.22,eso.bg,false,
2022-07-18 20:00:00,Bulgaria,Bulgaria,BG,494.2,510.12,50.47,15.49,eso.bg,false,
2022-07-18 21:00:00,Bulgaria,Bulgaria,BG,538.95,555.06,46.12,8.45,eso.bg,false,
2022-07-18 22:00:00,Bulgaria,Bulgaria,BG,564.26,580.67,43.6,4.69,eso.bg,false,
2022-07-18 23:00:00,Bulgaria,Bulgaria,BG,578.62,595.37,42.06,2.73,eso.bg,false,
2022-07-19 00:00:00,Bulgaria,Bulgaria,BG,578.87,595.75,41.98,2.64,eso.bg,false,
2022-07-19 01:00:00,Bulgaria,Bulgaria,BG,572.05,589.02,42.54,2.86,eso.bg,false,
2022-07-19 02:00:00,Bulgaria,Bulgaria,BG,566.28,583.26,43.05,3.35,eso.bg,false,
2022-07-19 03:00:00,Bulgaria,Bulgaria,BG,565.36,582.26,43.23,4.01,eso.bg,false,
2022-07-19 04:00:00,Bulgaria,Bulgaria,BG,536.03,553.25,45.97,7.91,eso.bg,false,
2022-07-19 05:00:00,Bulgaria,Bulgaria,BG,510.39,528.7,48.13,11.52,eso.bg,false,
2022-07-19 06:00:00,Bulgaria,Bulgaria,BG,495.37,513.8,49.78,14.47,eso.bg,false,
2022-07-19 07:00:00,Bulgaria,Bulgaria,BG,464.22,483.12,52.67,16.88,eso.bg,false,
2022-07-19 08:00:00,Bulgaria,Bulgaria,BG,472.87,491.73,52.04,17.03,eso.bg,false,
2022-07-19 09:00:00,Bulgaria,Bulgaria,BG,477.03,495.59,51.84,16.51,eso.bg,false,
2022-07-19 10:00:00,Bulgaria,Bulgaria,BG,475.74,494.38,51.97,16.95,eso.bg,false,
2022-07-19 11:00:00,Bulgaria,Bulgaria,BG,469.53,488.39,52.39,17.11,eso.bg,false,
2022-07-19 12:00:00,Bulgaria,Bulgaria,BG,472.58,490.67,52.37,17.02,eso.bg,false,
2022-07-19 13:00:00,Bulgaria,Bulgaria,BG,476.25,494.56,51.87,17.2,eso.bg,false,
2022-07-19 14:00:00,Bulgaria,Bulgaria,BG,490.71,508.79,50.45,15.49,eso.bg,false,
2022-07-19 15:00:00,Bulgaria,Bulgaria,BG,493.55,511.21,50.21,16.42,eso.bg,false,
2022-07-19 16:00:00,Bulgaria,Bulgaria,BG,494.25,511.05,50.28,17.12,eso.bg,false,
2022-07-19 17:00:00,Bulgaria,Bulgaria,BG,491.64,507.27,50.93,17.5,eso.bg,false,
2022-07-19 18:00:00,Bulgaria,Bulgaria,BG,486.64,502.13,51.45,18.43,eso.bg,false,
2022-07-19 19:00:00,Bulgaria,Bulgaria,BG,498.15,514.14,50.1,16.51,eso.bg,false,
2022-07-19 20:00:00,Bulgaria,Bulgaria,BG,537.81,554.7,45.91,9.82,eso.bg,false,
2022-07-19 21:00:00,Bulgaria,Bulgaria,BG,567.12,583.83,43.18,4.3,eso.bg,false,
2022-07-19 22:00:00,Bulgaria,Bulgaria,BG,572.68,589.53,42.63,3.19,eso.bg,false,
2022-07-19 23:00:00,Bulgaria,Bulgaria,BG,576.23,593.06,42.24,2.8,eso.bg,false,
2022-07-20 00:00:00,Bulgaria,Bulgaria,BG,574.56,591.44,42.37,3.0,eso.bg,false,
2022-07-20 01:00:00,Bulgaria,Bulgaria,BG,569.88,586.77,42.78,3.07,eso.bg,false,
2022-07-20 02:00:00,Bulgaria,Bulgaria,BG,578.57,595.5,42.05,3.1,eso.bg,false,
2022-07-20 03:00:00,Bulgaria,Bulgaria,BG,569.78,586.59,42.88,3.47,eso.bg,false,
2022-07-20 04:00:00,Bulgaria,Bulgaria,BG,567.7,584.41,43.28,5.65,eso.bg,false,
2022-07-20 05:00:00,Bulgaria,Bulgaria,BG,538.63,555.9,45.95,9.97,eso.bg,false,
2022-07-20 06:00:00,Bulgaria,Bulgaria,BG,519.58,536.95,47.95,13.05,eso.bg,false,
2022-07-20 07:00:00,Bulgaria,Bulgaria,BG,502.23,519.81,49.67,14.9,eso.bg,false,
2022-07-20 08:00:00,Bulgaria,Bulgaria,BG,472.54,490.17,52.55,17.14,eso.bg,false,
2022-07-20 09:00:00,Bulgaria,Bulgaria,BG,476.55,494.16,52.29,16.99,eso.bg,false,
2022-07-20 10:00:00,Bulgaria,Bulgaria,BG,507.81,525.21,49.47,15.04,eso.bg,false,
2022-07-20 11:00:00,Bulgaria,Bulgaria,BG,510.81,528.12,49.2,14.44,eso.bg,false,
2022-07-20 12:00:00,Bulgaria,Bulgaria,BG,485.67,503.58,51.25,16.74,eso.bg,false,
2022-07-20 13:00:00,Bulgaria,Bulgaria,BG,500.76,518.21,49.88,15.19,eso.bg,false,
2022-07-20 14:00:00,Bulgaria,Bulgaria,BG,504.12,521.86,49.28,14.46,eso.bg,false,
2022-07-20 15:00:00,Bulgaria,Bulgaria,BG,511.42,528.56,48.65,15.08,eso.bg,false,
2022-07-20 16:00:00,Bulgaria,Bulgaria,BG,510.85,527.14,48.86,15.51,eso.bg,false,
2022-07-20 17:00:00,Bulgaria,Bulgaria,BG,509.26,525.13,49.1,15.65,eso.bg,false,
2022-07-20 18:00:00,Bulgaria,Bulgaria,BG,503.28,519.01,49.73,16.82,eso.bg,false,
2022-07-20 19:00:00,Bulgaria,Bulgaria,BG,510.85,526.67,48.93,15.36,eso.bg,false,
2022-07-20 20:00:00,Bulgaria,Bulgaria,BG,541.24,557.46,45.93,10.71,eso.bg,false,
2022-07-20 21:00:00,Bulgaria,Bulgaria,BG,552.78,569.49,44.6,6.99,eso.bg,false,
2022-07-20 22:00:00,Bulgaria,Bulgaria,BG,558.36,575.11,44.04,5.93,eso.bg,false,
2022-07-20 23:00:00,Bulgaria,Bulgaria,BG,558.7,575.48,43.98,5.51,eso.bg,false,
2022-07-21 00:00:00,Bulgaria,Bulgaria,BG,564.84,581.7,43.4,5.17,eso.bg,false,
2022-07-21 01:00:00,Bulgaria,Bulgaria,BG,569.18,586.0,42.99,4.72,eso.bg,false,
2022-07-21 02:00:00,Bulgaria,Bulgaria,BG,565.47,582.2,43.37,5.22,eso.bg,false,
2022-07-21 03:00:00,Bulgaria,Bulgaria,BG,546.9,563.59,45.15,6.66,eso.bg,false,
2022-07-21 04:00:00,Bulgaria,Bulgaria,BG,544.63,561.34,45.5,8.29,eso.bg,false,
2022-07-21 05:00:00,Bulgaria,Bulgaria,BG,528.68,545.63,47.08,10.76,eso.bg,false,
2022-07-21 06:00:00,Bulgaria,Bulgaria,BG,511.66,528.87,48.84,14.11,eso.bg,false,
2022-07-21 07:00:00,Bulgaria,Bulgaria,BG,481.25,498.68,51.82,18.11,eso.bg,false,
2022-07-21 08:00:00,Bulgaria,Bulgaria,BG,470.21,487.87,52.88,19.68,eso.bg,false,
2022-07-21 09:00:00,Bulgaria,Bulgaria,BG,462.61,480.48,53.55,20.01,eso.bg,false,
2022-07-21 10:00:00,Bulgaria,Bulgaria,BG,464.93,482.78,53.38,20.36,eso.bg,false,
2022-07-21 11:00:00,Bulgaria,Bulgaria,BG,475.81,493.61,52.35,19.43,eso.bg,false,
2022-07-21 12:00:00,Bulgaria,Bulgaria,BG,485.0,502.79,51.48,18.27,eso.bg,false,
2022-07-21 13:00:00,Bulgaria,Bulgaria,BG,497.09,514.78,50.23,16.74,eso.bg,false,
2022-07-21 14:00:00,Bulgaria,Bulgaria,BG,494.83,512.89,50.08,16.72,eso.bg,false,
2022-07-21 15:00:00,Bulgaria,Bulgaria,BG,490.59,507.79,50.66,17.9,eso.bg,false,
2022-07-21 16:00:00,Bulgaria,Bulgaria,BG,469.54,485.66,52.93,21.42,eso.bg,false,
2022-07-21 17:00:00,Bulgaria,Bulgaria,BG,467.07,482.68,53.3,21.72,eso.bg,false,
2022-07-21 18:00:00,Bulgaria,Bulgaria,BG,465.96,481.74,53.32,21.69,eso.bg,false,
2022-07-21 19:00:00,Bulgaria,Bulgaria,BG,478.78,494.7,52.02,19.66,eso.bg,false,
2022-07-21 20:00:00,Bulgaria,Bulgaria,BG,520.45,536.72,47.9,13.07,eso.bg,false,
2022-07-21 21:00:00,Bulgaria,Bulgaria,BG,559.98,576.59,43.97,6.6,eso.bg,false,
2022-07-21 22:00:00,Bulgaria,Bulgaria,BG,561.3,578.07,43.73,4.81,eso.bg,false,
2022-07-21 23:00:00,Bulgaria,Bulgaria,BG,565.42,582.36,43.26,4.48,eso.bg,false,
2022-07-22 00:00:00,Bulgaria,Bulgaria,BG,566.74,583.66,43.13,3.99,eso.bg,false,
2022-07-22 01:00:00,Bulgaria,Bulgaria,BG,566.23,583.18,43.16,3.72,eso.bg,false,
2022-07-22 02:00:00,Bulgaria,Bulgaria,BG,565.91,582.9,43.17,3.69,eso.bg,false,
2022-07-22 03:00:00,Bulgaria,Bulgaria,BG,563.36,580.26,43.49,4.43,eso.bg,false,
2022-07-22 04:00:00,Bulgaria,Bulgaria,BG,535.91,552.75,46.21,8.02,eso.bg,false,
2022-07-22 05:00:00,Bulgaria,Bulgaria,BG,525.58,542.47,47.43,10.88,eso.bg,false,
2022-07-22 06:00:00,Bulgaria,Bulgaria,BG,514.4,531.46,48.63,13.55,eso.bg,false,
2022-07-22 07:00:00,Bulgaria,Bulgaria,BG,508.82,526.22,49.21,14.48,eso.bg,false,
2022-07-22 08:00:00,Bulgaria,Bulgaria,BG,510.4,528.13,49.09,15.26,eso.bg,false,
2022-07-22 09:00:00,Bulgaria,Bulgaria,BG,504.46,522.56,49.53,15.48,eso.bg,false,
2022-07-22 10:00:00,Bulgaria,Bulgaria,BG,502.21,520.12,49.84,16.51,eso.bg,false,
2022-07-22 11:00:00,Bulgaria,Bulgaria,BG,497.21,514.99,50.36,17.35,eso.bg,false,
2022-07-22 12:00:00,Bulgaria,Bulgaria,BG,494.02,511.85,50.61,17.51,eso.bg,false,
2022-07-22 13:00:00,Bulgaria,Bulgaria,BG,500.31,518.39,49.76,16.59,eso.bg,false,
2022-07-22 14:00:00,Bulgaria,Bulgaria,BG,518.07,535.06,48.38,14.25,eso.bg,false,
2022-07-22 15:00:00,Bulgaria,Bulgaria,BG,514.41,531.49,48.5,15.56,eso.bg,false,
2022-07-22 16:00:00,Bulgaria,Bulgaria,BG,495.38,511.31,50.67,18.67,eso.bg,false,
2022-07-22 17:00:00,Bulgaria,Bulgaria,BG,494.69,510.29,50.74,18.77,eso.bg,false,
2022-07-22 18:00:00,Bulgaria,Bulgaria,BG,489.67,505.32,51.15,19.6,eso.bg,false,
2022-07-22 19:00:00,Bulgaria,Bulgaria,BG,493.04,508.69,50.81,19.06,eso.bg,false,
2022-07-22 20:00:00,Bulgaria,Bulgaria,BG,509.91,525.98,49.02,15.21,eso.bg,false,
2022-07-22 21:00:00,Bulgaria,Bulgaria,BG,538.0,554.72,45.92,7.38,eso.bg,false,
2022-07-22 22:00:00,Bulgaria,Bulgaria,BG,539.64,555.9,45.96,5.76,eso.bg,false,
2022-07-22 23:00:00,Bulgaria,Bulgaria,BG,534.46,550.74,46.46,5.62,eso.bg,false,
2022-07-23 00:00:00,Bulgaria,Bulgaria,BG,535.38,551.7,46.34,5.15,eso.bg,false,
2022-07-23 01:00:00,Bulgaria,Bulgaria,BG,543.0,559.41,45.63,4.16,eso.bg,false,
2022-07-23 02:00:00,Bulgaria,Bulgaria,BG,541.19,557.46,45.8,4.32,eso.bg,false,
2022-07-23 03:00:00,Bulgaria,Bulgaria,BG,536.0,552.51,46.23,4.02,eso.bg,false,
2022-07-23 04:00:00,Bulgaria,Bulgaria,BG,544.66,561.05,45.6,4.88,eso.bg,false,
2022-07-23 05:00:00,Bulgaria,Bulgaria,BG,522.03,538.71,47.83,8.65,eso.bg,false,
2022-07-23 06:00:00,Bulgaria,Bulgaria,BG,499.16,516.34,50.01,12.53,eso.bg,false,
2022-07-23 07:00:00,Bulgaria,Bulgaria,BG,480.04,496.94,52.1,15.52,eso.bg,false,
2022-07-23 08:00:00,Bulgaria,Bulgaria,BG,470.72,487.79,53.01,17.09,eso.bg,false,
2022-07-23 09:00:00,Bulgaria,Bulgaria,BG,463.52,480.68,53.72,18.34,eso.bg,false,
2022-07-23 10:00:00,Bulgaria,Bulgaria,BG,461.82,479.1,53.84,18.61,eso.bg,false,
2022-07-23 11:00:00,Bulgaria,Bulgaria,BG,463.38,480.58,53.69,18.18,eso.bg,false,
2022-07-23 12:00:00,Bulgaria,Bulgaria,BG,468.4,485.33,53.26,17.74,eso.bg,false,
2022-07-23 13:00:00,Bulgaria,Bulgaria,BG,453.13,469.63,54.75,20.28,eso.bg,false,
2022-07-23 14:00:00,Bulgaria,Bulgaria,BG,444.09,460.22,55.67,21.99,eso.bg,false,
2022-07-23 15:00:00,Bulgaria,Bulgaria,BG,449.31,465.01,55.15,21.09,eso.bg,false,
2022-07-23 16:00:00,Bulgaria,Bulgaria,BG,448.08,463.28,55.28,21.4,eso.bg,false,
2022-07-23 17:00:00,Bulgaria,Bulgaria,BG,450.33,465.35,55.03,20.93,eso.bg,false,
2022-07-23 18:00:00,Bulgaria,Bulgaria,BG,453.01,468.18,54.75,20.44,eso.bg,false,
2022-07-23 19:00:00,Bulgaria,Bulgaria,BG,482.86,498.41,51.75,15.81,eso.bg,false,
2022-07-23 20:00:00,Bulgaria,Bulgaria,BG,522.98,538.91,47.82,9.85,eso.bg,false,
2022-07-23 21:00:00,Bulgaria,Bulgaria,BG,545.25,561.16,45.65,6.16,eso.bg,false,
2022-07-23 22:00:00,Bulgaria,Bulgaria,BG,560.65,576.81,44.15,4.23,eso.bg,false,
2022-07-23 23:00:00,Bulgaria,Bulgaria,BG,560.93,577.05,44.11,4.16,eso.bg,false,
2022-07-24 00:00:00,Bulgaria,Bulgaria,BG,556.26,572.51,44.47,4.01,eso.bg,false,
2022-07-24 01:00:00,Bulgaria,Bulgaria,BG,551.42,567.76,44.89,3.93,eso.bg,false,
2022-07-24 02:00:00,Bulgaria,Bulgaria,BG,550.66,566.94,44.93,4.02,eso.bg,false,
2022-07-24 03:00:00,Bulgaria,Bulgaria,BG,553.81,569.87,44.76,4.12,eso.bg,false,
2022-07-24 04:00:00,Bulgaria,Bulgaria,BG,547.85,564.18,45.29,5.46,eso.bg,false,
2022-07-24 05:00:00,Bulgaria,Bulgaria,BG,538.45,555.43,46.15,7.88,eso.bg,false,
2022-07-24 06:00:00,Bulgaria,Bulgaria,BG,516.73,534.11,48.23,11.03,eso.bg,false,
2022-07-24 07:00:00,Bulgaria,Bulgaria,BG,482.94,500.84,51.36,14.7,eso.bg,false,
2022-07-24 08:00:00,Bulgaria,Bulgaria,BG,465.16,483.21,53.08,17.4,eso.bg,false,
2022-07-24 09:00:00,Bulgaria,Bulgaria,BG,463.9,481.94,53.28,18.37,eso.bg,false,
2022-07-24 10:00:00,Bulgaria,Bulgaria,BG,459.46,477.45,53.75,19.24,eso.bg,false,
2022-07-24 11:00:00,Bulgaria,Bulgaria,BG,424.93,442.95,56.95,21.83,eso.bg,false,
2022-07-24 12:00:00,Bulgaria,Bulgaria,BG,432.35,450.09,56.25,21.06,eso.bg,false,
2022-07-24 13:00:00,Bulgaria,Bulgaria,BG,436.92,454.43,55.82,20.76,eso.bg,false,
2022-07-24 14:00:00,Bulgaria,Bulgaria,BG,434.63,451.6,56.02,21.08,eso.bg,false,
2022-07-24 15:00:00,Bulgaria,Bulgaria,BG,435.56,452.14,55.93,21.2,eso.bg,false,
2022-07-24 16:00:00,Bulgaria,Bulgaria,BG,433.42,449.67,56.13,21.37,eso.bg,false,
2022-07-24 17:00:00,Bulgaria,Bulgaria,BG,443.71,459.84,55.13,20.24,eso.bg,false,
2022-07-24 18:00:00,Bulgaria,Bulgaria,BG,451.81,467.77,54.43,20.11,eso.bg,false,
2022-07-24 19:00:00,Bulgaria,Bulgaria,BG,465.59,481.78,53.05,18.06,eso.bg,false,
2022-07-24 20:00:00,Bulgaria,Bulgaria,BG,491.43,507.85,50.45,13.71,eso.bg,false,
2022-07-24 21:00:00,Bulgaria,Bulgaria,BG,515.7,532.56,47.91,8.22,eso.bg,false,
2022-07-24 22:00:00,Bulgaria,Bulgaria,BG,536.43,553.55,45.81,4.56,eso.bg,false,
2022-07-24 23:00:00,Bulgaria,Bulgaria,BG,535.15,552.32,45.93,5.24,eso.bg,false,
2022-07-25 00:00:00,Bulgaria,Bulgaria,BG,522.64,539.8,47.12,6.45,eso.bg,false,
2022-07-25 01:00:00,Bulgaria,Bulgaria,BG,510.29,527.5,48.22,6.92,eso.bg,false,
2022-07-25 02:00:00,Bulgaria,Bulgaria,BG,524.99,542.14,46.86,5.77,eso.bg,false,
2022-07-25 03:00:00,Bulgaria,Bulgaria,BG,521.4,538.66,47.15,5.87,eso.bg,false,
2022-07-25 04:00:00,Bulgaria,Bulgaria,BG,518.54,535.77,47.57,7.1,eso.bg,false,
2022-07-25 05:00:00,Bulgaria,Bulgaria,BG,502.13,519.25,49.32,11.04,eso.bg,false,
2022-07-25 06:00:00,Bulgaria,Bulgaria,BG,477.36,494.5,51.83,15.24,eso.bg,false,
2022-07-25 07:00:00,Bulgaria,Bulgaria,BG,458.22,475.73,53.76,18.51,eso.bg,false,
2022-07-25 08:00:00,Bulgaria,Bulgaria,BG,462.49,480.45,53.32,17.79,eso.bg,false,
2022-07-25 09:00:00,Bulgaria,Bulgaria,BG,459.78,477.95,53.56,18.0,eso.bg,false,
2022-07-25 10:00:00,Bulgaria,Bulgaria,BG,455.62,473.49,54.06,19.01,eso.bg,false,
2022-07-25 11:00:00,Bulgaria,Bulgaria,BG,450.88,468.62,54.5,20.0,eso.bg,false,
2022-07-25 12:00:00,Bulgaria,Bulgaria,BG,454.01,471.39,54.2,19.43,eso.bg,false,
2022-07-25 13:00:00,Bulgaria,Bulgaria,BG,442.69,460.08,55.22,20.25,eso.bg,false,
2022-07-25 14:00:00,Bulgaria,Bulgaria,BG,454.46,472.22,53.71,18.35,eso.bg,false,
2022-07-25 15:00:00,Bulgaria,Bulgaria,BG,448.75,465.26,54.75,20.44,eso.bg,false,
2022-07-25 16:00:00,Bulgaria,Bulgaria,BG,436.89,452.71,56.05,22.76,eso.bg,false,
2022-07-25 17:00:00,Bulgaria,Bulgaria,BG,440.08,455.98,55.61,22.09,eso.bg,false,
2022-07-25 18:00:00,Bulgaria,Bulgaria,BG,442.2,458.12,55.41,21.75,eso.bg,false,
2022-07-25 19:00:00,Bulgaria,Bulgaria,BG,452.09,468.11,54.38,19.88,eso.bg,false,
2022-07-25 20:00:00,Bulgaria,Bulgaria,BG,488.03,504.57,50.73,13.44,eso.bg,false,
2022-07-25 21:00:00,Bulgaria,Bulgaria,BG,510.91,527.89,48.28,7.81,eso.bg,false,
2022-07-25 22:00:00,Bulgaria,Bulgaria,BG,510.05,527.35,48.13,5.82,eso.bg,false,
2022-07-25 23:00:00,Bulgaria,Bulgaria,BG,515.53,532.92,47.55,4.74,eso.bg,false,
2022-07-26 00:00:00,Bulgaria,Bulgaria,BG,514.42,531.88,47.62,4.91,eso.bg,false,
2022-07-26 01:00:00,Bulgaria,Bulgaria,BG,516.91,534.32,47.44,4.47,eso.bg,false,
2022-07-26 02:00:00,Bulgaria,Bulgaria,BG,520.65,538.0,47.13,3.81,eso.bg,false,
2022-07-26 03:00:00,Bulgaria,Bulgaria,BG,522.95,540.01,47.05,3.37,eso.bg,false,
2022-07-26 04:00:00,Bulgaria,Bulgaria,BG,508.43,526.25,48.16,6.32,eso.bg,false,
2022-07-26 05:00:00,Bulgaria,Bulgaria,BG,481.39,499.97,50.72,11.32,eso.bg,false,
2022-07-26 06:00:00,Bulgaria,Bulgaria,BG,460.05,477.74,53.36,15.03,eso.bg,false,
2022-07-26 07:00:00,Bulgaria,Bulgaria,BG,441.02,458.73,55.35,18.55,eso.bg,false,
2022-07-26 08:00:00,Bulgaria,Bulgaria,BG,422.62,440.49,57.1,21.92,eso.bg,false,
2022-07-26 09:00:00,Bulgaria,Bulgaria,BG,412.32,430.06,58.26,23.96,eso.bg,false,
2022-07-26 10:00:00,Bulgaria,Bulgaria,BG,411.28,429.2,58.27,24.09,eso.bg,false,
2022-07-26 11:00:00,Bulgaria,Bulgaria,BG,411.18,429.23,58.18,24.18,eso.bg,false,
2022-07-26 12:00:00,Bulgaria,Bulgaria,BG,412.03,429.85,58.19,23.96,eso.bg,false,
2022-07-26 13:00:00,Bulgaria,Bulgaria,BG,415.93,433.44,57.87,23.34,eso.bg,false,
2022-07-26 14:00:00,Bulgaria,Bulgaria,BG,415.1,432.32,57.89,23.64,eso.bg,false,
2022-07-26 15:00:00,Bulgaria,Bulgaria,BG,409.67,426.23,58.51,24.51,eso.bg,false,
2022-07-26 16:00:00,Bulgaria,Bulgaria,BG,406.21,422.02,58.84,25.19,eso.bg,false,
2022-07-26 17:00:00,Bulgaria,Bulgaria,BG,409.87,425.73,58.45,24.42,eso.bg,false,
2022-07-26 18:00:00,Bulgaria,Bulgaria,BG,414.48,430.31,58.0,23.66,eso.bg,false,
2022-07-26 19:00:00,Bulgaria,Bulgaria,BG,422.22,438.32,57.17,22.18,eso.bg,false,
2022-07-26 20:00:00,Bulgaria,Bulgaria,BG,454.7,471.16,53.86,16.16,eso.bg,false,
2022-07-26 21:00:00,Bulgaria,Bulgaria,BG,484.98,501.75,50.83,10.43,eso.bg,false,
2022-07-26 22:00:00,Bulgaria,Bulgaria,BG,495.23,512.21,49.75,7.6,eso.bg,false,
2022-07-26 23:00:00,Bulgaria,Bulgaria,BG,501.8,518.95,49.04,6.35,eso.bg,false,
2022-07-27 00:00:00,Bulgaria,Bulgaria,BG,504.48,521.4,48.86,6.83,eso.bg,false,
2022-07-27 01:00:00,Bulgaria,Bulgaria,BG,499.1,516.24,49.33,7.26,eso.bg,false,
2022-07-27 02:00:00,Bulgaria,Bulgaria,BG,514.75,531.8,47.91,6.13,eso.bg,false,
2022-07-27 03:00:00,Bulgaria,Bulgaria,BG,521.01,538.02,47.32,5.79,eso.bg,false,
2022-07-27 04:00:00,Bulgaria,Bulgaria,BG,519.45,536.48,47.63,7.64,eso.bg,false,
2022-07-27 05:00:00,Bulgaria,Bulgaria,BG,481.32,498.35,51.46,13.97,eso.bg,false,
2022-07-27 06:00:00,Bulgaria,Bulgaria,BG,462.1,479.32,53.47,17.85,eso.bg,false,
2022-07-27 07:00:00,Bulgaria,Bulgaria,BG,452.79,470.09,54.45,19.54,eso.bg,false,
2022-07-27 08:00:00,Bulgaria,Bulgaria,BG,439.09,456.39,55.94,22.06,eso.bg,false,
2022-07-27 09:00:00,Bulgaria,Bulgaria,BG,431.01,448.51,56.75,23.55,eso.bg,false,
2022-07-27 10:00:00,Bulgaria,Bulgaria,BG,435.21,452.68,56.38,22.97,eso.bg,false,
2022-07-27 11:00:00,Bulgaria,Bulgaria,BG,441.27,458.64,55.8,21.96,eso.bg,false,
2022-07-27 12:00:00,Bulgaria,Bulgaria,BG,446.41,463.75,55.25,21.02,eso.bg,false,
2022-07-27 13:00:00,Bulgaria,Bulgaria,BG,447.2,464.2,55.14,20.58,eso.bg,false,
2022-07-27 14:00:00,Bulgaria,Bulgaria,BG,448.89,465.58,55.02,20.56,eso.bg,false,
2022-07-27 15:00:00,Bulgaria,Bulgaria,BG,442.66,458.76,55.68,21.95,eso.bg,false,
2022-07-27 16:00:00,Bulgaria,Bulgaria,BG,437.63,453.27,56.13,22.86,eso.bg,false,
2022-07-27 17:00:00,Bulgaria,Bulgaria,BG,447.35,462.98,55.13,21.2,eso.bg,false,
2022-07-27 18:00:00,Bulgaria,Bulgaria,BG,453.22,468.77,54.56,20.12,eso.bg,false,
2022-07-27 19:00:00,Bulgaria,Bulgaria,BG,470.74,486.59,52.76,17.04,eso.bg,false,
2022-07-27 20:00:00,Bulgaria,Bulgaria,BG,494.09,510.55,50.21,12.8,eso.bg,false,
2022-07-27 21:00:00,Bulgaria,Bulgaria,BG,523.84,540.57,47.23,7.2,eso.bg,false,
2022-07-27 22:00:00,Bulgaria,Bulgaria,BG,545.95,562.74,45.09,3.49,eso.bg,false,
2022-07-27 23:00:00,Bulgaria,Bulgaria,BG,544.41,561.28,45.23,3.77,eso.bg,false,
2022-07-28 00:00:00,Bulgaria,Bulgaria,BG,536.56,553.27,46.05,4.88,eso.bg,false,
2022-07-28 01:00:00,Bulgaria,Bulgaria,BG,547.56,564.32,44.97,3.02,eso.bg,false,
2022-07-28 02:00:00,Bulgaria,Bulgaria,BG,547.7,564.48,44.93,2.9,eso.bg,false,
2022-07-28 03:00:00,Bulgaria,Bulgaria,BG,538.65,555.95,45.57,3.41,eso.bg,false,
2022-07-28 04:00:00,Bulgaria,Bulgaria,BG,535.94,554.46,45.38,5.38,eso.bg,false,
2022-07-28 05:00:00,Bulgaria,Bulgaria,BG,508.37,526.92,48.1,10.34,eso.bg,false,
2022-07-28 06:00:00,Bulgaria,Bulgaria,BG,488.67,506.92,50.25,13.66,eso.bg,false,
2022-07-28 07:00:00,Bulgaria,Bulgaria,BG,462.03,479.87,53.19,15.39,eso.bg,false,
2022-07-28 08:00:00,Bulgaria,Bulgaria,BG,447.32,465.5,54.59,17.02,eso.bg,false,
2022-07-28 09:00:00,Bulgaria,Bulgaria,BG,428.37,447.44,56.07,18.64,eso.bg,false,
2022-07-28 10:00:00,Bulgaria,Bulgaria,BG,449.91,468.35,54.31,17.63,eso.bg,false,
2022-07-28 11:00:00,Bulgaria,Bulgaria,BG,465.41,483.82,52.84,16.82,eso.bg,false,
2022-07-28 12:00:00,Bulgaria,Bulgaria,BG,471.81,490.09,52.24,16.61,eso.bg,false,
2022-07-28 13:00:00,Bulgaria,Bulgaria,BG,473.14,490.37,52.39,16.25,eso.bg,false,
2022-07-28 14:00:00,Bulgaria,Bulgaria,BG,475.22,492.58,52.03,15.94,eso.bg,false,
2022-07-28 15:00:00,Bulgaria,Bulgaria,BG,463.63,480.45,53.21,18.07,eso.bg,false,
2022-07-28 16:00:00,Bulgaria,Bulgaria,BG,451.52,467.63,54.52,20.18,eso.bg,false,
2022-07-28 17:00:00,Bulgaria,Bulgaria,BG,450.05,466.13,54.56,20.4,eso.bg,false,
2022-07-28 18:00:00,Bulgaria,Bulgaria,BG,454.76,471.34,53.88,19.53,eso.bg,false,
2022-07-28 19:00:00,Bulgaria,Bulgaria,BG,476.61,493.76,51.54,15.55,eso.bg,false,
2022-07-28 20:00:00,Bulgaria,Bulgaria,BG,508.31,526.02,48.25,10.01,eso.bg,false,
2022-07-28 21:00:00,Bulgaria,Bulgaria,BG,528.59,546.22,46.34,4.49,eso.bg,false,
2022-07-28 22:00:00,Bulgaria,Bulgaria,BG,526.99,543.94,46.78,3.52,eso.bg,false,
2022-07-28 23:00:00,Bulgaria,Bulgaria,BG,515.43,532.67,47.69,3.49,eso.bg,false,
2022-07-29 00:00:00,Bulgaria,Bulgaria,BG,526.19,543.32,46.74,3.28,eso.bg,false,
2022-07-29 01:00:00,Bulgaria,Bulgaria,BG,510.3,527.56,48.14,3.69,eso.bg,false,
2022-07-29 02:00:00,Bulgaria,Bulgaria,BG,512.18,529.47,47.98,4.51,eso.bg,false,
2022-07-29 03:00:00,Bulgaria,Bulgaria,BG,500.65,519.2,48.5,5.72,eso.bg,false,
2022-07-29 04:00:00,Bulgaria,Bulgaria,BG,509.45,528.73,47.47,6.93,eso.bg,false,
2022-07-29 05:00:00,Bulgaria,Bulgaria,BG,502.38,521.82,48.28,10.31,eso.bg,false,
2022-07-29 06:00:00,Bulgaria,Bulgaria,BG,484.19,503.41,50.39,13.27,eso.bg,false,
2022-07-29 07:00:00,Bulgaria,Bulgaria,BG,473.14,491.6,51.97,14.86,eso.bg,false,
2022-07-29 08:00:00,Bulgaria,Bulgaria,BG,455.87,473.78,54.02,16.95,eso.bg,false,
2022-07-29 09:00:00,Bulgaria,Bulgaria,BG,443.45,461.48,55.26,18.79,eso.bg,false,
2022-07-29 10:00:00,Bulgaria,Bulgaria,BG,406.82,425.01,58.65,22.77,eso.bg,false,
2022-07-29 11:00:00,Bulgaria,Bulgaria,BG,404.63,422.83,58.78,22.9,eso.bg,false,
2022-07-29 12:00:00,Bulgaria,Bulgaria,BG,416.24,434.12,57.76,21.6,eso.bg,false,
2022-07-29 13:00:00,Bulgaria,Bulgaria,BG,437.61,455.17,55.76,19.62,eso.bg,false,
2022-07-29 14:00:00,Bulgaria,Bulgaria,BG,441.33,458.77,55.39,19.42,eso.bg,false,
2022-07-29 15:00:00,Bulgaria,Bulgaria,BG,433.75,450.25,56.27,20.92,eso.bg,false,
2022-07-29 16:00:00,Bulgaria,Bulgaria,BG,447.86,463.77,55.0,19.65,eso.bg,false,
2022-07-29 17:00:00,Bulgaria,Bulgaria,BG,453.37,469.08,54.44,18.78,eso.bg,false,
2022-07-29 18:00:00,Bulgaria,Bulgaria,BG,456.7,472.96,53.87,17.95,eso.bg,false,
2022-07-29 19:00:00,Bulgaria,Bulgaria,BG,470.39,487.01,52.35,15.47,eso.bg,false,
2022-07-29 20:00:00,Bulgaria,Bulgaria,BG,497.03,514.11,49.6,10.72,eso.bg,false,
2022-07-29 21:00:00,Bulgaria,Bulgaria,BG,526.08,542.84,46.98,5.61,eso.bg,false,
2022-07-29 22:00:00,Bulgaria,Bulgaria,BG,524.51,541.46,47.0,3.93,eso.bg,false,
2022-07-29 23:00:00,Bulgaria,Bulgaria,BG,521.64,538.7,47.2,3.35,eso.bg,false,
2022-07-30 00:00:00,Bulgaria,Bulgaria,BG,522.01,539.13,47.16,3.24,eso.bg,false,
2022-07-30 01:00:00,Bulgaria,Bulgaria,BG,519.54,536.49,47.43,3.77,eso.bg,false,
2022-07-30 02:00:00,Bulgaria,Bulgaria,BG,514.29,531.33,47.86,4.07,eso.bg,false,
2022-07-30 03:00:00,Bulgaria,Bulgaria,BG,504.46,521.67,48.72,4.31,eso.bg,false,
2022-07-30 04:00:00,Bulgaria,Bulgaria,BG,500.76,518.11,49.13,5.93,eso.bg,false,
2022-07-30 05:00:00,Bulgaria,Bulgaria,BG,475.44,493.18,51.57,10.12,eso.bg,false,
2022-07-30 06:00:00,Bulgaria,Bulgaria,BG,448.49,467.09,54.02,13.98,eso.bg,false,
2022-07-30 07:00:00,Bulgaria,Bulgaria,BG,431.82,450.02,56.08,16.53,eso.bg,false,
2022-07-30 08:00:00,Bulgaria,Bulgaria,BG,420.95,439.34,57.12,18.13,eso.bg,false,
2022-07-30 09:00:00,Bulgaria,Bulgaria,BG,408.32,426.8,58.33,19.91,eso.bg,false,
2022-07-30 10:00:00,Bulgaria,Bulgaria,BG,407.68,426.2,58.46,20.41,eso.bg,false,
2022-07-30 11:00:00,Bulgaria,Bulgaria,BG,416.07,434.2,57.69,19.85,eso.bg,false,
2022-07-30 12:00:00,Bulgaria,Bulgaria,BG,412.59,430.56,58.08,20.89,eso.bg,false,
2022-07-30 13:00:00,Bulgaria,Bulgaria,BG,405.11,422.8,58.75,21.29,eso.bg,false,
2022-07-30 14:00:00,Bulgaria,Bulgaria,BG,404.1,421.39,58.9,22.0,eso.bg,false,
2022-07-30 15:00:00,Bulgaria,Bulgaria,BG,405.85,422.49,58.75,22.18,eso.bg,false,
2022-07-30 16:00:00,Bulgaria,Bulgaria,BG,401.71,417.83,59.14,22.97,eso.bg,false,
2022-07-30 17:00:00,Bulgaria,Bulgaria,BG,410.18,426.33,58.24,21.31,eso.bg,false,
2022-07-30 18:00:00,Bulgaria,Bulgaria,BG,414.26,430.39,57.86,20.47,eso.bg,false,
2022-07-30 19:00:00,Bulgaria,Bulgaria,BG,447.21,463.56,54.56,14.49,eso.bg,false,
2022-07-30 20:00:00,Bulgaria,Bulgaria,BG,474.22,490.78,51.86,9.75,eso.bg,false,
2022-07-30 21:00:00,Bulgaria,Bulgaria,BG,481.05,498.5,51.02,8.41,eso.bg,false,
2022-07-30 22:00:00,Bulgaria,Bulgaria,BG,507.43,524.58,48.56,4.16,eso.bg,false,
2022-07-30 23:00:00,Bulgaria,Bulgaria,BG,510.23,527.27,48.26,3.56,eso.bg,false,
2022-07-31 00:00:00,Bulgaria,Bulgaria,BG,507.33,524.54,48.46,3.75,eso.bg,false,
2022-07-31 01:00:00,Bulgaria,Bulgaria,BG,507.64,524.93,48.4,3.28,eso.bg,false,
2022-07-31 02:00:00,Bulgaria,Bulgaria,BG,498.9,516.16,49.16,3.65,eso.bg,false,
2022-07-31 03:00:00,Bulgaria,Bulgaria,BG,487.57,504.98,50.13,4.04,eso.bg,false,
2022-07-31 04:00:00,Bulgaria,Bulgaria,BG,475.48,493.14,51.24,5.6,eso.bg,false,
2022-07-31 05:00:00,Bulgaria,Bulgaria,BG,466.07,484.04,52.26,8.45,eso.bg,false,
2022-07-31 06:00:00,Bulgaria,Bulgaria,BG,445.11,463.1,54.46,12.35,eso.bg,false,
2022-07-31 07:00:00,Bulgaria,Bulgaria,BG,426.7,444.66,56.37,15.5,eso.bg,false,
2022-07-31 08:00:00,Bulgaria,Bulgaria,BG,433.62,451.65,55.84,16.04,eso.bg,false,
2022-07-31 09:00:00,Bulgaria,Bulgaria,BG,420.07,438.32,57.08,17.76,eso.bg,false,
2022-07-31 10:00:00,Bulgaria,Bulgaria,BG,400.71,419.1,58.87,19.56,eso.bg,false,
2022-07-31 11:00:00,Bulgaria,Bulgaria,BG,412.56,431.04,57.7,18.14,eso.bg,false,
2022-07-31 12:00:00,Bulgaria,Bulgaria,BG,439.78,457.75,55.27,16.33,eso.bg,false,
2022-07-31 13:00:00,Bulgaria,Bulgaria,BG,445.72,463.14,54.86,16.27,eso.bg,false,
2022-07-31 14:00:00,Bulgaria,Bulgaria,BG,448.89,466.18,54.46,15.69,eso.bg,false,
2022-07-31 15:00:00,Bulgaria,Bulgaria,BG,432.51,449.42,56.14,18.91,eso.bg,false,
2022-07-31 16:00:00,Bulgaria,Bulgaria,BG,429.98,446.44,56.34,19.38,eso.bg,false,
2022-07-31 17:00:00,Bulgaria,Bulgaria,BG,428.14,444.37,56.56,20.0,eso.bg,false,
2022-07-31 18:00:00,Bulgaria,Bulgaria,BG,415.24,431.49,57.71,20.85,eso.bg,false,
2022-07-31 19:00:00,Bulgaria,Bulgaria,BG,460.47,477.13,53.2,13.65,eso.bg,false,
2022-07-31 20:00:00,Bulgaria,Bulgaria,BG,487.23,503.81,50.83,10.09,eso.bg,false,
2022-07-31 21:00:00,Bulgaria,Bulgaria,BG,510.28,526.91,48.6,6.49,eso.bg,false,
2022-07-31 22:00:00,Bulgaria,Bulgaria,BG,514.53,531.11,48.2,5.13,eso.bg,false,
2022-07-31 23:00:00,Bulgaria,Bulgaria,BG,503.71,520.03,49.35,7.81,eso.bg,false,
2022-08-01 00:00:00,Bulgaria,Bulgaria,BG,499.26,515.57,49.82,8.46,eso.bg,false,
2022-08-01 01:00:00,Bulgaria,Bulgaria,BG,501.98,518.43,49.53,7.62,eso.bg,false,
2022-08-01 02:00:00,Bulgaria,Bulgaria,BG,467.02,483.45,52.78,11.07,eso.bg,false,
2022-08-01 03:00:00,Bulgaria,Bulgaria,BG,468.92,485.35,52.66,11.56,eso.bg,false,
2022-08-01 04:00:00,Bulgaria,Bulgaria,BG,471.12,487.48,52.55,12.37,eso.bg,false,
2022-08-01 05:00:00,Bulgaria,Bulgaria,BG,473.93,490.58,52.46,14.15,eso.bg,false,
2022-08-01 06:00:00,Bulgaria,Bulgaria,BG,458.93,475.82,54.03,16.72,eso.bg,false,
2022-08-01 07:00:00,Bulgaria,Bulgaria,BG,454.35,471.71,54.47,17.67,eso.bg,false,
2022-08-01 08:00:00,Bulgaria,Bulgaria,BG,449.32,466.84,54.97,18.48,eso.bg,false,
2022-08-01 09:00:00,Bulgaria,Bulgaria,BG,443.09,460.85,55.55,19.21,eso.bg,false,
2022-08-01 10:00:00,Bulgaria,Bulgaria,BG,445.27,462.89,55.35,19.27,eso.bg,false,
2022-08-01 11:00:00,Bulgaria,Bulgaria,BG,449.1,466.49,54.98,18.82,eso.bg,false,
2022-08-01 12:00:00,Bulgaria,Bulgaria,BG,450.21,467.48,54.83,18.18,eso.bg,false,
2022-08-01 13:00:00,Bulgaria,Bulgaria,BG,467.5,484.59,53.2,16.32,eso.bg,false,
2022-08-01 14:00:00,Bulgaria,Bulgaria,BG,467.56,484.14,53.23,16.87,eso.bg,false,
2022-08-01 15:00:00,Bulgaria,Bulgaria,BG,460.33,476.61,53.93,18.38,eso.bg,false,
2022-08-01 16:00:00,Bulgaria,Bulgaria,BG,469.7,485.42,53.09,17.72,eso.bg,false,
2022-08-01 17:00:00,Bulgaria,Bulgaria,BG,467.01,482.36,53.38,18.52,eso.bg,false,
2022-08-01 18:00:00,Bulgaria,Bulgaria,BG,458.96,474.32,54.13,19.62,eso.bg,false,
2022-08-01 19:00:00,Bulgaria,Bulgaria,BG,461.03,476.66,53.76,17.46,eso.bg,false,
2022-08-01 20:00:00,Bulgaria,Bulgaria,BG,504.05,519.98,49.58,10.92,eso.bg,false,
2022-08-01 21:00:00,Bulgaria,Bulgaria,BG,516.74,532.89,48.27,7.86,eso.bg,false,
2022-08-01 22:00:00,Bulgaria,Bulgaria,BG,512.86,529.02,48.62,7.47,eso.bg,false,
2022-08-01 23:00:00,Bulgaria,Bulgaria,BG,516.14,532.35,48.28,7.22,eso.bg,false,
2022-08-02 00:00:00,Bulgaria,Bulgaria,BG,518.62,534.85,48.06,7.24,eso.bg,false,
2022-08-02 01:00:00,Bulgaria,Bulgaria,BG,515.03,531.19,48.39,7.13,eso.bg,false,
2022-08-02 02:00:00,Bulgaria,Bulgaria,BG,519.02,535.2,48.02,6.85,eso.bg,false,
2022-08-02 03:00:00,Bulgaria,Bulgaria,BG,520.47,536.61,47.91,6.72,eso.bg,false,
2022-08-02 04:00:00,Bulgaria,Bulgaria,BG,512.63,528.83,48.73,9.17,eso.bg,false,
2022-08-02 05:00:00,Bulgaria,Bulgaria,BG,477.57,493.94,52.18,14.47,eso.bg,false,
2022-08-02 06:00:00,Bulgaria,Bulgaria,BG,461.5,478.32,53.81,17.38,eso.bg,false,
2022-08-02 07:00:00,Bulgaria,Bulgaria,BG,451.6,468.7,54.73,18.13,eso.bg,false,
2022-08-02 08:00:00,Bulgaria,Bulgaria,BG,441.35,458.72,55.73,19.36,eso.bg,false,
2022-08-02 09:00:00,Bulgaria,Bulgaria,BG,453.78,471.02,54.55,18.34,eso.bg,false,
2022-08-02 10:00:00,Bulgaria,Bulgaria,BG,465.07,482.27,53.52,17.55,eso.bg,false,
2022-08-02 11:00:00,Bulgaria,Bulgaria,BG,483.78,500.86,51.7,14.97,eso.bg,false,
2022-08-02 12:00:00,Bulgaria,Bulgaria,BG,488.08,505.18,51.26,13.74,eso.bg,false,
2022-08-02 13:00:00,Bulgaria,Bulgaria,BG,485.52,502.51,51.48,13.84,eso.bg,false,
2022-08-02 14:00:00,Bulgaria,Bulgaria,BG,489.47,506.0,51.1,13.18,eso.bg,false,
2022-08-02 15:00:00,Bulgaria,Bulgaria,BG,472.07,487.95,52.93,17.06,eso.bg,false,
2022-08-02 16:00:00,Bulgaria,Bulgaria,BG,467.81,483.13,53.43,18.47,eso.bg,false,
2022-08-02 17:00:00,Bulgaria,Bulgaria,BG,457.59,472.7,54.4,20.26,eso.bg,false,
2022-08-02 18:00:00,Bulgaria,Bulgaria,BG,456.55,471.7,54.44,20.08,eso.bg,false,
2022-08-02 19:00:00,Bulgaria,Bulgaria,BG,486.76,502.29,51.42,15.17,eso.bg,false,
2022-08-02 20:00:00,Bulgaria,Bulgaria,BG,511.21,526.95,48.99,10.86,eso.bg,false,
2022-08-02 21:00:00,Bulgaria,Bulgaria,BG,541.99,557.95,45.97,5.1,eso.bg,false,
2022-08-02 22:00:00,Bulgaria,Bulgaria,BG,532.68,548.64,46.83,5.44,eso.bg,false,
2022-08-02 23:00:00,Bulgaria,Bulgaria,BG,529.1,545.22,47.11,5.5,eso.bg,false,
2022-08-03 00:00:00,Bulgaria,Bulgaria,BG,530.8,547.0,46.91,5.5,eso.bg,false,
2022-08-03 01:00:00,Bulgaria,Bulgaria,BG,530.31,546.51,46.99,5.8,eso.bg,false,
2022-08-03 02:00:00,Bulgaria,Bulgaria,BG,530.02,546.22,46.98,5.73,eso.bg,false,
2022-08-03 03:00:00,Bulgaria,Bulgaria,BG,527.22,543.46,47.22,5.92,eso.bg,false,
2022-08-03 04:00:00,Bulgaria,Bulgaria,BG,514.28,530.36,48.62,9.18,eso.bg,false,
2022-08-03 05:00:00,Bulgaria,Bulgaria,BG,499.47,515.52,50.21,12.59,eso.bg,false,
2022-08-03 06:00:00,Bulgaria,Bulgaria,BG,481.96,498.09,52.09,15.99,eso.bg,false,
2022-08-03 07:00:00,Bulgaria,Bulgaria,BG,464.61,481.35,53.67,17.42,eso.bg,false,
2022-08-03 08:00:00,Bulgaria,Bulgaria,BG,459.3,476.45,54.26,19.0,eso.bg,false,
2022-08-03 09:00:00,Bulgaria,Bulgaria,BG,473.71,490.87,52.82,17.04,eso.bg,false,
2022-08-03 10:00:00,Bulgaria,Bulgaria,BG,464.58,481.74,53.64,17.79,eso.bg,false,
2022-08-03 11:00:00,Bulgaria,Bulgaria,BG,487.83,504.97,51.43,14.79,eso.bg,false,
2022-08-03 12:00:00,Bulgaria,Bulgaria,BG,481.5,498.47,51.97,15.19,eso.bg,false,
2022-08-03 13:00:00,Bulgaria,Bulgaria,BG,485.94,502.64,51.55,14.72,eso.bg,false,
2022-08-03 14:00:00,Bulgaria,Bulgaria,BG,493.78,510.21,50.8,13.59,eso.bg,false,
2022-08-03 15:00:00,Bulgaria,Bulgaria,BG,472.0,488.1,52.93,17.06,eso.bg,false,
2022-08-03 16:00:00,Bulgaria,Bulgaria,BG,453.39,468.69,54.81,20.85,eso.bg,false,
2022-08-03 17:00:00,Bulgaria,Bulgaria,BG,449.25,464.36,55.17,21.56,eso.bg,false,
2022-08-03 18:00:00,Bulgaria,Bulgaria,BG,443.08,458.09,55.78,22.48,eso.bg,false,
2022-08-03 19:00:00,Bulgaria,Bulgaria,BG,467.85,483.19,53.3,18.23,eso.bg,false,
2022-08-03 20:00:00,Bulgaria,Bulgaria,BG,497.7,513.43,50.28,12.86,eso.bg,false,
2022-08-03 21:00:00,Bulgaria,Bulgaria,BG,525.98,541.79,47.56,7.95,eso.bg,false,
2022-08-03 22:00:00,Bulgaria,Bulgaria,BG,546.28,562.14,45.59,4.49,eso.bg,false,
2022-08-03 23:00:00,Bulgaria,Bulgaria,BG,550.12,566.23,45.12,3.73,eso.bg,false,
2022-08-04 00:00:00,Bulgaria,Bulgaria,BG,545.33,561.44,45.58,4.53,eso.bg,false,
2022-08-04 01:00:00,Bulgaria,Bulgaria,BG,541.36,557.43,45.97,5.16,eso.bg,false,
2022-08-04 02:00:00,Bulgaria,Bulgaria,BG,539.35,555.45,46.16,5.44,eso.bg,false,
2022-08-04 03:00:00,Bulgaria,Bulgaria,BG,538.91,554.98,46.21,5.66,eso.bg,false,
2022-08-04 04:00:00,Bulgaria,Bulgaria,BG,525.5,541.51,47.58,8.02,eso.bg,false,
2022-08-04 05:00:00,Bulgaria,Bulgaria,BG,492.25,508.22,50.94,13.8,eso.bg,false,
2022-08-04 06:00:00,Bulgaria,Bulgaria,BG,468.08,484.46,53.33,17.63,eso.bg,false,
2022-08-04 07:00:00,Bulgaria,Bulgaria,BG,466.2,483.03,53.54,18.05,eso.bg,false,
2022-08-04 08:00:00,Bulgaria,Bulgaria,BG,470.4,487.44,53.14,17.66,eso.bg,false,
2022-08-04 09:00:00,Bulgaria,Bulgaria,BG,467.61,484.44,53.57,18.38,eso.bg,false,
2022-08-04 10:00:00,Bulgaria,Bulgaria,BG,461.33,478.19,54.17,19.49,eso.bg,false,
2022-08-04 11:00:00,Bulgaria,Bulgaria,BG,471.88,488.71,53.11,17.58,eso.bg,false,
2022-08-04 12:00:00,Bulgaria,Bulgaria,BG,482.83,499.45,52.02,15.69,eso.bg,false,
2022-08-04 13:00:00,Bulgaria,Bulgaria,BG,483.35,500.0,51.95,15.55,eso.bg,false,
2022-08-04 14:00:00,Bulgaria,Bulgaria,BG,489.76,505.94,51.33,14.46,eso.bg,false,
2022-08-04 15:00:00,Bulgaria,Bulgaria,BG,466.66,482.45,53.55,18.41,eso.bg,false,
2022-08-04 16:00:00,Bulgaria,Bulgaria,BG,451.2,466.54,54.99,21.06,eso.bg,false,
2022-08-04 17:00:00,Bulgaria,Bulgaria,BG,454.16,469.34,54.65,20.69,eso.bg,false,
2022-08-04 18:00:00,Bulgaria,Bulgaria,BG,456.83,472.1,54.36,20.09,eso.bg,false,
2022-08-04 19:00:00,Bulgaria,Bulgaria,BG,471.1,486.52,52.93,17.38,eso.bg,false,
2022-08-04 20:00:00,Bulgaria,Bulgaria,BG,495.0,510.67,50.55,12.92,eso.bg,false,
2022-08-04 21:00:00,Bulgaria,Bulgaria,BG,541.94,557.98,45.92,4.93,eso.bg,false,
2022-08-04 22:00:00,Bulgaria,Bulgaria,BG,544.68,560.6,45.69,4.48,eso.bg,false,
2022-08-04 23:00:00,Bulgaria,Bulgaria,BG,541.82,557.82,45.92,4.85,eso.bg,false,
2022-08-05 00:00:00,Bulgaria,Bulgaria,BG,542.78,558.92,45.79,4.54,eso.bg,false,
2022-08-05 01:00:00,Bulgaria,Bulgaria,BG,534.21,550.39,46.59,5.23,eso.bg,false,
2022-08-05 02:00:00,Bulgaria,Bulgaria,BG,535.09,551.18,46.53,5.51,eso.bg,false,
2022-08-05 03:00:00,Bulgaria,Bulgaria,BG,533.91,550.04,46.64,6.05,eso.bg,false,
2022-08-05 04:00:00,Bulgaria,Bulgaria,BG,515.01,530.27,48.97,9.26,eso.bg,false,
2022-08-05 05:00:00,Bulgaria,Bulgaria,BG,489.41,504.87,51.56,14.19,eso.bg,false,
2022-08-05 06:00:00,Bulgaria,Bulgaria,BG,474.7,490.52,53.07,16.97,eso.bg,false,
2022-08-05 07:00:00,Bulgaria,Bulgaria,BG,476.39,492.67,52.94,16.59,eso.bg,false,
2022-08-05 08:00:00,Bulgaria,Bulgaria,BG,477.15,493.66,52.87,16.8,eso.bg,false,
2022-08-05 09:00:00,Bulgaria,Bulgaria,BG,467.71,484.26,53.78,18.38,eso.bg,false,
2022-08-05 10:00:00,Bulgaria,Bulgaria,BG,461.66,478.11,54.36,19.41,eso.bg,false,
2022-08-05 11:00:00,Bulgaria,Bulgaria,BG,463.23,479.5,54.22,19.17,eso.bg,false,
2022-08-05 12:00:00,Bulgaria,Bulgaria,BG,465.11,481.37,54.04,18.88,eso.bg,false,
2022-08-05 13:00:00,Bulgaria,Bulgaria,BG,446.37,462.44,55.75,19.62,eso.bg,false,
2022-08-05 14:00:00,Bulgaria,Bulgaria,BG,451.08,466.93,55.28,18.67,eso.bg,false,
2022-08-05 15:00:00,Bulgaria,Bulgaria,BG,434.99,450.12,56.86,21.62,eso.bg,false,
2022-08-05 16:00:00,Bulgaria,Bulgaria,BG,426.68,441.24,57.67,23.4,eso.bg,false,
2022-08-05 17:00:00,Bulgaria,Bulgaria,BG,432.55,447.08,57.07,22.53,eso.bg,false,
2022-08-05 18:00:00,Bulgaria,Bulgaria,BG,432.13,446.6,57.14,22.7,eso.bg,false,
2022-08-05 19:00:00,Bulgaria,Bulgaria,BG,449.16,463.72,55.46,19.71,eso.bg,false,
2022-08-05 20:00:00,Bulgaria,Bulgaria,BG,485.26,500.03,51.95,13.28,eso.bg,false,
2022-08-05 21:00:00,Bulgaria,Bulgaria,BG,518.17,533.22,48.68,7.23,eso.bg,false,
2022-08-05 22:00:00,Bulgaria,Bulgaria,BG,532.51,547.64,47.27,4.48,eso.bg,false,
2022-08-05 23:00:00,Bulgaria,Bulgaria,BG,533.74,548.92,47.13,3.95,eso.bg,false,
2022-08-06 00:00:00,Bulgaria,Bulgaria,BG,534.57,549.79,47.01,3.73,eso.bg,false,
2022-08-06 01:00:00,Bulgaria,Bulgaria,BG,533.91,549.17,47.09,3.77,eso.bg,false,
2022-08-06 02:00:00,Bulgaria,Bulgaria,BG,534.52,549.74,47.0,3.54,eso.bg,false,
2022-08-06 03:00:00,Bulgaria,Bulgaria,BG,529.15,544.4,47.52,4.62,eso.bg,false,
2022-08-06 04:00:00,Bulgaria,Bulgaria,BG,511.31,526.58,49.29,7.95,eso.bg,false,
2022-08-06 05:00:00,Bulgaria,Bulgaria,BG,495.56,510.97,50.91,11.06,eso.bg,false,
2022-08-06 06:00:00,Bulgaria,Bulgaria,BG,483.63,499.5,52.13,13.36,eso.bg,false,
2022-08-06 07:00:00,Bulgaria,Bulgaria,BG,475.08,491.54,52.98,14.87,eso.bg,false,
2022-08-06 08:00:00,Bulgaria,Bulgaria,BG,470.37,486.97,53.45,15.78,eso.bg,false,
2022-08-06 09:00:00,Bulgaria,Bulgaria,BG,457.23,473.77,54.73,17.62,eso.bg,false,
2022-08-06 10:00:00,Bulgaria,Bulgaria,BG,445.1,461.28,55.93,20.01,eso.bg,false,
2022-08-06 11:00:00,Bulgaria,Bulgaria,BG,442.35,458.35,56.18,20.44,eso.bg,false,
2022-08-06 12:00:00,Bulgaria,Bulgaria,BG,448.51,464.38,55.59,19.43,eso.bg,false,
2022-08-06 13:00:00,Bulgaria,Bulgaria,BG,452.07,467.63,55.26,18.89,eso.bg,false,
2022-08-06 14:00:00,Bulgaria,Bulgaria,BG,455.68,471.09,54.92,18.33,eso.bg,false,
2022-08-06 15:00:00,Bulgaria,Bulgaria,BG,444.1,459.02,56.07,20.42,eso.bg,false,
2022-08-06 16:00:00,Bulgaria,Bulgaria,BG,448.01,462.6,55.67,19.69,eso.bg,false,
2022-08-06 17:00:00,Bulgaria,Bulgaria,BG,456.88,471.43,54.78,18.1,eso.bg,false,
2022-08-06 18:00:00,Bulgaria,Bulgaria,BG,454.98,469.61,54.89,18.09,eso.bg,false,
2022-08-06 19:00:00,Bulgaria,Bulgaria,BG,455.64,470.68,54.59,16.56,eso.bg,false,
2022-08-06 20:00:00,Bulgaria,Bulgaria,BG,488.95,504.21,51.28,10.33,eso.bg,false,
2022-08-06 21:00:00,Bulgaria,Bulgaria,BG,512.98,528.49,48.91,6.18,eso.bg,false,
2022-08-06 22:00:00,Bulgaria,Bulgaria,BG,512.46,527.96,48.97,5.98,eso.bg,false,
2022-08-06 23:00:00,Bulgaria,Bulgaria,BG,507.9,523.46,49.38,6.53,eso.bg,false,
2022-08-07 00:00:00,Bulgaria,Bulgaria,BG,511.26,526.91,49.02,6.41,eso.bg,false,
2022-08-07 01:00:00,Bulgaria,Bulgaria,BG,503.11,518.72,49.82,7.32,eso.bg,false,
2022-08-07 02:00:00,Bulgaria,Bulgaria,BG,501.89,517.28,50.0,7.78,eso.bg,false,
2022-08-07 03:00:00,Bulgaria,Bulgaria,BG,495.42,510.78,50.68,8.93,eso.bg,false,
2022-08-07 04:00:00,Bulgaria,Bulgaria,BG,481.88,497.18,52.1,11.82,eso.bg,false,
2022-08-07 05:00:00,Bulgaria,Bulgaria,BG,466.68,482.2,53.62,14.72,eso.bg,false,
2022-08-07 06:00:00,Bulgaria,Bulgaria,BG,432.94,449.03,56.74,18.08,eso.bg,false,
2022-08-07 07:00:00,Bulgaria,Bulgaria,BG,429.86,446.33,57.05,18.76,eso.bg,false,
2022-08-07 08:00:00,Bulgaria,Bulgaria,BG,443.85,460.34,55.81,18.28,eso.bg,false,
2022-08-07 09:00:00,Bulgaria,Bulgaria,BG,445.27,461.79,55.69,18.47,eso.bg,false,
2022-08-07 10:00:00,Bulgaria,Bulgaria,BG,444.86,461.06,55.79,19.23,eso.bg,false,
2022-08-07 11:00:00,Bulgaria,Bulgaria,BG,424.26,440.41,57.64,20.44,eso.bg,false,
2022-08-07 12:00:00,Bulgaria,Bulgaria,BG,426.01,441.72,57.49,19.98,eso.bg,false,
2022-08-07 13:00:00,Bulgaria,Bulgaria,BG,414.93,431.16,58.3,19.72,eso.bg,false,
2022-08-07 14:00:00,Bulgaria,Bulgaria,BG,403.96,420.61,59.18,20.32,eso.bg,false,
2022-08-07 15:00:00,Bulgaria,Bulgaria,BG,442.92,457.84,55.94,18.87,eso.bg,false,
2022-08-07 16:00:00,Bulgaria,Bulgaria,BG,445.62,460.26,55.71,18.94,eso.bg,false,
2022-08-07 17:00:00,Bulgaria,Bulgaria,BG,435.04,449.67,56.63,19.58,eso.bg,false,
2022-08-07 18:00:00,Bulgaria,Bulgaria,BG,431.51,446.13,56.97,19.99,eso.bg,false,
2022-08-07 19:00:00,Bulgaria,Bulgaria,BG,441.37,456.15,55.96,18.19,eso.bg,false,
2022-08-07 20:00:00,Bulgaria,Bulgaria,BG,474.44,489.46,52.71,12.56,eso.bg,false,
2022-08-07 21:00:00,Bulgaria,Bulgaria,BG,489.34,504.65,51.18,8.97,eso.bg,false,
2022-08-07 22:00:00,Bulgaria,Bulgaria,BG,499.84,514.98,50.22,8.05,eso.bg,false,
2022-08-07 23:00:00,Bulgaria,Bulgaria,BG,462.21,477.87,53.38,9.04,eso.bg,false,
2022-08-08 00:00:00,Bulgaria,Bulgaria,BG,424.56,440.71,56.64,10.65,eso.bg,false,
2022-08-08 01:00:00,Bulgaria,Bulgaria,BG,458.72,474.86,53.45,9.62,eso.bg,false,
2022-08-08 02:00:00,Bulgaria,Bulgaria,BG,490.53,506.52,50.64,9.16,eso.bg,false,
2022-08-08 03:00:00,Bulgaria,Bulgaria,BG,483.15,499.06,51.37,9.78,eso.bg,false,
2022-08-08 04:00:00,Bulgaria,Bulgaria,BG,484.1,500.04,51.35,11.07,eso.bg,false,
2022-08-08 05:00:00,Bulgaria,Bulgaria,BG,467.97,484.17,53.03,14.31,eso.bg,false,
2022-08-08 06:00:00,Bulgaria,Bulgaria,BG,456.2,472.89,54.2,16.48,eso.bg,false,
2022-08-08 07:00:00,Bulgaria,Bulgaria,BG,441.68,458.77,55.6,18.18,eso.bg,false,
2022-08-08 08:00:00,Bulgaria,Bulgaria,BG,393.94,411.43,60.02,22.62,eso.bg,false,
2022-08-08 09:00:00,Bulgaria,Bulgaria,BG,386.53,403.98,60.76,23.71,eso.bg,false,
2022-08-08 10:00:00,Bulgaria,Bulgaria,BG,391.9,409.17,60.29,23.4,eso.bg,false,
2022-08-08 11:00:00,Bulgaria,Bulgaria,BG,391.73,408.93,60.33,23.72,eso.bg,false,
2022-08-08 12:00:00,Bulgaria,Bulgaria,BG,399.56,416.66,59.59,22.61,eso.bg,false,
2022-08-08 13:00:00,Bulgaria,Bulgaria,BG,406.46,423.13,58.92,21.31,eso.bg,false,
2022-08-08 14:00:00,Bulgaria,Bulgaria,BG,412.81,429.61,58.05,20.26,eso.bg,false,
2022-08-08 15:00:00,Bulgaria,Bulgaria,BG,405.42,421.46,58.96,21.56,eso.bg,false,
2022-08-08 16:00:00,Bulgaria,Bulgaria,BG,399.5,414.91,59.55,22.77,eso.bg,false,
2022-08-08 17:00:00,Bulgaria,Bulgaria,BG,403.49,418.78,59.14,22.14,eso.bg,false,
2022-08-08 18:00:00,Bulgaria,Bulgaria,BG,401.26,416.72,59.3,22.67,eso.bg,false,
2022-08-08 19:00:00,Bulgaria,Bulgaria,BG,426.7,442.3,56.79,17.63,eso.bg,false,
2022-08-08 20:00:00,Bulgaria,Bulgaria,BG,454.93,470.82,53.95,12.02,eso.bg,false,
2022-08-08 21:00:00,Bulgaria,Bulgaria,BG,465.64,481.84,52.76,8.2,eso.bg,false,
2022-08-08 22:00:00,Bulgaria,Bulgaria,BG,449.35,465.63,54.26,9.55,eso.bg,false,
2022-08-08 23:00:00,Bulgaria,Bulgaria,BG,449.37,465.75,54.23,9.84,eso.bg,false,
2022-08-09 00:00:00,Bulgaria,Bulgaria,BG,455.04,471.34,53.77,10.22,eso.bg,false,
2022-08-09 01:00:00,Bulgaria,Bulgaria,BG,460.31,476.46,53.3,9.68,eso.bg,false,
2022-08-09 02:00:00,Bulgaria,Bulgaria,BG,462.87,479.14,53.05,9.59,eso.bg,false,
2022-08-09 03:00:00,Bulgaria,Bulgaria,BG,460.81,477.25,53.2,9.43,eso.bg,false,
2022-08-09 04:00:00,Bulgaria,Bulgaria,BG,460.76,476.87,53.39,11.06,eso.bg,false,
2022-08-09 05:00:00,Bulgaria,Bulgaria,BG,450.92,467.41,54.45,13.79,eso.bg,false,
2022-08-09 06:00:00,Bulgaria,Bulgaria,BG,436.59,453.42,55.96,17.49,eso.bg,false,
2022-08-09 07:00:00,Bulgaria,Bulgaria,BG,438.11,455.34,55.86,18.08,eso.bg,false,
2022-08-09 08:00:00,Bulgaria,Bulgaria,BG,423.53,440.77,57.35,20.58,eso.bg,false,
2022-08-09 09:00:00,Bulgaria,Bulgaria,BG,410.17,427.42,58.61,22.15,eso.bg,false,
2022-08-09 10:00:00,Bulgaria,Bulgaria,BG,397.94,415.33,59.74,23.05,eso.bg,false,
2022-08-09 11:00:00,Bulgaria,Bulgaria,BG,413.0,429.95,58.37,21.83,eso.bg,false,
2022-08-09 12:00:00,Bulgaria,Bulgaria,BG,409.1,425.96,58.68,21.57,eso.bg,false,
2022-08-09 13:00:00,Bulgaria,Bulgaria,BG,417.43,433.95,57.94,20.78,eso.bg,false,
2022-08-09 14:00:00,Bulgaria,Bulgaria,BG,405.38,421.73,59.05,21.83,eso.bg,false,
2022-08-09 15:00:00,Bulgaria,Bulgaria,BG,411.64,427.67,58.41,21.03,eso.bg,false,
2022-08-09 16:00:00,Bulgaria,Bulgaria,BG,421.01,436.53,57.53,20.61,eso.bg,false,
2022-08-09 17:00:00,Bulgaria,Bulgaria,BG,410.62,426.01,58.53,21.99,eso.bg,false,
2022-08-09 18:00:00,Bulgaria,Bulgaria,BG,409.54,424.83,58.66,22.29,eso.bg,false,
2022-08-09 19:00:00,Bulgaria,Bulgaria,BG,425.31,440.89,56.99,18.12,eso.bg,false,
2022-08-09 20:00:00,Bulgaria,Bulgaria,BG,451.39,467.6,54.32,14.21,eso.bg,false,
2022-08-09 21:00:00,Bulgaria,Bulgaria,BG,451.95,468.96,54.08,13.13,eso.bg,false,
2022-08-09 22:00:00,Bulgaria,Bulgaria,BG,461.31,477.75,53.33,11.54,eso.bg,false,
2022-08-09 23:00:00,Bulgaria,Bulgaria,BG,463.7,479.87,53.15,11.97,eso.bg,false,
2022-08-10 00:00:00,Bulgaria,Bulgaria,BG,439.49,455.33,55.47,14.32,eso.bg,false,
2022-08-10 01:00:00,Bulgaria,Bulgaria,BG,442.11,457.94,55.25,14.0,eso.bg,false,
2022-08-10 02:00:00,Bulgaria,Bulgaria,BG,446.55,462.63,54.71,12.44,eso.bg,false,
2022-08-10 03:00:00,Bulgaria,Bulgaria,BG,421.93,438.03,57.08,15.21,eso.bg,false,
2022-08-10 04:00:00,Bulgaria,Bulgaria,BG,456.38,471.69,54.39,15.36,eso.bg,false,
2022-08-10 05:00:00,Bulgaria,Bulgaria,BG,456.49,471.42,54.83,18.4,eso.bg,false,
2022-08-10 06:00:00,Bulgaria,Bulgaria,BG,429.3,444.38,57.61,22.99,eso.bg,false,
2022-08-10 07:00:00,Bulgaria,Bulgaria,BG,413.86,429.06,59.11,25.51,eso.bg,false,
2022-08-10 08:00:00,Bulgaria,Bulgaria,BG,429.2,444.72,57.62,22.83,eso.bg,false,
2022-08-10 09:00:00,Bulgaria,Bulgaria,BG,433.66,450.08,57.03,21.6,eso.bg,false,
2022-08-10 10:00:00,Bulgaria,Bulgaria,BG,443.38,459.73,56.11,20.4,eso.bg,false,
2022-08-10 11:00:00,Bulgaria,Bulgaria,BG,440.35,456.68,56.36,20.84,eso.bg,false,
2022-08-10 12:00:00,Bulgaria,Bulgaria,BG,437.05,453.15,56.69,21.28,eso.bg,false,
2022-08-10 13:00:00,Bulgaria,Bulgaria,BG,437.39,453.38,56.63,21.23,eso.bg,false,
2022-08-10 14:00:00,Bulgaria,Bulgaria,BG,436.89,453.11,56.33,19.76,eso.bg,false,
2022-08-10 15:00:00,Bulgaria,Bulgaria,BG,439.76,455.46,56.05,20.3,eso.bg,false,
2022-08-10 16:00:00,Bulgaria,Bulgaria,BG,420.24,435.38,57.97,23.13,eso.bg,false,
2022-08-10 17:00:00,Bulgaria,Bulgaria,BG,417.33,431.69,58.34,23.53,eso.bg,false,
2022-08-10 18:00:00,Bulgaria,Bulgaria,BG,413.02,427.41,58.74,24.25,eso.bg,false,
2022-08-10 19:00:00,Bulgaria,Bulgaria,BG,425.9,440.47,57.46,21.89,eso.bg,false,
2022-08-10 20:00:00,Bulgaria,Bulgaria,BG,450.12,464.92,55.01,17.36,eso.bg,false,
2022-08-10 21:00:00,Bulgaria,Bulgaria,BG,478.09,492.86,52.35,12.67,eso.bg,false,
2022-08-10 22:00:00,Bulgaria,Bulgaria,BG,490.76,505.65,51.12,11.06,eso.bg,false,
2022-08-10 23:00:00,Bulgaria,Bulgaria,BG,489.26,504.19,51.23,10.94,eso.bg,false,
2022-08-11 00:00:00,Bulgaria,Bulgaria,BG,492.54,507.58,50.87,10.54,eso.bg,false,
2022-08-11 01:00:00,Bulgaria,Bulgaria,BG,497.22,512.23,50.46,10.16,eso.bg,false,
2022-08-11 02:00:00,Bulgaria,Bulgaria,BG,497.07,512.26,50.4,9.92,eso.bg,false,
2022-08-11 03:00:00,Bulgaria,Bulgaria,BG,492.93,508.1,50.84,11.18,eso.bg,false,
2022-08-11 04:00:00,Bulgaria,Bulgaria,BG,482.47,497.33,51.92,12.93,eso.bg,false,
2022-08-11 05:00:00,Bulgaria,Bulgaria,BG,469.28,484.38,53.28,15.53,eso.bg,false,
2022-08-11 06:00:00,Bulgaria,Bulgaria,BG,446.15,461.69,55.52,18.42,eso.bg,false,
2022-08-11 07:00:00,Bulgaria,Bulgaria,BG,423.5,439.61,57.64,20.6,eso.bg,false,
2022-08-11 08:00:00,Bulgaria,Bulgaria,BG,424.08,440.49,57.54,20.16,eso.bg,false,
2022-08-11 09:00:00,Bulgaria,Bulgaria,BG,418.77,435.76,57.89,19.83,eso.bg,false,
2022-08-11 10:00:00,Bulgaria,Bulgaria,BG,423.12,440.48,57.43,19.85,eso.bg,false,
2022-08-11 11:00:00,Bulgaria,Bulgaria,BG,439.83,456.65,55.99,18.42,eso.bg,false,
2022-08-11 12:00:00,Bulgaria,Bulgaria,BG,456.49,472.84,54.46,17.36,eso.bg,false,
2022-08-11 13:00:00,Bulgaria,Bulgaria,BG,458.43,474.92,54.25,16.94,eso.bg,false,
2022-08-11 14:00:00,Bulgaria,Bulgaria,BG,463.96,480.64,53.54,15.08,eso.bg,false,
2022-08-11 15:00:00,Bulgaria,Bulgaria,BG,463.41,478.94,53.87,17.86,eso.bg,false,
2022-08-11 16:00:00,Bulgaria,Bulgaria,BG,454.57,469.4,54.79,19.59,eso.bg,false,
2022-08-11 17:00:00,Bulgaria,Bulgaria,BG,453.42,468.28,54.84,19.95,eso.bg,false,
2022-08-11 18:00:00,Bulgaria,Bulgaria,BG,451.77,466.58,55.02,20.3,eso.bg,false,
2022-08-11 19:00:00,Bulgaria,Bulgaria,BG,477.35,492.47,52.45,15.69,eso.bg,false,
2022-08-11 20:00:00,Bulgaria,Bulgaria,BG,485.26,500.6,51.51,11.96,eso.bg,false,
2022-08-11 21:00:00,Bulgaria,Bulgaria,BG,514.09,529.53,48.78,7.95,eso.bg,false,
2022-08-11 22:00:00,Bulgaria,Bulgaria,BG,512.11,527.85,48.98,8.46,eso.bg,false,
2022-08-11 23:00:00,Bulgaria,Bulgaria,BG,504.23,519.76,49.73,9.13,eso.bg,false,
2022-08-12 00:00:00,Bulgaria,Bulgaria,BG,515.83,531.14,48.71,8.38,eso.bg,false,
2022-08-12 01:00:00,Bulgaria,Bulgaria,BG,516.49,531.8,48.64,8.38,eso.bg,false,
2022-08-12 02:00:00,Bulgaria,Bulgaria,BG,515.09,530.46,48.75,8.39,eso.bg,false,
2022-08-12 03:00:00,Bulgaria,Bulgaria,BG,513.77,529.06,48.92,9.09,eso.bg,false,
2022-08-12 04:00:00,Bulgaria,Bulgaria,BG,507.23,522.56,49.6,10.36,eso.bg,false,
2022-08-12 05:00:00,Bulgaria,Bulgaria,BG,482.46,497.66,52.23,14.92,eso.bg,false,
2022-08-12 06:00:00,Bulgaria,Bulgaria,BG,475.61,490.67,53.23,16.66,eso.bg,false,
2022-08-12 07:00:00,Bulgaria,Bulgaria,BG,478.25,493.76,52.97,16.26,eso.bg,false,
2022-08-12 08:00:00,Bulgaria,Bulgaria,BG,480.43,496.44,52.76,16.36,eso.bg,false,
2022-08-12 09:00:00,Bulgaria,Bulgaria,BG,470.8,487.25,53.64,16.74,eso.bg,false,
2022-08-12 10:00:00,Bulgaria,Bulgaria,BG,474.68,490.97,53.19,15.37,eso.bg,false,
2022-08-12 11:00:00,Bulgaria,Bulgaria,BG,479.67,495.91,52.63,14.24,eso.bg,false,
2022-08-12 12:00:00,Bulgaria,Bulgaria,BG,494.35,510.35,51.26,13.22,eso.bg,false,
2022-08-12 13:00:00,Bulgaria,Bulgaria,BG,488.54,504.51,51.66,13.59,eso.bg,false,
2022-08-12 14:00:00,Bulgaria,Bulgaria,BG,494.11,509.91,51.1,12.81,eso.bg,false,
2022-08-12 15:00:00,Bulgaria,Bulgaria,BG,495.78,510.94,50.96,12.68,eso.bg,false,
2022-08-12 16:00:00,Bulgaria,Bulgaria,BG,474.85,489.43,53.0,16.28,eso.bg,false,
2022-08-12 17:00:00,Bulgaria,Bulgaria,BG,457.8,472.14,54.68,19.27,eso.bg,false,
2022-08-12 18:00:00,Bulgaria,Bulgaria,BG,449.41,463.64,55.56,20.76,eso.bg,false,
2022-08-12 19:00:00,Bulgaria,Bulgaria,BG,471.81,486.34,53.3,16.88,eso.bg,false,
2022-08-12 20:00:00,Bulgaria,Bulgaria,BG,507.5,522.44,49.65,10.46,eso.bg,false,
2022-08-12 21:00:00,Bulgaria,Bulgaria,BG,534.48,549.52,47.03,5.54,eso.bg,false,
2022-08-12 22:00:00,Bulgaria,Bulgaria,BG,516.83,532.05,48.59,5.31,eso.bg,false,
2022-08-12 23:00:00,Bulgaria,Bulgaria,BG,497.64,512.98,50.3,6.75,eso.bg,false,
2022-08-13 00:00:00,Bulgaria,Bulgaria,BG,498.24,513.64,50.22,6.51,eso.bg,false,
2022-08-13 01:00:00,Bulgaria,Bulgaria,BG,499.21,514.5,50.16,6.19,eso.bg,false,
2022-08-13 02:00:00,Bulgaria,Bulgaria,BG,506.13,521.55,49.49,5.47,eso.bg,false,
2022-08-13 03:00:00,Bulgaria,Bulgaria,BG,507.14,522.47,49.43,5.98,eso.bg,false,
2022-08-13 04:00:00,Bulgaria,Bulgaria,BG,491.39,506.73,50.99,8.28,eso.bg,false,
2022-08-13 05:00:00,Bulgaria,Bulgaria,BG,485.25,500.81,51.63,9.91,eso.bg,false,
2022-08-13 06:00:00,Bulgaria,Bulgaria,BG,470.23,486.14,53.11,12.54,eso.bg,false,
2022-08-13 07:00:00,Bulgaria,Bulgaria,BG,459.97,476.26,54.08,13.42,eso.bg,false,
2022-08-13 08:00:00,Bulgaria,Bulgaria,BG,445.38,462.04,55.41,14.46,eso.bg,false,
2022-08-13 09:00:00,Bulgaria,Bulgaria,BG,448.37,465.19,55.19,14.63,eso.bg,false,
2022-08-13 10:00:00,Bulgaria,Bulgaria,BG,454.49,471.2,54.68,14.76,eso.bg,false,
2022-08-13 11:00:00,Bulgaria,Bulgaria,BG,469.67,486.0,53.23,12.84,eso.bg,false,
2022-08-13 12:00:00,Bulgaria,Bulgaria,BG,467.7,484.04,53.4,12.94,eso.bg,false,
2022-08-13 13:00:00,Bulgaria,Bulgaria,BG,476.01,491.99,52.61,12.16,eso.bg,false,
2022-08-13 14:00:00,Bulgaria,Bulgaria,BG,474.24,489.69,52.79,12.45,eso.bg,false,
2022-08-13 15:00:00,Bulgaria,Bulgaria,BG,470.81,486.03,53.17,13.3,eso.bg,false,
2022-08-13 16:00:00,Bulgaria,Bulgaria,BG,454.22,469.02,54.8,16.55,eso.bg,false,
2022-08-13 17:00:00,Bulgaria,Bulgaria,BG,456.51,471.23,54.59,16.38,eso.bg,false,
2022-08-13 18:00:00,Bulgaria,Bulgaria,BG,462.52,477.23,54.02,15.82,eso.bg,false,
2022-08-13 19:00:00,Bulgaria,Bulgaria,BG,487.06,501.8,51.65,12.64,eso.bg,false,
2022-08-13 20:00:00,Bulgaria,Bulgaria,BG,509.66,524.63,49.41,8.74,eso.bg,false,
2022-08-13 21:00:00,Bulgaria,Bulgaria,BG,525.63,540.69,47.81,4.56,eso.bg,false,
2022-08-13 22:00:00,Bulgaria,Bulgaria,BG,533.56,548.64,47.06,3.33,eso.bg,false,
2022-08-13 23:00:00,Bulgaria,Bulgaria,BG,540.46,555.52,46.47,3.6,eso.bg,false,
2022-08-14 00:00:00,Bulgaria,Bulgaria,BG,541.88,557.04,46.26,3.35,eso.bg,false,
2022-08-14 01:00:00,Bulgaria,Bulgaria,BG,543.29,558.45,46.13,3.14,eso.bg,false,
2022-08-14 02:00:00,Bulgaria,Bulgaria,BG,541.96,557.13,46.29,3.35,eso.bg,false,
2022-08-14 03:00:00,Bulgaria,Bulgaria,BG,532.85,547.93,47.16,4.3,eso.bg,false,
2022-08-14 04:00:00,Bulgaria,Bulgaria,BG,525.8,540.8,47.91,6.02,eso.bg,false,
2022-08-14 05:00:00,Bulgaria,Bulgaria,BG,508.5,523.33,49.78,9.37,eso.bg,false,
2022-08-14 06:00:00,Bulgaria,Bulgaria,BG,488.47,503.18,51.92,12.92,eso.bg,false,
2022-08-14 07:00:00,Bulgaria,Bulgaria,BG,479.47,494.39,52.81,14.3,eso.bg,false,
2022-08-14 08:00:00,Bulgaria,Bulgaria,BG,472.24,487.47,53.48,15.45,eso.bg,false,
2022-08-14 09:00:00,Bulgaria,Bulgaria,BG,485.27,500.75,52.22,13.29,eso.bg,false,
2022-08-14 10:00:00,Bulgaria,Bulgaria,BG,480.25,495.6,52.66,13.93,eso.bg,false,
2022-08-14 11:00:00,Bulgaria,Bulgaria,BG,489.94,505.03,51.69,12.3,eso.bg,false,
2022-08-14 12:00:00,Bulgaria,Bulgaria,BG,493.0,507.98,51.36,11.65,eso.bg,false,
2022-08-14 13:00:00,Bulgaria,Bulgaria,BG,488.52,503.47,51.66,12.4,eso.bg,false,
2022-08-14 14:00:00,Bulgaria,Bulgaria,BG,494.56,509.63,51.0,11.31,eso.bg,false,
2022-08-14 15:00:00,Bulgaria,Bulgaria,BG,489.28,504.42,51.4,11.19,eso.bg,false,
2022-08-14 16:00:00,Bulgaria,Bulgaria,BG,482.29,497.09,52.1,12.84,eso.bg,false,
2022-08-14 17:00:00,Bulgaria,Bulgaria,BG,467.79,482.63,53.48,14.72,eso.bg,false,
2022-08-14 18:00:00,Bulgaria,Bulgaria,BG,477.84,492.53,52.57,14.29,eso.bg,false,
2022-08-14 19:00:00,Bulgaria,Bulgaria,BG,479.24,493.87,52.47,12.48,eso.bg,false,
2022-08-14 20:00:00,Bulgaria,Bulgaria,BG,500.72,515.96,50.11,8.29,eso.bg,false,
2022-08-14 21:00:00,Bulgaria,Bulgaria,BG,490.39,505.91,50.97,7.6,eso.bg,false,
2022-08-14 22:00:00,Bulgaria,Bulgaria,BG,506.01,520.65,49.91,6.81,eso.bg,false,
2022-08-14 23:00:00,Bulgaria,Bulgaria,BG,528.64,542.49,48.27,6.48,eso.bg,false,
2022-08-15 00:00:00,Bulgaria,Bulgaria,BG,542.72,556.32,47.08,5.78,eso.bg,false,
2022-08-15 01:00:00,Bulgaria,Bulgaria,BG,547.98,561.57,46.6,5.73,eso.bg,false,
2022-08-15 02:00:00,Bulgaria,Bulgaria,BG,537.46,551.04,47.58,7.13,eso.bg,false,
2022-08-15 03:00:00,Bulgaria,Bulgaria,BG,529.9,543.61,48.25,7.17,eso.bg,false,
2022-08-15 04:00:00,Bulgaria,Bulgaria,BG,536.46,550.15,47.71,7.46,eso.bg,false,
2022-08-15 05:00:00,Bulgaria,Bulgaria,BG,511.47,525.58,50.1,11.74,eso.bg,false,
2022-08-15 06:00:00,Bulgaria,Bulgaria,BG,489.54,504.09,52.22,14.57,eso.bg,false,
2022-08-15 07:00:00,Bulgaria,Bulgaria,BG,491.33,506.16,52.0,14.98,eso.bg,false,
2022-08-15 08:00:00,Bulgaria,Bulgaria,BG,490.3,507.06,51.94,15.35,eso.bg,false,
2022-08-15 09:00:00,Bulgaria,Bulgaria,BG,483.64,499.53,52.47,15.31,eso.bg,false,
2022-08-15 10:00:00,Bulgaria,Bulgaria,BG,487.97,503.95,52.08,15.02,eso.bg,false,
2022-08-15 11:00:00,Bulgaria,Bulgaria,BG,490.94,507.02,51.74,14.12,eso.bg,false,
2022-08-15 12:00:00,Bulgaria,Bulgaria,BG,498.57,514.33,51.1,14.04,eso.bg,false,
2022-08-15 13:00:00,Bulgaria,Bulgaria,BG,478.95,495.03,52.61,16.95,eso.bg,false,
2022-08-15 14:00:00,Bulgaria,Bulgaria,BG,487.09,503.07,51.79,14.63,eso.bg,false,
2022-08-15 15:00:00,Bulgaria,Bulgaria,BG,491.84,507.6,51.19,15.22,eso.bg,false,
2022-08-15 16:00:00,Bulgaria,Bulgaria,BG,483.15,498.38,52.1,16.98,eso.bg,false,
2022-08-15 17:00:00,Bulgaria,Bulgaria,BG,470.65,484.98,53.63,18.4,eso.bg,false,
2022-08-15 18:00:00,Bulgaria,Bulgaria,BG,476.6,490.67,53.19,17.99,eso.bg,false,
2022-08-15 19:00:00,Bulgaria,Bulgaria,BG,496.36,510.68,51.18,14.58,eso.bg,false,
2022-08-15 20:00:00,Bulgaria,Bulgaria,BG,500.42,515.35,50.48,12.15,eso.bg,false,
2022-08-15 21:00:00,Bulgaria,Bulgaria,BG,522.62,537.91,48.2,7.58,eso.bg,false,
2022-08-15 22:00:00,Bulgaria,Bulgaria,BG,532.83,547.51,47.54,5.64,eso.bg,false,
2022-08-15 23:00:00,Bulgaria,Bulgaria,BG,543.83,558.46,46.51,4.99,eso.bg,false,
2022-08-16 00:00:00,Bulgaria,Bulgaria,BG,557.84,572.49,45.16,3.38,eso.bg,false,
2022-08-16 01:00:00,Bulgaria,Bulgaria,BG,559.47,574.15,45.02,3.31,eso.bg,false,
2022-08-16 02:00:00,Bulgaria,Bulgaria,BG,553.2,567.94,45.57,3.69,eso.bg,false,
2022-08-16 03:00:00,Bulgaria,Bulgaria,BG,559.99,574.73,45.0,3.76,eso.bg,false,
2022-08-16 04:00:00,Bulgaria,Bulgaria,BG,549.93,564.66,46.03,6.51,eso.bg,false,
2022-08-16 05:00:00,Bulgaria,Bulgaria,BG,523.69,538.64,48.58,10.64,eso.bg,false,
2022-08-16 06:00:00,Bulgaria,Bulgaria,BG,492.62,507.82,51.67,15.95,eso.bg,false,
2022-08-16 07:00:00,Bulgaria,Bulgaria,BG,489.26,504.79,52.07,16.98,eso.bg,false,
2022-08-16 08:00:00,Bulgaria,Bulgaria,BG,475.26,490.96,53.42,19.34,eso.bg,false,
2022-08-16 09:00:00,Bulgaria,Bulgaria,BG,482.74,498.55,52.73,18.33,eso.bg,false,
2022-08-16 10:00:00,Bulgaria,Bulgaria,BG,486.94,502.74,52.33,17.96,eso.bg,false,
2022-08-16 11:00:00,Bulgaria,Bulgaria,BG,495.04,510.54,51.6,16.93,eso.bg,false,
2022-08-16 12:00:00,Bulgaria,Bulgaria,BG,497.8,513.29,51.35,16.93,eso.bg,false,
2022-08-16 13:00:00,Bulgaria,Bulgaria,BG,497.74,513.15,51.33,16.51,eso.bg,false,
2022-08-16 14:00:00,Bulgaria,Bulgaria,BG,505.41,520.8,50.46,14.86,eso.bg,false,
2022-08-16 15:00:00,Bulgaria,Bulgaria,BG,495.08,509.48,51.63,17.35,eso.bg,false,
2022-08-16 16:00:00,Bulgaria,Bulgaria,BG,496.91,510.92,51.48,17.93,eso.bg,false,
2022-08-16 17:00:00,Bulgaria,Bulgaria,BG,487.33,501.23,52.36,19.04,eso.bg,false,
2022-08-16 18:00:00,Bulgaria,Bulgaria,BG,486.18,500.54,52.25,18.82,eso.bg,false,
2022-08-16 19:00:00,Bulgaria,Bulgaria,BG,509.34,524.01,49.85,14.67,eso.bg,false,
2022-08-16 20:00:00,Bulgaria,Bulgaria,BG,540.47,554.82,47.09,10.02,eso.bg,false,
2022-08-16 21:00:00,Bulgaria,Bulgaria,BG,531.68,546.17,47.81,7.32,eso.bg,false,
2022-08-16 22:00:00,Bulgaria,Bulgaria,BG,538.35,552.7,47.2,5.36,eso.bg,false,
2022-08-16 23:00:00,Bulgaria,Bulgaria,BG,534.04,547.91,47.89,5.73,eso.bg,false,
2022-08-17 00:00:00,Bulgaria,Bulgaria,BG,530.02,544.05,48.19,5.85,eso.bg,false,
2022-08-17 01:00:00,Bulgaria,Bulgaria,BG,522.97,537.11,48.78,6.44,eso.bg,false,
2022-08-17 02:00:00,Bulgaria,Bulgaria,BG,515.69,529.93,49.42,7.29,eso.bg,false,
2022-08-17 03:00:00,Bulgaria,Bulgaria,BG,511.28,525.54,49.85,8.21,eso.bg,false,
2022-08-17 04:00:00,Bulgaria,Bulgaria,BG,505.57,520.26,50.28,10.36,eso.bg,false,
2022-08-17 05:00:00,Bulgaria,Bulgaria,BG,501.29,516.39,50.71,12.54,eso.bg,false,
2022-08-17 06:00:00,Bulgaria,Bulgaria,BG,490.08,505.24,51.95,14.79,eso.bg,false,
2022-08-17 07:00:00,Bulgaria,Bulgaria,BG,479.88,495.2,53.04,16.2,eso.bg,false,
2022-08-17 08:00:00,Bulgaria,Bulgaria,BG,468.56,484.21,54.11,17.49,eso.bg,false,
2022-08-17 09:00:00,Bulgaria,Bulgaria,BG,487.21,503.16,52.32,15.87,eso.bg,false,
2022-08-17 10:00:00,Bulgaria,Bulgaria,BG,503.93,519.6,50.85,15.19,eso.bg,false,
2022-08-17 11:00:00,Bulgaria,Bulgaria,BG,497.03,512.36,51.53,16.21,eso.bg,false,
2022-08-17 12:00:00,Bulgaria,Bulgaria,BG,499.69,515.33,51.16,15.59,eso.bg,false,
2022-08-17 13:00:00,Bulgaria,Bulgaria,BG,510.78,526.82,49.95,14.68,eso.bg,false,
2022-08-17 14:00:00,Bulgaria,Bulgaria,BG,509.7,526.0,49.72,14.78,eso.bg,false,
2022-08-17 15:00:00,Bulgaria,Bulgaria,BG,491.12,505.18,52.26,17.8,eso.bg,false,
2022-08-17 16:00:00,Bulgaria,Bulgaria,BG,474.38,488.6,53.53,20.63,eso.bg,false,
2022-08-17 17:00:00,Bulgaria,Bulgaria,BG,475.01,488.99,53.54,20.62,eso.bg,false,
2022-08-17 18:00:00,Bulgaria,Bulgaria,BG,469.24,483.98,53.69,20.71,eso.bg,false,
2022-08-17 19:00:00,Bulgaria,Bulgaria,BG,487.14,502.08,51.88,16.36,eso.bg,false,
2022-08-17 20:00:00,Bulgaria,Bulgaria,BG,523.22,537.64,48.7,9.92,eso.bg,false,
2022-08-17 21:00:00,Bulgaria,Bulgaria,BG,522.03,537.57,48.22,7.44,eso.bg,false,
2022-08-17 22:00:00,Bulgaria,Bulgaria,BG,534.62,548.92,47.62,4.86,eso.bg,false,
2022-08-17 23:00:00,Bulgaria,Bulgaria,BG,529.95,544.27,48.05,5.13,eso.bg,false,
2022-08-18 00:00:00,Bulgaria,Bulgaria,BG,510.76,525.15,49.8,6.51,eso.bg,false,
2022-08-18 01:00:00,Bulgaria,Bulgaria,BG,492.24,506.7,51.51,7.95,eso.bg,false,
2022-08-18 02:00:00,Bulgaria,Bulgaria,BG,507.62,522.08,50.12,7.11,eso.bg,false,
2022-08-18 03:00:00,Bulgaria,Bulgaria,BG,514.96,529.29,49.52,7.63,eso.bg,false,
2022-08-18 04:00:00,Bulgaria,Bulgaria,BG,495.15,511.36,50.59,11.58,eso.bg,false,
2022-08-18 05:00:00,Bulgaria,Bulgaria,BG,487.6,504.73,51.13,13.22,eso.bg,false,
2022-08-18 06:00:00,Bulgaria,Bulgaria,BG,476.31,492.93,52.77,15.88,eso.bg,false,
2022-08-18 07:00:00,Bulgaria,Bulgaria,BG,461.48,477.84,54.49,17.73,eso.bg,false,
2022-08-18 08:00:00,Bulgaria,Bulgaria,BG,459.23,475.35,54.94,18.68,eso.bg,false,
2022-08-18 09:00:00,Bulgaria,Bulgaria,BG,457.6,473.89,55.11,18.84,eso.bg,false,
2022-08-18 10:00:00,Bulgaria,Bulgaria,BG,463.74,480.61,54.22,17.89,eso.bg,false,
2022-08-18 11:00:00,Bulgaria,Bulgaria,BG,464.87,481.86,53.99,17.81,eso.bg,false,
2022-08-18 12:00:00,Bulgaria,Bulgaria,BG,466.81,483.47,53.83,17.75,eso.bg,false,
2022-08-18 13:00:00,Bulgaria,Bulgaria,BG,456.65,473.97,54.38,19.48,eso.bg,false,
2022-08-18 14:00:00,Bulgaria,Bulgaria,BG,458.86,476.55,53.79,18.01,eso.bg,false,
2022-08-18 15:00:00,Bulgaria,Bulgaria,BG,467.79,482.91,53.94,16.98,eso.bg,false,
2022-08-18 16:00:00,Bulgaria,Bulgaria,BG,457.41,472.01,54.82,18.95,eso.bg,false,
2022-08-18 17:00:00,Bulgaria,Bulgaria,BG,449.38,463.28,55.88,20.29,eso.bg,false,
2022-08-18 18:00:00,Bulgaria,Bulgaria,BG,445.8,460.23,55.98,20.99,eso.bg,false,
2022-08-18 19:00:00,Bulgaria,Bulgaria,BG,478.04,492.36,52.97,15.17,eso.bg,false,
2022-08-18 20:00:00,Bulgaria,Bulgaria,BG,488.55,502.45,52.18,13.43,eso.bg,false,
2022-08-18 21:00:00,Bulgaria,Bulgaria,BG,512.29,526.29,49.91,9.02,eso.bg,false,
2022-08-18 22:00:00,Bulgaria,Bulgaria,BG,522.83,536.83,48.86,5.85,eso.bg,false,
2022-08-18 23:00:00,Bulgaria,Bulgaria,BG,522.73,536.87,48.8,6.29,eso.bg,false,
2022-08-19 00:00:00,Bulgaria,Bulgaria,BG,517.46,531.62,49.3,6.95,eso.bg,false,
2022-08-19 01:00:00,Bulgaria,Bulgaria,BG,526.73,540.88,48.4,5.73,eso.bg,false,
2022-08-19 02:00:00,Bulgaria,Bulgaria,BG,531.28,545.45,47.99,5.25,eso.bg,false,
2022-08-19 03:00:00,Bulgaria,Bulgaria,BG,522.76,537.03,48.74,6.87,eso.bg,false,
2022-08-19 04:00:00,Bulgaria,Bulgaria,BG,511.23,526.35,49.5,9.5,eso.bg,false,
2022-08-19 05:00:00,Bulgaria,Bulgaria,BG,484.05,499.41,52.22,14.35,eso.bg,false,
2022-08-19 06:00:00,Bulgaria,Bulgaria,BG,471.15,487.1,53.39,16.75,eso.bg,false,
2022-08-19 07:00:00,Bulgaria,Bulgaria,BG,464.67,480.39,54.28,17.89,eso.bg,false,
2022-08-19 08:00:00,Bulgaria,Bulgaria,BG,455.15,471.2,55.17,19.48,eso.bg,false,
2022-08-19 09:00:00,Bulgaria,Bulgaria,BG,458.26,474.72,54.76,19.1,eso.bg,false,
2022-08-19 10:00:00,Bulgaria,Bulgaria,BG,463.11,479.49,54.35,18.94,eso.bg,false,
2022-08-19 11:00:00,Bulgaria,Bulgaria,BG,468.18,485.17,53.6,18.9,eso.bg,false,
2022-08-19 12:00:00,Bulgaria,Bulgaria,BG,469.99,486.78,53.45,18.5,eso.bg,false,
2022-08-19 13:00:00,Bulgaria,Bulgaria,BG,464.38,481.29,53.88,19.11,eso.bg,false,
2022-08-19 14:00:00,Bulgaria,Bulgaria,BG,472.07,488.39,53.23,17.08,eso.bg,false,
2022-08-19 15:00:00,Bulgaria,Bulgaria,BG,469.83,486.74,52.85,17.0,eso.bg,false,
2022-08-19 16:00:00,Bulgaria,Bulgaria,BG,462.98,479.59,53.41,18.88,eso.bg,false,
2022-08-19 17:00:00,Bulgaria,Bulgaria,BG,460.99,476.84,53.92,19.57,eso.bg,false,
2022-08-19 18:00:00,Bulgaria,Bulgaria,BG,465.18,479.61,54.17,18.59,eso.bg,false,
2022-08-19 19:00:00,Bulgaria,Bulgaria,BG,494.51,509.27,51.23,13.74,eso.bg,false,
2022-08-19 20:00:00,Bulgaria,Bulgaria,BG,508.78,523.35,50.08,11.32,eso.bg,false,
2022-08-19 21:00:00,Bulgaria,Bulgaria,BG,535.61,549.17,47.98,6.66,eso.bg,false,
2022-08-19 22:00:00,Bulgaria,Bulgaria,BG,536.21,549.83,47.88,5.1,eso.bg,false,
2022-08-19 23:00:00,Bulgaria,Bulgaria,BG,523.97,537.59,49.0,5.77,eso.bg,false,
2022-08-20 00:00:00,Bulgaria,Bulgaria,BG,522.59,536.22,49.12,5.92,eso.bg,false,
2022-08-20 01:00:00,Bulgaria,Bulgaria,BG,529.16,542.89,48.45,4.9,eso.bg,false,
2022-08-20 02:00:00,Bulgaria,Bulgaria,BG,527.98,541.77,48.53,4.77,eso.bg,false,
2022-08-20 03:00:00,Bulgaria,Bulgaria,BG,516.0,529.73,49.7,6.98,eso.bg,false,
2022-08-20 04:00:00,Bulgaria,Bulgaria,BG,504.33,517.97,50.89,9.16,eso.bg,false,
2022-08-20 05:00:00,Bulgaria,Bulgaria,BG,492.49,507.12,51.78,11.6,eso.bg,false,
2022-08-20 06:00:00,Bulgaria,Bulgaria,BG,481.17,496.25,52.97,13.69,eso.bg,false,
2022-08-20 07:00:00,Bulgaria,Bulgaria,BG,467.24,482.12,54.52,16.04,eso.bg,false,
2022-08-20 08:00:00,Bulgaria,Bulgaria,BG,457.87,473.29,55.35,17.73,eso.bg,false,
2022-08-20 09:00:00,Bulgaria,Bulgaria,BG,447.82,463.13,56.39,19.56,eso.bg,false,
2022-08-20 10:00:00,Bulgaria,Bulgaria,BG,447.75,462.95,56.42,19.61,eso.bg,false,
2022-08-20 11:00:00,Bulgaria,Bulgaria,BG,452.54,467.77,55.93,18.79,eso.bg,false,
2022-08-20 12:00:00,Bulgaria,Bulgaria,BG,456.31,471.29,55.52,18.08,eso.bg,false,
2022-08-20 13:00:00,Bulgaria,Bulgaria,BG,460.67,475.77,54.91,17.43,eso.bg,false,
2022-08-20 14:00:00,Bulgaria,Bulgaria,BG,464.74,479.09,54.64,16.24,eso.bg,false,
2022-08-20 15:00:00,Bulgaria,Bulgaria,BG,469.1,482.76,54.38,15.83,eso.bg,false,
2022-08-20 16:00:00,Bulgaria,Bulgaria,BG,460.1,474.1,54.84,15.91,eso.bg,false,
2022-08-20 17:00:00,Bulgaria,Bulgaria,BG,433.42,448.41,56.85,18.34,eso.bg,false,
2022-08-20 18:00:00,Bulgaria,Bulgaria,BG,431.92,447.65,56.68,18.67,eso.bg,false,
2022-08-20 19:00:00,Bulgaria,Bulgaria,BG,447.81,463.19,55.3,15.58,eso.bg,false,
2022-08-20 20:00:00,Bulgaria,Bulgaria,BG,456.72,471.61,54.67,13.67,eso.bg,false,
2022-08-20 21:00:00,Bulgaria,Bulgaria,BG,481.3,495.37,52.76,9.07,eso.bg,false,
2022-08-20 22:00:00,Bulgaria,Bulgaria,BG,482.16,495.87,52.78,7.32,eso.bg,false,
2022-08-20 23:00:00,Bulgaria,Bulgaria,BG,478.01,491.69,53.16,7.42,eso.bg,false,
2022-08-21 00:00:00,Bulgaria,Bulgaria,BG,481.96,495.74,52.75,6.85,eso.bg,false,
2022-08-21 01:00:00,Bulgaria,Bulgaria,BG,481.39,495.15,52.84,7.06,eso.bg,false,
2022-08-21 02:00:00,Bulgaria,Bulgaria,BG,480.55,494.35,52.91,7.15,eso.bg,false,
2022-08-21 03:00:00,Bulgaria,Bulgaria,BG,478.92,492.77,53.03,7.14,eso.bg,false,
2022-08-21 04:00:00,Bulgaria,Bulgaria,BG,472.48,486.35,53.65,8.54,eso.bg,false,
2022-08-21 05:00:00,Bulgaria,Bulgaria,BG,457.09,471.13,55.12,11.5,eso.bg,false,
2022-08-21 06:00:00,Bulgaria,Bulgaria,BG,436.59,450.78,57.19,15.74,eso.bg,false,
2022-08-21 07:00:00,Bulgaria,Bulgaria,BG,426.68,441.04,58.18,17.84,eso.bg,false,
2022-08-21 08:00:00,Bulgaria,Bulgaria,BG,423.45,437.86,58.54,18.34,eso.bg,false,
2022-08-21 09:00:00,Bulgaria,Bulgaria,BG,418.12,432.82,59.05,19.24,eso.bg,false,
2022-08-21 10:00:00,Bulgaria,Bulgaria,BG,418.35,433.12,59.01,19.24,eso.bg,false,
2022-08-21 11:00:00,Bulgaria,Bulgaria,BG,424.04,438.68,58.49,18.43,eso.bg,false,
2022-08-21 12:00:00,Bulgaria,Bulgaria,BG,426.59,441.11,58.18,17.85,eso.bg,false,
2022-08-21 13:00:00,Bulgaria,Bulgaria,BG,429.04,443.58,57.86,17.5,eso.bg,false,
2022-08-21 14:00:00,Bulgaria,Bulgaria,BG,429.66,444.3,57.6,16.17,eso.bg,false,
2022-08-21 15:00:00,Bulgaria,Bulgaria,BG,441.25,456.21,56.19,14.67,eso.bg,false,
2022-08-21 16:00:00,Bulgaria,Bulgaria,BG,444.49,460.34,55.37,14.95,eso.bg,false,
2022-08-21 17:00:00,Bulgaria,Bulgaria,BG,432.68,448.95,56.24,17.06,eso.bg,false,
2022-08-21 18:00:00,Bulgaria,Bulgaria,BG,424.94,441.4,56.88,18.47,eso.bg,false,
2022-08-21 19:00:00,Bulgaria,Bulgaria,BG,448.8,465.16,54.64,13.86,eso.bg,false,
2022-08-21 20:00:00,Bulgaria,Bulgaria,BG,458.5,474.92,53.68,11.97,eso.bg,false,
2022-08-21 21:00:00,Bulgaria,Bulgaria,BG,479.09,494.74,52.1,7.67,eso.bg,false,
2022-08-21 22:00:00,Bulgaria,Bulgaria,BG,490.25,506.47,50.75,5.34,eso.bg,false,
2022-08-21 23:00:00,Bulgaria,Bulgaria,BG,491.96,507.51,50.9,4.91,eso.bg,false,
2022-08-22 00:00:00,Bulgaria,Bulgaria,BG,496.66,512.21,50.45,4.49,eso.bg,false,
2022-08-22 01:00:00,Bulgaria,Bulgaria,BG,498.42,514.01,50.3,4.51,eso.bg,false,
2022-08-22 02:00:00,Bulgaria,Bulgaria,BG,496.51,512.9,50.11,4.86,eso.bg,false,
2022-08-22 03:00:00,Bulgaria,Bulgaria,BG,498.24,515.1,49.69,6.24,eso.bg,false,
2022-08-22 04:00:00,Bulgaria,Bulgaria,BG,488.86,506.01,50.6,9.61,eso.bg,false,
2022-08-22 05:00:00,Bulgaria,Bulgaria,BG,461.36,478.18,53.51,14.79,eso.bg,false,
2022-08-22 06:00:00,Bulgaria,Bulgaria,BG,432.87,449.51,56.57,20.03,eso.bg,false,
2022-08-22 07:00:00,Bulgaria,Bulgaria,BG,436.29,453.37,56.17,19.31,eso.bg,false,
2022-08-22 08:00:00,Bulgaria,Bulgaria,BG,432.79,449.7,56.72,19.97,eso.bg,false,
2022-08-22 09:00:00,Bulgaria,Bulgaria,BG,435.84,452.98,56.43,19.39,eso.bg,false,
2022-08-22 10:00:00,Bulgaria,Bulgaria,BG,438.72,455.94,56.09,18.63,eso.bg,false,
2022-08-22 11:00:00,Bulgaria,Bulgaria,BG,436.17,454.2,55.85,18.92,eso.bg,false,
2022-08-22 12:00:00,Bulgaria,Bulgaria,BG,433.3,451.57,55.87,19.43,eso.bg,false,
2022-08-22 13:00:00,Bulgaria,Bulgaria,BG,436.02,454.01,55.64,18.33,eso.bg,false,
2022-08-22 14:00:00,Bulgaria,Bulgaria,BG,437.76,455.51,55.39,17.11,eso.bg,false,
2022-08-22 15:00:00,Bulgaria,Bulgaria,BG,441.04,455.72,56.36,15.95,eso.bg,false,
2022-08-22 16:00:00,Bulgaria,Bulgaria,BG,424.24,438.82,57.89,19.47,eso.bg,false,
2022-08-22 17:00:00,Bulgaria,Bulgaria,BG,414.14,428.18,59.04,21.39,eso.bg,false,
2022-08-22 18:00:00,Bulgaria,Bulgaria,BG,420.44,434.5,58.45,20.28,eso.bg,false,
2022-08-22 19:00:00,Bulgaria,Bulgaria,BG,459.75,474.51,54.38,13.33,eso.bg,false,
2022-08-22 20:00:00,Bulgaria,Bulgaria,BG,473.08,488.53,52.73,9.83,eso.bg,false,
2022-08-22 21:00:00,Bulgaria,Bulgaria,BG,502.77,517.8,50.14,5.45,eso.bg,false,
2022-08-22 22:00:00,Bulgaria,Bulgaria,BG,513.11,527.3,49.55,3.41,eso.bg,false,
2022-08-22 23:00:00,Bulgaria,Bulgaria,BG,525.71,539.96,48.38,3.08,eso.bg,false,
2022-08-23 00:00:00,Bulgaria,Bulgaria,BG,508.84,523.54,49.66,3.26,eso.bg,false,
2022-08-23 01:00:00,Bulgaria,Bulgaria,BG,498.45,513.25,50.55,3.3,eso.bg,false,
2022-08-23 02:00:00,Bulgaria,Bulgaria,BG,495.66,510.76,50.69,3.88,eso.bg,false,
2022-08-23 03:00:00,Bulgaria,Bulgaria,BG,482.96,498.32,51.84,6.02,eso.bg,false,
2022-08-23 04:00:00,Bulgaria,Bulgaria,BG,456.05,471.87,54.13,12.12,eso.bg,false,
2022-08-23 05:00:00,Bulgaria,Bulgaria,BG,431.63,447.56,56.65,17.09,eso.bg,false,
2022-08-23 06:00:00,Bulgaria,Bulgaria,BG,425.34,441.0,57.59,18.32,eso.bg,false,
2022-08-23 07:00:00,Bulgaria,Bulgaria,BG,435.08,450.82,56.86,16.83,eso.bg,false,
2022-08-23 08:00:00,Bulgaria,Bulgaria,BG,433.43,449.18,57.12,17.41,eso.bg,false,
2022-08-23 09:00:00,Bulgaria,Bulgaria,BG,424.11,440.33,57.9,19.36,eso.bg,false,
2022-08-23 10:00:00,Bulgaria,Bulgaria,BG,435.45,451.93,56.76,17.3,eso.bg,false,
2022-08-23 11:00:00,Bulgaria,Bulgaria,BG,438.83,456.28,55.9,16.77,eso.bg,false,
2022-08-23 12:00:00,Bulgaria,Bulgaria,BG,437.59,454.45,56.17,16.86,eso.bg,false,
2022-08-23 13:00:00,Bulgaria,Bulgaria,BG,437.39,454.19,56.12,16.87,eso.bg,false,
2022-08-23 14:00:00,Bulgaria,Bulgaria,BG,442.71,458.73,55.79,15.68,eso.bg,false,
2022-08-23 15:00:00,Bulgaria,Bulgaria,BG,428.45,443.46,57.46,18.45,eso.bg,false,
2022-08-23 16:00:00,Bulgaria,Bulgaria,BG,427.86,442.86,57.3,18.75,eso.bg,false,
2022-08-23 17:00:00,Bulgaria,Bulgaria,BG,413.98,428.89,58.7,21.54,eso.bg,false,
2022-08-23 18:00:00,Bulgaria,Bulgaria,BG,417.7,432.34,58.4,20.77,eso.bg,false,
2022-08-23 19:00:00,Bulgaria,Bulgaria,BG,447.52,462.9,55.25,15.18,eso.bg,false,
2022-08-23 20:00:00,Bulgaria,Bulgaria,BG,467.74,483.4,53.12,11.33,eso.bg,false,
2022-08-23 21:00:00,Bulgaria,Bulgaria,BG,480.87,496.36,52.01,7.64,eso.bg,false,
2022-08-23 22:00:00,Bulgaria,Bulgaria,BG,486.09,501.32,51.62,6.54,eso.bg,false,
2022-08-23 23:00:00,Bulgaria,Bulgaria,BG,491.35,506.52,51.15,6.49,eso.bg,false,
2022-08-24 00:00:00,Bulgaria,Bulgaria,BG,482.6,497.64,52.05,7.15,eso.bg,false,
2022-08-24 01:00:00,Bulgaria,Bulgaria,BG,467.76,483.01,53.35,8.28,eso.bg,false,
2022-08-24 02:00:00,Bulgaria,Bulgaria,BG,448.99,464.59,54.92,10.13,eso.bg,false,
2022-08-24 03:00:00,Bulgaria,Bulgaria,BG,469.25,484.88,53.02,9.54,eso.bg,false,
2022-08-24 04:00:00,Bulgaria,Bulgaria,BG,442.69,459.85,54.91,13.95,eso.bg,false,
2022-08-24 05:00:00,Bulgaria,Bulgaria,BG,426.2,443.34,56.66,17.16,eso.bg,false,
2022-08-24 06:00:00,Bulgaria,Bulgaria,BG,420.7,437.94,57.37,20.05,eso.bg,false,
2022-08-24 07:00:00,Bulgaria,Bulgaria,BG,410.12,428.32,58.06,20.43,eso.bg,false,
2022-08-24 08:00:00,Bulgaria,Bulgaria,BG,424.29,442.7,56.62,18.88,eso.bg,false,
2022-08-24 09:00:00,Bulgaria,Bulgaria,BG,432.5,450.68,56.06,17.55,eso.bg,false,
2022-08-24 10:00:00,Bulgaria,Bulgaria,BG,440.12,458.77,55.17,16.43,eso.bg,false,
2022-08-24 11:00:00,Bulgaria,Bulgaria,BG,437.21,456.78,55.07,16.8,eso.bg,false,
2022-08-24 12:00:00,Bulgaria,Bulgaria,BG,438.32,457.54,55.04,16.75,eso.bg,false,
2022-08-24 13:00:00,Bulgaria,Bulgaria,BG,426.63,445.23,56.36,18.93,eso.bg,false,
2022-08-24 14:00:00,Bulgaria,Bulgaria,BG,411.85,430.18,57.77,20.73,eso.bg,false,
2022-08-24 15:00:00,Bulgaria,Bulgaria,BG,413.83,430.25,58.2,22.02,eso.bg,false,
2022-08-24 16:00:00,Bulgaria,Bulgaria,BG,418.03,435.21,57.3,22.28,eso.bg,false,
2022-08-24 17:00:00,Bulgaria,Bulgaria,BG,419.4,435.5,57.65,23.51,eso.bg,false,
2022-08-24 18:00:00,Bulgaria,Bulgaria,BG,430.88,446.65,56.78,22.11,eso.bg,false,
2022-08-24 19:00:00,Bulgaria,Bulgaria,BG,465.41,481.33,53.45,16.28,eso.bg,false,
2022-08-24 20:00:00,Bulgaria,Bulgaria,BG,487.94,503.47,51.45,12.19,eso.bg,false,
2022-08-24 21:00:00,Bulgaria,Bulgaria,BG,494.42,509.83,50.91,9.13,eso.bg,false,
2022-08-24 22:00:00,Bulgaria,Bulgaria,BG,489.41,503.89,51.77,9.3,eso.bg,false,
2022-08-24 23:00:00,Bulgaria,Bulgaria,BG,500.23,514.7,50.75,8.39,eso.bg,false,
2022-08-25 00:00:00,Bulgaria,Bulgaria,BG,497.88,512.31,50.98,9.62,eso.bg,false,
2022-08-25 01:00:00,Bulgaria,Bulgaria,BG,462.0,476.64,54.25,12.33,eso.bg,false,
2022-08-25 02:00:00,Bulgaria,Bulgaria,BG,459.78,474.44,54.44,12.79,eso.bg,false,
2022-08-25 03:00:00,Bulgaria,Bulgaria,BG,482.23,496.67,52.47,11.77,eso.bg,false,
2022-08-25 04:00:00,Bulgaria,Bulgaria,BG,478.21,493.05,52.72,11.95,eso.bg,false,
2022-08-25 05:00:00,Bulgaria,Bulgaria,BG,464.1,478.7,54.39,16.25,eso.bg,false,
2022-08-25 06:00:00,Bulgaria,Bulgaria,BG,465.53,480.38,54.41,18.7,eso.bg,false,
2022-08-25 07:00:00,Bulgaria,Bulgaria,BG,455.56,470.71,55.35,19.58,eso.bg,false,
2022-08-25 08:00:00,Bulgaria,Bulgaria,BG,452.39,467.81,55.66,20.62,eso.bg,false,
2022-08-25 09:00:00,Bulgaria,Bulgaria,BG,447.63,463.05,56.11,21.08,eso.bg,false,
2022-08-25 10:00:00,Bulgaria,Bulgaria,BG,440.25,455.86,56.76,21.06,eso.bg,false,
2022-08-25 11:00:00,Bulgaria,Bulgaria,BG,442.03,457.61,56.54,20.4,eso.bg,false,
2022-08-25 12:00:00,Bulgaria,Bulgaria,BG,449.87,465.28,55.78,19.49,eso.bg,false,
2022-08-25 13:00:00,Bulgaria,Bulgaria,BG,452.42,467.83,55.52,19.83,eso.bg,false,
2022-08-25 14:00:00,Bulgaria,Bulgaria,BG,459.03,474.8,54.53,17.84,eso.bg,false,
2022-08-25 15:00:00,Bulgaria,Bulgaria,BG,470.36,486.79,52.96,17.9,eso.bg,false,
2022-08-25 16:00:00,Bulgaria,Bulgaria,BG,462.66,477.56,54.24,19.45,eso.bg,false,
2022-08-25 17:00:00,Bulgaria,Bulgaria,BG,458.25,472.54,54.89,20.77,eso.bg,false,
2022-08-25 18:00:00,Bulgaria,Bulgaria,BG,472.95,487.77,53.25,18.97,eso.bg,false,
2022-08-25 19:00:00,Bulgaria,Bulgaria,BG,499.96,515.27,50.44,13.45,eso.bg,false,
2022-08-25 20:00:00,Bulgaria,Bulgaria,BG,511.09,526.08,49.5,10.85,eso.bg,false,
2022-08-25 21:00:00,Bulgaria,Bulgaria,BG,526.18,541.09,48.12,7.53,eso.bg,false,
2022-08-25 22:00:00,Bulgaria,Bulgaria,BG,531.98,546.51,47.76,6.94,eso.bg,false,
2022-08-25 23:00:00,Bulgaria,Bulgaria,BG,540.99,555.37,47.0,6.81,eso.bg,false,
2022-08-26 00:00:00,Bulgaria,Bulgaria,BG,547.46,561.86,46.4,6.5,eso.bg,false,
2022-08-26 01:00:00,Bulgaria,Bulgaria,BG,543.55,557.96,46.74,6.85,eso.bg,false,
2022-08-26 02:00:00,Bulgaria,Bulgaria,BG,535.55,550.03,47.48,7.42,eso.bg,false,
2022-08-26 03:00:00,Bulgaria,Bulgaria,BG,526.12,540.58,48.38,8.9,eso.bg,false,
2022-08-26 04:00:00,Bulgaria,Bulgaria,BG,503.33,517.87,50.48,12.36,eso.bg,false,
2022-08-26 05:00:00,Bulgaria,Bulgaria,BG,481.43,495.93,52.72,16.2,eso.bg,false,
2022-08-26 06:00:00,Bulgaria,Bulgaria,BG,460.56,475.03,54.82,19.83,eso.bg,false,
2022-08-26 07:00:00,Bulgaria,Bulgaria,BG,432.66,447.68,57.3,22.52,eso.bg,false,
2022-08-26 08:00:00,Bulgaria,Bulgaria,BG,403.76,418.62,60.14,25.76,eso.bg,false,
2022-08-26 09:00:00,Bulgaria,Bulgaria,BG,427.07,443.57,57.24,21.87,eso.bg,false,
2022-08-26 10:00:00,Bulgaria,Bulgaria,BG,432.3,448.63,56.98,21.24,eso.bg,false,
2022-08-26 11:00:00,Bulgaria,Bulgaria,BG,420.36,436.64,58.12,22.3,eso.bg,false,
2022-08-26 12:00:00,Bulgaria,Bulgaria,BG,424.3,441.38,57.33,21.6,eso.bg,false,
2022-08-26 13:00:00,Bulgaria,Bulgaria,BG,422.3,439.18,57.57,21.96,eso.bg,false,
2022-08-26 14:00:00,Bulgaria,Bulgaria,BG,433.51,450.66,56.13,20.5,eso.bg,false,
2022-08-26 15:00:00,Bulgaria,Bulgaria,BG,441.7,457.57,55.81,20.7,eso.bg,false,
2022-08-26 16:00:00,Bulgaria,Bulgaria,BG,431.32,446.26,57.09,22.43,eso.bg,false,
2022-08-26 17:00:00,Bulgaria,Bulgaria,BG,431.31,445.73,57.3,22.79,eso.bg,false,
2022-08-26 18:00:00,Bulgaria,Bulgaria,BG,428.72,443.63,57.31,23.27,eso.bg,false,
2022-08-26 19:00:00,Bulgaria,Bulgaria,BG,453.73,469.17,54.66,18.8,eso.bg,false,
2022-08-26 20:00:00,Bulgaria,Bulgaria,BG,467.4,482.69,53.43,16.3,eso.bg,false,
2022-08-26 21:00:00,Bulgaria,Bulgaria,BG,494.68,510.07,50.8,11.52,eso.bg,false,
2022-08-26 22:00:00,Bulgaria,Bulgaria,BG,518.58,533.89,48.59,7.46,eso.bg,false,
2022-08-26 23:00:00,Bulgaria,Bulgaria,BG,523.28,538.41,48.21,6.34,eso.bg,false,
2022-08-27 00:00:00,Bulgaria,Bulgaria,BG,527.53,542.55,47.89,5.28,eso.bg,false,
2022-08-27 01:00:00,Bulgaria,Bulgaria,BG,526.48,541.15,48.16,5.42,eso.bg,false,
2022-08-27 02:00:00,Bulgaria,Bulgaria,BG,528.28,543.13,47.91,5.47,eso.bg,false,
2022-08-27 03:00:00,Bulgaria,Bulgaria,BG,527.5,542.76,47.74,5.69,eso.bg,false,
2022-08-27 04:00:00,Bulgaria,Bulgaria,BG,508.32,523.62,49.55,8.99,eso.bg,false,
2022-08-27 05:00:00,Bulgaria,Bulgaria,BG,482.99,498.52,52.12,13.62,eso.bg,false,
2022-08-27 06:00:00,Bulgaria,Bulgaria,BG,465.02,480.72,54.02,16.94,eso.bg,false,
2022-08-27 07:00:00,Bulgaria,Bulgaria,BG,459.37,475.54,54.61,17.91,eso.bg,false,
2022-08-27 08:00:00,Bulgaria,Bulgaria,BG,458.34,474.68,54.77,18.29,eso.bg,false,
2022-08-27 09:00:00,Bulgaria,Bulgaria,BG,462.21,479.13,54.25,17.78,eso.bg,false,
2022-08-27 10:00:00,Bulgaria,Bulgaria,BG,461.51,478.2,54.36,17.57,eso.bg,false,
2022-08-27 11:00:00,Bulgaria,Bulgaria,BG,467.36,484.1,53.81,16.66,eso.bg,false,
2022-08-27 12:00:00,Bulgaria,Bulgaria,BG,461.89,478.33,54.35,17.68,eso.bg,false,
2022-08-27 13:00:00,Bulgaria,Bulgaria,BG,465.4,481.89,53.85,17.65,eso.bg,false,
2022-08-27 14:00:00,Bulgaria,Bulgaria,BG,471.94,488.64,52.95,17.76,eso.bg,false,
2022-08-27 15:00:00,Bulgaria,Bulgaria,BG,480.97,496.32,52.47,17.09,eso.bg,false,
2022-08-27 16:00:00,Bulgaria,Bulgaria,BG,472.49,487.57,53.19,18.71,eso.bg,false,
2022-08-27 17:00:00,Bulgaria,Bulgaria,BG,468.82,483.84,53.56,19.69,eso.bg,false,
2022-08-27 18:00:00,Bulgaria,Bulgaria,BG,466.83,481.64,53.82,20.05,eso.bg,false,
2022-08-27 19:00:00,Bulgaria,Bulgaria,BG,493.01,507.86,51.28,15.49,eso.bg,false,
2022-08-27 20:00:00,Bulgaria,Bulgaria,BG,509.01,523.25,50.11,12.73,eso.bg,false,
2022-08-27 21:00:00,Bulgaria,Bulgaria,BG,524.31,538.43,48.73,10.13,eso.bg,false,
2022-08-27 22:00:00,Bulgaria,Bulgaria,BG,524.7,538.92,49.21,11.0,Electricity Maps Estimation,true,ESTIMATED_TIME_SLICER_AVERAGE
2022-08-27 23:00:00,Bulgaria,Bulgaria,BG,527.6,541.77,48.5,9.71,Electricity Maps Estimation,true,ESTIMATED_TIME_SLICER_AVERAGE
2022-08-28 00:00:00,Bulgaria,Bulgaria,BG,536.82,551.16,47.51,8.42,Electricity Maps Estimation,true,ESTIMATED_TIME_SLICER_AVERAGE
2022-08-28 01:00:00,Bulgaria,Bulgaria,BG,539.52,553.9,47.22,7.79,Electricity Maps Estimation,true,ESTIMATED_TIME_SLICER_AVERAGE
2022-08-28 02:00:00,Bulgaria,Bulgaria,BG,543.17,557.59,46.85,7.14,Electricity Maps Estimation,true,ESTIMATED_TIME_SLICER_AVERAGE
2022-08-28 03:00:00,Bulgaria,Bulgaria,BG,525.76,540.58,48.54,10.02,Electricity Maps Estimation,true,ESTIMATED_TIME_SLICER_AVERAGE
2022-08-28 04:00:00,Bulgaria,Bulgaria,BG,514.18,529.06,49.73,12.06,Electricity Maps Estimation,true,ESTIMATED_TIME_SLICER_AVERAGE
2022-08-28 05:00:00,Bulgaria,Bulgaria,BG,499.8,515.06,51.33,14.97,Electricity Maps Estimation,true,ESTIMATED_TIME_SLICER_AVERAGE
2022-08-28 06:00:00,Bulgaria,Bulgaria,BG,497.0,512.53,51.22,14.98,eso.bg,false,
2022-08-28 07:00:00,Bulgaria,Bulgaria,BG,494.07,509.65,51.64,15.6,eso.bg,false,
2022-08-28 08:00:00,Bulgaria,Bulgaria,BG,484.79,501.15,52.27,17.01,eso.bg,false,
2022-08-28 09:00:00,Bulgaria,Bulgaria,BG,472.75,488.83,53.63,18.5,eso.bg,false,
2022-08-28 10:00:00,Bulgaria,Bulgaria,BG,480.39,496.36,52.97,17.62,eso.bg,false,
2022-08-28 11:00:00,Bulgaria,Bulgaria,BG,491.42,507.36,51.9,15.8,eso.bg,false,
2022-08-28 12:00:00,Bulgaria,Bulgaria,BG,478.01,494.42,52.9,15.73,eso.bg,false,
2022-08-28 13:00:00,Bulgaria,Bulgaria,BG,482.02,498.0,52.55,16.8,eso.bg,false,
2022-08-28 14:00:00,Bulgaria,Bulgaria,BG,482.9,499.05,52.18,17.02,eso.bg,false,
2022-08-28 15:00:00,Bulgaria,Bulgaria,BG,483.92,499.13,52.3,17.13,eso.bg,false,
2022-08-28 16:00:00,Bulgaria,Bulgaria,BG,487.31,502.29,51.83,16.58,eso.bg,false,
2022-08-28 17:00:00,Bulgaria,Bulgaria,BG,488.06,503.6,51.47,16.64,eso.bg,false,
2022-08-28 18:00:00,Bulgaria,Bulgaria,BG,497.49,512.33,50.89,15.03,eso.bg,false,
2022-08-28 19:00:00,Bulgaria,Bulgaria,BG,510.44,524.86,49.87,12.8,eso.bg,false,
2022-08-28 20:00:00,Bulgaria,Bulgaria,BG,513.52,527.58,49.77,12.12,eso.bg,false,
2022-08-28 21:00:00,Bulgaria,Bulgaria,BG,538.87,553.03,47.31,7.77,eso.bg,false,
2022-08-28 22:00:00,Bulgaria,Bulgaria,BG,547.82,562.16,46.37,5.01,eso.bg,false,
2022-08-28 23:00:00,Bulgaria,Bulgaria,BG,554.64,568.88,45.77,4.98,eso.bg,false,
2022-08-29 00:00:00,Bulgaria,Bulgaria,BG,553.28,567.6,45.84,4.8,eso.bg,false,
2022-08-29 01:00:00,Bulgaria,Bulgaria,BG,549.56,564.08,46.12,4.82,eso.bg,false,
2022-08-29 02:00:00,Bulgaria,Bulgaria,BG,558.71,573.16,45.25,3.9,eso.bg,false,
2022-08-29 03:00:00,Bulgaria,Bulgaria,BG,558.0,572.86,45.1,4.39,eso.bg,false,
2022-08-29 04:00:00,Bulgaria,Bulgaria,BG,529.33,544.57,47.72,9.38,eso.bg,false,
2022-08-29 05:00:00,Bulgaria,Bulgaria,BG,496.57,511.37,51.19,15.38,eso.bg,false,
2022-08-29 06:00:00,Bulgaria,Bulgaria,BG,463.45,478.41,54.59,21.15,eso.bg,false,
2022-08-29 07:00:00,Bulgaria,Bulgaria,BG,462.08,477.35,54.67,21.45,eso.bg,false,
2022-08-29 08:00:00,Bulgaria,Bulgaria,BG,473.46,489.94,53.2,19.45,eso.bg,false,
2022-08-29 09:00:00,Bulgaria,Bulgaria,BG,464.06,480.75,54.13,20.85,eso.bg,false,
2022-08-29 10:00:00,Bulgaria,Bulgaria,BG,466.97,483.66,53.77,20.37,eso.bg,false,
2022-08-29 11:00:00,Bulgaria,Bulgaria,BG,468.92,485.95,53.41,20.21,eso.bg,false,
2022-08-29 12:00:00,Bulgaria,Bulgaria,BG,470.74,487.96,53.03,20.2,eso.bg,false,
2022-08-29 13:00:00,Bulgaria,Bulgaria,BG,476.74,492.98,52.73,19.4,eso.bg,false,
2022-08-29 14:00:00,Bulgaria,Bulgaria,BG,476.05,492.09,52.71,19.62,eso.bg,false,
2022-08-29 15:00:00,Bulgaria,Bulgaria,BG,485.43,502.02,51.45,18.06,eso.bg,false,
2022-08-29 16:00:00,Bulgaria,Bulgaria,BG,483.27,498.09,52.26,18.49,eso.bg,false,
2022-08-29 17:00:00,Bulgaria,Bulgaria,BG,468.6,483.32,53.72,20.89,eso.bg,false,
2022-08-29 18:00:00,Bulgaria,Bulgaria,BG,478.34,493.26,52.69,19.54,eso.bg,false,
2022-08-29 19:00:00,Bulgaria,Bulgaria,BG,518.46,532.95,49.08,12.59,eso.bg,false,
2022-08-29 20:00:00,Bulgaria,Bulgaria,BG,535.24,550.37,47.16,9.8,eso.bg,false,
2022-08-29 21:00:00,Bulgaria,Bulgaria,BG,545.43,559.9,46.52,7.9,eso.bg,false,
2022-08-29 22:00:00,Bulgaria,Bulgaria,BG,566.49,581.36,44.36,4.43,eso.bg,false,
2022-08-29 23:00:00,Bulgaria,Bulgaria,BG,558.1,573.26,44.96,4.37,eso.bg,false,
2022-08-30 00:00:00,Bulgaria,Bulgaria,BG,571.36,586.1,43.96,3.65,eso.bg,false,
2022-08-30 01:00:00,Bulgaria,Bulgaria,BG,569.93,585.23,43.79,3.63,eso.bg,false,
2022-08-30 02:00:00,Bulgaria,Bulgaria,BG,565.09,580.72,44.11,3.74,eso.bg,false,
2022-08-30 03:00:00,Bulgaria,Bulgaria,BG,566.01,582.57,43.57,4.47,eso.bg,false,
2022-08-30 04:00:00,Bulgaria,Bulgaria,BG,549.66,566.55,44.99,7.61,eso.bg,false,
2022-08-30 05:00:00,Bulgaria,Bulgaria,BG,513.31,530.16,48.61,13.82,eso.bg,false,
2022-08-30 06:00:00,Bulgaria,Bulgaria,BG,498.71,515.45,50.3,16.31,eso.bg,false,
2022-08-30 07:00:00,Bulgaria,Bulgaria,BG,493.52,510.49,50.98,17.12,eso.bg,false,
2022-08-30 08:00:00,Bulgaria,Bulgaria,BG,498.11,515.3,50.53,16.5,eso.bg,false,
2022-08-30 09:00:00,Bulgaria,Bulgaria,BG,486.11,504.06,51.43,17.46,eso.bg,false,
2022-08-30 10:00:00,Bulgaria,Bulgaria,BG,489.25,507.62,51.05,17.35,eso.bg,false,
2022-08-30 11:00:00,Bulgaria,Bulgaria,BG,495.94,514.19,50.46,16.86,eso.bg,false,
2022-08-30 12:00:00,Bulgaria,Bulgaria,BG,492.87,509.89,51.04,17.19,eso.bg,false,
2022-08-30 13:00:00,Bulgaria,Bulgaria,BG,491.24,507.54,51.35,17.29,eso.bg,false,
2022-08-30 14:00:00,Bulgaria,Bulgaria,BG,500.82,516.71,50.48,15.49,eso.bg,false,
2022-08-30 15:00:00,Bulgaria,Bulgaria,BG,502.8,516.94,50.91,15.19,eso.bg,false,
2022-08-30 16:00:00,Bulgaria,Bulgaria,BG,481.33,496.15,52.51,19.12,eso.bg,false,
2022-08-30 17:00:00,Bulgaria,Bulgaria,BG,472.05,487.74,52.96,20.8,eso.bg,false,
2022-08-30 18:00:00,Bulgaria,Bulgaria,BG,480.28,496.4,52.02,19.39,eso.bg,false,
2022-08-30 19:00:00,Bulgaria,Bulgaria,BG,513.1,528.87,49.04,13.81,eso.bg,false,
2022-08-30 20:00:00,Bulgaria,Bulgaria,BG,536.35,550.41,47.54,9.5,eso.bg,false,
2022-08-30 21:00:00,Bulgaria,Bulgaria,BG,552.22,566.42,46.02,6.3,eso.bg,false,
2022-08-30 22:00:00,Bulgaria,Bulgaria,BG,564.54,578.82,44.82,4.67,eso.bg,false,
2022-08-30 23:00:00,Bulgaria,Bulgaria,BG,552.55,566.89,45.9,5.33,eso.bg,false,
2022-08-31 00:00:00,Bulgaria,Bulgaria,BG,561.31,575.73,45.08,4.48,eso.bg,false,
2022-08-31 01:00:00,Bulgaria,Bulgaria,BG,560.13,574.56,45.17,4.65,eso.bg,false,
2022-08-31 02:00:00,Bulgaria,Bulgaria,BG,566.13,580.79,44.55,4.25,eso.bg,false,
2022-08-31 03:00:00,Bulgaria,Bulgaria,BG,556.33,571.05,45.44,6.36,eso.bg,false,
2022-08-31 04:00:00,Bulgaria,Bulgaria,BG,543.05,558.4,46.35,8.79,eso.bg,false,
2022-08-31 05:00:00,Bulgaria,Bulgaria,BG,526.63,542.01,48.05,11.73,eso.bg,false,
2022-08-31 06:00:00,Bulgaria,Bulgaria,BG,507.03,523.08,49.83,14.83,eso.bg,false,
2022-08-31 07:00:00,Bulgaria,Bulgaria,BG,507.6,524.41,49.68,14.92,eso.bg,false,
2022-08-31 08:00:00,Bulgaria,Bulgaria,BG,489.75,506.58,51.52,17.4,eso.bg,false,
2022-08-31 09:00:00,Bulgaria,Bulgaria,BG,492.35,509.54,51.27,17.2,eso.bg,false,
2022-08-31 10:00:00,Bulgaria,Bulgaria,BG,493.58,511.14,51.0,17.04,eso.bg,false,
2022-08-31 11:00:00,Bulgaria,Bulgaria,BG,505.14,521.97,50.07,15.24,eso.bg,false,
2022-08-31 12:00:00,Bulgaria,Bulgaria,BG,501.52,517.2,50.7,15.56,eso.bg,false,
2022-08-31 13:00:00,Bulgaria,Bulgaria,BG,504.96,519.73,50.63,15.11,eso.bg,false,
2022-08-31 14:00:00,Bulgaria,Bulgaria,BG,516.28,530.75,49.54,12.76,eso.bg,false,
2022-08-31 15:00:00,Bulgaria,Bulgaria,BG,521.02,535.21,49.13,12.19,eso.bg,false,
2022-08-31 16:00:00,Bulgaria,Bulgaria,BG,503.75,517.82,50.74,14.07,eso.bg,false,
2022-08-31 17:00:00,Bulgaria,Bulgaria,BG,510.49,524.51,50.16,14.33,eso.bg,false,
2022-08-31 18:00:00,Bulgaria,Bulgaria,BG,512.45,526.32,49.98,14.13,eso.bg,false,
2022-08-31 19:00:00,Bulgaria,Bulgaria,BG,531.85,545.93,48.04,10.23,eso.bg,false,
2022-08-31 20:00:00,Bulgaria,Bulgaria,BG,532.63,546.77,47.9,9.3,eso.bg,false,
2022-08-31 21:00:00,Bulgaria,Bulgaria,BG,522.95,537.26,48.74,8.56,eso.bg,false,
2022-08-31 22:00:00,Bulgaria,Bulgaria,BG,504.11,518.7,50.31,7.08,eso.bg,false,
2022-08-31 23:00:00,Bulgaria,Bulgaria,BG,500.91,515.63,50.53,6.72,eso.bg,false,
2022-09-01 00:00:00,Bulgaria,Bulgaria,BG,503.12,517.83,50.35,7.34,eso.bg,false,
2022-09-01 01:00:00,Bulgaria,Bulgaria,BG,481.19,496.09,52.3,8.23,eso.bg,false,
2022-09-01 02:00:00,Bulgaria,Bulgaria,BG,487.28,501.96,51.78,8.41,eso.bg,false,
2022-09-01 03:00:00,Bulgaria,Bulgaria,BG,495.69,510.38,51.05,8.65,eso.bg,false,
2022-09-01 04:00:00,Bulgaria,Bulgaria,BG,482.74,497.44,52.34,11.21,eso.bg,false,
2022-09-01 05:00:00,Bulgaria,Bulgaria,BG,473.1,488.08,53.37,14.38,eso.bg,false,
2022-09-01 06:00:00,Bulgaria,Bulgaria,BG,450.19,465.66,55.6,17.93,eso.bg,false,
2022-09-01 07:00:00,Bulgaria,Bulgaria,BG,441.01,457.36,56.28,18.8,eso.bg,false,
2022-09-01 08:00:00,Bulgaria,Bulgaria,BG,427.9,445.01,57.35,20.2,eso.bg,false,
2022-09-01 09:00:00,Bulgaria,Bulgaria,BG,422.99,440.25,57.76,19.87,eso.bg,false,
2022-09-01 10:00:00,Bulgaria,Bulgaria,BG,429.29,446.21,57.38,19.63,eso.bg,false,
2022-09-01 11:00:00,Bulgaria,Bulgaria,BG,440.57,457.28,56.34,18.78,eso.bg,false,
2022-09-01 12:00:00,Bulgaria,Bulgaria,BG,455.82,472.05,54.99,17.19,eso.bg,false,
2022-09-01 13:00:00,Bulgaria,Bulgaria,BG,469.75,485.38,53.76,15.95,eso.bg,false,
2022-09-01 14:00:00,Bulgaria,Bulgaria,BG,480.41,495.45,52.81,14.99,eso.bg,false,
2022-09-01 15:00:00,Bulgaria,Bulgaria,BG,466.71,481.32,54.1,16.87,eso.bg,false,
2022-09-01 16:00:00,Bulgaria,Bulgaria,BG,471.79,486.03,53.6,16.03,eso.bg,false,
2022-09-01 17:00:00,Bulgaria,Bulgaria,BG,458.25,472.2,55.01,18.51,eso.bg,false,
2022-09-01 18:00:00,Bulgaria,Bulgaria,BG,449.26,463.06,55.93,20.03,eso.bg,false,
2022-09-01 19:00:00,Bulgaria,Bulgaria,BG,479.97,493.89,52.93,14.22,eso.bg,false,
2022-09-01 20:00:00,Bulgaria,Bulgaria,BG,489.07,503.19,51.95,11.25,eso.bg,false,
2022-09-01 21:00:00,Bulgaria,Bulgaria,BG,503.34,517.51,50.6,9.07,eso.bg,false,
2022-09-01 22:00:00,Bulgaria,Bulgaria,BG,520.06,534.3,49.01,6.93,eso.bg,false,
2022-09-01 23:00:00,Bulgaria,Bulgaria,BG,517.75,532.09,49.16,6.85,eso.bg,false,
2022-09-02 00:00:00,Bulgaria,Bulgaria,BG,518.42,532.86,49.05,6.66,eso.bg,false,
2022-09-02 01:00:00,Bulgaria,Bulgaria,BG,521.81,536.25,48.74,6.71,eso.bg,false,
2022-09-02 02:00:00,Bulgaria,Bulgaria,BG,521.54,535.93,48.81,7.14,eso.bg,false,
2022-09-02 03:00:00,Bulgaria,Bulgaria,BG,514.41,528.71,49.5,8.38,eso.bg,false,
2022-09-02 04:00:00,Bulgaria,Bulgaria,BG,491.47,505.69,51.73,11.86,eso.bg,false,
2022-09-02 05:00:00,Bulgaria,Bulgaria,BG,470.08,484.37,53.84,15.73,eso.bg,false,
2022-09-02 06:00:00,Bulgaria,Bulgaria,BG,447.08,461.65,56.08,19.9,eso.bg,false,
2022-09-02 07:00:00,Bulgaria,Bulgaria,BG,425.5,440.23,58.1,22.89,eso.bg,false,
2022-09-02 08:00:00,Bulgaria,Bulgaria,BG,427.64,442.77,57.86,22.44,eso.bg,false,
2022-09-02 09:00:00,Bulgaria,Bulgaria,BG,417.46,432.72,58.76,22.2,eso.bg,false,
2022-09-02 10:00:00,Bulgaria,Bulgaria,BG,422.37,437.51,58.33,21.19,eso.bg,false,
2022-09-02 11:00:00,Bulgaria,Bulgaria,BG,424.58,440.22,57.71,19.75,eso.bg,false,
2022-09-02 12:00:00,Bulgaria,Bulgaria,BG,428.19,444.13,57.14,19.25,eso.bg,false,
2022-09-02 13:00:00,Bulgaria,Bulgaria,BG,432.95,448.78,56.69,18.93,eso.bg,false,
2022-09-02 14:00:00,Bulgaria,Bulgaria,BG,445.07,460.76,55.46,17.14,eso.bg,false,
2022-09-02 15:00:00,Bulgaria,Bulgaria,BG,453.47,468.75,54.82,17.42,eso.bg,false,
2022-09-02 16:00:00,Bulgaria,Bulgaria,BG,436.47,451.44,56.51,20.36,eso.bg,false,
2022-09-02 17:00:00,Bulgaria,Bulgaria,BG,423.99,438.85,57.76,22.16,eso.bg,false,
2022-09-02 18:00:00,Bulgaria,Bulgaria,BG,426.75,441.48,57.5,21.51,eso.bg,false,
2022-09-02 19:00:00,Bulgaria,Bulgaria,BG,455.61,470.66,54.59,16.37,eso.bg,false,
2022-09-02 20:00:00,Bulgaria,Bulgaria,BG,479.44,494.49,52.42,13.42,eso.bg,false,
2022-09-02 21:00:00,Bulgaria,Bulgaria,BG,515.11,530.11,49.05,8.89,eso.bg,false,
2022-09-02 22:00:00,Bulgaria,Bulgaria,BG,512.84,529.47,48.84,7.35,eso.bg,false,
2022-09-02 23:00:00,Bulgaria,Bulgaria,BG,515.27,531.77,48.57,6.09,eso.bg,false,
2022-09-03 00:00:00,Bulgaria,Bulgaria,BG,508.69,525.21,49.19,6.55,eso.bg,false,
2022-09-03 01:00:00,Bulgaria,Bulgaria,BG,519.39,535.54,48.26,5.6,eso.bg,false,
2022-09-03 02:00:00,Bulgaria,Bulgaria,BG,506.12,522.68,49.5,7.74,eso.bg,false,
2022-09-03 03:00:00,Bulgaria,Bulgaria,BG,506.64,523.04,49.48,8.77,eso.bg,false,
2022-09-03 04:00:00,Bulgaria,Bulgaria,BG,511.65,527.62,49.08,8.46,eso.bg,false,
2022-09-03 05:00:00,Bulgaria,Bulgaria,BG,495.32,510.9,50.87,11.55,eso.bg,false,
2022-09-03 06:00:00,Bulgaria,Bulgaria,BG,477.74,493.42,52.62,14.65,eso.bg,false,
2022-09-03 07:00:00,Bulgaria,Bulgaria,BG,459.77,475.97,54.31,17.12,eso.bg,false,
2022-09-03 08:00:00,Bulgaria,Bulgaria,BG,435.26,451.78,56.58,19.33,eso.bg,false,
2022-09-03 09:00:00,Bulgaria,Bulgaria,BG,433.29,449.76,56.86,20.69,eso.bg,false,
2022-09-03 10:00:00,Bulgaria,Bulgaria,BG,440.61,457.07,56.16,20.26,eso.bg,false,
2022-09-03 11:00:00,Bulgaria,Bulgaria,BG,442.15,458.76,55.92,19.8,eso.bg,false,
2022-09-03 12:00:00,Bulgaria,Bulgaria,BG,449.3,466.22,55.05,18.62,eso.bg,false,
2022-09-03 13:00:00,Bulgaria,Bulgaria,BG,470.19,486.61,53.13,16.99,eso.bg,false,
2022-09-03 14:00:00,Bulgaria,Bulgaria,BG,478.76,494.89,52.33,16.68,eso.bg,false,
2022-09-03 15:00:00,Bulgaria,Bulgaria,BG,480.06,495.81,52.19,16.19,eso.bg,false,
2022-09-03 16:00:00,Bulgaria,Bulgaria,BG,470.96,485.81,53.33,17.82,eso.bg,false,
2022-09-03 17:00:00,Bulgaria,Bulgaria,BG,465.72,480.5,53.85,18.7,eso.bg,false,
2022-09-03 18:00:00,Bulgaria,Bulgaria,BG,463.27,478.04,54.1,18.9,eso.bg,false,
2022-09-03 19:00:00,Bulgaria,Bulgaria,BG,492.21,507.17,51.23,13.8,eso.bg,false,
2022-09-03 20:00:00,Bulgaria,Bulgaria,BG,507.92,522.93,49.78,11.98,eso.bg,false,
2022-09-03 21:00:00,Bulgaria,Bulgaria,BG,526.61,541.75,48.01,9.06,eso.bg,false,
2022-09-03 22:00:00,Bulgaria,Bulgaria,BG,537.81,552.88,46.89,7.07,eso.bg,false,
2022-09-03 23:00:00,Bulgaria,Bulgaria,BG,540.08,555.21,46.68,6.36,eso.bg,false,
2022-09-04 00:00:00,Bulgaria,Bulgaria,BG,534.93,550.02,47.12,6.84,eso.bg,false,
2022-09-04 01:00:00,Bulgaria,Bulgaria,BG,534.45,549.51,47.23,7.62,eso.bg,false,
2022-09-04 02:00:00,Bulgaria,Bulgaria,BG,525.33,540.34,48.12,9.15,eso.bg,false,
2022-09-04 03:00:00,Bulgaria,Bulgaria,BG,528.65,543.68,47.74,8.04,eso.bg,false,
2022-09-04 04:00:00,Bulgaria,Bulgaria,BG,527.44,542.58,47.89,8.8,eso.bg,false,
2022-09-04 05:00:00,Bulgaria,Bulgaria,BG,519.7,535.01,48.68,10.58,eso.bg,false,
2022-09-04 06:00:00,Bulgaria,Bulgaria,BG,494.78,510.23,51.18,14.75,eso.bg,false,
2022-09-04 07:00:00,Bulgaria,Bulgaria,BG,480.09,496.01,52.6,17.21,eso.bg,false,
2022-09-04 08:00:00,Bulgaria,Bulgaria,BG,473.41,489.62,53.22,18.42,eso.bg,false,
2022-09-04 09:00:00,Bulgaria,Bulgaria,BG,461.08,477.09,54.51,20.51,eso.bg,false,
2022-09-04 10:00:00,Bulgaria,Bulgaria,BG,476.25,492.75,52.81,17.9,eso.bg,false,
2022-09-04 11:00:00,Bulgaria,Bulgaria,BG,478.05,495.04,52.47,17.43,eso.bg,false,
2022-09-04 12:00:00,Bulgaria,Bulgaria,BG,479.11,496.23,52.25,16.37,eso.bg,false,
2022-09-04 13:00:00,Bulgaria,Bulgaria,BG,482.7,499.78,51.81,15.26,eso.bg,false,
2022-09-04 14:00:00,Bulgaria,Bulgaria,BG,491.86,508.32,50.96,13.96,eso.bg,false,
2022-09-04 15:00:00,Bulgaria,Bulgaria,BG,484.25,500.18,51.64,14.07,eso.bg,false,
2022-09-04 16:00:00,Bulgaria,Bulgaria,BG,477.44,493.0,52.32,15.49,eso.bg,false,
2022-09-04 17:00:00,Bulgaria,Bulgaria,BG,471.7,487.1,52.9,16.7,eso.bg,false,
2022-09-04 18:00:00,Bulgaria,Bulgaria,BG,473.23,488.76,52.71,16.11,eso.bg,false,
2022-09-04 19:00:00,Bulgaria,Bulgaria,BG,491.15,506.65,51.03,12.92,eso.bg,false,
2022-09-04 20:00:00,Bulgaria,Bulgaria,BG,506.71,522.15,49.6,11.76,eso.bg,false,
2022-09-04 21:00:00,Bulgaria,Bulgaria,BG,521.51,537.25,48.06,8.28,eso.bg,false,
2022-09-04 22:00:00,Bulgaria,Bulgaria,BG,537.43,553.1,46.55,5.8,eso.bg,false,
2022-09-04 23:00:00,Bulgaria,Bulgaria,BG,540.81,556.51,46.21,5.94,eso.bg,false,
2022-09-05 00:00:00,Bulgaria,Bulgaria,BG,534.83,550.66,46.77,6.87,eso.bg,false,
2022-09-05 01:00:00,Bulgaria,Bulgaria,BG,526.26,542.09,47.56,8.09,eso.bg,false,
2022-09-05 02:00:00,Bulgaria,Bulgaria,BG,506.6,522.86,49.26,8.85,eso.bg,false,
2022-09-05 03:00:00,Bulgaria,Bulgaria,BG,507.26,523.0,49.4,10.19,eso.bg,false,
2022-09-05 04:00:00,Bulgaria,Bulgaria,BG,490.36,506.1,51.05,13.09,eso.bg,false,
2022-09-05 05:00:00,Bulgaria,Bulgaria,BG,477.26,492.48,52.74,16.43,eso.bg,false,
2022-09-05 06:00:00,Bulgaria,Bulgaria,BG,466.63,482.47,53.83,18.36,eso.bg,false,
2022-09-05 07:00:00,Bulgaria,Bulgaria,BG,458.81,475.12,54.6,19.67,eso.bg,false,
2022-09-05 08:00:00,Bulgaria,Bulgaria,BG,457.46,473.97,54.76,19.98,eso.bg,false,
2022-09-05 09:00:00,Bulgaria,Bulgaria,BG,464.41,481.13,54.04,18.48,eso.bg,false,
2022-09-05 10:00:00,Bulgaria,Bulgaria,BG,463.05,479.85,54.14,18.33,eso.bg,false,
2022-09-05 11:00:00,Bulgaria,Bulgaria,BG,462.22,479.36,54.1,18.54,eso.bg,false,
2022-09-05 12:00:00,Bulgaria,Bulgaria,BG,477.76,494.52,52.56,16.41,eso.bg,false,
2022-09-05 13:00:00,Bulgaria,Bulgaria,BG,492.89,509.16,51.17,14.34,eso.bg,false,
2022-09-05 14:00:00,Bulgaria,Bulgaria,BG,490.77,506.58,51.44,13.78,eso.bg,false,
2022-09-05 15:00:00,Bulgaria,Bulgaria,BG,493.14,508.85,50.98,14.2,eso.bg,false,
2022-09-05 16:00:00,Bulgaria,Bulgaria,BG,486.94,502.01,51.71,15.44,eso.bg,false,
2022-09-05 17:00:00,Bulgaria,Bulgaria,BG,473.92,489.06,52.89,17.94,eso.bg,false,
2022-09-05 18:00:00,Bulgaria,Bulgaria,BG,477.65,492.33,52.78,17.33,eso.bg,false,
2022-09-05 19:00:00,Bulgaria,Bulgaria,BG,500.17,514.88,50.61,13.44,eso.bg,false,
2022-09-05 20:00:00,Bulgaria,Bulgaria,BG,520.57,535.4,48.61,10.04,eso.bg,false,
2022-09-05 21:00:00,Bulgaria,Bulgaria,BG,547.65,562.63,46.0,5.68,eso.bg,false,
2022-09-05 22:00:00,Bulgaria,Bulgaria,BG,551.28,566.52,45.49,3.59,eso.bg,false,
2022-09-05 23:00:00,Bulgaria,Bulgaria,BG,554.66,570.0,45.11,3.15,eso.bg,false,
2022-09-06 00:00:00,Bulgaria,Bulgaria,BG,553.28,568.57,45.26,3.46,eso.bg,false,
2022-09-06 01:00:00,Bulgaria,Bulgaria,BG,548.87,564.14,45.67,4.2,eso.bg,false,
2022-09-06 02:00:00,Bulgaria,Bulgaria,BG,547.51,562.78,45.79,4.53,eso.bg,false,
2022-09-06 03:00:00,Bulgaria,Bulgaria,BG,542.84,558.06,46.27,5.71,eso.bg,false,
2022-09-06 04:00:00,Bulgaria,Bulgaria,BG,535.18,550.32,47.14,7.79,eso.bg,false,
2022-09-06 05:00:00,Bulgaria,Bulgaria,BG,507.07,522.54,49.91,12.69,eso.bg,false,
2022-09-06 06:00:00,Bulgaria,Bulgaria,BG,488.34,504.22,51.77,16.02,eso.bg,false,
2022-09-06 07:00:00,Bulgaria,Bulgaria,BG,472.51,489.09,53.19,17.74,eso.bg,false,
2022-09-06 08:00:00,Bulgaria,Bulgaria,BG,472.0,488.89,53.27,17.65,eso.bg,false,
2022-09-06 09:00:00,Bulgaria,Bulgaria,BG,473.81,491.04,53.08,17.15,eso.bg,false,
2022-09-06 10:00:00,Bulgaria,Bulgaria,BG,472.83,489.92,53.18,16.89,eso.bg,false,
2022-09-06 11:00:00,Bulgaria,Bulgaria,BG,476.8,493.68,52.79,16.12,eso.bg,false,
2022-09-06 12:00:00,Bulgaria,Bulgaria,BG,492.52,509.09,51.31,14.44,eso.bg,false,
2022-09-06 13:00:00,Bulgaria,Bulgaria,BG,503.29,519.54,50.26,13.2,eso.bg,false,
2022-09-06 14:00:00,Bulgaria,Bulgaria,BG,507.89,523.66,49.8,12.66,eso.bg,false,
2022-09-06 15:00:00,Bulgaria,Bulgaria,BG,512.79,528.24,49.25,11.95,eso.bg,false,
2022-09-06 16:00:00,Bulgaria,Bulgaria,BG,503.74,518.67,50.2,13.25,eso.bg,false,
2022-09-06 17:00:00,Bulgaria,Bulgaria,BG,482.38,497.09,52.28,16.65,eso.bg,false,
2022-09-06 18:00:00,Bulgaria,Bulgaria,BG,483.13,497.7,52.25,16.96,eso.bg,false,
2022-09-06 19:00:00,Bulgaria,Bulgaria,BG,519.87,534.84,48.58,10.58,eso.bg,false,
2022-09-06 20:00:00,Bulgaria,Bulgaria,BG,526.84,542.42,47.61,8.67,eso.bg,false,
2022-09-06 21:00:00,Bulgaria,Bulgaria,BG,552.72,567.95,45.34,4.23,eso.bg,false,
2022-09-06 22:00:00,Bulgaria,Bulgaria,BG,556.19,571.45,44.96,3.26,eso.bg,false,
2022-09-06 23:00:00,Bulgaria,Bulgaria,BG,560.87,576.21,44.49,2.79,eso.bg,false,
2022-09-07 00:00:00,Bulgaria,Bulgaria,BG,564.4,579.81,44.16,2.75,eso.bg,false,
2022-09-07 01:00:00,Bulgaria,Bulgaria,BG,560.69,576.21,44.46,2.75,eso.bg,false,
2022-09-07 02:00:00,Bulgaria,Bulgaria,BG,566.11,581.59,44.02,2.85,eso.bg,false,
2022-09-07 03:00:00,Bulgaria,Bulgaria,BG,555.94,571.29,45.04,4.99,eso.bg,false,
2022-09-07 04:00:00,Bulgaria,Bulgaria,BG,538.45,553.68,46.78,8.65,eso.bg,false,
2022-09-07 05:00:00,Bulgaria,Bulgaria,BG,511.06,526.56,49.53,13.39,eso.bg,false,
2022-09-07 06:00:00,Bulgaria,Bulgaria,BG,477.36,493.34,52.77,18.14,eso.bg,false,
2022-09-07 07:00:00,Bulgaria,Bulgaria,BG,472.73,489.28,53.25,18.87,eso.bg,false,
2022-09-07 08:00:00,Bulgaria,Bulgaria,BG,463.9,480.9,54.0,18.87,eso.bg,false,
2022-09-07 09:00:00,Bulgaria,Bulgaria,BG,460.85,478.11,54.24,18.26,eso.bg,false,
2022-09-07 10:00:00,Bulgaria,Bulgaria,BG,465.81,483.04,53.8,17.95,eso.bg,false,
2022-09-07 11:00:00,Bulgaria,Bulgaria,BG,469.5,486.61,53.49,18.2,eso.bg,false,
2022-09-07 12:00:00,Bulgaria,Bulgaria,BG,480.22,497.23,52.48,17.07,eso.bg,false,
2022-09-07 13:00:00,Bulgaria,Bulgaria,BG,480.63,497.33,52.44,17.03,eso.bg,false,
2022-09-07 14:00:00,Bulgaria,Bulgaria,BG,487.28,503.75,51.71,15.6,eso.bg,false,
2022-09-07 15:00:00,Bulgaria,Bulgaria,BG,497.21,512.78,50.74,14.05,eso.bg,false,
2022-09-07 16:00:00,Bulgaria,Bulgaria,BG,488.27,503.34,51.62,15.37,eso.bg,false,
2022-09-07 17:00:00,Bulgaria,Bulgaria,BG,481.26,496.07,52.38,17.8,eso.bg,false,
2022-09-07 18:00:00,Bulgaria,Bulgaria,BG,481.46,496.04,52.45,18.52,eso.bg,false,
2022-09-07 19:00:00,Bulgaria,Bulgaria,BG,497.01,511.9,50.82,14.67,eso.bg,false,
2022-09-07 20:00:00,Bulgaria,Bulgaria,BG,516.66,531.73,48.89,11.53,eso.bg,false,
2022-09-07 21:00:00,Bulgaria,Bulgaria,BG,538.46,553.42,46.85,7.75,eso.bg,false,
2022-09-07 22:00:00,Bulgaria,Bulgaria,BG,547.81,562.84,45.99,6.51,eso.bg,false,
2022-09-07 23:00:00,Bulgaria,Bulgaria,BG,549.07,564.21,45.8,6.13,eso.bg,false,
2022-09-08 00:00:00,Bulgaria,Bulgaria,BG,553.59,568.74,45.36,5.89,eso.bg,false,
2022-09-08 01:00:00,Bulgaria,Bulgaria,BG,556.21,571.4,45.09,5.25,eso.bg,false,
2022-09-08 02:00:00,Bulgaria,Bulgaria,BG,556.84,572.14,45.0,5.13,eso.bg,false,
2022-09-08 03:00:00,Bulgaria,Bulgaria,BG,549.61,564.85,45.71,6.47,eso.bg,false,
2022-09-08 04:00:00,Bulgaria,Bulgaria,BG,531.67,546.7,47.55,10.12,eso.bg,false,
2022-09-08 05:00:00,Bulgaria,Bulgaria,BG,514.82,530.25,49.26,13.01,eso.bg,false,
2022-09-08 06:00:00,Bulgaria,Bulgaria,BG,494.01,509.91,51.29,16.43,eso.bg,false,
2022-09-08 07:00:00,Bulgaria,Bulgaria,BG,477.0,493.65,52.88,18.31,eso.bg,false,
2022-09-08 08:00:00,Bulgaria,Bulgaria,BG,465.92,482.8,53.93,19.24,eso.bg,false,
2022-09-08 09:00:00,Bulgaria,Bulgaria,BG,460.21,477.25,54.48,20.4,eso.bg,false,
2022-09-08 10:00:00,Bulgaria,Bulgaria,BG,462.19,478.98,54.33,20.54,eso.bg,false,
2022-09-08 11:00:00,Bulgaria,Bulgaria,BG,460.59,477.25,54.5,20.97,eso.bg,false,
2022-09-08 12:00:00,Bulgaria,Bulgaria,BG,468.47,485.1,53.7,19.63,eso.bg,false,
2022-09-08 13:00:00,Bulgaria,Bulgaria,BG,469.06,485.51,53.61,19.89,eso.bg,false,
2022-09-08 14:00:00,Bulgaria,Bulgaria,BG,483.35,499.62,52.14,17.46,eso.bg,false,
2022-09-08 15:00:00,Bulgaria,Bulgaria,BG,490.02,505.67,51.42,16.27,eso.bg,false,
2022-09-08 16:00:00,Bulgaria,Bulgaria,BG,485.3,500.56,51.84,16.9,eso.bg,false,
2022-09-08 17:00:00,Bulgaria,Bulgaria,BG,481.33,496.28,52.34,18.4,eso.bg,false,
2022-09-08 18:00:00,Bulgaria,Bulgaria,BG,484.25,499.11,52.13,17.97,eso.bg,false,
2022-09-08 19:00:00,Bulgaria,Bulgaria,BG,496.7,511.57,50.94,15.4,eso.bg,false,
2022-09-08 20:00:00,Bulgaria,Bulgaria,BG,512.17,526.97,49.49,13.22,eso.bg,false,
2022-09-08 21:00:00,Bulgaria,Bulgaria,BG,529.71,544.73,47.73,10.18,eso.bg,false,
2022-09-08 22:00:00,Bulgaria,Bulgaria,BG,543.86,559.05,46.31,7.02,eso.bg,false,
2022-09-08 23:00:00,Bulgaria,Bulgaria,BG,543.27,558.58,46.29,6.71,eso.bg,false,
2022-09-09 00:00:00,Bulgaria,Bulgaria,BG,547.56,562.99,45.83,5.98,eso.bg,false,
2022-09-09 01:00:00,Bulgaria,Bulgaria,BG,547.41,562.91,45.79,5.59,eso.bg,false,
2022-09-09 02:00:00,Bulgaria,Bulgaria,BG,549.58,564.97,45.62,5.26,eso.bg,false,
2022-09-09 03:00:00,Bulgaria,Bulgaria,BG,541.04,556.54,46.42,6.72,eso.bg,false,
2022-09-09 04:00:00,Bulgaria,Bulgaria,BG,533.86,549.16,47.19,8.4,eso.bg,false,
2022-09-09 05:00:00,Bulgaria,Bulgaria,BG,516.99,532.48,48.84,10.94,eso.bg,false,
2022-09-09 06:00:00,Bulgaria,Bulgaria,BG,473.1,489.07,53.09,17.9,eso.bg,false,
2022-09-09 07:00:00,Bulgaria,Bulgaria,BG,472.49,489.13,53.16,18.39,eso.bg,false,
2022-09-09 08:00:00,Bulgaria,Bulgaria,BG,467.29,483.96,53.75,19.79,eso.bg,false,
2022-09-09 09:00:00,Bulgaria,Bulgaria,BG,474.35,491.12,53.14,18.98,eso.bg,false,
2022-09-09 10:00:00,Bulgaria,Bulgaria,BG,474.89,491.49,53.11,18.84,eso.bg,false,
2022-09-09 11:00:00,Bulgaria,Bulgaria,BG,460.98,477.85,54.26,18.85,eso.bg,false,
2022-09-09 12:00:00,Bulgaria,Bulgaria,BG,484.92,501.93,51.87,15.69,eso.bg,false,
2022-09-09 13:00:00,Bulgaria,Bulgaria,BG,497.88,515.06,50.58,14.57,eso.bg,false,
2022-09-09 14:00:00,Bulgaria,Bulgaria,BG,494.43,511.0,50.95,15.25,eso.bg,false,
2022-09-09 15:00:00,Bulgaria,Bulgaria,BG,485.38,501.8,51.74,16.63,eso.bg,false,
2022-09-09 16:00:00,Bulgaria,Bulgaria,BG,489.97,505.34,51.4,16.0,eso.bg,false,
2022-09-09 17:00:00,Bulgaria,Bulgaria,BG,482.68,497.88,52.15,17.19,eso.bg,false,
2022-09-09 18:00:00,Bulgaria,Bulgaria,BG,478.33,493.26,52.59,17.98,eso.bg,false,
2022-09-09 19:00:00,Bulgaria,Bulgaria,BG,492.99,508.77,51.01,15.27,eso.bg,false,
2022-09-09 20:00:00,Bulgaria,Bulgaria,BG,489.15,505.05,51.28,14.29,eso.bg,false,
2022-09-09 21:00:00,Bulgaria,Bulgaria,BG,504.1,520.31,49.77,11.02,eso.bg,false,
2022-09-09 22:00:00,Bulgaria,Bulgaria,BG,532.4,548.07,47.19,7.54,eso.bg,false,
2022-09-09 23:00:00,Bulgaria,Bulgaria,BG,545.87,561.63,45.87,6.15,eso.bg,false,
2022-09-10 00:00:00,Bulgaria,Bulgaria,BG,548.96,564.61,45.55,5.61,eso.bg,false,
2022-09-10 01:00:00,Bulgaria,Bulgaria,BG,551.96,567.59,45.28,5.08,eso.bg,false,
2022-09-10 02:00:00,Bulgaria,Bulgaria,BG,550.44,566.01,45.43,5.12,eso.bg,false,
2022-09-10 03:00:00,Bulgaria,Bulgaria,BG,546.23,561.69,45.95,6.18,eso.bg,false,
2022-09-10 04:00:00,Bulgaria,Bulgaria,BG,530.41,545.58,47.59,8.84,eso.bg,false,
2022-09-10 05:00:00,Bulgaria,Bulgaria,BG,506.73,521.97,49.93,12.97,eso.bg,false,
2022-09-10 06:00:00,Bulgaria,Bulgaria,BG,481.15,496.96,52.46,17.42,eso.bg,false,
2022-09-10 07:00:00,Bulgaria,Bulgaria,BG,479.2,495.21,52.63,17.66,eso.bg,false,
2022-09-10 08:00:00,Bulgaria,Bulgaria,BG,480.61,497.2,52.38,17.24,eso.bg,false,
2022-09-10 09:00:00,Bulgaria,Bulgaria,BG,477.27,494.11,52.65,17.63,eso.bg,false,
2022-09-10 10:00:00,Bulgaria,Bulgaria,BG,450.56,467.48,55.19,20.55,eso.bg,false,
2022-09-10 11:00:00,Bulgaria,Bulgaria,BG,450.79,467.55,55.13,19.72,eso.bg,false,
2022-09-10 12:00:00,Bulgaria,Bulgaria,BG,453.19,469.94,54.85,18.91,eso.bg,false,
2022-09-10 13:00:00,Bulgaria,Bulgaria,BG,478.4,495.06,52.29,14.36,eso.bg,false,
2022-09-10 14:00:00,Bulgaria,Bulgaria,BG,486.41,502.5,51.59,12.99,eso.bg,false,
2022-09-10 15:00:00,Bulgaria,Bulgaria,BG,475.41,491.78,52.59,14.63,eso.bg,false,
2022-09-10 16:00:00,Bulgaria,Bulgaria,BG,476.4,491.94,52.57,15.33,eso.bg,false,
2022-09-10 17:00:00,Bulgaria,Bulgaria,BG,470.6,486.44,53.08,17.31,eso.bg,false,
2022-09-10 18:00:00,Bulgaria,Bulgaria,BG,474.17,489.72,52.76,16.83,eso.bg,false,
2022-09-10 19:00:00,Bulgaria,Bulgaria,BG,493.31,509.22,50.82,13.45,eso.bg,false,
2022-09-10 20:00:00,Bulgaria,Bulgaria,BG,518.09,534.59,48.3,9.12,eso.bg,false,
2022-09-10 21:00:00,Bulgaria,Bulgaria,BG,534.21,549.96,46.95,7.0,eso.bg,false,
2022-09-10 22:00:00,Bulgaria,Bulgaria,BG,516.31,532.17,48.52,6.18,eso.bg,false,
2022-09-10 23:00:00,Bulgaria,Bulgaria,BG,518.84,534.4,48.35,5.36,eso.bg,false,
2022-09-11 00:00:00,Bulgaria,Bulgaria,BG,518.35,533.79,48.45,5.88,eso.bg,false,
2022-09-11 01:00:00,Bulgaria,Bulgaria,BG,516.64,532.18,48.58,5.8,eso.bg,false,
2022-09-11 02:00:00,Bulgaria,Bulgaria,BG,515.93,531.45,48.64,6.23,eso.bg,false,
2022-09-11 03:00:00,Bulgaria,Bulgaria,BG,513.24,528.85,48.91,6.62,eso.bg,false,
2022-09-11 04:00:00,Bulgaria,Bulgaria,BG,504.14,519.71,49.8,8.58,eso.bg,false,
2022-09-11 05:00:00,Bulgaria,Bulgaria,BG,490.01,506.16,51.14,11.85,eso.bg,false,
2022-09-11 06:00:00,Bulgaria,Bulgaria,BG,465.81,482.58,53.44,15.27,eso.bg,false,
2022-09-11 07:00:00,Bulgaria,Bulgaria,BG,458.95,475.98,54.24,17.31,eso.bg,false,
2022-09-11 08:00:00,Bulgaria,Bulgaria,BG,443.59,461.09,55.65,18.44,eso.bg,false,
2022-09-11 09:00:00,Bulgaria,Bulgaria,BG,444.94,462.49,55.52,18.21,eso.bg,false,
2022-09-11 10:00:00,Bulgaria,Bulgaria,BG,457.17,474.43,54.43,17.02,eso.bg,false,
2022-09-11 11:00:00,Bulgaria,Bulgaria,BG,474.49,491.5,52.8,15.61,eso.bg,false,
2022-09-11 12:00:00,Bulgaria,Bulgaria,BG,481.97,498.84,52.04,14.75,eso.bg,false,
2022-09-11 13:00:00,Bulgaria,Bulgaria,BG,479.81,496.49,52.15,13.79,eso.bg,false,
2022-09-11 14:00:00,Bulgaria,Bulgaria,BG,486.46,502.86,51.43,11.64,eso.bg,false,
2022-09-11 15:00:00,Bulgaria,Bulgaria,BG,493.14,508.96,50.83,11.61,eso.bg,false,
2022-09-11 16:00:00,Bulgaria,Bulgaria,BG,484.71,499.99,51.69,13.77,eso.bg,false,
2022-09-11 17:00:00,Bulgaria,Bulgaria,BG,477.04,492.12,52.51,15.5,eso.bg,false,
2022-09-11 18:00:00,Bulgaria,Bulgaria,BG,472.8,487.82,52.93,16.16,eso.bg,false,
2022-09-11 19:00:00,Bulgaria,Bulgaria,BG,484.02,499.28,51.78,13.87,eso.bg,false,
2022-09-11 20:00:00,Bulgaria,Bulgaria,BG,502.27,517.77,49.86,9.91,eso.bg,false,
2022-09-11 21:00:00,Bulgaria,Bulgaria,BG,518.59,534.18,48.3,7.31,eso.bg,false,
2022-09-11 22:00:00,Bulgaria,Bulgaria,BG,523.03,538.68,47.83,5.82,eso.bg,false,
2022-09-11 23:00:00,Bulgaria,Bulgaria,BG,522.37,538.06,47.89,6.21,eso.bg,false,
2022-09-12 00:00:00,Bulgaria,Bulgaria,BG,513.0,528.62,48.85,8.71,eso.bg,false,
2022-09-12 01:00:00,Bulgaria,Bulgaria,BG,495.34,510.96,50.5,10.17,eso.bg,false,
2022-09-12 02:00:00,Bulgaria,Bulgaria,BG,506.64,522.27,49.45,9.31,eso.bg,false,
2022-09-12 03:00:00,Bulgaria,Bulgaria,BG,507.37,522.75,49.49,10.03,eso.bg,false,
2022-09-12 04:00:00,Bulgaria,Bulgaria,BG,486.97,502.26,51.51,13.55,eso.bg,false,
2022-09-12 05:00:00,Bulgaria,Bulgaria,BG,476.1,491.76,52.63,15.49,eso.bg,false,
2022-09-12 06:00:00,Bulgaria,Bulgaria,BG,467.26,483.54,53.53,17.1,eso.bg,false,
2022-09-12 07:00:00,Bulgaria,Bulgaria,BG,437.79,454.46,56.34,20.15,eso.bg,false,
2022-09-12 08:00:00,Bulgaria,Bulgaria,BG,430.36,447.51,57.06,21.27,eso.bg,false,
2022-09-12 09:00:00,Bulgaria,Bulgaria,BG,436.1,453.5,56.35,19.14,eso.bg,false,
2022-09-12 10:00:00,Bulgaria,Bulgaria,BG,447.61,465.04,55.3,18.2,eso.bg,false,
2022-09-12 11:00:00,Bulgaria,Bulgaria,BG,459.85,477.08,54.15,16.72,eso.bg,false,
2022-09-12 12:00:00,Bulgaria,Bulgaria,BG,477.39,494.31,52.46,15.49,eso.bg,false,
2022-09-12 13:00:00,Bulgaria,Bulgaria,BG,479.61,496.73,52.05,15.14,eso.bg,false,
2022-09-12 14:00:00,Bulgaria,Bulgaria,BG,486.19,502.02,51.69,13.26,eso.bg,false,
2022-09-12 15:00:00,Bulgaria,Bulgaria,BG,488.77,504.5,51.28,11.61,eso.bg,false,
2022-09-12 16:00:00,Bulgaria,Bulgaria,BG,472.22,487.21,53.03,16.26,eso.bg,false,
2022-09-12 17:00:00,Bulgaria,Bulgaria,BG,457.9,472.77,54.46,19.07,eso.bg,false,
2022-09-12 18:00:00,Bulgaria,Bulgaria,BG,461.9,476.73,54.08,18.47,eso.bg,false,
2022-09-12 19:00:00,Bulgaria,Bulgaria,BG,492.62,507.66,51.06,12.97,eso.bg,false,
2022-09-12 20:00:00,Bulgaria,Bulgaria,BG,500.83,516.3,50.17,11.37,eso.bg,false,
2022-09-12 21:00:00,Bulgaria,Bulgaria,BG,512.23,527.67,49.09,8.71,eso.bg,false,
2022-09-12 22:00:00,Bulgaria,Bulgaria,BG,499.49,515.23,50.13,8.83,eso.bg,false,
2022-09-12 23:00:00,Bulgaria,Bulgaria,BG,491.54,506.95,50.91,8.97,eso.bg,false,
2022-09-13 00:00:00,Bulgaria,Bulgaria,BG,499.95,515.26,50.19,8.25,eso.bg,false,
2022-09-13 01:00:00,Bulgaria,Bulgaria,BG,501.84,517.26,49.94,7.83,eso.bg,false,
2022-09-13 02:00:00,Bulgaria,Bulgaria,BG,507.88,523.63,49.24,7.12,eso.bg,false,
2022-09-13 03:00:00,Bulgaria,Bulgaria,BG,509.19,524.89,49.12,7.19,eso.bg,false,
2022-09-13 04:00:00,Bulgaria,Bulgaria,BG,514.35,529.85,48.79,8.37,eso.bg,false,
2022-09-13 05:00:00,Bulgaria,Bulgaria,BG,504.46,520.18,49.91,11.35,eso.bg,false,
2022-09-13 06:00:00,Bulgaria,Bulgaria,BG,496.53,512.74,50.81,13.96,eso.bg,false,
2022-09-13 07:00:00,Bulgaria,Bulgaria,BG,472.43,488.96,53.12,16.23,eso.bg,false,
2022-09-13 08:00:00,Bulgaria,Bulgaria,BG,474.96,491.65,52.86,16.4,eso.bg,false,
2022-09-13 09:00:00,Bulgaria,Bulgaria,BG,476.39,492.83,52.85,16.6,eso.bg,false,
2022-09-13 10:00:00,Bulgaria,Bulgaria,BG,489.99,506.35,51.63,15.55,eso.bg,false,
2022-09-13 11:00:00,Bulgaria,Bulgaria,BG,480.25,496.56,52.44,15.93,eso.bg,false,
2022-09-13 12:00:00,Bulgaria,Bulgaria,BG,492.19,508.39,51.24,13.84,eso.bg,false,
2022-09-13 13:00:00,Bulgaria,Bulgaria,BG,500.03,516.09,50.49,12.89,eso.bg,false,
2022-09-13 14:00:00,Bulgaria,Bulgaria,BG,503.28,519.53,50.05,10.82,eso.bg,false,
2022-09-13 15:00:00,Bulgaria,Bulgaria,BG,518.72,534.33,48.57,9.07,eso.bg,false,
2022-09-13 16:00:00,Bulgaria,Bulgaria,BG,517.91,532.92,48.71,10.47,eso.bg,false,
2022-09-13 17:00:00,Bulgaria,Bulgaria,BG,502.34,517.09,50.26,13.15,eso.bg,false,
2022-09-13 18:00:00,Bulgaria,Bulgaria,BG,493.56,508.26,51.1,14.05,eso.bg,false,
2022-09-13 19:00:00,Bulgaria,Bulgaria,BG,506.39,521.13,49.86,11.55,eso.bg,false,
2022-09-13 20:00:00,Bulgaria,Bulgaria,BG,544.93,559.89,46.14,6.02,eso.bg,false,
2022-09-13 21:00:00,Bulgaria,Bulgaria,BG,547.88,563.15,45.68,3.34,eso.bg,false,
2022-09-13 22:00:00,Bulgaria,Bulgaria,BG,544.85,560.18,45.9,3.29,eso.bg,false,
2022-09-13 23:00:00,Bulgaria,Bulgaria,BG,558.56,573.99,44.59,3.06,eso.bg,false,
2022-09-14 00:00:00,Bulgaria,Bulgaria,BG,558.07,573.57,44.55,2.83,eso.bg,false,
2022-09-14 01:00:00,Bulgaria,Bulgaria,BG,553.86,569.4,44.91,2.82,eso.bg,false,
2022-09-14 02:00:00,Bulgaria,Bulgaria,BG,554.0,569.41,44.89,2.94,eso.bg,false,
2022-09-14 03:00:00,Bulgaria,Bulgaria,BG,551.78,567.48,45.08,3.46,eso.bg,false,
2022-09-14 04:00:00,Bulgaria,Bulgaria,BG,544.87,560.44,45.93,5.28,eso.bg,false,
2022-09-14 05:00:00,Bulgaria,Bulgaria,BG,524.63,540.46,48.03,9.61,eso.bg,false,
2022-09-14 06:00:00,Bulgaria,Bulgaria,BG,505.2,521.68,49.96,13.29,eso.bg,false,
2022-09-14 07:00:00,Bulgaria,Bulgaria,BG,488.32,505.64,51.44,16.35,eso.bg,false,
2022-09-14 08:00:00,Bulgaria,Bulgaria,BG,484.72,503.43,51.23,16.91,eso.bg,false,
2022-09-14 09:00:00,Bulgaria,Bulgaria,BG,481.41,499.28,51.97,17.14,eso.bg,false,
2022-09-14 10:00:00,Bulgaria,Bulgaria,BG,470.82,488.85,52.94,18.43,eso.bg,false,
2022-09-14 11:00:00,Bulgaria,Bulgaria,BG,467.05,485.11,53.26,18.6,eso.bg,false,
2022-09-14 12:00:00,Bulgaria,Bulgaria,BG,470.67,488.66,52.86,17.89,eso.bg,false,
2022-09-14 13:00:00,Bulgaria,Bulgaria,BG,489.61,506.33,51.49,15.9,eso.bg,false,
2022-09-14 14:00:00,Bulgaria,Bulgaria,BG,496.13,512.46,50.8,14.34,eso.bg,false,
2022-09-14 15:00:00,Bulgaria,Bulgaria,BG,498.8,514.45,50.45,13.19,eso.bg,false,
2022-09-14 16:00:00,Bulgaria,Bulgaria,BG,509.48,524.37,49.57,13.45,eso.bg,false,
2022-09-14 17:00:00,Bulgaria,Bulgaria,BG,495.69,510.54,50.93,15.85,eso.bg,false,
2022-09-14 18:00:00,Bulgaria,Bulgaria,BG,495.34,510.16,50.96,15.8,eso.bg,false,
2022-09-14 19:00:00,Bulgaria,Bulgaria,BG,514.38,529.28,49.09,12.63,eso.bg,false,
2022-09-14 20:00:00,Bulgaria,Bulgaria,BG,537.97,553.16,46.74,8.57,eso.bg,false,
2022-09-14 21:00:00,Bulgaria,Bulgaria,BG,543.63,559.73,45.99,6.51,eso.bg,false,
2022-09-14 22:00:00,Bulgaria,Bulgaria,BG,546.12,561.31,45.93,6.06,eso.bg,false,
2022-09-14 23:00:00,Bulgaria,Bulgaria,BG,538.1,553.32,46.64,6.59,eso.bg,false,
2022-09-15 00:00:00,Bulgaria,Bulgaria,BG,529.53,544.86,47.41,7.05,eso.bg,false,
2022-09-15 01:00:00,Bulgaria,Bulgaria,BG,542.88,558.12,46.21,5.91,eso.bg,false,
2022-09-15 02:00:00,Bulgaria,Bulgaria,BG,543.98,559.27,46.1,6.01,eso.bg,false,
2022-09-15 03:00:00,Bulgaria,Bulgaria,BG,539.44,554.7,46.57,7.02,eso.bg,false,
2022-09-15 04:00:00,Bulgaria,Bulgaria,BG,539.2,554.36,46.64,8.33,eso.bg,false,
2022-09-15 05:00:00,Bulgaria,Bulgaria,BG,523.43,538.92,48.18,11.06,eso.bg,false,
2022-09-15 06:00:00,Bulgaria,Bulgaria,BG,504.62,520.46,50.12,13.58,eso.bg,false,
2022-09-15 07:00:00,Bulgaria,Bulgaria,BG,484.49,500.53,52.26,15.86,eso.bg,false,
2022-09-15 08:00:00,Bulgaria,Bulgaria,BG,463.9,480.52,54.06,18.15,eso.bg,false,
2022-09-15 09:00:00,Bulgaria,Bulgaria,BG,454.87,471.51,54.91,19.41,eso.bg,false,
2022-09-15 10:00:00,Bulgaria,Bulgaria,BG,457.18,474.1,54.63,19.52,eso.bg,false,
2022-09-15 11:00:00,Bulgaria,Bulgaria,BG,460.73,477.54,54.25,18.9,eso.bg,false,
2022-09-15 12:00:00,Bulgaria,Bulgaria,BG,483.48,500.03,52.1,16.72,eso.bg,false,
2022-09-15 13:00:00,Bulgaria,Bulgaria,BG,495.72,512.22,50.86,15.15,eso.bg,false,
2022-09-15 14:00:00,Bulgaria,Bulgaria,BG,506.74,523.19,49.76,13.56,eso.bg,false,
2022-09-15 15:00:00,Bulgaria,Bulgaria,BG,496.98,512.96,50.67,14.95,eso.bg,false,
2022-09-15 16:00:00,Bulgaria,Bulgaria,BG,504.6,520.01,50.0,13.79,eso.bg,false,
2022-09-15 17:00:00,Bulgaria,Bulgaria,BG,490.8,505.34,51.49,16.36,eso.bg,false,
2022-09-15 18:00:00,Bulgaria,Bulgaria,BG,499.79,514.54,50.58,14.69,eso.bg,false,
2022-09-15 19:00:00,Bulgaria,Bulgaria,BG,522.23,537.1,48.38,11.18,eso.bg,false,
2022-09-15 20:00:00,Bulgaria,Bulgaria,BG,538.12,553.44,46.71,8.02,eso.bg,false,
2022-09-15 21:00:00,Bulgaria,Bulgaria,BG,556.44,572.52,44.82,4.45,eso.bg,false,
2022-09-15 22:00:00,Bulgaria,Bulgaria,BG,558.65,573.61,44.9,3.68,eso.bg,false,
2022-09-15 23:00:00,Bulgaria,Bulgaria,BG,565.61,580.53,44.31,3.58,eso.bg,false,
2022-09-16 00:00:00,Bulgaria,Bulgaria,BG,554.49,569.46,45.28,4.13,eso.bg,false,
2022-09-16 01:00:00,Bulgaria,Bulgaria,BG,552.19,567.1,45.52,4.67,eso.bg,false,
2022-09-16 02:00:00,Bulgaria,Bulgaria,BG,541.98,556.94,46.46,5.72,eso.bg,false,
2022-09-16 03:00:00,Bulgaria,Bulgaria,BG,536.71,552.06,46.96,7.41,eso.bg,false,
2022-09-16 04:00:00,Bulgaria,Bulgaria,BG,520.01,535.43,48.59,10.2,eso.bg,false,
2022-09-16 05:00:00,Bulgaria,Bulgaria,BG,491.51,506.94,51.37,14.08,eso.bg,false,
2022-09-16 06:00:00,Bulgaria,Bulgaria,BG,447.83,462.92,55.79,20.45,eso.bg,false,
2022-09-16 07:00:00,Bulgaria,Bulgaria,BG,439.79,455.21,56.66,20.92,eso.bg,false,
2022-09-16 08:00:00,Bulgaria,Bulgaria,BG,420.45,436.35,58.33,21.31,eso.bg,false,
2022-09-16 09:00:00,Bulgaria,Bulgaria,BG,414.36,430.87,58.79,21.82,eso.bg,false,
2022-09-16 10:00:00,Bulgaria,Bulgaria,BG,455.41,471.43,55.03,19.21,eso.bg,false,
2022-09-16 11:00:00,Bulgaria,Bulgaria,BG,478.06,493.78,52.92,16.67,eso.bg,false,
2022-09-16 12:00:00,Bulgaria,Bulgaria,BG,472.96,488.7,53.31,16.24,eso.bg,false,
2022-09-16 13:00:00,Bulgaria,Bulgaria,BG,506.0,521.16,50.27,12.76,eso.bg,false,
2022-09-16 14:00:00,Bulgaria,Bulgaria,BG,517.2,532.28,49.04,11.34,eso.bg,false,
2022-09-16 15:00:00,Bulgaria,Bulgaria,BG,521.98,537.22,48.36,10.0,eso.bg,false,
2022-09-16 16:00:00,Bulgaria,Bulgaria,BG,516.72,531.62,48.86,10.76,eso.bg,false,
2022-09-16 17:00:00,Bulgaria,Bulgaria,BG,499.79,514.64,50.53,13.87,eso.bg,false,
2022-09-16 18:00:00,Bulgaria,Bulgaria,BG,505.64,520.47,49.96,12.94,eso.bg,false,
2022-09-16 19:00:00,Bulgaria,Bulgaria,BG,527.81,542.86,47.75,8.67,eso.bg,false,
2022-09-16 20:00:00,Bulgaria,Bulgaria,BG,550.9,566.15,45.5,5.35,eso.bg,false,
2022-09-16 21:00:00,Bulgaria,Bulgaria,BG,549.6,565.05,45.53,3.58,eso.bg,false,
2022-09-16 22:00:00,Bulgaria,Bulgaria,BG,560.01,575.15,44.65,3.07,eso.bg,false,
2022-09-16 23:00:00,Bulgaria,Bulgaria,BG,546.94,562.23,45.77,3.54,eso.bg,false,
2022-09-17 00:00:00,Bulgaria,Bulgaria,BG,542.92,558.32,46.08,3.8,eso.bg,false,
2022-09-17 01:00:00,Bulgaria,Bulgaria,BG,540.39,555.71,46.27,3.69,eso.bg,false,
2022-09-17 02:00:00,Bulgaria,Bulgaria,BG,532.72,548.06,46.98,4.12,eso.bg,false,
2022-09-17 03:00:00,Bulgaria,Bulgaria,BG,539.84,555.14,46.38,4.31,eso.bg,false,
2022-09-17 04:00:00,Bulgaria,Bulgaria,BG,542.61,557.84,46.24,5.33,eso.bg,false,
2022-09-17 05:00:00,Bulgaria,Bulgaria,BG,522.06,537.61,48.26,9.3,eso.bg,false,
2022-09-17 06:00:00,Bulgaria,Bulgaria,BG,518.48,534.33,48.61,11.3,eso.bg,false,
2022-09-17 07:00:00,Bulgaria,Bulgaria,BG,510.77,526.82,49.44,11.85,eso.bg,false,
2022-09-17 08:00:00,Bulgaria,Bulgaria,BG,488.9,505.67,51.45,13.79,eso.bg,false,
2022-09-17 09:00:00,Bulgaria,Bulgaria,BG,480.96,497.7,52.21,14.52,eso.bg,false,
2022-09-17 10:00:00,Bulgaria,Bulgaria,BG,501.61,518.01,50.29,13.32,eso.bg,false,
2022-09-17 11:00:00,Bulgaria,Bulgaria,BG,514.82,530.88,48.95,11.66,eso.bg,false,
2022-09-17 12:00:00,Bulgaria,Bulgaria,BG,516.53,532.3,48.86,10.73,eso.bg,false,
2022-09-17 13:00:00,Bulgaria,Bulgaria,BG,507.67,523.63,49.62,10.46,eso.bg,false,
2022-09-17 14:00:00,Bulgaria,Bulgaria,BG,467.94,483.95,53.33,13.89,eso.bg,false,
2022-09-17 15:00:00,Bulgaria,Bulgaria,BG,520.92,536.67,48.15,7.79,eso.bg,false,
2022-09-17 16:00:00,Bulgaria,Bulgaria,BG,526.73,542.05,47.7,8.52,eso.bg,false,
2022-09-17 17:00:00,Bulgaria,Bulgaria,BG,515.27,530.43,48.87,10.47,eso.bg,false,
2022-09-17 18:00:00,Bulgaria,Bulgaria,BG,505.78,520.19,50.16,11.44,eso.bg,false,
2022-09-17 19:00:00,Bulgaria,Bulgaria,BG,489.33,504.29,51.39,11.26,eso.bg,false,
2022-09-17 20:00:00,Bulgaria,Bulgaria,BG,531.98,546.94,47.34,6.79,eso.bg,false,
2022-09-17 21:00:00,Bulgaria,Bulgaria,BG,502.64,517.99,49.97,7.36,eso.bg,false,
2022-09-17 22:00:00,Bulgaria,Bulgaria,BG,524.79,539.6,48.07,6.2,eso.bg,false,
2022-09-17 23:00:00,Bulgaria,Bulgaria,BG,499.48,514.5,50.38,8.22,eso.bg,false,
2022-09-18 00:00:00,Bulgaria,Bulgaria,BG,452.01,467.48,54.5,10.09,eso.bg,false,
2022-09-18 01:00:00,Bulgaria,Bulgaria,BG,430.49,446.46,56.37,11.13,eso.bg,false,
2022-09-18 02:00:00,Bulgaria,Bulgaria,BG,420.84,437.92,57.04,11.4,eso.bg,false,
2022-09-18 03:00:00,Bulgaria,Bulgaria,BG,445.36,462.82,54.81,11.58,eso.bg,false,
2022-09-18 04:00:00,Bulgaria,Bulgaria,BG,434.72,453.14,55.54,13.4,eso.bg,false,
2022-09-18 05:00:00,Bulgaria,Bulgaria,BG,421.15,439.67,56.86,17.35,eso.bg,false,
2022-09-18 06:00:00,Bulgaria,Bulgaria,BG,420.5,438.85,57.17,19.45,eso.bg,false,
2022-09-18 07:00:00,Bulgaria,Bulgaria,BG,428.65,446.27,56.71,21.25,eso.bg,false,
2022-09-18 08:00:00,Bulgaria,Bulgaria,BG,417.47,435.55,57.71,21.63,eso.bg,false,
2022-09-18 09:00:00,Bulgaria,Bulgaria,BG,390.46,408.89,60.29,24.26,eso.bg,false,
2022-09-18 10:00:00,Bulgaria,Bulgaria,BG,377.07,395.9,61.48,25.2,eso.bg,false,
2022-09-18 11:00:00,Bulgaria,Bulgaria,BG,377.21,396.17,61.41,25.02,eso.bg,false,
2022-09-18 12:00:00,Bulgaria,Bulgaria,BG,388.04,406.5,60.39,23.13,eso.bg,false,
2022-09-18 13:00:00,Bulgaria,Bulgaria,BG,391.83,411.0,59.85,22.18,eso.bg,false,
2022-09-18 14:00:00,Bulgaria,Bulgaria,BG,402.2,421.9,58.6,19.91,eso.bg,false,
2022-09-18 15:00:00,Bulgaria,Bulgaria,BG,452.35,468.88,54.39,16.3,eso.bg,false,
2022-09-18 16:00:00,Bulgaria,Bulgaria,BG,480.78,496.3,51.95,15.49,eso.bg,false,
2022-09-18 17:00:00,Bulgaria,Bulgaria,BG,486.95,502.23,51.53,16.34,eso.bg,false,
2022-09-18 18:00:00,Bulgaria,Bulgaria,BG,477.74,493.17,52.32,16.37,eso.bg,false,
2022-09-18 19:00:00,Bulgaria,Bulgaria,BG,489.7,505.12,51.17,14.2,eso.bg,false,
2022-09-18 20:00:00,Bulgaria,Bulgaria,BG,501.66,516.89,50.06,13.49,eso.bg,false,
2022-09-18 21:00:00,Bulgaria,Bulgaria,BG,513.33,528.95,48.79,9.85,eso.bg,false,
2022-09-18 22:00:00,Bulgaria,Bulgaria,BG,498.51,514.51,50.01,9.33,eso.bg,false,
2022-09-18 23:00:00,Bulgaria,Bulgaria,BG,474.89,491.26,51.94,9.05,eso.bg,false,
2022-09-19 00:00:00,Bulgaria,Bulgaria,BG,481.82,498.13,51.29,8.42,eso.bg,false,
2022-09-19 01:00:00,Bulgaria,Bulgaria,BG,471.43,487.64,52.25,8.56,eso.bg,false,
2022-09-19 02:00:00,Bulgaria,Bulgaria,BG,472.86,489.15,52.16,8.93,eso.bg,false,
2022-09-19 03:00:00,Bulgaria,Bulgaria,BG,520.91,536.64,47.96,8.13,eso.bg,false,
2022-09-19 04:00:00,Bulgaria,Bulgaria,BG,519.04,534.77,48.25,9.98,eso.bg,false,
2022-09-19 05:00:00,Bulgaria,Bulgaria,BG,490.48,506.64,51.09,14.48,eso.bg,false,
2022-09-19 06:00:00,Bulgaria,Bulgaria,BG,478.71,496.35,51.8,16.62,eso.bg,false,
2022-09-19 07:00:00,Bulgaria,Bulgaria,BG,469.73,487.5,52.83,17.36,eso.bg,false,
2022-09-19 08:00:00,Bulgaria,Bulgaria,BG,469.56,487.54,52.95,17.38,eso.bg,false,
2022-09-19 09:00:00,Bulgaria,Bulgaria,BG,475.69,493.96,52.27,17.51,eso.bg,false,
2022-09-19 10:00:00,Bulgaria,Bulgaria,BG,472.41,490.06,52.87,17.92,eso.bg,false,
2022-09-19 11:00:00,Bulgaria,Bulgaria,BG,467.35,484.61,53.45,17.97,eso.bg,false,
2022-09-19 12:00:00,Bulgaria,Bulgaria,BG,458.61,475.95,54.21,17.98,eso.bg,false,
2022-09-19 13:00:00,Bulgaria,Bulgaria,BG,464.71,482.99,52.98,16.37,eso.bg,false,
2022-09-19 14:00:00,Bulgaria,Bulgaria,BG,473.34,491.51,51.91,14.42,eso.bg,false,
2022-09-19 15:00:00,Bulgaria,Bulgaria,BG,507.6,525.34,48.53,11.09,eso.bg,false,
2022-09-19 16:00:00,Bulgaria,Bulgaria,BG,526.23,543.4,46.83,10.06,eso.bg,false,
2022-09-19 17:00:00,Bulgaria,Bulgaria,BG,494.65,509.9,50.74,14.22,eso.bg,false,
2022-09-19 18:00:00,Bulgaria,Bulgaria,BG,508.08,523.5,49.4,11.83,eso.bg,false,
2022-09-19 19:00:00,Bulgaria,Bulgaria,BG,525.46,540.99,47.68,8.69,eso.bg,false,
2022-09-19 20:00:00,Bulgaria,Bulgaria,BG,534.51,550.0,46.82,7.77,eso.bg,false,
2022-09-19 21:00:00,Bulgaria,Bulgaria,BG,540.5,556.24,46.13,5.3,eso.bg,false,
2022-09-19 22:00:00,Bulgaria,Bulgaria,BG,531.48,547.2,46.97,6.3,eso.bg,false,
2022-09-19 23:00:00,Bulgaria,Bulgaria,BG,523.15,538.98,47.7,7.26,eso.bg,false,
2022-09-20 00:00:00,Bulgaria,Bulgaria,BG,504.0,519.95,49.43,9.3,eso.bg,false,
2022-09-20 01:00:00,Bulgaria,Bulgaria,BG,499.02,515.06,49.88,9.67,eso.bg,false,
2022-09-20 02:00:00,Bulgaria,Bulgaria,BG,498.34,514.35,50.0,10.31,eso.bg,false,
2022-09-20 03:00:00,Bulgaria,Bulgaria,BG,508.62,524.48,49.09,9.97,eso.bg,false,
2022-09-20 04:00:00,Bulgaria,Bulgaria,BG,484.95,500.45,51.58,15.01,eso.bg,false,
2022-09-20 05:00:00,Bulgaria,Bulgaria,BG,468.43,484.07,53.24,17.2,eso.bg,false,
2022-09-20 06:00:00,Bulgaria,Bulgaria,BG,459.75,477.28,53.47,19.36,eso.bg,false,
2022-09-20 07:00:00,Bulgaria,Bulgaria,BG,463.02,480.91,53.28,18.92,eso.bg,false,
2022-09-20 08:00:00,Bulgaria,Bulgaria,BG,452.54,470.77,54.24,20.06,eso.bg,false,
2022-09-20 09:00:00,Bulgaria,Bulgaria,BG,424.36,443.17,56.6,21.02,eso.bg,false,
2022-09-20 10:00:00,Bulgaria,Bulgaria,BG,435.77,454.18,55.82,20.52,eso.bg,false,
2022-09-20 11:00:00,Bulgaria,Bulgaria,BG,441.91,460.61,55.09,18.82,eso.bg,false,
2022-09-20 12:00:00,Bulgaria,Bulgaria,BG,444.93,463.77,54.66,17.34,eso.bg,false,
2022-09-20 13:00:00,Bulgaria,Bulgaria,BG,457.73,476.27,53.49,15.7,eso.bg,false,
2022-09-20 14:00:00,Bulgaria,Bulgaria,BG,484.64,502.81,50.77,12.01,eso.bg,false,
2022-09-20 15:00:00,Bulgaria,Bulgaria,BG,482.35,500.64,50.46,9.78,eso.bg,false,
2022-09-20 16:00:00,Bulgaria,Bulgaria,BG,496.02,513.0,49.69,12.27,eso.bg,false,
2022-09-20 17:00:00,Bulgaria,Bulgaria,BG,489.24,504.7,51.12,14.81,eso.bg,false,
2022-09-20 18:00:00,Bulgaria,Bulgaria,BG,492.8,508.43,50.67,12.34,eso.bg,false,
2022-09-20 19:00:00,Bulgaria,Bulgaria,BG,504.33,520.03,49.49,9.78,eso.bg,false,
2022-09-20 20:00:00,Bulgaria,Bulgaria,BG,526.27,542.27,47.35,6.45,eso.bg,false,
2022-09-20 21:00:00,Bulgaria,Bulgaria,BG,539.37,555.13,46.2,5.76,eso.bg,false,
2022-09-20 22:00:00,Bulgaria,Bulgaria,BG,535.21,551.07,46.51,5.12,eso.bg,false,
2022-09-20 23:00:00,Bulgaria,Bulgaria,BG,530.48,546.46,46.9,5.26,eso.bg,false,
2022-09-21 00:00:00,Bulgaria,Bulgaria,BG,532.83,548.84,46.65,4.89,eso.bg,false,
2022-09-21 01:00:00,Bulgaria,Bulgaria,BG,532.44,548.47,46.71,5.14,eso.bg,false,
2022-09-21 02:00:00,Bulgaria,Bulgaria,BG,537.78,553.78,46.22,4.76,eso.bg,false,
2022-09-21 03:00:00,Bulgaria,Bulgaria,BG,531.19,547.08,46.91,6.66,eso.bg,false,
2022-09-21 04:00:00,Bulgaria,Bulgaria,BG,522.7,538.33,47.85,9.05,eso.bg,false,
2022-09-21 05:00:00,Bulgaria,Bulgaria,BG,503.88,521.3,48.98,12.57,eso.bg,false,
2022-09-21 06:00:00,Bulgaria,Bulgaria,BG,484.63,501.9,51.19,15.8,eso.bg,false,
2022-09-21 07:00:00,Bulgaria,Bulgaria,BG,475.51,492.86,52.27,16.88,eso.bg,false,
2022-09-21 08:00:00,Bulgaria,Bulgaria,BG,483.84,501.58,51.45,15.96,eso.bg,false,
2022-09-21 09:00:00,Bulgaria,Bulgaria,BG,492.93,510.81,50.45,14.25,eso.bg,false,
2022-09-21 10:00:00,Bulgaria,Bulgaria,BG,492.99,511.15,50.22,14.28,eso.bg,false,
2022-09-21 11:00:00,Bulgaria,Bulgaria,BG,496.69,514.72,49.81,13.5,eso.bg,false,
2022-09-21 12:00:00,Bulgaria,Bulgaria,BG,500.27,518.14,49.52,12.71,eso.bg,false,
2022-09-21 13:00:00,Bulgaria,Bulgaria,BG,500.54,518.01,49.5,11.33,eso.bg,false,
2022-09-21 14:00:00,Bulgaria,Bulgaria,BG,505.13,522.66,48.84,9.9,eso.bg,false,
2022-09-21 15:00:00,Bulgaria,Bulgaria,BG,511.14,528.86,48.01,8.82,eso.bg,false,
2022-09-21 16:00:00,Bulgaria,Bulgaria,BG,489.09,506.43,50.16,13.2,eso.bg,false,
2022-09-21 17:00:00,Bulgaria,Bulgaria,BG,487.59,503.25,51.17,13.75,eso.bg,false,
2022-09-21 18:00:00,Bulgaria,Bulgaria,BG,516.09,532.0,48.38,9.68,eso.bg,false,
2022-09-21 19:00:00,Bulgaria,Bulgaria,BG,519.86,535.78,47.97,8.58,eso.bg,false,
2022-09-21 20:00:00,Bulgaria,Bulgaria,BG,523.13,539.0,47.71,7.77,eso.bg,false,
2022-09-21 21:00:00,Bulgaria,Bulgaria,BG,522.04,537.93,47.82,7.11,eso.bg,false,
2022-09-21 22:00:00,Bulgaria,Bulgaria,BG,519.69,534.85,48.39,7.91,eso.bg,false,
2022-09-21 23:00:00,Bulgaria,Bulgaria,BG,522.86,538.11,48.1,8.06,eso.bg,false,
2022-09-22 00:00:00,Bulgaria,Bulgaria,BG,510.49,525.88,49.23,8.73,eso.bg,false,
2022-09-22 01:00:00,Bulgaria,Bulgaria,BG,524.06,539.37,47.97,7.82,eso.bg,false,
2022-09-22 02:00:00,Bulgaria,Bulgaria,BG,537.38,552.71,46.72,6.67,eso.bg,false,
2022-09-22 03:00:00,Bulgaria,Bulgaria,BG,534.39,549.79,46.98,7.08,eso.bg,false,
2022-09-22 04:00:00,Bulgaria,Bulgaria,BG,524.49,539.79,47.99,8.4,eso.bg,false,
2022-09-22 05:00:00,Bulgaria,Bulgaria,BG,490.6,506.13,51.27,13.48,eso.bg,false,
2022-09-22 06:00:00,Bulgaria,Bulgaria,BG,473.67,490.99,52.38,17.96,eso.bg,false,
2022-09-22 07:00:00,Bulgaria,Bulgaria,BG,449.11,466.06,55.19,22.08,eso.bg,false,
2022-09-22 08:00:00,Bulgaria,Bulgaria,BG,452.01,468.96,55.02,21.26,eso.bg,false,
2022-09-22 09:00:00,Bulgaria,Bulgaria,BG,457.23,474.95,54.14,19.93,eso.bg,false,
2022-09-22 10:00:00,Bulgaria,Bulgaria,BG,463.95,481.2,53.62,19.34,eso.bg,false,
2022-09-22 11:00:00,Bulgaria,Bulgaria,BG,463.08,480.18,53.73,19.6,eso.bg,false,
2022-09-22 12:00:00,Bulgaria,Bulgaria,BG,463.99,480.98,53.56,18.74,eso.bg,false,
2022-09-22 13:00:00,Bulgaria,Bulgaria,BG,482.48,499.79,51.67,16.28,eso.bg,false,
2022-09-22 14:00:00,Bulgaria,Bulgaria,BG,490.53,508.03,50.6,14.16,eso.bg,false,
2022-09-22 15:00:00,Bulgaria,Bulgaria,BG,501.25,517.85,49.7,12.78,eso.bg,false,
2022-09-22 16:00:00,Bulgaria,Bulgaria,BG,493.88,510.2,50.33,15.4,eso.bg,false,
2022-09-22 17:00:00,Bulgaria,Bulgaria,BG,485.93,500.61,51.91,17.73,eso.bg,false,
2022-09-22 18:00:00,Bulgaria,Bulgaria,BG,490.26,505.09,51.4,15.8,eso.bg,false,
2022-09-22 19:00:00,Bulgaria,Bulgaria,BG,526.99,541.78,47.88,10.75,eso.bg,false,
2022-09-22 20:00:00,Bulgaria,Bulgaria,BG,541.08,555.94,46.51,8.34,eso.bg,false,
2022-09-22 21:00:00,Bulgaria,Bulgaria,BG,557.95,572.79,44.94,5.59,eso.bg,false,
2022-09-22 22:00:00,Bulgaria,Bulgaria,BG,559.63,574.4,44.8,5.3,eso.bg,false,
2022-09-22 23:00:00,Bulgaria,Bulgaria,BG,557.4,572.39,44.87,4.68,eso.bg,false,
2022-09-23 00:00:00,Bulgaria,Bulgaria,BG,566.5,581.53,44.0,4.09,eso.bg,false,
2022-09-23 01:00:00,Bulgaria,Bulgaria,BG,566.89,581.98,43.93,4.09,eso.bg,false,
2022-09-23 02:00:00,Bulgaria,Bulgaria,BG,561.84,576.92,44.42,4.99,eso.bg,false,
2022-09-23 03:00:00,Bulgaria,Bulgaria,BG,549.65,564.59,45.67,6.36,eso.bg,false,
2022-09-23 04:00:00,Bulgaria,Bulgaria,BG,547.71,562.35,46.0,7.47,eso.bg,false,
2022-09-23 05:00:00,Bulgaria,Bulgaria,BG,505.33,520.17,50.11,13.28,eso.bg,false,
2022-09-23 06:00:00,Bulgaria,Bulgaria,BG,473.37,489.96,52.68,18.21,eso.bg,false,
2022-09-23 07:00:00,Bulgaria,Bulgaria,BG,447.49,464.24,55.18,21.41,eso.bg,false,
2022-09-23 08:00:00,Bulgaria,Bulgaria,BG,473.27,490.76,52.52,18.09,eso.bg,false,
2022-09-23 09:00:00,Bulgaria,Bulgaria,BG,475.94,494.0,52.11,17.59,eso.bg,false,
2022-09-23 10:00:00,Bulgaria,Bulgaria,BG,464.79,482.56,53.3,18.0,eso.bg,false,
2022-09-23 11:00:00,Bulgaria,Bulgaria,BG,480.21,497.93,51.77,16.58,eso.bg,false,
2022-09-23 12:00:00,Bulgaria,Bulgaria,BG,493.23,510.92,50.38,14.25,eso.bg,false,
2022-09-23 13:00:00,Bulgaria,Bulgaria,BG,492.49,510.39,50.33,13.62,eso.bg,false,
2022-09-23 14:00:00,Bulgaria,Bulgaria,BG,511.33,528.87,48.48,11.34,eso.bg,false,
2022-09-23 15:00:00,Bulgaria,Bulgaria,BG,515.01,531.85,48.14,10.24,eso.bg,false,
2022-09-23 16:00:00,Bulgaria,Bulgaria,BG,493.68,509.82,50.31,14.35,eso.bg,false,
2022-09-23 17:00:00,Bulgaria,Bulgaria,BG,490.11,504.85,51.34,15.1,eso.bg,false,
2022-09-23 18:00:00,Bulgaria,Bulgaria,BG,504.63,519.45,49.9,12.47,eso.bg,false,
2022-09-23 19:00:00,Bulgaria,Bulgaria,BG,517.46,532.36,48.67,11.33,eso.bg,false,
2022-09-23 20:00:00,Bulgaria,Bulgaria,BG,536.18,552.34,46.65,11.42,eso.bg,false,
2022-09-23 21:00:00,Bulgaria,Bulgaria,BG,571.22,588.25,43.1,8.16,eso.bg,false,
2022-09-23 22:00:00,Bulgaria,Bulgaria,BG,582.63,601.43,41.55,7.72,eso.bg,false,
2022-09-23 23:00:00,Bulgaria,Bulgaria,BG,606.25,626.33,38.98,8.09,eso.bg,false,
2022-09-24 00:00:00,Bulgaria,Bulgaria,BG,651.2,671.94,34.57,7.1,eso.bg,false,
2022-09-24 01:00:00,Bulgaria,Bulgaria,BG,646.59,667.41,34.96,7.63,eso.bg,false,
2022-09-24 02:00:00,Bulgaria,Bulgaria,BG,635.0,656.07,35.96,8.5,eso.bg,false,
2022-09-24 03:00:00,Bulgaria,Bulgaria,BG,639.85,661.0,35.52,8.23,eso.bg,false,
2022-09-24 04:00:00,Bulgaria,Bulgaria,BG,640.98,661.77,35.51,8.37,eso.bg,false,
2022-09-24 05:00:00,Bulgaria,Bulgaria,BG,600.12,619.81,39.85,14.29,eso.bg,false,
2022-09-24 06:00:00,Bulgaria,Bulgaria,BG,579.1,599.0,42.15,17.9,eso.bg,false,
2022-09-24 07:00:00,Bulgaria,Bulgaria,BG,561.24,580.37,44.15,20.38,eso.bg,false,
2022-09-24 08:00:00,Bulgaria,Bulgaria,BG,551.07,570.65,45.1,21.19,eso.bg,false,
2022-09-24 09:00:00,Bulgaria,Bulgaria,BG,550.55,570.34,45.14,21.3,eso.bg,false,
2022-09-24 10:00:00,Bulgaria,Bulgaria,BG,550.83,570.68,45.14,21.36,eso.bg,false,
2022-09-24 11:00:00,Bulgaria,Bulgaria,BG,548.63,568.49,45.3,21.26,eso.bg,false,
2022-09-24 12:00:00,Bulgaria,Bulgaria,BG,561.35,581.07,44.03,19.5,eso.bg,false,
2022-09-24 13:00:00,Bulgaria,Bulgaria,BG,593.61,612.81,41.01,16.34,eso.bg,false,
2022-09-24 14:00:00,Bulgaria,Bulgaria,BG,594.24,615.04,40.37,14.18,eso.bg,false,
2022-09-24 15:00:00,Bulgaria,Bulgaria,BG,628.48,647.42,37.24,11.07,eso.bg,false,
2022-09-24 16:00:00,Bulgaria,Bulgaria,BG,624.49,641.53,38.01,13.47,eso.bg,false,
2022-09-24 17:00:00,Bulgaria,Bulgaria,BG,615.84,632.04,39.32,16.04,eso.bg,false,
2022-09-24 18:00:00,Bulgaria,Bulgaria,BG,650.73,666.8,36.12,11.43,eso.bg,false,
2022-09-24 19:00:00,Bulgaria,Bulgaria,BG,671.89,688.43,33.97,8.16,eso.bg,false,
2022-09-24 20:00:00,Bulgaria,Bulgaria,BG,667.79,687.52,33.67,7.14,eso.bg,false,
2022-09-24 21:00:00,Bulgaria,Bulgaria,BG,680.43,700.29,32.45,5.39,eso.bg,false,
2022-09-24 22:00:00,Bulgaria,Bulgaria,BG,686.51,706.04,31.89,4.46,eso.bg,false,
2022-09-24 23:00:00,Bulgaria,Bulgaria,BG,694.85,713.39,31.31,3.93,eso.bg,false,
2022-09-25 00:00:00,Bulgaria,Bulgaria,BG,694.39,712.77,31.36,4.12,eso.bg,false,
2022-09-25 01:00:00,Bulgaria,Bulgaria,BG,692.16,709.95,31.71,5.01,eso.bg,false,
2022-09-25 02:00:00,Bulgaria,Bulgaria,BG,690.44,708.41,31.84,5.11,eso.bg,false,
2022-09-25 03:00:00,Bulgaria,Bulgaria,BG,685.55,704.09,32.14,5.4,eso.bg,false,
2022-09-25 04:00:00,Bulgaria,Bulgaria,BG,671.38,690.09,33.49,7.31,eso.bg,false,
2022-09-25 05:00:00,Bulgaria,Bulgaria,BG,642.64,661.22,36.46,11.56,eso.bg,false,
2022-09-25 06:00:00,Bulgaria,Bulgaria,BG,593.5,611.84,41.38,18.81,eso.bg,false,
2022-09-25 07:00:00,Bulgaria,Bulgaria,BG,586.24,604.3,42.33,20.24,eso.bg,false,
2022-09-25 08:00:00,Bulgaria,Bulgaria,BG,581.55,599.7,42.95,20.83,eso.bg,false,
2022-09-25 09:00:00,Bulgaria,Bulgaria,BG,565.68,583.76,44.49,22.26,eso.bg,false,
2022-09-25 10:00:00,Bulgaria,Bulgaria,BG,547.86,566.07,46.16,24.09,eso.bg,false,
2022-09-25 11:00:00,Bulgaria,Bulgaria,BG,555.49,573.63,45.41,23.45,eso.bg,false,
2022-09-25 12:00:00,Bulgaria,Bulgaria,BG,569.31,587.29,44.06,21.58,eso.bg,false,
2022-09-25 13:00:00,Bulgaria,Bulgaria,BG,568.46,586.66,43.97,21.04,eso.bg,false,
2022-09-25 14:00:00,Bulgaria,Bulgaria,BG,576.02,595.09,42.87,19.45,eso.bg,false,
2022-09-25 15:00:00,Bulgaria,Bulgaria,BG,592.8,611.71,41.13,17.21,eso.bg,false,
2022-09-25 16:00:00,Bulgaria,Bulgaria,BG,560.21,577.68,44.52,22.0,eso.bg,false,
2022-09-25 17:00:00,Bulgaria,Bulgaria,BG,541.8,559.1,46.32,24.66,eso.bg,false,
2022-09-25 18:00:00,Bulgaria,Bulgaria,BG,560.32,578.47,44.34,21.76,eso.bg,false,
2022-09-25 19:00:00,Bulgaria,Bulgaria,BG,575.2,595.23,42.45,18.71,eso.bg,false,
2022-09-25 20:00:00,Bulgaria,Bulgaria,BG,583.41,604.05,41.5,17.25,eso.bg,false,
2022-09-25 21:00:00,Bulgaria,Bulgaria,BG,595.66,615.98,40.34,15.52,eso.bg,false,
2022-09-25 22:00:00,Bulgaria,Bulgaria,BG,614.53,634.72,38.59,13.11,eso.bg,false,
2022-09-25 23:00:00,Bulgaria,Bulgaria,BG,631.89,651.66,37.04,11.28,eso.bg,false,
2022-09-26 00:00:00,Bulgaria,Bulgaria,BG,643.12,663.08,35.9,9.51,eso.bg,false,
2022-09-26 01:00:00,Bulgaria,Bulgaria,BG,612.57,633.83,38.27,10.09,eso.bg,false,
2022-09-26 02:00:00,Bulgaria,Bulgaria,BG,642.39,662.67,35.78,8.57,eso.bg,false,
2022-09-26 03:00:00,Bulgaria,Bulgaria,BG,659.49,679.27,34.37,7.99,eso.bg,false,
2022-09-26 04:00:00,Bulgaria,Bulgaria,BG,639.44,658.68,36.4,10.99,eso.bg,false,
2022-09-26 05:00:00,Bulgaria,Bulgaria,BG,622.88,642.4,37.85,13.37,eso.bg,false,
2022-09-26 06:00:00,Bulgaria,Bulgaria,BG,608.6,626.23,39.86,16.55,eso.bg,false,
2022-09-26 07:00:00,Bulgaria,Bulgaria,BG,582.08,599.77,42.81,20.03,eso.bg,false,
2022-09-26 08:00:00,Bulgaria,Bulgaria,BG,581.15,598.88,42.98,20.57,eso.bg,false,
2022-09-26 09:00:00,Bulgaria,Bulgaria,BG,579.39,597.45,43.0,20.67,eso.bg,false,
2022-09-26 10:00:00,Bulgaria,Bulgaria,BG,567.42,585.84,43.91,22.12,eso.bg,false,
2022-09-26 11:00:00,Bulgaria,Bulgaria,BG,581.12,599.41,42.62,20.28,eso.bg,false,
2022-09-26 12:00:00,Bulgaria,Bulgaria,BG,588.93,607.45,41.73,19.0,eso.bg,false,
2022-09-26 13:00:00,Bulgaria,Bulgaria,BG,594.13,612.11,41.19,18.4,eso.bg,false,
2022-09-26 14:00:00,Bulgaria,Bulgaria,BG,585.53,602.93,41.99,18.84,eso.bg,false,
2022-09-26 15:00:00,Bulgaria,Bulgaria,BG,603.58,621.8,40.01,16.6,eso.bg,false,
2022-09-26 16:00:00,Bulgaria,Bulgaria,BG,590.77,607.77,41.4,18.67,eso.bg,false,
2022-09-26 17:00:00,Bulgaria,Bulgaria,BG,566.82,583.24,43.84,22.13,eso.bg,false,
2022-09-26 18:00:00,Bulgaria,Bulgaria,BG,580.45,598.54,42.16,19.49,eso.bg,false,
2022-09-26 19:00:00,Bulgaria,Bulgaria,BG,607.79,626.5,39.38,15.51,eso.bg,false,
2022-09-26 20:00:00,Bulgaria,Bulgaria,BG,625.61,644.12,37.71,13.24,eso.bg,false,
2022-09-26 21:00:00,Bulgaria,Bulgaria,BG,644.5,661.65,36.17,11.31,eso.bg,false,
2022-09-26 22:00:00,Bulgaria,Bulgaria,BG,662.31,679.49,34.45,8.81,eso.bg,false,
2022-09-26 23:00:00,Bulgaria,Bulgaria,BG,673.48,690.68,33.37,7.44,eso.bg,false,
2022-09-27 00:00:00,Bulgaria,Bulgaria,BG,669.85,687.23,33.65,7.86,eso.bg,false,
2022-09-27 01:00:00,Bulgaria,Bulgaria,BG,669.68,686.83,33.89,7.96,eso.bg,false,
2022-09-27 02:00:00,Bulgaria,Bulgaria,BG,670.58,687.27,33.97,8.0,eso.bg,false,
2022-09-27 03:00:00,Bulgaria,Bulgaria,BG,640.61,657.56,36.8,11.84,eso.bg,false,
2022-09-27 04:00:00,Bulgaria,Bulgaria,BG,638.07,654.41,37.17,12.53,eso.bg,false,
2022-09-27 05:00:00,Bulgaria,Bulgaria,BG,620.72,637.15,38.87,14.87,eso.bg,false,
2022-09-27 06:00:00,Bulgaria,Bulgaria,BG,589.99,607.31,41.45,18.9,eso.bg,false,
2022-09-27 07:00:00,Bulgaria,Bulgaria,BG,578.79,596.24,42.66,20.67,eso.bg,false,
2022-09-27 08:00:00,Bulgaria,Bulgaria,BG,585.37,604.08,41.68,19.67,eso.bg,false,
2022-09-27 09:00:00,Bulgaria,Bulgaria,BG,587.01,606.2,41.45,19.2,eso.bg,false,
2022-09-27 10:00:00,Bulgaria,Bulgaria,BG,575.15,593.63,42.92,19.0,eso.bg,false,
2022-09-27 11:00:00,Bulgaria,Bulgaria,BG,575.27,594.05,42.81,19.17,eso.bg,false,
2022-09-27 12:00:00,Bulgaria,Bulgaria,BG,576.79,596.03,42.27,19.19,eso.bg,false,
2022-09-27 13:00:00,Bulgaria,Bulgaria,BG,599.2,617.74,40.14,15.75,eso.bg,false,
2022-09-27 14:00:00,Bulgaria,Bulgaria,BG,634.69,652.69,36.91,11.84,eso.bg,false,
2022-09-27 15:00:00,Bulgaria,Bulgaria,BG,627.99,645.33,37.67,13.34,eso.bg,false,
2022-09-27 16:00:00,Bulgaria,Bulgaria,BG,593.16,609.86,41.18,18.16,eso.bg,false,
2022-09-27 17:00:00,Bulgaria,Bulgaria,BG,572.1,589.14,43.0,21.02,eso.bg,false,
2022-09-27 18:00:00,Bulgaria,Bulgaria,BG,594.67,611.53,40.96,17.11,eso.bg,false,
2022-09-27 19:00:00,Bulgaria,Bulgaria,BG,612.08,630.15,38.89,13.58,eso.bg,false,
2022-09-27 20:00:00,Bulgaria,Bulgaria,BG,645.83,663.97,35.72,9.85,eso.bg,false,
2022-09-27 21:00:00,Bulgaria,Bulgaria,BG,641.94,660.26,36.12,10.19,eso.bg,false,
2022-09-27 22:00:00,Bulgaria,Bulgaria,BG,638.66,656.8,36.39,9.62,eso.bg,false,
2022-09-27 23:00:00,Bulgaria,Bulgaria,BG,655.44,673.22,34.88,8.31,eso.bg,false,
2022-09-28 00:00:00,Bulgaria,Bulgaria,BG,653.92,672.32,34.84,8.03,eso.bg,false,
2022-09-28 01:00:00,Bulgaria,Bulgaria,BG,645.46,664.26,35.6,8.92,eso.bg,false,
2022-09-28 02:00:00,Bulgaria,Bulgaria,BG,636.26,655.84,36.35,9.77,eso.bg,false,
2022-09-28 03:00:00,Bulgaria,Bulgaria,BG,600.04,620.38,39.7,13.58,eso.bg,false,
2022-09-28 04:00:00,Bulgaria,Bulgaria,BG,590.18,610.13,40.8,16.13,eso.bg,false,
2022-09-28 05:00:00,Bulgaria,Bulgaria,BG,575.67,595.61,42.27,18.41,eso.bg,false,
2022-09-28 06:00:00,Bulgaria,Bulgaria,BG,579.58,598.29,42.3,18.92,eso.bg,false,
2022-09-28 07:00:00,Bulgaria,Bulgaria,BG,563.29,582.85,43.76,20.93,eso.bg,false,
2022-09-28 08:00:00,Bulgaria,Bulgaria,BG,554.78,574.88,44.5,21.76,eso.bg,false,
2022-09-28 09:00:00,Bulgaria,Bulgaria,BG,549.23,569.47,44.99,22.39,eso.bg,false,
2022-09-28 10:00:00,Bulgaria,Bulgaria,BG,542.36,562.86,45.52,22.35,eso.bg,false,
2022-09-28 11:00:00,Bulgaria,Bulgaria,BG,540.57,560.96,45.63,21.89,eso.bg,false,
2022-09-28 12:00:00,Bulgaria,Bulgaria,BG,566.14,586.22,43.23,19.15,eso.bg,false,
2022-09-28 13:00:00,Bulgaria,Bulgaria,BG,585.2,605.26,41.32,16.75,eso.bg,false,
2022-09-28 14:00:00,Bulgaria,Bulgaria,BG,616.94,636.88,38.17,12.53,eso.bg,false,
2022-09-28 15:00:00,Bulgaria,Bulgaria,BG,633.98,652.58,36.66,11.18,eso.bg,false,
2022-09-28 16:00:00,Bulgaria,Bulgaria,BG,599.49,617.64,40.01,15.54,eso.bg,false,
2022-09-28 17:00:00,Bulgaria,Bulgaria,BG,595.41,614.67,39.79,16.45,eso.bg,false,
2022-09-28 18:00:00,Bulgaria,Bulgaria,BG,612.67,630.99,38.61,13.19,eso.bg,false,
2022-09-28 19:00:00,Bulgaria,Bulgaria,BG,630.94,650.09,36.44,10.35,eso.bg,false,
2022-09-28 20:00:00,Bulgaria,Bulgaria,BG,649.08,667.82,34.97,7.96,eso.bg,false,
2022-09-28 21:00:00,Bulgaria,Bulgaria,BG,658.61,677.58,33.96,5.79,eso.bg,false,
2022-09-28 22:00:00,Bulgaria,Bulgaria,BG,669.21,688.02,32.99,5.01,eso.bg,false,
2022-09-28 23:00:00,Bulgaria,Bulgaria,BG,676.96,695.64,32.37,4.91,eso.bg,false,
2022-09-29 00:00:00,Bulgaria,Bulgaria,BG,679.82,698.51,32.08,4.7,eso.bg,false,
2022-09-29 01:00:00,Bulgaria,Bulgaria,BG,679.07,697.89,32.11,4.62,eso.bg,false,
2022-09-29 02:00:00,Bulgaria,Bulgaria,BG,674.54,693.33,32.53,4.93,eso.bg,false,
2022-09-29 03:00:00,Bulgaria,Bulgaria,BG,675.33,693.59,32.9,5.45,eso.bg,false,
2022-09-29 04:00:00,Bulgaria,Bulgaria,BG,646.28,663.77,35.95,9.89,eso.bg,false,
2022-09-29 05:00:00,Bulgaria,Bulgaria,BG,622.17,639.88,38.37,13.5,eso.bg,false,
2022-09-29 06:00:00,Bulgaria,Bulgaria,BG,583.77,602.11,42.11,18.57,eso.bg,false,
2022-09-29 07:00:00,Bulgaria,Bulgaria,BG,566.9,585.65,43.8,20.91,eso.bg,false,
2022-09-29 08:00:00,Bulgaria,Bulgaria,BG,562.66,581.58,44.24,21.52,eso.bg,false,
2022-09-29 09:00:00,Bulgaria,Bulgaria,BG,563.8,582.68,44.16,21.44,eso.bg,false,
2022-09-29 10:00:00,Bulgaria,Bulgaria,BG,557.01,576.03,44.81,22.47,eso.bg,false,
2022-09-29 11:00:00,Bulgaria,Bulgaria,BG,579.14,598.19,42.61,19.35,eso.bg,false,
2022-09-29 12:00:00,Bulgaria,Bulgaria,BG,579.94,599.45,42.24,19.11,eso.bg,false,
2022-09-29 13:00:00,Bulgaria,Bulgaria,BG,591.29,610.83,40.85,17.42,eso.bg,false,
2022-09-29 14:00:00,Bulgaria,Bulgaria,BG,599.79,619.47,39.56,15.58,eso.bg,false,
2022-09-29 15:00:00,Bulgaria,Bulgaria,BG,613.89,633.44,38.01,13.68,eso.bg,false,
2022-09-29 16:00:00,Bulgaria,Bulgaria,BG,597.99,617.02,39.64,16.0,eso.bg,false,
2022-09-29 17:00:00,Bulgaria,Bulgaria,BG,584.71,604.25,40.62,17.78,eso.bg,false,
2022-09-29 18:00:00,Bulgaria,Bulgaria,BG,604.4,623.9,38.77,14.95,eso.bg,false,
2022-09-29 19:00:00,Bulgaria,Bulgaria,BG,640.29,660.78,34.91,9.81,eso.bg,false,
2022-09-29 20:00:00,Bulgaria,Bulgaria,BG,654.65,675.3,33.49,7.75,eso.bg,false,
2022-09-29 21:00:00,Bulgaria,Bulgaria,BG,667.17,686.54,32.94,5.96,eso.bg,false,
2022-09-29 22:00:00,Bulgaria,Bulgaria,BG,676.42,695.31,32.31,5.09,eso.bg,false,
2022-09-29 23:00:00,Bulgaria,Bulgaria,BG,682.03,700.94,31.77,4.52,eso.bg,false,
2022-09-30 00:00:00,Bulgaria,Bulgaria,BG,683.18,702.13,31.64,4.23,eso.bg,false,
2022-09-30 01:00:00,Bulgaria,Bulgaria,BG,685.2,704.13,31.48,4.07,eso.bg,false,
2022-09-30 02:00:00,Bulgaria,Bulgaria,BG,685.71,704.64,31.43,3.95,eso.bg,false,
2022-09-30 03:00:00,Bulgaria,Bulgaria,BG,669.18,689.7,32.48,5.12,eso.bg,false,
2022-09-30 04:00:00,Bulgaria,Bulgaria,BG,647.19,667.58,34.74,8.41,eso.bg,false,
2022-09-30 05:00:00,Bulgaria,Bulgaria,BG,615.85,635.74,38.21,13.13,eso.bg,false,
2022-09-30 06:00:00,Bulgaria,Bulgaria,BG,591.0,610.22,41.05,17.35,eso.bg,false,
2022-09-30 07:00:00,Bulgaria,Bulgaria,BG,569.36,588.78,43.25,20.59,eso.bg,false,
2022-09-30 08:00:00,Bulgaria,Bulgaria,BG,561.72,581.46,44.02,21.76,eso.bg,false,
2022-09-30 09:00:00,Bulgaria,Bulgaria,BG,548.09,568.11,45.35,23.9,eso.bg,false,
2022-09-30 10:00:00,Bulgaria,Bulgaria,BG,552.57,572.8,44.87,23.12,eso.bg,false,
2022-09-30 11:00:00,Bulgaria,Bulgaria,BG,567.43,587.74,43.33,20.83,eso.bg,false,
2022-09-30 12:00:00,Bulgaria,Bulgaria,BG,571.41,591.68,42.93,20.13,eso.bg,false,
2022-09-30 13:00:00,Bulgaria,Bulgaria,BG,588.13,608.03,41.33,17.98,eso.bg,false,
2022-09-30 14:00:00,Bulgaria,Bulgaria,BG,579.15,600.18,41.66,16.64,eso.bg,false,
2022-09-30 15:00:00,Bulgaria,Bulgaria,BG,613.36,634.11,38.31,13.48,eso.bg,false,
2022-09-30 16:00:00,Bulgaria,Bulgaria,BG,597.2,617.29,39.93,16.21,eso.bg,false,
2022-09-30 17:00:00,Bulgaria,Bulgaria,BG,578.7,598.45,41.66,18.03,eso.bg,false,
2022-09-30 18:00:00,Bulgaria,Bulgaria,BG,601.76,621.27,39.38,13.89,eso.bg,false,
2022-09-30 19:00:00,Bulgaria,Bulgaria,BG,635.08,655.42,36.04,9.72,eso.bg,false,
2022-09-30 20:00:00,Bulgaria,Bulgaria,BG,639.23,659.36,35.8,9.97,eso.bg,false,
2022-09-30 21:00:00,Bulgaria,Bulgaria,BG,623.99,643.74,37.31,11.73,eso.bg,false,
2022-09-30 22:00:00,Bulgaria,Bulgaria,BG,668.92,690.0,32.67,4.99,eso.bg,false,
2022-09-30 23:00:00,Bulgaria,Bulgaria,BG,667.07,688.28,32.7,4.18,eso.bg,false,
2022-10-01 00:00:00,Bulgaria,Bulgaria,BG,658.45,679.95,33.38,4.29,eso.bg,false,
2022-10-01 01:00:00,Bulgaria,Bulgaria,BG,663.86,685.27,32.92,4.3,eso.bg,false,
2022-10-01 02:00:00,Bulgaria,Bulgaria,BG,675.65,696.84,31.87,4.07,eso.bg,false,
2022-10-01 03:00:00,Bulgaria,Bulgaria,BG,684.02,704.45,31.28,3.68,eso.bg,false,
2022-10-01 04:00:00,Bulgaria,Bulgaria,BG,663.32,684.31,33.12,5.58,eso.bg,false,
2022-10-01 05:00:00,Bulgaria,Bulgaria,BG,652.76,671.99,34.91,9.63,eso.bg,false,
2022-10-01 06:00:00,Bulgaria,Bulgaria,BG,627.57,647.01,37.49,13.41,eso.bg,false,
2022-10-01 07:00:00,Bulgaria,Bulgaria,BG,588.92,608.77,41.32,18.25,eso.bg,false,
2022-10-01 08:00:00,Bulgaria,Bulgaria,BG,592.38,612.36,41.05,18.35,eso.bg,false,
2022-10-01 09:00:00,Bulgaria,Bulgaria,BG,579.35,598.82,42.36,20.13,eso.bg,false,
2022-10-01 10:00:00,Bulgaria,Bulgaria,BG,573.68,592.6,42.94,21.01,eso.bg,false,
2022-10-01 11:00:00,Bulgaria,Bulgaria,BG,580.85,599.61,42.21,20.03,eso.bg,false,
2022-10-01 12:00:00,Bulgaria,Bulgaria,BG,583.43,603.39,41.63,18.48,eso.bg,false,
2022-10-01 13:00:00,Bulgaria,Bulgaria,BG,582.08,602.83,41.61,17.38,eso.bg,false,
2022-10-01 14:00:00,Bulgaria,Bulgaria,BG,597.02,617.94,40.12,15.03,eso.bg,false,
2022-10-01 15:00:00,Bulgaria,Bulgaria,BG,602.61,622.77,39.7,14.97,eso.bg,false,
2022-10-01 16:00:00,Bulgaria,Bulgaria,BG,604.94,624.02,39.54,15.24,eso.bg,false,
2022-10-01 17:00:00,Bulgaria,Bulgaria,BG,591.9,609.07,41.3,18.11,eso.bg,false,
2022-10-01 18:00:00,Bulgaria,Bulgaria,BG,580.25,597.65,42.29,18.61,eso.bg,false,
2022-10-01 19:00:00,Bulgaria,Bulgaria,BG,598.17,617.15,40.12,14.83,eso.bg,false,
2022-10-01 20:00:00,Bulgaria,Bulgaria,BG,601.07,622.14,39.3,12.56,eso.bg,false,
2022-10-01 21:00:00,Bulgaria,Bulgaria,BG,544.79,568.05,43.8,14.55,eso.bg,false,
2022-10-01 22:00:00,Bulgaria,Bulgaria,BG,561.79,583.95,42.56,12.56,eso.bg,false,
2022-10-01 23:00:00,Bulgaria,Bulgaria,BG,553.35,574.94,43.82,13.58,eso.bg,false,
2022-10-02 00:00:00,Bulgaria,Bulgaria,BG,520.88,542.74,46.58,15.9,eso.bg,false,
2022-10-02 01:00:00,Bulgaria,Bulgaria,BG,530.25,552.43,45.58,13.94,eso.bg,false,
2022-10-02 02:00:00,Bulgaria,Bulgaria,BG,536.37,559.37,44.48,12.21,eso.bg,false,
2022-10-02 03:00:00,Bulgaria,Bulgaria,BG,557.34,579.48,42.98,11.14,eso.bg,false,
2022-10-02 04:00:00,Bulgaria,Bulgaria,BG,569.95,591.53,42.05,12.05,eso.bg,false,
2022-10-02 05:00:00,Bulgaria,Bulgaria,BG,518.61,540.35,47.0,18.91,eso.bg,false,
2022-10-02 06:00:00,Bulgaria,Bulgaria,BG,490.14,511.79,49.87,23.47,eso.bg,false,
2022-10-02 07:00:00,Bulgaria,Bulgaria,BG,457.76,479.34,53.19,28.81,eso.bg,false,
2022-10-02 08:00:00,Bulgaria,Bulgaria,BG,443.86,465.35,54.64,31.19,eso.bg,false,
2022-10-02 09:00:00,Bulgaria,Bulgaria,BG,430.1,452.12,56.04,32.87,eso.bg,false,
2022-10-02 10:00:00,Bulgaria,Bulgaria,BG,426.32,448.38,56.43,33.5,eso.bg,false,
2022-10-02 11:00:00,Bulgaria,Bulgaria,BG,434.76,456.85,55.56,32.26,eso.bg,false,
2022-10-02 12:00:00,Bulgaria,Bulgaria,BG,444.24,466.42,54.54,30.68,eso.bg,false,
2022-10-02 13:00:00,Bulgaria,Bulgaria,BG,459.89,482.6,52.87,27.46,eso.bg,false,
2022-10-02 14:00:00,Bulgaria,Bulgaria,BG,463.7,486.88,52.31,25.56,eso.bg,false,
2022-10-02 15:00:00,Bulgaria,Bulgaria,BG,518.86,539.65,47.42,22.26,eso.bg,false,
2022-10-02 16:00:00,Bulgaria,Bulgaria,BG,572.39,590.95,42.77,19.56,eso.bg,false,
2022-10-02 17:00:00,Bulgaria,Bulgaria,BG,576.7,595.07,42.34,19.21,eso.bg,false,
2022-10-02 18:00:00,Bulgaria,Bulgaria,BG,570.23,589.08,42.79,18.83,eso.bg,false,
2022-10-02 19:00:00,Bulgaria,Bulgaria,BG,597.51,617.11,40.0,14.33,eso.bg,false,
2022-10-02 20:00:00,Bulgaria,Bulgaria,BG,641.78,661.68,35.69,9.13,eso.bg,false,
2022-10-02 21:00:00,Bulgaria,Bulgaria,BG,619.51,640.6,37.51,9.52,eso.bg,false,
2022-10-02 22:00:00,Bulgaria,Bulgaria,BG,593.58,615.08,39.57,8.98,eso.bg,false,
2022-10-02 23:00:00,Bulgaria,Bulgaria,BG,601.58,623.05,38.64,8.09,eso.bg,false,
2022-10-03 00:00:00,Bulgaria,Bulgaria,BG,590.44,612.25,39.51,8.69,eso.bg,false,
2022-10-03 01:00:00,Bulgaria,Bulgaria,BG,586.09,607.9,39.9,9.21,eso.bg,false,
2022-10-03 02:00:00,Bulgaria,Bulgaria,BG,574.98,597.58,40.57,10.2,eso.bg,false,
2022-10-03 03:00:00,Bulgaria,Bulgaria,BG,581.44,603.31,39.93,10.8,eso.bg,false,
2022-10-03 04:00:00,Bulgaria,Bulgaria,BG,571.99,592.08,41.69,15.17,eso.bg,false,
2022-10-03 05:00:00,Bulgaria,Bulgaria,BG,535.14,554.94,45.7,20.78,eso.bg,false,
2022-10-03 06:00:00,Bulgaria,Bulgaria,BG,517.2,535.99,48.06,25.17,eso.bg,false,
2022-10-03 07:00:00,Bulgaria,Bulgaria,BG,513.48,532.47,48.39,25.64,eso.bg,false,
2022-10-03 08:00:00,Bulgaria,Bulgaria,BG,491.08,510.01,50.62,28.62,eso.bg,false,
2022-10-03 09:00:00,Bulgaria,Bulgaria,BG,505.08,523.67,49.43,27.63,eso.bg,false,
2022-10-03 10:00:00,Bulgaria,Bulgaria,BG,500.64,519.22,49.84,28.16,eso.bg,false,
2022-10-03 11:00:00,Bulgaria,Bulgaria,BG,519.16,538.92,47.78,24.96,eso.bg,false,
2022-10-03 12:00:00,Bulgaria,Bulgaria,BG,521.12,541.19,47.63,24.57,eso.bg,false,
2022-10-03 13:00:00,Bulgaria,Bulgaria,BG,518.28,538.61,47.81,24.51,eso.bg,false,
2022-10-03 14:00:00,Bulgaria,Bulgaria,BG,527.12,546.96,46.81,22.63,eso.bg,false,
2022-10-03 15:00:00,Bulgaria,Bulgaria,BG,545.74,564.62,45.16,21.19,eso.bg,false,
2022-10-03 16:00:00,Bulgaria,Bulgaria,BG,522.96,540.18,47.62,25.01,eso.bg,false,
2022-10-03 17:00:00,Bulgaria,Bulgaria,BG,518.86,535.98,48.07,25.79,eso.bg,false,
2022-10-03 18:00:00,Bulgaria,Bulgaria,BG,533.76,551.13,46.55,23.51,eso.bg,false,
2022-10-03 19:00:00,Bulgaria,Bulgaria,BG,529.88,548.4,46.49,21.89,eso.bg,false,
2022-10-03 20:00:00,Bulgaria,Bulgaria,BG,571.52,589.97,42.56,16.94,eso.bg,false,
2022-10-03 21:00:00,Bulgaria,Bulgaria,BG,583.08,601.25,41.52,15.18,eso.bg,false,
2022-10-03 22:00:00,Bulgaria,Bulgaria,BG,607.19,625.5,39.16,11.88,eso.bg,false,
2022-10-03 23:00:00,Bulgaria,Bulgaria,BG,612.75,630.99,38.54,11.09,eso.bg,false,
2022-10-04 00:00:00,Bulgaria,Bulgaria,BG,592.72,612.01,39.99,12.05,eso.bg,false,
2022-10-04 01:00:00,Bulgaria,Bulgaria,BG,591.72,610.43,40.18,11.99,eso.bg,false,
2022-10-04 02:00:00,Bulgaria,Bulgaria,BG,593.64,612.38,39.99,12.17,eso.bg,false,
2022-10-04 03:00:00,Bulgaria,Bulgaria,BG,591.86,611.31,40.12,12.11,eso.bg,false,
2022-10-04 04:00:00,Bulgaria,Bulgaria,BG,584.52,603.09,41.23,15.49,eso.bg,false,
2022-10-04 05:00:00,Bulgaria,Bulgaria,BG,564.58,583.91,42.81,18.71,eso.bg,false,
2022-10-04 06:00:00,Bulgaria,Bulgaria,BG,532.98,553.21,45.78,23.22,eso.bg,false,
2022-10-04 07:00:00,Bulgaria,Bulgaria,BG,532.93,552.61,46.36,23.56,eso.bg,false,
2022-10-04 08:00:00,Bulgaria,Bulgaria,BG,530.05,549.84,46.75,23.93,eso.bg,false,
2022-10-04 09:00:00,Bulgaria,Bulgaria,BG,544.94,564.86,45.33,21.86,eso.bg,false,
2022-10-04 10:00:00,Bulgaria,Bulgaria,BG,545.3,564.88,45.31,21.82,eso.bg,false,
2022-10-04 11:00:00,Bulgaria,Bulgaria,BG,553.45,573.37,44.49,20.61,eso.bg,false,
2022-10-04 12:00:00,Bulgaria,Bulgaria,BG,567.98,587.77,43.06,18.55,eso.bg,false,
2022-10-04 13:00:00,Bulgaria,Bulgaria,BG,583.93,603.65,41.38,15.52,eso.bg,false,
2022-10-04 14:00:00,Bulgaria,Bulgaria,BG,587.29,606.77,40.66,15.38,eso.bg,false,
2022-10-04 15:00:00,Bulgaria,Bulgaria,BG,571.7,590.32,42.32,17.62,eso.bg,false,
2022-10-04 16:00:00,Bulgaria,Bulgaria,BG,531.34,549.48,46.06,23.29,eso.bg,false,
2022-10-04 17:00:00,Bulgaria,Bulgaria,BG,519.18,536.98,47.44,25.24,eso.bg,false,
2022-10-04 18:00:00,Bulgaria,Bulgaria,BG,565.13,583.46,43.01,18.61,eso.bg,false,
2022-10-04 19:00:00,Bulgaria,Bulgaria,BG,568.38,588.46,42.36,16.65,eso.bg,false,
2022-10-04 20:00:00,Bulgaria,Bulgaria,BG,596.33,617.21,39.46,12.08,eso.bg,false,
2022-10-04 21:00:00,Bulgaria,Bulgaria,BG,624.47,645.49,36.76,8.11,eso.bg,false,
2022-10-04 22:00:00,Bulgaria,Bulgaria,BG,606.95,628.47,38.25,9.17,eso.bg,false,
2022-10-04 23:00:00,Bulgaria,Bulgaria,BG,581.64,603.63,40.39,11.19,eso.bg,false,
2022-10-05 00:00:00,Bulgaria,Bulgaria,BG,576.59,599.92,40.37,9.26,eso.bg,false,
2022-10-05 01:00:00,Bulgaria,Bulgaria,BG,580.0,602.97,40.1,8.75,eso.bg,false,
2022-10-05 02:00:00,Bulgaria,Bulgaria,BG,585.3,608.45,39.43,9.11,eso.bg,false,
2022-10-05 03:00:00,Bulgaria,Bulgaria,BG,571.74,593.11,41.33,12.88,eso.bg,false,
2022-10-05 04:00:00,Bulgaria,Bulgaria,BG,546.04,566.0,44.14,18.31,eso.bg,false,
2022-10-05 05:00:00,Bulgaria,Bulgaria,BG,516.7,536.65,47.18,23.04,eso.bg,false,
2022-10-05 06:00:00,Bulgaria,Bulgaria,BG,494.99,515.15,49.68,26.36,eso.bg,false,
2022-10-05 07:00:00,Bulgaria,Bulgaria,BG,490.39,511.52,49.96,25.81,eso.bg,false,
2022-10-05 08:00:00,Bulgaria,Bulgaria,BG,491.41,512.96,49.88,25.66,eso.bg,false,
2022-10-05 09:00:00,Bulgaria,Bulgaria,BG,492.24,513.99,49.8,25.53,eso.bg,false,
2022-10-05 10:00:00,Bulgaria,Bulgaria,BG,506.13,527.96,48.39,23.73,eso.bg,false,
2022-10-05 11:00:00,Bulgaria,Bulgaria,BG,499.2,521.3,48.87,23.65,eso.bg,false,
2022-10-05 12:00:00,Bulgaria,Bulgaria,BG,511.9,533.65,47.69,22.57,eso.bg,false,
2022-10-05 13:00:00,Bulgaria,Bulgaria,BG,515.7,537.86,46.89,21.87,eso.bg,false,
2022-10-05 14:00:00,Bulgaria,Bulgaria,BG,527.41,548.88,45.67,20.56,eso.bg,false,
2022-10-05 15:00:00,Bulgaria,Bulgaria,BG,512.57,532.92,47.15,23.16,eso.bg,false,
2022-10-05 16:00:00,Bulgaria,Bulgaria,BG,483.64,503.08,50.01,27.73,eso.bg,false,
2022-10-05 17:00:00,Bulgaria,Bulgaria,BG,453.07,471.85,53.29,31.86,eso.bg,false,
2022-10-05 18:00:00,Bulgaria,Bulgaria,BG,481.36,499.9,50.75,28.2,eso.bg,false,
2022-10-05 19:00:00,Bulgaria,Bulgaria,BG,515.7,534.53,47.37,23.17,eso.bg,false,
2022-10-05 20:00:00,Bulgaria,Bulgaria,BG,546.09,566.43,44.01,17.87,eso.bg,false,
2022-10-05 21:00:00,Bulgaria,Bulgaria,BG,568.37,589.66,41.56,13.61,eso.bg,false,
2022-10-05 22:00:00,Bulgaria,Bulgaria,BG,597.35,620.3,38.24,8.24,eso.bg,false,
2022-10-05 23:00:00,Bulgaria,Bulgaria,BG,611.96,637.36,35.99,5.57,eso.bg,false,
2022-10-06 00:00:00,Bulgaria,Bulgaria,BG,602.93,628.67,36.75,5.82,eso.bg,false,
2022-10-06 01:00:00,Bulgaria,Bulgaria,BG,598.71,624.62,37.07,6.15,eso.bg,false,
2022-10-06 02:00:00,Bulgaria,Bulgaria,BG,590.82,617.28,37.54,6.62,eso.bg,false,
2022-10-06 03:00:00,Bulgaria,Bulgaria,BG,601.62,623.04,38.17,8.94,eso.bg,false,
2022-10-06 04:00:00,Bulgaria,Bulgaria,BG,551.89,572.05,43.33,17.28,eso.bg,false,
2022-10-06 05:00:00,Bulgaria,Bulgaria,BG,523.56,545.19,45.72,20.95,eso.bg,false,
2022-10-06 06:00:00,Bulgaria,Bulgaria,BG,511.48,532.73,47.51,22.87,eso.bg,false,
2022-10-06 07:00:00,Bulgaria,Bulgaria,BG,494.75,516.3,49.43,25.36,eso.bg,false,
2022-10-06 08:00:00,Bulgaria,Bulgaria,BG,481.37,503.82,50.38,26.21,eso.bg,false,
2022-10-06 09:00:00,Bulgaria,Bulgaria,BG,461.25,483.81,52.43,27.3,eso.bg,false,
2022-10-06 10:00:00,Bulgaria,Bulgaria,BG,465.32,487.76,52.22,27.03,eso.bg,false,
2022-10-06 11:00:00,Bulgaria,Bulgaria,BG,473.68,496.41,51.27,25.66,eso.bg,false,
2022-10-06 12:00:00,Bulgaria,Bulgaria,BG,494.15,516.65,49.21,23.36,eso.bg,false,
2022-10-06 13:00:00,Bulgaria,Bulgaria,BG,502.82,525.18,48.08,22.28,eso.bg,false,
2022-10-06 14:00:00,Bulgaria,Bulgaria,BG,510.49,531.54,47.39,22.73,eso.bg,false,
2022-10-06 15:00:00,Bulgaria,Bulgaria,BG,488.04,509.16,49.31,24.42,eso.bg,false,
2022-10-06 16:00:00,Bulgaria,Bulgaria,BG,475.76,495.25,50.9,28.09,eso.bg,false,
2022-10-06 17:00:00,Bulgaria,Bulgaria,BG,473.95,492.69,51.41,28.55,eso.bg,false,
2022-10-06 18:00:00,Bulgaria,Bulgaria,BG,492.67,512.67,49.26,25.15,eso.bg,false,
2022-10-06 19:00:00,Bulgaria,Bulgaria,BG,494.8,514.74,48.94,23.52,eso.bg,false,
2022-10-06 20:00:00,Bulgaria,Bulgaria,BG,513.32,535.56,46.6,19.69,eso.bg,false,
2022-10-06 21:00:00,Bulgaria,Bulgaria,BG,553.3,576.45,42.5,13.35,eso.bg,false,
2022-10-06 22:00:00,Bulgaria,Bulgaria,BG,581.01,604.26,39.77,9.38,eso.bg,false,
2022-10-06 23:00:00,Bulgaria,Bulgaria,BG,608.82,631.53,37.19,6.33,eso.bg,false,
2022-10-07 00:00:00,Bulgaria,Bulgaria,BG,621.4,643.53,36.14,5.77,eso.bg,false,
2022-10-07 01:00:00,Bulgaria,Bulgaria,BG,617.62,639.73,36.5,6.27,eso.bg,false,
2022-10-07 02:00:00,Bulgaria,Bulgaria,BG,607.98,630.23,37.39,7.56,eso.bg,false,
2022-10-07 03:00:00,Bulgaria,Bulgaria,BG,596.6,618.82,38.65,10.28,eso.bg,false,
2022-10-07 04:00:00,Bulgaria,Bulgaria,BG,577.35,598.11,40.95,15.11,eso.bg,false,
2022-10-07 05:00:00,Bulgaria,Bulgaria,BG,565.2,585.75,42.5,17.92,eso.bg,false,
2022-10-07 06:00:00,Bulgaria,Bulgaria,BG,553.71,574.55,43.87,20.19,eso.bg,false,
2022-10-07 07:00:00,Bulgaria,Bulgaria,BG,532.56,553.75,45.94,22.58,eso.bg,false,
2022-10-07 08:00:00,Bulgaria,Bulgaria,BG,531.87,553.51,46.0,22.76,eso.bg,false,
2022-10-07 09:00:00,Bulgaria,Bulgaria,BG,512.21,534.49,47.7,24.2,eso.bg,false,
2022-10-07 10:00:00,Bulgaria,Bulgaria,BG,512.82,535.19,47.54,24.02,eso.bg,false,
2022-10-07 11:00:00,Bulgaria,Bulgaria,BG,490.45,512.87,49.65,26.01,eso.bg,false,
2022-10-07 12:00:00,Bulgaria,Bulgaria,BG,484.9,507.63,50.02,25.73,eso.bg,false,
2022-10-07 13:00:00,Bulgaria,Bulgaria,BG,506.75,529.72,47.83,23.49,eso.bg,false,
2022-10-07 14:00:00,Bulgaria,Bulgaria,BG,518.35,540.61,46.75,22.69,eso.bg,false,
2022-10-07 15:00:00,Bulgaria,Bulgaria,BG,523.51,544.39,46.4,22.55,eso.bg,false,
2022-10-07 16:00:00,Bulgaria,Bulgaria,BG,510.3,529.54,47.73,25.19,eso.bg,false,
2022-10-07 17:00:00,Bulgaria,Bulgaria,BG,512.72,531.62,47.67,25.19,eso.bg,false,
2022-10-07 18:00:00,Bulgaria,Bulgaria,BG,524.92,543.95,46.5,23.05,eso.bg,false,
2022-10-07 19:00:00,Bulgaria,Bulgaria,BG,528.36,549.18,45.66,20.92,eso.bg,false,
2022-10-07 20:00:00,Bulgaria,Bulgaria,BG,536.65,558.11,44.74,19.45,eso.bg,false,
2022-10-07 21:00:00,Bulgaria,Bulgaria,BG,550.02,573.62,43.01,15.37,eso.bg,false,
2022-10-07 22:00:00,Bulgaria,Bulgaria,BG,550.33,574.56,42.79,14.49,eso.bg,false,
2022-10-07 23:00:00,Bulgaria,Bulgaria,BG,550.29,574.41,42.7,14.72,eso.bg,false,
2022-10-08 00:00:00,Bulgaria,Bulgaria,BG,546.23,570.73,42.92,14.89,eso.bg,false,
2022-10-08 01:00:00,Bulgaria,Bulgaria,BG,563.06,587.07,41.42,13.79,eso.bg,false,
2022-10-08 02:00:00,Bulgaria,Bulgaria,BG,567.37,591.44,41.0,13.44,eso.bg,false,
2022-10-08 03:00:00,Bulgaria,Bulgaria,BG,562.52,586.26,41.43,13.49,eso.bg,false,
2022-10-08 04:00:00,Bulgaria,Bulgaria,BG,559.57,582.62,42.01,15.15,eso.bg,false,
2022-10-08 05:00:00,Bulgaria,Bulgaria,BG,537.35,558.78,44.75,20.31,eso.bg,false,
2022-10-08 06:00:00,Bulgaria,Bulgaria,BG,517.48,537.81,47.26,24.63,eso.bg,false,
2022-10-08 07:00:00,Bulgaria,Bulgaria,BG,498.6,519.29,49.2,27.12,eso.bg,false,
2022-10-08 08:00:00,Bulgaria,Bulgaria,BG,469.58,490.96,51.74,29.1,eso.bg,false,
2022-10-08 09:00:00,Bulgaria,Bulgaria,BG,493.95,515.31,49.55,27.14,eso.bg,false,
2022-10-08 10:00:00,Bulgaria,Bulgaria,BG,498.55,520.14,49.03,26.21,eso.bg,false,
2022-10-08 11:00:00,Bulgaria,Bulgaria,BG,491.88,514.0,49.51,26.08,eso.bg,false,
2022-10-08 12:00:00,Bulgaria,Bulgaria,BG,503.17,525.89,48.22,24.1,eso.bg,false,
2022-10-08 13:00:00,Bulgaria,Bulgaria,BG,511.64,534.77,47.23,22.65,eso.bg,false,
2022-10-08 14:00:00,Bulgaria,Bulgaria,BG,515.89,538.27,46.73,22.09,eso.bg,false,
2022-10-08 15:00:00,Bulgaria,Bulgaria,BG,533.59,555.39,44.91,19.97,eso.bg,false,
2022-10-08 16:00:00,Bulgaria,Bulgaria,BG,520.21,540.53,46.57,23.15,eso.bg,false,
2022-10-08 17:00:00,Bulgaria,Bulgaria,BG,528.74,548.05,46.01,22.9,eso.bg,false,
2022-10-08 18:00:00,Bulgaria,Bulgaria,BG,548.69,567.9,44.08,19.92,eso.bg,false,
2022-10-08 19:00:00,Bulgaria,Bulgaria,BG,537.27,559.78,44.26,18.4,eso.bg,false,
2022-10-08 20:00:00,Bulgaria,Bulgaria,BG,559.1,582.67,41.86,14.76,eso.bg,false,
2022-10-08 21:00:00,Bulgaria,Bulgaria,BG,571.32,596.65,40.24,11.61,eso.bg,false,
2022-10-08 22:00:00,Bulgaria,Bulgaria,BG,579.37,604.75,39.47,10.61,eso.bg,false,
2022-10-08 23:00:00,Bulgaria,Bulgaria,BG,589.71,613.95,38.7,9.82,eso.bg,false,
2022-10-09 00:00:00,Bulgaria,Bulgaria,BG,592.12,616.48,38.46,9.74,eso.bg,false,
2022-10-09 01:00:00,Bulgaria,Bulgaria,BG,585.74,610.43,38.99,10.14,eso.bg,false,
2022-10-09 02:00:00,Bulgaria,Bulgaria,BG,566.24,591.63,40.57,11.11,eso.bg,false,
2022-10-09 03:00:00,Bulgaria,Bulgaria,BG,563.57,588.84,40.82,11.56,eso.bg,false,
2022-10-09 04:00:00,Bulgaria,Bulgaria,BG,575.77,599.96,40.06,11.95,eso.bg,false,
2022-10-09 05:00:00,Bulgaria,Bulgaria,BG,561.63,583.35,42.49,16.94,eso.bg,false,
2022-10-09 06:00:00,Bulgaria,Bulgaria,BG,511.49,532.83,47.68,24.22,eso.bg,false,
2022-10-09 07:00:00,Bulgaria,Bulgaria,BG,494.8,516.55,49.42,26.32,eso.bg,false,
2022-10-09 08:00:00,Bulgaria,Bulgaria,BG,479.27,503.58,50.33,25.29,eso.bg,false,
2022-10-09 09:00:00,Bulgaria,Bulgaria,BG,466.69,491.72,51.33,25.11,eso.bg,false,
2022-10-09 10:00:00,Bulgaria,Bulgaria,BG,480.27,505.0,50.16,24.32,eso.bg,false,
2022-10-09 11:00:00,Bulgaria,Bulgaria,BG,464.44,489.82,51.5,24.97,eso.bg,false,
2022-10-09 12:00:00,Bulgaria,Bulgaria,BG,463.61,489.36,51.4,24.03,eso.bg,false,
2022-10-09 13:00:00,Bulgaria,Bulgaria,BG,477.55,503.29,49.9,21.93,eso.bg,false,
2022-10-09 14:00:00,Bulgaria,Bulgaria,BG,521.3,544.58,46.28,20.3,eso.bg,false,
2022-10-09 15:00:00,Bulgaria,Bulgaria,BG,537.18,558.98,44.84,20.34,eso.bg,false,
2022-10-09 16:00:00,Bulgaria,Bulgaria,BG,523.09,542.79,46.62,23.82,eso.bg,false,
2022-10-09 17:00:00,Bulgaria,Bulgaria,BG,490.86,511.86,49.47,26.58,eso.bg,false,
2022-10-09 18:00:00,Bulgaria,Bulgaria,BG,508.35,530.35,47.51,23.18,eso.bg,false,
2022-10-09 19:00:00,Bulgaria,Bulgaria,BG,517.9,540.77,46.42,21.28,eso.bg,false,
2022-10-09 20:00:00,Bulgaria,Bulgaria,BG,499.38,523.77,47.68,20.48,eso.bg,false,
2022-10-09 21:00:00,Bulgaria,Bulgaria,BG,492.57,517.81,48.1,19.8,eso.bg,false,
2022-10-09 22:00:00,Bulgaria,Bulgaria,BG,495.76,520.7,47.73,18.57,eso.bg,false,
2022-10-09 23:00:00,Bulgaria,Bulgaria,BG,516.2,541.02,45.82,16.58,eso.bg,false,
2022-10-10 00:00:00,Bulgaria,Bulgaria,BG,527.03,551.52,44.86,15.68,eso.bg,false,
2022-10-10 01:00:00,Bulgaria,Bulgaria,BG,537.94,562.42,43.73,14.33,eso.bg,false,
2022-10-10 02:00:00,Bulgaria,Bulgaria,BG,535.38,560.01,43.89,14.2,eso.bg,false,
2022-10-10 03:00:00,Bulgaria,Bulgaria,BG,550.84,574.6,42.68,14.11,eso.bg,false,
2022-10-10 04:00:00,Bulgaria,Bulgaria,BG,546.35,568.6,43.67,17.49,eso.bg,false,
2022-10-10 05:00:00,Bulgaria,Bulgaria,BG,548.06,570.44,43.62,18.66,eso.bg,false,
2022-10-10 06:00:00,Bulgaria,Bulgaria,BG,531.37,554.1,45.29,20.94,eso.bg,false,
2022-10-10 07:00:00,Bulgaria,Bulgaria,BG,536.86,559.59,44.93,20.43,eso.bg,false,
2022-10-10 08:00:00,Bulgaria,Bulgaria,BG,536.85,559.59,45.12,20.85,eso.bg,false,
2022-10-10 09:00:00,Bulgaria,Bulgaria,BG,564.8,586.7,42.64,18.15,eso.bg,false,
2022-10-10 10:00:00,Bulgaria,Bulgaria,BG,567.47,589.4,42.37,17.91,eso.bg,false,
2022-10-10 11:00:00,Bulgaria,Bulgaria,BG,569.4,591.5,42.05,17.32,eso.bg,false,
2022-10-10 12:00:00,Bulgaria,Bulgaria,BG,543.37,565.15,44.41,19.35,eso.bg,false,
2022-10-10 13:00:00,Bulgaria,Bulgaria,BG,546.07,568.43,43.87,18.09,eso.bg,false,
2022-10-10 14:00:00,Bulgaria,Bulgaria,BG,559.55,581.85,42.39,16.24,eso.bg,false,
2022-10-10 15:00:00,Bulgaria,Bulgaria,BG,563.91,585.17,42.2,17.05,eso.bg,false,
2022-10-10 16:00:00,Bulgaria,Bulgaria,BG,526.97,546.25,46.19,23.03,eso.bg,false,
2022-10-10 17:00:00,Bulgaria,Bulgaria,BG,508.37,528.03,47.64,24.84,eso.bg,false,
2022-10-10 18:00:00,Bulgaria,Bulgaria,BG,536.56,556.94,44.78,20.14,eso.bg,false,
2022-10-10 19:00:00,Bulgaria,Bulgaria,BG,544.1,567.01,43.34,16.94,eso.bg,false,
2022-10-10 20:00:00,Bulgaria,Bulgaria,BG,565.34,588.81,41.16,13.32,eso.bg,false,
2022-10-10 21:00:00,Bulgaria,Bulgaria,BG,610.6,635.0,36.66,7.23,eso.bg,false,
2022-10-10 22:00:00,Bulgaria,Bulgaria,BG,630.72,654.96,34.82,5.56,eso.bg,false,
2022-10-10 23:00:00,Bulgaria,Bulgaria,BG,626.81,651.69,35.04,5.78,eso.bg,false,
2022-10-11 00:00:00,Bulgaria,Bulgaria,BG,627.43,652.03,34.98,5.5,eso.bg,false,
2022-10-11 01:00:00,Bulgaria,Bulgaria,BG,629.51,654.05,34.75,5.3,eso.bg,false,
2022-10-11 02:00:00,Bulgaria,Bulgaria,BG,631.92,656.01,34.6,5.12,eso.bg,false,
2022-10-11 03:00:00,Bulgaria,Bulgaria,BG,619.12,644.12,35.21,5.62,eso.bg,false,
2022-10-11 04:00:00,Bulgaria,Bulgaria,BG,615.77,638.66,36.35,9.41,eso.bg,false,
2022-10-11 05:00:00,Bulgaria,Bulgaria,BG,591.97,612.02,39.65,14.43,eso.bg,false,
2022-10-11 06:00:00,Bulgaria,Bulgaria,BG,572.37,594.29,41.17,15.59,eso.bg,false,
2022-10-11 07:00:00,Bulgaria,Bulgaria,BG,580.07,602.31,40.42,14.55,eso.bg,false,
2022-10-11 08:00:00,Bulgaria,Bulgaria,BG,576.75,599.23,40.78,14.77,eso.bg,false,
2022-10-11 09:00:00,Bulgaria,Bulgaria,BG,572.78,595.19,41.34,16.0,eso.bg,false,
2022-10-11 10:00:00,Bulgaria,Bulgaria,BG,577.24,599.9,40.83,15.48,eso.bg,false,
2022-10-11 11:00:00,Bulgaria,Bulgaria,BG,578.93,601.62,40.61,15.15,eso.bg,false,
2022-10-11 12:00:00,Bulgaria,Bulgaria,BG,574.82,597.64,40.9,15.35,eso.bg,false,
2022-10-11 13:00:00,Bulgaria,Bulgaria,BG,572.12,594.91,41.09,15.38,eso.bg,false,
2022-10-11 14:00:00,Bulgaria,Bulgaria,BG,562.91,585.01,42.05,17.1,eso.bg,false,
2022-10-11 15:00:00,Bulgaria,Bulgaria,BG,534.07,555.62,44.85,21.33,eso.bg,false,
2022-10-11 16:00:00,Bulgaria,Bulgaria,BG,519.78,539.35,46.63,24.74,eso.bg,false,
2022-10-11 17:00:00,Bulgaria,Bulgaria,BG,523.31,542.24,46.63,24.18,eso.bg,false,
2022-10-11 18:00:00,Bulgaria,Bulgaria,BG,542.04,561.81,44.44,20.91,eso.bg,false,
2022-10-11 19:00:00,Bulgaria,Bulgaria,BG,556.14,578.04,42.54,16.9,eso.bg,false,
2022-10-11 20:00:00,Bulgaria,Bulgaria,BG,588.82,611.56,39.22,12.1,eso.bg,false,
2022-10-11 21:00:00,Bulgaria,Bulgaria,BG,623.05,646.74,35.66,6.53,eso.bg,false,
2022-10-11 22:00:00,Bulgaria,Bulgaria,BG,651.57,674.45,33.2,3.95,eso.bg,false,
2022-10-11 23:00:00,Bulgaria,Bulgaria,BG,663.14,685.17,32.3,3.37,eso.bg,false,
2022-10-12 00:00:00,Bulgaria,Bulgaria,BG,668.82,690.04,31.8,2.7,eso.bg,false,
2022-10-12 01:00:00,Bulgaria,Bulgaria,BG,672.87,694.03,31.48,2.68,eso.bg,false,
2022-10-12 02:00:00,Bulgaria,Bulgaria,BG,665.63,687.2,31.91,3.1,eso.bg,false,
2022-10-12 03:00:00,Bulgaria,Bulgaria,BG,641.0,664.69,33.45,4.94,eso.bg,false,
2022-10-12 04:00:00,Bulgaria,Bulgaria,BG,615.64,638.5,36.36,10.03,eso.bg,false,
2022-10-12 05:00:00,Bulgaria,Bulgaria,BG,582.13,604.15,39.93,14.81,eso.bg,false,
2022-10-12 06:00:00,Bulgaria,Bulgaria,BG,573.11,594.24,41.35,16.74,eso.bg,false,
2022-10-12 07:00:00,Bulgaria,Bulgaria,BG,568.38,589.42,42.08,17.63,eso.bg,false,
2022-10-12 08:00:00,Bulgaria,Bulgaria,BG,569.88,590.88,42.07,17.8,eso.bg,false,
2022-10-12 09:00:00,Bulgaria,Bulgaria,BG,561.73,582.73,43.22,19.02,eso.bg,false,
2022-10-12 10:00:00,Bulgaria,Bulgaria,BG,542.04,564.03,44.87,20.33,eso.bg,false,
2022-10-12 11:00:00,Bulgaria,Bulgaria,BG,537.32,559.76,45.15,20.58,eso.bg,false,
2022-10-12 12:00:00,Bulgaria,Bulgaria,BG,541.4,564.1,44.55,19.59,eso.bg,false,
2022-10-12 13:00:00,Bulgaria,Bulgaria,BG,552.27,575.45,43.24,17.91,eso.bg,false,
2022-10-12 14:00:00,Bulgaria,Bulgaria,BG,556.79,578.53,42.95,17.99,eso.bg,false,
2022-10-12 15:00:00,Bulgaria,Bulgaria,BG,538.46,559.62,44.67,20.82,eso.bg,false,
2022-10-12 16:00:00,Bulgaria,Bulgaria,BG,531.15,549.92,45.99,23.43,eso.bg,false,
2022-10-12 17:00:00,Bulgaria,Bulgaria,BG,519.28,537.85,47.19,25.14,eso.bg,false,
2022-10-12 18:00:00,Bulgaria,Bulgaria,BG,526.63,546.38,46.11,22.64,eso.bg,false,
2022-10-12 19:00:00,Bulgaria,Bulgaria,BG,546.88,568.83,43.54,18.19,eso.bg,false,
2022-10-12 20:00:00,Bulgaria,Bulgaria,BG,588.94,611.3,39.43,12.47,eso.bg,false,
2022-10-12 21:00:00,Bulgaria,Bulgaria,BG,623.76,646.54,36.01,7.56,eso.bg,false,
2022-10-12 22:00:00,Bulgaria,Bulgaria,BG,641.81,664.69,34.23,4.91,eso.bg,false,
2022-10-12 23:00:00,Bulgaria,Bulgaria,BG,653.03,675.65,33.19,4.23,eso.bg,false,
2022-10-13 00:00:00,Bulgaria,Bulgaria,BG,654.4,676.89,32.99,4.08,eso.bg,false,
2022-10-13 01:00:00,Bulgaria,Bulgaria,BG,656.77,678.99,32.8,3.98,eso.bg,false,
2022-10-13 02:00:00,Bulgaria,Bulgaria,BG,652.13,674.19,33.21,4.13,eso.bg,false,
2022-10-13 03:00:00,Bulgaria,Bulgaria,BG,623.74,646.86,35.48,7.19,eso.bg,false,
2022-10-13 04:00:00,Bulgaria,Bulgaria,BG,603.48,625.39,37.97,11.55,eso.bg,false,
2022-10-13 05:00:00,Bulgaria,Bulgaria,BG,588.01,608.35,40.05,15.22,eso.bg,false,
2022-10-13 06:00:00,Bulgaria,Bulgaria,BG,551.3,572.39,43.72,20.0,eso.bg,false,
2022-10-13 07:00:00,Bulgaria,Bulgaria,BG,543.26,564.5,44.57,21.1,eso.bg,false,
2022-10-13 08:00:00,Bulgaria,Bulgaria,BG,554.39,575.8,43.6,20.05,eso.bg,false,
2022-10-13 09:00:00,Bulgaria,Bulgaria,BG,551.61,573.22,43.92,20.48,eso.bg,false,
2022-10-13 10:00:00,Bulgaria,Bulgaria,BG,551.96,573.84,43.79,19.96,eso.bg,false,
2022-10-13 11:00:00,Bulgaria,Bulgaria,BG,531.52,553.87,45.49,20.85,eso.bg,false,
2022-10-13 12:00:00,Bulgaria,Bulgaria,BG,540.35,562.66,44.55,19.08,eso.bg,false,
2022-10-13 13:00:00,Bulgaria,Bulgaria,BG,564.1,586.37,42.23,16.58,eso.bg,false,
2022-10-13 14:00:00,Bulgaria,Bulgaria,BG,566.68,588.92,41.92,16.46,eso.bg,false,
2022-10-13 15:00:00,Bulgaria,Bulgaria,BG,556.47,577.46,43.16,19.22,eso.bg,false,
2022-10-13 16:00:00,Bulgaria,Bulgaria,BG,534.21,553.92,45.56,23.16,eso.bg,false,
2022-10-13 17:00:00,Bulgaria,Bulgaria,BG,529.61,549.49,45.97,23.83,eso.bg,false,
2022-10-13 18:00:00,Bulgaria,Bulgaria,BG,542.69,562.83,44.64,22.0,eso.bg,false,
2022-10-13 19:00:00,Bulgaria,Bulgaria,BG,556.9,578.97,42.77,18.11,eso.bg,false,
2022-10-13 20:00:00,Bulgaria,Bulgaria,BG,588.02,609.98,39.81,13.63,eso.bg,false,
2022-10-13 21:00:00,Bulgaria,Bulgaria,BG,611.58,634.13,37.25,8.85,eso.bg,false,
2022-10-13 22:00:00,Bulgaria,Bulgaria,BG,625.47,648.63,35.78,6.5,eso.bg,false,
2022-10-13 23:00:00,Bulgaria,Bulgaria,BG,630.89,654.03,35.22,6.39,eso.bg,false,
2022-10-14 00:00:00,Bulgaria,Bulgaria,BG,638.05,661.14,34.5,5.71,eso.bg,false,
2022-10-14 01:00:00,Bulgaria,Bulgaria,BG,643.43,666.12,34.09,5.09,eso.bg,false,
2022-10-14 02:00:00,Bulgaria,Bulgaria,BG,643.86,666.19,34.22,5.2,eso.bg,false,
2022-10-14 03:00:00,Bulgaria,Bulgaria,BG,621.29,643.65,36.33,8.16,eso.bg,false,
2022-10-14 04:00:00,Bulgaria,Bulgaria,BG,586.91,608.04,40.0,13.84,eso.bg,false,
2022-10-14 05:00:00,Bulgaria,Bulgaria,BG,552.19,573.91,43.42,18.5,eso.bg,false,
2022-10-14 06:00:00,Bulgaria,Bulgaria,BG,541.45,562.29,44.92,21.08,eso.bg,false,
2022-10-14 07:00:00,Bulgaria,Bulgaria,BG,515.74,537.55,47.34,24.28,eso.bg,false,
2022-10-14 08:00:00,Bulgaria,Bulgaria,BG,507.43,529.01,48.22,25.04,eso.bg,false,
2022-10-14 09:00:00,Bulgaria,Bulgaria,BG,512.54,534.08,47.75,25.19,eso.bg,false,
2022-10-14 10:00:00,Bulgaria,Bulgaria,BG,524.72,546.18,46.56,23.66,eso.bg,false,
2022-10-14 11:00:00,Bulgaria,Bulgaria,BG,547.16,568.25,44.45,20.99,eso.bg,false,
2022-10-14 12:00:00,Bulgaria,Bulgaria,BG,536.91,558.15,45.31,21.8,eso.bg,false,
2022-10-14 13:00:00,Bulgaria,Bulgaria,BG,546.49,567.76,44.36,21.15,eso.bg,false,
2022-10-14 14:00:00,Bulgaria,Bulgaria,BG,531.44,551.92,45.84,23.08,eso.bg,false,
2022-10-14 15:00:00,Bulgaria,Bulgaria,BG,518.83,538.6,47.27,25.68,eso.bg,false,
2022-10-14 16:00:00,Bulgaria,Bulgaria,BG,506.48,524.88,48.7,28.03,eso.bg,false,
2022-10-14 17:00:00,Bulgaria,Bulgaria,BG,492.49,511.71,49.81,28.77,eso.bg,false,
2022-10-14 18:00:00,Bulgaria,Bulgaria,BG,511.66,531.35,47.87,25.31,eso.bg,false,
2022-10-14 19:00:00,Bulgaria,Bulgaria,BG,528.4,548.98,46.06,22.44,eso.bg,false,
2022-10-14 20:00:00,Bulgaria,Bulgaria,BG,545.45,566.87,44.22,19.4,eso.bg,false,
2022-10-14 21:00:00,Bulgaria,Bulgaria,BG,591.87,614.27,39.47,12.61,eso.bg,false,
2022-10-14 22:00:00,Bulgaria,Bulgaria,BG,605.07,627.24,38.35,10.76,eso.bg,false,
2022-10-14 23:00:00,Bulgaria,Bulgaria,BG,600.22,622.52,38.74,10.59,eso.bg,false,
2022-10-15 00:00:00,Bulgaria,Bulgaria,BG,609.85,631.64,38.15,10.25,eso.bg,false,
2022-10-15 01:00:00,Bulgaria,Bulgaria,BG,593.5,615.49,39.47,11.49,eso.bg,false,
2022-10-15 02:00:00,Bulgaria,Bulgaria,BG,568.47,591.95,41.33,12.62,eso.bg,false,
2022-10-15 03:00:00,Bulgaria,Bulgaria,BG,560.12,584.45,41.85,13.8,eso.bg,false,
2022-10-15 04:00:00,Bulgaria,Bulgaria,BG,586.78,609.73,39.83,13.11,eso.bg,false,
2022-10-15 05:00:00,Bulgaria,Bulgaria,BG,569.72,591.39,41.99,17.52,eso.bg,false,
2022-10-15 06:00:00,Bulgaria,Bulgaria,BG,520.59,541.28,47.06,24.62,eso.bg,false,
2022-10-15 07:00:00,Bulgaria,Bulgaria,BG,526.11,546.01,46.91,25.14,eso.bg,false,
2022-10-15 08:00:00,Bulgaria,Bulgaria,BG,535.3,555.66,46.08,24.13,eso.bg,false,
2022-10-15 09:00:00,Bulgaria,Bulgaria,BG,553.65,573.45,44.57,22.13,eso.bg,false,
2022-10-15 10:00:00,Bulgaria,Bulgaria,BG,544.05,564.31,45.54,22.94,eso.bg,false,
2022-10-15 11:00:00,Bulgaria,Bulgaria,BG,547.19,567.0,45.29,21.87,eso.bg,false,
2022-10-15 12:00:00,Bulgaria,Bulgaria,BG,533.77,554.04,46.28,21.84,eso.bg,false,
2022-10-15 13:00:00,Bulgaria,Bulgaria,BG,559.36,578.83,43.95,19.83,eso.bg,false,
2022-10-15 14:00:00,Bulgaria,Bulgaria,BG,560.63,580.66,43.58,19.37,eso.bg,false,
2022-10-15 15:00:00,Bulgaria,Bulgaria,BG,556.6,575.18,44.2,20.34,eso.bg,false,
2022-10-15 16:00:00,Bulgaria,Bulgaria,BG,550.98,569.05,44.61,21.71,eso.bg,false,
2022-10-15 17:00:00,Bulgaria,Bulgaria,BG,542.05,560.49,45.25,21.49,eso.bg,false,
2022-10-15 18:00:00,Bulgaria,Bulgaria,BG,541.36,560.66,44.96,20.96,eso.bg,false,
2022-10-15 19:00:00,Bulgaria,Bulgaria,BG,579.95,599.93,41.05,15.16,eso.bg,false,
2022-10-15 20:00:00,Bulgaria,Bulgaria,BG,603.55,624.82,38.32,10.57,eso.bg,false,
2022-10-15 21:00:00,Bulgaria,Bulgaria,BG,586.49,610.2,39.38,10.33,eso.bg,false,
2022-10-15 22:00:00,Bulgaria,Bulgaria,BG,591.53,613.14,39.33,9.25,eso.bg,false,
2022-10-15 23:00:00,Bulgaria,Bulgaria,BG,599.08,619.97,38.75,9.01,eso.bg,false,
2022-10-16 00:00:00,Bulgaria,Bulgaria,BG,585.09,606.0,40.11,10.73,eso.bg,false,
2022-10-16 01:00:00,Bulgaria,Bulgaria,BG,565.2,586.34,41.69,11.73,eso.bg,false,
2022-10-16 02:00:00,Bulgaria,Bulgaria,BG,556.61,578.84,42.26,12.34,eso.bg,false,
2022-10-16 03:00:00,Bulgaria,Bulgaria,BG,573.84,594.97,40.99,11.7,eso.bg,false,
2022-10-16 04:00:00,Bulgaria,Bulgaria,BG,596.68,616.98,39.19,11.53,eso.bg,false,
2022-10-16 05:00:00,Bulgaria,Bulgaria,BG,589.69,609.01,40.47,16.14,eso.bg,false,
2022-10-16 06:00:00,Bulgaria,Bulgaria,BG,556.65,577.64,43.45,19.84,eso.bg,false,
2022-10-16 07:00:00,Bulgaria,Bulgaria,BG,532.82,554.8,45.54,21.11,eso.bg,false,
2022-10-16 08:00:00,Bulgaria,Bulgaria,BG,506.72,528.65,48.08,23.19,eso.bg,false,
2022-10-16 09:00:00,Bulgaria,Bulgaria,BG,487.62,509.85,49.86,24.84,eso.bg,false,
2022-10-16 10:00:00,Bulgaria,Bulgaria,BG,488.14,510.35,49.83,24.96,eso.bg,false,
2022-10-16 11:00:00,Bulgaria,Bulgaria,BG,487.08,509.32,49.9,24.75,eso.bg,false,
2022-10-16 12:00:00,Bulgaria,Bulgaria,BG,498.22,520.35,48.78,23.24,eso.bg,false,
2022-10-16 13:00:00,Bulgaria,Bulgaria,BG,504.89,528.09,47.72,21.54,eso.bg,false,
2022-10-16 14:00:00,Bulgaria,Bulgaria,BG,547.83,570.75,43.45,16.88,eso.bg,false,
2022-10-16 15:00:00,Bulgaria,Bulgaria,BG,570.81,591.06,42.04,18.22,eso.bg,false,
2022-10-16 16:00:00,Bulgaria,Bulgaria,BG,530.83,549.01,46.44,24.74,eso.bg,false,
2022-10-16 17:00:00,Bulgaria,Bulgaria,BG,528.99,547.1,46.61,25.02,eso.bg,false,
2022-10-16 18:00:00,Bulgaria,Bulgaria,BG,554.13,572.88,44.03,21.41,eso.bg,false,
2022-10-16 19:00:00,Bulgaria,Bulgaria,BG,552.19,572.5,43.69,19.79,eso.bg,false,
2022-10-16 20:00:00,Bulgaria,Bulgaria,BG,587.24,608.81,40.06,14.74,eso.bg,false,
2022-10-16 21:00:00,Bulgaria,Bulgaria,BG,599.75,622.02,38.72,11.94,eso.bg,false,
2022-10-16 22:00:00,Bulgaria,Bulgaria,BG,560.31,583.65,41.92,13.07,eso.bg,false,
2022-10-16 23:00:00,Bulgaria,Bulgaria,BG,557.67,581.12,41.98,12.77,eso.bg,false,
2022-10-17 00:00:00,Bulgaria,Bulgaria,BG,560.25,583.17,41.89,12.9,eso.bg,false,
2022-10-17 01:00:00,Bulgaria,Bulgaria,BG,563.79,586.4,41.69,13.09,eso.bg,false,
2022-10-17 02:00:00,Bulgaria,Bulgaria,BG,567.9,590.4,41.37,13.05,eso.bg,false,
2022-10-17 03:00:00,Bulgaria,Bulgaria,BG,594.75,616.95,39.01,11.94,eso.bg,false,
2022-10-17 04:00:00,Bulgaria,Bulgaria,BG,618.08,638.26,37.51,13.16,eso.bg,false,
2022-10-17 05:00:00,Bulgaria,Bulgaria,BG,614.12,633.72,38.09,15.05,eso.bg,false,
2022-10-17 06:00:00,Bulgaria,Bulgaria,BG,589.64,609.62,40.57,18.91,eso.bg,false,
2022-10-17 07:00:00,Bulgaria,Bulgaria,BG,569.98,590.47,42.47,20.85,eso.bg,false,
2022-10-17 08:00:00,Bulgaria,Bulgaria,BG,571.81,592.45,42.4,20.7,eso.bg,false,
2022-10-17 09:00:00,Bulgaria,Bulgaria,BG,553.75,574.58,44.13,22.22,eso.bg,false,
2022-10-17 10:00:00,Bulgaria,Bulgaria,BG,546.79,568.1,44.53,21.9,eso.bg,false,
2022-10-17 11:00:00,Bulgaria,Bulgaria,BG,528.06,549.71,46.18,22.99,eso.bg,false,
2022-10-17 12:00:00,Bulgaria,Bulgaria,BG,538.61,560.16,45.15,21.83,eso.bg,false,
2022-10-17 13:00:00,Bulgaria,Bulgaria,BG,580.72,601.56,41.27,18.23,eso.bg,false,
2022-10-17 14:00:00,Bulgaria,Bulgaria,BG,605.37,625.65,38.83,15.09,eso.bg,false,
2022-10-17 15:00:00,Bulgaria,Bulgaria,BG,597.14,615.93,39.86,17.63,eso.bg,false,
2022-10-17 16:00:00,Bulgaria,Bulgaria,BG,565.63,583.89,43.02,21.87,eso.bg,false,
2022-10-17 17:00:00,Bulgaria,Bulgaria,BG,564.78,582.91,43.14,22.16,eso.bg,false,
2022-10-17 18:00:00,Bulgaria,Bulgaria,BG,591.64,610.13,40.46,18.49,eso.bg,false,
2022-10-17 19:00:00,Bulgaria,Bulgaria,BG,615.14,634.96,37.82,14.37,eso.bg,false,
2022-10-17 20:00:00,Bulgaria,Bulgaria,BG,654.05,675.06,33.75,8.61,eso.bg,false,
2022-10-17 21:00:00,Bulgaria,Bulgaria,BG,677.04,698.25,31.47,5.22,eso.bg,false,
2022-10-17 22:00:00,Bulgaria,Bulgaria,BG,681.99,702.16,31.21,4.89,eso.bg,false,
2022-10-17 23:00:00,Bulgaria,Bulgaria,BG,661.02,681.57,32.9,5.77,eso.bg,false,
2022-10-18 00:00:00,Bulgaria,Bulgaria,BG,670.97,691.08,32.2,6.07,eso.bg,false,
2022-10-18 01:00:00,Bulgaria,Bulgaria,BG,654.08,674.74,33.48,6.3,eso.bg,false,
2022-10-18 02:00:00,Bulgaria,Bulgaria,BG,666.75,686.91,32.53,6.17,eso.bg,false,
2022-10-18 03:00:00,Bulgaria,Bulgaria,BG,672.51,692.76,32.12,6.64,eso.bg,false,
2022-10-18 04:00:00,Bulgaria,Bulgaria,BG,648.1,668.47,34.46,10.1,eso.bg,false,
2022-10-18 05:00:00,Bulgaria,Bulgaria,BG,618.92,639.11,37.54,14.39,eso.bg,false,
2022-10-18 06:00:00,Bulgaria,Bulgaria,BG,602.14,621.98,39.51,17.34,eso.bg,false,
2022-10-18 07:00:00,Bulgaria,Bulgaria,BG,596.53,617.01,40.09,18.08,eso.bg,false,
2022-10-18 08:00:00,Bulgaria,Bulgaria,BG,586.89,607.55,41.08,19.21,eso.bg,false,
2022-10-18 09:00:00,Bulgaria,Bulgaria,BG,572.99,593.97,42.31,20.54,eso.bg,false,
2022-10-18 10:00:00,Bulgaria,Bulgaria,BG,583.89,604.97,41.24,19.2,eso.bg,false,
2022-10-18 11:00:00,Bulgaria,Bulgaria,BG,591.57,612.73,40.45,18.02,eso.bg,false,
2022-10-18 12:00:00,Bulgaria,Bulgaria,BG,597.18,618.25,39.86,16.84,eso.bg,false,
2022-10-18 13:00:00,Bulgaria,Bulgaria,BG,618.23,639.29,37.65,13.88,eso.bg,false,
2022-10-18 14:00:00,Bulgaria,Bulgaria,BG,643.04,663.52,35.14,10.34,eso.bg,false,
2022-10-18 15:00:00,Bulgaria,Bulgaria,BG,622.19,641.72,37.32,14.13,eso.bg,false,
2022-10-18 16:00:00,Bulgaria,Bulgaria,BG,562.62,581.84,43.14,21.89,eso.bg,false,
2022-10-18 17:00:00,Bulgaria,Bulgaria,BG,573.83,592.57,42.18,20.85,eso.bg,false,
2022-10-18 18:00:00,Bulgaria,Bulgaria,BG,581.54,601.42,41.14,19.07,eso.bg,false,
2022-10-18 19:00:00,Bulgaria,Bulgaria,BG,618.34,639.43,37.22,13.35,eso.bg,false,
2022-10-18 20:00:00,Bulgaria,Bulgaria,BG,650.75,672.93,33.76,8.19,eso.bg,false,
2022-10-18 21:00:00,Bulgaria,Bulgaria,BG,665.98,688.77,32.04,4.74,eso.bg,false,
2022-10-18 22:00:00,Bulgaria,Bulgaria,BG,619.56,644.9,35.6,6.84,eso.bg,false,
2022-10-18 23:00:00,Bulgaria,Bulgaria,BG,627.67,652.07,35.07,6.27,eso.bg,false,
2022-10-19 00:00:00,Bulgaria,Bulgaria,BG,628.18,652.54,34.99,6.13,eso.bg,false,
2022-10-19 01:00:00,Bulgaria,Bulgaria,BG,625.84,650.38,35.07,6.33,eso.bg,false,
2022-10-19 02:00:00,Bulgaria,Bulgaria,BG,623.33,648.13,35.16,6.85,eso.bg,false,
2022-10-19 03:00:00,Bulgaria,Bulgaria,BG,654.86,678.86,32.46,6.3,eso.bg,false,
2022-10-19 04:00:00,Bulgaria,Bulgaria,BG,640.68,663.4,34.3,10.14,eso.bg,false,
2022-10-19 05:00:00,Bulgaria,Bulgaria,BG,612.54,634.8,37.53,14.02,eso.bg,false,
2022-10-19 06:00:00,Bulgaria,Bulgaria,BG,601.59,623.33,39.01,16.18,eso.bg,false,
2022-10-19 07:00:00,Bulgaria,Bulgaria,BG,593.93,614.93,40.05,17.67,eso.bg,false,
2022-10-19 08:00:00,Bulgaria,Bulgaria,BG,575.33,596.93,41.77,19.34,eso.bg,false,
2022-10-19 09:00:00,Bulgaria,Bulgaria,BG,576.12,596.86,42.0,19.92,eso.bg,false,
2022-10-19 10:00:00,Bulgaria,Bulgaria,BG,559.11,580.6,43.34,20.81,eso.bg,false,
2022-10-19 11:00:00,Bulgaria,Bulgaria,BG,558.09,580.31,43.25,20.42,eso.bg,false,
2022-10-19 12:00:00,Bulgaria,Bulgaria,BG,566.6,588.96,42.33,19.11,eso.bg,false,
2022-10-19 13:00:00,Bulgaria,Bulgaria,BG,586.0,608.36,40.35,16.78,eso.bg,false,
2022-10-19 14:00:00,Bulgaria,Bulgaria,BG,606.0,628.62,38.11,14.5,eso.bg,false,
2022-10-19 15:00:00,Bulgaria,Bulgaria,BG,614.37,635.63,37.5,14.84,eso.bg,false,
2022-10-19 16:00:00,Bulgaria,Bulgaria,BG,568.33,588.18,42.36,21.76,eso.bg,false,
2022-10-19 17:00:00,Bulgaria,Bulgaria,BG,565.28,584.58,42.83,22.25,eso.bg,false,
2022-10-19 18:00:00,Bulgaria,Bulgaria,BG,584.92,605.04,40.71,19.33,eso.bg,false,
2022-10-19 19:00:00,Bulgaria,Bulgaria,BG,567.57,589.17,41.89,19.62,eso.bg,false,
2022-10-19 20:00:00,Bulgaria,Bulgaria,BG,603.95,626.17,38.27,15.06,eso.bg,false,
2022-10-19 21:00:00,Bulgaria,Bulgaria,BG,649.3,671.79,33.96,9.69,eso.bg,false,
2022-10-19 22:00:00,Bulgaria,Bulgaria,BG,614.59,638.55,36.7,11.25,eso.bg,false,
2022-10-19 23:00:00,Bulgaria,Bulgaria,BG,609.24,633.87,36.96,10.87,eso.bg,false,
2022-10-20 00:00:00,Bulgaria,Bulgaria,BG,577.35,602.25,39.74,12.71,eso.bg,false,
2022-10-20 01:00:00,Bulgaria,Bulgaria,BG,577.27,602.02,39.82,13.0,eso.bg,false,
2022-10-20 02:00:00,Bulgaria,Bulgaria,BG,579.28,604.12,39.74,13.07,eso.bg,false,
2022-10-20 03:00:00,Bulgaria,Bulgaria,BG,603.08,626.88,37.93,12.49,eso.bg,false,
2022-10-20 04:00:00,Bulgaria,Bulgaria,BG,574.15,596.79,41.21,17.99,eso.bg,false,
2022-10-20 05:00:00,Bulgaria,Bulgaria,BG,568.54,591.06,41.94,19.7,eso.bg,false,
2022-10-20 06:00:00,Bulgaria,Bulgaria,BG,544.94,567.21,44.56,23.14,eso.bg,false,
2022-10-20 07:00:00,Bulgaria,Bulgaria,BG,517.72,539.56,47.43,26.52,eso.bg,false,
2022-10-20 08:00:00,Bulgaria,Bulgaria,BG,516.66,539.16,47.33,26.12,eso.bg,false,
2022-10-20 09:00:00,Bulgaria,Bulgaria,BG,520.5,542.94,47.04,25.45,eso.bg,false,
2022-10-20 10:00:00,Bulgaria,Bulgaria,BG,498.36,521.78,48.82,25.99,eso.bg,false,
2022-10-20 11:00:00,Bulgaria,Bulgaria,BG,509.83,533.51,47.66,23.94,eso.bg,false,
2022-10-20 12:00:00,Bulgaria,Bulgaria,BG,553.66,575.95,43.91,21.03,eso.bg,false,
2022-10-20 13:00:00,Bulgaria,Bulgaria,BG,558.65,580.65,43.43,20.72,eso.bg,false,
2022-10-20 14:00:00,Bulgaria,Bulgaria,BG,583.13,604.65,40.93,17.68,eso.bg,false,
2022-10-20 15:00:00,Bulgaria,Bulgaria,BG,587.72,608.45,40.53,17.86,eso.bg,false,
2022-10-20 16:00:00,Bulgaria,Bulgaria,BG,561.65,581.35,43.27,21.83,eso.bg,false,
2022-10-20 17:00:00,Bulgaria,Bulgaria,BG,550.76,570.22,44.41,23.37,eso.bg,false,
2022-10-20 18:00:00,Bulgaria,Bulgaria,BG,563.78,584.28,42.85,20.7,eso.bg,false,
2022-10-20 19:00:00,Bulgaria,Bulgaria,BG,588.66,610.8,40.05,16.59,eso.bg,false,
2022-10-20 20:00:00,Bulgaria,Bulgaria,BG,616.94,639.77,37.16,12.04,eso.bg,false,
2022-10-20 21:00:00,Bulgaria,Bulgaria,BG,612.38,635.96,37.37,11.28,eso.bg,false,
2022-10-20 22:00:00,Bulgaria,Bulgaria,BG,600.32,624.18,38.28,10.95,eso.bg,false,
2022-10-20 23:00:00,Bulgaria,Bulgaria,BG,574.3,599.34,40.24,11.56,eso.bg,false,
2022-10-21 00:00:00,Bulgaria,Bulgaria,BG,575.74,600.68,40.08,11.01,eso.bg,false,
2022-10-21 01:00:00,Bulgaria,Bulgaria,BG,580.79,605.5,39.57,10.28,eso.bg,false,
2022-10-21 02:00:00,Bulgaria,Bulgaria,BG,602.6,626.3,37.81,9.43,eso.bg,false,
2022-10-21 03:00:00,Bulgaria,Bulgaria,BG,633.23,656.52,35.07,8.65,eso.bg,false,
2022-10-21 04:00:00,Bulgaria,Bulgaria,BG,652.5,672.62,34.22,9.32,eso.bg,false,
2022-10-21 05:00:00,Bulgaria,Bulgaria,BG,635.68,655.73,36.0,12.17,eso.bg,false,
2022-10-21 06:00:00,Bulgaria,Bulgaria,BG,607.79,627.93,38.97,16.18,eso.bg,false,
2022-10-21 07:00:00,Bulgaria,Bulgaria,BG,616.98,637.1,38.29,15.31,eso.bg,false,
2022-10-21 08:00:00,Bulgaria,Bulgaria,BG,612.22,631.96,38.97,16.54,eso.bg,false,
2022-10-21 09:00:00,Bulgaria,Bulgaria,BG,603.28,623.36,39.83,17.73,eso.bg,false,
2022-10-21 10:00:00,Bulgaria,Bulgaria,BG,594.95,615.04,40.68,18.88,eso.bg,false,
2022-10-21 11:00:00,Bulgaria,Bulgaria,BG,597.17,616.99,40.5,18.67,eso.bg,false,
2022-10-21 12:00:00,Bulgaria,Bulgaria,BG,591.76,611.75,40.82,18.3,eso.bg,false,
2022-10-21 13:00:00,Bulgaria,Bulgaria,BG,601.31,621.1,39.84,16.73,eso.bg,false,
2022-10-21 14:00:00,Bulgaria,Bulgaria,BG,637.76,656.59,36.34,12.84,eso.bg,false,
2022-10-21 15:00:00,Bulgaria,Bulgaria,BG,621.74,640.69,37.53,14.7,eso.bg,false,
2022-10-21 16:00:00,Bulgaria,Bulgaria,BG,561.22,580.1,43.52,22.37,eso.bg,false,
2022-10-21 17:00:00,Bulgaria,Bulgaria,BG,547.2,566.37,44.82,23.49,eso.bg,false,
2022-10-21 18:00:00,Bulgaria,Bulgaria,BG,541.42,562.11,44.94,22.64,eso.bg,false,
2022-10-21 19:00:00,Bulgaria,Bulgaria,BG,547.24,568.76,44.23,21.07,eso.bg,false,
2022-10-21 20:00:00,Bulgaria,Bulgaria,BG,560.76,582.65,42.91,19.02,eso.bg,false,
2022-10-21 21:00:00,Bulgaria,Bulgaria,BG,568.69,591.63,41.95,16.82,eso.bg,false,
2022-10-21 22:00:00,Bulgaria,Bulgaria,BG,581.32,603.84,40.77,14.74,eso.bg,false,
2022-10-21 23:00:00,Bulgaria,Bulgaria,BG,572.0,596.36,40.97,14.52,eso.bg,false,
2022-10-22 00:00:00,Bulgaria,Bulgaria,BG,564.6,589.59,41.36,14.33,eso.bg,false,
2022-10-22 01:00:00,Bulgaria,Bulgaria,BG,560.07,585.27,41.68,14.46,eso.bg,false,
2022-10-22 02:00:00,Bulgaria,Bulgaria,BG,568.26,593.29,40.96,14.0,eso.bg,false,
2022-10-22 03:00:00,Bulgaria,Bulgaria,BG,566.28,590.92,41.26,14.76,eso.bg,false,
2022-10-22 04:00:00,Bulgaria,Bulgaria,BG,563.13,586.5,42.14,16.48,eso.bg,false,
2022-10-22 05:00:00,Bulgaria,Bulgaria,BG,554.2,575.37,43.77,20.84,eso.bg,false,
2022-10-22 06:00:00,Bulgaria,Bulgaria,BG,542.34,563.03,45.08,23.44,eso.bg,false,
2022-10-22 07:00:00,Bulgaria,Bulgaria,BG,520.23,541.11,47.23,25.99,eso.bg,false,
2022-10-22 08:00:00,Bulgaria,Bulgaria,BG,508.78,529.19,48.58,27.61,eso.bg,false,
2022-10-22 09:00:00,Bulgaria,Bulgaria,BG,519.8,539.33,47.77,26.74,eso.bg,false,
2022-10-22 10:00:00,Bulgaria,Bulgaria,BG,537.99,557.77,46.02,24.74,eso.bg,false,
2022-10-22 11:00:00,Bulgaria,Bulgaria,BG,543.46,563.18,45.45,23.9,eso.bg,false,
2022-10-22 12:00:00,Bulgaria,Bulgaria,BG,559.11,578.67,43.92,21.68,eso.bg,false,
2022-10-22 13:00:00,Bulgaria,Bulgaria,BG,578.73,599.01,41.78,19.06,eso.bg,false,
2022-10-22 14:00:00,Bulgaria,Bulgaria,BG,569.85,591.5,42.16,19.07,eso.bg,false,
2022-10-22 15:00:00,Bulgaria,Bulgaria,BG,557.62,578.41,43.49,20.91,eso.bg,false,
2022-10-22 16:00:00,Bulgaria,Bulgaria,BG,533.31,552.58,46.25,25.02,eso.bg,false,
2022-10-22 17:00:00,Bulgaria,Bulgaria,BG,531.82,551.23,46.27,24.77,eso.bg,false,
2022-10-22 18:00:00,Bulgaria,Bulgaria,BG,526.44,546.66,46.45,23.19,eso.bg,false,
2022-10-22 19:00:00,Bulgaria,Bulgaria,BG,537.58,558.54,45.1,20.85,eso.bg,false,
2022-10-22 20:00:00,Bulgaria,Bulgaria,BG,562.06,584.13,42.38,16.71,eso.bg,false,
2022-10-22 21:00:00,Bulgaria,Bulgaria,BG,581.4,604.84,40.07,12.7,eso.bg,false,
2022-10-22 22:00:00,Bulgaria,Bulgaria,BG,561.99,585.13,41.96,12.04,eso.bg,false,
2022-10-22 23:00:00,Bulgaria,Bulgaria,BG,556.28,579.6,42.36,11.36,eso.bg,false,
2022-10-23 00:00:00,Bulgaria,Bulgaria,BG,537.87,561.99,43.83,12.24,eso.bg,false,
2022-10-23 01:00:00,Bulgaria,Bulgaria,BG,535.59,559.14,44.31,12.77,eso.bg,false,
2022-10-23 02:00:00,Bulgaria,Bulgaria,BG,525.83,549.5,45.1,13.5,eso.bg,false,
2022-10-23 03:00:00,Bulgaria,Bulgaria,BG,531.44,554.55,44.78,14.37,eso.bg,false,
2022-10-23 04:00:00,Bulgaria,Bulgaria,BG,530.33,553.56,44.76,14.75,eso.bg,false,
2022-10-23 05:00:00,Bulgaria,Bulgaria,BG,535.53,557.9,44.78,16.11,eso.bg,false,
2022-10-23 06:00:00,Bulgaria,Bulgaria,BG,481.4,503.67,50.28,23.16,eso.bg,false,
2022-10-23 07:00:00,Bulgaria,Bulgaria,BG,446.53,469.11,53.7,27.88,eso.bg,false,
2022-10-23 08:00:00,Bulgaria,Bulgaria,BG,429.64,452.26,55.43,30.42,eso.bg,false,
2022-10-23 09:00:00,Bulgaria,Bulgaria,BG,466.53,488.56,52.21,27.99,eso.bg,false,
2022-10-23 10:00:00,Bulgaria,Bulgaria,BG,465.8,487.52,52.37,28.16,eso.bg,false,
2022-10-23 11:00:00,Bulgaria,Bulgaria,BG,454.53,477.17,53.14,28.35,eso.bg,false,
2022-10-23 12:00:00,Bulgaria,Bulgaria,BG,492.91,514.99,49.5,24.08,eso.bg,false,
2022-10-23 13:00:00,Bulgaria,Bulgaria,BG,502.86,526.27,48.12,20.96,eso.bg,false,
2022-10-23 14:00:00,Bulgaria,Bulgaria,BG,525.29,547.26,46.13,20.06,eso.bg,false,
2022-10-23 15:00:00,Bulgaria,Bulgaria,BG,510.68,530.63,47.75,24.04,eso.bg,false,
2022-10-23 16:00:00,Bulgaria,Bulgaria,BG,489.25,507.95,50.13,27.81,eso.bg,false,
2022-10-23 17:00:00,Bulgaria,Bulgaria,BG,494.0,512.86,49.52,26.78,eso.bg,false,
2022-10-23 18:00:00,Bulgaria,Bulgaria,BG,511.59,532.04,47.26,22.31,eso.bg,false,
2022-10-23 19:00:00,Bulgaria,Bulgaria,BG,529.04,550.12,45.54,19.22,eso.bg,false,
2022-10-23 20:00:00,Bulgaria,Bulgaria,BG,568.1,590.54,41.55,13.05,eso.bg,false,
2022-10-23 21:00:00,Bulgaria,Bulgaria,BG,589.16,612.7,39.3,8.57,eso.bg,false,
2022-10-23 22:00:00,Bulgaria,Bulgaria,BG,593.72,616.97,38.93,7.94,eso.bg,false,
2022-10-23 23:00:00,Bulgaria,Bulgaria,BG,587.16,611.22,39.18,7.81,eso.bg,false,
2022-10-24 00:00:00,Bulgaria,Bulgaria,BG,581.12,605.66,39.46,7.61,eso.bg,false,
2022-10-24 01:00:00,Bulgaria,Bulgaria,BG,581.08,606.02,39.22,7.47,eso.bg,false,
2022-10-24 02:00:00,Bulgaria,Bulgaria,BG,606.92,630.61,37.21,6.8,eso.bg,false,
2022-10-24 03:00:00,Bulgaria,Bulgaria,BG,622.69,646.6,35.64,7.11,eso.bg,false,
2022-10-24 04:00:00,Bulgaria,Bulgaria,BG,649.22,670.07,34.07,9.11,eso.bg,false,
2022-10-24 05:00:00,Bulgaria,Bulgaria,BG,655.48,674.9,34.01,9.44,eso.bg,false,
2022-10-24 06:00:00,Bulgaria,Bulgaria,BG,641.69,661.3,35.72,11.65,eso.bg,false,
2022-10-24 07:00:00,Bulgaria,Bulgaria,BG,624.02,643.41,37.75,14.16,eso.bg,false,
2022-10-24 08:00:00,Bulgaria,Bulgaria,BG,620.89,639.95,38.3,15.58,eso.bg,false,
2022-10-24 09:00:00,Bulgaria,Bulgaria,BG,597.45,616.81,40.5,17.59,eso.bg,false,
2022-10-24 10:00:00,Bulgaria,Bulgaria,BG,592.55,611.64,41.08,17.56,eso.bg,false,
2022-10-24 11:00:00,Bulgaria,Bulgaria,BG,576.87,596.32,42.34,18.1,eso.bg,false,
2022-10-24 12:00:00,Bulgaria,Bulgaria,BG,589.16,608.56,41.15,16.95,eso.bg,false,
2022-10-24 13:00:00,Bulgaria,Bulgaria,BG,596.0,616.42,40.14,15.45,eso.bg,false,
2022-10-24 14:00:00,Bulgaria,Bulgaria,BG,633.35,654.5,36.05,10.66,eso.bg,false,
2022-10-24 15:00:00,Bulgaria,Bulgaria,BG,605.34,625.66,38.74,14.32,eso.bg,false,
2022-10-24 16:00:00,Bulgaria,Bulgaria,BG,543.68,562.22,45.22,22.87,eso.bg,false,
2022-10-24 17:00:00,Bulgaria,Bulgaria,BG,544.51,563.53,44.97,22.36,eso.bg,false,
2022-10-24 18:00:00,Bulgaria,Bulgaria,BG,574.92,594.25,41.97,18.06,eso.bg,false,
2022-10-24 19:00:00,Bulgaria,Bulgaria,BG,575.96,595.86,41.81,17.39,eso.bg,false,
2022-10-24 20:00:00,Bulgaria,Bulgaria,BG,614.08,634.92,37.93,12.12,eso.bg,false,
2022-10-24 21:00:00,Bulgaria,Bulgaria,BG,611.2,634.14,37.55,9.72,eso.bg,false,
2022-10-24 22:00:00,Bulgaria,Bulgaria,BG,583.7,607.51,39.78,10.09,eso.bg,false,
2022-10-24 23:00:00,Bulgaria,Bulgaria,BG,572.45,597.71,40.41,10.72,eso.bg,false,
2022-10-25 00:00:00,Bulgaria,Bulgaria,BG,568.35,594.04,40.61,10.41,eso.bg,false,
2022-10-25 01:00:00,Bulgaria,Bulgaria,BG,581.36,606.93,39.3,9.56,eso.bg,false,
2022-10-25 02:00:00,Bulgaria,Bulgaria,BG,577.17,603.34,39.32,9.4,eso.bg,false,
2022-10-25 03:00:00,Bulgaria,Bulgaria,BG,624.89,648.57,35.66,7.29,eso.bg,false,
2022-10-25 04:00:00,Bulgaria,Bulgaria,BG,669.03,690.27,32.21,6.2,eso.bg,false,
2022-10-25 05:00:00,Bulgaria,Bulgaria,BG,646.45,667.31,34.63,10.06,eso.bg,false,
2022-10-25 06:00:00,Bulgaria,Bulgaria,BG,612.86,632.96,38.51,14.82,eso.bg,false,
2022-10-25 07:00:00,Bulgaria,Bulgaria,BG,606.76,625.96,39.59,15.89,eso.bg,false,
2022-10-25 08:00:00,Bulgaria,Bulgaria,BG,605.22,624.57,39.9,16.64,eso.bg,false,
2022-10-25 09:00:00,Bulgaria,Bulgaria,BG,590.91,610.55,41.26,17.9,eso.bg,false,
2022-10-25 10:00:00,Bulgaria,Bulgaria,BG,551.5,570.9,44.84,21.28,eso.bg,false,
2022-10-25 11:00:00,Bulgaria,Bulgaria,BG,575.46,595.44,42.49,18.49,eso.bg,false,
2022-10-25 12:00:00,Bulgaria,Bulgaria,BG,529.25,550.73,46.32,19.86,eso.bg,false,
2022-10-25 13:00:00,Bulgaria,Bulgaria,BG,554.66,577.76,43.22,17.17,eso.bg,false,
2022-10-25 14:00:00,Bulgaria,Bulgaria,BG,586.76,609.89,39.95,13.69,eso.bg,false,
2022-10-25 15:00:00,Bulgaria,Bulgaria,BG,581.55,603.43,40.75,17.0,eso.bg,false,
2022-10-25 16:00:00,Bulgaria,Bulgaria,BG,542.82,563.3,44.92,22.95,eso.bg,false,
2022-10-25 17:00:00,Bulgaria,Bulgaria,BG,534.54,555.0,45.75,23.24,eso.bg,false,
2022-10-25 18:00:00,Bulgaria,Bulgaria,BG,553.65,573.13,44.3,20.85,eso.bg,false,
2022-10-25 19:00:00,Bulgaria,Bulgaria,BG,552.36,574.11,43.64,18.32,eso.bg,false,
2022-10-25 20:00:00,Bulgaria,Bulgaria,BG,537.22,560.73,44.44,16.6,eso.bg,false,
2022-10-25 21:00:00,Bulgaria,Bulgaria,BG,516.88,540.62,46.41,17.8,eso.bg,false,
2022-10-25 22:00:00,Bulgaria,Bulgaria,BG,527.86,551.66,45.33,16.85,eso.bg,false,
2022-10-25 23:00:00,Bulgaria,Bulgaria,BG,540.12,563.79,44.15,15.96,eso.bg,false,
2022-10-26 00:00:00,Bulgaria,Bulgaria,BG,563.9,587.43,41.91,14.08,eso.bg,false,
2022-10-26 01:00:00,Bulgaria,Bulgaria,BG,569.26,592.6,41.4,13.46,eso.bg,false,
2022-10-26 02:00:00,Bulgaria,Bulgaria,BG,562.31,585.68,41.99,13.95,eso.bg,false,
2022-10-26 03:00:00,Bulgaria,Bulgaria,BG,571.56,595.52,40.75,13.61,eso.bg,false,
2022-10-26 04:00:00,Bulgaria,Bulgaria,BG,598.93,620.59,38.94,14.13,eso.bg,false,
2022-10-26 05:00:00,Bulgaria,Bulgaria,BG,619.19,639.57,37.49,13.6,eso.bg,false,
2022-10-26 06:00:00,Bulgaria,Bulgaria,BG,610.7,630.36,38.87,15.73,eso.bg,false,
2022-10-26 07:00:00,Bulgaria,Bulgaria,BG,607.64,626.32,39.71,17.03,eso.bg,false,
2022-10-26 08:00:00,Bulgaria,Bulgaria,BG,568.93,588.73,43.16,19.16,eso.bg,false,
2022-10-26 09:00:00,Bulgaria,Bulgaria,BG,547.36,567.39,45.01,20.08,eso.bg,false,
2022-10-26 10:00:00,Bulgaria,Bulgaria,BG,540.81,561.38,45.48,20.39,eso.bg,false,
2022-10-26 11:00:00,Bulgaria,Bulgaria,BG,541.21,561.84,45.43,20.0,eso.bg,false,
2022-10-26 12:00:00,Bulgaria,Bulgaria,BG,548.44,569.28,44.6,18.62,eso.bg,false,
2022-10-26 13:00:00,Bulgaria,Bulgaria,BG,589.1,610.46,40.41,14.86,eso.bg,false,
2022-10-26 14:00:00,Bulgaria,Bulgaria,BG,627.61,648.47,36.53,11.73,eso.bg,false,
2022-10-26 15:00:00,Bulgaria,Bulgaria,BG,638.56,658.55,35.52,12.24,eso.bg,false,
2022-10-26 16:00:00,Bulgaria,Bulgaria,BG,591.41,608.86,40.84,19.22,eso.bg,false,
2022-10-26 17:00:00,Bulgaria,Bulgaria,BG,590.06,608.6,40.67,18.56,eso.bg,false,
2022-10-26 18:00:00,Bulgaria,Bulgaria,BG,595.81,613.88,40.38,17.67,eso.bg,false,
2022-10-26 19:00:00,Bulgaria,Bulgaria,BG,609.25,629.87,38.27,13.59,eso.bg,false,
2022-10-26 20:00:00,Bulgaria,Bulgaria,BG,649.34,672.37,33.6,7.26,eso.bg,false,
2022-10-26 21:00:00,Bulgaria,Bulgaria,BG,610.22,634.2,36.88,8.39,eso.bg,false,
2022-10-26 22:00:00,Bulgaria,Bulgaria,BG,605.22,629.28,37.37,8.35,eso.bg,false,
2022-10-26 23:00:00,Bulgaria,Bulgaria,BG,579.26,605.07,39.1,8.86,eso.bg,false,
2022-10-27 00:00:00,Bulgaria,Bulgaria,BG,584.26,610.19,38.46,7.98,eso.bg,false,
2022-10-27 01:00:00,Bulgaria,Bulgaria,BG,591.63,617.66,37.64,7.33,eso.bg,false,
2022-10-27 02:00:00,Bulgaria,Bulgaria,BG,598.31,624.16,37.03,7.09,eso.bg,false,
2022-10-27 03:00:00,Bulgaria,Bulgaria,BG,622.62,648.13,34.68,6.39,eso.bg,false,
2022-10-27 04:00:00,Bulgaria,Bulgaria,BG,662.95,685.79,31.86,6.44,eso.bg,false,
2022-10-27 05:00:00,Bulgaria,Bulgaria,BG,671.47,692.59,31.67,6.94,eso.bg,false,
2022-10-27 06:00:00,Bulgaria,Bulgaria,BG,633.27,653.42,36.07,12.16,eso.bg,false,
2022-10-27 07:00:00,Bulgaria,Bulgaria,BG,612.67,631.8,38.83,15.0,eso.bg,false,
2022-10-27 08:00:00,Bulgaria,Bulgaria,BG,583.77,603.16,41.67,17.58,eso.bg,false,
2022-10-27 09:00:00,Bulgaria,Bulgaria,BG,553.52,573.69,44.28,18.75,eso.bg,false,
2022-10-27 10:00:00,Bulgaria,Bulgaria,BG,535.78,557.54,45.32,19.67,eso.bg,false,
2022-10-27 11:00:00,Bulgaria,Bulgaria,BG,537.98,559.77,45.04,18.87,eso.bg,false,
2022-10-27 12:00:00,Bulgaria,Bulgaria,BG,545.29,567.59,44.01,17.38,eso.bg,false,
2022-10-27 13:00:00,Bulgaria,Bulgaria,BG,586.58,608.33,40.12,13.94,eso.bg,false,
2022-10-27 14:00:00,Bulgaria,Bulgaria,BG,628.22,650.1,35.46,11.14,eso.bg,false,
2022-10-27 15:00:00,Bulgaria,Bulgaria,BG,612.39,633.61,37.03,13.78,eso.bg,false,
2022-10-27 16:00:00,Bulgaria,Bulgaria,BG,575.32,594.51,41.56,19.61,eso.bg,false,
2022-10-27 17:00:00,Bulgaria,Bulgaria,BG,586.8,605.52,40.68,18.16,eso.bg,false,
2022-10-27 18:00:00,Bulgaria,Bulgaria,BG,600.34,619.14,39.36,16.16,eso.bg,false,
2022-10-27 19:00:00,Bulgaria,Bulgaria,BG,628.73,649.68,36.09,10.86,eso.bg,false,
2022-10-27 20:00:00,Bulgaria,Bulgaria,BG,662.72,684.07,32.77,5.6,eso.bg,false,
2022-10-27 21:00:00,Bulgaria,Bulgaria,BG,640.67,663.11,34.52,5.08,eso.bg,false,
2022-10-27 22:00:00,Bulgaria,Bulgaria,BG,626.09,647.61,36.24,4.97,eso.bg,false,
2022-10-27 23:00:00,Bulgaria,Bulgaria,BG,615.59,637.97,36.96,5.46,eso.bg,false,
2022-10-28 00:00:00,Bulgaria,Bulgaria,BG,614.66,637.46,36.88,5.71,eso.bg,false,
2022-10-28 01:00:00,Bulgaria,Bulgaria,BG,627.09,648.9,35.94,5.17,eso.bg,false,
2022-10-28 02:00:00,Bulgaria,Bulgaria,BG,633.15,654.65,35.33,5.04,eso.bg,false,
2022-10-28 03:00:00,Bulgaria,Bulgaria,BG,623.54,644.98,35.8,6.95,eso.bg,false,
2022-10-28 04:00:00,Bulgaria,Bulgaria,BG,665.83,686.4,32.3,7.74,eso.bg,false,
2022-10-28 05:00:00,Bulgaria,Bulgaria,BG,660.38,680.43,33.24,10.44,eso.bg,false,
2022-10-28 06:00:00,Bulgaria,Bulgaria,BG,655.72,674.04,34.98,12.28,eso.bg,false,
2022-10-28 07:00:00,Bulgaria,Bulgaria,BG,579.8,599.72,41.78,18.26,eso.bg,false,
2022-10-28 08:00:00,Bulgaria,Bulgaria,BG,566.04,586.01,43.3,20.34,eso.bg,false,
2022-10-28 09:00:00,Bulgaria,Bulgaria,BG,539.04,560.44,45.29,22.5,eso.bg,false,
2022-10-28 10:00:00,Bulgaria,Bulgaria,BG,554.45,574.57,44.46,21.41,eso.bg,false,
2022-10-28 11:00:00,Bulgaria,Bulgaria,BG,552.74,573.04,44.5,21.7,eso.bg,false,
2022-10-28 12:00:00,Bulgaria,Bulgaria,BG,556.36,576.77,44.02,20.96,eso.bg,false,
2022-10-28 13:00:00,Bulgaria,Bulgaria,BG,576.81,597.64,41.61,18.13,eso.bg,false,
2022-10-28 14:00:00,Bulgaria,Bulgaria,BG,618.43,639.65,36.9,13.3,eso.bg,false,
2022-10-28 15:00:00,Bulgaria,Bulgaria,BG,639.25,659.34,35.09,12.66,eso.bg,false,
2022-10-28 16:00:00,Bulgaria,Bulgaria,BG,612.55,632.25,37.98,17.62,eso.bg,false,
2022-10-28 17:00:00,Bulgaria,Bulgaria,BG,593.54,613.1,39.76,18.62,eso.bg,false,
2022-10-28 18:00:00,Bulgaria,Bulgaria,BG,618.27,636.49,38.04,15.61,eso.bg,false,
2022-10-28 19:00:00,Bulgaria,Bulgaria,BG,649.62,668.05,34.99,10.58,eso.bg,false,
2022-10-28 20:00:00,Bulgaria,Bulgaria,BG,669.96,688.95,32.82,6.74,eso.bg,false,
2022-10-28 21:00:00,Bulgaria,Bulgaria,BG,628.49,650.03,35.86,6.14,eso.bg,false,
2022-10-28 22:00:00,Bulgaria,Bulgaria,BG,629.57,651.1,35.71,4.33,eso.bg,false,
2022-10-28 23:00:00,Bulgaria,Bulgaria,BG,617.71,640.06,36.72,5.46,eso.bg,false,
2022-10-29 00:00:00,Bulgaria,Bulgaria,BG,618.57,640.52,36.59,4.9,eso.bg,false,
2022-10-29 01:00:00,Bulgaria,Bulgaria,BG,632.77,654.17,35.41,4.39,eso.bg,false,
2022-10-29 02:00:00,Bulgaria,Bulgaria,BG,638.15,659.38,34.9,4.17,eso.bg,false,
2022-10-29 03:00:00,Bulgaria,Bulgaria,BG,640.53,661.99,34.52,4.13,eso.bg,false,
2022-10-29 04:00:00,Bulgaria,Bulgaria,BG,655.2,675.77,33.13,3.4,eso.bg,false,
2022-10-29 05:00:00,Bulgaria,Bulgaria,BG,641.84,663.34,34.44,6.52,eso.bg,false,
2022-10-29 06:00:00,Bulgaria,Bulgaria,BG,610.49,629.25,38.81,13.89,eso.bg,false,
2022-10-29 07:00:00,Bulgaria,Bulgaria,BG,589.65,609.52,40.7,15.91,eso.bg,false,
2022-10-29 08:00:00,Bulgaria,Bulgaria,BG,546.62,567.82,44.44,19.47,eso.bg,false,
2022-10-29 09:00:00,Bulgaria,Bulgaria,BG,538.78,560.77,45.08,21.54,eso.bg,false,
2022-10-29 10:00:00,Bulgaria,Bulgaria,BG,506.02,527.87,48.11,21.76,eso.bg,false,
2022-10-29 11:00:00,Bulgaria,Bulgaria,BG,461.84,482.25,52.68,20.42,eso.bg,false,
2022-10-29 12:00:00,Bulgaria,Bulgaria,BG,486.68,506.47,50.51,18.27,eso.bg,false,
2022-10-29 13:00:00,Bulgaria,Bulgaria,BG,492.09,511.72,49.69,14.5,eso.bg,false,
2022-10-29 14:00:00,Bulgaria,Bulgaria,BG,544.84,564.44,44.42,8.88,eso.bg,false,
2022-10-29 15:00:00,Bulgaria,Bulgaria,BG,539.25,556.85,45.43,11.43,eso.bg,false,
2022-10-29 16:00:00,Bulgaria,Bulgaria,BG,512.31,529.12,48.41,18.16,eso.bg,false,
2022-10-29 17:00:00,Bulgaria,Bulgaria,BG,511.87,528.66,48.44,18.39,eso.bg,false,
2022-10-29 18:00:00,Bulgaria,Bulgaria,BG,538.82,559.53,44.8,20.01,eso.bg,false,
2022-10-29 19:00:00,Bulgaria,Bulgaria,BG,559.97,583.93,41.71,13.02,eso.bg,false,
2022-10-29 20:00:00,Bulgaria,Bulgaria,BG,582.29,605.24,39.92,9.23,eso.bg,false,
2022-10-29 21:00:00,Bulgaria,Bulgaria,BG,597.79,620.54,38.55,7.87,eso.bg,false,
2022-10-29 22:00:00,Bulgaria,Bulgaria,BG,624.07,644.7,36.49,6.21,eso.bg,false,
2022-10-29 23:00:00,Bulgaria,Bulgaria,BG,624.09,643.11,37.24,10.98,eso.bg,false,
2022-10-30 00:00:00,Bulgaria,Bulgaria,BG,646.61,666.24,34.84,7.14,eso.bg,false,
2022-10-30 01:00:00,Bulgaria,Bulgaria,BG,647.8,666.97,34.79,7.32,eso.bg,false,
2022-10-30 02:00:00,Bulgaria,Bulgaria,BG,661.76,680.93,33.49,6.0,eso.bg,false,
2022-10-30 03:00:00,Bulgaria,Bulgaria,BG,654.12,673.93,34.06,6.52,eso.bg,false,
2022-10-30 04:00:00,Bulgaria,Bulgaria,BG,660.37,679.77,33.61,6.6,eso.bg,false,
2022-10-30 05:00:00,Bulgaria,Bulgaria,BG,640.18,659.27,35.62,9.14,eso.bg,false,
2022-10-30 06:00:00,Bulgaria,Bulgaria,BG,575.99,594.51,42.32,19.21,eso.bg,false,
2022-10-30 07:00:00,Bulgaria,Bulgaria,BG,535.74,554.45,46.32,24.91,eso.bg,false,
2022-10-30 08:00:00,Bulgaria,Bulgaria,BG,518.07,536.94,48.1,27.16,eso.bg,false,
2022-10-30 09:00:00,Bulgaria,Bulgaria,BG,535.28,554.62,46.44,25.06,eso.bg,false,
2022-10-30 10:00:00,Bulgaria,Bulgaria,BG,533.49,552.67,46.65,25.27,eso.bg,false,
2022-10-30 11:00:00,Bulgaria,Bulgaria,BG,544.67,564.01,45.5,23.74,eso.bg,false,
2022-10-30 12:00:00,Bulgaria,Bulgaria,BG,558.37,577.55,44.11,21.63,eso.bg,false,
2022-10-30 13:00:00,Bulgaria,Bulgaria,BG,566.55,585.17,43.33,20.73,eso.bg,false,
2022-10-30 14:00:00,Bulgaria,Bulgaria,BG,574.99,593.4,42.14,19.63,eso.bg,false,
2022-10-30 15:00:00,Bulgaria,Bulgaria,BG,534.55,552.63,46.08,24.5,eso.bg,false,
2022-10-30 16:00:00,Bulgaria,Bulgaria,BG,508.0,525.25,48.91,28.44,eso.bg,false,
2022-10-30 17:00:00,Bulgaria,Bulgaria,BG,510.17,526.89,48.84,28.5,eso.bg,false,
2022-10-30 18:00:00,Bulgaria,Bulgaria,BG,511.53,528.19,48.72,28.34,eso.bg,false,
2022-10-30 19:00:00,Bulgaria,Bulgaria,BG,521.64,538.53,47.67,26.76,eso.bg,false,
2022-10-30 20:00:00,Bulgaria,Bulgaria,BG,566.2,584.66,43.01,19.57,eso.bg,false,
2022-10-30 21:00:00,Bulgaria,Bulgaria,BG,569.56,589.25,42.34,17.36,eso.bg,false,
2022-10-30 22:00:00,Bulgaria,Bulgaria,BG,557.52,577.0,43.45,18.1,eso.bg,false,
2022-10-30 23:00:00,Bulgaria,Bulgaria,BG,578.18,602.61,39.91,9.01,eso.bg,false,
2022-10-31 00:00:00,Bulgaria,Bulgaria,BG,616.73,638.61,36.77,4.9,eso.bg,false,
2022-10-31 01:00:00,Bulgaria,Bulgaria,BG,610.58,632.72,37.31,5.56,eso.bg,false,
2022-10-31 02:00:00,Bulgaria,Bulgaria,BG,593.83,618.39,38.12,7.19,eso.bg,false,
2022-10-31 03:00:00,Bulgaria,Bulgaria,BG,590.85,615.59,38.21,7.66,eso.bg,false,
2022-10-31 04:00:00,Bulgaria,Bulgaria,BG,604.75,628.25,37.24,9.14,eso.bg,false,
2022-10-31 05:00:00,Bulgaria,Bulgaria,BG,600.36,623.0,38.11,12.13,eso.bg,false,
2022-10-31 06:00:00,Bulgaria,Bulgaria,BG,587.98,608.9,40.25,15.84,eso.bg,false,
2022-10-31 07:00:00,Bulgaria,Bulgaria,BG,572.35,593.57,42.0,17.49,eso.bg,false,
2022-10-31 08:00:00,Bulgaria,Bulgaria,BG,547.21,569.06,44.38,18.92,eso.bg,false,
2022-10-31 09:00:00,Bulgaria,Bulgaria,BG,542.19,563.76,44.91,19.31,eso.bg,false,
2022-10-31 10:00:00,Bulgaria,Bulgaria,BG,531.21,553.04,45.96,20.52,eso.bg,false,
2022-10-31 11:00:00,Bulgaria,Bulgaria,BG,552.95,574.32,43.98,18.43,eso.bg,false,
2022-10-31 12:00:00,Bulgaria,Bulgaria,BG,574.9,596.21,41.88,15.96,eso.bg,false,
2022-10-31 13:00:00,Bulgaria,Bulgaria,BG,587.41,609.24,40.44,14.74,eso.bg,false,
2022-10-31 14:00:00,Bulgaria,Bulgaria,BG,627.8,650.88,35.82,10.12,eso.bg,false,
2022-10-31 15:00:00,Bulgaria,Bulgaria,BG,614.53,637.88,36.82,11.51,eso.bg,false,
2022-10-31 16:00:00,Bulgaria,Bulgaria,BG,592.1,614.25,39.6,16.2,eso.bg,false,
2022-10-31 17:00:00,Bulgaria,Bulgaria,BG,595.71,616.48,39.64,16.58,eso.bg,false,
2022-10-31 18:00:00,Bulgaria,Bulgaria,BG,591.67,613.04,39.82,16.02,eso.bg,false,
2022-10-31 19:00:00,Bulgaria,Bulgaria,BG,596.95,620.22,38.88,13.97,eso.bg,false,
2022-10-31 20:00:00,Bulgaria,Bulgaria,BG,608.56,633.68,37.28,10.24,eso.bg,false,
2022-10-31 21:00:00,Bulgaria,Bulgaria,BG,620.45,645.08,36.05,7.08,eso.bg,false,
2022-10-31 22:00:00,Bulgaria,Bulgaria,BG,590.8,616.91,38.29,7.1,eso.bg,false,
2022-10-31 23:00:00,Bulgaria,Bulgaria,BG,625.75,649.15,35.93,5.12,eso.bg,false,
2022-11-01 00:00:00,Bulgaria,Bulgaria,BG,639.98,662.96,34.73,4.45,eso.bg,false,
2022-11-01 01:00:00,Bulgaria,Bulgaria,BG,657.35,678.67,33.42,3.49,eso.bg,false,
2022-11-01 02:00:00,Bulgaria,Bulgaria,BG,658.28,680.79,32.8,3.67,eso.bg,false,
2022-11-01 03:00:00,Bulgaria,Bulgaria,BG,656.92,680.2,32.69,4.1,eso.bg,false,
2022-11-01 04:00:00,Bulgaria,Bulgaria,BG,638.95,664.33,33.6,5.21,eso.bg,false,
2022-11-01 05:00:00,Bulgaria,Bulgaria,BG,648.26,672.2,33.32,6.67,eso.bg,false,
2022-11-01 06:00:00,Bulgaria,Bulgaria,BG,634.11,655.86,35.5,10.7,eso.bg,false,
2022-11-01 07:00:00,Bulgaria,Bulgaria,BG,592.07,613.15,40.23,16.25,eso.bg,false,
2022-11-01 08:00:00,Bulgaria,Bulgaria,BG,583.64,604.39,41.45,17.81,eso.bg,false,
2022-11-01 09:00:00,Bulgaria,Bulgaria,BG,597.22,617.27,40.58,18.36,eso.bg,false,
2022-11-01 10:00:00,Bulgaria,Bulgaria,BG,585.19,605.7,41.52,18.84,eso.bg,false,
2022-11-01 11:00:00,Bulgaria,Bulgaria,BG,577.24,598.3,41.95,18.63,eso.bg,false,
2022-11-01 12:00:00,Bulgaria,Bulgaria,BG,570.58,592.3,42.06,17.87,eso.bg,false,
2022-11-01 13:00:00,Bulgaria,Bulgaria,BG,594.65,617.28,38.87,13.74,eso.bg,false,
2022-11-01 14:00:00,Bulgaria,Bulgaria,BG,617.07,638.21,37.34,11.53,eso.bg,false,
2022-11-01 15:00:00,Bulgaria,Bulgaria,BG,635.8,657.11,35.3,10.33,eso.bg,false,
2022-11-01 16:00:00,Bulgaria,Bulgaria,BG,600.03,618.92,39.72,17.02,eso.bg,false,
2022-11-01 17:00:00,Bulgaria,Bulgaria,BG,550.76,570.38,44.29,22.63,eso.bg,false,
2022-11-01 18:00:00,Bulgaria,Bulgaria,BG,545.36,565.31,44.71,22.43,eso.bg,false,
2022-11-01 19:00:00,Bulgaria,Bulgaria,BG,565.45,586.32,42.58,19.21,eso.bg,false,
2022-11-01 20:00:00,Bulgaria,Bulgaria,BG,606.21,629.13,38.05,11.9,eso.bg,false,
2022-11-01 21:00:00,Bulgaria,Bulgaria,BG,610.59,634.0,37.41,10.11,eso.bg,false,
2022-11-01 22:00:00,Bulgaria,Bulgaria,BG,606.0,629.06,37.89,9.45,eso.bg,false,
2022-11-01 23:00:00,Bulgaria,Bulgaria,BG,587.61,611.81,39.33,10.27,eso.bg,false,
2022-11-02 00:00:00,Bulgaria,Bulgaria,BG,585.88,610.02,39.45,10.25,eso.bg,false,
2022-11-02 01:00:00,Bulgaria,Bulgaria,BG,585.64,609.76,39.48,10.55,eso.bg,false,
2022-11-02 02:00:00,Bulgaria,Bulgaria,BG,581.17,605.39,39.75,10.87,eso.bg,false,
2022-11-02 03:00:00,Bulgaria,Bulgaria,BG,575.26,600.55,39.96,11.18,eso.bg,false,
2022-11-02 04:00:00,Bulgaria,Bulgaria,BG,627.8,650.92,35.82,9.02,eso.bg,false,
2022-11-02 05:00:00,Bulgaria,Bulgaria,BG,675.69,695.99,32.29,7.85,eso.bg,false,
2022-11-02 06:00:00,Bulgaria,Bulgaria,BG,663.28,681.63,34.38,10.99,eso.bg,false,
2022-11-02 07:00:00,Bulgaria,Bulgaria,BG,638.55,656.75,37.0,14.75,eso.bg,false,
2022-11-02 08:00:00,Bulgaria,Bulgaria,BG,627.86,646.07,38.18,16.82,eso.bg,false,
2022-11-02 09:00:00,Bulgaria,Bulgaria,BG,630.51,648.9,37.97,16.7,eso.bg,false,
2022-11-02 10:00:00,Bulgaria,Bulgaria,BG,632.08,650.65,37.74,16.44,eso.bg,false,
2022-11-02 11:00:00,Bulgaria,Bulgaria,BG,628.41,646.94,38.11,16.77,eso.bg,false,
2022-11-02 12:00:00,Bulgaria,Bulgaria,BG,644.49,662.78,36.53,14.87,eso.bg,false,
2022-11-02 13:00:00,Bulgaria,Bulgaria,BG,665.46,683.26,34.55,12.4,eso.bg,false,
2022-11-02 14:00:00,Bulgaria,Bulgaria,BG,682.63,699.71,32.78,9.67,eso.bg,false,
2022-11-02 15:00:00,Bulgaria,Bulgaria,BG,691.95,709.04,31.73,8.95,eso.bg,false,
2022-11-02 16:00:00,Bulgaria,Bulgaria,BG,645.3,661.89,36.35,15.35,eso.bg,false,
2022-11-02 17:00:00,Bulgaria,Bulgaria,BG,635.44,651.99,37.29,16.56,eso.bg,false,
2022-11-02 18:00:00,Bulgaria,Bulgaria,BG,624.31,640.89,38.27,16.9,eso.bg,false,
2022-11-02 19:00:00,Bulgaria,Bulgaria,BG,630.88,648.03,37.55,15.2,eso.bg,false,
2022-11-02 20:00:00,Bulgaria,Bulgaria,BG,667.32,686.97,33.4,8.61,eso.bg,false,
2022-11-02 21:00:00,Bulgaria,Bulgaria,BG,646.92,668.16,34.87,8.72,eso.bg,false,
2022-11-02 22:00:00,Bulgaria,Bulgaria,BG,577.78,600.51,40.85,13.29,eso.bg,false,
2022-11-02 23:00:00,Bulgaria,Bulgaria,BG,570.58,593.28,41.48,13.4,eso.bg,false,
2022-11-03 00:00:00,Bulgaria,Bulgaria,BG,565.32,588.56,41.8,13.69,eso.bg,false,
2022-11-03 01:00:00,Bulgaria,Bulgaria,BG,573.92,596.99,41.03,12.73,eso.bg,false,
2022-11-03 02:00:00,Bulgaria,Bulgaria,BG,586.41,609.76,39.68,11.34,eso.bg,false,
2022-11-03 03:00:00,Bulgaria,Bulgaria,BG,583.15,607.28,39.6,11.44,eso.bg,false,
2022-11-03 04:00:00,Bulgaria,Bulgaria,BG,639.84,661.01,35.3,9.49,eso.bg,false,
2022-11-03 05:00:00,Bulgaria,Bulgaria,BG,689.56,707.77,31.69,8.17,eso.bg,false,
2022-11-03 06:00:00,Bulgaria,Bulgaria,BG,674.55,692.13,33.35,10.03,eso.bg,false,
2022-11-03 07:00:00,Bulgaria,Bulgaria,BG,648.74,666.93,35.9,13.44,eso.bg,false,
2022-11-03 08:00:00,Bulgaria,Bulgaria,BG,624.07,642.63,38.29,16.25,eso.bg,false,
2022-11-03 09:00:00,Bulgaria,Bulgaria,BG,579.46,599.16,42.07,18.58,eso.bg,false,
2022-11-03 10:00:00,Bulgaria,Bulgaria,BG,553.44,574.11,43.95,19.15,eso.bg,false,
2022-11-03 11:00:00,Bulgaria,Bulgaria,BG,580.66,601.14,41.39,16.66,eso.bg,false,
2022-11-03 12:00:00,Bulgaria,Bulgaria,BG,584.17,605.39,40.82,15.46,eso.bg,false,
2022-11-03 13:00:00,Bulgaria,Bulgaria,BG,653.55,672.85,34.88,11.65,eso.bg,false,
2022-11-03 14:00:00,Bulgaria,Bulgaria,BG,694.71,713.01,31.06,8.44,eso.bg,false,
2022-11-03 15:00:00,Bulgaria,Bulgaria,BG,689.79,708.6,31.15,7.93,eso.bg,false,
2022-11-03 16:00:00,Bulgaria,Bulgaria,BG,638.15,655.64,36.64,15.87,eso.bg,false,
2022-11-03 17:00:00,Bulgaria,Bulgaria,BG,625.22,642.45,37.93,17.19,eso.bg,false,
2022-11-03 18:00:00,Bulgaria,Bulgaria,BG,620.64,638.06,38.28,17.28,eso.bg,false,
2022-11-03 19:00:00,Bulgaria,Bulgaria,BG,630.77,648.51,37.19,15.64,eso.bg,false,
2022-11-03 20:00:00,Bulgaria,Bulgaria,BG,682.16,702.82,31.47,7.91,eso.bg,false,
2022-11-03 21:00:00,Bulgaria,Bulgaria,BG,689.6,711.18,30.51,6.33,eso.bg,false,
2022-11-03 22:00:00,Bulgaria,Bulgaria,BG,629.44,654.89,34.85,7.38,eso.bg,false,
2022-11-03 23:00:00,Bulgaria,Bulgaria,BG,625.87,651.5,35.38,7.37,eso.bg,false,
2022-11-04 00:00:00,Bulgaria,Bulgaria,BG,618.06,644.3,35.93,7.14,eso.bg,false,
2022-11-04 01:00:00,Bulgaria,Bulgaria,BG,616.85,642.65,36.03,7.01,eso.bg,false,
2022-11-04 02:00:00,Bulgaria,Bulgaria,BG,611.92,638.14,36.3,7.39,eso.bg,false,
2022-11-04 03:00:00,Bulgaria,Bulgaria,BG,610.31,636.49,36.35,7.82,eso.bg,false,
2022-11-04 04:00:00,Bulgaria,Bulgaria,BG,662.06,685.44,32.44,7.19,eso.bg,false,
2022-11-04 05:00:00,Bulgaria,Bulgaria,BG,681.13,703.25,31.04,8.08,eso.bg,false,
2022-11-04 06:00:00,Bulgaria,Bulgaria,BG,650.32,670.66,34.63,12.47,eso.bg,false,
2022-11-04 07:00:00,Bulgaria,Bulgaria,BG,625.53,644.69,37.62,15.93,eso.bg,false,
2022-11-04 08:00:00,Bulgaria,Bulgaria,BG,615.15,634.8,38.61,17.68,eso.bg,false,
2022-11-04 09:00:00,Bulgaria,Bulgaria,BG,609.77,629.21,39.41,18.89,eso.bg,false,
2022-11-04 10:00:00,Bulgaria,Bulgaria,BG,601.5,620.96,40.17,19.53,eso.bg,false,
2022-11-04 11:00:00,Bulgaria,Bulgaria,BG,602.34,622.03,40.06,19.76,eso.bg,false,
2022-11-04 12:00:00,Bulgaria,Bulgaria,BG,629.0,648.35,37.45,16.89,eso.bg,false,
2022-11-04 13:00:00,Bulgaria,Bulgaria,BG,652.7,671.21,35.32,13.89,eso.bg,false,
2022-11-04 14:00:00,Bulgaria,Bulgaria,BG,644.79,665.1,35.54,13.5,eso.bg,false,
2022-11-04 15:00:00,Bulgaria,Bulgaria,BG,637.5,658.43,36.02,13.65,eso.bg,false,
2022-11-04 16:00:00,Bulgaria,Bulgaria,BG,591.11,611.69,40.57,20.05,eso.bg,false,
2022-11-04 17:00:00,Bulgaria,Bulgaria,BG,591.49,611.92,40.56,20.01,eso.bg,false,
2022-11-04 18:00:00,Bulgaria,Bulgaria,BG,592.69,613.65,40.31,19.42,eso.bg,false,
2022-11-04 19:00:00,Bulgaria,Bulgaria,BG,600.44,621.53,39.51,18.15,eso.bg,false,
2022-11-04 20:00:00,Bulgaria,Bulgaria,BG,602.54,625.12,38.98,16.64,eso.bg,false,
2022-11-04 21:00:00,Bulgaria,Bulgaria,BG,618.32,641.84,37.23,13.85,eso.bg,false,
2022-11-04 22:00:00,Bulgaria,Bulgaria,BG,608.55,633.18,37.75,12.65,eso.bg,false,
2022-11-04 23:00:00,Bulgaria,Bulgaria,BG,587.02,612.34,39.59,13.42,eso.bg,false,
2022-11-05 00:00:00,Bulgaria,Bulgaria,BG,570.86,595.35,41.24,14.93,eso.bg,false,
2022-11-05 01:00:00,Bulgaria,Bulgaria,BG,587.15,611.49,39.65,13.37,eso.bg,false,
2022-11-05 02:00:00,Bulgaria,Bulgaria,BG,574.5,599.82,40.5,13.42,eso.bg,false,
2022-11-05 03:00:00,Bulgaria,Bulgaria,BG,574.88,600.35,40.46,12.95,eso.bg,false,
2022-11-05 04:00:00,Bulgaria,Bulgaria,BG,609.96,634.41,37.52,10.88,eso.bg,false,
2022-11-05 05:00:00,Bulgaria,Bulgaria,BG,620.46,643.95,36.84,10.86,eso.bg,false,
2022-11-05 06:00:00,Bulgaria,Bulgaria,BG,625.26,646.72,37.06,13.53,eso.bg,false,
2022-11-05 07:00:00,Bulgaria,Bulgaria,BG,598.39,619.79,39.77,17.25,eso.bg,false,
2022-11-05 08:00:00,Bulgaria,Bulgaria,BG,574.92,595.96,42.11,19.55,eso.bg,false,
2022-11-05 09:00:00,Bulgaria,Bulgaria,BG,559.35,580.79,43.39,19.41,eso.bg,false,
2022-11-05 10:00:00,Bulgaria,Bulgaria,BG,534.09,557.05,45.46,20.72,eso.bg,false,
2022-11-05 11:00:00,Bulgaria,Bulgaria,BG,544.25,566.99,44.46,19.28,eso.bg,false,
2022-11-05 12:00:00,Bulgaria,Bulgaria,BG,564.57,586.82,42.53,16.76,eso.bg,false,
2022-11-05 13:00:00,Bulgaria,Bulgaria,BG,582.56,605.63,40.43,13.45,eso.bg,false,
2022-11-05 14:00:00,Bulgaria,Bulgaria,BG,628.78,649.81,36.66,12.3,eso.bg,false,
2022-11-05 15:00:00,Bulgaria,Bulgaria,BG,624.73,644.84,37.25,12.31,eso.bg,false,
2022-11-05 16:00:00,Bulgaria,Bulgaria,BG,574.41,593.04,42.3,13.71,eso.bg,false,
2022-11-05 17:00:00,Bulgaria,Bulgaria,BG,560.33,578.03,43.88,15.34,eso.bg,false,
2022-11-05 18:00:00,Bulgaria,Bulgaria,BG,552.36,571.57,44.26,14.23,eso.bg,false,
2022-11-05 19:00:00,Bulgaria,Bulgaria,BG,540.75,560.57,45.21,13.64,eso.bg,false,
2022-11-05 20:00:00,Bulgaria,Bulgaria,BG,547.89,568.81,44.26,10.98,eso.bg,false,
2022-11-05 21:00:00,Bulgaria,Bulgaria,BG,520.49,542.99,46.35,11.3,eso.bg,false,
2022-11-05 22:00:00,Bulgaria,Bulgaria,BG,503.74,526.35,47.88,12.11,eso.bg,false,
2022-11-05 23:00:00,Bulgaria,Bulgaria,BG,500.13,522.12,48.33,11.92,eso.bg,false,
2022-11-06 00:00:00,Bulgaria,Bulgaria,BG,497.06,518.29,48.73,11.79,eso.bg,false,
2022-11-06 01:00:00,Bulgaria,Bulgaria,BG,501.94,522.58,48.28,10.12,eso.bg,false,
2022-11-06 02:00:00,Bulgaria,Bulgaria,BG,502.03,522.33,48.3,9.59,eso.bg,false,
2022-11-06 03:00:00,Bulgaria,Bulgaria,BG,503.89,524.08,48.16,9.37,eso.bg,false,
2022-11-06 04:00:00,Bulgaria,Bulgaria,BG,504.02,524.07,48.15,9.36,eso.bg,false,
2022-11-06 05:00:00,Bulgaria,Bulgaria,BG,499.81,519.57,48.61,10.09,eso.bg,false,
2022-11-06 06:00:00,Bulgaria,Bulgaria,BG,501.98,521.53,48.53,10.42,eso.bg,false,
2022-11-06 07:00:00,Bulgaria,Bulgaria,BG,496.23,515.98,49.25,12.74,eso.bg,false,
2022-11-06 08:00:00,Bulgaria,Bulgaria,BG,477.44,497.53,51.0,14.26,eso.bg,false,
2022-11-06 09:00:00,Bulgaria,Bulgaria,BG,500.58,519.87,49.17,13.86,eso.bg,false,
2022-11-06 10:00:00,Bulgaria,Bulgaria,BG,504.97,524.09,48.88,14.03,eso.bg,false,
2022-11-06 11:00:00,Bulgaria,Bulgaria,BG,488.09,508.0,50.21,14.43,eso.bg,false,
2022-11-06 12:00:00,Bulgaria,Bulgaria,BG,498.76,518.45,49.23,13.16,eso.bg,false,
2022-11-06 13:00:00,Bulgaria,Bulgaria,BG,514.92,534.51,47.68,11.58,eso.bg,false,
2022-11-06 14:00:00,Bulgaria,Bulgaria,BG,520.82,538.37,47.56,13.17,eso.bg,false,
2022-11-06 15:00:00,Bulgaria,Bulgaria,BG,514.87,532.3,48.23,16.22,eso.bg,false,
2022-11-06 16:00:00,Bulgaria,Bulgaria,BG,499.11,515.85,50.0,19.73,eso.bg,false,
2022-11-06 17:00:00,Bulgaria,Bulgaria,BG,493.78,510.4,50.5,19.31,eso.bg,false,
2022-11-06 18:00:00,Bulgaria,Bulgaria,BG,491.61,508.31,50.61,17.75,eso.bg,false,
2022-11-06 19:00:00,Bulgaria,Bulgaria,BG,504.9,522.37,49.03,14.11,eso.bg,false,
2022-11-06 20:00:00,Bulgaria,Bulgaria,BG,518.53,536.46,47.65,11.57,eso.bg,false,
2022-11-06 21:00:00,Bulgaria,Bulgaria,BG,514.53,533.92,47.51,9.06,eso.bg,false,
2022-11-06 22:00:00,Bulgaria,Bulgaria,BG,476.17,496.73,50.65,8.72,eso.bg,false,
2022-11-06 23:00:00,Bulgaria,Bulgaria,BG,517.23,535.44,47.43,6.52,eso.bg,false,
2022-11-07 00:00:00,Bulgaria,Bulgaria,BG,511.68,529.68,47.94,6.28,eso.bg,false,
2022-11-07 01:00:00,Bulgaria,Bulgaria,BG,508.81,526.83,48.18,5.68,eso.bg,false,
2022-11-07 02:00:00,Bulgaria,Bulgaria,BG,519.75,537.57,47.2,4.83,eso.bg,false,
2022-11-07 03:00:00,Bulgaria,Bulgaria,BG,546.54,563.63,44.91,3.67,eso.bg,false,
2022-11-07 04:00:00,Bulgaria,Bulgaria,BG,559.94,576.63,43.89,4.99,eso.bg,false,
2022-11-07 05:00:00,Bulgaria,Bulgaria,BG,570.93,587.52,42.96,5.08,eso.bg,false,
2022-11-07 06:00:00,Bulgaria,Bulgaria,BG,564.47,581.67,43.37,6.57,eso.bg,false,
2022-11-07 07:00:00,Bulgaria,Bulgaria,BG,547.91,564.63,45.34,9.85,eso.bg,false,
2022-11-07 08:00:00,Bulgaria,Bulgaria,BG,534.05,551.24,46.64,12.19,eso.bg,false,
2022-11-07 09:00:00,Bulgaria,Bulgaria,BG,535.03,552.38,46.59,12.09,eso.bg,false,
2022-11-07 10:00:00,Bulgaria,Bulgaria,BG,535.12,552.48,46.65,12.26,eso.bg,false,
2022-11-07 11:00:00,Bulgaria,Bulgaria,BG,535.87,553.24,46.58,12.03,eso.bg,false,
2022-11-07 12:00:00,Bulgaria,Bulgaria,BG,539.43,556.95,46.14,11.45,eso.bg,false,
2022-11-07 13:00:00,Bulgaria,Bulgaria,BG,547.94,565.43,45.14,9.18,eso.bg,false,
2022-11-07 14:00:00,Bulgaria,Bulgaria,BG,559.33,576.03,44.16,7.77,eso.bg,false,
2022-11-07 15:00:00,Bulgaria,Bulgaria,BG,547.68,564.01,45.29,9.51,eso.bg,false,
2022-11-07 16:00:00,Bulgaria,Bulgaria,BG,525.51,541.55,47.54,13.71,eso.bg,false,
2022-11-07 17:00:00,Bulgaria,Bulgaria,BG,519.95,535.93,48.08,14.65,eso.bg,false,
2022-11-07 18:00:00,Bulgaria,Bulgaria,BG,537.76,553.77,46.4,12.53,eso.bg,false,
2022-11-07 19:00:00,Bulgaria,Bulgaria,BG,564.12,580.48,43.93,9.57,eso.bg,false,
2022-11-07 20:00:00,Bulgaria,Bulgaria,BG,591.95,608.88,41.17,4.84,eso.bg,false,
2022-11-07 21:00:00,Bulgaria,Bulgaria,BG,604.24,621.18,40.0,3.1,eso.bg,false,
2022-11-07 22:00:00,Bulgaria,Bulgaria,BG,573.98,591.43,42.54,3.25,eso.bg,false,
2022-11-07 23:00:00,Bulgaria,Bulgaria,BG,552.38,570.5,44.16,2.21,eso.bg,false,
2022-11-08 00:00:00,Bulgaria,Bulgaria,BG,547.37,565.67,44.5,2.31,eso.bg,false,
2022-11-08 01:00:00,Bulgaria,Bulgaria,BG,541.94,560.3,44.96,2.58,eso.bg,false,
2022-11-08 02:00:00,Bulgaria,Bulgaria,BG,541.84,560.17,45.0,2.61,eso.bg,false,
2022-11-08 03:00:00,Bulgaria,Bulgaria,BG,562.01,580.0,43.27,2.44,eso.bg,false,
2022-11-08 04:00:00,Bulgaria,Bulgaria,BG,570.12,587.95,42.63,2.62,eso.bg,false,
2022-11-08 05:00:00,Bulgaria,Bulgaria,BG,560.45,577.66,43.88,6.87,eso.bg,false,
2022-11-08 06:00:00,Bulgaria,Bulgaria,BG,546.56,563.88,45.24,9.43,eso.bg,false,
2022-11-08 07:00:00,Bulgaria,Bulgaria,BG,540.39,557.99,45.91,10.7,eso.bg,false,
2022-11-08 08:00:00,Bulgaria,Bulgaria,BG,533.99,551.97,46.49,10.36,eso.bg,false,
2022-11-08 09:00:00,Bulgaria,Bulgaria,BG,551.25,569.34,44.85,8.66,eso.bg,false,
2022-11-08 10:00:00,Bulgaria,Bulgaria,BG,532.82,551.35,46.43,9.21,eso.bg,false,
2022-11-08 11:00:00,Bulgaria,Bulgaria,BG,528.29,546.89,46.85,9.74,eso.bg,false,
2022-11-08 12:00:00,Bulgaria,Bulgaria,BG,534.12,552.56,46.29,8.73,eso.bg,false,
2022-11-08 13:00:00,Bulgaria,Bulgaria,BG,540.51,558.19,45.86,9.63,eso.bg,false,
2022-11-08 14:00:00,Bulgaria,Bulgaria,BG,547.72,565.0,45.16,9.12,eso.bg,false,
2022-11-08 15:00:00,Bulgaria,Bulgaria,BG,528.71,545.73,46.9,10.59,eso.bg,false,
2022-11-08 16:00:00,Bulgaria,Bulgaria,BG,512.55,529.06,48.68,14.95,eso.bg,false,
2022-11-08 17:00:00,Bulgaria,Bulgaria,BG,502.58,518.94,49.63,15.73,eso.bg,false,
2022-11-08 18:00:00,Bulgaria,Bulgaria,BG,505.62,522.21,49.27,14.97,eso.bg,false,
2022-11-08 19:00:00,Bulgaria,Bulgaria,BG,522.42,539.13,47.6,11.96,eso.bg,false,
2022-11-08 20:00:00,Bulgaria,Bulgaria,BG,560.73,577.44,43.88,6.24,eso.bg,false,
2022-11-08 21:00:00,Bulgaria,Bulgaria,BG,575.29,591.99,42.48,4.23,eso.bg,false,
2022-11-08 22:00:00,Bulgaria,Bulgaria,BG,565.01,582.14,43.18,2.26,eso.bg,false,
2022-11-08 23:00:00,Bulgaria,Bulgaria,BG,556.92,574.16,43.86,2.17,eso.bg,false,
2022-11-09 00:00:00,Bulgaria,Bulgaria,BG,545.52,563.09,44.76,2.1,eso.bg,false,
2022-11-09 01:00:00,Bulgaria,Bulgaria,BG,538.91,556.71,45.25,2.09,eso.bg,false,
2022-11-09 02:00:00,Bulgaria,Bulgaria,BG,533.78,551.74,45.65,2.1,eso.bg,false,
2022-11-09 03:00:00,Bulgaria,Bulgaria,BG,532.15,550.15,45.77,2.1,eso.bg,false,
2022-11-09 04:00:00,Bulgaria,Bulgaria,BG,554.76,572.1,44.1,4.37,eso.bg,false,
2022-11-09 05:00:00,Bulgaria,Bulgaria,BG,561.35,578.4,43.7,5.89,eso.bg,false,
2022-11-09 06:00:00,Bulgaria,Bulgaria,BG,557.97,574.99,44.15,7.62,eso.bg,false,
2022-11-09 07:00:00,Bulgaria,Bulgaria,BG,540.49,558.06,45.89,10.55,eso.bg,false,
2022-11-09 08:00:00,Bulgaria,Bulgaria,BG,527.75,545.69,47.11,11.84,eso.bg,false,
2022-11-09 09:00:00,Bulgaria,Bulgaria,BG,532.79,550.79,46.74,11.87,eso.bg,false,
2022-11-09 10:00:00,Bulgaria,Bulgaria,BG,528.49,546.43,47.16,12.65,eso.bg,false,
2022-11-09 11:00:00,Bulgaria,Bulgaria,BG,532.95,551.05,46.67,11.76,eso.bg,false,
2022-11-09 12:00:00,Bulgaria,Bulgaria,BG,542.61,560.58,45.67,10.12,eso.bg,false,
2022-11-09 13:00:00,Bulgaria,Bulgaria,BG,558.5,576.22,44.07,7.54,eso.bg,false,
2022-11-09 14:00:00,Bulgaria,Bulgaria,BG,570.71,587.48,42.86,5.53,eso.bg,false,
2022-11-09 15:00:00,Bulgaria,Bulgaria,BG,563.57,580.42,43.6,6.73,eso.bg,false,
2022-11-09 16:00:00,Bulgaria,Bulgaria,BG,530.9,547.56,46.88,12.25,eso.bg,false,
2022-11-09 17:00:00,Bulgaria,Bulgaria,BG,520.27,536.74,48.0,14.08,eso.bg,false,
2022-11-09 18:00:00,Bulgaria,Bulgaria,BG,542.56,559.41,45.76,10.38,eso.bg,false,
2022-11-09 19:00:00,Bulgaria,Bulgaria,BG,573.38,590.51,42.72,5.22,eso.bg,false,
2022-11-09 20:00:00,Bulgaria,Bulgaria,BG,582.7,600.18,41.65,2.65,eso.bg,false,
2022-11-09 21:00:00,Bulgaria,Bulgaria,BG,585.79,604.17,41.26,2.72,eso.bg,false,
2022-11-09 22:00:00,Bulgaria,Bulgaria,BG,570.61,589.11,42.62,2.78,eso.bg,false,
2022-11-09 23:00:00,Bulgaria,Bulgaria,BG,565.79,583.07,43.34,4.01,eso.bg,false,
2022-11-10 00:00:00,Bulgaria,Bulgaria,BG,578.65,596.04,42.08,3.2,eso.bg,false,
2022-11-10 01:00:00,Bulgaria,Bulgaria,BG,567.44,585.28,42.82,2.22,eso.bg,false,
2022-11-10 02:00:00,Bulgaria,Bulgaria,BG,565.22,583.29,42.97,2.23,eso.bg,false,
2022-11-10 03:00:00,Bulgaria,Bulgaria,BG,571.5,589.29,42.59,3.21,eso.bg,false,
2022-11-10 04:00:00,Bulgaria,Bulgaria,BG,571.64,588.69,42.94,4.04,eso.bg,false,
2022-11-10 05:00:00,Bulgaria,Bulgaria,BG,570.19,586.94,43.29,5.68,eso.bg,false,
2022-11-10 06:00:00,Bulgaria,Bulgaria,BG,553.75,570.55,44.99,8.52,eso.bg,false,
2022-11-10 07:00:00,Bulgaria,Bulgaria,BG,539.54,556.93,46.32,10.92,eso.bg,false,
2022-11-10 08:00:00,Bulgaria,Bulgaria,BG,528.56,546.6,47.21,12.4,eso.bg,false,
2022-11-10 09:00:00,Bulgaria,Bulgaria,BG,518.9,537.52,48.02,13.38,eso.bg,false,
2022-11-10 10:00:00,Bulgaria,Bulgaria,BG,515.83,534.53,48.27,13.36,eso.bg,false,
2022-11-10 11:00:00,Bulgaria,Bulgaria,BG,523.19,541.92,47.54,12.81,eso.bg,false,
2022-11-10 12:00:00,Bulgaria,Bulgaria,BG,531.35,549.92,46.75,11.58,eso.bg,false,
2022-11-10 13:00:00,Bulgaria,Bulgaria,BG,548.14,566.6,44.96,8.6,eso.bg,false,
2022-11-10 14:00:00,Bulgaria,Bulgaria,BG,560.32,578.6,43.66,6.66,eso.bg,false,
2022-11-10 15:00:00,Bulgaria,Bulgaria,BG,568.51,586.27,42.84,5.6,eso.bg,false,
2022-11-10 16:00:00,Bulgaria,Bulgaria,BG,527.31,544.58,46.95,12.49,eso.bg,false,
2022-11-10 17:00:00,Bulgaria,Bulgaria,BG,519.15,536.38,47.77,13.98,eso.bg,false,
2022-11-10 18:00:00,Bulgaria,Bulgaria,BG,534.94,551.95,46.42,11.5,eso.bg,false,
2022-11-10 19:00:00,Bulgaria,Bulgaria,BG,561.1,578.72,43.58,7.07,eso.bg,false,
2022-11-10 20:00:00,Bulgaria,Bulgaria,BG,577.51,595.42,41.9,4.06,eso.bg,false,
2022-11-10 21:00:00,Bulgaria,Bulgaria,BG,578.01,596.42,41.72,3.46,eso.bg,false,
2022-11-10 22:00:00,Bulgaria,Bulgaria,BG,541.6,561.44,44.66,4.06,eso.bg,false,
2022-11-10 23:00:00,Bulgaria,Bulgaria,BG,537.24,555.59,45.39,5.04,eso.bg,false,
2022-11-11 00:00:00,Bulgaria,Bulgaria,BG,537.12,555.56,45.38,5.61,eso.bg,false,
2022-11-11 01:00:00,Bulgaria,Bulgaria,BG,536.21,554.93,45.28,4.4,eso.bg,false,
2022-11-11 02:00:00,Bulgaria,Bulgaria,BG,530.96,549.83,45.67,4.0,eso.bg,false,
2022-11-11 03:00:00,Bulgaria,Bulgaria,BG,528.0,547.21,45.86,4.32,eso.bg,false,
2022-11-11 04:00:00,Bulgaria,Bulgaria,BG,545.84,564.5,44.45,5.45,eso.bg,false,
2022-11-11 05:00:00,Bulgaria,Bulgaria,BG,554.77,573.2,43.77,5.95,eso.bg,false,
2022-11-11 06:00:00,Bulgaria,Bulgaria,BG,543.6,562.1,44.97,8.07,eso.bg,false,
2022-11-11 07:00:00,Bulgaria,Bulgaria,BG,537.5,556.02,45.65,9.7,eso.bg,false,
2022-11-11 08:00:00,Bulgaria,Bulgaria,BG,536.97,555.48,45.74,9.65,eso.bg,false,
2022-11-11 09:00:00,Bulgaria,Bulgaria,BG,527.23,545.39,46.76,11.43,eso.bg,false,
2022-11-11 10:00:00,Bulgaria,Bulgaria,BG,526.96,545.14,46.7,10.78,eso.bg,false,
2022-11-11 11:00:00,Bulgaria,Bulgaria,BG,513.17,531.33,48.0,11.86,eso.bg,false,
2022-11-11 12:00:00,Bulgaria,Bulgaria,BG,517.74,535.91,47.52,11.11,eso.bg,false,
2022-11-11 13:00:00,Bulgaria,Bulgaria,BG,524.93,543.19,46.75,10.19,eso.bg,false,
2022-11-11 14:00:00,Bulgaria,Bulgaria,BG,521.86,539.78,47.2,11.34,eso.bg,false,
2022-11-11 15:00:00,Bulgaria,Bulgaria,BG,512.18,529.96,48.16,13.03,eso.bg,false,
2022-11-11 16:00:00,Bulgaria,Bulgaria,BG,492.12,509.51,50.23,16.51,eso.bg,false,
2022-11-11 17:00:00,Bulgaria,Bulgaria,BG,483.32,500.69,51.09,18.1,eso.bg,false,
2022-11-11 18:00:00,Bulgaria,Bulgaria,BG,497.03,514.55,49.72,15.75,eso.bg,false,
2022-11-11 19:00:00,Bulgaria,Bulgaria,BG,505.78,523.48,48.77,13.37,eso.bg,false,
2022-11-11 20:00:00,Bulgaria,Bulgaria,BG,509.19,527.1,48.36,11.71,eso.bg,false,
2022-11-11 21:00:00,Bulgaria,Bulgaria,BG,528.62,546.67,46.5,9.46,eso.bg,false,
2022-11-11 22:00:00,Bulgaria,Bulgaria,BG,523.06,541.35,46.88,8.79,eso.bg,false,
2022-11-11 23:00:00,Bulgaria,Bulgaria,BG,514.71,533.1,47.61,8.92,eso.bg,false,
2022-11-12 00:00:00,Bulgaria,Bulgaria,BG,501.55,520.34,48.6,9.1,eso.bg,false,
2022-11-12 01:00:00,Bulgaria,Bulgaria,BG,505.97,524.81,48.16,8.48,eso.bg,false,
2022-11-12 02:00:00,Bulgaria,Bulgaria,BG,488.44,507.56,49.64,8.6,eso.bg,false,
2022-11-12 03:00:00,Bulgaria,Bulgaria,BG,493.54,512.62,49.14,8.47,eso.bg,false,
2022-11-12 04:00:00,Bulgaria,Bulgaria,BG,509.12,528.0,47.82,8.48,eso.bg,false,
2022-11-12 05:00:00,Bulgaria,Bulgaria,BG,528.89,547.37,46.19,8.71,eso.bg,false,
2022-11-12 06:00:00,Bulgaria,Bulgaria,BG,516.63,534.66,47.62,12.47,eso.bg,false,
2022-11-12 07:00:00,Bulgaria,Bulgaria,BG,518.24,536.19,47.58,12.87,eso.bg,false,
2022-11-12 08:00:00,Bulgaria,Bulgaria,BG,524.23,542.12,47.11,13.19,eso.bg,false,
2022-11-12 09:00:00,Bulgaria,Bulgaria,BG,534.55,552.5,46.16,12.28,eso.bg,false,
2022-11-12 10:00:00,Bulgaria,Bulgaria,BG,550.55,568.46,44.73,10.78,eso.bg,false,
2022-11-12 11:00:00,Bulgaria,Bulgaria,BG,555.58,573.56,44.28,10.37,eso.bg,false,
2022-11-12 12:00:00,Bulgaria,Bulgaria,BG,559.38,577.22,43.92,9.73,eso.bg,false,
2022-11-12 13:00:00,Bulgaria,Bulgaria,BG,567.47,585.34,43.07,8.41,eso.bg,false,
2022-11-12 14:00:00,Bulgaria,Bulgaria,BG,567.18,584.89,43.1,8.09,eso.bg,false,
2022-11-12 15:00:00,Bulgaria,Bulgaria,BG,562.97,580.57,43.51,9.14,eso.bg,false,
2022-11-12 16:00:00,Bulgaria,Bulgaria,BG,551.87,569.32,44.64,10.96,eso.bg,false,
2022-11-12 17:00:00,Bulgaria,Bulgaria,BG,552.85,570.24,44.58,10.81,eso.bg,false,
2022-11-12 18:00:00,Bulgaria,Bulgaria,BG,565.75,583.33,43.28,8.71,eso.bg,false,
2022-11-12 19:00:00,Bulgaria,Bulgaria,BG,585.28,603.23,41.27,5.3,eso.bg,false,
2022-11-12 20:00:00,Bulgaria,Bulgaria,BG,598.76,616.68,40.01,3.47,eso.bg,false,
2022-11-12 21:00:00,Bulgaria,Bulgaria,BG,601.96,619.91,39.69,2.82,eso.bg,false,
2022-11-12 22:00:00,Bulgaria,Bulgaria,BG,597.61,615.52,40.09,3.09,eso.bg,false,
2022-11-12 23:00:00,Bulgaria,Bulgaria,BG,581.97,599.89,41.52,4.61,eso.bg,false,
2022-11-13 00:00:00,Bulgaria,Bulgaria,BG,574.96,593.34,41.95,4.07,eso.bg,false,
2022-11-13 01:00:00,Bulgaria,Bulgaria,BG,553.97,572.82,43.62,3.46,eso.bg,false,
2022-11-13 02:00:00,Bulgaria,Bulgaria,BG,553.3,572.35,43.58,2.78,eso.bg,false,
2022-11-13 03:00:00,Bulgaria,Bulgaria,BG,552.45,571.55,43.61,2.6,eso.bg,false,
2022-11-13 04:00:00,Bulgaria,Bulgaria,BG,552.98,572.14,43.54,2.47,eso.bg,false,
2022-11-13 05:00:00,Bulgaria,Bulgaria,BG,557.87,577.0,43.14,2.6,eso.bg,false,
2022-11-13 06:00:00,Bulgaria,Bulgaria,BG,572.03,590.6,42.2,4.2,eso.bg,false,
2022-11-13 07:00:00,Bulgaria,Bulgaria,BG,578.84,597.33,41.86,6.34,eso.bg,false,
2022-11-13 08:00:00,Bulgaria,Bulgaria,BG,564.1,582.93,43.31,8.43,eso.bg,false,
2022-11-13 09:00:00,Bulgaria,Bulgaria,BG,557.11,575.91,44.0,9.37,eso.bg,false,
2022-11-13 10:00:00,Bulgaria,Bulgaria,BG,546.97,566.08,44.91,9.88,eso.bg,false,
2022-11-13 11:00:00,Bulgaria,Bulgaria,BG,546.65,565.83,44.9,9.59,eso.bg,false,
2022-11-13 12:00:00,Bulgaria,Bulgaria,BG,553.27,572.33,44.2,8.25,eso.bg,false,
2022-11-13 13:00:00,Bulgaria,Bulgaria,BG,564.3,582.86,43.23,7.48,eso.bg,false,
2022-11-13 14:00:00,Bulgaria,Bulgaria,BG,571.06,589.3,42.48,5.53,eso.bg,false,
2022-11-13 15:00:00,Bulgaria,Bulgaria,BG,564.14,582.12,43.23,8.43,eso.bg,false,
2022-11-13 16:00:00,Bulgaria,Bulgaria,BG,548.56,565.93,45.02,11.42,eso.bg,false,
2022-11-13 17:00:00,Bulgaria,Bulgaria,BG,555.84,573.35,44.25,10.26,eso.bg,false,
2022-11-13 18:00:00,Bulgaria,Bulgaria,BG,564.58,582.21,43.35,8.78,eso.bg,false,
2022-11-13 19:00:00,Bulgaria,Bulgaria,BG,581.48,599.25,41.7,5.97,eso.bg,false,
2022-11-13 20:00:00,Bulgaria,Bulgaria,BG,581.86,599.69,41.62,5.21,eso.bg,false,
2022-11-13 21:00:00,Bulgaria,Bulgaria,BG,598.97,616.93,39.95,2.9,eso.bg,false,
2022-11-13 22:00:00,Bulgaria,Bulgaria,BG,582.75,601.08,41.26,2.51,eso.bg,false,
2022-11-13 23:00:00,Bulgaria,Bulgaria,BG,562.85,581.36,42.98,2.98,eso.bg,false,
2022-11-14 00:00:00,Bulgaria,Bulgaria,BG,550.83,569.85,43.86,2.89,eso.bg,false,
2022-11-14 01:00:00,Bulgaria,Bulgaria,BG,557.38,576.25,43.29,2.78,eso.bg,false,
2022-11-14 02:00:00,Bulgaria,Bulgaria,BG,541.26,560.37,44.64,2.96,eso.bg,false,
2022-11-14 03:00:00,Bulgaria,Bulgaria,BG,555.74,574.66,43.45,3.27,eso.bg,false,
2022-11-14 04:00:00,Bulgaria,Bulgaria,BG,575.04,593.3,42.08,5.89,eso.bg,false,
2022-11-14 05:00:00,Bulgaria,Bulgaria,BG,580.87,598.73,41.7,6.83,eso.bg,false,
2022-11-14 06:00:00,Bulgaria,Bulgaria,BG,566.91,584.75,43.21,9.46,eso.bg,false,
2022-11-14 07:00:00,Bulgaria,Bulgaria,BG,547.04,565.12,45.19,12.63,eso.bg,false,
2022-11-14 08:00:00,Bulgaria,Bulgaria,BG,537.6,555.83,46.11,14.17,eso.bg,false,
2022-11-14 09:00:00,Bulgaria,Bulgaria,BG,535.79,554.09,46.36,14.93,eso.bg,false,
2022-11-14 10:00:00,Bulgaria,Bulgaria,BG,533.77,552.22,46.55,15.27,eso.bg,false,
2022-11-14 11:00:00,Bulgaria,Bulgaria,BG,539.16,557.53,45.99,14.41,eso.bg,false,
2022-11-14 12:00:00,Bulgaria,Bulgaria,BG,548.88,567.19,45.03,12.86,eso.bg,false,
2022-11-14 13:00:00,Bulgaria,Bulgaria,BG,564.23,582.36,43.49,10.51,eso.bg,false,
2022-11-14 14:00:00,Bulgaria,Bulgaria,BG,589.47,607.64,40.8,6.36,eso.bg,false,
2022-11-14 15:00:00,Bulgaria,Bulgaria,BG,587.1,605.11,41.01,6.64,eso.bg,false,
2022-11-14 16:00:00,Bulgaria,Bulgaria,BG,557.06,574.36,44.22,11.61,eso.bg,false,
2022-11-14 17:00:00,Bulgaria,Bulgaria,BG,542.38,559.34,45.77,14.08,eso.bg,false,
2022-11-14 18:00:00,Bulgaria,Bulgaria,BG,559.75,576.77,44.05,11.44,eso.bg,false,
2022-11-14 19:00:00,Bulgaria,Bulgaria,BG,589.16,606.57,41.12,6.68,eso.bg,false,
2022-11-14 20:00:00,Bulgaria,Bulgaria,BG,587.48,605.13,41.14,5.84,eso.bg,false,
2022-11-14 21:00:00,Bulgaria,Bulgaria,BG,592.25,610.13,40.61,4.41,eso.bg,false,
2022-11-14 22:00:00,Bulgaria,Bulgaria,BG,583.46,601.24,41.45,5.48,eso.bg,false,
2022-11-14 23:00:00,Bulgaria,Bulgaria,BG,587.57,605.51,40.98,4.32,eso.bg,false,
2022-11-15 00:00:00,Bulgaria,Bulgaria,BG,600.1,618.09,39.79,3.27,eso.bg,false,
2022-11-15 01:00:00,Bulgaria,Bulgaria,BG,597.24,615.35,39.97,3.32,eso.bg,false,
2022-11-15 02:00:00,Bulgaria,Bulgaria,BG,598.77,616.85,39.87,3.25,eso.bg,false,
2022-11-15 03:00:00,Bulgaria,Bulgaria,BG,592.19,610.4,40.37,3.23,eso.bg,false,
2022-11-15 04:00:00,Bulgaria,Bulgaria,BG,588.82,607.07,40.68,3.37,eso.bg,false,
2022-11-15 05:00:00,Bulgaria,Bulgaria,BG,595.28,613.3,40.24,4.47,eso.bg,false,
2022-11-15 06:00:00,Bulgaria,Bulgaria,BG,588.78,606.72,40.92,5.47,eso.bg,false,
2022-11-15 07:00:00,Bulgaria,Bulgaria,BG,563.58,581.29,43.45,9.48,eso.bg,false,
2022-11-15 08:00:00,Bulgaria,Bulgaria,BG,558.39,576.31,43.94,10.21,eso.bg,false,
2022-11-15 09:00:00,Bulgaria,Bulgaria,BG,544.78,563.07,45.12,12.27,eso.bg,false,
2022-11-15 10:00:00,Bulgaria,Bulgaria,BG,537.56,555.58,46.03,13.31,eso.bg,false,
2022-11-15 11:00:00,Bulgaria,Bulgaria,BG,542.4,560.48,45.53,12.62,eso.bg,false,
2022-11-15 12:00:00,Bulgaria,Bulgaria,BG,553.36,571.5,44.45,11.23,eso.bg,false,
2022-11-15 13:00:00,Bulgaria,Bulgaria,BG,571.52,589.55,42.71,8.53,eso.bg,false,
2022-11-15 14:00:00,Bulgaria,Bulgaria,BG,588.48,606.28,41.07,6.16,eso.bg,false,
2022-11-15 15:00:00,Bulgaria,Bulgaria,BG,586.79,604.42,41.28,7.11,eso.bg,false,
2022-11-15 16:00:00,Bulgaria,Bulgaria,BG,538.85,556.0,46.0,13.56,eso.bg,false,
2022-11-15 17:00:00,Bulgaria,Bulgaria,BG,520.48,537.59,47.72,15.3,eso.bg,false,
2022-11-15 18:00:00,Bulgaria,Bulgaria,BG,533.83,551.07,46.42,13.24,eso.bg,false,
2022-11-15 19:00:00,Bulgaria,Bulgaria,BG,558.9,576.5,43.87,9.06,eso.bg,false,
2022-11-15 20:00:00,Bulgaria,Bulgaria,BG,580.61,598.47,41.69,5.53,eso.bg,false,
2022-11-15 21:00:00,Bulgaria,Bulgaria,BG,563.58,581.98,43.17,6.84,eso.bg,false,
2022-11-15 22:00:00,Bulgaria,Bulgaria,BG,560.27,580.03,43.13,5.83,eso.bg,false,
2022-11-15 23:00:00,Bulgaria,Bulgaria,BG,552.54,570.68,44.2,6.97,eso.bg,false,
2022-11-16 00:00:00,Bulgaria,Bulgaria,BG,561.12,579.21,43.4,6.59,eso.bg,false,
2022-11-16 01:00:00,Bulgaria,Bulgaria,BG,551.62,570.97,43.96,6.49,eso.bg,false,
2022-11-16 02:00:00,Bulgaria,Bulgaria,BG,549.35,568.8,44.08,6.22,eso.bg,false,
2022-11-16 03:00:00,Bulgaria,Bulgaria,BG,559.7,577.89,43.46,6.32,eso.bg,false,
2022-11-16 04:00:00,Bulgaria,Bulgaria,BG,554.85,573.13,43.89,6.23,eso.bg,false,
2022-11-16 05:00:00,Bulgaria,Bulgaria,BG,554.55,572.4,44.12,8.2,eso.bg,false,
2022-11-16 06:00:00,Bulgaria,Bulgaria,BG,535.83,553.71,46.04,11.48,eso.bg,false,
2022-11-16 07:00:00,Bulgaria,Bulgaria,BG,524.31,542.57,47.21,13.38,eso.bg,false,
2022-11-16 08:00:00,Bulgaria,Bulgaria,BG,517.32,536.08,47.88,14.53,eso.bg,false,
2022-11-16 09:00:00,Bulgaria,Bulgaria,BG,508.17,527.15,48.78,16.06,eso.bg,false,
2022-11-16 10:00:00,Bulgaria,Bulgaria,BG,515.6,534.53,48.05,14.77,eso.bg,false,
2022-11-16 11:00:00,Bulgaria,Bulgaria,BG,520.6,539.47,47.36,13.45,eso.bg,false,
2022-11-16 12:00:00,Bulgaria,Bulgaria,BG,525.18,543.96,46.92,13.19,eso.bg,false,
2022-11-16 13:00:00,Bulgaria,Bulgaria,BG,535.24,553.4,45.88,11.57,eso.bg,false,
2022-11-16 14:00:00,Bulgaria,Bulgaria,BG,545.44,562.8,44.98,9.77,eso.bg,false,
2022-11-16 15:00:00,Bulgaria,Bulgaria,BG,544.61,563.2,44.38,9.93,eso.bg,false,
2022-11-16 16:00:00,Bulgaria,Bulgaria,BG,512.27,530.07,47.83,15.23,eso.bg,false,
2022-11-16 17:00:00,Bulgaria,Bulgaria,BG,506.03,523.51,48.79,16.11,eso.bg,false,
2022-11-16 18:00:00,Bulgaria,Bulgaria,BG,523.34,541.25,47.03,13.08,eso.bg,false,
2022-11-16 19:00:00,Bulgaria,Bulgaria,BG,551.34,569.52,44.26,8.95,eso.bg,false,
2022-11-16 20:00:00,Bulgaria,Bulgaria,BG,564.71,583.15,42.84,6.25,eso.bg,false,
2022-11-16 21:00:00,Bulgaria,Bulgaria,BG,574.55,593.03,41.91,5.22,eso.bg,false,
2022-11-16 22:00:00,Bulgaria,Bulgaria,BG,581.06,599.5,41.3,4.65,eso.bg,false,
2022-11-16 23:00:00,Bulgaria,Bulgaria,BG,582.77,601.05,41.23,4.91,eso.bg,false,
2022-11-17 00:00:00,Bulgaria,Bulgaria,BG,581.71,600.08,41.29,4.99,eso.bg,false,
2022-11-17 01:00:00,Bulgaria,Bulgaria,BG,566.81,585.23,42.63,5.96,eso.bg,false,
2022-11-17 02:00:00,Bulgaria,Bulgaria,BG,558.93,577.61,43.25,5.78,eso.bg,false,
2022-11-17 03:00:00,Bulgaria,Bulgaria,BG,572.26,590.55,42.17,5.9,eso.bg,false,
2022-11-17 04:00:00,Bulgaria,Bulgaria,BG,567.94,586.11,42.69,7.12,eso.bg,false,
2022-11-17 05:00:00,Bulgaria,Bulgaria,BG,566.84,585.09,42.78,7.41,eso.bg,false,
2022-11-17 06:00:00,Bulgaria,Bulgaria,BG,556.71,574.97,43.79,8.56,eso.bg,false,
2022-11-17 07:00:00,Bulgaria,Bulgaria,BG,550.29,568.45,44.5,10.5,eso.bg,false,
2022-11-17 08:00:00,Bulgaria,Bulgaria,BG,537.58,556.69,45.33,12.6,eso.bg,false,
2022-11-17 09:00:00,Bulgaria,Bulgaria,BG,523.84,542.77,46.79,14.71,eso.bg,false,
2022-11-17 10:00:00,Bulgaria,Bulgaria,BG,534.97,553.92,45.76,12.66,eso.bg,false,
2022-11-17 11:00:00,Bulgaria,Bulgaria,BG,526.76,546.04,46.48,12.68,eso.bg,false,
2022-11-17 12:00:00,Bulgaria,Bulgaria,BG,538.75,557.91,45.35,11.02,eso.bg,false,
2022-11-17 13:00:00,Bulgaria,Bulgaria,BG,545.22,564.35,44.66,9.96,eso.bg,false,
2022-11-17 14:00:00,Bulgaria,Bulgaria,BG,546.92,565.63,44.5,8.58,eso.bg,false,
2022-11-17 15:00:00,Bulgaria,Bulgaria,BG,559.23,577.45,43.56,9.08,eso.bg,false,
2022-11-17 16:00:00,Bulgaria,Bulgaria,BG,532.87,550.61,46.3,13.55,eso.bg,false,
2022-11-17 17:00:00,Bulgaria,Bulgaria,BG,526.8,544.42,46.93,14.19,eso.bg,false,
2022-11-17 18:00:00,Bulgaria,Bulgaria,BG,535.42,553.16,46.06,12.75,eso.bg,false,
2022-11-17 19:00:00,Bulgaria,Bulgaria,BG,551.74,569.71,44.37,9.9,eso.bg,false,
2022-11-17 20:00:00,Bulgaria,Bulgaria,BG,558.48,576.75,43.58,7.7,eso.bg,false,
2022-11-17 21:00:00,Bulgaria,Bulgaria,BG,569.0,587.29,42.59,6.43,eso.bg,false,
2022-11-17 22:00:00,Bulgaria,Bulgaria,BG,576.55,594.89,41.86,5.53,eso.bg,false,
2022-11-17 23:00:00,Bulgaria,Bulgaria,BG,596.94,614.77,40.22,4.2,eso.bg,false,
2022-11-18 00:00:00,Bulgaria,Bulgaria,BG,607.61,625.22,39.32,3.16,eso.bg,false,
2022-11-18 01:00:00,Bulgaria,Bulgaria,BG,610.26,628.05,39.04,2.95,eso.bg,false,
2022-11-18 02:00:00,Bulgaria,Bulgaria,BG,573.22,591.21,42.23,4.21,eso.bg,false,
2022-11-18 03:00:00,Bulgaria,Bulgaria,BG,583.76,601.1,41.33,4.09,eso.bg,false,
2022-11-18 04:00:00,Bulgaria,Bulgaria,BG,594.84,612.19,40.33,3.21,eso.bg,false,
2022-11-18 05:00:00,Bulgaria,Bulgaria,BG,608.37,625.45,39.21,3.02,eso.bg,false,
2022-11-18 06:00:00,Bulgaria,Bulgaria,BG,593.74,610.9,40.72,5.77,eso.bg,false,
2022-11-18 07:00:00,Bulgaria,Bulgaria,BG,567.05,585.64,42.85,9.33,eso.bg,false,
2022-11-18 08:00:00,Bulgaria,Bulgaria,BG,553.33,572.26,44.21,11.16,eso.bg,false,
2022-11-18 09:00:00,Bulgaria,Bulgaria,BG,540.49,559.66,45.71,13.33,eso.bg,false,
2022-11-18 10:00:00,Bulgaria,Bulgaria,BG,527.44,547.54,46.51,13.93,eso.bg,false,
2022-11-18 11:00:00,Bulgaria,Bulgaria,BG,539.51,559.04,45.5,12.5,eso.bg,false,
2022-11-18 12:00:00,Bulgaria,Bulgaria,BG,539.1,558.49,45.52,12.47,eso.bg,false,
2022-11-18 13:00:00,Bulgaria,Bulgaria,BG,513.37,532.87,47.68,14.7,eso.bg,false,
2022-11-18 14:00:00,Bulgaria,Bulgaria,BG,523.99,543.82,46.23,12.72,eso.bg,false,
2022-11-18 15:00:00,Bulgaria,Bulgaria,BG,517.11,536.35,47.08,13.38,eso.bg,false,
2022-11-18 16:00:00,Bulgaria,Bulgaria,BG,491.72,509.4,50.13,17.63,eso.bg,false,
2022-11-18 17:00:00,Bulgaria,Bulgaria,BG,492.62,510.07,50.15,17.65,eso.bg,false,
2022-11-18 18:00:00,Bulgaria,Bulgaria,BG,487.17,504.84,50.58,17.53,eso.bg,false,
2022-11-18 19:00:00,Bulgaria,Bulgaria,BG,522.55,540.33,47.24,13.58,eso.bg,false,
2022-11-18 20:00:00,Bulgaria,Bulgaria,BG,536.25,554.31,45.78,10.7,eso.bg,false,
2022-11-18 21:00:00,Bulgaria,Bulgaria,BG,547.15,564.78,44.79,9.75,eso.bg,false,
2022-11-18 22:00:00,Bulgaria,Bulgaria,BG,551.88,569.26,44.33,9.13,eso.bg,false,
2022-11-18 23:00:00,Bulgaria,Bulgaria,BG,540.54,558.36,45.13,8.03,eso.bg,false,
2022-11-19 00:00:00,Bulgaria,Bulgaria,BG,531.1,549.73,45.74,7.68,eso.bg,false,
2022-11-19 01:00:00,Bulgaria,Bulgaria,BG,507.77,527.2,47.69,9.35,eso.bg,false,
2022-11-19 02:00:00,Bulgaria,Bulgaria,BG,485.41,505.3,49.62,10.95,eso.bg,false,
2022-11-19 03:00:00,Bulgaria,Bulgaria,BG,496.83,516.53,48.62,10.18,eso.bg,false,
2022-11-19 04:00:00,Bulgaria,Bulgaria,BG,522.59,541.42,46.47,8.77,eso.bg,false,
2022-11-19 05:00:00,Bulgaria,Bulgaria,BG,530.14,548.81,45.92,9.5,eso.bg,false,
2022-11-19 06:00:00,Bulgaria,Bulgaria,BG,538.26,556.62,45.35,9.91,eso.bg,false,
2022-11-19 07:00:00,Bulgaria,Bulgaria,BG,520.77,539.2,47.15,12.99,eso.bg,false,
2022-11-19 08:00:00,Bulgaria,Bulgaria,BG,495.98,515.06,49.45,16.07,eso.bg,false,
2022-11-19 09:00:00,Bulgaria,Bulgaria,BG,493.41,513.07,49.63,15.58,eso.bg,false,
2022-11-19 10:00:00,Bulgaria,Bulgaria,BG,498.29,518.47,49.05,14.38,eso.bg,false,
2022-11-19 11:00:00,Bulgaria,Bulgaria,BG,516.33,536.37,47.34,12.45,eso.bg,false,
2022-11-19 12:00:00,Bulgaria,Bulgaria,BG,553.32,572.87,43.85,8.45,eso.bg,false,
2022-11-19 13:00:00,Bulgaria,Bulgaria,BG,571.35,590.68,42.07,5.93,eso.bg,false,
2022-11-19 14:00:00,Bulgaria,Bulgaria,BG,581.37,600.46,41.11,4.78,eso.bg,false,
2022-11-19 15:00:00,Bulgaria,Bulgaria,BG,567.6,586.36,42.57,7.72,eso.bg,false,
2022-11-19 16:00:00,Bulgaria,Bulgaria,BG,550.25,568.37,44.41,11.24,eso.bg,false,
2022-11-19 17:00:00,Bulgaria,Bulgaria,BG,537.82,555.94,45.54,11.8,eso.bg,false,
2022-11-19 18:00:00,Bulgaria,Bulgaria,BG,534.74,553.07,45.78,11.83,eso.bg,false,
2022-11-19 19:00:00,Bulgaria,Bulgaria,BG,535.46,553.97,45.62,10.9,eso.bg,false,
2022-11-19 20:00:00,Bulgaria,Bulgaria,BG,550.82,569.18,44.21,9.48,eso.bg,false,
2022-11-19 21:00:00,Bulgaria,Bulgaria,BG,568.76,587.29,42.41,6.59,eso.bg,false,
2022-11-19 22:00:00,Bulgaria,Bulgaria,BG,583.99,602.49,41.01,4.58,eso.bg,false,
2022-11-19 23:00:00,Bulgaria,Bulgaria,BG,547.57,566.52,44.13,5.74,eso.bg,false,
2022-11-20 00:00:00,Bulgaria,Bulgaria,BG,503.5,523.04,47.98,8.44,eso.bg,false,
2022-11-20 01:00:00,Bulgaria,Bulgaria,BG,504.34,523.59,48.06,9.81,eso.bg,false,
2022-11-20 02:00:00,Bulgaria,Bulgaria,BG,501.48,520.69,48.42,10.98,eso.bg,false,
2022-11-20 03:00:00,Bulgaria,Bulgaria,BG,518.85,537.68,47.05,11.34,eso.bg,false,
2022-11-20 04:00:00,Bulgaria,Bulgaria,BG,518.74,537.54,47.03,11.44,eso.bg,false,
2022-11-20 05:00:00,Bulgaria,Bulgaria,BG,497.26,516.39,48.92,12.65,eso.bg,false,
2022-11-20 06:00:00,Bulgaria,Bulgaria,BG,505.65,524.64,48.26,12.66,eso.bg,false,
2022-11-20 07:00:00,Bulgaria,Bulgaria,BG,515.34,534.1,47.63,14.03,eso.bg,false,
2022-11-20 08:00:00,Bulgaria,Bulgaria,BG,516.48,535.18,47.6,14.8,eso.bg,false,
2022-11-20 09:00:00,Bulgaria,Bulgaria,BG,515.77,534.34,47.79,15.41,eso.bg,false,
2022-11-20 10:00:00,Bulgaria,Bulgaria,BG,510.91,529.3,48.4,16.01,eso.bg,false,
2022-11-20 11:00:00,Bulgaria,Bulgaria,BG,517.04,535.17,47.88,14.99,eso.bg,false,
2022-11-20 12:00:00,Bulgaria,Bulgaria,BG,528.5,546.69,46.72,13.16,eso.bg,false,
2022-11-20 13:00:00,Bulgaria,Bulgaria,BG,528.46,546.41,46.77,13.24,eso.bg,false,
2022-11-20 14:00:00,Bulgaria,Bulgaria,BG,540.93,558.79,45.56,12.25,eso.bg,false,
2022-11-20 15:00:00,Bulgaria,Bulgaria,BG,533.45,551.1,46.41,14.56,eso.bg,false,
2022-11-20 16:00:00,Bulgaria,Bulgaria,BG,522.86,539.96,47.5,16.17,eso.bg,false,
2022-11-20 17:00:00,Bulgaria,Bulgaria,BG,531.43,548.75,46.61,14.86,eso.bg,false,
2022-11-20 18:00:00,Bulgaria,Bulgaria,BG,540.46,558.03,45.65,13.26,eso.bg,false,
2022-11-20 19:00:00,Bulgaria,Bulgaria,BG,559.83,577.93,43.49,10.04,eso.bg,false,
2022-11-20 20:00:00,Bulgaria,Bulgaria,BG,577.07,595.39,41.77,7.34,eso.bg,false,
2022-11-20 21:00:00,Bulgaria,Bulgaria,BG,578.2,596.49,41.67,7.23,eso.bg,false,
2022-11-20 22:00:00,Bulgaria,Bulgaria,BG,563.1,581.39,42.69,5.28,eso.bg,false,
2022-11-20 23:00:00,Bulgaria,Bulgaria,BG,550.12,569.26,43.8,5.71,eso.bg,false,
2022-11-21 00:00:00,Bulgaria,Bulgaria,BG,531.65,551.05,45.41,6.95,eso.bg,false,
2022-11-21 01:00:00,Bulgaria,Bulgaria,BG,506.15,525.69,47.73,8.87,eso.bg,false,
2022-11-21 02:00:00,Bulgaria,Bulgaria,BG,483.16,502.72,49.8,10.98,eso.bg,false,
2022-11-21 03:00:00,Bulgaria,Bulgaria,BG,471.6,490.99,50.92,12.31,eso.bg,false,
2022-11-21 04:00:00,Bulgaria,Bulgaria,BG,513.94,532.89,47.42,12.31,eso.bg,false,
2022-11-21 05:00:00,Bulgaria,Bulgaria,BG,519.99,538.79,46.99,12.96,eso.bg,false,
2022-11-21 06:00:00,Bulgaria,Bulgaria,BG,499.39,518.97,48.72,15.51,eso.bg,false,
2022-11-21 07:00:00,Bulgaria,Bulgaria,BG,474.4,494.31,51.1,19.58,eso.bg,false,
2022-11-21 08:00:00,Bulgaria,Bulgaria,BG,468.38,487.96,51.9,19.97,eso.bg,false,
2022-11-21 09:00:00,Bulgaria,Bulgaria,BG,487.42,507.15,50.19,17.81,eso.bg,false,
2022-11-21 10:00:00,Bulgaria,Bulgaria,BG,502.69,522.08,48.95,17.0,eso.bg,false,
2022-11-21 11:00:00,Bulgaria,Bulgaria,BG,508.31,527.42,48.44,15.83,eso.bg,false,
2022-11-21 12:00:00,Bulgaria,Bulgaria,BG,535.58,554.36,45.89,13.63,eso.bg,false,
2022-11-21 13:00:00,Bulgaria,Bulgaria,BG,541.44,560.63,44.91,12.36,eso.bg,false,
2022-11-21 14:00:00,Bulgaria,Bulgaria,BG,552.7,572.68,43.28,9.94,eso.bg,false,
2022-11-21 15:00:00,Bulgaria,Bulgaria,BG,556.18,575.64,43.21,10.58,eso.bg,false,
2022-11-21 16:00:00,Bulgaria,Bulgaria,BG,541.22,559.77,45.08,13.49,eso.bg,false,
2022-11-21 17:00:00,Bulgaria,Bulgaria,BG,544.3,562.48,44.95,12.34,eso.bg,false,
2022-11-21 18:00:00,Bulgaria,Bulgaria,BG,546.76,565.08,44.61,11.21,eso.bg,false,
2022-11-21 19:00:00,Bulgaria,Bulgaria,BG,553.7,572.21,43.88,9.98,eso.bg,false,
2022-11-21 20:00:00,Bulgaria,Bulgaria,BG,571.75,590.41,42.12,7.76,eso.bg,false,
2022-11-21 21:00:00,Bulgaria,Bulgaria,BG,580.15,599.04,41.19,5.41,eso.bg,false,
2022-11-21 22:00:00,Bulgaria,Bulgaria,BG,578.07,597.17,41.26,4.34,eso.bg,false,
2022-11-21 23:00:00,Bulgaria,Bulgaria,BG,571.23,590.39,41.89,4.64,eso.bg,false,
2022-11-22 00:00:00,Bulgaria,Bulgaria,BG,536.08,556.0,44.72,5.32,eso.bg,false,
2022-11-22 01:00:00,Bulgaria,Bulgaria,BG,519.3,539.46,46.13,5.57,eso.bg,false,
2022-11-22 02:00:00,Bulgaria,Bulgaria,BG,514.41,534.64,46.56,5.55,eso.bg,false,
2022-11-22 03:00:00,Bulgaria,Bulgaria,BG,526.21,546.24,45.6,5.45,eso.bg,false,
2022-11-22 04:00:00,Bulgaria,Bulgaria,BG,564.33,583.33,42.66,6.97,eso.bg,false,
2022-11-22 05:00:00,Bulgaria,Bulgaria,BG,582.23,600.81,41.19,7.43,eso.bg,false,
2022-11-22 06:00:00,Bulgaria,Bulgaria,BG,572.55,591.65,42.06,7.91,eso.bg,false,
2022-11-22 07:00:00,Bulgaria,Bulgaria,BG,543.83,563.49,44.84,11.32,eso.bg,false,
2022-11-22 08:00:00,Bulgaria,Bulgaria,BG,527.86,547.54,46.55,13.01,eso.bg,false,
2022-11-22 09:00:00,Bulgaria,Bulgaria,BG,531.43,550.8,46.43,13.43,eso.bg,false,
2022-11-22 10:00:00,Bulgaria,Bulgaria,BG,541.12,560.37,45.55,12.75,eso.bg,false,
2022-11-22 11:00:00,Bulgaria,Bulgaria,BG,558.02,577.19,43.84,11.08,eso.bg,false,
2022-11-22 12:00:00,Bulgaria,Bulgaria,BG,558.6,577.27,43.72,11.38,eso.bg,false,
2022-11-22 13:00:00,Bulgaria,Bulgaria,BG,568.08,587.27,42.33,10.12,eso.bg,false,
2022-11-22 14:00:00,Bulgaria,Bulgaria,BG,563.36,583.29,42.34,9.91,eso.bg,false,
2022-11-22 15:00:00,Bulgaria,Bulgaria,BG,561.15,581.11,42.51,10.64,eso.bg,false,
2022-11-22 16:00:00,Bulgaria,Bulgaria,BG,545.7,564.46,44.58,14.07,eso.bg,false,
2022-11-22 17:00:00,Bulgaria,Bulgaria,BG,521.7,540.12,46.99,16.56,eso.bg,false,
2022-11-22 18:00:00,Bulgaria,Bulgaria,BG,527.35,546.17,46.2,14.01,eso.bg,false,
2022-11-22 19:00:00,Bulgaria,Bulgaria,BG,529.07,547.56,46.2,13.96,eso.bg,false,
2022-11-22 20:00:00,Bulgaria,Bulgaria,BG,546.45,564.91,44.61,11.14,eso.bg,false,
2022-11-22 21:00:00,Bulgaria,Bulgaria,BG,548.37,566.91,44.41,10.42,eso.bg,false,
2022-11-22 22:00:00,Bulgaria,Bulgaria,BG,494.63,514.12,48.87,10.7,eso.bg,false,
2022-11-22 23:00:00,Bulgaria,Bulgaria,BG,490.55,509.67,49.17,10.23,eso.bg,false,
2022-11-23 00:00:00,Bulgaria,Bulgaria,BG,484.85,503.95,49.58,10.22,eso.bg,false,
2022-11-23 01:00:00,Bulgaria,Bulgaria,BG,461.12,480.54,51.57,11.11,eso.bg,false,
2022-11-23 02:00:00,Bulgaria,Bulgaria,BG,450.61,470.22,52.42,11.29,eso.bg,false,
2022-11-23 03:00:00,Bulgaria,Bulgaria,BG,457.27,476.91,51.84,11.26,eso.bg,false,
2022-11-23 04:00:00,Bulgaria,Bulgaria,BG,472.21,491.86,50.72,12.1,eso.bg,false,
2022-11-23 05:00:00,Bulgaria,Bulgaria,BG,494.32,513.26,49.22,14.77,eso.bg,false,
2022-11-23 06:00:00,Bulgaria,Bulgaria,BG,499.77,518.24,49.01,16.45,eso.bg,false,
2022-11-23 07:00:00,Bulgaria,Bulgaria,BG,497.74,516.25,49.21,16.94,eso.bg,false,
2022-11-23 08:00:00,Bulgaria,Bulgaria,BG,487.6,506.19,50.24,18.64,eso.bg,false,
2022-11-23 09:00:00,Bulgaria,Bulgaria,BG,489.55,508.09,50.05,18.31,eso.bg,false,
2022-11-23 10:00:00,Bulgaria,Bulgaria,BG,490.94,509.64,49.92,18.01,eso.bg,false,
2022-11-23 11:00:00,Bulgaria,Bulgaria,BG,487.48,506.22,50.29,18.55,eso.bg,false,
2022-11-23 12:00:00,Bulgaria,Bulgaria,BG,497.84,516.63,49.27,16.82,eso.bg,false,
2022-11-23 13:00:00,Bulgaria,Bulgaria,BG,498.04,516.72,49.18,16.39,eso.bg,false,
2022-11-23 14:00:00,Bulgaria,Bulgaria,BG,477.66,496.3,50.97,17.47,eso.bg,false,
2022-11-23 15:00:00,Bulgaria,Bulgaria,BG,474.77,493.59,51.16,18.12,eso.bg,false,
2022-11-23 16:00:00,Bulgaria,Bulgaria,BG,457.78,475.86,53.08,20.77,eso.bg,false,
2022-11-23 17:00:00,Bulgaria,Bulgaria,BG,447.8,465.57,54.17,22.22,eso.bg,false,
2022-11-23 18:00:00,Bulgaria,Bulgaria,BG,452.75,470.66,53.64,21.38,eso.bg,false,
2022-11-23 19:00:00,Bulgaria,Bulgaria,BG,462.93,481.11,52.55,19.41,eso.bg,false,
2022-11-23 20:00:00,Bulgaria,Bulgaria,BG,481.54,499.97,50.65,16.23,eso.bg,false,
2022-11-23 21:00:00,Bulgaria,Bulgaria,BG,503.84,522.66,48.35,12.19,eso.bg,false,
2022-11-23 22:00:00,Bulgaria,Bulgaria,BG,509.44,528.31,47.76,11.3,eso.bg,false,
2022-11-23 23:00:00,Bulgaria,Bulgaria,BG,536.03,555.43,44.99,6.07,eso.bg,false,
2022-11-24 00:00:00,Bulgaria,Bulgaria,BG,549.56,569.0,43.66,4.45,eso.bg,false,
2022-11-24 01:00:00,Bulgaria,Bulgaria,BG,550.38,570.12,43.42,3.64,eso.bg,false,
2022-11-24 02:00:00,Bulgaria,Bulgaria,BG,545.09,565.04,43.81,3.41,eso.bg,false,
2022-11-24 03:00:00,Bulgaria,Bulgaria,BG,540.91,560.95,44.16,3.51,eso.bg,false,
2022-11-24 04:00:00,Bulgaria,Bulgaria,BG,536.1,556.38,44.5,5.71,eso.bg,false,
2022-11-24 05:00:00,Bulgaria,Bulgaria,BG,530.17,549.75,45.45,8.5,eso.bg,false,
2022-11-24 06:00:00,Bulgaria,Bulgaria,BG,512.89,532.03,47.43,11.62,eso.bg,false,
2022-11-24 07:00:00,Bulgaria,Bulgaria,BG,493.93,513.09,49.43,15.0,eso.bg,false,
2022-11-24 08:00:00,Bulgaria,Bulgaria,BG,483.77,503.2,50.4,16.62,eso.bg,false,
2022-11-24 09:00:00,Bulgaria,Bulgaria,BG,471.73,491.86,51.3,18.56,eso.bg,false,
2022-11-24 10:00:00,Bulgaria,Bulgaria,BG,491.32,511.01,49.65,16.99,eso.bg,false,
2022-11-24 11:00:00,Bulgaria,Bulgaria,BG,517.48,537.57,47.0,14.85,eso.bg,false,
2022-11-24 12:00:00,Bulgaria,Bulgaria,BG,541.87,561.06,45.04,12.38,eso.bg,false,
2022-11-24 13:00:00,Bulgaria,Bulgaria,BG,525.06,543.88,46.51,11.9,eso.bg,false,
2022-11-24 14:00:00,Bulgaria,Bulgaria,BG,509.82,528.49,47.92,13.81,eso.bg,false,
2022-11-24 15:00:00,Bulgaria,Bulgaria,BG,486.6,505.04,50.21,17.37,eso.bg,false,
2022-11-24 16:00:00,Bulgaria,Bulgaria,BG,465.06,482.94,52.49,21.31,eso.bg,false,
2022-11-24 17:00:00,Bulgaria,Bulgaria,BG,460.36,478.09,53.02,22.25,eso.bg,false,
2022-11-24 18:00:00,Bulgaria,Bulgaria,BG,464.22,482.17,52.59,21.51,eso.bg,false,
2022-11-24 19:00:00,Bulgaria,Bulgaria,BG,481.85,499.96,50.8,18.48,eso.bg,false,
2022-11-24 20:00:00,Bulgaria,Bulgaria,BG,497.43,515.73,49.21,15.8,eso.bg,false,
2022-11-24 21:00:00,Bulgaria,Bulgaria,BG,515.06,533.65,47.43,12.82,eso.bg,false,
2022-11-24 22:00:00,Bulgaria,Bulgaria,BG,533.12,552.02,45.58,9.54,eso.bg,false,
2022-11-24 23:00:00,Bulgaria,Bulgaria,BG,520.42,539.3,46.81,10.7,eso.bg,false,
2022-11-25 00:00:00,Bulgaria,Bulgaria,BG,510.84,529.84,47.62,11.86,eso.bg,false,
2022-11-25 01:00:00,Bulgaria,Bulgaria,BG,512.04,531.27,47.38,10.76,eso.bg,false,
2022-11-25 02:00:00,Bulgaria,Bulgaria,BG,508.58,528.19,47.51,10.19,eso.bg,false,
2022-11-25 03:00:00,Bulgaria,Bulgaria,BG,507.17,526.54,47.8,11.66,eso.bg,false,
2022-11-25 04:00:00,Bulgaria,Bulgaria,BG,511.76,531.22,47.3,10.73,eso.bg,false,
2022-11-25 05:00:00,Bulgaria,Bulgaria,BG,508.82,527.94,47.76,12.6,eso.bg,false,
2022-11-25 06:00:00,Bulgaria,Bulgaria,BG,492.67,511.52,49.47,15.53,eso.bg,false,
2022-11-25 07:00:00,Bulgaria,Bulgaria,BG,480.36,499.25,50.7,17.53,eso.bg,false,
2022-11-25 08:00:00,Bulgaria,Bulgaria,BG,470.66,489.78,51.72,19.28,eso.bg,false,
2022-11-25 09:00:00,Bulgaria,Bulgaria,BG,453.05,472.65,53.39,20.63,eso.bg,false,
2022-11-25 10:00:00,Bulgaria,Bulgaria,BG,452.96,472.91,53.3,19.91,eso.bg,false,
2022-11-25 11:00:00,Bulgaria,Bulgaria,BG,455.48,475.52,53.01,19.44,eso.bg,false,
2022-11-25 12:00:00,Bulgaria,Bulgaria,BG,465.27,485.25,52.03,18.11,eso.bg,false,
2022-11-25 13:00:00,Bulgaria,Bulgaria,BG,482.87,502.46,50.28,15.57,eso.bg,false,
2022-11-25 14:00:00,Bulgaria,Bulgaria,BG,495.01,514.16,49.06,14.68,eso.bg,false,
2022-11-25 15:00:00,Bulgaria,Bulgaria,BG,475.15,493.59,51.22,18.37,eso.bg,false,
2022-11-25 16:00:00,Bulgaria,Bulgaria,BG,452.88,470.86,53.54,22.29,eso.bg,false,
2022-11-25 17:00:00,Bulgaria,Bulgaria,BG,453.43,471.37,53.52,22.22,eso.bg,false,
2022-11-25 18:00:00,Bulgaria,Bulgaria,BG,468.17,486.35,52.02,19.72,eso.bg,false,
2022-11-25 19:00:00,Bulgaria,Bulgaria,BG,485.32,503.86,50.25,16.74,eso.bg,false,
2022-11-25 20:00:00,Bulgaria,Bulgaria,BG,484.8,503.75,50.16,15.9,eso.bg,false,
2022-11-25 21:00:00,Bulgaria,Bulgaria,BG,503.81,522.95,48.27,13.02,eso.bg,false,
2022-11-25 22:00:00,Bulgaria,Bulgaria,BG,523.35,542.73,46.29,10.37,eso.bg,false,
2022-11-25 23:00:00,Bulgaria,Bulgaria,BG,534.36,553.8,45.24,9.05,eso.bg,false,
2022-11-26 00:00:00,Bulgaria,Bulgaria,BG,553.96,573.17,43.43,6.96,eso.bg,false,
2022-11-26 01:00:00,Bulgaria,Bulgaria,BG,562.02,580.98,42.83,6.37,eso.bg,false,
2022-11-26 02:00:00,Bulgaria,Bulgaria,BG,563.67,582.29,42.83,6.65,eso.bg,false,
2022-11-26 03:00:00,Bulgaria,Bulgaria,BG,553.74,572.37,43.76,7.69,eso.bg,false,
2022-11-26 04:00:00,Bulgaria,Bulgaria,BG,549.22,568.07,44.1,7.41,eso.bg,false,
2022-11-26 05:00:00,Bulgaria,Bulgaria,BG,547.07,565.97,44.27,7.5,eso.bg,false,
2022-11-26 06:00:00,Bulgaria,Bulgaria,BG,530.86,549.43,46.16,12.09,eso.bg,false,
2022-11-26 07:00:00,Bulgaria,Bulgaria,BG,504.73,523.58,48.82,16.53,eso.bg,false,
2022-11-26 08:00:00,Bulgaria,Bulgaria,BG,497.65,516.87,49.55,17.82,eso.bg,false,
2022-11-26 09:00:00,Bulgaria,Bulgaria,BG,489.43,509.01,50.26,17.95,eso.bg,false,
2022-11-26 10:00:00,Bulgaria,Bulgaria,BG,491.51,511.46,49.93,16.56,eso.bg,false,
2022-11-26 11:00:00,Bulgaria,Bulgaria,BG,495.18,515.37,49.46,15.38,eso.bg,false,
2022-11-26 12:00:00,Bulgaria,Bulgaria,BG,492.34,512.55,49.62,14.68,eso.bg,false,
2022-11-26 13:00:00,Bulgaria,Bulgaria,BG,524.12,543.66,46.53,10.74,eso.bg,false,
2022-11-26 14:00:00,Bulgaria,Bulgaria,BG,535.96,554.63,45.48,9.87,eso.bg,false,
2022-11-26 15:00:00,Bulgaria,Bulgaria,BG,505.14,523.12,48.65,15.57,eso.bg,false,
2022-11-26 16:00:00,Bulgaria,Bulgaria,BG,488.25,505.9,50.38,18.41,eso.bg,false,
2022-11-26 17:00:00,Bulgaria,Bulgaria,BG,496.14,513.87,49.55,17.02,eso.bg,false,
2022-11-26 18:00:00,Bulgaria,Bulgaria,BG,509.05,526.51,48.22,14.85,eso.bg,false,
2022-11-26 19:00:00,Bulgaria,Bulgaria,BG,516.2,533.81,47.5,13.7,eso.bg,false,
2022-11-26 20:00:00,Bulgaria,Bulgaria,BG,536.16,553.99,45.49,10.44,eso.bg,false,
2022-11-26 21:00:00,Bulgaria,Bulgaria,BG,537.7,555.71,45.22,9.32,eso.bg,false,
2022-11-26 22:00:00,Bulgaria,Bulgaria,BG,544.71,562.94,44.43,7.64,eso.bg,false,
2022-11-26 23:00:00,Bulgaria,Bulgaria,BG,547.98,566.72,43.84,5.1,eso.bg,false,
2022-11-27 00:00:00,Bulgaria,Bulgaria,BG,528.93,547.95,45.4,5.05,eso.bg,false,
2022-11-27 01:00:00,Bulgaria,Bulgaria,BG,512.43,531.75,46.75,5.23,eso.bg,false,
2022-11-27 02:00:00,Bulgaria,Bulgaria,BG,512.45,531.81,46.73,5.39,eso.bg,false,
2022-11-27 03:00:00,Bulgaria,Bulgaria,BG,514.97,534.68,46.41,5.52,eso.bg,false,
2022-11-27 04:00:00,Bulgaria,Bulgaria,BG,511.94,531.88,46.83,6.36,eso.bg,false,
2022-11-27 05:00:00,Bulgaria,Bulgaria,BG,513.47,533.28,46.82,7.32,eso.bg,false,
2022-11-27 06:00:00,Bulgaria,Bulgaria,BG,551.41,570.51,43.73,8.29,eso.bg,false,
2022-11-27 07:00:00,Bulgaria,Bulgaria,BG,535.04,553.83,45.57,12.91,eso.bg,false,
2022-11-27 08:00:00,Bulgaria,Bulgaria,BG,519.04,537.74,47.21,15.51,eso.bg,false,
2022-11-27 09:00:00,Bulgaria,Bulgaria,BG,524.39,543.45,46.7,14.64,eso.bg,false,
2022-11-27 10:00:00,Bulgaria,Bulgaria,BG,525.79,544.98,46.59,14.51,eso.bg,false,
2022-11-27 11:00:00,Bulgaria,Bulgaria,BG,533.27,552.42,45.81,13.23,eso.bg,false,
2022-11-27 12:00:00,Bulgaria,Bulgaria,BG,544.24,563.22,44.7,11.36,eso.bg,false,
2022-11-27 13:00:00,Bulgaria,Bulgaria,BG,553.62,572.48,43.73,9.89,eso.bg,false,
2022-11-27 14:00:00,Bulgaria,Bulgaria,BG,540.9,559.46,44.98,11.88,eso.bg,false,
2022-11-27 15:00:00,Bulgaria,Bulgaria,BG,515.38,533.53,47.6,16.27,eso.bg,false,
2022-11-27 16:00:00,Bulgaria,Bulgaria,BG,521.22,539.17,47.17,16.16,eso.bg,false,
2022-11-27 17:00:00,Bulgaria,Bulgaria,BG,507.45,525.52,48.41,17.12,eso.bg,false,
2022-11-27 18:00:00,Bulgaria,Bulgaria,BG,507.89,526.07,48.29,16.36,eso.bg,false,
2022-11-27 19:00:00,Bulgaria,Bulgaria,BG,521.48,539.99,46.83,13.5,eso.bg,false,
2022-11-27 20:00:00,Bulgaria,Bulgaria,BG,543.85,562.62,44.59,10.01,eso.bg,false,
2022-11-27 21:00:00,Bulgaria,Bulgaria,BG,553.18,572.11,43.63,8.26,eso.bg,false,
2022-11-27 22:00:00,Bulgaria,Bulgaria,BG,547.0,566.41,43.91,6.29,eso.bg,false,
2022-11-27 23:00:00,Bulgaria,Bulgaria,BG,533.19,552.95,44.98,5.98,eso.bg,false,
2022-11-28 00:00:00,Bulgaria,Bulgaria,BG,533.5,553.43,44.88,5.69,eso.bg,false,
2022-11-28 01:00:00,Bulgaria,Bulgaria,BG,511.49,531.68,46.79,7.06,eso.bg,false,
2022-11-28 02:00:00,Bulgaria,Bulgaria,BG,496.68,516.86,48.16,8.39,eso.bg,false,
2022-11-28 03:00:00,Bulgaria,Bulgaria,BG,488.53,508.68,48.93,8.89,eso.bg,false,
2022-11-28 04:00:00,Bulgaria,Bulgaria,BG,523.75,543.29,46.0,8.59,eso.bg,false,
2022-11-28 05:00:00,Bulgaria,Bulgaria,BG,547.61,566.62,44.13,9.11,eso.bg,false,
2022-11-28 06:00:00,Bulgaria,Bulgaria,BG,550.54,569.22,44.03,10.04,eso.bg,false,
2022-11-28 07:00:00,Bulgaria,Bulgaria,BG,542.55,560.98,44.98,12.5,eso.bg,false,
2022-11-28 08:00:00,Bulgaria,Bulgaria,BG,539.68,558.21,45.25,12.94,eso.bg,false,
2022-11-28 09:00:00,Bulgaria,Bulgaria,BG,545.42,564.06,44.66,11.98,eso.bg,false,
2022-11-28 10:00:00,Bulgaria,Bulgaria,BG,544.92,563.83,44.54,11.95,eso.bg,false,
2022-11-28 11:00:00,Bulgaria,Bulgaria,BG,543.67,562.89,44.54,12.18,eso.bg,false,
2022-11-28 12:00:00,Bulgaria,Bulgaria,BG,542.71,561.73,44.69,12.46,eso.bg,false,
2022-11-28 13:00:00,Bulgaria,Bulgaria,BG,545.9,564.47,44.56,12.02,eso.bg,false,
2022-11-28 14:00:00,Bulgaria,Bulgaria,BG,535.89,554.21,45.59,13.69,eso.bg,false,
2022-11-28 15:00:00,Bulgaria,Bulgaria,BG,510.95,529.13,48.02,17.59,eso.bg,false,
2022-11-28 16:00:00,Bulgaria,Bulgaria,BG,496.54,514.08,49.64,20.09,eso.bg,false,
2022-11-28 17:00:00,Bulgaria,Bulgaria,BG,496.72,514.33,49.67,20.27,eso.bg,false,
2022-11-28 18:00:00,Bulgaria,Bulgaria,BG,507.34,525.02,48.64,18.77,eso.bg,false,
2022-11-28 19:00:00,Bulgaria,Bulgaria,BG,523.32,541.36,47.03,16.07,eso.bg,false,
2022-11-28 20:00:00,Bulgaria,Bulgaria,BG,536.27,554.71,45.65,13.44,eso.bg,false,
2022-11-28 21:00:00,Bulgaria,Bulgaria,BG,537.28,555.91,45.37,12.1,eso.bg,false,
2022-11-28 22:00:00,Bulgaria,Bulgaria,BG,546.85,565.52,44.47,10.59,eso.bg,false,
2022-11-28 23:00:00,Bulgaria,Bulgaria,BG,536.12,555.1,45.25,10.45,eso.bg,false,
2022-11-29 00:00:00,Bulgaria,Bulgaria,BG,533.59,552.19,45.54,11.49,eso.bg,false,
2022-11-29 01:00:00,Bulgaria,Bulgaria,BG,536.31,555.0,45.25,11.22,eso.bg,false,
2022-11-29 02:00:00,Bulgaria,Bulgaria,BG,538.67,557.29,45.06,11.13,eso.bg,false,
2022-11-29 03:00:00,Bulgaria,Bulgaria,BG,537.12,555.63,45.24,11.51,eso.bg,false,
2022-11-29 04:00:00,Bulgaria,Bulgaria,BG,531.35,549.76,45.83,11.42,eso.bg,false,
2022-11-29 05:00:00,Bulgaria,Bulgaria,BG,530.63,548.58,46.16,12.97,eso.bg,false,
2022-11-29 06:00:00,Bulgaria,Bulgaria,BG,531.06,548.95,46.18,13.01,eso.bg,false,
2022-11-29 07:00:00,Bulgaria,Bulgaria,BG,516.55,535.4,47.15,15.41,eso.bg,false,
2022-11-29 08:00:00,Bulgaria,Bulgaria,BG,504.69,524.4,47.87,17.38,eso.bg,false,
2022-11-29 09:00:00,Bulgaria,Bulgaria,BG,507.7,527.75,47.52,16.87,eso.bg,false,
2022-11-29 10:00:00,Bulgaria,Bulgaria,BG,506.09,525.78,47.85,17.23,eso.bg,false,
2022-11-29 11:00:00,Bulgaria,Bulgaria,BG,501.86,521.5,48.24,17.73,eso.bg,false,
2022-11-29 12:00:00,Bulgaria,Bulgaria,BG,508.09,527.97,47.49,16.58,eso.bg,false,
2022-11-29 13:00:00,Bulgaria,Bulgaria,BG,513.02,532.93,46.95,15.85,eso.bg,false,
2022-11-29 14:00:00,Bulgaria,Bulgaria,BG,509.79,527.55,48.32,16.54,eso.bg,false,
2022-11-29 15:00:00,Bulgaria,Bulgaria,BG,487.21,504.53,50.68,20.22,eso.bg,false,
2022-11-29 16:00:00,Bulgaria,Bulgaria,BG,473.91,490.94,52.06,22.4,eso.bg,false,
2022-11-29 17:00:00,Bulgaria,Bulgaria,BG,468.76,485.71,52.58,23.22,eso.bg,false,
2022-11-29 18:00:00,Bulgaria,Bulgaria,BG,482.46,499.56,51.19,21.01,eso.bg,false,
2022-11-29 19:00:00,Bulgaria,Bulgaria,BG,502.32,519.71,49.18,17.79,eso.bg,false,
2022-11-29 20:00:00,Bulgaria,Bulgaria,BG,497.92,515.96,49.46,17.09,eso.bg,false,
2022-11-29 21:00:00,Bulgaria,Bulgaria,BG,512.26,530.41,48.01,14.81,eso.bg,false,
2022-11-29 22:00:00,Bulgaria,Bulgaria,BG,534.5,552.88,45.83,11.55,eso.bg,false,
2022-11-29 23:00:00,Bulgaria,Bulgaria,BG,529.49,547.86,46.17,10.95,eso.bg,false,
2022-11-30 00:00:00,Bulgaria,Bulgaria,BG,548.9,567.41,44.28,9.22,eso.bg,false,
2022-11-30 01:00:00,Bulgaria,Bulgaria,BG,559.02,577.46,43.34,8.27,eso.bg,false,
2022-11-30 02:00:00,Bulgaria,Bulgaria,BG,553.99,572.37,43.91,9.28,eso.bg,false,
2022-11-30 03:00:00,Bulgaria,Bulgaria,BG,554.32,572.85,43.74,8.46,eso.bg,false,
2022-11-30 04:00:00,Bulgaria,Bulgaria,BG,543.7,562.38,44.69,9.07,eso.bg,false,
2022-11-30 05:00:00,Bulgaria,Bulgaria,BG,535.25,553.29,45.8,12.37,eso.bg,false,
2022-11-30 06:00:00,Bulgaria,Bulgaria,BG,532.74,551.97,45.43,12.8,eso.bg,false,
2022-11-30 07:00:00,Bulgaria,Bulgaria,BG,532.7,552.18,45.32,13.55,eso.bg,false,
2022-11-30 08:00:00,Bulgaria,Bulgaria,BG,544.82,564.31,44.24,12.66,eso.bg,false,
2022-11-30 09:00:00,Bulgaria,Bulgaria,BG,549.34,568.55,44.04,12.42,eso.bg,false,
2022-11-30 10:00:00,Bulgaria,Bulgaria,BG,545.64,564.81,44.4,12.81,eso.bg,false,
2022-11-30 11:00:00,Bulgaria,Bulgaria,BG,555.63,574.72,43.4,11.68,eso.bg,false,
2022-11-30 12:00:00,Bulgaria,Bulgaria,BG,560.49,579.53,42.76,10.73,eso.bg,false,
2022-11-30 13:00:00,Bulgaria,Bulgaria,BG,563.33,582.19,42.56,10.18,eso.bg,false,
2022-11-30 14:00:00,Bulgaria,Bulgaria,BG,543.36,561.1,44.98,13.38,eso.bg,false,
2022-11-30 15:00:00,Bulgaria,Bulgaria,BG,521.65,539.31,47.14,16.77,eso.bg,false,
2022-11-30 16:00:00,Bulgaria,Bulgaria,BG,498.48,515.96,49.37,20.01,eso.bg,false,
2022-11-30 17:00:00,Bulgaria,Bulgaria,BG,498.67,515.33,49.74,20.06,eso.bg,false,
2022-11-30 18:00:00,Bulgaria,Bulgaria,BG,501.61,518.4,49.39,19.22,eso.bg,false,
2022-11-30 19:00:00,Bulgaria,Bulgaria,BG,516.91,534.18,47.71,16.65,eso.bg,false,
2022-11-30 20:00:00,Bulgaria,Bulgaria,BG,545.25,562.53,45.03,12.64,eso.bg,false,
2022-11-30 21:00:00,Bulgaria,Bulgaria,BG,566.87,584.57,42.74,9.29,eso.bg,false,
2022-11-30 22:00:00,Bulgaria,Bulgaria,BG,560.58,578.83,43.02,7.61,eso.bg,false,
2022-11-30 23:00:00,Bulgaria,Bulgaria,BG,542.49,561.57,44.26,8.09,eso.bg,false,
2022-12-01 00:00:00,Bulgaria,Bulgaria,BG,513.46,533.43,46.45,8.51,eso.bg,false,
2022-12-01 01:00:00,Bulgaria,Bulgaria,BG,502.62,522.86,47.33,8.66,eso.bg,false,
2022-12-01 02:00:00,Bulgaria,Bulgaria,BG,496.09,516.48,47.82,8.63,eso.bg,false,
2022-12-01 03:00:00,Bulgaria,Bulgaria,BG,501.23,521.43,47.46,8.64,eso.bg,false,
2022-12-01 04:00:00,Bulgaria,Bulgaria,BG,541.78,561.63,43.98,8.88,eso.bg,false,
2022-12-01 05:00:00,Bulgaria,Bulgaria,BG,565.25,584.6,42.04,7.95,eso.bg,false,
2022-12-01 06:00:00,Bulgaria,Bulgaria,BG,562.71,581.64,42.56,9.67,eso.bg,false,
2022-12-01 07:00:00,Bulgaria,Bulgaria,BG,546.46,566.12,43.8,12.35,eso.bg,false,
2022-12-01 08:00:00,Bulgaria,Bulgaria,BG,542.72,562.41,44.12,12.81,eso.bg,false,
2022-12-01 09:00:00,Bulgaria,Bulgaria,BG,543.88,563.65,43.96,12.37,eso.bg,false,
2022-12-01 10:00:00,Bulgaria,Bulgaria,BG,540.28,560.07,44.28,12.78,eso.bg,false,
2022-12-01 11:00:00,Bulgaria,Bulgaria,BG,543.29,563.49,43.83,12.26,eso.bg,false,
2022-12-01 12:00:00,Bulgaria,Bulgaria,BG,553.33,573.04,43.07,10.7,eso.bg,false,
2022-12-01 13:00:00,Bulgaria,Bulgaria,BG,560.99,580.06,42.63,9.89,eso.bg,false,
2022-12-01 14:00:00,Bulgaria,Bulgaria,BG,560.08,578.2,43.53,10.49,Electricity Maps Estimation,true,ESTIMATED_TIME_SLICER_AVERAGE
2022-12-01 15:00:00,Bulgaria,Bulgaria,BG,542.17,559.93,45.76,14.47,Electricity Maps Estimation,true,ESTIMATED_TIME_SLICER_AVERAGE
2022-12-01 16:00:00,Bulgaria,Bulgaria,BG,522.2,539.86,48.83,19.22,Electricity Maps Estimation,true,ESTIMATED_TIME_SLICER_AVERAGE
2022-12-01 17:00:00,Bulgaria,Bulgaria,BG,517.95,535.83,50.38,21.48,Electricity Maps Estimation,true,ESTIMATED_TIME_SLICER_AVERAGE
2022-12-01 18:00:00,Bulgaria,Bulgaria,BG,527.21,545.4,49.76,20.31,Electricity Maps Estimation,true,ESTIMATED_TIME_SLICER_AVERAGE
2022-12-01 19:00:00,Bulgaria,Bulgaria,BG,544.23,562.84,47.7,16.83,Electricity Maps Estimation,true,ESTIMATED_TIME_SLICER_AVERAGE
2022-12-01 20:00:00,Bulgaria,Bulgaria,BG,545.8,564.36,46.26,14.52,eso.bg; Electricity Maps Estimation,true,ESTIMATED_TIME_SLICER_AVERAGE
2022-12-01 21:00:00,Bulgaria,Bulgaria,BG,558.95,577.47,43.33,10.01,eso.bg,false,
2022-12-01 22:00:00,Bulgaria,Bulgaria,BG,575.49,594.19,41.7,7.57,eso.bg,false,
2022-12-01 23:00:00,Bulgaria,Bulgaria,BG,563.78,582.55,42.72,7.92,eso.bg,false,
2022-12-02 00:00:00,Bulgaria,Bulgaria,BG,571.21,589.65,42.1,8.19,eso.bg,false,
2022-12-02 01:00:00,Bulgaria,Bulgaria,BG,548.84,567.04,44.13,9.76,eso.bg,false,
2022-12-02 02:00:00,Bulgaria,Bulgaria,BG,549.35,567.53,44.04,9.34,eso.bg,false,
2022-12-02 03:00:00,Bulgaria,Bulgaria,BG,561.53,579.56,42.98,8.79,eso.bg,false,
2022-12-02 04:00:00,Bulgaria,Bulgaria,BG,567.21,585.74,42.38,7.94,eso.bg,false,
2022-12-02 05:00:00,Bulgaria,Bulgaria,BG,560.8,579.1,43.17,9.8,eso.bg,false,
2022-12-02 06:00:00,Bulgaria,Bulgaria,BG,549.43,567.58,44.35,11.67,eso.bg,false,
2022-12-02 07:00:00,Bulgaria,Bulgaria,BG,534.97,553.2,45.71,13.39,eso.bg,false,
2022-12-02 08:00:00,Bulgaria,Bulgaria,BG,541.99,561.11,44.6,12.6,eso.bg,false,
2022-12-02 09:00:00,Bulgaria,Bulgaria,BG,547.29,568.28,43.36,12.52,eso.bg,false,
2022-12-02 10:00:00,Bulgaria,Bulgaria,BG,553.91,574.98,42.69,11.53,eso.bg,false,
2022-12-02 11:00:00,Bulgaria,Bulgaria,BG,561.83,583.18,41.77,10.51,eso.bg,false,
2022-12-02 12:00:00,Bulgaria,Bulgaria,BG,566.05,587.12,41.47,10.04,eso.bg,false,
2022-12-02 13:00:00,Bulgaria,Bulgaria,BG,569.42,589.57,41.54,9.6,eso.bg,false,
2022-12-02 14:00:00,Bulgaria,Bulgaria,BG,567.97,587.68,41.76,10.24,eso.bg,false,
2022-12-02 15:00:00,Bulgaria,Bulgaria,BG,539.06,557.76,44.91,14.18,eso.bg,false,
2022-12-02 16:00:00,Bulgaria,Bulgaria,BG,525.75,543.51,46.62,16.37,eso.bg,false,
2022-12-02 17:00:00,Bulgaria,Bulgaria,BG,521.53,538.9,47.22,16.65,eso.bg,false,
2022-12-02 18:00:00,Bulgaria,Bulgaria,BG,522.4,539.55,47.24,16.45,eso.bg,false,
2022-12-02 19:00:00,Bulgaria,Bulgaria,BG,543.13,561.27,44.81,12.51,eso.bg,false,
2022-12-02 20:00:00,Bulgaria,Bulgaria,BG,573.66,591.42,42.09,7.92,eso.bg,false,
2022-12-02 21:00:00,Bulgaria,Bulgaria,BG,576.54,594.47,41.67,6.62,eso.bg,false,
2022-12-02 22:00:00,Bulgaria,Bulgaria,BG,577.77,595.71,41.57,6.51,eso.bg,false,
2022-12-02 23:00:00,Bulgaria,Bulgaria,BG,582.27,600.42,40.99,5.09,eso.bg,false,
2022-12-03 00:00:00,Bulgaria,Bulgaria,BG,594.06,612.54,40.05,4.72,eso.bg,false,
2022-12-03 01:00:00,Bulgaria,Bulgaria,BG,599.16,617.53,39.63,4.48,eso.bg,false,
2022-12-03 02:00:00,Bulgaria,Bulgaria,BG,601.15,619.46,39.44,4.23,eso.bg,false,
2022-12-03 03:00:00,Bulgaria,Bulgaria,BG,600.96,619.37,39.43,4.09,eso.bg,false,
2022-12-03 04:00:00,Bulgaria,Bulgaria,BG,596.13,614.5,39.78,3.83,eso.bg,false,
2022-12-03 05:00:00,Bulgaria,Bulgaria,BG,602.02,619.89,39.31,3.87,eso.bg,false,
2022-12-03 06:00:00,Bulgaria,Bulgaria,BG,578.9,596.93,41.39,5.91,eso.bg,false,
2022-12-03 07:00:00,Bulgaria,Bulgaria,BG,571.08,589.39,42.11,9.04,eso.bg,false,
2022-12-03 08:00:00,Bulgaria,Bulgaria,BG,556.15,574.33,43.61,11.55,eso.bg,false,
2022-12-03 09:00:00,Bulgaria,Bulgaria,BG,552.2,570.6,43.92,12.1,eso.bg,false,
2022-12-03 10:00:00,Bulgaria,Bulgaria,BG,529.52,547.74,46.17,14.35,eso.bg,false,
2022-12-03 11:00:00,Bulgaria,Bulgaria,BG,525.22,542.98,46.74,14.9,eso.bg,false,
2022-12-03 12:00:00,Bulgaria,Bulgaria,BG,536.36,554.11,45.65,13.11,eso.bg,false,
2022-12-03 13:00:00,Bulgaria,Bulgaria,BG,537.66,555.39,45.49,12.79,eso.bg,false,
2022-12-03 14:00:00,Bulgaria,Bulgaria,BG,528.82,546.57,46.29,14.09,eso.bg,false,
2022-12-03 15:00:00,Bulgaria,Bulgaria,BG,516.51,534.65,47.28,16.25,eso.bg,false,
2022-12-03 16:00:00,Bulgaria,Bulgaria,BG,510.03,527.4,48.29,17.2,eso.bg,false,
2022-12-03 17:00:00,Bulgaria,Bulgaria,BG,514.59,531.64,47.98,16.51,eso.bg,false,
2022-12-03 18:00:00,Bulgaria,Bulgaria,BG,534.35,551.66,46.02,13.55,eso.bg,false,
2022-12-03 19:00:00,Bulgaria,Bulgaria,BG,551.82,569.33,44.22,10.66,eso.bg,false,
2022-12-03 20:00:00,Bulgaria,Bulgaria,BG,567.23,584.92,42.68,8.17,eso.bg,false,
2022-12-03 21:00:00,Bulgaria,Bulgaria,BG,577.22,594.99,41.68,6.6,eso.bg,false,
2022-12-03 22:00:00,Bulgaria,Bulgaria,BG,573.55,591.69,41.93,5.79,eso.bg,false,
2022-12-03 23:00:00,Bulgaria,Bulgaria,BG,532.33,550.83,45.77,9.63,eso.bg,false,
2022-12-04 00:00:00,Bulgaria,Bulgaria,BG,572.31,591.06,41.93,5.75,eso.bg,false,
2022-12-04 01:00:00,Bulgaria,Bulgaria,BG,579.66,598.37,41.26,5.22,eso.bg,false,
2022-12-04 02:00:00,Bulgaria,Bulgaria,BG,571.44,590.23,41.94,5.16,eso.bg,false,
2022-12-04 03:00:00,Bulgaria,Bulgaria,BG,580.29,598.83,41.18,4.82,eso.bg,false,
2022-12-04 04:00:00,Bulgaria,Bulgaria,BG,587.85,605.97,40.49,4.48,eso.bg,false,
2022-12-04 05:00:00,Bulgaria,Bulgaria,BG,580.32,598.63,41.06,4.0,eso.bg,false,
2022-12-04 06:00:00,Bulgaria,Bulgaria,BG,583.22,601.34,40.92,4.63,eso.bg,false,
2022-12-04 07:00:00,Bulgaria,Bulgaria,BG,553.59,571.37,43.88,9.6,eso.bg,false,
2022-12-04 08:00:00,Bulgaria,Bulgaria,BG,533.94,551.73,45.82,12.63,eso.bg,false,
2022-12-04 09:00:00,Bulgaria,Bulgaria,BG,529.77,547.67,46.24,13.29,eso.bg,false,
2022-12-04 10:00:00,Bulgaria,Bulgaria,BG,529.61,547.38,46.3,13.45,eso.bg,false,
2022-12-04 11:00:00,Bulgaria,Bulgaria,BG,534.5,552.27,45.81,12.72,eso.bg,false,
2022-12-04 12:00:00,Bulgaria,Bulgaria,BG,539.6,557.44,45.25,11.85,eso.bg,false,
2022-12-04 13:00:00,Bulgaria,Bulgaria,BG,543.05,560.9,44.92,11.21,eso.bg,false,
2022-12-04 14:00:00,Bulgaria,Bulgaria,BG,530.09,547.56,46.29,13.43,eso.bg,false,
2022-12-04 15:00:00,Bulgaria,Bulgaria,BG,504.31,521.51,48.88,17.62,eso.bg,false,
2022-12-04 16:00:00,Bulgaria,Bulgaria,BG,499.1,516.24,49.43,18.45,eso.bg,false,
2022-12-04 17:00:00,Bulgaria,Bulgaria,BG,505.3,522.42,48.82,17.47,eso.bg,false,
2022-12-04 18:00:00,Bulgaria,Bulgaria,BG,515.94,533.17,47.76,15.74,eso.bg,false,
2022-12-04 19:00:00,Bulgaria,Bulgaria,BG,529.2,546.59,46.38,13.06,eso.bg,false,
2022-12-04 20:00:00,Bulgaria,Bulgaria,BG,536.59,554.63,45.42,10.77,eso.bg,false,
2022-12-04 21:00:00,Bulgaria,Bulgaria,BG,545.22,564.78,44.25,9.22,eso.bg,false,
2022-12-04 22:00:00,Bulgaria,Bulgaria,BG,547.37,566.41,44.1,8.03,eso.bg,false,
2022-12-04 23:00:00,Bulgaria,Bulgaria,BG,520.78,539.42,46.43,8.3,eso.bg,false,
2022-12-05 00:00:00,Bulgaria,Bulgaria,BG,507.51,526.56,47.4,7.82,eso.bg,false,
2022-12-05 01:00:00,Bulgaria,Bulgaria,BG,489.47,508.92,48.85,7.26,eso.bg,false,
2022-12-05 02:00:00,Bulgaria,Bulgaria,BG,491.13,510.48,48.73,7.27,eso.bg,false,
2022-12-05 03:00:00,Bulgaria,Bulgaria,BG,510.32,529.3,47.12,6.82,eso.bg,false,
2022-12-05 04:00:00,Bulgaria,Bulgaria,BG,548.48,566.89,43.93,6.33,eso.bg,false,
2022-12-05 05:00:00,Bulgaria,Bulgaria,BG,568.23,586.85,42.42,7.21,eso.bg,false,
2022-12-05 06:00:00,Bulgaria,Bulgaria,BG,559.68,578.04,43.34,8.81,eso.bg,false,
2022-12-05 07:00:00,Bulgaria,Bulgaria,BG,559.88,578.07,43.48,10.15,eso.bg,false,
2022-12-05 08:00:00,Bulgaria,Bulgaria,BG,557.99,577.3,43.12,10.38,eso.bg,false,
2022-12-05 09:00:00,Bulgaria,Bulgaria,BG,553.06,573.03,43.33,11.25,eso.bg,false,
2022-12-05 10:00:00,Bulgaria,Bulgaria,BG,554.95,574.89,43.23,10.96,eso.bg,false,
2022-12-05 11:00:00,Bulgaria,Bulgaria,BG,553.88,573.82,43.22,11.1,eso.bg,false,
2022-12-05 12:00:00,Bulgaria,Bulgaria,BG,552.2,572.52,43.15,11.23,eso.bg,false,
2022-12-05 13:00:00,Bulgaria,Bulgaria,BG,552.41,572.12,43.41,11.27,eso.bg,false,
2022-12-05 14:00:00,Bulgaria,Bulgaria,BG,554.16,572.27,44.01,11.01,eso.bg,false,
2022-12-05 15:00:00,Bulgaria,Bulgaria,BG,544.24,561.29,45.2,12.52,eso.bg,false,
2022-12-05 16:00:00,Bulgaria,Bulgaria,BG,528.75,545.43,46.78,15.27,eso.bg,false,
2022-12-05 17:00:00,Bulgaria,Bulgaria,BG,528.01,545.12,46.69,15.33,eso.bg,false,
2022-12-05 18:00:00,Bulgaria,Bulgaria,BG,536.67,553.86,45.82,14.02,eso.bg,false,
2022-12-05 19:00:00,Bulgaria,Bulgaria,BG,554.07,571.47,44.09,11.25,eso.bg,false,
2022-12-05 20:00:00,Bulgaria,Bulgaria,BG,583.28,601.05,41.12,6.58,eso.bg,false,
2022-12-05 21:00:00,Bulgaria,Bulgaria,BG,594.93,612.89,39.87,3.95,eso.bg,false,
2022-12-05 22:00:00,Bulgaria,Bulgaria,BG,598.0,615.97,39.56,3.25,eso.bg,false,
2022-12-05 23:00:00,Bulgaria,Bulgaria,BG,591.17,609.31,40.11,3.25,eso.bg,false,
2022-12-06 00:00:00,Bulgaria,Bulgaria,BG,596.54,614.79,39.56,2.92,eso.bg,false,
2022-12-06 01:00:00,Bulgaria,Bulgaria,BG,600.99,619.06,39.25,2.85,eso.bg,false,
2022-12-06 02:00:00,Bulgaria,Bulgaria,BG,606.72,624.28,39.01,2.79,eso.bg,false,
2022-12-06 03:00:00,Bulgaria,Bulgaria,BG,595.35,613.11,39.97,2.76,eso.bg,false,
2022-12-06 04:00:00,Bulgaria,Bulgaria,BG,592.82,610.61,40.18,2.81,eso.bg,false,
2022-12-06 05:00:00,Bulgaria,Bulgaria,BG,602.6,621.79,38.55,3.29,eso.bg,false,
2022-12-06 06:00:00,Bulgaria,Bulgaria,BG,584.98,605.52,39.54,5.87,eso.bg,false,
2022-12-06 07:00:00,Bulgaria,Bulgaria,BG,566.47,587.6,41.08,8.68,eso.bg,false,
2022-12-06 08:00:00,Bulgaria,Bulgaria,BG,557.68,578.3,42.25,10.23,eso.bg,false,
2022-12-06 09:00:00,Bulgaria,Bulgaria,BG,556.81,577.35,42.48,10.5,eso.bg,false,
2022-12-06 10:00:00,Bulgaria,Bulgaria,BG,563.68,584.03,41.94,9.4,eso.bg,false,
2022-12-06 11:00:00,Bulgaria,Bulgaria,BG,566.74,587.3,41.47,8.88,eso.bg,false,
2022-12-06 12:00:00,Bulgaria,Bulgaria,BG,570.73,591.89,40.75,8.15,eso.bg,false,
2022-12-06 13:00:00,Bulgaria,Bulgaria,BG,581.68,601.92,40.07,6.44,eso.bg,false,
2022-12-06 14:00:00,Bulgaria,Bulgaria,BG,581.39,601.1,40.41,6.68,eso.bg,false,
2022-12-06 15:00:00,Bulgaria,Bulgaria,BG,565.26,582.43,43.17,10.2,eso.bg,false,
2022-12-06 16:00:00,Bulgaria,Bulgaria,BG,538.14,554.91,45.95,14.59,eso.bg,false,
2022-12-06 17:00:00,Bulgaria,Bulgaria,BG,543.7,560.31,45.49,13.8,eso.bg,false,
2022-12-06 18:00:00,Bulgaria,Bulgaria,BG,543.29,560.24,45.33,12.57,eso.bg,false,
2022-12-06 19:00:00,Bulgaria,Bulgaria,BG,563.16,580.46,43.31,9.89,eso.bg,false,
2022-12-06 20:00:00,Bulgaria,Bulgaria,BG,582.44,600.01,41.37,7.18,eso.bg,false,
2022-12-06 21:00:00,Bulgaria,Bulgaria,BG,585.56,603.45,40.86,5.27,eso.bg,false,
2022-12-06 22:00:00,Bulgaria,Bulgaria,BG,589.65,607.55,40.4,4.66,eso.bg,false,
2022-12-06 23:00:00,Bulgaria,Bulgaria,BG,572.34,590.35,41.95,5.13,eso.bg,false,
2022-12-07 00:00:00,Bulgaria,Bulgaria,BG,550.98,569.46,43.7,5.82,eso.bg,false,
2022-12-07 01:00:00,Bulgaria,Bulgaria,BG,543.75,562.3,44.32,6.06,eso.bg,false,
2022-12-07 02:00:00,Bulgaria,Bulgaria,BG,557.39,575.81,43.14,5.56,eso.bg,false,
2022-12-07 03:00:00,Bulgaria,Bulgaria,BG,577.78,596.07,41.33,4.78,eso.bg,false,
2022-12-07 04:00:00,Bulgaria,Bulgaria,BG,590.76,608.84,40.19,4.3,eso.bg,false,
2022-12-07 05:00:00,Bulgaria,Bulgaria,BG,602.15,621.09,38.76,4.18,eso.bg,false,
2022-12-07 06:00:00,Bulgaria,Bulgaria,BG,595.03,614.87,38.98,5.01,eso.bg,false,
2022-12-07 07:00:00,Bulgaria,Bulgaria,BG,578.93,599.7,40.19,6.89,eso.bg,false,
2022-12-07 08:00:00,Bulgaria,Bulgaria,BG,559.38,579.85,42.29,8.56,eso.bg,false,
2022-12-07 09:00:00,Bulgaria,Bulgaria,BG,545.95,566.54,43.58,9.75,eso.bg,false,
2022-12-07 10:00:00,Bulgaria,Bulgaria,BG,556.49,577.46,42.49,9.55,eso.bg,false,
2022-12-07 11:00:00,Bulgaria,Bulgaria,BG,548.6,570.25,42.84,9.23,eso.bg,false,
2022-12-07 12:00:00,Bulgaria,Bulgaria,BG,564.34,586.08,41.24,7.82,eso.bg,false,
2022-12-07 13:00:00,Bulgaria,Bulgaria,BG,576.75,597.92,40.22,6.48,eso.bg,false,
2022-12-07 14:00:00,Bulgaria,Bulgaria,BG,583.44,604.0,39.78,6.45,eso.bg,false,
2022-12-07 15:00:00,Bulgaria,Bulgaria,BG,556.56,575.88,42.91,10.73,eso.bg,false,
2022-12-07 16:00:00,Bulgaria,Bulgaria,BG,541.11,560.39,44.39,13.61,eso.bg,false,
2022-12-07 17:00:00,Bulgaria,Bulgaria,BG,535.76,555.05,44.94,14.62,eso.bg,false,
2022-12-07 18:00:00,Bulgaria,Bulgaria,BG,548.07,566.79,44.04,12.63,eso.bg,false,
2022-12-07 19:00:00,Bulgaria,Bulgaria,BG,569.6,587.0,42.64,9.32,eso.bg,false,
2022-12-07 20:00:00,Bulgaria,Bulgaria,BG,587.23,604.95,40.82,6.55,eso.bg,false,
2022-12-07 21:00:00,Bulgaria,Bulgaria,BG,589.23,607.21,40.45,5.12,eso.bg,false,
2022-12-07 22:00:00,Bulgaria,Bulgaria,BG,589.28,607.17,40.45,4.43,eso.bg,false,
2022-12-07 23:00:00,Bulgaria,Bulgaria,BG,591.26,609.56,40.09,4.51,eso.bg,false,
2022-12-08 00:00:00,Bulgaria,Bulgaria,BG,594.98,612.99,39.87,4.43,eso.bg,false,
2022-12-08 01:00:00,Bulgaria,Bulgaria,BG,585.39,603.98,40.49,5.07,eso.bg,false,
2022-12-08 02:00:00,Bulgaria,Bulgaria,BG,576.77,595.58,41.19,5.13,eso.bg,false,
2022-12-08 03:00:00,Bulgaria,Bulgaria,BG,590.15,608.82,40.02,4.54,eso.bg,false,
2022-12-08 04:00:00,Bulgaria,Bulgaria,BG,591.44,610.47,39.75,4.23,eso.bg,false,
2022-12-08 05:00:00,Bulgaria,Bulgaria,BG,603.48,622.86,38.44,4.29,eso.bg,false,
2022-12-08 06:00:00,Bulgaria,Bulgaria,BG,587.53,609.06,38.87,6.78,eso.bg,false,
2022-12-08 07:00:00,Bulgaria,Bulgaria,BG,577.21,598.98,39.85,8.62,eso.bg,false,
2022-12-08 08:00:00,Bulgaria,Bulgaria,BG,573.54,594.81,40.43,9.15,eso.bg,false,
2022-12-08 09:00:00,Bulgaria,Bulgaria,BG,564.48,585.47,41.55,10.45,eso.bg,false,
2022-12-08 10:00:00,Bulgaria,Bulgaria,BG,560.47,581.37,41.97,10.87,eso.bg,false,
2022-12-08 11:00:00,Bulgaria,Bulgaria,BG,564.75,585.67,41.55,10.35,eso.bg,false,
2022-12-08 12:00:00,Bulgaria,Bulgaria,BG,569.45,590.86,40.85,9.63,eso.bg,false,
2022-12-08 13:00:00,Bulgaria,Bulgaria,BG,574.23,595.84,40.27,8.91,eso.bg,false,
2022-12-08 14:00:00,Bulgaria,Bulgaria,BG,578.91,601.43,39.32,7.77,eso.bg,false,
2022-12-08 15:00:00,Bulgaria,Bulgaria,BG,565.39,586.6,41.21,9.89,eso.bg,false,
2022-12-08 16:00:00,Bulgaria,Bulgaria,BG,540.45,561.08,43.86,13.98,eso.bg,false,
2022-12-08 17:00:00,Bulgaria,Bulgaria,BG,534.36,554.45,44.68,15.02,eso.bg,false,
2022-12-08 18:00:00,Bulgaria,Bulgaria,BG,550.45,569.38,43.69,12.46,eso.bg,false,
2022-12-08 19:00:00,Bulgaria,Bulgaria,BG,563.05,582.59,42.24,10.4,eso.bg,false,
2022-12-08 20:00:00,Bulgaria,Bulgaria,BG,580.73,599.96,40.72,7.51,eso.bg,false,
2022-12-08 21:00:00,Bulgaria,Bulgaria,BG,597.23,616.61,39.07,4.85,eso.bg,false,
2022-12-08 22:00:00,Bulgaria,Bulgaria,BG,585.21,603.94,40.41,5.3,eso.bg,false,
2022-12-08 23:00:00,Bulgaria,Bulgaria,BG,569.55,587.85,42.15,6.12,eso.bg,false,
2022-12-09 00:00:00,Bulgaria,Bulgaria,BG,556.9,575.62,43.04,5.95,eso.bg,false,
2022-12-09 01:00:00,Bulgaria,Bulgaria,BG,560.26,578.92,42.77,6.21,eso.bg,false,
2022-12-09 02:00:00,Bulgaria,Bulgaria,BG,562.86,581.98,42.57,6.18,eso.bg,false,
2022-12-09 03:00:00,Bulgaria,Bulgaria,BG,555.02,574.63,43.06,5.39,eso.bg,false,
2022-12-09 04:00:00,Bulgaria,Bulgaria,BG,553.54,573.65,42.69,5.65,eso.bg,false,
2022-12-09 05:00:00,Bulgaria,Bulgaria,BG,564.98,587.01,41.08,6.77,eso.bg,false,
2022-12-09 06:00:00,Bulgaria,Bulgaria,BG,554.38,576.4,42.1,8.53,eso.bg,false,
2022-12-09 07:00:00,Bulgaria,Bulgaria,BG,541.49,564.12,43.06,10.41,eso.bg,false,
2022-12-09 08:00:00,Bulgaria,Bulgaria,BG,532.49,555.05,43.99,11.85,eso.bg,false,
2022-12-09 09:00:00,Bulgaria,Bulgaria,BG,519.37,541.47,45.51,13.93,eso.bg,false,
2022-12-09 10:00:00,Bulgaria,Bulgaria,BG,516.59,538.94,45.69,14.34,eso.bg,false,
2022-12-09 11:00:00,Bulgaria,Bulgaria,BG,523.21,546.38,44.65,13.25,eso.bg,false,
2022-12-09 12:00:00,Bulgaria,Bulgaria,BG,526.82,550.07,44.23,12.61,eso.bg,false,
2022-12-09 13:00:00,Bulgaria,Bulgaria,BG,529.27,551.85,44.17,11.63,eso.bg,false,
2022-12-09 14:00:00,Bulgaria,Bulgaria,BG,533.8,557.21,43.2,10.43,eso.bg,false,
2022-12-09 15:00:00,Bulgaria,Bulgaria,BG,517.31,539.5,45.15,13.8,eso.bg,false,
2022-12-09 16:00:00,Bulgaria,Bulgaria,BG,501.84,522.43,47.45,16.39,eso.bg,false,
2022-12-09 17:00:00,Bulgaria,Bulgaria,BG,500.62,520.67,47.8,16.54,eso.bg,false,
2022-12-09 18:00:00,Bulgaria,Bulgaria,BG,496.97,517.1,48.08,16.04,eso.bg,false,
2022-12-09 19:00:00,Bulgaria,Bulgaria,BG,504.17,522.29,48.32,13.71,eso.bg,false,
2022-12-09 20:00:00,Bulgaria,Bulgaria,BG,529.9,548.66,45.64,11.14,eso.bg,false,
2022-12-09 21:00:00,Bulgaria,Bulgaria,BG,538.06,556.37,45.09,9.4,eso.bg,false,
2022-12-09 22:00:00,Bulgaria,Bulgaria,BG,528.06,546.78,45.77,8.18,eso.bg,false,
2022-12-09 23:00:00,Bulgaria,Bulgaria,BG,522.12,540.8,46.38,10.03,eso.bg,false,
2022-12-10 00:00:00,Bulgaria,Bulgaria,BG,542.39,561.55,44.31,10.26,eso.bg,false,
2022-12-10 01:00:00,Bulgaria,Bulgaria,BG,562.74,582.23,42.29,10.24,eso.bg,false,
2022-12-10 02:00:00,Bulgaria,Bulgaria,BG,557.98,578.3,42.37,11.13,eso.bg,false,
2022-12-10 03:00:00,Bulgaria,Bulgaria,BG,578.54,599.11,40.41,11.5,eso.bg,false,
2022-12-10 04:00:00,Bulgaria,Bulgaria,BG,613.08,634.63,36.84,11.5,eso.bg,false,
2022-12-10 05:00:00,Bulgaria,Bulgaria,BG,629.49,651.96,35.02,13.24,eso.bg,false,
2022-12-10 06:00:00,Bulgaria,Bulgaria,BG,620.35,644.65,35.17,14.89,eso.bg,false,
2022-12-10 07:00:00,Bulgaria,Bulgaria,BG,582.35,605.36,39.42,20.88,eso.bg,false,
2022-12-10 08:00:00,Bulgaria,Bulgaria,BG,569.56,592.83,40.64,22.58,eso.bg,false,
2022-12-10 09:00:00,Bulgaria,Bulgaria,BG,580.72,605.01,39.25,20.75,eso.bg,false,
2022-12-10 10:00:00,Bulgaria,Bulgaria,BG,557.13,582.05,41.4,22.43,eso.bg,false,
2022-12-10 11:00:00,Bulgaria,Bulgaria,BG,576.4,601.55,39.47,20.63,eso.bg,false,
2022-12-10 12:00:00,Bulgaria,Bulgaria,BG,601.47,626.46,36.99,18.1,eso.bg,false,
2022-12-10 13:00:00,Bulgaria,Bulgaria,BG,613.06,638.1,35.63,16.72,eso.bg,false,
2022-12-10 14:00:00,Bulgaria,Bulgaria,BG,608.92,634.42,35.64,17.11,eso.bg,false,
2022-12-10 15:00:00,Bulgaria,Bulgaria,BG,575.47,599.57,39.42,21.85,eso.bg,false,
2022-12-10 16:00:00,Bulgaria,Bulgaria,BG,571.31,594.68,40.17,22.73,eso.bg,false,
2022-12-10 17:00:00,Bulgaria,Bulgaria,BG,581.37,604.84,39.25,21.61,eso.bg,false,
2022-12-10 18:00:00,Bulgaria,Bulgaria,BG,585.97,608.99,39.03,20.99,eso.bg,false,
2022-12-10 19:00:00,Bulgaria,Bulgaria,BG,611.98,635.1,36.55,17.52,eso.bg,false,
2022-12-10 20:00:00,Bulgaria,Bulgaria,BG,628.39,651.1,35.13,14.52,eso.bg,false,
2022-12-10 21:00:00,Bulgaria,Bulgaria,BG,611.81,633.66,36.95,15.06,eso.bg,false,
2022-12-10 22:00:00,Bulgaria,Bulgaria,BG,591.04,613.24,38.72,15.95,eso.bg,false,
2022-12-10 23:00:00,Bulgaria,Bulgaria,BG,555.35,578.56,41.38,16.19,eso.bg,false,
2022-12-11 00:00:00,Bulgaria,Bulgaria,BG,537.76,561.96,42.9,17.4,eso.bg,false,
2022-12-11 01:00:00,Bulgaria,Bulgaria,BG,537.12,561.85,42.87,17.26,eso.bg,false,
2022-12-11 02:00:00,Bulgaria,Bulgaria,BG,543.93,568.47,42.16,16.43,eso.bg,false,
2022-12-11 03:00:00,Bulgaria,Bulgaria,BG,543.72,568.13,42.19,16.59,eso.bg,false,
2022-12-11 04:00:00,Bulgaria,Bulgaria,BG,541.21,564.91,42.49,17.07,eso.bg,false,
2022-12-11 05:00:00,Bulgaria,Bulgaria,BG,542.84,566.72,42.26,16.77,eso.bg,false,
2022-12-11 06:00:00,Bulgaria,Bulgaria,BG,557.06,580.75,41.01,15.68,eso.bg,false,
2022-12-11 07:00:00,Bulgaria,Bulgaria,BG,566.01,588.77,40.92,18.19,eso.bg,false,
2022-12-11 08:00:00,Bulgaria,Bulgaria,BG,578.49,600.41,40.38,19.29,eso.bg,false,
2022-12-11 09:00:00,Bulgaria,Bulgaria,BG,583.72,605.57,40.09,20.33,eso.bg,false,
2022-12-11 10:00:00,Bulgaria,Bulgaria,BG,589.0,610.71,39.57,19.71,eso.bg,false,
2022-12-11 11:00:00,Bulgaria,Bulgaria,BG,586.99,609.49,39.44,19.79,eso.bg,false,
2022-12-11 12:00:00,Bulgaria,Bulgaria,BG,603.15,625.7,37.88,18.3,eso.bg,false,
2022-12-11 13:00:00,Bulgaria,Bulgaria,BG,610.05,632.64,37.12,18.1,eso.bg,false,
2022-12-11 14:00:00,Bulgaria,Bulgaria,BG,602.12,625.06,37.6,19.47,eso.bg,false,
2022-12-11 15:00:00,Bulgaria,Bulgaria,BG,573.97,596.46,40.35,23.08,eso.bg,false,
2022-12-11 16:00:00,Bulgaria,Bulgaria,BG,549.67,572.28,42.61,25.62,eso.bg,false,
2022-12-11 17:00:00,Bulgaria,Bulgaria,BG,548.19,570.69,42.75,25.38,eso.bg,false,
2022-12-11 18:00:00,Bulgaria,Bulgaria,BG,593.29,615.45,38.69,20.66,eso.bg,false,
2022-12-11 19:00:00,Bulgaria,Bulgaria,BG,623.29,645.35,35.83,16.53,eso.bg,false,
2022-12-11 20:00:00,Bulgaria,Bulgaria,BG,654.79,676.39,33.05,12.36,eso.bg,false,
2022-12-11 21:00:00,Bulgaria,Bulgaria,BG,661.7,683.08,32.43,10.46,eso.bg,false,
2022-12-11 22:00:00,Bulgaria,Bulgaria,BG,645.46,667.99,33.74,11.55,eso.bg,false,
2022-12-11 23:00:00,Bulgaria,Bulgaria,BG,584.24,609.69,38.61,13.37,eso.bg,false,
2022-12-12 00:00:00,Bulgaria,Bulgaria,BG,577.45,603.41,38.99,12.9,eso.bg,false,
2022-12-12 01:00:00,Bulgaria,Bulgaria,BG,593.26,618.29,37.66,12.09,eso.bg,false,
2022-12-12 02:00:00,Bulgaria,Bulgaria,BG,579.77,605.24,38.84,12.92,eso.bg,false,
2022-12-12 03:00:00,Bulgaria,Bulgaria,BG,590.7,615.91,37.95,12.35,eso.bg,false,
2022-12-12 04:00:00,Bulgaria,Bulgaria,BG,627.9,650.53,35.37,13.63,eso.bg,false,
2022-12-12 05:00:00,Bulgaria,Bulgaria,BG,652.08,676.85,32.06,13.12,eso.bg,false,
2022-12-12 06:00:00,Bulgaria,Bulgaria,BG,649.26,674.96,31.82,13.86,eso.bg,false,
2022-12-12 07:00:00,Bulgaria,Bulgaria,BG,639.84,665.45,32.87,15.48,eso.bg,false,
2022-12-12 08:00:00,Bulgaria,Bulgaria,BG,642.21,667.77,32.79,15.36,eso.bg,false,
2022-12-12 09:00:00,Bulgaria,Bulgaria,BG,638.88,665.24,32.86,15.43,eso.bg,false,
2022-12-12 10:00:00,Bulgaria,Bulgaria,BG,622.67,649.77,34.18,16.1,eso.bg,false,
2022-12-12 11:00:00,Bulgaria,Bulgaria,BG,624.58,652.4,33.59,15.56,eso.bg,false,
2022-12-12 12:00:00,Bulgaria,Bulgaria,BG,638.23,665.75,32.31,14.09,eso.bg,false,
2022-12-12 13:00:00,Bulgaria,Bulgaria,BG,661.78,689.34,29.69,11.62,eso.bg,false,
2022-12-12 14:00:00,Bulgaria,Bulgaria,BG,667.57,695.5,28.58,10.98,eso.bg,false,
2022-12-12 15:00:00,Bulgaria,Bulgaria,BG,632.77,659.52,32.44,15.25,eso.bg,false,
2022-12-12 16:00:00,Bulgaria,Bulgaria,BG,602.55,626.72,36.55,19.7,eso.bg,false,
2022-12-12 17:00:00,Bulgaria,Bulgaria,BG,594.1,617.83,37.58,20.95,eso.bg,false,
2022-12-12 18:00:00,Bulgaria,Bulgaria,BG,623.39,647.65,34.63,17.12,eso.bg,false,
2022-12-12 19:00:00,Bulgaria,Bulgaria,BG,646.81,671.42,32.19,13.71,eso.bg,false,
2022-12-12 20:00:00,Bulgaria,Bulgaria,BG,665.16,689.81,30.5,10.98,eso.bg,false,
2022-12-12 21:00:00,Bulgaria,Bulgaria,BG,652.23,676.03,32.15,11.82,eso.bg,false,
2022-12-12 22:00:00,Bulgaria,Bulgaria,BG,620.65,644.24,35.13,12.63,eso.bg,false,
2022-12-12 23:00:00,Bulgaria,Bulgaria,BG,630.84,653.79,34.48,11.73,eso.bg,false,
2022-12-13 00:00:00,Bulgaria,Bulgaria,BG,662.08,684.93,31.61,9.75,eso.bg,false,
2022-12-13 01:00:00,Bulgaria,Bulgaria,BG,647.29,670.88,32.57,10.03,eso.bg,false,
2022-12-13 02:00:00,Bulgaria,Bulgaria,BG,645.85,669.07,32.92,10.46,eso.bg,false,
2022-12-13 03:00:00,Bulgaria,Bulgaria,BG,646.7,669.76,32.91,10.29,eso.bg,false,
2022-12-13 04:00:00,Bulgaria,Bulgaria,BG,639.11,663.87,32.83,11.89,eso.bg,false,
2022-12-13 05:00:00,Bulgaria,Bulgaria,BG,610.08,634.39,36.01,17.01,eso.bg,false,
2022-12-13 06:00:00,Bulgaria,Bulgaria,BG,581.63,606.44,38.46,20.58,eso.bg,false,
2022-12-13 07:00:00,Bulgaria,Bulgaria,BG,560.55,585.27,40.54,23.33,eso.bg,false,
2022-12-13 08:00:00,Bulgaria,Bulgaria,BG,557.29,581.73,41.12,23.79,eso.bg,false,
2022-12-13 09:00:00,Bulgaria,Bulgaria,BG,558.97,583.59,41.07,23.5,eso.bg,false,
2022-12-13 10:00:00,Bulgaria,Bulgaria,BG,583.3,607.97,39.1,20.53,eso.bg,false,
2022-12-13 11:00:00,Bulgaria,Bulgaria,BG,588.14,614.42,37.89,19.6,eso.bg,false,
2022-12-13 12:00:00,Bulgaria,Bulgaria,BG,588.99,616.82,37.0,18.26,eso.bg,false,
2022-12-13 13:00:00,Bulgaria,Bulgaria,BG,615.85,643.81,34.12,15.41,eso.bg,false,
2022-12-13 14:00:00,Bulgaria,Bulgaria,BG,605.51,632.54,35.31,17.34,eso.bg,false,
2022-12-13 15:00:00,Bulgaria,Bulgaria,BG,585.74,612.28,37.37,20.14,eso.bg,false,
2022-12-13 16:00:00,Bulgaria,Bulgaria,BG,561.95,587.61,40.07,23.53,eso.bg,false,
2022-12-13 17:00:00,Bulgaria,Bulgaria,BG,556.31,581.85,40.67,24.42,eso.bg,false,
2022-12-13 18:00:00,Bulgaria,Bulgaria,BG,569.18,594.49,39.61,22.84,eso.bg,false,
2022-12-13 19:00:00,Bulgaria,Bulgaria,BG,584.26,609.49,38.2,20.77,eso.bg,false,
2022-12-13 20:00:00,Bulgaria,Bulgaria,BG,609.38,634.15,36.11,17.29,eso.bg,false,
2022-12-13 21:00:00,Bulgaria,Bulgaria,BG,644.03,666.94,33.66,12.89,eso.bg,false,
2022-12-13 22:00:00,Bulgaria,Bulgaria,BG,684.67,709.09,29.15,6.86,eso.bg,false,
2022-12-13 23:00:00,Bulgaria,Bulgaria,BG,689.36,715.23,28.13,6.74,eso.bg,false,
2022-12-14 00:00:00,Bulgaria,Bulgaria,BG,691.13,717.49,27.72,6.51,eso.bg,false,
2022-12-14 01:00:00,Bulgaria,Bulgaria,BG,686.69,713.19,28.02,7.12,eso.bg,false,
2022-12-14 02:00:00,Bulgaria,Bulgaria,BG,678.28,704.45,28.93,8.31,eso.bg,false,
2022-12-14 03:00:00,Bulgaria,Bulgaria,BG,682.58,711.03,27.34,7.48,eso.bg,false,
2022-12-14 04:00:00,Bulgaria,Bulgaria,BG,676.85,706.46,27.2,7.95,eso.bg,false,
2022-12-14 05:00:00,Bulgaria,Bulgaria,BG,634.51,663.54,31.45,13.62,eso.bg,false,
2022-12-14 06:00:00,Bulgaria,Bulgaria,BG,614.89,644.25,33.13,16.06,eso.bg,false,
2022-12-14 07:00:00,Bulgaria,Bulgaria,BG,587.13,615.9,36.18,19.67,eso.bg,false,
2022-12-14 08:00:00,Bulgaria,Bulgaria,BG,553.08,581.28,39.84,22.92,eso.bg,false,
2022-12-14 09:00:00,Bulgaria,Bulgaria,BG,570.54,598.41,38.6,21.6,eso.bg,false,
2022-12-14 10:00:00,Bulgaria,Bulgaria,BG,601.14,628.55,36.08,18.82,eso.bg,false,
2022-12-14 11:00:00,Bulgaria,Bulgaria,BG,625.71,653.79,33.35,16.3,eso.bg,false,
2022-12-14 12:00:00,Bulgaria,Bulgaria,BG,619.76,648.12,33.77,16.47,eso.bg,false,
2022-12-14 13:00:00,Bulgaria,Bulgaria,BG,617.13,646.1,33.58,15.99,eso.bg,false,
2022-12-14 14:00:00,Bulgaria,Bulgaria,BG,649.59,677.26,31.02,13.56,eso.bg,false,
2022-12-14 15:00:00,Bulgaria,Bulgaria,BG,616.25,642.2,34.92,17.87,eso.bg,false,
2022-12-14 16:00:00,Bulgaria,Bulgaria,BG,573.8,596.93,40.14,23.51,eso.bg,false,
2022-12-14 17:00:00,Bulgaria,Bulgaria,BG,564.68,587.62,41.29,24.71,eso.bg,false,
2022-12-14 18:00:00,Bulgaria,Bulgaria,BG,575.84,598.8,40.25,23.51,eso.bg,false,
2022-12-14 19:00:00,Bulgaria,Bulgaria,BG,589.44,612.37,38.98,21.24,eso.bg,false,
2022-12-14 20:00:00,Bulgaria,Bulgaria,BG,611.7,633.61,37.42,18.62,eso.bg,false,
2022-12-14 21:00:00,Bulgaria,Bulgaria,BG,630.09,652.82,35.33,15.49,eso.bg,false,
2022-12-14 22:00:00,Bulgaria,Bulgaria,BG,634.67,657.55,34.82,14.06,eso.bg,false,
2022-12-14 23:00:00,Bulgaria,Bulgaria,BG,663.17,685.74,32.23,10.94,eso.bg,false,
2022-12-15 00:00:00,Bulgaria,Bulgaria,BG,679.0,701.47,30.81,9.67,eso.bg,false,
2022-12-15 01:00:00,Bulgaria,Bulgaria,BG,673.22,696.15,31.24,11.11,eso.bg,false,
2022-12-15 02:00:00,Bulgaria,Bulgaria,BG,678.99,702.1,30.66,10.73,eso.bg,false,
2022-12-15 03:00:00,Bulgaria,Bulgaria,BG,652.99,677.13,32.56,12.74,eso.bg,false,
2022-12-15 04:00:00,Bulgaria,Bulgaria,BG,641.72,666.82,33.15,13.92,eso.bg,false,
2022-12-15 05:00:00,Bulgaria,Bulgaria,BG,641.55,666.58,33.13,15.24,eso.bg,false,
2022-12-15 06:00:00,Bulgaria,Bulgaria,BG,642.65,668.42,32.62,15.5,eso.bg,false,
2022-12-15 07:00:00,Bulgaria,Bulgaria,BG,630.02,656.37,33.68,16.82,eso.bg,false,
2022-12-15 08:00:00,Bulgaria,Bulgaria,BG,642.26,667.81,33.17,16.11,eso.bg,false,
2022-12-15 09:00:00,Bulgaria,Bulgaria,BG,641.61,666.63,33.65,16.43,eso.bg,false,
2022-12-15 10:00:00,Bulgaria,Bulgaria,BG,634.9,658.73,35.05,17.85,eso.bg,false,
2022-12-15 11:00:00,Bulgaria,Bulgaria,BG,604.22,629.22,37.33,19.8,eso.bg,false,
2022-12-15 12:00:00,Bulgaria,Bulgaria,BG,611.41,636.15,36.73,19.11,eso.bg,false,
2022-12-15 13:00:00,Bulgaria,Bulgaria,BG,649.97,675.25,32.55,14.77,eso.bg,false,
2022-12-15 14:00:00,Bulgaria,Bulgaria,BG,670.86,696.0,30.41,13.58,eso.bg,false,
2022-12-15 15:00:00,Bulgaria,Bulgaria,BG,651.64,676.67,32.05,15.74,eso.bg,false,
2022-12-15 16:00:00,Bulgaria,Bulgaria,BG,630.52,654.73,34.43,18.62,eso.bg,false,
2022-12-15 17:00:00,Bulgaria,Bulgaria,BG,633.09,657.87,33.97,18.24,eso.bg,false,
2022-12-15 18:00:00,Bulgaria,Bulgaria,BG,643.69,669.14,32.61,16.64,eso.bg,false,
2022-12-15 19:00:00,Bulgaria,Bulgaria,BG,675.98,701.81,29.36,12.57,eso.bg,false,
2022-12-15 20:00:00,Bulgaria,Bulgaria,BG,703.69,729.85,26.57,8.99,eso.bg,false,
2022-12-15 21:00:00,Bulgaria,Bulgaria,BG,708.35,734.66,26.16,7.69,eso.bg,false,
2022-12-15 22:00:00,Bulgaria,Bulgaria,BG,702.56,728.62,26.89,7.68,eso.bg,false,
2022-12-15 23:00:00,Bulgaria,Bulgaria,BG,705.85,731.26,26.94,7.98,eso.bg,false,
2022-12-16 00:00:00,Bulgaria,Bulgaria,BG,699.85,724.75,27.73,8.83,eso.bg,false,
2022-12-16 01:00:00,Bulgaria,Bulgaria,BG,693.62,718.43,28.41,9.48,eso.bg,false,
2022-12-16 02:00:00,Bulgaria,Bulgaria,BG,666.09,691.82,30.59,11.48,eso.bg,false,
2022-12-16 03:00:00,Bulgaria,Bulgaria,BG,654.92,681.0,31.46,12.28,eso.bg,false,
2022-12-16 04:00:00,Bulgaria,Bulgaria,BG,682.95,707.42,29.52,10.92,eso.bg,false,
2022-12-16 05:00:00,Bulgaria,Bulgaria,BG,681.09,705.38,29.71,12.31,eso.bg,false,
2022-12-16 06:00:00,Bulgaria,Bulgaria,BG,671.37,696.61,30.05,12.94,eso.bg,false,
2022-12-16 07:00:00,Bulgaria,Bulgaria,BG,656.0,681.2,31.56,15.13,eso.bg,false,
2022-12-16 08:00:00,Bulgaria,Bulgaria,BG,646.46,670.97,32.96,16.57,eso.bg,false,
2022-12-16 09:00:00,Bulgaria,Bulgaria,BG,650.99,675.01,32.86,16.2,eso.bg,false,
2022-12-16 10:00:00,Bulgaria,Bulgaria,BG,646.41,669.42,33.86,16.37,eso.bg,false,
2022-12-16 11:00:00,Bulgaria,Bulgaria,BG,649.73,673.47,33.22,16.26,eso.bg,false,
2022-12-16 12:00:00,Bulgaria,Bulgaria,BG,643.47,667.62,33.55,16.99,eso.bg,false,
2022-12-16 13:00:00,Bulgaria,Bulgaria,BG,653.05,677.73,32.25,15.47,eso.bg,false,
2022-12-16 14:00:00,Bulgaria,Bulgaria,BG,648.95,674.89,31.89,15.09,eso.bg,false,
2022-12-16 15:00:00,Bulgaria,Bulgaria,BG,620.17,645.09,35.02,18.89,eso.bg,false,
2022-12-16 16:00:00,Bulgaria,Bulgaria,BG,594.13,617.83,38.11,22.38,eso.bg,false,
2022-12-16 17:00:00,Bulgaria,Bulgaria,BG,586.51,610.28,38.75,23.05,eso.bg,false,
2022-12-16 18:00:00,Bulgaria,Bulgaria,BG,601.98,625.94,37.21,20.66,eso.bg,false,
2022-12-16 19:00:00,Bulgaria,Bulgaria,BG,626.69,650.45,34.99,17.94,eso.bg,false,
2022-12-16 20:00:00,Bulgaria,Bulgaria,BG,648.57,671.98,33.15,15.4,eso.bg,false,
2022-12-16 21:00:00,Bulgaria,Bulgaria,BG,644.12,667.26,33.64,15.09,eso.bg,false,
2022-12-16 22:00:00,Bulgaria,Bulgaria,BG,645.82,667.75,34.05,14.34,eso.bg,false,
2022-12-16 23:00:00,Bulgaria,Bulgaria,BG,639.89,661.07,34.84,13.75,eso.bg,false,
2022-12-17 00:00:00,Bulgaria,Bulgaria,BG,629.33,650.96,35.63,14.22,eso.bg,false,
2022-12-17 01:00:00,Bulgaria,Bulgaria,BG,624.95,646.99,35.86,13.9,eso.bg,false,
2022-12-17 02:00:00,Bulgaria,Bulgaria,BG,660.12,682.04,32.58,10.59,eso.bg,false,
2022-12-17 03:00:00,Bulgaria,Bulgaria,BG,705.81,727.09,28.61,7.63,eso.bg,false,
2022-12-17 04:00:00,Bulgaria,Bulgaria,BG,701.83,722.92,29.11,8.71,eso.bg,false,
2022-12-17 05:00:00,Bulgaria,Bulgaria,BG,676.66,697.95,31.36,10.71,eso.bg,false,
2022-12-17 06:00:00,Bulgaria,Bulgaria,BG,633.73,654.53,35.57,11.76,eso.bg,false,
2022-12-17 07:00:00,Bulgaria,Bulgaria,BG,585.17,605.7,40.29,14.08,eso.bg,false,
2022-12-17 08:00:00,Bulgaria,Bulgaria,BG,581.65,601.77,40.94,15.26,eso.bg,false,
2022-12-17 09:00:00,Bulgaria,Bulgaria,BG,550.42,570.83,43.82,16.99,eso.bg,false,
2022-12-17 10:00:00,Bulgaria,Bulgaria,BG,517.29,538.14,46.77,18.23,eso.bg,false,
2022-12-17 11:00:00,Bulgaria,Bulgaria,BG,530.8,551.63,45.47,15.49,eso.bg,false,
2022-12-17 12:00:00,Bulgaria,Bulgaria,BG,557.31,577.97,43.0,11.82,eso.bg,false,
2022-12-17 13:00:00,Bulgaria,Bulgaria,BG,577.68,597.88,41.07,8.77,eso.bg,false,
2022-12-17 14:00:00,Bulgaria,Bulgaria,BG,577.16,596.89,41.15,8.67,eso.bg,false,
2022-12-17 15:00:00,Bulgaria,Bulgaria,BG,567.67,586.95,42.24,11.12,eso.bg,false,
2022-12-17 16:00:00,Bulgaria,Bulgaria,BG,534.97,554.17,45.33,14.07,eso.bg,false,
2022-12-17 17:00:00,Bulgaria,Bulgaria,BG,553.53,572.82,43.53,12.04,eso.bg,false,
2022-12-17 18:00:00,Bulgaria,Bulgaria,BG,541.11,560.69,44.52,12.04,eso.bg,false,
2022-12-17 19:00:00,Bulgaria,Bulgaria,BG,532.49,552.28,45.22,11.74,eso.bg,false,
2022-12-17 20:00:00,Bulgaria,Bulgaria,BG,525.55,546.43,45.58,11.05,eso.bg,false,
2022-12-17 21:00:00,Bulgaria,Bulgaria,BG,540.86,561.03,44.21,8.37,eso.bg,false,
2022-12-17 22:00:00,Bulgaria,Bulgaria,BG,536.9,557.0,44.66,8.25,eso.bg,false,
2022-12-17 23:00:00,Bulgaria,Bulgaria,BG,544.2,563.86,44.14,8.81,eso.bg,false,
2022-12-18 00:00:00,Bulgaria,Bulgaria,BG,564.05,583.6,42.33,6.85,eso.bg,false,
2022-12-18 01:00:00,Bulgaria,Bulgaria,BG,556.77,576.6,42.88,6.46,eso.bg,false,
2022-12-18 02:00:00,Bulgaria,Bulgaria,BG,550.9,570.67,43.45,6.81,eso.bg,false,
2022-12-18 03:00:00,Bulgaria,Bulgaria,BG,546.72,566.47,43.82,7.29,eso.bg,false,
2022-12-18 04:00:00,Bulgaria,Bulgaria,BG,527.32,546.98,45.68,9.55,eso.bg,false,
2022-12-18 05:00:00,Bulgaria,Bulgaria,BG,539.73,559.04,44.76,9.82,eso.bg,false,
2022-12-18 06:00:00,Bulgaria,Bulgaria,BG,564.97,584.11,42.48,8.23,eso.bg,false,
2022-12-18 07:00:00,Bulgaria,Bulgaria,BG,589.49,607.9,40.64,8.57,eso.bg,false,
2022-12-18 08:00:00,Bulgaria,Bulgaria,BG,565.46,583.92,42.97,11.62,eso.bg,false,
2022-12-18 09:00:00,Bulgaria,Bulgaria,BG,564.13,582.59,43.12,12.48,eso.bg,false,
2022-12-18 10:00:00,Bulgaria,Bulgaria,BG,568.07,586.43,42.76,12.19,eso.bg,false,
2022-12-18 11:00:00,Bulgaria,Bulgaria,BG,565.9,584.27,42.94,12.05,eso.bg,false,
2022-12-18 12:00:00,Bulgaria,Bulgaria,BG,574.0,592.38,42.13,10.66,eso.bg,false,
2022-12-18 13:00:00,Bulgaria,Bulgaria,BG,579.35,597.61,41.63,9.88,eso.bg,false,
2022-12-18 14:00:00,Bulgaria,Bulgaria,BG,570.09,588.19,42.55,11.23,eso.bg,false,
2022-12-18 15:00:00,Bulgaria,Bulgaria,BG,541.8,559.62,45.35,15.08,eso.bg,false,
2022-12-18 16:00:00,Bulgaria,Bulgaria,BG,518.09,535.87,47.58,17.14,eso.bg,false,
2022-12-18 17:00:00,Bulgaria,Bulgaria,BG,522.66,540.62,47.02,15.43,eso.bg,false,
2022-12-18 18:00:00,Bulgaria,Bulgaria,BG,528.03,546.22,46.47,14.66,eso.bg,false,
2022-12-18 19:00:00,Bulgaria,Bulgaria,BG,535.05,553.06,45.84,13.91,eso.bg,false,
2022-12-18 20:00:00,Bulgaria,Bulgaria,BG,543.64,561.97,44.91,11.96,eso.bg,false,
2022-12-18 21:00:00,Bulgaria,Bulgaria,BG,532.17,550.94,45.72,11.04,eso.bg,false,
2022-12-18 22:00:00,Bulgaria,Bulgaria,BG,515.39,534.58,47.01,9.92,eso.bg,false,
2022-12-18 23:00:00,Bulgaria,Bulgaria,BG,503.61,522.83,48.05,10.16,eso.bg,false,
2022-12-19 00:00:00,Bulgaria,Bulgaria,BG,504.07,523.59,47.86,9.96,eso.bg,false,
2022-12-19 01:00:00,Bulgaria,Bulgaria,BG,503.84,523.34,47.89,10.1,eso.bg,false,
2022-12-19 02:00:00,Bulgaria,Bulgaria,BG,497.75,517.24,48.48,11.06,eso.bg,false,
2022-12-19 03:00:00,Bulgaria,Bulgaria,BG,496.17,515.65,48.65,11.45,eso.bg,false,
2022-12-19 04:00:00,Bulgaria,Bulgaria,BG,511.16,530.47,47.38,11.01,eso.bg,false,
2022-12-19 05:00:00,Bulgaria,Bulgaria,BG,571.59,589.97,42.25,9.32,eso.bg,false,
2022-12-19 06:00:00,Bulgaria,Bulgaria,BG,582.0,600.15,41.44,9.66,eso.bg,false,
2022-12-19 07:00:00,Bulgaria,Bulgaria,BG,565.28,583.33,43.14,12.34,eso.bg,false,
2022-12-19 08:00:00,Bulgaria,Bulgaria,BG,553.1,571.47,44.23,14.01,eso.bg,false,
2022-12-19 09:00:00,Bulgaria,Bulgaria,BG,549.0,567.37,44.71,14.67,eso.bg,false,
2022-12-19 10:00:00,Bulgaria,Bulgaria,BG,545.56,564.04,45.05,15.2,eso.bg,false,
2022-12-19 11:00:00,Bulgaria,Bulgaria,BG,544.62,563.2,45.16,15.33,eso.bg,false,
2022-12-19 12:00:00,Bulgaria,Bulgaria,BG,550.91,569.32,44.53,14.59,eso.bg,false,
2022-12-19 13:00:00,Bulgaria,Bulgaria,BG,566.52,584.69,43.02,12.38,eso.bg,false,
2022-12-19 14:00:00,Bulgaria,Bulgaria,BG,561.34,580.77,42.74,12.2,eso.bg,false,
2022-12-19 15:00:00,Bulgaria,Bulgaria,BG,561.22,580.26,42.93,13.69,eso.bg,false,
2022-12-19 16:00:00,Bulgaria,Bulgaria,BG,550.61,568.59,44.46,15.27,eso.bg,false,
2022-12-19 17:00:00,Bulgaria,Bulgaria,BG,531.74,549.79,46.19,17.37,eso.bg,false,
2022-12-19 18:00:00,Bulgaria,Bulgaria,BG,535.75,554.13,45.65,16.71,eso.bg,false,
2022-12-19 19:00:00,Bulgaria,Bulgaria,BG,541.07,558.89,45.37,14.55,eso.bg,false,
2022-12-19 20:00:00,Bulgaria,Bulgaria,BG,560.97,578.97,43.4,11.39,eso.bg,false,
2022-12-19 21:00:00,Bulgaria,Bulgaria,BG,569.09,587.3,42.57,10.06,eso.bg,false,
2022-12-19 22:00:00,Bulgaria,Bulgaria,BG,548.11,567.03,44.08,8.13,eso.bg,false,
2022-12-19 23:00:00,Bulgaria,Bulgaria,BG,534.07,553.26,45.2,7.84,eso.bg,false,
2022-12-20 00:00:00,Bulgaria,Bulgaria,BG,534.94,554.29,45.01,7.45,eso.bg,false,
2022-12-20 01:00:00,Bulgaria,Bulgaria,BG,542.02,561.48,44.36,7.07,eso.bg,false,
2022-12-20 02:00:00,Bulgaria,Bulgaria,BG,538.66,558.1,44.67,7.43,eso.bg,false,
2022-12-20 03:00:00,Bulgaria,Bulgaria,BG,537.02,556.44,44.83,7.53,eso.bg,false,
2022-12-20 04:00:00,Bulgaria,Bulgaria,BG,556.68,575.79,43.17,7.15,eso.bg,false,
2022-12-20 05:00:00,Bulgaria,Bulgaria,BG,595.05,613.31,40.1,7.29,eso.bg,false,
2022-12-20 06:00:00,Bulgaria,Bulgaria,BG,583.57,601.88,41.15,9.51,eso.bg,false,
2022-12-20 07:00:00,Bulgaria,Bulgaria,BG,561.49,579.78,43.42,12.94,eso.bg,false,
2022-12-20 08:00:00,Bulgaria,Bulgaria,BG,565.06,584.0,42.93,12.12,eso.bg,false,
2022-12-20 09:00:00,Bulgaria,Bulgaria,BG,551.02,570.42,44.18,13.09,eso.bg,false,
2022-12-20 10:00:00,Bulgaria,Bulgaria,BG,550.24,569.69,44.26,13.06,eso.bg,false,
2022-12-20 11:00:00,Bulgaria,Bulgaria,BG,557.28,576.25,43.73,12.25,eso.bg,false,
2022-12-20 12:00:00,Bulgaria,Bulgaria,BG,556.92,575.97,43.54,11.64,eso.bg,false,
2022-12-20 13:00:00,Bulgaria,Bulgaria,BG,578.56,596.88,41.62,8.58,eso.bg,false,
2022-12-20 14:00:00,Bulgaria,Bulgaria,BG,583.86,601.68,41.17,8.27,eso.bg,false,
2022-12-20 15:00:00,Bulgaria,Bulgaria,BG,566.26,583.8,42.95,11.39,eso.bg,false,
2022-12-20 16:00:00,Bulgaria,Bulgaria,BG,540.14,557.27,45.66,15.46,eso.bg,false,
2022-12-20 17:00:00,Bulgaria,Bulgaria,BG,530.66,547.9,46.5,16.76,eso.bg,false,
2022-12-20 18:00:00,Bulgaria,Bulgaria,BG,539.33,556.7,45.59,15.38,eso.bg,false,
2022-12-20 19:00:00,Bulgaria,Bulgaria,BG,552.61,570.15,44.26,13.3,eso.bg,false,
2022-12-20 20:00:00,Bulgaria,Bulgaria,BG,563.14,580.75,43.22,11.6,eso.bg,false,
2022-12-20 21:00:00,Bulgaria,Bulgaria,BG,587.45,605.47,40.7,7.77,eso.bg,false,
2022-12-20 22:00:00,Bulgaria,Bulgaria,BG,611.98,630.47,38.15,3.85,eso.bg,false,
2022-12-20 23:00:00,Bulgaria,Bulgaria,BG,606.66,625.2,38.6,3.15,eso.bg,false,
2022-12-21 00:00:00,Bulgaria,Bulgaria,BG,602.73,621.48,38.96,3.2,eso.bg,false,
2022-12-21 01:00:00,Bulgaria,Bulgaria,BG,595.53,614.65,39.49,3.2,eso.bg,false,
2022-12-21 02:00:00,Bulgaria,Bulgaria,BG,602.38,621.48,38.89,3.3,eso.bg,false,
2022-12-21 03:00:00,Bulgaria,Bulgaria,BG,609.68,628.6,38.32,3.35,eso.bg,false,
2022-12-21 04:00:00,Bulgaria,Bulgaria,BG,602.31,621.59,38.98,4.93,eso.bg,false,
2022-12-21 05:00:00,Bulgaria,Bulgaria,BG,583.06,601.67,41.06,8.27,eso.bg,false,
2022-12-21 06:00:00,Bulgaria,Bulgaria,BG,564.98,582.78,42.96,11.17,eso.bg,false,
2022-12-21 07:00:00,Bulgaria,Bulgaria,BG,549.74,567.95,44.49,13.61,eso.bg,false,
2022-12-21 08:00:00,Bulgaria,Bulgaria,BG,546.88,565.68,44.66,14.02,eso.bg,false,
2022-12-21 09:00:00,Bulgaria,Bulgaria,BG,555.06,574.1,43.92,12.81,eso.bg,false,
2022-12-21 10:00:00,Bulgaria,Bulgaria,BG,551.93,571.04,44.2,12.83,eso.bg,false,
2022-12-21 11:00:00,Bulgaria,Bulgaria,BG,553.05,572.15,44.06,12.55,eso.bg,false,
2022-12-21 12:00:00,Bulgaria,Bulgaria,BG,559.12,578.11,43.43,11.65,eso.bg,false,
2022-12-21 13:00:00,Bulgaria,Bulgaria,BG,566.88,585.61,42.6,10.08,eso.bg,false,
2022-12-21 14:00:00,Bulgaria,Bulgaria,BG,577.22,595.25,41.65,8.61,eso.bg,false,
2022-12-21 15:00:00,Bulgaria,Bulgaria,BG,556.31,573.59,43.98,12.79,eso.bg,false,
2022-12-21 16:00:00,Bulgaria,Bulgaria,BG,529.85,546.71,46.69,16.95,eso.bg,false,
2022-12-21 17:00:00,Bulgaria,Bulgaria,BG,523.67,540.54,47.18,17.84,eso.bg,false,
2022-12-21 18:00:00,Bulgaria,Bulgaria,BG,528.41,545.19,46.73,17.1,eso.bg,false,
2022-12-21 19:00:00,Bulgaria,Bulgaria,BG,539.83,557.44,45.41,15.21,eso.bg,false,
2022-12-21 20:00:00,Bulgaria,Bulgaria,BG,545.31,563.6,44.73,14.13,eso.bg,false,
2022-12-21 21:00:00,Bulgaria,Bulgaria,BG,564.52,583.42,42.68,11.0,eso.bg,false,
2022-12-21 22:00:00,Bulgaria,Bulgaria,BG,565.35,584.99,42.31,8.49,eso.bg,false,
2022-12-21 23:00:00,Bulgaria,Bulgaria,BG,541.14,561.39,44.27,8.68,eso.bg,false,
2022-12-22 00:00:00,Bulgaria,Bulgaria,BG,536.21,556.42,44.57,7.49,eso.bg,false,
2022-12-22 01:00:00,Bulgaria,Bulgaria,BG,542.14,561.87,44.08,6.61,eso.bg,false,
2022-12-22 02:00:00,Bulgaria,Bulgaria,BG,547.57,567.22,43.59,6.09,eso.bg,false,
2022-12-22 03:00:00,Bulgaria,Bulgaria,BG,553.05,572.48,43.15,5.73,eso.bg,false,
2022-12-22 04:00:00,Bulgaria,Bulgaria,BG,585.63,603.9,40.63,5.7,eso.bg,false,
2022-12-22 05:00:00,Bulgaria,Bulgaria,BG,581.02,599.1,41.32,8.77,eso.bg,false,
2022-12-22 06:00:00,Bulgaria,Bulgaria,BG,563.26,580.62,43.36,11.72,eso.bg,false,
2022-12-22 07:00:00,Bulgaria,Bulgaria,BG,546.8,564.52,45.11,14.4,eso.bg,false,
2022-12-22 08:00:00,Bulgaria,Bulgaria,BG,549.28,567.88,44.82,13.9,eso.bg,false,
2022-12-22 09:00:00,Bulgaria,Bulgaria,BG,536.58,555.67,45.9,14.74,eso.bg,false,
2022-12-22 10:00:00,Bulgaria,Bulgaria,BG,528.92,548.3,46.54,15.06,eso.bg,false,
2022-12-22 11:00:00,Bulgaria,Bulgaria,BG,524.35,543.9,46.87,14.69,eso.bg,false,
2022-12-22 12:00:00,Bulgaria,Bulgaria,BG,535.74,555.1,45.81,13.45,eso.bg,false,
2022-12-22 13:00:00,Bulgaria,Bulgaria,BG,563.61,582.51,43.12,10.03,eso.bg,false,
2022-12-22 14:00:00,Bulgaria,Bulgaria,BG,601.54,619.84,39.55,6.41,eso.bg,false,
2022-12-22 15:00:00,Bulgaria,Bulgaria,BG,578.83,596.59,41.92,10.41,eso.bg,false,
2022-12-22 16:00:00,Bulgaria,Bulgaria,BG,538.62,556.09,45.82,15.56,eso.bg,false,
2022-12-22 17:00:00,Bulgaria,Bulgaria,BG,531.54,548.86,46.57,16.72,eso.bg,false,
2022-12-22 18:00:00,Bulgaria,Bulgaria,BG,537.05,554.38,46.07,15.9,eso.bg,false,
2022-12-22 19:00:00,Bulgaria,Bulgaria,BG,549.49,567.44,44.61,13.85,eso.bg,false,
2022-12-22 20:00:00,Bulgaria,Bulgaria,BG,562.8,581.37,43.12,11.6,eso.bg,false,
2022-12-22 21:00:00,Bulgaria,Bulgaria,BG,584.43,603.44,40.86,8.12,eso.bg,false,
2022-12-22 22:00:00,Bulgaria,Bulgaria,BG,597.51,616.96,39.36,4.15,eso.bg,false,
2022-12-22 23:00:00,Bulgaria,Bulgaria,BG,570.34,590.37,41.5,3.92,eso.bg,false,
2022-12-23 00:00:00,Bulgaria,Bulgaria,BG,559.15,579.75,42.34,4.09,eso.bg,false,
2022-12-23 01:00:00,Bulgaria,Bulgaria,BG,556.19,576.73,42.57,3.99,eso.bg,false,
2022-12-23 02:00:00,Bulgaria,Bulgaria,BG,551.55,572.23,42.98,4.22,eso.bg,false,
2022-12-23 03:00:00,Bulgaria,Bulgaria,BG,548.23,568.82,43.3,4.33,eso.bg,false,
2022-12-23 04:00:00,Bulgaria,Bulgaria,BG,551.02,571.63,43.11,4.99,eso.bg,false,
2022-12-23 05:00:00,Bulgaria,Bulgaria,BG,575.26,594.74,41.43,6.99,eso.bg,false,
2022-12-23 06:00:00,Bulgaria,Bulgaria,BG,585.26,604.31,40.74,8.17,eso.bg,false,
2022-12-23 07:00:00,Bulgaria,Bulgaria,BG,568.61,587.36,42.54,10.88,eso.bg,false,
2022-12-23 08:00:00,Bulgaria,Bulgaria,BG,567.64,586.6,42.67,11.04,eso.bg,false,
2022-12-23 09:00:00,Bulgaria,Bulgaria,BG,565.39,584.25,43.0,11.4,eso.bg,false,
2022-12-23 10:00:00,Bulgaria,Bulgaria,BG,560.07,578.94,43.48,12.05,eso.bg,false,
2022-12-23 11:00:00,Bulgaria,Bulgaria,BG,571.53,590.87,42.22,10.24,eso.bg,false,
2022-12-23 12:00:00,Bulgaria,Bulgaria,BG,567.82,586.93,42.6,10.89,eso.bg,false,
2022-12-23 13:00:00,Bulgaria,Bulgaria,BG,578.29,597.35,41.48,8.92,eso.bg,false,
2022-12-23 14:00:00,Bulgaria,Bulgaria,BG,599.89,618.83,39.33,5.95,eso.bg,false,
2022-12-23 15:00:00,Bulgaria,Bulgaria,BG,569.33,587.72,42.43,10.7,eso.bg,false,
2022-12-23 16:00:00,Bulgaria,Bulgaria,BG,547.38,565.33,44.72,14.03,eso.bg,false,
2022-12-23 17:00:00,Bulgaria,Bulgaria,BG,539.53,557.48,45.44,14.83,eso.bg,false,
2022-12-23 18:00:00,Bulgaria,Bulgaria,BG,548.52,566.58,44.53,13.28,eso.bg,false,
2022-12-23 19:00:00,Bulgaria,Bulgaria,BG,549.09,567.61,44.25,11.96,eso.bg,false,
2022-12-23 20:00:00,Bulgaria,Bulgaria,BG,554.29,573.87,43.45,9.87,eso.bg,false,
2022-12-23 21:00:00,Bulgaria,Bulgaria,BG,550.08,570.72,43.37,7.73,eso.bg,false,
2022-12-23 22:00:00,Bulgaria,Bulgaria,BG,522.55,544.64,45.35,6.7,eso.bg,false,
2022-12-23 23:00:00,Bulgaria,Bulgaria,BG,514.69,536.58,46.09,6.11,eso.bg,false,
2022-12-24 00:00:00,Bulgaria,Bulgaria,BG,503.43,525.61,46.96,6.21,eso.bg,false,
2022-12-24 01:00:00,Bulgaria,Bulgaria,BG,502.11,524.37,47.07,6.39,eso.bg,false,
2022-12-24 02:00:00,Bulgaria,Bulgaria,BG,502.74,524.7,47.01,6.26,eso.bg,false,
2022-12-24 03:00:00,Bulgaria,Bulgaria,BG,503.16,525.13,47.0,6.26,eso.bg,false,
2022-12-24 04:00:00,Bulgaria,Bulgaria,BG,510.09,532.02,46.38,5.94,eso.bg,false,
2022-12-24 05:00:00,Bulgaria,Bulgaria,BG,499.88,522.22,47.3,7.33,eso.bg,false,
2022-12-24 06:00:00,Bulgaria,Bulgaria,BG,535.87,557.54,44.39,7.99,eso.bg,false,
2022-12-24 07:00:00,Bulgaria,Bulgaria,BG,510.89,532.42,47.08,13.23,eso.bg,false,
2022-12-24 08:00:00,Bulgaria,Bulgaria,BG,508.87,529.9,47.47,14.26,eso.bg,false,
2022-12-24 09:00:00,Bulgaria,Bulgaria,BG,508.39,529.26,47.65,14.87,eso.bg,false,
2022-12-24 10:00:00,Bulgaria,Bulgaria,BG,516.35,536.75,46.98,14.05,eso.bg,false,
2022-12-24 11:00:00,Bulgaria,Bulgaria,BG,519.44,540.4,46.43,12.48,eso.bg,false,
2022-12-24 12:00:00,Bulgaria,Bulgaria,BG,531.52,552.42,45.31,11.77,eso.bg,false,
2022-12-24 13:00:00,Bulgaria,Bulgaria,BG,524.93,545.09,46.09,13.64,eso.bg,false,
2022-12-24 14:00:00,Bulgaria,Bulgaria,BG,500.01,519.51,48.64,17.37,eso.bg,false,
2022-12-24 15:00:00,Bulgaria,Bulgaria,BG,489.27,508.5,49.8,19.48,eso.bg,false,
2022-12-24 16:00:00,Bulgaria,Bulgaria,BG,479.62,499.11,50.66,20.32,eso.bg,false,
2022-12-24 17:00:00,Bulgaria,Bulgaria,BG,488.59,508.53,49.58,17.29,eso.bg,false,
2022-12-24 18:00:00,Bulgaria,Bulgaria,BG,501.83,523.21,47.78,12.61,eso.bg,false,
2022-12-24 19:00:00,Bulgaria,Bulgaria,BG,479.91,502.47,49.36,12.09,eso.bg,false,
2022-12-24 20:00:00,Bulgaria,Bulgaria,BG,475.18,498.57,49.55,11.79,eso.bg,false,
2022-12-24 21:00:00,Bulgaria,Bulgaria,BG,486.51,509.55,48.54,10.85,eso.bg,false,
2022-12-24 22:00:00,Bulgaria,Bulgaria,BG,485.79,508.43,48.7,10.76,eso.bg,false,
2022-12-24 23:00:00,Bulgaria,Bulgaria,BG,479.99,501.28,49.52,10.31,eso.bg,false,
2022-12-25 00:00:00,Bulgaria,Bulgaria,BG,457.51,478.93,51.57,11.51,eso.bg,false,
2022-12-25 01:00:00,Bulgaria,Bulgaria,BG,458.13,479.27,51.5,11.43,eso.bg,false,
2022-12-25 02:00:00,Bulgaria,Bulgaria,BG,458.77,479.91,51.41,11.35,eso.bg,false,
2022-12-25 03:00:00,Bulgaria,Bulgaria,BG,458.52,479.6,51.41,11.12,eso.bg,false,
2022-12-25 04:00:00,Bulgaria,Bulgaria,BG,460.34,481.28,51.26,10.67,eso.bg,false,
2022-12-25 05:00:00,Bulgaria,Bulgaria,BG,452.87,474.27,51.99,11.98,eso.bg,false,
2022-12-25 06:00:00,Bulgaria,Bulgaria,BG,469.03,490.2,50.72,12.82,eso.bg,false,
2022-12-25 07:00:00,Bulgaria,Bulgaria,BG,462.45,483.58,51.59,14.97,eso.bg,false,
2022-12-25 08:00:00,Bulgaria,Bulgaria,BG,428.66,450.84,54.67,18.16,eso.bg,false,
2022-12-25 09:00:00,Bulgaria,Bulgaria,BG,434.26,456.18,54.38,18.99,eso.bg,false,
2022-12-25 10:00:00,Bulgaria,Bulgaria,BG,414.76,437.06,56.06,19.95,eso.bg,false,
2022-12-25 11:00:00,Bulgaria,Bulgaria,BG,409.82,432.36,56.49,20.31,eso.bg,false,
2022-12-25 12:00:00,Bulgaria,Bulgaria,BG,420.06,442.39,55.44,18.36,eso.bg,false,
2022-12-25 13:00:00,Bulgaria,Bulgaria,BG,449.7,472.25,52.54,15.08,eso.bg,false,
2022-12-25 14:00:00,Bulgaria,Bulgaria,BG,461.69,484.1,51.21,13.01,eso.bg,false,
2022-12-25 15:00:00,Bulgaria,Bulgaria,BG,452.52,474.07,52.38,16.04,eso.bg,false,
2022-12-25 16:00:00,Bulgaria,Bulgaria,BG,467.54,489.0,51.15,15.61,eso.bg,false,
2022-12-25 17:00:00,Bulgaria,Bulgaria,BG,471.24,492.7,50.79,15.08,eso.bg,false,
2022-12-25 18:00:00,Bulgaria,Bulgaria,BG,453.25,475.13,52.27,14.98,eso.bg,false,
2022-12-25 19:00:00,Bulgaria,Bulgaria,BG,463.63,485.41,51.26,13.08,eso.bg,false,
2022-12-25 20:00:00,Bulgaria,Bulgaria,BG,470.79,492.52,50.6,12.69,eso.bg,false,
2022-12-25 21:00:00,Bulgaria,Bulgaria,BG,471.03,493.14,50.45,11.96,eso.bg,false,
2022-12-25 22:00:00,Bulgaria,Bulgaria,BG,461.92,484.12,51.17,11.35,eso.bg,false,
2022-12-25 23:00:00,Bulgaria,Bulgaria,BG,457.9,480.28,51.41,11.01,eso.bg,false,
2022-12-26 00:00:00,Bulgaria,Bulgaria,BG,453.41,475.97,51.68,10.52,eso.bg,false,
2022-12-26 01:00:00,Bulgaria,Bulgaria,BG,468.59,490.96,50.15,8.17,eso.bg,false,
2022-12-26 02:00:00,Bulgaria,Bulgaria,BG,465.15,487.55,50.32,7.34,eso.bg,false,
2022-12-26 03:00:00,Bulgaria,Bulgaria,BG,469.59,491.28,49.96,6.72,eso.bg,false,
2022-12-26 04:00:00,Bulgaria,Bulgaria,BG,477.27,499.08,49.23,6.44,eso.bg,false,
2022-12-26 05:00:00,Bulgaria,Bulgaria,BG,485.15,507.08,48.79,7.43,eso.bg,false,
2022-12-26 06:00:00,Bulgaria,Bulgaria,BG,504.63,526.04,47.28,7.57,eso.bg,false,
2022-12-26 07:00:00,Bulgaria,Bulgaria,BG,478.73,500.48,49.85,11.27,eso.bg,false,
2022-12-26 08:00:00,Bulgaria,Bulgaria,BG,453.11,474.8,52.39,14.32,eso.bg,false,
2022-12-26 09:00:00,Bulgaria,Bulgaria,BG,432.22,454.12,54.37,16.21,eso.bg,false,
2022-12-26 10:00:00,Bulgaria,Bulgaria,BG,410.83,433.55,56.0,17.28,eso.bg,false,
2022-12-26 11:00:00,Bulgaria,Bulgaria,BG,414.38,437.06,55.7,16.85,eso.bg,false,
2022-12-26 12:00:00,Bulgaria,Bulgaria,BG,430.68,453.0,54.19,15.04,eso.bg,false,
2022-12-26 13:00:00,Bulgaria,Bulgaria,BG,448.39,471.04,52.29,12.13,eso.bg,false,
2022-12-26 14:00:00,Bulgaria,Bulgaria,BG,475.27,497.44,49.77,9.28,eso.bg,false,
2022-12-26 15:00:00,Bulgaria,Bulgaria,BG,470.18,491.63,50.52,12.77,eso.bg,false,
2022-12-26 16:00:00,Bulgaria,Bulgaria,BG,464.15,484.78,51.44,15.59,eso.bg,false,
2022-12-26 17:00:00,Bulgaria,Bulgaria,BG,454.61,474.87,52.44,16.79,eso.bg,false,
2022-12-26 18:00:00,Bulgaria,Bulgaria,BG,465.99,486.48,51.28,15.02,eso.bg,false,
2022-12-26 19:00:00,Bulgaria,Bulgaria,BG,468.15,489.31,50.86,13.68,eso.bg,false,
2022-12-26 20:00:00,Bulgaria,Bulgaria,BG,485.93,507.15,49.09,11.25,eso.bg,false,
2022-12-26 21:00:00,Bulgaria,Bulgaria,BG,494.55,515.8,48.26,10.18,eso.bg,false,
2022-12-26 22:00:00,Bulgaria,Bulgaria,BG,491.86,513.53,48.29,8.54,eso.bg,false,
2022-12-26 23:00:00,Bulgaria,Bulgaria,BG,476.06,498.52,49.46,7.74,eso.bg,false,
2022-12-27 00:00:00,Bulgaria,Bulgaria,BG,472.5,495.03,49.65,7.25,eso.bg,false,
2022-12-27 01:00:00,Bulgaria,Bulgaria,BG,469.24,491.97,49.85,7.12,eso.bg,false,
2022-12-27 02:00:00,Bulgaria,Bulgaria,BG,473.24,495.79,49.5,6.73,eso.bg,false,
2022-12-27 03:00:00,Bulgaria,Bulgaria,BG,472.9,495.3,49.57,6.97,eso.bg,false,
2022-12-27 04:00:00,Bulgaria,Bulgaria,BG,459.77,482.39,50.73,8.04,eso.bg,false,
2022-12-27 05:00:00,Bulgaria,Bulgaria,BG,461.4,483.59,50.97,10.94,eso.bg,false,
2022-12-27 06:00:00,Bulgaria,Bulgaria,BG,453.01,475.23,51.88,13.11,eso.bg,false,
2022-12-27 07:00:00,Bulgaria,Bulgaria,BG,454.61,476.57,52.09,15.46,eso.bg,false,
2022-12-27 08:00:00,Bulgaria,Bulgaria,BG,436.25,458.42,53.8,16.88,eso.bg,false,
2022-12-27 09:00:00,Bulgaria,Bulgaria,BG,397.78,420.31,57.35,20.14,eso.bg,false,
2022-12-27 10:00:00,Bulgaria,Bulgaria,BG,403.37,425.96,56.76,19.71,eso.bg,false,
2022-12-27 11:00:00,Bulgaria,Bulgaria,BG,406.65,429.69,56.35,19.51,eso.bg,false,
2022-12-27 12:00:00,Bulgaria,Bulgaria,BG,393.37,416.5,57.4,19.15,eso.bg,false,
2022-12-27 13:00:00,Bulgaria,Bulgaria,BG,401.02,423.86,56.73,18.32,eso.bg,false,
2022-12-27 14:00:00,Bulgaria,Bulgaria,BG,411.01,433.96,55.61,16.57,eso.bg,false,
2022-12-27 15:00:00,Bulgaria,Bulgaria,BG,438.51,460.15,53.51,17.24,eso.bg,false,
2022-12-27 16:00:00,Bulgaria,Bulgaria,BG,426.88,447.9,54.93,20.47,eso.bg,false,
2022-12-27 17:00:00,Bulgaria,Bulgaria,BG,424.84,445.81,55.18,20.94,eso.bg,false,
2022-12-27 18:00:00,Bulgaria,Bulgaria,BG,421.4,442.99,55.25,19.92,eso.bg,false,
2022-12-27 19:00:00,Bulgaria,Bulgaria,BG,427.51,449.8,54.41,17.4,eso.bg,false,
2022-12-27 20:00:00,Bulgaria,Bulgaria,BG,404.52,427.72,56.28,18.09,eso.bg,false,
2022-12-27 21:00:00,Bulgaria,Bulgaria,BG,417.44,440.62,55.02,16.24,eso.bg,false,
2022-12-27 22:00:00,Bulgaria,Bulgaria,BG,415.88,439.6,54.86,14.98,eso.bg,false,
2022-12-27 23:00:00,Bulgaria,Bulgaria,BG,435.79,459.16,53.03,11.53,eso.bg,false,
2022-12-28 00:00:00,Bulgaria,Bulgaria,BG,444.54,467.92,52.02,9.3,eso.bg,false,
2022-12-28 01:00:00,Bulgaria,Bulgaria,BG,437.94,461.16,52.56,9.23,eso.bg,false,
2022-12-28 02:00:00,Bulgaria,Bulgaria,BG,454.3,477.02,51.11,7.61,eso.bg,false,
2022-12-28 03:00:00,Bulgaria,Bulgaria,BG,460.77,483.27,50.55,7.08,eso.bg,false,
2022-12-28 04:00:00,Bulgaria,Bulgaria,BG,464.03,486.15,50.31,7.01,eso.bg,false,
2022-12-28 05:00:00,Bulgaria,Bulgaria,BG,456.29,478.77,51.13,9.18,eso.bg,false,
2022-12-28 06:00:00,Bulgaria,Bulgaria,BG,491.42,512.67,48.35,9.34,eso.bg,false,
2022-12-28 07:00:00,Bulgaria,Bulgaria,BG,479.82,500.27,49.95,14.2,eso.bg,false,
2022-12-28 08:00:00,Bulgaria,Bulgaria,BG,481.64,502.63,49.76,14.73,eso.bg,false,
2022-12-28 09:00:00,Bulgaria,Bulgaria,BG,493.01,514.91,48.48,12.5,eso.bg,false,
2022-12-28 10:00:00,Bulgaria,Bulgaria,BG,489.67,512.04,48.62,11.2,eso.bg,false,
2022-12-28 11:00:00,Bulgaria,Bulgaria,BG,478.28,501.0,49.55,11.31,eso.bg,false,
2022-12-28 12:00:00,Bulgaria,Bulgaria,BG,482.42,505.16,48.99,10.04,eso.bg,false,
2022-12-28 13:00:00,Bulgaria,Bulgaria,BG,510.26,532.51,46.42,8.0,eso.bg,false,
2022-12-28 14:00:00,Bulgaria,Bulgaria,BG,518.9,540.29,45.8,7.85,eso.bg,false,
2022-12-28 15:00:00,Bulgaria,Bulgaria,BG,471.93,491.67,50.77,15.24,eso.bg,false,
2022-12-28 16:00:00,Bulgaria,Bulgaria,BG,446.41,466.15,53.31,19.12,eso.bg,false,
2022-12-28 17:00:00,Bulgaria,Bulgaria,BG,438.24,458.41,54.0,19.84,eso.bg,false,
2022-12-28 18:00:00,Bulgaria,Bulgaria,BG,448.01,468.95,52.83,17.77,eso.bg,false,
2022-12-28 19:00:00,Bulgaria,Bulgaria,BG,466.67,489.62,50.5,13.49,eso.bg,false,
2022-12-28 20:00:00,Bulgaria,Bulgaria,BG,446.73,470.6,51.94,12.97,eso.bg,false,
2022-12-28 21:00:00,Bulgaria,Bulgaria,BG,461.12,485.28,50.46,10.72,eso.bg,false,
2022-12-28 22:00:00,Bulgaria,Bulgaria,BG,436.75,461.42,52.5,11.02,eso.bg,false,
2022-12-28 23:00:00,Bulgaria,Bulgaria,BG,441.85,465.56,52.26,9.55,eso.bg,false,
2022-12-29 00:00:00,Bulgaria,Bulgaria,BG,435.95,459.52,52.76,9.57,eso.bg,false,
2022-12-29 01:00:00,Bulgaria,Bulgaria,BG,432.81,456.34,53.02,9.67,eso.bg,false,
2022-12-29 02:00:00,Bulgaria,Bulgaria,BG,431.19,454.65,53.12,9.35,eso.bg,false,
2022-12-29 03:00:00,Bulgaria,Bulgaria,BG,441.16,464.39,52.27,8.77,eso.bg,false,
2022-12-29 04:00:00,Bulgaria,Bulgaria,BG,441.45,464.71,52.28,9.34,eso.bg,false,
2022-12-29 05:00:00,Bulgaria,Bulgaria,BG,436.77,460.27,52.82,11.15,eso.bg,false,
2022-12-29 06:00:00,Bulgaria,Bulgaria,BG,454.4,477.26,51.61,12.74,eso.bg,false,
2022-12-29 07:00:00,Bulgaria,Bulgaria,BG,432.8,455.68,53.82,15.95,eso.bg,false,
2022-12-29 08:00:00,Bulgaria,Bulgaria,BG,413.34,436.76,55.67,17.76,eso.bg,false,
2022-12-29 09:00:00,Bulgaria,Bulgaria,BG,385.1,408.57,58.31,20.05,eso.bg,false,
2022-12-29 10:00:00,Bulgaria,Bulgaria,BG,376.88,400.31,59.07,20.64,eso.bg,false,
2022-12-29 11:00:00,Bulgaria,Bulgaria,BG,384.24,407.77,58.3,19.17,eso.bg,false,
2022-12-29 12:00:00,Bulgaria,Bulgaria,BG,392.04,415.78,57.44,17.72,eso.bg,false,
2022-12-29 13:00:00,Bulgaria,Bulgaria,BG,424.91,448.03,54.4,14.75,eso.bg,false,
2022-12-29 14:00:00,Bulgaria,Bulgaria,BG,465.38,486.63,51.01,13.32,eso.bg,false,
2022-12-29 15:00:00,Bulgaria,Bulgaria,BG,465.23,485.22,51.46,16.23,eso.bg,false,
2022-12-29 16:00:00,Bulgaria,Bulgaria,BG,416.04,436.43,56.13,21.9,eso.bg,false,
2022-12-29 17:00:00,Bulgaria,Bulgaria,BG,414.61,434.88,56.31,22.1,eso.bg,false,
2022-12-29 18:00:00,Bulgaria,Bulgaria,BG,416.87,437.64,55.91,20.53,eso.bg,false,
2022-12-29 19:00:00,Bulgaria,Bulgaria,BG,421.98,443.39,55.21,18.72,eso.bg,false,
2022-12-29 20:00:00,Bulgaria,Bulgaria,BG,437.11,459.62,53.42,15.07,eso.bg,false,
2022-12-29 21:00:00,Bulgaria,Bulgaria,BG,442.93,465.66,52.66,12.65,eso.bg,false,
2022-12-29 22:00:00,Bulgaria,Bulgaria,BG,433.86,456.92,53.31,12.28,eso.bg,false,
2022-12-29 23:00:00,Bulgaria,Bulgaria,BG,434.28,457.29,53.14,11.07,eso.bg,false,
2022-12-30 00:00:00,Bulgaria,Bulgaria,BG,440.94,464.29,52.29,9.43,eso.bg,false,
2022-12-30 01:00:00,Bulgaria,Bulgaria,BG,448.64,471.72,51.55,7.87,eso.bg,false,
2022-12-30 02:00:00,Bulgaria,Bulgaria,BG,445.34,468.64,51.76,7.45,eso.bg,false,
2022-12-30 03:00:00,Bulgaria,Bulgaria,BG,449.76,472.83,51.33,6.54,eso.bg,false,
2022-12-30 04:00:00,Bulgaria,Bulgaria,BG,461.51,484.32,50.37,6.83,eso.bg,false,
2022-12-30 05:00:00,Bulgaria,Bulgaria,BG,452.03,475.29,51.3,9.09,eso.bg,false,
2022-12-30 06:00:00,Bulgaria,Bulgaria,BG,448.33,471.62,51.83,11.49,eso.bg,false,
2022-12-30 07:00:00,Bulgaria,Bulgaria,BG,435.78,458.99,53.44,15.2,eso.bg,false,
2022-12-30 08:00:00,Bulgaria,Bulgaria,BG,419.19,442.62,55.15,17.69,eso.bg,false,
2022-12-30 09:00:00,Bulgaria,Bulgaria,BG,411.18,434.53,55.83,17.62,eso.bg,false,
2022-12-30 10:00:00,Bulgaria,Bulgaria,BG,416.0,439.3,55.34,17.06,eso.bg,false,
2022-12-30 11:00:00,Bulgaria,Bulgaria,BG,419.55,442.67,54.99,16.63,eso.bg,false,
2022-12-30 12:00:00,Bulgaria,Bulgaria,BG,419.58,442.83,54.89,16.04,eso.bg,false,
2022-12-30 13:00:00,Bulgaria,Bulgaria,BG,423.91,447.35,54.27,14.39,eso.bg,false,
2022-12-30 14:00:00,Bulgaria,Bulgaria,BG,461.74,484.4,50.78,10.73,eso.bg,false,
2022-12-30 15:00:00,Bulgaria,Bulgaria,BG,470.86,491.45,50.7,14.89,eso.bg,false,
2022-12-30 16:00:00,Bulgaria,Bulgaria,BG,461.05,481.57,51.8,17.42,eso.bg,false,
2022-12-30 17:00:00,Bulgaria,Bulgaria,BG,453.57,474.42,52.35,16.99,eso.bg,false,
2022-12-30 18:00:00,Bulgaria,Bulgaria,BG,454.72,475.82,52.07,15.75,eso.bg,false,
2022-12-30 19:00:00,Bulgaria,Bulgaria,BG,469.17,490.69,50.49,12.97,eso.bg,false,
2022-12-30 20:00:00,Bulgaria,Bulgaria,BG,470.71,493.33,50.02,10.96,eso.bg,false,
2022-12-30 21:00:00,Bulgaria,Bulgaria,BG,459.71,482.89,50.77,10.0,eso.bg,false,
2022-12-30 22:00:00,Bulgaria,Bulgaria,BG,460.65,483.72,50.6,9.06,eso.bg,false,
2022-12-30 23:00:00,Bulgaria,Bulgaria,BG,452.53,475.63,51.32,8.67,eso.bg,false,
2022-12-31 00:00:00,Bulgaria,Bulgaria,BG,445.64,469.16,51.72,8.22,eso.bg,false,
2022-12-31 01:00:00,Bulgaria,Bulgaria,BG,446.35,469.57,51.66,8.12,eso.bg,false,
2022-12-31 02:00:00,Bulgaria,Bulgaria,BG,447.76,470.78,51.53,7.73,eso.bg,false,
2022-12-31 03:00:00,Bulgaria,Bulgaria,BG,451.36,474.3,51.17,7.1,eso.bg,false,
2022-12-31 04:00:00,Bulgaria,Bulgaria,BG,457.2,479.99,50.52,5.77,eso.bg,false,
2022-12-31 05:00:00,Bulgaria,Bulgaria,BG,454.55,477.86,50.58,6.16,eso.bg,false,
2022-12-31 06:00:00,Bulgaria,Bulgaria,BG,443.01,466.53,51.71,8.77,eso.bg,false,
2022-12-31 07:00:00,Bulgaria,Bulgaria,BG,412.05,435.79,55.05,14.54,eso.bg,false,
2022-12-31 08:00:00,Bulgaria,Bulgaria,BG,405.75,430.46,55.59,15.91,eso.bg,false,
2022-12-31 09:00:00,Bulgaria,Bulgaria,BG,417.06,441.52,54.75,16.41,eso.bg,false,
2022-12-31 10:00:00,Bulgaria,Bulgaria,BG,413.68,438.21,55.12,16.38,eso.bg,false,
2022-12-31 11:00:00,Bulgaria,Bulgaria,BG,408.35,433.48,55.44,16.15,eso.bg,false,
2022-12-31 12:00:00,Bulgaria,Bulgaria,BG,409.08,434.47,55.18,15.4,eso.bg,false,
2022-12-31 13:00:00,Bulgaria,Bulgaria,BG,429.18,454.74,53.12,13.39,eso.bg,false,
2022-12-31 14:00:00,Bulgaria,Bulgaria,BG,455.6,480.33,50.76,12.07,eso.bg,false,
2022-12-31 15:00:00,Bulgaria,Bulgaria,BG,463.12,484.68,51.07,15.74,eso.bg,false,
2022-12-31 16:00:00,Bulgaria,Bulgaria,BG,429.83,450.9,54.45,21.32,eso.bg,false,
2022-12-31 17:00:00,Bulgaria,Bulgaria,BG,450.6,472.9,52.06,17.09,eso.bg,false,
2022-12-31 18:00:00,Bulgaria,Bulgaria,BG,470.97,494.31,49.64,11.68,eso.bg,false,
2022-12-31 19:00:00,Bulgaria,Bulgaria,BG,476.1,499.48,49.01,9.58,eso.bg,false,
2022-12-31 20:00:00,Bulgaria,Bulgaria,BG,486.76,509.9,47.95,7.14,eso.bg,false,
2022-12-31 21:00:00,Bulgaria,Bulgaria,BG,485.53,508.8,48.03,7.15,eso.bg,false,
2022-12-31 22:00:00,Bulgaria,Bulgaria,BG,479.93,503.57,48.45,7.46,eso.bg,false,
2022-12-31 23:00:00,Bulgaria,Bulgaria,BG,454.73,478.95,50.63,8.59,eso.bg,false,
