Datetime (UTC),Country,Zone Name,Zone Id,Carbon Intensity gCO₂eq/kWh (direct),Carbon Intensity gCO₂eq/kWh (LCA),Low Carbon Percentage,Renewable Percentage,Data Source,Data Estimated,Data Estimation Method
2022-01-01 00:00:00,Cyprus,Cyprus,CY,810.77,1028.82,12.44,12.44,tsoc.org.cy,false,
2022-01-01 01:00:00,Cyprus,Cyprus,CY,815.1,1034.51,11.97,11.97,tsoc.org.cy,false,
2022-01-01 02:00:00,Cyprus,Cyprus,CY,802.1,1018.42,13.38,13.37,tsoc.org.cy,false,
2022-01-01 03:00:00,Cyprus,Cyprus,CY,796.95,1012.04,13.93,13.93,tsoc.org.cy,false,
2022-01-01 04:00:00,Cyprus,Cyprus,CY,790.84,1004.36,14.59,14.59,tsoc.org.cy,false,
2022-01-01 05:00:00,Cyprus,Cyprus,CY,823.38,1045.12,11.08,11.08,tsoc.org.cy,false,
2022-01-01 06:00:00,Cyprus,Cyprus,CY,804.16,1021.87,13.15,13.15,tsoc.org.cy,false,
2022-01-01 07:00:00,Cyprus,Cyprus,CY,731.82,932.33,20.97,20.97,tsoc.org.cy,false,
2022-01-01 08:00:00,Cyprus,Cyprus,CY,657.39,839.75,29.0,29.0,tsoc.org.cy,false,
2022-01-01 09:00:00,Cyprus,Cyprus,CY,614.4,786.67,33.65,33.65,tsoc.org.cy,false,
2022-01-01 10:00:00,Cyprus,Cyprus,CY,616.16,789.04,33.46,33.46,tsoc.org.cy,false,
2022-01-01 11:00:00,Cyprus,Cyprus,CY,647.03,827.28,30.12,30.12,tsoc.org.cy,false,
2022-01-01 12:00:00,Cyprus,Cyprus,CY,702.04,895.39,24.18,24.18,tsoc.org.cy,false,
2022-01-01 13:00:00,Cyprus,Cyprus,CY,809.25,1028.18,12.6,12.6,tsoc.org.cy,false,
2022-01-01 14:00:00,Cyprus,Cyprus,CY,890.41,1128.31,3.84,3.84,tsoc.org.cy,false,
2022-01-01 15:00:00,Cyprus,Cyprus,CY,911.28,1153.79,1.58,1.58,tsoc.org.cy,false,
2022-01-01 16:00:00,Cyprus,Cyprus,CY,915.61,1159.04,1.12,1.12,tsoc.org.cy,false,
2022-01-01 17:00:00,Cyprus,Cyprus,CY,916.15,1159.67,1.06,1.06,tsoc.org.cy,false,
2022-01-01 18:00:00,Cyprus,Cyprus,CY,747.36,932.49,0.77,0.77,Electricity Maps Estimation,true,ESTIMATED_TIME_SLICER_AVERAGE
2022-01-01 19:00:00,Cyprus,Cyprus,CY,742.8,926.55,0.94,0.94,Electricity Maps Estimation,true,ESTIMATED_TIME_SLICER_AVERAGE
2022-01-01 20:00:00,Cyprus,Cyprus,CY,739.94,922.56,0.72,0.72,Electricity Maps Estimation,true,ESTIMATED_TIME_SLICER_AVERAGE
2022-01-01 21:00:00,Cyprus,Cyprus,CY,727.42,906.45,1.47,1.47,Electricity Maps Estimation,true,ESTIMATED_TIME_SLICER_AVERAGE
2022-01-01 22:00:00,Cyprus,Cyprus,CY,891.12,1128.96,3.76,3.76,tsoc.org.cy,false,
2022-01-01 23:00:00,Cyprus,Cyprus,CY,886.6,1123.65,4.25,4.25,tsoc.org.cy,false,
2022-01-02 00:00:00,Cyprus,Cyprus,CY,878.84,1114.23,5.09,5.09,tsoc.org.cy,false,
2022-01-02 01:00:00,Cyprus,Cyprus,CY,887.0,1124.59,4.21,4.21,tsoc.org.cy,false,
2022-01-02 02:00:00,Cyprus,Cyprus,CY,899.58,1140.37,2.85,2.85,tsoc.org.cy,false,
2022-01-02 03:00:00,Cyprus,Cyprus,CY,901.61,1142.88,2.63,2.63,tsoc.org.cy,false,
2022-01-02 04:00:00,Cyprus,Cyprus,CY,904.4,1146.21,2.33,2.33,tsoc.org.cy,false,
2022-01-02 05:00:00,Cyprus,Cyprus,CY,894.74,1134.19,3.37,3.37,tsoc.org.cy,false,
2022-01-02 06:00:00,Cyprus,Cyprus,CY,811.28,1030.87,12.38,12.38,tsoc.org.cy,false,
2022-01-02 07:00:00,Cyprus,Cyprus,CY,741.15,944.09,19.96,19.96,tsoc.org.cy,false,
2022-01-02 08:00:00,Cyprus,Cyprus,CY,729.51,929.62,21.22,21.22,tsoc.org.cy,false,
2022-01-02 09:00:00,Cyprus,Cyprus,CY,713.6,909.77,22.93,22.93,tsoc.org.cy,false,
2022-01-02 10:00:00,Cyprus,Cyprus,CY,710.07,905.32,23.31,23.31,tsoc.org.cy,false,
2022-01-02 11:00:00,Cyprus,Cyprus,CY,786.53,999.63,15.06,15.06,tsoc.org.cy,false,
2022-01-02 12:00:00,Cyprus,Cyprus,CY,804.03,1021.15,13.17,13.17,tsoc.org.cy,false,
2022-01-02 13:00:00,Cyprus,Cyprus,CY,797.54,1013.1,13.87,13.87,tsoc.org.cy,false,
2022-01-02 14:00:00,Cyprus,Cyprus,CY,853.56,1082.16,7.82,7.82,tsoc.org.cy,false,
2022-01-02 15:00:00,Cyprus,Cyprus,CY,866.55,1097.76,6.41,6.41,tsoc.org.cy,false,
2022-01-02 16:00:00,Cyprus,Cyprus,CY,851.28,1078.53,8.06,8.06,tsoc.org.cy,false,
2022-01-02 17:00:00,Cyprus,Cyprus,CY,712.03,888.57,4.88,4.88,Electricity Maps Estimation,true,ESTIMATED_TIME_SLICER_AVERAGE
2022-01-02 18:00:00,Cyprus,Cyprus,CY,700.57,874.31,6.2,6.2,Electricity Maps Estimation,true,ESTIMATED_TIME_SLICER_AVERAGE
2022-01-02 19:00:00,Cyprus,Cyprus,CY,692.83,864.26,6.55,6.55,Electricity Maps Estimation,true,ESTIMATED_TIME_SLICER_AVERAGE
2022-01-02 20:00:00,Cyprus,Cyprus,CY,685.92,855.06,6.57,6.57,Electricity Maps Estimation,true,ESTIMATED_TIME_SLICER_AVERAGE
2022-01-02 21:00:00,Cyprus,Cyprus,CY,668.76,832.99,7.61,7.61,Electricity Maps Estimation,true,ESTIMATED_TIME_SLICER_AVERAGE
2022-01-02 22:00:00,Cyprus,Cyprus,CY,754.73,958.56,18.49,18.49,tsoc.org.cy,false,
2022-01-02 23:00:00,Cyprus,Cyprus,CY,754.16,958.23,18.55,18.55,tsoc.org.cy,false,
2022-01-03 00:00:00,Cyprus,Cyprus,CY,765.64,972.85,17.31,17.31,tsoc.org.cy,false,
2022-01-03 01:00:00,Cyprus,Cyprus,CY,767.49,975.3,17.11,17.11,tsoc.org.cy,false,
2022-01-03 02:00:00,Cyprus,Cyprus,CY,825.68,1048.03,10.83,10.83,tsoc.org.cy,false,
2022-01-03 03:00:00,Cyprus,Cyprus,CY,841.88,1068.09,9.08,9.08,tsoc.org.cy,false,
2022-01-03 04:00:00,Cyprus,Cyprus,CY,844.39,1070.82,8.81,8.81,tsoc.org.cy,false,
2022-01-03 05:00:00,Cyprus,Cyprus,CY,869.21,1101.67,6.13,6.13,tsoc.org.cy,false,
2022-01-03 06:00:00,Cyprus,Cyprus,CY,810.98,1029.78,12.42,12.42,tsoc.org.cy,false,
2022-01-03 07:00:00,Cyprus,Cyprus,CY,716.53,913.03,22.62,22.62,tsoc.org.cy,false,
2022-01-03 08:00:00,Cyprus,Cyprus,CY,659.8,842.91,28.74,28.74,tsoc.org.cy,false,
2022-01-03 09:00:00,Cyprus,Cyprus,CY,633.7,810.66,31.56,31.56,tsoc.org.cy,false,
2022-01-03 10:00:00,Cyprus,Cyprus,CY,606.53,776.95,34.5,34.5,tsoc.org.cy,false,
2022-01-03 11:00:00,Cyprus,Cyprus,CY,628.22,803.79,32.15,32.15,tsoc.org.cy,false,
2022-01-03 12:00:00,Cyprus,Cyprus,CY,675.58,862.28,27.04,27.04,tsoc.org.cy,false,
2022-01-03 13:00:00,Cyprus,Cyprus,CY,759.19,965.38,18.01,18.01,tsoc.org.cy,false,
2022-01-03 14:00:00,Cyprus,Cyprus,CY,834.39,1058.01,9.89,9.89,tsoc.org.cy,false,
2022-01-03 15:00:00,Cyprus,Cyprus,CY,859.81,1089.16,7.14,7.14,tsoc.org.cy,false,
2022-01-03 16:00:00,Cyprus,Cyprus,CY,868.33,1099.64,6.22,6.22,tsoc.org.cy,false,
2022-01-03 17:00:00,Cyprus,Cyprus,CY,879.85,1114.01,4.98,4.98,tsoc.org.cy,false,
2022-01-03 18:00:00,Cyprus,Cyprus,CY,878.2,1111.99,5.16,5.16,tsoc.org.cy,false,
2022-01-03 19:00:00,Cyprus,Cyprus,CY,870.29,1102.19,6.01,6.01,tsoc.org.cy,false,
2022-01-03 20:00:00,Cyprus,Cyprus,CY,885.75,1121.68,4.34,4.34,tsoc.org.cy,false,
2022-01-03 21:00:00,Cyprus,Cyprus,CY,904.93,1145.87,2.27,2.27,tsoc.org.cy,false,
2022-01-03 22:00:00,Cyprus,Cyprus,CY,909.45,1151.84,1.78,1.78,tsoc.org.cy,false,
2022-01-03 23:00:00,Cyprus,Cyprus,CY,901.42,1142.17,2.65,2.65,tsoc.org.cy,false,
2022-01-04 00:00:00,Cyprus,Cyprus,CY,879.87,1115.49,4.98,4.98,tsoc.org.cy,false,
2022-01-04 01:00:00,Cyprus,Cyprus,CY,862.05,1093.36,6.9,6.9,tsoc.org.cy,false,
2022-01-04 02:00:00,Cyprus,Cyprus,CY,833.24,1057.36,10.01,10.01,tsoc.org.cy,false,
2022-01-04 03:00:00,Cyprus,Cyprus,CY,851.7,1080.26,8.02,8.02,tsoc.org.cy,false,
2022-01-04 04:00:00,Cyprus,Cyprus,CY,868.17,1100.47,6.24,6.24,tsoc.org.cy,false,
2022-01-04 05:00:00,Cyprus,Cyprus,CY,871.04,1103.86,5.93,5.93,tsoc.org.cy,false,
2022-01-04 06:00:00,Cyprus,Cyprus,CY,819.97,1040.5,11.45,11.45,tsoc.org.cy,false,
2022-01-04 07:00:00,Cyprus,Cyprus,CY,760.64,967.04,17.85,17.85,tsoc.org.cy,false,
2022-01-04 08:00:00,Cyprus,Cyprus,CY,695.25,885.99,24.91,24.91,tsoc.org.cy,false,
2022-01-04 09:00:00,Cyprus,Cyprus,CY,642.07,820.04,30.66,30.66,tsoc.org.cy,false,
2022-01-04 10:00:00,Cyprus,Cyprus,CY,631.53,806.84,31.8,31.8,tsoc.org.cy,false,
2022-01-04 11:00:00,Cyprus,Cyprus,CY,652.74,833.2,29.51,29.51,tsoc.org.cy,false,
2022-01-04 12:00:00,Cyprus,Cyprus,CY,673.76,859.22,27.24,27.24,tsoc.org.cy,false,
2022-01-04 13:00:00,Cyprus,Cyprus,CY,751.98,955.87,18.79,18.79,tsoc.org.cy,false,
2022-01-04 14:00:00,Cyprus,Cyprus,CY,843.06,1068.62,8.95,8.95,tsoc.org.cy,false,
2022-01-04 15:00:00,Cyprus,Cyprus,CY,864.84,1095.37,6.6,6.6,tsoc.org.cy,false,
2022-01-04 16:00:00,Cyprus,Cyprus,CY,867.1,1098.09,6.36,6.36,tsoc.org.cy,false,
2022-01-04 17:00:00,Cyprus,Cyprus,CY,869.09,1100.57,6.14,6.14,tsoc.org.cy,false,
2022-01-04 18:00:00,Cyprus,Cyprus,CY,871.03,1103.04,5.93,5.93,tsoc.org.cy,false,
2022-01-04 19:00:00,Cyprus,Cyprus,CY,886.91,1122.98,4.22,4.22,tsoc.org.cy,false,
2022-01-04 20:00:00,Cyprus,Cyprus,CY,895.05,1133.33,3.34,3.34,tsoc.org.cy,false,
2022-01-04 21:00:00,Cyprus,Cyprus,CY,892.45,1130.22,3.62,3.62,tsoc.org.cy,false,
2022-01-04 22:00:00,Cyprus,Cyprus,CY,894.66,1133.4,3.38,3.38,tsoc.org.cy,false,
2022-01-04 23:00:00,Cyprus,Cyprus,CY,889.12,1126.84,3.98,3.98,tsoc.org.cy,false,
2022-01-05 00:00:00,Cyprus,Cyprus,CY,894.93,1134.36,3.35,3.35,tsoc.org.cy,false,
2022-01-05 01:00:00,Cyprus,Cyprus,CY,901.38,1142.54,2.65,2.65,tsoc.org.cy,false,
2022-01-05 02:00:00,Cyprus,Cyprus,CY,909.02,1152.08,1.83,1.83,tsoc.org.cy,false,
2022-01-05 03:00:00,Cyprus,Cyprus,CY,909.34,1152.3,1.79,1.79,tsoc.org.cy,false,
2022-01-05 04:00:00,Cyprus,Cyprus,CY,908.98,1151.47,1.83,1.83,tsoc.org.cy,false,
2022-01-05 05:00:00,Cyprus,Cyprus,CY,903.69,1144.63,2.4,2.4,tsoc.org.cy,false,
2022-01-05 06:00:00,Cyprus,Cyprus,CY,880.16,1115.35,4.95,4.95,tsoc.org.cy,false,
2022-01-05 07:00:00,Cyprus,Cyprus,CY,820.73,1041.83,11.36,11.36,tsoc.org.cy,false,
2022-01-05 08:00:00,Cyprus,Cyprus,CY,789.71,1003.48,14.71,14.71,tsoc.org.cy,false,
2022-01-05 09:00:00,Cyprus,Cyprus,CY,812.99,1032.2,12.2,12.2,tsoc.org.cy,false,
2022-01-05 10:00:00,Cyprus,Cyprus,CY,819.15,1039.77,11.53,11.53,tsoc.org.cy,false,
2022-01-05 11:00:00,Cyprus,Cyprus,CY,818.33,1038.48,11.62,11.62,tsoc.org.cy,false,
2022-01-05 12:00:00,Cyprus,Cyprus,CY,843.17,1069.3,8.94,8.94,tsoc.org.cy,false,
2022-01-05 13:00:00,Cyprus,Cyprus,CY,881.48,1116.67,4.8,4.8,tsoc.org.cy,false,
2022-01-05 14:00:00,Cyprus,Cyprus,CY,905.86,1146.77,2.17,2.17,tsoc.org.cy,false,
2022-01-05 15:00:00,Cyprus,Cyprus,CY,918.28,1162.09,0.83,0.83,tsoc.org.cy,false,
2022-01-05 16:00:00,Cyprus,Cyprus,CY,918.93,1162.82,0.76,0.76,tsoc.org.cy,false,
2022-01-05 17:00:00,Cyprus,Cyprus,CY,917.06,1160.51,0.96,0.96,tsoc.org.cy,false,
2022-01-05 18:00:00,Cyprus,Cyprus,CY,914.84,1157.81,1.2,1.2,tsoc.org.cy,false,
2022-01-05 19:00:00,Cyprus,Cyprus,CY,904.68,1145.2,2.3,2.3,tsoc.org.cy,false,
2022-01-05 20:00:00,Cyprus,Cyprus,CY,893.14,1130.94,3.54,3.54,tsoc.org.cy,false,
2022-01-05 21:00:00,Cyprus,Cyprus,CY,899.09,1138.58,2.9,2.9,tsoc.org.cy,false,
2022-01-05 22:00:00,Cyprus,Cyprus,CY,896.23,1135.34,3.21,3.21,tsoc.org.cy,false,
2022-01-05 23:00:00,Cyprus,Cyprus,CY,891.52,1129.81,3.72,3.72,tsoc.org.cy,false,
2022-01-06 00:00:00,Cyprus,Cyprus,CY,894.35,1133.63,3.41,3.41,tsoc.org.cy,false,
2022-01-06 01:00:00,Cyprus,Cyprus,CY,904.77,1146.79,2.29,2.29,tsoc.org.cy,false,
2022-01-06 02:00:00,Cyprus,Cyprus,CY,907.51,1150.26,1.99,1.99,tsoc.org.cy,false,
2022-01-06 03:00:00,Cyprus,Cyprus,CY,909.07,1152.13,1.82,1.82,tsoc.org.cy,false,
2022-01-06 04:00:00,Cyprus,Cyprus,CY,910.55,1153.8,1.66,1.66,tsoc.org.cy,false,
2022-01-06 05:00:00,Cyprus,Cyprus,CY,907.04,1149.36,2.04,2.04,tsoc.org.cy,false,
2022-01-06 06:00:00,Cyprus,Cyprus,CY,847.94,1076.09,8.42,8.42,tsoc.org.cy,false,
2022-01-06 07:00:00,Cyprus,Cyprus,CY,775.13,985.96,16.29,16.29,tsoc.org.cy,false,
2022-01-06 08:00:00,Cyprus,Cyprus,CY,766.75,975.55,17.19,17.19,tsoc.org.cy,false,
2022-01-06 09:00:00,Cyprus,Cyprus,CY,766.54,975.22,17.22,17.22,tsoc.org.cy,false,
2022-01-06 10:00:00,Cyprus,Cyprus,CY,767.54,976.33,17.11,17.11,tsoc.org.cy,false,
2022-01-06 11:00:00,Cyprus,Cyprus,CY,793.25,1008.14,14.33,14.33,tsoc.org.cy,false,
2022-01-06 12:00:00,Cyprus,Cyprus,CY,812.17,1031.59,12.29,12.29,tsoc.org.cy,false,
2022-01-06 13:00:00,Cyprus,Cyprus,CY,853.15,1082.28,7.86,7.86,tsoc.org.cy,false,
2022-01-06 14:00:00,Cyprus,Cyprus,CY,904.45,1145.61,2.32,2.32,tsoc.org.cy,false,
2022-01-06 15:00:00,Cyprus,Cyprus,CY,916.83,1160.69,0.98,0.98,tsoc.org.cy,false,
2022-01-06 16:00:00,Cyprus,Cyprus,CY,742.05,925.26,0.57,0.57,Electricity Maps Estimation,true,ESTIMATED_TIME_SLICER_AVERAGE
2022-01-06 17:00:00,Cyprus,Cyprus,CY,743.47,927.39,0.88,0.88,Electricity Maps Estimation,true,ESTIMATED_TIME_SLICER_AVERAGE
2022-01-06 18:00:00,Cyprus,Cyprus,CY,745.18,929.45,0.58,0.58,Electricity Maps Estimation,true,ESTIMATED_TIME_SLICER_AVERAGE
2022-01-06 19:00:00,Cyprus,Cyprus,CY,741.92,925.05,0.51,0.51,Electricity Maps Estimation,true,ESTIMATED_TIME_SLICER_AVERAGE
2022-01-06 20:00:00,Cyprus,Cyprus,CY,731.95,911.93,0.74,0.74,Electricity Maps Estimation,true,ESTIMATED_TIME_SLICER_AVERAGE
2022-01-06 21:00:00,Cyprus,Cyprus,CY,722.53,899.53,0.95,0.95,Electricity Maps Estimation,true,ESTIMATED_TIME_SLICER_AVERAGE
2022-01-06 22:00:00,Cyprus,Cyprus,CY,824.51,1037.65,1.74,1.74,Electricity Maps Estimation; tsoc.org.cy,false,
2022-01-06 23:00:00,Cyprus,Cyprus,CY,895.05,1134.44,3.34,3.34,tsoc.org.cy,false,
2022-01-07 00:00:00,Cyprus,Cyprus,CY,890.27,1128.7,3.85,3.85,tsoc.org.cy,false,
2022-01-07 01:00:00,Cyprus,Cyprus,CY,882.83,1119.52,4.66,4.66,tsoc.org.cy,false,
2022-01-07 02:00:00,Cyprus,Cyprus,CY,892.75,1131.92,3.59,3.59,tsoc.org.cy,false,
2022-01-07 03:00:00,Cyprus,Cyprus,CY,900.92,1141.95,2.7,2.7,tsoc.org.cy,false,
2022-01-07 04:00:00,Cyprus,Cyprus,CY,908.17,1150.59,1.92,1.92,tsoc.org.cy,false,
2022-01-07 05:00:00,Cyprus,Cyprus,CY,902.83,1143.71,2.5,2.5,tsoc.org.cy,false,
2022-01-07 06:00:00,Cyprus,Cyprus,CY,861.22,1092.02,6.99,6.99,tsoc.org.cy,false,
2022-01-07 07:00:00,Cyprus,Cyprus,CY,771.25,980.71,16.71,16.71,tsoc.org.cy,false,
2022-01-07 08:00:00,Cyprus,Cyprus,CY,673.38,859.8,27.28,27.28,tsoc.org.cy,false,
2022-01-07 09:00:00,Cyprus,Cyprus,CY,635.38,812.88,31.38,31.38,tsoc.org.cy,false,
2022-01-07 10:00:00,Cyprus,Cyprus,CY,629.3,805.37,32.04,32.04,tsoc.org.cy,false,
2022-01-07 11:00:00,Cyprus,Cyprus,CY,655.44,837.66,29.21,29.21,tsoc.org.cy,false,
2022-01-07 12:00:00,Cyprus,Cyprus,CY,701.92,895.15,24.19,24.19,tsoc.org.cy,false,
2022-01-07 13:00:00,Cyprus,Cyprus,CY,796.32,1011.88,14.0,14.0,tsoc.org.cy,false,
2022-01-07 14:00:00,Cyprus,Cyprus,CY,893.69,1132.18,3.48,3.48,tsoc.org.cy,false,
2022-01-07 15:00:00,Cyprus,Cyprus,CY,910.71,1152.89,1.65,1.65,tsoc.org.cy,false,
2022-01-07 16:00:00,Cyprus,Cyprus,CY,908.54,1150.04,1.88,1.88,tsoc.org.cy,false,
2022-01-07 17:00:00,Cyprus,Cyprus,CY,908.28,1149.7,1.91,1.91,tsoc.org.cy,false,
2022-01-07 18:00:00,Cyprus,Cyprus,CY,912.78,1155.4,1.42,1.42,tsoc.org.cy,false,
2022-01-07 19:00:00,Cyprus,Cyprus,CY,902.83,1143.05,2.5,2.5,tsoc.org.cy,false,
2022-01-07 20:00:00,Cyprus,Cyprus,CY,875.09,1108.55,5.49,5.49,tsoc.org.cy,false,
2022-01-07 21:00:00,Cyprus,Cyprus,CY,839.93,1064.81,9.29,9.29,tsoc.org.cy,false,
2022-01-07 22:00:00,Cyprus,Cyprus,CY,827.62,1049.68,10.62,10.62,tsoc.org.cy,false,
2022-01-07 23:00:00,Cyprus,Cyprus,CY,688.48,857.22,4.93,4.93,Electricity Maps Estimation,true,ESTIMATED_TIME_SLICER_AVERAGE
2022-01-08 00:00:00,Cyprus,Cyprus,CY,677.28,842.76,5.56,5.56,Electricity Maps Estimation,true,ESTIMATED_TIME_SLICER_AVERAGE
2022-01-08 01:00:00,Cyprus,Cyprus,CY,670.22,833.46,5.7,5.7,Electricity Maps Estimation,true,ESTIMATED_TIME_SLICER_AVERAGE
2022-01-08 02:00:00,Cyprus,Cyprus,CY,666.88,829.08,5.79,5.79,Electricity Maps Estimation,true,ESTIMATED_TIME_SLICER_AVERAGE
2022-01-08 03:00:00,Cyprus,Cyprus,CY,663.34,824.67,6.19,6.19,Electricity Maps Estimation,true,ESTIMATED_TIME_SLICER_AVERAGE
2022-01-08 04:00:00,Cyprus,Cyprus,CY,666.37,828.76,6.26,6.26,Electricity Maps Estimation,true,ESTIMATED_TIME_SLICER_AVERAGE
2022-01-08 05:00:00,Cyprus,Cyprus,CY,668.22,831.6,6.62,6.62,Electricity Maps Estimation,true,ESTIMATED_TIME_SLICER_AVERAGE
2022-01-08 06:00:00,Cyprus,Cyprus,CY,640.77,798.53,10.51,10.51,Electricity Maps Estimation,true,ESTIMATED_TIME_SLICER_AVERAGE
2022-01-08 07:00:00,Cyprus,Cyprus,CY,607.57,758.0,14.7,14.7,Electricity Maps Estimation,true,ESTIMATED_TIME_SLICER_AVERAGE
2022-01-08 08:00:00,Cyprus,Cyprus,CY,588.13,734.32,17.21,17.21,Electricity Maps Estimation,true,ESTIMATED_TIME_SLICER_AVERAGE
2022-01-08 09:00:00,Cyprus,Cyprus,CY,584.18,729.68,17.9,17.9,Electricity Maps Estimation,true,ESTIMATED_TIME_SLICER_AVERAGE
2022-01-08 10:00:00,Cyprus,Cyprus,CY,590.1,737.03,17.24,17.24,Electricity Maps Estimation,true,ESTIMATED_TIME_SLICER_AVERAGE
2022-01-08 11:00:00,Cyprus,Cyprus,CY,599.61,748.77,16.18,16.18,Electricity Maps Estimation,true,ESTIMATED_TIME_SLICER_AVERAGE
2022-01-08 12:00:00,Cyprus,Cyprus,CY,612.15,763.95,14.53,14.53,Electricity Maps Estimation,true,ESTIMATED_TIME_SLICER_AVERAGE
2022-01-08 13:00:00,Cyprus,Cyprus,CY,639.89,798.13,11.44,11.44,Electricity Maps Estimation,true,ESTIMATED_TIME_SLICER_AVERAGE
2022-01-08 14:00:00,Cyprus,Cyprus,CY,677.96,845.45,7.64,7.64,Electricity Maps Estimation,true,ESTIMATED_TIME_SLICER_AVERAGE
2022-01-08 15:00:00,Cyprus,Cyprus,CY,703.86,878.45,5.89,5.89,Electricity Maps Estimation,true,ESTIMATED_TIME_SLICER_AVERAGE
2022-01-08 16:00:00,Cyprus,Cyprus,CY,716.15,894.42,5.36,5.36,Electricity Maps Estimation,true,ESTIMATED_TIME_SLICER_AVERAGE
2022-01-08 17:00:00,Cyprus,Cyprus,CY,719.52,898.83,5.26,5.26,Electricity Maps Estimation,true,ESTIMATED_TIME_SLICER_AVERAGE
2022-01-08 18:00:00,Cyprus,Cyprus,CY,709.07,885.74,6.33,6.33,Electricity Maps Estimation,true,ESTIMATED_TIME_SLICER_AVERAGE
2022-01-08 19:00:00,Cyprus,Cyprus,CY,702.27,876.8,6.5,6.5,Electricity Maps Estimation,true,ESTIMATED_TIME_SLICER_AVERAGE
2022-01-08 20:00:00,Cyprus,Cyprus,CY,696.31,868.73,6.34,6.34,Electricity Maps Estimation,true,ESTIMATED_TIME_SLICER_AVERAGE
2022-01-08 21:00:00,Cyprus,Cyprus,CY,680.5,848.28,7.14,7.14,Electricity Maps Estimation,true,ESTIMATED_TIME_SLICER_AVERAGE
2022-01-08 22:00:00,Cyprus,Cyprus,CY,641.42,797.5,8.86,8.86,Electricity Maps Estimation,true,ESTIMATED_TIME_SLICER_AVERAGE
2022-01-08 23:00:00,Cyprus,Cyprus,CY,624.28,774.85,9.1,9.1,Electricity Maps Estimation,true,ESTIMATED_TIME_SLICER_AVERAGE
2022-01-09 00:00:00,Cyprus,Cyprus,CY,634.57,787.36,7.55,7.55,Electricity Maps Estimation,true,ESTIMATED_TIME_SLICER_AVERAGE
2022-01-09 01:00:00,Cyprus,Cyprus,CY,625.22,775.07,7.77,7.77,Electricity Maps Estimation,true,ESTIMATED_TIME_SLICER_AVERAGE
2022-01-09 02:00:00,Cyprus,Cyprus,CY,620.82,769.31,7.9,7.9,Electricity Maps Estimation,true,ESTIMATED_TIME_SLICER_AVERAGE
2022-01-09 03:00:00,Cyprus,Cyprus,CY,616.86,764.37,8.35,8.35,Electricity Maps Estimation,true,ESTIMATED_TIME_SLICER_AVERAGE
2022-01-09 04:00:00,Cyprus,Cyprus,CY,621.21,770.2,8.39,8.39,Electricity Maps Estimation,true,ESTIMATED_TIME_SLICER_AVERAGE
2022-01-09 05:00:00,Cyprus,Cyprus,CY,624.59,775.08,8.73,8.73,Electricity Maps Estimation,true,ESTIMATED_TIME_SLICER_AVERAGE
2022-01-09 06:00:00,Cyprus,Cyprus,CY,596.06,740.89,12.97,12.97,Electricity Maps Estimation,true,ESTIMATED_TIME_SLICER_AVERAGE
2022-01-09 07:00:00,Cyprus,Cyprus,CY,560.6,697.71,17.55,17.55,Electricity Maps Estimation,true,ESTIMATED_TIME_SLICER_AVERAGE
2022-01-09 08:00:00,Cyprus,Cyprus,CY,540.09,672.8,20.27,20.27,Electricity Maps Estimation,true,ESTIMATED_TIME_SLICER_AVERAGE
2022-01-09 09:00:00,Cyprus,Cyprus,CY,536.44,668.6,20.99,20.99,Electricity Maps Estimation,true,ESTIMATED_TIME_SLICER_AVERAGE
2022-01-09 10:00:00,Cyprus,Cyprus,CY,542.96,676.67,20.26,20.26,Electricity Maps Estimation,true,ESTIMATED_TIME_SLICER_AVERAGE
2022-01-09 11:00:00,Cyprus,Cyprus,CY,553.39,689.56,19.09,19.09,Electricity Maps Estimation,true,ESTIMATED_TIME_SLICER_AVERAGE
2022-01-09 12:00:00,Cyprus,Cyprus,CY,566.55,705.44,17.31,17.31,Electricity Maps Estimation,true,ESTIMATED_TIME_SLICER_AVERAGE
2022-01-09 13:00:00,Cyprus,Cyprus,CY,597.13,743.1,13.89,13.89,Electricity Maps Estimation,true,ESTIMATED_TIME_SLICER_AVERAGE
2022-01-09 14:00:00,Cyprus,Cyprus,CY,640.12,796.56,9.63,9.63,Electricity Maps Estimation,true,ESTIMATED_TIME_SLICER_AVERAGE
2022-01-09 15:00:00,Cyprus,Cyprus,CY,670.97,835.91,7.58,7.58,Electricity Maps Estimation,true,ESTIMATED_TIME_SLICER_AVERAGE
2022-01-09 16:00:00,Cyprus,Cyprus,CY,686.04,855.49,6.92,6.92,Electricity Maps Estimation,true,ESTIMATED_TIME_SLICER_AVERAGE
2022-01-09 17:00:00,Cyprus,Cyprus,CY,690.24,860.98,6.78,6.78,Electricity Maps Estimation,true,ESTIMATED_TIME_SLICER_AVERAGE
2022-01-09 18:00:00,Cyprus,Cyprus,CY,678.69,846.5,7.97,7.97,Electricity Maps Estimation,true,ESTIMATED_TIME_SLICER_AVERAGE
2022-01-09 19:00:00,Cyprus,Cyprus,CY,670.1,835.23,8.21,8.21,Electricity Maps Estimation,true,ESTIMATED_TIME_SLICER_AVERAGE
2022-01-09 20:00:00,Cyprus,Cyprus,CY,661.9,824.23,8.12,8.12,Electricity Maps Estimation,true,ESTIMATED_TIME_SLICER_AVERAGE
2022-01-09 21:00:00,Cyprus,Cyprus,CY,642.46,799.09,9.11,9.11,Electricity Maps Estimation,true,ESTIMATED_TIME_SLICER_AVERAGE
2022-01-09 22:00:00,Cyprus,Cyprus,CY,728.76,926.32,21.3,21.3,tsoc.org.cy,false,
2022-01-09 23:00:00,Cyprus,Cyprus,CY,645.38,822.47,30.3,30.3,tsoc.org.cy,false,
2022-01-10 00:00:00,Cyprus,Cyprus,CY,673.2,857.6,27.3,27.3,tsoc.org.cy,false,
2022-01-10 01:00:00,Cyprus,Cyprus,CY,700.77,892.06,24.32,24.32,tsoc.org.cy,false,
2022-01-10 02:00:00,Cyprus,Cyprus,CY,709.35,902.79,23.39,23.39,tsoc.org.cy,false,
2022-01-10 03:00:00,Cyprus,Cyprus,CY,729.79,928.13,21.18,21.18,tsoc.org.cy,false,
2022-01-10 04:00:00,Cyprus,Cyprus,CY,730.02,927.86,21.16,21.16,tsoc.org.cy,false,
2022-01-10 05:00:00,Cyprus,Cyprus,CY,765.9,972.38,17.28,17.28,tsoc.org.cy,false,
2022-01-10 06:00:00,Cyprus,Cyprus,CY,798.67,1013.25,13.75,13.75,tsoc.org.cy,false,
2022-01-10 07:00:00,Cyprus,Cyprus,CY,793.38,1006.7,14.32,14.32,tsoc.org.cy,false,
2022-01-10 08:00:00,Cyprus,Cyprus,CY,816.5,1035.61,11.82,11.82,tsoc.org.cy,false,
2022-01-10 09:00:00,Cyprus,Cyprus,CY,826.76,1048.44,10.71,10.71,tsoc.org.cy,false,
2022-01-10 10:00:00,Cyprus,Cyprus,CY,839.28,1063.86,9.36,9.36,tsoc.org.cy,false,
2022-01-10 11:00:00,Cyprus,Cyprus,CY,810.32,1028.02,12.49,12.49,tsoc.org.cy,false,
2022-01-10 12:00:00,Cyprus,Cyprus,CY,789.21,1002.1,14.77,14.77,tsoc.org.cy,false,
2022-01-10 13:00:00,Cyprus,Cyprus,CY,838.65,1063.05,9.43,9.43,tsoc.org.cy,false,
2022-01-10 14:00:00,Cyprus,Cyprus,CY,881.4,1116.14,4.81,4.81,tsoc.org.cy,false,
2022-01-10 15:00:00,Cyprus,Cyprus,CY,887.64,1123.74,4.14,4.14,tsoc.org.cy,false,
2022-01-10 16:00:00,Cyprus,Cyprus,CY,885.77,1121.32,4.34,4.34,tsoc.org.cy,false,
2022-01-10 17:00:00,Cyprus,Cyprus,CY,824.65,1044.94,10.94,10.94,tsoc.org.cy,false,
2022-01-10 18:00:00,Cyprus,Cyprus,CY,875.91,1109.09,5.4,5.4,tsoc.org.cy,false,
2022-01-10 19:00:00,Cyprus,Cyprus,CY,864.52,1094.97,6.63,6.63,tsoc.org.cy,false,
2022-01-10 20:00:00,Cyprus,Cyprus,CY,809.89,1026.92,12.53,12.53,tsoc.org.cy,false,
2022-01-10 21:00:00,Cyprus,Cyprus,CY,791.3,1003.93,14.54,14.54,tsoc.org.cy,false,
2022-01-10 22:00:00,Cyprus,Cyprus,CY,777.59,987.23,16.02,16.02,tsoc.org.cy,false,
2022-01-10 23:00:00,Cyprus,Cyprus,CY,733.28,932.28,20.81,20.81,tsoc.org.cy,false,
2022-01-11 00:00:00,Cyprus,Cyprus,CY,745.79,948.22,19.46,19.46,tsoc.org.cy,false,
2022-01-11 01:00:00,Cyprus,Cyprus,CY,770.36,979.04,16.8,16.8,tsoc.org.cy,false,
2022-01-11 02:00:00,Cyprus,Cyprus,CY,772.99,982.33,16.52,16.52,tsoc.org.cy,false,
2022-01-11 03:00:00,Cyprus,Cyprus,CY,753.08,957.26,18.67,18.67,tsoc.org.cy,false,
2022-01-11 04:00:00,Cyprus,Cyprus,CY,833.11,1056.7,10.03,10.03,tsoc.org.cy,false,
2022-01-11 05:00:00,Cyprus,Cyprus,CY,773.33,981.72,16.48,16.48,tsoc.org.cy,false,
2022-01-11 06:00:00,Cyprus,Cyprus,CY,772.38,980.73,16.59,16.59,tsoc.org.cy,false,
2022-01-11 07:00:00,Cyprus,Cyprus,CY,755.04,959.26,18.46,18.46,tsoc.org.cy,false,
2022-01-11 08:00:00,Cyprus,Cyprus,CY,735.32,934.72,20.59,20.59,tsoc.org.cy,false,
2022-01-11 09:00:00,Cyprus,Cyprus,CY,718.83,914.21,22.37,22.37,tsoc.org.cy,false,
2022-01-11 10:00:00,Cyprus,Cyprus,CY,698.39,888.7,24.58,24.58,tsoc.org.cy,false,
2022-01-11 11:00:00,Cyprus,Cyprus,CY,706.77,899.12,23.67,23.67,tsoc.org.cy,false,
2022-01-11 12:00:00,Cyprus,Cyprus,CY,714.34,908.44,22.85,22.85,tsoc.org.cy,false,
2022-01-11 13:00:00,Cyprus,Cyprus,CY,743.35,944.3,19.72,19.72,tsoc.org.cy,false,
2022-01-11 14:00:00,Cyprus,Cyprus,CY,791.72,1004.2,14.5,14.5,tsoc.org.cy,false,
2022-01-11 15:00:00,Cyprus,Cyprus,CY,816.25,1034.55,11.85,11.85,tsoc.org.cy,false,
2022-01-11 16:00:00,Cyprus,Cyprus,CY,825.32,1045.79,10.87,10.87,tsoc.org.cy,false,
2022-01-11 17:00:00,Cyprus,Cyprus,CY,822.18,1041.86,11.21,11.21,tsoc.org.cy,false,
2022-01-11 18:00:00,Cyprus,Cyprus,CY,819.41,1038.47,11.51,11.51,tsoc.org.cy,false,
2022-01-11 19:00:00,Cyprus,Cyprus,CY,800.73,1015.25,13.52,13.52,tsoc.org.cy,false,
2022-01-11 20:00:00,Cyprus,Cyprus,CY,760.94,965.76,17.82,17.82,tsoc.org.cy,false,
2022-01-11 21:00:00,Cyprus,Cyprus,CY,734.22,932.61,20.71,20.71,tsoc.org.cy,false,
2022-01-11 22:00:00,Cyprus,Cyprus,CY,703.86,895.07,23.99,23.99,tsoc.org.cy,false,
2022-01-11 23:00:00,Cyprus,Cyprus,CY,699.46,889.99,24.46,24.46,tsoc.org.cy,false,
2022-01-12 00:00:00,Cyprus,Cyprus,CY,674.02,858.48,27.21,27.21,tsoc.org.cy,false,
2022-01-12 01:00:00,Cyprus,Cyprus,CY,689.28,877.68,25.56,25.56,tsoc.org.cy,false,
2022-01-12 02:00:00,Cyprus,Cyprus,CY,685.24,872.61,26.0,26.0,tsoc.org.cy,false,
2022-01-12 03:00:00,Cyprus,Cyprus,CY,687.45,875.14,25.76,25.76,tsoc.org.cy,false,
2022-01-12 04:00:00,Cyprus,Cyprus,CY,719.97,915.26,22.25,22.25,tsoc.org.cy,false,
2022-01-12 05:00:00,Cyprus,Cyprus,CY,776.87,986.04,16.1,16.1,tsoc.org.cy,false,
2022-01-12 06:00:00,Cyprus,Cyprus,CY,773.8,982.36,16.43,16.43,tsoc.org.cy,false,
2022-01-12 07:00:00,Cyprus,Cyprus,CY,755.04,959.14,18.46,18.46,tsoc.org.cy,false,
2022-01-12 08:00:00,Cyprus,Cyprus,CY,740.48,941.21,20.03,20.03,tsoc.org.cy,false,
2022-01-12 09:00:00,Cyprus,Cyprus,CY,707.27,899.86,23.62,23.62,tsoc.org.cy,false,
2022-01-12 10:00:00,Cyprus,Cyprus,CY,713.16,907.06,22.98,22.98,tsoc.org.cy,false,
2022-01-12 11:00:00,Cyprus,Cyprus,CY,739.39,939.67,20.15,20.15,tsoc.org.cy,false,
2022-01-12 12:00:00,Cyprus,Cyprus,CY,756.69,961.02,18.28,18.28,tsoc.org.cy,false,
2022-01-12 13:00:00,Cyprus,Cyprus,CY,771.45,979.09,16.69,16.69,tsoc.org.cy,false,
2022-01-12 14:00:00,Cyprus,Cyprus,CY,833.39,1056.23,10.0,10.0,tsoc.org.cy,false,
2022-01-12 15:00:00,Cyprus,Cyprus,CY,866.0,1096.72,6.47,6.47,tsoc.org.cy,false,
2022-01-12 16:00:00,Cyprus,Cyprus,CY,888.2,1124.36,4.08,4.08,tsoc.org.cy,false,
2022-01-12 17:00:00,Cyprus,Cyprus,CY,889.2,1125.62,3.97,3.97,tsoc.org.cy,false,
2022-01-12 18:00:00,Cyprus,Cyprus,CY,877.99,1111.69,5.18,5.18,tsoc.org.cy,false,
2022-01-12 19:00:00,Cyprus,Cyprus,CY,892.87,1130.43,3.57,3.57,tsoc.org.cy,false,
2022-01-12 20:00:00,Cyprus,Cyprus,CY,897.62,1136.58,3.06,3.06,tsoc.org.cy,false,
2022-01-12 21:00:00,Cyprus,Cyprus,CY,894.42,1132.84,3.41,3.41,tsoc.org.cy,false,
2022-01-12 22:00:00,Cyprus,Cyprus,CY,892.03,1130.29,3.66,3.66,tsoc.org.cy,false,
2022-01-12 23:00:00,Cyprus,Cyprus,CY,897.76,1137.83,3.04,3.04,tsoc.org.cy,false,
2022-01-13 00:00:00,Cyprus,Cyprus,CY,879.74,1115.58,4.99,4.99,tsoc.org.cy,false,
2022-01-13 01:00:00,Cyprus,Cyprus,CY,863.14,1094.95,6.78,6.78,tsoc.org.cy,false,
2022-01-13 02:00:00,Cyprus,Cyprus,CY,858.88,1089.62,7.24,7.24,tsoc.org.cy,false,
2022-01-13 03:00:00,Cyprus,Cyprus,CY,875.54,1110.21,5.44,5.44,tsoc.org.cy,false,
2022-01-13 04:00:00,Cyprus,Cyprus,CY,904.75,1146.17,2.29,2.29,tsoc.org.cy,false,
2022-01-13 05:00:00,Cyprus,Cyprus,CY,906.95,1148.6,2.05,2.05,tsoc.org.cy,false,
2022-01-13 06:00:00,Cyprus,Cyprus,CY,856.8,1086.38,7.47,7.47,tsoc.org.cy,false,
2022-01-13 07:00:00,Cyprus,Cyprus,CY,750.24,954.63,18.98,18.98,tsoc.org.cy,false,
2022-01-13 08:00:00,Cyprus,Cyprus,CY,706.7,900.79,23.68,23.68,tsoc.org.cy,false,
2022-01-13 09:00:00,Cyprus,Cyprus,CY,721.66,919.14,22.06,22.06,tsoc.org.cy,false,
2022-01-13 10:00:00,Cyprus,Cyprus,CY,743.27,945.59,19.73,19.73,tsoc.org.cy,false,
2022-01-13 11:00:00,Cyprus,Cyprus,CY,794.61,1009.1,14.18,14.18,tsoc.org.cy,false,
2022-01-13 12:00:00,Cyprus,Cyprus,CY,772.59,981.8,16.56,16.56,tsoc.org.cy,false,
2022-01-13 13:00:00,Cyprus,Cyprus,CY,833.25,1056.83,10.01,10.01,tsoc.org.cy,false,
2022-01-13 14:00:00,Cyprus,Cyprus,CY,874.36,1107.48,5.57,5.57,tsoc.org.cy,false,
2022-01-13 15:00:00,Cyprus,Cyprus,CY,886.34,1122.16,4.28,4.28,tsoc.org.cy,false,
2022-01-13 16:00:00,Cyprus,Cyprus,CY,887.48,1123.47,4.16,4.16,tsoc.org.cy,false,
2022-01-13 17:00:00,Cyprus,Cyprus,CY,806.86,1022.7,12.86,12.86,tsoc.org.cy,false,
2022-01-13 18:00:00,Cyprus,Cyprus,CY,827.9,1049.07,10.59,10.59,tsoc.org.cy,false,
2022-01-13 19:00:00,Cyprus,Cyprus,CY,836.02,1059.34,9.71,9.71,tsoc.org.cy,false,
2022-01-13 20:00:00,Cyprus,Cyprus,CY,824.33,1044.93,10.98,10.98,tsoc.org.cy,false,
2022-01-13 21:00:00,Cyprus,Cyprus,CY,813.15,1031.2,12.18,12.18,tsoc.org.cy,false,
2022-01-13 22:00:00,Cyprus,Cyprus,CY,798.14,1012.83,13.8,13.8,tsoc.org.cy,false,
2022-01-13 23:00:00,Cyprus,Cyprus,CY,780.86,991.57,15.67,15.67,tsoc.org.cy,false,
2022-01-14 00:00:00,Cyprus,Cyprus,CY,739.62,940.26,20.12,20.12,tsoc.org.cy,false,
2022-01-14 01:00:00,Cyprus,Cyprus,CY,744.75,946.77,19.57,19.57,tsoc.org.cy,false,
2022-01-14 02:00:00,Cyprus,Cyprus,CY,771.91,980.69,16.64,16.64,tsoc.org.cy,false,
2022-01-14 03:00:00,Cyprus,Cyprus,CY,781.7,992.72,15.58,15.58,tsoc.org.cy,false,
2022-01-14 04:00:00,Cyprus,Cyprus,CY,805.47,1021.94,13.01,13.01,tsoc.org.cy,false,
2022-01-14 05:00:00,Cyprus,Cyprus,CY,805.04,1021.22,13.06,13.06,tsoc.org.cy,false,
2022-01-14 06:00:00,Cyprus,Cyprus,CY,763.5,970.29,17.54,17.54,tsoc.org.cy,false,
2022-01-14 07:00:00,Cyprus,Cyprus,CY,698.69,890.57,24.54,24.54,tsoc.org.cy,false,
2022-01-14 08:00:00,Cyprus,Cyprus,CY,642.17,820.83,30.65,30.65,tsoc.org.cy,false,
2022-01-14 09:00:00,Cyprus,Cyprus,CY,625.85,800.75,32.41,32.41,tsoc.org.cy,false,
2022-01-14 10:00:00,Cyprus,Cyprus,CY,643.65,822.87,30.49,30.49,tsoc.org.cy,false,
2022-01-14 11:00:00,Cyprus,Cyprus,CY,665.96,850.49,28.08,28.08,tsoc.org.cy,false,
2022-01-14 12:00:00,Cyprus,Cyprus,CY,704.63,898.23,23.9,23.9,tsoc.org.cy,false,
2022-01-14 13:00:00,Cyprus,Cyprus,CY,825.3,1047.28,10.87,10.87,tsoc.org.cy,false,
2022-01-14 14:00:00,Cyprus,Cyprus,CY,887.67,1124.34,4.13,4.13,tsoc.org.cy,false,
2022-01-14 15:00:00,Cyprus,Cyprus,CY,913.7,1156.41,1.32,1.32,tsoc.org.cy,false,
2022-01-14 16:00:00,Cyprus,Cyprus,CY,918.65,1162.47,0.79,0.79,tsoc.org.cy,false,
2022-01-14 17:00:00,Cyprus,Cyprus,CY,918.97,1162.87,0.75,0.75,tsoc.org.cy,false,
2022-01-14 18:00:00,Cyprus,Cyprus,CY,918.12,1161.86,0.85,0.85,tsoc.org.cy,false,
2022-01-14 19:00:00,Cyprus,Cyprus,CY,907.76,1149.01,1.96,1.96,tsoc.org.cy,false,
2022-01-14 20:00:00,Cyprus,Cyprus,CY,898.79,1137.96,2.93,2.93,tsoc.org.cy,false,
2022-01-14 21:00:00,Cyprus,Cyprus,CY,897.35,1136.35,3.09,3.09,tsoc.org.cy,false,
2022-01-14 22:00:00,Cyprus,Cyprus,CY,882.07,1117.57,4.74,4.74,tsoc.org.cy,false,
2022-01-14 23:00:00,Cyprus,Cyprus,CY,877.58,1112.31,5.22,5.22,tsoc.org.cy,false,
2022-01-15 00:00:00,Cyprus,Cyprus,CY,877.84,1112.87,5.2,5.2,tsoc.org.cy,false,
2022-01-15 01:00:00,Cyprus,Cyprus,CY,863.73,1095.37,6.72,6.72,tsoc.org.cy,false,
2022-01-15 02:00:00,Cyprus,Cyprus,CY,834.44,1058.8,9.88,9.88,tsoc.org.cy,false,
2022-01-15 03:00:00,Cyprus,Cyprus,CY,814.1,1033.29,12.08,12.08,tsoc.org.cy,false,
2022-01-15 04:00:00,Cyprus,Cyprus,CY,803.56,1019.88,13.22,13.22,tsoc.org.cy,false,
2022-01-15 05:00:00,Cyprus,Cyprus,CY,801.13,1016.86,13.48,13.48,tsoc.org.cy,false,
2022-01-15 06:00:00,Cyprus,Cyprus,CY,751.94,956.37,18.79,18.79,tsoc.org.cy,false,
2022-01-15 07:00:00,Cyprus,Cyprus,CY,659.91,842.69,28.73,28.73,tsoc.org.cy,false,
2022-01-15 08:00:00,Cyprus,Cyprus,CY,592.91,759.32,35.97,35.97,tsoc.org.cy,false,
2022-01-15 09:00:00,Cyprus,Cyprus,CY,627.8,802.29,32.2,32.2,tsoc.org.cy,false,
2022-01-15 10:00:00,Cyprus,Cyprus,CY,664.79,848.04,28.2,28.2,tsoc.org.cy,false,
2022-01-15 11:00:00,Cyprus,Cyprus,CY,641.57,819.42,30.71,30.71,tsoc.org.cy,false,
2022-01-15 12:00:00,Cyprus,Cyprus,CY,652.09,832.31,29.58,29.58,tsoc.org.cy,false,
2022-01-15 13:00:00,Cyprus,Cyprus,CY,738.53,939.47,20.24,20.24,tsoc.org.cy,false,
2022-01-15 14:00:00,Cyprus,Cyprus,CY,832.49,1055.73,10.09,10.09,tsoc.org.cy,false,
2022-01-15 15:00:00,Cyprus,Cyprus,CY,848.01,1074.41,8.42,8.42,tsoc.org.cy,false,
2022-01-15 16:00:00,Cyprus,Cyprus,CY,873.01,1105.49,5.72,5.72,tsoc.org.cy,false,
2022-01-15 17:00:00,Cyprus,Cyprus,CY,852.25,1079.52,7.96,7.96,tsoc.org.cy,false,
2022-01-15 18:00:00,Cyprus,Cyprus,CY,836.22,1059.56,9.69,9.69,tsoc.org.cy,false,
2022-01-15 19:00:00,Cyprus,Cyprus,CY,838.95,1063.05,9.4,9.4,tsoc.org.cy,false,
2022-01-15 20:00:00,Cyprus,Cyprus,CY,842.0,1066.99,9.07,9.07,tsoc.org.cy,false,
2022-01-15 21:00:00,Cyprus,Cyprus,CY,815.59,1034.14,11.92,11.92,tsoc.org.cy,false,
2022-01-15 22:00:00,Cyprus,Cyprus,CY,773.7,982.08,16.44,16.44,tsoc.org.cy,false,
2022-01-15 23:00:00,Cyprus,Cyprus,CY,789.33,1001.96,14.75,14.75,tsoc.org.cy,false,
2022-01-16 00:00:00,Cyprus,Cyprus,CY,717.02,911.84,22.56,22.56,tsoc.org.cy,false,
2022-01-16 01:00:00,Cyprus,Cyprus,CY,735.79,935.46,20.54,20.54,tsoc.org.cy,false,
2022-01-16 02:00:00,Cyprus,Cyprus,CY,731.37,929.98,21.01,21.01,tsoc.org.cy,false,
2022-01-16 03:00:00,Cyprus,Cyprus,CY,696.99,886.95,24.73,24.73,tsoc.org.cy,false,
2022-01-16 04:00:00,Cyprus,Cyprus,CY,722.78,919.01,21.94,21.94,tsoc.org.cy,false,
2022-01-16 05:00:00,Cyprus,Cyprus,CY,747.52,949.88,19.27,19.27,tsoc.org.cy,false,
2022-01-16 06:00:00,Cyprus,Cyprus,CY,649.47,828.03,29.86,29.86,tsoc.org.cy,false,
2022-01-16 07:00:00,Cyprus,Cyprus,CY,532.71,683.33,42.47,42.47,tsoc.org.cy,false,
2022-01-16 08:00:00,Cyprus,Cyprus,CY,493.79,635.11,46.67,46.67,tsoc.org.cy,false,
2022-01-16 09:00:00,Cyprus,Cyprus,CY,474.81,612.0,48.72,48.72,tsoc.org.cy,false,
2022-01-16 10:00:00,Cyprus,Cyprus,CY,515.88,663.53,44.29,44.29,tsoc.org.cy,false,
2022-01-16 11:00:00,Cyprus,Cyprus,CY,540.7,694.35,41.61,41.61,tsoc.org.cy,false,
2022-01-16 12:00:00,Cyprus,Cyprus,CY,517.43,665.19,44.12,44.12,tsoc.org.cy,false,
2022-01-16 13:00:00,Cyprus,Cyprus,CY,597.21,763.64,35.5,35.5,tsoc.org.cy,false,
2022-01-16 14:00:00,Cyprus,Cyprus,CY,733.96,932.74,20.73,20.73,tsoc.org.cy,false,
2022-01-16 15:00:00,Cyprus,Cyprus,CY,777.41,986.12,16.04,16.04,tsoc.org.cy,false,
2022-01-16 16:00:00,Cyprus,Cyprus,CY,815.26,1033.23,11.95,11.95,tsoc.org.cy,false,
2022-01-16 17:00:00,Cyprus,Cyprus,CY,809.78,1026.34,12.55,12.55,tsoc.org.cy,false,
2022-01-16 18:00:00,Cyprus,Cyprus,CY,779.69,988.76,15.8,15.8,tsoc.org.cy,false,
2022-01-16 19:00:00,Cyprus,Cyprus,CY,789.98,1001.7,14.68,14.68,tsoc.org.cy,false,
2022-01-16 20:00:00,Cyprus,Cyprus,CY,829.37,1051.06,10.43,10.43,tsoc.org.cy,false,
2022-01-16 21:00:00,Cyprus,Cyprus,CY,832.25,1054.84,10.12,10.12,tsoc.org.cy,false,
2022-01-16 22:00:00,Cyprus,Cyprus,CY,838.84,1063.46,9.41,9.41,tsoc.org.cy,false,
2022-01-16 23:00:00,Cyprus,Cyprus,CY,883.86,1120.07,4.55,4.55,tsoc.org.cy,false,
2022-01-17 00:00:00,Cyprus,Cyprus,CY,873.23,1107.0,5.69,5.69,tsoc.org.cy,false,
2022-01-17 01:00:00,Cyprus,Cyprus,CY,883.22,1119.59,4.61,4.61,tsoc.org.cy,false,
2022-01-17 02:00:00,Cyprus,Cyprus,CY,882.22,1118.33,4.72,4.72,tsoc.org.cy,false,
2022-01-17 03:00:00,Cyprus,Cyprus,CY,870.02,1102.9,6.04,6.04,tsoc.org.cy,false,
2022-01-17 04:00:00,Cyprus,Cyprus,CY,888.58,1125.6,4.04,4.04,tsoc.org.cy,false,
2022-01-17 05:00:00,Cyprus,Cyprus,CY,889.08,1126.06,3.98,3.98,tsoc.org.cy,false,
2022-01-17 06:00:00,Cyprus,Cyprus,CY,821.91,1042.99,11.24,11.24,tsoc.org.cy,false,
2022-01-17 07:00:00,Cyprus,Cyprus,CY,736.1,936.96,20.5,20.5,tsoc.org.cy,false,
2022-01-17 08:00:00,Cyprus,Cyprus,CY,678.28,865.55,26.75,26.75,tsoc.org.cy,false,
2022-01-17 09:00:00,Cyprus,Cyprus,CY,656.45,838.59,29.11,29.11,tsoc.org.cy,false,
2022-01-17 10:00:00,Cyprus,Cyprus,CY,651.38,832.32,29.65,29.65,tsoc.org.cy,false,
2022-01-17 11:00:00,Cyprus,Cyprus,CY,654.21,835.71,29.35,29.35,tsoc.org.cy,false,
2022-01-17 12:00:00,Cyprus,Cyprus,CY,682.3,870.26,26.31,26.31,tsoc.org.cy,false,
2022-01-17 13:00:00,Cyprus,Cyprus,CY,739.65,940.87,20.12,20.12,tsoc.org.cy,false,
2022-01-17 14:00:00,Cyprus,Cyprus,CY,843.63,1069.38,8.89,8.89,tsoc.org.cy,false,
2022-01-17 15:00:00,Cyprus,Cyprus,CY,900.91,1140.25,2.7,2.7,tsoc.org.cy,false,
2022-01-17 16:00:00,Cyprus,Cyprus,CY,913.78,1156.2,1.31,1.31,tsoc.org.cy,false,
2022-01-17 17:00:00,Cyprus,Cyprus,CY,916.24,1159.25,1.05,1.05,tsoc.org.cy,false,
2022-01-17 18:00:00,Cyprus,Cyprus,CY,915.46,1158.32,1.13,1.13,tsoc.org.cy,false,
2022-01-17 19:00:00,Cyprus,Cyprus,CY,914.85,1157.64,1.2,1.2,tsoc.org.cy,false,
2022-01-17 20:00:00,Cyprus,Cyprus,CY,907.22,1148.27,2.02,2.02,tsoc.org.cy,false,
2022-01-17 21:00:00,Cyprus,Cyprus,CY,900.2,1139.7,2.78,2.78,tsoc.org.cy,false,
2022-01-17 22:00:00,Cyprus,Cyprus,CY,887.13,1123.73,4.19,4.19,tsoc.org.cy,false,
2022-01-17 23:00:00,Cyprus,Cyprus,CY,844.12,1070.33,8.84,8.84,tsoc.org.cy,false,
2022-01-18 00:00:00,Cyprus,Cyprus,CY,821.47,1042.25,11.28,11.28,tsoc.org.cy,false,
2022-01-18 01:00:00,Cyprus,Cyprus,CY,811.07,1029.38,12.41,12.41,tsoc.org.cy,false,
2022-01-18 02:00:00,Cyprus,Cyprus,CY,838.17,1063.25,9.48,9.48,tsoc.org.cy,false,
2022-01-18 03:00:00,Cyprus,Cyprus,CY,834.01,1057.88,9.93,9.93,tsoc.org.cy,false,
2022-01-18 04:00:00,Cyprus,Cyprus,CY,855.53,1084.29,7.61,7.61,tsoc.org.cy,false,
2022-01-18 05:00:00,Cyprus,Cyprus,CY,864.6,1095.39,6.63,6.63,tsoc.org.cy,false,
2022-01-18 06:00:00,Cyprus,Cyprus,CY,798.0,1012.69,13.82,13.82,tsoc.org.cy,false,
2022-01-18 07:00:00,Cyprus,Cyprus,CY,747.78,950.33,19.24,19.24,tsoc.org.cy,false,
2022-01-18 08:00:00,Cyprus,Cyprus,CY,715.17,909.44,22.76,22.76,tsoc.org.cy,false,
2022-01-18 09:00:00,Cyprus,Cyprus,CY,673.23,857.17,27.29,27.29,tsoc.org.cy,false,
2022-01-18 10:00:00,Cyprus,Cyprus,CY,704.24,895.5,23.94,23.94,tsoc.org.cy,false,
2022-01-18 11:00:00,Cyprus,Cyprus,CY,744.68,945.38,19.58,19.58,tsoc.org.cy,false,
2022-01-18 12:00:00,Cyprus,Cyprus,CY,736.23,934.9,20.49,20.49,tsoc.org.cy,false,
2022-01-18 13:00:00,Cyprus,Cyprus,CY,749.68,951.48,19.04,19.04,tsoc.org.cy,false,
2022-01-18 14:00:00,Cyprus,Cyprus,CY,779.31,988.22,15.84,15.84,tsoc.org.cy,false,
2022-01-18 15:00:00,Cyprus,Cyprus,CY,808.83,1024.97,12.65,12.65,tsoc.org.cy,false,
2022-01-18 16:00:00,Cyprus,Cyprus,CY,815.74,1033.56,11.9,11.9,tsoc.org.cy,false,
2022-01-18 17:00:00,Cyprus,Cyprus,CY,819.33,1038.06,11.52,11.52,tsoc.org.cy,false,
2022-01-18 18:00:00,Cyprus,Cyprus,CY,808.73,1024.89,12.66,12.66,tsoc.org.cy,false,
2022-01-18 19:00:00,Cyprus,Cyprus,CY,798.96,1012.78,13.71,13.71,tsoc.org.cy,false,
2022-01-18 20:00:00,Cyprus,Cyprus,CY,773.68,981.37,16.44,16.44,tsoc.org.cy,false,
2022-01-18 21:00:00,Cyprus,Cyprus,CY,769.63,976.5,16.88,16.88,tsoc.org.cy,false,
2022-01-18 22:00:00,Cyprus,Cyprus,CY,737.04,936.11,20.4,20.4,tsoc.org.cy,false,
2022-01-18 23:00:00,Cyprus,Cyprus,CY,755.74,959.82,18.38,18.38,tsoc.org.cy,false,
2022-01-19 00:00:00,Cyprus,Cyprus,CY,772.71,981.25,16.55,16.55,tsoc.org.cy,false,
2022-01-19 01:00:00,Cyprus,Cyprus,CY,775.66,985.0,16.23,16.23,tsoc.org.cy,false,
2022-01-19 02:00:00,Cyprus,Cyprus,CY,773.58,982.39,16.45,16.45,tsoc.org.cy,false,
2022-01-19 03:00:00,Cyprus,Cyprus,CY,768.58,975.96,17.0,17.0,tsoc.org.cy,false,
2022-01-19 04:00:00,Cyprus,Cyprus,CY,780.99,991.03,15.65,15.65,tsoc.org.cy,false,
2022-01-19 05:00:00,Cyprus,Cyprus,CY,785.16,995.99,15.21,15.21,tsoc.org.cy,false,
2022-01-19 06:00:00,Cyprus,Cyprus,CY,794.27,1007.64,14.22,14.22,tsoc.org.cy,false,
2022-01-19 07:00:00,Cyprus,Cyprus,CY,748.37,951.02,19.18,19.18,tsoc.org.cy,false,
2022-01-19 08:00:00,Cyprus,Cyprus,CY,688.81,877.22,25.61,25.61,tsoc.org.cy,false,
2022-01-19 09:00:00,Cyprus,Cyprus,CY,630.47,804.91,31.91,31.91,tsoc.org.cy,false,
2022-01-19 10:00:00,Cyprus,Cyprus,CY,632.65,807.62,31.68,31.68,tsoc.org.cy,false,
2022-01-19 11:00:00,Cyprus,Cyprus,CY,651.82,831.18,29.61,29.61,tsoc.org.cy,false,
2022-01-19 12:00:00,Cyprus,Cyprus,CY,694.39,883.87,25.01,25.01,tsoc.org.cy,false,
2022-01-19 13:00:00,Cyprus,Cyprus,CY,767.61,974.57,17.1,17.1,tsoc.org.cy,false,
2022-01-19 14:00:00,Cyprus,Cyprus,CY,792.27,1004.6,14.44,14.44,tsoc.org.cy,false,
2022-01-19 15:00:00,Cyprus,Cyprus,CY,829.04,1050.18,10.47,10.47,tsoc.org.cy,false,
2022-01-19 16:00:00,Cyprus,Cyprus,CY,856.16,1083.99,7.54,7.54,tsoc.org.cy,false,
2022-01-19 17:00:00,Cyprus,Cyprus,CY,863.5,1093.16,6.74,6.74,tsoc.org.cy,false,
2022-01-19 18:00:00,Cyprus,Cyprus,CY,854.49,1081.96,7.72,7.72,tsoc.org.cy,false,
2022-01-19 19:00:00,Cyprus,Cyprus,CY,875.69,1108.54,5.43,5.43,tsoc.org.cy,false,
2022-01-19 20:00:00,Cyprus,Cyprus,CY,875.17,1108.01,5.48,5.48,tsoc.org.cy,false,
2022-01-19 21:00:00,Cyprus,Cyprus,CY,865.43,1096.01,6.54,6.54,tsoc.org.cy,false,
2022-01-19 22:00:00,Cyprus,Cyprus,CY,865.8,1096.8,6.5,6.5,tsoc.org.cy,false,
2022-01-19 23:00:00,Cyprus,Cyprus,CY,861.04,1091.2,7.01,7.01,tsoc.org.cy,false,
2022-01-20 00:00:00,Cyprus,Cyprus,CY,873.47,1106.93,5.67,5.67,tsoc.org.cy,false,
2022-01-20 01:00:00,Cyprus,Cyprus,CY,875.25,1109.25,5.48,5.48,tsoc.org.cy,false,
2022-01-20 02:00:00,Cyprus,Cyprus,CY,847.81,1074.92,8.44,8.44,tsoc.org.cy,false,
2022-01-20 03:00:00,Cyprus,Cyprus,CY,846.28,1072.86,8.6,8.6,tsoc.org.cy,false,
2022-01-20 04:00:00,Cyprus,Cyprus,CY,860.21,1089.87,7.1,7.1,tsoc.org.cy,false,
2022-01-20 05:00:00,Cyprus,Cyprus,CY,871.87,1104.32,5.84,5.84,tsoc.org.cy,false,
2022-01-20 06:00:00,Cyprus,Cyprus,CY,807.13,1024.29,12.83,12.83,tsoc.org.cy,false,
2022-01-20 07:00:00,Cyprus,Cyprus,CY,725.12,922.87,21.69,21.69,tsoc.org.cy,false,
2022-01-20 08:00:00,Cyprus,Cyprus,CY,664.39,847.59,28.25,28.25,tsoc.org.cy,false,
2022-01-20 09:00:00,Cyprus,Cyprus,CY,638.76,815.65,31.02,31.02,tsoc.org.cy,false,
2022-01-20 10:00:00,Cyprus,Cyprus,CY,643.07,821.02,30.55,30.55,tsoc.org.cy,false,
2022-01-20 11:00:00,Cyprus,Cyprus,CY,654.32,834.96,29.34,29.34,tsoc.org.cy,false,
2022-01-20 12:00:00,Cyprus,Cyprus,CY,711.71,906.31,23.14,23.14,tsoc.org.cy,false,
2022-01-20 13:00:00,Cyprus,Cyprus,CY,786.97,999.4,15.01,15.01,tsoc.org.cy,false,
2022-01-20 14:00:00,Cyprus,Cyprus,CY,866.32,1097.46,6.44,6.44,tsoc.org.cy,false,
2022-01-20 15:00:00,Cyprus,Cyprus,CY,896.08,1134.11,3.23,3.23,tsoc.org.cy,false,
2022-01-20 16:00:00,Cyprus,Cyprus,CY,904.33,1144.28,2.33,2.33,tsoc.org.cy,false,
2022-01-20 17:00:00,Cyprus,Cyprus,CY,910.16,1151.55,1.7,1.7,tsoc.org.cy,false,
2022-01-20 18:00:00,Cyprus,Cyprus,CY,915.11,1157.76,1.17,1.17,tsoc.org.cy,false,
2022-01-20 19:00:00,Cyprus,Cyprus,CY,916.3,1159.32,1.04,1.04,tsoc.org.cy,false,
2022-01-20 20:00:00,Cyprus,Cyprus,CY,916.56,1159.77,1.01,1.01,tsoc.org.cy,false,
2022-01-20 21:00:00,Cyprus,Cyprus,CY,913.97,1156.71,1.29,1.29,tsoc.org.cy,false,
2022-01-20 22:00:00,Cyprus,Cyprus,CY,913.15,1156.07,1.38,1.38,tsoc.org.cy,false,
2022-01-20 23:00:00,Cyprus,Cyprus,CY,911.91,1154.8,1.52,1.52,tsoc.org.cy,false,
2022-01-21 00:00:00,Cyprus,Cyprus,CY,907.55,1149.54,1.99,1.99,tsoc.org.cy,false,
2022-01-21 01:00:00,Cyprus,Cyprus,CY,908.78,1151.17,1.85,1.85,tsoc.org.cy,false,
2022-01-21 02:00:00,Cyprus,Cyprus,CY,908.29,1150.57,1.91,1.91,tsoc.org.cy,false,
2022-01-21 03:00:00,Cyprus,Cyprus,CY,906.54,1148.23,2.1,2.1,tsoc.org.cy,false,
2022-01-21 04:00:00,Cyprus,Cyprus,CY,903.85,1144.47,2.39,2.39,tsoc.org.cy,false,
2022-01-21 05:00:00,Cyprus,Cyprus,CY,887.9,1124.38,4.11,4.11,tsoc.org.cy,false,
2022-01-21 06:00:00,Cyprus,Cyprus,CY,837.4,1061.86,9.56,9.56,tsoc.org.cy,false,
2022-01-21 07:00:00,Cyprus,Cyprus,CY,796.4,1011.32,13.99,13.99,tsoc.org.cy,false,
2022-01-21 08:00:00,Cyprus,Cyprus,CY,788.72,1001.88,14.82,14.82,tsoc.org.cy,false,
2022-01-21 09:00:00,Cyprus,Cyprus,CY,797.24,1012.39,13.9,13.9,tsoc.org.cy,false,
2022-01-21 10:00:00,Cyprus,Cyprus,CY,802.87,1019.29,13.29,13.29,tsoc.org.cy,false,
2022-01-21 11:00:00,Cyprus,Cyprus,CY,794.9,1009.4,14.15,14.15,tsoc.org.cy,false,
2022-01-21 12:00:00,Cyprus,Cyprus,CY,835.24,1059.2,9.8,9.8,tsoc.org.cy,false,
2022-01-21 13:00:00,Cyprus,Cyprus,CY,861.31,1091.38,6.98,6.98,tsoc.org.cy,false,
2022-01-21 14:00:00,Cyprus,Cyprus,CY,891.97,1129.36,3.67,3.67,tsoc.org.cy,false,
2022-01-21 15:00:00,Cyprus,Cyprus,CY,910.66,1152.35,1.65,1.65,tsoc.org.cy,false,
2022-01-21 16:00:00,Cyprus,Cyprus,CY,909.33,1150.57,1.8,1.8,tsoc.org.cy,false,
2022-01-21 17:00:00,Cyprus,Cyprus,CY,911.96,1153.84,1.51,1.51,tsoc.org.cy,false,
2022-01-21 18:00:00,Cyprus,Cyprus,CY,911.26,1153.02,1.59,1.59,tsoc.org.cy,false,
2022-01-21 19:00:00,Cyprus,Cyprus,CY,908.76,1149.98,1.86,1.86,tsoc.org.cy,false,
2022-01-21 20:00:00,Cyprus,Cyprus,CY,911.4,1153.41,1.57,1.57,tsoc.org.cy,false,
2022-01-21 21:00:00,Cyprus,Cyprus,CY,908.89,1150.41,1.84,1.84,tsoc.org.cy,false,
2022-01-21 22:00:00,Cyprus,Cyprus,CY,905.73,1146.79,2.18,2.18,tsoc.org.cy,false,
2022-01-21 23:00:00,Cyprus,Cyprus,CY,905.48,1146.76,2.21,2.21,tsoc.org.cy,false,
2022-01-22 00:00:00,Cyprus,Cyprus,CY,900.36,1140.59,2.76,2.76,tsoc.org.cy,false,
2022-01-22 01:00:00,Cyprus,Cyprus,CY,895.17,1134.23,3.32,3.32,tsoc.org.cy,false,
2022-01-22 02:00:00,Cyprus,Cyprus,CY,889.33,1126.96,3.96,3.96,tsoc.org.cy,false,
2022-01-22 03:00:00,Cyprus,Cyprus,CY,885.67,1122.34,4.35,4.35,tsoc.org.cy,false,
2022-01-22 04:00:00,Cyprus,Cyprus,CY,891.09,1128.92,3.77,3.77,tsoc.org.cy,false,
2022-01-22 05:00:00,Cyprus,Cyprus,CY,873.58,1107.02,5.66,5.66,tsoc.org.cy,false,
2022-01-22 06:00:00,Cyprus,Cyprus,CY,808.22,1026.05,12.71,12.71,tsoc.org.cy,false,
2022-01-22 07:00:00,Cyprus,Cyprus,CY,776.33,986.45,16.16,16.16,tsoc.org.cy,false,
2022-01-22 08:00:00,Cyprus,Cyprus,CY,731.62,931.14,20.99,20.99,tsoc.org.cy,false,
2022-01-22 09:00:00,Cyprus,Cyprus,CY,761.12,967.31,17.8,17.8,tsoc.org.cy,false,
2022-01-22 10:00:00,Cyprus,Cyprus,CY,756.43,961.33,18.31,18.31,tsoc.org.cy,false,
2022-01-22 11:00:00,Cyprus,Cyprus,CY,759.49,965.3,17.98,17.98,tsoc.org.cy,false,
2022-01-22 12:00:00,Cyprus,Cyprus,CY,732.96,932.16,20.84,20.84,tsoc.org.cy,false,
2022-01-22 13:00:00,Cyprus,Cyprus,CY,772.53,980.78,16.57,16.57,tsoc.org.cy,false,
2022-01-22 14:00:00,Cyprus,Cyprus,CY,819.75,1039.08,11.47,11.47,tsoc.org.cy,false,
2022-01-22 15:00:00,Cyprus,Cyprus,CY,844.82,1070.14,8.76,8.76,tsoc.org.cy,false,
2022-01-22 16:00:00,Cyprus,Cyprus,CY,843.69,1068.64,8.88,8.88,tsoc.org.cy,false,
2022-01-22 17:00:00,Cyprus,Cyprus,CY,847.21,1073.06,8.5,8.5,tsoc.org.cy,false,
2022-01-22 18:00:00,Cyprus,Cyprus,CY,844.42,1069.65,8.8,8.8,tsoc.org.cy,false,
2022-01-22 19:00:00,Cyprus,Cyprus,CY,811.41,1028.47,12.37,12.37,tsoc.org.cy,false,
2022-01-22 20:00:00,Cyprus,Cyprus,CY,806.27,1022.15,12.93,12.93,tsoc.org.cy,false,
2022-01-22 21:00:00,Cyprus,Cyprus,CY,772.82,980.48,16.54,16.54,tsoc.org.cy,false,
2022-01-22 22:00:00,Cyprus,Cyprus,CY,725.32,921.39,21.67,21.67,tsoc.org.cy,false,
2022-01-22 23:00:00,Cyprus,Cyprus,CY,751.33,954.21,18.86,18.86,tsoc.org.cy,false,
2022-01-23 00:00:00,Cyprus,Cyprus,CY,764.46,970.89,17.44,17.44,tsoc.org.cy,false,
2022-01-23 01:00:00,Cyprus,Cyprus,CY,715.36,909.69,22.74,22.74,tsoc.org.cy,false,
2022-01-23 02:00:00,Cyprus,Cyprus,CY,717.65,912.59,22.5,22.5,tsoc.org.cy,false,
2022-01-23 03:00:00,Cyprus,Cyprus,CY,709.37,902.2,23.39,23.39,tsoc.org.cy,false,
2022-01-23 04:00:00,Cyprus,Cyprus,CY,701.93,892.76,24.19,24.19,tsoc.org.cy,false,
2022-01-23 05:00:00,Cyprus,Cyprus,CY,696.68,886.27,24.76,24.76,tsoc.org.cy,false,
2022-01-23 06:00:00,Cyprus,Cyprus,CY,629.02,802.74,32.07,32.07,tsoc.org.cy,false,
2022-01-23 07:00:00,Cyprus,Cyprus,CY,541.64,694.43,41.5,41.5,tsoc.org.cy,false,
2022-01-23 08:00:00,Cyprus,Cyprus,CY,508.56,653.6,45.08,45.08,tsoc.org.cy,false,
2022-01-23 09:00:00,Cyprus,Cyprus,CY,485.39,624.93,47.58,47.58,tsoc.org.cy,false,
2022-01-23 10:00:00,Cyprus,Cyprus,CY,482.15,620.89,47.93,47.93,tsoc.org.cy,false,
2022-01-23 11:00:00,Cyprus,Cyprus,CY,513.38,659.8,44.56,44.56,tsoc.org.cy,false,
2022-01-23 12:00:00,Cyprus,Cyprus,CY,573.28,734.27,38.09,38.09,tsoc.org.cy,false,
2022-01-23 13:00:00,Cyprus,Cyprus,CY,631.85,806.5,31.76,31.76,tsoc.org.cy,false,
2022-01-23 14:00:00,Cyprus,Cyprus,CY,722.33,918.02,21.99,21.99,tsoc.org.cy,false,
2022-01-23 15:00:00,Cyprus,Cyprus,CY,820.93,1040.44,11.34,11.34,tsoc.org.cy,false,
2022-01-23 16:00:00,Cyprus,Cyprus,CY,846.48,1072.2,8.58,8.58,tsoc.org.cy,false,
2022-01-23 17:00:00,Cyprus,Cyprus,CY,870.84,1102.61,5.95,5.95,tsoc.org.cy,false,
2022-01-23 18:00:00,Cyprus,Cyprus,CY,856.26,1084.41,7.53,7.53,tsoc.org.cy,false,
2022-01-23 19:00:00,Cyprus,Cyprus,CY,867.08,1098.0,6.36,6.36,tsoc.org.cy,false,
2022-01-23 20:00:00,Cyprus,Cyprus,CY,849.26,1075.85,8.28,8.28,tsoc.org.cy,false,
2022-01-23 21:00:00,Cyprus,Cyprus,CY,833.32,1056.11,10.0,10.0,tsoc.org.cy,false,
2022-01-23 22:00:00,Cyprus,Cyprus,CY,803.09,1018.7,13.27,13.27,tsoc.org.cy,false,
2022-01-23 23:00:00,Cyprus,Cyprus,CY,758.15,962.85,18.12,18.12,tsoc.org.cy,false,
2022-01-24 00:00:00,Cyprus,Cyprus,CY,760.35,965.81,17.88,17.88,tsoc.org.cy,false,
2022-01-24 01:00:00,Cyprus,Cyprus,CY,763.44,969.77,17.55,17.55,tsoc.org.cy,false,
2022-01-24 02:00:00,Cyprus,Cyprus,CY,782.98,994.16,15.44,15.44,tsoc.org.cy,false,
2022-01-24 03:00:00,Cyprus,Cyprus,CY,807.26,1024.31,12.82,12.82,tsoc.org.cy,false,
2022-01-24 04:00:00,Cyprus,Cyprus,CY,844.87,1070.83,8.76,8.76,tsoc.org.cy,false,
2022-01-24 05:00:00,Cyprus,Cyprus,CY,855.79,1084.39,7.58,7.58,tsoc.org.cy,false,
2022-01-24 06:00:00,Cyprus,Cyprus,CY,813.04,1031.78,12.19,12.19,tsoc.org.cy,false,
2022-01-24 07:00:00,Cyprus,Cyprus,CY,772.54,981.63,16.57,16.57,tsoc.org.cy,false,
2022-01-24 08:00:00,Cyprus,Cyprus,CY,775.37,984.88,16.26,16.26,tsoc.org.cy,false,
2022-01-24 09:00:00,Cyprus,Cyprus,CY,715.97,911.11,22.68,22.68,tsoc.org.cy,false,
2022-01-24 10:00:00,Cyprus,Cyprus,CY,729.41,927.76,21.23,21.23,tsoc.org.cy,false,
2022-01-24 11:00:00,Cyprus,Cyprus,CY,748.76,952.01,19.14,19.14,tsoc.org.cy,false,
2022-01-24 12:00:00,Cyprus,Cyprus,CY,740.32,941.68,20.05,20.05,tsoc.org.cy,false,
2022-01-24 13:00:00,Cyprus,Cyprus,CY,790.13,1003.37,14.67,14.67,tsoc.org.cy,false,
2022-01-24 14:00:00,Cyprus,Cyprus,CY,871.68,1104.28,5.86,5.86,tsoc.org.cy,false,
2022-01-24 15:00:00,Cyprus,Cyprus,CY,914.53,1157.19,1.23,1.23,tsoc.org.cy,false,
2022-01-24 16:00:00,Cyprus,Cyprus,CY,919.05,1162.67,0.74,0.74,tsoc.org.cy,false,
2022-01-24 17:00:00,Cyprus,Cyprus,CY,919.65,1163.39,0.68,0.68,tsoc.org.cy,false,
2022-01-24 18:00:00,Cyprus,Cyprus,CY,920.2,1164.11,0.62,0.62,tsoc.org.cy,false,
2022-01-24 19:00:00,Cyprus,Cyprus,CY,914.59,1157.17,1.23,1.23,tsoc.org.cy,false,
2022-01-24 20:00:00,Cyprus,Cyprus,CY,898.4,1137.08,2.98,2.98,tsoc.org.cy,false,
2022-01-24 21:00:00,Cyprus,Cyprus,CY,860.23,1089.57,7.1,7.1,tsoc.org.cy,false,
2022-01-24 22:00:00,Cyprus,Cyprus,CY,796.54,1010.3,13.98,13.98,tsoc.org.cy,false,
2022-01-24 23:00:00,Cyprus,Cyprus,CY,781.94,992.38,15.55,15.55,tsoc.org.cy,false,
2022-01-25 00:00:00,Cyprus,Cyprus,CY,800.87,1016.25,13.51,13.51,tsoc.org.cy,false,
2022-01-25 01:00:00,Cyprus,Cyprus,CY,811.12,1029.18,12.4,12.4,tsoc.org.cy,false,
2022-01-25 02:00:00,Cyprus,Cyprus,CY,833.55,1057.22,9.98,9.98,tsoc.org.cy,false,
2022-01-25 03:00:00,Cyprus,Cyprus,CY,862.81,1093.62,6.82,6.82,tsoc.org.cy,false,
2022-01-25 04:00:00,Cyprus,Cyprus,CY,874.64,1107.99,5.54,5.54,tsoc.org.cy,false,
2022-01-25 05:00:00,Cyprus,Cyprus,CY,898.91,1138.0,2.92,2.92,tsoc.org.cy,false,
2022-01-25 06:00:00,Cyprus,Cyprus,CY,886.99,1123.02,4.21,4.21,tsoc.org.cy,false,
2022-01-25 07:00:00,Cyprus,Cyprus,CY,856.95,1085.61,7.45,7.45,tsoc.org.cy,false,
2022-01-25 08:00:00,Cyprus,Cyprus,CY,847.1,1073.72,8.52,8.52,tsoc.org.cy,false,
2022-01-25 09:00:00,Cyprus,Cyprus,CY,811.99,1030.31,12.31,12.31,tsoc.org.cy,false,
2022-01-25 10:00:00,Cyprus,Cyprus,CY,829.42,1051.8,10.42,10.42,tsoc.org.cy,false,
2022-01-25 11:00:00,Cyprus,Cyprus,CY,852.98,1080.77,7.88,7.88,tsoc.org.cy,false,
2022-01-25 12:00:00,Cyprus,Cyprus,CY,867.45,1098.86,6.32,6.32,tsoc.org.cy,false,
2022-01-25 13:00:00,Cyprus,Cyprus,CY,884.33,1119.64,4.49,4.49,tsoc.org.cy,false,
2022-01-25 14:00:00,Cyprus,Cyprus,CY,886.88,1122.58,4.22,4.22,tsoc.org.cy,false,
2022-01-25 15:00:00,Cyprus,Cyprus,CY,909.49,1150.72,1.78,1.78,tsoc.org.cy,false,
2022-01-25 16:00:00,Cyprus,Cyprus,CY,896.02,1133.83,3.23,3.23,tsoc.org.cy,false,
2022-01-25 17:00:00,Cyprus,Cyprus,CY,895.64,1133.36,3.27,3.27,tsoc.org.cy,false,
2022-01-25 18:00:00,Cyprus,Cyprus,CY,882.05,1116.42,4.74,4.74,tsoc.org.cy,false,
2022-01-25 19:00:00,Cyprus,Cyprus,CY,890.35,1126.87,3.85,3.85,tsoc.org.cy,false,
2022-01-25 20:00:00,Cyprus,Cyprus,CY,905.27,1145.67,2.23,2.23,tsoc.org.cy,false,
2022-01-25 21:00:00,Cyprus,Cyprus,CY,905.06,1145.6,2.26,2.26,tsoc.org.cy,false,
2022-01-25 22:00:00,Cyprus,Cyprus,CY,902.28,1142.45,2.56,2.56,tsoc.org.cy,false,
2022-01-25 23:00:00,Cyprus,Cyprus,CY,899.47,1139.26,2.86,2.86,tsoc.org.cy,false,
2022-01-26 00:00:00,Cyprus,Cyprus,CY,895.33,1134.3,3.31,3.31,tsoc.org.cy,false,
2022-01-26 01:00:00,Cyprus,Cyprus,CY,876.99,1111.48,5.29,5.29,tsoc.org.cy,false,
2022-01-26 02:00:00,Cyprus,Cyprus,CY,885.69,1122.36,4.35,4.35,tsoc.org.cy,false,
2022-01-26 03:00:00,Cyprus,Cyprus,CY,892.2,1130.33,3.65,3.65,tsoc.org.cy,false,
2022-01-26 04:00:00,Cyprus,Cyprus,CY,866.68,1098.01,6.4,6.4,tsoc.org.cy,false,
2022-01-26 05:00:00,Cyprus,Cyprus,CY,871.5,1103.83,5.88,5.88,tsoc.org.cy,false,
2022-01-26 06:00:00,Cyprus,Cyprus,CY,842.52,1068.06,9.01,9.01,tsoc.org.cy,false,
2022-01-26 07:00:00,Cyprus,Cyprus,CY,827.33,1049.3,10.65,10.65,tsoc.org.cy,false,
2022-01-26 08:00:00,Cyprus,Cyprus,CY,828.45,1050.56,10.53,10.53,tsoc.org.cy,false,
2022-01-26 09:00:00,Cyprus,Cyprus,CY,797.05,1011.56,13.92,13.92,tsoc.org.cy,false,
2022-01-26 10:00:00,Cyprus,Cyprus,CY,788.05,1000.35,14.89,14.89,tsoc.org.cy,false,
2022-01-26 11:00:00,Cyprus,Cyprus,CY,819.58,1039.43,11.49,11.49,tsoc.org.cy,false,
2022-01-26 12:00:00,Cyprus,Cyprus,CY,866.29,1097.42,6.44,6.44,tsoc.org.cy,false,
2022-01-26 13:00:00,Cyprus,Cyprus,CY,890.59,1127.51,3.82,3.82,tsoc.org.cy,false,
2022-01-26 14:00:00,Cyprus,Cyprus,CY,908.42,1149.53,1.89,1.89,tsoc.org.cy,false,
2022-01-26 15:00:00,Cyprus,Cyprus,CY,913.3,1155.46,1.37,1.37,tsoc.org.cy,false,
2022-01-26 16:00:00,Cyprus,Cyprus,CY,909.9,1151.13,1.73,1.73,tsoc.org.cy,false,
2022-01-26 17:00:00,Cyprus,Cyprus,CY,907.5,1148.12,1.99,1.99,tsoc.org.cy,false,
2022-01-26 18:00:00,Cyprus,Cyprus,CY,918.19,1161.54,0.84,0.84,tsoc.org.cy,false,
2022-01-26 19:00:00,Cyprus,Cyprus,CY,917.95,1161.31,0.86,0.86,tsoc.org.cy,false,
2022-01-26 20:00:00,Cyprus,Cyprus,CY,903.14,1142.93,2.46,2.46,tsoc.org.cy,false,
2022-01-26 21:00:00,Cyprus,Cyprus,CY,897.75,1136.39,3.05,3.05,tsoc.org.cy,false,
2022-01-26 22:00:00,Cyprus,Cyprus,CY,900.17,1139.72,2.78,2.78,tsoc.org.cy,false,
2022-01-26 23:00:00,Cyprus,Cyprus,CY,820.64,1040.6,11.37,11.37,tsoc.org.cy,false,
2022-01-27 00:00:00,Cyprus,Cyprus,CY,761.87,967.35,17.72,17.72,tsoc.org.cy,false,
2022-01-27 01:00:00,Cyprus,Cyprus,CY,778.53,988.25,15.92,15.92,tsoc.org.cy,false,
2022-01-27 02:00:00,Cyprus,Cyprus,CY,772.92,981.24,16.53,16.53,tsoc.org.cy,false,
2022-01-27 03:00:00,Cyprus,Cyprus,CY,783.76,994.64,15.36,15.36,tsoc.org.cy,false,
2022-01-27 04:00:00,Cyprus,Cyprus,CY,806.54,1022.72,12.9,12.9,tsoc.org.cy,false,
2022-01-27 05:00:00,Cyprus,Cyprus,CY,807.09,1023.32,12.84,12.84,tsoc.org.cy,false,
2022-01-27 06:00:00,Cyprus,Cyprus,CY,733.89,932.67,20.74,20.74,tsoc.org.cy,false,
2022-01-27 07:00:00,Cyprus,Cyprus,CY,724.88,922.31,21.71,21.71,tsoc.org.cy,false,
2022-01-27 08:00:00,Cyprus,Cyprus,CY,682.39,869.53,26.3,26.3,tsoc.org.cy,false,
2022-01-27 09:00:00,Cyprus,Cyprus,CY,669.82,853.87,27.66,27.66,tsoc.org.cy,false,
2022-01-27 10:00:00,Cyprus,Cyprus,CY,679.23,865.75,26.64,26.64,tsoc.org.cy,false,
2022-01-27 11:00:00,Cyprus,Cyprus,CY,647.3,826.15,30.09,30.09,tsoc.org.cy,false,
2022-01-27 12:00:00,Cyprus,Cyprus,CY,680.69,867.53,26.49,26.49,tsoc.org.cy,false,
2022-01-27 13:00:00,Cyprus,Cyprus,CY,731.28,930.0,21.02,21.02,tsoc.org.cy,false,
2022-01-27 14:00:00,Cyprus,Cyprus,CY,831.02,1053.52,10.25,10.25,tsoc.org.cy,false,
2022-01-27 15:00:00,Cyprus,Cyprus,CY,877.16,1110.41,5.27,5.27,tsoc.org.cy,false,
2022-01-27 16:00:00,Cyprus,Cyprus,CY,865.92,1096.21,6.48,6.48,tsoc.org.cy,false,
2022-01-27 17:00:00,Cyprus,Cyprus,CY,871.21,1102.79,5.91,5.91,tsoc.org.cy,false,
2022-01-27 18:00:00,Cyprus,Cyprus,CY,877.53,1110.73,5.23,5.23,tsoc.org.cy,false,
2022-01-27 19:00:00,Cyprus,Cyprus,CY,881.6,1115.89,4.79,4.79,tsoc.org.cy,false,
2022-01-27 20:00:00,Cyprus,Cyprus,CY,890.57,1127.23,3.82,3.82,tsoc.org.cy,false,
2022-01-27 21:00:00,Cyprus,Cyprus,CY,895.24,1133.23,3.32,3.32,tsoc.org.cy,false,
2022-01-27 22:00:00,Cyprus,Cyprus,CY,904.68,1145.32,2.3,2.3,tsoc.org.cy,false,
2022-01-27 23:00:00,Cyprus,Cyprus,CY,905.56,1146.68,2.2,2.2,tsoc.org.cy,false,
2022-01-28 00:00:00,Cyprus,Cyprus,CY,912.4,1155.4,1.46,1.46,tsoc.org.cy,false,
2022-01-28 01:00:00,Cyprus,Cyprus,CY,913.64,1157.04,1.33,1.33,tsoc.org.cy,false,
2022-01-28 02:00:00,Cyprus,Cyprus,CY,913.62,1157.02,1.33,1.33,tsoc.org.cy,false,
2022-01-28 03:00:00,Cyprus,Cyprus,CY,914.26,1157.69,1.26,1.26,tsoc.org.cy,false,
2022-01-28 04:00:00,Cyprus,Cyprus,CY,917.43,1161.3,0.92,0.92,tsoc.org.cy,false,
2022-01-28 05:00:00,Cyprus,Cyprus,CY,913.6,1156.33,1.33,1.33,tsoc.org.cy,false,
2022-01-28 06:00:00,Cyprus,Cyprus,CY,878.01,1112.17,5.18,5.18,tsoc.org.cy,false,
2022-01-28 07:00:00,Cyprus,Cyprus,CY,821.39,1042.16,11.29,11.29,tsoc.org.cy,false,
2022-01-28 08:00:00,Cyprus,Cyprus,CY,759.45,965.64,17.98,17.98,tsoc.org.cy,false,
2022-01-28 09:00:00,Cyprus,Cyprus,CY,744.06,946.57,19.64,19.64,tsoc.org.cy,false,
2022-01-28 10:00:00,Cyprus,Cyprus,CY,753.84,958.51,18.59,18.59,tsoc.org.cy,false,
2022-01-28 11:00:00,Cyprus,Cyprus,CY,804.15,1020.8,13.15,13.15,tsoc.org.cy,false,
2022-01-28 12:00:00,Cyprus,Cyprus,CY,825.49,1047.13,10.85,10.85,tsoc.org.cy,false,
2022-01-28 13:00:00,Cyprus,Cyprus,CY,858.64,1088.13,7.27,7.27,tsoc.org.cy,false,
2022-01-28 14:00:00,Cyprus,Cyprus,CY,889.92,1126.69,3.89,3.89,tsoc.org.cy,false,
2022-01-28 15:00:00,Cyprus,Cyprus,CY,911.12,1152.83,1.6,1.6,tsoc.org.cy,false,
2022-01-28 16:00:00,Cyprus,Cyprus,CY,889.57,1125.81,3.93,3.93,tsoc.org.cy,false,
2022-01-28 17:00:00,Cyprus,Cyprus,CY,900.18,1139.05,2.78,2.78,tsoc.org.cy,false,
2022-01-28 18:00:00,Cyprus,Cyprus,CY,902.76,1142.33,2.5,2.5,tsoc.org.cy,false,
2022-01-28 19:00:00,Cyprus,Cyprus,CY,895.99,1133.95,3.24,3.24,tsoc.org.cy,false,
2022-01-28 20:00:00,Cyprus,Cyprus,CY,885.22,1120.6,4.4,4.4,tsoc.org.cy,false,
2022-01-28 21:00:00,Cyprus,Cyprus,CY,865.7,1096.33,6.51,6.51,tsoc.org.cy,false,
2022-01-28 22:00:00,Cyprus,Cyprus,CY,863.49,1093.81,6.75,6.75,tsoc.org.cy,false,
2022-01-28 23:00:00,Cyprus,Cyprus,CY,882.96,1118.4,4.64,4.64,tsoc.org.cy,false,
2022-01-29 00:00:00,Cyprus,Cyprus,CY,871.14,1103.81,5.92,5.92,tsoc.org.cy,false,
2022-01-29 01:00:00,Cyprus,Cyprus,CY,887.98,1124.97,4.1,4.1,tsoc.org.cy,false,
2022-01-29 02:00:00,Cyprus,Cyprus,CY,906.8,1148.52,2.07,2.07,tsoc.org.cy,false,
2022-01-29 03:00:00,Cyprus,Cyprus,CY,912.83,1156.01,1.42,1.42,tsoc.org.cy,false,
2022-01-29 04:00:00,Cyprus,Cyprus,CY,914.06,1157.4,1.28,1.28,tsoc.org.cy,false,
2022-01-29 05:00:00,Cyprus,Cyprus,CY,893.79,1132.13,3.47,3.47,tsoc.org.cy,false,
2022-01-29 06:00:00,Cyprus,Cyprus,CY,809.49,1027.68,12.58,12.58,tsoc.org.cy,false,
2022-01-29 07:00:00,Cyprus,Cyprus,CY,754.35,959.48,18.53,18.53,tsoc.org.cy,false,
2022-01-29 08:00:00,Cyprus,Cyprus,CY,742.28,944.6,19.84,19.84,tsoc.org.cy,false,
2022-01-29 09:00:00,Cyprus,Cyprus,CY,710.72,905.62,23.24,23.24,tsoc.org.cy,false,
2022-01-29 10:00:00,Cyprus,Cyprus,CY,731.27,931.07,21.02,21.02,tsoc.org.cy,false,
2022-01-29 11:00:00,Cyprus,Cyprus,CY,784.81,997.15,15.24,15.24,tsoc.org.cy,false,
2022-01-29 12:00:00,Cyprus,Cyprus,CY,859.0,1088.78,7.23,7.23,tsoc.org.cy,false,
2022-01-29 13:00:00,Cyprus,Cyprus,CY,884.71,1120.52,4.45,4.45,tsoc.org.cy,false,
2022-01-29 14:00:00,Cyprus,Cyprus,CY,904.96,1145.51,2.27,2.27,tsoc.org.cy,false,
2022-01-29 15:00:00,Cyprus,Cyprus,CY,918.68,1162.38,0.79,0.79,tsoc.org.cy,false,
2022-01-29 16:00:00,Cyprus,Cyprus,CY,917.62,1160.96,0.9,0.9,tsoc.org.cy,false,
2022-01-29 17:00:00,Cyprus,Cyprus,CY,918.6,1162.19,0.79,0.79,tsoc.org.cy,false,
2022-01-29 18:00:00,Cyprus,Cyprus,CY,916.16,1159.21,1.06,1.06,tsoc.org.cy,false,
2022-01-29 19:00:00,Cyprus,Cyprus,CY,914.87,1157.66,1.2,1.2,tsoc.org.cy,false,
2022-01-29 20:00:00,Cyprus,Cyprus,CY,912.77,1155.13,1.42,1.42,tsoc.org.cy,false,
2022-01-29 21:00:00,Cyprus,Cyprus,CY,901.17,1140.75,2.68,2.68,tsoc.org.cy,false,
2022-01-29 22:00:00,Cyprus,Cyprus,CY,901.16,1140.96,2.68,2.68,tsoc.org.cy,false,
2022-01-29 23:00:00,Cyprus,Cyprus,CY,897.87,1137.11,3.03,3.03,tsoc.org.cy,false,
2022-01-30 00:00:00,Cyprus,Cyprus,CY,896.86,1136.08,3.14,3.14,tsoc.org.cy,false,
2022-01-30 01:00:00,Cyprus,Cyprus,CY,888.26,1125.46,4.07,4.07,tsoc.org.cy,false,
2022-01-30 02:00:00,Cyprus,Cyprus,CY,893.2,1131.69,3.54,3.54,tsoc.org.cy,false,
2022-01-30 03:00:00,Cyprus,Cyprus,CY,899.59,1139.65,2.85,2.85,tsoc.org.cy,false,
2022-01-30 04:00:00,Cyprus,Cyprus,CY,902.45,1143.13,2.54,2.54,tsoc.org.cy,false,
2022-01-30 05:00:00,Cyprus,Cyprus,CY,883.84,1119.87,4.55,4.55,tsoc.org.cy,false,
2022-01-30 06:00:00,Cyprus,Cyprus,CY,812.83,1031.49,12.22,12.22,tsoc.org.cy,false,
2022-01-30 07:00:00,Cyprus,Cyprus,CY,768.39,976.21,17.02,17.02,tsoc.org.cy,false,
2022-01-30 08:00:00,Cyprus,Cyprus,CY,746.93,949.91,19.33,19.33,tsoc.org.cy,false,
2022-01-30 09:00:00,Cyprus,Cyprus,CY,767.35,975.29,17.13,17.13,tsoc.org.cy,false,
2022-01-30 10:00:00,Cyprus,Cyprus,CY,783.2,994.83,15.42,15.42,tsoc.org.cy,false,
2022-01-30 11:00:00,Cyprus,Cyprus,CY,749.56,953.19,19.05,19.05,tsoc.org.cy,false,
2022-01-30 12:00:00,Cyprus,Cyprus,CY,793.17,1007.06,14.34,14.34,tsoc.org.cy,false,
2022-01-30 13:00:00,Cyprus,Cyprus,CY,847.08,1073.75,8.52,8.52,tsoc.org.cy,false,
2022-01-30 14:00:00,Cyprus,Cyprus,CY,885.52,1121.24,4.37,4.37,tsoc.org.cy,false,
2022-01-30 15:00:00,Cyprus,Cyprus,CY,912.31,1154.5,1.47,1.47,tsoc.org.cy,false,
2022-01-30 16:00:00,Cyprus,Cyprus,CY,918.57,1162.21,0.8,0.8,tsoc.org.cy,false,
2022-01-30 17:00:00,Cyprus,Cyprus,CY,913.01,1155.25,1.4,1.4,tsoc.org.cy,false,
2022-01-30 18:00:00,Cyprus,Cyprus,CY,917.21,1160.52,0.94,0.94,tsoc.org.cy,false,
2022-01-30 19:00:00,Cyprus,Cyprus,CY,916.23,1159.37,1.05,1.05,tsoc.org.cy,false,
2022-01-30 20:00:00,Cyprus,Cyprus,CY,917.88,1161.55,0.87,0.87,tsoc.org.cy,false,
2022-01-30 21:00:00,Cyprus,Cyprus,CY,918.08,1161.96,0.85,0.85,tsoc.org.cy,false,
2022-01-30 22:00:00,Cyprus,Cyprus,CY,912.41,1155.21,1.46,1.46,tsoc.org.cy,false,
2022-01-30 23:00:00,Cyprus,Cyprus,CY,892.24,1130.28,3.64,3.64,tsoc.org.cy,false,
2022-01-31 00:00:00,Cyprus,Cyprus,CY,910.86,1153.74,1.63,1.63,tsoc.org.cy,false,
2022-01-31 01:00:00,Cyprus,Cyprus,CY,902.45,1143.33,2.54,2.54,tsoc.org.cy,false,
2022-01-31 02:00:00,Cyprus,Cyprus,CY,902.96,1143.97,2.48,2.48,tsoc.org.cy,false,
2022-01-31 03:00:00,Cyprus,Cyprus,CY,911.66,1154.69,1.54,1.54,tsoc.org.cy,false,
2022-01-31 04:00:00,Cyprus,Cyprus,CY,905.11,1146.07,2.25,2.25,tsoc.org.cy,false,
2022-01-31 05:00:00,Cyprus,Cyprus,CY,915.42,1158.68,1.14,1.14,tsoc.org.cy,false,
2022-01-31 06:00:00,Cyprus,Cyprus,CY,895.2,1133.46,3.32,3.32,tsoc.org.cy,false,
2022-01-31 07:00:00,Cyprus,Cyprus,CY,847.3,1074.13,8.49,8.49,tsoc.org.cy,false,
2022-01-31 08:00:00,Cyprus,Cyprus,CY,835.87,1059.97,9.73,9.73,tsoc.org.cy,false,
2022-01-31 09:00:00,Cyprus,Cyprus,CY,808.37,1026.06,12.7,12.7,tsoc.org.cy,false,
2022-01-31 10:00:00,Cyprus,Cyprus,CY,811.22,1029.47,12.39,12.39,tsoc.org.cy,false,
2022-01-31 11:00:00,Cyprus,Cyprus,CY,782.75,994.07,15.46,15.46,tsoc.org.cy,false,
2022-01-31 12:00:00,Cyprus,Cyprus,CY,802.76,1018.56,13.3,13.3,tsoc.org.cy,false,
2022-01-31 13:00:00,Cyprus,Cyprus,CY,845.94,1072.3,8.64,8.64,tsoc.org.cy,false,
2022-01-31 14:00:00,Cyprus,Cyprus,CY,894.22,1132.06,3.43,3.43,tsoc.org.cy,false,
2022-01-31 15:00:00,Cyprus,Cyprus,CY,916.23,1159.25,1.05,1.05,tsoc.org.cy,false,
2022-01-31 16:00:00,Cyprus,Cyprus,CY,917.43,1160.64,0.92,0.92,tsoc.org.cy,false,
2022-01-31 17:00:00,Cyprus,Cyprus,CY,919.66,1163.4,0.68,0.68,tsoc.org.cy,false,
2022-01-31 18:00:00,Cyprus,Cyprus,CY,918.51,1162.01,0.8,0.8,tsoc.org.cy,false,
2022-01-31 19:00:00,Cyprus,Cyprus,CY,918.54,1162.13,0.8,0.8,tsoc.org.cy,false,
2022-01-31 20:00:00,Cyprus,Cyprus,CY,918.64,1162.4,0.79,0.79,tsoc.org.cy,false,
2022-01-31 21:00:00,Cyprus,Cyprus,CY,917.81,1161.54,0.88,0.88,tsoc.org.cy,false,
2022-01-31 22:00:00,Cyprus,Cyprus,CY,917.11,1160.97,0.96,0.96,tsoc.org.cy,false,
2022-01-31 23:00:00,Cyprus,Cyprus,CY,913.68,1157.0,1.32,1.32,tsoc.org.cy,false,
2022-02-01 00:00:00,Cyprus,Cyprus,CY,909.01,1151.36,1.83,1.83,tsoc.org.cy,false,
2022-02-01 01:00:00,Cyprus,Cyprus,CY,906.5,1148.31,2.1,2.1,tsoc.org.cy,false,
2022-02-01 02:00:00,Cyprus,Cyprus,CY,910.35,1153.12,1.68,1.68,tsoc.org.cy,false,
2022-02-01 03:00:00,Cyprus,Cyprus,CY,913.03,1156.31,1.4,1.4,tsoc.org.cy,false,
2022-02-01 04:00:00,Cyprus,Cyprus,CY,916.31,1159.99,1.04,1.04,tsoc.org.cy,false,
2022-02-01 05:00:00,Cyprus,Cyprus,CY,894.3,1132.48,3.42,3.42,tsoc.org.cy,false,
2022-02-01 06:00:00,Cyprus,Cyprus,CY,824.1,1045.56,11.0,11.0,tsoc.org.cy,false,
2022-02-01 07:00:00,Cyprus,Cyprus,CY,772.59,981.81,16.56,16.56,tsoc.org.cy,false,
2022-02-01 08:00:00,Cyprus,Cyprus,CY,715.44,911.13,22.73,22.73,tsoc.org.cy,false,
2022-02-01 09:00:00,Cyprus,Cyprus,CY,707.01,900.57,23.65,23.65,tsoc.org.cy,false,
2022-02-01 10:00:00,Cyprus,Cyprus,CY,725.25,923.0,21.68,21.68,tsoc.org.cy,false,
2022-02-01 11:00:00,Cyprus,Cyprus,CY,715.97,911.61,22.68,22.68,tsoc.org.cy,false,
2022-02-01 12:00:00,Cyprus,Cyprus,CY,756.01,961.13,18.35,18.35,tsoc.org.cy,false,
2022-02-01 13:00:00,Cyprus,Cyprus,CY,774.39,983.97,16.37,16.37,tsoc.org.cy,false,
2022-02-01 14:00:00,Cyprus,Cyprus,CY,851.3,1079.06,8.06,8.06,tsoc.org.cy,false,
2022-02-01 15:00:00,Cyprus,Cyprus,CY,881.34,1115.84,4.82,4.82,tsoc.org.cy,false,
2022-02-01 16:00:00,Cyprus,Cyprus,CY,881.26,1115.53,4.83,4.83,tsoc.org.cy,false,
2022-02-01 17:00:00,Cyprus,Cyprus,CY,884.29,1119.28,4.5,4.5,tsoc.org.cy,false,
2022-02-01 18:00:00,Cyprus,Cyprus,CY,884.18,1119.17,4.51,4.51,tsoc.org.cy,false,
2022-02-01 19:00:00,Cyprus,Cyprus,CY,883.9,1118.9,4.54,4.54,tsoc.org.cy,false,
2022-02-01 20:00:00,Cyprus,Cyprus,CY,870.5,1102.3,5.99,5.99,tsoc.org.cy,false,
2022-02-01 21:00:00,Cyprus,Cyprus,CY,855.08,1083.22,7.65,7.65,tsoc.org.cy,false,
2022-02-01 22:00:00,Cyprus,Cyprus,CY,821.82,1041.98,11.25,11.25,tsoc.org.cy,false,
2022-02-01 23:00:00,Cyprus,Cyprus,CY,772.74,980.97,16.55,16.55,tsoc.org.cy,false,
2022-02-02 00:00:00,Cyprus,Cyprus,CY,779.93,990.16,15.77,15.77,tsoc.org.cy,false,
2022-02-02 01:00:00,Cyprus,Cyprus,CY,836.67,1061.18,9.64,9.64,tsoc.org.cy,false,
2022-02-02 02:00:00,Cyprus,Cyprus,CY,861.85,1092.65,6.92,6.92,tsoc.org.cy,false,
2022-02-02 03:00:00,Cyprus,Cyprus,CY,865.16,1096.63,6.56,6.56,tsoc.org.cy,false,
2022-02-02 04:00:00,Cyprus,Cyprus,CY,861.48,1091.6,6.96,6.96,tsoc.org.cy,false,
2022-02-02 05:00:00,Cyprus,Cyprus,CY,838.41,1062.8,9.45,9.45,tsoc.org.cy,false,
2022-02-02 06:00:00,Cyprus,Cyprus,CY,789.11,1001.84,14.78,14.78,tsoc.org.cy,false,
2022-02-02 07:00:00,Cyprus,Cyprus,CY,747.4,950.2,19.28,19.28,tsoc.org.cy,false,
2022-02-02 08:00:00,Cyprus,Cyprus,CY,723.01,919.89,21.92,21.92,tsoc.org.cy,false,
2022-02-02 09:00:00,Cyprus,Cyprus,CY,679.01,865.4,26.67,26.67,tsoc.org.cy,false,
2022-02-02 10:00:00,Cyprus,Cyprus,CY,663.14,845.74,28.38,28.38,tsoc.org.cy,false,
2022-02-02 11:00:00,Cyprus,Cyprus,CY,682.38,869.57,26.31,26.31,tsoc.org.cy,false,
2022-02-02 12:00:00,Cyprus,Cyprus,CY,730.6,929.38,21.1,21.1,tsoc.org.cy,false,
2022-02-02 13:00:00,Cyprus,Cyprus,CY,804.44,1020.86,13.12,13.12,tsoc.org.cy,false,
2022-02-02 14:00:00,Cyprus,Cyprus,CY,864.48,1095.13,6.64,6.64,tsoc.org.cy,false,
2022-02-02 15:00:00,Cyprus,Cyprus,CY,875.03,1107.92,5.5,5.5,tsoc.org.cy,false,
2022-02-02 16:00:00,Cyprus,Cyprus,CY,871.3,1103.11,5.9,5.9,tsoc.org.cy,false,
2022-02-02 17:00:00,Cyprus,Cyprus,CY,864.92,1095.12,6.59,6.59,tsoc.org.cy,false,
2022-02-02 18:00:00,Cyprus,Cyprus,CY,858.9,1087.64,7.24,7.24,tsoc.org.cy,false,
2022-02-02 19:00:00,Cyprus,Cyprus,CY,856.95,1085.3,7.45,7.45,tsoc.org.cy,false,
2022-02-02 20:00:00,Cyprus,Cyprus,CY,855.22,1083.29,7.64,7.64,tsoc.org.cy,false,
2022-02-02 21:00:00,Cyprus,Cyprus,CY,864.38,1094.93,6.65,6.65,tsoc.org.cy,false,
2022-02-02 22:00:00,Cyprus,Cyprus,CY,874.06,1107.38,5.6,5.6,tsoc.org.cy,false,
2022-02-02 23:00:00,Cyprus,Cyprus,CY,881.77,1117.32,4.77,4.77,tsoc.org.cy,false,
2022-02-03 00:00:00,Cyprus,Cyprus,CY,859.42,1089.59,7.18,7.18,tsoc.org.cy,false,
2022-02-03 01:00:00,Cyprus,Cyprus,CY,840.83,1066.47,9.19,9.19,tsoc.org.cy,false,
2022-02-03 02:00:00,Cyprus,Cyprus,CY,842.66,1068.74,9.0,9.0,tsoc.org.cy,false,
2022-02-03 03:00:00,Cyprus,Cyprus,CY,853.17,1081.69,7.86,7.86,tsoc.org.cy,false,
2022-02-03 04:00:00,Cyprus,Cyprus,CY,884.21,1120.06,4.51,4.51,tsoc.org.cy,false,
2022-02-03 05:00:00,Cyprus,Cyprus,CY,882.43,1117.7,4.7,4.7,tsoc.org.cy,false,
2022-02-03 06:00:00,Cyprus,Cyprus,CY,827.62,1049.82,10.62,10.62,tsoc.org.cy,false,
2022-02-03 07:00:00,Cyprus,Cyprus,CY,762.92,969.73,17.61,17.61,tsoc.org.cy,false,
2022-02-03 08:00:00,Cyprus,Cyprus,CY,719.38,915.71,22.31,22.31,tsoc.org.cy,false,
2022-02-03 09:00:00,Cyprus,Cyprus,CY,687.77,876.44,25.72,25.72,tsoc.org.cy,false,
2022-02-03 10:00:00,Cyprus,Cyprus,CY,631.09,805.95,31.84,31.84,tsoc.org.cy,false,
2022-02-03 11:00:00,Cyprus,Cyprus,CY,623.67,796.23,32.65,32.65,tsoc.org.cy,false,
2022-02-03 12:00:00,Cyprus,Cyprus,CY,696.71,886.42,24.76,24.76,tsoc.org.cy,false,
2022-02-03 13:00:00,Cyprus,Cyprus,CY,748.25,950.32,19.19,19.19,tsoc.org.cy,false,
2022-02-03 14:00:00,Cyprus,Cyprus,CY,809.64,1026.54,12.56,12.56,tsoc.org.cy,false,
2022-02-03 15:00:00,Cyprus,Cyprus,CY,868.74,1100.07,6.18,6.18,tsoc.org.cy,false,
2022-02-03 16:00:00,Cyprus,Cyprus,CY,875.81,1108.76,5.41,5.41,tsoc.org.cy,false,
2022-02-03 17:00:00,Cyprus,Cyprus,CY,902.72,1142.37,2.51,2.51,tsoc.org.cy,false,
2022-02-03 18:00:00,Cyprus,Cyprus,CY,864.36,1094.47,6.65,6.65,tsoc.org.cy,false,
2022-02-03 19:00:00,Cyprus,Cyprus,CY,876.32,1109.52,5.36,5.36,tsoc.org.cy,false,
2022-02-03 20:00:00,Cyprus,Cyprus,CY,882.33,1117.19,4.71,4.71,tsoc.org.cy,false,
2022-02-03 21:00:00,Cyprus,Cyprus,CY,894.2,1132.23,3.43,3.43,tsoc.org.cy,false,
2022-02-03 22:00:00,Cyprus,Cyprus,CY,892.03,1129.86,3.66,3.66,tsoc.org.cy,false,
2022-02-03 23:00:00,Cyprus,Cyprus,CY,884.15,1120.41,4.51,4.51,tsoc.org.cy,false,
2022-02-04 00:00:00,Cyprus,Cyprus,CY,888.09,1125.39,4.09,4.09,tsoc.org.cy,false,
2022-02-04 01:00:00,Cyprus,Cyprus,CY,880.21,1115.65,4.94,4.94,tsoc.org.cy,false,
2022-02-04 02:00:00,Cyprus,Cyprus,CY,892.05,1130.43,3.66,3.66,tsoc.org.cy,false,
2022-02-04 03:00:00,Cyprus,Cyprus,CY,888.07,1125.3,4.09,4.09,tsoc.org.cy,false,
2022-02-04 04:00:00,Cyprus,Cyprus,CY,899.59,1139.28,2.85,2.85,tsoc.org.cy,false,
2022-02-04 05:00:00,Cyprus,Cyprus,CY,905.24,1146.18,2.24,2.24,tsoc.org.cy,false,
2022-02-04 06:00:00,Cyprus,Cyprus,CY,851.13,1079.19,8.08,8.08,tsoc.org.cy,false,
2022-02-04 07:00:00,Cyprus,Cyprus,CY,787.42,1000.42,14.96,14.96,tsoc.org.cy,false,
2022-02-04 08:00:00,Cyprus,Cyprus,CY,702.95,896.02,24.08,24.08,tsoc.org.cy,false,
2022-02-04 09:00:00,Cyprus,Cyprus,CY,705.11,898.74,23.85,23.85,tsoc.org.cy,false,
2022-02-04 10:00:00,Cyprus,Cyprus,CY,748.88,952.82,19.12,19.12,tsoc.org.cy,false,
2022-02-04 11:00:00,Cyprus,Cyprus,CY,809.6,1027.47,12.57,12.57,tsoc.org.cy,false,
2022-02-04 12:00:00,Cyprus,Cyprus,CY,787.21,999.33,14.98,14.98,tsoc.org.cy,false,
2022-02-04 13:00:00,Cyprus,Cyprus,CY,822.18,1042.94,11.21,11.21,tsoc.org.cy,false,
2022-02-04 14:00:00,Cyprus,Cyprus,CY,861.36,1091.55,6.98,6.98,tsoc.org.cy,false,
2022-02-04 15:00:00,Cyprus,Cyprus,CY,898.71,1137.59,2.94,2.94,tsoc.org.cy,false,
2022-02-04 16:00:00,Cyprus,Cyprus,CY,903.44,1143.3,2.43,2.43,tsoc.org.cy,false,
2022-02-04 17:00:00,Cyprus,Cyprus,CY,893.98,1131.47,3.45,3.45,tsoc.org.cy,false,
2022-02-04 18:00:00,Cyprus,Cyprus,CY,888.52,1124.7,4.04,4.04,tsoc.org.cy,false,
2022-02-04 19:00:00,Cyprus,Cyprus,CY,873.37,1105.86,5.68,5.68,tsoc.org.cy,false,
2022-02-04 20:00:00,Cyprus,Cyprus,CY,869.09,1100.65,6.14,6.14,tsoc.org.cy,false,
2022-02-04 21:00:00,Cyprus,Cyprus,CY,886.03,1121.98,4.31,4.31,tsoc.org.cy,false,
2022-02-04 22:00:00,Cyprus,Cyprus,CY,886.42,1122.75,4.27,4.27,tsoc.org.cy,false,
2022-02-04 23:00:00,Cyprus,Cyprus,CY,882.07,1117.6,4.74,4.74,tsoc.org.cy,false,
2022-02-05 00:00:00,Cyprus,Cyprus,CY,872.1,1105.36,5.82,5.82,tsoc.org.cy,false,
2022-02-05 01:00:00,Cyprus,Cyprus,CY,861.17,1091.82,7.0,7.0,tsoc.org.cy,false,
2022-02-05 02:00:00,Cyprus,Cyprus,CY,873.27,1106.96,5.69,5.69,tsoc.org.cy,false,
2022-02-05 03:00:00,Cyprus,Cyprus,CY,879.97,1115.27,4.97,4.97,tsoc.org.cy,false,
2022-02-05 04:00:00,Cyprus,Cyprus,CY,884.99,1121.35,4.42,4.42,tsoc.org.cy,false,
2022-02-05 05:00:00,Cyprus,Cyprus,CY,851.34,1079.4,8.06,8.06,tsoc.org.cy,false,
2022-02-05 06:00:00,Cyprus,Cyprus,CY,769.05,977.69,16.95,16.95,tsoc.org.cy,false,
2022-02-05 07:00:00,Cyprus,Cyprus,CY,673.99,860.23,27.21,27.21,tsoc.org.cy,false,
2022-02-05 08:00:00,Cyprus,Cyprus,CY,637.7,815.33,31.13,31.13,tsoc.org.cy,false,
2022-02-05 09:00:00,Cyprus,Cyprus,CY,601.96,771.2,34.99,34.99,tsoc.org.cy,false,
2022-02-05 10:00:00,Cyprus,Cyprus,CY,578.11,741.71,37.57,37.57,tsoc.org.cy,false,
2022-02-05 11:00:00,Cyprus,Cyprus,CY,587.38,753.05,36.56,36.56,tsoc.org.cy,false,
2022-02-05 12:00:00,Cyprus,Cyprus,CY,621.19,794.91,32.91,32.91,tsoc.org.cy,false,
2022-02-05 13:00:00,Cyprus,Cyprus,CY,700.56,892.97,24.34,24.34,tsoc.org.cy,false,
2022-02-05 14:00:00,Cyprus,Cyprus,CY,818.02,1038.24,11.66,11.66,tsoc.org.cy,false,
2022-02-05 15:00:00,Cyprus,Cyprus,CY,894.06,1132.08,3.44,3.44,tsoc.org.cy,false,
2022-02-05 16:00:00,Cyprus,Cyprus,CY,886.42,1122.21,4.27,4.27,tsoc.org.cy,false,
2022-02-05 17:00:00,Cyprus,Cyprus,CY,889.69,1126.26,3.92,3.92,tsoc.org.cy,false,
2022-02-05 18:00:00,Cyprus,Cyprus,CY,899.58,1138.68,2.85,2.85,tsoc.org.cy,false,
2022-02-05 19:00:00,Cyprus,Cyprus,CY,907.25,1148.33,2.02,2.02,tsoc.org.cy,false,
2022-02-05 20:00:00,Cyprus,Cyprus,CY,912.82,1155.38,1.42,1.42,tsoc.org.cy,false,
2022-02-05 21:00:00,Cyprus,Cyprus,CY,909.84,1151.79,1.74,1.74,tsoc.org.cy,false,
2022-02-05 22:00:00,Cyprus,Cyprus,CY,904.57,1145.46,2.31,2.31,tsoc.org.cy,false,
2022-02-05 23:00:00,Cyprus,Cyprus,CY,903.14,1143.96,2.46,2.46,tsoc.org.cy,false,
2022-02-06 00:00:00,Cyprus,Cyprus,CY,900.2,1140.51,2.78,2.78,tsoc.org.cy,false,
2022-02-06 01:00:00,Cyprus,Cyprus,CY,900.61,1141.13,2.74,2.74,tsoc.org.cy,false,
2022-02-06 02:00:00,Cyprus,Cyprus,CY,900.31,1140.8,2.77,2.77,tsoc.org.cy,false,
2022-02-06 03:00:00,Cyprus,Cyprus,CY,904.22,1145.63,2.35,2.35,tsoc.org.cy,false,
2022-02-06 04:00:00,Cyprus,Cyprus,CY,911.94,1155.16,1.51,1.51,tsoc.org.cy,false,
2022-02-06 05:00:00,Cyprus,Cyprus,CY,881.9,1117.86,4.76,4.76,tsoc.org.cy,false,
2022-02-06 06:00:00,Cyprus,Cyprus,CY,804.28,1021.68,13.14,13.14,tsoc.org.cy,false,
2022-02-06 07:00:00,Cyprus,Cyprus,CY,821.34,1042.56,11.3,11.3,tsoc.org.cy,false,
2022-02-06 08:00:00,Cyprus,Cyprus,CY,838.01,1062.88,9.5,9.5,tsoc.org.cy,false,
2022-02-06 09:00:00,Cyprus,Cyprus,CY,790.45,1003.84,14.63,14.63,tsoc.org.cy,false,
2022-02-06 10:00:00,Cyprus,Cyprus,CY,801.93,1018.09,13.39,13.39,tsoc.org.cy,false,
2022-02-06 11:00:00,Cyprus,Cyprus,CY,780.78,991.76,15.68,15.68,tsoc.org.cy,false,
2022-02-06 12:00:00,Cyprus,Cyprus,CY,828.55,1050.97,10.52,10.52,tsoc.org.cy,false,
2022-02-06 13:00:00,Cyprus,Cyprus,CY,855.72,1084.54,7.58,7.58,tsoc.org.cy,false,
2022-02-06 14:00:00,Cyprus,Cyprus,CY,887.49,1123.84,4.15,4.15,tsoc.org.cy,false,
2022-02-06 15:00:00,Cyprus,Cyprus,CY,897.74,1136.42,3.05,3.05,tsoc.org.cy,false,
2022-02-06 16:00:00,Cyprus,Cyprus,CY,911.56,1153.55,1.55,1.55,tsoc.org.cy,false,
2022-02-06 17:00:00,Cyprus,Cyprus,CY,913.14,1155.5,1.38,1.38,tsoc.org.cy,false,
2022-02-06 18:00:00,Cyprus,Cyprus,CY,909.02,1150.41,1.83,1.83,tsoc.org.cy,false,
2022-02-06 19:00:00,Cyprus,Cyprus,CY,904.39,1144.69,2.33,2.33,tsoc.org.cy,false,
2022-02-06 20:00:00,Cyprus,Cyprus,CY,904.69,1145.19,2.3,2.3,tsoc.org.cy,false,
2022-02-06 21:00:00,Cyprus,Cyprus,CY,906.17,1147.22,2.14,2.14,tsoc.org.cy,false,
2022-02-06 22:00:00,Cyprus,Cyprus,CY,879.32,1114.01,5.04,5.04,tsoc.org.cy,false,
2022-02-06 23:00:00,Cyprus,Cyprus,CY,854.8,1083.69,7.68,7.68,tsoc.org.cy,false,
2022-02-07 00:00:00,Cyprus,Cyprus,CY,851.55,1079.83,8.04,8.04,tsoc.org.cy,false,
2022-02-07 01:00:00,Cyprus,Cyprus,CY,863.9,1095.36,6.7,6.7,tsoc.org.cy,false,
2022-02-07 02:00:00,Cyprus,Cyprus,CY,881.53,1117.38,4.8,4.8,tsoc.org.cy,false,
2022-02-07 03:00:00,Cyprus,Cyprus,CY,900.98,1141.5,2.7,2.7,tsoc.org.cy,false,
2022-02-07 04:00:00,Cyprus,Cyprus,CY,914.48,1157.92,1.24,1.24,tsoc.org.cy,false,
2022-02-07 05:00:00,Cyprus,Cyprus,CY,890.08,1127.46,3.87,3.87,tsoc.org.cy,false,
2022-02-07 06:00:00,Cyprus,Cyprus,CY,799.64,1015.58,13.64,13.64,tsoc.org.cy,false,
2022-02-07 07:00:00,Cyprus,Cyprus,CY,720.74,918.09,22.16,22.16,tsoc.org.cy,false,
2022-02-07 08:00:00,Cyprus,Cyprus,CY,671.93,857.82,27.43,27.43,tsoc.org.cy,false,
2022-02-07 09:00:00,Cyprus,Cyprus,CY,653.35,834.86,29.44,29.44,tsoc.org.cy,false,
2022-02-07 10:00:00,Cyprus,Cyprus,CY,660.15,843.19,28.71,28.71,tsoc.org.cy,false,
2022-02-07 11:00:00,Cyprus,Cyprus,CY,698.21,890.11,24.6,24.6,tsoc.org.cy,false,
2022-02-07 12:00:00,Cyprus,Cyprus,CY,731.28,930.94,21.02,21.02,tsoc.org.cy,false,
2022-02-07 13:00:00,Cyprus,Cyprus,CY,786.31,998.97,15.08,15.08,tsoc.org.cy,false,
2022-02-07 14:00:00,Cyprus,Cyprus,CY,839.99,1065.26,9.28,9.28,tsoc.org.cy,false,
2022-02-07 15:00:00,Cyprus,Cyprus,CY,893.25,1130.93,3.53,3.53,tsoc.org.cy,false,
2022-02-07 16:00:00,Cyprus,Cyprus,CY,903.48,1143.45,2.43,2.43,tsoc.org.cy,false,
2022-02-07 17:00:00,Cyprus,Cyprus,CY,912.35,1154.49,1.47,1.47,tsoc.org.cy,false,
2022-02-07 18:00:00,Cyprus,Cyprus,CY,908.45,1149.65,1.89,1.89,tsoc.org.cy,false,
2022-02-07 19:00:00,Cyprus,Cyprus,CY,900.73,1140.08,2.72,2.72,tsoc.org.cy,false,
2022-02-07 20:00:00,Cyprus,Cyprus,CY,890.82,1127.84,3.79,3.79,tsoc.org.cy,false,
2022-02-07 21:00:00,Cyprus,Cyprus,CY,885.8,1121.77,4.34,4.34,tsoc.org.cy,false,
2022-02-07 22:00:00,Cyprus,Cyprus,CY,867.45,1099.19,6.32,6.32,tsoc.org.cy,false,
2022-02-07 23:00:00,Cyprus,Cyprus,CY,872.3,1105.59,5.79,5.79,tsoc.org.cy,false,
2022-02-08 00:00:00,Cyprus,Cyprus,CY,868.5,1101.06,6.2,6.2,tsoc.org.cy,false,
2022-02-08 01:00:00,Cyprus,Cyprus,CY,880.99,1116.77,4.86,4.86,tsoc.org.cy,false,
2022-02-08 02:00:00,Cyprus,Cyprus,CY,857.6,1087.53,7.38,7.38,tsoc.org.cy,false,
2022-02-08 03:00:00,Cyprus,Cyprus,CY,825.53,1047.28,10.84,10.84,tsoc.org.cy,false,
2022-02-08 04:00:00,Cyprus,Cyprus,CY,808.08,1025.02,12.73,12.73,tsoc.org.cy,false,
2022-02-08 05:00:00,Cyprus,Cyprus,CY,790.75,1003.43,14.6,14.6,tsoc.org.cy,false,
2022-02-08 06:00:00,Cyprus,Cyprus,CY,725.4,922.66,21.66,21.66,tsoc.org.cy,false,
2022-02-08 07:00:00,Cyprus,Cyprus,CY,648.5,827.59,29.96,29.96,tsoc.org.cy,false,
2022-02-08 08:00:00,Cyprus,Cyprus,CY,614.8,785.98,33.6,33.6,tsoc.org.cy,false,
2022-02-08 09:00:00,Cyprus,Cyprus,CY,558.15,715.91,39.72,39.72,tsoc.org.cy,false,
2022-02-08 10:00:00,Cyprus,Cyprus,CY,573.88,735.48,38.02,38.02,tsoc.org.cy,false,
2022-02-08 11:00:00,Cyprus,Cyprus,CY,642.52,820.5,30.61,30.61,tsoc.org.cy,false,
2022-02-08 12:00:00,Cyprus,Cyprus,CY,742.61,944.47,19.8,19.8,tsoc.org.cy,false,
2022-02-08 13:00:00,Cyprus,Cyprus,CY,791.58,1005.07,14.51,14.51,tsoc.org.cy,false,
2022-02-08 14:00:00,Cyprus,Cyprus,CY,856.38,1085.2,7.51,7.51,tsoc.org.cy,false,
2022-02-08 15:00:00,Cyprus,Cyprus,CY,874.46,1107.35,5.56,5.56,tsoc.org.cy,false,
2022-02-08 16:00:00,Cyprus,Cyprus,CY,873.32,1105.78,5.68,5.68,tsoc.org.cy,false,
2022-02-08 17:00:00,Cyprus,Cyprus,CY,868.65,1099.91,6.19,6.19,tsoc.org.cy,false,
2022-02-08 18:00:00,Cyprus,Cyprus,CY,877.69,1111.26,5.21,5.21,tsoc.org.cy,false,
2022-02-08 19:00:00,Cyprus,Cyprus,CY,873.91,1106.64,5.62,5.62,tsoc.org.cy,false,
2022-02-08 20:00:00,Cyprus,Cyprus,CY,857.47,1086.26,7.4,7.4,tsoc.org.cy,false,
2022-02-08 21:00:00,Cyprus,Cyprus,CY,823.7,1044.27,11.04,11.04,tsoc.org.cy,false,
2022-02-08 22:00:00,Cyprus,Cyprus,CY,783.8,994.76,15.35,15.35,tsoc.org.cy,false,
2022-02-08 23:00:00,Cyprus,Cyprus,CY,811.91,1030.26,12.32,12.32,tsoc.org.cy,false,
2022-02-09 00:00:00,Cyprus,Cyprus,CY,818.42,1038.61,11.61,11.61,tsoc.org.cy,false,
2022-02-09 01:00:00,Cyprus,Cyprus,CY,788.42,1001.19,14.85,14.85,tsoc.org.cy,false,
2022-02-09 02:00:00,Cyprus,Cyprus,CY,752.06,955.72,18.78,18.78,tsoc.org.cy,false,
2022-02-09 03:00:00,Cyprus,Cyprus,CY,763.97,970.4,17.49,17.49,tsoc.org.cy,false,
2022-02-09 04:00:00,Cyprus,Cyprus,CY,770.4,977.97,16.8,16.8,tsoc.org.cy,false,
2022-02-09 05:00:00,Cyprus,Cyprus,CY,833.99,1057.19,9.93,9.93,tsoc.org.cy,false,
2022-02-09 06:00:00,Cyprus,Cyprus,CY,866.51,1097.67,6.42,6.42,tsoc.org.cy,false,
2022-02-09 07:00:00,Cyprus,Cyprus,CY,854.98,1083.28,7.66,7.66,tsoc.org.cy,false,
2022-02-09 08:00:00,Cyprus,Cyprus,CY,802.65,1018.19,13.32,13.32,tsoc.org.cy,false,
2022-02-09 09:00:00,Cyprus,Cyprus,CY,795.14,1008.99,14.13,14.13,tsoc.org.cy,false,
2022-02-09 10:00:00,Cyprus,Cyprus,CY,754.73,959.22,18.49,18.49,tsoc.org.cy,false,
2022-02-09 11:00:00,Cyprus,Cyprus,CY,689.8,878.56,25.5,25.5,tsoc.org.cy,false,
2022-02-09 12:00:00,Cyprus,Cyprus,CY,708.91,902.41,23.44,23.44,tsoc.org.cy,false,
2022-02-09 13:00:00,Cyprus,Cyprus,CY,755.13,959.38,18.45,18.45,tsoc.org.cy,false,
2022-02-09 14:00:00,Cyprus,Cyprus,CY,809.78,1027.03,12.55,12.55,tsoc.org.cy,false,
2022-02-09 15:00:00,Cyprus,Cyprus,CY,881.68,1116.29,4.78,4.78,tsoc.org.cy,false,
2022-02-09 16:00:00,Cyprus,Cyprus,CY,903.92,1143.87,2.38,2.38,tsoc.org.cy,false,
2022-02-09 17:00:00,Cyprus,Cyprus,CY,908.35,1149.39,1.9,1.9,tsoc.org.cy,false,
2022-02-09 18:00:00,Cyprus,Cyprus,CY,877.8,1111.25,5.2,5.2,tsoc.org.cy,false,
2022-02-09 19:00:00,Cyprus,Cyprus,CY,866.23,1096.89,6.45,6.45,tsoc.org.cy,false,
2022-02-09 20:00:00,Cyprus,Cyprus,CY,856.42,1084.79,7.51,7.51,tsoc.org.cy,false,
2022-02-09 21:00:00,Cyprus,Cyprus,CY,843.54,1068.89,8.9,8.9,tsoc.org.cy,false,
2022-02-09 22:00:00,Cyprus,Cyprus,CY,791.39,1004.07,14.53,14.53,tsoc.org.cy,false,
2022-02-09 23:00:00,Cyprus,Cyprus,CY,775.26,984.21,16.27,16.27,tsoc.org.cy,false,
2022-02-10 00:00:00,Cyprus,Cyprus,CY,774.39,983.36,16.37,16.37,tsoc.org.cy,false,
2022-02-10 01:00:00,Cyprus,Cyprus,CY,759.11,964.36,18.02,18.02,tsoc.org.cy,false,
2022-02-10 02:00:00,Cyprus,Cyprus,CY,763.52,969.85,17.54,17.54,tsoc.org.cy,false,
2022-02-10 03:00:00,Cyprus,Cyprus,CY,785.1,996.63,15.21,15.21,tsoc.org.cy,false,
2022-02-10 04:00:00,Cyprus,Cyprus,CY,841.81,1067.06,9.09,9.09,tsoc.org.cy,false,
2022-02-10 05:00:00,Cyprus,Cyprus,CY,838.36,1062.9,9.46,9.46,tsoc.org.cy,false,
2022-02-10 06:00:00,Cyprus,Cyprus,CY,782.96,994.65,15.44,15.44,tsoc.org.cy,false,
2022-02-10 07:00:00,Cyprus,Cyprus,CY,696.26,887.43,24.81,24.81,tsoc.org.cy,false,
2022-02-10 08:00:00,Cyprus,Cyprus,CY,637.5,814.63,31.15,31.15,tsoc.org.cy,false,
2022-02-10 09:00:00,Cyprus,Cyprus,CY,583.57,747.48,36.98,36.98,tsoc.org.cy,false,
2022-02-10 10:00:00,Cyprus,Cyprus,CY,575.93,738.02,37.8,37.8,tsoc.org.cy,false,
2022-02-10 11:00:00,Cyprus,Cyprus,CY,566.37,726.13,38.83,38.83,tsoc.org.cy,false,
2022-02-10 12:00:00,Cyprus,Cyprus,CY,608.96,778.86,34.23,34.23,tsoc.org.cy,false,
2022-02-10 13:00:00,Cyprus,Cyprus,CY,672.49,857.41,27.37,27.37,tsoc.org.cy,false,
2022-02-10 14:00:00,Cyprus,Cyprus,CY,798.44,1013.26,13.77,13.77,tsoc.org.cy,false,
2022-02-10 15:00:00,Cyprus,Cyprus,CY,849.66,1076.4,8.24,8.24,tsoc.org.cy,false,
2022-02-10 16:00:00,Cyprus,Cyprus,CY,869.68,1101.14,6.08,6.08,tsoc.org.cy,false,
2022-02-10 17:00:00,Cyprus,Cyprus,CY,888.38,1124.49,4.06,4.06,tsoc.org.cy,false,
2022-02-10 18:00:00,Cyprus,Cyprus,CY,896.71,1134.93,3.16,3.16,tsoc.org.cy,false,
2022-02-10 19:00:00,Cyprus,Cyprus,CY,878.75,1112.57,5.1,5.1,tsoc.org.cy,false,
2022-02-10 20:00:00,Cyprus,Cyprus,CY,850.71,1077.67,8.13,8.13,tsoc.org.cy,false,
2022-02-10 21:00:00,Cyprus,Cyprus,CY,838.95,1063.17,9.4,9.4,tsoc.org.cy,false,
2022-02-10 22:00:00,Cyprus,Cyprus,CY,830.03,1052.38,10.36,10.36,tsoc.org.cy,false,
2022-02-10 23:00:00,Cyprus,Cyprus,CY,817.18,1036.59,11.75,11.75,tsoc.org.cy,false,
2022-02-11 00:00:00,Cyprus,Cyprus,CY,808.66,1026.14,12.67,12.67,tsoc.org.cy,false,
2022-02-11 01:00:00,Cyprus,Cyprus,CY,811.04,1029.2,12.41,12.41,tsoc.org.cy,false,
2022-02-11 02:00:00,Cyprus,Cyprus,CY,827.3,1049.52,10.65,10.65,tsoc.org.cy,false,
2022-02-11 03:00:00,Cyprus,Cyprus,CY,831.68,1054.82,10.18,10.18,tsoc.org.cy,false,
2022-02-11 04:00:00,Cyprus,Cyprus,CY,857.59,1086.78,7.38,7.38,tsoc.org.cy,false,
2022-02-11 05:00:00,Cyprus,Cyprus,CY,828.44,1050.53,10.53,10.53,tsoc.org.cy,false,
2022-02-11 06:00:00,Cyprus,Cyprus,CY,758.93,964.93,18.04,18.04,tsoc.org.cy,false,
2022-02-11 07:00:00,Cyprus,Cyprus,CY,696.79,888.42,24.75,24.75,tsoc.org.cy,false,
2022-02-11 08:00:00,Cyprus,Cyprus,CY,645.2,824.77,30.32,30.32,tsoc.org.cy,false,
2022-02-11 09:00:00,Cyprus,Cyprus,CY,607.96,778.76,34.34,34.34,tsoc.org.cy,false,
2022-02-11 10:00:00,Cyprus,Cyprus,CY,596.69,764.81,35.56,35.56,tsoc.org.cy,false,
2022-02-11 11:00:00,Cyprus,Cyprus,CY,602.18,771.55,34.97,34.97,tsoc.org.cy,false,
2022-02-11 12:00:00,Cyprus,Cyprus,CY,632.33,808.78,31.71,31.71,tsoc.org.cy,false,
2022-02-11 13:00:00,Cyprus,Cyprus,CY,697.69,889.62,24.65,24.65,tsoc.org.cy,false,
2022-02-11 14:00:00,Cyprus,Cyprus,CY,812.95,1032.18,12.2,12.2,tsoc.org.cy,false,
2022-02-11 15:00:00,Cyprus,Cyprus,CY,903.35,1143.78,2.44,2.44,tsoc.org.cy,false,
2022-02-11 16:00:00,Cyprus,Cyprus,CY,914.38,1157.16,1.25,1.25,tsoc.org.cy,false,
2022-02-11 17:00:00,Cyprus,Cyprus,CY,911.41,1153.38,1.57,1.57,tsoc.org.cy,false,
2022-02-11 18:00:00,Cyprus,Cyprus,CY,903.56,1143.61,2.42,2.42,tsoc.org.cy,false,
2022-02-11 19:00:00,Cyprus,Cyprus,CY,899.06,1138.06,2.9,2.9,tsoc.org.cy,false,
2022-02-11 20:00:00,Cyprus,Cyprus,CY,902.96,1143.06,2.48,2.48,tsoc.org.cy,false,
2022-02-11 21:00:00,Cyprus,Cyprus,CY,896.72,1135.43,3.16,3.16,tsoc.org.cy,false,
2022-02-11 22:00:00,Cyprus,Cyprus,CY,908.34,1150.25,1.9,1.9,tsoc.org.cy,false,
2022-02-11 23:00:00,Cyprus,Cyprus,CY,906.6,1148.36,2.09,2.09,tsoc.org.cy,false,
2022-02-12 00:00:00,Cyprus,Cyprus,CY,900.13,1140.48,2.79,2.79,tsoc.org.cy,false,
2022-02-12 01:00:00,Cyprus,Cyprus,CY,897.4,1137.19,3.08,3.08,tsoc.org.cy,false,
2022-02-12 02:00:00,Cyprus,Cyprus,CY,896.62,1136.24,3.17,3.17,tsoc.org.cy,false,
2022-02-12 03:00:00,Cyprus,Cyprus,CY,884.97,1121.57,4.43,4.43,tsoc.org.cy,false,
2022-02-12 04:00:00,Cyprus,Cyprus,CY,895.53,1134.61,3.29,3.29,tsoc.org.cy,false,
2022-02-12 05:00:00,Cyprus,Cyprus,CY,852.22,1080.9,7.96,7.96,tsoc.org.cy,false,
2022-02-12 06:00:00,Cyprus,Cyprus,CY,732.73,933.14,20.87,20.87,tsoc.org.cy,false,
2022-02-12 07:00:00,Cyprus,Cyprus,CY,653.59,835.42,29.41,29.41,tsoc.org.cy,false,
2022-02-12 08:00:00,Cyprus,Cyprus,CY,598.96,767.94,35.31,35.31,tsoc.org.cy,false,
2022-02-12 09:00:00,Cyprus,Cyprus,CY,565.7,726.85,38.91,38.91,tsoc.org.cy,false,
2022-02-12 10:00:00,Cyprus,Cyprus,CY,539.7,694.61,41.71,41.71,tsoc.org.cy,false,
2022-02-12 11:00:00,Cyprus,Cyprus,CY,544.44,700.39,41.2,41.2,tsoc.org.cy,false,
2022-02-12 12:00:00,Cyprus,Cyprus,CY,576.99,740.64,37.69,37.69,tsoc.org.cy,false,
2022-02-12 13:00:00,Cyprus,Cyprus,CY,647.87,828.12,30.03,30.03,tsoc.org.cy,false,
2022-02-12 14:00:00,Cyprus,Cyprus,CY,776.27,986.79,16.17,16.17,tsoc.org.cy,false,
2022-02-12 15:00:00,Cyprus,Cyprus,CY,890.82,1128.33,3.79,3.79,tsoc.org.cy,false,
2022-02-12 16:00:00,Cyprus,Cyprus,CY,904.75,1145.27,2.29,2.29,tsoc.org.cy,false,
2022-02-12 17:00:00,Cyprus,Cyprus,CY,890.54,1127.42,3.82,3.82,tsoc.org.cy,false,
2022-02-12 18:00:00,Cyprus,Cyprus,CY,888.94,1125.47,4.0,4.0,tsoc.org.cy,false,
2022-02-12 19:00:00,Cyprus,Cyprus,CY,900.55,1140.06,2.74,2.74,tsoc.org.cy,false,
2022-02-12 20:00:00,Cyprus,Cyprus,CY,900.55,1140.16,2.74,2.74,tsoc.org.cy,false,
2022-02-12 21:00:00,Cyprus,Cyprus,CY,908.41,1150.13,1.89,1.89,tsoc.org.cy,false,
2022-02-12 22:00:00,Cyprus,Cyprus,CY,911.67,1154.47,1.54,1.54,tsoc.org.cy,false,
2022-02-12 23:00:00,Cyprus,Cyprus,CY,909.94,1152.6,1.73,1.73,tsoc.org.cy,false,
2022-02-13 00:00:00,Cyprus,Cyprus,CY,909.07,1151.73,1.82,1.82,tsoc.org.cy,false,
2022-02-13 01:00:00,Cyprus,Cyprus,CY,911.06,1154.33,1.61,1.61,tsoc.org.cy,false,
2022-02-13 02:00:00,Cyprus,Cyprus,CY,905.49,1147.41,2.21,2.21,tsoc.org.cy,false,
2022-02-13 03:00:00,Cyprus,Cyprus,CY,900.55,1141.19,2.74,2.74,tsoc.org.cy,false,
2022-02-13 04:00:00,Cyprus,Cyprus,CY,902.06,1142.96,2.58,2.58,tsoc.org.cy,false,
2022-02-13 05:00:00,Cyprus,Cyprus,CY,857.24,1087.41,7.42,7.42,tsoc.org.cy,false,
2022-02-13 06:00:00,Cyprus,Cyprus,CY,726.88,926.26,21.5,21.5,tsoc.org.cy,false,
2022-02-13 07:00:00,Cyprus,Cyprus,CY,625.96,801.54,32.4,32.4,tsoc.org.cy,false,
2022-02-13 08:00:00,Cyprus,Cyprus,CY,607.18,778.36,34.43,34.43,tsoc.org.cy,false,
2022-02-13 09:00:00,Cyprus,Cyprus,CY,562.37,722.94,39.27,39.27,tsoc.org.cy,false,
2022-02-13 10:00:00,Cyprus,Cyprus,CY,575.6,739.22,37.84,37.84,tsoc.org.cy,false,
2022-02-13 11:00:00,Cyprus,Cyprus,CY,597.21,765.7,35.5,35.5,tsoc.org.cy,false,
2022-02-13 12:00:00,Cyprus,Cyprus,CY,628.78,804.36,32.09,32.09,tsoc.org.cy,false,
2022-02-13 13:00:00,Cyprus,Cyprus,CY,695.93,887.25,24.84,24.84,tsoc.org.cy,false,
2022-02-13 14:00:00,Cyprus,Cyprus,CY,801.5,1017.8,13.44,13.44,tsoc.org.cy,false,
2022-02-13 15:00:00,Cyprus,Cyprus,CY,858.29,1087.68,7.31,7.31,tsoc.org.cy,false,
2022-02-13 16:00:00,Cyprus,Cyprus,CY,875.66,1108.96,5.43,5.43,tsoc.org.cy,false,
2022-02-13 17:00:00,Cyprus,Cyprus,CY,886.6,1122.56,4.25,4.25,tsoc.org.cy,false,
2022-02-13 18:00:00,Cyprus,Cyprus,CY,886.58,1122.55,4.25,4.25,tsoc.org.cy,false,
2022-02-13 19:00:00,Cyprus,Cyprus,CY,886.19,1122.13,4.29,4.29,tsoc.org.cy,false,
2022-02-13 20:00:00,Cyprus,Cyprus,CY,882.37,1117.51,4.71,4.71,tsoc.org.cy,false,
2022-02-13 21:00:00,Cyprus,Cyprus,CY,885.98,1122.23,4.32,4.32,tsoc.org.cy,false,
2022-02-13 22:00:00,Cyprus,Cyprus,CY,896.35,1135.56,3.2,3.2,tsoc.org.cy,false,
2022-02-13 23:00:00,Cyprus,Cyprus,CY,896.8,1136.45,3.15,3.15,tsoc.org.cy,false,
2022-02-14 00:00:00,Cyprus,Cyprus,CY,895.97,1135.61,3.24,3.24,tsoc.org.cy,false,
2022-02-14 01:00:00,Cyprus,Cyprus,CY,886.82,1124.28,4.23,4.23,tsoc.org.cy,false,
2022-02-14 02:00:00,Cyprus,Cyprus,CY,869.41,1102.53,6.11,6.11,tsoc.org.cy,false,
2022-02-14 03:00:00,Cyprus,Cyprus,CY,868.31,1100.95,6.22,6.22,tsoc.org.cy,false,
2022-02-14 04:00:00,Cyprus,Cyprus,CY,871.62,1104.59,5.87,5.87,tsoc.org.cy,false,
2022-02-14 05:00:00,Cyprus,Cyprus,CY,863.24,1094.16,6.77,6.77,tsoc.org.cy,false,
2022-02-14 06:00:00,Cyprus,Cyprus,CY,825.69,1047.65,10.83,10.83,tsoc.org.cy,false,
2022-02-14 07:00:00,Cyprus,Cyprus,CY,798.42,1013.96,13.77,13.77,tsoc.org.cy,false,
2022-02-14 08:00:00,Cyprus,Cyprus,CY,709.47,903.89,23.38,23.38,tsoc.org.cy,false,
2022-02-14 09:00:00,Cyprus,Cyprus,CY,689.11,878.48,25.58,25.58,tsoc.org.cy,false,
2022-02-14 10:00:00,Cyprus,Cyprus,CY,733.58,933.53,20.78,20.78,tsoc.org.cy,false,
2022-02-14 11:00:00,Cyprus,Cyprus,CY,725.42,923.21,21.66,21.66,tsoc.org.cy,false,
2022-02-14 12:00:00,Cyprus,Cyprus,CY,709.92,904.14,23.33,23.33,tsoc.org.cy,false,
2022-02-14 13:00:00,Cyprus,Cyprus,CY,737.61,938.28,20.34,20.34,tsoc.org.cy,false,
2022-02-14 14:00:00,Cyprus,Cyprus,CY,802.42,1018.46,13.34,13.34,tsoc.org.cy,false,
2022-02-14 15:00:00,Cyprus,Cyprus,CY,872.69,1105.38,5.75,5.75,tsoc.org.cy,false,
2022-02-14 16:00:00,Cyprus,Cyprus,CY,899.33,1138.34,2.88,2.88,tsoc.org.cy,false,
2022-02-14 17:00:00,Cyprus,Cyprus,CY,902.88,1142.72,2.49,2.49,tsoc.org.cy,false,
2022-02-14 18:00:00,Cyprus,Cyprus,CY,902.37,1142.13,2.55,2.55,tsoc.org.cy,false,
2022-02-14 19:00:00,Cyprus,Cyprus,CY,906.16,1146.99,2.14,2.14,tsoc.org.cy,false,
2022-02-14 20:00:00,Cyprus,Cyprus,CY,909.84,1151.74,1.74,1.74,tsoc.org.cy,false,
2022-02-14 21:00:00,Cyprus,Cyprus,CY,911.89,1154.52,1.52,1.52,tsoc.org.cy,false,
2022-02-14 22:00:00,Cyprus,Cyprus,CY,897.89,1137.39,3.03,3.03,tsoc.org.cy,false,
2022-02-14 23:00:00,Cyprus,Cyprus,CY,889.24,1126.94,3.96,3.96,tsoc.org.cy,false,
2022-02-15 00:00:00,Cyprus,Cyprus,CY,890.44,1128.65,3.83,3.83,tsoc.org.cy,false,
2022-02-15 01:00:00,Cyprus,Cyprus,CY,893.75,1132.88,3.48,3.48,tsoc.org.cy,false,
2022-02-15 02:00:00,Cyprus,Cyprus,CY,901.88,1143.02,2.6,2.6,tsoc.org.cy,false,
2022-02-15 03:00:00,Cyprus,Cyprus,CY,911.9,1155.33,1.52,1.52,tsoc.org.cy,false,
2022-02-15 04:00:00,Cyprus,Cyprus,CY,915.47,1159.31,1.13,1.13,tsoc.org.cy,false,
2022-02-15 05:00:00,Cyprus,Cyprus,CY,887.59,1124.53,4.14,4.14,tsoc.org.cy,false,
2022-02-15 06:00:00,Cyprus,Cyprus,CY,813.95,1033.37,12.1,12.1,tsoc.org.cy,false,
2022-02-15 07:00:00,Cyprus,Cyprus,CY,725.28,923.77,21.67,21.67,tsoc.org.cy,false,
2022-02-15 08:00:00,Cyprus,Cyprus,CY,677.92,865.26,26.79,26.79,tsoc.org.cy,false,
2022-02-15 09:00:00,Cyprus,Cyprus,CY,658.59,841.37,28.87,28.87,tsoc.org.cy,false,
2022-02-15 10:00:00,Cyprus,Cyprus,CY,658.12,840.7,28.92,28.92,tsoc.org.cy,false,
2022-02-15 11:00:00,Cyprus,Cyprus,CY,699.39,891.63,24.47,24.47,tsoc.org.cy,false,
2022-02-15 12:00:00,Cyprus,Cyprus,CY,744.18,946.99,19.63,19.63,tsoc.org.cy,false,
2022-02-15 13:00:00,Cyprus,Cyprus,CY,806.18,1023.54,12.94,12.94,tsoc.org.cy,false,
2022-02-15 14:00:00,Cyprus,Cyprus,CY,873.0,1106.11,5.72,5.72,tsoc.org.cy,false,
2022-02-15 15:00:00,Cyprus,Cyprus,CY,899.14,1138.3,2.9,2.9,tsoc.org.cy,false,
2022-02-15 16:00:00,Cyprus,Cyprus,CY,904.75,1145.11,2.29,2.29,tsoc.org.cy,false,
2022-02-15 17:00:00,Cyprus,Cyprus,CY,909.74,1151.32,1.75,1.75,tsoc.org.cy,false,
2022-02-15 18:00:00,Cyprus,Cyprus,CY,910.74,1152.62,1.64,1.64,tsoc.org.cy,false,
2022-02-15 19:00:00,Cyprus,Cyprus,CY,908.18,1149.53,1.92,1.92,tsoc.org.cy,false,
2022-02-15 20:00:00,Cyprus,Cyprus,CY,899.71,1139.13,2.83,2.83,tsoc.org.cy,false,
2022-02-15 21:00:00,Cyprus,Cyprus,CY,886.07,1122.3,4.31,4.31,tsoc.org.cy,false,
2022-02-15 22:00:00,Cyprus,Cyprus,CY,860.86,1091.18,7.03,7.03,tsoc.org.cy,false,
2022-02-15 23:00:00,Cyprus,Cyprus,CY,844.71,1071.34,8.77,8.77,tsoc.org.cy,false,
2022-02-16 00:00:00,Cyprus,Cyprus,CY,830.74,1054.08,10.28,10.28,tsoc.org.cy,false,
2022-02-16 01:00:00,Cyprus,Cyprus,CY,820.32,1041.16,11.41,11.41,tsoc.org.cy,false,
2022-02-16 02:00:00,Cyprus,Cyprus,CY,809.99,1028.22,12.52,12.52,tsoc.org.cy,false,
2022-02-16 03:00:00,Cyprus,Cyprus,CY,820.25,1040.81,11.42,11.42,tsoc.org.cy,false,
2022-02-16 04:00:00,Cyprus,Cyprus,CY,857.59,1087.01,7.38,7.38,tsoc.org.cy,false,
2022-02-16 05:00:00,Cyprus,Cyprus,CY,836.95,1061.37,9.61,9.61,tsoc.org.cy,false,
2022-02-16 06:00:00,Cyprus,Cyprus,CY,746.55,949.69,19.37,19.37,tsoc.org.cy,false,
2022-02-16 07:00:00,Cyprus,Cyprus,CY,675.94,862.68,27.0,27.0,tsoc.org.cy,false,
2022-02-16 08:00:00,Cyprus,Cyprus,CY,619.85,793.5,33.06,33.06,tsoc.org.cy,false,
2022-02-16 09:00:00,Cyprus,Cyprus,CY,592.86,760.19,35.97,35.97,tsoc.org.cy,false,
2022-02-16 10:00:00,Cyprus,Cyprus,CY,598.77,767.53,35.33,35.33,tsoc.org.cy,false,
2022-02-16 11:00:00,Cyprus,Cyprus,CY,603.22,772.91,34.85,34.85,tsoc.org.cy,false,
2022-02-16 12:00:00,Cyprus,Cyprus,CY,624.37,798.76,32.57,32.57,tsoc.org.cy,false,
2022-02-16 13:00:00,Cyprus,Cyprus,CY,713.71,909.24,22.92,22.92,tsoc.org.cy,false,
2022-02-16 14:00:00,Cyprus,Cyprus,CY,809.49,1027.66,12.58,12.58,tsoc.org.cy,false,
2022-02-16 15:00:00,Cyprus,Cyprus,CY,883.29,1118.76,4.61,4.61,tsoc.org.cy,false,
2022-02-16 16:00:00,Cyprus,Cyprus,CY,894.79,1132.76,3.36,3.36,tsoc.org.cy,false,
2022-02-16 17:00:00,Cyprus,Cyprus,CY,902.99,1142.93,2.48,2.48,tsoc.org.cy,false,
2022-02-16 18:00:00,Cyprus,Cyprus,CY,904.01,1144.24,2.37,2.37,tsoc.org.cy,false,
2022-02-16 19:00:00,Cyprus,Cyprus,CY,907.27,1148.42,2.02,2.02,tsoc.org.cy,false,
2022-02-16 20:00:00,Cyprus,Cyprus,CY,914.3,1157.46,1.26,1.26,tsoc.org.cy,false,
2022-02-16 21:00:00,Cyprus,Cyprus,CY,915.35,1158.92,1.14,1.14,tsoc.org.cy,false,
2022-02-16 22:00:00,Cyprus,Cyprus,CY,914.01,1157.61,1.29,1.29,tsoc.org.cy,false,
2022-02-16 23:00:00,Cyprus,Cyprus,CY,913.44,1157.25,1.35,1.35,tsoc.org.cy,false,
2022-02-17 00:00:00,Cyprus,Cyprus,CY,912.04,1155.7,1.5,1.5,tsoc.org.cy,false,
2022-02-17 01:00:00,Cyprus,Cyprus,CY,909.32,1152.4,1.8,1.8,tsoc.org.cy,false,
2022-02-17 02:00:00,Cyprus,Cyprus,CY,911.81,1155.46,1.53,1.53,tsoc.org.cy,false,
2022-02-17 03:00:00,Cyprus,Cyprus,CY,913.26,1157.07,1.37,1.37,tsoc.org.cy,false,
2022-02-17 04:00:00,Cyprus,Cyprus,CY,913.26,1156.64,1.37,1.37,tsoc.org.cy,false,
2022-02-17 05:00:00,Cyprus,Cyprus,CY,899.63,1139.45,2.84,2.84,tsoc.org.cy,false,
2022-02-17 06:00:00,Cyprus,Cyprus,CY,863.89,1095.1,6.7,6.7,tsoc.org.cy,false,
2022-02-17 07:00:00,Cyprus,Cyprus,CY,833.69,1057.72,9.96,9.96,tsoc.org.cy,false,
2022-02-17 08:00:00,Cyprus,Cyprus,CY,803.27,1020.12,13.25,13.25,tsoc.org.cy,false,
2022-02-17 09:00:00,Cyprus,Cyprus,CY,773.41,983.19,16.47,16.47,tsoc.org.cy,false,
2022-02-17 10:00:00,Cyprus,Cyprus,CY,773.55,983.4,16.46,16.46,tsoc.org.cy,false,
2022-02-17 11:00:00,Cyprus,Cyprus,CY,809.83,1028.22,12.54,12.54,tsoc.org.cy,false,
2022-02-17 12:00:00,Cyprus,Cyprus,CY,822.13,1043.43,11.21,11.21,tsoc.org.cy,false,
2022-02-17 13:00:00,Cyprus,Cyprus,CY,839.12,1064.42,9.38,9.38,tsoc.org.cy,false,
2022-02-17 14:00:00,Cyprus,Cyprus,CY,864.51,1095.81,6.64,6.64,tsoc.org.cy,false,
2022-02-17 15:00:00,Cyprus,Cyprus,CY,906.82,1148.0,2.07,2.07,tsoc.org.cy,false,
2022-02-17 16:00:00,Cyprus,Cyprus,CY,917.36,1160.82,0.93,0.93,tsoc.org.cy,false,
2022-02-17 17:00:00,Cyprus,Cyprus,CY,918.4,1162.09,0.82,0.82,tsoc.org.cy,false,
2022-02-17 18:00:00,Cyprus,Cyprus,CY,918.46,1162.21,0.81,0.81,tsoc.org.cy,false,
2022-02-17 19:00:00,Cyprus,Cyprus,CY,917.68,1161.34,0.89,0.89,tsoc.org.cy,false,
2022-02-17 20:00:00,Cyprus,Cyprus,CY,916.17,1159.63,1.06,1.06,tsoc.org.cy,false,
2022-02-17 21:00:00,Cyprus,Cyprus,CY,916.85,1160.71,0.98,0.98,tsoc.org.cy,false,
2022-02-17 22:00:00,Cyprus,Cyprus,CY,913.83,1157.33,1.31,1.31,tsoc.org.cy,false,
2022-02-17 23:00:00,Cyprus,Cyprus,CY,905.2,1146.87,2.24,2.24,tsoc.org.cy,false,
2022-02-18 00:00:00,Cyprus,Cyprus,CY,906.46,1148.64,2.11,2.11,tsoc.org.cy,false,
2022-02-18 01:00:00,Cyprus,Cyprus,CY,912.59,1156.38,1.44,1.44,tsoc.org.cy,false,
2022-02-18 02:00:00,Cyprus,Cyprus,CY,910.5,1153.75,1.67,1.67,tsoc.org.cy,false,
2022-02-18 03:00:00,Cyprus,Cyprus,CY,911.59,1154.89,1.55,1.55,tsoc.org.cy,false,
2022-02-18 04:00:00,Cyprus,Cyprus,CY,915.06,1158.79,1.18,1.18,tsoc.org.cy,false,
2022-02-18 05:00:00,Cyprus,Cyprus,CY,877.63,1112.22,5.22,5.22,tsoc.org.cy,false,
2022-02-18 06:00:00,Cyprus,Cyprus,CY,791.32,1005.41,14.54,14.54,tsoc.org.cy,false,
2022-02-18 07:00:00,Cyprus,Cyprus,CY,700.53,893.2,24.34,24.34,tsoc.org.cy,false,
2022-02-18 08:00:00,Cyprus,Cyprus,CY,639.26,817.52,30.96,30.96,tsoc.org.cy,false,
2022-02-18 09:00:00,Cyprus,Cyprus,CY,604.33,774.41,34.73,34.73,tsoc.org.cy,false,
2022-02-18 10:00:00,Cyprus,Cyprus,CY,595.12,763.08,35.73,35.73,tsoc.org.cy,false,
2022-02-18 11:00:00,Cyprus,Cyprus,CY,605.41,775.8,34.62,34.62,tsoc.org.cy,false,
2022-02-18 12:00:00,Cyprus,Cyprus,CY,642.27,821.3,30.64,30.64,tsoc.org.cy,false,
2022-02-18 13:00:00,Cyprus,Cyprus,CY,706.82,900.98,23.67,23.67,tsoc.org.cy,false,
2022-02-18 14:00:00,Cyprus,Cyprus,CY,799.36,1015.22,13.67,13.67,tsoc.org.cy,false,
2022-02-18 15:00:00,Cyprus,Cyprus,CY,877.58,1111.72,5.22,5.22,tsoc.org.cy,false,
2022-02-18 16:00:00,Cyprus,Cyprus,CY,891.92,1129.2,3.67,3.67,tsoc.org.cy,false,
2022-02-18 17:00:00,Cyprus,Cyprus,CY,891.94,1129.15,3.67,3.67,tsoc.org.cy,false,
2022-02-18 18:00:00,Cyprus,Cyprus,CY,878.14,1111.95,5.16,5.16,tsoc.org.cy,false,
2022-02-18 19:00:00,Cyprus,Cyprus,CY,866.2,1097.13,6.45,6.45,tsoc.org.cy,false,
2022-02-18 20:00:00,Cyprus,Cyprus,CY,886.79,1123.01,4.23,4.23,tsoc.org.cy,false,
2022-02-18 21:00:00,Cyprus,Cyprus,CY,905.75,1146.89,2.18,2.18,tsoc.org.cy,false,
2022-02-18 22:00:00,Cyprus,Cyprus,CY,913.81,1157.31,1.31,1.31,tsoc.org.cy,false,
2022-02-18 23:00:00,Cyprus,Cyprus,CY,907.14,1149.3,2.03,2.03,tsoc.org.cy,false,
2022-02-19 00:00:00,Cyprus,Cyprus,CY,899.6,1140.11,2.85,2.85,tsoc.org.cy,false,
2022-02-19 01:00:00,Cyprus,Cyprus,CY,894.12,1133.37,3.44,3.44,tsoc.org.cy,false,
2022-02-19 02:00:00,Cyprus,Cyprus,CY,881.88,1118.1,4.76,4.76,tsoc.org.cy,false,
2022-02-19 03:00:00,Cyprus,Cyprus,CY,907.11,1149.52,2.03,2.03,tsoc.org.cy,false,
2022-02-19 04:00:00,Cyprus,Cyprus,CY,903.13,1144.34,2.46,2.46,tsoc.org.cy,false,
2022-02-19 05:00:00,Cyprus,Cyprus,CY,855.33,1084.67,7.63,7.63,tsoc.org.cy,false,
2022-02-19 06:00:00,Cyprus,Cyprus,CY,753.11,957.34,18.67,18.67,tsoc.org.cy,false,
2022-02-19 07:00:00,Cyprus,Cyprus,CY,644.61,822.84,30.38,30.38,tsoc.org.cy,false,
2022-02-19 08:00:00,Cyprus,Cyprus,CY,523.45,672.79,43.47,43.47,tsoc.org.cy,false,
2022-02-19 09:00:00,Cyprus,Cyprus,CY,583.13,746.93,37.02,37.02,tsoc.org.cy,false,
2022-02-19 10:00:00,Cyprus,Cyprus,CY,594.58,761.25,35.79,35.79,tsoc.org.cy,false,
2022-02-19 11:00:00,Cyprus,Cyprus,CY,569.02,729.51,38.55,38.55,tsoc.org.cy,false,
2022-02-19 12:00:00,Cyprus,Cyprus,CY,613.87,785.47,33.7,33.7,tsoc.org.cy,false,
2022-02-19 13:00:00,Cyprus,Cyprus,CY,684.09,872.44,26.12,26.12,tsoc.org.cy,false,
2022-02-19 14:00:00,Cyprus,Cyprus,CY,769.23,977.52,16.93,16.93,tsoc.org.cy,false,
2022-02-19 15:00:00,Cyprus,Cyprus,CY,845.07,1071.16,8.74,8.74,tsoc.org.cy,false,
2022-02-19 16:00:00,Cyprus,Cyprus,CY,847.54,1073.78,8.47,8.47,tsoc.org.cy,false,
2022-02-19 17:00:00,Cyprus,Cyprus,CY,834.87,1057.88,9.84,9.84,tsoc.org.cy,false,
2022-02-19 18:00:00,Cyprus,Cyprus,CY,820.16,1039.57,11.42,11.42,tsoc.org.cy,false,
2022-02-19 19:00:00,Cyprus,Cyprus,CY,808.61,1025.23,12.67,12.67,tsoc.org.cy,false,
2022-02-19 20:00:00,Cyprus,Cyprus,CY,793.88,1006.94,14.26,14.26,tsoc.org.cy,false,
2022-02-19 21:00:00,Cyprus,Cyprus,CY,777.55,986.69,16.03,16.03,tsoc.org.cy,false,
2022-02-19 22:00:00,Cyprus,Cyprus,CY,775.67,984.66,16.23,16.23,tsoc.org.cy,false,
2022-02-19 23:00:00,Cyprus,Cyprus,CY,758.1,963.02,18.13,18.13,tsoc.org.cy,false,
2022-02-20 00:00:00,Cyprus,Cyprus,CY,740.65,941.44,20.01,20.01,tsoc.org.cy,false,
2022-02-20 01:00:00,Cyprus,Cyprus,CY,709.37,902.52,23.39,23.39,tsoc.org.cy,false,
2022-02-20 02:00:00,Cyprus,Cyprus,CY,706.63,899.13,23.69,23.69,tsoc.org.cy,false,
2022-02-20 03:00:00,Cyprus,Cyprus,CY,690.15,878.47,25.47,25.47,tsoc.org.cy,false,
2022-02-20 04:00:00,Cyprus,Cyprus,CY,685.24,872.2,26.0,26.0,tsoc.org.cy,false,
2022-02-20 05:00:00,Cyprus,Cyprus,CY,649.76,828.54,29.83,29.83,tsoc.org.cy,false,
2022-02-20 06:00:00,Cyprus,Cyprus,CY,546.85,701.75,40.94,40.94,tsoc.org.cy,false,
2022-02-20 07:00:00,Cyprus,Cyprus,CY,486.48,627.7,47.46,47.46,tsoc.org.cy,false,
2022-02-20 08:00:00,Cyprus,Cyprus,CY,477.86,617.55,48.39,48.39,tsoc.org.cy,false,
2022-02-20 09:00:00,Cyprus,Cyprus,CY,494.57,638.49,46.59,46.59,tsoc.org.cy,false,
2022-02-20 10:00:00,Cyprus,Cyprus,CY,512.16,660.05,44.69,44.69,tsoc.org.cy,false,
2022-02-20 11:00:00,Cyprus,Cyprus,CY,513.58,661.47,44.53,44.53,tsoc.org.cy,false,
2022-02-20 12:00:00,Cyprus,Cyprus,CY,550.95,707.96,40.5,40.5,tsoc.org.cy,false,
2022-02-20 13:00:00,Cyprus,Cyprus,CY,579.15,742.58,37.45,37.45,tsoc.org.cy,false,
2022-02-20 14:00:00,Cyprus,Cyprus,CY,683.84,871.69,26.15,26.15,tsoc.org.cy,false,
2022-02-20 15:00:00,Cyprus,Cyprus,CY,792.54,1005.92,14.41,14.41,tsoc.org.cy,false,
2022-02-20 16:00:00,Cyprus,Cyprus,CY,837.7,1061.68,9.53,9.53,tsoc.org.cy,false,
2022-02-20 17:00:00,Cyprus,Cyprus,CY,883.2,1118.43,4.62,4.62,tsoc.org.cy,false,
2022-02-20 18:00:00,Cyprus,Cyprus,CY,898.23,1137.24,2.99,2.99,tsoc.org.cy,false,
2022-02-20 19:00:00,Cyprus,Cyprus,CY,891.99,1129.51,3.67,3.67,tsoc.org.cy,false,
2022-02-20 20:00:00,Cyprus,Cyprus,CY,888.03,1124.73,4.1,4.1,tsoc.org.cy,false,
2022-02-20 21:00:00,Cyprus,Cyprus,CY,881.65,1116.99,4.78,4.78,tsoc.org.cy,false,
2022-02-20 22:00:00,Cyprus,Cyprus,CY,867.08,1099.18,6.36,6.36,tsoc.org.cy,false,
2022-02-20 23:00:00,Cyprus,Cyprus,CY,855.55,1085.13,7.6,7.6,tsoc.org.cy,false,
2022-02-21 00:00:00,Cyprus,Cyprus,CY,873.11,1107.29,5.71,5.71,tsoc.org.cy,false,
2022-02-21 01:00:00,Cyprus,Cyprus,CY,891.52,1130.38,3.72,3.72,tsoc.org.cy,false,
2022-02-21 02:00:00,Cyprus,Cyprus,CY,876.7,1111.82,5.32,5.32,tsoc.org.cy,false,
2022-02-21 03:00:00,Cyprus,Cyprus,CY,884.61,1121.47,4.46,4.46,tsoc.org.cy,false,
2022-02-21 04:00:00,Cyprus,Cyprus,CY,888.82,1126.22,4.01,4.01,tsoc.org.cy,false,
2022-02-21 05:00:00,Cyprus,Cyprus,CY,863.97,1095.31,6.69,6.69,tsoc.org.cy,false,
2022-02-21 06:00:00,Cyprus,Cyprus,CY,814.42,1034.02,12.05,12.05,tsoc.org.cy,false,
2022-02-21 07:00:00,Cyprus,Cyprus,CY,746.66,950.25,19.36,19.36,tsoc.org.cy,false,
2022-02-21 08:00:00,Cyprus,Cyprus,CY,715.46,911.4,22.73,22.73,tsoc.org.cy,false,
2022-02-21 09:00:00,Cyprus,Cyprus,CY,671.29,856.68,27.5,27.5,tsoc.org.cy,false,
2022-02-21 10:00:00,Cyprus,Cyprus,CY,635.51,812.38,31.37,31.37,tsoc.org.cy,false,
2022-02-21 11:00:00,Cyprus,Cyprus,CY,652.29,833.12,29.55,29.55,tsoc.org.cy,false,
2022-02-21 12:00:00,Cyprus,Cyprus,CY,698.08,889.7,24.61,24.61,tsoc.org.cy,false,
2022-02-21 13:00:00,Cyprus,Cyprus,CY,787.4,1000.28,14.96,14.96,tsoc.org.cy,false,
2022-02-21 14:00:00,Cyprus,Cyprus,CY,826.75,1048.93,10.71,10.71,tsoc.org.cy,false,
2022-02-21 15:00:00,Cyprus,Cyprus,CY,873.54,1106.53,5.66,5.66,tsoc.org.cy,false,
2022-02-21 16:00:00,Cyprus,Cyprus,CY,883.57,1118.77,4.58,4.58,tsoc.org.cy,false,
2022-02-21 17:00:00,Cyprus,Cyprus,CY,888.02,1124.28,4.1,4.1,tsoc.org.cy,false,
2022-02-21 18:00:00,Cyprus,Cyprus,CY,900.55,1139.99,2.74,2.74,tsoc.org.cy,false,
2022-02-21 19:00:00,Cyprus,Cyprus,CY,901.07,1140.78,2.69,2.69,tsoc.org.cy,false,
2022-02-21 20:00:00,Cyprus,Cyprus,CY,907.43,1148.93,2.0,2.0,tsoc.org.cy,false,
2022-02-21 21:00:00,Cyprus,Cyprus,CY,906.03,1147.44,2.15,2.15,tsoc.org.cy,false,
2022-02-21 22:00:00,Cyprus,Cyprus,CY,894.92,1133.94,3.35,3.35,tsoc.org.cy,false,
2022-02-21 23:00:00,Cyprus,Cyprus,CY,892.3,1131.05,3.63,3.63,tsoc.org.cy,false,
2022-02-22 00:00:00,Cyprus,Cyprus,CY,874.07,1108.51,5.6,5.6,tsoc.org.cy,false,
2022-02-22 01:00:00,Cyprus,Cyprus,CY,876.4,1111.51,5.35,5.35,tsoc.org.cy,false,
2022-02-22 02:00:00,Cyprus,Cyprus,CY,885.42,1122.76,4.38,4.38,tsoc.org.cy,false,
2022-02-22 03:00:00,Cyprus,Cyprus,CY,887.65,1125.31,4.14,4.14,tsoc.org.cy,false,
2022-02-22 04:00:00,Cyprus,Cyprus,CY,880.36,1115.7,4.92,4.92,tsoc.org.cy,false,
2022-02-22 05:00:00,Cyprus,Cyprus,CY,866.71,1098.62,6.4,6.4,tsoc.org.cy,false,
2022-02-22 06:00:00,Cyprus,Cyprus,CY,834.15,1058.35,9.91,9.91,tsoc.org.cy,false,
2022-02-22 07:00:00,Cyprus,Cyprus,CY,813.64,1032.84,12.13,12.13,tsoc.org.cy,false,
2022-02-22 08:00:00,Cyprus,Cyprus,CY,763.31,970.61,17.56,17.56,tsoc.org.cy,false,
2022-02-22 09:00:00,Cyprus,Cyprus,CY,717.79,914.19,22.48,22.48,tsoc.org.cy,false,
2022-02-22 10:00:00,Cyprus,Cyprus,CY,663.36,846.74,28.36,28.36,tsoc.org.cy,false,
2022-02-22 11:00:00,Cyprus,Cyprus,CY,672.53,858.49,27.37,27.37,tsoc.org.cy,false,
2022-02-22 12:00:00,Cyprus,Cyprus,CY,687.39,877.06,25.76,25.76,tsoc.org.cy,false,
2022-02-22 13:00:00,Cyprus,Cyprus,CY,711.31,906.2,23.18,23.18,tsoc.org.cy,false,
2022-02-22 14:00:00,Cyprus,Cyprus,CY,784.4,996.51,15.29,15.29,tsoc.org.cy,false,
2022-02-22 15:00:00,Cyprus,Cyprus,CY,842.33,1067.76,9.03,9.03,tsoc.org.cy,false,
2022-02-22 16:00:00,Cyprus,Cyprus,CY,858.82,1087.91,7.25,7.25,tsoc.org.cy,false,
2022-02-22 17:00:00,Cyprus,Cyprus,CY,876.75,1110.24,5.31,5.31,tsoc.org.cy,false,
2022-02-22 18:00:00,Cyprus,Cyprus,CY,870.12,1102.01,6.03,6.03,tsoc.org.cy,false,
2022-02-22 19:00:00,Cyprus,Cyprus,CY,865.96,1096.94,6.48,6.48,tsoc.org.cy,false,
2022-02-22 20:00:00,Cyprus,Cyprus,CY,869.28,1101.29,6.12,6.12,tsoc.org.cy,false,
2022-02-22 21:00:00,Cyprus,Cyprus,CY,853.29,1081.57,7.85,7.85,tsoc.org.cy,false,
2022-02-22 22:00:00,Cyprus,Cyprus,CY,822.9,1043.99,11.13,11.13,tsoc.org.cy,false,
2022-02-22 23:00:00,Cyprus,Cyprus,CY,858.87,1089.34,7.24,7.24,tsoc.org.cy,false,
2022-02-23 00:00:00,Cyprus,Cyprus,CY,860.29,1091.31,7.09,7.09,tsoc.org.cy,false,
2022-02-23 01:00:00,Cyprus,Cyprus,CY,841.49,1067.88,9.12,9.12,tsoc.org.cy,false,
2022-02-23 02:00:00,Cyprus,Cyprus,CY,811.51,1030.38,12.36,12.36,tsoc.org.cy,false,
2022-02-23 03:00:00,Cyprus,Cyprus,CY,799.11,1014.66,13.7,13.7,tsoc.org.cy,false,
2022-02-23 04:00:00,Cyprus,Cyprus,CY,800.0,1015.3,13.6,13.6,tsoc.org.cy,false,
2022-02-23 05:00:00,Cyprus,Cyprus,CY,764.47,970.98,17.44,17.44,tsoc.org.cy,false,
2022-02-23 06:00:00,Cyprus,Cyprus,CY,692.4,881.99,25.22,25.22,tsoc.org.cy,false,
2022-02-23 07:00:00,Cyprus,Cyprus,CY,611.68,782.26,33.94,33.94,tsoc.org.cy,false,
2022-02-23 08:00:00,Cyprus,Cyprus,CY,581.57,745.05,37.19,37.19,tsoc.org.cy,false,
2022-02-23 09:00:00,Cyprus,Cyprus,CY,596.39,763.62,35.59,35.59,tsoc.org.cy,false,
2022-02-23 10:00:00,Cyprus,Cyprus,CY,610.46,781.38,34.07,34.07,tsoc.org.cy,false,
2022-02-23 11:00:00,Cyprus,Cyprus,CY,621.23,794.57,32.91,32.91,tsoc.org.cy,false,
2022-02-23 12:00:00,Cyprus,Cyprus,CY,652.06,832.68,29.58,29.58,tsoc.org.cy,false,
2022-02-23 13:00:00,Cyprus,Cyprus,CY,685.9,874.19,25.92,25.92,tsoc.org.cy,false,
2022-02-23 14:00:00,Cyprus,Cyprus,CY,765.62,972.6,17.32,17.32,tsoc.org.cy,false,
2022-02-23 15:00:00,Cyprus,Cyprus,CY,865.7,1096.84,6.51,6.51,tsoc.org.cy,false,
2022-02-23 16:00:00,Cyprus,Cyprus,CY,824.29,1044.82,10.98,10.98,tsoc.org.cy,false,
2022-02-23 17:00:00,Cyprus,Cyprus,CY,811.47,1028.75,12.36,12.36,tsoc.org.cy,false,
2022-02-23 18:00:00,Cyprus,Cyprus,CY,795.47,1008.83,14.09,14.09,tsoc.org.cy,false,
2022-02-23 19:00:00,Cyprus,Cyprus,CY,884.91,1120.76,4.43,4.43,tsoc.org.cy,false,
2022-02-23 20:00:00,Cyprus,Cyprus,CY,828.87,1050.93,10.48,10.48,tsoc.org.cy,false,
2022-02-23 21:00:00,Cyprus,Cyprus,CY,797.24,1011.69,13.9,13.9,tsoc.org.cy,false,
2022-02-23 22:00:00,Cyprus,Cyprus,CY,795.87,1010.36,14.05,14.05,tsoc.org.cy,false,
2022-02-23 23:00:00,Cyprus,Cyprus,CY,771.03,979.68,16.73,16.73,tsoc.org.cy,false,
2022-02-24 00:00:00,Cyprus,Cyprus,CY,713.01,907.4,23.0,23.0,tsoc.org.cy,false,
2022-02-24 01:00:00,Cyprus,Cyprus,CY,717.05,912.54,22.56,22.56,tsoc.org.cy,false,
2022-02-24 02:00:00,Cyprus,Cyprus,CY,777.77,988.39,16.0,16.0,tsoc.org.cy,false,
2022-02-24 03:00:00,Cyprus,Cyprus,CY,809.3,1027.56,12.6,12.6,tsoc.org.cy,false,
2022-02-24 04:00:00,Cyprus,Cyprus,CY,838.3,1063.31,9.47,9.47,tsoc.org.cy,false,
2022-02-24 05:00:00,Cyprus,Cyprus,CY,829.49,1052.34,10.42,10.42,tsoc.org.cy,false,
2022-02-24 06:00:00,Cyprus,Cyprus,CY,754.23,959.36,18.55,18.55,tsoc.org.cy,false,
2022-02-24 07:00:00,Cyprus,Cyprus,CY,681.93,870.31,26.35,26.35,tsoc.org.cy,false,
2022-02-24 08:00:00,Cyprus,Cyprus,CY,663.72,847.82,28.32,28.32,tsoc.org.cy,false,
2022-02-24 09:00:00,Cyprus,Cyprus,CY,702.25,895.16,24.16,24.16,tsoc.org.cy,false,
2022-02-24 10:00:00,Cyprus,Cyprus,CY,692.25,882.26,25.24,25.24,tsoc.org.cy,false,
2022-02-24 11:00:00,Cyprus,Cyprus,CY,683.89,872.32,26.14,26.14,tsoc.org.cy,false,
2022-02-24 12:00:00,Cyprus,Cyprus,CY,720.51,917.06,22.19,22.19,tsoc.org.cy,false,
2022-02-24 13:00:00,Cyprus,Cyprus,CY,692.32,882.01,25.23,25.23,tsoc.org.cy,false,
2022-02-24 14:00:00,Cyprus,Cyprus,CY,691.86,880.97,25.28,25.28,tsoc.org.cy,false,
2022-02-24 15:00:00,Cyprus,Cyprus,CY,792.03,1004.99,14.46,14.46,tsoc.org.cy,false,
2022-02-24 16:00:00,Cyprus,Cyprus,CY,839.93,1064.37,9.29,9.29,tsoc.org.cy,false,
2022-02-24 17:00:00,Cyprus,Cyprus,CY,844.79,1070.44,8.76,8.76,tsoc.org.cy,false,
2022-02-24 18:00:00,Cyprus,Cyprus,CY,876.23,1109.87,5.37,5.37,tsoc.org.cy,false,
2022-02-24 19:00:00,Cyprus,Cyprus,CY,878.42,1112.72,5.13,5.13,tsoc.org.cy,false,
2022-02-24 20:00:00,Cyprus,Cyprus,CY,867.74,1099.52,6.29,6.29,tsoc.org.cy,false,
2022-02-24 21:00:00,Cyprus,Cyprus,CY,876.06,1110.12,5.39,5.39,tsoc.org.cy,false,
2022-02-24 22:00:00,Cyprus,Cyprus,CY,865.2,1096.97,6.56,6.56,tsoc.org.cy,false,
2022-02-24 23:00:00,Cyprus,Cyprus,CY,876.85,1111.87,5.3,5.3,tsoc.org.cy,false,
2022-02-25 00:00:00,Cyprus,Cyprus,CY,881.59,1117.98,4.79,4.79,tsoc.org.cy,false,
2022-02-25 01:00:00,Cyprus,Cyprus,CY,881.52,1118.0,4.8,4.8,tsoc.org.cy,false,
2022-02-25 02:00:00,Cyprus,Cyprus,CY,886.66,1124.41,4.24,4.24,tsoc.org.cy,false,
2022-02-25 03:00:00,Cyprus,Cyprus,CY,885.97,1123.3,4.32,4.32,tsoc.org.cy,false,
2022-02-25 04:00:00,Cyprus,Cyprus,CY,895.6,1134.82,3.28,3.28,tsoc.org.cy,false,
2022-02-25 05:00:00,Cyprus,Cyprus,CY,893.51,1132.06,3.5,3.5,tsoc.org.cy,false,
2022-02-25 06:00:00,Cyprus,Cyprus,CY,840.87,1066.82,9.19,9.19,tsoc.org.cy,false,
2022-02-25 07:00:00,Cyprus,Cyprus,CY,739.35,941.3,20.15,20.15,tsoc.org.cy,false,
2022-02-25 08:00:00,Cyprus,Cyprus,CY,646.48,826.54,30.18,30.18,tsoc.org.cy,false,
2022-02-25 09:00:00,Cyprus,Cyprus,CY,607.51,778.23,34.39,34.39,tsoc.org.cy,false,
2022-02-25 10:00:00,Cyprus,Cyprus,CY,619.6,792.72,33.08,33.08,tsoc.org.cy,false,
2022-02-25 11:00:00,Cyprus,Cyprus,CY,689.59,879.28,25.53,25.53,tsoc.org.cy,false,
2022-02-25 12:00:00,Cyprus,Cyprus,CY,736.43,937.46,20.47,20.47,tsoc.org.cy,false,
2022-02-25 13:00:00,Cyprus,Cyprus,CY,736.73,937.47,20.44,20.44,tsoc.org.cy,false,
2022-02-25 14:00:00,Cyprus,Cyprus,CY,833.98,1057.9,9.93,9.93,tsoc.org.cy,false,
2022-02-25 15:00:00,Cyprus,Cyprus,CY,874.82,1108.2,5.52,5.52,tsoc.org.cy,false,
2022-02-25 16:00:00,Cyprus,Cyprus,CY,883.86,1119.2,4.55,4.55,tsoc.org.cy,false,
2022-02-25 17:00:00,Cyprus,Cyprus,CY,860.62,1090.1,7.06,7.06,tsoc.org.cy,false,
2022-02-25 18:00:00,Cyprus,Cyprus,CY,871.78,1104.12,5.85,5.85,tsoc.org.cy,false,
2022-02-25 19:00:00,Cyprus,Cyprus,CY,845.73,1071.69,8.66,8.66,tsoc.org.cy,false,
2022-02-25 20:00:00,Cyprus,Cyprus,CY,844.79,1070.69,8.76,8.76,tsoc.org.cy,false,
2022-02-25 21:00:00,Cyprus,Cyprus,CY,805.58,1021.9,13.0,13.0,tsoc.org.cy,false,
2022-02-25 22:00:00,Cyprus,Cyprus,CY,786.61,998.58,15.05,15.05,tsoc.org.cy,false,
2022-02-25 23:00:00,Cyprus,Cyprus,CY,801.57,1017.6,13.43,13.43,tsoc.org.cy,false,
2022-02-26 00:00:00,Cyprus,Cyprus,CY,821.95,1043.29,11.23,11.23,tsoc.org.cy,false,
2022-02-26 01:00:00,Cyprus,Cyprus,CY,840.38,1066.45,9.24,9.24,tsoc.org.cy,false,
2022-02-26 02:00:00,Cyprus,Cyprus,CY,867.31,1100.1,6.33,6.33,tsoc.org.cy,false,
2022-02-26 03:00:00,Cyprus,Cyprus,CY,876.2,1111.07,5.37,5.37,tsoc.org.cy,false,
2022-02-26 04:00:00,Cyprus,Cyprus,CY,881.26,1117.19,4.83,4.83,tsoc.org.cy,false,
2022-02-26 05:00:00,Cyprus,Cyprus,CY,810.27,1029.29,12.49,12.49,tsoc.org.cy,false,
2022-02-26 06:00:00,Cyprus,Cyprus,CY,688.13,878.26,25.68,25.68,tsoc.org.cy,false,
2022-02-26 07:00:00,Cyprus,Cyprus,CY,604.33,774.68,34.73,34.73,tsoc.org.cy,false,
2022-02-26 08:00:00,Cyprus,Cyprus,CY,551.8,709.77,40.41,40.41,tsoc.org.cy,false,
2022-02-26 09:00:00,Cyprus,Cyprus,CY,548.52,705.6,40.76,40.76,tsoc.org.cy,false,
2022-02-26 10:00:00,Cyprus,Cyprus,CY,576.79,740.36,37.71,37.71,tsoc.org.cy,false,
2022-02-26 11:00:00,Cyprus,Cyprus,CY,665.28,849.62,28.15,28.15,tsoc.org.cy,false,
2022-02-26 12:00:00,Cyprus,Cyprus,CY,717.62,914.26,22.5,22.5,tsoc.org.cy,false,
2022-02-26 13:00:00,Cyprus,Cyprus,CY,766.83,975.14,17.18,17.18,tsoc.org.cy,false,
2022-02-26 14:00:00,Cyprus,Cyprus,CY,829.99,1053.11,10.36,10.36,tsoc.org.cy,false,
2022-02-26 15:00:00,Cyprus,Cyprus,CY,872.3,1105.31,5.79,5.79,tsoc.org.cy,false,
2022-02-26 16:00:00,Cyprus,Cyprus,CY,888.75,1125.49,4.02,4.02,tsoc.org.cy,false,
2022-02-26 17:00:00,Cyprus,Cyprus,CY,892.18,1129.72,3.65,3.65,tsoc.org.cy,false,
2022-02-26 18:00:00,Cyprus,Cyprus,CY,893.9,1131.94,3.46,3.46,tsoc.org.cy,false,
2022-02-26 19:00:00,Cyprus,Cyprus,CY,895.92,1134.58,3.24,3.24,tsoc.org.cy,false,
2022-02-26 20:00:00,Cyprus,Cyprus,CY,899.73,1139.48,2.83,2.83,tsoc.org.cy,false,
2022-02-26 21:00:00,Cyprus,Cyprus,CY,902.93,1143.68,2.49,2.49,tsoc.org.cy,false,
2022-02-26 22:00:00,Cyprus,Cyprus,CY,903.81,1145.11,2.39,2.39,tsoc.org.cy,false,
2022-02-26 23:00:00,Cyprus,Cyprus,CY,902.82,1144.21,2.5,2.5,tsoc.org.cy,false,
2022-02-27 00:00:00,Cyprus,Cyprus,CY,904.8,1146.92,2.28,2.28,tsoc.org.cy,false,
2022-02-27 01:00:00,Cyprus,Cyprus,CY,904.07,1146.12,2.36,2.36,tsoc.org.cy,false,
2022-02-27 02:00:00,Cyprus,Cyprus,CY,903.35,1145.24,2.44,2.44,tsoc.org.cy,false,
2022-02-27 03:00:00,Cyprus,Cyprus,CY,910.06,1153.53,1.72,1.72,tsoc.org.cy,false,
2022-02-27 04:00:00,Cyprus,Cyprus,CY,908.19,1151.11,1.92,1.92,tsoc.org.cy,false,
2022-02-27 05:00:00,Cyprus,Cyprus,CY,865.3,1097.91,6.55,6.55,tsoc.org.cy,false,
2022-02-27 06:00:00,Cyprus,Cyprus,CY,773.51,984.26,16.46,16.46,tsoc.org.cy,false,
2022-02-27 07:00:00,Cyprus,Cyprus,CY,698.98,892.03,24.51,24.51,tsoc.org.cy,false,
2022-02-27 08:00:00,Cyprus,Cyprus,CY,689.67,880.41,25.52,25.52,tsoc.org.cy,false,
2022-02-27 09:00:00,Cyprus,Cyprus,CY,620.54,794.8,32.98,32.98,tsoc.org.cy,false,
2022-02-27 10:00:00,Cyprus,Cyprus,CY,605.25,775.93,34.63,34.63,tsoc.org.cy,false,
2022-02-27 11:00:00,Cyprus,Cyprus,CY,602.48,772.37,34.93,34.93,tsoc.org.cy,false,
2022-02-27 12:00:00,Cyprus,Cyprus,CY,589.76,756.54,36.31,36.31,tsoc.org.cy,false,
2022-02-27 13:00:00,Cyprus,Cyprus,CY,659.82,843.05,28.74,28.74,tsoc.org.cy,false,
2022-02-27 14:00:00,Cyprus,Cyprus,CY,769.58,978.6,16.89,16.89,tsoc.org.cy,false,
2022-02-27 15:00:00,Cyprus,Cyprus,CY,876.36,1110.64,5.36,5.36,tsoc.org.cy,false,
2022-02-27 16:00:00,Cyprus,Cyprus,CY,903.52,1144.02,2.42,2.42,tsoc.org.cy,false,
2022-02-27 17:00:00,Cyprus,Cyprus,CY,908.57,1150.22,1.88,1.88,tsoc.org.cy,false,
2022-02-27 18:00:00,Cyprus,Cyprus,CY,909.77,1151.75,1.75,1.75,tsoc.org.cy,false,
2022-02-27 19:00:00,Cyprus,Cyprus,CY,908.97,1150.85,1.83,1.83,tsoc.org.cy,false,
2022-02-27 20:00:00,Cyprus,Cyprus,CY,909.95,1152.26,1.73,1.73,tsoc.org.cy,false,
2022-02-27 21:00:00,Cyprus,Cyprus,CY,904.68,1145.91,2.3,2.3,tsoc.org.cy,false,
2022-02-27 22:00:00,Cyprus,Cyprus,CY,910.54,1153.69,1.66,1.66,tsoc.org.cy,false,
2022-02-27 23:00:00,Cyprus,Cyprus,CY,911.71,1155.5,1.54,1.54,tsoc.org.cy,false,
2022-02-28 00:00:00,Cyprus,Cyprus,CY,910.82,1154.59,1.63,1.63,tsoc.org.cy,false,
2022-02-28 01:00:00,Cyprus,Cyprus,CY,908.49,1151.77,1.89,1.89,tsoc.org.cy,false,
2022-02-28 02:00:00,Cyprus,Cyprus,CY,905.56,1148.05,2.2,2.2,tsoc.org.cy,false,
2022-02-28 03:00:00,Cyprus,Cyprus,CY,910.02,1153.36,1.72,1.72,tsoc.org.cy,false,
2022-02-28 04:00:00,Cyprus,Cyprus,CY,910.53,1153.52,1.66,1.66,tsoc.org.cy,false,
2022-02-28 05:00:00,Cyprus,Cyprus,CY,864.28,1095.98,6.66,6.66,tsoc.org.cy,false,
2022-02-28 06:00:00,Cyprus,Cyprus,CY,769.44,978.57,16.9,16.9,tsoc.org.cy,false,
2022-02-28 07:00:00,Cyprus,Cyprus,CY,686.85,876.46,25.82,25.82,tsoc.org.cy,false,
2022-02-28 08:00:00,Cyprus,Cyprus,CY,649.3,830.02,29.88,29.88,tsoc.org.cy,false,
2022-02-28 09:00:00,Cyprus,Cyprus,CY,646.01,825.76,30.23,30.23,tsoc.org.cy,false,
2022-02-28 10:00:00,Cyprus,Cyprus,CY,590.65,757.06,36.21,36.21,tsoc.org.cy,false,
2022-02-28 11:00:00,Cyprus,Cyprus,CY,595.08,762.45,35.73,35.73,tsoc.org.cy,false,
2022-02-28 12:00:00,Cyprus,Cyprus,CY,656.19,838.09,29.13,29.13,tsoc.org.cy,false,
2022-02-28 13:00:00,Cyprus,Cyprus,CY,711.5,906.45,23.16,23.16,tsoc.org.cy,false,
2022-02-28 14:00:00,Cyprus,Cyprus,CY,802.0,1018.27,13.39,13.39,tsoc.org.cy,false,
2022-02-28 15:00:00,Cyprus,Cyprus,CY,857.73,1086.93,7.37,7.37,tsoc.org.cy,false,
2022-02-28 16:00:00,Cyprus,Cyprus,CY,873.25,1105.96,5.69,5.69,tsoc.org.cy,false,
2022-02-28 17:00:00,Cyprus,Cyprus,CY,877.89,1111.69,5.19,5.19,tsoc.org.cy,false,
2022-02-28 18:00:00,Cyprus,Cyprus,CY,877.81,1111.63,5.2,5.2,tsoc.org.cy,false,
2022-02-28 19:00:00,Cyprus,Cyprus,CY,858.07,1087.1,7.33,7.33,tsoc.org.cy,false,
2022-02-28 20:00:00,Cyprus,Cyprus,CY,845.24,1071.3,8.72,8.72,tsoc.org.cy,false,
2022-02-28 21:00:00,Cyprus,Cyprus,CY,822.45,1043.09,11.18,11.18,Electricity Maps Estimation,true,ESTIMATED_TIME_SLICER_AVERAGE
2022-02-28 22:00:00,Cyprus,Cyprus,CY,792.79,1006.41,14.38,14.38,tsoc.org.cy,false,
2022-02-28 23:00:00,Cyprus,Cyprus,CY,838.07,1063.34,9.49,9.49,tsoc.org.cy,false,
2022-03-01 00:00:00,Cyprus,Cyprus,CY,860.77,1091.91,7.04,7.04,tsoc.org.cy,false,
2022-03-01 01:00:00,Cyprus,Cyprus,CY,846.65,1074.36,8.56,8.56,tsoc.org.cy,false,
2022-03-01 02:00:00,Cyprus,Cyprus,CY,861.18,1092.47,7.0,7.0,tsoc.org.cy,false,
2022-03-01 03:00:00,Cyprus,Cyprus,CY,870.09,1103.38,6.03,6.03,tsoc.org.cy,false,
2022-03-01 04:00:00,Cyprus,Cyprus,CY,857.85,1087.59,7.35,7.35,tsoc.org.cy,false,
2022-03-01 05:00:00,Cyprus,Cyprus,CY,889.64,1126.9,3.92,3.92,tsoc.org.cy,false,
2022-03-01 06:00:00,Cyprus,Cyprus,CY,895.13,1133.77,3.33,3.33,tsoc.org.cy,false,
2022-03-01 07:00:00,Cyprus,Cyprus,CY,849.02,1076.49,8.31,8.31,tsoc.org.cy,false,
2022-03-01 08:00:00,Cyprus,Cyprus,CY,792.57,1006.61,14.4,14.4,tsoc.org.cy,false,
2022-03-01 09:00:00,Cyprus,Cyprus,CY,781.98,993.56,15.55,15.55,tsoc.org.cy,false,
2022-03-01 10:00:00,Cyprus,Cyprus,CY,763.08,970.28,17.59,17.59,tsoc.org.cy,false,
2022-03-01 11:00:00,Cyprus,Cyprus,CY,798.85,1014.57,13.73,13.73,tsoc.org.cy,false,
2022-03-01 12:00:00,Cyprus,Cyprus,CY,754.45,959.62,18.52,18.52,tsoc.org.cy,false,
2022-03-01 13:00:00,Cyprus,Cyprus,CY,797.1,1012.29,13.92,13.92,tsoc.org.cy,false,
2022-03-01 14:00:00,Cyprus,Cyprus,CY,866.49,1098.09,6.42,6.42,tsoc.org.cy,false,
2022-03-01 15:00:00,Cyprus,Cyprus,CY,896.83,1135.55,3.14,3.14,tsoc.org.cy,false,
2022-03-01 16:00:00,Cyprus,Cyprus,CY,910.77,1152.72,1.64,1.64,tsoc.org.cy,false,
2022-03-01 17:00:00,Cyprus,Cyprus,CY,905.24,1145.78,2.24,2.24,tsoc.org.cy,false,
2022-03-01 18:00:00,Cyprus,Cyprus,CY,887.01,1123.08,4.21,4.21,tsoc.org.cy,false,
2022-03-01 19:00:00,Cyprus,Cyprus,CY,888.43,1124.98,4.05,4.05,tsoc.org.cy,false,
2022-03-01 20:00:00,Cyprus,Cyprus,CY,880.68,1115.51,4.89,4.89,tsoc.org.cy,false,
2022-03-01 21:00:00,Cyprus,Cyprus,CY,888.79,1125.91,4.01,4.01,tsoc.org.cy,false,
2022-03-01 22:00:00,Cyprus,Cyprus,CY,895.44,1134.63,3.3,3.3,tsoc.org.cy,false,
2022-03-01 23:00:00,Cyprus,Cyprus,CY,886.36,1123.65,4.28,4.28,tsoc.org.cy,false,
2022-03-02 00:00:00,Cyprus,Cyprus,CY,880.25,1116.22,4.94,4.94,tsoc.org.cy,false,
2022-03-02 01:00:00,Cyprus,Cyprus,CY,883.38,1120.22,4.6,4.6,tsoc.org.cy,false,
2022-03-02 02:00:00,Cyprus,Cyprus,CY,884.44,1121.51,4.48,4.48,tsoc.org.cy,false,
2022-03-02 03:00:00,Cyprus,Cyprus,CY,888.05,1125.77,4.09,4.09,tsoc.org.cy,false,
2022-03-02 04:00:00,Cyprus,Cyprus,CY,893.89,1132.57,3.46,3.46,tsoc.org.cy,false,
2022-03-02 05:00:00,Cyprus,Cyprus,CY,902.61,1143.05,2.52,2.52,tsoc.org.cy,false,
2022-03-02 06:00:00,Cyprus,Cyprus,CY,909.19,1151.11,1.81,1.81,tsoc.org.cy,false,
2022-03-02 07:00:00,Cyprus,Cyprus,CY,895.06,1133.49,3.34,3.34,tsoc.org.cy,false,
2022-03-02 08:00:00,Cyprus,Cyprus,CY,828.78,1051.1,10.49,10.49,tsoc.org.cy,false,
2022-03-02 09:00:00,Cyprus,Cyprus,CY,727.7,925.98,21.41,21.41,tsoc.org.cy,false,
2022-03-02 10:00:00,Cyprus,Cyprus,CY,689.14,878.22,25.58,25.58,tsoc.org.cy,false,
2022-03-02 11:00:00,Cyprus,Cyprus,CY,754.32,958.88,18.54,18.54,tsoc.org.cy,false,
2022-03-02 12:00:00,Cyprus,Cyprus,CY,818.44,1038.22,11.61,11.61,tsoc.org.cy,false,
2022-03-02 13:00:00,Cyprus,Cyprus,CY,852.54,1080.43,7.93,7.93,tsoc.org.cy,false,
2022-03-02 14:00:00,Cyprus,Cyprus,CY,846.59,1072.91,8.57,8.57,tsoc.org.cy,false,
2022-03-02 15:00:00,Cyprus,Cyprus,CY,840.58,1065.17,9.22,9.22,tsoc.org.cy,false,
2022-03-02 16:00:00,Cyprus,Cyprus,CY,845.64,1071.26,8.67,8.67,tsoc.org.cy,false,
2022-03-02 17:00:00,Cyprus,Cyprus,CY,847.93,1074.09,8.43,8.43,tsoc.org.cy,false,
2022-03-02 18:00:00,Cyprus,Cyprus,CY,858.41,1087.26,7.29,7.29,tsoc.org.cy,false,
2022-03-02 19:00:00,Cyprus,Cyprus,CY,877.08,1110.74,5.28,5.28,tsoc.org.cy,false,
2022-03-02 20:00:00,Cyprus,Cyprus,CY,874.41,1107.61,5.57,5.57,tsoc.org.cy,false,
2022-03-02 21:00:00,Cyprus,Cyprus,CY,794.15,1007.57,14.23,14.23,tsoc.org.cy,false,
2022-03-02 22:00:00,Cyprus,Cyprus,CY,725.88,922.66,21.61,21.61,tsoc.org.cy,false,
2022-03-02 23:00:00,Cyprus,Cyprus,CY,658.99,839.44,28.83,28.83,tsoc.org.cy,false,
2022-03-03 00:00:00,Cyprus,Cyprus,CY,634.02,808.43,31.53,31.53,tsoc.org.cy,false,
2022-03-03 01:00:00,Cyprus,Cyprus,CY,625.44,797.79,32.45,32.45,tsoc.org.cy,false,
2022-03-03 02:00:00,Cyprus,Cyprus,CY,638.75,814.41,31.02,31.02,tsoc.org.cy,false,
2022-03-03 03:00:00,Cyprus,Cyprus,CY,678.61,864.0,26.71,26.71,tsoc.org.cy,false,
2022-03-03 04:00:00,Cyprus,Cyprus,CY,674.55,858.49,27.15,27.15,tsoc.org.cy,false,
2022-03-03 05:00:00,Cyprus,Cyprus,CY,660.98,841.86,28.62,28.62,tsoc.org.cy,false,
2022-03-03 06:00:00,Cyprus,Cyprus,CY,627.98,801.16,32.18,32.18,tsoc.org.cy,false,
2022-03-03 07:00:00,Cyprus,Cyprus,CY,595.48,761.22,35.69,35.69,tsoc.org.cy,false,
2022-03-03 08:00:00,Cyprus,Cyprus,CY,677.26,862.39,26.86,26.86,tsoc.org.cy,false,
2022-03-03 09:00:00,Cyprus,Cyprus,CY,573.67,734.68,38.05,38.05,tsoc.org.cy,false,
2022-03-03 10:00:00,Cyprus,Cyprus,CY,506.13,650.95,45.34,45.34,tsoc.org.cy,false,
2022-03-03 11:00:00,Cyprus,Cyprus,CY,519.37,667.45,43.91,43.91,tsoc.org.cy,false,
2022-03-03 12:00:00,Cyprus,Cyprus,CY,531.33,682.01,42.62,42.62,tsoc.org.cy,false,
2022-03-03 13:00:00,Cyprus,Cyprus,CY,568.02,726.99,38.66,38.66,tsoc.org.cy,false,
2022-03-03 14:00:00,Cyprus,Cyprus,CY,651.59,830.31,29.63,29.63,tsoc.org.cy,false,
2022-03-03 15:00:00,Cyprus,Cyprus,CY,748.83,950.61,19.13,19.13,tsoc.org.cy,false,
2022-03-03 16:00:00,Cyprus,Cyprus,CY,802.04,1016.73,13.38,13.38,tsoc.org.cy,false,
2022-03-03 17:00:00,Cyprus,Cyprus,CY,815.23,1033.15,11.96,11.96,tsoc.org.cy,false,
2022-03-03 18:00:00,Cyprus,Cyprus,CY,810.5,1027.29,12.47,12.47,tsoc.org.cy,false,
2022-03-03 19:00:00,Cyprus,Cyprus,CY,799.14,1013.22,13.69,13.69,tsoc.org.cy,false,
2022-03-03 20:00:00,Cyprus,Cyprus,CY,786.43,997.53,15.07,15.07,tsoc.org.cy,false,
2022-03-03 21:00:00,Cyprus,Cyprus,CY,772.48,980.36,16.57,16.57,tsoc.org.cy,false,
2022-03-03 22:00:00,Cyprus,Cyprus,CY,737.19,936.67,20.39,20.39,tsoc.org.cy,false,
2022-03-03 23:00:00,Cyprus,Cyprus,CY,723.3,919.64,21.89,21.89,tsoc.org.cy,false,
2022-03-04 00:00:00,Cyprus,Cyprus,CY,683.29,869.84,26.21,26.21,tsoc.org.cy,false,
2022-03-04 01:00:00,Cyprus,Cyprus,CY,700.88,891.92,24.31,24.31,tsoc.org.cy,false,
2022-03-04 02:00:00,Cyprus,Cyprus,CY,728.68,926.63,21.3,21.3,tsoc.org.cy,false,
2022-03-04 03:00:00,Cyprus,Cyprus,CY,714.78,909.02,22.81,22.81,tsoc.org.cy,false,
2022-03-04 04:00:00,Cyprus,Cyprus,CY,809.87,1027.46,12.54,12.54,tsoc.org.cy,false,
2022-03-04 05:00:00,Cyprus,Cyprus,CY,795.07,1009.53,14.14,14.14,tsoc.org.cy,false,
2022-03-04 06:00:00,Cyprus,Cyprus,CY,723.88,921.61,21.82,21.82,tsoc.org.cy,false,
2022-03-04 07:00:00,Cyprus,Cyprus,CY,680.2,867.94,26.54,26.54,tsoc.org.cy,false,
2022-03-04 08:00:00,Cyprus,Cyprus,CY,645.04,824.58,30.34,30.34,tsoc.org.cy,false,
2022-03-04 09:00:00,Cyprus,Cyprus,CY,637.7,815.56,31.13,31.13,tsoc.org.cy,false,
2022-03-04 10:00:00,Cyprus,Cyprus,CY,600.33,768.89,35.17,35.17,tsoc.org.cy,false,
2022-03-04 11:00:00,Cyprus,Cyprus,CY,631.93,807.73,31.75,31.75,tsoc.org.cy,false,
2022-03-04 12:00:00,Cyprus,Cyprus,CY,686.1,874.69,25.9,25.9,tsoc.org.cy,false,
2022-03-04 13:00:00,Cyprus,Cyprus,CY,735.52,935.85,20.57,20.57,tsoc.org.cy,false,
2022-03-04 14:00:00,Cyprus,Cyprus,CY,824.96,1046.49,10.91,10.91,tsoc.org.cy,false,
2022-03-04 15:00:00,Cyprus,Cyprus,CY,865.94,1097.06,6.48,6.48,tsoc.org.cy,false,
2022-03-04 16:00:00,Cyprus,Cyprus,CY,899.57,1138.71,2.85,2.85,tsoc.org.cy,false,
2022-03-04 17:00:00,Cyprus,Cyprus,CY,910.83,1152.73,1.63,1.63,tsoc.org.cy,false,
2022-03-04 18:00:00,Cyprus,Cyprus,CY,916.15,1159.42,1.06,1.06,tsoc.org.cy,false,
2022-03-04 19:00:00,Cyprus,Cyprus,CY,913.6,1156.34,1.33,1.33,tsoc.org.cy,false,
2022-03-04 20:00:00,Cyprus,Cyprus,CY,912.21,1154.76,1.48,1.48,tsoc.org.cy,false,
2022-03-04 21:00:00,Cyprus,Cyprus,CY,916.67,1160.53,1.0,1.0,tsoc.org.cy,false,
2022-03-04 22:00:00,Cyprus,Cyprus,CY,915.24,1159.08,1.16,1.16,tsoc.org.cy,false,
2022-03-04 23:00:00,Cyprus,Cyprus,CY,912.32,1155.76,1.47,1.47,tsoc.org.cy,false,
2022-03-05 00:00:00,Cyprus,Cyprus,CY,911.81,1155.34,1.53,1.53,tsoc.org.cy,false,
2022-03-05 01:00:00,Cyprus,Cyprus,CY,901.57,1142.67,2.63,2.63,tsoc.org.cy,false,
2022-03-05 02:00:00,Cyprus,Cyprus,CY,869.94,1103.16,6.05,6.05,tsoc.org.cy,false,
2022-03-05 03:00:00,Cyprus,Cyprus,CY,885.76,1122.82,4.34,4.34,tsoc.org.cy,false,
2022-03-05 04:00:00,Cyprus,Cyprus,CY,890.7,1128.9,3.81,3.81,tsoc.org.cy,false,
2022-03-05 05:00:00,Cyprus,Cyprus,CY,819.04,1040.26,11.55,11.55,tsoc.org.cy,false,
2022-03-05 06:00:00,Cyprus,Cyprus,CY,734.75,935.88,20.65,20.65,tsoc.org.cy,false,
2022-03-05 07:00:00,Cyprus,Cyprus,CY,686.33,875.99,25.88,25.88,tsoc.org.cy,false,
2022-03-05 08:00:00,Cyprus,Cyprus,CY,620.2,794.22,33.02,33.02,tsoc.org.cy,false,
2022-03-05 09:00:00,Cyprus,Cyprus,CY,581.01,745.59,37.25,37.25,tsoc.org.cy,false,
2022-03-05 10:00:00,Cyprus,Cyprus,CY,601.75,771.08,35.01,35.01,tsoc.org.cy,false,
2022-03-05 11:00:00,Cyprus,Cyprus,CY,638.02,815.84,31.1,31.1,tsoc.org.cy,false,
2022-03-05 12:00:00,Cyprus,Cyprus,CY,657.57,840.1,28.98,28.98,tsoc.org.cy,false,
2022-03-05 13:00:00,Cyprus,Cyprus,CY,727.15,926.23,21.47,21.47,tsoc.org.cy,false,
2022-03-05 14:00:00,Cyprus,Cyprus,CY,818.84,1039.6,11.57,11.57,tsoc.org.cy,false,
2022-03-05 15:00:00,Cyprus,Cyprus,CY,891.61,1129.53,3.71,3.71,tsoc.org.cy,false,
2022-03-05 16:00:00,Cyprus,Cyprus,CY,914.64,1157.75,1.22,1.22,tsoc.org.cy,false,
2022-03-05 17:00:00,Cyprus,Cyprus,CY,916.1,1159.49,1.06,1.06,tsoc.org.cy,false,
2022-03-05 18:00:00,Cyprus,Cyprus,CY,917.15,1160.86,0.95,0.95,tsoc.org.cy,false,
2022-03-05 19:00:00,Cyprus,Cyprus,CY,917.05,1160.83,0.96,0.96,tsoc.org.cy,false,
2022-03-05 20:00:00,Cyprus,Cyprus,CY,914.59,1157.89,1.23,1.23,tsoc.org.cy,false,
2022-03-05 21:00:00,Cyprus,Cyprus,CY,913.24,1156.37,1.37,1.37,tsoc.org.cy,false,
2022-03-05 22:00:00,Cyprus,Cyprus,CY,901.21,1141.66,2.67,2.67,tsoc.org.cy,false,
2022-03-05 23:00:00,Cyprus,Cyprus,CY,839.44,1064.77,9.34,9.34,tsoc.org.cy,false,
2022-03-06 00:00:00,Cyprus,Cyprus,CY,779.57,990.19,15.81,15.81,tsoc.org.cy,false,
2022-03-06 01:00:00,Cyprus,Cyprus,CY,814.79,1034.34,12.01,12.01,tsoc.org.cy,false,
2022-03-06 02:00:00,Cyprus,Cyprus,CY,834.37,1058.83,9.89,9.89,tsoc.org.cy,false,
2022-03-06 03:00:00,Cyprus,Cyprus,CY,817.49,1037.68,11.71,11.71,tsoc.org.cy,false,
2022-03-06 04:00:00,Cyprus,Cyprus,CY,804.07,1020.81,13.16,13.16,tsoc.org.cy,false,
2022-03-06 05:00:00,Cyprus,Cyprus,CY,796.03,1010.89,14.03,14.03,tsoc.org.cy,false,
2022-03-06 06:00:00,Cyprus,Cyprus,CY,731.8,930.86,20.97,20.97,tsoc.org.cy,false,
2022-03-06 07:00:00,Cyprus,Cyprus,CY,683.53,871.31,26.18,26.18,tsoc.org.cy,false,
2022-03-06 08:00:00,Cyprus,Cyprus,CY,617.71,789.27,33.29,33.29,tsoc.org.cy,false,
2022-03-06 09:00:00,Cyprus,Cyprus,CY,558.25,715.49,39.71,39.71,tsoc.org.cy,false,
2022-03-06 10:00:00,Cyprus,Cyprus,CY,613.93,784.77,33.7,33.7,tsoc.org.cy,false,
2022-03-06 11:00:00,Cyprus,Cyprus,CY,579.14,741.83,37.45,37.45,tsoc.org.cy,false,
2022-03-06 12:00:00,Cyprus,Cyprus,CY,584.62,748.88,36.86,36.86,tsoc.org.cy,false,
2022-03-06 13:00:00,Cyprus,Cyprus,CY,601.96,769.96,34.99,34.99,tsoc.org.cy,false,
2022-03-06 14:00:00,Cyprus,Cyprus,CY,651.51,830.83,29.64,29.64,tsoc.org.cy,false,
2022-03-06 15:00:00,Cyprus,Cyprus,CY,758.74,963.66,18.06,18.06,tsoc.org.cy,false,
2022-03-06 16:00:00,Cyprus,Cyprus,CY,830.43,1052.62,10.32,10.32,tsoc.org.cy,false,
2022-03-06 17:00:00,Cyprus,Cyprus,CY,855.25,1083.51,7.64,7.64,tsoc.org.cy,false,
2022-03-06 18:00:00,Cyprus,Cyprus,CY,850.57,1077.71,8.14,8.14,tsoc.org.cy,false,
2022-03-06 19:00:00,Cyprus,Cyprus,CY,826.19,1047.32,10.77,10.77,tsoc.org.cy,false,
2022-03-06 20:00:00,Cyprus,Cyprus,CY,843.11,1068.59,8.95,8.95,tsoc.org.cy,false,
2022-03-06 21:00:00,Cyprus,Cyprus,CY,833.35,1056.57,10.0,10.0,tsoc.org.cy,false,
2022-03-06 22:00:00,Cyprus,Cyprus,CY,815.43,1034.52,11.94,11.94,tsoc.org.cy,false,
2022-03-06 23:00:00,Cyprus,Cyprus,CY,830.54,1053.75,10.3,10.3,tsoc.org.cy,false,
2022-03-07 00:00:00,Cyprus,Cyprus,CY,837.82,1063.06,9.52,9.52,tsoc.org.cy,false,
2022-03-07 01:00:00,Cyprus,Cyprus,CY,854.17,1083.6,7.75,7.75,tsoc.org.cy,false,
2022-03-07 02:00:00,Cyprus,Cyprus,CY,844.34,1071.32,8.81,8.81,tsoc.org.cy,false,
2022-03-07 03:00:00,Cyprus,Cyprus,CY,849.08,1077.15,8.3,8.3,tsoc.org.cy,false,
2022-03-07 04:00:00,Cyprus,Cyprus,CY,852.52,1081.43,7.93,7.93,tsoc.org.cy,false,
2022-03-07 05:00:00,Cyprus,Cyprus,CY,778.15,989.6,15.96,15.96,tsoc.org.cy,false,
2022-03-07 06:00:00,Cyprus,Cyprus,CY,657.3,840.26,29.01,29.01,tsoc.org.cy,false,
2022-03-07 07:00:00,Cyprus,Cyprus,CY,587.07,753.42,36.6,36.6,tsoc.org.cy,false,
2022-03-07 08:00:00,Cyprus,Cyprus,CY,570.67,733.11,38.37,38.37,tsoc.org.cy,false,
2022-03-07 09:00:00,Cyprus,Cyprus,CY,566.77,728.18,38.79,38.79,tsoc.org.cy,false,
2022-03-07 10:00:00,Cyprus,Cyprus,CY,598.1,766.91,35.41,35.41,tsoc.org.cy,false,
2022-03-07 11:00:00,Cyprus,Cyprus,CY,629.63,805.52,32.0,32.0,tsoc.org.cy,false,
2022-03-07 12:00:00,Cyprus,Cyprus,CY,666.2,851.01,28.05,28.05,tsoc.org.cy,false,
2022-03-07 13:00:00,Cyprus,Cyprus,CY,698.67,891.16,24.55,24.55,tsoc.org.cy,false,
2022-03-07 14:00:00,Cyprus,Cyprus,CY,760.13,966.9,17.91,17.91,tsoc.org.cy,false,
2022-03-07 15:00:00,Cyprus,Cyprus,CY,852.09,1080.51,7.98,7.98,tsoc.org.cy,false,
2022-03-07 16:00:00,Cyprus,Cyprus,CY,885.32,1121.27,4.39,4.39,tsoc.org.cy,false,
2022-03-07 17:00:00,Cyprus,Cyprus,CY,899.64,1138.99,2.84,2.84,tsoc.org.cy,false,
2022-03-07 18:00:00,Cyprus,Cyprus,CY,894.59,1132.7,3.39,3.39,tsoc.org.cy,false,
2022-03-07 19:00:00,Cyprus,Cyprus,CY,870.01,1102.08,6.04,6.04,tsoc.org.cy,false,
2022-03-07 20:00:00,Cyprus,Cyprus,CY,840.54,1065.45,9.22,9.22,tsoc.org.cy,false,
2022-03-07 21:00:00,Cyprus,Cyprus,CY,832.25,1055.33,10.12,10.12,tsoc.org.cy,false,
2022-03-07 22:00:00,Cyprus,Cyprus,CY,831.86,1055.25,10.16,10.16,tsoc.org.cy,false,
2022-03-07 23:00:00,Cyprus,Cyprus,CY,794.25,1008.59,14.22,14.22,tsoc.org.cy,false,
2022-03-08 00:00:00,Cyprus,Cyprus,CY,819.56,1040.46,11.49,11.49,tsoc.org.cy,false,
2022-03-08 01:00:00,Cyprus,Cyprus,CY,837.34,1062.77,9.57,9.57,tsoc.org.cy,false,
2022-03-08 02:00:00,Cyprus,Cyprus,CY,843.37,1070.25,8.92,8.92,tsoc.org.cy,false,
2022-03-08 03:00:00,Cyprus,Cyprus,CY,852.94,1081.96,7.88,7.88,tsoc.org.cy,false,
2022-03-08 04:00:00,Cyprus,Cyprus,CY,878.79,1113.89,5.09,5.09,tsoc.org.cy,false,
2022-03-08 05:00:00,Cyprus,Cyprus,CY,797.35,1012.97,13.89,13.89,tsoc.org.cy,false,
2022-03-08 06:00:00,Cyprus,Cyprus,CY,697.3,889.23,24.69,24.69,tsoc.org.cy,false,
2022-03-08 07:00:00,Cyprus,Cyprus,CY,622.93,797.21,32.73,32.73,tsoc.org.cy,false,
2022-03-08 08:00:00,Cyprus,Cyprus,CY,589.06,755.47,36.38,36.38,tsoc.org.cy,false,
2022-03-08 09:00:00,Cyprus,Cyprus,CY,540.66,695.43,41.61,41.61,tsoc.org.cy,false,
2022-03-08 10:00:00,Cyprus,Cyprus,CY,526.3,677.61,43.16,43.16,tsoc.org.cy,false,
2022-03-08 11:00:00,Cyprus,Cyprus,CY,558.43,717.22,39.69,39.69,tsoc.org.cy,false,
2022-03-08 12:00:00,Cyprus,Cyprus,CY,599.77,768.31,35.23,35.23,tsoc.org.cy,false,
2022-03-08 13:00:00,Cyprus,Cyprus,CY,713.93,909.44,22.9,22.9,tsoc.org.cy,false,
2022-03-08 14:00:00,Cyprus,Cyprus,CY,838.12,1063.01,9.49,9.49,tsoc.org.cy,false,
2022-03-08 15:00:00,Cyprus,Cyprus,CY,892.58,1130.33,3.6,3.6,tsoc.org.cy,false,
2022-03-08 16:00:00,Cyprus,Cyprus,CY,893.78,1131.59,3.47,3.47,tsoc.org.cy,false,
2022-03-08 17:00:00,Cyprus,Cyprus,CY,873.59,1106.3,5.65,5.65,tsoc.org.cy,false,
2022-03-08 18:00:00,Cyprus,Cyprus,CY,908.94,1150.53,1.84,1.84,tsoc.org.cy,false,
2022-03-08 19:00:00,Cyprus,Cyprus,CY,901.7,1141.62,2.62,2.62,tsoc.org.cy,false,
2022-03-08 20:00:00,Cyprus,Cyprus,CY,910.07,1152.29,1.71,1.71,tsoc.org.cy,false,
2022-03-08 21:00:00,Cyprus,Cyprus,CY,901.33,1141.61,2.66,2.66,tsoc.org.cy,false,
2022-03-08 22:00:00,Cyprus,Cyprus,CY,871.21,1104.39,5.91,5.91,tsoc.org.cy,false,
2022-03-08 23:00:00,Cyprus,Cyprus,CY,785.83,998.04,15.13,15.13,tsoc.org.cy,false,
2022-03-09 00:00:00,Cyprus,Cyprus,CY,783.78,995.67,15.35,15.35,tsoc.org.cy,false,
2022-03-09 01:00:00,Cyprus,Cyprus,CY,825.83,1048.32,10.81,10.81,tsoc.org.cy,false,
2022-03-09 02:00:00,Cyprus,Cyprus,CY,847.66,1075.57,8.46,8.46,tsoc.org.cy,false,
2022-03-09 03:00:00,Cyprus,Cyprus,CY,843.8,1070.48,8.87,8.87,tsoc.org.cy,false,
2022-03-09 04:00:00,Cyprus,Cyprus,CY,856.19,1085.57,7.53,7.53,tsoc.org.cy,false,
2022-03-09 05:00:00,Cyprus,Cyprus,CY,843.94,1070.38,8.86,8.86,tsoc.org.cy,false,
2022-03-09 06:00:00,Cyprus,Cyprus,CY,775.23,985.49,16.28,16.28,tsoc.org.cy,false,
2022-03-09 07:00:00,Cyprus,Cyprus,CY,667.69,852.45,27.89,27.89,tsoc.org.cy,false,
2022-03-09 08:00:00,Cyprus,Cyprus,CY,612.54,784.07,33.85,33.85,tsoc.org.cy,false,
2022-03-09 09:00:00,Cyprus,Cyprus,CY,624.37,798.64,32.57,32.57,tsoc.org.cy,false,
2022-03-09 10:00:00,Cyprus,Cyprus,CY,675.77,862.0,27.02,27.02,tsoc.org.cy,false,
2022-03-09 11:00:00,Cyprus,Cyprus,CY,683.85,872.07,26.15,26.15,tsoc.org.cy,false,
2022-03-09 12:00:00,Cyprus,Cyprus,CY,696.29,887.37,24.8,24.8,tsoc.org.cy,false,
2022-03-09 13:00:00,Cyprus,Cyprus,CY,709.73,903.75,23.35,23.35,tsoc.org.cy,false,
2022-03-09 14:00:00,Cyprus,Cyprus,CY,737.94,938.52,20.3,20.3,tsoc.org.cy,false,
2022-03-09 15:00:00,Cyprus,Cyprus,CY,821.32,1041.66,11.3,11.3,tsoc.org.cy,false,
2022-03-09 16:00:00,Cyprus,Cyprus,CY,866.15,1097.06,6.46,6.46,tsoc.org.cy,false,
2022-03-09 17:00:00,Cyprus,Cyprus,CY,882.39,1117.24,4.7,4.7,tsoc.org.cy,false,
2022-03-09 18:00:00,Cyprus,Cyprus,CY,903.75,1143.99,2.4,2.4,tsoc.org.cy,false,
2022-03-09 19:00:00,Cyprus,Cyprus,CY,883.77,1119.13,4.56,4.56,tsoc.org.cy,false,
2022-03-09 20:00:00,Cyprus,Cyprus,CY,852.05,1079.69,7.98,7.98,tsoc.org.cy,false,
2022-03-09 21:00:00,Cyprus,Cyprus,CY,831.49,1054.27,10.2,10.2,Electricity Maps Estimation,true,ESTIMATED_TIME_SLICER_AVERAGE
2022-03-09 22:00:00,Cyprus,Cyprus,CY,804.51,1020.93,13.11,13.11,tsoc.org.cy,false,
2022-03-09 23:00:00,Cyprus,Cyprus,CY,775.78,985.38,16.22,16.22,tsoc.org.cy,false,
2022-03-10 00:00:00,Cyprus,Cyprus,CY,715.59,910.35,22.72,22.72,tsoc.org.cy,false,
2022-03-10 01:00:00,Cyprus,Cyprus,CY,738.09,938.57,20.29,20.29,tsoc.org.cy,false,
2022-03-10 02:00:00,Cyprus,Cyprus,CY,763.46,970.22,17.55,17.55,tsoc.org.cy,false,
2022-03-10 03:00:00,Cyprus,Cyprus,CY,763.92,970.57,17.5,17.5,tsoc.org.cy,false,
2022-03-10 04:00:00,Cyprus,Cyprus,CY,751.62,954.87,18.83,18.83,tsoc.org.cy,false,
2022-03-10 05:00:00,Cyprus,Cyprus,CY,757.0,962.23,18.25,18.25,tsoc.org.cy,false,
2022-03-10 06:00:00,Cyprus,Cyprus,CY,714.53,909.62,22.83,22.83,tsoc.org.cy,false,
2022-03-10 07:00:00,Cyprus,Cyprus,CY,707.77,901.28,23.56,23.56,tsoc.org.cy,false,
2022-03-10 08:00:00,Cyprus,Cyprus,CY,690.35,879.95,25.44,25.44,tsoc.org.cy,false,
2022-03-10 09:00:00,Cyprus,Cyprus,CY,767.45,975.07,17.12,17.12,tsoc.org.cy,false,
2022-03-10 10:00:00,Cyprus,Cyprus,CY,639.49,816.77,30.94,30.94,tsoc.org.cy,false,
2022-03-10 11:00:00,Cyprus,Cyprus,CY,658.85,840.92,28.85,28.85,tsoc.org.cy,false,
2022-03-10 12:00:00,Cyprus,Cyprus,CY,702.67,895.15,24.11,24.11,tsoc.org.cy,false,
2022-03-10 13:00:00,Cyprus,Cyprus,CY,740.05,940.79,20.08,20.08,tsoc.org.cy,false,
2022-03-10 14:00:00,Cyprus,Cyprus,CY,768.86,976.02,16.96,16.96,tsoc.org.cy,false,
2022-03-10 15:00:00,Cyprus,Cyprus,CY,768.97,975.72,16.95,16.95,tsoc.org.cy,false,
2022-03-10 16:00:00,Cyprus,Cyprus,CY,800.75,1015.12,13.52,13.52,tsoc.org.cy,false,
2022-03-10 17:00:00,Cyprus,Cyprus,CY,861.66,1091.16,6.94,6.94,tsoc.org.cy,false,
2022-03-10 18:00:00,Cyprus,Cyprus,CY,858.1,1086.77,7.33,7.33,tsoc.org.cy,false,
2022-03-10 19:00:00,Cyprus,Cyprus,CY,819.57,1038.74,11.49,11.49,tsoc.org.cy,false,
2022-03-10 20:00:00,Cyprus,Cyprus,CY,783.47,993.82,15.39,15.39,tsoc.org.cy,false,
2022-03-10 21:00:00,Cyprus,Cyprus,CY,764.13,969.9,17.48,17.48,tsoc.org.cy,false,
2022-03-10 22:00:00,Cyprus,Cyprus,CY,723.97,920.1,21.81,21.81,tsoc.org.cy,false,
2022-03-10 23:00:00,Cyprus,Cyprus,CY,679.82,865.21,26.58,26.58,tsoc.org.cy,false,
2022-03-11 00:00:00,Cyprus,Cyprus,CY,647.73,825.3,30.05,30.05,tsoc.org.cy,false,
2022-03-11 01:00:00,Cyprus,Cyprus,CY,633.3,807.4,31.6,31.6,tsoc.org.cy,false,
2022-03-11 02:00:00,Cyprus,Cyprus,CY,633.25,807.28,31.61,31.61,tsoc.org.cy,false,
2022-03-11 03:00:00,Cyprus,Cyprus,CY,662.37,843.47,28.47,28.47,tsoc.org.cy,false,
2022-03-11 04:00:00,Cyprus,Cyprus,CY,725.42,921.92,21.66,21.66,tsoc.org.cy,false,
2022-03-11 05:00:00,Cyprus,Cyprus,CY,694.46,883.73,25.0,25.0,tsoc.org.cy,false,
2022-03-11 06:00:00,Cyprus,Cyprus,CY,628.91,802.49,32.08,32.08,tsoc.org.cy,false,
2022-03-11 07:00:00,Cyprus,Cyprus,CY,571.14,730.76,38.32,38.32,tsoc.org.cy,false,
2022-03-11 08:00:00,Cyprus,Cyprus,CY,515.83,662.59,44.29,44.29,tsoc.org.cy,false,
2022-03-11 09:00:00,Cyprus,Cyprus,CY,496.66,638.71,46.36,46.36,tsoc.org.cy,false,
2022-03-11 10:00:00,Cyprus,Cyprus,CY,541.31,694.13,41.54,41.54,tsoc.org.cy,false,
2022-03-11 11:00:00,Cyprus,Cyprus,CY,571.76,732.0,38.25,38.25,tsoc.org.cy,false,
2022-03-11 12:00:00,Cyprus,Cyprus,CY,558.11,714.69,39.73,39.73,tsoc.org.cy,false,
2022-03-11 13:00:00,Cyprus,Cyprus,CY,623.15,795.07,32.7,32.7,tsoc.org.cy,false,
2022-03-11 14:00:00,Cyprus,Cyprus,CY,667.55,850.15,27.91,27.91,tsoc.org.cy,false,
2022-03-11 15:00:00,Cyprus,Cyprus,CY,781.71,991.64,15.58,15.58,tsoc.org.cy,false,
2022-03-11 16:00:00,Cyprus,Cyprus,CY,833.35,1055.75,10.0,10.0,tsoc.org.cy,false,
2022-03-11 17:00:00,Cyprus,Cyprus,CY,865.17,1095.46,6.56,6.56,tsoc.org.cy,false,
2022-03-11 18:00:00,Cyprus,Cyprus,CY,862.53,1092.2,6.85,6.85,tsoc.org.cy,false,
2022-03-11 19:00:00,Cyprus,Cyprus,CY,874.43,1107.17,5.56,5.56,tsoc.org.cy,false,
2022-03-11 20:00:00,Cyprus,Cyprus,CY,876.06,1109.36,5.39,5.39,tsoc.org.cy,false,
2022-03-11 21:00:00,Cyprus,Cyprus,CY,865.0,1095.73,6.58,6.58,tsoc.org.cy,false,
2022-03-11 22:00:00,Cyprus,Cyprus,CY,844.59,1070.53,8.79,8.79,tsoc.org.cy,false,
2022-03-11 23:00:00,Cyprus,Cyprus,CY,794.59,1008.34,14.19,14.19,tsoc.org.cy,false,
2022-03-12 00:00:00,Cyprus,Cyprus,CY,756.12,960.45,18.34,18.34,tsoc.org.cy,false,
2022-03-12 01:00:00,Cyprus,Cyprus,CY,763.0,969.17,17.6,17.6,tsoc.org.cy,false,
2022-03-12 02:00:00,Cyprus,Cyprus,CY,791.38,1004.67,14.53,14.53,tsoc.org.cy,false,
2022-03-12 03:00:00,Cyprus,Cyprus,CY,847.45,1074.66,8.48,8.48,tsoc.org.cy,false,
2022-03-12 04:00:00,Cyprus,Cyprus,CY,841.39,1067.0,9.13,9.13,tsoc.org.cy,false,
2022-03-12 05:00:00,Cyprus,Cyprus,CY,788.06,1000.83,14.89,14.89,tsoc.org.cy,false,
2022-03-12 06:00:00,Cyprus,Cyprus,CY,726.5,924.89,21.54,21.54,tsoc.org.cy,false,
2022-03-12 07:00:00,Cyprus,Cyprus,CY,664.95,848.68,28.19,28.19,tsoc.org.cy,false,
2022-03-12 08:00:00,Cyprus,Cyprus,CY,643.12,821.77,30.55,30.55,tsoc.org.cy,false,
2022-03-12 09:00:00,Cyprus,Cyprus,CY,678.31,865.28,26.74,26.74,tsoc.org.cy,false,
2022-03-12 10:00:00,Cyprus,Cyprus,CY,686.86,875.89,25.82,25.82,tsoc.org.cy,false,
2022-03-12 11:00:00,Cyprus,Cyprus,CY,717.68,913.77,22.49,22.49,tsoc.org.cy,false,
2022-03-12 12:00:00,Cyprus,Cyprus,CY,723.19,920.48,21.9,21.9,tsoc.org.cy,false,
2022-03-12 13:00:00,Cyprus,Cyprus,CY,757.32,962.69,18.21,18.21,tsoc.org.cy,false,
2022-03-12 14:00:00,Cyprus,Cyprus,CY,794.19,1008.32,14.23,14.23,tsoc.org.cy,false,
2022-03-12 15:00:00,Cyprus,Cyprus,CY,847.98,1074.63,8.42,8.42,tsoc.org.cy,false,
2022-03-12 16:00:00,Cyprus,Cyprus,CY,885.67,1121.21,4.35,4.35,tsoc.org.cy,false,
2022-03-12 17:00:00,Cyprus,Cyprus,CY,893.65,1131.1,3.49,3.49,tsoc.org.cy,false,
2022-03-12 18:00:00,Cyprus,Cyprus,CY,889.53,1126.01,3.93,3.93,tsoc.org.cy,false,
2022-03-12 19:00:00,Cyprus,Cyprus,CY,888.14,1124.36,4.08,4.08,tsoc.org.cy,false,
2022-03-12 20:00:00,Cyprus,Cyprus,CY,903.9,1144.17,2.38,2.38,tsoc.org.cy,false,
2022-03-12 21:00:00,Cyprus,Cyprus,CY,886.77,1122.9,4.23,4.23,tsoc.org.cy,false,
2022-03-12 22:00:00,Cyprus,Cyprus,CY,894.22,1132.5,3.43,3.43,tsoc.org.cy,false,
2022-03-12 23:00:00,Cyprus,Cyprus,CY,856.36,1085.47,7.52,7.52,tsoc.org.cy,false,
2022-03-13 00:00:00,Cyprus,Cyprus,CY,778.75,988.7,15.9,15.9,tsoc.org.cy,false,
2022-03-13 01:00:00,Cyprus,Cyprus,CY,746.16,948.1,19.42,19.42,tsoc.org.cy,false,
2022-03-13 02:00:00,Cyprus,Cyprus,CY,763.88,970.29,17.5,17.5,tsoc.org.cy,false,
2022-03-13 03:00:00,Cyprus,Cyprus,CY,818.59,1038.6,11.59,11.59,tsoc.org.cy,false,
2022-03-13 04:00:00,Cyprus,Cyprus,CY,757.11,961.75,18.23,18.23,tsoc.org.cy,false,
2022-03-13 05:00:00,Cyprus,Cyprus,CY,718.12,913.43,22.45,22.45,tsoc.org.cy,false,
2022-03-13 06:00:00,Cyprus,Cyprus,CY,676.82,862.12,26.91,26.91,tsoc.org.cy,false,
2022-03-13 07:00:00,Cyprus,Cyprus,CY,666.34,849.22,28.04,28.04,tsoc.org.cy,false,
2022-03-13 08:00:00,Cyprus,Cyprus,CY,652.02,831.4,29.58,29.58,tsoc.org.cy,false,
2022-03-13 09:00:00,Cyprus,Cyprus,CY,651.97,831.59,29.59,29.59,tsoc.org.cy,false,
2022-03-13 10:00:00,Cyprus,Cyprus,CY,631.8,806.13,31.77,31.77,tsoc.org.cy,false,
2022-03-13 11:00:00,Cyprus,Cyprus,CY,634.95,810.01,31.43,31.43,tsoc.org.cy,false,
2022-03-13 12:00:00,Cyprus,Cyprus,CY,561.46,718.84,39.36,39.36,tsoc.org.cy,false,
2022-03-13 13:00:00,Cyprus,Cyprus,CY,632.06,806.34,31.74,31.74,tsoc.org.cy,false,
2022-03-13 14:00:00,Cyprus,Cyprus,CY,694.71,883.83,24.97,24.97,tsoc.org.cy,false,
2022-03-13 15:00:00,Cyprus,Cyprus,CY,804.97,1020.75,13.07,13.07,tsoc.org.cy,false,
2022-03-13 16:00:00,Cyprus,Cyprus,CY,859.17,1088.02,7.21,7.21,tsoc.org.cy,false,
2022-03-13 17:00:00,Cyprus,Cyprus,CY,882.82,1117.48,4.66,4.66,tsoc.org.cy,false,
2022-03-13 18:00:00,Cyprus,Cyprus,CY,882.87,1117.55,4.65,4.65,tsoc.org.cy,false,
2022-03-13 19:00:00,Cyprus,Cyprus,CY,884.64,1119.83,4.46,4.46,tsoc.org.cy,false,
2022-03-13 20:00:00,Cyprus,Cyprus,CY,892.24,1129.45,3.64,3.64,tsoc.org.cy,false,
2022-03-13 21:00:00,Cyprus,Cyprus,CY,875.15,1108.27,5.49,5.49,tsoc.org.cy,false,
2022-03-13 22:00:00,Cyprus,Cyprus,CY,821.84,1041.97,11.24,11.24,tsoc.org.cy,false,
2022-03-13 23:00:00,Cyprus,Cyprus,CY,764.17,970.16,17.47,17.47,tsoc.org.cy,false,
2022-03-14 00:00:00,Cyprus,Cyprus,CY,732.79,931.14,20.86,20.86,tsoc.org.cy,false,
2022-03-14 01:00:00,Cyprus,Cyprus,CY,731.57,929.69,20.99,20.99,tsoc.org.cy,false,
2022-03-14 02:00:00,Cyprus,Cyprus,CY,735.84,935.05,20.53,20.53,tsoc.org.cy,false,
2022-03-14 03:00:00,Cyprus,Cyprus,CY,745.56,947.04,19.48,19.48,tsoc.org.cy,false,
2022-03-14 04:00:00,Cyprus,Cyprus,CY,789.75,1002.01,14.71,14.71,tsoc.org.cy,false,
2022-03-14 05:00:00,Cyprus,Cyprus,CY,743.76,945.41,19.68,19.68,tsoc.org.cy,false,
2022-03-14 06:00:00,Cyprus,Cyprus,CY,678.25,864.64,26.75,26.75,tsoc.org.cy,false,
2022-03-14 07:00:00,Cyprus,Cyprus,CY,625.78,799.74,32.42,32.42,tsoc.org.cy,false,
2022-03-14 08:00:00,Cyprus,Cyprus,CY,603.26,771.93,34.85,34.85,tsoc.org.cy,false,
2022-03-14 09:00:00,Cyprus,Cyprus,CY,605.36,774.53,34.62,34.62,tsoc.org.cy,false,
2022-03-14 10:00:00,Cyprus,Cyprus,CY,625.22,799.24,32.48,32.48,tsoc.org.cy,false,
2022-03-14 11:00:00,Cyprus,Cyprus,CY,641.28,819.03,30.74,30.74,tsoc.org.cy,false,
2022-03-14 12:00:00,Cyprus,Cyprus,CY,645.01,823.55,30.34,30.34,tsoc.org.cy,false,
2022-03-14 13:00:00,Cyprus,Cyprus,CY,693.25,883.22,25.13,25.13,tsoc.org.cy,false,
2022-03-14 14:00:00,Cyprus,Cyprus,CY,769.4,977.48,16.91,16.91,tsoc.org.cy,false,
2022-03-14 15:00:00,Cyprus,Cyprus,CY,853.53,1081.44,7.82,7.82,tsoc.org.cy,false,
2022-03-14 16:00:00,Cyprus,Cyprus,CY,884.28,1119.33,4.5,4.5,tsoc.org.cy,false,
2022-03-14 17:00:00,Cyprus,Cyprus,CY,892.71,1129.77,3.59,3.59,tsoc.org.cy,false,
2022-03-14 18:00:00,Cyprus,Cyprus,CY,885.22,1120.43,4.4,4.4,tsoc.org.cy,false,
2022-03-14 19:00:00,Cyprus,Cyprus,CY,859.68,1088.59,7.16,7.16,tsoc.org.cy,false,
2022-03-14 20:00:00,Cyprus,Cyprus,CY,848.62,1074.92,8.35,8.35,tsoc.org.cy,false,
2022-03-14 21:00:00,Cyprus,Cyprus,CY,812.03,1029.38,12.3,12.3,tsoc.org.cy,false,
2022-03-14 22:00:00,Cyprus,Cyprus,CY,797.94,1012.11,13.82,13.82,tsoc.org.cy,false,
2022-03-14 23:00:00,Cyprus,Cyprus,CY,762.16,967.71,17.69,17.69,tsoc.org.cy,false,
2022-03-15 00:00:00,Cyprus,Cyprus,CY,750.58,953.44,18.94,18.94,tsoc.org.cy,false,
2022-03-15 01:00:00,Cyprus,Cyprus,CY,767.61,974.81,17.1,17.1,tsoc.org.cy,false,
2022-03-15 02:00:00,Cyprus,Cyprus,CY,815.66,1034.86,11.91,11.91,tsoc.org.cy,false,
2022-03-15 03:00:00,Cyprus,Cyprus,CY,840.68,1065.98,9.21,9.21,tsoc.org.cy,false,
2022-03-15 04:00:00,Cyprus,Cyprus,CY,856.49,1085.52,7.5,7.5,tsoc.org.cy,false,
2022-03-15 05:00:00,Cyprus,Cyprus,CY,763.62,970.06,17.53,17.53,tsoc.org.cy,false,
2022-03-15 06:00:00,Cyprus,Cyprus,CY,671.19,855.48,27.51,27.51,tsoc.org.cy,false,
2022-03-15 07:00:00,Cyprus,Cyprus,CY,611.7,781.92,33.94,33.94,tsoc.org.cy,false,
2022-03-15 08:00:00,Cyprus,Cyprus,CY,569.27,729.26,38.52,38.52,tsoc.org.cy,false,
2022-03-15 09:00:00,Cyprus,Cyprus,CY,555.69,712.43,39.99,39.99,tsoc.org.cy,false,
2022-03-15 10:00:00,Cyprus,Cyprus,CY,529.96,680.69,42.77,42.77,tsoc.org.cy,false,
2022-03-15 11:00:00,Cyprus,Cyprus,CY,551.25,707.28,40.47,40.47,tsoc.org.cy,false,
2022-03-15 12:00:00,Cyprus,Cyprus,CY,572.66,733.79,38.15,38.15,tsoc.org.cy,false,
2022-03-15 13:00:00,Cyprus,Cyprus,CY,613.28,783.98,33.77,33.77,tsoc.org.cy,false,
2022-03-15 14:00:00,Cyprus,Cyprus,CY,701.57,893.1,24.23,24.23,tsoc.org.cy,false,
2022-03-15 15:00:00,Cyprus,Cyprus,CY,781.82,992.01,15.57,15.57,tsoc.org.cy,false,
2022-03-15 16:00:00,Cyprus,Cyprus,CY,843.29,1068.14,8.93,8.93,tsoc.org.cy,false,
2022-03-15 17:00:00,Cyprus,Cyprus,CY,884.15,1119.09,4.51,4.51,tsoc.org.cy,false,
2022-03-15 18:00:00,Cyprus,Cyprus,CY,858.29,1086.8,7.31,7.31,tsoc.org.cy,false,
2022-03-15 19:00:00,Cyprus,Cyprus,CY,867.95,1098.94,6.26,6.26,tsoc.org.cy,false,
2022-03-15 20:00:00,Cyprus,Cyprus,CY,837.11,1060.55,9.59,9.59,tsoc.org.cy,false,
2022-03-15 21:00:00,Cyprus,Cyprus,CY,813.39,1031.1,12.16,12.16,tsoc.org.cy,false,
2022-03-15 22:00:00,Cyprus,Cyprus,CY,813.84,1032.01,12.11,12.11,tsoc.org.cy,false,
2022-03-15 23:00:00,Cyprus,Cyprus,CY,872.89,1106.12,5.73,5.73,tsoc.org.cy,false,
2022-03-16 00:00:00,Cyprus,Cyprus,CY,878.02,1112.71,5.18,5.18,tsoc.org.cy,false,
2022-03-16 01:00:00,Cyprus,Cyprus,CY,895.62,1134.8,3.28,3.28,tsoc.org.cy,false,
2022-03-16 02:00:00,Cyprus,Cyprus,CY,898.7,1138.63,2.94,2.94,tsoc.org.cy,false,
2022-03-16 03:00:00,Cyprus,Cyprus,CY,901.73,1142.25,2.62,2.62,tsoc.org.cy,false,
2022-03-16 04:00:00,Cyprus,Cyprus,CY,891.88,1129.73,3.68,3.68,tsoc.org.cy,false,
2022-03-16 05:00:00,Cyprus,Cyprus,CY,812.85,1031.9,12.21,12.21,tsoc.org.cy,false,
2022-03-16 06:00:00,Cyprus,Cyprus,CY,723.38,921.28,21.88,21.88,tsoc.org.cy,false,
2022-03-16 07:00:00,Cyprus,Cyprus,CY,659.7,842.57,28.75,28.75,tsoc.org.cy,false,
2022-03-16 08:00:00,Cyprus,Cyprus,CY,620.57,794.25,32.98,32.98,tsoc.org.cy,false,
2022-03-16 09:00:00,Cyprus,Cyprus,CY,609.45,780.52,34.18,34.18,tsoc.org.cy,false,
2022-03-16 10:00:00,Cyprus,Cyprus,CY,648.57,828.79,29.96,29.96,tsoc.org.cy,false,
2022-03-16 11:00:00,Cyprus,Cyprus,CY,769.88,978.62,16.85,16.85,tsoc.org.cy,false,
2022-03-16 12:00:00,Cyprus,Cyprus,CY,840.98,1066.46,9.18,9.18,tsoc.org.cy,false,
2022-03-16 13:00:00,Cyprus,Cyprus,CY,873.06,1106.06,5.71,5.71,tsoc.org.cy,false,
2022-03-16 14:00:00,Cyprus,Cyprus,CY,893.44,1131.23,3.51,3.51,tsoc.org.cy,false,
2022-03-16 15:00:00,Cyprus,Cyprus,CY,910.19,1151.88,1.7,1.7,tsoc.org.cy,false,
2022-03-16 16:00:00,Cyprus,Cyprus,CY,914.22,1156.73,1.27,1.27,tsoc.org.cy,false,
2022-03-16 17:00:00,Cyprus,Cyprus,CY,912.9,1155.02,1.41,1.41,tsoc.org.cy,false,
2022-03-16 18:00:00,Cyprus,Cyprus,CY,914.33,1156.84,1.26,1.26,tsoc.org.cy,false,
2022-03-16 19:00:00,Cyprus,Cyprus,CY,916.85,1160.08,0.98,0.98,tsoc.org.cy,false,
2022-03-16 20:00:00,Cyprus,Cyprus,CY,918.59,1162.41,0.79,0.79,tsoc.org.cy,false,
2022-03-16 21:00:00,Cyprus,Cyprus,CY,918.06,1161.94,0.85,0.85,tsoc.org.cy,false,
2022-03-16 22:00:00,Cyprus,Cyprus,CY,913.51,1156.59,1.34,1.34,tsoc.org.cy,false,
2022-03-16 23:00:00,Cyprus,Cyprus,CY,909.13,1151.42,1.82,1.82,tsoc.org.cy,false,
2022-03-17 00:00:00,Cyprus,Cyprus,CY,907.3,1149.33,2.01,2.01,tsoc.org.cy,false,
2022-03-17 01:00:00,Cyprus,Cyprus,CY,909.09,1151.67,1.82,1.82,tsoc.org.cy,false,
2022-03-17 02:00:00,Cyprus,Cyprus,CY,903.61,1144.82,2.41,2.41,tsoc.org.cy,false,
2022-03-17 03:00:00,Cyprus,Cyprus,CY,910.99,1153.89,1.62,1.62,tsoc.org.cy,false,
2022-03-17 04:00:00,Cyprus,Cyprus,CY,911.59,1154.3,1.55,1.55,tsoc.org.cy,false,
2022-03-17 05:00:00,Cyprus,Cyprus,CY,881.07,1116.25,4.85,4.85,tsoc.org.cy,false,
2022-03-17 06:00:00,Cyprus,Cyprus,CY,816.79,1036.67,11.79,11.79,tsoc.org.cy,false,
2022-03-17 07:00:00,Cyprus,Cyprus,CY,769.17,977.71,16.93,16.93,tsoc.org.cy,false,
2022-03-17 08:00:00,Cyprus,Cyprus,CY,733.35,933.23,20.8,20.8,tsoc.org.cy,false,
2022-03-17 09:00:00,Cyprus,Cyprus,CY,737.66,938.33,20.34,20.34,tsoc.org.cy,false,
2022-03-17 10:00:00,Cyprus,Cyprus,CY,801.48,1017.41,13.44,13.44,tsoc.org.cy,false,
2022-03-17 11:00:00,Cyprus,Cyprus,CY,779.25,989.63,15.84,15.84,tsoc.org.cy,false,
2022-03-17 12:00:00,Cyprus,Cyprus,CY,760.13,965.7,17.91,17.91,tsoc.org.cy,false,
2022-03-17 13:00:00,Cyprus,Cyprus,CY,797.42,1012.0,13.88,13.88,tsoc.org.cy,false,
2022-03-17 14:00:00,Cyprus,Cyprus,CY,854.26,1082.56,7.74,7.74,tsoc.org.cy,false,
2022-03-17 15:00:00,Cyprus,Cyprus,CY,885.44,1121.03,4.37,4.37,tsoc.org.cy,false,
2022-03-17 16:00:00,Cyprus,Cyprus,CY,901.48,1140.83,2.64,2.64,tsoc.org.cy,false,
2022-03-17 17:00:00,Cyprus,Cyprus,CY,904.29,1144.28,2.34,2.34,tsoc.org.cy,false,
2022-03-17 18:00:00,Cyprus,Cyprus,CY,905.7,1146.09,2.19,2.19,tsoc.org.cy,false,
2022-03-17 19:00:00,Cyprus,Cyprus,CY,894.4,1132.06,3.41,3.41,tsoc.org.cy,false,
2022-03-17 20:00:00,Cyprus,Cyprus,CY,868.06,1099.3,6.25,6.25,tsoc.org.cy,false,
2022-03-17 21:00:00,Cyprus,Cyprus,CY,853.88,1081.8,7.78,7.78,tsoc.org.cy,false,
2022-03-17 22:00:00,Cyprus,Cyprus,CY,838.91,1063.47,9.4,9.4,tsoc.org.cy,false,
2022-03-17 23:00:00,Cyprus,Cyprus,CY,830.31,1053.01,10.33,10.33,tsoc.org.cy,false,
2022-03-18 00:00:00,Cyprus,Cyprus,CY,841.54,1067.28,9.12,9.12,tsoc.org.cy,false,
2022-03-18 01:00:00,Cyprus,Cyprus,CY,850.41,1078.48,8.16,8.16,tsoc.org.cy,false,
2022-03-18 02:00:00,Cyprus,Cyprus,CY,866.09,1098.07,6.46,6.46,tsoc.org.cy,false,
2022-03-18 03:00:00,Cyprus,Cyprus,CY,880.53,1115.93,4.91,4.91,tsoc.org.cy,false,
2022-03-18 04:00:00,Cyprus,Cyprus,CY,892.3,1130.31,3.63,3.63,tsoc.org.cy,false,
2022-03-18 05:00:00,Cyprus,Cyprus,CY,858.72,1088.68,7.26,7.26,tsoc.org.cy,false,
2022-03-18 06:00:00,Cyprus,Cyprus,CY,778.34,989.29,15.94,15.94,tsoc.org.cy,false,
2022-03-18 07:00:00,Cyprus,Cyprus,CY,754.32,959.54,18.54,18.54,tsoc.org.cy,false,
2022-03-18 08:00:00,Cyprus,Cyprus,CY,772.52,981.97,16.57,16.57,tsoc.org.cy,false,
2022-03-18 09:00:00,Cyprus,Cyprus,CY,786.11,998.8,15.1,15.1,tsoc.org.cy,false,
2022-03-18 10:00:00,Cyprus,Cyprus,CY,756.66,962.42,18.28,18.28,tsoc.org.cy,false,
2022-03-18 11:00:00,Cyprus,Cyprus,CY,758.93,965.25,18.04,18.04,tsoc.org.cy,false,
2022-03-18 12:00:00,Cyprus,Cyprus,CY,774.55,984.56,16.35,16.35,tsoc.org.cy,false,
2022-03-18 13:00:00,Cyprus,Cyprus,CY,814.58,1034.04,12.03,12.03,tsoc.org.cy,false,
2022-03-18 14:00:00,Cyprus,Cyprus,CY,860.09,1090.24,7.11,7.11,tsoc.org.cy,false,
2022-03-18 15:00:00,Cyprus,Cyprus,CY,888.12,1124.65,4.09,4.09,tsoc.org.cy,false,
2022-03-18 16:00:00,Cyprus,Cyprus,CY,899.48,1138.45,2.86,2.86,tsoc.org.cy,false,
2022-03-18 17:00:00,Cyprus,Cyprus,CY,881.79,1116.28,4.77,4.77,tsoc.org.cy,false,
2022-03-18 18:00:00,Cyprus,Cyprus,CY,877.24,1110.63,5.26,5.26,tsoc.org.cy,false,
2022-03-18 19:00:00,Cyprus,Cyprus,CY,875.01,1107.93,5.5,5.5,tsoc.org.cy,false,
2022-03-18 20:00:00,Cyprus,Cyprus,CY,835.18,1058.29,9.8,9.8,tsoc.org.cy,false,
2022-03-18 21:00:00,Cyprus,Cyprus,CY,804.11,1019.66,13.16,13.16,tsoc.org.cy,false,
2022-03-18 22:00:00,Cyprus,Cyprus,CY,850.6,1078.07,8.14,8.14,tsoc.org.cy,false,
2022-03-18 23:00:00,Cyprus,Cyprus,CY,829.17,1051.6,10.45,10.45,tsoc.org.cy,false,
2022-03-19 00:00:00,Cyprus,Cyprus,CY,791.0,1004.13,14.57,14.57,tsoc.org.cy,false,
2022-03-19 01:00:00,Cyprus,Cyprus,CY,817.2,1037.0,11.74,11.74,tsoc.org.cy,false,
2022-03-19 02:00:00,Cyprus,Cyprus,CY,821.89,1042.87,11.24,11.24,tsoc.org.cy,false,
2022-03-19 03:00:00,Cyprus,Cyprus,CY,805.29,1022.05,13.03,13.03,tsoc.org.cy,false,
2022-03-19 04:00:00,Cyprus,Cyprus,CY,807.62,1024.85,12.78,12.78,tsoc.org.cy,false,
2022-03-19 05:00:00,Cyprus,Cyprus,CY,791.92,1005.33,14.47,14.47,tsoc.org.cy,false,
2022-03-19 06:00:00,Cyprus,Cyprus,CY,749.44,952.51,19.06,19.06,tsoc.org.cy,false,
2022-03-19 07:00:00,Cyprus,Cyprus,CY,732.72,931.8,20.87,20.87,tsoc.org.cy,false,
2022-03-19 08:00:00,Cyprus,Cyprus,CY,682.55,869.68,26.29,26.29,tsoc.org.cy,false,
2022-03-19 09:00:00,Cyprus,Cyprus,CY,625.62,799.27,32.44,32.44,tsoc.org.cy,false,
2022-03-19 10:00:00,Cyprus,Cyprus,CY,617.84,789.44,33.27,33.27,tsoc.org.cy,false,
2022-03-19 11:00:00,Cyprus,Cyprus,CY,633.67,809.2,31.57,31.57,tsoc.org.cy,false,
2022-03-19 12:00:00,Cyprus,Cyprus,CY,628.6,802.87,32.11,32.11,tsoc.org.cy,false,
2022-03-19 13:00:00,Cyprus,Cyprus,CY,730.96,929.66,21.06,21.06,tsoc.org.cy,false,
2022-03-19 14:00:00,Cyprus,Cyprus,CY,815.39,1034.14,11.94,11.94,tsoc.org.cy,false,
2022-03-19 15:00:00,Cyprus,Cyprus,CY,851.14,1078.25,8.08,8.08,tsoc.org.cy,false,
2022-03-19 16:00:00,Cyprus,Cyprus,CY,865.89,1096.4,6.49,6.49,tsoc.org.cy,false,
2022-03-19 17:00:00,Cyprus,Cyprus,CY,828.66,1049.82,10.51,10.51,tsoc.org.cy,false,
2022-03-19 18:00:00,Cyprus,Cyprus,CY,789.82,1001.32,14.7,14.7,tsoc.org.cy,false,
2022-03-19 19:00:00,Cyprus,Cyprus,CY,801.32,1015.77,13.46,13.46,tsoc.org.cy,false,
2022-03-19 20:00:00,Cyprus,Cyprus,CY,803.11,1018.12,13.27,13.27,tsoc.org.cy,false,
2022-03-19 21:00:00,Cyprus,Cyprus,CY,793.44,1006.16,14.31,14.31,tsoc.org.cy,false,
2022-03-19 22:00:00,Cyprus,Cyprus,CY,786.78,998.11,15.03,15.03,tsoc.org.cy,false,
2022-03-19 23:00:00,Cyprus,Cyprus,CY,743.89,944.77,19.66,19.66,tsoc.org.cy,false,
2022-03-20 00:00:00,Cyprus,Cyprus,CY,727.0,923.89,21.49,21.49,tsoc.org.cy,false,
2022-03-20 01:00:00,Cyprus,Cyprus,CY,750.43,953.3,18.96,18.96,tsoc.org.cy,false,
2022-03-20 02:00:00,Cyprus,Cyprus,CY,760.09,965.41,17.91,17.91,tsoc.org.cy,false,
2022-03-20 03:00:00,Cyprus,Cyprus,CY,780.03,990.3,15.76,15.76,tsoc.org.cy,false,
2022-03-20 04:00:00,Cyprus,Cyprus,CY,791.13,1004.28,14.56,14.56,tsoc.org.cy,false,
2022-03-20 05:00:00,Cyprus,Cyprus,CY,700.24,891.93,24.38,24.38,tsoc.org.cy,false,
2022-03-20 06:00:00,Cyprus,Cyprus,CY,631.98,807.7,31.75,31.75,tsoc.org.cy,false,
2022-03-20 07:00:00,Cyprus,Cyprus,CY,608.9,779.47,34.24,34.24,tsoc.org.cy,false,
2022-03-20 08:00:00,Cyprus,Cyprus,CY,582.08,746.11,37.14,37.14,tsoc.org.cy,false,
2022-03-20 09:00:00,Cyprus,Cyprus,CY,572.06,733.6,38.22,38.22,tsoc.org.cy,false,
2022-03-20 10:00:00,Cyprus,Cyprus,CY,568.5,729.3,38.6,38.6,tsoc.org.cy,false,
2022-03-20 11:00:00,Cyprus,Cyprus,CY,584.0,748.49,36.93,36.93,tsoc.org.cy,false,
2022-03-20 12:00:00,Cyprus,Cyprus,CY,608.31,778.6,34.3,34.3,tsoc.org.cy,false,
2022-03-20 13:00:00,Cyprus,Cyprus,CY,661.22,843.96,28.59,28.59,tsoc.org.cy,false,
2022-03-20 14:00:00,Cyprus,Cyprus,CY,750.76,954.76,18.92,18.92,tsoc.org.cy,false,
2022-03-20 15:00:00,Cyprus,Cyprus,CY,860.63,1090.74,7.05,7.05,tsoc.org.cy,false,
2022-03-20 16:00:00,Cyprus,Cyprus,CY,891.7,1128.82,3.7,3.7,tsoc.org.cy,false,
2022-03-20 17:00:00,Cyprus,Cyprus,CY,894.9,1132.66,3.35,3.35,tsoc.org.cy,false,
2022-03-20 18:00:00,Cyprus,Cyprus,CY,896.07,1134.12,3.23,3.23,tsoc.org.cy,false,
2022-03-20 19:00:00,Cyprus,Cyprus,CY,887.25,1123.15,4.18,4.18,tsoc.org.cy,false,
2022-03-20 20:00:00,Cyprus,Cyprus,CY,869.19,1100.71,6.13,6.13,tsoc.org.cy,false,
2022-03-20 21:00:00,Cyprus,Cyprus,CY,863.55,1093.85,6.74,6.74,tsoc.org.cy,false,
2022-03-20 22:00:00,Cyprus,Cyprus,CY,862.95,1093.44,6.8,6.8,tsoc.org.cy,false,
2022-03-20 23:00:00,Cyprus,Cyprus,CY,881.0,1116.3,4.85,4.85,tsoc.org.cy,false,
2022-03-21 00:00:00,Cyprus,Cyprus,CY,884.74,1121.18,4.45,4.45,tsoc.org.cy,false,
2022-03-21 01:00:00,Cyprus,Cyprus,CY,879.17,1114.32,5.05,5.05,tsoc.org.cy,false,
2022-03-21 02:00:00,Cyprus,Cyprus,CY,870.59,1103.6,5.98,5.98,tsoc.org.cy,false,
2022-03-21 03:00:00,Cyprus,Cyprus,CY,857.36,1086.91,7.41,7.41,tsoc.org.cy,false,
2022-03-21 04:00:00,Cyprus,Cyprus,CY,845.27,1071.59,8.71,8.71,tsoc.org.cy,false,
2022-03-21 05:00:00,Cyprus,Cyprus,CY,811.09,1029.2,12.4,12.4,tsoc.org.cy,false,
2022-03-21 06:00:00,Cyprus,Cyprus,CY,764.68,971.62,17.42,17.42,tsoc.org.cy,false,
2022-03-21 07:00:00,Cyprus,Cyprus,CY,732.69,931.87,20.87,20.87,tsoc.org.cy,false,
2022-03-21 08:00:00,Cyprus,Cyprus,CY,699.21,890.54,24.49,24.49,tsoc.org.cy,false,
2022-03-21 09:00:00,Cyprus,Cyprus,CY,684.53,872.26,26.07,26.07,tsoc.org.cy,false,
2022-03-21 10:00:00,Cyprus,Cyprus,CY,676.38,862.2,26.95,26.95,tsoc.org.cy,false,
2022-03-21 11:00:00,Cyprus,Cyprus,CY,729.95,928.49,21.17,21.17,tsoc.org.cy,false,
2022-03-21 12:00:00,Cyprus,Cyprus,CY,765.62,972.77,17.32,17.32,tsoc.org.cy,false,
2022-03-21 13:00:00,Cyprus,Cyprus,CY,781.37,992.24,15.61,15.61,tsoc.org.cy,false,
2022-03-21 14:00:00,Cyprus,Cyprus,CY,796.86,1011.34,13.94,13.94,tsoc.org.cy,false,
2022-03-21 15:00:00,Cyprus,Cyprus,CY,862.77,1092.98,6.82,6.82,tsoc.org.cy,false,
2022-03-21 16:00:00,Cyprus,Cyprus,CY,890.86,1127.55,3.79,3.79,tsoc.org.cy,false,
2022-03-21 17:00:00,Cyprus,Cyprus,CY,898.6,1137.11,2.95,2.95,tsoc.org.cy,false,
2022-03-21 18:00:00,Cyprus,Cyprus,CY,897.01,1135.16,3.13,3.13,tsoc.org.cy,false,
2022-03-21 19:00:00,Cyprus,Cyprus,CY,888.45,1124.55,4.05,4.05,tsoc.org.cy,false,
2022-03-21 20:00:00,Cyprus,Cyprus,CY,856.59,1084.89,7.49,7.49,tsoc.org.cy,false,
2022-03-21 21:00:00,Cyprus,Cyprus,CY,830.5,1052.5,10.31,10.31,tsoc.org.cy,false,
2022-03-21 22:00:00,Cyprus,Cyprus,CY,825.0,1045.95,10.9,10.9,tsoc.org.cy,false,
2022-03-21 23:00:00,Cyprus,Cyprus,CY,809.37,1026.75,12.59,12.59,tsoc.org.cy,false,
2022-03-22 00:00:00,Cyprus,Cyprus,CY,819.52,1039.65,11.49,11.49,tsoc.org.cy,false,
2022-03-22 01:00:00,Cyprus,Cyprus,CY,821.73,1042.51,11.26,11.26,tsoc.org.cy,false,
2022-03-22 02:00:00,Cyprus,Cyprus,CY,835.2,1059.33,9.8,9.8,tsoc.org.cy,false,
2022-03-22 03:00:00,Cyprus,Cyprus,CY,856.84,1086.2,7.46,7.46,tsoc.org.cy,false,
2022-03-22 04:00:00,Cyprus,Cyprus,CY,869.54,1101.9,6.09,6.09,tsoc.org.cy,false,
2022-03-22 05:00:00,Cyprus,Cyprus,CY,806.38,1023.8,12.91,12.91,tsoc.org.cy,false,
2022-03-22 06:00:00,Cyprus,Cyprus,CY,736.43,937.34,20.47,20.47,tsoc.org.cy,false,
2022-03-22 07:00:00,Cyprus,Cyprus,CY,681.29,869.12,26.42,26.42,tsoc.org.cy,false,
2022-03-22 08:00:00,Cyprus,Cyprus,CY,668.63,853.56,27.79,27.79,tsoc.org.cy,false,
2022-03-22 09:00:00,Cyprus,Cyprus,CY,659.33,842.02,28.79,28.79,tsoc.org.cy,false,
2022-03-22 10:00:00,Cyprus,Cyprus,CY,699.22,891.29,24.49,24.49,tsoc.org.cy,false,
2022-03-22 11:00:00,Cyprus,Cyprus,CY,739.31,940.85,20.16,20.16,tsoc.org.cy,false,
2022-03-22 12:00:00,Cyprus,Cyprus,CY,771.2,980.22,16.71,16.71,tsoc.org.cy,false,
2022-03-22 13:00:00,Cyprus,Cyprus,CY,820.32,1040.91,11.41,11.41,tsoc.org.cy,false,
2022-03-22 14:00:00,Cyprus,Cyprus,CY,856.98,1086.19,7.45,7.45,tsoc.org.cy,false,
2022-03-22 15:00:00,Cyprus,Cyprus,CY,905.29,1145.95,2.23,2.23,tsoc.org.cy,false,
2022-03-22 16:00:00,Cyprus,Cyprus,CY,919.55,1163.45,0.69,0.69,tsoc.org.cy,false,
2022-03-22 17:00:00,Cyprus,Cyprus,CY,919.66,1163.51,0.68,0.68,tsoc.org.cy,false,
2022-03-22 18:00:00,Cyprus,Cyprus,CY,918.76,1162.41,0.78,0.78,tsoc.org.cy,false,
2022-03-22 19:00:00,Cyprus,Cyprus,CY,917.8,1161.3,0.88,0.88,tsoc.org.cy,false,
2022-03-22 20:00:00,Cyprus,Cyprus,CY,909.38,1150.93,1.79,1.79,tsoc.org.cy,false,
2022-03-22 21:00:00,Cyprus,Cyprus,CY,906.23,1147.22,2.13,2.13,tsoc.org.cy,false,
2022-03-22 22:00:00,Cyprus,Cyprus,CY,904.38,1145.24,2.33,2.33,tsoc.org.cy,false,
2022-03-22 23:00:00,Cyprus,Cyprus,CY,894.19,1132.81,3.43,3.43,tsoc.org.cy,false,
2022-03-23 00:00:00,Cyprus,Cyprus,CY,898.05,1137.84,3.01,3.01,tsoc.org.cy,false,
2022-03-23 01:00:00,Cyprus,Cyprus,CY,907.71,1150.01,1.97,1.97,tsoc.org.cy,false,
2022-03-23 02:00:00,Cyprus,Cyprus,CY,901.24,1141.9,2.67,2.67,tsoc.org.cy,false,
2022-03-23 03:00:00,Cyprus,Cyprus,CY,898.38,1138.17,2.98,2.98,tsoc.org.cy,false,
2022-03-23 04:00:00,Cyprus,Cyprus,CY,891.42,1129.11,3.73,3.73,tsoc.org.cy,false,
2022-03-23 05:00:00,Cyprus,Cyprus,CY,865.76,1097.22,6.5,6.5,tsoc.org.cy,false,
2022-03-23 06:00:00,Cyprus,Cyprus,CY,863.75,1094.56,6.72,6.72,tsoc.org.cy,false,
2022-03-23 07:00:00,Cyprus,Cyprus,CY,832.87,1056.34,10.05,10.05,tsoc.org.cy,false,
2022-03-23 08:00:00,Cyprus,Cyprus,CY,780.79,991.97,15.68,15.68,tsoc.org.cy,false,
2022-03-23 09:00:00,Cyprus,Cyprus,CY,768.59,976.99,16.99,16.99,tsoc.org.cy,false,
2022-03-23 10:00:00,Cyprus,Cyprus,CY,797.03,1012.15,13.92,13.92,tsoc.org.cy,false,
2022-03-23 11:00:00,Cyprus,Cyprus,CY,789.11,1002.35,14.78,14.78,tsoc.org.cy,false,
2022-03-23 12:00:00,Cyprus,Cyprus,CY,833.24,1056.87,10.01,10.01,tsoc.org.cy,false,
2022-03-23 13:00:00,Cyprus,Cyprus,CY,863.45,1094.16,6.75,6.75,tsoc.org.cy,false,
2022-03-23 14:00:00,Cyprus,Cyprus,CY,869.8,1101.97,6.06,6.06,tsoc.org.cy,false,
2022-03-23 15:00:00,Cyprus,Cyprus,CY,897.71,1136.45,3.05,3.05,tsoc.org.cy,false,
2022-03-23 16:00:00,Cyprus,Cyprus,CY,919.36,1163.14,0.71,0.71,tsoc.org.cy,false,
2022-03-23 17:00:00,Cyprus,Cyprus,CY,920.17,1164.08,0.62,0.62,tsoc.org.cy,false,
2022-03-23 18:00:00,Cyprus,Cyprus,CY,919.7,1163.55,0.67,0.67,tsoc.org.cy,false,
2022-03-23 19:00:00,Cyprus,Cyprus,CY,915.27,1158.11,1.15,1.15,tsoc.org.cy,false,
2022-03-23 20:00:00,Cyprus,Cyprus,CY,911.45,1153.49,1.57,1.57,tsoc.org.cy,false,
2022-03-23 21:00:00,Cyprus,Cyprus,CY,909.59,1151.39,1.77,1.77,tsoc.org.cy,false,
2022-03-23 22:00:00,Cyprus,Cyprus,CY,908.16,1149.94,1.92,1.92,tsoc.org.cy,false,
2022-03-23 23:00:00,Cyprus,Cyprus,CY,908.8,1151.06,1.85,1.85,tsoc.org.cy,false,
2022-03-24 00:00:00,Cyprus,Cyprus,CY,901.07,1141.6,2.69,2.69,tsoc.org.cy,false,
2022-03-24 01:00:00,Cyprus,Cyprus,CY,904.18,1145.59,2.35,2.35,tsoc.org.cy,false,
2022-03-24 02:00:00,Cyprus,Cyprus,CY,902.66,1143.7,2.52,2.52,tsoc.org.cy,false,
2022-03-24 03:00:00,Cyprus,Cyprus,CY,907.83,1149.99,1.96,1.96,tsoc.org.cy,false,
2022-03-24 04:00:00,Cyprus,Cyprus,CY,886.36,1123.0,4.28,4.28,tsoc.org.cy,false,
2022-03-24 05:00:00,Cyprus,Cyprus,CY,806.87,1024.22,12.86,12.86,tsoc.org.cy,false,
2022-03-24 06:00:00,Cyprus,Cyprus,CY,729.22,928.36,21.25,21.25,tsoc.org.cy,false,
2022-03-24 07:00:00,Cyprus,Cyprus,CY,675.86,862.38,27.01,27.01,tsoc.org.cy,false,
2022-03-24 08:00:00,Cyprus,Cyprus,CY,674.65,860.87,27.14,27.14,tsoc.org.cy,false,
2022-03-24 09:00:00,Cyprus,Cyprus,CY,638.12,815.51,31.09,31.09,tsoc.org.cy,false,
2022-03-24 10:00:00,Cyprus,Cyprus,CY,720.26,916.76,22.21,22.21,tsoc.org.cy,false,
2022-03-24 11:00:00,Cyprus,Cyprus,CY,815.11,1034.53,11.97,11.97,tsoc.org.cy,false,
2022-03-24 12:00:00,Cyprus,Cyprus,CY,813.86,1032.37,12.11,12.11,tsoc.org.cy,false,
2022-03-24 13:00:00,Cyprus,Cyprus,CY,790.32,1003.21,14.65,14.65,tsoc.org.cy,false,
2022-03-24 14:00:00,Cyprus,Cyprus,CY,806.79,1023.76,12.87,12.87,tsoc.org.cy,false,
2022-03-24 15:00:00,Cyprus,Cyprus,CY,882.51,1117.56,4.69,4.69,tsoc.org.cy,false,
2022-03-24 16:00:00,Cyprus,Cyprus,CY,897.29,1135.66,3.09,3.09,tsoc.org.cy,false,
2022-03-24 17:00:00,Cyprus,Cyprus,CY,915.47,1158.29,1.13,1.13,tsoc.org.cy,false,
2022-03-24 18:00:00,Cyprus,Cyprus,CY,913.09,1155.35,1.39,1.39,tsoc.org.cy,false,
2022-03-24 19:00:00,Cyprus,Cyprus,CY,909.17,1150.55,1.81,1.81,tsoc.org.cy,false,
2022-03-24 20:00:00,Cyprus,Cyprus,CY,876.26,1109.58,5.37,5.37,tsoc.org.cy,false,
2022-03-24 21:00:00,Cyprus,Cyprus,CY,819.07,1038.29,11.54,11.54,tsoc.org.cy,false,
2022-03-24 22:00:00,Cyprus,Cyprus,CY,830.97,1053.51,10.26,10.26,tsoc.org.cy,false,
2022-03-24 23:00:00,Cyprus,Cyprus,CY,820.56,1040.82,11.38,11.38,tsoc.org.cy,false,
2022-03-25 00:00:00,Cyprus,Cyprus,CY,788.01,1000.37,14.9,14.9,tsoc.org.cy,false,
2022-03-25 01:00:00,Cyprus,Cyprus,CY,749.73,952.67,19.03,19.03,tsoc.org.cy,false,
2022-03-25 02:00:00,Cyprus,Cyprus,CY,728.02,925.56,21.38,21.38,tsoc.org.cy,false,
2022-03-25 03:00:00,Cyprus,Cyprus,CY,764.92,971.58,17.39,17.39,tsoc.org.cy,false,
2022-03-25 04:00:00,Cyprus,Cyprus,CY,760.15,965.83,17.91,17.91,tsoc.org.cy,false,
2022-03-25 05:00:00,Cyprus,Cyprus,CY,703.46,896.16,24.03,24.03,tsoc.org.cy,false,
2022-03-25 06:00:00,Cyprus,Cyprus,CY,634.3,811.21,31.5,31.5,tsoc.org.cy,false,
2022-03-25 07:00:00,Cyprus,Cyprus,CY,567.56,728.72,38.71,38.71,tsoc.org.cy,false,
2022-03-25 08:00:00,Cyprus,Cyprus,CY,536.56,690.41,42.05,42.05,tsoc.org.cy,false,
2022-03-25 09:00:00,Cyprus,Cyprus,CY,493.08,636.2,46.75,46.75,tsoc.org.cy,false,
2022-03-25 10:00:00,Cyprus,Cyprus,CY,498.78,642.93,46.13,46.13,tsoc.org.cy,false,
2022-03-25 11:00:00,Cyprus,Cyprus,CY,486.74,627.84,47.43,47.43,tsoc.org.cy,false,
2022-03-25 12:00:00,Cyprus,Cyprus,CY,550.0,706.3,40.6,40.6,tsoc.org.cy,false,
2022-03-25 13:00:00,Cyprus,Cyprus,CY,622.81,795.89,32.74,32.74,tsoc.org.cy,false,
2022-03-25 14:00:00,Cyprus,Cyprus,CY,675.88,861.79,27.01,27.01,tsoc.org.cy,false,
2022-03-25 15:00:00,Cyprus,Cyprus,CY,773.91,982.86,16.42,16.42,tsoc.org.cy,false,
2022-03-25 16:00:00,Cyprus,Cyprus,CY,829.35,1051.14,10.43,10.43,tsoc.org.cy,false,
2022-03-25 17:00:00,Cyprus,Cyprus,CY,862.46,1092.32,6.86,6.86,tsoc.org.cy,false,
2022-03-25 18:00:00,Cyprus,Cyprus,CY,857.37,1085.97,7.41,7.41,tsoc.org.cy,false,
2022-03-25 19:00:00,Cyprus,Cyprus,CY,841.89,1066.68,9.08,9.08,tsoc.org.cy,false,
2022-03-25 20:00:00,Cyprus,Cyprus,CY,844.29,1069.81,8.82,8.82,tsoc.org.cy,false,
2022-03-25 21:00:00,Cyprus,Cyprus,CY,849.94,1077.04,8.21,8.21,tsoc.org.cy,false,
2022-03-25 22:00:00,Cyprus,Cyprus,CY,875.27,1109.03,5.47,5.47,tsoc.org.cy,false,
2022-03-25 23:00:00,Cyprus,Cyprus,CY,900.67,1141.1,2.73,2.73,tsoc.org.cy,false,
2022-03-26 00:00:00,Cyprus,Cyprus,CY,903.26,1144.57,2.45,2.45,tsoc.org.cy,false,
2022-03-26 01:00:00,Cyprus,Cyprus,CY,887.41,1124.89,4.16,4.16,tsoc.org.cy,false,
2022-03-26 02:00:00,Cyprus,Cyprus,CY,894.31,1133.53,3.42,3.42,tsoc.org.cy,false,
2022-03-26 03:00:00,Cyprus,Cyprus,CY,904.29,1145.93,2.34,2.34,tsoc.org.cy,false,
2022-03-26 04:00:00,Cyprus,Cyprus,CY,881.66,1117.81,4.78,4.78,tsoc.org.cy,false,
2022-03-26 05:00:00,Cyprus,Cyprus,CY,786.1,999.49,15.1,15.1,tsoc.org.cy,false,
2022-03-26 06:00:00,Cyprus,Cyprus,CY,689.72,880.19,25.51,25.51,tsoc.org.cy,false,
2022-03-26 07:00:00,Cyprus,Cyprus,CY,601.2,770.51,35.07,35.07,tsoc.org.cy,false,
2022-03-26 08:00:00,Cyprus,Cyprus,CY,513.74,661.95,44.52,44.52,tsoc.org.cy,false,
2022-03-26 09:00:00,Cyprus,Cyprus,CY,437.66,567.24,52.73,52.73,tsoc.org.cy,false,
2022-03-26 10:00:00,Cyprus,Cyprus,CY,459.1,593.54,50.42,50.42,tsoc.org.cy,false,
2022-03-26 11:00:00,Cyprus,Cyprus,CY,469.82,606.67,49.26,49.26,tsoc.org.cy,false,
2022-03-26 12:00:00,Cyprus,Cyprus,CY,463.63,598.67,49.93,49.93,tsoc.org.cy,false,
2022-03-26 13:00:00,Cyprus,Cyprus,CY,513.13,659.86,44.58,44.58,tsoc.org.cy,false,
2022-03-26 14:00:00,Cyprus,Cyprus,CY,626.39,800.05,32.35,32.35,tsoc.org.cy,false,
2022-03-26 15:00:00,Cyprus,Cyprus,CY,766.74,973.82,17.19,17.19,tsoc.org.cy,false,
2022-03-26 16:00:00,Cyprus,Cyprus,CY,847.91,1074.39,8.43,8.43,tsoc.org.cy,false,
2022-03-26 17:00:00,Cyprus,Cyprus,CY,863.53,1093.75,6.74,6.74,tsoc.org.cy,false,
2022-03-26 18:00:00,Cyprus,Cyprus,CY,865.67,1096.46,6.51,6.51,tsoc.org.cy,false,
2022-03-26 19:00:00,Cyprus,Cyprus,CY,862.71,1092.87,6.83,6.83,tsoc.org.cy,false,
2022-03-26 20:00:00,Cyprus,Cyprus,CY,883.05,1118.42,4.63,4.63,tsoc.org.cy,false,
2022-03-26 21:00:00,Cyprus,Cyprus,CY,903.98,1144.74,2.37,2.37,tsoc.org.cy,false,
2022-03-26 22:00:00,Cyprus,Cyprus,CY,898.13,1137.74,3.0,3.0,tsoc.org.cy,false,
2022-03-26 23:00:00,Cyprus,Cyprus,CY,900.88,1141.5,2.71,2.71,tsoc.org.cy,false,
2022-03-27 00:00:00,Cyprus,Cyprus,CY,885.02,1121.91,4.42,4.42,tsoc.org.cy,false,
2022-03-27 01:00:00,Cyprus,Cyprus,CY,893.21,1132.26,3.54,3.54,tsoc.org.cy,false,
2022-03-27 02:00:00,Cyprus,Cyprus,CY,901.14,1142.19,2.68,2.68,tsoc.org.cy,false,
2022-03-27 03:00:00,Cyprus,Cyprus,CY,907.62,1150.17,1.98,1.98,tsoc.org.cy,false,
2022-03-27 04:00:00,Cyprus,Cyprus,CY,882.67,1119.29,4.67,4.67,tsoc.org.cy,false,
2022-03-27 05:00:00,Cyprus,Cyprus,CY,753.19,959.09,18.66,18.66,tsoc.org.cy,false,
2022-03-27 06:00:00,Cyprus,Cyprus,CY,624.3,799.73,32.58,32.58,tsoc.org.cy,false,
2022-03-27 07:00:00,Cyprus,Cyprus,CY,555.18,714.31,40.04,40.04,tsoc.org.cy,false,
2022-03-27 08:00:00,Cyprus,Cyprus,CY,495.49,640.4,46.49,46.49,tsoc.org.cy,false,
2022-03-27 09:00:00,Cyprus,Cyprus,CY,496.74,641.78,46.35,46.35,tsoc.org.cy,false,
2022-03-27 10:00:00,Cyprus,Cyprus,CY,514.68,663.69,44.42,44.42,tsoc.org.cy,false,
2022-03-27 11:00:00,Cyprus,Cyprus,CY,536.46,690.44,42.06,42.06,tsoc.org.cy,false,
2022-03-27 12:00:00,Cyprus,Cyprus,CY,546.97,703.03,40.93,40.93,tsoc.org.cy,false,
2022-03-27 13:00:00,Cyprus,Cyprus,CY,584.68,749.49,36.86,36.86,tsoc.org.cy,false,
2022-03-27 14:00:00,Cyprus,Cyprus,CY,677.16,864.07,26.87,26.87,tsoc.org.cy,false,
2022-03-27 15:00:00,Cyprus,Cyprus,CY,804.71,1021.79,13.09,13.09,tsoc.org.cy,false,
2022-03-27 16:00:00,Cyprus,Cyprus,CY,860.87,1090.81,7.03,7.03,tsoc.org.cy,false,
2022-03-27 17:00:00,Cyprus,Cyprus,CY,847.12,1073.37,8.51,8.51,tsoc.org.cy,false,
2022-03-27 18:00:00,Cyprus,Cyprus,CY,862.35,1092.41,6.87,6.87,tsoc.org.cy,false,
2022-03-27 19:00:00,Cyprus,Cyprus,CY,878.17,1112.32,5.16,5.16,tsoc.org.cy,false,
2022-03-27 20:00:00,Cyprus,Cyprus,CY,891.25,1128.88,3.75,3.75,tsoc.org.cy,false,
2022-03-27 21:00:00,Cyprus,Cyprus,CY,905.26,1146.8,2.23,2.23,tsoc.org.cy,false,
2022-03-27 22:00:00,Cyprus,Cyprus,CY,906.76,1149.06,2.07,2.07,tsoc.org.cy,false,
2022-03-27 23:00:00,Cyprus,Cyprus,CY,887.44,1125.16,4.16,4.16,tsoc.org.cy,false,
2022-03-28 00:00:00,Cyprus,Cyprus,CY,844.12,1071.14,8.84,8.84,tsoc.org.cy,false,
2022-03-28 01:00:00,Cyprus,Cyprus,CY,815.72,1035.62,11.9,11.9,tsoc.org.cy,false,
2022-03-28 02:00:00,Cyprus,Cyprus,CY,837.74,1062.94,9.53,9.53,tsoc.org.cy,false,
2022-03-28 03:00:00,Cyprus,Cyprus,CY,870.07,1102.82,6.04,6.04,tsoc.org.cy,false,
2022-03-28 04:00:00,Cyprus,Cyprus,CY,863.67,1094.82,6.73,6.73,tsoc.org.cy,false,
2022-03-28 05:00:00,Cyprus,Cyprus,CY,780.67,992.25,15.69,15.69,tsoc.org.cy,false,
2022-03-28 06:00:00,Cyprus,Cyprus,CY,686.16,875.42,25.9,25.9,tsoc.org.cy,false,
2022-03-28 07:00:00,Cyprus,Cyprus,CY,613.81,786.01,33.71,33.71,tsoc.org.cy,false,
2022-03-28 08:00:00,Cyprus,Cyprus,CY,567.63,729.0,38.7,38.7,tsoc.org.cy,false,
2022-03-28 09:00:00,Cyprus,Cyprus,CY,549.15,706.22,40.69,40.69,tsoc.org.cy,false,
2022-03-28 10:00:00,Cyprus,Cyprus,CY,549.43,706.53,40.66,40.66,tsoc.org.cy,false,
2022-03-28 11:00:00,Cyprus,Cyprus,CY,564.5,725.23,39.04,39.04,tsoc.org.cy,false,
2022-03-28 12:00:00,Cyprus,Cyprus,CY,600.98,770.48,35.1,35.1,tsoc.org.cy,false,
2022-03-28 13:00:00,Cyprus,Cyprus,CY,666.4,851.44,28.03,28.03,tsoc.org.cy,false,
2022-03-28 14:00:00,Cyprus,Cyprus,CY,738.73,940.9,20.22,20.22,tsoc.org.cy,false,
2022-03-28 15:00:00,Cyprus,Cyprus,CY,856.13,1085.92,7.54,7.54,tsoc.org.cy,false,
2022-03-28 16:00:00,Cyprus,Cyprus,CY,916.25,1159.94,1.05,1.05,tsoc.org.cy,false,
2022-03-28 17:00:00,Cyprus,Cyprus,CY,916.93,1160.56,0.97,0.97,tsoc.org.cy,false,
2022-03-28 18:00:00,Cyprus,Cyprus,CY,915.33,1158.6,1.15,1.15,tsoc.org.cy,false,
2022-03-28 19:00:00,Cyprus,Cyprus,CY,910.46,1152.66,1.67,1.67,tsoc.org.cy,false,
2022-03-28 20:00:00,Cyprus,Cyprus,CY,896.26,1135.14,3.21,3.21,tsoc.org.cy,false,
2022-03-28 21:00:00,Cyprus,Cyprus,CY,892.09,1130.35,3.66,3.66,tsoc.org.cy,false,
2022-03-28 22:00:00,Cyprus,Cyprus,CY,889.18,1127.13,3.97,3.97,tsoc.org.cy,false,
2022-03-28 23:00:00,Cyprus,Cyprus,CY,886.89,1124.52,4.22,4.22,tsoc.org.cy,false,
2022-03-29 00:00:00,Cyprus,Cyprus,CY,869.09,1102.41,6.14,6.14,tsoc.org.cy,false,
2022-03-29 01:00:00,Cyprus,Cyprus,CY,863.89,1095.91,6.7,6.7,tsoc.org.cy,false,
2022-03-29 02:00:00,Cyprus,Cyprus,CY,879.53,1115.29,5.01,5.01,tsoc.org.cy,false,
2022-03-29 03:00:00,Cyprus,Cyprus,CY,885.19,1121.84,4.4,4.4,tsoc.org.cy,false,
2022-03-29 04:00:00,Cyprus,Cyprus,CY,868.0,1100.14,6.26,6.26,tsoc.org.cy,false,
2022-03-29 05:00:00,Cyprus,Cyprus,CY,831.58,1054.93,10.19,10.19,tsoc.org.cy,false,
2022-03-29 06:00:00,Cyprus,Cyprus,CY,778.16,988.49,15.96,15.96,tsoc.org.cy,false,
2022-03-29 07:00:00,Cyprus,Cyprus,CY,746.58,949.42,19.37,19.37,tsoc.org.cy,false,
2022-03-29 08:00:00,Cyprus,Cyprus,CY,771.16,980.28,16.72,16.72,tsoc.org.cy,false,
2022-03-29 09:00:00,Cyprus,Cyprus,CY,782.46,994.38,15.5,15.5,tsoc.org.cy,false,
2022-03-29 10:00:00,Cyprus,Cyprus,CY,774.48,984.56,16.36,16.36,tsoc.org.cy,false,
2022-03-29 11:00:00,Cyprus,Cyprus,CY,792.85,1007.24,14.37,14.37,tsoc.org.cy,false,
2022-03-29 12:00:00,Cyprus,Cyprus,CY,779.75,990.19,15.79,15.79,tsoc.org.cy,false,
2022-03-29 13:00:00,Cyprus,Cyprus,CY,733.72,932.62,20.76,20.76,tsoc.org.cy,false,
2022-03-29 14:00:00,Cyprus,Cyprus,CY,744.37,945.91,19.61,19.61,tsoc.org.cy,false,
2022-03-29 15:00:00,Cyprus,Cyprus,CY,791.87,1004.87,14.48,14.48,tsoc.org.cy,false,
2022-03-29 16:00:00,Cyprus,Cyprus,CY,892.97,1130.56,3.56,3.56,tsoc.org.cy,false,
2022-03-29 17:00:00,Cyprus,Cyprus,CY,897.79,1136.49,3.04,3.04,tsoc.org.cy,false,
2022-03-29 18:00:00,Cyprus,Cyprus,CY,891.45,1128.66,3.73,3.73,tsoc.org.cy,false,
2022-03-29 19:00:00,Cyprus,Cyprus,CY,891.43,1128.85,3.73,3.73,tsoc.org.cy,false,
2022-03-29 20:00:00,Cyprus,Cyprus,CY,883.19,1118.82,4.62,4.62,tsoc.org.cy,false,
2022-03-29 21:00:00,Cyprus,Cyprus,CY,874.56,1108.48,5.55,5.55,tsoc.org.cy,false,
2022-03-29 22:00:00,Cyprus,Cyprus,CY,862.92,1094.31,6.81,6.81,tsoc.org.cy,false,
2022-03-29 23:00:00,Cyprus,Cyprus,CY,835.22,1059.93,9.8,9.8,tsoc.org.cy,false,
2022-03-30 00:00:00,Cyprus,Cyprus,CY,861.54,1092.93,6.96,6.96,tsoc.org.cy,false,
2022-03-30 01:00:00,Cyprus,Cyprus,CY,864.76,1096.95,6.61,6.61,tsoc.org.cy,false,
2022-03-30 02:00:00,Cyprus,Cyprus,CY,877.58,1112.74,5.22,5.22,tsoc.org.cy,false,
2022-03-30 03:00:00,Cyprus,Cyprus,CY,890.87,1128.81,3.79,3.79,tsoc.org.cy,false,
2022-03-30 04:00:00,Cyprus,Cyprus,CY,880.81,1116.23,4.87,4.87,tsoc.org.cy,false,
2022-03-30 05:00:00,Cyprus,Cyprus,CY,790.54,1004.48,14.62,14.62,tsoc.org.cy,false,
2022-03-30 06:00:00,Cyprus,Cyprus,CY,692.24,883.01,25.24,25.24,tsoc.org.cy,false,
2022-03-30 07:00:00,Cyprus,Cyprus,CY,614.09,786.53,33.68,33.68,tsoc.org.cy,false,
2022-03-30 08:00:00,Cyprus,Cyprus,CY,563.55,724.11,39.14,39.14,tsoc.org.cy,false,
2022-03-30 09:00:00,Cyprus,Cyprus,CY,536.01,690.11,42.11,42.11,tsoc.org.cy,false,
2022-03-30 10:00:00,Cyprus,Cyprus,CY,518.43,668.37,44.01,44.01,tsoc.org.cy,false,
2022-03-30 11:00:00,Cyprus,Cyprus,CY,525.98,677.71,43.2,43.2,tsoc.org.cy,false,
2022-03-30 12:00:00,Cyprus,Cyprus,CY,561.51,721.7,39.36,39.36,tsoc.org.cy,false,
2022-03-30 13:00:00,Cyprus,Cyprus,CY,629.61,805.87,32.0,32.0,tsoc.org.cy,false,
2022-03-30 14:00:00,Cyprus,Cyprus,CY,753.78,959.46,18.59,18.59,tsoc.org.cy,false,
2022-03-30 15:00:00,Cyprus,Cyprus,CY,871.56,1104.97,5.87,5.87,tsoc.org.cy,false,
2022-03-30 16:00:00,Cyprus,Cyprus,CY,908.06,1149.78,1.93,1.93,tsoc.org.cy,false,
2022-03-30 17:00:00,Cyprus,Cyprus,CY,906.04,1147.11,2.15,2.15,tsoc.org.cy,false,
2022-03-30 18:00:00,Cyprus,Cyprus,CY,908.62,1150.41,1.87,1.87,tsoc.org.cy,false,
2022-03-30 19:00:00,Cyprus,Cyprus,CY,915.27,1158.92,1.15,1.15,tsoc.org.cy,false,
2022-03-30 20:00:00,Cyprus,Cyprus,CY,913.59,1157.08,1.33,1.33,tsoc.org.cy,false,
2022-03-30 21:00:00,Cyprus,Cyprus,CY,907.79,1150.27,1.96,1.96,tsoc.org.cy,false,
2022-03-30 22:00:00,Cyprus,Cyprus,CY,907.99,1150.88,1.94,1.94,tsoc.org.cy,false,
2022-03-30 23:00:00,Cyprus,Cyprus,CY,905.43,1147.92,2.22,2.22,tsoc.org.cy,false,
2022-03-31 00:00:00,Cyprus,Cyprus,CY,904.92,1147.37,2.27,2.27,tsoc.org.cy,false,
2022-03-31 01:00:00,Cyprus,Cyprus,CY,903.13,1145.1,2.46,2.46,tsoc.org.cy,false,
2022-03-31 02:00:00,Cyprus,Cyprus,CY,904.74,1146.85,2.29,2.29,tsoc.org.cy,false,
2022-03-31 03:00:00,Cyprus,Cyprus,CY,906.48,1148.5,2.1,2.1,tsoc.org.cy,false,
2022-03-31 04:00:00,Cyprus,Cyprus,CY,877.22,1111.89,5.26,5.26,tsoc.org.cy,false,
2022-03-31 05:00:00,Cyprus,Cyprus,CY,789.79,1003.66,14.7,14.7,tsoc.org.cy,false,
2022-03-31 06:00:00,Cyprus,Cyprus,CY,684.97,874.05,26.03,26.03,tsoc.org.cy,false,
2022-03-31 07:00:00,Cyprus,Cyprus,CY,620.36,794.28,33.0,33.0,tsoc.org.cy,false,
2022-03-31 08:00:00,Cyprus,Cyprus,CY,573.47,736.33,38.07,38.07,tsoc.org.cy,false,
2022-03-31 09:00:00,Cyprus,Cyprus,CY,553.6,711.81,40.21,40.21,tsoc.org.cy,false,
2022-03-31 10:00:00,Cyprus,Cyprus,CY,515.52,664.66,44.33,44.33,tsoc.org.cy,false,
2022-03-31 11:00:00,Cyprus,Cyprus,CY,528.35,680.55,42.94,42.94,tsoc.org.cy,false,
2022-03-31 12:00:00,Cyprus,Cyprus,CY,562.98,723.47,39.2,39.2,tsoc.org.cy,false,
2022-03-31 13:00:00,Cyprus,Cyprus,CY,655.51,838.17,29.21,29.21,tsoc.org.cy,false,
2022-03-31 14:00:00,Cyprus,Cyprus,CY,788.28,1002.31,14.87,14.87,tsoc.org.cy,false,
2022-03-31 15:00:00,Cyprus,Cyprus,CY,875.94,1110.53,5.4,5.4,tsoc.org.cy,false,
2022-03-31 16:00:00,Cyprus,Cyprus,CY,915.81,1159.57,1.1,1.1,tsoc.org.cy,false,
2022-03-31 17:00:00,Cyprus,Cyprus,CY,916.38,1160.15,1.03,1.03,tsoc.org.cy,false,
2022-03-31 18:00:00,Cyprus,Cyprus,CY,907.15,1148.71,2.03,2.03,tsoc.org.cy,false,
2022-03-31 19:00:00,Cyprus,Cyprus,CY,895.61,1134.46,3.28,3.28,tsoc.org.cy,false,
2022-03-31 20:00:00,Cyprus,Cyprus,CY,898.35,1138.14,2.98,2.98,tsoc.org.cy,false,
2022-03-31 21:00:00,Cyprus,Cyprus,CY,886.34,1123.54,4.28,4.28,tsoc.org.cy,false,
2022-03-31 22:00:00,Cyprus,Cyprus,CY,876.38,1111.44,5.35,5.35,tsoc.org.cy,false,
2022-03-31 23:00:00,Cyprus,Cyprus,CY,872.06,1106.25,5.82,5.82,tsoc.org.cy,false,
2022-04-01 00:00:00,Cyprus,Cyprus,CY,872.23,1106.59,5.8,5.8,tsoc.org.cy,false,
2022-04-01 01:00:00,Cyprus,Cyprus,CY,864.27,1096.67,6.66,6.66,tsoc.org.cy,false,
2022-04-01 02:00:00,Cyprus,Cyprus,CY,856.63,1087.0,7.49,7.49,tsoc.org.cy,false,
2022-04-01 03:00:00,Cyprus,Cyprus,CY,871.81,1105.75,5.85,5.85,tsoc.org.cy,false,
2022-04-01 04:00:00,Cyprus,Cyprus,CY,843.04,1070.13,8.95,8.95,tsoc.org.cy,false,
2022-04-01 05:00:00,Cyprus,Cyprus,CY,689.82,879.98,25.5,25.5,tsoc.org.cy,false,
2022-04-01 06:00:00,Cyprus,Cyprus,CY,526.51,677.55,43.14,43.14,tsoc.org.cy,false,
2022-04-01 07:00:00,Cyprus,Cyprus,CY,457.03,591.99,50.64,50.64,tsoc.org.cy,false,
2022-04-01 08:00:00,Cyprus,Cyprus,CY,445.94,578.75,51.84,51.84,tsoc.org.cy,false,
2022-04-01 09:00:00,Cyprus,Cyprus,CY,473.24,612.44,48.89,48.89,tsoc.org.cy,false,
2022-04-01 10:00:00,Cyprus,Cyprus,CY,496.23,640.75,46.41,46.41,tsoc.org.cy,false,
2022-04-01 11:00:00,Cyprus,Cyprus,CY,514.18,663.24,44.47,44.47,tsoc.org.cy,false,
2022-04-01 12:00:00,Cyprus,Cyprus,CY,526.97,679.42,43.09,43.09,tsoc.org.cy,false,
2022-04-01 13:00:00,Cyprus,Cyprus,CY,567.97,730.26,38.66,38.66,tsoc.org.cy,false,
2022-04-01 14:00:00,Cyprus,Cyprus,CY,712.1,908.4,23.09,23.09,tsoc.org.cy,false,
2022-04-01 15:00:00,Cyprus,Cyprus,CY,834.05,1058.89,9.92,9.92,tsoc.org.cy,false,
2022-04-01 16:00:00,Cyprus,Cyprus,CY,890.35,1128.11,3.84,3.84,tsoc.org.cy,false,
2022-04-01 17:00:00,Cyprus,Cyprus,CY,884.29,1120.3,4.5,4.5,tsoc.org.cy,false,
2022-04-01 18:00:00,Cyprus,Cyprus,CY,894.04,1132.59,3.45,3.45,tsoc.org.cy,false,
2022-04-01 19:00:00,Cyprus,Cyprus,CY,905.45,1147.08,2.21,2.21,tsoc.org.cy,false,
2022-04-01 20:00:00,Cyprus,Cyprus,CY,906.35,1148.44,2.12,2.12,tsoc.org.cy,false,
2022-04-01 21:00:00,Cyprus,Cyprus,CY,906.07,1148.5,2.15,2.15,tsoc.org.cy,false,
2022-04-01 22:00:00,Cyprus,Cyprus,CY,886.0,1123.71,4.31,4.31,tsoc.org.cy,false,
2022-04-01 23:00:00,Cyprus,Cyprus,CY,852.81,1082.42,7.9,7.9,tsoc.org.cy,false,
2022-04-02 00:00:00,Cyprus,Cyprus,CY,838.54,1064.7,9.44,9.44,tsoc.org.cy,false,
2022-04-02 01:00:00,Cyprus,Cyprus,CY,837.56,1063.49,9.55,9.55,tsoc.org.cy,false,
2022-04-02 02:00:00,Cyprus,Cyprus,CY,825.9,1048.79,10.8,10.8,tsoc.org.cy,false,
2022-04-02 03:00:00,Cyprus,Cyprus,CY,869.97,1103.6,6.05,6.05,tsoc.org.cy,false,
2022-04-02 04:00:00,Cyprus,Cyprus,CY,825.91,1049.06,10.8,10.8,tsoc.org.cy,false,
2022-04-02 05:00:00,Cyprus,Cyprus,CY,723.43,922.12,21.87,21.87,tsoc.org.cy,false,
2022-04-02 06:00:00,Cyprus,Cyprus,CY,622.9,797.87,32.73,32.73,tsoc.org.cy,false,
2022-04-02 07:00:00,Cyprus,Cyprus,CY,552.25,710.66,40.36,40.36,tsoc.org.cy,false,
2022-04-02 08:00:00,Cyprus,Cyprus,CY,489.95,633.67,47.09,47.09,tsoc.org.cy,false,
2022-04-02 09:00:00,Cyprus,Cyprus,CY,475.37,615.62,48.66,48.66,tsoc.org.cy,false,
2022-04-02 10:00:00,Cyprus,Cyprus,CY,488.4,631.75,47.25,47.25,tsoc.org.cy,false,
2022-04-02 11:00:00,Cyprus,Cyprus,CY,507.83,655.76,45.16,45.16,tsoc.org.cy,false,
2022-04-02 12:00:00,Cyprus,Cyprus,CY,528.81,681.62,42.89,42.89,tsoc.org.cy,false,
2022-04-02 13:00:00,Cyprus,Cyprus,CY,598.07,767.34,35.41,35.41,tsoc.org.cy,false,
2022-04-02 14:00:00,Cyprus,Cyprus,CY,727.42,927.2,21.44,21.44,tsoc.org.cy,false,
2022-04-02 15:00:00,Cyprus,Cyprus,CY,853.06,1082.33,7.87,7.87,tsoc.org.cy,false,
2022-04-02 16:00:00,Cyprus,Cyprus,CY,898.72,1138.52,2.94,2.94,tsoc.org.cy,false,
2022-04-02 17:00:00,Cyprus,Cyprus,CY,901.19,1141.49,2.67,2.67,tsoc.org.cy,false,
2022-04-02 18:00:00,Cyprus,Cyprus,CY,872.29,1105.53,5.8,5.8,tsoc.org.cy,false,
2022-04-02 19:00:00,Cyprus,Cyprus,CY,849.85,1077.71,8.22,8.22,tsoc.org.cy,false,
2022-04-02 20:00:00,Cyprus,Cyprus,CY,772.45,981.21,16.58,16.58,tsoc.org.cy,false,
2022-04-02 21:00:00,Cyprus,Cyprus,CY,718.03,913.6,22.45,22.45,tsoc.org.cy,false,
2022-04-02 22:00:00,Cyprus,Cyprus,CY,721.09,917.72,22.12,22.12,tsoc.org.cy,false,
2022-04-02 23:00:00,Cyprus,Cyprus,CY,632.23,806.85,31.72,31.72,tsoc.org.cy,false,
2022-04-03 00:00:00,Cyprus,Cyprus,CY,552.19,706.93,40.36,40.36,tsoc.org.cy,false,
2022-04-03 01:00:00,Cyprus,Cyprus,CY,547.36,700.96,40.89,40.89,tsoc.org.cy,false,
2022-04-03 02:00:00,Cyprus,Cyprus,CY,547.05,700.51,40.92,40.92,tsoc.org.cy,false,
2022-04-03 03:00:00,Cyprus,Cyprus,CY,563.01,720.27,39.2,39.2,tsoc.org.cy,false,
2022-04-03 04:00:00,Cyprus,Cyprus,CY,575.17,735.69,37.88,37.88,tsoc.org.cy,false,
2022-04-03 05:00:00,Cyprus,Cyprus,CY,577.65,739.37,37.62,37.62,tsoc.org.cy,false,
2022-04-03 06:00:00,Cyprus,Cyprus,CY,502.79,647.9,45.7,45.7,tsoc.org.cy,false,
2022-04-03 07:00:00,Cyprus,Cyprus,CY,399.73,520.94,56.83,56.83,tsoc.org.cy,false,
2022-04-03 08:00:00,Cyprus,Cyprus,CY,336.66,442.81,63.64,63.64,tsoc.org.cy,false,
2022-04-03 09:00:00,Cyprus,Cyprus,CY,325.64,428.98,64.83,64.83,tsoc.org.cy,false,
2022-04-03 10:00:00,Cyprus,Cyprus,CY,335.41,441.06,63.78,63.78,tsoc.org.cy,false,
2022-04-03 11:00:00,Cyprus,Cyprus,CY,346.32,454.74,62.6,62.6,tsoc.org.cy,false,
2022-04-03 12:00:00,Cyprus,Cyprus,CY,381.21,498.04,58.83,58.83,tsoc.org.cy,false,
2022-04-03 13:00:00,Cyprus,Cyprus,CY,511.4,659.45,44.77,44.77,tsoc.org.cy,false,
2022-04-03 14:00:00,Cyprus,Cyprus,CY,680.39,868.65,26.52,26.52,tsoc.org.cy,false,
2022-04-03 15:00:00,Cyprus,Cyprus,CY,783.91,996.3,15.34,15.34,tsoc.org.cy,false,
2022-04-03 16:00:00,Cyprus,Cyprus,CY,808.29,1025.6,12.71,12.71,tsoc.org.cy,false,
2022-04-03 17:00:00,Cyprus,Cyprus,CY,770.57,978.29,16.78,16.78,tsoc.org.cy,false,
2022-04-03 18:00:00,Cyprus,Cyprus,CY,698.88,888.82,24.52,24.52,tsoc.org.cy,false,
2022-04-03 19:00:00,Cyprus,Cyprus,CY,673.7,857.63,27.24,27.24,tsoc.org.cy,false,
2022-04-03 20:00:00,Cyprus,Cyprus,CY,715.38,910.01,22.74,22.74,tsoc.org.cy,false,
2022-04-03 21:00:00,Cyprus,Cyprus,CY,696.76,887.19,24.75,24.75,tsoc.org.cy,false,
2022-04-03 22:00:00,Cyprus,Cyprus,CY,717.42,913.32,22.52,22.52,tsoc.org.cy,false,
2022-04-03 23:00:00,Cyprus,Cyprus,CY,685.89,874.1,25.93,25.93,tsoc.org.cy,false,
2022-04-04 00:00:00,Cyprus,Cyprus,CY,682.12,869.47,26.33,26.33,tsoc.org.cy,false,
2022-04-04 01:00:00,Cyprus,Cyprus,CY,744.36,947.21,19.61,19.61,tsoc.org.cy,false,
2022-04-04 02:00:00,Cyprus,Cyprus,CY,769.06,977.8,16.94,16.94,tsoc.org.cy,false,
2022-04-04 03:00:00,Cyprus,Cyprus,CY,803.83,1020.66,13.19,13.19,tsoc.org.cy,false,
2022-04-04 04:00:00,Cyprus,Cyprus,CY,824.53,1046.54,10.95,10.95,tsoc.org.cy,false,
2022-04-04 05:00:00,Cyprus,Cyprus,CY,757.8,964.16,18.16,18.16,tsoc.org.cy,false,
2022-04-04 06:00:00,Cyprus,Cyprus,CY,665.29,849.94,28.15,28.15,tsoc.org.cy,false,
2022-04-04 07:00:00,Cyprus,Cyprus,CY,585.34,751.13,36.78,36.78,tsoc.org.cy,false,
2022-04-04 08:00:00,Cyprus,Cyprus,CY,528.12,680.37,42.97,42.97,tsoc.org.cy,false,
2022-04-04 09:00:00,Cyprus,Cyprus,CY,503.66,650.16,45.61,45.61,tsoc.org.cy,false,
2022-04-04 10:00:00,Cyprus,Cyprus,CY,501.74,647.94,45.81,45.81,tsoc.org.cy,false,
2022-04-04 11:00:00,Cyprus,Cyprus,CY,508.24,655.91,45.11,45.11,tsoc.org.cy,false,
2022-04-04 12:00:00,Cyprus,Cyprus,CY,543.52,699.45,41.3,41.3,tsoc.org.cy,false,
2022-04-04 13:00:00,Cyprus,Cyprus,CY,619.35,793.14,33.11,33.11,tsoc.org.cy,false,
2022-04-04 14:00:00,Cyprus,Cyprus,CY,741.6,944.35,19.91,19.91,tsoc.org.cy,false,
2022-04-04 15:00:00,Cyprus,Cyprus,CY,849.93,1078.17,8.21,8.21,tsoc.org.cy,false,
2022-04-04 16:00:00,Cyprus,Cyprus,CY,890.13,1127.57,3.87,3.87,tsoc.org.cy,false,
2022-04-04 17:00:00,Cyprus,Cyprus,CY,882.15,1117.51,4.73,4.73,tsoc.org.cy,false,
2022-04-04 18:00:00,Cyprus,Cyprus,CY,891.38,1129.23,3.73,3.73,tsoc.org.cy,false,
2022-04-04 19:00:00,Cyprus,Cyprus,CY,903.07,1144.16,2.47,2.47,tsoc.org.cy,false,
2022-04-04 20:00:00,Cyprus,Cyprus,CY,912.75,1156.55,1.43,1.43,tsoc.org.cy,false,
2022-04-04 21:00:00,Cyprus,Cyprus,CY,910.96,1154.74,1.62,1.62,tsoc.org.cy,false,
2022-04-04 22:00:00,Cyprus,Cyprus,CY,909.71,1153.46,1.75,1.75,tsoc.org.cy,false,
2022-04-04 23:00:00,Cyprus,Cyprus,CY,909.05,1152.8,1.83,1.83,tsoc.org.cy,false,
2022-04-05 00:00:00,Cyprus,Cyprus,CY,901.43,1143.37,2.65,2.65,tsoc.org.cy,false,
2022-04-05 01:00:00,Cyprus,Cyprus,CY,871.52,1105.96,5.88,5.88,tsoc.org.cy,false,
2022-04-05 02:00:00,Cyprus,Cyprus,CY,858.03,1088.85,7.33,7.33,tsoc.org.cy,false,
2022-04-05 03:00:00,Cyprus,Cyprus,CY,867.57,1100.24,6.3,6.3,tsoc.org.cy,false,
2022-04-05 04:00:00,Cyprus,Cyprus,CY,818.16,1038.59,11.64,11.64,tsoc.org.cy,false,
2022-04-05 05:00:00,Cyprus,Cyprus,CY,738.69,939.88,20.22,20.22,tsoc.org.cy,false,
2022-04-05 06:00:00,Cyprus,Cyprus,CY,670.01,854.9,27.64,27.64,tsoc.org.cy,false,
2022-04-05 07:00:00,Cyprus,Cyprus,CY,607.33,777.62,34.41,34.41,tsoc.org.cy,false,
2022-04-05 08:00:00,Cyprus,Cyprus,CY,552.07,709.59,40.38,40.38,tsoc.org.cy,false,
2022-04-05 09:00:00,Cyprus,Cyprus,CY,512.69,660.79,44.63,44.63,tsoc.org.cy,false,
2022-04-05 10:00:00,Cyprus,Cyprus,CY,510.14,657.64,44.91,44.91,tsoc.org.cy,false,
2022-04-05 11:00:00,Cyprus,Cyprus,CY,531.36,683.79,42.61,42.61,tsoc.org.cy,false,
2022-04-05 12:00:00,Cyprus,Cyprus,CY,556.74,715.3,39.87,39.87,tsoc.org.cy,false,
2022-04-05 13:00:00,Cyprus,Cyprus,CY,596.05,763.95,35.63,35.63,tsoc.org.cy,false,
2022-04-05 14:00:00,Cyprus,Cyprus,CY,703.69,897.12,24.0,24.0,tsoc.org.cy,false,
2022-04-05 15:00:00,Cyprus,Cyprus,CY,806.66,1024.24,12.88,12.88,tsoc.org.cy,false,
2022-04-05 16:00:00,Cyprus,Cyprus,CY,846.36,1072.93,8.6,8.6,tsoc.org.cy,false,
2022-04-05 17:00:00,Cyprus,Cyprus,CY,877.09,1111.21,5.28,5.28,tsoc.org.cy,false,
2022-04-05 18:00:00,Cyprus,Cyprus,CY,899.84,1139.85,2.82,2.82,tsoc.org.cy,false,
2022-04-05 19:00:00,Cyprus,Cyprus,CY,889.17,1126.82,3.97,3.97,tsoc.org.cy,false,
2022-04-05 20:00:00,Cyprus,Cyprus,CY,888.76,1126.59,4.02,4.02,tsoc.org.cy,false,
2022-04-05 21:00:00,Cyprus,Cyprus,CY,836.16,1061.31,9.7,9.7,tsoc.org.cy,false,
2022-04-05 22:00:00,Cyprus,Cyprus,CY,801.57,1018.38,13.43,13.43,tsoc.org.cy,false,
2022-04-05 23:00:00,Cyprus,Cyprus,CY,837.8,1063.81,9.52,9.52,tsoc.org.cy,false,
2022-04-06 00:00:00,Cyprus,Cyprus,CY,857.88,1088.99,7.35,7.35,tsoc.org.cy,false,
2022-04-06 01:00:00,Cyprus,Cyprus,CY,890.45,1129.66,3.83,3.83,tsoc.org.cy,false,
2022-04-06 02:00:00,Cyprus,Cyprus,CY,902.35,1144.25,2.55,2.55,tsoc.org.cy,false,
2022-04-06 03:00:00,Cyprus,Cyprus,CY,907.93,1150.7,1.95,1.95,tsoc.org.cy,false,
2022-04-06 04:00:00,Cyprus,Cyprus,CY,867.24,1100.0,6.34,6.34,tsoc.org.cy,false,
2022-04-06 05:00:00,Cyprus,Cyprus,CY,765.25,973.73,17.35,17.35,tsoc.org.cy,false,
2022-04-06 06:00:00,Cyprus,Cyprus,CY,649.35,830.33,29.87,29.87,tsoc.org.cy,false,
2022-04-06 07:00:00,Cyprus,Cyprus,CY,537.8,691.98,41.92,41.92,tsoc.org.cy,false,
2022-04-06 08:00:00,Cyprus,Cyprus,CY,457.38,592.15,50.6,50.6,tsoc.org.cy,false,
2022-04-06 09:00:00,Cyprus,Cyprus,CY,404.92,526.98,56.27,56.27,tsoc.org.cy,false,
2022-04-06 10:00:00,Cyprus,Cyprus,CY,410.0,533.24,55.72,55.72,tsoc.org.cy,false,
2022-04-06 11:00:00,Cyprus,Cyprus,CY,418.0,542.92,54.86,54.86,tsoc.org.cy,false,
2022-04-06 12:00:00,Cyprus,Cyprus,CY,433.71,562.16,53.16,53.16,tsoc.org.cy,false,
2022-04-06 13:00:00,Cyprus,Cyprus,CY,461.82,596.37,50.13,50.13,tsoc.org.cy,false,
2022-04-06 14:00:00,Cyprus,Cyprus,CY,551.73,707.22,40.42,40.42,tsoc.org.cy,false,
2022-04-06 15:00:00,Cyprus,Cyprus,CY,666.52,849.09,28.02,28.02,tsoc.org.cy,false,
2022-04-06 16:00:00,Cyprus,Cyprus,CY,752.2,955.24,18.76,18.76,tsoc.org.cy,false,
2022-04-06 17:00:00,Cyprus,Cyprus,CY,804.76,1020.81,13.09,13.09,tsoc.org.cy,false,
2022-04-06 18:00:00,Cyprus,Cyprus,CY,829.45,1051.87,10.42,10.42,tsoc.org.cy,false,
2022-04-06 19:00:00,Cyprus,Cyprus,CY,806.6,1023.58,12.89,12.89,tsoc.org.cy,false,
2022-04-06 20:00:00,Cyprus,Cyprus,CY,807.6,1025.12,12.78,12.78,tsoc.org.cy,false,
2022-04-06 21:00:00,Cyprus,Cyprus,CY,812.31,1031.44,12.27,12.27,tsoc.org.cy,false,
2022-04-06 22:00:00,Cyprus,Cyprus,CY,830.42,1054.39,10.32,10.32,tsoc.org.cy,false,
2022-04-06 23:00:00,Cyprus,Cyprus,CY,848.55,1077.21,8.36,8.36,tsoc.org.cy,false,
2022-04-07 00:00:00,Cyprus,Cyprus,CY,833.21,1058.12,10.02,10.02,tsoc.org.cy,false,
2022-04-07 01:00:00,Cyprus,Cyprus,CY,798.21,1014.35,13.8,13.8,tsoc.org.cy,false,
2022-04-07 02:00:00,Cyprus,Cyprus,CY,780.25,991.68,15.74,15.74,tsoc.org.cy,false,
2022-04-07 03:00:00,Cyprus,Cyprus,CY,853.06,1082.14,7.87,7.87,tsoc.org.cy,false,
2022-04-07 04:00:00,Cyprus,Cyprus,CY,833.21,1057.56,10.02,10.02,tsoc.org.cy,false,
2022-04-07 05:00:00,Cyprus,Cyprus,CY,758.65,965.38,18.07,18.07,tsoc.org.cy,false,
2022-04-07 06:00:00,Cyprus,Cyprus,CY,672.5,858.93,27.37,27.37,tsoc.org.cy,false,
2022-04-07 07:00:00,Cyprus,Cyprus,CY,607.76,778.91,34.36,34.36,tsoc.org.cy,false,
2022-04-07 08:00:00,Cyprus,Cyprus,CY,562.15,722.52,39.29,39.29,tsoc.org.cy,false,
2022-04-07 09:00:00,Cyprus,Cyprus,CY,535.73,689.84,42.14,42.14,tsoc.org.cy,false,
2022-04-07 10:00:00,Cyprus,Cyprus,CY,528.34,680.68,42.94,42.94,tsoc.org.cy,false,
2022-04-07 11:00:00,Cyprus,Cyprus,CY,544.15,700.22,41.23,41.23,tsoc.org.cy,false,
2022-04-07 12:00:00,Cyprus,Cyprus,CY,583.83,749.22,36.95,36.95,tsoc.org.cy,false,
2022-04-07 13:00:00,Cyprus,Cyprus,CY,635.7,812.87,31.35,31.35,tsoc.org.cy,false,
2022-04-07 14:00:00,Cyprus,Cyprus,CY,716.66,912.78,22.6,22.6,tsoc.org.cy,false,
2022-04-07 15:00:00,Cyprus,Cyprus,CY,780.96,991.86,15.66,15.66,tsoc.org.cy,false,
2022-04-07 16:00:00,Cyprus,Cyprus,CY,836.45,1060.49,9.67,9.67,tsoc.org.cy,false,
2022-04-07 17:00:00,Cyprus,Cyprus,CY,870.43,1102.9,6.0,6.0,tsoc.org.cy,false,
2022-04-07 18:00:00,Cyprus,Cyprus,CY,853.22,1081.61,7.85,7.85,tsoc.org.cy,false,
2022-04-07 19:00:00,Cyprus,Cyprus,CY,845.76,1072.57,8.66,8.66,tsoc.org.cy,false,
2022-04-07 20:00:00,Cyprus,Cyprus,CY,877.1,1112.02,5.28,5.28,tsoc.org.cy,false,
2022-04-07 21:00:00,Cyprus,Cyprus,CY,900.25,1141.36,2.78,2.78,tsoc.org.cy,false,
2022-04-07 22:00:00,Cyprus,Cyprus,CY,868.54,1102.0,6.2,6.2,tsoc.org.cy,false,
2022-04-07 23:00:00,Cyprus,Cyprus,CY,825.66,1048.57,10.83,10.83,tsoc.org.cy,false,
2022-04-08 00:00:00,Cyprus,Cyprus,CY,845.9,1073.96,8.64,8.64,tsoc.org.cy,false,
2022-04-08 01:00:00,Cyprus,Cyprus,CY,892.58,1132.24,3.6,3.6,tsoc.org.cy,false,
2022-04-08 02:00:00,Cyprus,Cyprus,CY,903.87,1146.12,2.38,2.38,tsoc.org.cy,false,
2022-04-08 03:00:00,Cyprus,Cyprus,CY,903.39,1145.02,2.44,2.44,tsoc.org.cy,false,
2022-04-08 04:00:00,Cyprus,Cyprus,CY,873.39,1107.18,5.68,5.68,tsoc.org.cy,false,
2022-04-08 05:00:00,Cyprus,Cyprus,CY,792.42,1006.13,14.42,14.42,tsoc.org.cy,false,
2022-04-08 06:00:00,Cyprus,Cyprus,CY,710.61,904.49,23.26,23.26,tsoc.org.cy,false,
2022-04-08 07:00:00,Cyprus,Cyprus,CY,607.96,777.24,34.34,34.34,tsoc.org.cy,false,
2022-04-08 08:00:00,Cyprus,Cyprus,CY,611.93,781.96,33.91,33.91,tsoc.org.cy,false,
2022-04-08 09:00:00,Cyprus,Cyprus,CY,523.42,672.29,43.47,43.47,tsoc.org.cy,false,
2022-04-08 10:00:00,Cyprus,Cyprus,CY,461.04,595.69,50.21,50.21,tsoc.org.cy,false,
2022-04-08 11:00:00,Cyprus,Cyprus,CY,423.17,549.2,54.3,54.3,tsoc.org.cy,false,
2022-04-08 12:00:00,Cyprus,Cyprus,CY,435.98,564.58,52.92,52.92,tsoc.org.cy,false,
2022-04-08 13:00:00,Cyprus,Cyprus,CY,484.69,624.69,47.65,47.65,tsoc.org.cy,false,
2022-04-08 14:00:00,Cyprus,Cyprus,CY,547.01,701.07,40.92,40.92,tsoc.org.cy,false,
2022-04-08 15:00:00,Cyprus,Cyprus,CY,744.03,945.83,19.65,19.65,tsoc.org.cy,false,
2022-04-08 16:00:00,Cyprus,Cyprus,CY,815.11,1033.87,11.97,11.97,tsoc.org.cy,false,
2022-04-08 17:00:00,Cyprus,Cyprus,CY,810.0,1027.36,12.52,12.52,tsoc.org.cy,false,
2022-04-08 18:00:00,Cyprus,Cyprus,CY,792.28,1005.37,14.44,14.44,tsoc.org.cy,false,
2022-04-08 19:00:00,Cyprus,Cyprus,CY,769.23,976.86,16.93,16.93,tsoc.org.cy,false,
2022-04-08 20:00:00,Cyprus,Cyprus,CY,795.53,1010.01,14.08,14.08,tsoc.org.cy,false,
2022-04-08 21:00:00,Cyprus,Cyprus,CY,718.2,913.76,22.44,22.44,tsoc.org.cy,false,
2022-04-08 22:00:00,Cyprus,Cyprus,CY,669.86,853.67,27.66,27.66,tsoc.org.cy,false,
2022-04-08 23:00:00,Cyprus,Cyprus,CY,678.7,864.91,26.7,26.7,tsoc.org.cy,false,
2022-04-09 00:00:00,Cyprus,Cyprus,CY,703.9,896.5,23.98,23.98,tsoc.org.cy,false,
2022-04-09 01:00:00,Cyprus,Cyprus,CY,752.7,957.51,18.71,18.71,tsoc.org.cy,false,
2022-04-09 02:00:00,Cyprus,Cyprus,CY,833.08,1057.78,10.03,10.03,tsoc.org.cy,false,
2022-04-09 03:00:00,Cyprus,Cyprus,CY,871.22,1105.19,5.91,5.91,tsoc.org.cy,false,
2022-04-09 04:00:00,Cyprus,Cyprus,CY,840.99,1067.86,9.18,9.18,tsoc.org.cy,false,
2022-04-09 05:00:00,Cyprus,Cyprus,CY,697.97,890.58,24.62,24.62,tsoc.org.cy,false,
2022-04-09 06:00:00,Cyprus,Cyprus,CY,588.35,754.93,36.46,36.46,tsoc.org.cy,false,
2022-04-09 07:00:00,Cyprus,Cyprus,CY,512.69,661.39,44.63,44.63,tsoc.org.cy,false,
2022-04-09 08:00:00,Cyprus,Cyprus,CY,462.52,599.42,50.05,50.05,tsoc.org.cy,false,
2022-04-09 09:00:00,Cyprus,Cyprus,CY,421.59,548.64,54.47,54.47,tsoc.org.cy,false,
2022-04-09 10:00:00,Cyprus,Cyprus,CY,395.79,516.62,57.26,57.26,tsoc.org.cy,false,
2022-04-09 11:00:00,Cyprus,Cyprus,CY,408.69,532.66,55.86,55.86,tsoc.org.cy,false,
2022-04-09 12:00:00,Cyprus,Cyprus,CY,435.18,565.29,53.0,53.0,tsoc.org.cy,false,
2022-04-09 13:00:00,Cyprus,Cyprus,CY,526.27,677.96,43.16,43.16,tsoc.org.cy,false,
2022-04-09 14:00:00,Cyprus,Cyprus,CY,674.79,861.7,27.13,27.13,tsoc.org.cy,false,
2022-04-09 15:00:00,Cyprus,Cyprus,CY,842.08,1068.74,9.06,9.06,tsoc.org.cy,false,
2022-04-09 16:00:00,Cyprus,Cyprus,CY,904.43,1145.65,2.32,2.32,tsoc.org.cy,false,
2022-04-09 17:00:00,Cyprus,Cyprus,CY,914.52,1158.14,1.23,1.23,tsoc.org.cy,false,
2022-04-09 18:00:00,Cyprus,Cyprus,CY,914.61,1158.43,1.23,1.23,tsoc.org.cy,false,
2022-04-09 19:00:00,Cyprus,Cyprus,CY,910.55,1153.6,1.66,1.66,tsoc.org.cy,false,
2022-04-09 20:00:00,Cyprus,Cyprus,CY,889.4,1127.39,3.95,3.95,tsoc.org.cy,false,
2022-04-09 21:00:00,Cyprus,Cyprus,CY,877.74,1113.17,5.21,5.21,tsoc.org.cy,false,
2022-04-09 22:00:00,Cyprus,Cyprus,CY,801.91,1018.69,13.4,13.4,tsoc.org.cy,false,
2022-04-09 23:00:00,Cyprus,Cyprus,CY,832.72,1057.4,10.07,10.07,tsoc.org.cy,false,
2022-04-10 00:00:00,Cyprus,Cyprus,CY,794.92,1010.28,14.15,14.15,tsoc.org.cy,false,
2022-04-10 01:00:00,Cyprus,Cyprus,CY,751.01,955.42,18.89,18.89,tsoc.org.cy,false,
2022-04-10 02:00:00,Cyprus,Cyprus,CY,777.34,988.23,16.05,16.05,tsoc.org.cy,false,
2022-04-10 03:00:00,Cyprus,Cyprus,CY,779.86,991.21,15.78,15.78,tsoc.org.cy,false,
2022-04-10 04:00:00,Cyprus,Cyprus,CY,745.14,948.33,19.53,19.53,tsoc.org.cy,false,
2022-04-10 05:00:00,Cyprus,Cyprus,CY,687.15,877.46,25.79,25.79,tsoc.org.cy,false,
2022-04-10 06:00:00,Cyprus,Cyprus,CY,599.99,769.99,35.2,35.2,tsoc.org.cy,false,
2022-04-10 07:00:00,Cyprus,Cyprus,CY,514.48,664.21,44.44,44.44,tsoc.org.cy,false,
2022-04-10 08:00:00,Cyprus,Cyprus,CY,444.78,577.94,51.97,51.97,tsoc.org.cy,false,
2022-04-10 09:00:00,Cyprus,Cyprus,CY,422.76,550.7,54.34,54.34,tsoc.org.cy,false,
2022-04-10 10:00:00,Cyprus,Cyprus,CY,429.89,559.47,53.57,53.57,tsoc.org.cy,false,
2022-04-10 11:00:00,Cyprus,Cyprus,CY,458.39,594.34,50.5,50.5,tsoc.org.cy,false,
2022-04-10 12:00:00,Cyprus,Cyprus,CY,483.8,626.15,47.75,47.75,tsoc.org.cy,false,
2022-04-10 13:00:00,Cyprus,Cyprus,CY,557.02,716.74,39.84,39.84,tsoc.org.cy,false,
2022-04-10 14:00:00,Cyprus,Cyprus,CY,709.11,904.8,23.42,23.42,tsoc.org.cy,false,
2022-04-10 15:00:00,Cyprus,Cyprus,CY,839.5,1065.87,9.34,9.34,tsoc.org.cy,false,
2022-04-10 16:00:00,Cyprus,Cyprus,CY,904.39,1145.93,2.33,2.33,tsoc.org.cy,false,
2022-04-10 17:00:00,Cyprus,Cyprus,CY,906.39,1148.19,2.11,2.11,tsoc.org.cy,false,
2022-04-10 18:00:00,Cyprus,Cyprus,CY,898.72,1138.65,2.94,2.94,tsoc.org.cy,false,
2022-04-10 19:00:00,Cyprus,Cyprus,CY,899.46,1139.83,2.86,2.86,tsoc.org.cy,false,
2022-04-10 20:00:00,Cyprus,Cyprus,CY,882.19,1118.49,4.73,4.73,tsoc.org.cy,false,
2022-04-10 21:00:00,Cyprus,Cyprus,CY,861.55,1093.16,6.96,6.96,tsoc.org.cy,false,
2022-04-10 22:00:00,Cyprus,Cyprus,CY,853.52,1083.42,7.82,7.82,tsoc.org.cy,false,
2022-04-10 23:00:00,Cyprus,Cyprus,CY,852.91,1082.81,7.89,7.89,tsoc.org.cy,false,
2022-04-11 00:00:00,Cyprus,Cyprus,CY,868.41,1102.24,6.21,6.21,tsoc.org.cy,false,
2022-04-11 01:00:00,Cyprus,Cyprus,CY,892.67,1132.52,3.59,3.59,tsoc.org.cy,false,
2022-04-11 02:00:00,Cyprus,Cyprus,CY,900.34,1141.85,2.77,2.77,tsoc.org.cy,false,
2022-04-11 03:00:00,Cyprus,Cyprus,CY,899.19,1139.87,2.89,2.89,tsoc.org.cy,false,
2022-04-11 04:00:00,Cyprus,Cyprus,CY,856.2,1086.33,7.53,7.53,tsoc.org.cy,false,
2022-04-11 05:00:00,Cyprus,Cyprus,CY,757.3,963.81,18.21,18.21,tsoc.org.cy,false,
2022-04-11 06:00:00,Cyprus,Cyprus,CY,662.98,847.04,28.4,28.4,tsoc.org.cy,false,
2022-04-11 07:00:00,Cyprus,Cyprus,CY,576.46,740.05,37.74,37.74,tsoc.org.cy,false,
2022-04-11 08:00:00,Cyprus,Cyprus,CY,516.77,666.07,44.19,44.19,tsoc.org.cy,false,
2022-04-11 09:00:00,Cyprus,Cyprus,CY,476.14,615.43,48.58,48.58,tsoc.org.cy,false,
2022-04-11 10:00:00,Cyprus,Cyprus,CY,398.35,518.22,56.98,56.98,tsoc.org.cy,false,
2022-04-11 11:00:00,Cyprus,Cyprus,CY,400.83,520.83,56.71,56.71,tsoc.org.cy,false,
2022-04-11 12:00:00,Cyprus,Cyprus,CY,452.64,585.15,51.12,51.12,tsoc.org.cy,false,
2022-04-11 13:00:00,Cyprus,Cyprus,CY,475.96,613.68,48.6,48.6,tsoc.org.cy,false,
2022-04-11 14:00:00,Cyprus,Cyprus,CY,514.73,660.89,44.41,44.41,tsoc.org.cy,false,
2022-04-11 15:00:00,Cyprus,Cyprus,CY,613.02,782.22,33.8,33.8,tsoc.org.cy,false,
2022-04-11 16:00:00,Cyprus,Cyprus,CY,710.68,903.34,23.25,23.25,tsoc.org.cy,false,
2022-04-11 17:00:00,Cyprus,Cyprus,CY,766.51,972.98,17.22,17.22,tsoc.org.cy,false,
2022-04-11 18:00:00,Cyprus,Cyprus,CY,777.69,987.15,16.01,16.01,tsoc.org.cy,false,
2022-04-11 19:00:00,Cyprus,Cyprus,CY,769.8,977.59,16.86,16.86,tsoc.org.cy,false,
2022-04-11 20:00:00,Cyprus,Cyprus,CY,747.09,949.53,19.32,19.32,tsoc.org.cy,false,
2022-04-11 21:00:00,Cyprus,Cyprus,CY,708.64,901.93,23.47,23.47,tsoc.org.cy,false,
2022-04-11 22:00:00,Cyprus,Cyprus,CY,700.41,891.87,24.36,24.36,tsoc.org.cy,false,
2022-04-11 23:00:00,Cyprus,Cyprus,CY,720.18,916.79,22.22,22.22,tsoc.org.cy,false,
2022-04-12 00:00:00,Cyprus,Cyprus,CY,750.38,954.61,18.96,18.96,tsoc.org.cy,false,
2022-04-12 01:00:00,Cyprus,Cyprus,CY,793.47,1008.42,14.31,14.31,tsoc.org.cy,false,
2022-04-12 02:00:00,Cyprus,Cyprus,CY,773.87,983.66,16.42,16.42,tsoc.org.cy,false,
2022-04-12 03:00:00,Cyprus,Cyprus,CY,774.72,984.21,16.33,16.33,tsoc.org.cy,false,
2022-04-12 04:00:00,Cyprus,Cyprus,CY,734.9,934.78,20.63,20.63,tsoc.org.cy,false,
2022-04-12 05:00:00,Cyprus,Cyprus,CY,641.45,819.43,30.72,30.72,tsoc.org.cy,false,
2022-04-12 06:00:00,Cyprus,Cyprus,CY,534.71,687.41,42.25,42.25,tsoc.org.cy,false,
2022-04-12 07:00:00,Cyprus,Cyprus,CY,460.45,595.38,50.27,50.27,tsoc.org.cy,false,
2022-04-12 08:00:00,Cyprus,Cyprus,CY,407.33,529.64,56.01,56.01,tsoc.org.cy,false,
2022-04-12 09:00:00,Cyprus,Cyprus,CY,406.62,528.74,56.09,56.09,tsoc.org.cy,false,
2022-04-12 10:00:00,Cyprus,Cyprus,CY,433.58,562.17,53.17,53.17,tsoc.org.cy,false,
2022-04-12 11:00:00,Cyprus,Cyprus,CY,452.7,585.82,51.11,51.11,tsoc.org.cy,false,
2022-04-12 12:00:00,Cyprus,Cyprus,CY,468.32,604.99,49.42,49.42,tsoc.org.cy,false,
2022-04-12 13:00:00,Cyprus,Cyprus,CY,483.06,623.17,47.83,47.83,tsoc.org.cy,false,
2022-04-12 14:00:00,Cyprus,Cyprus,CY,596.67,763.74,35.56,35.56,tsoc.org.cy,false,
2022-04-12 15:00:00,Cyprus,Cyprus,CY,719.28,915.16,22.32,22.32,tsoc.org.cy,false,
2022-04-12 16:00:00,Cyprus,Cyprus,CY,785.77,997.16,15.14,15.14,tsoc.org.cy,false,
2022-04-12 17:00:00,Cyprus,Cyprus,CY,762.76,968.23,17.62,17.62,tsoc.org.cy,false,
2022-04-12 18:00:00,Cyprus,Cyprus,CY,805.75,1022.14,12.98,12.98,tsoc.org.cy,false,
2022-04-12 19:00:00,Cyprus,Cyprus,CY,785.07,996.6,15.22,15.22,tsoc.org.cy,false,
2022-04-12 20:00:00,Cyprus,Cyprus,CY,814.88,1034.18,12.0,12.0,tsoc.org.cy,false,
2022-04-12 21:00:00,Cyprus,Cyprus,CY,840.2,1066.25,9.26,9.26,tsoc.org.cy,false,
2022-04-12 22:00:00,Cyprus,Cyprus,CY,852.87,1082.38,7.89,7.89,tsoc.org.cy,false,
2022-04-12 23:00:00,Cyprus,Cyprus,CY,824.08,1046.58,11.0,11.0,tsoc.org.cy,false,
2022-04-13 00:00:00,Cyprus,Cyprus,CY,828.48,1052.16,10.53,10.53,tsoc.org.cy,false,
2022-04-13 01:00:00,Cyprus,Cyprus,CY,821.33,1043.19,11.3,11.3,tsoc.org.cy,false,
2022-04-13 02:00:00,Cyprus,Cyprus,CY,858.29,1089.13,7.31,7.31,tsoc.org.cy,false,
2022-04-13 03:00:00,Cyprus,Cyprus,CY,883.29,1119.85,4.61,4.61,tsoc.org.cy,false,
2022-04-13 04:00:00,Cyprus,Cyprus,CY,839.14,1064.95,9.38,9.37,tsoc.org.cy,false,
2022-04-13 05:00:00,Cyprus,Cyprus,CY,713.83,909.84,22.91,22.91,tsoc.org.cy,false,
2022-04-13 06:00:00,Cyprus,Cyprus,CY,606.25,776.82,34.53,34.53,tsoc.org.cy,false,
2022-04-13 07:00:00,Cyprus,Cyprus,CY,539.51,694.46,41.73,41.73,tsoc.org.cy,false,
2022-04-13 08:00:00,Cyprus,Cyprus,CY,521.47,672.09,43.68,43.68,tsoc.org.cy,false,
2022-04-13 09:00:00,Cyprus,Cyprus,CY,531.53,684.52,42.6,42.6,tsoc.org.cy,false,
2022-04-13 10:00:00,Cyprus,Cyprus,CY,543.66,699.54,41.29,41.29,tsoc.org.cy,false,
2022-04-13 11:00:00,Cyprus,Cyprus,CY,557.84,717.02,39.76,39.76,tsoc.org.cy,false,
2022-04-13 12:00:00,Cyprus,Cyprus,CY,576.24,739.59,37.77,37.77,tsoc.org.cy,false,
2022-04-13 13:00:00,Cyprus,Cyprus,CY,589.92,756.69,36.29,36.29,tsoc.org.cy,false,
2022-04-13 14:00:00,Cyprus,Cyprus,CY,697.12,889.3,24.71,24.71,tsoc.org.cy,false,
2022-04-13 15:00:00,Cyprus,Cyprus,CY,824.37,1046.51,10.97,10.97,tsoc.org.cy,false,
2022-04-13 16:00:00,Cyprus,Cyprus,CY,896.68,1135.79,3.16,3.16,tsoc.org.cy,false,
2022-04-13 17:00:00,Cyprus,Cyprus,CY,895.81,1134.54,3.26,3.26,tsoc.org.cy,false,
2022-04-13 18:00:00,Cyprus,Cyprus,CY,880.77,1115.91,4.88,4.88,tsoc.org.cy,false,
2022-04-13 19:00:00,Cyprus,Cyprus,CY,881.15,1116.66,4.84,4.84,tsoc.org.cy,false,
2022-04-13 20:00:00,Cyprus,Cyprus,CY,885.71,1122.68,4.35,4.35,tsoc.org.cy,false,
2022-04-13 21:00:00,Cyprus,Cyprus,CY,880.84,1117.0,4.87,4.87,tsoc.org.cy,false,
2022-04-13 22:00:00,Cyprus,Cyprus,CY,869.41,1103.03,6.11,6.11,tsoc.org.cy,false,
2022-04-13 23:00:00,Cyprus,Cyprus,CY,828.01,1051.45,10.58,10.58,tsoc.org.cy,false,
2022-04-14 00:00:00,Cyprus,Cyprus,CY,812.79,1032.52,12.22,12.22,tsoc.org.cy,false,
2022-04-14 01:00:00,Cyprus,Cyprus,CY,811.0,1030.28,12.41,12.41,tsoc.org.cy,false,
2022-04-14 02:00:00,Cyprus,Cyprus,CY,813.43,1033.05,12.15,12.15,tsoc.org.cy,false,
2022-04-14 03:00:00,Cyprus,Cyprus,CY,792.29,1006.13,14.43,14.43,tsoc.org.cy,false,
2022-04-14 04:00:00,Cyprus,Cyprus,CY,763.86,970.98,17.51,17.51,tsoc.org.cy,false,
2022-04-14 05:00:00,Cyprus,Cyprus,CY,669.49,854.51,27.7,27.7,tsoc.org.cy,false,
2022-04-14 06:00:00,Cyprus,Cyprus,CY,566.96,727.79,38.77,38.77,tsoc.org.cy,false,
2022-04-14 07:00:00,Cyprus,Cyprus,CY,499.68,644.68,46.04,46.04,tsoc.org.cy,false,
2022-04-14 08:00:00,Cyprus,Cyprus,CY,489.17,631.55,47.17,47.17,tsoc.org.cy,false,
2022-04-14 09:00:00,Cyprus,Cyprus,CY,483.48,624.54,47.79,47.79,tsoc.org.cy,false,
2022-04-14 10:00:00,Cyprus,Cyprus,CY,490.11,632.88,47.07,47.07,tsoc.org.cy,false,
2022-04-14 11:00:00,Cyprus,Cyprus,CY,498.32,643.2,46.18,46.18,tsoc.org.cy,false,
2022-04-14 12:00:00,Cyprus,Cyprus,CY,513.07,661.55,44.59,44.59,tsoc.org.cy,false,
2022-04-14 13:00:00,Cyprus,Cyprus,CY,571.1,733.43,38.32,38.32,tsoc.org.cy,false,
2022-04-14 14:00:00,Cyprus,Cyprus,CY,692.15,883.2,25.25,25.25,tsoc.org.cy,false,
2022-04-14 15:00:00,Cyprus,Cyprus,CY,834.62,1059.37,9.86,9.86,tsoc.org.cy,false,
2022-04-14 16:00:00,Cyprus,Cyprus,CY,906.43,1148.0,2.11,2.11,tsoc.org.cy,false,
2022-04-14 17:00:00,Cyprus,Cyprus,CY,908.84,1150.81,1.85,1.85,tsoc.org.cy,false,
2022-04-14 18:00:00,Cyprus,Cyprus,CY,898.75,1138.35,2.94,2.94,tsoc.org.cy,false,
2022-04-14 19:00:00,Cyprus,Cyprus,CY,831.25,1054.22,10.23,10.23,tsoc.org.cy,false,
2022-04-14 20:00:00,Cyprus,Cyprus,CY,780.87,991.53,15.67,15.67,tsoc.org.cy,false,
2022-04-14 21:00:00,Cyprus,Cyprus,CY,722.8,919.63,21.94,21.94,tsoc.org.cy,false,
2022-04-14 22:00:00,Cyprus,Cyprus,CY,732.58,931.92,20.88,20.88,tsoc.org.cy,false,
2022-04-14 23:00:00,Cyprus,Cyprus,CY,744.85,947.43,19.56,19.56,tsoc.org.cy,false,
2022-04-15 00:00:00,Cyprus,Cyprus,CY,741.46,943.28,19.92,19.92,tsoc.org.cy,false,
2022-04-15 01:00:00,Cyprus,Cyprus,CY,775.89,986.29,16.21,16.21,tsoc.org.cy,false,
2022-04-15 02:00:00,Cyprus,Cyprus,CY,794.22,1008.95,14.23,14.23,tsoc.org.cy,false,
2022-04-15 03:00:00,Cyprus,Cyprus,CY,833.35,1057.39,10.0,10.0,tsoc.org.cy,false,
2022-04-15 04:00:00,Cyprus,Cyprus,CY,803.15,1020.04,13.26,13.26,tsoc.org.cy,false,
2022-04-15 05:00:00,Cyprus,Cyprus,CY,716.48,913.04,22.62,22.62,tsoc.org.cy,false,
2022-04-15 06:00:00,Cyprus,Cyprus,CY,631.93,808.57,31.75,31.75,tsoc.org.cy,false,
2022-04-15 07:00:00,Cyprus,Cyprus,CY,576.47,740.04,37.74,37.74,tsoc.org.cy,false,
2022-04-15 08:00:00,Cyprus,Cyprus,CY,513.19,661.81,44.58,44.58,tsoc.org.cy,false,
2022-04-15 09:00:00,Cyprus,Cyprus,CY,476.39,616.25,48.55,48.55,tsoc.org.cy,false,
2022-04-15 10:00:00,Cyprus,Cyprus,CY,457.91,593.34,50.55,50.55,tsoc.org.cy,false,
2022-04-15 11:00:00,Cyprus,Cyprus,CY,476.37,616.23,48.55,48.55,tsoc.org.cy,false,
2022-04-15 12:00:00,Cyprus,Cyprus,CY,522.7,673.63,43.55,43.55,tsoc.org.cy,false,
2022-04-15 13:00:00,Cyprus,Cyprus,CY,588.83,755.33,36.41,36.41,tsoc.org.cy,false,
2022-04-15 14:00:00,Cyprus,Cyprus,CY,691.53,882.14,25.32,25.32,tsoc.org.cy,false,
2022-04-15 15:00:00,Cyprus,Cyprus,CY,816.94,1037.1,11.77,11.77,tsoc.org.cy,false,
2022-04-15 16:00:00,Cyprus,Cyprus,CY,898.1,1137.55,3.01,3.01,tsoc.org.cy,false,
2022-04-15 17:00:00,Cyprus,Cyprus,CY,885.9,1122.17,4.33,4.33,tsoc.org.cy,false,
2022-04-15 18:00:00,Cyprus,Cyprus,CY,857.95,1087.4,7.34,7.34,tsoc.org.cy,false,
2022-04-15 19:00:00,Cyprus,Cyprus,CY,859.81,1089.96,7.14,7.14,tsoc.org.cy,false,
2022-04-15 20:00:00,Cyprus,Cyprus,CY,849.31,1077.1,8.28,8.28,tsoc.org.cy,false,
2022-04-15 21:00:00,Cyprus,Cyprus,CY,847.85,1075.67,8.43,8.43,tsoc.org.cy,false,
2022-04-15 22:00:00,Cyprus,Cyprus,CY,832.34,1056.53,10.11,10.11,tsoc.org.cy,false,
2022-04-15 23:00:00,Cyprus,Cyprus,CY,815.99,1036.29,11.88,11.88,tsoc.org.cy,false,
2022-04-16 00:00:00,Cyprus,Cyprus,CY,820.46,1041.99,11.39,11.39,tsoc.org.cy,false,
2022-04-16 01:00:00,Cyprus,Cyprus,CY,822.53,1044.57,11.17,11.17,tsoc.org.cy,false,
2022-04-16 02:00:00,Cyprus,Cyprus,CY,810.29,1029.11,12.49,12.49,tsoc.org.cy,false,
2022-04-16 03:00:00,Cyprus,Cyprus,CY,817.81,1038.28,11.68,11.68,tsoc.org.cy,false,
2022-04-16 04:00:00,Cyprus,Cyprus,CY,757.0,962.67,18.25,18.25,tsoc.org.cy,false,
2022-04-16 05:00:00,Cyprus,Cyprus,CY,681.46,869.52,26.4,26.4,tsoc.org.cy,false,
2022-04-16 06:00:00,Cyprus,Cyprus,CY,637.44,815.56,31.16,31.16,tsoc.org.cy,false,
2022-04-16 07:00:00,Cyprus,Cyprus,CY,536.24,690.64,42.09,42.09,tsoc.org.cy,false,
2022-04-16 08:00:00,Cyprus,Cyprus,CY,491.55,635.43,46.91,46.91,tsoc.org.cy,false,
2022-04-16 09:00:00,Cyprus,Cyprus,CY,461.19,597.83,50.19,50.19,tsoc.org.cy,false,
2022-04-16 10:00:00,Cyprus,Cyprus,CY,440.29,571.86,52.45,52.45,tsoc.org.cy,false,
2022-04-16 11:00:00,Cyprus,Cyprus,CY,446.42,579.61,51.79,51.79,tsoc.org.cy,false,
2022-04-16 12:00:00,Cyprus,Cyprus,CY,486.66,629.36,47.44,47.44,tsoc.org.cy,false,
2022-04-16 13:00:00,Cyprus,Cyprus,CY,607.5,778.75,34.39,34.39,tsoc.org.cy,false,
2022-04-16 14:00:00,Cyprus,Cyprus,CY,741.24,944.09,19.95,19.95,tsoc.org.cy,false,
2022-04-16 15:00:00,Cyprus,Cyprus,CY,853.02,1082.25,7.88,7.88,tsoc.org.cy,false,
2022-04-16 16:00:00,Cyprus,Cyprus,CY,904.27,1145.37,2.34,2.34,tsoc.org.cy,false,
2022-04-16 17:00:00,Cyprus,Cyprus,CY,914.02,1157.44,1.29,1.29,tsoc.org.cy,false,
2022-04-16 18:00:00,Cyprus,Cyprus,CY,905.9,1147.46,2.17,2.17,tsoc.org.cy,false,
2022-04-16 19:00:00,Cyprus,Cyprus,CY,880.05,1115.36,4.96,4.96,tsoc.org.cy,false,
2022-04-16 20:00:00,Cyprus,Cyprus,CY,869.07,1101.86,6.14,6.14,tsoc.org.cy,false,
2022-04-16 21:00:00,Cyprus,Cyprus,CY,887.44,1125.16,4.16,4.16,tsoc.org.cy,false,
2022-04-16 22:00:00,Cyprus,Cyprus,CY,901.82,1143.36,2.61,2.61,tsoc.org.cy,false,
2022-04-16 23:00:00,Cyprus,Cyprus,CY,887.26,1125.35,4.18,4.18,tsoc.org.cy,false,
2022-04-17 00:00:00,Cyprus,Cyprus,CY,858.0,1088.88,7.34,7.34,tsoc.org.cy,false,
2022-04-17 01:00:00,Cyprus,Cyprus,CY,827.61,1050.93,10.62,10.62,tsoc.org.cy,false,
2022-04-17 02:00:00,Cyprus,Cyprus,CY,775.92,986.26,16.2,16.2,tsoc.org.cy,false,
2022-04-17 03:00:00,Cyprus,Cyprus,CY,760.53,966.95,17.86,17.86,tsoc.org.cy,false,
2022-04-17 04:00:00,Cyprus,Cyprus,CY,700.32,892.1,24.37,24.37,tsoc.org.cy,false,
2022-04-17 05:00:00,Cyprus,Cyprus,CY,630.39,805.43,31.92,31.92,tsoc.org.cy,false,
2022-04-17 06:00:00,Cyprus,Cyprus,CY,607.48,777.69,34.39,34.39,tsoc.org.cy,false,
2022-04-17 07:00:00,Cyprus,Cyprus,CY,578.54,742.04,37.52,37.52,tsoc.org.cy,false,
2022-04-17 08:00:00,Cyprus,Cyprus,CY,479.35,618.89,48.23,48.23,tsoc.org.cy,false,
2022-04-17 09:00:00,Cyprus,Cyprus,CY,437.36,567.0,52.77,52.77,tsoc.org.cy,false,
2022-04-17 10:00:00,Cyprus,Cyprus,CY,428.79,556.62,53.69,53.69,tsoc.org.cy,false,
2022-04-17 11:00:00,Cyprus,Cyprus,CY,454.93,589.09,50.87,50.87,tsoc.org.cy,false,
2022-04-17 12:00:00,Cyprus,Cyprus,CY,494.22,637.72,46.63,46.63,tsoc.org.cy,false,
2022-04-17 13:00:00,Cyprus,Cyprus,CY,515.51,663.35,44.33,44.33,tsoc.org.cy,false,
2022-04-17 14:00:00,Cyprus,Cyprus,CY,622.19,794.92,32.8,32.8,tsoc.org.cy,false,
2022-04-17 15:00:00,Cyprus,Cyprus,CY,726.95,924.43,21.49,21.49,tsoc.org.cy,false,
2022-04-17 16:00:00,Cyprus,Cyprus,CY,779.51,989.5,15.82,15.82,tsoc.org.cy,false,
2022-04-17 17:00:00,Cyprus,Cyprus,CY,792.23,1005.29,14.44,14.44,tsoc.org.cy,false,
2022-04-17 18:00:00,Cyprus,Cyprus,CY,762.11,967.77,17.69,17.69,tsoc.org.cy,false,
2022-04-17 19:00:00,Cyprus,Cyprus,CY,730.62,928.64,21.1,21.1,tsoc.org.cy,false,
2022-04-17 20:00:00,Cyprus,Cyprus,CY,737.71,937.74,20.33,20.33,tsoc.org.cy,false,
2022-04-17 21:00:00,Cyprus,Cyprus,CY,731.34,930.15,21.02,21.02,tsoc.org.cy,false,
2022-04-17 22:00:00,Cyprus,Cyprus,CY,700.84,892.28,24.31,24.31,tsoc.org.cy,false,
2022-04-17 23:00:00,Cyprus,Cyprus,CY,731.08,930.23,21.04,21.04,tsoc.org.cy,false,
2022-04-18 00:00:00,Cyprus,Cyprus,CY,726.99,925.19,21.49,21.49,tsoc.org.cy,false,
2022-04-18 01:00:00,Cyprus,Cyprus,CY,752.59,957.15,18.72,18.72,tsoc.org.cy,false,
2022-04-18 02:00:00,Cyprus,Cyprus,CY,779.1,990.06,15.86,15.86,tsoc.org.cy,false,
2022-04-18 03:00:00,Cyprus,Cyprus,CY,805.22,1022.31,13.04,13.04,tsoc.org.cy,false,
2022-04-18 04:00:00,Cyprus,Cyprus,CY,824.04,1045.57,11.01,11.01,tsoc.org.cy,false,
2022-04-18 05:00:00,Cyprus,Cyprus,CY,800.32,1016.13,13.57,13.57,tsoc.org.cy,false,
2022-04-18 06:00:00,Cyprus,Cyprus,CY,781.26,993.0,15.63,15.63,tsoc.org.cy,false,
2022-04-18 07:00:00,Cyprus,Cyprus,CY,733.65,934.05,20.77,20.77,tsoc.org.cy,false,
2022-04-18 08:00:00,Cyprus,Cyprus,CY,704.2,897.69,23.95,23.95,tsoc.org.cy,false,
2022-04-18 09:00:00,Cyprus,Cyprus,CY,595.09,762.91,35.73,35.73,tsoc.org.cy,false,
2022-04-18 10:00:00,Cyprus,Cyprus,CY,700.67,893.2,24.33,24.33,tsoc.org.cy,false,
2022-04-18 11:00:00,Cyprus,Cyprus,CY,732.73,932.62,20.87,20.87,tsoc.org.cy,false,
2022-04-18 12:00:00,Cyprus,Cyprus,CY,648.93,828.86,29.92,29.92,tsoc.org.cy,false,
2022-04-18 13:00:00,Cyprus,Cyprus,CY,728.93,928.0,21.28,21.28,tsoc.org.cy,false,
2022-04-18 14:00:00,Cyprus,Cyprus,CY,821.45,1042.59,11.29,11.29,tsoc.org.cy,false,
2022-04-18 15:00:00,Cyprus,Cyprus,CY,864.41,1095.63,6.65,6.65,tsoc.org.cy,false,
2022-04-18 16:00:00,Cyprus,Cyprus,CY,874.38,1107.71,5.57,5.57,tsoc.org.cy,false,
2022-04-18 17:00:00,Cyprus,Cyprus,CY,863.81,1094.47,6.71,6.71,tsoc.org.cy,false,
2022-04-18 18:00:00,Cyprus,Cyprus,CY,823.35,1044.08,11.08,11.08,tsoc.org.cy,false,
2022-04-18 19:00:00,Cyprus,Cyprus,CY,822.7,1043.56,11.15,11.15,tsoc.org.cy,false,
2022-04-18 20:00:00,Cyprus,Cyprus,CY,803.57,1019.92,13.22,13.22,tsoc.org.cy,false,
2022-04-18 21:00:00,Cyprus,Cyprus,CY,794.01,1008.34,14.25,14.25,tsoc.org.cy,false,
2022-04-18 22:00:00,Cyprus,Cyprus,CY,701.95,893.65,24.19,24.19,tsoc.org.cy,false,
2022-04-18 23:00:00,Cyprus,Cyprus,CY,739.15,940.25,20.17,20.17,tsoc.org.cy,false,
2022-04-19 00:00:00,Cyprus,Cyprus,CY,737.22,937.89,20.38,20.38,tsoc.org.cy,false,
2022-04-19 01:00:00,Cyprus,Cyprus,CY,774.65,984.63,16.34,16.34,tsoc.org.cy,false,
2022-04-19 02:00:00,Cyprus,Cyprus,CY,753.41,957.9,18.63,18.63,tsoc.org.cy,false,
2022-04-19 03:00:00,Cyprus,Cyprus,CY,820.75,1041.64,11.36,11.36,tsoc.org.cy,false,
2022-04-19 04:00:00,Cyprus,Cyprus,CY,794.89,1009.57,14.15,14.15,tsoc.org.cy,false,
2022-04-19 05:00:00,Cyprus,Cyprus,CY,706.33,900.11,23.72,23.72,tsoc.org.cy,false,
2022-04-19 06:00:00,Cyprus,Cyprus,CY,612.21,783.79,33.88,33.88,tsoc.org.cy,false,
2022-04-19 07:00:00,Cyprus,Cyprus,CY,534.98,688.18,42.22,42.22,tsoc.org.cy,false,
2022-04-19 08:00:00,Cyprus,Cyprus,CY,474.88,613.64,48.71,48.71,tsoc.org.cy,false,
2022-04-19 09:00:00,Cyprus,Cyprus,CY,419.83,545.22,54.66,54.66,tsoc.org.cy,false,
2022-04-19 10:00:00,Cyprus,Cyprus,CY,404.33,525.9,56.33,56.33,tsoc.org.cy,false,
2022-04-19 11:00:00,Cyprus,Cyprus,CY,433.5,561.87,53.18,53.18,tsoc.org.cy,false,
2022-04-19 12:00:00,Cyprus,Cyprus,CY,474.84,612.92,48.72,48.72,tsoc.org.cy,false,
2022-04-19 13:00:00,Cyprus,Cyprus,CY,541.77,695.87,41.49,41.49,tsoc.org.cy,false,
2022-04-19 14:00:00,Cyprus,Cyprus,CY,644.87,823.41,30.36,30.36,tsoc.org.cy,false,
2022-04-19 15:00:00,Cyprus,Cyprus,CY,776.38,986.26,16.15,16.15,tsoc.org.cy,false,
2022-04-19 16:00:00,Cyprus,Cyprus,CY,853.41,1081.67,7.83,7.83,tsoc.org.cy,false,
2022-04-19 17:00:00,Cyprus,Cyprus,CY,869.83,1102.07,6.06,6.06,tsoc.org.cy,false,
2022-04-19 18:00:00,Cyprus,Cyprus,CY,878.38,1112.88,5.14,5.14,tsoc.org.cy,false,
2022-04-19 19:00:00,Cyprus,Cyprus,CY,895.21,1134.19,3.32,3.32,tsoc.org.cy,false,
2022-04-19 20:00:00,Cyprus,Cyprus,CY,878.43,1113.49,5.13,5.13,tsoc.org.cy,false,
2022-04-19 21:00:00,Cyprus,Cyprus,CY,831.16,1054.82,10.24,10.24,tsoc.org.cy,false,
2022-04-19 22:00:00,Cyprus,Cyprus,CY,836.36,1061.58,9.68,9.68,tsoc.org.cy,false,
2022-04-19 23:00:00,Cyprus,Cyprus,CY,829.22,1052.81,10.45,10.45,tsoc.org.cy,false,
2022-04-20 00:00:00,Cyprus,Cyprus,CY,806.21,1024.12,12.93,12.93,tsoc.org.cy,false,
2022-04-20 01:00:00,Cyprus,Cyprus,CY,851.87,1081.16,8.0,8.0,tsoc.org.cy,false,
2022-04-20 02:00:00,Cyprus,Cyprus,CY,878.25,1113.92,5.15,5.15,tsoc.org.cy,false,
2022-04-20 03:00:00,Cyprus,Cyprus,CY,887.96,1125.72,4.1,4.1,tsoc.org.cy,false,
2022-04-20 04:00:00,Cyprus,Cyprus,CY,825.78,1048.56,10.82,10.82,tsoc.org.cy,false,
2022-04-20 05:00:00,Cyprus,Cyprus,CY,708.87,903.66,23.44,23.44,tsoc.org.cy,false,
2022-04-20 06:00:00,Cyprus,Cyprus,CY,617.57,790.69,33.3,33.3,tsoc.org.cy,false,
2022-04-20 07:00:00,Cyprus,Cyprus,CY,559.74,719.11,39.55,39.55,tsoc.org.cy,false,
2022-04-20 08:00:00,Cyprus,Cyprus,CY,526.57,678.03,43.13,43.13,tsoc.org.cy,false,
2022-04-20 09:00:00,Cyprus,Cyprus,CY,512.68,660.54,44.63,44.63,tsoc.org.cy,false,
2022-04-20 10:00:00,Cyprus,Cyprus,CY,480.11,620.07,48.15,48.15,tsoc.org.cy,false,
2022-04-20 11:00:00,Cyprus,Cyprus,CY,468.36,605.56,49.42,49.42,tsoc.org.cy,false,
2022-04-20 12:00:00,Cyprus,Cyprus,CY,481.79,622.12,47.97,47.97,tsoc.org.cy,false,
2022-04-20 13:00:00,Cyprus,Cyprus,CY,580.66,744.37,37.29,37.29,tsoc.org.cy,false,
2022-04-20 14:00:00,Cyprus,Cyprus,CY,653.59,834.13,29.41,29.41,tsoc.org.cy,false,
2022-04-20 15:00:00,Cyprus,Cyprus,CY,738.9,939.47,20.2,20.2,tsoc.org.cy,false,
2022-04-20 16:00:00,Cyprus,Cyprus,CY,803.49,1019.34,13.23,13.23,tsoc.org.cy,false,
2022-04-20 17:00:00,Cyprus,Cyprus,CY,814.43,1032.85,12.04,12.04,tsoc.org.cy,false,
2022-04-20 18:00:00,Cyprus,Cyprus,CY,827.38,1049.21,10.65,10.65,tsoc.org.cy,false,
2022-04-20 19:00:00,Cyprus,Cyprus,CY,821.79,1042.46,11.25,11.25,tsoc.org.cy,false,
2022-04-20 20:00:00,Cyprus,Cyprus,CY,832.41,1056.0,10.1,10.1,tsoc.org.cy,false,
2022-04-20 21:00:00,Cyprus,Cyprus,CY,829.15,1052.34,10.45,10.45,tsoc.org.cy,false,
2022-04-20 22:00:00,Cyprus,Cyprus,CY,797.51,1013.11,13.87,13.87,tsoc.org.cy,false,
2022-04-20 23:00:00,Cyprus,Cyprus,CY,765.33,973.06,17.35,17.35,tsoc.org.cy,false,
2022-04-21 00:00:00,Cyprus,Cyprus,CY,713.72,908.64,22.92,22.92,tsoc.org.cy,false,
2022-04-21 01:00:00,Cyprus,Cyprus,CY,744.36,946.89,19.61,19.61,tsoc.org.cy,false,
2022-04-21 02:00:00,Cyprus,Cyprus,CY,777.85,988.53,15.99,15.99,tsoc.org.cy,false,
2022-04-21 03:00:00,Cyprus,Cyprus,CY,752.45,956.47,18.74,18.74,tsoc.org.cy,false,
2022-04-21 04:00:00,Cyprus,Cyprus,CY,747.56,950.86,19.27,19.27,tsoc.org.cy,false,
2022-04-21 05:00:00,Cyprus,Cyprus,CY,681.13,869.15,26.44,26.44,tsoc.org.cy,false,
2022-04-21 06:00:00,Cyprus,Cyprus,CY,617.02,790.16,33.36,33.36,tsoc.org.cy,false,
2022-04-21 07:00:00,Cyprus,Cyprus,CY,552.14,710.04,40.37,40.37,tsoc.org.cy,false,
2022-04-21 08:00:00,Cyprus,Cyprus,CY,497.49,642.43,46.27,46.27,tsoc.org.cy,false,
2022-04-21 09:00:00,Cyprus,Cyprus,CY,449.51,582.81,51.45,51.45,tsoc.org.cy,false,
2022-04-21 10:00:00,Cyprus,Cyprus,CY,429.0,557.39,53.67,53.67,tsoc.org.cy,false,
2022-04-21 11:00:00,Cyprus,Cyprus,CY,437.27,567.65,52.78,52.78,tsoc.org.cy,false,
2022-04-21 12:00:00,Cyprus,Cyprus,CY,471.66,610.06,49.06,49.06,tsoc.org.cy,false,
2022-04-21 13:00:00,Cyprus,Cyprus,CY,650.48,831.39,29.75,29.75,tsoc.org.cy,false,
2022-04-21 14:00:00,Cyprus,Cyprus,CY,697.08,888.92,24.72,24.72,tsoc.org.cy,false,
2022-04-21 15:00:00,Cyprus,Cyprus,CY,823.37,1045.21,11.08,11.08,tsoc.org.cy,false,
2022-04-21 16:00:00,Cyprus,Cyprus,CY,890.27,1127.86,3.85,3.85,tsoc.org.cy,false,
2022-04-21 17:00:00,Cyprus,Cyprus,CY,886.77,1123.36,4.23,4.23,tsoc.org.cy,false,
2022-04-21 18:00:00,Cyprus,Cyprus,CY,882.39,1118.04,4.7,4.7,tsoc.org.cy,false,
2022-04-21 19:00:00,Cyprus,Cyprus,CY,893.05,1131.56,3.55,3.55,tsoc.org.cy,false,
2022-04-21 20:00:00,Cyprus,Cyprus,CY,900.19,1140.71,2.78,2.78,tsoc.org.cy,false,
2022-04-21 21:00:00,Cyprus,Cyprus,CY,873.52,1107.77,5.66,5.66,tsoc.org.cy,false,
2022-04-21 22:00:00,Cyprus,Cyprus,CY,878.71,1114.56,5.1,5.1,tsoc.org.cy,false,
2022-04-21 23:00:00,Cyprus,Cyprus,CY,871.56,1105.8,5.87,5.87,tsoc.org.cy,false,
2022-04-22 00:00:00,Cyprus,Cyprus,CY,900.79,1142.44,2.72,2.72,tsoc.org.cy,false,
2022-04-22 01:00:00,Cyprus,Cyprus,CY,908.48,1152.05,1.89,1.89,tsoc.org.cy,false,
2022-04-22 02:00:00,Cyprus,Cyprus,CY,906.46,1149.38,2.1,2.1,tsoc.org.cy,false,
2022-04-22 03:00:00,Cyprus,Cyprus,CY,897.37,1137.91,3.09,3.09,tsoc.org.cy,false,
2022-04-22 04:00:00,Cyprus,Cyprus,CY,815.6,1036.51,11.92,11.92,tsoc.org.cy,false,
2022-04-22 05:00:00,Cyprus,Cyprus,CY,681.57,870.52,26.39,26.39,tsoc.org.cy,false,
2022-04-22 06:00:00,Cyprus,Cyprus,CY,577.96,742.28,37.58,37.58,tsoc.org.cy,false,
2022-04-22 07:00:00,Cyprus,Cyprus,CY,513.2,662.2,44.58,44.58,tsoc.org.cy,false,
2022-04-22 08:00:00,Cyprus,Cyprus,CY,469.55,608.28,49.29,49.29,tsoc.org.cy,false,
2022-04-22 09:00:00,Cyprus,Cyprus,CY,443.64,576.21,52.09,52.09,tsoc.org.cy,false,
2022-04-22 10:00:00,Cyprus,Cyprus,CY,442.37,574.66,52.23,52.23,tsoc.org.cy,false,
2022-04-22 11:00:00,Cyprus,Cyprus,CY,450.39,584.56,51.36,51.36,tsoc.org.cy,false,
2022-04-22 12:00:00,Cyprus,Cyprus,CY,491.63,635.55,46.91,46.91,tsoc.org.cy,false,
2022-04-22 13:00:00,Cyprus,Cyprus,CY,571.43,734.22,38.29,38.29,tsoc.org.cy,false,
2022-04-22 14:00:00,Cyprus,Cyprus,CY,695.29,887.32,24.91,24.91,tsoc.org.cy,false,
2022-04-22 15:00:00,Cyprus,Cyprus,CY,830.36,1054.31,10.32,10.32,tsoc.org.cy,false,
2022-04-22 16:00:00,Cyprus,Cyprus,CY,903.93,1145.15,2.38,2.38,tsoc.org.cy,false,
2022-04-22 17:00:00,Cyprus,Cyprus,CY,898.13,1137.74,3.0,3.0,tsoc.org.cy,false,
2022-04-22 18:00:00,Cyprus,Cyprus,CY,876.04,1110.3,5.39,5.39,tsoc.org.cy,false,
2022-04-22 19:00:00,Cyprus,Cyprus,CY,867.51,1099.77,6.31,6.31,tsoc.org.cy,false,
2022-04-22 20:00:00,Cyprus,Cyprus,CY,854.18,1083.31,7.75,7.75,tsoc.org.cy,false,
2022-04-22 21:00:00,Cyprus,Cyprus,CY,857.41,1087.73,7.4,7.4,tsoc.org.cy,false,
2022-04-22 22:00:00,Cyprus,Cyprus,CY,858.39,1089.24,7.3,7.3,tsoc.org.cy,false,
2022-04-22 23:00:00,Cyprus,Cyprus,CY,859.91,1091.28,7.13,7.13,tsoc.org.cy,false,
2022-04-23 00:00:00,Cyprus,Cyprus,CY,851.25,1080.56,8.07,8.07,tsoc.org.cy,false,
2022-04-23 01:00:00,Cyprus,Cyprus,CY,854.07,1084.08,7.76,7.76,tsoc.org.cy,false,
2022-04-23 02:00:00,Cyprus,Cyprus,CY,812.78,1032.36,12.22,12.22,tsoc.org.cy,false,
2022-04-23 03:00:00,Cyprus,Cyprus,CY,796.87,1012.42,13.94,13.94,tsoc.org.cy,false,
2022-04-23 04:00:00,Cyprus,Cyprus,CY,742.06,944.84,19.86,19.86,tsoc.org.cy,false,
2022-04-23 05:00:00,Cyprus,Cyprus,CY,633.04,810.23,31.63,31.63,tsoc.org.cy,false,
2022-04-23 06:00:00,Cyprus,Cyprus,CY,543.23,699.25,41.33,41.33,tsoc.org.cy,false,
2022-04-23 07:00:00,Cyprus,Cyprus,CY,487.72,630.55,47.33,47.33,tsoc.org.cy,false,
2022-04-23 08:00:00,Cyprus,Cyprus,CY,446.66,579.76,51.76,51.76,tsoc.org.cy,false,
2022-04-23 09:00:00,Cyprus,Cyprus,CY,438.97,570.32,52.59,52.59,tsoc.org.cy,false,
2022-04-23 10:00:00,Cyprus,Cyprus,CY,433.58,563.49,53.17,53.17,tsoc.org.cy,false,
2022-04-23 11:00:00,Cyprus,Cyprus,CY,441.73,573.45,52.29,52.29,tsoc.org.cy,false,
2022-04-23 12:00:00,Cyprus,Cyprus,CY,475.41,614.9,48.66,48.66,tsoc.org.cy,false,
2022-04-23 13:00:00,Cyprus,Cyprus,CY,560.16,719.67,39.5,39.5,tsoc.org.cy,false,
2022-04-23 14:00:00,Cyprus,Cyprus,CY,697.13,889.24,24.71,24.71,tsoc.org.cy,false,
2022-04-23 15:00:00,Cyprus,Cyprus,CY,825.3,1047.81,10.87,10.87,tsoc.org.cy,false,
2022-04-23 16:00:00,Cyprus,Cyprus,CY,898.36,1138.12,2.98,2.98,tsoc.org.cy,false,
2022-04-23 17:00:00,Cyprus,Cyprus,CY,910.76,1153.41,1.64,1.64,tsoc.org.cy,false,
2022-04-23 18:00:00,Cyprus,Cyprus,CY,894.84,1133.64,3.36,3.36,tsoc.org.cy,false,
2022-04-23 19:00:00,Cyprus,Cyprus,CY,815.47,1034.65,11.93,11.93,tsoc.org.cy,false,
2022-04-23 20:00:00,Cyprus,Cyprus,CY,784.16,995.75,15.31,15.31,tsoc.org.cy,false,
2022-04-23 21:00:00,Cyprus,Cyprus,CY,772.73,981.82,16.55,16.55,tsoc.org.cy,false,
2022-04-23 22:00:00,Cyprus,Cyprus,CY,773.68,983.1,16.44,16.44,tsoc.org.cy,false,
2022-04-23 23:00:00,Cyprus,Cyprus,CY,764.23,971.5,17.46,17.46,tsoc.org.cy,false,
2022-04-24 00:00:00,Cyprus,Cyprus,CY,749.55,953.33,19.05,19.05,tsoc.org.cy,false,
2022-04-24 01:00:00,Cyprus,Cyprus,CY,741.04,942.8,19.97,19.97,tsoc.org.cy,false,
2022-04-24 02:00:00,Cyprus,Cyprus,CY,766.52,974.6,17.22,17.22,tsoc.org.cy,false,
2022-04-24 03:00:00,Cyprus,Cyprus,CY,838.86,1065.1,9.41,9.41,tsoc.org.cy,false,
2022-04-24 04:00:00,Cyprus,Cyprus,CY,788.41,1002.81,14.85,14.85,tsoc.org.cy,false,
2022-04-24 05:00:00,Cyprus,Cyprus,CY,672.67,859.53,27.35,27.35,tsoc.org.cy,false,
2022-04-24 06:00:00,Cyprus,Cyprus,CY,600.16,770.04,35.18,35.18,tsoc.org.cy,false,
2022-04-24 07:00:00,Cyprus,Cyprus,CY,531.4,685.08,42.61,42.61,tsoc.org.cy,false,
2022-04-24 08:00:00,Cyprus,Cyprus,CY,474.63,614.83,48.74,48.74,tsoc.org.cy,false,
2022-04-24 09:00:00,Cyprus,Cyprus,CY,430.25,559.91,53.53,53.53,tsoc.org.cy,false,
2022-04-24 10:00:00,Cyprus,Cyprus,CY,409.6,534.52,55.76,55.76,tsoc.org.cy,false,
2022-04-24 11:00:00,Cyprus,Cyprus,CY,428.23,557.71,53.75,53.75,tsoc.org.cy,false,
2022-04-24 12:00:00,Cyprus,Cyprus,CY,481.95,624.24,47.95,47.95,tsoc.org.cy,false,
2022-04-24 13:00:00,Cyprus,Cyprus,CY,585.94,752.75,36.72,36.72,tsoc.org.cy,false,
2022-04-24 14:00:00,Cyprus,Cyprus,CY,706.28,901.39,23.72,23.72,tsoc.org.cy,false,
2022-04-24 15:00:00,Cyprus,Cyprus,CY,820.63,1042.55,11.37,11.37,tsoc.org.cy,false,
2022-04-24 16:00:00,Cyprus,Cyprus,CY,881.86,1117.94,4.76,4.76,tsoc.org.cy,false,
2022-04-24 17:00:00,Cyprus,Cyprus,CY,859.88,1090.15,7.14,7.14,tsoc.org.cy,false,
2022-04-24 18:00:00,Cyprus,Cyprus,CY,813.62,1032.4,12.13,12.13,tsoc.org.cy,false,
2022-04-24 19:00:00,Cyprus,Cyprus,CY,823.72,1045.19,11.04,11.04,tsoc.org.cy,false,
2022-04-24 20:00:00,Cyprus,Cyprus,CY,856.67,1086.53,7.48,7.48,tsoc.org.cy,false,
2022-04-24 21:00:00,Cyprus,Cyprus,CY,889.95,1128.46,3.89,3.89,tsoc.org.cy,false,
2022-04-24 22:00:00,Cyprus,Cyprus,CY,886.98,1124.97,4.21,4.21,tsoc.org.cy,false,
2022-04-24 23:00:00,Cyprus,Cyprus,CY,893.05,1132.69,3.55,3.55,tsoc.org.cy,false,
2022-04-25 00:00:00,Cyprus,Cyprus,CY,902.66,1144.82,2.52,2.52,tsoc.org.cy,false,
2022-04-25 01:00:00,Cyprus,Cyprus,CY,905.47,1148.33,2.21,2.21,tsoc.org.cy,false,
2022-04-25 02:00:00,Cyprus,Cyprus,CY,908.65,1152.22,1.87,1.87,tsoc.org.cy,false,
2022-04-25 03:00:00,Cyprus,Cyprus,CY,901.98,1143.95,2.59,2.59,tsoc.org.cy,false,
2022-04-25 04:00:00,Cyprus,Cyprus,CY,814.94,1036.07,11.99,11.99,tsoc.org.cy,false,
2022-04-25 05:00:00,Cyprus,Cyprus,CY,685.12,875.25,26.01,26.01,tsoc.org.cy,false,
2022-04-25 06:00:00,Cyprus,Cyprus,CY,585.84,752.33,36.73,36.73,tsoc.org.cy,false,
2022-04-25 07:00:00,Cyprus,Cyprus,CY,511.21,659.92,44.79,44.79,tsoc.org.cy,false,
2022-04-25 08:00:00,Cyprus,Cyprus,CY,459.08,595.45,50.42,50.42,tsoc.org.cy,false,
2022-04-25 09:00:00,Cyprus,Cyprus,CY,418.82,545.58,54.77,54.77,tsoc.org.cy,false,
2022-04-25 10:00:00,Cyprus,Cyprus,CY,407.52,531.62,55.99,55.99,tsoc.org.cy,false,
2022-04-25 11:00:00,Cyprus,Cyprus,CY,429.83,559.32,53.58,53.58,tsoc.org.cy,false,
2022-04-25 12:00:00,Cyprus,Cyprus,CY,480.16,621.58,48.14,48.14,tsoc.org.cy,false,
2022-04-25 13:00:00,Cyprus,Cyprus,CY,592.92,760.93,35.97,35.97,tsoc.org.cy,false,
2022-04-25 14:00:00,Cyprus,Cyprus,CY,709.53,905.02,23.37,23.37,tsoc.org.cy,false,
2022-04-25 15:00:00,Cyprus,Cyprus,CY,803.69,1021.24,13.2,13.2,tsoc.org.cy,false,
2022-04-25 16:00:00,Cyprus,Cyprus,CY,864.39,1095.96,6.65,6.65,tsoc.org.cy,false,
2022-04-25 17:00:00,Cyprus,Cyprus,CY,870.6,1103.41,5.98,5.98,tsoc.org.cy,false,
2022-04-25 18:00:00,Cyprus,Cyprus,CY,880.63,1116.05,4.89,4.89,tsoc.org.cy,false,
2022-04-25 19:00:00,Cyprus,Cyprus,CY,883.2,1119.45,4.62,4.62,tsoc.org.cy,false,
2022-04-25 20:00:00,Cyprus,Cyprus,CY,860.57,1091.38,7.06,7.06,tsoc.org.cy,false,
2022-04-25 21:00:00,Cyprus,Cyprus,CY,859.9,1090.87,7.13,7.13,tsoc.org.cy,false,
2022-04-25 22:00:00,Cyprus,Cyprus,CY,858.87,1089.81,7.24,7.24,tsoc.org.cy,false,
2022-04-25 23:00:00,Cyprus,Cyprus,CY,863.94,1096.33,6.7,6.7,tsoc.org.cy,false,
2022-04-26 00:00:00,Cyprus,Cyprus,CY,866.53,1099.67,6.42,6.42,tsoc.org.cy,false,
2022-04-26 01:00:00,Cyprus,Cyprus,CY,861.63,1093.54,6.95,6.95,tsoc.org.cy,false,
2022-04-26 02:00:00,Cyprus,Cyprus,CY,891.98,1131.32,3.67,3.67,tsoc.org.cy,false,
2022-04-26 03:00:00,Cyprus,Cyprus,CY,901.33,1142.93,2.66,2.66,tsoc.org.cy,false,
2022-04-26 04:00:00,Cyprus,Cyprus,CY,804.1,1022.32,13.16,13.16,tsoc.org.cy,false,
2022-04-26 05:00:00,Cyprus,Cyprus,CY,672.32,859.07,27.39,27.39,tsoc.org.cy,false,
2022-04-26 06:00:00,Cyprus,Cyprus,CY,581.1,746.14,37.24,37.24,tsoc.org.cy,false,
2022-04-26 07:00:00,Cyprus,Cyprus,CY,515.76,665.28,44.3,44.3,tsoc.org.cy,false,
2022-04-26 08:00:00,Cyprus,Cyprus,CY,474.55,614.34,48.75,48.75,tsoc.org.cy,false,
2022-04-26 09:00:00,Cyprus,Cyprus,CY,445.7,578.54,51.87,51.87,tsoc.org.cy,false,
2022-04-26 10:00:00,Cyprus,Cyprus,CY,432.65,562.3,53.28,53.28,tsoc.org.cy,false,
2022-04-26 11:00:00,Cyprus,Cyprus,CY,425.85,553.8,54.01,54.01,tsoc.org.cy,false,
2022-04-26 12:00:00,Cyprus,Cyprus,CY,461.32,597.64,50.18,50.18,tsoc.org.cy,false,
2022-04-26 13:00:00,Cyprus,Cyprus,CY,539.27,694.02,41.76,41.76,tsoc.org.cy,false,
2022-04-26 14:00:00,Cyprus,Cyprus,CY,671.7,857.84,27.46,27.46,tsoc.org.cy,false,
2022-04-26 15:00:00,Cyprus,Cyprus,CY,803.58,1020.88,13.22,13.22,tsoc.org.cy,false,
2022-04-26 16:00:00,Cyprus,Cyprus,CY,880.21,1115.48,4.94,4.94,tsoc.org.cy,false,
2022-04-26 17:00:00,Cyprus,Cyprus,CY,868.41,1100.5,6.21,6.21,tsoc.org.cy,false,
2022-04-26 18:00:00,Cyprus,Cyprus,CY,848.16,1075.37,8.4,8.4,tsoc.org.cy,false,
2022-04-26 19:00:00,Cyprus,Cyprus,CY,859.08,1089.25,7.22,7.22,tsoc.org.cy,false,
2022-04-26 20:00:00,Cyprus,Cyprus,CY,872.75,1106.58,5.75,5.75,tsoc.org.cy,false,
2022-04-26 21:00:00,Cyprus,Cyprus,CY,900.4,1141.53,2.76,2.76,tsoc.org.cy,false,
2022-04-26 22:00:00,Cyprus,Cyprus,CY,889.82,1128.56,3.9,3.9,tsoc.org.cy,false,
2022-04-26 23:00:00,Cyprus,Cyprus,CY,898.04,1139.0,3.01,3.01,tsoc.org.cy,false,
2022-04-27 00:00:00,Cyprus,Cyprus,CY,884.06,1121.59,4.52,4.52,tsoc.org.cy,false,
2022-04-27 01:00:00,Cyprus,Cyprus,CY,867.59,1101.02,6.3,6.3,tsoc.org.cy,false,
2022-04-27 02:00:00,Cyprus,Cyprus,CY,888.72,1127.23,4.02,4.02,tsoc.org.cy,false,
2022-04-27 03:00:00,Cyprus,Cyprus,CY,900.14,1141.29,2.79,2.79,tsoc.org.cy,false,
2022-04-27 04:00:00,Cyprus,Cyprus,CY,815.37,1036.03,11.94,11.94,tsoc.org.cy,false,
2022-04-27 05:00:00,Cyprus,Cyprus,CY,726.99,926.42,21.49,21.49,tsoc.org.cy,false,
2022-04-27 06:00:00,Cyprus,Cyprus,CY,662.05,846.01,28.5,28.5,tsoc.org.cy,false,
2022-04-27 07:00:00,Cyprus,Cyprus,CY,619.6,793.49,33.09,33.09,tsoc.org.cy,false,
2022-04-27 08:00:00,Cyprus,Cyprus,CY,564.47,725.33,39.04,39.04,tsoc.org.cy,false,
2022-04-27 09:00:00,Cyprus,Cyprus,CY,511.81,660.23,44.73,44.73,tsoc.org.cy,false,
2022-04-27 10:00:00,Cyprus,Cyprus,CY,507.83,655.2,45.16,45.16,tsoc.org.cy,false,
2022-04-27 11:00:00,Cyprus,Cyprus,CY,499.73,645.05,46.03,46.03,tsoc.org.cy,false,
2022-04-27 12:00:00,Cyprus,Cyprus,CY,521.58,672.0,43.67,43.67,tsoc.org.cy,false,
2022-04-27 13:00:00,Cyprus,Cyprus,CY,577.45,740.85,37.64,37.64,tsoc.org.cy,false,
2022-04-27 14:00:00,Cyprus,Cyprus,CY,678.34,865.61,26.74,26.74,tsoc.org.cy,false,
2022-04-27 15:00:00,Cyprus,Cyprus,CY,820.35,1041.46,11.4,11.4,tsoc.org.cy,false,
2022-04-27 16:00:00,Cyprus,Cyprus,CY,888.62,1125.84,4.03,4.03,tsoc.org.cy,false,
2022-04-27 17:00:00,Cyprus,Cyprus,CY,900.91,1140.97,2.7,2.7,tsoc.org.cy,false,
2022-04-27 18:00:00,Cyprus,Cyprus,CY,896.42,1135.53,3.19,3.19,tsoc.org.cy,false,
2022-04-27 19:00:00,Cyprus,Cyprus,CY,906.09,1147.86,2.14,2.14,tsoc.org.cy,false,
2022-04-27 20:00:00,Cyprus,Cyprus,CY,902.63,1143.79,2.52,2.52,tsoc.org.cy,false,
2022-04-27 21:00:00,Cyprus,Cyprus,CY,888.46,1126.44,4.05,4.05,tsoc.org.cy,false,
2022-04-27 22:00:00,Cyprus,Cyprus,CY,893.93,1133.54,3.46,3.46,tsoc.org.cy,false,
2022-04-27 23:00:00,Cyprus,Cyprus,CY,907.31,1150.4,2.01,2.01,tsoc.org.cy,false,
2022-04-28 00:00:00,Cyprus,Cyprus,CY,909.5,1153.25,1.78,1.78,tsoc.org.cy,false,
2022-04-28 01:00:00,Cyprus,Cyprus,CY,909.35,1153.1,1.79,1.79,tsoc.org.cy,false,
2022-04-28 02:00:00,Cyprus,Cyprus,CY,910.33,1154.1,1.69,1.69,tsoc.org.cy,false,
2022-04-28 03:00:00,Cyprus,Cyprus,CY,900.57,1141.67,2.74,2.74,tsoc.org.cy,false,
2022-04-28 04:00:00,Cyprus,Cyprus,CY,815.87,1036.46,11.89,11.89,tsoc.org.cy,false,
2022-04-28 05:00:00,Cyprus,Cyprus,CY,705.84,900.13,23.77,23.77,tsoc.org.cy,false,
2022-04-28 06:00:00,Cyprus,Cyprus,CY,629.2,805.36,32.05,32.05,tsoc.org.cy,false,
2022-04-28 07:00:00,Cyprus,Cyprus,CY,568.54,730.35,38.6,38.6,tsoc.org.cy,false,
2022-04-28 08:00:00,Cyprus,Cyprus,CY,527.63,679.69,43.02,43.02,tsoc.org.cy,false,
2022-04-28 09:00:00,Cyprus,Cyprus,CY,509.33,657.09,44.99,44.99,tsoc.org.cy,false,
2022-04-28 10:00:00,Cyprus,Cyprus,CY,502.33,648.44,45.75,45.75,tsoc.org.cy,false,
2022-04-28 11:00:00,Cyprus,Cyprus,CY,511.61,659.97,44.75,44.75,tsoc.org.cy,false,
2022-04-28 12:00:00,Cyprus,Cyprus,CY,546.19,702.74,41.01,41.01,tsoc.org.cy,false,
2022-04-28 13:00:00,Cyprus,Cyprus,CY,611.4,783.35,33.97,33.97,tsoc.org.cy,false,
2022-04-28 14:00:00,Cyprus,Cyprus,CY,710.46,905.85,23.27,23.27,tsoc.org.cy,false,
2022-04-28 15:00:00,Cyprus,Cyprus,CY,831.54,1055.54,10.2,10.2,tsoc.org.cy,false,
2022-04-28 16:00:00,Cyprus,Cyprus,CY,904.4,1145.54,2.33,2.33,tsoc.org.cy,false,
2022-04-28 17:00:00,Cyprus,Cyprus,CY,900.42,1140.36,2.76,2.76,tsoc.org.cy,false,
2022-04-28 18:00:00,Cyprus,Cyprus,CY,894.11,1132.65,3.44,3.44,tsoc.org.cy,false,
2022-04-28 19:00:00,Cyprus,Cyprus,CY,894.32,1133.16,3.42,3.42,tsoc.org.cy,false,
2022-04-28 20:00:00,Cyprus,Cyprus,CY,903.64,1145.06,2.41,2.41,tsoc.org.cy,false,
2022-04-28 21:00:00,Cyprus,Cyprus,CY,911.1,1154.74,1.6,1.6,tsoc.org.cy,false,
2022-04-28 22:00:00,Cyprus,Cyprus,CY,904.95,1147.29,2.27,2.27,tsoc.org.cy,false,
2022-04-28 23:00:00,Cyprus,Cyprus,CY,904.01,1146.28,2.37,2.37,tsoc.org.cy,false,
2022-04-29 00:00:00,Cyprus,Cyprus,CY,909.72,1153.47,1.75,1.75,tsoc.org.cy,false,
2022-04-29 01:00:00,Cyprus,Cyprus,CY,909.78,1153.53,1.75,1.75,tsoc.org.cy,false,
2022-04-29 02:00:00,Cyprus,Cyprus,CY,910.53,1154.3,1.67,1.67,tsoc.org.cy,false,
2022-04-29 03:00:00,Cyprus,Cyprus,CY,901.94,1143.38,2.59,2.59,tsoc.org.cy,false,
2022-04-29 04:00:00,Cyprus,Cyprus,CY,821.46,1043.45,11.28,11.28,tsoc.org.cy,false,
2022-04-29 05:00:00,Cyprus,Cyprus,CY,712.5,908.45,23.05,23.05,tsoc.org.cy,false,
2022-04-29 06:00:00,Cyprus,Cyprus,CY,624.13,799.1,32.6,32.6,tsoc.org.cy,false,
2022-04-29 07:00:00,Cyprus,Cyprus,CY,563.06,723.53,39.19,39.19,tsoc.org.cy,false,
2022-04-29 08:00:00,Cyprus,Cyprus,CY,521.9,672.48,43.64,43.64,tsoc.org.cy,false,
2022-04-29 09:00:00,Cyprus,Cyprus,CY,504.7,651.27,45.49,45.49,tsoc.org.cy,false,
2022-04-29 10:00:00,Cyprus,Cyprus,CY,512.49,660.84,44.65,44.65,tsoc.org.cy,false,
2022-04-29 11:00:00,Cyprus,Cyprus,CY,524.35,675.48,43.37,43.37,tsoc.org.cy,false,
2022-04-29 12:00:00,Cyprus,Cyprus,CY,562.75,723.04,39.22,39.22,tsoc.org.cy,false,
2022-04-29 13:00:00,Cyprus,Cyprus,CY,626.27,801.53,32.36,32.36,tsoc.org.cy,false,
2022-04-29 14:00:00,Cyprus,Cyprus,CY,740.25,942.43,20.05,20.05,tsoc.org.cy,false,
2022-04-29 15:00:00,Cyprus,Cyprus,CY,866.85,1099.12,6.38,6.38,tsoc.org.cy,false,
2022-04-29 16:00:00,Cyprus,Cyprus,CY,910.31,1152.83,1.69,1.69,tsoc.org.cy,false,
2022-04-29 17:00:00,Cyprus,Cyprus,CY,913.84,1157.17,1.31,1.31,tsoc.org.cy,false,
2022-04-29 18:00:00,Cyprus,Cyprus,CY,898.64,1138.33,2.95,2.95,tsoc.org.cy,false,
2022-04-29 19:00:00,Cyprus,Cyprus,CY,883.62,1119.78,4.57,4.57,tsoc.org.cy,false,
2022-04-29 20:00:00,Cyprus,Cyprus,CY,880.49,1116.07,4.91,4.91,tsoc.org.cy,false,
2022-04-29 21:00:00,Cyprus,Cyprus,CY,857.04,1087.08,7.44,7.44,tsoc.org.cy,false,
2022-04-29 22:00:00,Cyprus,Cyprus,CY,795.28,1010.15,14.11,14.11,tsoc.org.cy,false,
2022-04-29 23:00:00,Cyprus,Cyprus,CY,841.24,1067.74,9.15,9.15,tsoc.org.cy,false,
2022-04-30 00:00:00,Cyprus,Cyprus,CY,801.82,1018.58,13.41,13.41,tsoc.org.cy,false,
2022-04-30 01:00:00,Cyprus,Cyprus,CY,827.39,1050.54,10.64,10.64,tsoc.org.cy,false,
2022-04-30 02:00:00,Cyprus,Cyprus,CY,791.35,1005.38,14.54,14.54,tsoc.org.cy,false,
2022-04-30 03:00:00,Cyprus,Cyprus,CY,747.02,949.97,19.32,19.32,tsoc.org.cy,false,
2022-04-30 04:00:00,Cyprus,Cyprus,CY,711.29,905.93,23.18,23.18,tsoc.org.cy,false,
2022-04-30 05:00:00,Cyprus,Cyprus,CY,672.27,858.21,27.4,27.4,tsoc.org.cy,false,
2022-04-30 06:00:00,Cyprus,Cyprus,CY,587.44,753.12,36.56,36.56,tsoc.org.cy,false,
2022-04-30 07:00:00,Cyprus,Cyprus,CY,505.75,651.8,45.38,45.38,tsoc.org.cy,false,
2022-04-30 08:00:00,Cyprus,Cyprus,CY,471.05,609.0,49.13,49.13,tsoc.org.cy,false,
2022-04-30 09:00:00,Cyprus,Cyprus,CY,455.63,589.9,50.79,50.79,tsoc.org.cy,false,
2022-04-30 10:00:00,Cyprus,Cyprus,CY,445.07,576.74,51.93,51.93,tsoc.org.cy,false,
2022-04-30 11:00:00,Cyprus,Cyprus,CY,458.01,592.85,50.54,50.54,tsoc.org.cy,false,
2022-04-30 12:00:00,Cyprus,Cyprus,CY,488.89,630.86,47.2,47.2,tsoc.org.cy,false,
2022-04-30 13:00:00,Cyprus,Cyprus,CY,573.96,736.06,38.01,38.01,tsoc.org.cy,false,
2022-04-30 14:00:00,Cyprus,Cyprus,CY,653.09,833.59,29.47,29.47,tsoc.org.cy,false,
2022-04-30 15:00:00,Cyprus,Cyprus,CY,676.25,861.23,26.97,26.97,tsoc.org.cy,false,
2022-04-30 16:00:00,Cyprus,Cyprus,CY,665.65,847.2,28.11,28.11,tsoc.org.cy,false,
2022-04-30 17:00:00,Cyprus,Cyprus,CY,712.17,905.17,23.09,23.09,tsoc.org.cy,false,
2022-04-30 18:00:00,Cyprus,Cyprus,CY,700.15,890.29,24.39,24.39,tsoc.org.cy,false,
2022-04-30 19:00:00,Cyprus,Cyprus,CY,687.01,874.06,25.8,25.8,tsoc.org.cy,false,
2022-04-30 20:00:00,Cyprus,Cyprus,CY,714.07,908.05,22.88,22.88,tsoc.org.cy,false,
2022-04-30 21:00:00,Cyprus,Cyprus,CY,710.76,904.24,23.24,23.24,tsoc.org.cy,false,
2022-04-30 22:00:00,Cyprus,Cyprus,CY,716.32,911.44,22.64,22.64,tsoc.org.cy,false,
2022-04-30 23:00:00,Cyprus,Cyprus,CY,784.19,996.4,15.31,15.31,tsoc.org.cy,false,
2022-05-01 00:00:00,Cyprus,Cyprus,CY,787.12,1000.18,14.99,14.99,tsoc.org.cy,false,
2022-05-01 01:00:00,Cyprus,Cyprus,CY,737.1,937.73,20.39,20.39,tsoc.org.cy,false,
2022-05-01 02:00:00,Cyprus,Cyprus,CY,723.38,920.52,21.88,21.88,tsoc.org.cy,false,
2022-05-01 03:00:00,Cyprus,Cyprus,CY,723.88,921.28,21.82,21.82,tsoc.org.cy,false,
2022-05-01 04:00:00,Cyprus,Cyprus,CY,664.19,847.67,28.27,28.27,tsoc.org.cy,false,
2022-05-01 05:00:00,Cyprus,Cyprus,CY,610.57,782.09,34.06,34.06,tsoc.org.cy,false,
2022-05-01 06:00:00,Cyprus,Cyprus,CY,529.54,681.85,42.81,42.81,tsoc.org.cy,false,
2022-05-01 07:00:00,Cyprus,Cyprus,CY,488.26,631.11,47.27,47.27,tsoc.org.cy,false,
2022-05-01 08:00:00,Cyprus,Cyprus,CY,442.0,573.84,52.26,52.26,tsoc.org.cy,false,
2022-05-01 09:00:00,Cyprus,Cyprus,CY,366.41,479.68,60.43,60.43,tsoc.org.cy,false,
2022-05-01 10:00:00,Cyprus,Cyprus,CY,374.78,490.42,59.53,59.53,tsoc.org.cy,false,
2022-05-01 11:00:00,Cyprus,Cyprus,CY,392.03,511.77,57.66,57.66,tsoc.org.cy,false,
2022-05-01 12:00:00,Cyprus,Cyprus,CY,416.93,542.23,54.97,54.97,tsoc.org.cy,false,
2022-05-01 13:00:00,Cyprus,Cyprus,CY,515.59,664.29,44.32,44.32,tsoc.org.cy,false,
2022-05-01 14:00:00,Cyprus,Cyprus,CY,641.35,819.85,30.74,30.74,tsoc.org.cy,false,
2022-05-01 15:00:00,Cyprus,Cyprus,CY,778.15,989.18,15.96,15.96,tsoc.org.cy,false,
2022-05-01 16:00:00,Cyprus,Cyprus,CY,867.0,1099.1,6.37,6.37,tsoc.org.cy,false,
2022-05-01 17:00:00,Cyprus,Cyprus,CY,869.7,1102.16,6.08,6.08,tsoc.org.cy,false,
2022-05-01 18:00:00,Cyprus,Cyprus,CY,870.91,1103.76,5.94,5.94,tsoc.org.cy,false,
2022-05-01 19:00:00,Cyprus,Cyprus,CY,857.55,1087.29,7.39,7.39,tsoc.org.cy,false,
2022-05-01 20:00:00,Cyprus,Cyprus,CY,883.18,1119.51,4.62,4.62,tsoc.org.cy,false,
2022-05-01 21:00:00,Cyprus,Cyprus,CY,904.84,1146.96,2.28,2.28,tsoc.org.cy,false,
2022-05-01 22:00:00,Cyprus,Cyprus,CY,892.9,1132.3,3.57,3.57,tsoc.org.cy,false,
2022-05-01 23:00:00,Cyprus,Cyprus,CY,901.12,1142.7,2.68,2.68,tsoc.org.cy,false,
2022-05-02 00:00:00,Cyprus,Cyprus,CY,907.53,1150.77,1.99,1.99,tsoc.org.cy,false,
2022-05-02 01:00:00,Cyprus,Cyprus,CY,909.69,1153.45,1.76,1.76,tsoc.org.cy,false,
2022-05-02 02:00:00,Cyprus,Cyprus,CY,910.61,1154.38,1.66,1.66,tsoc.org.cy,false,
2022-05-02 03:00:00,Cyprus,Cyprus,CY,900.97,1142.08,2.7,2.7,tsoc.org.cy,false,
2022-05-02 04:00:00,Cyprus,Cyprus,CY,857.38,1087.63,7.41,7.41,tsoc.org.cy,false,
2022-05-02 05:00:00,Cyprus,Cyprus,CY,808.69,1027.1,12.66,12.66,tsoc.org.cy,false,
2022-05-02 06:00:00,Cyprus,Cyprus,CY,754.89,960.44,18.47,18.47,tsoc.org.cy,false,
2022-05-02 07:00:00,Cyprus,Cyprus,CY,699.91,892.38,24.41,24.41,tsoc.org.cy,false,
2022-05-02 08:00:00,Cyprus,Cyprus,CY,672.37,858.32,27.39,27.39,tsoc.org.cy,false,
2022-05-02 09:00:00,Cyprus,Cyprus,CY,719.46,916.41,22.3,22.3,tsoc.org.cy,false,
2022-05-02 10:00:00,Cyprus,Cyprus,CY,698.42,890.46,24.57,24.57,tsoc.org.cy,false,
2022-05-02 11:00:00,Cyprus,Cyprus,CY,690.78,881.09,25.4,25.4,tsoc.org.cy,false,
2022-05-02 12:00:00,Cyprus,Cyprus,CY,752.16,956.88,18.77,18.77,tsoc.org.cy,false,
2022-05-02 13:00:00,Cyprus,Cyprus,CY,795.2,1009.91,14.12,14.12,tsoc.org.cy,false,
2022-05-02 14:00:00,Cyprus,Cyprus,CY,826.92,1049.05,10.7,10.7,tsoc.org.cy,false,
2022-05-02 15:00:00,Cyprus,Cyprus,CY,888.03,1125.04,4.1,4.1,tsoc.org.cy,false,
2022-05-02 16:00:00,Cyprus,Cyprus,CY,904.98,1145.97,2.26,2.26,tsoc.org.cy,false,
2022-05-02 17:00:00,Cyprus,Cyprus,CY,870.61,1102.98,5.98,5.98,tsoc.org.cy,false,
2022-05-02 18:00:00,Cyprus,Cyprus,CY,810.68,1028.26,12.45,12.45,tsoc.org.cy,false,
2022-05-02 19:00:00,Cyprus,Cyprus,CY,835.96,1060.14,9.72,9.72,tsoc.org.cy,false,
2022-05-02 20:00:00,Cyprus,Cyprus,CY,848.48,1076.07,8.37,8.37,tsoc.org.cy,false,
2022-05-02 21:00:00,Cyprus,Cyprus,CY,829.37,1052.64,10.43,10.43,tsoc.org.cy,false,
2022-05-02 22:00:00,Cyprus,Cyprus,CY,795.73,1010.87,14.06,14.06,tsoc.org.cy,false,
2022-05-02 23:00:00,Cyprus,Cyprus,CY,802.95,1020.06,13.28,13.28,tsoc.org.cy,false,
2022-05-03 00:00:00,Cyprus,Cyprus,CY,829.18,1052.92,10.45,10.45,tsoc.org.cy,false,
2022-05-03 01:00:00,Cyprus,Cyprus,CY,854.09,1084.02,7.76,7.76,tsoc.org.cy,false,
2022-05-03 02:00:00,Cyprus,Cyprus,CY,875.23,1110.22,5.48,5.48,tsoc.org.cy,false,
2022-05-03 03:00:00,Cyprus,Cyprus,CY,845.8,1073.11,8.66,8.66,tsoc.org.cy,false,
2022-05-03 04:00:00,Cyprus,Cyprus,CY,818.98,1039.83,11.55,11.55,tsoc.org.cy,false,
2022-05-03 05:00:00,Cyprus,Cyprus,CY,763.61,971.33,17.53,17.53,tsoc.org.cy,false,
2022-05-03 06:00:00,Cyprus,Cyprus,CY,655.14,837.1,29.25,29.25,tsoc.org.cy,false,
2022-05-03 07:00:00,Cyprus,Cyprus,CY,593.02,760.38,35.96,35.96,tsoc.org.cy,false,
2022-05-03 08:00:00,Cyprus,Cyprus,CY,555.49,713.98,40.01,40.01,tsoc.org.cy,false,
2022-05-03 09:00:00,Cyprus,Cyprus,CY,532.13,685.04,42.53,42.53,tsoc.org.cy,false,
2022-05-03 10:00:00,Cyprus,Cyprus,CY,524.64,675.78,43.34,43.34,tsoc.org.cy,false,
2022-05-03 11:00:00,Cyprus,Cyprus,CY,538.73,693.21,41.82,41.82,tsoc.org.cy,false,
2022-05-03 12:00:00,Cyprus,Cyprus,CY,582.89,747.82,37.05,37.05,tsoc.org.cy,false,
2022-05-03 13:00:00,Cyprus,Cyprus,CY,652.28,833.63,29.56,29.56,tsoc.org.cy,false,
2022-05-03 14:00:00,Cyprus,Cyprus,CY,744.58,947.81,19.59,19.59,tsoc.org.cy,false,
2022-05-03 15:00:00,Cyprus,Cyprus,CY,831.93,1055.73,10.15,10.15,tsoc.org.cy,false,
2022-05-03 16:00:00,Cyprus,Cyprus,CY,870.02,1102.47,6.04,6.04,tsoc.org.cy,false,
2022-05-03 17:00:00,Cyprus,Cyprus,CY,852.35,1080.19,7.95,7.95,tsoc.org.cy,false,
2022-05-03 18:00:00,Cyprus,Cyprus,CY,810.31,1027.81,12.49,12.49,tsoc.org.cy,false,
2022-05-03 19:00:00,Cyprus,Cyprus,CY,770.29,978.05,16.81,16.81,tsoc.org.cy,false,
2022-05-03 20:00:00,Cyprus,Cyprus,CY,750.8,953.92,18.92,18.92,tsoc.org.cy,false,
2022-05-03 21:00:00,Cyprus,Cyprus,CY,785.5,997.66,15.17,15.17,tsoc.org.cy,false,
2022-05-03 22:00:00,Cyprus,Cyprus,CY,768.5,976.68,17.0,17.0,tsoc.org.cy,false,
2022-05-03 23:00:00,Cyprus,Cyprus,CY,793.86,1008.52,14.27,14.27,tsoc.org.cy,false,
2022-05-04 00:00:00,Cyprus,Cyprus,CY,809.71,1028.4,12.55,12.55,tsoc.org.cy,false,
2022-05-04 01:00:00,Cyprus,Cyprus,CY,786.4,999.25,15.07,15.07,tsoc.org.cy,false,
2022-05-04 02:00:00,Cyprus,Cyprus,CY,745.28,947.66,19.51,19.51,tsoc.org.cy,false,
2022-05-04 03:00:00,Cyprus,Cyprus,CY,798.62,1014.08,13.75,13.75,tsoc.org.cy,false,
2022-05-04 04:00:00,Cyprus,Cyprus,CY,737.55,938.19,20.35,20.35,tsoc.org.cy,false,
2022-05-04 05:00:00,Cyprus,Cyprus,CY,714.56,910.27,22.83,22.83,tsoc.org.cy,false,
2022-05-04 06:00:00,Cyprus,Cyprus,CY,656.35,838.63,29.12,29.12,tsoc.org.cy,false,
2022-05-04 07:00:00,Cyprus,Cyprus,CY,586.13,751.78,36.7,36.7,tsoc.org.cy,false,
2022-05-04 08:00:00,Cyprus,Cyprus,CY,509.89,656.97,44.93,44.93,tsoc.org.cy,false,
2022-05-04 09:00:00,Cyprus,Cyprus,CY,475.49,614.12,48.65,48.65,tsoc.org.cy,false,
2022-05-04 10:00:00,Cyprus,Cyprus,CY,455.8,589.72,50.77,50.77,tsoc.org.cy,false,
2022-05-04 11:00:00,Cyprus,Cyprus,CY,450.67,583.27,51.33,51.33,tsoc.org.cy,false,
2022-05-04 12:00:00,Cyprus,Cyprus,CY,480.63,620.44,48.09,48.09,tsoc.org.cy,false,
2022-05-04 13:00:00,Cyprus,Cyprus,CY,536.66,689.54,42.04,42.04,tsoc.org.cy,false,
2022-05-04 14:00:00,Cyprus,Cyprus,CY,632.02,807.37,31.74,31.74,tsoc.org.cy,false,
2022-05-04 15:00:00,Cyprus,Cyprus,CY,728.54,926.68,21.32,21.32,tsoc.org.cy,false,
2022-05-04 16:00:00,Cyprus,Cyprus,CY,794.7,1008.42,14.17,14.17,tsoc.org.cy,false,
2022-05-04 17:00:00,Cyprus,Cyprus,CY,823.56,1044.27,11.06,11.06,tsoc.org.cy,false,
2022-05-04 18:00:00,Cyprus,Cyprus,CY,835.92,1059.87,9.72,9.72,tsoc.org.cy,false,
2022-05-04 19:00:00,Cyprus,Cyprus,CY,825.3,1046.85,10.87,10.87,tsoc.org.cy,false,
2022-05-04 20:00:00,Cyprus,Cyprus,CY,816.95,1036.67,11.77,11.77,tsoc.org.cy,false,
2022-05-04 21:00:00,Cyprus,Cyprus,CY,820.31,1041.24,11.41,11.41,tsoc.org.cy,false,
2022-05-04 22:00:00,Cyprus,Cyprus,CY,830.62,1054.38,10.3,10.3,tsoc.org.cy,false,
2022-05-04 23:00:00,Cyprus,Cyprus,CY,808.55,1026.95,12.68,12.68,tsoc.org.cy,false,
2022-05-05 00:00:00,Cyprus,Cyprus,CY,742.39,944.33,19.82,19.82,tsoc.org.cy,false,
2022-05-05 01:00:00,Cyprus,Cyprus,CY,726.38,924.3,21.55,21.55,tsoc.org.cy,false,
2022-05-05 02:00:00,Cyprus,Cyprus,CY,738.35,939.04,20.26,20.26,tsoc.org.cy,false,
2022-05-05 03:00:00,Cyprus,Cyprus,CY,776.33,986.3,16.16,16.16,tsoc.org.cy,false,
2022-05-05 04:00:00,Cyprus,Cyprus,CY,757.2,962.96,18.22,18.22,tsoc.org.cy,false,
2022-05-05 05:00:00,Cyprus,Cyprus,CY,683.22,871.43,26.21,26.21,tsoc.org.cy,false,
2022-05-05 06:00:00,Cyprus,Cyprus,CY,634.95,811.99,31.43,31.43,tsoc.org.cy,false,
2022-05-05 07:00:00,Cyprus,Cyprus,CY,583.93,748.96,36.94,36.94,tsoc.org.cy,false,
2022-05-05 08:00:00,Cyprus,Cyprus,CY,537.4,691.2,41.96,41.96,tsoc.org.cy,false,
2022-05-05 09:00:00,Cyprus,Cyprus,CY,519.13,668.13,43.94,43.94,tsoc.org.cy,false,
2022-05-05 10:00:00,Cyprus,Cyprus,CY,495.85,638.87,46.45,46.45,tsoc.org.cy,false,
2022-05-05 11:00:00,Cyprus,Cyprus,CY,536.78,689.49,42.03,42.03,tsoc.org.cy,false,
2022-05-05 12:00:00,Cyprus,Cyprus,CY,572.24,733.07,38.2,38.2,tsoc.org.cy,false,
2022-05-05 13:00:00,Cyprus,Cyprus,CY,633.25,808.86,31.61,31.61,tsoc.org.cy,false,
2022-05-05 14:00:00,Cyprus,Cyprus,CY,739.06,940.72,20.18,20.18,tsoc.org.cy,false,
2022-05-05 15:00:00,Cyprus,Cyprus,CY,796.05,1010.86,14.03,14.03,tsoc.org.cy,false,
2022-05-05 16:00:00,Cyprus,Cyprus,CY,838.59,1063.21,9.43,9.43,tsoc.org.cy,false,
2022-05-05 17:00:00,Cyprus,Cyprus,CY,836.85,1060.88,9.62,9.62,tsoc.org.cy,false,
2022-05-05 18:00:00,Cyprus,Cyprus,CY,834.19,1057.72,9.91,9.91,tsoc.org.cy,false,
2022-05-05 19:00:00,Cyprus,Cyprus,CY,808.01,1025.29,12.74,12.74,tsoc.org.cy,false,
2022-05-05 20:00:00,Cyprus,Cyprus,CY,787.59,1000.01,14.94,14.94,tsoc.org.cy,false,
2022-05-05 21:00:00,Cyprus,Cyprus,CY,769.03,977.19,16.95,16.95,tsoc.org.cy,false,
2022-05-05 22:00:00,Cyprus,Cyprus,CY,734.51,934.34,20.68,20.68,tsoc.org.cy,false,
2022-05-05 23:00:00,Cyprus,Cyprus,CY,730.72,929.81,21.08,21.08,tsoc.org.cy,false,
2022-05-06 00:00:00,Cyprus,Cyprus,CY,727.43,925.7,21.44,21.44,tsoc.org.cy,false,
2022-05-06 01:00:00,Cyprus,Cyprus,CY,730.15,929.06,21.15,21.15,tsoc.org.cy,false,
2022-05-06 02:00:00,Cyprus,Cyprus,CY,753.05,957.46,18.67,18.67,tsoc.org.cy,false,
2022-05-06 03:00:00,Cyprus,Cyprus,CY,780.88,991.99,15.67,15.67,tsoc.org.cy,false,
2022-05-06 04:00:00,Cyprus,Cyprus,CY,753.14,958.08,18.66,18.66,tsoc.org.cy,false,
2022-05-06 05:00:00,Cyprus,Cyprus,CY,642.74,821.34,30.59,30.59,tsoc.org.cy,false,
2022-05-06 06:00:00,Cyprus,Cyprus,CY,520.01,669.08,43.84,43.84,tsoc.org.cy,false,
2022-05-06 07:00:00,Cyprus,Cyprus,CY,467.94,604.58,49.46,49.46,tsoc.org.cy,false,
2022-05-06 08:00:00,Cyprus,Cyprus,CY,469.97,607.09,49.24,49.24,tsoc.org.cy,false,
2022-05-06 09:00:00,Cyprus,Cyprus,CY,471.91,609.69,49.03,49.03,tsoc.org.cy,false,
2022-05-06 10:00:00,Cyprus,Cyprus,CY,473.26,611.29,48.89,48.89,tsoc.org.cy,false,
2022-05-06 11:00:00,Cyprus,Cyprus,CY,486.05,627.03,47.51,47.51,tsoc.org.cy,false,
2022-05-06 12:00:00,Cyprus,Cyprus,CY,501.32,645.91,45.86,45.86,tsoc.org.cy,false,
2022-05-06 13:00:00,Cyprus,Cyprus,CY,531.25,682.83,42.63,42.63,tsoc.org.cy,false,
2022-05-06 14:00:00,Cyprus,Cyprus,CY,615.84,787.52,33.49,33.49,tsoc.org.cy,false,
2022-05-06 15:00:00,Cyprus,Cyprus,CY,760.12,966.39,17.91,17.91,tsoc.org.cy,false,
2022-05-06 16:00:00,Cyprus,Cyprus,CY,852.19,1080.34,7.97,7.97,tsoc.org.cy,false,
2022-05-06 17:00:00,Cyprus,Cyprus,CY,831.13,1053.8,10.24,10.24,tsoc.org.cy,false,
2022-05-06 18:00:00,Cyprus,Cyprus,CY,811.39,1029.29,12.37,12.37,tsoc.org.cy,false,
2022-05-06 19:00:00,Cyprus,Cyprus,CY,787.48,999.65,14.95,14.95,tsoc.org.cy,false,
2022-05-06 20:00:00,Cyprus,Cyprus,CY,779.44,989.83,15.82,15.82,tsoc.org.cy,false,
2022-05-06 21:00:00,Cyprus,Cyprus,CY,762.69,969.25,17.63,17.63,tsoc.org.cy,false,
2022-05-06 22:00:00,Cyprus,Cyprus,CY,745.64,948.19,19.47,19.47,tsoc.org.cy,false,
2022-05-06 23:00:00,Cyprus,Cyprus,CY,723.52,920.7,21.86,21.86,tsoc.org.cy,false,
2022-05-07 00:00:00,Cyprus,Cyprus,CY,736.8,937.38,20.43,20.43,tsoc.org.cy,false,
2022-05-07 01:00:00,Cyprus,Cyprus,CY,762.14,969.07,17.69,17.69,tsoc.org.cy,false,
2022-05-07 02:00:00,Cyprus,Cyprus,CY,796.7,1012.14,13.96,13.96,tsoc.org.cy,false,
2022-05-07 03:00:00,Cyprus,Cyprus,CY,808.87,1027.41,12.64,12.64,tsoc.org.cy,false,
2022-05-07 04:00:00,Cyprus,Cyprus,CY,772.26,982.58,16.6,16.6,tsoc.org.cy,false,
2022-05-07 05:00:00,Cyprus,Cyprus,CY,667.42,852.77,27.92,27.92,tsoc.org.cy,false,
2022-05-07 06:00:00,Cyprus,Cyprus,CY,576.86,740.55,37.7,37.7,tsoc.org.cy,false,
2022-05-07 07:00:00,Cyprus,Cyprus,CY,535.03,688.61,42.22,42.22,tsoc.org.cy,false,
2022-05-07 08:00:00,Cyprus,Cyprus,CY,515.87,664.65,44.29,44.29,tsoc.org.cy,false,
2022-05-07 09:00:00,Cyprus,Cyprus,CY,497.37,641.5,46.29,46.29,tsoc.org.cy,false,
2022-05-07 10:00:00,Cyprus,Cyprus,CY,500.68,645.59,45.93,45.93,tsoc.org.cy,false,
2022-05-07 11:00:00,Cyprus,Cyprus,CY,519.35,668.76,43.91,43.91,tsoc.org.cy,false,
2022-05-07 12:00:00,Cyprus,Cyprus,CY,562.0,721.7,39.31,39.31,tsoc.org.cy,false,
2022-05-07 13:00:00,Cyprus,Cyprus,CY,571.73,733.31,38.26,38.26,tsoc.org.cy,false,
2022-05-07 14:00:00,Cyprus,Cyprus,CY,621.74,794.94,32.85,32.85,tsoc.org.cy,false,
2022-05-07 15:00:00,Cyprus,Cyprus,CY,714.44,909.56,22.84,22.84,tsoc.org.cy,false,
2022-05-07 16:00:00,Cyprus,Cyprus,CY,790.08,1002.91,14.67,14.67,tsoc.org.cy,false,
2022-05-07 17:00:00,Cyprus,Cyprus,CY,790.0,1002.53,14.68,14.68,tsoc.org.cy,false,
2022-05-07 18:00:00,Cyprus,Cyprus,CY,780.64,990.98,15.69,15.69,tsoc.org.cy,false,
2022-05-07 19:00:00,Cyprus,Cyprus,CY,767.6,974.92,17.1,17.1,tsoc.org.cy,false,
2022-05-07 20:00:00,Cyprus,Cyprus,CY,796.01,1010.62,14.03,14.03,tsoc.org.cy,false,
2022-05-07 21:00:00,Cyprus,Cyprus,CY,796.38,1011.44,13.99,13.99,tsoc.org.cy,false,
2022-05-07 22:00:00,Cyprus,Cyprus,CY,762.78,969.75,17.62,17.62,tsoc.org.cy,false,
2022-05-07 23:00:00,Cyprus,Cyprus,CY,729.66,928.52,21.2,21.2,tsoc.org.cy,false,
2022-05-08 00:00:00,Cyprus,Cyprus,CY,745.67,948.57,19.47,19.47,tsoc.org.cy,false,
2022-05-08 01:00:00,Cyprus,Cyprus,CY,759.83,966.26,17.94,17.94,tsoc.org.cy,false,
2022-05-08 02:00:00,Cyprus,Cyprus,CY,770.48,979.49,16.79,16.79,tsoc.org.cy,false,
2022-05-08 03:00:00,Cyprus,Cyprus,CY,796.06,1011.61,14.03,14.03,tsoc.org.cy,false,
2022-05-08 04:00:00,Cyprus,Cyprus,CY,719.51,917.16,22.29,22.29,tsoc.org.cy,false,
2022-05-08 05:00:00,Cyprus,Cyprus,CY,609.56,781.4,34.17,34.17,tsoc.org.cy,false,
2022-05-08 06:00:00,Cyprus,Cyprus,CY,513.64,662.63,44.53,44.53,tsoc.org.cy,false,
2022-05-08 07:00:00,Cyprus,Cyprus,CY,456.57,592.04,50.69,50.69,tsoc.org.cy,false,
2022-05-08 08:00:00,Cyprus,Cyprus,CY,424.16,551.87,54.19,54.19,tsoc.org.cy,false,
2022-05-08 09:00:00,Cyprus,Cyprus,CY,427.26,555.57,53.86,53.86,tsoc.org.cy,false,
2022-05-08 10:00:00,Cyprus,Cyprus,CY,428.73,557.02,53.7,53.7,tsoc.org.cy,false,
2022-05-08 11:00:00,Cyprus,Cyprus,CY,453.28,587.45,51.05,51.05,tsoc.org.cy,false,
2022-05-08 12:00:00,Cyprus,Cyprus,CY,464.5,601.24,49.84,49.84,tsoc.org.cy,false,
2022-05-08 13:00:00,Cyprus,Cyprus,CY,517.2,666.54,44.14,44.14,tsoc.org.cy,false,
2022-05-08 14:00:00,Cyprus,Cyprus,CY,629.22,805.05,32.05,32.05,tsoc.org.cy,false,
2022-05-08 15:00:00,Cyprus,Cyprus,CY,778.97,990.48,15.87,15.87,tsoc.org.cy,false,
2022-05-08 16:00:00,Cyprus,Cyprus,CY,872.73,1106.37,5.75,5.75,tsoc.org.cy,false,
2022-05-08 17:00:00,Cyprus,Cyprus,CY,880.26,1115.4,4.93,4.93,tsoc.org.cy,false,
2022-05-08 18:00:00,Cyprus,Cyprus,CY,858.91,1088.8,7.24,7.24,tsoc.org.cy,false,
2022-05-08 19:00:00,Cyprus,Cyprus,CY,840.25,1065.69,9.26,9.26,tsoc.org.cy,false,
2022-05-08 20:00:00,Cyprus,Cyprus,CY,841.77,1067.84,9.09,9.09,tsoc.org.cy,false,
2022-05-08 21:00:00,Cyprus,Cyprus,CY,827.41,1050.27,10.64,10.64,tsoc.org.cy,false,
2022-05-08 22:00:00,Cyprus,Cyprus,CY,837.39,1062.98,9.56,9.56,tsoc.org.cy,false,
2022-05-08 23:00:00,Cyprus,Cyprus,CY,851.19,1080.37,8.07,8.07,tsoc.org.cy,false,
2022-05-09 00:00:00,Cyprus,Cyprus,CY,842.22,1069.22,9.04,9.04,tsoc.org.cy,false,
2022-05-09 01:00:00,Cyprus,Cyprus,CY,855.36,1085.62,7.62,7.62,tsoc.org.cy,false,
2022-05-09 02:00:00,Cyprus,Cyprus,CY,827.28,1050.3,10.66,10.66,tsoc.org.cy,false,
2022-05-09 03:00:00,Cyprus,Cyprus,CY,822.68,1044.42,11.15,11.15,tsoc.org.cy,false,
2022-05-09 04:00:00,Cyprus,Cyprus,CY,760.88,967.8,17.83,17.83,tsoc.org.cy,false,
2022-05-09 05:00:00,Cyprus,Cyprus,CY,712.5,908.4,23.05,23.05,tsoc.org.cy,false,
2022-05-09 06:00:00,Cyprus,Cyprus,CY,634.35,811.54,31.49,31.49,tsoc.org.cy,false,
2022-05-09 07:00:00,Cyprus,Cyprus,CY,567.45,728.75,38.72,38.72,tsoc.org.cy,false,
2022-05-09 08:00:00,Cyprus,Cyprus,CY,571.7,734.11,38.26,38.26,tsoc.org.cy,false,
2022-05-09 09:00:00,Cyprus,Cyprus,CY,598.98,767.91,35.31,35.31,tsoc.org.cy,false,
2022-05-09 10:00:00,Cyprus,Cyprus,CY,625.28,800.45,32.47,32.47,tsoc.org.cy,false,
2022-05-09 11:00:00,Cyprus,Cyprus,CY,600.35,769.59,35.16,35.16,tsoc.org.cy,false,
2022-05-09 12:00:00,Cyprus,Cyprus,CY,611.71,783.36,33.94,33.94,tsoc.org.cy,false,
2022-05-09 13:00:00,Cyprus,Cyprus,CY,666.72,851.37,28.0,28.0,tsoc.org.cy,false,
2022-05-09 14:00:00,Cyprus,Cyprus,CY,705.4,899.07,23.82,23.82,tsoc.org.cy,false,
2022-05-09 15:00:00,Cyprus,Cyprus,CY,810.64,1029.17,12.45,12.45,tsoc.org.cy,false,
2022-05-09 16:00:00,Cyprus,Cyprus,CY,862.33,1092.95,6.87,6.87,tsoc.org.cy,false,
2022-05-09 17:00:00,Cyprus,Cyprus,CY,858.45,1087.87,7.29,7.29,tsoc.org.cy,false,
2022-05-09 18:00:00,Cyprus,Cyprus,CY,842.57,1068.19,9.01,9.01,tsoc.org.cy,false,
2022-05-09 19:00:00,Cyprus,Cyprus,CY,816.21,1035.53,11.85,11.85,tsoc.org.cy,false,
2022-05-09 20:00:00,Cyprus,Cyprus,CY,803.85,1020.35,13.19,13.19,tsoc.org.cy,false,
2022-05-09 21:00:00,Cyprus,Cyprus,CY,825.13,1047.32,10.89,10.89,tsoc.org.cy,false,
2022-05-09 22:00:00,Cyprus,Cyprus,CY,827.43,1050.44,10.64,10.64,tsoc.org.cy,false,
2022-05-09 23:00:00,Cyprus,Cyprus,CY,832.75,1057.24,10.07,10.07,tsoc.org.cy,false,
2022-05-10 00:00:00,Cyprus,Cyprus,CY,830.0,1053.88,10.36,10.36,tsoc.org.cy,false,
2022-05-10 01:00:00,Cyprus,Cyprus,CY,809.1,1027.75,12.62,12.62,tsoc.org.cy,false,
2022-05-10 02:00:00,Cyprus,Cyprus,CY,804.3,1021.55,13.14,13.14,tsoc.org.cy,false,
2022-05-10 03:00:00,Cyprus,Cyprus,CY,802.41,1018.97,13.34,13.34,tsoc.org.cy,false,
2022-05-10 04:00:00,Cyprus,Cyprus,CY,758.16,964.27,18.12,18.12,tsoc.org.cy,false,
2022-05-10 05:00:00,Cyprus,Cyprus,CY,682.55,870.8,26.29,26.29,tsoc.org.cy,false,
2022-05-10 06:00:00,Cyprus,Cyprus,CY,617.44,790.42,33.32,33.32,tsoc.org.cy,false,
2022-05-10 07:00:00,Cyprus,Cyprus,CY,574.1,736.93,38.0,38.0,tsoc.org.cy,false,
2022-05-10 08:00:00,Cyprus,Cyprus,CY,527.76,679.62,43.0,43.0,tsoc.org.cy,false,
2022-05-10 09:00:00,Cyprus,Cyprus,CY,503.64,649.74,45.61,45.61,tsoc.org.cy,false,
2022-05-10 10:00:00,Cyprus,Cyprus,CY,516.42,665.52,44.23,44.23,tsoc.org.cy,false,
2022-05-10 11:00:00,Cyprus,Cyprus,CY,547.42,704.01,40.88,40.88,tsoc.org.cy,false,
2022-05-10 12:00:00,Cyprus,Cyprus,CY,584.94,750.45,36.83,36.83,tsoc.org.cy,false,
2022-05-10 13:00:00,Cyprus,Cyprus,CY,647.61,827.9,30.06,30.06,tsoc.org.cy,false,
2022-05-10 14:00:00,Cyprus,Cyprus,CY,733.06,933.5,20.83,20.83,tsoc.org.cy,false,
2022-05-10 15:00:00,Cyprus,Cyprus,CY,812.33,1031.38,12.27,12.27,tsoc.org.cy,false,
2022-05-10 16:00:00,Cyprus,Cyprus,CY,878.67,1113.4,5.11,5.11,tsoc.org.cy,false,
2022-05-10 17:00:00,Cyprus,Cyprus,CY,876.53,1110.48,5.34,5.34,tsoc.org.cy,false,
2022-05-10 18:00:00,Cyprus,Cyprus,CY,898.46,1138.05,2.97,2.97,tsoc.org.cy,false,
2022-05-10 19:00:00,Cyprus,Cyprus,CY,906.55,1148.43,2.1,2.1,tsoc.org.cy,false,
2022-05-10 20:00:00,Cyprus,Cyprus,CY,903.16,1144.45,2.46,2.46,tsoc.org.cy,false,
2022-05-10 21:00:00,Cyprus,Cyprus,CY,889.29,1127.46,3.96,3.96,tsoc.org.cy,false,
2022-05-10 22:00:00,Cyprus,Cyprus,CY,886.17,1123.84,4.3,4.3,tsoc.org.cy,false,
2022-05-10 23:00:00,Cyprus,Cyprus,CY,870.62,1104.55,5.98,5.98,tsoc.org.cy,false,
2022-05-11 00:00:00,Cyprus,Cyprus,CY,844.87,1072.45,8.76,8.76,tsoc.org.cy,false,
2022-05-11 01:00:00,Cyprus,Cyprus,CY,812.33,1031.77,12.27,12.27,tsoc.org.cy,false,
2022-05-11 02:00:00,Cyprus,Cyprus,CY,837.09,1062.51,9.6,9.6,tsoc.org.cy,false,
2022-05-11 03:00:00,Cyprus,Cyprus,CY,857.28,1087.56,7.42,7.42,tsoc.org.cy,false,
2022-05-11 04:00:00,Cyprus,Cyprus,CY,800.85,1017.66,13.51,13.51,tsoc.org.cy,false,
2022-05-11 05:00:00,Cyprus,Cyprus,CY,715.68,912.29,22.71,22.71,tsoc.org.cy,false,
2022-05-11 06:00:00,Cyprus,Cyprus,CY,644.38,824.1,30.41,30.41,tsoc.org.cy,false,
2022-05-11 07:00:00,Cyprus,Cyprus,CY,583.69,748.96,36.96,36.96,tsoc.org.cy,false,
2022-05-11 08:00:00,Cyprus,Cyprus,CY,539.07,693.57,41.78,41.78,tsoc.org.cy,false,
2022-05-11 09:00:00,Cyprus,Cyprus,CY,497.3,641.69,46.29,46.29,tsoc.org.cy,false,
2022-05-11 10:00:00,Cyprus,Cyprus,CY,493.19,636.39,46.74,46.74,tsoc.org.cy,false,
2022-05-11 11:00:00,Cyprus,Cyprus,CY,550.92,707.68,40.5,40.5,tsoc.org.cy,false,
2022-05-11 12:00:00,Cyprus,Cyprus,CY,608.48,779.33,34.29,34.29,tsoc.org.cy,false,
2022-05-11 13:00:00,Cyprus,Cyprus,CY,600.55,769.33,35.14,35.14,tsoc.org.cy,false,
2022-05-11 14:00:00,Cyprus,Cyprus,CY,686.22,875.07,25.89,25.89,tsoc.org.cy,false,
2022-05-11 15:00:00,Cyprus,Cyprus,CY,765.53,972.94,17.33,17.33,tsoc.org.cy,false,
2022-05-11 16:00:00,Cyprus,Cyprus,CY,812.81,1031.09,12.22,12.22,tsoc.org.cy,false,
2022-05-11 17:00:00,Cyprus,Cyprus,CY,822.48,1042.92,11.17,11.17,tsoc.org.cy,false,
2022-05-11 18:00:00,Cyprus,Cyprus,CY,811.79,1029.73,12.33,12.33,tsoc.org.cy,false,
2022-05-11 19:00:00,Cyprus,Cyprus,CY,830.01,1052.77,10.36,10.36,tsoc.org.cy,false,
2022-05-11 20:00:00,Cyprus,Cyprus,CY,842.6,1068.78,9.0,9.0,tsoc.org.cy,false,
2022-05-11 21:00:00,Cyprus,Cyprus,CY,837.02,1062.18,9.6,9.6,tsoc.org.cy,false,
2022-05-11 22:00:00,Cyprus,Cyprus,CY,835.49,1060.52,9.77,9.77,tsoc.org.cy,false,
2022-05-11 23:00:00,Cyprus,Cyprus,CY,816.58,1037.03,11.81,11.81,tsoc.org.cy,false,
2022-05-12 00:00:00,Cyprus,Cyprus,CY,795.73,1011.05,14.06,14.06,tsoc.org.cy,false,
2022-05-12 01:00:00,Cyprus,Cyprus,CY,790.36,1004.32,14.64,14.64,tsoc.org.cy,false,
2022-05-12 02:00:00,Cyprus,Cyprus,CY,780.26,991.5,15.73,15.73,tsoc.org.cy,false,
2022-05-12 03:00:00,Cyprus,Cyprus,CY,817.62,1037.99,11.7,11.7,tsoc.org.cy,false,
2022-05-12 04:00:00,Cyprus,Cyprus,CY,811.8,1031.13,12.33,12.33,tsoc.org.cy,false,
2022-05-12 05:00:00,Cyprus,Cyprus,CY,744.15,947.54,19.63,19.63,tsoc.org.cy,false,
2022-05-12 06:00:00,Cyprus,Cyprus,CY,675.41,862.51,27.06,27.06,tsoc.org.cy,false,
2022-05-12 07:00:00,Cyprus,Cyprus,CY,618.52,792.03,33.2,33.2,tsoc.org.cy,false,
2022-05-12 08:00:00,Cyprus,Cyprus,CY,573.88,736.6,38.02,38.02,tsoc.org.cy,false,
2022-05-12 09:00:00,Cyprus,Cyprus,CY,518.38,667.97,44.02,44.02,tsoc.org.cy,false,
2022-05-12 10:00:00,Cyprus,Cyprus,CY,518.88,668.67,43.96,43.96,tsoc.org.cy,false,
2022-05-12 11:00:00,Cyprus,Cyprus,CY,564.8,725.35,39.0,39.0,tsoc.org.cy,false,
2022-05-12 12:00:00,Cyprus,Cyprus,CY,600.91,769.88,35.1,35.1,tsoc.org.cy,false,
2022-05-12 13:00:00,Cyprus,Cyprus,CY,684.04,872.69,26.13,26.13,tsoc.org.cy,false,
2022-05-12 14:00:00,Cyprus,Cyprus,CY,726.37,925.14,21.55,21.55,tsoc.org.cy,false,
2022-05-12 15:00:00,Cyprus,Cyprus,CY,822.18,1043.61,11.21,11.21,tsoc.org.cy,false,
2022-05-12 16:00:00,Cyprus,Cyprus,CY,885.02,1121.25,4.42,4.42,tsoc.org.cy,false,
2022-05-12 17:00:00,Cyprus,Cyprus,CY,894.86,1133.36,3.36,3.36,tsoc.org.cy,false,
2022-05-12 18:00:00,Cyprus,Cyprus,CY,883.57,1119.41,4.58,4.58,tsoc.org.cy,false,
2022-05-12 19:00:00,Cyprus,Cyprus,CY,820.67,1041.06,11.37,11.37,tsoc.org.cy,false,
2022-05-12 20:00:00,Cyprus,Cyprus,CY,796.15,1010.67,14.02,14.02,tsoc.org.cy,false,
2022-05-12 21:00:00,Cyprus,Cyprus,CY,801.59,1017.83,13.43,13.43,tsoc.org.cy,false,
2022-05-12 22:00:00,Cyprus,Cyprus,CY,789.05,1002.42,14.78,14.78,tsoc.org.cy,false,
2022-05-12 23:00:00,Cyprus,Cyprus,CY,806.09,1023.85,12.94,12.94,tsoc.org.cy,false,
2022-05-13 00:00:00,Cyprus,Cyprus,CY,838.85,1064.86,9.41,9.41,tsoc.org.cy,false,
2022-05-13 01:00:00,Cyprus,Cyprus,CY,881.86,1118.6,4.76,4.76,tsoc.org.cy,false,
2022-05-13 02:00:00,Cyprus,Cyprus,CY,896.47,1136.72,3.18,3.18,tsoc.org.cy,false,
2022-05-13 03:00:00,Cyprus,Cyprus,CY,887.73,1125.63,4.13,4.13,tsoc.org.cy,false,
2022-05-13 04:00:00,Cyprus,Cyprus,CY,802.14,1019.36,13.37,13.37,tsoc.org.cy,false,
2022-05-13 05:00:00,Cyprus,Cyprus,CY,709.32,904.43,23.4,23.4,tsoc.org.cy,false,
2022-05-13 06:00:00,Cyprus,Cyprus,CY,630.7,807.11,31.89,31.89,tsoc.org.cy,false,
2022-05-13 07:00:00,Cyprus,Cyprus,CY,570.6,732.75,38.38,38.38,tsoc.org.cy,false,
2022-05-13 08:00:00,Cyprus,Cyprus,CY,529.89,682.38,42.77,42.77,tsoc.org.cy,false,
2022-05-13 09:00:00,Cyprus,Cyprus,CY,502.77,648.72,45.7,45.7,tsoc.org.cy,false,
2022-05-13 10:00:00,Cyprus,Cyprus,CY,504.1,650.44,45.56,45.56,tsoc.org.cy,false,
2022-05-13 11:00:00,Cyprus,Cyprus,CY,521.02,671.37,43.73,43.73,tsoc.org.cy,false,
2022-05-13 12:00:00,Cyprus,Cyprus,CY,570.85,733.04,38.35,38.35,tsoc.org.cy,false,
2022-05-13 13:00:00,Cyprus,Cyprus,CY,647.87,828.36,30.03,30.03,tsoc.org.cy,false,
2022-05-13 14:00:00,Cyprus,Cyprus,CY,740.93,943.47,19.98,19.98,tsoc.org.cy,false,
2022-05-13 15:00:00,Cyprus,Cyprus,CY,826.57,1049.21,10.73,10.73,tsoc.org.cy,false,
2022-05-13 16:00:00,Cyprus,Cyprus,CY,875.51,1109.57,5.45,5.45,tsoc.org.cy,false,
2022-05-13 17:00:00,Cyprus,Cyprus,CY,881.01,1116.12,4.85,4.85,tsoc.org.cy,false,
2022-05-13 18:00:00,Cyprus,Cyprus,CY,868.43,1100.54,6.21,6.21,tsoc.org.cy,false,
2022-05-13 19:00:00,Cyprus,Cyprus,CY,882.7,1118.6,4.67,4.67,tsoc.org.cy,false,
2022-05-13 20:00:00,Cyprus,Cyprus,CY,909.83,1152.73,1.74,1.74,tsoc.org.cy,false,
2022-05-13 21:00:00,Cyprus,Cyprus,CY,907.96,1150.74,1.94,1.94,tsoc.org.cy,false,
2022-05-13 22:00:00,Cyprus,Cyprus,CY,904.69,1146.9,2.3,2.3,tsoc.org.cy,false,
2022-05-13 23:00:00,Cyprus,Cyprus,CY,881.67,1118.28,4.78,4.78,tsoc.org.cy,false,
2022-05-14 00:00:00,Cyprus,Cyprus,CY,890.08,1128.86,3.87,3.87,tsoc.org.cy,false,
2022-05-14 01:00:00,Cyprus,Cyprus,CY,887.42,1125.54,4.16,4.16,tsoc.org.cy,false,
2022-05-14 02:00:00,Cyprus,Cyprus,CY,896.23,1136.44,3.21,3.21,tsoc.org.cy,false,
2022-05-14 03:00:00,Cyprus,Cyprus,CY,877.31,1112.77,5.25,5.25,tsoc.org.cy,false,
2022-05-14 04:00:00,Cyprus,Cyprus,CY,783.45,995.33,15.39,15.39,tsoc.org.cy,false,
2022-05-14 05:00:00,Cyprus,Cyprus,CY,819.13,1039.83,11.54,11.54,tsoc.org.cy,false,
2022-05-14 06:00:00,Cyprus,Cyprus,CY,864.33,1095.98,6.65,6.65,tsoc.org.cy,false,
2022-05-14 07:00:00,Cyprus,Cyprus,CY,847.59,1075.23,8.46,8.46,tsoc.org.cy,false,
2022-05-14 08:00:00,Cyprus,Cyprus,CY,782.37,994.49,15.51,15.51,tsoc.org.cy,false,
2022-05-14 09:00:00,Cyprus,Cyprus,CY,809.41,1027.86,12.59,12.59,tsoc.org.cy,false,
2022-05-14 10:00:00,Cyprus,Cyprus,CY,778.2,988.57,15.96,15.96,tsoc.org.cy,false,
2022-05-14 11:00:00,Cyprus,Cyprus,CY,778.93,989.6,15.88,15.88,tsoc.org.cy,false,
2022-05-14 12:00:00,Cyprus,Cyprus,CY,776.19,986.14,16.17,16.17,tsoc.org.cy,false,
2022-05-14 13:00:00,Cyprus,Cyprus,CY,844.36,1071.1,8.81,8.81,tsoc.org.cy,false,
2022-05-14 14:00:00,Cyprus,Cyprus,CY,854.0,1082.91,7.77,7.77,tsoc.org.cy,false,
2022-05-14 15:00:00,Cyprus,Cyprus,CY,886.06,1122.65,4.31,4.31,tsoc.org.cy,false,
2022-05-14 16:00:00,Cyprus,Cyprus,CY,908.19,1150.15,1.92,1.92,tsoc.org.cy,false,
2022-05-14 17:00:00,Cyprus,Cyprus,CY,907.24,1148.91,2.02,2.02,tsoc.org.cy,false,
2022-05-14 18:00:00,Cyprus,Cyprus,CY,866.5,1098.14,6.42,6.42,tsoc.org.cy,false,
2022-05-14 19:00:00,Cyprus,Cyprus,CY,908.12,1150.37,1.93,1.93,tsoc.org.cy,false,
2022-05-14 20:00:00,Cyprus,Cyprus,CY,888.45,1126.02,4.05,4.05,tsoc.org.cy,false,
2022-05-14 21:00:00,Cyprus,Cyprus,CY,888.43,1126.3,4.05,4.05,tsoc.org.cy,false,
2022-05-14 22:00:00,Cyprus,Cyprus,CY,877.8,1113.25,5.2,5.2,tsoc.org.cy,false,
2022-05-14 23:00:00,Cyprus,Cyprus,CY,877.42,1112.94,5.24,5.24,tsoc.org.cy,false,
2022-05-15 00:00:00,Cyprus,Cyprus,CY,822.55,1044.47,11.17,11.17,tsoc.org.cy,false,
2022-05-15 01:00:00,Cyprus,Cyprus,CY,696.84,887.42,24.74,24.74,tsoc.org.cy,false,
2022-05-15 02:00:00,Cyprus,Cyprus,CY,672.93,857.47,27.33,27.33,tsoc.org.cy,false,
2022-05-15 03:00:00,Cyprus,Cyprus,CY,674.19,859.11,27.19,27.19,tsoc.org.cy,false,
2022-05-15 04:00:00,Cyprus,Cyprus,CY,625.05,798.02,32.5,32.5,tsoc.org.cy,false,
2022-05-15 05:00:00,Cyprus,Cyprus,CY,548.77,703.79,40.73,40.73,tsoc.org.cy,false,
2022-05-15 06:00:00,Cyprus,Cyprus,CY,549.95,706.36,40.61,40.61,tsoc.org.cy,false,
2022-05-15 07:00:00,Cyprus,Cyprus,CY,501.48,646.47,45.84,45.84,tsoc.org.cy,false,
2022-05-15 08:00:00,Cyprus,Cyprus,CY,467.99,605.11,49.46,49.46,tsoc.org.cy,false,
2022-05-15 09:00:00,Cyprus,Cyprus,CY,462.97,599.05,50.0,50.0,tsoc.org.cy,false,
2022-05-15 10:00:00,Cyprus,Cyprus,CY,460.0,595.48,50.32,50.32,tsoc.org.cy,false,
2022-05-15 11:00:00,Cyprus,Cyprus,CY,467.71,605.11,49.49,49.49,tsoc.org.cy,false,
2022-05-15 12:00:00,Cyprus,Cyprus,CY,502.53,648.04,45.73,45.73,tsoc.org.cy,false,
2022-05-15 13:00:00,Cyprus,Cyprus,CY,530.73,682.26,42.68,42.68,tsoc.org.cy,false,
2022-05-15 14:00:00,Cyprus,Cyprus,CY,591.44,757.4,36.13,36.13,tsoc.org.cy,false,
2022-05-15 15:00:00,Cyprus,Cyprus,CY,713.13,907.89,22.98,22.98,tsoc.org.cy,false,
2022-05-15 16:00:00,Cyprus,Cyprus,CY,751.59,954.9,18.83,18.83,tsoc.org.cy,false,
2022-05-15 17:00:00,Cyprus,Cyprus,CY,818.2,1037.79,11.64,11.64,tsoc.org.cy,false,
2022-05-15 18:00:00,Cyprus,Cyprus,CY,849.89,1077.47,8.21,8.21,tsoc.org.cy,false,
2022-05-15 19:00:00,Cyprus,Cyprus,CY,868.79,1101.31,6.17,6.17,tsoc.org.cy,false,
2022-05-15 20:00:00,Cyprus,Cyprus,CY,847.98,1075.54,8.42,8.42,tsoc.org.cy,false,
2022-05-15 21:00:00,Cyprus,Cyprus,CY,853.07,1082.31,7.87,7.87,tsoc.org.cy,false,
2022-05-15 22:00:00,Cyprus,Cyprus,CY,817.4,1037.96,11.72,11.72,tsoc.org.cy,false,
2022-05-15 23:00:00,Cyprus,Cyprus,CY,813.78,1033.58,12.11,12.11,tsoc.org.cy,false,
2022-05-16 00:00:00,Cyprus,Cyprus,CY,839.25,1065.49,9.36,9.36,tsoc.org.cy,false,
2022-05-16 01:00:00,Cyprus,Cyprus,CY,849.02,1077.7,8.31,8.31,tsoc.org.cy,false,
2022-05-16 02:00:00,Cyprus,Cyprus,CY,827.21,1050.22,10.66,10.66,tsoc.org.cy,false,
2022-05-16 03:00:00,Cyprus,Cyprus,CY,828.97,1052.24,10.47,10.47,tsoc.org.cy,false,
2022-05-16 04:00:00,Cyprus,Cyprus,CY,788.27,1002.02,14.87,14.87,tsoc.org.cy,false,
2022-05-16 05:00:00,Cyprus,Cyprus,CY,713.6,909.69,22.93,22.93,tsoc.org.cy,false,
2022-05-16 06:00:00,Cyprus,Cyprus,CY,638.89,817.22,31.0,31.0,tsoc.org.cy,false,
2022-05-16 07:00:00,Cyprus,Cyprus,CY,586.93,752.85,36.61,36.61,tsoc.org.cy,false,
2022-05-16 08:00:00,Cyprus,Cyprus,CY,571.42,733.72,38.29,38.29,tsoc.org.cy,false,
2022-05-16 09:00:00,Cyprus,Cyprus,CY,555.11,713.57,40.05,40.05,tsoc.org.cy,false,
2022-05-16 10:00:00,Cyprus,Cyprus,CY,530.34,682.95,42.72,42.72,tsoc.org.cy,false,
2022-05-16 11:00:00,Cyprus,Cyprus,CY,544.14,699.84,41.23,41.23,tsoc.org.cy,false,
2022-05-16 12:00:00,Cyprus,Cyprus,CY,567.63,728.81,38.7,38.7,tsoc.org.cy,false,
2022-05-16 13:00:00,Cyprus,Cyprus,CY,618.79,792.03,33.17,33.17,tsoc.org.cy,false,
2022-05-16 14:00:00,Cyprus,Cyprus,CY,691.91,882.27,25.28,25.28,tsoc.org.cy,false,
2022-05-16 15:00:00,Cyprus,Cyprus,CY,801.25,1017.56,13.47,13.47,tsoc.org.cy,false,
2022-05-16 16:00:00,Cyprus,Cyprus,CY,879.95,1114.98,4.97,4.97,tsoc.org.cy,false,
2022-05-16 17:00:00,Cyprus,Cyprus,CY,897.84,1137.08,3.04,3.04,tsoc.org.cy,false,
2022-05-16 18:00:00,Cyprus,Cyprus,CY,905.45,1146.73,2.21,2.21,tsoc.org.cy,false,
2022-05-16 19:00:00,Cyprus,Cyprus,CY,884.08,1120.3,4.52,4.52,tsoc.org.cy,false,
2022-05-16 20:00:00,Cyprus,Cyprus,CY,862.9,1094.08,6.81,6.81,tsoc.org.cy,false,
2022-05-16 21:00:00,Cyprus,Cyprus,CY,850.75,1079.26,8.12,8.12,tsoc.org.cy,false,
2022-05-16 22:00:00,Cyprus,Cyprus,CY,824.96,1047.28,10.91,10.91,tsoc.org.cy,false,
2022-05-16 23:00:00,Cyprus,Cyprus,CY,864.22,1096.49,6.67,6.67,tsoc.org.cy,false,
2022-05-17 00:00:00,Cyprus,Cyprus,CY,886.53,1124.45,4.26,4.26,tsoc.org.cy,false,
2022-05-17 01:00:00,Cyprus,Cyprus,CY,902.04,1143.8,2.58,2.58,tsoc.org.cy,false,
2022-05-17 02:00:00,Cyprus,Cyprus,CY,906.41,1149.08,2.11,2.11,tsoc.org.cy,false,
2022-05-17 03:00:00,Cyprus,Cyprus,CY,891.26,1129.98,3.75,3.75,tsoc.org.cy,false,
2022-05-17 04:00:00,Cyprus,Cyprus,CY,824.44,1047.02,10.96,10.96,tsoc.org.cy,false,
2022-05-17 05:00:00,Cyprus,Cyprus,CY,722.39,920.57,21.98,21.98,tsoc.org.cy,false,
2022-05-17 06:00:00,Cyprus,Cyprus,CY,651.57,832.88,29.63,29.63,tsoc.org.cy,false,
2022-05-17 07:00:00,Cyprus,Cyprus,CY,592.27,759.54,36.04,36.04,tsoc.org.cy,false,
2022-05-17 08:00:00,Cyprus,Cyprus,CY,550.49,707.73,40.55,40.55,tsoc.org.cy,false,
2022-05-17 09:00:00,Cyprus,Cyprus,CY,532.27,685.19,42.52,42.52,tsoc.org.cy,false,
2022-05-17 10:00:00,Cyprus,Cyprus,CY,519.79,669.69,43.86,43.86,tsoc.org.cy,false,
2022-05-17 11:00:00,Cyprus,Cyprus,CY,529.97,682.08,42.76,42.76,tsoc.org.cy,false,
2022-05-17 12:00:00,Cyprus,Cyprus,CY,545.1,700.55,41.13,41.13,tsoc.org.cy,false,
2022-05-17 13:00:00,Cyprus,Cyprus,CY,604.96,774.6,34.67,34.67,tsoc.org.cy,false,
2022-05-17 14:00:00,Cyprus,Cyprus,CY,697.03,888.58,24.72,24.72,tsoc.org.cy,false,
2022-05-17 15:00:00,Cyprus,Cyprus,CY,815.09,1034.81,11.97,11.97,tsoc.org.cy,false,
2022-05-17 16:00:00,Cyprus,Cyprus,CY,895.78,1134.72,3.26,3.26,tsoc.org.cy,false,
2022-05-17 17:00:00,Cyprus,Cyprus,CY,891.05,1128.57,3.77,3.77,tsoc.org.cy,false,
2022-05-17 18:00:00,Cyprus,Cyprus,CY,889.05,1126.19,3.99,3.99,tsoc.org.cy,false,
2022-05-17 19:00:00,Cyprus,Cyprus,CY,897.68,1137.23,3.05,3.05,tsoc.org.cy,false,
2022-05-17 20:00:00,Cyprus,Cyprus,CY,885.23,1121.92,4.4,4.4,tsoc.org.cy,false,
2022-05-17 21:00:00,Cyprus,Cyprus,CY,896.36,1136.17,3.2,3.2,tsoc.org.cy,false,
2022-05-17 22:00:00,Cyprus,Cyprus,CY,907.09,1149.81,2.04,2.04,tsoc.org.cy,false,
2022-05-17 23:00:00,Cyprus,Cyprus,CY,901.88,1143.44,2.6,2.6,tsoc.org.cy,false,
2022-05-18 00:00:00,Cyprus,Cyprus,CY,899.98,1141.14,2.81,2.81,tsoc.org.cy,false,
2022-05-18 01:00:00,Cyprus,Cyprus,CY,899.4,1140.42,2.87,2.87,tsoc.org.cy,false,
2022-05-18 02:00:00,Cyprus,Cyprus,CY,909.28,1152.6,1.8,1.8,tsoc.org.cy,false,
2022-05-18 03:00:00,Cyprus,Cyprus,CY,892.41,1131.41,3.62,3.62,tsoc.org.cy,false,
2022-05-18 04:00:00,Cyprus,Cyprus,CY,806.1,1024.28,12.94,12.94,tsoc.org.cy,false,
2022-05-18 05:00:00,Cyprus,Cyprus,CY,711.43,906.97,23.17,23.17,tsoc.org.cy,false,
2022-05-18 06:00:00,Cyprus,Cyprus,CY,640.72,819.43,30.8,30.8,tsoc.org.cy,false,
2022-05-18 07:00:00,Cyprus,Cyprus,CY,579.78,743.97,37.39,37.39,tsoc.org.cy,false,
2022-05-18 08:00:00,Cyprus,Cyprus,CY,541.13,696.12,41.56,41.56,tsoc.org.cy,false,
2022-05-18 09:00:00,Cyprus,Cyprus,CY,527.37,679.11,43.05,43.05,tsoc.org.cy,false,
2022-05-18 10:00:00,Cyprus,Cyprus,CY,520.33,670.33,43.81,43.81,tsoc.org.cy,false,
2022-05-18 11:00:00,Cyprus,Cyprus,CY,546.55,702.75,40.97,40.97,tsoc.org.cy,false,
2022-05-18 12:00:00,Cyprus,Cyprus,CY,571.27,733.33,38.3,38.3,tsoc.org.cy,false,
2022-05-18 13:00:00,Cyprus,Cyprus,CY,622.71,796.96,32.75,32.75,tsoc.org.cy,false,
2022-05-18 14:00:00,Cyprus,Cyprus,CY,700.92,893.58,24.3,24.3,tsoc.org.cy,false,
2022-05-18 15:00:00,Cyprus,Cyprus,CY,806.39,1023.96,12.91,12.91,tsoc.org.cy,false,
2022-05-18 16:00:00,Cyprus,Cyprus,CY,883.34,1119.14,4.6,4.6,tsoc.org.cy,false,
2022-05-18 17:00:00,Cyprus,Cyprus,CY,898.63,1138.04,2.95,2.95,tsoc.org.cy,false,
2022-05-18 18:00:00,Cyprus,Cyprus,CY,904.17,1145.09,2.35,2.35,tsoc.org.cy,false,
2022-05-18 19:00:00,Cyprus,Cyprus,CY,909.31,1151.75,1.8,1.8,tsoc.org.cy,false,
2022-05-18 20:00:00,Cyprus,Cyprus,CY,903.87,1145.18,2.38,2.38,tsoc.org.cy,false,
2022-05-18 21:00:00,Cyprus,Cyprus,CY,865.65,1097.75,6.51,6.51,tsoc.org.cy,false,
2022-05-18 22:00:00,Cyprus,Cyprus,CY,854.45,1083.96,7.72,7.72,tsoc.org.cy,false,
2022-05-18 23:00:00,Cyprus,Cyprus,CY,863.22,1095.07,6.78,6.78,tsoc.org.cy,false,
2022-05-19 00:00:00,Cyprus,Cyprus,CY,877.86,1113.45,5.19,5.19,tsoc.org.cy,false,
2022-05-19 01:00:00,Cyprus,Cyprus,CY,893.38,1132.84,3.52,3.52,tsoc.org.cy,false,
2022-05-19 02:00:00,Cyprus,Cyprus,CY,907.65,1150.51,1.98,1.98,tsoc.org.cy,false,
2022-05-19 03:00:00,Cyprus,Cyprus,CY,895.9,1135.7,3.24,3.24,tsoc.org.cy,false,
2022-05-19 04:00:00,Cyprus,Cyprus,CY,821.94,1043.84,11.23,11.23,tsoc.org.cy,false,
2022-05-19 05:00:00,Cyprus,Cyprus,CY,734.28,935.2,20.7,20.7,tsoc.org.cy,false,
2022-05-19 06:00:00,Cyprus,Cyprus,CY,674.63,861.35,27.14,27.14,tsoc.org.cy,false,
2022-05-19 07:00:00,Cyprus,Cyprus,CY,599.29,768.09,35.28,35.28,tsoc.org.cy,false,
2022-05-19 08:00:00,Cyprus,Cyprus,CY,559.61,718.77,39.56,39.56,tsoc.org.cy,false,
2022-05-19 09:00:00,Cyprus,Cyprus,CY,527.61,679.02,43.02,43.02,tsoc.org.cy,false,
2022-05-19 10:00:00,Cyprus,Cyprus,CY,513.59,661.65,44.53,44.53,tsoc.org.cy,false,
2022-05-19 11:00:00,Cyprus,Cyprus,CY,523.63,674.06,43.45,43.45,tsoc.org.cy,false,
2022-05-19 12:00:00,Cyprus,Cyprus,CY,561.25,720.64,39.39,39.39,tsoc.org.cy,false,
2022-05-19 13:00:00,Cyprus,Cyprus,CY,608.17,778.55,34.32,34.32,tsoc.org.cy,false,
2022-05-19 14:00:00,Cyprus,Cyprus,CY,701.39,893.9,24.25,24.25,tsoc.org.cy,false,
2022-05-19 15:00:00,Cyprus,Cyprus,CY,779.79,990.68,15.78,15.78,tsoc.org.cy,false,
2022-05-19 16:00:00,Cyprus,Cyprus,CY,815.3,1034.12,11.95,11.95,tsoc.org.cy,false,
2022-05-19 17:00:00,Cyprus,Cyprus,CY,817.76,1036.95,11.68,11.68,tsoc.org.cy,false,
2022-05-19 18:00:00,Cyprus,Cyprus,CY,829.4,1051.62,10.43,10.43,tsoc.org.cy,false,
2022-05-19 19:00:00,Cyprus,Cyprus,CY,817.53,1037.01,11.71,11.71,tsoc.org.cy,false,
2022-05-19 20:00:00,Cyprus,Cyprus,CY,825.38,1047.04,10.86,10.86,tsoc.org.cy,false,
2022-05-19 21:00:00,Cyprus,Cyprus,CY,839.21,1064.65,9.37,9.37,tsoc.org.cy,false,
2022-05-19 22:00:00,Cyprus,Cyprus,CY,852.18,1081.07,7.97,7.97,tsoc.org.cy,false,
2022-05-19 23:00:00,Cyprus,Cyprus,CY,871.12,1104.89,5.92,5.92,tsoc.org.cy,false,
2022-05-20 00:00:00,Cyprus,Cyprus,CY,898.18,1138.79,3.0,3.0,tsoc.org.cy,false,
2022-05-20 01:00:00,Cyprus,Cyprus,CY,887.58,1125.53,4.14,4.14,tsoc.org.cy,false,
2022-05-20 02:00:00,Cyprus,Cyprus,CY,879.08,1114.76,5.06,5.06,tsoc.org.cy,false,
2022-05-20 03:00:00,Cyprus,Cyprus,CY,838.43,1063.95,9.45,9.45,tsoc.org.cy,false,
2022-05-20 04:00:00,Cyprus,Cyprus,CY,775.99,986.47,16.19,16.19,tsoc.org.cy,false,
2022-05-20 05:00:00,Cyprus,Cyprus,CY,713.01,908.48,23.0,23.0,tsoc.org.cy,false,
2022-05-20 06:00:00,Cyprus,Cyprus,CY,648.32,828.45,29.98,29.98,tsoc.org.cy,false,
2022-05-20 07:00:00,Cyprus,Cyprus,CY,590.36,756.68,36.24,36.24,tsoc.org.cy,false,
2022-05-20 08:00:00,Cyprus,Cyprus,CY,554.97,712.87,40.06,40.06,tsoc.org.cy,false,
2022-05-20 09:00:00,Cyprus,Cyprus,CY,523.97,674.48,43.41,43.41,tsoc.org.cy,false,
2022-05-20 10:00:00,Cyprus,Cyprus,CY,526.13,677.08,43.18,43.18,tsoc.org.cy,false,
2022-05-20 11:00:00,Cyprus,Cyprus,CY,555.57,713.65,40.0,40.0,tsoc.org.cy,false,
2022-05-20 12:00:00,Cyprus,Cyprus,CY,597.68,765.84,35.45,35.45,tsoc.org.cy,false,
2022-05-20 13:00:00,Cyprus,Cyprus,CY,643.63,822.73,30.49,30.49,tsoc.org.cy,false,
2022-05-20 14:00:00,Cyprus,Cyprus,CY,722.46,920.2,21.98,21.98,tsoc.org.cy,false,
2022-05-20 15:00:00,Cyprus,Cyprus,CY,813.44,1032.75,12.15,12.15,tsoc.org.cy,false,
2022-05-20 16:00:00,Cyprus,Cyprus,CY,890.59,1128.24,3.82,3.82,tsoc.org.cy,false,
2022-05-20 17:00:00,Cyprus,Cyprus,CY,895.87,1134.62,3.25,3.25,tsoc.org.cy,false,
2022-05-20 18:00:00,Cyprus,Cyprus,CY,872.53,1105.57,5.77,5.77,tsoc.org.cy,false,
2022-05-20 19:00:00,Cyprus,Cyprus,CY,874.84,1108.66,5.52,5.52,tsoc.org.cy,false,
2022-05-20 20:00:00,Cyprus,Cyprus,CY,869.64,1102.37,6.08,6.08,tsoc.org.cy,false,
2022-05-20 21:00:00,Cyprus,Cyprus,CY,841.32,1067.29,9.14,9.14,tsoc.org.cy,false,
2022-05-20 22:00:00,Cyprus,Cyprus,CY,816.84,1036.93,11.78,11.78,tsoc.org.cy,false,
2022-05-20 23:00:00,Cyprus,Cyprus,CY,790.05,1003.58,14.68,14.68,tsoc.org.cy,false,
2022-05-21 00:00:00,Cyprus,Cyprus,CY,793.22,1007.61,14.33,14.33,tsoc.org.cy,false,
2022-05-21 01:00:00,Cyprus,Cyprus,CY,791.22,1005.13,14.55,14.55,tsoc.org.cy,false,
2022-05-21 02:00:00,Cyprus,Cyprus,CY,764.21,971.32,17.47,17.47,tsoc.org.cy,false,
2022-05-21 03:00:00,Cyprus,Cyprus,CY,786.58,999.44,15.05,15.05,tsoc.org.cy,false,
2022-05-21 04:00:00,Cyprus,Cyprus,CY,703.24,896.12,24.05,24.05,tsoc.org.cy,false,
2022-05-21 05:00:00,Cyprus,Cyprus,CY,635.4,812.39,31.38,31.38,tsoc.org.cy,false,
2022-05-21 06:00:00,Cyprus,Cyprus,CY,541.04,695.32,41.57,41.57,tsoc.org.cy,false,
2022-05-21 07:00:00,Cyprus,Cyprus,CY,505.89,652.09,45.36,45.36,tsoc.org.cy,false,
2022-05-21 08:00:00,Cyprus,Cyprus,CY,484.36,625.64,47.69,47.69,tsoc.org.cy,false,
2022-05-21 09:00:00,Cyprus,Cyprus,CY,454.69,588.99,50.89,50.89,tsoc.org.cy,false,
2022-05-21 10:00:00,Cyprus,Cyprus,CY,436.73,566.67,52.83,52.83,tsoc.org.cy,false,
2022-05-21 11:00:00,Cyprus,Cyprus,CY,450.56,583.87,51.34,51.34,tsoc.org.cy,false,
2022-05-21 12:00:00,Cyprus,Cyprus,CY,505.41,651.84,45.42,45.42,tsoc.org.cy,false,
2022-05-21 13:00:00,Cyprus,Cyprus,CY,568.6,730.01,38.59,38.59,tsoc.org.cy,false,
2022-05-21 14:00:00,Cyprus,Cyprus,CY,677.79,865.13,26.8,26.8,tsoc.org.cy,false,
2022-05-21 15:00:00,Cyprus,Cyprus,CY,803.51,1020.7,13.22,13.22,tsoc.org.cy,false,
2022-05-21 16:00:00,Cyprus,Cyprus,CY,888.16,1125.41,4.08,4.08,tsoc.org.cy,false,
2022-05-21 17:00:00,Cyprus,Cyprus,CY,900.0,1139.92,2.8,2.8,tsoc.org.cy,false,
2022-05-21 18:00:00,Cyprus,Cyprus,CY,888.07,1125.12,4.09,4.09,tsoc.org.cy,false,
2022-05-21 19:00:00,Cyprus,Cyprus,CY,885.73,1122.38,4.34,4.34,tsoc.org.cy,false,
2022-05-21 20:00:00,Cyprus,Cyprus,CY,881.78,1117.61,4.77,4.77,tsoc.org.cy,false,
2022-05-21 21:00:00,Cyprus,Cyprus,CY,880.43,1116.18,4.92,4.92,tsoc.org.cy,false,
2022-05-21 22:00:00,Cyprus,Cyprus,CY,878.09,1113.46,5.17,5.17,tsoc.org.cy,false,
2022-05-21 23:00:00,Cyprus,Cyprus,CY,880.06,1116.08,4.96,4.96,tsoc.org.cy,false,
2022-05-22 00:00:00,Cyprus,Cyprus,CY,894.15,1133.79,3.43,3.43,tsoc.org.cy,false,
2022-05-22 01:00:00,Cyprus,Cyprus,CY,901.75,1143.29,2.61,2.61,tsoc.org.cy,false,
2022-05-22 02:00:00,Cyprus,Cyprus,CY,907.62,1150.6,1.98,1.98,tsoc.org.cy,false,
2022-05-22 03:00:00,Cyprus,Cyprus,CY,882.9,1119.95,4.65,4.65,tsoc.org.cy,false,
2022-05-22 04:00:00,Cyprus,Cyprus,CY,790.5,1005.46,14.63,14.63,tsoc.org.cy,false,
2022-05-22 05:00:00,Cyprus,Cyprus,CY,677.56,865.6,26.83,26.83,tsoc.org.cy,false,
2022-05-22 06:00:00,Cyprus,Cyprus,CY,588.42,755.1,36.45,36.45,tsoc.org.cy,false,
2022-05-22 07:00:00,Cyprus,Cyprus,CY,481.1,621.5,48.04,48.04,tsoc.org.cy,false,
2022-05-22 08:00:00,Cyprus,Cyprus,CY,423.74,549.79,54.24,54.24,tsoc.org.cy,false,
2022-05-22 09:00:00,Cyprus,Cyprus,CY,421.3,546.74,54.5,54.5,tsoc.org.cy,false,
2022-05-22 10:00:00,Cyprus,Cyprus,CY,425.72,552.51,54.02,54.02,tsoc.org.cy,false,
2022-05-22 11:00:00,Cyprus,Cyprus,CY,455.76,589.83,50.78,50.78,tsoc.org.cy,false,
2022-05-22 12:00:00,Cyprus,Cyprus,CY,476.84,615.38,48.5,48.5,tsoc.org.cy,false,
2022-05-22 13:00:00,Cyprus,Cyprus,CY,524.77,674.54,43.33,43.33,tsoc.org.cy,false,
2022-05-22 14:00:00,Cyprus,Cyprus,CY,665.57,849.0,28.12,28.12,tsoc.org.cy,false,
2022-05-22 15:00:00,Cyprus,Cyprus,CY,769.08,977.39,16.94,16.94,tsoc.org.cy,false,
2022-05-22 16:00:00,Cyprus,Cyprus,CY,861.74,1092.41,6.93,6.93,tsoc.org.cy,false,
2022-05-22 17:00:00,Cyprus,Cyprus,CY,881.21,1116.5,4.83,4.83,tsoc.org.cy,false,
2022-05-22 18:00:00,Cyprus,Cyprus,CY,882.74,1118.47,4.67,4.67,tsoc.org.cy,false,
2022-05-22 19:00:00,Cyprus,Cyprus,CY,894.26,1133.08,3.42,3.42,tsoc.org.cy,false,
2022-05-22 20:00:00,Cyprus,Cyprus,CY,886.88,1124.1,4.22,4.22,tsoc.org.cy,false,
2022-05-22 21:00:00,Cyprus,Cyprus,CY,886.29,1123.77,4.28,4.28,tsoc.org.cy,false,
2022-05-22 22:00:00,Cyprus,Cyprus,CY,844.08,1071.28,8.84,8.84,tsoc.org.cy,false,
2022-05-22 23:00:00,Cyprus,Cyprus,CY,811.89,1031.2,12.32,12.32,tsoc.org.cy,false,
2022-05-23 00:00:00,Cyprus,Cyprus,CY,842.59,1069.64,9.0,9.0,tsoc.org.cy,false,
2022-05-23 01:00:00,Cyprus,Cyprus,CY,846.33,1074.3,8.6,8.6,tsoc.org.cy,false,
2022-05-23 02:00:00,Cyprus,Cyprus,CY,848.46,1076.77,8.37,8.37,tsoc.org.cy,false,
2022-05-23 03:00:00,Cyprus,Cyprus,CY,818.95,1039.78,11.56,11.56,tsoc.org.cy,false,
2022-05-23 04:00:00,Cyprus,Cyprus,CY,744.34,947.29,19.61,19.61,tsoc.org.cy,false,
2022-05-23 05:00:00,Cyprus,Cyprus,CY,669.49,854.73,27.7,27.7,tsoc.org.cy,false,
2022-05-23 06:00:00,Cyprus,Cyprus,CY,608.65,779.55,34.27,34.27,tsoc.org.cy,false,
2022-05-23 07:00:00,Cyprus,Cyprus,CY,534.13,687.08,42.32,42.32,tsoc.org.cy,false,
2022-05-23 08:00:00,Cyprus,Cyprus,CY,486.52,628.03,47.46,47.46,tsoc.org.cy,false,
2022-05-23 09:00:00,Cyprus,Cyprus,CY,449.08,581.51,51.5,51.5,tsoc.org.cy,false,
2022-05-23 10:00:00,Cyprus,Cyprus,CY,456.49,590.7,50.7,50.7,tsoc.org.cy,false,
2022-05-23 11:00:00,Cyprus,Cyprus,CY,508.61,655.02,45.07,45.07,tsoc.org.cy,false,
2022-05-23 12:00:00,Cyprus,Cyprus,CY,578.57,741.71,37.52,37.52,tsoc.org.cy,false,
2022-05-23 13:00:00,Cyprus,Cyprus,CY,595.08,762.04,35.73,35.73,tsoc.org.cy,false,
2022-05-23 14:00:00,Cyprus,Cyprus,CY,646.31,825.38,30.2,30.2,tsoc.org.cy,false,
2022-05-23 15:00:00,Cyprus,Cyprus,CY,746.81,949.68,19.35,19.35,tsoc.org.cy,false,
2022-05-23 16:00:00,Cyprus,Cyprus,CY,812.54,1030.78,12.25,12.25,tsoc.org.cy,false,
2022-05-23 17:00:00,Cyprus,Cyprus,CY,842.66,1068.15,8.99,8.99,tsoc.org.cy,false,
2022-05-23 18:00:00,Cyprus,Cyprus,CY,841.93,1067.36,9.07,9.07,tsoc.org.cy,false,
2022-05-23 19:00:00,Cyprus,Cyprus,CY,812.89,1031.33,12.21,12.21,tsoc.org.cy,false,
2022-05-23 20:00:00,Cyprus,Cyprus,CY,798.95,1014.15,13.72,13.72,tsoc.org.cy,false,
2022-05-23 21:00:00,Cyprus,Cyprus,CY,781.07,992.16,15.65,15.65,tsoc.org.cy,false,
2022-05-23 22:00:00,Cyprus,Cyprus,CY,776.82,987.08,16.11,16.11,tsoc.org.cy,false,
2022-05-23 23:00:00,Cyprus,Cyprus,CY,798.3,1014.05,13.79,13.79,tsoc.org.cy,false,
2022-05-24 00:00:00,Cyprus,Cyprus,CY,834.81,1059.75,9.84,9.84,tsoc.org.cy,false,
2022-05-24 01:00:00,Cyprus,Cyprus,CY,765.03,972.53,17.38,17.38,tsoc.org.cy,false,
2022-05-24 02:00:00,Cyprus,Cyprus,CY,766.69,974.45,17.2,17.2,tsoc.org.cy,false,
2022-05-24 03:00:00,Cyprus,Cyprus,CY,833.13,1057.4,10.02,10.02,tsoc.org.cy,false,
2022-05-24 04:00:00,Cyprus,Cyprus,CY,805.13,1023.06,13.05,13.05,tsoc.org.cy,false,
2022-05-24 05:00:00,Cyprus,Cyprus,CY,719.19,916.57,22.33,22.33,tsoc.org.cy,false,
2022-05-24 06:00:00,Cyprus,Cyprus,CY,649.84,830.67,29.82,29.82,tsoc.org.cy,false,
2022-05-24 07:00:00,Cyprus,Cyprus,CY,596.23,764.26,35.61,35.61,tsoc.org.cy,false,
2022-05-24 08:00:00,Cyprus,Cyprus,CY,560.44,719.94,39.47,39.47,tsoc.org.cy,false,
2022-05-24 09:00:00,Cyprus,Cyprus,CY,546.56,702.71,40.97,40.97,tsoc.org.cy,false,
2022-05-24 10:00:00,Cyprus,Cyprus,CY,550.01,706.97,40.6,40.6,tsoc.org.cy,false,
2022-05-24 11:00:00,Cyprus,Cyprus,CY,578.9,742.6,37.48,37.48,tsoc.org.cy,false,
2022-05-24 12:00:00,Cyprus,Cyprus,CY,586.63,752.24,36.65,36.65,tsoc.org.cy,false,
2022-05-24 13:00:00,Cyprus,Cyprus,CY,639.49,817.69,30.94,30.94,tsoc.org.cy,false,
2022-05-24 14:00:00,Cyprus,Cyprus,CY,715.07,911.17,22.77,22.77,tsoc.org.cy,false,
2022-05-24 15:00:00,Cyprus,Cyprus,CY,813.82,1033.32,12.11,12.11,tsoc.org.cy,false,
2022-05-24 16:00:00,Cyprus,Cyprus,CY,890.23,1127.83,3.86,3.86,tsoc.org.cy,false,
2022-05-24 17:00:00,Cyprus,Cyprus,CY,907.61,1149.27,1.98,1.98,tsoc.org.cy,false,
2022-05-24 18:00:00,Cyprus,Cyprus,CY,906.61,1148.14,2.09,2.09,tsoc.org.cy,false,
2022-05-24 19:00:00,Cyprus,Cyprus,CY,890.6,1128.39,3.82,3.82,tsoc.org.cy,false,
2022-05-24 20:00:00,Cyprus,Cyprus,CY,859.2,1089.37,7.21,7.21,tsoc.org.cy,false,
2022-05-24 21:00:00,Cyprus,Cyprus,CY,796.03,1010.78,14.03,14.03,tsoc.org.cy,false,
2022-05-24 22:00:00,Cyprus,Cyprus,CY,789.36,1002.7,14.75,14.75,tsoc.org.cy,false,
2022-05-24 23:00:00,Cyprus,Cyprus,CY,852.21,1081.39,7.96,7.96,tsoc.org.cy,false,
2022-05-25 00:00:00,Cyprus,Cyprus,CY,904.34,1146.63,2.33,2.33,tsoc.org.cy,false,
2022-05-25 01:00:00,Cyprus,Cyprus,CY,910.36,1154.12,1.68,1.68,tsoc.org.cy,false,
2022-05-25 02:00:00,Cyprus,Cyprus,CY,905.36,1147.73,2.22,2.22,tsoc.org.cy,false,
2022-05-25 03:00:00,Cyprus,Cyprus,CY,883.63,1120.52,4.57,4.57,tsoc.org.cy,false,
2022-05-25 04:00:00,Cyprus,Cyprus,CY,809.62,1028.63,12.56,12.56,tsoc.org.cy,false,
2022-05-25 05:00:00,Cyprus,Cyprus,CY,721.69,919.68,22.06,22.06,tsoc.org.cy,false,
2022-05-25 06:00:00,Cyprus,Cyprus,CY,655.13,837.29,29.25,29.25,tsoc.org.cy,false,
2022-05-25 07:00:00,Cyprus,Cyprus,CY,603.95,773.91,34.78,34.78,tsoc.org.cy,false,
2022-05-25 08:00:00,Cyprus,Cyprus,CY,563.21,723.4,39.18,39.18,tsoc.org.cy,false,
2022-05-25 09:00:00,Cyprus,Cyprus,CY,549.52,706.42,40.65,40.65,tsoc.org.cy,false,
2022-05-25 10:00:00,Cyprus,Cyprus,CY,538.89,693.19,41.8,41.8,tsoc.org.cy,false,
2022-05-25 11:00:00,Cyprus,Cyprus,CY,541.92,696.78,41.47,41.47,tsoc.org.cy,false,
2022-05-25 12:00:00,Cyprus,Cyprus,CY,564.62,724.82,39.02,39.02,tsoc.org.cy,false,
2022-05-25 13:00:00,Cyprus,Cyprus,CY,619.09,792.19,33.14,33.14,tsoc.org.cy,false,
2022-05-25 14:00:00,Cyprus,Cyprus,CY,706.89,900.87,23.66,23.66,tsoc.org.cy,false,
2022-05-25 15:00:00,Cyprus,Cyprus,CY,813.77,1033.2,12.11,12.11,tsoc.org.cy,false,
2022-05-25 16:00:00,Cyprus,Cyprus,CY,868.48,1100.64,6.21,6.21,tsoc.org.cy,false,
2022-05-25 17:00:00,Cyprus,Cyprus,CY,874.24,1107.58,5.58,5.58,tsoc.org.cy,false,
2022-05-25 18:00:00,Cyprus,Cyprus,CY,853.62,1081.92,7.81,7.81,tsoc.org.cy,false,
2022-05-25 19:00:00,Cyprus,Cyprus,CY,823.58,1044.58,11.06,11.06,tsoc.org.cy,false,
2022-05-25 20:00:00,Cyprus,Cyprus,CY,805.75,1022.51,12.98,12.98,tsoc.org.cy,false,
2022-05-25 21:00:00,Cyprus,Cyprus,CY,852.73,1081.54,7.91,7.91,tsoc.org.cy,false,
2022-05-25 22:00:00,Cyprus,Cyprus,CY,893.45,1132.66,3.51,3.51,tsoc.org.cy,false,
2022-05-25 23:00:00,Cyprus,Cyprus,CY,901.24,1142.55,2.67,2.67,tsoc.org.cy,false,
2022-05-26 00:00:00,Cyprus,Cyprus,CY,901.37,1142.78,2.65,2.65,tsoc.org.cy,false,
2022-05-26 01:00:00,Cyprus,Cyprus,CY,888.86,1127.14,4.01,4.01,tsoc.org.cy,false,
2022-05-26 02:00:00,Cyprus,Cyprus,CY,872.05,1106.0,5.82,5.82,tsoc.org.cy,false,
2022-05-26 03:00:00,Cyprus,Cyprus,CY,863.39,1095.15,6.76,6.76,tsoc.org.cy,false,
2022-05-26 04:00:00,Cyprus,Cyprus,CY,803.32,1020.7,13.24,13.24,tsoc.org.cy,false,
2022-05-26 05:00:00,Cyprus,Cyprus,CY,727.53,926.81,21.43,21.43,tsoc.org.cy,false,
2022-05-26 06:00:00,Cyprus,Cyprus,CY,669.07,854.42,27.74,27.74,tsoc.org.cy,false,
2022-05-26 07:00:00,Cyprus,Cyprus,CY,628.01,803.62,32.18,32.18,tsoc.org.cy,false,
2022-05-26 08:00:00,Cyprus,Cyprus,CY,602.37,771.88,34.95,34.95,tsoc.org.cy,false,
2022-05-26 09:00:00,Cyprus,Cyprus,CY,584.31,749.51,36.9,36.9,tsoc.org.cy,false,
2022-05-26 10:00:00,Cyprus,Cyprus,CY,574.13,736.88,38.0,38.0,tsoc.org.cy,false,
2022-05-26 11:00:00,Cyprus,Cyprus,CY,586.01,751.62,36.71,36.71,tsoc.org.cy,false,
2022-05-26 12:00:00,Cyprus,Cyprus,CY,614.5,786.82,33.64,33.64,tsoc.org.cy,false,
2022-05-26 13:00:00,Cyprus,Cyprus,CY,666.2,850.78,28.05,28.05,tsoc.org.cy,false,
2022-05-26 14:00:00,Cyprus,Cyprus,CY,738.69,940.41,20.22,20.22,tsoc.org.cy,false,
2022-05-26 15:00:00,Cyprus,Cyprus,CY,825.53,1047.82,10.84,10.84,tsoc.org.cy,false,
2022-05-26 16:00:00,Cyprus,Cyprus,CY,891.15,1128.97,3.76,3.76,tsoc.org.cy,false,
2022-05-26 17:00:00,Cyprus,Cyprus,CY,912.78,1155.67,1.42,1.42,tsoc.org.cy,false,
2022-05-26 18:00:00,Cyprus,Cyprus,CY,903.12,1143.71,2.47,2.47,tsoc.org.cy,false,
2022-05-26 19:00:00,Cyprus,Cyprus,CY,815.77,1034.77,11.9,11.9,tsoc.org.cy,false,
2022-05-26 20:00:00,Cyprus,Cyprus,CY,737.24,936.84,20.38,20.38,tsoc.org.cy,false,
2022-05-26 21:00:00,Cyprus,Cyprus,CY,700.57,891.31,24.34,24.34,tsoc.org.cy,false,
2022-05-26 22:00:00,Cyprus,Cyprus,CY,702.28,893.66,24.16,24.16,tsoc.org.cy,false,
2022-05-26 23:00:00,Cyprus,Cyprus,CY,723.19,919.92,21.9,21.9,tsoc.org.cy,false,
2022-05-27 00:00:00,Cyprus,Cyprus,CY,770.49,979.12,16.79,16.79,tsoc.org.cy,false,
2022-05-27 01:00:00,Cyprus,Cyprus,CY,834.47,1059.09,9.88,9.88,tsoc.org.cy,false,
2022-05-27 02:00:00,Cyprus,Cyprus,CY,856.74,1086.81,7.47,7.47,tsoc.org.cy,false,
2022-05-27 03:00:00,Cyprus,Cyprus,CY,857.62,1087.91,7.38,7.38,tsoc.org.cy,false,
2022-05-27 04:00:00,Cyprus,Cyprus,CY,778.03,989.02,15.97,15.97,tsoc.org.cy,false,
2022-05-27 05:00:00,Cyprus,Cyprus,CY,722.6,920.51,21.96,21.96,tsoc.org.cy,false,
2022-05-27 06:00:00,Cyprus,Cyprus,CY,671.61,857.47,27.47,27.47,tsoc.org.cy,false,
2022-05-27 07:00:00,Cyprus,Cyprus,CY,632.73,809.35,31.67,31.67,tsoc.org.cy,false,
2022-05-27 08:00:00,Cyprus,Cyprus,CY,601.19,770.29,35.07,35.07,tsoc.org.cy,false,
2022-05-27 09:00:00,Cyprus,Cyprus,CY,585.88,751.32,36.73,36.73,tsoc.org.cy,false,
2022-05-27 10:00:00,Cyprus,Cyprus,CY,579.82,743.84,37.38,37.38,tsoc.org.cy,false,
2022-05-27 11:00:00,Cyprus,Cyprus,CY,589.86,756.2,36.3,36.3,tsoc.org.cy,false,
2022-05-27 12:00:00,Cyprus,Cyprus,CY,611.55,782.95,33.95,33.95,tsoc.org.cy,false,
2022-05-27 13:00:00,Cyprus,Cyprus,CY,659.84,842.68,28.74,28.74,tsoc.org.cy,false,
2022-05-27 14:00:00,Cyprus,Cyprus,CY,734.61,935.16,20.66,20.66,tsoc.org.cy,false,
2022-05-27 15:00:00,Cyprus,Cyprus,CY,822.99,1044.48,11.12,11.12,tsoc.org.cy,false,
2022-05-27 16:00:00,Cyprus,Cyprus,CY,855.3,1084.02,7.63,7.63,tsoc.org.cy,false,
2022-05-27 17:00:00,Cyprus,Cyprus,CY,842.47,1067.75,9.02,9.02,tsoc.org.cy,false,
2022-05-27 18:00:00,Cyprus,Cyprus,CY,830.47,1052.87,10.31,10.31,tsoc.org.cy,false,
2022-05-27 19:00:00,Cyprus,Cyprus,CY,826.0,1047.46,10.79,10.79,tsoc.org.cy,false,
2022-05-27 20:00:00,Cyprus,Cyprus,CY,806.97,1023.84,12.85,12.85,tsoc.org.cy,false,
2022-05-27 21:00:00,Cyprus,Cyprus,CY,753.19,956.9,18.66,18.66,tsoc.org.cy,false,
2022-05-27 22:00:00,Cyprus,Cyprus,CY,698.4,888.6,24.57,24.57,tsoc.org.cy,false,
2022-05-27 23:00:00,Cyprus,Cyprus,CY,723.99,920.73,21.81,21.81,tsoc.org.cy,false,
2022-05-28 00:00:00,Cyprus,Cyprus,CY,776.83,986.89,16.1,16.1,tsoc.org.cy,false,
2022-05-28 01:00:00,Cyprus,Cyprus,CY,807.82,1025.66,12.76,12.76,tsoc.org.cy,false,
2022-05-28 02:00:00,Cyprus,Cyprus,CY,828.39,1051.34,10.54,10.54,tsoc.org.cy,false,
2022-05-28 03:00:00,Cyprus,Cyprus,CY,825.76,1048.25,10.82,10.82,tsoc.org.cy,false,
2022-05-28 04:00:00,Cyprus,Cyprus,CY,775.39,986.16,16.26,16.26,tsoc.org.cy,false,
2022-05-28 05:00:00,Cyprus,Cyprus,CY,700.48,893.49,24.35,24.35,tsoc.org.cy,false,
2022-05-28 06:00:00,Cyprus,Cyprus,CY,632.65,809.44,31.68,31.68,tsoc.org.cy,false,
2022-05-28 07:00:00,Cyprus,Cyprus,CY,579.32,743.33,37.44,37.44,tsoc.org.cy,false,
2022-05-28 08:00:00,Cyprus,Cyprus,CY,540.83,695.57,41.59,41.59,tsoc.org.cy,false,
2022-05-28 09:00:00,Cyprus,Cyprus,CY,508.09,654.77,45.13,45.13,tsoc.org.cy,false,
2022-05-28 10:00:00,Cyprus,Cyprus,CY,475.83,614.45,48.61,48.61,tsoc.org.cy,false,
2022-05-28 11:00:00,Cyprus,Cyprus,CY,493.98,636.87,46.65,46.65,tsoc.org.cy,false,
2022-05-28 12:00:00,Cyprus,Cyprus,CY,539.53,693.31,41.73,41.73,tsoc.org.cy,false,
2022-05-28 13:00:00,Cyprus,Cyprus,CY,598.76,766.64,35.34,35.34,tsoc.org.cy,false,
2022-05-28 14:00:00,Cyprus,Cyprus,CY,671.37,856.33,27.49,27.49,tsoc.org.cy,false,
2022-05-28 15:00:00,Cyprus,Cyprus,CY,772.43,981.45,16.58,16.58,tsoc.org.cy,false,
2022-05-28 16:00:00,Cyprus,Cyprus,CY,849.98,1077.45,8.2,8.2,tsoc.org.cy,false,
2022-05-28 17:00:00,Cyprus,Cyprus,CY,848.66,1075.55,8.35,8.35,tsoc.org.cy,false,
2022-05-28 18:00:00,Cyprus,Cyprus,CY,845.2,1071.31,8.72,8.72,tsoc.org.cy,false,
2022-05-28 19:00:00,Cyprus,Cyprus,CY,813.77,1032.16,12.12,12.12,tsoc.org.cy,false,
2022-05-28 20:00:00,Cyprus,Cyprus,CY,781.53,992.01,15.6,15.6,tsoc.org.cy,false,
2022-05-28 21:00:00,Cyprus,Cyprus,CY,778.21,988.08,15.96,15.96,tsoc.org.cy,false,
2022-05-28 22:00:00,Cyprus,Cyprus,CY,760.34,965.89,17.89,17.89,tsoc.org.cy,false,
2022-05-28 23:00:00,Cyprus,Cyprus,CY,754.21,958.38,18.55,18.55,tsoc.org.cy,false,
2022-05-29 00:00:00,Cyprus,Cyprus,CY,789.3,1002.34,14.76,14.76,tsoc.org.cy,false,
2022-05-29 01:00:00,Cyprus,Cyprus,CY,853.29,1082.41,7.85,7.85,tsoc.org.cy,false,
2022-05-29 02:00:00,Cyprus,Cyprus,CY,901.92,1143.22,2.59,2.59,tsoc.org.cy,false,
2022-05-29 03:00:00,Cyprus,Cyprus,CY,881.42,1117.91,4.81,4.81,tsoc.org.cy,false,
2022-05-29 04:00:00,Cyprus,Cyprus,CY,786.82,1000.78,15.03,15.03,tsoc.org.cy,false,
2022-05-29 05:00:00,Cyprus,Cyprus,CY,681.35,870.18,26.42,26.42,tsoc.org.cy,false,
2022-05-29 06:00:00,Cyprus,Cyprus,CY,612.87,785.37,33.81,33.81,tsoc.org.cy,false,
2022-05-29 07:00:00,Cyprus,Cyprus,CY,572.35,735.16,38.19,38.19,tsoc.org.cy,false,
2022-05-29 08:00:00,Cyprus,Cyprus,CY,541.84,697.28,41.48,41.48,tsoc.org.cy,false,
2022-05-29 09:00:00,Cyprus,Cyprus,CY,524.61,675.88,43.34,43.34,tsoc.org.cy,false,
2022-05-29 10:00:00,Cyprus,Cyprus,CY,524.46,675.65,43.36,43.36,tsoc.org.cy,false,
2022-05-29 11:00:00,Cyprus,Cyprus,CY,545.93,702.23,41.04,41.04,tsoc.org.cy,false,
2022-05-29 12:00:00,Cyprus,Cyprus,CY,582.47,747.33,37.09,37.09,tsoc.org.cy,false,
2022-05-29 13:00:00,Cyprus,Cyprus,CY,641.07,819.72,30.77,30.77,tsoc.org.cy,false,
2022-05-29 14:00:00,Cyprus,Cyprus,CY,720.74,918.21,22.16,22.16,tsoc.org.cy,false,
2022-05-29 15:00:00,Cyprus,Cyprus,CY,816.07,1036.1,11.87,11.87,tsoc.org.cy,false,
2022-05-29 16:00:00,Cyprus,Cyprus,CY,865.54,1097.0,6.52,6.52,tsoc.org.cy,false,
2022-05-29 17:00:00,Cyprus,Cyprus,CY,846.15,1072.47,8.62,8.62,tsoc.org.cy,false,
2022-05-29 18:00:00,Cyprus,Cyprus,CY,847.03,1073.55,8.52,8.52,tsoc.org.cy,false,
2022-05-29 19:00:00,Cyprus,Cyprus,CY,828.83,1050.92,10.49,10.49,tsoc.org.cy,false,
2022-05-29 20:00:00,Cyprus,Cyprus,CY,816.57,1035.74,11.81,11.81,tsoc.org.cy,false,
2022-05-29 21:00:00,Cyprus,Cyprus,CY,830.3,1053.13,10.33,10.33,tsoc.org.cy,false,
2022-05-29 22:00:00,Cyprus,Cyprus,CY,848.92,1076.58,8.32,8.32,tsoc.org.cy,false,
2022-05-29 23:00:00,Cyprus,Cyprus,CY,857.34,1087.24,7.41,7.41,tsoc.org.cy,false,
2022-05-30 00:00:00,Cyprus,Cyprus,CY,862.44,1093.71,6.86,6.86,tsoc.org.cy,false,
2022-05-30 01:00:00,Cyprus,Cyprus,CY,876.17,1110.92,5.38,5.38,tsoc.org.cy,false,
2022-05-30 02:00:00,Cyprus,Cyprus,CY,904.99,1146.86,2.26,2.26,tsoc.org.cy,false,
2022-05-30 03:00:00,Cyprus,Cyprus,CY,878.89,1114.31,5.08,5.08,tsoc.org.cy,false,
2022-05-30 04:00:00,Cyprus,Cyprus,CY,812.48,1031.83,12.25,12.25,tsoc.org.cy,false,
2022-05-30 05:00:00,Cyprus,Cyprus,CY,756.63,962.56,18.29,18.29,tsoc.org.cy,false,
2022-05-30 06:00:00,Cyprus,Cyprus,CY,709.92,904.66,23.33,23.33,tsoc.org.cy,false,
2022-05-30 07:00:00,Cyprus,Cyprus,CY,671.23,856.71,27.51,27.51,tsoc.org.cy,false,
2022-05-30 08:00:00,Cyprus,Cyprus,CY,647.72,827.56,30.05,30.05,tsoc.org.cy,false,
2022-05-30 09:00:00,Cyprus,Cyprus,CY,632.15,808.23,31.73,31.73,tsoc.org.cy,false,
2022-05-30 10:00:00,Cyprus,Cyprus,CY,620.15,793.37,33.03,33.03,tsoc.org.cy,false,
2022-05-30 11:00:00,Cyprus,Cyprus,CY,625.18,799.47,32.48,32.48,tsoc.org.cy,false,
2022-05-30 12:00:00,Cyprus,Cyprus,CY,632.97,808.9,31.64,31.64,tsoc.org.cy,false,
2022-05-30 13:00:00,Cyprus,Cyprus,CY,662.75,845.6,28.42,28.42,tsoc.org.cy,false,
2022-05-30 14:00:00,Cyprus,Cyprus,CY,706.88,900.04,23.66,23.66,tsoc.org.cy,false,
2022-05-30 15:00:00,Cyprus,Cyprus,CY,773.38,982.25,16.48,16.48,tsoc.org.cy,false,
2022-05-30 16:00:00,Cyprus,Cyprus,CY,837.3,1061.47,9.57,9.57,tsoc.org.cy,false,
2022-05-30 17:00:00,Cyprus,Cyprus,CY,847.07,1073.33,8.52,8.52,tsoc.org.cy,false,
2022-05-30 18:00:00,Cyprus,Cyprus,CY,828.99,1050.78,10.47,10.47,tsoc.org.cy,false,
2022-05-30 19:00:00,Cyprus,Cyprus,CY,842.02,1067.19,9.06,9.06,tsoc.org.cy,false,
2022-05-30 20:00:00,Cyprus,Cyprus,CY,857.42,1086.6,7.4,7.4,tsoc.org.cy,false,
2022-05-30 21:00:00,Cyprus,Cyprus,CY,883.14,1118.99,4.62,4.62,tsoc.org.cy,false,
2022-05-30 22:00:00,Cyprus,Cyprus,CY,886.36,1123.19,4.28,4.28,tsoc.org.cy,false,
2022-05-30 23:00:00,Cyprus,Cyprus,CY,892.86,1131.46,3.57,3.57,tsoc.org.cy,false,
2022-05-31 00:00:00,Cyprus,Cyprus,CY,887.46,1124.81,4.16,4.16,tsoc.org.cy,false,
2022-05-31 01:00:00,Cyprus,Cyprus,CY,874.87,1109.13,5.52,5.52,tsoc.org.cy,false,
2022-05-31 02:00:00,Cyprus,Cyprus,CY,890.91,1129.14,3.78,3.78,tsoc.org.cy,false,
2022-05-31 03:00:00,Cyprus,Cyprus,CY,864.0,1095.83,6.69,6.69,tsoc.org.cy,false,
2022-05-31 04:00:00,Cyprus,Cyprus,CY,801.85,1018.69,13.4,13.4,tsoc.org.cy,false,
2022-05-31 05:00:00,Cyprus,Cyprus,CY,737.04,938.31,20.4,20.4,tsoc.org.cy,false,
2022-05-31 06:00:00,Cyprus,Cyprus,CY,702.54,895.55,24.13,24.13,tsoc.org.cy,false,
2022-05-31 07:00:00,Cyprus,Cyprus,CY,667.14,851.67,27.95,27.95,tsoc.org.cy,false,
2022-05-31 08:00:00,Cyprus,Cyprus,CY,638.79,816.51,31.01,31.01,tsoc.org.cy,false,
2022-05-31 09:00:00,Cyprus,Cyprus,CY,607.88,778.11,34.35,34.35,tsoc.org.cy,false,
2022-05-31 10:00:00,Cyprus,Cyprus,CY,600.39,768.85,35.16,35.16,tsoc.org.cy,false,
2022-05-31 11:00:00,Cyprus,Cyprus,CY,611.79,782.89,33.93,33.93,tsoc.org.cy,false,
2022-05-31 12:00:00,Cyprus,Cyprus,CY,635.73,812.48,31.34,31.34,tsoc.org.cy,false,
2022-05-31 13:00:00,Cyprus,Cyprus,CY,666.06,849.89,28.07,28.07,tsoc.org.cy,false,
2022-05-31 14:00:00,Cyprus,Cyprus,CY,725.08,922.85,21.69,21.69,tsoc.org.cy,false,
2022-05-31 15:00:00,Cyprus,Cyprus,CY,800.13,1015.68,13.59,13.59,tsoc.org.cy,false,
2022-05-31 16:00:00,Cyprus,Cyprus,CY,852.01,1079.76,7.98,7.98,tsoc.org.cy,false,
2022-05-31 17:00:00,Cyprus,Cyprus,CY,859.94,1089.45,7.13,7.13,tsoc.org.cy,false,
2022-05-31 18:00:00,Cyprus,Cyprus,CY,856.27,1084.93,7.52,7.52,tsoc.org.cy,false,
2022-05-31 19:00:00,Cyprus,Cyprus,CY,864.69,1095.6,6.62,6.62,tsoc.org.cy,false,
2022-05-31 20:00:00,Cyprus,Cyprus,CY,883.92,1119.78,4.54,4.54,tsoc.org.cy,false,
2022-05-31 21:00:00,Cyprus,Cyprus,CY,894.79,1133.62,3.37,3.37,tsoc.org.cy,false,
2022-05-31 22:00:00,Cyprus,Cyprus,CY,908.61,1151.07,1.87,1.87,tsoc.org.cy,false,
2022-05-31 23:00:00,Cyprus,Cyprus,CY,912.91,1156.59,1.41,1.41,tsoc.org.cy,false,
2022-06-01 00:00:00,Cyprus,Cyprus,CY,909.16,1152.02,1.81,1.81,tsoc.org.cy,false,
2022-06-01 01:00:00,Cyprus,Cyprus,CY,907.29,1149.72,2.02,2.02,tsoc.org.cy,false,
2022-06-01 02:00:00,Cyprus,Cyprus,CY,909.26,1152.12,1.8,1.8,tsoc.org.cy,false,
2022-06-01 03:00:00,Cyprus,Cyprus,CY,883.59,1120.12,4.57,4.57,tsoc.org.cy,false,
2022-06-01 04:00:00,Cyprus,Cyprus,CY,804.62,1022.09,13.1,13.1,tsoc.org.cy,false,
2022-06-01 05:00:00,Cyprus,Cyprus,CY,734.32,934.91,20.7,20.7,tsoc.org.cy,false,
2022-06-01 06:00:00,Cyprus,Cyprus,CY,680.54,868.33,26.5,26.5,tsoc.org.cy,false,
2022-06-01 07:00:00,Cyprus,Cyprus,CY,639.14,817.11,30.97,30.97,tsoc.org.cy,false,
2022-06-01 08:00:00,Cyprus,Cyprus,CY,612.35,783.99,33.87,33.87,tsoc.org.cy,false,
2022-06-01 09:00:00,Cyprus,Cyprus,CY,593.77,760.94,35.87,35.87,tsoc.org.cy,false,
2022-06-01 10:00:00,Cyprus,Cyprus,CY,592.13,758.89,36.05,36.05,tsoc.org.cy,false,
2022-06-01 11:00:00,Cyprus,Cyprus,CY,599.26,767.63,35.28,35.28,tsoc.org.cy,false,
2022-06-01 12:00:00,Cyprus,Cyprus,CY,623.4,797.45,32.67,32.67,tsoc.org.cy,false,
2022-06-01 13:00:00,Cyprus,Cyprus,CY,671.65,857.16,27.46,27.46,tsoc.org.cy,false,
2022-06-01 14:00:00,Cyprus,Cyprus,CY,746.85,950.27,19.34,19.34,tsoc.org.cy,false,
2022-06-01 15:00:00,Cyprus,Cyprus,CY,826.79,1049.12,10.71,10.71,tsoc.org.cy,false,
2022-06-01 16:00:00,Cyprus,Cyprus,CY,892.24,1130.1,3.64,3.64,tsoc.org.cy,false,
2022-06-01 17:00:00,Cyprus,Cyprus,CY,910.07,1152.13,1.72,1.72,tsoc.org.cy,false,
2022-06-01 18:00:00,Cyprus,Cyprus,CY,910.65,1152.93,1.65,1.65,tsoc.org.cy,false,
2022-06-01 19:00:00,Cyprus,Cyprus,CY,912.71,1155.66,1.43,1.43,tsoc.org.cy,false,
2022-06-01 20:00:00,Cyprus,Cyprus,CY,903.64,1144.48,2.41,2.41,tsoc.org.cy,false,
2022-06-01 21:00:00,Cyprus,Cyprus,CY,880.57,1115.9,4.9,4.9,tsoc.org.cy,false,
2022-06-01 22:00:00,Cyprus,Cyprus,CY,884.55,1121.05,4.47,4.47,tsoc.org.cy,false,
2022-06-01 23:00:00,Cyprus,Cyprus,CY,894.61,1133.77,3.38,3.38,tsoc.org.cy,false,
2022-06-02 00:00:00,Cyprus,Cyprus,CY,908.94,1151.79,1.84,1.84,tsoc.org.cy,false,
2022-06-02 01:00:00,Cyprus,Cyprus,CY,903.72,1145.29,2.4,2.4,tsoc.org.cy,false,
2022-06-02 02:00:00,Cyprus,Cyprus,CY,893.72,1132.74,3.48,3.48,tsoc.org.cy,false,
2022-06-02 03:00:00,Cyprus,Cyprus,CY,888.27,1125.99,4.07,4.07,tsoc.org.cy,false,
2022-06-02 04:00:00,Cyprus,Cyprus,CY,810.26,1029.18,12.49,12.49,tsoc.org.cy,false,
2022-06-02 05:00:00,Cyprus,Cyprus,CY,728.23,927.47,21.35,21.35,tsoc.org.cy,false,
2022-06-02 06:00:00,Cyprus,Cyprus,CY,680.91,868.88,26.46,26.46,tsoc.org.cy,false,
2022-06-02 07:00:00,Cyprus,Cyprus,CY,646.71,826.55,30.16,30.16,tsoc.org.cy,false,
2022-06-02 08:00:00,Cyprus,Cyprus,CY,612.41,784.04,33.86,33.86,tsoc.org.cy,false,
2022-06-02 09:00:00,Cyprus,Cyprus,CY,599.26,767.75,35.28,35.28,tsoc.org.cy,false,
2022-06-02 10:00:00,Cyprus,Cyprus,CY,590.57,756.93,36.22,36.22,tsoc.org.cy,false,
2022-06-02 11:00:00,Cyprus,Cyprus,CY,602.56,771.74,34.93,34.93,tsoc.org.cy,false,
2022-06-02 12:00:00,Cyprus,Cyprus,CY,626.77,801.61,32.31,32.31,tsoc.org.cy,false,
2022-06-02 13:00:00,Cyprus,Cyprus,CY,668.26,852.85,27.83,27.83,tsoc.org.cy,false,
2022-06-02 14:00:00,Cyprus,Cyprus,CY,730.7,930.05,21.09,21.09,tsoc.org.cy,false,
2022-06-02 15:00:00,Cyprus,Cyprus,CY,815.62,1035.15,11.92,11.92,tsoc.org.cy,false,
2022-06-02 16:00:00,Cyprus,Cyprus,CY,881.96,1117.26,4.75,4.75,tsoc.org.cy,false,
2022-06-02 17:00:00,Cyprus,Cyprus,CY,909.84,1151.88,1.74,1.74,tsoc.org.cy,false,
2022-06-02 18:00:00,Cyprus,Cyprus,CY,910.0,1152.15,1.72,1.72,tsoc.org.cy,false,
2022-06-02 19:00:00,Cyprus,Cyprus,CY,910.44,1152.87,1.67,1.67,tsoc.org.cy,false,
2022-06-02 20:00:00,Cyprus,Cyprus,CY,911.5,1154.36,1.56,1.56,tsoc.org.cy,false,
2022-06-02 21:00:00,Cyprus,Cyprus,CY,908.48,1150.85,1.89,1.89,tsoc.org.cy,false,
2022-06-02 22:00:00,Cyprus,Cyprus,CY,911.42,1154.71,1.57,1.57,tsoc.org.cy,false,
2022-06-02 23:00:00,Cyprus,Cyprus,CY,912.4,1156.06,1.46,1.46,tsoc.org.cy,false,
2022-06-03 00:00:00,Cyprus,Cyprus,CY,912.5,1156.29,1.45,1.45,tsoc.org.cy,false,
2022-06-03 01:00:00,Cyprus,Cyprus,CY,912.24,1156.03,1.48,1.48,tsoc.org.cy,false,
2022-06-03 02:00:00,Cyprus,Cyprus,CY,912.56,1156.36,1.45,1.45,tsoc.org.cy,false,
2022-06-03 03:00:00,Cyprus,Cyprus,CY,887.9,1125.6,4.11,4.11,tsoc.org.cy,false,
2022-06-03 04:00:00,Cyprus,Cyprus,CY,815.04,1035.15,11.98,11.98,tsoc.org.cy,false,
2022-06-03 05:00:00,Cyprus,Cyprus,CY,744.82,948.09,19.56,19.56,tsoc.org.cy,false,
2022-06-03 06:00:00,Cyprus,Cyprus,CY,673.07,859.23,27.31,27.31,tsoc.org.cy,false,
2022-06-03 07:00:00,Cyprus,Cyprus,CY,630.32,806.27,31.93,31.93,tsoc.org.cy,false,
2022-06-03 08:00:00,Cyprus,Cyprus,CY,587.23,752.84,36.58,36.58,tsoc.org.cy,false,
2022-06-03 09:00:00,Cyprus,Cyprus,CY,570.3,731.88,38.41,38.41,tsoc.org.cy,false,
2022-06-03 10:00:00,Cyprus,Cyprus,CY,570.95,732.73,38.34,38.34,tsoc.org.cy,false,
2022-06-03 11:00:00,Cyprus,Cyprus,CY,575.48,738.26,37.85,37.85,tsoc.org.cy,false,
2022-06-03 12:00:00,Cyprus,Cyprus,CY,604.4,774.02,34.73,34.73,tsoc.org.cy,false,
2022-06-03 13:00:00,Cyprus,Cyprus,CY,659.52,842.15,28.77,28.77,tsoc.org.cy,false,
2022-06-03 14:00:00,Cyprus,Cyprus,CY,731.93,931.69,20.95,20.95,tsoc.org.cy,false,
2022-06-03 15:00:00,Cyprus,Cyprus,CY,825.98,1048.04,10.8,10.8,tsoc.org.cy,false,
2022-06-03 16:00:00,Cyprus,Cyprus,CY,884.9,1120.94,4.43,4.43,tsoc.org.cy,false,
2022-06-03 17:00:00,Cyprus,Cyprus,CY,902.56,1142.84,2.53,2.53,tsoc.org.cy,false,
2022-06-03 18:00:00,Cyprus,Cyprus,CY,901.69,1141.83,2.62,2.62,tsoc.org.cy,false,
2022-06-03 19:00:00,Cyprus,Cyprus,CY,886.66,1123.23,4.24,4.24,tsoc.org.cy,false,
2022-06-03 20:00:00,Cyprus,Cyprus,CY,885.46,1121.87,4.37,4.37,tsoc.org.cy,false,
2022-06-03 21:00:00,Cyprus,Cyprus,CY,890.34,1128.22,3.85,3.85,tsoc.org.cy,false,
2022-06-03 22:00:00,Cyprus,Cyprus,CY,897.01,1136.75,3.13,3.12,tsoc.org.cy,false,
2022-06-03 23:00:00,Cyprus,Cyprus,CY,902.91,1144.24,2.49,2.49,tsoc.org.cy,false,
2022-06-04 00:00:00,Cyprus,Cyprus,CY,907.3,1149.82,2.01,2.01,tsoc.org.cy,false,
2022-06-04 01:00:00,Cyprus,Cyprus,CY,912.23,1156.02,1.48,1.48,tsoc.org.cy,false,
2022-06-04 02:00:00,Cyprus,Cyprus,CY,912.28,1156.08,1.48,1.48,tsoc.org.cy,false,
2022-06-04 03:00:00,Cyprus,Cyprus,CY,891.53,1130.31,3.72,3.72,tsoc.org.cy,false,
2022-06-04 04:00:00,Cyprus,Cyprus,CY,814.17,1034.39,12.07,12.07,tsoc.org.cy,false,
2022-06-04 05:00:00,Cyprus,Cyprus,CY,728.61,928.35,21.31,21.31,tsoc.org.cy,false,
2022-06-04 06:00:00,Cyprus,Cyprus,CY,668.23,853.56,27.83,27.83,tsoc.org.cy,false,
2022-06-04 07:00:00,Cyprus,Cyprus,CY,618.32,791.73,33.22,33.22,tsoc.org.cy,false,
2022-06-04 08:00:00,Cyprus,Cyprus,CY,574.95,737.91,37.91,37.91,tsoc.org.cy,false,
2022-06-04 09:00:00,Cyprus,Cyprus,CY,543.17,698.36,41.34,41.34,tsoc.org.cy,false,
2022-06-04 10:00:00,Cyprus,Cyprus,CY,543.58,698.9,41.29,41.29,tsoc.org.cy,false,
2022-06-04 11:00:00,Cyprus,Cyprus,CY,553.88,711.59,40.18,40.18,tsoc.org.cy,false,
2022-06-04 12:00:00,Cyprus,Cyprus,CY,569.9,731.27,38.45,38.45,tsoc.org.cy,false,
2022-06-04 13:00:00,Cyprus,Cyprus,CY,632.59,808.83,31.68,31.68,tsoc.org.cy,false,
2022-06-04 14:00:00,Cyprus,Cyprus,CY,720.23,917.33,22.22,22.22,tsoc.org.cy,false,
2022-06-04 15:00:00,Cyprus,Cyprus,CY,821.19,1042.36,11.31,11.31,tsoc.org.cy,false,
2022-06-04 16:00:00,Cyprus,Cyprus,CY,889.63,1127.06,3.92,3.92,tsoc.org.cy,false,
2022-06-04 17:00:00,Cyprus,Cyprus,CY,912.92,1155.89,1.41,1.41,tsoc.org.cy,false,
2022-06-04 18:00:00,Cyprus,Cyprus,CY,913.37,1156.51,1.36,1.36,tsoc.org.cy,false,
2022-06-04 19:00:00,Cyprus,Cyprus,CY,906.07,1147.54,2.15,2.15,tsoc.org.cy,false,
2022-06-04 20:00:00,Cyprus,Cyprus,CY,890.42,1128.11,3.84,3.84,tsoc.org.cy,false,
2022-06-04 21:00:00,Cyprus,Cyprus,CY,866.97,1099.0,6.37,6.37,tsoc.org.cy,false,
2022-06-04 22:00:00,Cyprus,Cyprus,CY,865.96,1097.91,6.48,6.48,tsoc.org.cy,false,
2022-06-04 23:00:00,Cyprus,Cyprus,CY,885.6,1122.59,4.36,4.36,tsoc.org.cy,false,
2022-06-05 00:00:00,Cyprus,Cyprus,CY,908.45,1151.25,1.89,1.89,tsoc.org.cy,false,
2022-06-05 01:00:00,Cyprus,Cyprus,CY,907.55,1150.19,1.99,1.99,tsoc.org.cy,false,
2022-06-05 02:00:00,Cyprus,Cyprus,CY,907.5,1150.14,1.99,1.99,tsoc.org.cy,false,
2022-06-05 03:00:00,Cyprus,Cyprus,CY,868.58,1101.76,6.2,6.2,tsoc.org.cy,false,
2022-06-05 04:00:00,Cyprus,Cyprus,CY,783.62,996.46,15.37,15.37,tsoc.org.cy,false,
2022-06-05 05:00:00,Cyprus,Cyprus,CY,701.38,894.86,24.25,24.25,tsoc.org.cy,false,
2022-06-05 06:00:00,Cyprus,Cyprus,CY,630.11,806.69,31.95,31.95,tsoc.org.cy,false,
2022-06-05 07:00:00,Cyprus,Cyprus,CY,575.76,739.29,37.82,37.82,tsoc.org.cy,false,
2022-06-05 08:00:00,Cyprus,Cyprus,CY,531.88,684.81,42.56,42.56,tsoc.org.cy,false,
2022-06-05 09:00:00,Cyprus,Cyprus,CY,513.92,662.45,44.5,44.5,tsoc.org.cy,false,
2022-06-05 10:00:00,Cyprus,Cyprus,CY,492.99,636.18,46.76,46.76,tsoc.org.cy,false,
2022-06-05 11:00:00,Cyprus,Cyprus,CY,500.9,645.91,45.9,45.9,tsoc.org.cy,false,
2022-06-05 12:00:00,Cyprus,Cyprus,CY,541.45,696.02,41.53,41.53,tsoc.org.cy,false,
2022-06-05 13:00:00,Cyprus,Cyprus,CY,620.37,793.66,33.0,33.0,tsoc.org.cy,false,
2022-06-05 14:00:00,Cyprus,Cyprus,CY,700.55,892.9,24.34,24.34,tsoc.org.cy,false,
2022-06-05 15:00:00,Cyprus,Cyprus,CY,797.77,1013.19,13.84,13.84,tsoc.org.cy,false,
2022-06-05 16:00:00,Cyprus,Cyprus,CY,841.81,1067.44,9.09,9.09,tsoc.org.cy,false,
2022-06-05 17:00:00,Cyprus,Cyprus,CY,876.2,1110.03,5.37,5.37,tsoc.org.cy,false,
2022-06-05 18:00:00,Cyprus,Cyprus,CY,879.39,1114.02,5.03,5.03,tsoc.org.cy,false,
2022-06-05 19:00:00,Cyprus,Cyprus,CY,887.85,1124.71,4.12,4.12,tsoc.org.cy,false,
2022-06-05 20:00:00,Cyprus,Cyprus,CY,896.72,1135.95,3.16,3.16,tsoc.org.cy,false,
2022-06-05 21:00:00,Cyprus,Cyprus,CY,856.02,1085.34,7.55,7.55,tsoc.org.cy,false,
2022-06-05 22:00:00,Cyprus,Cyprus,CY,801.39,1017.26,13.45,13.45,tsoc.org.cy,false,
2022-06-05 23:00:00,Cyprus,Cyprus,CY,842.18,1068.37,9.05,9.05,tsoc.org.cy,false,
2022-06-06 00:00:00,Cyprus,Cyprus,CY,875.58,1110.18,5.44,5.44,tsoc.org.cy,false,
2022-06-06 01:00:00,Cyprus,Cyprus,CY,882.1,1118.35,4.74,4.74,tsoc.org.cy,false,
2022-06-06 02:00:00,Cyprus,Cyprus,CY,890.96,1129.34,3.78,3.78,tsoc.org.cy,false,
2022-06-06 03:00:00,Cyprus,Cyprus,CY,888.61,1126.45,4.03,4.03,tsoc.org.cy,false,
2022-06-06 04:00:00,Cyprus,Cyprus,CY,819.74,1040.92,11.47,11.47,tsoc.org.cy,false,
2022-06-06 05:00:00,Cyprus,Cyprus,CY,747.21,950.94,19.3,19.3,tsoc.org.cy,false,
2022-06-06 06:00:00,Cyprus,Cyprus,CY,696.11,887.6,24.82,24.82,tsoc.org.cy,false,
2022-06-06 07:00:00,Cyprus,Cyprus,CY,653.84,835.2,29.39,29.39,tsoc.org.cy,false,
2022-06-06 08:00:00,Cyprus,Cyprus,CY,616.26,788.63,33.45,33.45,tsoc.org.cy,false,
2022-06-06 09:00:00,Cyprus,Cyprus,CY,591.98,758.49,36.07,36.07,tsoc.org.cy,false,
2022-06-06 10:00:00,Cyprus,Cyprus,CY,597.7,765.42,35.45,35.45,tsoc.org.cy,false,
2022-06-06 11:00:00,Cyprus,Cyprus,CY,675.15,861.07,27.09,27.09,tsoc.org.cy,false,
2022-06-06 12:00:00,Cyprus,Cyprus,CY,667.03,851.17,27.96,27.96,tsoc.org.cy,false,
2022-06-06 13:00:00,Cyprus,Cyprus,CY,697.06,888.43,24.72,24.72,tsoc.org.cy,false,
2022-06-06 14:00:00,Cyprus,Cyprus,CY,750.66,954.79,18.93,18.93,tsoc.org.cy,false,
2022-06-06 15:00:00,Cyprus,Cyprus,CY,814.7,1033.9,12.01,12.01,tsoc.org.cy,false,
2022-06-06 16:00:00,Cyprus,Cyprus,CY,867.06,1098.63,6.36,6.36,tsoc.org.cy,false,
2022-06-06 17:00:00,Cyprus,Cyprus,CY,896.61,1135.32,3.17,3.17,tsoc.org.cy,false,
2022-06-06 18:00:00,Cyprus,Cyprus,CY,889.79,1126.86,3.9,3.9,tsoc.org.cy,false,
2022-06-06 19:00:00,Cyprus,Cyprus,CY,891.51,1129.16,3.72,3.72,tsoc.org.cy,false,
2022-06-06 20:00:00,Cyprus,Cyprus,CY,893.32,1131.59,3.52,3.52,tsoc.org.cy,false,
2022-06-06 21:00:00,Cyprus,Cyprus,CY,882.31,1118.08,4.71,4.71,tsoc.org.cy,false,
2022-06-06 22:00:00,Cyprus,Cyprus,CY,891.43,1129.66,3.73,3.73,tsoc.org.cy,false,
2022-06-06 23:00:00,Cyprus,Cyprus,CY,908.47,1151.09,1.89,1.89,tsoc.org.cy,false,
2022-06-07 00:00:00,Cyprus,Cyprus,CY,912.92,1156.73,1.41,1.41,tsoc.org.cy,false,
2022-06-07 01:00:00,Cyprus,Cyprus,CY,911.7,1155.23,1.54,1.54,tsoc.org.cy,false,
2022-06-07 02:00:00,Cyprus,Cyprus,CY,911.48,1154.89,1.56,1.56,tsoc.org.cy,false,
2022-06-07 03:00:00,Cyprus,Cyprus,CY,881.37,1117.28,4.81,4.81,tsoc.org.cy,false,
2022-06-07 04:00:00,Cyprus,Cyprus,CY,819.76,1040.77,11.47,11.47,tsoc.org.cy,false,
2022-06-07 05:00:00,Cyprus,Cyprus,CY,760.0,966.68,17.92,17.92,tsoc.org.cy,false,
2022-06-07 06:00:00,Cyprus,Cyprus,CY,702.95,896.04,24.08,24.08,tsoc.org.cy,false,
2022-06-07 07:00:00,Cyprus,Cyprus,CY,658.03,840.4,28.94,28.94,tsoc.org.cy,false,
2022-06-07 08:00:00,Cyprus,Cyprus,CY,615.88,788.15,33.49,33.49,tsoc.org.cy,false,
2022-06-07 09:00:00,Cyprus,Cyprus,CY,594.26,761.28,35.82,35.82,tsoc.org.cy,false,
2022-06-07 10:00:00,Cyprus,Cyprus,CY,621.01,794.26,32.93,32.93,tsoc.org.cy,false,
2022-06-07 11:00:00,Cyprus,Cyprus,CY,630.73,806.19,31.88,31.88,tsoc.org.cy,false,
2022-06-07 12:00:00,Cyprus,Cyprus,CY,664.81,848.29,28.2,28.2,tsoc.org.cy,false,
2022-06-07 13:00:00,Cyprus,Cyprus,CY,692.15,882.25,25.25,25.25,tsoc.org.cy,false,
2022-06-07 14:00:00,Cyprus,Cyprus,CY,751.2,955.45,18.87,18.87,tsoc.org.cy,false,
2022-06-07 15:00:00,Cyprus,Cyprus,CY,832.09,1055.6,10.14,10.14,tsoc.org.cy,false,
2022-06-07 16:00:00,Cyprus,Cyprus,CY,889.18,1126.23,3.97,3.97,tsoc.org.cy,false,
2022-06-07 17:00:00,Cyprus,Cyprus,CY,903.88,1144.37,2.38,2.38,tsoc.org.cy,false,
2022-06-07 18:00:00,Cyprus,Cyprus,CY,902.88,1143.18,2.49,2.49,tsoc.org.cy,false,
2022-06-07 19:00:00,Cyprus,Cyprus,CY,907.53,1149.14,1.99,1.99,tsoc.org.cy,false,
2022-06-07 20:00:00,Cyprus,Cyprus,CY,915.93,1159.77,1.08,1.08,tsoc.org.cy,false,
2022-06-07 21:00:00,Cyprus,Cyprus,CY,914.94,1158.77,1.19,1.19,tsoc.org.cy,false,
2022-06-07 22:00:00,Cyprus,Cyprus,CY,909.8,1152.52,1.74,1.74,tsoc.org.cy,false,
2022-06-07 23:00:00,Cyprus,Cyprus,CY,906.03,1147.93,2.15,2.15,tsoc.org.cy,false,
2022-06-08 00:00:00,Cyprus,Cyprus,CY,903.39,1144.71,2.44,2.44,tsoc.org.cy,false,
2022-06-08 01:00:00,Cyprus,Cyprus,CY,912.23,1155.78,1.48,1.48,tsoc.org.cy,false,
2022-06-08 02:00:00,Cyprus,Cyprus,CY,904.13,1145.6,2.36,2.36,tsoc.org.cy,false,
2022-06-08 03:00:00,Cyprus,Cyprus,CY,890.63,1128.71,3.81,3.81,tsoc.org.cy,false,
2022-06-08 04:00:00,Cyprus,Cyprus,CY,848.34,1076.14,8.38,8.38,tsoc.org.cy,false,
2022-06-08 05:00:00,Cyprus,Cyprus,CY,782.21,994.01,15.52,15.52,tsoc.org.cy,false,
2022-06-08 06:00:00,Cyprus,Cyprus,CY,721.73,919.23,22.06,22.06,tsoc.org.cy,false,
2022-06-08 07:00:00,Cyprus,Cyprus,CY,660.18,842.92,28.7,28.7,tsoc.org.cy,false,
2022-06-08 08:00:00,Cyprus,Cyprus,CY,623.79,797.68,32.63,32.63,tsoc.org.cy,false,
2022-06-08 09:00:00,Cyprus,Cyprus,CY,596.48,763.66,35.58,35.58,tsoc.org.cy,false,
2022-06-08 10:00:00,Cyprus,Cyprus,CY,584.08,748.25,36.92,36.92,tsoc.org.cy,false,
2022-06-08 11:00:00,Cyprus,Cyprus,CY,597.69,765.06,35.45,35.45,tsoc.org.cy,false,
2022-06-08 12:00:00,Cyprus,Cyprus,CY,596.28,763.24,35.6,35.6,tsoc.org.cy,false,
2022-06-08 13:00:00,Cyprus,Cyprus,CY,642.51,820.55,30.61,30.61,tsoc.org.cy,false,
2022-06-08 14:00:00,Cyprus,Cyprus,CY,709.08,902.77,23.42,23.42,tsoc.org.cy,false,
2022-06-08 15:00:00,Cyprus,Cyprus,CY,792.43,1006.01,14.42,14.42,tsoc.org.cy,false,
2022-06-08 16:00:00,Cyprus,Cyprus,CY,857.07,1086.12,7.44,7.44,tsoc.org.cy,false,
2022-06-08 17:00:00,Cyprus,Cyprus,CY,881.72,1116.69,4.78,4.78,tsoc.org.cy,false,
2022-06-08 18:00:00,Cyprus,Cyprus,CY,879.58,1114.07,5.01,5.01,tsoc.org.cy,false,
2022-06-08 19:00:00,Cyprus,Cyprus,CY,890.78,1128.21,3.8,3.8,tsoc.org.cy,false,
2022-06-08 20:00:00,Cyprus,Cyprus,CY,896.8,1135.9,3.15,3.15,tsoc.org.cy,false,
2022-06-08 21:00:00,Cyprus,Cyprus,CY,907.79,1149.88,1.96,1.96,tsoc.org.cy,false,
2022-06-08 22:00:00,Cyprus,Cyprus,CY,909.99,1152.82,1.72,1.72,tsoc.org.cy,false,
2022-06-08 23:00:00,Cyprus,Cyprus,CY,911.82,1155.24,1.53,1.53,tsoc.org.cy,false,
2022-06-09 00:00:00,Cyprus,Cyprus,CY,913.03,1156.83,1.4,1.4,tsoc.org.cy,false,
2022-06-09 01:00:00,Cyprus,Cyprus,CY,904.83,1146.61,2.28,2.28,tsoc.org.cy,false,
2022-06-09 02:00:00,Cyprus,Cyprus,CY,904.72,1146.41,2.29,2.29,tsoc.org.cy,false,
2022-06-09 03:00:00,Cyprus,Cyprus,CY,883.62,1120.1,4.57,4.57,tsoc.org.cy,false,
2022-06-09 04:00:00,Cyprus,Cyprus,CY,825.88,1048.43,10.81,10.81,tsoc.org.cy,false,
2022-06-09 05:00:00,Cyprus,Cyprus,CY,749.9,954.23,19.01,19.01,tsoc.org.cy,false,
2022-06-09 06:00:00,Cyprus,Cyprus,CY,698.03,889.97,24.61,24.61,tsoc.org.cy,false,
2022-06-09 07:00:00,Cyprus,Cyprus,CY,656.58,838.62,29.09,29.09,tsoc.org.cy,false,
2022-06-09 08:00:00,Cyprus,Cyprus,CY,616.59,789.03,33.41,33.41,tsoc.org.cy,false,
2022-06-09 09:00:00,Cyprus,Cyprus,CY,618.73,791.6,33.18,33.18,tsoc.org.cy,false,
2022-06-09 10:00:00,Cyprus,Cyprus,CY,605.31,774.91,34.63,34.63,tsoc.org.cy,false,
2022-06-09 11:00:00,Cyprus,Cyprus,CY,603.02,771.92,34.88,34.88,tsoc.org.cy,false,
2022-06-09 12:00:00,Cyprus,Cyprus,CY,622.28,795.64,32.8,32.8,tsoc.org.cy,false,
2022-06-09 13:00:00,Cyprus,Cyprus,CY,670.07,854.61,27.63,27.63,tsoc.org.cy,false,
2022-06-09 14:00:00,Cyprus,Cyprus,CY,741.35,942.91,19.94,19.94,tsoc.org.cy,false,
2022-06-09 15:00:00,Cyprus,Cyprus,CY,814.32,1033.28,12.06,12.06,tsoc.org.cy,false,
2022-06-09 16:00:00,Cyprus,Cyprus,CY,871.07,1103.56,5.93,5.93,tsoc.org.cy,false,
2022-06-09 17:00:00,Cyprus,Cyprus,CY,886.02,1122.07,4.31,4.31,tsoc.org.cy,false,
2022-06-09 18:00:00,Cyprus,Cyprus,CY,888.52,1125.23,4.04,4.04,tsoc.org.cy,false,
2022-06-09 19:00:00,Cyprus,Cyprus,CY,903.21,1143.74,2.46,2.46,tsoc.org.cy,false,
2022-06-09 20:00:00,Cyprus,Cyprus,CY,904.71,1145.75,2.29,2.29,tsoc.org.cy,false,
2022-06-09 21:00:00,Cyprus,Cyprus,CY,892.65,1130.93,3.6,3.6,tsoc.org.cy,false,
2022-06-09 22:00:00,Cyprus,Cyprus,CY,861.06,1091.66,7.01,7.01,tsoc.org.cy,false,
2022-06-09 23:00:00,Cyprus,Cyprus,CY,859.32,1089.65,7.2,7.2,tsoc.org.cy,false,
2022-06-10 00:00:00,Cyprus,Cyprus,CY,865.56,1097.54,6.52,6.52,tsoc.org.cy,false,
2022-06-10 01:00:00,Cyprus,Cyprus,CY,869.18,1102.1,6.13,6.13,tsoc.org.cy,false,
2022-06-10 02:00:00,Cyprus,Cyprus,CY,898.97,1139.27,2.91,2.91,tsoc.org.cy,false,
2022-06-10 03:00:00,Cyprus,Cyprus,CY,888.83,1126.6,4.01,4.01,tsoc.org.cy,false,
2022-06-10 04:00:00,Cyprus,Cyprus,CY,829.96,1053.47,10.37,10.37,tsoc.org.cy,false,
2022-06-10 05:00:00,Cyprus,Cyprus,CY,763.48,971.05,17.55,17.55,tsoc.org.cy,false,
2022-06-10 06:00:00,Cyprus,Cyprus,CY,713.06,908.59,22.99,22.99,tsoc.org.cy,false,
2022-06-10 07:00:00,Cyprus,Cyprus,CY,659.89,842.72,28.73,28.73,tsoc.org.cy,false,
2022-06-10 08:00:00,Cyprus,Cyprus,CY,613.41,785.02,33.75,33.75,tsoc.org.cy,false,
2022-06-10 09:00:00,Cyprus,Cyprus,CY,590.89,757.02,36.19,36.19,tsoc.org.cy,false,
2022-06-10 10:00:00,Cyprus,Cyprus,CY,571.39,732.74,38.29,38.29,tsoc.org.cy,false,
2022-06-10 11:00:00,Cyprus,Cyprus,CY,588.55,754.0,36.44,36.44,tsoc.org.cy,false,
2022-06-10 12:00:00,Cyprus,Cyprus,CY,601.39,769.66,35.05,35.05,tsoc.org.cy,false,
2022-06-10 13:00:00,Cyprus,Cyprus,CY,642.52,820.38,30.61,30.61,tsoc.org.cy,false,
2022-06-10 14:00:00,Cyprus,Cyprus,CY,706.21,899.18,23.73,23.73,tsoc.org.cy,false,
2022-06-10 15:00:00,Cyprus,Cyprus,CY,791.92,1005.35,14.48,14.48,tsoc.org.cy,false,
2022-06-10 16:00:00,Cyprus,Cyprus,CY,854.7,1083.13,7.7,7.7,tsoc.org.cy,false,
2022-06-10 17:00:00,Cyprus,Cyprus,CY,866.35,1097.53,6.44,6.44,tsoc.org.cy,false,
2022-06-10 18:00:00,Cyprus,Cyprus,CY,845.98,1072.13,8.64,8.64,tsoc.org.cy,false,
2022-06-10 19:00:00,Cyprus,Cyprus,CY,841.22,1066.33,9.15,9.15,tsoc.org.cy,false,
2022-06-10 20:00:00,Cyprus,Cyprus,CY,834.25,1057.76,9.9,9.9,tsoc.org.cy,false,
2022-06-10 21:00:00,Cyprus,Cyprus,CY,801.15,1016.6,13.48,13.48,tsoc.org.cy,false,
2022-06-10 22:00:00,Cyprus,Cyprus,CY,847.46,1074.65,8.48,8.48,tsoc.org.cy,false,
2022-06-10 23:00:00,Cyprus,Cyprus,CY,885.24,1122.0,4.4,4.4,tsoc.org.cy,false,
2022-06-11 00:00:00,Cyprus,Cyprus,CY,905.37,1147.28,2.22,2.22,tsoc.org.cy,false,
2022-06-11 01:00:00,Cyprus,Cyprus,CY,907.83,1150.39,1.96,1.96,tsoc.org.cy,false,
2022-06-11 02:00:00,Cyprus,Cyprus,CY,898.98,1139.34,2.91,2.91,tsoc.org.cy,false,
2022-06-11 03:00:00,Cyprus,Cyprus,CY,857.01,1087.07,7.45,7.45,tsoc.org.cy,false,
2022-06-11 04:00:00,Cyprus,Cyprus,CY,808.14,1026.61,12.72,12.72,tsoc.org.cy,false,
2022-06-11 05:00:00,Cyprus,Cyprus,CY,727.68,926.81,21.41,21.41,tsoc.org.cy,false,
2022-06-11 06:00:00,Cyprus,Cyprus,CY,654.29,835.76,29.34,29.34,tsoc.org.cy,false,
2022-06-11 07:00:00,Cyprus,Cyprus,CY,600.13,768.74,35.19,35.19,tsoc.org.cy,false,
2022-06-11 08:00:00,Cyprus,Cyprus,CY,565.46,725.84,38.93,38.93,tsoc.org.cy,false,
2022-06-11 09:00:00,Cyprus,Cyprus,CY,556.77,715.12,39.87,39.87,tsoc.org.cy,false,
2022-06-11 10:00:00,Cyprus,Cyprus,CY,567.8,728.87,38.68,38.68,tsoc.org.cy,false,
2022-06-11 11:00:00,Cyprus,Cyprus,CY,558.83,717.57,39.65,39.65,tsoc.org.cy,false,
2022-06-11 12:00:00,Cyprus,Cyprus,CY,584.7,749.37,36.85,36.85,tsoc.org.cy,false,
2022-06-11 13:00:00,Cyprus,Cyprus,CY,662.66,845.97,28.44,28.44,tsoc.org.cy,false,
2022-06-11 14:00:00,Cyprus,Cyprus,CY,753.99,959.05,18.57,18.57,tsoc.org.cy,false,
2022-06-11 15:00:00,Cyprus,Cyprus,CY,826.89,1049.2,10.7,10.7,tsoc.org.cy,false,
2022-06-11 16:00:00,Cyprus,Cyprus,CY,867.94,1099.82,6.27,6.27,tsoc.org.cy,false,
2022-06-11 17:00:00,Cyprus,Cyprus,CY,881.77,1116.87,4.77,4.77,tsoc.org.cy,false,
2022-06-11 18:00:00,Cyprus,Cyprus,CY,876.35,1110.16,5.36,5.36,tsoc.org.cy,false,
2022-06-11 19:00:00,Cyprus,Cyprus,CY,890.65,1128.14,3.81,3.81,tsoc.org.cy,false,
2022-06-11 20:00:00,Cyprus,Cyprus,CY,895.11,1133.82,3.33,3.33,tsoc.org.cy,false,
2022-06-11 21:00:00,Cyprus,Cyprus,CY,865.96,1097.55,6.48,6.48,tsoc.org.cy,false,
2022-06-11 22:00:00,Cyprus,Cyprus,CY,835.78,1059.98,9.74,9.74,tsoc.org.cy,false,
2022-06-11 23:00:00,Cyprus,Cyprus,CY,820.81,1041.4,11.35,11.35,tsoc.org.cy,false,
2022-06-12 00:00:00,Cyprus,Cyprus,CY,837.02,1061.74,9.6,9.6,tsoc.org.cy,false,
2022-06-12 01:00:00,Cyprus,Cyprus,CY,832.93,1056.69,10.05,10.05,tsoc.org.cy,false,
2022-06-12 02:00:00,Cyprus,Cyprus,CY,835.52,1059.98,9.77,9.77,tsoc.org.cy,false,
2022-06-12 03:00:00,Cyprus,Cyprus,CY,831.75,1055.56,10.17,10.17,tsoc.org.cy,false,
2022-06-12 04:00:00,Cyprus,Cyprus,CY,787.72,1001.52,14.93,14.93,tsoc.org.cy,false,
2022-06-12 05:00:00,Cyprus,Cyprus,CY,687.0,876.82,25.81,25.81,tsoc.org.cy,false,
2022-06-12 06:00:00,Cyprus,Cyprus,CY,599.91,768.77,35.21,35.21,tsoc.org.cy,false,
2022-06-12 07:00:00,Cyprus,Cyprus,CY,543.07,698.38,41.35,41.35,tsoc.org.cy,false,
2022-06-12 08:00:00,Cyprus,Cyprus,CY,529.74,681.61,42.79,42.79,tsoc.org.cy,false,
2022-06-12 09:00:00,Cyprus,Cyprus,CY,527.58,678.55,43.02,43.02,tsoc.org.cy,false,
2022-06-12 10:00:00,Cyprus,Cyprus,CY,528.38,679.48,42.94,42.94,tsoc.org.cy,false,
2022-06-12 11:00:00,Cyprus,Cyprus,CY,543.01,697.58,41.36,41.36,tsoc.org.cy,false,
2022-06-12 12:00:00,Cyprus,Cyprus,CY,558.54,716.75,39.68,39.68,tsoc.org.cy,false,
2022-06-12 13:00:00,Cyprus,Cyprus,CY,633.54,809.65,31.58,31.58,tsoc.org.cy,false,
2022-06-12 14:00:00,Cyprus,Cyprus,CY,716.32,912.05,22.64,22.64,tsoc.org.cy,false,
2022-06-12 15:00:00,Cyprus,Cyprus,CY,767.02,974.8,17.16,17.16,tsoc.org.cy,false,
2022-06-12 16:00:00,Cyprus,Cyprus,CY,840.75,1066.11,9.2,9.2,tsoc.org.cy,false,
2022-06-12 17:00:00,Cyprus,Cyprus,CY,863.97,1094.83,6.69,6.69,tsoc.org.cy,false,
2022-06-12 18:00:00,Cyprus,Cyprus,CY,851.12,1078.78,8.08,8.08,tsoc.org.cy,false,
2022-06-12 19:00:00,Cyprus,Cyprus,CY,822.19,1042.73,11.21,11.21,tsoc.org.cy,false,
2022-06-12 20:00:00,Cyprus,Cyprus,CY,825.76,1047.3,10.82,10.82,tsoc.org.cy,false,
2022-06-12 21:00:00,Cyprus,Cyprus,CY,836.28,1060.66,9.68,9.68,tsoc.org.cy,false,
2022-06-12 22:00:00,Cyprus,Cyprus,CY,834.5,1058.6,9.88,9.88,tsoc.org.cy,false,
2022-06-12 23:00:00,Cyprus,Cyprus,CY,839.45,1064.9,9.34,9.34,tsoc.org.cy,false,
2022-06-13 00:00:00,Cyprus,Cyprus,CY,846.97,1074.39,8.53,8.53,tsoc.org.cy,false,
2022-06-13 01:00:00,Cyprus,Cyprus,CY,857.91,1088.1,7.35,7.35,tsoc.org.cy,false,
2022-06-13 02:00:00,Cyprus,Cyprus,CY,854.2,1083.48,7.75,7.75,tsoc.org.cy,false,
2022-06-13 03:00:00,Cyprus,Cyprus,CY,832.91,1057.17,10.05,10.05,tsoc.org.cy,false,
2022-06-13 04:00:00,Cyprus,Cyprus,CY,774.09,984.59,16.4,16.4,tsoc.org.cy,false,
2022-06-13 05:00:00,Cyprus,Cyprus,CY,677.41,864.84,26.84,26.84,tsoc.org.cy,false,
2022-06-13 06:00:00,Cyprus,Cyprus,CY,593.89,761.48,35.86,35.86,tsoc.org.cy,false,
2022-06-13 07:00:00,Cyprus,Cyprus,CY,530.61,683.11,42.7,42.7,tsoc.org.cy,false,
2022-06-13 08:00:00,Cyprus,Cyprus,CY,502.55,648.31,45.73,45.73,tsoc.org.cy,false,
2022-06-13 09:00:00,Cyprus,Cyprus,CY,510.67,658.01,44.85,44.85,tsoc.org.cy,false,
2022-06-13 10:00:00,Cyprus,Cyprus,CY,486.03,627.02,47.51,47.51,tsoc.org.cy,false,
2022-06-13 11:00:00,Cyprus,Cyprus,CY,496.69,640.2,46.36,46.36,tsoc.org.cy,false,
2022-06-13 12:00:00,Cyprus,Cyprus,CY,527.13,677.88,43.07,43.07,tsoc.org.cy,false,
2022-06-13 13:00:00,Cyprus,Cyprus,CY,581.86,745.34,37.16,37.16,tsoc.org.cy,false,
2022-06-13 14:00:00,Cyprus,Cyprus,CY,697.34,888.37,24.69,24.69,tsoc.org.cy,false,
2022-06-13 15:00:00,Cyprus,Cyprus,CY,781.0,991.93,15.65,15.65,tsoc.org.cy,false,
2022-06-13 16:00:00,Cyprus,Cyprus,CY,853.42,1081.85,7.83,7.83,tsoc.org.cy,false,
2022-06-13 17:00:00,Cyprus,Cyprus,CY,890.18,1127.53,3.86,3.86,tsoc.org.cy,false,
2022-06-13 18:00:00,Cyprus,Cyprus,CY,889.35,1126.5,3.95,3.95,tsoc.org.cy,false,
2022-06-13 19:00:00,Cyprus,Cyprus,CY,889.12,1126.33,3.98,3.98,tsoc.org.cy,false,
2022-06-13 20:00:00,Cyprus,Cyprus,CY,888.33,1125.49,4.06,4.06,tsoc.org.cy,false,
2022-06-13 21:00:00,Cyprus,Cyprus,CY,891.34,1129.48,3.74,3.74,tsoc.org.cy,false,
2022-06-13 22:00:00,Cyprus,Cyprus,CY,893.22,1132.02,3.53,3.53,tsoc.org.cy,false,
2022-06-13 23:00:00,Cyprus,Cyprus,CY,899.57,1140.08,2.85,2.85,tsoc.org.cy,false,
2022-06-14 00:00:00,Cyprus,Cyprus,CY,908.44,1151.24,1.89,1.89,tsoc.org.cy,false,
2022-06-14 01:00:00,Cyprus,Cyprus,CY,909.5,1152.58,1.78,1.78,tsoc.org.cy,false,
2022-06-14 02:00:00,Cyprus,Cyprus,CY,912.67,1156.47,1.43,1.43,tsoc.org.cy,false,
2022-06-14 03:00:00,Cyprus,Cyprus,CY,891.25,1129.71,3.75,3.75,tsoc.org.cy,false,
2022-06-14 04:00:00,Cyprus,Cyprus,CY,826.35,1049.07,10.76,10.76,tsoc.org.cy,false,
2022-06-14 05:00:00,Cyprus,Cyprus,CY,756.33,962.2,18.32,18.32,tsoc.org.cy,false,
2022-06-14 06:00:00,Cyprus,Cyprus,CY,699.8,892.05,24.42,24.42,tsoc.org.cy,false,
2022-06-14 07:00:00,Cyprus,Cyprus,CY,674.54,860.63,27.15,27.15,tsoc.org.cy,false,
2022-06-14 08:00:00,Cyprus,Cyprus,CY,678.68,865.4,26.7,26.7,tsoc.org.cy,false,
2022-06-14 09:00:00,Cyprus,Cyprus,CY,620.48,793.22,32.99,32.99,tsoc.org.cy,false,
2022-06-14 10:00:00,Cyprus,Cyprus,CY,602.27,770.57,34.96,34.96,tsoc.org.cy,false,
2022-06-14 11:00:00,Cyprus,Cyprus,CY,618.17,790.15,33.24,33.24,tsoc.org.cy,false,
2022-06-14 12:00:00,Cyprus,Cyprus,CY,711.16,905.52,23.2,23.2,tsoc.org.cy,false,
2022-06-14 13:00:00,Cyprus,Cyprus,CY,768.24,976.39,17.03,17.03,tsoc.org.cy,false,
2022-06-14 14:00:00,Cyprus,Cyprus,CY,817.16,1037.16,11.75,11.75,tsoc.org.cy,false,
2022-06-14 15:00:00,Cyprus,Cyprus,CY,848.91,1076.43,8.32,8.32,tsoc.org.cy,false,
2022-06-14 16:00:00,Cyprus,Cyprus,CY,897.3,1136.42,3.09,3.09,tsoc.org.cy,false,
2022-06-14 17:00:00,Cyprus,Cyprus,CY,915.69,1159.2,1.11,1.11,tsoc.org.cy,false,
2022-06-14 18:00:00,Cyprus,Cyprus,CY,913.91,1157.02,1.3,1.3,tsoc.org.cy,false,
2022-06-14 19:00:00,Cyprus,Cyprus,CY,913.35,1156.5,1.36,1.36,tsoc.org.cy,false,
2022-06-14 20:00:00,Cyprus,Cyprus,CY,915.46,1159.3,1.13,1.13,tsoc.org.cy,false,
2022-06-14 21:00:00,Cyprus,Cyprus,CY,914.32,1158.15,1.26,1.26,tsoc.org.cy,false,
2022-06-14 22:00:00,Cyprus,Cyprus,CY,906.69,1148.81,2.08,2.08,tsoc.org.cy,false,
2022-06-14 23:00:00,Cyprus,Cyprus,CY,887.73,1125.26,4.13,4.13,tsoc.org.cy,false,
2022-06-15 00:00:00,Cyprus,Cyprus,CY,879.91,1115.56,4.97,4.97,tsoc.org.cy,false,
2022-06-15 01:00:00,Cyprus,Cyprus,CY,897.16,1137.14,3.11,3.11,tsoc.org.cy,false,
2022-06-15 02:00:00,Cyprus,Cyprus,CY,901.24,1142.15,2.67,2.67,tsoc.org.cy,false,
2022-06-15 03:00:00,Cyprus,Cyprus,CY,878.67,1113.98,5.11,5.11,tsoc.org.cy,false,
2022-06-15 04:00:00,Cyprus,Cyprus,CY,822.46,1044.21,11.18,11.18,tsoc.org.cy,false,
2022-06-15 05:00:00,Cyprus,Cyprus,CY,751.81,956.62,18.81,18.81,tsoc.org.cy,false,
2022-06-15 06:00:00,Cyprus,Cyprus,CY,696.83,888.48,24.74,24.74,tsoc.org.cy,false,
2022-06-15 07:00:00,Cyprus,Cyprus,CY,673.72,859.88,27.24,27.24,tsoc.org.cy,false,
2022-06-15 08:00:00,Cyprus,Cyprus,CY,648.74,828.91,29.94,29.94,tsoc.org.cy,false,
2022-06-15 09:00:00,Cyprus,Cyprus,CY,634.95,811.87,31.43,31.43,tsoc.org.cy,false,
2022-06-15 10:00:00,Cyprus,Cyprus,CY,619.12,792.2,33.14,33.14,tsoc.org.cy,false,
2022-06-15 11:00:00,Cyprus,Cyprus,CY,622.88,796.75,32.73,32.73,tsoc.org.cy,false,
2022-06-15 12:00:00,Cyprus,Cyprus,CY,647.35,826.97,30.09,30.09,tsoc.org.cy,false,
2022-06-15 13:00:00,Cyprus,Cyprus,CY,676.56,862.9,26.93,26.93,tsoc.org.cy,false,
2022-06-15 14:00:00,Cyprus,Cyprus,CY,725.26,923.05,21.67,21.67,tsoc.org.cy,false,
2022-06-15 15:00:00,Cyprus,Cyprus,CY,805.94,1023.06,12.96,12.96,tsoc.org.cy,false,
2022-06-15 16:00:00,Cyprus,Cyprus,CY,882.44,1117.91,4.7,4.7,tsoc.org.cy,false,
2022-06-15 17:00:00,Cyprus,Cyprus,CY,910.0,1152.05,1.72,1.72,tsoc.org.cy,false,
2022-06-15 18:00:00,Cyprus,Cyprus,CY,912.28,1154.94,1.48,1.48,tsoc.org.cy,false,
2022-06-15 19:00:00,Cyprus,Cyprus,CY,900.26,1140.07,2.77,2.77,tsoc.org.cy,false,
2022-06-15 20:00:00,Cyprus,Cyprus,CY,889.32,1126.53,3.96,3.96,tsoc.org.cy,false,
2022-06-15 21:00:00,Cyprus,Cyprus,CY,878.93,1113.8,5.08,5.08,tsoc.org.cy,false,
2022-06-15 22:00:00,Cyprus,Cyprus,CY,873.01,1106.6,5.72,5.72,tsoc.org.cy,false,
2022-06-15 23:00:00,Cyprus,Cyprus,CY,868.27,1100.82,6.23,6.23,tsoc.org.cy,false,
2022-06-16 00:00:00,Cyprus,Cyprus,CY,889.73,1127.73,3.91,3.91,tsoc.org.cy,false,
2022-06-16 01:00:00,Cyprus,Cyprus,CY,910.65,1153.9,1.65,1.65,tsoc.org.cy,false,
2022-06-16 02:00:00,Cyprus,Cyprus,CY,913.12,1156.93,1.39,1.39,tsoc.org.cy,false,
2022-06-16 03:00:00,Cyprus,Cyprus,CY,894.17,1133.27,3.43,3.43,tsoc.org.cy,false,
2022-06-16 04:00:00,Cyprus,Cyprus,CY,824.99,1047.35,10.9,10.9,tsoc.org.cy,false,
2022-06-16 05:00:00,Cyprus,Cyprus,CY,753.57,958.75,18.62,18.62,tsoc.org.cy,false,
2022-06-16 06:00:00,Cyprus,Cyprus,CY,710.32,905.15,23.29,23.29,tsoc.org.cy,false,
2022-06-16 07:00:00,Cyprus,Cyprus,CY,673.33,859.36,27.28,27.28,tsoc.org.cy,false,
2022-06-16 08:00:00,Cyprus,Cyprus,CY,642.55,821.23,30.61,30.61,tsoc.org.cy,false,
2022-06-16 09:00:00,Cyprus,Cyprus,CY,621.75,795.39,32.85,32.85,tsoc.org.cy,false,
2022-06-16 10:00:00,Cyprus,Cyprus,CY,633.46,809.86,31.59,31.59,tsoc.org.cy,false,
2022-06-16 11:00:00,Cyprus,Cyprus,CY,646.56,826.04,30.17,30.17,tsoc.org.cy,false,
2022-06-16 12:00:00,Cyprus,Cyprus,CY,688.75,878.2,25.62,25.62,tsoc.org.cy,false,
2022-06-16 13:00:00,Cyprus,Cyprus,CY,712.08,906.89,23.1,23.1,tsoc.org.cy,false,
2022-06-16 14:00:00,Cyprus,Cyprus,CY,758.68,964.5,18.06,18.06,tsoc.org.cy,false,
2022-06-16 15:00:00,Cyprus,Cyprus,CY,832.9,1056.41,10.05,10.05,tsoc.org.cy,false,
2022-06-16 16:00:00,Cyprus,Cyprus,CY,882.94,1118.35,4.65,4.65,tsoc.org.cy,false,
2022-06-16 17:00:00,Cyprus,Cyprus,CY,879.16,1113.45,5.05,5.05,tsoc.org.cy,false,
2022-06-16 18:00:00,Cyprus,Cyprus,CY,853.46,1081.36,7.83,7.83,tsoc.org.cy,false,
2022-06-16 19:00:00,Cyprus,Cyprus,CY,830.78,1053.13,10.28,10.28,tsoc.org.cy,false,
2022-06-16 20:00:00,Cyprus,Cyprus,CY,803.21,1018.81,13.26,13.26,tsoc.org.cy,false,
2022-06-16 21:00:00,Cyprus,Cyprus,CY,779.51,989.42,15.81,15.81,tsoc.org.cy,false,
2022-06-16 22:00:00,Cyprus,Cyprus,CY,755.57,959.67,18.4,18.4,tsoc.org.cy,false,
2022-06-16 23:00:00,Cyprus,Cyprus,CY,747.84,950.15,19.23,19.23,tsoc.org.cy,false,
2022-06-17 00:00:00,Cyprus,Cyprus,CY,764.74,971.36,17.41,17.41,tsoc.org.cy,false,
2022-06-17 01:00:00,Cyprus,Cyprus,CY,781.32,992.13,15.62,15.62,tsoc.org.cy,false,
2022-06-17 02:00:00,Cyprus,Cyprus,CY,831.86,1055.26,10.16,10.16,tsoc.org.cy,false,
2022-06-17 03:00:00,Cyprus,Cyprus,CY,867.6,1099.94,6.3,6.3,tsoc.org.cy,false,
2022-06-17 04:00:00,Cyprus,Cyprus,CY,833.31,1057.45,10.0,10.0,tsoc.org.cy,false,
2022-06-17 05:00:00,Cyprus,Cyprus,CY,772.13,981.65,16.61,16.61,tsoc.org.cy,false,
2022-06-17 06:00:00,Cyprus,Cyprus,CY,719.12,915.97,22.34,22.34,tsoc.org.cy,false,
2022-06-17 07:00:00,Cyprus,Cyprus,CY,674.83,861.13,27.12,27.12,tsoc.org.cy,false,
2022-06-17 08:00:00,Cyprus,Cyprus,CY,640.31,818.38,30.85,30.85,tsoc.org.cy,false,
2022-06-17 09:00:00,Cyprus,Cyprus,CY,626.56,801.33,32.33,32.33,tsoc.org.cy,false,
2022-06-17 10:00:00,Cyprus,Cyprus,CY,626.81,801.61,32.31,32.31,tsoc.org.cy,false,
2022-06-17 11:00:00,Cyprus,Cyprus,CY,636.7,813.78,31.24,31.24,tsoc.org.cy,false,
2022-06-17 12:00:00,Cyprus,Cyprus,CY,649.97,830.02,29.81,29.81,tsoc.org.cy,false,
2022-06-17 13:00:00,Cyprus,Cyprus,CY,672.06,857.08,27.42,27.42,tsoc.org.cy,false,
2022-06-17 14:00:00,Cyprus,Cyprus,CY,730.0,928.74,21.16,21.16,tsoc.org.cy,false,
2022-06-17 15:00:00,Cyprus,Cyprus,CY,791.56,1004.61,14.51,14.51,tsoc.org.cy,false,
2022-06-17 16:00:00,Cyprus,Cyprus,CY,840.17,1064.76,9.26,9.26,tsoc.org.cy,false,
2022-06-17 17:00:00,Cyprus,Cyprus,CY,838.65,1062.75,9.43,9.43,tsoc.org.cy,false,
2022-06-17 18:00:00,Cyprus,Cyprus,CY,825.99,1046.96,10.8,10.8,tsoc.org.cy,false,
2022-06-17 19:00:00,Cyprus,Cyprus,CY,810.39,1027.57,12.48,12.48,tsoc.org.cy,false,
2022-06-17 20:00:00,Cyprus,Cyprus,CY,815.59,1034.18,11.92,11.92,tsoc.org.cy,false,
2022-06-17 21:00:00,Cyprus,Cyprus,CY,829.38,1051.61,10.43,10.43,tsoc.org.cy,false,
2022-06-17 22:00:00,Cyprus,Cyprus,CY,818.65,1038.35,11.59,11.59,tsoc.org.cy,false,
2022-06-17 23:00:00,Cyprus,Cyprus,CY,821.54,1042.12,11.28,11.28,tsoc.org.cy,false,
2022-06-18 00:00:00,Cyprus,Cyprus,CY,807.73,1024.98,12.77,12.77,tsoc.org.cy,false,
2022-06-18 01:00:00,Cyprus,Cyprus,CY,806.23,1023.16,12.93,12.93,tsoc.org.cy,false,
2022-06-18 02:00:00,Cyprus,Cyprus,CY,817.1,1036.76,11.76,11.76,tsoc.org.cy,false,
2022-06-18 03:00:00,Cyprus,Cyprus,CY,828.04,1050.63,10.57,10.57,tsoc.org.cy,false,
2022-06-18 04:00:00,Cyprus,Cyprus,CY,778.04,988.89,15.97,15.97,tsoc.org.cy,false,
2022-06-18 05:00:00,Cyprus,Cyprus,CY,727.42,926.51,21.44,21.44,tsoc.org.cy,false,
2022-06-18 06:00:00,Cyprus,Cyprus,CY,678.72,866.28,26.7,26.7,tsoc.org.cy,false,
2022-06-18 07:00:00,Cyprus,Cyprus,CY,635.12,812.26,31.41,31.41,tsoc.org.cy,false,
2022-06-18 08:00:00,Cyprus,Cyprus,CY,588.14,753.93,36.48,36.48,tsoc.org.cy,false,
2022-06-18 09:00:00,Cyprus,Cyprus,CY,577.66,740.85,37.61,37.61,tsoc.org.cy,false,
2022-06-18 10:00:00,Cyprus,Cyprus,CY,576.9,739.84,37.7,37.7,tsoc.org.cy,false,
2022-06-18 11:00:00,Cyprus,Cyprus,CY,583.34,747.7,37.0,37.0,tsoc.org.cy,false,
2022-06-18 12:00:00,Cyprus,Cyprus,CY,602.91,771.75,34.89,34.89,tsoc.org.cy,false,
2022-06-18 13:00:00,Cyprus,Cyprus,CY,647.59,826.97,30.06,30.06,tsoc.org.cy,false,
2022-06-18 14:00:00,Cyprus,Cyprus,CY,704.71,897.52,23.89,23.89,tsoc.org.cy,false,
2022-06-18 15:00:00,Cyprus,Cyprus,CY,783.88,995.48,15.34,15.34,tsoc.org.cy,false,
2022-06-18 16:00:00,Cyprus,Cyprus,CY,850.13,1077.45,8.19,8.19,tsoc.org.cy,false,
2022-06-18 17:00:00,Cyprus,Cyprus,CY,856.11,1084.68,7.54,7.54,tsoc.org.cy,false,
2022-06-18 18:00:00,Cyprus,Cyprus,CY,861.49,1091.44,6.96,6.96,tsoc.org.cy,false,
2022-06-18 19:00:00,Cyprus,Cyprus,CY,853.68,1081.8,7.8,7.8,tsoc.org.cy,false,
2022-06-18 20:00:00,Cyprus,Cyprus,CY,861.05,1091.1,7.01,7.01,tsoc.org.cy,false,
2022-06-18 21:00:00,Cyprus,Cyprus,CY,879.29,1114.06,5.04,5.04,tsoc.org.cy,false,
2022-06-18 22:00:00,Cyprus,Cyprus,CY,879.06,1113.91,5.06,5.06,tsoc.org.cy,false,
2022-06-18 23:00:00,Cyprus,Cyprus,CY,873.76,1107.42,5.64,5.64,tsoc.org.cy,false,
2022-06-19 00:00:00,Cyprus,Cyprus,CY,868.02,1100.35,6.26,6.26,tsoc.org.cy,false,
2022-06-19 01:00:00,Cyprus,Cyprus,CY,862.68,1093.76,6.83,6.83,tsoc.org.cy,false,
2022-06-19 02:00:00,Cyprus,Cyprus,CY,875.09,1109.34,5.49,5.49,tsoc.org.cy,false,
2022-06-19 03:00:00,Cyprus,Cyprus,CY,875.83,1110.53,5.41,5.41,tsoc.org.cy,false,
2022-06-19 04:00:00,Cyprus,Cyprus,CY,799.47,1016.12,13.66,13.66,tsoc.org.cy,false,
2022-06-19 05:00:00,Cyprus,Cyprus,CY,705.95,900.39,23.76,23.76,tsoc.org.cy,false,
2022-06-19 06:00:00,Cyprus,Cyprus,CY,636.88,814.9,31.22,31.22,tsoc.org.cy,false,
2022-06-19 07:00:00,Cyprus,Cyprus,CY,585.23,750.88,36.8,36.8,tsoc.org.cy,false,
2022-06-19 08:00:00,Cyprus,Cyprus,CY,548.68,705.47,40.74,40.74,tsoc.org.cy,false,
2022-06-19 09:00:00,Cyprus,Cyprus,CY,538.13,692.33,41.88,41.88,tsoc.org.cy,false,
2022-06-19 10:00:00,Cyprus,Cyprus,CY,535.07,688.52,42.21,42.21,tsoc.org.cy,false,
2022-06-19 11:00:00,Cyprus,Cyprus,CY,537.95,691.95,41.9,41.9,tsoc.org.cy,false,
2022-06-19 12:00:00,Cyprus,Cyprus,CY,576.35,739.42,37.76,37.76,tsoc.org.cy,false,
2022-06-19 13:00:00,Cyprus,Cyprus,CY,640.58,818.82,30.82,30.82,tsoc.org.cy,false,
2022-06-19 14:00:00,Cyprus,Cyprus,CY,718.37,914.96,22.42,22.42,tsoc.org.cy,false,
2022-06-19 15:00:00,Cyprus,Cyprus,CY,809.22,1027.38,12.61,12.61,tsoc.org.cy,false,
2022-06-19 16:00:00,Cyprus,Cyprus,CY,880.04,1115.0,4.96,4.96,tsoc.org.cy,false,
2022-06-19 17:00:00,Cyprus,Cyprus,CY,894.06,1132.2,3.44,3.44,tsoc.org.cy,false,
2022-06-19 18:00:00,Cyprus,Cyprus,CY,892.35,1130.04,3.63,3.63,tsoc.org.cy,false,
2022-06-19 19:00:00,Cyprus,Cyprus,CY,889.26,1126.25,3.96,3.96,tsoc.org.cy,false,
2022-06-19 20:00:00,Cyprus,Cyprus,CY,882.81,1118.28,4.66,4.66,tsoc.org.cy,false,
2022-06-19 21:00:00,Cyprus,Cyprus,CY,889.9,1127.34,3.89,3.89,tsoc.org.cy,false,
2022-06-19 22:00:00,Cyprus,Cyprus,CY,902.23,1142.93,2.56,2.56,tsoc.org.cy,false,
2022-06-19 23:00:00,Cyprus,Cyprus,CY,911.73,1154.94,1.54,1.54,tsoc.org.cy,false,
2022-06-20 00:00:00,Cyprus,Cyprus,CY,913.77,1157.58,1.32,1.32,tsoc.org.cy,false,
2022-06-20 01:00:00,Cyprus,Cyprus,CY,913.58,1157.39,1.34,1.34,tsoc.org.cy,false,
2022-06-20 02:00:00,Cyprus,Cyprus,CY,913.73,1157.54,1.32,1.32,tsoc.org.cy,false,
2022-06-20 03:00:00,Cyprus,Cyprus,CY,894.39,1133.45,3.41,3.41,tsoc.org.cy,false,
2022-06-20 04:00:00,Cyprus,Cyprus,CY,827.05,1049.84,10.68,10.68,tsoc.org.cy,false,
2022-06-20 05:00:00,Cyprus,Cyprus,CY,758.33,964.59,18.1,18.1,tsoc.org.cy,false,
2022-06-20 06:00:00,Cyprus,Cyprus,CY,705.35,898.95,23.82,23.82,tsoc.org.cy,false,
2022-06-20 07:00:00,Cyprus,Cyprus,CY,668.18,852.91,27.84,27.84,tsoc.org.cy,false,
2022-06-20 08:00:00,Cyprus,Cyprus,CY,640.39,818.48,30.84,30.84,tsoc.org.cy,false,
2022-06-20 09:00:00,Cyprus,Cyprus,CY,617.87,790.52,33.27,33.27,tsoc.org.cy,false,
2022-06-20 10:00:00,Cyprus,Cyprus,CY,602.24,770.97,34.96,34.96,tsoc.org.cy,false,
2022-06-20 11:00:00,Cyprus,Cyprus,CY,606.53,776.13,34.5,34.5,tsoc.org.cy,false,
2022-06-20 12:00:00,Cyprus,Cyprus,CY,628.01,802.64,32.18,32.18,tsoc.org.cy,false,
2022-06-20 13:00:00,Cyprus,Cyprus,CY,680.18,867.18,26.54,26.54,tsoc.org.cy,false,
2022-06-20 14:00:00,Cyprus,Cyprus,CY,720.36,916.63,22.2,22.2,tsoc.org.cy,false,
2022-06-20 15:00:00,Cyprus,Cyprus,CY,769.8,977.62,16.86,16.86,tsoc.org.cy,false,
2022-06-20 16:00:00,Cyprus,Cyprus,CY,832.42,1055.19,10.1,10.1,tsoc.org.cy,false,
2022-06-20 17:00:00,Cyprus,Cyprus,CY,859.27,1088.54,7.2,7.2,tsoc.org.cy,false,
2022-06-20 18:00:00,Cyprus,Cyprus,CY,855.55,1083.91,7.6,7.6,tsoc.org.cy,false,
2022-06-20 19:00:00,Cyprus,Cyprus,CY,830.11,1052.24,10.35,10.35,tsoc.org.cy,false,
2022-06-20 20:00:00,Cyprus,Cyprus,CY,832.89,1055.83,10.05,10.05,tsoc.org.cy,false,
2022-06-20 21:00:00,Cyprus,Cyprus,CY,831.19,1053.95,10.23,10.23,tsoc.org.cy,false,
2022-06-20 22:00:00,Cyprus,Cyprus,CY,834.28,1057.98,9.9,9.9,tsoc.org.cy,false,
2022-06-20 23:00:00,Cyprus,Cyprus,CY,857.07,1086.6,7.44,7.44,tsoc.org.cy,false,
2022-06-21 00:00:00,Cyprus,Cyprus,CY,874.81,1108.86,5.52,5.52,tsoc.org.cy,false,
2022-06-21 01:00:00,Cyprus,Cyprus,CY,885.23,1121.92,4.4,4.4,tsoc.org.cy,false,
2022-06-21 02:00:00,Cyprus,Cyprus,CY,885.19,1121.84,4.4,4.4,tsoc.org.cy,false,
2022-06-21 03:00:00,Cyprus,Cyprus,CY,868.22,1100.71,6.23,6.23,tsoc.org.cy,false,
2022-06-21 04:00:00,Cyprus,Cyprus,CY,814.79,1034.44,12.01,12.01,tsoc.org.cy,false,
2022-06-21 05:00:00,Cyprus,Cyprus,CY,744.29,947.01,19.62,19.62,tsoc.org.cy,false,
2022-06-21 06:00:00,Cyprus,Cyprus,CY,683.9,872.08,26.14,26.14,tsoc.org.cy,false,
2022-06-21 07:00:00,Cyprus,Cyprus,CY,619.43,792.15,33.1,33.1,tsoc.org.cy,false,
2022-06-21 08:00:00,Cyprus,Cyprus,CY,584.38,748.58,36.89,36.89,tsoc.org.cy,false,
2022-06-21 09:00:00,Cyprus,Cyprus,CY,571.2,732.17,38.31,38.31,tsoc.org.cy,false,
2022-06-21 10:00:00,Cyprus,Cyprus,CY,548.86,704.32,40.73,40.73,tsoc.org.cy,false,
2022-06-21 11:00:00,Cyprus,Cyprus,CY,552.31,708.46,40.35,40.35,tsoc.org.cy,false,
2022-06-21 12:00:00,Cyprus,Cyprus,CY,583.06,746.46,37.03,37.03,tsoc.org.cy,false,
2022-06-21 13:00:00,Cyprus,Cyprus,CY,629.62,804.1,32.0,32.0,tsoc.org.cy,false,
2022-06-21 14:00:00,Cyprus,Cyprus,CY,687.31,875.5,25.77,25.77,tsoc.org.cy,false,
2022-06-21 15:00:00,Cyprus,Cyprus,CY,769.23,976.97,16.93,16.93,tsoc.org.cy,false,
2022-06-21 16:00:00,Cyprus,Cyprus,CY,828.66,1050.58,10.51,10.51,tsoc.org.cy,false,
2022-06-21 17:00:00,Cyprus,Cyprus,CY,848.52,1075.17,8.36,8.36,tsoc.org.cy,false,
2022-06-21 18:00:00,Cyprus,Cyprus,CY,847.15,1073.51,8.51,8.51,tsoc.org.cy,false,
2022-06-21 19:00:00,Cyprus,Cyprus,CY,829.31,1051.33,10.44,10.44,tsoc.org.cy,false,
2022-06-21 20:00:00,Cyprus,Cyprus,CY,831.27,1053.91,10.22,10.22,tsoc.org.cy,false,
2022-06-21 21:00:00,Cyprus,Cyprus,CY,864.31,1095.42,6.66,6.66,tsoc.org.cy,false,
2022-06-21 22:00:00,Cyprus,Cyprus,CY,839.66,1064.77,9.32,9.32,tsoc.org.cy,false,
2022-06-21 23:00:00,Cyprus,Cyprus,CY,764.89,971.46,17.39,17.39,tsoc.org.cy,false,
2022-06-22 00:00:00,Cyprus,Cyprus,CY,781.91,992.82,15.56,15.56,tsoc.org.cy,false,
2022-06-22 01:00:00,Cyprus,Cyprus,CY,790.77,1003.93,14.6,14.6,tsoc.org.cy,false,
2022-06-22 02:00:00,Cyprus,Cyprus,CY,823.46,1044.73,11.07,11.07,tsoc.org.cy,false,
2022-06-22 03:00:00,Cyprus,Cyprus,CY,805.52,1022.32,13.01,13.01,tsoc.org.cy,false,
2022-06-22 04:00:00,Cyprus,Cyprus,CY,740.2,941.24,20.06,20.06,tsoc.org.cy,false,
2022-06-22 05:00:00,Cyprus,Cyprus,CY,693.87,884.0,25.06,25.06,tsoc.org.cy,false,
2022-06-22 06:00:00,Cyprus,Cyprus,CY,658.36,840.19,28.9,28.9,tsoc.org.cy,false,
2022-06-22 07:00:00,Cyprus,Cyprus,CY,627.92,802.58,32.19,32.19,tsoc.org.cy,false,
2022-06-22 08:00:00,Cyprus,Cyprus,CY,587.93,752.98,36.5,36.5,tsoc.org.cy,false,
2022-06-22 09:00:00,Cyprus,Cyprus,CY,586.84,751.72,36.62,36.62,tsoc.org.cy,false,
2022-06-22 10:00:00,Cyprus,Cyprus,CY,582.05,745.68,37.14,37.14,tsoc.org.cy,false,
2022-06-22 11:00:00,Cyprus,Cyprus,CY,608.77,778.93,34.25,34.25,tsoc.org.cy,false,
2022-06-22 12:00:00,Cyprus,Cyprus,CY,642.81,821.18,30.58,30.58,tsoc.org.cy,false,
2022-06-22 13:00:00,Cyprus,Cyprus,CY,691.57,881.52,25.31,25.31,tsoc.org.cy,false,
2022-06-22 14:00:00,Cyprus,Cyprus,CY,725.48,923.22,21.65,21.65,tsoc.org.cy,false,
2022-06-22 15:00:00,Cyprus,Cyprus,CY,795.61,1009.88,14.08,14.08,tsoc.org.cy,false,
2022-06-22 16:00:00,Cyprus,Cyprus,CY,884.22,1119.85,4.51,4.51,tsoc.org.cy,false,
2022-06-22 17:00:00,Cyprus,Cyprus,CY,884.4,1119.92,4.49,4.49,tsoc.org.cy,false,
2022-06-22 18:00:00,Cyprus,Cyprus,CY,849.99,1076.93,8.2,8.2,tsoc.org.cy,false,
2022-06-22 19:00:00,Cyprus,Cyprus,CY,852.56,1080.25,7.93,7.93,tsoc.org.cy,false,
2022-06-22 20:00:00,Cyprus,Cyprus,CY,847.34,1073.82,8.49,8.49,tsoc.org.cy,false,
2022-06-22 21:00:00,Cyprus,Cyprus,CY,827.27,1048.93,10.66,10.66,tsoc.org.cy,false,
2022-06-22 22:00:00,Cyprus,Cyprus,CY,832.61,1055.75,10.08,10.08,tsoc.org.cy,false,
2022-06-22 23:00:00,Cyprus,Cyprus,CY,826.76,1048.57,10.71,10.71,tsoc.org.cy,false,
2022-06-23 00:00:00,Cyprus,Cyprus,CY,818.87,1038.81,11.56,11.56,tsoc.org.cy,false,
2022-06-23 01:00:00,Cyprus,Cyprus,CY,822.05,1042.81,11.22,11.22,tsoc.org.cy,false,
2022-06-23 02:00:00,Cyprus,Cyprus,CY,799.47,1014.55,13.66,13.66,tsoc.org.cy,false,
2022-06-23 03:00:00,Cyprus,Cyprus,CY,745.22,946.83,19.52,19.52,tsoc.org.cy,false,
2022-06-23 04:00:00,Cyprus,Cyprus,CY,774.53,983.95,16.35,16.35,tsoc.org.cy,false,
2022-06-23 05:00:00,Cyprus,Cyprus,CY,721.33,918.06,22.1,22.1,tsoc.org.cy,false,
2022-06-23 06:00:00,Cyprus,Cyprus,CY,677.5,863.84,26.83,26.83,tsoc.org.cy,false,
2022-06-23 07:00:00,Cyprus,Cyprus,CY,658.6,840.63,28.87,28.87,tsoc.org.cy,false,
2022-06-23 08:00:00,Cyprus,Cyprus,CY,646.16,825.37,30.22,30.22,tsoc.org.cy,false,
2022-06-23 09:00:00,Cyprus,Cyprus,CY,635.59,812.28,31.36,31.36,tsoc.org.cy,false,
2022-06-23 10:00:00,Cyprus,Cyprus,CY,627.99,802.76,32.18,32.18,tsoc.org.cy,false,
2022-06-23 11:00:00,Cyprus,Cyprus,CY,630.59,805.81,31.9,31.9,tsoc.org.cy,false,
2022-06-23 12:00:00,Cyprus,Cyprus,CY,649.32,828.92,29.88,29.88,tsoc.org.cy,false,
2022-06-23 13:00:00,Cyprus,Cyprus,CY,687.63,876.28,25.74,25.74,tsoc.org.cy,false,
2022-06-23 14:00:00,Cyprus,Cyprus,CY,734.78,934.57,20.65,20.65,tsoc.org.cy,false,
2022-06-23 15:00:00,Cyprus,Cyprus,CY,798.8,1013.79,13.73,13.73,tsoc.org.cy,false,
2022-06-23 16:00:00,Cyprus,Cyprus,CY,855.38,1083.85,7.62,7.62,tsoc.org.cy,false,
2022-06-23 17:00:00,Cyprus,Cyprus,CY,888.87,1125.46,4.0,4.0,tsoc.org.cy,false,
2022-06-23 18:00:00,Cyprus,Cyprus,CY,867.95,1099.33,6.26,6.26,tsoc.org.cy,false,
2022-06-23 19:00:00,Cyprus,Cyprus,CY,854.03,1082.01,7.77,7.77,tsoc.org.cy,false,
2022-06-23 20:00:00,Cyprus,Cyprus,CY,850.93,1078.23,8.1,8.1,tsoc.org.cy,false,
2022-06-23 21:00:00,Cyprus,Cyprus,CY,832.18,1054.96,10.13,10.13,tsoc.org.cy,false,
2022-06-23 22:00:00,Cyprus,Cyprus,CY,817.78,1037.12,11.68,11.68,tsoc.org.cy,false,
2022-06-23 23:00:00,Cyprus,Cyprus,CY,847.83,1074.8,8.44,8.44,tsoc.org.cy,false,
2022-06-24 00:00:00,Cyprus,Cyprus,CY,871.64,1104.67,5.86,5.86,tsoc.org.cy,false,
2022-06-24 01:00:00,Cyprus,Cyprus,CY,887.86,1124.99,4.11,4.11,tsoc.org.cy,false,
2022-06-24 02:00:00,Cyprus,Cyprus,CY,908.65,1150.96,1.87,1.87,tsoc.org.cy,false,
2022-06-24 03:00:00,Cyprus,Cyprus,CY,893.32,1131.92,3.52,3.52,tsoc.org.cy,false,
2022-06-24 04:00:00,Cyprus,Cyprus,CY,834.95,1059.46,9.83,9.83,tsoc.org.cy,false,
2022-06-24 05:00:00,Cyprus,Cyprus,CY,776.41,986.81,16.15,16.15,tsoc.org.cy,false,
2022-06-24 06:00:00,Cyprus,Cyprus,CY,735.11,935.59,20.61,20.61,tsoc.org.cy,false,
2022-06-24 07:00:00,Cyprus,Cyprus,CY,699.0,890.84,24.51,24.51,tsoc.org.cy,false,
2022-06-24 08:00:00,Cyprus,Cyprus,CY,681.0,868.48,26.45,26.45,tsoc.org.cy,false,
2022-06-24 09:00:00,Cyprus,Cyprus,CY,654.28,835.24,29.34,29.34,tsoc.org.cy,false,
2022-06-24 10:00:00,Cyprus,Cyprus,CY,646.88,825.99,30.14,30.14,tsoc.org.cy,false,
2022-06-24 11:00:00,Cyprus,Cyprus,CY,640.55,817.97,30.82,30.82,tsoc.org.cy,false,
2022-06-24 12:00:00,Cyprus,Cyprus,CY,649.03,828.29,29.91,29.91,tsoc.org.cy,false,
2022-06-24 13:00:00,Cyprus,Cyprus,CY,689.24,878.09,25.56,25.56,tsoc.org.cy,false,
2022-06-24 14:00:00,Cyprus,Cyprus,CY,762.6,968.98,17.64,17.64,tsoc.org.cy,false,
2022-06-24 15:00:00,Cyprus,Cyprus,CY,822.91,1043.73,11.13,11.13,tsoc.org.cy,false,
2022-06-24 16:00:00,Cyprus,Cyprus,CY,878.65,1112.84,5.11,5.11,tsoc.org.cy,false,
2022-06-24 17:00:00,Cyprus,Cyprus,CY,899.16,1138.26,2.89,2.89,tsoc.org.cy,false,
2022-06-24 18:00:00,Cyprus,Cyprus,CY,843.58,1068.83,8.9,8.9,tsoc.org.cy,false,
2022-06-24 19:00:00,Cyprus,Cyprus,CY,835.36,1058.65,9.78,9.78,tsoc.org.cy,false,
2022-06-24 20:00:00,Cyprus,Cyprus,CY,864.01,1094.52,6.69,6.69,tsoc.org.cy,false,
2022-06-24 21:00:00,Cyprus,Cyprus,CY,825.59,1046.68,10.84,10.84,tsoc.org.cy,false,
2022-06-24 22:00:00,Cyprus,Cyprus,CY,776.21,985.17,16.17,16.17,tsoc.org.cy,false,
2022-06-24 23:00:00,Cyprus,Cyprus,CY,783.84,994.85,15.35,15.35,tsoc.org.cy,false,
2022-06-25 00:00:00,Cyprus,Cyprus,CY,817.73,1037.31,11.69,11.69,tsoc.org.cy,false,
2022-06-25 01:00:00,Cyprus,Cyprus,CY,829.9,1052.6,10.37,10.37,tsoc.org.cy,false,
2022-06-25 02:00:00,Cyprus,Cyprus,CY,837.93,1062.67,9.51,9.51,tsoc.org.cy,false,
2022-06-25 03:00:00,Cyprus,Cyprus,CY,829.31,1052.16,10.44,10.44,tsoc.org.cy,false,
2022-06-25 04:00:00,Cyprus,Cyprus,CY,777.57,988.37,16.02,16.02,tsoc.org.cy,false,
2022-06-25 05:00:00,Cyprus,Cyprus,CY,677.87,864.74,26.79,26.79,tsoc.org.cy,false,
2022-06-25 06:00:00,Cyprus,Cyprus,CY,622.13,795.45,32.81,32.81,tsoc.org.cy,false,
2022-06-25 07:00:00,Cyprus,Cyprus,CY,599.94,767.93,35.21,35.21,tsoc.org.cy,false,
2022-06-25 08:00:00,Cyprus,Cyprus,CY,591.53,757.53,36.12,36.12,tsoc.org.cy,false,
2022-06-25 09:00:00,Cyprus,Cyprus,CY,579.01,741.97,37.47,37.47,tsoc.org.cy,false,
2022-06-25 10:00:00,Cyprus,Cyprus,CY,569.87,730.69,38.46,38.46,tsoc.org.cy,false,
2022-06-25 11:00:00,Cyprus,Cyprus,CY,568.05,728.33,38.65,38.65,tsoc.org.cy,false,
2022-06-25 12:00:00,Cyprus,Cyprus,CY,575.17,737.15,37.88,37.88,tsoc.org.cy,false,
2022-06-25 13:00:00,Cyprus,Cyprus,CY,597.0,764.09,35.53,35.53,tsoc.org.cy,false,
2022-06-25 14:00:00,Cyprus,Cyprus,CY,634.72,810.36,31.45,31.45,tsoc.org.cy,false,
2022-06-25 15:00:00,Cyprus,Cyprus,CY,717.29,912.44,22.54,22.54,tsoc.org.cy,false,
2022-06-25 16:00:00,Cyprus,Cyprus,CY,777.98,987.39,15.98,15.98,tsoc.org.cy,false,
2022-06-25 17:00:00,Cyprus,Cyprus,CY,828.06,1049.65,10.57,10.57,tsoc.org.cy,false,
2022-06-25 18:00:00,Cyprus,Cyprus,CY,817.21,1036.11,11.74,11.74,tsoc.org.cy,false,
2022-06-25 19:00:00,Cyprus,Cyprus,CY,797.43,1011.5,13.88,13.88,tsoc.org.cy,false,
2022-06-25 20:00:00,Cyprus,Cyprus,CY,773.17,981.28,16.5,16.5,tsoc.org.cy,false,
2022-06-25 21:00:00,Cyprus,Cyprus,CY,762.17,967.66,17.69,17.69,tsoc.org.cy,false,
2022-06-25 22:00:00,Cyprus,Cyprus,CY,778.77,988.54,15.89,15.89,tsoc.org.cy,false,
2022-06-25 23:00:00,Cyprus,Cyprus,CY,799.09,1014.03,13.7,13.7,tsoc.org.cy,false,
2022-06-26 00:00:00,Cyprus,Cyprus,CY,818.55,1038.44,11.6,11.6,tsoc.org.cy,false,
2022-06-26 01:00:00,Cyprus,Cyprus,CY,845.54,1072.23,8.68,8.68,tsoc.org.cy,false,
2022-06-26 02:00:00,Cyprus,Cyprus,CY,833.81,1057.6,9.95,9.95,tsoc.org.cy,false,
2022-06-26 03:00:00,Cyprus,Cyprus,CY,831.08,1054.51,10.25,10.25,tsoc.org.cy,false,
2022-06-26 04:00:00,Cyprus,Cyprus,CY,757.84,963.91,18.16,18.16,tsoc.org.cy,false,
2022-06-26 05:00:00,Cyprus,Cyprus,CY,667.36,852.01,27.93,27.93,tsoc.org.cy,false,
2022-06-26 06:00:00,Cyprus,Cyprus,CY,596.91,764.87,35.54,35.54,tsoc.org.cy,false,
2022-06-26 07:00:00,Cyprus,Cyprus,CY,549.21,705.75,40.69,40.69,tsoc.org.cy,false,
2022-06-26 08:00:00,Cyprus,Cyprus,CY,523.99,674.02,43.41,43.41,tsoc.org.cy,false,
2022-06-26 09:00:00,Cyprus,Cyprus,CY,511.09,657.88,44.8,44.8,tsoc.org.cy,false,
2022-06-26 10:00:00,Cyprus,Cyprus,CY,507.39,653.22,45.2,45.2,tsoc.org.cy,false,
2022-06-26 11:00:00,Cyprus,Cyprus,CY,509.02,655.22,45.03,45.03,tsoc.org.cy,false,
2022-06-26 12:00:00,Cyprus,Cyprus,CY,507.45,653.04,45.2,45.2,tsoc.org.cy,false,
2022-06-26 13:00:00,Cyprus,Cyprus,CY,512.55,658.86,44.65,44.65,tsoc.org.cy,false,
2022-06-26 14:00:00,Cyprus,Cyprus,CY,571.07,731.0,38.33,38.33,tsoc.org.cy,false,
2022-06-26 15:00:00,Cyprus,Cyprus,CY,676.76,861.93,26.91,26.91,tsoc.org.cy,false,
2022-06-26 16:00:00,Cyprus,Cyprus,CY,782.65,993.32,15.48,15.48,tsoc.org.cy,false,
2022-06-26 17:00:00,Cyprus,Cyprus,CY,827.92,1049.5,10.59,10.59,tsoc.org.cy,false,
2022-06-26 18:00:00,Cyprus,Cyprus,CY,834.78,1058.05,9.85,9.85,tsoc.org.cy,false,
2022-06-26 19:00:00,Cyprus,Cyprus,CY,844.07,1069.74,8.84,8.84,tsoc.org.cy,false,
2022-06-26 20:00:00,Cyprus,Cyprus,CY,819.12,1038.65,11.54,11.54,tsoc.org.cy,false,
2022-06-26 21:00:00,Cyprus,Cyprus,CY,830.09,1052.52,10.35,10.35,tsoc.org.cy,false,
2022-06-26 22:00:00,Cyprus,Cyprus,CY,824.12,1045.23,11.0,11.0,tsoc.org.cy,false,
2022-06-26 23:00:00,Cyprus,Cyprus,CY,833.26,1056.78,10.01,10.01,tsoc.org.cy,false,
2022-06-27 00:00:00,Cyprus,Cyprus,CY,851.46,1079.63,8.04,8.04,tsoc.org.cy,false,
2022-06-27 01:00:00,Cyprus,Cyprus,CY,840.86,1066.43,9.19,9.19,tsoc.org.cy,false,
2022-06-27 02:00:00,Cyprus,Cyprus,CY,847.42,1074.6,8.48,8.48,tsoc.org.cy,false,
2022-06-27 03:00:00,Cyprus,Cyprus,CY,838.94,1064.11,9.4,9.4,tsoc.org.cy,false,
2022-06-27 04:00:00,Cyprus,Cyprus,CY,789.45,1002.8,14.74,14.74,tsoc.org.cy,false,
2022-06-27 05:00:00,Cyprus,Cyprus,CY,730.45,929.72,21.11,21.11,tsoc.org.cy,false,
2022-06-27 06:00:00,Cyprus,Cyprus,CY,693.65,884.25,25.09,25.09,tsoc.org.cy,false,
2022-06-27 07:00:00,Cyprus,Cyprus,CY,660.05,842.69,28.72,28.72,tsoc.org.cy,false,
2022-06-27 08:00:00,Cyprus,Cyprus,CY,631.18,806.93,31.83,31.83,tsoc.org.cy,false,
2022-06-27 09:00:00,Cyprus,Cyprus,CY,607.58,777.54,34.38,34.38,tsoc.org.cy,false,
2022-06-27 10:00:00,Cyprus,Cyprus,CY,612.91,784.07,33.81,33.81,tsoc.org.cy,false,
2022-06-27 11:00:00,Cyprus,Cyprus,CY,646.25,825.29,30.21,30.21,tsoc.org.cy,false,
2022-06-27 12:00:00,Cyprus,Cyprus,CY,655.49,836.75,29.21,29.21,tsoc.org.cy,false,
2022-06-27 13:00:00,Cyprus,Cyprus,CY,692.4,882.42,25.22,25.22,tsoc.org.cy,false,
2022-06-27 14:00:00,Cyprus,Cyprus,CY,754.43,959.26,18.52,18.52,tsoc.org.cy,false,
2022-06-27 15:00:00,Cyprus,Cyprus,CY,820.28,1040.76,11.41,11.41,tsoc.org.cy,false,
2022-06-27 16:00:00,Cyprus,Cyprus,CY,890.47,1127.76,3.83,3.83,tsoc.org.cy,false,
2022-06-27 17:00:00,Cyprus,Cyprus,CY,912.29,1154.75,1.48,1.48,tsoc.org.cy,false,
2022-06-27 18:00:00,Cyprus,Cyprus,CY,897.21,1135.91,3.1,3.1,tsoc.org.cy,false,
2022-06-27 19:00:00,Cyprus,Cyprus,CY,882.02,1117.03,4.74,4.74,tsoc.org.cy,false,
2022-06-27 20:00:00,Cyprus,Cyprus,CY,895.21,1133.61,3.32,3.32,tsoc.org.cy,false,
2022-06-27 21:00:00,Cyprus,Cyprus,CY,892.71,1130.68,3.59,3.59,tsoc.org.cy,false,
2022-06-27 22:00:00,Cyprus,Cyprus,CY,878.41,1112.99,5.13,5.13,tsoc.org.cy,false,
2022-06-27 23:00:00,Cyprus,Cyprus,CY,855.5,1084.49,7.61,7.61,tsoc.org.cy,false,
2022-06-28 00:00:00,Cyprus,Cyprus,CY,867.54,1099.64,6.31,6.31,tsoc.org.cy,false,
2022-06-28 01:00:00,Cyprus,Cyprus,CY,867.71,1099.92,6.29,6.29,tsoc.org.cy,false,
2022-06-28 02:00:00,Cyprus,Cyprus,CY,893.4,1132.0,3.52,3.52,tsoc.org.cy,false,
2022-06-28 03:00:00,Cyprus,Cyprus,CY,895.64,1134.85,3.27,3.27,tsoc.org.cy,false,
2022-06-28 04:00:00,Cyprus,Cyprus,CY,831.4,1055.12,10.21,10.21,tsoc.org.cy,false,
2022-06-28 05:00:00,Cyprus,Cyprus,CY,761.89,968.92,17.72,17.72,tsoc.org.cy,false,
2022-06-28 06:00:00,Cyprus,Cyprus,CY,711.24,906.15,23.19,23.19,tsoc.org.cy,false,
2022-06-28 07:00:00,Cyprus,Cyprus,CY,672.02,857.53,27.42,27.42,tsoc.org.cy,false,
2022-06-28 08:00:00,Cyprus,Cyprus,CY,650.04,830.28,29.8,29.8,tsoc.org.cy,false,
2022-06-28 09:00:00,Cyprus,Cyprus,CY,646.99,826.44,30.13,30.13,tsoc.org.cy,false,
2022-06-28 10:00:00,Cyprus,Cyprus,CY,642.81,821.27,30.58,30.58,tsoc.org.cy,false,
2022-06-28 11:00:00,Cyprus,Cyprus,CY,651.71,832.08,29.62,29.62,tsoc.org.cy,false,
2022-06-28 12:00:00,Cyprus,Cyprus,CY,676.31,862.44,26.96,26.96,tsoc.org.cy,false,
2022-06-28 13:00:00,Cyprus,Cyprus,CY,736.67,937.14,20.44,20.44,tsoc.org.cy,false,
2022-06-28 14:00:00,Cyprus,Cyprus,CY,756.85,962.13,18.26,18.26,tsoc.org.cy,false,
2022-06-28 15:00:00,Cyprus,Cyprus,CY,824.04,1045.39,11.01,11.01,tsoc.org.cy,false,
2022-06-28 16:00:00,Cyprus,Cyprus,CY,887.83,1124.4,4.12,4.12,tsoc.org.cy,false,
2022-06-28 17:00:00,Cyprus,Cyprus,CY,899.23,1138.43,2.89,2.89,tsoc.org.cy,false,
2022-06-28 18:00:00,Cyprus,Cyprus,CY,891.42,1128.68,3.73,3.73,tsoc.org.cy,false,
2022-06-28 19:00:00,Cyprus,Cyprus,CY,881.81,1116.75,4.77,4.77,tsoc.org.cy,false,
2022-06-28 20:00:00,Cyprus,Cyprus,CY,876.98,1110.82,5.29,5.29,tsoc.org.cy,false,
2022-06-28 21:00:00,Cyprus,Cyprus,CY,893.94,1132.19,3.46,3.46,tsoc.org.cy,false,
2022-06-28 22:00:00,Cyprus,Cyprus,CY,894.51,1133.08,3.4,3.4,tsoc.org.cy,false,
2022-06-28 23:00:00,Cyprus,Cyprus,CY,877.45,1111.89,5.24,5.24,tsoc.org.cy,false,
2022-06-29 00:00:00,Cyprus,Cyprus,CY,877.41,1111.94,5.24,5.24,tsoc.org.cy,false,
2022-06-29 01:00:00,Cyprus,Cyprus,CY,881.38,1116.94,4.81,4.81,tsoc.org.cy,false,
2022-06-29 02:00:00,Cyprus,Cyprus,CY,889.75,1127.39,3.91,3.91,tsoc.org.cy,false,
2022-06-29 03:00:00,Cyprus,Cyprus,CY,896.64,1136.04,3.17,3.17,tsoc.org.cy,false,
2022-06-29 04:00:00,Cyprus,Cyprus,CY,835.3,1059.93,9.79,9.79,tsoc.org.cy,false,
2022-06-29 05:00:00,Cyprus,Cyprus,CY,765.6,973.49,17.32,17.32,tsoc.org.cy,false,
2022-06-29 06:00:00,Cyprus,Cyprus,CY,721.18,918.47,22.11,22.11,tsoc.org.cy,false,
2022-06-29 07:00:00,Cyprus,Cyprus,CY,689.41,879.09,25.55,25.55,tsoc.org.cy,false,
2022-06-29 08:00:00,Cyprus,Cyprus,CY,667.55,852.03,27.91,27.91,tsoc.org.cy,false,
2022-06-29 09:00:00,Cyprus,Cyprus,CY,661.11,843.96,28.6,28.6,tsoc.org.cy,false,
2022-06-29 10:00:00,Cyprus,Cyprus,CY,678.44,865.28,26.73,26.73,tsoc.org.cy,false,
2022-06-29 11:00:00,Cyprus,Cyprus,CY,681.98,869.62,26.35,26.35,tsoc.org.cy,false,
2022-06-29 12:00:00,Cyprus,Cyprus,CY,643.56,805.98,14.11,14.11,Electricity Maps Estimation,true,ESTIMATED_TIME_SLICER_AVERAGE
2022-06-29 13:00:00,Cyprus,Cyprus,CY,661.04,827.47,12.12,12.12,Electricity Maps Estimation,true,ESTIMATED_TIME_SLICER_AVERAGE
2022-06-29 14:00:00,Cyprus,Cyprus,CY,686.48,858.73,9.16,9.16,Electricity Maps Estimation,true,ESTIMATED_TIME_SLICER_AVERAGE
2022-06-29 15:00:00,Cyprus,Cyprus,CY,717.79,897.15,5.45,5.45,Electricity Maps Estimation,true,ESTIMATED_TIME_SLICER_AVERAGE
2022-06-29 16:00:00,Cyprus,Cyprus,CY,741.51,926.06,2.4,2.4,Electricity Maps Estimation,true,ESTIMATED_TIME_SLICER_AVERAGE
2022-06-29 17:00:00,Cyprus,Cyprus,CY,744.21,929.21,1.93,1.93,Electricity Maps Estimation,true,ESTIMATED_TIME_SLICER_AVERAGE
2022-06-29 18:00:00,Cyprus,Cyprus,CY,736.65,919.5,2.44,2.44,Electricity Maps Estimation,true,ESTIMATED_TIME_SLICER_AVERAGE
2022-06-29 19:00:00,Cyprus,Cyprus,CY,726.82,906.72,2.86,2.86,Electricity Maps Estimation,true,ESTIMATED_TIME_SLICER_AVERAGE
2022-06-29 20:00:00,Cyprus,Cyprus,CY,721.18,899.23,2.89,2.89,Electricity Maps Estimation,true,ESTIMATED_TIME_SLICER_AVERAGE
2022-06-29 21:00:00,Cyprus,Cyprus,CY,869.82,1102.04,6.06,6.06,tsoc.org.cy,false,
2022-06-29 22:00:00,Cyprus,Cyprus,CY,867.28,1099.03,6.34,6.34,tsoc.org.cy,false,
2022-06-29 23:00:00,Cyprus,Cyprus,CY,875.21,1109.06,5.48,5.48,tsoc.org.cy,false,
2022-06-30 00:00:00,Cyprus,Cyprus,CY,900.84,1141.18,2.71,2.71,tsoc.org.cy,false,
2022-06-30 01:00:00,Cyprus,Cyprus,CY,910.78,1153.66,1.64,1.64,tsoc.org.cy,false,
2022-06-30 02:00:00,Cyprus,Cyprus,CY,914.63,1158.46,1.22,1.22,tsoc.org.cy,false,
2022-06-30 03:00:00,Cyprus,Cyprus,CY,899.85,1140.04,2.82,2.82,tsoc.org.cy,false,
2022-06-30 04:00:00,Cyprus,Cyprus,CY,837.26,1062.35,9.58,9.58,tsoc.org.cy,false,
2022-06-30 05:00:00,Cyprus,Cyprus,CY,765.38,973.22,17.34,17.34,tsoc.org.cy,false,
2022-06-30 06:00:00,Cyprus,Cyprus,CY,717.53,913.93,22.51,22.51,tsoc.org.cy,false,
2022-06-30 07:00:00,Cyprus,Cyprus,CY,679.03,866.18,26.67,26.67,tsoc.org.cy,false,
2022-06-30 08:00:00,Cyprus,Cyprus,CY,644.52,823.36,30.39,30.39,tsoc.org.cy,false,
2022-06-30 09:00:00,Cyprus,Cyprus,CY,617.75,790.07,33.28,33.28,tsoc.org.cy,false,
2022-06-30 10:00:00,Cyprus,Cyprus,CY,602.16,770.55,34.97,34.97,tsoc.org.cy,false,
2022-06-30 11:00:00,Cyprus,Cyprus,CY,611.39,781.88,33.97,33.97,tsoc.org.cy,false,
2022-06-30 12:00:00,Cyprus,Cyprus,CY,630.91,805.97,31.86,31.86,tsoc.org.cy,false,
2022-06-30 13:00:00,Cyprus,Cyprus,CY,677.2,863.33,26.86,26.86,tsoc.org.cy,false,
2022-06-30 14:00:00,Cyprus,Cyprus,CY,728.57,926.85,21.32,21.32,tsoc.org.cy,false,
2022-06-30 15:00:00,Cyprus,Cyprus,CY,794.92,1008.97,14.15,14.15,tsoc.org.cy,false,
2022-06-30 16:00:00,Cyprus,Cyprus,CY,848.89,1075.77,8.32,8.32,tsoc.org.cy,false,
2022-06-30 17:00:00,Cyprus,Cyprus,CY,860.6,1090.11,7.06,7.06,tsoc.org.cy,false,
2022-06-30 18:00:00,Cyprus,Cyprus,CY,848.08,1074.47,8.41,8.41,tsoc.org.cy,false,
2022-06-30 19:00:00,Cyprus,Cyprus,CY,847.13,1073.37,8.51,8.51,tsoc.org.cy,false,
2022-06-30 20:00:00,Cyprus,Cyprus,CY,864.46,1095.11,6.64,6.64,tsoc.org.cy,false,
2022-06-30 21:00:00,Cyprus,Cyprus,CY,860.94,1090.88,7.02,7.02,tsoc.org.cy,false,
2022-06-30 22:00:00,Cyprus,Cyprus,CY,863.75,1094.54,6.72,6.72,tsoc.org.cy,false,
2022-06-30 23:00:00,Cyprus,Cyprus,CY,877.47,1111.81,5.24,5.24,tsoc.org.cy,false,
2022-07-01 00:00:00,Cyprus,Cyprus,CY,850.57,1078.29,8.14,8.14,tsoc.org.cy,false,
2022-07-01 01:00:00,Cyprus,Cyprus,CY,816.8,1036.15,11.79,11.79,tsoc.org.cy,false,
2022-07-01 02:00:00,Cyprus,Cyprus,CY,848.83,1076.16,8.33,8.33,tsoc.org.cy,false,
2022-07-01 03:00:00,Cyprus,Cyprus,CY,867.32,1099.33,6.33,6.33,tsoc.org.cy,false,
2022-07-01 04:00:00,Cyprus,Cyprus,CY,833.8,1057.97,9.95,9.95,tsoc.org.cy,false,
2022-07-01 05:00:00,Cyprus,Cyprus,CY,769.4,978.16,16.91,16.91,tsoc.org.cy,false,
2022-07-01 06:00:00,Cyprus,Cyprus,CY,719.38,916.16,22.31,22.31,tsoc.org.cy,false,
2022-07-01 07:00:00,Cyprus,Cyprus,CY,673.72,859.54,27.24,27.24,tsoc.org.cy,false,
2022-07-01 08:00:00,Cyprus,Cyprus,CY,640.85,818.74,30.79,30.79,tsoc.org.cy,false,
2022-07-01 09:00:00,Cyprus,Cyprus,CY,619.19,791.81,33.13,33.13,tsoc.org.cy,false,
2022-07-01 10:00:00,Cyprus,Cyprus,CY,610.56,781.0,34.06,34.06,tsoc.org.cy,false,
2022-07-01 11:00:00,Cyprus,Cyprus,CY,620.05,792.68,33.04,33.04,tsoc.org.cy,false,
2022-07-01 12:00:00,Cyprus,Cyprus,CY,627.85,802.16,32.19,32.19,tsoc.org.cy,false,
2022-07-01 13:00:00,Cyprus,Cyprus,CY,677.81,864.05,26.8,26.8,tsoc.org.cy,false,
2022-07-01 14:00:00,Cyprus,Cyprus,CY,732.04,931.17,20.94,20.94,tsoc.org.cy,false,
2022-07-01 15:00:00,Cyprus,Cyprus,CY,786.0,997.78,15.11,15.11,tsoc.org.cy,false,
2022-07-01 16:00:00,Cyprus,Cyprus,CY,842.19,1067.3,9.05,9.05,tsoc.org.cy,false,
2022-07-01 17:00:00,Cyprus,Cyprus,CY,875.83,1109.12,5.41,5.41,tsoc.org.cy,false,
2022-07-01 18:00:00,Cyprus,Cyprus,CY,862.94,1093.03,6.81,6.81,tsoc.org.cy,false,
2022-07-01 19:00:00,Cyprus,Cyprus,CY,841.49,1066.31,9.12,9.12,tsoc.org.cy,false,
2022-07-01 20:00:00,Cyprus,Cyprus,CY,817.66,1036.6,11.69,11.69,tsoc.org.cy,false,
2022-07-01 21:00:00,Cyprus,Cyprus,CY,795.25,1008.74,14.12,14.12,tsoc.org.cy,false,
2022-07-01 22:00:00,Cyprus,Cyprus,CY,783.09,993.67,15.43,15.43,tsoc.org.cy,false,
2022-07-01 23:00:00,Cyprus,Cyprus,CY,788.58,1000.65,14.84,14.84,tsoc.org.cy,false,
2022-07-02 00:00:00,Cyprus,Cyprus,CY,807.34,1024.19,12.81,12.81,tsoc.org.cy,false,
2022-07-02 01:00:00,Cyprus,Cyprus,CY,820.72,1040.96,11.36,11.36,tsoc.org.cy,false,
2022-07-02 02:00:00,Cyprus,Cyprus,CY,828.53,1050.75,10.52,10.52,tsoc.org.cy,false,
2022-07-02 03:00:00,Cyprus,Cyprus,CY,832.06,1055.33,10.14,10.14,tsoc.org.cy,false,
2022-07-02 04:00:00,Cyprus,Cyprus,CY,802.06,1018.54,13.38,13.38,tsoc.org.cy,false,
2022-07-02 05:00:00,Cyprus,Cyprus,CY,736.02,936.88,20.51,20.51,tsoc.org.cy,false,
2022-07-02 06:00:00,Cyprus,Cyprus,CY,691.7,882.12,25.3,25.3,tsoc.org.cy,false,
2022-07-02 07:00:00,Cyprus,Cyprus,CY,656.94,839.07,29.05,29.05,tsoc.org.cy,false,
2022-07-02 08:00:00,Cyprus,Cyprus,CY,623.49,797.6,32.67,32.67,tsoc.org.cy,false,
2022-07-02 09:00:00,Cyprus,Cyprus,CY,606.02,775.87,34.55,34.55,tsoc.org.cy,false,
2022-07-02 10:00:00,Cyprus,Cyprus,CY,601.79,770.48,35.01,35.01,tsoc.org.cy,false,
2022-07-02 11:00:00,Cyprus,Cyprus,CY,602.98,771.76,34.88,34.88,tsoc.org.cy,false,
2022-07-02 12:00:00,Cyprus,Cyprus,CY,613.44,784.48,33.75,33.75,tsoc.org.cy,false,
2022-07-02 13:00:00,Cyprus,Cyprus,CY,664.8,848.07,28.2,28.2,tsoc.org.cy,false,
2022-07-02 14:00:00,Cyprus,Cyprus,CY,733.28,932.89,20.81,20.81,tsoc.org.cy,false,
2022-07-02 15:00:00,Cyprus,Cyprus,CY,809.01,1026.6,12.63,12.63,tsoc.org.cy,false,
2022-07-02 16:00:00,Cyprus,Cyprus,CY,880.39,1115.07,4.92,4.92,tsoc.org.cy,false,
2022-07-02 17:00:00,Cyprus,Cyprus,CY,891.08,1128.2,3.77,3.77,tsoc.org.cy,false,
2022-07-02 18:00:00,Cyprus,Cyprus,CY,866.63,1097.67,6.41,6.41,tsoc.org.cy,false,
2022-07-02 19:00:00,Cyprus,Cyprus,CY,861.13,1090.87,7.0,7.0,tsoc.org.cy,false,
2022-07-02 20:00:00,Cyprus,Cyprus,CY,857.75,1086.69,7.37,7.37,tsoc.org.cy,false,
2022-07-02 21:00:00,Cyprus,Cyprus,CY,845.53,1071.53,8.69,8.69,tsoc.org.cy,false,
2022-07-02 22:00:00,Cyprus,Cyprus,CY,813.31,1031.38,12.17,12.17,tsoc.org.cy,false,
2022-07-02 23:00:00,Cyprus,Cyprus,CY,806.21,1022.6,12.93,12.93,tsoc.org.cy,false,
2022-07-03 00:00:00,Cyprus,Cyprus,CY,810.26,1027.75,12.49,12.49,tsoc.org.cy,false,
2022-07-03 01:00:00,Cyprus,Cyprus,CY,828.02,1050.01,10.58,10.58,tsoc.org.cy,false,
2022-07-03 02:00:00,Cyprus,Cyprus,CY,869.44,1101.83,6.1,6.1,tsoc.org.cy,false,
2022-07-03 03:00:00,Cyprus,Cyprus,CY,868.52,1100.88,6.2,6.2,tsoc.org.cy,false,
2022-07-03 04:00:00,Cyprus,Cyprus,CY,819.82,1040.77,11.46,11.46,tsoc.org.cy,false,
2022-07-03 05:00:00,Cyprus,Cyprus,CY,740.0,942.01,20.08,20.08,tsoc.org.cy,false,
2022-07-03 06:00:00,Cyprus,Cyprus,CY,664.17,848.03,28.27,28.27,tsoc.org.cy,false,
2022-07-03 07:00:00,Cyprus,Cyprus,CY,630.76,806.75,31.88,31.88,tsoc.org.cy,false,
2022-07-03 08:00:00,Cyprus,Cyprus,CY,606.0,776.05,34.55,34.55,tsoc.org.cy,false,
2022-07-03 09:00:00,Cyprus,Cyprus,CY,587.6,753.13,36.54,36.54,tsoc.org.cy,false,
2022-07-03 10:00:00,Cyprus,Cyprus,CY,594.7,761.94,35.77,35.77,tsoc.org.cy,false,
2022-07-03 11:00:00,Cyprus,Cyprus,CY,616.88,789.4,33.38,33.38,tsoc.org.cy,false,
2022-07-03 12:00:00,Cyprus,Cyprus,CY,651.98,832.8,29.59,29.59,tsoc.org.cy,false,
2022-07-03 13:00:00,Cyprus,Cyprus,CY,696.86,888.25,24.74,24.74,tsoc.org.cy,false,
2022-07-03 14:00:00,Cyprus,Cyprus,CY,750.02,953.91,19.0,19.0,tsoc.org.cy,false,
2022-07-03 15:00:00,Cyprus,Cyprus,CY,822.72,1043.84,11.15,11.15,tsoc.org.cy,false,
2022-07-03 16:00:00,Cyprus,Cyprus,CY,887.1,1123.52,4.2,4.2,tsoc.org.cy,false,
2022-07-03 17:00:00,Cyprus,Cyprus,CY,905.03,1145.67,2.26,2.26,tsoc.org.cy,false,
2022-07-03 18:00:00,Cyprus,Cyprus,CY,888.25,1124.66,4.07,4.07,tsoc.org.cy,false,
2022-07-03 19:00:00,Cyprus,Cyprus,CY,872.71,1105.27,5.75,5.75,tsoc.org.cy,false,
2022-07-03 20:00:00,Cyprus,Cyprus,CY,860.15,1089.63,7.11,7.11,tsoc.org.cy,false,
2022-07-03 21:00:00,Cyprus,Cyprus,CY,843.41,1068.85,8.91,8.91,tsoc.org.cy,false,
2022-07-03 22:00:00,Cyprus,Cyprus,CY,830.97,1053.44,10.26,10.26,tsoc.org.cy,false,
2022-07-03 23:00:00,Cyprus,Cyprus,CY,830.47,1052.94,10.31,10.31,tsoc.org.cy,false,
2022-07-04 00:00:00,Cyprus,Cyprus,CY,836.09,1060.05,9.7,9.7,tsoc.org.cy,false,
2022-07-04 01:00:00,Cyprus,Cyprus,CY,848.64,1075.8,8.35,8.35,tsoc.org.cy,false,
2022-07-04 02:00:00,Cyprus,Cyprus,CY,858.86,1088.59,7.24,7.24,tsoc.org.cy,false,
2022-07-04 03:00:00,Cyprus,Cyprus,CY,863.44,1094.37,6.75,6.75,tsoc.org.cy,false,
2022-07-04 04:00:00,Cyprus,Cyprus,CY,824.1,1045.7,11.0,11.0,tsoc.org.cy,false,
2022-07-04 05:00:00,Cyprus,Cyprus,CY,776.04,986.23,16.19,16.19,tsoc.org.cy,false,
2022-07-04 06:00:00,Cyprus,Cyprus,CY,734.04,934.19,20.73,20.73,tsoc.org.cy,false,
2022-07-04 07:00:00,Cyprus,Cyprus,CY,701.15,893.43,24.28,24.28,tsoc.org.cy,false,
2022-07-04 08:00:00,Cyprus,Cyprus,CY,672.66,858.11,27.36,27.36,tsoc.org.cy,false,
2022-07-04 09:00:00,Cyprus,Cyprus,CY,664.04,847.43,28.29,28.29,tsoc.org.cy,false,
2022-07-04 10:00:00,Cyprus,Cyprus,CY,668.7,853.14,27.78,27.78,tsoc.org.cy,false,
2022-07-04 11:00:00,Cyprus,Cyprus,CY,685.28,873.59,25.99,25.99,tsoc.org.cy,false,
2022-07-04 12:00:00,Cyprus,Cyprus,CY,695.98,886.82,24.84,24.84,tsoc.org.cy,false,
2022-07-04 13:00:00,Cyprus,Cyprus,CY,723.73,921.08,21.84,21.84,tsoc.org.cy,false,
2022-07-04 14:00:00,Cyprus,Cyprus,CY,762.07,968.44,17.7,17.7,tsoc.org.cy,false,
2022-07-04 15:00:00,Cyprus,Cyprus,CY,826.7,1048.46,10.72,10.72,tsoc.org.cy,false,
2022-07-04 16:00:00,Cyprus,Cyprus,CY,887.23,1123.44,4.18,4.18,tsoc.org.cy,false,
2022-07-04 17:00:00,Cyprus,Cyprus,CY,905.98,1146.66,2.16,2.16,tsoc.org.cy,false,
2022-07-04 18:00:00,Cyprus,Cyprus,CY,892.88,1130.3,3.57,3.57,tsoc.org.cy,false,
2022-07-04 19:00:00,Cyprus,Cyprus,CY,874.08,1106.86,5.6,5.6,tsoc.org.cy,false,
2022-07-04 20:00:00,Cyprus,Cyprus,CY,878.76,1112.79,5.1,5.1,tsoc.org.cy,false,
2022-07-04 21:00:00,Cyprus,Cyprus,CY,859.58,1088.99,7.17,7.17,tsoc.org.cy,false,
2022-07-04 22:00:00,Cyprus,Cyprus,CY,852.18,1079.89,7.97,7.97,tsoc.org.cy,false,
2022-07-04 23:00:00,Cyprus,Cyprus,CY,830.57,1053.01,10.3,10.3,tsoc.org.cy,false,
2022-07-05 00:00:00,Cyprus,Cyprus,CY,801.76,1017.1,13.41,13.41,tsoc.org.cy,false,
2022-07-05 01:00:00,Cyprus,Cyprus,CY,794.79,1008.47,14.16,14.16,tsoc.org.cy,false,
2022-07-05 02:00:00,Cyprus,Cyprus,CY,809.17,1026.45,12.61,12.61,tsoc.org.cy,false,
2022-07-05 03:00:00,Cyprus,Cyprus,CY,832.69,1055.93,10.07,10.07,tsoc.org.cy,false,
2022-07-05 04:00:00,Cyprus,Cyprus,CY,827.02,1049.39,10.68,10.68,tsoc.org.cy,false,
2022-07-05 05:00:00,Cyprus,Cyprus,CY,768.46,976.86,17.01,17.01,tsoc.org.cy,false,
2022-07-05 06:00:00,Cyprus,Cyprus,CY,726.2,924.49,21.57,21.57,tsoc.org.cy,false,
2022-07-05 07:00:00,Cyprus,Cyprus,CY,696.9,888.2,24.74,24.74,tsoc.org.cy,false,
2022-07-05 08:00:00,Cyprus,Cyprus,CY,672.21,857.59,27.4,27.4,tsoc.org.cy,false,
2022-07-05 09:00:00,Cyprus,Cyprus,CY,657.46,839.23,29.0,29.0,tsoc.org.cy,false,
2022-07-05 10:00:00,Cyprus,Cyprus,CY,650.8,830.88,29.72,29.72,tsoc.org.cy,false,
2022-07-05 11:00:00,Cyprus,Cyprus,CY,659.33,841.34,28.79,28.79,tsoc.org.cy,false,
2022-07-05 12:00:00,Cyprus,Cyprus,CY,676.69,862.79,26.92,26.92,tsoc.org.cy,false,
2022-07-05 13:00:00,Cyprus,Cyprus,CY,709.51,903.35,23.37,23.37,tsoc.org.cy,false,
2022-07-05 14:00:00,Cyprus,Cyprus,CY,760.24,966.16,17.9,17.9,tsoc.org.cy,false,
2022-07-05 15:00:00,Cyprus,Cyprus,CY,818.36,1038.03,11.62,11.62,tsoc.org.cy,false,
2022-07-05 16:00:00,Cyprus,Cyprus,CY,871.67,1104.0,5.86,5.86,tsoc.org.cy,false,
2022-07-05 17:00:00,Cyprus,Cyprus,CY,880.73,1115.12,4.88,4.88,tsoc.org.cy,false,
2022-07-05 18:00:00,Cyprus,Cyprus,CY,875.37,1108.42,5.46,5.46,tsoc.org.cy,false,
2022-07-05 19:00:00,Cyprus,Cyprus,CY,873.73,1106.43,5.64,5.64,tsoc.org.cy,false,
2022-07-05 20:00:00,Cyprus,Cyprus,CY,871.43,1103.63,5.89,5.89,tsoc.org.cy,false,
2022-07-05 21:00:00,Cyprus,Cyprus,CY,862.18,1092.23,6.89,6.89,tsoc.org.cy,false,
2022-07-05 22:00:00,Cyprus,Cyprus,CY,851.5,1079.02,8.04,8.04,tsoc.org.cy,false,
2022-07-05 23:00:00,Cyprus,Cyprus,CY,844.65,1070.59,8.78,8.78,tsoc.org.cy,false,
2022-07-06 00:00:00,Cyprus,Cyprus,CY,841.16,1066.34,9.16,9.16,tsoc.org.cy,false,
2022-07-06 01:00:00,Cyprus,Cyprus,CY,845.9,1072.34,8.64,8.64,tsoc.org.cy,false,
2022-07-06 02:00:00,Cyprus,Cyprus,CY,849.98,1077.44,8.2,8.2,tsoc.org.cy,false,
2022-07-06 03:00:00,Cyprus,Cyprus,CY,865.88,1097.4,6.49,6.49,tsoc.org.cy,false,
2022-07-06 04:00:00,Cyprus,Cyprus,CY,825.12,1047.02,10.89,10.89,tsoc.org.cy,false,
2022-07-06 05:00:00,Cyprus,Cyprus,CY,769.51,978.2,16.9,16.9,tsoc.org.cy,false,
2022-07-06 06:00:00,Cyprus,Cyprus,CY,722.37,919.83,21.99,21.99,tsoc.org.cy,false,
2022-07-06 07:00:00,Cyprus,Cyprus,CY,689.94,879.67,25.49,25.49,tsoc.org.cy,false,
2022-07-06 08:00:00,Cyprus,Cyprus,CY,662.21,845.28,28.48,28.48,tsoc.org.cy,false,
2022-07-06 09:00:00,Cyprus,Cyprus,CY,647.03,826.37,30.12,30.12,tsoc.org.cy,false,
2022-07-06 10:00:00,Cyprus,Cyprus,CY,648.95,828.65,29.92,29.92,tsoc.org.cy,false,
2022-07-06 11:00:00,Cyprus,Cyprus,CY,649.08,828.63,29.9,29.9,tsoc.org.cy,false,
2022-07-06 12:00:00,Cyprus,Cyprus,CY,661.6,843.96,28.55,28.55,tsoc.org.cy,false,
2022-07-06 13:00:00,Cyprus,Cyprus,CY,695.83,886.29,24.85,24.85,tsoc.org.cy,false,
2022-07-06 14:00:00,Cyprus,Cyprus,CY,743.48,945.29,19.71,19.71,tsoc.org.cy,false,
2022-07-06 15:00:00,Cyprus,Cyprus,CY,808.6,1025.89,12.67,12.67,tsoc.org.cy,false,
2022-07-06 16:00:00,Cyprus,Cyprus,CY,870.48,1102.57,5.99,5.99,tsoc.org.cy,false,
2022-07-06 17:00:00,Cyprus,Cyprus,CY,898.02,1136.71,3.02,3.02,tsoc.org.cy,false,
2022-07-06 18:00:00,Cyprus,Cyprus,CY,891.26,1128.27,3.75,3.75,tsoc.org.cy,false,
2022-07-06 19:00:00,Cyprus,Cyprus,CY,899.2,1138.27,2.89,2.89,tsoc.org.cy,false,
2022-07-06 20:00:00,Cyprus,Cyprus,CY,888.86,1125.41,4.01,4.01,tsoc.org.cy,false,
2022-07-06 21:00:00,Cyprus,Cyprus,CY,889.21,1126.0,3.97,3.97,tsoc.org.cy,false,
2022-07-06 22:00:00,Cyprus,Cyprus,CY,879.77,1114.34,4.99,4.99,tsoc.org.cy,false,
2022-07-06 23:00:00,Cyprus,Cyprus,CY,873.18,1106.24,5.7,5.7,tsoc.org.cy,false,
2022-07-07 00:00:00,Cyprus,Cyprus,CY,891.1,1128.75,3.76,3.76,tsoc.org.cy,false,
2022-07-07 01:00:00,Cyprus,Cyprus,CY,911.25,1154.01,1.59,1.59,tsoc.org.cy,false,
2022-07-07 02:00:00,Cyprus,Cyprus,CY,914.2,1157.71,1.27,1.27,tsoc.org.cy,false,
2022-07-07 03:00:00,Cyprus,Cyprus,CY,902.65,1143.35,2.52,2.52,tsoc.org.cy,false,
2022-07-07 04:00:00,Cyprus,Cyprus,CY,843.37,1069.79,8.92,8.92,tsoc.org.cy,false,
2022-07-07 05:00:00,Cyprus,Cyprus,CY,776.03,986.27,16.19,16.19,tsoc.org.cy,false,
2022-07-07 06:00:00,Cyprus,Cyprus,CY,730.81,930.25,21.07,21.07,tsoc.org.cy,false,
2022-07-07 07:00:00,Cyprus,Cyprus,CY,701.82,894.36,24.21,24.21,tsoc.org.cy,false,
2022-07-07 08:00:00,Cyprus,Cyprus,CY,676.41,862.88,26.95,26.95,tsoc.org.cy,false,
2022-07-07 09:00:00,Cyprus,Cyprus,CY,668.43,852.95,27.81,27.81,tsoc.org.cy,false,
2022-07-07 10:00:00,Cyprus,Cyprus,CY,663.33,846.52,28.36,28.36,tsoc.org.cy,false,
2022-07-07 11:00:00,Cyprus,Cyprus,CY,670.44,855.16,27.59,27.59,tsoc.org.cy,false,
2022-07-07 12:00:00,Cyprus,Cyprus,CY,674.68,860.21,27.14,27.14,tsoc.org.cy,false,
2022-07-07 13:00:00,Cyprus,Cyprus,CY,713.04,907.69,22.99,22.99,tsoc.org.cy,false,
2022-07-07 14:00:00,Cyprus,Cyprus,CY,758.44,963.88,18.09,18.09,tsoc.org.cy,false,
2022-07-07 15:00:00,Cyprus,Cyprus,CY,820.19,1040.32,11.42,11.42,tsoc.org.cy,false,
2022-07-07 16:00:00,Cyprus,Cyprus,CY,882.27,1117.28,4.72,4.72,tsoc.org.cy,false,
2022-07-07 17:00:00,Cyprus,Cyprus,CY,902.3,1142.1,2.55,2.55,tsoc.org.cy,false,
2022-07-07 18:00:00,Cyprus,Cyprus,CY,895.39,1133.48,3.3,3.3,tsoc.org.cy,false,
2022-07-07 19:00:00,Cyprus,Cyprus,CY,909.56,1151.24,1.77,1.77,tsoc.org.cy,false,
2022-07-07 20:00:00,Cyprus,Cyprus,CY,915.1,1158.24,1.17,1.17,tsoc.org.cy,false,
2022-07-07 21:00:00,Cyprus,Cyprus,CY,910.34,1152.44,1.69,1.69,tsoc.org.cy,false,
2022-07-07 22:00:00,Cyprus,Cyprus,CY,905.52,1146.54,2.21,2.21,tsoc.org.cy,false,
2022-07-07 23:00:00,Cyprus,Cyprus,CY,910.83,1153.29,1.63,1.63,tsoc.org.cy,false,
2022-07-08 00:00:00,Cyprus,Cyprus,CY,915.17,1158.81,1.16,1.16,tsoc.org.cy,false,
2022-07-08 01:00:00,Cyprus,Cyprus,CY,915.75,1159.6,1.1,1.1,tsoc.org.cy,false,
2022-07-08 02:00:00,Cyprus,Cyprus,CY,915.72,1159.57,1.1,1.1,tsoc.org.cy,false,
2022-07-08 03:00:00,Cyprus,Cyprus,CY,903.92,1144.89,2.38,2.38,tsoc.org.cy,false,
2022-07-08 04:00:00,Cyprus,Cyprus,CY,852.96,1081.61,7.88,7.88,tsoc.org.cy,false,
2022-07-08 05:00:00,Cyprus,Cyprus,CY,785.06,997.42,15.22,15.22,tsoc.org.cy,false,
2022-07-08 06:00:00,Cyprus,Cyprus,CY,741.03,942.86,19.97,19.97,tsoc.org.cy,false,
2022-07-08 07:00:00,Cyprus,Cyprus,CY,710.6,905.18,23.26,23.26,tsoc.org.cy,false,
2022-07-08 08:00:00,Cyprus,Cyprus,CY,693.03,883.34,25.15,25.15,tsoc.org.cy,false,
2022-07-08 09:00:00,Cyprus,Cyprus,CY,684.41,872.55,26.09,26.09,tsoc.org.cy,false,
2022-07-08 10:00:00,Cyprus,Cyprus,CY,681.79,869.23,26.37,26.37,tsoc.org.cy,false,
2022-07-08 11:00:00,Cyprus,Cyprus,CY,675.69,861.51,27.03,27.03,tsoc.org.cy,false,
2022-07-08 12:00:00,Cyprus,Cyprus,CY,687.59,876.13,25.74,25.74,tsoc.org.cy,false,
2022-07-08 13:00:00,Cyprus,Cyprus,CY,725.58,923.17,21.64,21.64,tsoc.org.cy,false,
2022-07-08 14:00:00,Cyprus,Cyprus,CY,754.18,958.35,18.55,18.55,tsoc.org.cy,false,
2022-07-08 15:00:00,Cyprus,Cyprus,CY,800.57,1015.67,13.54,13.54,tsoc.org.cy,false,
2022-07-08 16:00:00,Cyprus,Cyprus,CY,856.55,1085.1,7.49,7.49,tsoc.org.cy,false,
2022-07-08 17:00:00,Cyprus,Cyprus,CY,885.97,1121.68,4.32,4.32,tsoc.org.cy,false,
2022-07-08 18:00:00,Cyprus,Cyprus,CY,879.3,1113.38,5.04,5.04,tsoc.org.cy,false,
2022-07-08 19:00:00,Cyprus,Cyprus,CY,880.48,1114.93,4.91,4.91,tsoc.org.cy,false,
2022-07-08 20:00:00,Cyprus,Cyprus,CY,881.56,1116.33,4.79,4.79,tsoc.org.cy,false,
2022-07-08 21:00:00,Cyprus,Cyprus,CY,887.4,1123.76,4.16,4.16,tsoc.org.cy,false,
2022-07-08 22:00:00,Cyprus,Cyprus,CY,884.24,1119.93,4.5,4.5,tsoc.org.cy,false,
2022-07-08 23:00:00,Cyprus,Cyprus,CY,885.9,1122.12,4.33,4.33,tsoc.org.cy,false,
2022-07-09 00:00:00,Cyprus,Cyprus,CY,892.07,1129.93,3.66,3.66,tsoc.org.cy,false,
2022-07-09 01:00:00,Cyprus,Cyprus,CY,894.09,1132.53,3.44,3.44,tsoc.org.cy,false,
2022-07-09 02:00:00,Cyprus,Cyprus,CY,903.12,1143.85,2.47,2.47,tsoc.org.cy,false,
2022-07-09 03:00:00,Cyprus,Cyprus,CY,900.04,1140.12,2.8,2.8,tsoc.org.cy,false,
2022-07-09 04:00:00,Cyprus,Cyprus,CY,855.62,1085.07,7.6,7.6,tsoc.org.cy,false,
2022-07-09 05:00:00,Cyprus,Cyprus,CY,794.12,1008.89,14.24,14.24,tsoc.org.cy,false,
2022-07-09 06:00:00,Cyprus,Cyprus,CY,727.14,925.93,21.47,21.47,tsoc.org.cy,false,
2022-07-09 07:00:00,Cyprus,Cyprus,CY,681.4,869.29,26.41,26.41,tsoc.org.cy,false,
2022-07-09 08:00:00,Cyprus,Cyprus,CY,650.16,830.54,29.78,29.78,tsoc.org.cy,false,
2022-07-09 09:00:00,Cyprus,Cyprus,CY,627.12,801.83,32.27,32.27,tsoc.org.cy,false,
2022-07-09 10:00:00,Cyprus,Cyprus,CY,635.62,812.34,31.35,31.35,tsoc.org.cy,false,
2022-07-09 11:00:00,Cyprus,Cyprus,CY,631.43,806.98,31.81,31.81,tsoc.org.cy,false,
2022-07-09 12:00:00,Cyprus,Cyprus,CY,629.78,804.6,31.99,31.99,tsoc.org.cy,false,
2022-07-09 13:00:00,Cyprus,Cyprus,CY,672.2,857.08,27.4,27.4,tsoc.org.cy,false,
2022-07-09 14:00:00,Cyprus,Cyprus,CY,719.64,915.67,22.28,22.28,tsoc.org.cy,false,
2022-07-09 15:00:00,Cyprus,Cyprus,CY,797.44,1012.04,13.88,13.88,tsoc.org.cy,false,
2022-07-09 16:00:00,Cyprus,Cyprus,CY,861.72,1091.68,6.94,6.94,tsoc.org.cy,false,
2022-07-09 17:00:00,Cyprus,Cyprus,CY,890.7,1127.68,3.81,3.81,tsoc.org.cy,false,
2022-07-09 18:00:00,Cyprus,Cyprus,CY,890.81,1127.84,3.8,3.8,tsoc.org.cy,false,
2022-07-09 19:00:00,Cyprus,Cyprus,CY,882.0,1116.89,4.75,4.75,tsoc.org.cy,false,
2022-07-09 20:00:00,Cyprus,Cyprus,CY,870.23,1102.24,6.02,6.02,tsoc.org.cy,false,
2022-07-09 21:00:00,Cyprus,Cyprus,CY,873.48,1106.41,5.67,5.67,tsoc.org.cy,false,
2022-07-09 22:00:00,Cyprus,Cyprus,CY,867.58,1099.14,6.3,6.3,tsoc.org.cy,false,
2022-07-09 23:00:00,Cyprus,Cyprus,CY,871.6,1104.27,5.87,5.87,tsoc.org.cy,false,
2022-07-10 00:00:00,Cyprus,Cyprus,CY,883.48,1119.22,4.59,4.59,tsoc.org.cy,false,
2022-07-10 01:00:00,Cyprus,Cyprus,CY,872.4,1105.45,5.78,5.78,tsoc.org.cy,false,
2022-07-10 02:00:00,Cyprus,Cyprus,CY,893.94,1132.45,3.46,3.46,tsoc.org.cy,false,
2022-07-10 03:00:00,Cyprus,Cyprus,CY,879.56,1114.69,5.01,5.01,tsoc.org.cy,false,
2022-07-10 04:00:00,Cyprus,Cyprus,CY,826.98,1049.73,10.69,10.69,tsoc.org.cy,false,
2022-07-10 05:00:00,Cyprus,Cyprus,CY,743.05,945.85,19.75,19.75,tsoc.org.cy,false,
2022-07-10 06:00:00,Cyprus,Cyprus,CY,673.72,860.03,27.24,27.24,tsoc.org.cy,false,
2022-07-10 07:00:00,Cyprus,Cyprus,CY,626.2,801.15,32.37,32.37,tsoc.org.cy,false,
2022-07-10 08:00:00,Cyprus,Cyprus,CY,574.47,736.87,37.96,37.96,tsoc.org.cy,false,
2022-07-10 09:00:00,Cyprus,Cyprus,CY,558.49,716.76,39.68,39.68,tsoc.org.cy,false,
2022-07-10 10:00:00,Cyprus,Cyprus,CY,535.28,687.7,42.19,42.19,tsoc.org.cy,false,
2022-07-10 11:00:00,Cyprus,Cyprus,CY,536.68,689.17,42.04,42.04,tsoc.org.cy,false,
2022-07-10 12:00:00,Cyprus,Cyprus,CY,587.8,752.63,36.52,36.52,tsoc.org.cy,false,
2022-07-10 13:00:00,Cyprus,Cyprus,CY,652.94,833.2,29.48,29.48,tsoc.org.cy,false,
2022-07-10 14:00:00,Cyprus,Cyprus,CY,703.17,895.22,24.06,24.06,tsoc.org.cy,false,
2022-07-10 15:00:00,Cyprus,Cyprus,CY,741.49,942.3,19.92,19.92,tsoc.org.cy,false,
2022-07-10 16:00:00,Cyprus,Cyprus,CY,815.86,1034.55,11.89,11.89,tsoc.org.cy,false,
2022-07-10 17:00:00,Cyprus,Cyprus,CY,852.61,1080.24,7.92,7.92,tsoc.org.cy,false,
2022-07-10 18:00:00,Cyprus,Cyprus,CY,874.07,1107.04,5.6,5.6,tsoc.org.cy,false,
2022-07-10 19:00:00,Cyprus,Cyprus,CY,881.32,1116.15,4.82,4.82,tsoc.org.cy,false,
2022-07-10 20:00:00,Cyprus,Cyprus,CY,877.62,1111.59,5.22,5.22,tsoc.org.cy,false,
2022-07-10 21:00:00,Cyprus,Cyprus,CY,880.41,1115.23,4.92,4.92,tsoc.org.cy,false,
2022-07-10 22:00:00,Cyprus,Cyprus,CY,885.01,1121.11,4.42,4.42,tsoc.org.cy,false,
2022-07-10 23:00:00,Cyprus,Cyprus,CY,903.75,1144.65,2.4,2.4,tsoc.org.cy,false,
2022-07-11 00:00:00,Cyprus,Cyprus,CY,911.07,1153.9,1.61,1.61,tsoc.org.cy,false,
2022-07-11 01:00:00,Cyprus,Cyprus,CY,904.34,1145.53,2.33,2.33,tsoc.org.cy,false,
2022-07-11 02:00:00,Cyprus,Cyprus,CY,909.1,1151.45,1.82,1.82,tsoc.org.cy,false,
2022-07-11 03:00:00,Cyprus,Cyprus,CY,891.24,1129.18,3.75,3.75,tsoc.org.cy,false,
2022-07-11 04:00:00,Cyprus,Cyprus,CY,832.3,1055.96,10.11,10.11,tsoc.org.cy,false,
2022-07-11 05:00:00,Cyprus,Cyprus,CY,777.72,988.38,16.01,16.01,tsoc.org.cy,false,
2022-07-11 06:00:00,Cyprus,Cyprus,CY,732.21,932.01,20.92,20.92,tsoc.org.cy,false,
2022-07-11 07:00:00,Cyprus,Cyprus,CY,700.36,892.56,24.36,24.36,tsoc.org.cy,false,
2022-07-11 08:00:00,Cyprus,Cyprus,CY,663.96,847.4,28.29,28.29,tsoc.org.cy,false,
2022-07-11 09:00:00,Cyprus,Cyprus,CY,650.14,830.24,29.79,29.79,tsoc.org.cy,false,
2022-07-11 10:00:00,Cyprus,Cyprus,CY,662.5,845.51,28.45,28.45,tsoc.org.cy,false,
2022-07-11 11:00:00,Cyprus,Cyprus,CY,667.33,851.31,27.93,27.93,tsoc.org.cy,false,
2022-07-11 12:00:00,Cyprus,Cyprus,CY,678.04,864.36,26.77,26.77,tsoc.org.cy,false,
2022-07-11 13:00:00,Cyprus,Cyprus,CY,712.49,906.97,23.05,23.05,tsoc.org.cy,false,
2022-07-11 14:00:00,Cyprus,Cyprus,CY,774.36,983.77,16.37,16.37,tsoc.org.cy,false,
2022-07-11 15:00:00,Cyprus,Cyprus,CY,837.58,1062.07,9.54,9.54,tsoc.org.cy,false,
2022-07-11 16:00:00,Cyprus,Cyprus,CY,893.48,1131.33,3.51,3.51,tsoc.org.cy,false,
2022-07-11 17:00:00,Cyprus,Cyprus,CY,910.72,1152.67,1.64,1.64,tsoc.org.cy,false,
2022-07-11 18:00:00,Cyprus,Cyprus,CY,909.38,1151.0,1.79,1.79,tsoc.org.cy,false,
2022-07-11 19:00:00,Cyprus,Cyprus,CY,901.01,1140.61,2.69,2.69,tsoc.org.cy,false,
2022-07-11 20:00:00,Cyprus,Cyprus,CY,888.3,1124.8,4.07,4.07,tsoc.org.cy,false,
2022-07-11 21:00:00,Cyprus,Cyprus,CY,860.31,1089.97,7.09,7.09,tsoc.org.cy,false,
2022-07-11 22:00:00,Cyprus,Cyprus,CY,834.65,1058.04,9.86,9.86,tsoc.org.cy,false,
2022-07-11 23:00:00,Cyprus,Cyprus,CY,836.28,1060.19,9.68,9.68,tsoc.org.cy,false,
2022-07-12 00:00:00,Cyprus,Cyprus,CY,863.08,1093.78,6.79,6.79,tsoc.org.cy,false,
2022-07-12 01:00:00,Cyprus,Cyprus,CY,880.15,1115.17,4.95,4.95,tsoc.org.cy,false,
2022-07-12 02:00:00,Cyprus,Cyprus,CY,895.86,1134.79,3.25,3.25,tsoc.org.cy,false,
2022-07-12 03:00:00,Cyprus,Cyprus,CY,893.73,1132.2,3.48,3.48,tsoc.org.cy,false,
2022-07-12 04:00:00,Cyprus,Cyprus,CY,852.26,1080.79,7.96,7.96,tsoc.org.cy,false,
2022-07-12 05:00:00,Cyprus,Cyprus,CY,793.94,1008.43,14.26,14.26,tsoc.org.cy,false,
2022-07-12 06:00:00,Cyprus,Cyprus,CY,750.98,955.19,18.9,18.9,tsoc.org.cy,false,
2022-07-12 07:00:00,Cyprus,Cyprus,CY,717.57,913.74,22.5,22.5,tsoc.org.cy,false,
2022-07-12 08:00:00,Cyprus,Cyprus,CY,688.54,877.71,25.64,25.64,tsoc.org.cy,false,
2022-07-12 09:00:00,Cyprus,Cyprus,CY,669.6,854.17,27.69,27.69,tsoc.org.cy,false,
2022-07-12 10:00:00,Cyprus,Cyprus,CY,662.6,845.35,28.44,28.44,tsoc.org.cy,false,
2022-07-12 11:00:00,Cyprus,Cyprus,CY,672.26,857.16,27.4,27.4,tsoc.org.cy,false,
2022-07-12 12:00:00,Cyprus,Cyprus,CY,687.27,875.65,25.78,25.78,tsoc.org.cy,false,
2022-07-12 13:00:00,Cyprus,Cyprus,CY,723.37,920.36,21.88,21.88,tsoc.org.cy,false,
2022-07-12 14:00:00,Cyprus,Cyprus,CY,760.0,965.62,17.92,17.92,tsoc.org.cy,false,
2022-07-12 15:00:00,Cyprus,Cyprus,CY,806.74,1023.37,12.87,12.87,tsoc.org.cy,false,
2022-07-12 16:00:00,Cyprus,Cyprus,CY,841.49,1066.24,9.12,9.12,tsoc.org.cy,false,
2022-07-12 17:00:00,Cyprus,Cyprus,CY,842.56,1067.42,9.01,9.01,tsoc.org.cy,false,
2022-07-12 18:00:00,Cyprus,Cyprus,CY,823.64,1043.79,11.05,11.05,tsoc.org.cy,false,
2022-07-12 19:00:00,Cyprus,Cyprus,CY,824.98,1045.51,10.9,10.9,tsoc.org.cy,false,
2022-07-12 20:00:00,Cyprus,Cyprus,CY,821.44,1041.16,11.29,11.29,tsoc.org.cy,false,
2022-07-12 21:00:00,Cyprus,Cyprus,CY,799.62,1014.02,13.64,13.64,tsoc.org.cy,false,
2022-07-12 22:00:00,Cyprus,Cyprus,CY,797.46,1011.46,13.88,13.88,tsoc.org.cy,false,
2022-07-12 23:00:00,Cyprus,Cyprus,CY,804.69,1020.61,13.1,13.1,tsoc.org.cy,false,
2022-07-13 00:00:00,Cyprus,Cyprus,CY,816.2,1035.08,11.85,11.85,tsoc.org.cy,false,
2022-07-13 01:00:00,Cyprus,Cyprus,CY,835.34,1059.07,9.79,9.79,tsoc.org.cy,false,
2022-07-13 02:00:00,Cyprus,Cyprus,CY,880.12,1115.03,4.95,4.95,tsoc.org.cy,false,
2022-07-13 03:00:00,Cyprus,Cyprus,CY,878.63,1113.22,5.11,5.11,tsoc.org.cy,false,
2022-07-13 04:00:00,Cyprus,Cyprus,CY,825.11,1046.79,10.89,10.89,tsoc.org.cy,false,
2022-07-13 05:00:00,Cyprus,Cyprus,CY,789.3,1002.63,14.76,14.76,tsoc.org.cy,false,
2022-07-13 06:00:00,Cyprus,Cyprus,CY,745.77,948.72,19.46,19.46,tsoc.org.cy,false,
2022-07-13 07:00:00,Cyprus,Cyprus,CY,714.21,909.65,22.87,22.87,tsoc.org.cy,false,
2022-07-13 08:00:00,Cyprus,Cyprus,CY,681.37,868.93,26.41,26.41,tsoc.org.cy,false,
2022-07-13 09:00:00,Cyprus,Cyprus,CY,659.78,842.08,28.75,28.75,tsoc.org.cy,false,
2022-07-13 10:00:00,Cyprus,Cyprus,CY,649.25,828.84,29.88,29.88,tsoc.org.cy,false,
2022-07-13 11:00:00,Cyprus,Cyprus,CY,647.49,826.44,30.07,30.07,tsoc.org.cy,false,
2022-07-13 12:00:00,Cyprus,Cyprus,CY,666.75,850.27,27.99,27.99,tsoc.org.cy,false,
2022-07-13 13:00:00,Cyprus,Cyprus,CY,714.33,909.27,22.85,22.85,tsoc.org.cy,false,
2022-07-13 14:00:00,Cyprus,Cyprus,CY,752.72,956.67,18.71,18.71,tsoc.org.cy,false,
2022-07-13 15:00:00,Cyprus,Cyprus,CY,810.17,1027.78,12.5,12.5,tsoc.org.cy,false,
2022-07-13 16:00:00,Cyprus,Cyprus,CY,866.17,1097.12,6.46,6.46,tsoc.org.cy,false,
2022-07-13 17:00:00,Cyprus,Cyprus,CY,886.46,1122.28,4.26,4.26,tsoc.org.cy,false,
2022-07-13 18:00:00,Cyprus,Cyprus,CY,885.29,1120.82,4.39,4.39,tsoc.org.cy,false,
2022-07-13 19:00:00,Cyprus,Cyprus,CY,883.37,1118.48,4.6,4.6,tsoc.org.cy,false,
2022-07-13 20:00:00,Cyprus,Cyprus,CY,884.2,1119.59,4.51,4.51,tsoc.org.cy,false,
2022-07-13 21:00:00,Cyprus,Cyprus,CY,887.09,1123.35,4.2,4.2,tsoc.org.cy,false,
2022-07-13 22:00:00,Cyprus,Cyprus,CY,890.06,1127.2,3.88,3.88,tsoc.org.cy,false,
2022-07-13 23:00:00,Cyprus,Cyprus,CY,861.72,1091.9,6.94,6.94,tsoc.org.cy,false,
2022-07-14 00:00:00,Cyprus,Cyprus,CY,857.03,1086.12,7.44,7.44,tsoc.org.cy,false,
2022-07-14 01:00:00,Cyprus,Cyprus,CY,873.24,1106.45,5.69,5.69,tsoc.org.cy,false,
2022-07-14 02:00:00,Cyprus,Cyprus,CY,890.03,1127.43,3.88,3.88,tsoc.org.cy,false,
2022-07-14 03:00:00,Cyprus,Cyprus,CY,887.14,1123.84,4.19,4.19,tsoc.org.cy,false,
2022-07-14 04:00:00,Cyprus,Cyprus,CY,843.21,1069.4,8.94,8.94,tsoc.org.cy,false,
2022-07-14 05:00:00,Cyprus,Cyprus,CY,775.63,985.58,16.23,16.23,tsoc.org.cy,false,
2022-07-14 06:00:00,Cyprus,Cyprus,CY,735.57,936.0,20.56,20.56,tsoc.org.cy,false,
2022-07-14 07:00:00,Cyprus,Cyprus,CY,706.61,900.15,23.69,23.69,tsoc.org.cy,false,
2022-07-14 08:00:00,Cyprus,Cyprus,CY,687.03,875.9,25.8,25.8,tsoc.org.cy,false,
2022-07-14 09:00:00,Cyprus,Cyprus,CY,678.59,865.42,26.71,26.71,tsoc.org.cy,false,
2022-07-14 10:00:00,Cyprus,Cyprus,CY,673.18,858.6,27.3,27.3,tsoc.org.cy,false,
2022-07-14 11:00:00,Cyprus,Cyprus,CY,675.81,861.7,27.01,27.01,tsoc.org.cy,false,
2022-07-14 12:00:00,Cyprus,Cyprus,CY,692.58,882.37,25.2,25.2,tsoc.org.cy,false,
2022-07-14 13:00:00,Cyprus,Cyprus,CY,721.47,918.04,22.08,22.08,tsoc.org.cy,false,
2022-07-14 14:00:00,Cyprus,Cyprus,CY,767.69,975.22,17.09,17.09,tsoc.org.cy,false,
2022-07-14 15:00:00,Cyprus,Cyprus,CY,828.59,1050.64,10.51,10.51,tsoc.org.cy,false,
2022-07-14 16:00:00,Cyprus,Cyprus,CY,879.34,1113.49,5.03,5.03,tsoc.org.cy,false,
2022-07-14 17:00:00,Cyprus,Cyprus,CY,871.45,1103.45,5.89,5.89,tsoc.org.cy,false,
2022-07-14 18:00:00,Cyprus,Cyprus,CY,843.92,1069.08,8.86,8.86,tsoc.org.cy,false,
2022-07-14 19:00:00,Cyprus,Cyprus,CY,829.74,1051.46,10.39,10.39,tsoc.org.cy,false,
2022-07-14 20:00:00,Cyprus,Cyprus,CY,807.54,1023.75,12.79,12.79,tsoc.org.cy,false,
2022-07-14 21:00:00,Cyprus,Cyprus,CY,783.91,994.4,15.34,15.34,tsoc.org.cy,false,
2022-07-14 22:00:00,Cyprus,Cyprus,CY,764.63,970.34,17.42,17.42,tsoc.org.cy,false,
2022-07-14 23:00:00,Cyprus,Cyprus,CY,749.29,951.27,19.08,19.08,tsoc.org.cy,false,
2022-07-15 00:00:00,Cyprus,Cyprus,CY,756.55,960.46,18.29,18.29,tsoc.org.cy,false,
2022-07-15 01:00:00,Cyprus,Cyprus,CY,779.13,988.73,15.86,15.86,tsoc.org.cy,false,
2022-07-15 02:00:00,Cyprus,Cyprus,CY,805.35,1021.52,13.02,13.02,tsoc.org.cy,false,
2022-07-15 03:00:00,Cyprus,Cyprus,CY,800.1,1015.05,13.59,13.59,tsoc.org.cy,false,
2022-07-15 04:00:00,Cyprus,Cyprus,CY,778.09,988.0,15.97,15.97,tsoc.org.cy,false,
2022-07-15 05:00:00,Cyprus,Cyprus,CY,769.78,978.17,16.87,16.87,tsoc.org.cy,false,
2022-07-15 06:00:00,Cyprus,Cyprus,CY,743.27,945.52,19.73,19.73,tsoc.org.cy,false,
2022-07-15 07:00:00,Cyprus,Cyprus,CY,707.03,900.62,23.64,23.64,tsoc.org.cy,false,
2022-07-15 08:00:00,Cyprus,Cyprus,CY,664.48,847.76,28.24,28.24,tsoc.org.cy,false,
2022-07-15 09:00:00,Cyprus,Cyprus,CY,643.48,821.61,30.51,30.51,tsoc.org.cy,false,
2022-07-15 10:00:00,Cyprus,Cyprus,CY,643.28,821.3,30.53,30.53,tsoc.org.cy,false,
2022-07-15 11:00:00,Cyprus,Cyprus,CY,651.26,831.07,29.67,29.67,tsoc.org.cy,false,
2022-07-15 12:00:00,Cyprus,Cyprus,CY,669.06,853.09,27.74,27.74,tsoc.org.cy,false,
2022-07-15 13:00:00,Cyprus,Cyprus,CY,702.65,894.63,24.12,24.12,tsoc.org.cy,false,
2022-07-15 14:00:00,Cyprus,Cyprus,CY,737.87,938.08,20.31,20.31,tsoc.org.cy,false,
2022-07-15 15:00:00,Cyprus,Cyprus,CY,799.9,1014.91,13.61,13.61,tsoc.org.cy,false,
2022-07-15 16:00:00,Cyprus,Cyprus,CY,867.32,1098.54,6.33,6.33,tsoc.org.cy,false,
2022-07-15 17:00:00,Cyprus,Cyprus,CY,890.02,1126.75,3.88,3.88,tsoc.org.cy,false,
2022-07-15 18:00:00,Cyprus,Cyprus,CY,892.11,1129.39,3.65,3.65,tsoc.org.cy,false,
2022-07-15 19:00:00,Cyprus,Cyprus,CY,882.35,1117.26,4.71,4.71,tsoc.org.cy,false,
2022-07-15 20:00:00,Cyprus,Cyprus,CY,886.04,1121.96,4.31,4.31,tsoc.org.cy,false,
2022-07-15 21:00:00,Cyprus,Cyprus,CY,899.0,1138.26,2.91,2.91,tsoc.org.cy,false,
2022-07-15 22:00:00,Cyprus,Cyprus,CY,897.82,1136.91,3.04,3.04,tsoc.org.cy,false,
2022-07-15 23:00:00,Cyprus,Cyprus,CY,901.94,1142.15,2.59,2.59,tsoc.org.cy,false,
2022-07-16 00:00:00,Cyprus,Cyprus,CY,873.1,1106.2,5.71,5.71,tsoc.org.cy,false,
2022-07-16 01:00:00,Cyprus,Cyprus,CY,864.11,1095.04,6.68,6.68,tsoc.org.cy,false,
2022-07-16 02:00:00,Cyprus,Cyprus,CY,869.88,1102.3,6.05,6.05,tsoc.org.cy,false,
2022-07-16 03:00:00,Cyprus,Cyprus,CY,852.98,1081.31,7.88,7.88,tsoc.org.cy,false,
2022-07-16 04:00:00,Cyprus,Cyprus,CY,799.36,1014.99,13.67,13.67,tsoc.org.cy,false,
2022-07-16 05:00:00,Cyprus,Cyprus,CY,746.01,949.21,19.43,19.43,tsoc.org.cy,false,
2022-07-16 06:00:00,Cyprus,Cyprus,CY,698.34,890.28,24.58,24.58,tsoc.org.cy,false,
2022-07-16 07:00:00,Cyprus,Cyprus,CY,656.25,838.09,29.13,29.13,tsoc.org.cy,false,
2022-07-16 08:00:00,Cyprus,Cyprus,CY,615.9,787.94,33.48,33.48,tsoc.org.cy,false,
2022-07-16 09:00:00,Cyprus,Cyprus,CY,603.38,772.37,34.84,34.84,tsoc.org.cy,false,
2022-07-16 10:00:00,Cyprus,Cyprus,CY,587.29,752.19,36.57,36.57,tsoc.org.cy,false,
2022-07-16 11:00:00,Cyprus,Cyprus,CY,591.61,757.36,36.11,36.11,tsoc.org.cy,false,
2022-07-16 12:00:00,Cyprus,Cyprus,CY,615.78,787.19,33.5,33.5,tsoc.org.cy,false,
2022-07-16 13:00:00,Cyprus,Cyprus,CY,638.4,814.93,31.05,31.05,tsoc.org.cy,false,
2022-07-16 14:00:00,Cyprus,Cyprus,CY,695.98,886.18,24.84,24.84,tsoc.org.cy,false,
2022-07-16 15:00:00,Cyprus,Cyprus,CY,762.51,968.43,17.65,17.65,tsoc.org.cy,false,
2022-07-16 16:00:00,Cyprus,Cyprus,CY,834.36,1057.49,9.89,9.89,tsoc.org.cy,false,
2022-07-16 17:00:00,Cyprus,Cyprus,CY,854.18,1082.06,7.75,7.75,tsoc.org.cy,false,
2022-07-16 18:00:00,Cyprus,Cyprus,CY,855.86,1084.2,7.57,7.57,tsoc.org.cy,false,
2022-07-16 19:00:00,Cyprus,Cyprus,CY,858.69,1087.8,7.26,7.26,tsoc.org.cy,false,
2022-07-16 20:00:00,Cyprus,Cyprus,CY,862.99,1093.22,6.8,6.8,tsoc.org.cy,false,
2022-07-16 21:00:00,Cyprus,Cyprus,CY,849.3,1076.21,8.28,8.28,tsoc.org.cy,false,
2022-07-16 22:00:00,Cyprus,Cyprus,CY,829.94,1052.11,10.37,10.37,tsoc.org.cy,false,
2022-07-16 23:00:00,Cyprus,Cyprus,CY,819.68,1039.38,11.48,11.48,tsoc.org.cy,false,
2022-07-17 00:00:00,Cyprus,Cyprus,CY,830.23,1052.66,10.34,10.34,tsoc.org.cy,false,
2022-07-17 01:00:00,Cyprus,Cyprus,CY,842.79,1068.44,8.98,8.98,tsoc.org.cy,false,
2022-07-17 02:00:00,Cyprus,Cyprus,CY,852.36,1080.44,7.95,7.95,tsoc.org.cy,false,
2022-07-17 03:00:00,Cyprus,Cyprus,CY,837.41,1061.91,9.56,9.56,tsoc.org.cy,false,
2022-07-17 04:00:00,Cyprus,Cyprus,CY,806.53,1024.0,12.9,12.9,tsoc.org.cy,false,
2022-07-17 05:00:00,Cyprus,Cyprus,CY,743.85,946.62,19.67,19.67,tsoc.org.cy,false,
2022-07-17 06:00:00,Cyprus,Cyprus,CY,686.02,875.12,25.91,25.91,tsoc.org.cy,false,
2022-07-17 07:00:00,Cyprus,Cyprus,CY,653.53,834.98,29.42,29.42,tsoc.org.cy,false,
2022-07-17 08:00:00,Cyprus,Cyprus,CY,637.76,815.5,31.12,31.12,tsoc.org.cy,false,
2022-07-17 09:00:00,Cyprus,Cyprus,CY,624.02,798.35,32.61,32.61,tsoc.org.cy,false,
2022-07-17 10:00:00,Cyprus,Cyprus,CY,626.91,801.83,32.3,32.3,tsoc.org.cy,false,
2022-07-17 11:00:00,Cyprus,Cyprus,CY,641.02,819.19,30.77,30.77,tsoc.org.cy,false,
2022-07-17 12:00:00,Cyprus,Cyprus,CY,672.68,858.3,27.35,27.35,tsoc.org.cy,false,
2022-07-17 13:00:00,Cyprus,Cyprus,CY,716.69,912.7,22.6,22.6,tsoc.org.cy,false,
2022-07-17 14:00:00,Cyprus,Cyprus,CY,761.1,967.46,17.8,17.8,tsoc.org.cy,false,
2022-07-17 15:00:00,Cyprus,Cyprus,CY,817.24,1036.77,11.74,11.74,tsoc.org.cy,false,
2022-07-17 16:00:00,Cyprus,Cyprus,CY,881.31,1116.14,4.82,4.82,tsoc.org.cy,false,
2022-07-17 17:00:00,Cyprus,Cyprus,CY,894.94,1132.97,3.35,3.35,tsoc.org.cy,false,
2022-07-17 18:00:00,Cyprus,Cyprus,CY,889.48,1126.09,3.94,3.94,tsoc.org.cy,false,
2022-07-17 19:00:00,Cyprus,Cyprus,CY,883.37,1118.47,4.6,4.6,tsoc.org.cy,false,
2022-07-17 20:00:00,Cyprus,Cyprus,CY,875.13,1108.22,5.49,5.49,tsoc.org.cy,false,
2022-07-17 21:00:00,Cyprus,Cyprus,CY,819.27,1038.54,11.52,11.52,tsoc.org.cy,false,
2022-07-17 22:00:00,Cyprus,Cyprus,CY,785.71,996.72,15.15,15.15,tsoc.org.cy,false,
2022-07-17 23:00:00,Cyprus,Cyprus,CY,781.5,991.55,15.6,15.6,tsoc.org.cy,false,
2022-07-18 00:00:00,Cyprus,Cyprus,CY,791.63,1004.3,14.51,14.51,tsoc.org.cy,false,
2022-07-18 01:00:00,Cyprus,Cyprus,CY,806.0,1022.31,12.95,12.95,tsoc.org.cy,false,
2022-07-18 02:00:00,Cyprus,Cyprus,CY,813.75,1032.0,12.12,12.12,tsoc.org.cy,false,
2022-07-18 03:00:00,Cyprus,Cyprus,CY,838.95,1063.52,9.4,9.4,tsoc.org.cy,false,
2022-07-18 04:00:00,Cyprus,Cyprus,CY,830.97,1053.9,10.26,10.26,tsoc.org.cy,false,
2022-07-18 05:00:00,Cyprus,Cyprus,CY,786.51,998.83,15.06,15.06,tsoc.org.cy,false,
2022-07-18 06:00:00,Cyprus,Cyprus,CY,746.88,949.73,19.34,19.34,tsoc.org.cy,false,
2022-07-18 07:00:00,Cyprus,Cyprus,CY,714.4,909.48,22.85,22.85,tsoc.org.cy,false,
2022-07-18 08:00:00,Cyprus,Cyprus,CY,687.06,875.62,25.8,25.8,tsoc.org.cy,false,
2022-07-18 09:00:00,Cyprus,Cyprus,CY,673.74,859.15,27.24,27.24,tsoc.org.cy,false,
2022-07-18 10:00:00,Cyprus,Cyprus,CY,677.85,864.22,26.79,26.79,tsoc.org.cy,false,
2022-07-18 11:00:00,Cyprus,Cyprus,CY,694.01,884.18,25.05,25.05,tsoc.org.cy,false,
2022-07-18 12:00:00,Cyprus,Cyprus,CY,719.2,915.37,22.33,22.33,tsoc.org.cy,false,
2022-07-18 13:00:00,Cyprus,Cyprus,CY,757.53,962.87,18.19,18.19,tsoc.org.cy,false,
2022-07-18 14:00:00,Cyprus,Cyprus,CY,801.33,1017.1,13.46,13.46,tsoc.org.cy,false,
2022-07-18 15:00:00,Cyprus,Cyprus,CY,853.74,1081.94,7.8,7.8,tsoc.org.cy,false,
2022-07-18 16:00:00,Cyprus,Cyprus,CY,900.97,1140.41,2.7,2.7,tsoc.org.cy,false,
2022-07-18 17:00:00,Cyprus,Cyprus,CY,909.55,1150.99,1.77,1.77,tsoc.org.cy,false,
2022-07-18 18:00:00,Cyprus,Cyprus,CY,902.88,1142.67,2.49,2.49,tsoc.org.cy,false,
2022-07-18 19:00:00,Cyprus,Cyprus,CY,895.12,1133.01,3.33,3.33,tsoc.org.cy,false,
2022-07-18 20:00:00,Cyprus,Cyprus,CY,880.99,1115.41,4.86,4.86,tsoc.org.cy,false,
2022-07-18 21:00:00,Cyprus,Cyprus,CY,850.71,1077.69,8.13,8.13,tsoc.org.cy,false,
2022-07-18 22:00:00,Cyprus,Cyprus,CY,833.02,1055.7,10.04,10.04,tsoc.org.cy,false,
2022-07-18 23:00:00,Cyprus,Cyprus,CY,822.0,1042.03,11.23,11.23,tsoc.org.cy,false,
2022-07-19 00:00:00,Cyprus,Cyprus,CY,808.4,1025.11,12.7,12.7,tsoc.org.cy,false,
2022-07-19 01:00:00,Cyprus,Cyprus,CY,825.19,1046.16,10.88,10.88,tsoc.org.cy,false,
2022-07-19 02:00:00,Cyprus,Cyprus,CY,851.67,1079.28,8.02,8.02,tsoc.org.cy,false,
2022-07-19 03:00:00,Cyprus,Cyprus,CY,866.86,1098.33,6.38,6.38,tsoc.org.cy,false,
2022-07-19 04:00:00,Cyprus,Cyprus,CY,830.96,1053.87,10.26,10.26,tsoc.org.cy,false,
2022-07-19 05:00:00,Cyprus,Cyprus,CY,790.53,1003.89,14.62,14.62,tsoc.org.cy,false,
2022-07-19 06:00:00,Cyprus,Cyprus,CY,758.26,963.99,18.11,18.11,tsoc.org.cy,false,
2022-07-19 07:00:00,Cyprus,Cyprus,CY,729.86,928.84,21.18,21.18,tsoc.org.cy,false,
2022-07-19 08:00:00,Cyprus,Cyprus,CY,704.96,897.94,23.87,23.87,tsoc.org.cy,false,
2022-07-19 09:00:00,Cyprus,Cyprus,CY,693.77,884.01,25.08,25.08,tsoc.org.cy,false,
2022-07-19 10:00:00,Cyprus,Cyprus,CY,698.6,889.96,24.55,24.55,tsoc.org.cy,false,
2022-07-19 11:00:00,Cyprus,Cyprus,CY,718.65,914.74,22.39,22.39,tsoc.org.cy,false,
2022-07-19 12:00:00,Cyprus,Cyprus,CY,728.84,927.27,21.29,21.29,tsoc.org.cy,false,
2022-07-19 13:00:00,Cyprus,Cyprus,CY,754.33,958.75,18.53,18.53,tsoc.org.cy,false,
2022-07-19 14:00:00,Cyprus,Cyprus,CY,794.29,1008.2,14.22,14.22,tsoc.org.cy,false,
2022-07-19 15:00:00,Cyprus,Cyprus,CY,847.68,1074.3,8.45,8.45,tsoc.org.cy,false,
2022-07-19 16:00:00,Cyprus,Cyprus,CY,897.31,1135.8,3.09,3.09,tsoc.org.cy,false,
2022-07-19 17:00:00,Cyprus,Cyprus,CY,909.13,1150.43,1.82,1.82,tsoc.org.cy,false,
2022-07-19 18:00:00,Cyprus,Cyprus,CY,892.05,1129.07,3.66,3.66,tsoc.org.cy,false,
2022-07-19 19:00:00,Cyprus,Cyprus,CY,858.96,1087.74,7.23,7.23,tsoc.org.cy,false,
2022-07-19 20:00:00,Cyprus,Cyprus,CY,835.79,1058.84,9.74,9.74,tsoc.org.cy,false,
2022-07-19 21:00:00,Cyprus,Cyprus,CY,833.6,1056.23,9.97,9.97,tsoc.org.cy,false,
2022-07-19 22:00:00,Cyprus,Cyprus,CY,818.33,1037.27,11.62,11.62,tsoc.org.cy,false,
2022-07-19 23:00:00,Cyprus,Cyprus,CY,794.02,1006.98,14.25,14.25,tsoc.org.cy,false,
2022-07-20 00:00:00,Cyprus,Cyprus,CY,780.64,990.36,15.69,15.69,tsoc.org.cy,false,
2022-07-20 01:00:00,Cyprus,Cyprus,CY,815.15,1033.56,11.97,11.97,tsoc.org.cy,false,
2022-07-20 02:00:00,Cyprus,Cyprus,CY,855.94,1084.57,7.56,7.56,tsoc.org.cy,false,
2022-07-20 03:00:00,Cyprus,Cyprus,CY,871.44,1104.0,5.89,5.89,tsoc.org.cy,false,
2022-07-20 04:00:00,Cyprus,Cyprus,CY,832.91,1056.27,10.05,10.05,tsoc.org.cy,false,
2022-07-20 05:00:00,Cyprus,Cyprus,CY,785.83,998.03,15.13,15.13,tsoc.org.cy,false,
2022-07-20 06:00:00,Cyprus,Cyprus,CY,752.43,956.76,18.74,18.74,tsoc.org.cy,false,
2022-07-20 07:00:00,Cyprus,Cyprus,CY,719.78,916.28,22.27,22.27,tsoc.org.cy,false,
2022-07-20 08:00:00,Cyprus,Cyprus,CY,693.81,884.06,25.07,25.07,tsoc.org.cy,false,
2022-07-20 09:00:00,Cyprus,Cyprus,CY,677.33,863.54,26.85,26.85,tsoc.org.cy,false,
2022-07-20 10:00:00,Cyprus,Cyprus,CY,674.23,859.62,27.19,27.19,tsoc.org.cy,false,
2022-07-20 11:00:00,Cyprus,Cyprus,CY,683.93,871.53,26.14,26.14,tsoc.org.cy,false,
2022-07-20 12:00:00,Cyprus,Cyprus,CY,693.51,883.28,25.1,25.1,tsoc.org.cy,false,
2022-07-20 13:00:00,Cyprus,Cyprus,CY,719.5,915.37,22.3,22.3,tsoc.org.cy,false,
2022-07-20 14:00:00,Cyprus,Cyprus,CY,765.77,972.67,17.3,17.3,tsoc.org.cy,false,
2022-07-20 15:00:00,Cyprus,Cyprus,CY,818.37,1037.74,11.62,11.62,tsoc.org.cy,false,
2022-07-20 16:00:00,Cyprus,Cyprus,CY,858.12,1086.86,7.33,7.33,tsoc.org.cy,false,
2022-07-20 17:00:00,Cyprus,Cyprus,CY,871.31,1103.18,5.9,5.9,tsoc.org.cy,false,
2022-07-20 18:00:00,Cyprus,Cyprus,CY,853.67,1081.15,7.81,7.81,tsoc.org.cy,false,
2022-07-20 19:00:00,Cyprus,Cyprus,CY,841.42,1065.87,9.13,9.13,tsoc.org.cy,false,
2022-07-20 20:00:00,Cyprus,Cyprus,CY,829.6,1051.16,10.41,10.41,tsoc.org.cy,false,
2022-07-20 21:00:00,Cyprus,Cyprus,CY,816.66,1035.12,11.8,11.8,tsoc.org.cy,false,
2022-07-20 22:00:00,Cyprus,Cyprus,CY,816.38,1034.9,11.83,11.83,tsoc.org.cy,false,
2022-07-20 23:00:00,Cyprus,Cyprus,CY,811.4,1028.77,12.37,12.37,tsoc.org.cy,false,
2022-07-21 00:00:00,Cyprus,Cyprus,CY,809.1,1025.98,12.62,12.62,tsoc.org.cy,false,
2022-07-21 01:00:00,Cyprus,Cyprus,CY,832.33,1055.08,10.11,10.11,tsoc.org.cy,false,
2022-07-21 02:00:00,Cyprus,Cyprus,CY,860.2,1089.93,7.1,7.1,tsoc.org.cy,false,
2022-07-21 03:00:00,Cyprus,Cyprus,CY,879.86,1114.57,4.98,4.98,tsoc.org.cy,false,
2022-07-21 04:00:00,Cyprus,Cyprus,CY,844.78,1071.17,8.77,8.77,tsoc.org.cy,false,
2022-07-21 05:00:00,Cyprus,Cyprus,CY,792.27,1006.16,14.44,14.44,tsoc.org.cy,false,
2022-07-21 06:00:00,Cyprus,Cyprus,CY,747.73,950.97,19.25,19.25,tsoc.org.cy,false,
2022-07-21 07:00:00,Cyprus,Cyprus,CY,716.91,912.81,22.58,22.58,tsoc.org.cy,false,
2022-07-21 08:00:00,Cyprus,Cyprus,CY,690.72,880.38,25.4,25.4,tsoc.org.cy,false,
2022-07-21 09:00:00,Cyprus,Cyprus,CY,671.45,856.39,27.49,27.49,tsoc.org.cy,false,
2022-07-21 10:00:00,Cyprus,Cyprus,CY,673.33,858.68,27.28,27.28,tsoc.org.cy,false,
2022-07-21 11:00:00,Cyprus,Cyprus,CY,683.72,871.43,26.16,26.16,tsoc.org.cy,false,
2022-07-21 12:00:00,Cyprus,Cyprus,CY,666.23,849.3,28.05,28.05,tsoc.org.cy,false,
2022-07-21 13:00:00,Cyprus,Cyprus,CY,685.49,872.95,25.97,25.97,tsoc.org.cy,false,
2022-07-21 14:00:00,Cyprus,Cyprus,CY,742.12,943.18,19.85,19.85,tsoc.org.cy,false,
2022-07-21 15:00:00,Cyprus,Cyprus,CY,814.75,1033.25,12.01,12.01,tsoc.org.cy,false,
2022-07-21 16:00:00,Cyprus,Cyprus,CY,873.38,1105.94,5.68,5.68,tsoc.org.cy,false,
2022-07-21 17:00:00,Cyprus,Cyprus,CY,875.77,1108.78,5.42,5.42,tsoc.org.cy,false,
2022-07-21 18:00:00,Cyprus,Cyprus,CY,852.03,1079.11,7.98,7.98,tsoc.org.cy,false,
2022-07-21 19:00:00,Cyprus,Cyprus,CY,841.03,1065.4,9.17,9.17,tsoc.org.cy,false,
2022-07-21 20:00:00,Cyprus,Cyprus,CY,839.88,1064.03,9.29,9.29,tsoc.org.cy,false,
2022-07-21 21:00:00,Cyprus,Cyprus,CY,805.35,1021.01,13.02,13.02,tsoc.org.cy,false,
2022-07-21 22:00:00,Cyprus,Cyprus,CY,798.01,1011.96,13.82,13.82,tsoc.org.cy,false,
2022-07-21 23:00:00,Cyprus,Cyprus,CY,809.57,1026.53,12.57,12.57,tsoc.org.cy,false,
2022-07-22 00:00:00,Cyprus,Cyprus,CY,847.34,1073.82,8.49,8.49,tsoc.org.cy,false,
2022-07-22 01:00:00,Cyprus,Cyprus,CY,879.71,1114.36,4.99,4.99,tsoc.org.cy,false,
2022-07-22 02:00:00,Cyprus,Cyprus,CY,886.83,1123.28,4.23,4.23,tsoc.org.cy,false,
2022-07-22 03:00:00,Cyprus,Cyprus,CY,876.61,1110.57,5.33,5.33,tsoc.org.cy,false,
2022-07-22 04:00:00,Cyprus,Cyprus,CY,828.39,1050.77,10.54,10.54,tsoc.org.cy,false,
2022-07-22 05:00:00,Cyprus,Cyprus,CY,779.64,990.44,15.8,15.8,tsoc.org.cy,false,
2022-07-22 06:00:00,Cyprus,Cyprus,CY,745.59,948.38,19.48,19.48,tsoc.org.cy,false,
2022-07-22 07:00:00,Cyprus,Cyprus,CY,713.73,908.95,22.92,22.92,tsoc.org.cy,false,
2022-07-22 08:00:00,Cyprus,Cyprus,CY,694.4,885.01,25.01,25.01,tsoc.org.cy,false,
2022-07-22 09:00:00,Cyprus,Cyprus,CY,682.06,869.7,26.34,26.34,tsoc.org.cy,false,
2022-07-22 10:00:00,Cyprus,Cyprus,CY,679.66,866.62,26.6,26.6,tsoc.org.cy,false,
2022-07-22 11:00:00,Cyprus,Cyprus,CY,688.21,877.09,25.68,25.67,tsoc.org.cy,false,
2022-07-22 12:00:00,Cyprus,Cyprus,CY,700.49,892.15,24.35,24.35,tsoc.org.cy,false,
2022-07-22 13:00:00,Cyprus,Cyprus,CY,728.55,926.79,21.32,21.32,tsoc.org.cy,false,
2022-07-22 14:00:00,Cyprus,Cyprus,CY,771.7,980.18,16.66,16.66,tsoc.org.cy,false,
2022-07-22 15:00:00,Cyprus,Cyprus,CY,832.98,1056.07,10.04,10.04,tsoc.org.cy,false,
2022-07-22 16:00:00,Cyprus,Cyprus,CY,886.99,1123.0,4.21,4.21,tsoc.org.cy,false,
2022-07-22 17:00:00,Cyprus,Cyprus,CY,889.7,1126.22,3.92,3.92,tsoc.org.cy,false,
2022-07-22 18:00:00,Cyprus,Cyprus,CY,873.01,1105.4,5.72,5.72,tsoc.org.cy,false,
2022-07-22 19:00:00,Cyprus,Cyprus,CY,865.3,1095.82,6.55,6.55,tsoc.org.cy,false,
2022-07-22 20:00:00,Cyprus,Cyprus,CY,844.61,1070.01,8.78,8.78,tsoc.org.cy,false,
2022-07-22 21:00:00,Cyprus,Cyprus,CY,832.08,1054.46,10.14,10.14,tsoc.org.cy,false,
2022-07-22 22:00:00,Cyprus,Cyprus,CY,813.77,1031.69,12.12,12.12,tsoc.org.cy,false,
2022-07-22 23:00:00,Cyprus,Cyprus,CY,799.88,1014.44,13.61,13.61,tsoc.org.cy,false,
2022-07-23 00:00:00,Cyprus,Cyprus,CY,794.7,1008.05,14.17,14.17,tsoc.org.cy,false,
2022-07-23 01:00:00,Cyprus,Cyprus,CY,823.55,1044.17,11.06,11.06,tsoc.org.cy,false,
2022-07-23 02:00:00,Cyprus,Cyprus,CY,840.4,1065.26,9.24,9.24,tsoc.org.cy,false,
2022-07-23 03:00:00,Cyprus,Cyprus,CY,845.4,1071.67,8.7,8.7,tsoc.org.cy,false,
2022-07-23 04:00:00,Cyprus,Cyprus,CY,824.89,1046.65,10.91,10.91,tsoc.org.cy,false,
2022-07-23 05:00:00,Cyprus,Cyprus,CY,764.9,972.52,17.39,17.39,tsoc.org.cy,false,
2022-07-23 06:00:00,Cyprus,Cyprus,CY,717.3,913.64,22.53,22.53,tsoc.org.cy,false,
2022-07-23 07:00:00,Cyprus,Cyprus,CY,686.77,875.83,25.83,25.83,tsoc.org.cy,false,
2022-07-23 08:00:00,Cyprus,Cyprus,CY,661.19,844.14,28.59,28.59,tsoc.org.cy,false,
2022-07-23 09:00:00,Cyprus,Cyprus,CY,659.86,842.46,28.74,28.74,tsoc.org.cy,false,
2022-07-23 10:00:00,Cyprus,Cyprus,CY,661.77,844.7,28.53,28.53,tsoc.org.cy,false,
2022-07-23 11:00:00,Cyprus,Cyprus,CY,678.84,865.8,26.69,26.69,tsoc.org.cy,false,
2022-07-23 12:00:00,Cyprus,Cyprus,CY,702.11,894.52,24.17,24.17,tsoc.org.cy,false,
2022-07-23 13:00:00,Cyprus,Cyprus,CY,732.91,932.55,20.85,20.85,tsoc.org.cy,false,
2022-07-23 14:00:00,Cyprus,Cyprus,CY,775.23,984.82,16.28,16.28,tsoc.org.cy,false,
2022-07-23 15:00:00,Cyprus,Cyprus,CY,829.79,1052.22,10.38,10.38,tsoc.org.cy,false,
2022-07-23 16:00:00,Cyprus,Cyprus,CY,881.43,1116.13,4.81,4.81,tsoc.org.cy,false,
2022-07-23 17:00:00,Cyprus,Cyprus,CY,883.48,1118.51,4.59,4.59,tsoc.org.cy,false,
2022-07-23 18:00:00,Cyprus,Cyprus,CY,872.34,1104.62,5.79,5.79,tsoc.org.cy,false,
2022-07-23 19:00:00,Cyprus,Cyprus,CY,845.19,1070.74,8.72,8.72,tsoc.org.cy,false,
2022-07-23 20:00:00,Cyprus,Cyprus,CY,837.67,1061.38,9.53,9.53,tsoc.org.cy,false,
2022-07-23 21:00:00,Cyprus,Cyprus,CY,811.19,1028.51,12.39,12.39,tsoc.org.cy,false,
2022-07-23 22:00:00,Cyprus,Cyprus,CY,797.18,1011.57,13.91,13.91,tsoc.org.cy,false,
2022-07-23 23:00:00,Cyprus,Cyprus,CY,781.74,992.47,15.57,15.57,tsoc.org.cy,false,
2022-07-24 00:00:00,Cyprus,Cyprus,CY,778.23,988.44,15.95,15.95,tsoc.org.cy,false,
2022-07-24 01:00:00,Cyprus,Cyprus,CY,775.39,985.01,16.26,16.26,tsoc.org.cy,false,
2022-07-24 02:00:00,Cyprus,Cyprus,CY,770.71,979.23,16.77,16.77,tsoc.org.cy,false,
2022-07-24 03:00:00,Cyprus,Cyprus,CY,750.82,954.52,18.91,18.91,tsoc.org.cy,false,
2022-07-24 04:00:00,Cyprus,Cyprus,CY,726.58,924.76,21.53,21.53,tsoc.org.cy,false,
2022-07-24 05:00:00,Cyprus,Cyprus,CY,698.68,890.76,24.54,24.54,tsoc.org.cy,false,
2022-07-24 06:00:00,Cyprus,Cyprus,CY,660.82,844.21,28.63,28.63,tsoc.org.cy,false,
2022-07-24 07:00:00,Cyprus,Cyprus,CY,646.11,826.29,30.22,30.22,tsoc.org.cy,false,
2022-07-24 08:00:00,Cyprus,Cyprus,CY,626.48,802.01,32.34,32.34,tsoc.org.cy,false,
2022-07-24 09:00:00,Cyprus,Cyprus,CY,594.34,762.11,35.81,35.81,tsoc.org.cy,false,
2022-07-24 10:00:00,Cyprus,Cyprus,CY,587.51,753.57,36.55,36.55,tsoc.org.cy,false,
2022-07-24 11:00:00,Cyprus,Cyprus,CY,604.24,774.19,34.74,34.74,tsoc.org.cy,false,
2022-07-24 12:00:00,Cyprus,Cyprus,CY,667.22,852.2,27.94,27.94,tsoc.org.cy,false,
2022-07-24 13:00:00,Cyprus,Cyprus,CY,714.68,910.88,22.82,22.82,tsoc.org.cy,false,
2022-07-24 14:00:00,Cyprus,Cyprus,CY,767.7,976.41,17.09,17.09,tsoc.org.cy,false,
2022-07-24 15:00:00,Cyprus,Cyprus,CY,827.59,1050.41,10.62,10.62,tsoc.org.cy,false,
2022-07-24 16:00:00,Cyprus,Cyprus,CY,883.66,1119.83,4.57,4.57,tsoc.org.cy,false,
2022-07-24 17:00:00,Cyprus,Cyprus,CY,892.15,1130.28,3.65,3.65,tsoc.org.cy,false,
2022-07-24 18:00:00,Cyprus,Cyprus,CY,873.46,1106.88,5.67,5.67,tsoc.org.cy,false,
2022-07-24 19:00:00,Cyprus,Cyprus,CY,861.48,1091.09,6.96,6.96,tsoc.org.cy,false,
2022-07-24 20:00:00,Cyprus,Cyprus,CY,851.62,1078.81,8.03,8.03,tsoc.org.cy,false,
2022-07-24 21:00:00,Cyprus,Cyprus,CY,814.12,1032.05,12.08,12.08,tsoc.org.cy,false,
2022-07-24 22:00:00,Cyprus,Cyprus,CY,793.12,1005.91,14.35,14.35,tsoc.org.cy,false,
2022-07-24 23:00:00,Cyprus,Cyprus,CY,789.49,1001.48,14.74,14.74,tsoc.org.cy,false,
2022-07-25 00:00:00,Cyprus,Cyprus,CY,799.05,1013.51,13.7,13.7,tsoc.org.cy,false,
2022-07-25 01:00:00,Cyprus,Cyprus,CY,811.44,1029.04,12.37,12.37,tsoc.org.cy,false,
2022-07-25 02:00:00,Cyprus,Cyprus,CY,808.44,1025.29,12.69,12.69,tsoc.org.cy,false,
2022-07-25 03:00:00,Cyprus,Cyprus,CY,817.04,1036.09,11.76,11.76,tsoc.org.cy,false,
2022-07-25 04:00:00,Cyprus,Cyprus,CY,828.46,1050.76,10.53,10.53,tsoc.org.cy,false,
2022-07-25 05:00:00,Cyprus,Cyprus,CY,788.33,1001.12,14.86,14.86,tsoc.org.cy,false,
2022-07-25 06:00:00,Cyprus,Cyprus,CY,751.38,955.37,18.85,18.85,tsoc.org.cy,false,
2022-07-25 07:00:00,Cyprus,Cyprus,CY,721.19,918.01,22.11,22.11,tsoc.org.cy,false,
2022-07-25 08:00:00,Cyprus,Cyprus,CY,700.69,892.66,24.33,24.33,tsoc.org.cy,false,
2022-07-25 09:00:00,Cyprus,Cyprus,CY,683.93,871.82,26.14,26.14,tsoc.org.cy,false,
2022-07-25 10:00:00,Cyprus,Cyprus,CY,687.86,876.68,25.71,25.71,tsoc.org.cy,false,
2022-07-25 11:00:00,Cyprus,Cyprus,CY,701.87,894.02,24.2,24.2,tsoc.org.cy,false,
2022-07-25 12:00:00,Cyprus,Cyprus,CY,717.69,913.6,22.49,22.49,tsoc.org.cy,false,
2022-07-25 13:00:00,Cyprus,Cyprus,CY,747.74,950.74,19.25,19.25,tsoc.org.cy,false,
2022-07-25 14:00:00,Cyprus,Cyprus,CY,786.41,998.53,15.07,15.07,tsoc.org.cy,false,
2022-07-25 15:00:00,Cyprus,Cyprus,CY,844.02,1069.82,8.85,8.85,tsoc.org.cy,false,
2022-07-25 16:00:00,Cyprus,Cyprus,CY,896.45,1134.77,3.19,3.19,tsoc.org.cy,false,
2022-07-25 17:00:00,Cyprus,Cyprus,CY,909.65,1151.14,1.76,1.76,tsoc.org.cy,false,
2022-07-25 18:00:00,Cyprus,Cyprus,CY,912.0,1154.09,1.51,1.51,tsoc.org.cy,false,
2022-07-25 19:00:00,Cyprus,Cyprus,CY,891.95,1129.08,3.67,3.67,tsoc.org.cy,false,
2022-07-25 20:00:00,Cyprus,Cyprus,CY,884.45,1119.76,4.48,4.48,tsoc.org.cy,false,
2022-07-25 21:00:00,Cyprus,Cyprus,CY,868.77,1100.31,6.18,6.18,tsoc.org.cy,false,
2022-07-25 22:00:00,Cyprus,Cyprus,CY,819.55,1038.92,11.49,11.49,tsoc.org.cy,false,
2022-07-25 23:00:00,Cyprus,Cyprus,CY,809.61,1026.6,12.56,12.56,tsoc.org.cy,false,
2022-07-26 00:00:00,Cyprus,Cyprus,CY,816.63,1035.46,11.81,11.81,tsoc.org.cy,false,
2022-07-26 01:00:00,Cyprus,Cyprus,CY,828.79,1050.73,10.49,10.49,tsoc.org.cy,false,
2022-07-26 02:00:00,Cyprus,Cyprus,CY,836.48,1060.36,9.66,9.66,tsoc.org.cy,false,
2022-07-26 03:00:00,Cyprus,Cyprus,CY,851.15,1078.72,8.08,8.08,tsoc.org.cy,false,
2022-07-26 04:00:00,Cyprus,Cyprus,CY,821.99,1042.73,11.23,11.23,tsoc.org.cy,false,
2022-07-26 05:00:00,Cyprus,Cyprus,CY,785.96,998.33,15.12,15.12,tsoc.org.cy,false,
2022-07-26 06:00:00,Cyprus,Cyprus,CY,749.14,952.78,19.1,19.1,tsoc.org.cy,false,
2022-07-26 07:00:00,Cyprus,Cyprus,CY,720.37,917.15,22.2,22.2,tsoc.org.cy,false,
2022-07-26 08:00:00,Cyprus,Cyprus,CY,699.97,891.87,24.41,24.41,tsoc.org.cy,false,
2022-07-26 09:00:00,Cyprus,Cyprus,CY,689.35,878.65,25.55,25.55,tsoc.org.cy,false,
2022-07-26 10:00:00,Cyprus,Cyprus,CY,685.86,874.22,25.93,25.93,tsoc.org.cy,false,
2022-07-26 11:00:00,Cyprus,Cyprus,CY,695.1,885.5,24.93,24.93,tsoc.org.cy,false,
2022-07-26 12:00:00,Cyprus,Cyprus,CY,708.61,902.12,23.47,23.47,tsoc.org.cy,false,
2022-07-26 13:00:00,Cyprus,Cyprus,CY,737.9,938.31,20.31,20.31,tsoc.org.cy,false,
2022-07-26 14:00:00,Cyprus,Cyprus,CY,782.35,993.3,15.51,15.51,tsoc.org.cy,false,
2022-07-26 15:00:00,Cyprus,Cyprus,CY,838.93,1063.38,9.4,9.4,tsoc.org.cy,false,
2022-07-26 16:00:00,Cyprus,Cyprus,CY,889.74,1126.37,3.91,3.91,tsoc.org.cy,false,
2022-07-26 17:00:00,Cyprus,Cyprus,CY,895.93,1133.98,3.24,3.24,tsoc.org.cy,false,
2022-07-26 18:00:00,Cyprus,Cyprus,CY,882.9,1117.73,4.65,4.65,tsoc.org.cy,false,
2022-07-26 19:00:00,Cyprus,Cyprus,CY,871.38,1103.61,5.89,5.89,tsoc.org.cy,false,
2022-07-26 20:00:00,Cyprus,Cyprus,CY,876.33,1109.66,5.36,5.36,tsoc.org.cy,false,
2022-07-26 21:00:00,Cyprus,Cyprus,CY,876.91,1110.6,5.3,5.3,tsoc.org.cy,false,
2022-07-26 22:00:00,Cyprus,Cyprus,CY,871.38,1103.74,5.89,5.89,tsoc.org.cy,false,
2022-07-26 23:00:00,Cyprus,Cyprus,CY,857.97,1087.0,7.34,7.34,tsoc.org.cy,false,
2022-07-27 00:00:00,Cyprus,Cyprus,CY,849.13,1076.03,8.3,8.3,tsoc.org.cy,false,
2022-07-27 01:00:00,Cyprus,Cyprus,CY,858.02,1087.22,7.34,7.34,tsoc.org.cy,false,
2022-07-27 02:00:00,Cyprus,Cyprus,CY,863.16,1093.65,6.78,6.78,tsoc.org.cy,false,
2022-07-27 03:00:00,Cyprus,Cyprus,CY,865.53,1096.66,6.53,6.53,tsoc.org.cy,false,
2022-07-27 04:00:00,Cyprus,Cyprus,CY,843.31,1069.3,8.93,8.93,tsoc.org.cy,false,
2022-07-27 05:00:00,Cyprus,Cyprus,CY,805.35,1022.34,13.02,13.02,tsoc.org.cy,false,
2022-07-27 06:00:00,Cyprus,Cyprus,CY,760.13,966.34,17.91,17.91,tsoc.org.cy,false,
2022-07-27 07:00:00,Cyprus,Cyprus,CY,724.74,922.49,21.73,21.73,tsoc.org.cy,false,
2022-07-27 08:00:00,Cyprus,Cyprus,CY,707.24,900.83,23.62,23.62,tsoc.org.cy,false,
2022-07-27 09:00:00,Cyprus,Cyprus,CY,697.78,889.07,24.64,24.64,tsoc.org.cy,false,
2022-07-27 10:00:00,Cyprus,Cyprus,CY,695.15,885.74,24.93,24.93,tsoc.org.cy,false,
2022-07-27 11:00:00,Cyprus,Cyprus,CY,711.48,905.94,23.16,23.16,tsoc.org.cy,false,
2022-07-27 12:00:00,Cyprus,Cyprus,CY,667.39,837.5,13.75,13.75,Electricity Maps Estimation,true,ESTIMATED_TIME_SLICER_AVERAGE
2022-07-27 13:00:00,Cyprus,Cyprus,CY,683.66,857.54,11.93,11.93,Electricity Maps Estimation,true,ESTIMATED_TIME_SLICER_AVERAGE
2022-07-27 14:00:00,Cyprus,Cyprus,CY,705.65,884.49,9.31,9.31,Electricity Maps Estimation,true,ESTIMATED_TIME_SLICER_AVERAGE
2022-07-27 15:00:00,Cyprus,Cyprus,CY,733.61,918.68,5.89,5.89,Electricity Maps Estimation,true,ESTIMATED_TIME_SLICER_AVERAGE
2022-07-27 16:00:00,Cyprus,Cyprus,CY,755.61,945.35,2.92,2.92,Electricity Maps Estimation,true,ESTIMATED_TIME_SLICER_AVERAGE
2022-07-27 17:00:00,Cyprus,Cyprus,CY,762.18,953.01,1.75,1.75,Electricity Maps Estimation,true,ESTIMATED_TIME_SLICER_AVERAGE
2022-07-27 18:00:00,Cyprus,Cyprus,CY,753.61,942.21,2.57,2.57,Electricity Maps Estimation,true,ESTIMATED_TIME_SLICER_AVERAGE
2022-07-27 19:00:00,Cyprus,Cyprus,CY,744.49,930.57,3.24,3.24,Electricity Maps Estimation,true,ESTIMATED_TIME_SLICER_AVERAGE
2022-07-27 20:00:00,Cyprus,Cyprus,CY,736.76,920.65,3.75,3.75,Electricity Maps Estimation,true,ESTIMATED_TIME_SLICER_AVERAGE
2022-07-27 21:00:00,Cyprus,Cyprus,CY,858.86,1087.8,7.25,7.25,tsoc.org.cy,false,
2022-07-27 22:00:00,Cyprus,Cyprus,CY,858.35,1087.29,7.3,7.3,tsoc.org.cy,false,
2022-07-27 23:00:00,Cyprus,Cyprus,CY,865.8,1096.71,6.5,6.5,tsoc.org.cy,false,
2022-07-28 00:00:00,Cyprus,Cyprus,CY,870.13,1102.21,6.03,6.03,tsoc.org.cy,false,
2022-07-28 01:00:00,Cyprus,Cyprus,CY,877.98,1112.09,5.18,5.18,tsoc.org.cy,false,
2022-07-28 02:00:00,Cyprus,Cyprus,CY,899.0,1138.38,2.91,2.91,tsoc.org.cy,false,
2022-07-28 03:00:00,Cyprus,Cyprus,CY,909.9,1152.03,1.73,1.73,tsoc.org.cy,false,
2022-07-28 04:00:00,Cyprus,Cyprus,CY,865.12,1096.46,6.57,6.57,tsoc.org.cy,false,
2022-07-28 05:00:00,Cyprus,Cyprus,CY,810.51,1028.74,12.47,12.47,tsoc.org.cy,false,
2022-07-28 06:00:00,Cyprus,Cyprus,CY,772.25,981.3,16.6,16.6,tsoc.org.cy,false,
2022-07-28 07:00:00,Cyprus,Cyprus,CY,745.76,948.49,19.46,19.46,tsoc.org.cy,false,
2022-07-28 08:00:00,Cyprus,Cyprus,CY,716.55,912.27,22.61,22.61,tsoc.org.cy,false,
2022-07-28 09:00:00,Cyprus,Cyprus,CY,691.97,881.76,25.27,25.27,tsoc.org.cy,false,
2022-07-28 10:00:00,Cyprus,Cyprus,CY,697.23,888.25,24.7,24.7,tsoc.org.cy,false,
2022-07-28 11:00:00,Cyprus,Cyprus,CY,704.35,896.95,23.93,23.93,tsoc.org.cy,false,
2022-07-28 12:00:00,Cyprus,Cyprus,CY,716.93,912.4,22.57,22.57,tsoc.org.cy,false,
2022-07-28 13:00:00,Cyprus,Cyprus,CY,751.41,955.1,18.85,18.85,tsoc.org.cy,false,
2022-07-28 14:00:00,Cyprus,Cyprus,CY,791.44,1004.61,14.53,14.53,tsoc.org.cy,false,
2022-07-28 15:00:00,Cyprus,Cyprus,CY,844.1,1069.77,8.84,8.84,tsoc.org.cy,false,
2022-07-28 16:00:00,Cyprus,Cyprus,CY,884.25,1119.43,4.5,4.5,tsoc.org.cy,false,
2022-07-28 17:00:00,Cyprus,Cyprus,CY,888.67,1124.85,4.03,4.03,tsoc.org.cy,false,
2022-07-28 18:00:00,Cyprus,Cyprus,CY,878.41,1112.04,5.13,5.13,tsoc.org.cy,false,
2022-07-28 19:00:00,Cyprus,Cyprus,CY,875.91,1108.94,5.4,5.4,tsoc.org.cy,false,
2022-07-28 20:00:00,Cyprus,Cyprus,CY,887.12,1123.01,4.19,4.19,tsoc.org.cy,false,
2022-07-28 21:00:00,Cyprus,Cyprus,CY,897.66,1136.29,3.05,3.05,tsoc.org.cy,false,
2022-07-28 22:00:00,Cyprus,Cyprus,CY,907.35,1148.51,2.01,2.01,tsoc.org.cy,false,
2022-07-28 23:00:00,Cyprus,Cyprus,CY,917.49,1161.28,0.91,0.91,tsoc.org.cy,false,
2022-07-29 00:00:00,Cyprus,Cyprus,CY,917.1,1160.88,0.96,0.96,tsoc.org.cy,false,
2022-07-29 01:00:00,Cyprus,Cyprus,CY,917.17,1161.03,0.95,0.95,tsoc.org.cy,false,
2022-07-29 02:00:00,Cyprus,Cyprus,CY,917.06,1160.93,0.96,0.96,tsoc.org.cy,false,
2022-07-29 03:00:00,Cyprus,Cyprus,CY,911.84,1154.43,1.52,1.52,tsoc.org.cy,false,
2022-07-29 04:00:00,Cyprus,Cyprus,CY,865.86,1097.38,6.49,6.49,tsoc.org.cy,false,
2022-07-29 05:00:00,Cyprus,Cyprus,CY,803.0,1019.45,13.28,13.28,tsoc.org.cy,false,
2022-07-29 06:00:00,Cyprus,Cyprus,CY,752.1,956.34,18.78,18.78,tsoc.org.cy,false,
2022-07-29 07:00:00,Cyprus,Cyprus,CY,724.4,922.04,21.77,21.77,tsoc.org.cy,false,
2022-07-29 08:00:00,Cyprus,Cyprus,CY,704.54,897.46,23.91,23.91,tsoc.org.cy,false,
2022-07-29 09:00:00,Cyprus,Cyprus,CY,691.8,881.66,25.29,25.29,tsoc.org.cy,false,
2022-07-29 10:00:00,Cyprus,Cyprus,CY,685.35,873.54,25.98,25.98,tsoc.org.cy,false,
2022-07-29 11:00:00,Cyprus,Cyprus,CY,686.13,874.34,25.9,25.9,tsoc.org.cy,false,
2022-07-29 12:00:00,Cyprus,Cyprus,CY,704.74,897.31,23.89,23.89,tsoc.org.cy,false,
2022-07-29 13:00:00,Cyprus,Cyprus,CY,739.96,940.93,20.09,20.09,tsoc.org.cy,false,
2022-07-29 14:00:00,Cyprus,Cyprus,CY,790.59,1003.63,14.62,14.62,tsoc.org.cy,false,
2022-07-29 15:00:00,Cyprus,Cyprus,CY,843.36,1068.89,8.92,8.92,tsoc.org.cy,false,
2022-07-29 16:00:00,Cyprus,Cyprus,CY,893.13,1130.57,3.54,3.54,tsoc.org.cy,false,
2022-07-29 17:00:00,Cyprus,Cyprus,CY,904.79,1145.03,2.29,2.29,tsoc.org.cy,false,
2022-07-29 18:00:00,Cyprus,Cyprus,CY,907.76,1148.77,1.96,1.96,tsoc.org.cy,false,
2022-07-29 19:00:00,Cyprus,Cyprus,CY,908.27,1149.46,1.91,1.91,tsoc.org.cy,false,
2022-07-29 20:00:00,Cyprus,Cyprus,CY,913.56,1156.12,1.34,1.34,tsoc.org.cy,false,
2022-07-29 21:00:00,Cyprus,Cyprus,CY,914.66,1157.61,1.22,1.22,tsoc.org.cy,false,
2022-07-29 22:00:00,Cyprus,Cyprus,CY,915.01,1158.15,1.18,1.18,tsoc.org.cy,false,
2022-07-29 23:00:00,Cyprus,Cyprus,CY,914.7,1157.87,1.21,1.21,tsoc.org.cy,false,
2022-07-30 00:00:00,Cyprus,Cyprus,CY,917.17,1161.04,0.95,0.95,tsoc.org.cy,false,
2022-07-30 01:00:00,Cyprus,Cyprus,CY,916.8,1160.66,0.99,0.99,tsoc.org.cy,false,
2022-07-30 02:00:00,Cyprus,Cyprus,CY,916.61,1160.47,1.01,1.01,tsoc.org.cy,false,
2022-07-30 03:00:00,Cyprus,Cyprus,CY,910.22,1152.59,1.7,1.7,tsoc.org.cy,false,
2022-07-30 04:00:00,Cyprus,Cyprus,CY,854.89,1084.05,7.67,7.67,tsoc.org.cy,false,
2022-07-30 05:00:00,Cyprus,Cyprus,CY,774.95,985.06,16.31,16.31,tsoc.org.cy,false,
2022-07-30 06:00:00,Cyprus,Cyprus,CY,718.16,914.73,22.44,22.44,tsoc.org.cy,false,
2022-07-30 07:00:00,Cyprus,Cyprus,CY,681.18,868.91,26.43,26.43,tsoc.org.cy,false,
2022-07-30 08:00:00,Cyprus,Cyprus,CY,652.07,832.83,29.58,29.58,tsoc.org.cy,false,
2022-07-30 09:00:00,Cyprus,Cyprus,CY,643.34,821.94,30.52,30.52,tsoc.org.cy,false,
2022-07-30 10:00:00,Cyprus,Cyprus,CY,645.77,824.88,30.26,30.26,tsoc.org.cy,false,
2022-07-30 11:00:00,Cyprus,Cyprus,CY,651.52,831.84,29.64,29.64,tsoc.org.cy,false,
2022-07-30 12:00:00,Cyprus,Cyprus,CY,679.8,866.8,26.58,26.58,tsoc.org.cy,false,
2022-07-30 13:00:00,Cyprus,Cyprus,CY,720.49,917.1,22.19,22.19,tsoc.org.cy,false,
2022-07-30 14:00:00,Cyprus,Cyprus,CY,775.36,985.01,16.26,16.26,tsoc.org.cy,false,
2022-07-30 15:00:00,Cyprus,Cyprus,CY,842.39,1067.96,9.02,9.02,tsoc.org.cy,false,
2022-07-30 16:00:00,Cyprus,Cyprus,CY,900.34,1139.74,2.77,2.77,tsoc.org.cy,false,
2022-07-30 17:00:00,Cyprus,Cyprus,CY,914.64,1157.49,1.22,1.22,tsoc.org.cy,false,
2022-07-30 18:00:00,Cyprus,Cyprus,CY,914.02,1156.77,1.29,1.29,tsoc.org.cy,false,
2022-07-30 19:00:00,Cyprus,Cyprus,CY,913.7,1156.41,1.32,1.32,tsoc.org.cy,false,
2022-07-30 20:00:00,Cyprus,Cyprus,CY,914.73,1157.73,1.21,1.21,tsoc.org.cy,false,
2022-07-30 21:00:00,Cyprus,Cyprus,CY,906.26,1147.22,2.13,2.13,tsoc.org.cy,false,
2022-07-30 22:00:00,Cyprus,Cyprus,CY,907.12,1148.38,2.03,2.03,tsoc.org.cy,false,
2022-07-30 23:00:00,Cyprus,Cyprus,CY,915.38,1158.79,1.14,1.14,tsoc.org.cy,false,
2022-07-31 00:00:00,Cyprus,Cyprus,CY,916.92,1160.78,0.98,0.98,tsoc.org.cy,false,
2022-07-31 01:00:00,Cyprus,Cyprus,CY,916.59,1160.45,1.01,1.01,tsoc.org.cy,false,
2022-07-31 02:00:00,Cyprus,Cyprus,CY,916.4,1160.26,1.03,1.03,tsoc.org.cy,false,
2022-07-31 03:00:00,Cyprus,Cyprus,CY,910.5,1153.01,1.67,1.67,tsoc.org.cy,false,
2022-07-31 04:00:00,Cyprus,Cyprus,CY,860.33,1090.9,7.09,7.09,tsoc.org.cy,false,
2022-07-31 05:00:00,Cyprus,Cyprus,CY,783.61,995.92,15.37,15.37,tsoc.org.cy,false,
2022-07-31 06:00:00,Cyprus,Cyprus,CY,720.15,917.38,22.23,22.23,tsoc.org.cy,false,
2022-07-31 07:00:00,Cyprus,Cyprus,CY,678.77,866.14,26.69,26.69,tsoc.org.cy,false,
2022-07-31 08:00:00,Cyprus,Cyprus,CY,654.11,835.54,29.36,29.36,tsoc.org.cy,false,
2022-07-31 09:00:00,Cyprus,Cyprus,CY,635.91,812.85,31.32,31.32,tsoc.org.cy,false,
2022-07-31 10:00:00,Cyprus,Cyprus,CY,626.13,800.54,32.38,32.38,tsoc.org.cy,false,
2022-07-31 11:00:00,Cyprus,Cyprus,CY,632.71,808.57,31.67,31.67,tsoc.org.cy,false,
2022-07-31 12:00:00,Cyprus,Cyprus,CY,662.27,845.08,28.48,28.48,tsoc.org.cy,false,
2022-07-31 13:00:00,Cyprus,Cyprus,CY,702.56,894.81,24.13,24.13,tsoc.org.cy,false,
2022-07-31 14:00:00,Cyprus,Cyprus,CY,758.97,964.56,18.03,18.03,tsoc.org.cy,false,
2022-07-31 15:00:00,Cyprus,Cyprus,CY,825.39,1046.73,10.86,10.86,tsoc.org.cy,false,
2022-07-31 16:00:00,Cyprus,Cyprus,CY,875.96,1109.32,5.4,5.4,tsoc.org.cy,false,
2022-07-31 17:00:00,Cyprus,Cyprus,CY,900.17,1139.42,2.78,2.78,tsoc.org.cy,false,
2022-07-31 18:00:00,Cyprus,Cyprus,CY,906.86,1147.74,2.06,2.06,tsoc.org.cy,false,
2022-07-31 19:00:00,Cyprus,Cyprus,CY,911.59,1153.65,1.55,1.55,tsoc.org.cy,false,
2022-07-31 20:00:00,Cyprus,Cyprus,CY,913.15,1155.63,1.38,1.38,tsoc.org.cy,false,
2022-07-31 21:00:00,Cyprus,Cyprus,CY,910.75,1152.74,1.64,1.64,tsoc.org.cy,false,
2022-07-31 22:00:00,Cyprus,Cyprus,CY,904.69,1145.28,2.3,2.3,tsoc.org.cy,false,
2022-07-31 23:00:00,Cyprus,Cyprus,CY,912.44,1155.06,1.46,1.46,tsoc.org.cy,false,
2022-08-01 00:00:00,Cyprus,Cyprus,CY,915.57,1159.07,1.12,1.12,tsoc.org.cy,false,
2022-08-01 01:00:00,Cyprus,Cyprus,CY,916.02,1159.69,1.07,1.07,tsoc.org.cy,false,
2022-08-01 02:00:00,Cyprus,Cyprus,CY,916.83,1160.69,0.99,0.99,tsoc.org.cy,false,
2022-08-01 03:00:00,Cyprus,Cyprus,CY,910.5,1152.79,1.67,1.67,tsoc.org.cy,false,
2022-08-01 04:00:00,Cyprus,Cyprus,CY,868.94,1101.19,6.16,6.16,tsoc.org.cy,false,
2022-08-01 05:00:00,Cyprus,Cyprus,CY,815.11,1034.42,11.97,11.97,tsoc.org.cy,false,
2022-08-01 06:00:00,Cyprus,Cyprus,CY,773.41,982.75,16.47,16.47,tsoc.org.cy,false,
2022-08-01 07:00:00,Cyprus,Cyprus,CY,743.78,946.06,19.67,19.67,tsoc.org.cy,false,
2022-08-01 08:00:00,Cyprus,Cyprus,CY,722.49,919.66,21.97,21.97,tsoc.org.cy,false,
2022-08-01 09:00:00,Cyprus,Cyprus,CY,701.53,893.66,24.24,24.24,tsoc.org.cy,false,
2022-08-01 10:00:00,Cyprus,Cyprus,CY,696.12,886.93,24.82,24.82,tsoc.org.cy,false,
2022-08-01 11:00:00,Cyprus,Cyprus,CY,707.35,900.72,23.61,23.61,tsoc.org.cy,false,
2022-08-01 12:00:00,Cyprus,Cyprus,CY,732.91,932.28,20.85,20.85,tsoc.org.cy,false,
2022-08-01 13:00:00,Cyprus,Cyprus,CY,757.46,962.57,18.2,18.2,tsoc.org.cy,false,
2022-08-01 14:00:00,Cyprus,Cyprus,CY,798.37,1013.21,13.78,13.78,tsoc.org.cy,false,
2022-08-01 15:00:00,Cyprus,Cyprus,CY,857.55,1086.54,7.39,7.39,tsoc.org.cy,false,
2022-08-01 16:00:00,Cyprus,Cyprus,CY,904.46,1144.7,2.32,2.32,tsoc.org.cy,false,
2022-08-01 17:00:00,Cyprus,Cyprus,CY,915.86,1158.84,1.09,1.09,tsoc.org.cy,false,
2022-08-01 18:00:00,Cyprus,Cyprus,CY,914.51,1157.15,1.24,1.24,tsoc.org.cy,false,
2022-08-01 19:00:00,Cyprus,Cyprus,CY,916.7,1159.92,1.0,1.0,tsoc.org.cy,false,
2022-08-01 20:00:00,Cyprus,Cyprus,CY,915.79,1158.84,1.1,1.1,tsoc.org.cy,false,
2022-08-01 21:00:00,Cyprus,Cyprus,CY,916.79,1160.22,0.99,0.99,tsoc.org.cy,false,
2022-08-01 22:00:00,Cyprus,Cyprus,CY,915.17,1158.31,1.16,1.16,tsoc.org.cy,false,
2022-08-01 23:00:00,Cyprus,Cyprus,CY,914.92,1158.11,1.19,1.19,tsoc.org.cy,false,
2022-08-02 00:00:00,Cyprus,Cyprus,CY,917.32,1161.19,0.93,0.93,tsoc.org.cy,false,
2022-08-02 01:00:00,Cyprus,Cyprus,CY,917.05,1160.91,0.96,0.96,tsoc.org.cy,false,
2022-08-02 02:00:00,Cyprus,Cyprus,CY,917.04,1160.9,0.96,0.96,tsoc.org.cy,false,
2022-08-02 03:00:00,Cyprus,Cyprus,CY,912.58,1155.34,1.44,1.44,tsoc.org.cy,false,
2022-08-02 04:00:00,Cyprus,Cyprus,CY,874.63,1108.23,5.54,5.54,tsoc.org.cy,false,
2022-08-02 05:00:00,Cyprus,Cyprus,CY,816.23,1035.82,11.85,11.85,tsoc.org.cy,false,
2022-08-02 06:00:00,Cyprus,Cyprus,CY,762.92,969.79,17.61,17.61,tsoc.org.cy,false,
2022-08-02 07:00:00,Cyprus,Cyprus,CY,729.13,927.95,21.26,21.26,tsoc.org.cy,false,
2022-08-02 08:00:00,Cyprus,Cyprus,CY,703.91,896.67,23.98,23.98,tsoc.org.cy,false,
2022-08-02 09:00:00,Cyprus,Cyprus,CY,687.64,876.45,25.74,25.74,tsoc.org.cy,false,
2022-08-02 10:00:00,Cyprus,Cyprus,CY,688.54,877.47,25.64,25.64,tsoc.org.cy,false,
2022-08-02 11:00:00,Cyprus,Cyprus,CY,698.85,890.15,24.53,24.53,tsoc.org.cy,false,
2022-08-02 12:00:00,Cyprus,Cyprus,CY,717.93,913.68,22.47,22.47,tsoc.org.cy,false,
2022-08-02 13:00:00,Cyprus,Cyprus,CY,744.95,947.08,19.55,19.55,tsoc.org.cy,false,
2022-08-02 14:00:00,Cyprus,Cyprus,CY,791.96,1005.31,14.47,14.47,tsoc.org.cy,false,
2022-08-02 15:00:00,Cyprus,Cyprus,CY,849.11,1076.06,8.3,8.3,tsoc.org.cy,false,
2022-08-02 16:00:00,Cyprus,Cyprus,CY,898.3,1137.02,2.99,2.99,tsoc.org.cy,false,
2022-08-02 17:00:00,Cyprus,Cyprus,CY,911.4,1153.28,1.57,1.57,tsoc.org.cy,false,
2022-08-02 18:00:00,Cyprus,Cyprus,CY,915.11,1157.93,1.17,1.17,tsoc.org.cy,false,
2022-08-02 19:00:00,Cyprus,Cyprus,CY,917.64,1161.13,0.9,0.9,tsoc.org.cy,false,
2022-08-02 20:00:00,Cyprus,Cyprus,CY,919.1,1163.0,0.74,0.74,tsoc.org.cy,false,
2022-08-02 21:00:00,Cyprus,Cyprus,CY,917.19,1160.77,0.95,0.95,tsoc.org.cy,false,
2022-08-02 22:00:00,Cyprus,Cyprus,CY,914.22,1157.18,1.27,1.27,tsoc.org.cy,false,
2022-08-02 23:00:00,Cyprus,Cyprus,CY,917.44,1161.31,0.92,0.92,tsoc.org.cy,false,
2022-08-03 00:00:00,Cyprus,Cyprus,CY,917.1,1160.96,0.96,0.96,tsoc.org.cy,false,
2022-08-03 01:00:00,Cyprus,Cyprus,CY,916.83,1160.7,0.98,0.98,tsoc.org.cy,false,
2022-08-03 02:00:00,Cyprus,Cyprus,CY,912.26,1154.98,1.48,1.48,tsoc.org.cy,false,
2022-08-03 03:00:00,Cyprus,Cyprus,CY,907.0,1148.42,2.05,2.05,tsoc.org.cy,false,
2022-08-03 04:00:00,Cyprus,Cyprus,CY,874.42,1107.99,5.57,5.57,tsoc.org.cy,false,
2022-08-03 05:00:00,Cyprus,Cyprus,CY,825.05,1046.74,10.9,10.9,tsoc.org.cy,false,
2022-08-03 06:00:00,Cyprus,Cyprus,CY,767.73,975.77,17.09,17.09,tsoc.org.cy,false,
2022-08-03 07:00:00,Cyprus,Cyprus,CY,726.3,924.47,21.56,21.56,tsoc.org.cy,false,
2022-08-03 08:00:00,Cyprus,Cyprus,CY,703.27,895.94,24.05,24.05,tsoc.org.cy,false,
2022-08-03 09:00:00,Cyprus,Cyprus,CY,685.73,874.14,25.94,25.94,tsoc.org.cy,false,
2022-08-03 10:00:00,Cyprus,Cyprus,CY,679.08,865.74,26.66,26.66,tsoc.org.cy,false,
2022-08-03 11:00:00,Cyprus,Cyprus,CY,688.39,877.18,25.66,25.66,tsoc.org.cy,false,
2022-08-03 12:00:00,Cyprus,Cyprus,CY,706.33,899.3,23.72,23.72,tsoc.org.cy,false,
2022-08-03 13:00:00,Cyprus,Cyprus,CY,742.17,943.71,19.85,19.85,tsoc.org.cy,false,
2022-08-03 14:00:00,Cyprus,Cyprus,CY,791.0,1004.16,14.57,14.57,tsoc.org.cy,false,
2022-08-03 15:00:00,Cyprus,Cyprus,CY,853.7,1081.82,7.8,7.8,tsoc.org.cy,false,
2022-08-03 16:00:00,Cyprus,Cyprus,CY,896.86,1135.25,3.14,3.14,tsoc.org.cy,false,
2022-08-03 17:00:00,Cyprus,Cyprus,CY,908.39,1149.54,1.9,1.9,tsoc.org.cy,false,
2022-08-03 18:00:00,Cyprus,Cyprus,CY,903.21,1143.09,2.46,2.46,tsoc.org.cy,false,
2022-08-03 19:00:00,Cyprus,Cyprus,CY,905.52,1146.01,2.21,2.21,tsoc.org.cy,false,
2022-08-03 20:00:00,Cyprus,Cyprus,CY,913.1,1155.53,1.39,1.39,tsoc.org.cy,false,
2022-08-03 21:00:00,Cyprus,Cyprus,CY,918.12,1161.93,0.85,0.85,tsoc.org.cy,false,
2022-08-03 22:00:00,Cyprus,Cyprus,CY,917.93,1161.81,0.87,0.87,tsoc.org.cy,false,
2022-08-03 23:00:00,Cyprus,Cyprus,CY,917.47,1161.35,0.92,0.92,tsoc.org.cy,false,
2022-08-04 00:00:00,Cyprus,Cyprus,CY,917.06,1160.93,0.96,0.96,tsoc.org.cy,false,
2022-08-04 01:00:00,Cyprus,Cyprus,CY,916.79,1160.65,0.99,0.99,tsoc.org.cy,false,
2022-08-04 02:00:00,Cyprus,Cyprus,CY,916.77,1160.63,0.99,0.99,tsoc.org.cy,false,
2022-08-04 03:00:00,Cyprus,Cyprus,CY,912.15,1154.87,1.49,1.49,tsoc.org.cy,false,
2022-08-04 04:00:00,Cyprus,Cyprus,CY,867.87,1099.91,6.27,6.27,tsoc.org.cy,false,
2022-08-04 05:00:00,Cyprus,Cyprus,CY,805.78,1022.93,12.98,12.98,tsoc.org.cy,false,
2022-08-04 06:00:00,Cyprus,Cyprus,CY,756.12,961.41,18.34,18.34,tsoc.org.cy,false,
2022-08-04 07:00:00,Cyprus,Cyprus,CY,725.08,922.97,21.69,21.69,tsoc.org.cy,false,
2022-08-04 08:00:00,Cyprus,Cyprus,CY,698.14,889.58,24.6,24.6,tsoc.org.cy,false,
2022-08-04 09:00:00,Cyprus,Cyprus,CY,684.5,872.63,26.08,26.08,tsoc.org.cy,false,
2022-08-04 10:00:00,Cyprus,Cyprus,CY,686.37,874.88,25.87,25.87,tsoc.org.cy,false,
2022-08-04 11:00:00,Cyprus,Cyprus,CY,694.08,884.3,25.04,25.04,tsoc.org.cy,false,
2022-08-04 12:00:00,Cyprus,Cyprus,CY,712.41,906.95,23.06,23.06,tsoc.org.cy,false,
2022-08-04 13:00:00,Cyprus,Cyprus,CY,744.76,946.96,19.57,19.57,tsoc.org.cy,false,
2022-08-04 14:00:00,Cyprus,Cyprus,CY,793.94,1007.85,14.26,14.26,tsoc.org.cy,false,
2022-08-04 15:00:00,Cyprus,Cyprus,CY,862.0,1092.18,6.91,6.91,tsoc.org.cy,false,
2022-08-04 16:00:00,Cyprus,Cyprus,CY,907.55,1148.6,1.99,1.99,tsoc.org.cy,false,
2022-08-04 17:00:00,Cyprus,Cyprus,CY,907.8,1148.82,1.96,1.96,tsoc.org.cy,false,
2022-08-04 18:00:00,Cyprus,Cyprus,CY,900.65,1139.89,2.73,2.73,tsoc.org.cy,false,
2022-08-04 19:00:00,Cyprus,Cyprus,CY,905.49,1145.98,2.21,2.21,tsoc.org.cy,false,
2022-08-04 20:00:00,Cyprus,Cyprus,CY,911.68,1153.76,1.54,1.54,tsoc.org.cy,false,
2022-08-04 21:00:00,Cyprus,Cyprus,CY,918.45,1162.33,0.81,0.81,tsoc.org.cy,false,
2022-08-04 22:00:00,Cyprus,Cyprus,CY,917.56,1161.35,0.91,0.91,tsoc.org.cy,false,
2022-08-04 23:00:00,Cyprus,Cyprus,CY,913.89,1156.87,1.3,1.3,tsoc.org.cy,false,
2022-08-05 00:00:00,Cyprus,Cyprus,CY,913.28,1156.21,1.37,1.37,tsoc.org.cy,false,
2022-08-05 01:00:00,Cyprus,Cyprus,CY,915.19,1158.66,1.16,1.16,tsoc.org.cy,false,
2022-08-05 02:00:00,Cyprus,Cyprus,CY,915.98,1159.65,1.08,1.08,tsoc.org.cy,false,
2022-08-05 03:00:00,Cyprus,Cyprus,CY,911.44,1153.97,1.57,1.57,tsoc.org.cy,false,
2022-08-05 04:00:00,Cyprus,Cyprus,CY,867.52,1099.45,6.31,6.31,tsoc.org.cy,false,
2022-08-05 05:00:00,Cyprus,Cyprus,CY,810.14,1028.31,12.51,12.51,tsoc.org.cy,false,
2022-08-05 06:00:00,Cyprus,Cyprus,CY,762.32,969.08,17.67,17.67,tsoc.org.cy,false,
2022-08-05 07:00:00,Cyprus,Cyprus,CY,727.74,926.27,21.41,21.41,tsoc.org.cy,false,
2022-08-05 08:00:00,Cyprus,Cyprus,CY,706.14,899.51,23.74,23.74,tsoc.org.cy,false,
2022-08-05 09:00:00,Cyprus,Cyprus,CY,689.94,879.39,25.49,25.49,tsoc.org.cy,false,
2022-08-05 10:00:00,Cyprus,Cyprus,CY,691.1,880.76,25.36,25.36,tsoc.org.cy,false,
2022-08-05 11:00:00,Cyprus,Cyprus,CY,695.31,885.83,24.91,24.91,tsoc.org.cy,false,
2022-08-05 12:00:00,Cyprus,Cyprus,CY,711.43,905.69,23.17,23.17,tsoc.org.cy,false,
2022-08-05 13:00:00,Cyprus,Cyprus,CY,743.91,945.84,19.66,19.66,tsoc.org.cy,false,
2022-08-05 14:00:00,Cyprus,Cyprus,CY,785.2,996.87,15.2,15.2,tsoc.org.cy,false,
2022-08-05 15:00:00,Cyprus,Cyprus,CY,843.09,1068.52,8.95,8.95,tsoc.org.cy,false,
2022-08-05 16:00:00,Cyprus,Cyprus,CY,887.85,1123.99,4.11,4.11,tsoc.org.cy,false,
2022-08-05 17:00:00,Cyprus,Cyprus,CY,901.63,1141.11,2.63,2.63,tsoc.org.cy,false,
2022-08-05 18:00:00,Cyprus,Cyprus,CY,894.93,1132.77,3.35,3.35,tsoc.org.cy,false,
2022-08-05 19:00:00,Cyprus,Cyprus,CY,900.73,1140.06,2.72,2.72,tsoc.org.cy,false,
2022-08-05 20:00:00,Cyprus,Cyprus,CY,910.45,1152.25,1.67,1.67,tsoc.org.cy,false,
2022-08-05 21:00:00,Cyprus,Cyprus,CY,901.27,1140.89,2.66,2.66,tsoc.org.cy,false,
2022-08-05 22:00:00,Cyprus,Cyprus,CY,902.13,1142.07,2.57,2.57,tsoc.org.cy,false,
2022-08-05 23:00:00,Cyprus,Cyprus,CY,904.8,1145.5,2.28,2.28,tsoc.org.cy,false,
2022-08-06 00:00:00,Cyprus,Cyprus,CY,908.65,1150.4,1.87,1.87,tsoc.org.cy,false,
2022-08-06 01:00:00,Cyprus,Cyprus,CY,909.97,1152.12,1.73,1.73,tsoc.org.cy,false,
2022-08-06 02:00:00,Cyprus,Cyprus,CY,906.67,1148.02,2.08,2.08,tsoc.org.cy,false,
2022-08-06 03:00:00,Cyprus,Cyprus,CY,890.59,1128.0,3.82,3.82,tsoc.org.cy,false,
2022-08-06 04:00:00,Cyprus,Cyprus,CY,843.35,1069.5,8.92,8.92,tsoc.org.cy,false,
2022-08-06 05:00:00,Cyprus,Cyprus,CY,781.0,992.45,15.65,15.65,tsoc.org.cy,false,
2022-08-06 06:00:00,Cyprus,Cyprus,CY,725.95,924.32,21.6,21.6,tsoc.org.cy,false,
2022-08-06 07:00:00,Cyprus,Cyprus,CY,685.78,874.61,25.94,25.94,tsoc.org.cy,false,
2022-08-06 08:00:00,Cyprus,Cyprus,CY,657.89,840.05,28.95,28.95,tsoc.org.cy,false,
2022-08-06 09:00:00,Cyprus,Cyprus,CY,639.4,817.02,30.95,30.95,tsoc.org.cy,false,
2022-08-06 10:00:00,Cyprus,Cyprus,CY,632.48,808.28,31.69,31.69,tsoc.org.cy,false,
2022-08-06 11:00:00,Cyprus,Cyprus,CY,628.03,802.52,32.17,32.17,tsoc.org.cy,false,
2022-08-06 12:00:00,Cyprus,Cyprus,CY,649.82,829.4,29.82,29.82,tsoc.org.cy,false,
2022-08-06 13:00:00,Cyprus,Cyprus,CY,697.37,888.31,24.69,24.69,tsoc.org.cy,false,
2022-08-06 14:00:00,Cyprus,Cyprus,CY,748.42,951.42,19.17,19.17,tsoc.org.cy,false,
2022-08-06 15:00:00,Cyprus,Cyprus,CY,813.63,1032.03,12.13,12.13,tsoc.org.cy,false,
2022-08-06 16:00:00,Cyprus,Cyprus,CY,870.57,1102.56,5.98,5.98,tsoc.org.cy,false,
2022-08-06 17:00:00,Cyprus,Cyprus,CY,878.16,1111.93,5.16,5.16,tsoc.org.cy,false,
2022-08-06 18:00:00,Cyprus,Cyprus,CY,874.72,1107.67,5.53,5.53,tsoc.org.cy,false,
2022-08-06 19:00:00,Cyprus,Cyprus,CY,867.13,1098.25,6.35,6.35,tsoc.org.cy,false,
2022-08-06 20:00:00,Cyprus,Cyprus,CY,859.41,1088.65,7.19,7.19,tsoc.org.cy,false,
2022-08-06 21:00:00,Cyprus,Cyprus,CY,854.78,1082.93,7.69,7.69,tsoc.org.cy,false,
2022-08-06 22:00:00,Cyprus,Cyprus,CY,858.5,1087.67,7.28,7.28,tsoc.org.cy,false,
2022-08-06 23:00:00,Cyprus,Cyprus,CY,860.22,1089.92,7.1,7.1,tsoc.org.cy,false,
2022-08-07 00:00:00,Cyprus,Cyprus,CY,871.53,1104.15,5.88,5.88,tsoc.org.cy,false,
2022-08-07 01:00:00,Cyprus,Cyprus,CY,881.97,1117.28,4.75,4.75,tsoc.org.cy,false,
2022-08-07 02:00:00,Cyprus,Cyprus,CY,903.25,1143.9,2.45,2.45,tsoc.org.cy,false,
2022-08-07 03:00:00,Cyprus,Cyprus,CY,907.9,1149.83,1.95,1.95,tsoc.org.cy,false,
2022-08-07 04:00:00,Cyprus,Cyprus,CY,857.7,1087.72,7.37,7.37,tsoc.org.cy,false,
2022-08-07 05:00:00,Cyprus,Cyprus,CY,773.28,983.22,16.49,16.49,tsoc.org.cy,false,
2022-08-07 06:00:00,Cyprus,Cyprus,CY,700.45,893.1,24.35,24.35,tsoc.org.cy,false,
2022-08-07 07:00:00,Cyprus,Cyprus,CY,648.5,828.71,29.96,29.96,tsoc.org.cy,false,
2022-08-07 08:00:00,Cyprus,Cyprus,CY,606.12,776.05,34.54,34.54,tsoc.org.cy,false,
2022-08-07 09:00:00,Cyprus,Cyprus,CY,574.8,737.01,37.92,37.92,tsoc.org.cy,false,
2022-08-07 10:00:00,Cyprus,Cyprus,CY,569.56,730.35,38.49,38.49,tsoc.org.cy,false,
2022-08-07 11:00:00,Cyprus,Cyprus,CY,577.41,739.87,37.64,37.64,tsoc.org.cy,false,
2022-08-07 12:00:00,Cyprus,Cyprus,CY,598.68,765.98,35.34,35.34,tsoc.org.cy,false,
2022-08-07 13:00:00,Cyprus,Cyprus,CY,659.47,841.27,28.78,28.78,tsoc.org.cy,false,
2022-08-07 14:00:00,Cyprus,Cyprus,CY,742.92,944.73,19.77,19.77,tsoc.org.cy,false,
2022-08-07 15:00:00,Cyprus,Cyprus,CY,813.55,1032.1,12.14,12.14,tsoc.org.cy,false,
2022-08-07 16:00:00,Cyprus,Cyprus,CY,877.64,1111.54,5.22,5.22,tsoc.org.cy,false,
2022-08-07 17:00:00,Cyprus,Cyprus,CY,885.33,1120.99,4.39,4.39,tsoc.org.cy,false,
2022-08-07 18:00:00,Cyprus,Cyprus,CY,877.55,1111.27,5.23,5.23,tsoc.org.cy,false,
2022-08-07 19:00:00,Cyprus,Cyprus,CY,880.2,1114.6,4.94,4.94,tsoc.org.cy,false,
2022-08-07 20:00:00,Cyprus,Cyprus,CY,890.76,1127.83,3.8,3.8,tsoc.org.cy,false,
2022-08-07 21:00:00,Cyprus,Cyprus,CY,904.35,1144.95,2.33,2.33,tsoc.org.cy,false,
2022-08-07 22:00:00,Cyprus,Cyprus,CY,914.99,1158.39,1.18,1.18,tsoc.org.cy,false,
2022-08-07 23:00:00,Cyprus,Cyprus,CY,916.42,1160.27,1.03,1.03,tsoc.org.cy,false,
2022-08-08 00:00:00,Cyprus,Cyprus,CY,914.35,1157.79,1.25,1.25,tsoc.org.cy,false,
2022-08-08 01:00:00,Cyprus,Cyprus,CY,899.99,1139.9,2.8,2.8,tsoc.org.cy,false,
2022-08-08 02:00:00,Cyprus,Cyprus,CY,890.79,1128.39,3.8,3.8,tsoc.org.cy,false,
2022-08-08 03:00:00,Cyprus,Cyprus,CY,874.97,1108.6,5.51,5.51,tsoc.org.cy,false,
2022-08-08 04:00:00,Cyprus,Cyprus,CY,835.42,1059.59,9.78,9.78,tsoc.org.cy,false,
2022-08-08 05:00:00,Cyprus,Cyprus,CY,779.96,991.02,15.77,15.77,tsoc.org.cy,false,
2022-08-08 06:00:00,Cyprus,Cyprus,CY,728.79,927.67,21.29,21.29,tsoc.org.cy,false,
2022-08-08 07:00:00,Cyprus,Cyprus,CY,690.33,880.06,25.45,25.45,tsoc.org.cy,false,
2022-08-08 08:00:00,Cyprus,Cyprus,CY,638.81,816.17,31.01,31.01,tsoc.org.cy,false,
2022-08-08 09:00:00,Cyprus,Cyprus,CY,602.15,770.68,34.97,34.97,tsoc.org.cy,false,
2022-08-08 10:00:00,Cyprus,Cyprus,CY,593.2,759.44,35.94,35.94,tsoc.org.cy,false,
2022-08-08 11:00:00,Cyprus,Cyprus,CY,605.87,774.91,34.57,34.57,tsoc.org.cy,false,
2022-08-08 12:00:00,Cyprus,Cyprus,CY,653.41,833.76,29.43,29.43,tsoc.org.cy,false,
2022-08-08 13:00:00,Cyprus,Cyprus,CY,701.42,893.23,24.25,24.25,tsoc.org.cy,false,
2022-08-08 14:00:00,Cyprus,Cyprus,CY,757.86,963.06,18.15,18.15,tsoc.org.cy,false,
2022-08-08 15:00:00,Cyprus,Cyprus,CY,825.78,1047.13,10.82,10.82,tsoc.org.cy,false,
2022-08-08 16:00:00,Cyprus,Cyprus,CY,887.12,1123.22,4.19,4.19,tsoc.org.cy,false,
2022-08-08 17:00:00,Cyprus,Cyprus,CY,897.49,1136.07,3.07,3.07,tsoc.org.cy,false,
2022-08-08 18:00:00,Cyprus,Cyprus,CY,895.96,1134.19,3.24,3.24,tsoc.org.cy,false,
2022-08-08 19:00:00,Cyprus,Cyprus,CY,892.78,1130.27,3.58,3.58,tsoc.org.cy,false,
2022-08-08 20:00:00,Cyprus,Cyprus,CY,893.74,1131.52,3.48,3.48,tsoc.org.cy,false,
2022-08-08 21:00:00,Cyprus,Cyprus,CY,894.57,1132.7,3.39,3.39,tsoc.org.cy,false,
2022-08-08 22:00:00,Cyprus,Cyprus,CY,889.32,1126.27,3.96,3.96,tsoc.org.cy,false,
2022-08-08 23:00:00,Cyprus,Cyprus,CY,900.25,1140.06,2.78,2.78,tsoc.org.cy,false,
2022-08-09 00:00:00,Cyprus,Cyprus,CY,913.62,1156.86,1.33,1.33,tsoc.org.cy,false,
2022-08-09 01:00:00,Cyprus,Cyprus,CY,910.38,1152.86,1.68,1.68,tsoc.org.cy,false,
2022-08-09 02:00:00,Cyprus,Cyprus,CY,911.71,1154.51,1.54,1.54,tsoc.org.cy,false,
2022-08-09 03:00:00,Cyprus,Cyprus,CY,910.01,1152.39,1.72,1.72,tsoc.org.cy,false,
2022-08-09 04:00:00,Cyprus,Cyprus,CY,865.97,1097.74,6.48,6.48,tsoc.org.cy,false,
2022-08-09 05:00:00,Cyprus,Cyprus,CY,798.81,1014.49,13.73,13.73,tsoc.org.cy,false,
2022-08-09 06:00:00,Cyprus,Cyprus,CY,745.8,948.81,19.46,19.46,tsoc.org.cy,false,
2022-08-09 07:00:00,Cyprus,Cyprus,CY,699.11,890.95,24.5,24.5,tsoc.org.cy,false,
2022-08-09 08:00:00,Cyprus,Cyprus,CY,657.4,839.2,29.0,29.0,tsoc.org.cy,false,
2022-08-09 09:00:00,Cyprus,Cyprus,CY,624.47,798.18,32.56,32.56,tsoc.org.cy,false,
2022-08-09 10:00:00,Cyprus,Cyprus,CY,612.32,782.92,33.87,33.87,tsoc.org.cy,false,
2022-08-09 11:00:00,Cyprus,Cyprus,CY,625.19,798.66,32.48,32.48,tsoc.org.cy,false,
2022-08-09 12:00:00,Cyprus,Cyprus,CY,642.61,820.09,30.6,30.6,tsoc.org.cy,false,
2022-08-09 13:00:00,Cyprus,Cyprus,CY,696.98,887.58,24.73,24.73,tsoc.org.cy,false,
2022-08-09 14:00:00,Cyprus,Cyprus,CY,757.43,962.46,18.2,18.2,tsoc.org.cy,false,
2022-08-09 15:00:00,Cyprus,Cyprus,CY,830.48,1052.97,10.31,10.31,tsoc.org.cy,false,
2022-08-09 16:00:00,Cyprus,Cyprus,CY,883.52,1118.74,4.58,4.58,tsoc.org.cy,false,
2022-08-09 17:00:00,Cyprus,Cyprus,CY,894.8,1132.72,3.36,3.36,tsoc.org.cy,false,
2022-08-09 18:00:00,Cyprus,Cyprus,CY,901.16,1140.71,2.68,2.68,tsoc.org.cy,false,
2022-08-09 19:00:00,Cyprus,Cyprus,CY,898.69,1137.68,2.94,2.94,tsoc.org.cy,false,
2022-08-09 20:00:00,Cyprus,Cyprus,CY,901.58,1141.35,2.63,2.63,tsoc.org.cy,false,
2022-08-09 21:00:00,Cyprus,Cyprus,CY,910.09,1152.11,1.71,1.71,tsoc.org.cy,false,
2022-08-09 22:00:00,Cyprus,Cyprus,CY,916.19,1159.87,1.05,1.05,tsoc.org.cy,false,
2022-08-09 23:00:00,Cyprus,Cyprus,CY,914.14,1157.41,1.27,1.27,tsoc.org.cy,false,
2022-08-10 00:00:00,Cyprus,Cyprus,CY,915.3,1158.94,1.15,1.15,tsoc.org.cy,false,
2022-08-10 01:00:00,Cyprus,Cyprus,CY,915.03,1158.66,1.18,1.18,tsoc.org.cy,false,
2022-08-10 02:00:00,Cyprus,Cyprus,CY,914.64,1158.18,1.22,1.22,tsoc.org.cy,false,
2022-08-10 03:00:00,Cyprus,Cyprus,CY,911.31,1154.0,1.58,1.58,tsoc.org.cy,false,
2022-08-10 04:00:00,Cyprus,Cyprus,CY,864.15,1095.47,6.67,6.67,tsoc.org.cy,false,
2022-08-10 05:00:00,Cyprus,Cyprus,CY,799.99,1015.93,13.6,13.6,tsoc.org.cy,false,
2022-08-10 06:00:00,Cyprus,Cyprus,CY,741.1,943.0,19.96,19.96,tsoc.org.cy,false,
2022-08-10 07:00:00,Cyprus,Cyprus,CY,693.03,883.45,25.15,25.15,tsoc.org.cy,false,
2022-08-10 08:00:00,Cyprus,Cyprus,CY,654.34,835.44,29.33,29.33,tsoc.org.cy,false,
2022-08-10 09:00:00,Cyprus,Cyprus,CY,628.38,803.09,32.14,32.14,tsoc.org.cy,false,
2022-08-10 10:00:00,Cyprus,Cyprus,CY,634.69,810.64,31.46,31.46,tsoc.org.cy,false,
2022-08-10 11:00:00,Cyprus,Cyprus,CY,635.3,811.18,31.39,31.39,tsoc.org.cy,false,
2022-08-10 12:00:00,Cyprus,Cyprus,CY,662.12,844.31,28.49,28.49,tsoc.org.cy,false,
2022-08-10 13:00:00,Cyprus,Cyprus,CY,709.27,902.73,23.4,23.4,tsoc.org.cy,false,
2022-08-10 14:00:00,Cyprus,Cyprus,CY,761.31,967.18,17.78,17.78,tsoc.org.cy,false,
2022-08-10 15:00:00,Cyprus,Cyprus,CY,827.44,1049.15,10.64,10.64,tsoc.org.cy,false,
2022-08-10 16:00:00,Cyprus,Cyprus,CY,874.49,1107.4,5.56,5.56,tsoc.org.cy,false,
2022-08-10 17:00:00,Cyprus,Cyprus,CY,887.86,1123.99,4.11,4.11,tsoc.org.cy,false,
2022-08-10 18:00:00,Cyprus,Cyprus,CY,888.42,1124.73,4.05,4.05,tsoc.org.cy,false,
2022-08-10 19:00:00,Cyprus,Cyprus,CY,894.45,1132.31,3.4,3.4,tsoc.org.cy,false,
2022-08-10 20:00:00,Cyprus,Cyprus,CY,904.99,1145.54,2.26,2.26,tsoc.org.cy,false,
2022-08-10 21:00:00,Cyprus,Cyprus,CY,903.59,1143.91,2.41,2.41,tsoc.org.cy,false,
2022-08-10 22:00:00,Cyprus,Cyprus,CY,904.97,1145.77,2.27,2.27,tsoc.org.cy,false,
2022-08-10 23:00:00,Cyprus,Cyprus,CY,909.97,1152.12,1.73,1.73,tsoc.org.cy,false,
2022-08-11 00:00:00,Cyprus,Cyprus,CY,911.67,1154.33,1.54,1.54,tsoc.org.cy,false,
2022-08-11 01:00:00,Cyprus,Cyprus,CY,912.51,1155.45,1.45,1.45,tsoc.org.cy,false,
2022-08-11 02:00:00,Cyprus,Cyprus,CY,911.7,1154.43,1.54,1.54,tsoc.org.cy,false,
2022-08-11 03:00:00,Cyprus,Cyprus,CY,908.51,1150.44,1.88,1.88,tsoc.org.cy,false,
2022-08-11 04:00:00,Cyprus,Cyprus,CY,865.92,1097.6,6.48,6.48,tsoc.org.cy,false,
2022-08-11 05:00:00,Cyprus,Cyprus,CY,802.65,1019.19,13.32,13.32,tsoc.org.cy,false,
2022-08-11 06:00:00,Cyprus,Cyprus,CY,744.19,946.78,19.63,19.63,tsoc.org.cy,false,
2022-08-11 07:00:00,Cyprus,Cyprus,CY,697.55,888.97,24.67,24.67,tsoc.org.cy,false,
2022-08-11 08:00:00,Cyprus,Cyprus,CY,662.22,845.15,28.48,28.48,tsoc.org.cy,false,
2022-08-11 09:00:00,Cyprus,Cyprus,CY,636.04,812.55,31.31,31.31,tsoc.org.cy,false,
2022-08-11 10:00:00,Cyprus,Cyprus,CY,623.46,796.75,32.67,32.67,tsoc.org.cy,false,
2022-08-11 11:00:00,Cyprus,Cyprus,CY,634.62,810.42,31.46,31.46,tsoc.org.cy,false,
2022-08-11 12:00:00,Cyprus,Cyprus,CY,669.93,854.25,27.65,27.65,tsoc.org.cy,false,
2022-08-11 13:00:00,Cyprus,Cyprus,CY,703.75,895.99,24.0,24.0,tsoc.org.cy,false,
2022-08-11 14:00:00,Cyprus,Cyprus,CY,752.22,955.92,18.76,18.76,tsoc.org.cy,false,
2022-08-11 15:00:00,Cyprus,Cyprus,CY,802.92,1018.48,13.29,13.29,tsoc.org.cy,false,
2022-08-11 16:00:00,Cyprus,Cyprus,CY,845.17,1070.73,8.72,8.72,tsoc.org.cy,false,
2022-08-11 17:00:00,Cyprus,Cyprus,CY,853.15,1080.6,7.86,7.86,tsoc.org.cy,false,
2022-08-11 18:00:00,Cyprus,Cyprus,CY,732.85,915.99,4.45,4.45,Electricity Maps Estimation,true,ESTIMATED_TIME_SLICER_AVERAGE
2022-08-11 19:00:00,Cyprus,Cyprus,CY,730.48,912.85,4.42,4.42,Electricity Maps Estimation,true,ESTIMATED_TIME_SLICER_AVERAGE
2022-08-11 20:00:00,Cyprus,Cyprus,CY,728.06,909.6,4.4,4.4,Electricity Maps Estimation,true,ESTIMATED_TIME_SLICER_AVERAGE
2022-08-11 21:00:00,Cyprus,Cyprus,CY,721.03,900.29,4.45,4.45,Electricity Maps Estimation,true,ESTIMATED_TIME_SLICER_AVERAGE
2022-08-11 22:00:00,Cyprus,Cyprus,CY,714.92,892.2,4.5,4.5,Electricity Maps Estimation,true,ESTIMATED_TIME_SLICER_AVERAGE
2022-08-11 23:00:00,Cyprus,Cyprus,CY,708.58,883.88,4.7,4.7,Electricity Maps Estimation,true,ESTIMATED_TIME_SLICER_AVERAGE
2022-08-12 00:00:00,Cyprus,Cyprus,CY,709.35,884.45,4.19,4.19,Electricity Maps Estimation,true,ESTIMATED_TIME_SLICER_AVERAGE
2022-08-12 01:00:00,Cyprus,Cyprus,CY,708.65,883.39,4.02,4.02,Electricity Maps Estimation,true,ESTIMATED_TIME_SLICER_AVERAGE
2022-08-12 02:00:00,Cyprus,Cyprus,CY,709.41,884.36,3.96,3.96,Electricity Maps Estimation,true,ESTIMATED_TIME_SLICER_AVERAGE
2022-08-12 03:00:00,Cyprus,Cyprus,CY,712.72,888.76,3.92,3.92,Electricity Maps Estimation,true,ESTIMATED_TIME_SLICER_AVERAGE
2022-08-12 04:00:00,Cyprus,Cyprus,CY,705.18,880.49,5.83,5.83,Electricity Maps Estimation,true,ESTIMATED_TIME_SLICER_AVERAGE
2022-08-12 05:00:00,Cyprus,Cyprus,CY,683.61,855.19,9.61,9.61,Electricity Maps Estimation,true,ESTIMATED_TIME_SLICER_AVERAGE
2022-08-12 06:00:00,Cyprus,Cyprus,CY,659.2,825.84,13.12,13.12,Electricity Maps Estimation,true,ESTIMATED_TIME_SLICER_AVERAGE
2022-08-12 07:00:00,Cyprus,Cyprus,CY,638.28,800.35,15.8,15.8,Electricity Maps Estimation,true,ESTIMATED_TIME_SLICER_AVERAGE
2022-08-12 08:00:00,Cyprus,Cyprus,CY,620.56,778.52,17.87,17.87,Electricity Maps Estimation,true,ESTIMATED_TIME_SLICER_AVERAGE
2022-08-12 09:00:00,Cyprus,Cyprus,CY,609.52,764.94,19.23,19.23,Electricity Maps Estimation,true,ESTIMATED_TIME_SLICER_AVERAGE
2022-08-12 10:00:00,Cyprus,Cyprus,CY,608.16,763.38,19.58,19.58,Electricity Maps Estimation,true,ESTIMATED_TIME_SLICER_AVERAGE
2022-08-12 11:00:00,Cyprus,Cyprus,CY,615.39,772.44,18.97,18.97,Electricity Maps Estimation,true,ESTIMATED_TIME_SLICER_AVERAGE
2022-08-12 12:00:00,Cyprus,Cyprus,CY,629.0,789.2,17.45,17.45,Electricity Maps Estimation,true,ESTIMATED_TIME_SLICER_AVERAGE
2022-08-12 13:00:00,Cyprus,Cyprus,CY,651.82,817.34,14.88,14.88,Electricity Maps Estimation,true,ESTIMATED_TIME_SLICER_AVERAGE
2022-08-12 14:00:00,Cyprus,Cyprus,CY,680.84,852.95,11.44,11.44,Electricity Maps Estimation,true,ESTIMATED_TIME_SLICER_AVERAGE
2022-08-12 15:00:00,Cyprus,Cyprus,CY,716.3,896.37,7.11,7.11,Electricity Maps Estimation,true,ESTIMATED_TIME_SLICER_AVERAGE
2022-08-12 16:00:00,Cyprus,Cyprus,CY,736.12,920.35,4.38,4.38,Electricity Maps Estimation,true,ESTIMATED_TIME_SLICER_AVERAGE
2022-08-12 17:00:00,Cyprus,Cyprus,CY,739.12,923.99,3.99,3.99,Electricity Maps Estimation,true,ESTIMATED_TIME_SLICER_AVERAGE
2022-08-12 18:00:00,Cyprus,Cyprus,CY,736.65,920.73,4.03,4.03,Electricity Maps Estimation,true,ESTIMATED_TIME_SLICER_AVERAGE
2022-08-12 19:00:00,Cyprus,Cyprus,CY,734.34,917.67,3.98,3.98,Electricity Maps Estimation,true,ESTIMATED_TIME_SLICER_AVERAGE
2022-08-12 20:00:00,Cyprus,Cyprus,CY,731.99,914.5,3.96,3.96,Electricity Maps Estimation,true,ESTIMATED_TIME_SLICER_AVERAGE
2022-08-12 21:00:00,Cyprus,Cyprus,CY,725.12,905.39,3.99,3.99,Electricity Maps Estimation,true,ESTIMATED_TIME_SLICER_AVERAGE
2022-08-12 22:00:00,Cyprus,Cyprus,CY,719.14,897.46,4.02,4.02,Electricity Maps Estimation,true,ESTIMATED_TIME_SLICER_AVERAGE
2022-08-12 23:00:00,Cyprus,Cyprus,CY,712.9,889.27,4.21,4.21,Electricity Maps Estimation,true,ESTIMATED_TIME_SLICER_AVERAGE
2022-08-13 00:00:00,Cyprus,Cyprus,CY,699.8,872.37,5.08,5.08,Electricity Maps Estimation,true,ESTIMATED_TIME_SLICER_AVERAGE
2022-08-13 01:00:00,Cyprus,Cyprus,CY,698.91,871.04,4.89,4.89,Electricity Maps Estimation,true,ESTIMATED_TIME_SLICER_AVERAGE
2022-08-13 02:00:00,Cyprus,Cyprus,CY,703.37,876.53,4.31,4.31,Electricity Maps Estimation,true,ESTIMATED_TIME_SLICER_AVERAGE
2022-08-13 03:00:00,Cyprus,Cyprus,CY,703.43,876.59,4.26,4.26,Electricity Maps Estimation,true,ESTIMATED_TIME_SLICER_AVERAGE
2022-08-13 04:00:00,Cyprus,Cyprus,CY,690.38,861.04,6.2,6.2,Electricity Maps Estimation,true,ESTIMATED_TIME_SLICER_AVERAGE
2022-08-13 05:00:00,Cyprus,Cyprus,CY,659.04,823.27,10.55,10.55,Electricity Maps Estimation,true,ESTIMATED_TIME_SLICER_AVERAGE
2022-08-13 06:00:00,Cyprus,Cyprus,CY,628.89,786.58,14.42,14.42,Electricity Maps Estimation,true,ESTIMATED_TIME_SLICER_AVERAGE
2022-08-13 07:00:00,Cyprus,Cyprus,CY,605.6,758.19,17.38,17.38,Electricity Maps Estimation,true,ESTIMATED_TIME_SLICER_AVERAGE
2022-08-13 08:00:00,Cyprus,Cyprus,CY,588.96,737.85,19.47,19.47,Electricity Maps Estimation,true,ESTIMATED_TIME_SLICER_AVERAGE
2022-08-13 09:00:00,Cyprus,Cyprus,CY,577.77,724.21,20.97,20.97,Electricity Maps Estimation,true,ESTIMATED_TIME_SLICER_AVERAGE
2022-08-13 10:00:00,Cyprus,Cyprus,CY,575.8,721.91,21.4,21.4,Electricity Maps Estimation,true,ESTIMATED_TIME_SLICER_AVERAGE
2022-08-13 11:00:00,Cyprus,Cyprus,CY,582.17,729.8,20.81,20.81,Electricity Maps Estimation,true,ESTIMATED_TIME_SLICER_AVERAGE
2022-08-13 12:00:00,Cyprus,Cyprus,CY,594.9,745.49,19.46,19.46,Electricity Maps Estimation,true,ESTIMATED_TIME_SLICER_AVERAGE
2022-08-13 13:00:00,Cyprus,Cyprus,CY,623.72,781.17,16.37,16.37,Electricity Maps Estimation,true,ESTIMATED_TIME_SLICER_AVERAGE
2022-08-13 14:00:00,Cyprus,Cyprus,CY,662.61,829.2,12.07,12.07,Electricity Maps Estimation,true,ESTIMATED_TIME_SLICER_AVERAGE
2022-08-13 15:00:00,Cyprus,Cyprus,CY,703.85,879.92,7.31,7.31,Electricity Maps Estimation,true,ESTIMATED_TIME_SLICER_AVERAGE
2022-08-13 16:00:00,Cyprus,Cyprus,CY,730.11,912.02,4.04,4.04,Electricity Maps Estimation,true,ESTIMATED_TIME_SLICER_AVERAGE
2022-08-13 17:00:00,Cyprus,Cyprus,CY,732.14,914.55,3.86,3.86,Electricity Maps Estimation,true,ESTIMATED_TIME_SLICER_AVERAGE
2022-08-13 18:00:00,Cyprus,Cyprus,CY,727.75,908.92,4.16,4.16,Electricity Maps Estimation,true,ESTIMATED_TIME_SLICER_AVERAGE
2022-08-13 19:00:00,Cyprus,Cyprus,CY,722.37,902.01,4.5,4.5,Electricity Maps Estimation,true,ESTIMATED_TIME_SLICER_AVERAGE
2022-08-13 20:00:00,Cyprus,Cyprus,CY,720.79,899.86,4.45,4.45,Electricity Maps Estimation,true,ESTIMATED_TIME_SLICER_AVERAGE
2022-08-13 21:00:00,Cyprus,Cyprus,CY,721.1,899.87,3.93,3.93,Electricity Maps Estimation,true,ESTIMATED_TIME_SLICER_AVERAGE
2022-08-13 22:00:00,Cyprus,Cyprus,CY,716.41,893.59,3.89,3.89,Electricity Maps Estimation,true,ESTIMATED_TIME_SLICER_AVERAGE
2022-08-13 23:00:00,Cyprus,Cyprus,CY,711.78,887.45,3.91,3.91,Electricity Maps Estimation,true,ESTIMATED_TIME_SLICER_AVERAGE
2022-08-14 00:00:00,Cyprus,Cyprus,CY,704.24,877.91,4.58,4.58,Electricity Maps Estimation,true,ESTIMATED_TIME_SLICER_AVERAGE
2022-08-14 01:00:00,Cyprus,Cyprus,CY,703.42,876.66,4.38,4.38,Electricity Maps Estimation,true,ESTIMATED_TIME_SLICER_AVERAGE
2022-08-14 02:00:00,Cyprus,Cyprus,CY,707.9,882.18,3.79,3.79,Electricity Maps Estimation,true,ESTIMATED_TIME_SLICER_AVERAGE
2022-08-14 03:00:00,Cyprus,Cyprus,CY,707.95,882.23,3.75,3.75,Electricity Maps Estimation,true,ESTIMATED_TIME_SLICER_AVERAGE
2022-08-14 04:00:00,Cyprus,Cyprus,CY,694.77,866.5,5.7,5.7,Electricity Maps Estimation,true,ESTIMATED_TIME_SLICER_AVERAGE
2022-08-14 05:00:00,Cyprus,Cyprus,CY,663.17,828.42,10.08,10.08,Electricity Maps Estimation,true,ESTIMATED_TIME_SLICER_AVERAGE
2022-08-14 06:00:00,Cyprus,Cyprus,CY,632.85,791.52,13.97,13.97,Electricity Maps Estimation,true,ESTIMATED_TIME_SLICER_AVERAGE
2022-08-14 07:00:00,Cyprus,Cyprus,CY,609.43,762.97,16.95,16.95,Electricity Maps Estimation,true,ESTIMATED_TIME_SLICER_AVERAGE
2022-08-14 08:00:00,Cyprus,Cyprus,CY,592.71,742.53,19.05,19.05,Electricity Maps Estimation,true,ESTIMATED_TIME_SLICER_AVERAGE
2022-08-14 09:00:00,Cyprus,Cyprus,CY,581.44,728.79,20.56,20.56,Electricity Maps Estimation,true,ESTIMATED_TIME_SLICER_AVERAGE
2022-08-14 10:00:00,Cyprus,Cyprus,CY,579.42,726.44,20.99,20.99,Electricity Maps Estimation,true,ESTIMATED_TIME_SLICER_AVERAGE
2022-08-14 11:00:00,Cyprus,Cyprus,CY,585.77,734.3,20.4,20.4,Electricity Maps Estimation,true,ESTIMATED_TIME_SLICER_AVERAGE
2022-08-14 12:00:00,Cyprus,Cyprus,CY,598.51,750.0,19.05,19.05,Electricity Maps Estimation,true,ESTIMATED_TIME_SLICER_AVERAGE
2022-08-14 13:00:00,Cyprus,Cyprus,CY,627.36,785.71,15.96,15.96,Electricity Maps Estimation,true,ESTIMATED_TIME_SLICER_AVERAGE
2022-08-14 14:00:00,Cyprus,Cyprus,CY,666.31,833.82,11.66,11.66,Electricity Maps Estimation,true,ESTIMATED_TIME_SLICER_AVERAGE
2022-08-14 15:00:00,Cyprus,Cyprus,CY,707.66,884.68,6.88,6.88,Electricity Maps Estimation,true,ESTIMATED_TIME_SLICER_AVERAGE
2022-08-14 16:00:00,Cyprus,Cyprus,CY,734.05,916.93,3.59,3.59,Electricity Maps Estimation,true,ESTIMATED_TIME_SLICER_AVERAGE
2022-08-14 17:00:00,Cyprus,Cyprus,CY,736.1,919.48,3.41,3.41,Electricity Maps Estimation,true,ESTIMATED_TIME_SLICER_AVERAGE
2022-08-14 18:00:00,Cyprus,Cyprus,CY,731.74,913.9,3.71,3.71,Electricity Maps Estimation,true,ESTIMATED_TIME_SLICER_AVERAGE
2022-08-14 19:00:00,Cyprus,Cyprus,CY,726.41,907.05,4.04,4.04,Electricity Maps Estimation,true,ESTIMATED_TIME_SLICER_AVERAGE
2022-08-14 20:00:00,Cyprus,Cyprus,CY,724.88,904.97,3.98,3.98,Electricity Maps Estimation,true,ESTIMATED_TIME_SLICER_AVERAGE
2022-08-14 21:00:00,Cyprus,Cyprus,CY,725.3,905.12,3.45,3.45,Electricity Maps Estimation,true,ESTIMATED_TIME_SLICER_AVERAGE
2022-08-14 22:00:00,Cyprus,Cyprus,CY,720.73,898.99,3.4,3.4,Electricity Maps Estimation,true,ESTIMATED_TIME_SLICER_AVERAGE
2022-08-14 23:00:00,Cyprus,Cyprus,CY,716.21,892.97,3.41,3.41,Electricity Maps Estimation,true,ESTIMATED_TIME_SLICER_AVERAGE
2022-08-15 00:00:00,Cyprus,Cyprus,CY,722.65,901.04,2.68,2.68,Electricity Maps Estimation,true,ESTIMATED_TIME_SLICER_AVERAGE
2022-08-15 01:00:00,Cyprus,Cyprus,CY,722.11,900.19,2.49,2.49,Electricity Maps Estimation,true,ESTIMATED_TIME_SLICER_AVERAGE
2022-08-15 02:00:00,Cyprus,Cyprus,CY,722.86,901.14,2.44,2.44,Electricity Maps Estimation,true,ESTIMATED_TIME_SLICER_AVERAGE
2022-08-15 03:00:00,Cyprus,Cyprus,CY,725.9,905.2,2.43,2.43,Electricity Maps Estimation,true,ESTIMATED_TIME_SLICER_AVERAGE
2022-08-15 04:00:00,Cyprus,Cyprus,CY,717.56,895.94,4.44,4.44,Electricity Maps Estimation,true,ESTIMATED_TIME_SLICER_AVERAGE
2022-08-15 05:00:00,Cyprus,Cyprus,CY,694.93,869.32,8.34,8.34,Electricity Maps Estimation,true,ESTIMATED_TIME_SLICER_AVERAGE
2022-08-15 06:00:00,Cyprus,Cyprus,CY,669.85,839.13,11.93,11.93,Electricity Maps Estimation,true,ESTIMATED_TIME_SLICER_AVERAGE
2022-08-15 07:00:00,Cyprus,Cyprus,CY,648.59,813.21,14.64,14.64,Electricity Maps Estimation,true,ESTIMATED_TIME_SLICER_AVERAGE
2022-08-15 08:00:00,Cyprus,Cyprus,CY,630.71,791.19,16.73,16.73,Electricity Maps Estimation,true,ESTIMATED_TIME_SLICER_AVERAGE
2022-08-15 09:00:00,Cyprus,Cyprus,CY,619.53,777.44,18.1,18.1,Electricity Maps Estimation,true,ESTIMATED_TIME_SLICER_AVERAGE
2022-08-15 10:00:00,Cyprus,Cyprus,CY,618.02,775.7,18.47,18.47,Electricity Maps Estimation,true,ESTIMATED_TIME_SLICER_AVERAGE
2022-08-15 11:00:00,Cyprus,Cyprus,CY,625.16,784.64,17.88,17.88,Electricity Maps Estimation,true,ESTIMATED_TIME_SLICER_AVERAGE
2022-08-15 12:00:00,Cyprus,Cyprus,CY,638.84,801.49,16.34,16.34,Electricity Maps Estimation,true,ESTIMATED_TIME_SLICER_AVERAGE
2022-08-15 13:00:00,Cyprus,Cyprus,CY,661.8,829.79,13.76,13.76,Electricity Maps Estimation,true,ESTIMATED_TIME_SLICER_AVERAGE
2022-08-15 14:00:00,Cyprus,Cyprus,CY,691.1,865.76,10.29,10.29,Electricity Maps Estimation,true,ESTIMATED_TIME_SLICER_AVERAGE
2022-08-15 15:00:00,Cyprus,Cyprus,CY,727.01,909.74,5.91,5.91,Electricity Maps Estimation,true,ESTIMATED_TIME_SLICER_AVERAGE
2022-08-15 16:00:00,Cyprus,Cyprus,CY,747.3,934.29,3.13,3.13,Electricity Maps Estimation,true,ESTIMATED_TIME_SLICER_AVERAGE
2022-08-15 17:00:00,Cyprus,Cyprus,CY,750.42,938.09,2.72,2.72,Electricity Maps Estimation,true,ESTIMATED_TIME_SLICER_AVERAGE
2022-08-15 18:00:00,Cyprus,Cyprus,CY,748.1,935.02,2.74,2.74,Electricity Maps Estimation,true,ESTIMATED_TIME_SLICER_AVERAGE
2022-08-15 19:00:00,Cyprus,Cyprus,CY,745.99,932.2,2.67,2.67,Electricity Maps Estimation,true,ESTIMATED_TIME_SLICER_AVERAGE
2022-08-15 20:00:00,Cyprus,Cyprus,CY,743.82,929.27,2.62,2.62,Electricity Maps Estimation,true,ESTIMATED_TIME_SLICER_AVERAGE
2022-08-15 21:00:00,Cyprus,Cyprus,CY,737.43,920.74,2.6,2.6,Electricity Maps Estimation,true,ESTIMATED_TIME_SLICER_AVERAGE
2022-08-15 22:00:00,Cyprus,Cyprus,CY,731.85,913.32,2.58,2.58,Electricity Maps Estimation,true,ESTIMATED_TIME_SLICER_AVERAGE
2022-08-15 23:00:00,Cyprus,Cyprus,CY,725.93,905.52,2.73,2.73,Electricity Maps Estimation,true,ESTIMATED_TIME_SLICER_AVERAGE
2022-08-16 00:00:00,Cyprus,Cyprus,CY,727.1,906.6,2.17,2.17,Electricity Maps Estimation,true,ESTIMATED_TIME_SLICER_AVERAGE
2022-08-16 01:00:00,Cyprus,Cyprus,CY,726.63,905.81,1.98,1.98,Electricity Maps Estimation,true,ESTIMATED_TIME_SLICER_AVERAGE
2022-08-16 02:00:00,Cyprus,Cyprus,CY,727.37,906.75,1.92,1.92,Electricity Maps Estimation,true,ESTIMATED_TIME_SLICER_AVERAGE
2022-08-16 03:00:00,Cyprus,Cyprus,CY,730.31,910.7,1.93,1.93,Electricity Maps Estimation,true,ESTIMATED_TIME_SLICER_AVERAGE
2022-08-16 04:00:00,Cyprus,Cyprus,CY,721.71,901.12,3.97,3.97,Electricity Maps Estimation,true,ESTIMATED_TIME_SLICER_AVERAGE
2022-08-16 05:00:00,Cyprus,Cyprus,CY,698.72,874.05,7.91,7.91,Electricity Maps Estimation,true,ESTIMATED_TIME_SLICER_AVERAGE
2022-08-16 06:00:00,Cyprus,Cyprus,CY,673.41,843.58,11.53,11.53,Electricity Maps Estimation,true,ESTIMATED_TIME_SLICER_AVERAGE
2022-08-16 07:00:00,Cyprus,Cyprus,CY,652.04,817.52,14.26,14.26,Electricity Maps Estimation,true,ESTIMATED_TIME_SLICER_AVERAGE
2022-08-16 08:00:00,Cyprus,Cyprus,CY,634.1,795.43,16.35,16.35,Electricity Maps Estimation,true,ESTIMATED_TIME_SLICER_AVERAGE
2022-08-16 09:00:00,Cyprus,Cyprus,CY,622.87,781.62,17.73,17.73,Electricity Maps Estimation,true,ESTIMATED_TIME_SLICER_AVERAGE
2022-08-16 10:00:00,Cyprus,Cyprus,CY,621.32,779.82,18.1,18.1,Electricity Maps Estimation,true,ESTIMATED_TIME_SLICER_AVERAGE
2022-08-16 11:00:00,Cyprus,Cyprus,CY,628.43,788.72,17.51,17.51,Electricity Maps Estimation,true,ESTIMATED_TIME_SLICER_AVERAGE
2022-08-16 12:00:00,Cyprus,Cyprus,CY,642.14,805.6,15.98,15.98,Electricity Maps Estimation,true,ESTIMATED_TIME_SLICER_AVERAGE
2022-08-16 13:00:00,Cyprus,Cyprus,CY,665.13,833.96,13.39,13.39,Electricity Maps Estimation,true,ESTIMATED_TIME_SLICER_AVERAGE
2022-08-16 14:00:00,Cyprus,Cyprus,CY,694.54,870.05,9.9,9.9,Electricity Maps Estimation,true,ESTIMATED_TIME_SLICER_AVERAGE
2022-08-16 15:00:00,Cyprus,Cyprus,CY,730.6,914.21,5.51,5.51,Electricity Maps Estimation,true,ESTIMATED_TIME_SLICER_AVERAGE
2022-08-16 16:00:00,Cyprus,Cyprus,CY,751.04,938.96,2.71,2.71,Electricity Maps Estimation,true,ESTIMATED_TIME_SLICER_AVERAGE
2022-08-16 17:00:00,Cyprus,Cyprus,CY,754.2,942.81,2.29,2.29,Electricity Maps Estimation,true,ESTIMATED_TIME_SLICER_AVERAGE
2022-08-16 18:00:00,Cyprus,Cyprus,CY,751.93,939.8,2.31,2.31,Electricity Maps Estimation,true,ESTIMATED_TIME_SLICER_AVERAGE
2022-08-16 19:00:00,Cyprus,Cyprus,CY,749.89,937.06,2.23,2.23,Electricity Maps Estimation,true,ESTIMATED_TIME_SLICER_AVERAGE
2022-08-16 20:00:00,Cyprus,Cyprus,CY,747.79,934.21,2.18,2.18,Electricity Maps Estimation,true,ESTIMATED_TIME_SLICER_AVERAGE
2022-08-16 21:00:00,Cyprus,Cyprus,CY,741.55,925.88,2.13,2.13,Electricity Maps Estimation,true,ESTIMATED_TIME_SLICER_AVERAGE
2022-08-16 22:00:00,Cyprus,Cyprus,CY,736.11,918.63,2.1,2.1,Electricity Maps Estimation,true,ESTIMATED_TIME_SLICER_AVERAGE
2022-08-16 23:00:00,Cyprus,Cyprus,CY,730.3,910.96,2.24,2.24,Electricity Maps Estimation,true,ESTIMATED_TIME_SLICER_AVERAGE
2022-08-17 00:00:00,Cyprus,Cyprus,CY,731.57,912.17,1.67,1.67,Electricity Maps Estimation,true,ESTIMATED_TIME_SLICER_AVERAGE
2022-08-17 01:00:00,Cyprus,Cyprus,CY,731.15,911.45,1.47,1.47,Electricity Maps Estimation,true,ESTIMATED_TIME_SLICER_AVERAGE
2022-08-17 02:00:00,Cyprus,Cyprus,CY,731.88,912.39,1.41,1.41,Electricity Maps Estimation,true,ESTIMATED_TIME_SLICER_AVERAGE
2022-08-17 03:00:00,Cyprus,Cyprus,CY,734.73,916.22,1.42,1.42,Electricity Maps Estimation,true,ESTIMATED_TIME_SLICER_AVERAGE
2022-08-17 04:00:00,Cyprus,Cyprus,CY,725.87,906.3,3.5,3.5,Electricity Maps Estimation,true,ESTIMATED_TIME_SLICER_AVERAGE
2022-08-17 05:00:00,Cyprus,Cyprus,CY,702.52,878.79,7.48,7.48,Electricity Maps Estimation,true,ESTIMATED_TIME_SLICER_AVERAGE
2022-08-17 06:00:00,Cyprus,Cyprus,CY,676.98,848.04,11.13,11.13,Electricity Maps Estimation,true,ESTIMATED_TIME_SLICER_AVERAGE
2022-08-17 07:00:00,Cyprus,Cyprus,CY,655.49,821.83,13.87,13.87,Electricity Maps Estimation,true,ESTIMATED_TIME_SLICER_AVERAGE
2022-08-17 08:00:00,Cyprus,Cyprus,CY,637.51,799.68,15.97,15.97,Electricity Maps Estimation,true,ESTIMATED_TIME_SLICER_AVERAGE
2022-08-17 09:00:00,Cyprus,Cyprus,CY,626.23,785.81,17.35,17.35,Electricity Maps Estimation,true,ESTIMATED_TIME_SLICER_AVERAGE
2022-08-17 10:00:00,Cyprus,Cyprus,CY,624.63,783.95,17.73,17.73,Electricity Maps Estimation,true,ESTIMATED_TIME_SLICER_AVERAGE
2022-08-17 11:00:00,Cyprus,Cyprus,CY,631.71,792.81,17.14,17.14,Electricity Maps Estimation,true,ESTIMATED_TIME_SLICER_AVERAGE
2022-08-17 12:00:00,Cyprus,Cyprus,CY,645.44,809.72,15.61,15.61,Electricity Maps Estimation,true,ESTIMATED_TIME_SLICER_AVERAGE
2022-08-17 13:00:00,Cyprus,Cyprus,CY,668.48,838.13,13.01,13.01,Electricity Maps Estimation,true,ESTIMATED_TIME_SLICER_AVERAGE
2022-08-17 14:00:00,Cyprus,Cyprus,CY,697.98,874.35,9.52,9.52,Electricity Maps Estimation,true,ESTIMATED_TIME_SLICER_AVERAGE
2022-08-17 15:00:00,Cyprus,Cyprus,CY,734.19,918.69,5.1,5.1,Electricity Maps Estimation,true,ESTIMATED_TIME_SLICER_AVERAGE
2022-08-17 16:00:00,Cyprus,Cyprus,CY,754.78,943.64,2.29,2.29,Electricity Maps Estimation,true,ESTIMATED_TIME_SLICER_AVERAGE
2022-08-17 17:00:00,Cyprus,Cyprus,CY,757.99,947.54,1.86,1.86,Electricity Maps Estimation,true,ESTIMATED_TIME_SLICER_AVERAGE
2022-08-17 18:00:00,Cyprus,Cyprus,CY,755.78,944.59,1.87,1.87,Electricity Maps Estimation,true,ESTIMATED_TIME_SLICER_AVERAGE
2022-08-17 19:00:00,Cyprus,Cyprus,CY,753.8,941.94,1.79,1.79,Electricity Maps Estimation,true,ESTIMATED_TIME_SLICER_AVERAGE
2022-08-17 20:00:00,Cyprus,Cyprus,CY,751.76,939.16,1.73,1.73,Electricity Maps Estimation,true,ESTIMATED_TIME_SLICER_AVERAGE
2022-08-17 21:00:00,Cyprus,Cyprus,CY,745.68,931.04,1.66,1.66,Electricity Maps Estimation,true,ESTIMATED_TIME_SLICER_AVERAGE
2022-08-17 22:00:00,Cyprus,Cyprus,CY,740.38,923.95,1.62,1.62,Electricity Maps Estimation,true,ESTIMATED_TIME_SLICER_AVERAGE
2022-08-17 23:00:00,Cyprus,Cyprus,CY,734.67,916.42,1.75,1.75,Electricity Maps Estimation,true,ESTIMATED_TIME_SLICER_AVERAGE
2022-08-18 00:00:00,Cyprus,Cyprus,CY,736.05,917.75,1.16,1.16,Electricity Maps Estimation,true,ESTIMATED_TIME_SLICER_AVERAGE
2022-08-18 01:00:00,Cyprus,Cyprus,CY,735.68,917.1,0.95,0.95,Electricity Maps Estimation,true,ESTIMATED_TIME_SLICER_AVERAGE
2022-08-18 02:00:00,Cyprus,Cyprus,CY,736.41,918.04,0.9,0.9,Electricity Maps Estimation,true,ESTIMATED_TIME_SLICER_AVERAGE
2022-08-18 03:00:00,Cyprus,Cyprus,CY,739.17,921.75,0.92,0.92,Electricity Maps Estimation,true,ESTIMATED_TIME_SLICER_AVERAGE
2022-08-18 04:00:00,Cyprus,Cyprus,CY,729.95,911.4,3.04,3.04,Electricity Maps Estimation,true,ESTIMATED_TIME_SLICER_AVERAGE
2022-08-18 05:00:00,Cyprus,Cyprus,CY,704.71,881.55,7.27,7.27,Electricity Maps Estimation,true,ESTIMATED_TIME_SLICER_AVERAGE
2022-08-18 06:00:00,Cyprus,Cyprus,CY,678.97,850.54,10.93,10.93,Electricity Maps Estimation,true,ESTIMATED_TIME_SLICER_AVERAGE
2022-08-18 07:00:00,Cyprus,Cyprus,CY,658.91,826.1,13.48,13.48,Electricity Maps Estimation,true,ESTIMATED_TIME_SLICER_AVERAGE
2022-08-18 08:00:00,Cyprus,Cyprus,CY,640.91,803.94,15.59,15.59,Electricity Maps Estimation,true,ESTIMATED_TIME_SLICER_AVERAGE
2022-08-18 09:00:00,Cyprus,Cyprus,CY,629.59,790.0,16.98,16.98,Electricity Maps Estimation,true,ESTIMATED_TIME_SLICER_AVERAGE
2022-08-18 10:00:00,Cyprus,Cyprus,CY,627.94,788.09,17.36,17.36,Electricity Maps Estimation,true,ESTIMATED_TIME_SLICER_AVERAGE
2022-08-18 11:00:00,Cyprus,Cyprus,CY,634.99,796.9,16.77,16.77,Electricity Maps Estimation,true,ESTIMATED_TIME_SLICER_AVERAGE
2022-08-18 12:00:00,Cyprus,Cyprus,CY,648.74,813.85,15.24,15.24,Electricity Maps Estimation,true,ESTIMATED_TIME_SLICER_AVERAGE
2022-08-18 13:00:00,Cyprus,Cyprus,CY,671.83,842.32,12.64,12.64,Electricity Maps Estimation,true,ESTIMATED_TIME_SLICER_AVERAGE
2022-08-18 14:00:00,Cyprus,Cyprus,CY,701.43,878.65,9.13,9.13,Electricity Maps Estimation,true,ESTIMATED_TIME_SLICER_AVERAGE
2022-08-18 15:00:00,Cyprus,Cyprus,CY,737.79,923.18,4.7,4.7,Electricity Maps Estimation,true,ESTIMATED_TIME_SLICER_AVERAGE
2022-08-18 16:00:00,Cyprus,Cyprus,CY,758.54,948.33,1.87,1.87,Electricity Maps Estimation,true,ESTIMATED_TIME_SLICER_AVERAGE
2022-08-18 17:00:00,Cyprus,Cyprus,CY,761.79,952.27,1.44,1.44,Electricity Maps Estimation,true,ESTIMATED_TIME_SLICER_AVERAGE
2022-08-18 18:00:00,Cyprus,Cyprus,CY,759.62,949.39,1.44,1.44,Electricity Maps Estimation,true,ESTIMATED_TIME_SLICER_AVERAGE
2022-08-18 19:00:00,Cyprus,Cyprus,CY,757.71,946.82,1.35,1.35,Electricity Maps Estimation,true,ESTIMATED_TIME_SLICER_AVERAGE
2022-08-18 20:00:00,Cyprus,Cyprus,CY,755.74,944.13,1.28,1.28,Electricity Maps Estimation,true,ESTIMATED_TIME_SLICER_AVERAGE
2022-08-18 21:00:00,Cyprus,Cyprus,CY,749.82,936.2,1.2,1.2,Electricity Maps Estimation,true,ESTIMATED_TIME_SLICER_AVERAGE
2022-08-18 22:00:00,Cyprus,Cyprus,CY,744.66,929.29,1.13,1.13,Electricity Maps Estimation,true,ESTIMATED_TIME_SLICER_AVERAGE
2022-08-18 23:00:00,Cyprus,Cyprus,CY,739.06,921.89,1.25,1.25,Electricity Maps Estimation,true,ESTIMATED_TIME_SLICER_AVERAGE
2022-08-19 00:00:00,Cyprus,Cyprus,CY,740.54,923.35,0.65,0.65,Electricity Maps Estimation,true,ESTIMATED_TIME_SLICER_AVERAGE
2022-08-19 01:00:00,Cyprus,Cyprus,CY,739.53,921.92,0.53,0.53,Electricity Maps Estimation,true,ESTIMATED_TIME_SLICER_AVERAGE
2022-08-19 02:00:00,Cyprus,Cyprus,CY,739.86,922.35,0.53,0.53,Electricity Maps Estimation,true,ESTIMATED_TIME_SLICER_AVERAGE
2022-08-19 03:00:00,Cyprus,Cyprus,CY,741.63,924.86,0.68,0.68,Electricity Maps Estimation,true,ESTIMATED_TIME_SLICER_AVERAGE
2022-08-19 04:00:00,Cyprus,Cyprus,CY,730.61,912.28,3.03,3.03,Electricity Maps Estimation,true,ESTIMATED_TIME_SLICER_AVERAGE
2022-08-19 05:00:00,Cyprus,Cyprus,CY,705.4,882.46,7.25,7.25,Electricity Maps Estimation,true,ESTIMATED_TIME_SLICER_AVERAGE
2022-08-19 06:00:00,Cyprus,Cyprus,CY,679.71,851.5,10.9,10.9,Electricity Maps Estimation,true,ESTIMATED_TIME_SLICER_AVERAGE
2022-08-19 07:00:00,Cyprus,Cyprus,CY,659.7,827.12,13.45,13.45,Electricity Maps Estimation,true,ESTIMATED_TIME_SLICER_AVERAGE
2022-08-19 08:00:00,Cyprus,Cyprus,CY,644.33,808.2,15.21,15.21,Electricity Maps Estimation,true,ESTIMATED_TIME_SLICER_AVERAGE
2022-08-19 09:00:00,Cyprus,Cyprus,CY,632.96,794.21,16.6,16.6,Electricity Maps Estimation,true,ESTIMATED_TIME_SLICER_AVERAGE
2022-08-19 10:00:00,Cyprus,Cyprus,CY,631.26,792.23,16.99,16.99,Electricity Maps Estimation,true,ESTIMATED_TIME_SLICER_AVERAGE
2022-08-19 11:00:00,Cyprus,Cyprus,CY,638.27,801.01,16.41,16.41,Electricity Maps Estimation,true,ESTIMATED_TIME_SLICER_AVERAGE
2022-08-19 12:00:00,Cyprus,Cyprus,CY,652.05,817.98,14.86,14.86,Electricity Maps Estimation,true,ESTIMATED_TIME_SLICER_AVERAGE
2022-08-19 13:00:00,Cyprus,Cyprus,CY,675.18,846.51,12.26,12.26,Electricity Maps Estimation,true,ESTIMATED_TIME_SLICER_AVERAGE
2022-08-19 14:00:00,Cyprus,Cyprus,CY,704.88,882.96,8.74,8.74,Electricity Maps Estimation,true,ESTIMATED_TIME_SLICER_AVERAGE
2022-08-19 15:00:00,Cyprus,Cyprus,CY,741.39,927.68,4.29,4.29,Electricity Maps Estimation,true,ESTIMATED_TIME_SLICER_AVERAGE
2022-08-19 16:00:00,Cyprus,Cyprus,CY,762.3,953.02,1.44,1.44,Electricity Maps Estimation,true,ESTIMATED_TIME_SLICER_AVERAGE
2022-08-19 17:00:00,Cyprus,Cyprus,CY,765.6,957.02,1.01,1.01,Electricity Maps Estimation,true,ESTIMATED_TIME_SLICER_AVERAGE
2022-08-19 18:00:00,Cyprus,Cyprus,CY,763.48,954.2,1.01,1.01,Electricity Maps Estimation,true,ESTIMATED_TIME_SLICER_AVERAGE
2022-08-19 19:00:00,Cyprus,Cyprus,CY,761.64,951.72,0.91,0.91,Electricity Maps Estimation,true,ESTIMATED_TIME_SLICER_AVERAGE
2022-08-19 20:00:00,Cyprus,Cyprus,CY,759.72,949.1,0.83,0.83,Electricity Maps Estimation,true,ESTIMATED_TIME_SLICER_AVERAGE
2022-08-19 21:00:00,Cyprus,Cyprus,CY,753.97,941.38,0.73,0.73,Electricity Maps Estimation,true,ESTIMATED_TIME_SLICER_AVERAGE
2022-08-19 22:00:00,Cyprus,Cyprus,CY,748.95,934.64,0.65,0.65,Electricity Maps Estimation,true,ESTIMATED_TIME_SLICER_AVERAGE
2022-08-19 23:00:00,Cyprus,Cyprus,CY,743.45,927.37,0.75,0.75,Electricity Maps Estimation,true,ESTIMATED_TIME_SLICER_AVERAGE
2022-08-20 00:00:00,Cyprus,Cyprus,CY,731.13,911.43,1.53,1.53,Electricity Maps Estimation,true,ESTIMATED_TIME_SLICER_AVERAGE
2022-08-20 01:00:00,Cyprus,Cyprus,CY,730.69,910.67,1.29,1.29,Electricity Maps Estimation,true,ESTIMATED_TIME_SLICER_AVERAGE
2022-08-20 02:00:00,Cyprus,Cyprus,CY,735.36,916.42,0.68,0.68,Electricity Maps Estimation,true,ESTIMATED_TIME_SLICER_AVERAGE
2022-08-20 03:00:00,Cyprus,Cyprus,CY,734.99,915.96,0.69,0.69,Electricity Maps Estimation,true,ESTIMATED_TIME_SLICER_AVERAGE
2022-08-20 04:00:00,Cyprus,Cyprus,CY,716.77,894.03,3.31,3.31,Electricity Maps Estimation,true,ESTIMATED_TIME_SLICER_AVERAGE
2022-08-20 05:00:00,Cyprus,Cyprus,CY,679.79,849.3,8.39,8.39,Electricity Maps Estimation,true,ESTIMATED_TIME_SLICER_AVERAGE
2022-08-20 06:00:00,Cyprus,Cyprus,CY,648.66,811.39,12.36,12.36,Electricity Maps Estimation,true,ESTIMATED_TIME_SLICER_AVERAGE
2022-08-20 07:00:00,Cyprus,Cyprus,CY,626.0,783.76,15.23,15.23,Electricity Maps Estimation,true,ESTIMATED_TIME_SLICER_AVERAGE
2022-08-20 08:00:00,Cyprus,Cyprus,CY,611.37,765.89,17.04,17.04,Electricity Maps Estimation,true,ESTIMATED_TIME_SLICER_AVERAGE
2022-08-20 09:00:00,Cyprus,Cyprus,CY,603.64,756.5,18.06,18.06,Electricity Maps Estimation,true,ESTIMATED_TIME_SLICER_AVERAGE
2022-08-20 10:00:00,Cyprus,Cyprus,CY,601.32,753.77,18.52,18.52,Electricity Maps Estimation,true,ESTIMATED_TIME_SLICER_AVERAGE
2022-08-20 11:00:00,Cyprus,Cyprus,CY,607.57,761.51,17.95,17.95,Electricity Maps Estimation,true,ESTIMATED_TIME_SLICER_AVERAGE
2022-08-20 12:00:00,Cyprus,Cyprus,CY,620.36,777.28,16.59,16.59,Electricity Maps Estimation,true,ESTIMATED_TIME_SLICER_AVERAGE
2022-08-20 13:00:00,Cyprus,Cyprus,CY,649.35,813.16,13.48,13.48,Electricity Maps Estimation,true,ESTIMATED_TIME_SLICER_AVERAGE
2022-08-20 14:00:00,Cyprus,Cyprus,CY,688.67,861.73,9.14,9.14,Electricity Maps Estimation,true,ESTIMATED_TIME_SLICER_AVERAGE
2022-08-20 15:00:00,Cyprus,Cyprus,CY,730.71,913.44,4.28,4.28,Electricity Maps Estimation,true,ESTIMATED_TIME_SLICER_AVERAGE
2022-08-20 16:00:00,Cyprus,Cyprus,CY,757.87,946.66,0.91,0.91,Electricity Maps Estimation,true,ESTIMATED_TIME_SLICER_AVERAGE
2022-08-20 17:00:00,Cyprus,Cyprus,CY,760.01,949.31,0.72,0.72,Electricity Maps Estimation,true,ESTIMATED_TIME_SLICER_AVERAGE
2022-08-20 18:00:00,Cyprus,Cyprus,CY,755.88,944.01,0.98,0.98,Electricity Maps Estimation,true,ESTIMATED_TIME_SLICER_AVERAGE
2022-08-20 19:00:00,Cyprus,Cyprus,CY,750.85,937.53,1.29,1.29,Electricity Maps Estimation,true,ESTIMATED_TIME_SLICER_AVERAGE
2022-08-20 20:00:00,Cyprus,Cyprus,CY,749.62,935.83,1.19,1.19,Electricity Maps Estimation,true,ESTIMATED_TIME_SLICER_AVERAGE
2022-08-20 21:00:00,Cyprus,Cyprus,CY,750.73,936.84,0.57,0.57,Electricity Maps Estimation,true,ESTIMATED_TIME_SLICER_AVERAGE
2022-08-20 22:00:00,Cyprus,Cyprus,CY,746.49,931.11,0.49,0.49,Electricity Maps Estimation,true,ESTIMATED_TIME_SLICER_AVERAGE
2022-08-20 23:00:00,Cyprus,Cyprus,CY,742.0,925.15,0.51,0.51,Electricity Maps Estimation,true,ESTIMATED_TIME_SLICER_AVERAGE
2022-08-21 00:00:00,Cyprus,Cyprus,CY,735.65,917.07,1.01,1.01,Electricity Maps Estimation,true,ESTIMATED_TIME_SLICER_AVERAGE
2022-08-21 01:00:00,Cyprus,Cyprus,CY,735.28,916.38,0.77,0.77,Electricity Maps Estimation,true,ESTIMATED_TIME_SLICER_AVERAGE
2022-08-21 02:00:00,Cyprus,Cyprus,CY,737.25,918.83,0.52,0.52,Electricity Maps Estimation,true,ESTIMATED_TIME_SLICER_AVERAGE
2022-08-21 03:00:00,Cyprus,Cyprus,CY,735.7,916.92,0.69,0.69,Electricity Maps Estimation,true,ESTIMATED_TIME_SLICER_AVERAGE
2022-08-21 04:00:00,Cyprus,Cyprus,CY,717.53,895.04,3.3,3.3,Electricity Maps Estimation,true,ESTIMATED_TIME_SLICER_AVERAGE
2022-08-21 05:00:00,Cyprus,Cyprus,CY,680.64,850.42,8.36,8.36,Electricity Maps Estimation,true,ESTIMATED_TIME_SLICER_AVERAGE
2022-08-21 06:00:00,Cyprus,Cyprus,CY,649.6,812.6,12.32,12.32,Electricity Maps Estimation,true,ESTIMATED_TIME_SLICER_AVERAGE
2022-08-21 07:00:00,Cyprus,Cyprus,CY,626.99,785.04,15.18,15.18,Electricity Maps Estimation,true,ESTIMATED_TIME_SLICER_AVERAGE
2022-08-21 08:00:00,Cyprus,Cyprus,CY,612.4,767.21,16.99,16.99,Electricity Maps Estimation,true,ESTIMATED_TIME_SLICER_AVERAGE
2022-08-21 09:00:00,Cyprus,Cyprus,CY,604.7,757.87,18.0,18.0,Electricity Maps Estimation,true,ESTIMATED_TIME_SLICER_AVERAGE
2022-08-21 10:00:00,Cyprus,Cyprus,CY,604.99,758.36,18.11,18.11,Electricity Maps Estimation,true,ESTIMATED_TIME_SLICER_AVERAGE
2022-08-21 11:00:00,Cyprus,Cyprus,CY,611.23,766.08,17.54,17.54,Electricity Maps Estimation,true,ESTIMATED_TIME_SLICER_AVERAGE
2022-08-21 12:00:00,Cyprus,Cyprus,CY,624.03,781.85,16.18,16.18,Electricity Maps Estimation,true,ESTIMATED_TIME_SLICER_AVERAGE
2022-08-21 13:00:00,Cyprus,Cyprus,CY,653.05,817.77,13.07,13.07,Electricity Maps Estimation,true,ESTIMATED_TIME_SLICER_AVERAGE
2022-08-21 14:00:00,Cyprus,Cyprus,CY,692.42,866.41,8.72,8.72,Electricity Maps Estimation,true,ESTIMATED_TIME_SLICER_AVERAGE
2022-08-21 15:00:00,Cyprus,Cyprus,CY,734.58,918.27,3.85,3.85,Electricity Maps Estimation,true,ESTIMATED_TIME_SLICER_AVERAGE
2022-08-21 16:00:00,Cyprus,Cyprus,CY,758.96,948.06,0.84,0.84,Electricity Maps Estimation,true,ESTIMATED_TIME_SLICER_AVERAGE
2022-08-21 17:00:00,Cyprus,Cyprus,CY,762.61,952.58,0.45,0.45,Electricity Maps Estimation,true,ESTIMATED_TIME_SLICER_AVERAGE
2022-08-21 18:00:00,Cyprus,Cyprus,CY,759.93,949.07,0.53,0.53,Electricity Maps Estimation,true,ESTIMATED_TIME_SLICER_AVERAGE
2022-08-21 19:00:00,Cyprus,Cyprus,CY,754.95,942.65,0.82,0.82,Electricity Maps Estimation,true,ESTIMATED_TIME_SLICER_AVERAGE
2022-08-21 20:00:00,Cyprus,Cyprus,CY,753.78,941.01,0.72,0.72,Electricity Maps Estimation,true,ESTIMATED_TIME_SLICER_AVERAGE
2022-08-21 21:00:00,Cyprus,Cyprus,CY,913.62,1156.47,1.33,1.33,tsoc.org.cy,false,
2022-08-21 22:00:00,Cyprus,Cyprus,CY,909.51,1151.46,1.78,1.78,tsoc.org.cy,false,
2022-08-21 23:00:00,Cyprus,Cyprus,CY,910.86,1153.27,1.63,1.63,tsoc.org.cy,false,
2022-08-22 00:00:00,Cyprus,Cyprus,CY,912.66,1155.61,1.44,1.44,tsoc.org.cy,false,
2022-08-22 01:00:00,Cyprus,Cyprus,CY,905.28,1146.45,2.23,2.23,tsoc.org.cy,false,
2022-08-22 02:00:00,Cyprus,Cyprus,CY,898.49,1138.01,2.97,2.97,tsoc.org.cy,false,
2022-08-22 03:00:00,Cyprus,Cyprus,CY,907.27,1148.92,2.02,2.02,tsoc.org.cy,false,
2022-08-22 04:00:00,Cyprus,Cyprus,CY,874.57,1108.34,5.55,5.55,tsoc.org.cy,false,
2022-08-22 05:00:00,Cyprus,Cyprus,CY,807.86,1025.61,12.75,12.75,tsoc.org.cy,false,
2022-08-22 06:00:00,Cyprus,Cyprus,CY,756.76,962.31,18.27,18.27,tsoc.org.cy,false,
2022-08-22 07:00:00,Cyprus,Cyprus,CY,717.57,913.73,22.5,22.5,tsoc.org.cy,false,
2022-08-22 08:00:00,Cyprus,Cyprus,CY,684.67,872.88,26.06,26.06,tsoc.org.cy,false,
2022-08-22 09:00:00,Cyprus,Cyprus,CY,656.69,838.03,29.08,29.08,tsoc.org.cy,false,
2022-08-22 10:00:00,Cyprus,Cyprus,CY,633.2,808.74,31.62,31.62,tsoc.org.cy,false,
2022-08-22 11:00:00,Cyprus,Cyprus,CY,632.78,808.01,31.66,31.66,tsoc.org.cy,false,
2022-08-22 12:00:00,Cyprus,Cyprus,CY,665.64,848.7,28.11,28.11,tsoc.org.cy,false,
2022-08-22 13:00:00,Cyprus,Cyprus,CY,709.3,902.77,23.4,23.4,tsoc.org.cy,false,
2022-08-22 14:00:00,Cyprus,Cyprus,CY,765.69,972.57,17.31,17.31,tsoc.org.cy,false,
2022-08-22 15:00:00,Cyprus,Cyprus,CY,837.83,1061.92,9.52,9.52,tsoc.org.cy,false,
2022-08-22 16:00:00,Cyprus,Cyprus,CY,868.06,1099.27,6.25,6.25,tsoc.org.cy,false,
2022-08-22 17:00:00,Cyprus,Cyprus,CY,880.36,1114.59,4.92,4.92,tsoc.org.cy,false,
2022-08-22 18:00:00,Cyprus,Cyprus,CY,884.96,1120.41,4.43,4.43,tsoc.org.cy,false,
2022-08-22 19:00:00,Cyprus,Cyprus,CY,883.34,1118.44,4.6,4.6,tsoc.org.cy,false,
2022-08-22 20:00:00,Cyprus,Cyprus,CY,882.39,1117.33,4.7,4.7,tsoc.org.cy,false,
2022-08-22 21:00:00,Cyprus,Cyprus,CY,889.16,1125.92,3.97,3.97,tsoc.org.cy,false,
2022-08-22 22:00:00,Cyprus,Cyprus,CY,881.54,1116.53,4.8,4.8,tsoc.org.cy,false,
2022-08-22 23:00:00,Cyprus,Cyprus,CY,878.41,1112.72,5.13,5.13,tsoc.org.cy,false,
2022-08-23 00:00:00,Cyprus,Cyprus,CY,878.08,1112.42,5.17,5.17,tsoc.org.cy,false,
2022-08-23 01:00:00,Cyprus,Cyprus,CY,891.35,1129.05,3.74,3.74,tsoc.org.cy,false,
2022-08-23 02:00:00,Cyprus,Cyprus,CY,887.66,1124.44,4.13,4.13,tsoc.org.cy,false,
2022-08-23 03:00:00,Cyprus,Cyprus,CY,890.6,1128.05,3.82,3.82,tsoc.org.cy,false,
2022-08-23 04:00:00,Cyprus,Cyprus,CY,856.55,1085.85,7.5,7.5,tsoc.org.cy,false,
2022-08-23 05:00:00,Cyprus,Cyprus,CY,798.75,1014.32,13.74,13.74,tsoc.org.cy,false,
2022-08-23 06:00:00,Cyprus,Cyprus,CY,745.78,948.69,19.46,19.46,tsoc.org.cy,false,
2022-08-23 07:00:00,Cyprus,Cyprus,CY,693.74,884.16,25.08,25.08,tsoc.org.cy,false,
2022-08-23 08:00:00,Cyprus,Cyprus,CY,659.08,841.19,28.82,28.82,tsoc.org.cy,false,
2022-08-23 09:00:00,Cyprus,Cyprus,CY,633.3,809.1,31.61,31.61,tsoc.org.cy,false,
2022-08-23 10:00:00,Cyprus,Cyprus,CY,623.77,797.09,32.63,32.63,tsoc.org.cy,false,
2022-08-23 11:00:00,Cyprus,Cyprus,CY,633.32,808.9,31.6,31.6,tsoc.org.cy,false,
2022-08-23 12:00:00,Cyprus,Cyprus,CY,655.13,835.82,29.25,29.25,tsoc.org.cy,false,
2022-08-23 13:00:00,Cyprus,Cyprus,CY,698.47,889.42,24.57,24.57,tsoc.org.cy,false,
2022-08-23 14:00:00,Cyprus,Cyprus,CY,750.82,954.13,18.91,18.91,tsoc.org.cy,false,
2022-08-23 15:00:00,Cyprus,Cyprus,CY,823.47,1044.08,11.07,11.07,tsoc.org.cy,false,
2022-08-23 16:00:00,Cyprus,Cyprus,CY,854.38,1082.24,7.73,7.73,tsoc.org.cy,false,
2022-08-23 17:00:00,Cyprus,Cyprus,CY,854.1,1081.84,7.76,7.76,tsoc.org.cy,false,
2022-08-23 18:00:00,Cyprus,Cyprus,CY,845.49,1071.14,8.69,8.69,tsoc.org.cy,false,
2022-08-23 19:00:00,Cyprus,Cyprus,CY,857.18,1085.82,7.43,7.43,tsoc.org.cy,false,
2022-08-23 20:00:00,Cyprus,Cyprus,CY,867.49,1098.77,6.31,6.31,tsoc.org.cy,false,
2022-08-23 21:00:00,Cyprus,Cyprus,CY,856.99,1085.78,7.45,7.45,tsoc.org.cy,false,
2022-08-23 22:00:00,Cyprus,Cyprus,CY,841.35,1066.39,9.14,9.14,tsoc.org.cy,false,
2022-08-23 23:00:00,Cyprus,Cyprus,CY,825.64,1046.86,10.83,10.83,tsoc.org.cy,false,
2022-08-24 00:00:00,Cyprus,Cyprus,CY,840.2,1065.15,9.26,9.26,tsoc.org.cy,false,
2022-08-24 01:00:00,Cyprus,Cyprus,CY,860.99,1091.19,7.02,7.02,tsoc.org.cy,false,
2022-08-24 02:00:00,Cyprus,Cyprus,CY,864.88,1096.04,6.6,6.6,tsoc.org.cy,false,
2022-08-24 03:00:00,Cyprus,Cyprus,CY,875.24,1108.92,5.48,5.48,tsoc.org.cy,false,
2022-08-24 04:00:00,Cyprus,Cyprus,CY,851.34,1079.4,8.06,8.06,tsoc.org.cy,false,
2022-08-24 05:00:00,Cyprus,Cyprus,CY,788.77,1002.05,14.81,14.81,tsoc.org.cy,false,
2022-08-24 06:00:00,Cyprus,Cyprus,CY,733.86,934.09,20.74,20.74,tsoc.org.cy,false,
2022-08-24 07:00:00,Cyprus,Cyprus,CY,690.43,880.28,25.44,25.44,tsoc.org.cy,false,
2022-08-24 08:00:00,Cyprus,Cyprus,CY,647.4,826.82,30.08,30.08,tsoc.org.cy,false,
2022-08-24 09:00:00,Cyprus,Cyprus,CY,613.23,784.25,33.77,33.77,tsoc.org.cy,false,
2022-08-24 10:00:00,Cyprus,Cyprus,CY,606.62,775.93,34.49,34.49,tsoc.org.cy,false,
2022-08-24 11:00:00,Cyprus,Cyprus,CY,622.14,795.09,32.81,32.81,tsoc.org.cy,false,
2022-08-24 12:00:00,Cyprus,Cyprus,CY,637.38,813.8,31.16,31.16,tsoc.org.cy,false,
2022-08-24 13:00:00,Cyprus,Cyprus,CY,691.79,881.2,25.29,25.29,tsoc.org.cy,false,
2022-08-24 14:00:00,Cyprus,Cyprus,CY,750.53,953.84,18.95,18.95,tsoc.org.cy,false,
2022-08-24 15:00:00,Cyprus,Cyprus,CY,823.38,1044.02,11.08,11.08,tsoc.org.cy,false,
2022-08-24 16:00:00,Cyprus,Cyprus,CY,884.52,1119.91,4.47,4.47,tsoc.org.cy,false,
2022-08-24 17:00:00,Cyprus,Cyprus,CY,891.17,1128.16,3.76,3.76,tsoc.org.cy,false,
2022-08-24 18:00:00,Cyprus,Cyprus,CY,890.13,1126.92,3.87,3.87,tsoc.org.cy,false,
2022-08-24 19:00:00,Cyprus,Cyprus,CY,892.3,1129.69,3.63,3.63,tsoc.org.cy,false,
2022-08-24 20:00:00,Cyprus,Cyprus,CY,892.96,1130.6,3.56,3.56,tsoc.org.cy,false,
2022-08-24 21:00:00,Cyprus,Cyprus,CY,868.46,1100.13,6.21,6.21,tsoc.org.cy,false,
2022-08-24 22:00:00,Cyprus,Cyprus,CY,868.22,1099.97,6.23,6.23,tsoc.org.cy,false,
2022-08-24 23:00:00,Cyprus,Cyprus,CY,835.82,1059.58,9.73,9.73,tsoc.org.cy,false,
2022-08-25 00:00:00,Cyprus,Cyprus,CY,831.59,1054.38,10.19,10.19,tsoc.org.cy,false,
2022-08-25 01:00:00,Cyprus,Cyprus,CY,844.61,1070.7,8.78,8.78,tsoc.org.cy,false,
2022-08-25 02:00:00,Cyprus,Cyprus,CY,873.31,1106.54,5.69,5.69,tsoc.org.cy,false,
2022-08-25 03:00:00,Cyprus,Cyprus,CY,887.15,1123.78,4.19,4.19,tsoc.org.cy,false,
2022-08-25 04:00:00,Cyprus,Cyprus,CY,868.1,1100.3,6.25,6.25,tsoc.org.cy,false,
2022-08-25 05:00:00,Cyprus,Cyprus,CY,799.8,1015.63,13.62,13.62,tsoc.org.cy,false,
2022-08-25 06:00:00,Cyprus,Cyprus,CY,737.51,938.46,20.35,20.35,tsoc.org.cy,false,
2022-08-25 07:00:00,Cyprus,Cyprus,CY,695.41,886.27,24.9,24.9,tsoc.org.cy,false,
2022-08-25 08:00:00,Cyprus,Cyprus,CY,663.02,846.04,28.4,28.4,tsoc.org.cy,false,
2022-08-25 09:00:00,Cyprus,Cyprus,CY,651.83,831.99,29.6,29.6,tsoc.org.cy,false,
2022-08-25 10:00:00,Cyprus,Cyprus,CY,676.1,862.05,26.98,26.98,tsoc.org.cy,false,
2022-08-25 11:00:00,Cyprus,Cyprus,CY,702.63,894.84,24.12,24.12,tsoc.org.cy,false,
2022-08-25 12:00:00,Cyprus,Cyprus,CY,717.83,913.8,22.48,22.48,tsoc.org.cy,false,
2022-08-25 13:00:00,Cyprus,Cyprus,CY,745.57,948.13,19.48,19.48,tsoc.org.cy,false,
2022-08-25 14:00:00,Cyprus,Cyprus,CY,789.07,1002.01,14.78,14.78,tsoc.org.cy,false,
2022-08-25 15:00:00,Cyprus,Cyprus,CY,856.42,1085.29,7.51,7.51,tsoc.org.cy,false,
2022-08-25 16:00:00,Cyprus,Cyprus,CY,896.11,1134.42,3.22,3.22,tsoc.org.cy,false,
2022-08-25 17:00:00,Cyprus,Cyprus,CY,890.75,1127.66,3.8,3.8,tsoc.org.cy,false,
2022-08-25 18:00:00,Cyprus,Cyprus,CY,877.88,1111.65,5.19,5.19,tsoc.org.cy,false,
2022-08-25 19:00:00,Cyprus,Cyprus,CY,875.3,1108.51,5.47,5.47,tsoc.org.cy,false,
2022-08-25 20:00:00,Cyprus,Cyprus,CY,873.54,1106.37,5.66,5.66,tsoc.org.cy,false,
2022-08-25 21:00:00,Cyprus,Cyprus,CY,884.76,1120.54,4.45,4.45,tsoc.org.cy,false,
2022-08-25 22:00:00,Cyprus,Cyprus,CY,890.34,1127.64,3.85,3.85,tsoc.org.cy,false,
2022-08-25 23:00:00,Cyprus,Cyprus,CY,866.48,1097.94,6.42,6.42,tsoc.org.cy,false,
2022-08-26 00:00:00,Cyprus,Cyprus,CY,869.15,1101.39,6.13,6.13,tsoc.org.cy,false,
2022-08-26 01:00:00,Cyprus,Cyprus,CY,882.11,1117.62,4.73,4.73,tsoc.org.cy,false,
2022-08-26 02:00:00,Cyprus,Cyprus,CY,885.63,1122.0,4.35,4.35,tsoc.org.cy,false,
2022-08-26 03:00:00,Cyprus,Cyprus,CY,884.75,1120.82,4.45,4.45,tsoc.org.cy,false,
2022-08-26 04:00:00,Cyprus,Cyprus,CY,853.18,1081.75,7.86,7.86,tsoc.org.cy,false,
2022-08-26 05:00:00,Cyprus,Cyprus,CY,784.89,997.24,15.23,15.23,tsoc.org.cy,false,
2022-08-26 06:00:00,Cyprus,Cyprus,CY,734.23,934.55,20.7,20.7,tsoc.org.cy,false,
2022-08-26 07:00:00,Cyprus,Cyprus,CY,689.8,879.51,25.5,25.5,tsoc.org.cy,false,
2022-08-26 08:00:00,Cyprus,Cyprus,CY,661.04,843.86,28.61,28.61,tsoc.org.cy,false,
2022-08-26 09:00:00,Cyprus,Cyprus,CY,657.85,839.86,28.95,28.95,tsoc.org.cy,false,
2022-08-26 10:00:00,Cyprus,Cyprus,CY,645.54,824.4,30.28,30.28,tsoc.org.cy,false,
2022-08-26 11:00:00,Cyprus,Cyprus,CY,652.76,833.19,29.5,29.5,tsoc.org.cy,false,
2022-08-26 12:00:00,Cyprus,Cyprus,CY,654.39,834.94,29.33,29.33,tsoc.org.cy,false,
2022-08-26 13:00:00,Cyprus,Cyprus,CY,697.05,887.74,24.72,24.72,tsoc.org.cy,false,
2022-08-26 14:00:00,Cyprus,Cyprus,CY,749.62,952.68,19.04,19.04,tsoc.org.cy,false,
2022-08-26 15:00:00,Cyprus,Cyprus,CY,833.35,1056.37,10.0,10.0,tsoc.org.cy,false,
2022-08-26 16:00:00,Cyprus,Cyprus,CY,867.83,1099.07,6.28,6.28,tsoc.org.cy,false,
2022-08-26 17:00:00,Cyprus,Cyprus,CY,864.51,1094.88,6.64,6.64,tsoc.org.cy,false,
2022-08-26 18:00:00,Cyprus,Cyprus,CY,849.22,1075.86,8.29,8.29,tsoc.org.cy,false,
2022-08-26 19:00:00,Cyprus,Cyprus,CY,841.77,1066.64,9.09,9.09,tsoc.org.cy,false,
2022-08-26 20:00:00,Cyprus,Cyprus,CY,829.29,1051.09,10.44,10.44,tsoc.org.cy,false,
2022-08-26 21:00:00,Cyprus,Cyprus,CY,848.79,1075.59,8.33,8.33,tsoc.org.cy,false,
2022-08-26 22:00:00,Cyprus,Cyprus,CY,854.78,1083.2,7.69,7.69,tsoc.org.cy,false,
2022-08-26 23:00:00,Cyprus,Cyprus,CY,858.26,1087.65,7.31,7.31,tsoc.org.cy,false,
2022-08-27 00:00:00,Cyprus,Cyprus,CY,874.98,1108.64,5.5,5.5,tsoc.org.cy,false,
2022-08-27 01:00:00,Cyprus,Cyprus,CY,881.46,1116.8,4.8,4.8,tsoc.org.cy,false,
2022-08-27 02:00:00,Cyprus,Cyprus,CY,883.4,1119.24,4.59,4.59,tsoc.org.cy,false,
2022-08-27 03:00:00,Cyprus,Cyprus,CY,890.87,1128.57,3.79,3.79,tsoc.org.cy,false,
2022-08-27 04:00:00,Cyprus,Cyprus,CY,857.81,1087.76,7.36,7.36,tsoc.org.cy,false,
2022-08-27 05:00:00,Cyprus,Cyprus,CY,773.42,983.31,16.47,16.47,tsoc.org.cy,false,
2022-08-27 06:00:00,Cyprus,Cyprus,CY,717.07,913.57,22.56,22.56,tsoc.org.cy,false,
2022-08-27 07:00:00,Cyprus,Cyprus,CY,664.35,848.29,28.25,28.25,tsoc.org.cy,false,
2022-08-27 08:00:00,Cyprus,Cyprus,CY,627.18,802.25,32.27,32.27,tsoc.org.cy,false,
2022-08-27 09:00:00,Cyprus,Cyprus,CY,626.24,801.05,32.37,32.37,tsoc.org.cy,false,
2022-08-27 10:00:00,Cyprus,Cyprus,CY,620.29,793.58,33.01,33.01,tsoc.org.cy,false,
2022-08-27 11:00:00,Cyprus,Cyprus,CY,636.63,813.61,31.25,31.25,tsoc.org.cy,false,
2022-08-27 12:00:00,Cyprus,Cyprus,CY,647.02,826.31,30.12,30.12,tsoc.org.cy,false,
2022-08-27 13:00:00,Cyprus,Cyprus,CY,690.13,879.56,25.47,25.47,tsoc.org.cy,false,
2022-08-27 14:00:00,Cyprus,Cyprus,CY,755.75,960.69,18.38,18.38,tsoc.org.cy,false,
2022-08-27 15:00:00,Cyprus,Cyprus,CY,843.62,1069.45,8.89,8.89,tsoc.org.cy,false,
2022-08-27 16:00:00,Cyprus,Cyprus,CY,888.85,1125.42,4.01,4.01,tsoc.org.cy,false,
2022-08-27 17:00:00,Cyprus,Cyprus,CY,883.51,1118.71,4.58,4.58,tsoc.org.cy,false,
2022-08-27 18:00:00,Cyprus,Cyprus,CY,882.94,1118.07,4.65,4.65,tsoc.org.cy,false,
2022-08-27 19:00:00,Cyprus,Cyprus,CY,881.0,1115.72,4.85,4.85,tsoc.org.cy,false,
2022-08-27 20:00:00,Cyprus,Cyprus,CY,886.45,1122.58,4.27,4.27,tsoc.org.cy,false,
2022-08-27 21:00:00,Cyprus,Cyprus,CY,880.14,1114.81,4.95,4.95,tsoc.org.cy,false,
2022-08-27 22:00:00,Cyprus,Cyprus,CY,868.89,1100.85,6.16,6.16,tsoc.org.cy,false,
2022-08-27 23:00:00,Cyprus,Cyprus,CY,855.86,1084.67,7.57,7.57,tsoc.org.cy,false,
2022-08-28 00:00:00,Cyprus,Cyprus,CY,827.11,1048.82,10.67,10.67,tsoc.org.cy,false,
2022-08-28 01:00:00,Cyprus,Cyprus,CY,820.58,1040.72,11.38,11.38,tsoc.org.cy,false,
2022-08-28 02:00:00,Cyprus,Cyprus,CY,845.97,1072.49,8.64,8.64,tsoc.org.cy,false,
2022-08-28 03:00:00,Cyprus,Cyprus,CY,852.05,1080.13,7.98,7.98,tsoc.org.cy,false,
2022-08-28 04:00:00,Cyprus,Cyprus,CY,836.4,1061.14,9.67,9.67,tsoc.org.cy,false,
2022-08-28 05:00:00,Cyprus,Cyprus,CY,759.65,966.48,17.96,17.96,tsoc.org.cy,false,
2022-08-28 06:00:00,Cyprus,Cyprus,CY,684.75,873.8,26.05,26.05,tsoc.org.cy,false,
2022-08-28 07:00:00,Cyprus,Cyprus,CY,641.78,820.56,30.69,30.69,tsoc.org.cy,false,
2022-08-28 08:00:00,Cyprus,Cyprus,CY,621.15,794.94,32.92,32.92,tsoc.org.cy,false,
2022-08-28 09:00:00,Cyprus,Cyprus,CY,585.24,750.33,36.8,36.8,tsoc.org.cy,false,
2022-08-28 10:00:00,Cyprus,Cyprus,CY,585.68,750.82,36.75,36.75,tsoc.org.cy,false,
2022-08-28 11:00:00,Cyprus,Cyprus,CY,611.04,782.17,34.01,34.01,tsoc.org.cy,false,
2022-08-28 12:00:00,Cyprus,Cyprus,CY,645.93,825.21,30.24,30.24,tsoc.org.cy,false,
2022-08-28 13:00:00,Cyprus,Cyprus,CY,696.35,887.44,24.8,24.8,tsoc.org.cy,false,
2022-08-28 14:00:00,Cyprus,Cyprus,CY,774.71,984.4,16.33,16.33,tsoc.org.cy,false,
2022-08-28 15:00:00,Cyprus,Cyprus,CY,859.16,1088.88,7.21,7.21,tsoc.org.cy,false,
2022-08-28 16:00:00,Cyprus,Cyprus,CY,907.12,1148.28,2.03,2.03,tsoc.org.cy,false,
2022-08-28 17:00:00,Cyprus,Cyprus,CY,908.56,1150.0,1.88,1.88,tsoc.org.cy,false,
2022-08-28 18:00:00,Cyprus,Cyprus,CY,898.74,1137.75,2.94,2.94,tsoc.org.cy,false,
2022-08-28 19:00:00,Cyprus,Cyprus,CY,880.36,1114.81,4.92,4.92,tsoc.org.cy,false,
2022-08-28 20:00:00,Cyprus,Cyprus,CY,875.07,1108.25,5.49,5.49,tsoc.org.cy,false,
2022-08-28 21:00:00,Cyprus,Cyprus,CY,876.89,1110.68,5.3,5.3,tsoc.org.cy,false,
2022-08-28 22:00:00,Cyprus,Cyprus,CY,878.38,1112.67,5.14,5.14,tsoc.org.cy,false,
2022-08-28 23:00:00,Cyprus,Cyprus,CY,881.92,1117.21,4.76,4.76,tsoc.org.cy,false,
2022-08-29 00:00:00,Cyprus,Cyprus,CY,884.98,1121.12,4.43,4.43,tsoc.org.cy,false,
2022-08-29 01:00:00,Cyprus,Cyprus,CY,900.89,1141.06,2.71,2.71,tsoc.org.cy,false,
2022-08-29 02:00:00,Cyprus,Cyprus,CY,910.99,1153.67,1.62,1.62,tsoc.org.cy,false,
2022-08-29 03:00:00,Cyprus,Cyprus,CY,913.74,1157.0,1.32,1.32,tsoc.org.cy,false,
2022-08-29 04:00:00,Cyprus,Cyprus,CY,878.52,1113.24,5.12,5.12,tsoc.org.cy,false,
2022-08-29 05:00:00,Cyprus,Cyprus,CY,807.45,1025.1,12.8,12.8,tsoc.org.cy,false,
2022-08-29 06:00:00,Cyprus,Cyprus,CY,753.29,957.99,18.65,18.65,tsoc.org.cy,false,
2022-08-29 07:00:00,Cyprus,Cyprus,CY,717.71,913.92,22.49,22.49,tsoc.org.cy,false,
2022-08-29 08:00:00,Cyprus,Cyprus,CY,690.2,879.82,25.46,25.46,tsoc.org.cy,false,
2022-08-29 09:00:00,Cyprus,Cyprus,CY,678.53,865.31,26.72,26.72,tsoc.org.cy,false,
2022-08-29 10:00:00,Cyprus,Cyprus,CY,676.85,863.13,26.9,26.9,tsoc.org.cy,false,
2022-08-29 11:00:00,Cyprus,Cyprus,CY,692.3,882.17,25.23,25.23,tsoc.org.cy,false,
2022-08-29 12:00:00,Cyprus,Cyprus,CY,717.39,913.21,22.52,22.52,tsoc.org.cy,false,
2022-08-29 13:00:00,Cyprus,Cyprus,CY,753.53,957.91,18.62,18.62,tsoc.org.cy,false,
2022-08-29 14:00:00,Cyprus,Cyprus,CY,810.21,1028.12,12.5,12.5,tsoc.org.cy,false,
2022-08-29 15:00:00,Cyprus,Cyprus,CY,875.47,1108.94,5.45,5.45,tsoc.org.cy,false,
2022-08-29 16:00:00,Cyprus,Cyprus,CY,909.69,1151.33,1.76,1.76,tsoc.org.cy,false,
2022-08-29 17:00:00,Cyprus,Cyprus,CY,909.76,1151.37,1.75,1.75,tsoc.org.cy,false,
2022-08-29 18:00:00,Cyprus,Cyprus,CY,908.28,1149.58,1.91,1.91,tsoc.org.cy,false,
2022-08-29 19:00:00,Cyprus,Cyprus,CY,904.5,1145.37,2.32,2.32,tsoc.org.cy,false,
2022-08-29 20:00:00,Cyprus,Cyprus,CY,900.06,1139.84,2.8,2.8,tsoc.org.cy,false,
2022-08-29 21:00:00,Cyprus,Cyprus,CY,900.19,1140.53,2.78,2.78,tsoc.org.cy,false,
2022-08-29 22:00:00,Cyprus,Cyprus,CY,902.32,1143.88,2.55,2.55,tsoc.org.cy,false,
2022-08-29 23:00:00,Cyprus,Cyprus,CY,905.85,1147.74,2.17,2.17,tsoc.org.cy,false,
2022-08-30 00:00:00,Cyprus,Cyprus,CY,912.31,1155.54,1.47,1.47,tsoc.org.cy,false,
2022-08-30 01:00:00,Cyprus,Cyprus,CY,911.57,1154.67,1.55,1.55,tsoc.org.cy,false,
2022-08-30 02:00:00,Cyprus,Cyprus,CY,909.57,1152.17,1.77,1.77,tsoc.org.cy,false,
2022-08-30 03:00:00,Cyprus,Cyprus,CY,911.48,1154.46,1.56,1.56,tsoc.org.cy,false,
2022-08-30 04:00:00,Cyprus,Cyprus,CY,874.31,1108.28,5.58,5.58,tsoc.org.cy,false,
2022-08-30 05:00:00,Cyprus,Cyprus,CY,806.09,1023.64,12.94,12.94,tsoc.org.cy,false,
2022-08-30 06:00:00,Cyprus,Cyprus,CY,753.59,958.58,18.61,18.61,tsoc.org.cy,false,
2022-08-30 07:00:00,Cyprus,Cyprus,CY,719.67,916.58,22.28,22.28,tsoc.org.cy,false,
2022-08-30 08:00:00,Cyprus,Cyprus,CY,694.15,884.96,25.03,25.03,tsoc.org.cy,false,
2022-08-30 09:00:00,Cyprus,Cyprus,CY,684.6,873.12,26.06,26.06,tsoc.org.cy,false,
2022-08-30 10:00:00,Cyprus,Cyprus,CY,687.87,877.08,25.71,25.71,tsoc.org.cy,false,
2022-08-30 11:00:00,Cyprus,Cyprus,CY,705.1,898.33,23.85,23.85,tsoc.org.cy,false,
2022-08-30 12:00:00,Cyprus,Cyprus,CY,728.92,927.77,21.28,21.28,tsoc.org.cy,false,
2022-08-30 13:00:00,Cyprus,Cyprus,CY,763.15,970.09,17.58,17.58,tsoc.org.cy,false,
2022-08-30 14:00:00,Cyprus,Cyprus,CY,814.09,1033.15,12.08,12.08,tsoc.org.cy,false,
2022-08-30 15:00:00,Cyprus,Cyprus,CY,876.35,1110.27,5.36,5.36,tsoc.org.cy,false,
2022-08-30 16:00:00,Cyprus,Cyprus,CY,911.54,1153.88,1.56,1.56,tsoc.org.cy,false,
2022-08-30 17:00:00,Cyprus,Cyprus,CY,913.57,1156.37,1.34,1.34,tsoc.org.cy,false,
2022-08-30 18:00:00,Cyprus,Cyprus,CY,913.75,1156.66,1.32,1.32,tsoc.org.cy,false,
2022-08-30 19:00:00,Cyprus,Cyprus,CY,910.08,1152.92,1.71,1.71,tsoc.org.cy,false,
2022-08-30 20:00:00,Cyprus,Cyprus,CY,898.25,1138.25,2.99,2.99,tsoc.org.cy,false,
2022-08-30 21:00:00,Cyprus,Cyprus,CY,877.95,1113.12,5.18,5.18,tsoc.org.cy,false,
2022-08-30 22:00:00,Cyprus,Cyprus,CY,876.6,1111.68,5.33,5.33,tsoc.org.cy,false,
2022-08-30 23:00:00,Cyprus,Cyprus,CY,879.86,1115.83,4.98,4.98,tsoc.org.cy,false,
2022-08-31 00:00:00,Cyprus,Cyprus,CY,894.76,1134.67,3.37,3.37,tsoc.org.cy,false,
2022-08-31 01:00:00,Cyprus,Cyprus,CY,898.51,1139.45,2.96,2.96,tsoc.org.cy,false,
2022-08-31 02:00:00,Cyprus,Cyprus,CY,891.17,1130.23,3.76,3.76,tsoc.org.cy,false,
2022-08-31 03:00:00,Cyprus,Cyprus,CY,894.52,1134.28,3.39,3.39,tsoc.org.cy,false,
2022-08-31 04:00:00,Cyprus,Cyprus,CY,875.85,1111.04,5.41,5.41,tsoc.org.cy,false,
2022-08-31 05:00:00,Cyprus,Cyprus,CY,814.85,1035.24,12.0,12.0,tsoc.org.cy,false,
2022-08-31 06:00:00,Cyprus,Cyprus,CY,760.34,967.62,17.89,17.89,tsoc.org.cy,false,
2022-08-31 07:00:00,Cyprus,Cyprus,CY,724.29,922.96,21.78,21.78,tsoc.org.cy,false,
2022-08-31 08:00:00,Cyprus,Cyprus,CY,697.83,890.16,24.64,24.64,tsoc.org.cy,false,
2022-08-31 09:00:00,Cyprus,Cyprus,CY,689.74,880.08,25.51,25.51,tsoc.org.cy,false,
2022-08-31 10:00:00,Cyprus,Cyprus,CY,686.03,875.39,25.91,25.91,tsoc.org.cy,false,
2022-08-31 11:00:00,Cyprus,Cyprus,CY,696.34,888.03,24.8,24.8,tsoc.org.cy,false,
2022-08-31 12:00:00,Cyprus,Cyprus,CY,717.26,913.87,22.54,22.54,tsoc.org.cy,false,
2022-08-31 13:00:00,Cyprus,Cyprus,CY,753.16,958.3,18.66,18.66,tsoc.org.cy,false,
2022-08-31 14:00:00,Cyprus,Cyprus,CY,804.59,1021.94,13.11,13.11,tsoc.org.cy,false,
2022-08-31 15:00:00,Cyprus,Cyprus,CY,867.89,1100.39,6.27,6.27,tsoc.org.cy,false,
2022-08-31 16:00:00,Cyprus,Cyprus,CY,895.51,1134.6,3.29,3.29,tsoc.org.cy,false,
2022-08-31 17:00:00,Cyprus,Cyprus,CY,893.62,1132.19,3.49,3.49,tsoc.org.cy,false,
2022-08-31 18:00:00,Cyprus,Cyprus,CY,883.19,1119.23,4.62,4.62,tsoc.org.cy,false,
2022-08-31 19:00:00,Cyprus,Cyprus,CY,883.13,1119.27,4.62,4.62,tsoc.org.cy,false,
2022-08-31 20:00:00,Cyprus,Cyprus,CY,865.67,1097.57,6.51,6.51,tsoc.org.cy,false,
2022-08-31 21:00:00,Cyprus,Cyprus,CY,869.05,1101.99,6.15,6.15,tsoc.org.cy,false,
2022-08-31 22:00:00,Cyprus,Cyprus,CY,872.34,1106.3,5.79,5.79,tsoc.org.cy,false,
2022-08-31 23:00:00,Cyprus,Cyprus,CY,859.19,1090.04,7.21,7.21,tsoc.org.cy,false,
2022-09-01 00:00:00,Cyprus,Cyprus,CY,854.87,1084.78,7.68,7.68,tsoc.org.cy,false,
2022-09-01 01:00:00,Cyprus,Cyprus,CY,859.55,1090.74,7.17,7.17,tsoc.org.cy,false,
2022-09-01 02:00:00,Cyprus,Cyprus,CY,878.29,1114.14,5.15,5.15,tsoc.org.cy,false,
2022-09-01 03:00:00,Cyprus,Cyprus,CY,895.34,1135.29,3.31,3.31,tsoc.org.cy,false,
2022-09-01 04:00:00,Cyprus,Cyprus,CY,876.82,1112.19,5.31,5.31,tsoc.org.cy,false,
2022-09-01 05:00:00,Cyprus,Cyprus,CY,818.52,1039.78,11.6,11.6,tsoc.org.cy,false,
2022-09-01 06:00:00,Cyprus,Cyprus,CY,761.76,969.44,17.73,17.73,tsoc.org.cy,false,
2022-09-01 07:00:00,Cyprus,Cyprus,CY,725.05,923.93,21.7,21.7,tsoc.org.cy,false,
2022-09-01 08:00:00,Cyprus,Cyprus,CY,701.55,894.83,24.23,24.23,tsoc.org.cy,false,
2022-09-01 09:00:00,Cyprus,Cyprus,CY,694.4,885.9,25.01,25.01,tsoc.org.cy,false,
2022-09-01 10:00:00,Cyprus,Cyprus,CY,686.13,875.55,25.9,25.9,tsoc.org.cy,false,
2022-09-01 11:00:00,Cyprus,Cyprus,CY,693.01,883.93,25.16,25.16,tsoc.org.cy,false,
2022-09-01 12:00:00,Cyprus,Cyprus,CY,711.58,906.82,23.15,23.15,tsoc.org.cy,false,
2022-09-01 13:00:00,Cyprus,Cyprus,CY,743.39,946.05,19.72,19.72,tsoc.org.cy,false,
2022-09-01 14:00:00,Cyprus,Cyprus,CY,793.85,1008.49,14.27,14.27,tsoc.org.cy,false,
2022-09-01 15:00:00,Cyprus,Cyprus,CY,860.3,1090.87,7.09,7.09,tsoc.org.cy,false,
2022-09-01 16:00:00,Cyprus,Cyprus,CY,892.02,1130.23,3.66,3.66,tsoc.org.cy,false,
2022-09-01 17:00:00,Cyprus,Cyprus,CY,891.27,1129.25,3.75,3.75,tsoc.org.cy,false,
2022-09-01 18:00:00,Cyprus,Cyprus,CY,881.02,1116.55,4.85,4.85,tsoc.org.cy,false,
2022-09-01 19:00:00,Cyprus,Cyprus,CY,863.97,1095.01,6.69,6.69,tsoc.org.cy,false,
2022-09-01 20:00:00,Cyprus,Cyprus,CY,848.12,1075.15,8.41,8.41,tsoc.org.cy,false,
2022-09-01 21:00:00,Cyprus,Cyprus,CY,848.33,1075.59,8.38,8.38,tsoc.org.cy,false,
2022-09-01 22:00:00,Cyprus,Cyprus,CY,835.89,1059.63,9.73,9.73,tsoc.org.cy,false,
2022-09-01 23:00:00,Cyprus,Cyprus,CY,824.94,1047.04,10.91,10.91,tsoc.org.cy,false,
2022-09-02 00:00:00,Cyprus,Cyprus,CY,833.32,1057.92,10.0,10.0,tsoc.org.cy,false,
2022-09-02 01:00:00,Cyprus,Cyprus,CY,854.75,1084.81,7.69,7.69,tsoc.org.cy,false,
2022-09-02 02:00:00,Cyprus,Cyprus,CY,879.16,1115.29,5.05,5.05,tsoc.org.cy,false,
2022-09-02 03:00:00,Cyprus,Cyprus,CY,892.6,1131.93,3.6,3.6,tsoc.org.cy,false,
2022-09-02 04:00:00,Cyprus,Cyprus,CY,870.87,1104.88,5.95,5.95,tsoc.org.cy,false,
2022-09-02 05:00:00,Cyprus,Cyprus,CY,802.49,1020.0,13.33,13.33,tsoc.org.cy,false,
2022-09-02 06:00:00,Cyprus,Cyprus,CY,746.28,950.32,19.4,19.4,tsoc.org.cy,false,
2022-09-02 07:00:00,Cyprus,Cyprus,CY,707.68,902.5,23.57,23.57,tsoc.org.cy,false,
2022-09-02 08:00:00,Cyprus,Cyprus,CY,679.41,867.46,26.63,26.63,tsoc.org.cy,false,
2022-09-02 09:00:00,Cyprus,Cyprus,CY,660.74,844.21,28.64,28.64,tsoc.org.cy,false,
2022-09-02 10:00:00,Cyprus,Cyprus,CY,666.55,851.36,28.01,28.01,tsoc.org.cy,false,
2022-09-02 11:00:00,Cyprus,Cyprus,CY,682.19,870.62,26.33,26.33,tsoc.org.cy,false,
2022-09-02 12:00:00,Cyprus,Cyprus,CY,706.05,900.12,23.75,23.75,tsoc.org.cy,false,
2022-09-02 13:00:00,Cyprus,Cyprus,CY,733.73,934.19,20.76,20.76,tsoc.org.cy,false,
2022-09-02 14:00:00,Cyprus,Cyprus,CY,792.26,1006.64,14.44,14.44,tsoc.org.cy,false,
2022-09-02 15:00:00,Cyprus,Cyprus,CY,853.98,1083.08,7.77,7.77,tsoc.org.cy,false,
2022-09-02 16:00:00,Cyprus,Cyprus,CY,882.46,1118.4,4.7,4.7,tsoc.org.cy,false,
2022-09-02 17:00:00,Cyprus,Cyprus,CY,891.15,1129.2,3.76,3.76,tsoc.org.cy,false,
2022-09-02 18:00:00,Cyprus,Cyprus,CY,898.13,1138.05,3.0,3.0,tsoc.org.cy,false,
2022-09-02 19:00:00,Cyprus,Cyprus,CY,900.41,1140.95,2.76,2.76,tsoc.org.cy,false,
2022-09-02 20:00:00,Cyprus,Cyprus,CY,899.15,1139.56,2.89,2.89,tsoc.org.cy,false,
2022-09-02 21:00:00,Cyprus,Cyprus,CY,897.93,1138.22,3.03,3.03,tsoc.org.cy,false,
2022-09-02 22:00:00,Cyprus,Cyprus,CY,879.43,1115.27,5.02,5.02,tsoc.org.cy,false,
2022-09-02 23:00:00,Cyprus,Cyprus,CY,845.65,1072.23,8.67,8.67,tsoc.org.cy,false,
2022-09-03 00:00:00,Cyprus,Cyprus,CY,844.75,1071.11,8.77,8.77,tsoc.org.cy,false,
2022-09-03 01:00:00,Cyprus,Cyprus,CY,863.86,1095.11,6.71,6.71,tsoc.org.cy,false,
2022-09-03 02:00:00,Cyprus,Cyprus,CY,891.35,1129.47,3.74,3.74,tsoc.org.cy,false,
2022-09-03 03:00:00,Cyprus,Cyprus,CY,901.66,1142.34,2.62,2.62,tsoc.org.cy,false,
2022-09-03 04:00:00,Cyprus,Cyprus,CY,873.43,1107.44,5.67,5.67,tsoc.org.cy,false,
2022-09-03 05:00:00,Cyprus,Cyprus,CY,792.48,1007.14,14.41,14.41,tsoc.org.cy,false,
2022-09-03 06:00:00,Cyprus,Cyprus,CY,725.21,923.81,21.68,21.68,tsoc.org.cy,false,
2022-09-03 07:00:00,Cyprus,Cyprus,CY,681.62,869.8,26.39,26.39,tsoc.org.cy,false,
2022-09-03 08:00:00,Cyprus,Cyprus,CY,644.98,824.37,30.34,30.34,tsoc.org.cy,false,
2022-09-03 09:00:00,Cyprus,Cyprus,CY,629.11,804.64,32.06,32.06,tsoc.org.cy,false,
2022-09-03 10:00:00,Cyprus,Cyprus,CY,632.41,808.61,31.7,31.7,tsoc.org.cy,false,
2022-09-03 11:00:00,Cyprus,Cyprus,CY,631.81,807.6,31.77,31.77,tsoc.org.cy,false,
2022-09-03 12:00:00,Cyprus,Cyprus,CY,655.93,837.32,29.16,29.16,tsoc.org.cy,false,
2022-09-03 13:00:00,Cyprus,Cyprus,CY,698.84,890.29,24.53,24.53,tsoc.org.cy,false,
2022-09-03 14:00:00,Cyprus,Cyprus,CY,767.1,974.76,17.16,17.16,tsoc.org.cy,false,
2022-09-03 15:00:00,Cyprus,Cyprus,CY,828.59,1050.71,10.51,10.51,tsoc.org.cy,false,
2022-09-03 16:00:00,Cyprus,Cyprus,CY,865.92,1096.97,6.48,6.48,tsoc.org.cy,false,
2022-09-03 17:00:00,Cyprus,Cyprus,CY,872.49,1105.14,5.77,5.77,tsoc.org.cy,false,
2022-09-03 18:00:00,Cyprus,Cyprus,CY,860.44,1090.15,7.07,7.07,tsoc.org.cy,false,
2022-09-03 19:00:00,Cyprus,Cyprus,CY,864.37,1094.83,6.65,6.65,tsoc.org.cy,false,
2022-09-03 20:00:00,Cyprus,Cyprus,CY,884.56,1120.12,4.47,4.47,tsoc.org.cy,false,
2022-09-03 21:00:00,Cyprus,Cyprus,CY,874.69,1107.88,5.54,5.54,tsoc.org.cy,false,
2022-09-03 22:00:00,Cyprus,Cyprus,CY,855.85,1084.44,7.57,7.57,tsoc.org.cy,false,
2022-09-03 23:00:00,Cyprus,Cyprus,CY,879.93,1114.64,4.97,4.97,tsoc.org.cy,false,
2022-09-04 00:00:00,Cyprus,Cyprus,CY,892.72,1130.73,3.59,3.59,tsoc.org.cy,false,
2022-09-04 01:00:00,Cyprus,Cyprus,CY,885.58,1121.89,4.36,4.36,tsoc.org.cy,false,
2022-09-04 02:00:00,Cyprus,Cyprus,CY,891.03,1128.74,3.77,3.77,tsoc.org.cy,false,
2022-09-04 03:00:00,Cyprus,Cyprus,CY,906.0,1147.46,2.15,2.15,tsoc.org.cy,false,
2022-09-04 04:00:00,Cyprus,Cyprus,CY,860.77,1091.52,7.04,7.04,tsoc.org.cy,false,
2022-09-04 05:00:00,Cyprus,Cyprus,CY,757.94,964.24,18.14,18.14,tsoc.org.cy,false,
2022-09-04 06:00:00,Cyprus,Cyprus,CY,685.62,874.82,25.95,25.95,tsoc.org.cy,false,
2022-09-04 07:00:00,Cyprus,Cyprus,CY,635.09,812.21,31.41,31.41,tsoc.org.cy,false,
2022-09-04 08:00:00,Cyprus,Cyprus,CY,600.3,769.03,35.17,35.17,tsoc.org.cy,false,
2022-09-04 09:00:00,Cyprus,Cyprus,CY,577.79,741.0,37.6,37.6,tsoc.org.cy,false,
2022-09-04 10:00:00,Cyprus,Cyprus,CY,567.1,727.49,38.75,38.75,tsoc.org.cy,false,
2022-09-04 11:00:00,Cyprus,Cyprus,CY,587.44,752.47,36.56,36.56,tsoc.org.cy,false,
2022-09-04 12:00:00,Cyprus,Cyprus,CY,623.61,797.1,32.65,32.65,tsoc.org.cy,false,
2022-09-04 13:00:00,Cyprus,Cyprus,CY,684.06,871.91,26.12,26.12,tsoc.org.cy,false,
2022-09-04 14:00:00,Cyprus,Cyprus,CY,764.61,971.61,17.42,17.42,tsoc.org.cy,false,
2022-09-04 15:00:00,Cyprus,Cyprus,CY,847.53,1074.24,8.47,8.47,tsoc.org.cy,false,
2022-09-04 16:00:00,Cyprus,Cyprus,CY,871.97,1104.35,5.83,5.83,tsoc.org.cy,false,
2022-09-04 17:00:00,Cyprus,Cyprus,CY,875.17,1108.29,5.48,5.48,tsoc.org.cy,false,
2022-09-04 18:00:00,Cyprus,Cyprus,CY,888.32,1124.75,4.06,4.06,tsoc.org.cy,false,
2022-09-04 19:00:00,Cyprus,Cyprus,CY,901.95,1142.16,2.59,2.59,tsoc.org.cy,false,
2022-09-04 20:00:00,Cyprus,Cyprus,CY,912.88,1155.58,1.41,1.41,tsoc.org.cy,false,
2022-09-04 21:00:00,Cyprus,Cyprus,CY,912.21,1155.41,1.48,1.48,tsoc.org.cy,false,
2022-09-04 22:00:00,Cyprus,Cyprus,CY,915.12,1158.96,1.17,1.17,tsoc.org.cy,false,
2022-09-04 23:00:00,Cyprus,Cyprus,CY,914.51,1158.05,1.24,1.24,tsoc.org.cy,false,
2022-09-05 00:00:00,Cyprus,Cyprus,CY,912.73,1155.83,1.43,1.43,tsoc.org.cy,false,
2022-09-05 01:00:00,Cyprus,Cyprus,CY,911.09,1153.85,1.61,1.61,tsoc.org.cy,false,
2022-09-05 02:00:00,Cyprus,Cyprus,CY,910.37,1152.97,1.68,1.68,tsoc.org.cy,false,
2022-09-05 03:00:00,Cyprus,Cyprus,CY,914.49,1157.95,1.24,1.24,tsoc.org.cy,false,
2022-09-05 04:00:00,Cyprus,Cyprus,CY,874.75,1108.58,5.53,5.53,tsoc.org.cy,false,
2022-09-05 05:00:00,Cyprus,Cyprus,CY,806.85,1024.37,12.86,12.86,tsoc.org.cy,false,
2022-09-05 06:00:00,Cyprus,Cyprus,CY,751.46,955.76,18.84,18.84,tsoc.org.cy,false,
2022-09-05 07:00:00,Cyprus,Cyprus,CY,715.0,910.61,22.78,22.78,tsoc.org.cy,false,
2022-09-05 08:00:00,Cyprus,Cyprus,CY,687.95,877.1,25.7,25.7,tsoc.org.cy,false,
2022-09-05 09:00:00,Cyprus,Cyprus,CY,675.71,861.89,27.03,27.03,tsoc.org.cy,false,
2022-09-05 10:00:00,Cyprus,Cyprus,CY,679.1,866.03,26.66,26.66,tsoc.org.cy,false,
2022-09-05 11:00:00,Cyprus,Cyprus,CY,685.16,873.36,26.0,26.0,tsoc.org.cy,false,
2022-09-05 12:00:00,Cyprus,Cyprus,CY,707.44,900.82,23.6,23.6,tsoc.org.cy,false,
2022-09-05 13:00:00,Cyprus,Cyprus,CY,747.11,949.84,19.31,19.31,tsoc.org.cy,false,
2022-09-05 14:00:00,Cyprus,Cyprus,CY,810.02,1027.75,12.52,12.52,tsoc.org.cy,false,
2022-09-05 15:00:00,Cyprus,Cyprus,CY,874.08,1107.08,5.6,5.6,tsoc.org.cy,false,
2022-09-05 16:00:00,Cyprus,Cyprus,CY,898.26,1136.99,2.99,2.99,tsoc.org.cy,false,
2022-09-05 17:00:00,Cyprus,Cyprus,CY,895.54,1133.58,3.28,3.28,tsoc.org.cy,false,
2022-09-05 18:00:00,Cyprus,Cyprus,CY,897.01,1135.48,3.13,3.12,tsoc.org.cy,false,
2022-09-05 19:00:00,Cyprus,Cyprus,CY,906.07,1147.86,2.15,2.15,tsoc.org.cy,false,
2022-09-05 20:00:00,Cyprus,Cyprus,CY,909.76,1151.5,1.75,1.75,tsoc.org.cy,false,
2022-09-05 21:00:00,Cyprus,Cyprus,CY,905.94,1147.05,2.16,2.16,tsoc.org.cy,false,
2022-09-05 22:00:00,Cyprus,Cyprus,CY,900.51,1140.23,2.75,2.75,tsoc.org.cy,false,
2022-09-05 23:00:00,Cyprus,Cyprus,CY,909.24,1151.26,1.8,1.8,tsoc.org.cy,false,
2022-09-06 00:00:00,Cyprus,Cyprus,CY,913.83,1157.08,1.31,1.31,tsoc.org.cy,false,
2022-09-06 01:00:00,Cyprus,Cyprus,CY,915.54,1159.29,1.12,1.12,tsoc.org.cy,false,
2022-09-06 02:00:00,Cyprus,Cyprus,CY,916.03,1159.88,1.07,1.07,tsoc.org.cy,false,
2022-09-06 03:00:00,Cyprus,Cyprus,CY,915.45,1159.04,1.13,1.13,tsoc.org.cy,false,
2022-09-06 04:00:00,Cyprus,Cyprus,CY,881.56,1116.92,4.79,4.79,tsoc.org.cy,false,
2022-09-06 05:00:00,Cyprus,Cyprus,CY,816.76,1036.54,11.79,11.79,tsoc.org.cy,false,
2022-09-06 06:00:00,Cyprus,Cyprus,CY,762.84,969.72,17.61,17.61,tsoc.org.cy,false,
2022-09-06 07:00:00,Cyprus,Cyprus,CY,735.31,935.64,20.59,20.59,tsoc.org.cy,false,
2022-09-06 08:00:00,Cyprus,Cyprus,CY,713.79,909.02,22.91,22.91,tsoc.org.cy,false,
2022-09-06 09:00:00,Cyprus,Cyprus,CY,704.64,897.61,23.9,23.9,tsoc.org.cy,false,
2022-09-06 10:00:00,Cyprus,Cyprus,CY,704.54,897.33,23.91,23.91,tsoc.org.cy,false,
2022-09-06 11:00:00,Cyprus,Cyprus,CY,748.61,951.68,19.15,19.15,tsoc.org.cy,false,
2022-09-06 12:00:00,Cyprus,Cyprus,CY,811.31,1029.23,12.38,12.38,tsoc.org.cy,false,
2022-09-06 13:00:00,Cyprus,Cyprus,CY,801.47,1017.2,13.44,13.44,tsoc.org.cy,false,
2022-09-06 14:00:00,Cyprus,Cyprus,CY,818.35,1038.37,11.62,11.62,tsoc.org.cy,false,
2022-09-06 15:00:00,Cyprus,Cyprus,CY,882.69,1117.98,4.67,4.67,tsoc.org.cy,false,
2022-09-06 16:00:00,Cyprus,Cyprus,CY,909.25,1150.8,1.8,1.8,tsoc.org.cy,false,
2022-09-06 17:00:00,Cyprus,Cyprus,CY,914.26,1157.0,1.26,1.26,tsoc.org.cy,false,
2022-09-06 18:00:00,Cyprus,Cyprus,CY,915.38,1158.46,1.14,1.14,tsoc.org.cy,false,
2022-09-06 19:00:00,Cyprus,Cyprus,CY,915.53,1158.85,1.13,1.13,tsoc.org.cy,false,
2022-09-06 20:00:00,Cyprus,Cyprus,CY,911.01,1153.23,1.61,1.61,tsoc.org.cy,false,
2022-09-06 21:00:00,Cyprus,Cyprus,CY,875.07,1109.01,5.49,5.49,tsoc.org.cy,false,
2022-09-06 22:00:00,Cyprus,Cyprus,CY,860.2,1090.14,7.1,7.1,tsoc.org.cy,false,
2022-09-06 23:00:00,Cyprus,Cyprus,CY,854.91,1084.04,7.67,7.67,tsoc.org.cy,false,
2022-09-07 00:00:00,Cyprus,Cyprus,CY,837.36,1061.62,9.57,9.57,tsoc.org.cy,false,
2022-09-07 01:00:00,Cyprus,Cyprus,CY,824.61,1045.74,10.94,10.94,tsoc.org.cy,false,
2022-09-07 02:00:00,Cyprus,Cyprus,CY,850.98,1078.69,8.1,8.1,tsoc.org.cy,false,
2022-09-07 03:00:00,Cyprus,Cyprus,CY,881.76,1117.03,4.77,4.77,tsoc.org.cy,false,
2022-09-07 04:00:00,Cyprus,Cyprus,CY,847.45,1074.48,8.48,8.48,tsoc.org.cy,false,
2022-09-07 05:00:00,Cyprus,Cyprus,CY,776.14,986.15,16.18,16.18,tsoc.org.cy,false,
2022-09-07 06:00:00,Cyprus,Cyprus,CY,722.15,919.42,22.01,22.01,tsoc.org.cy,false,
2022-09-07 07:00:00,Cyprus,Cyprus,CY,684.87,873.33,26.04,26.04,tsoc.org.cy,false,
2022-09-07 08:00:00,Cyprus,Cyprus,CY,662.51,845.67,28.45,28.45,tsoc.org.cy,false,
2022-09-07 09:00:00,Cyprus,Cyprus,CY,649.97,830.08,29.8,29.8,tsoc.org.cy,false,
2022-09-07 10:00:00,Cyprus,Cyprus,CY,649.03,828.81,29.91,29.91,tsoc.org.cy,false,
2022-09-07 11:00:00,Cyprus,Cyprus,CY,671.18,856.21,27.51,27.51,tsoc.org.cy,false,
2022-09-07 12:00:00,Cyprus,Cyprus,CY,701.02,893.03,24.29,24.29,tsoc.org.cy,false,
2022-09-07 13:00:00,Cyprus,Cyprus,CY,730.06,928.86,21.16,21.16,tsoc.org.cy,false,
2022-09-07 14:00:00,Cyprus,Cyprus,CY,787.59,1000.02,14.94,14.94,tsoc.org.cy,false,
2022-09-07 15:00:00,Cyprus,Cyprus,CY,859.79,1089.36,7.15,7.15,tsoc.org.cy,false,
2022-09-07 16:00:00,Cyprus,Cyprus,CY,893.99,1131.72,3.45,3.45,tsoc.org.cy,false,
2022-09-07 17:00:00,Cyprus,Cyprus,CY,906.02,1146.69,2.15,2.15,tsoc.org.cy,false,
2022-09-07 18:00:00,Cyprus,Cyprus,CY,910.91,1152.88,1.62,1.62,tsoc.org.cy,false,
2022-09-07 19:00:00,Cyprus,Cyprus,CY,906.53,1148.07,2.1,2.1,tsoc.org.cy,false,
2022-09-07 20:00:00,Cyprus,Cyprus,CY,891.41,1128.79,3.73,3.73,tsoc.org.cy,false,
2022-09-07 21:00:00,Cyprus,Cyprus,CY,880.5,1115.52,4.91,4.91,tsoc.org.cy,false,
2022-09-07 22:00:00,Cyprus,Cyprus,CY,865.05,1097.59,6.58,6.58,tsoc.org.cy,false,
2022-09-07 23:00:00,Cyprus,Cyprus,CY,851.22,1080.51,8.07,8.07,tsoc.org.cy,false,
2022-09-08 00:00:00,Cyprus,Cyprus,CY,853.91,1084.04,7.78,7.78,tsoc.org.cy,false,
2022-09-08 01:00:00,Cyprus,Cyprus,CY,872.62,1107.5,5.76,5.76,tsoc.org.cy,false,
2022-09-08 02:00:00,Cyprus,Cyprus,CY,865.97,1099.15,6.48,6.48,tsoc.org.cy,false,
2022-09-08 03:00:00,Cyprus,Cyprus,CY,840.09,1066.59,9.27,9.27,tsoc.org.cy,false,
2022-09-08 04:00:00,Cyprus,Cyprus,CY,818.74,1040.07,11.58,11.58,tsoc.org.cy,false,
2022-09-08 05:00:00,Cyprus,Cyprus,CY,764.42,972.87,17.45,17.45,tsoc.org.cy,false,
2022-09-08 06:00:00,Cyprus,Cyprus,CY,718.54,916.13,22.4,22.4,tsoc.org.cy,false,
2022-09-08 07:00:00,Cyprus,Cyprus,CY,684.66,874.19,26.06,26.06,tsoc.org.cy,false,
2022-09-08 08:00:00,Cyprus,Cyprus,CY,656.45,839.22,29.11,29.11,tsoc.org.cy,false,
2022-09-08 09:00:00,Cyprus,Cyprus,CY,644.73,824.68,30.37,30.37,tsoc.org.cy,false,
2022-09-08 10:00:00,Cyprus,Cyprus,CY,644.98,824.94,30.34,30.34,tsoc.org.cy,false,
2022-09-08 11:00:00,Cyprus,Cyprus,CY,661.47,845.2,28.56,28.56,tsoc.org.cy,false,
2022-09-08 12:00:00,Cyprus,Cyprus,CY,691.68,882.5,25.3,25.3,tsoc.org.cy,false,
2022-09-08 13:00:00,Cyprus,Cyprus,CY,732.4,932.81,20.9,20.9,tsoc.org.cy,false,
2022-09-08 14:00:00,Cyprus,Cyprus,CY,796.77,1012.46,13.95,13.95,tsoc.org.cy,false,
2022-09-08 15:00:00,Cyprus,Cyprus,CY,874.04,1108.16,5.61,5.61,tsoc.org.cy,false,
2022-09-08 16:00:00,Cyprus,Cyprus,CY,895.04,1134.14,3.34,3.34,tsoc.org.cy,false,
2022-09-08 17:00:00,Cyprus,Cyprus,CY,883.14,1119.3,4.62,4.62,tsoc.org.cy,false,
2022-09-08 18:00:00,Cyprus,Cyprus,CY,885.12,1121.92,4.41,4.41,tsoc.org.cy,false,
2022-09-08 19:00:00,Cyprus,Cyprus,CY,888.01,1124.4,4.1,4.1,tsoc.org.cy,false,
2022-09-08 20:00:00,Cyprus,Cyprus,CY,866.59,1097.73,6.41,6.41,tsoc.org.cy,false,
2022-09-08 21:00:00,Cyprus,Cyprus,CY,859.1,1088.56,7.22,7.22,tsoc.org.cy,false,
2022-09-08 22:00:00,Cyprus,Cyprus,CY,849.47,1076.68,8.26,8.26,tsoc.org.cy,false,
2022-09-08 23:00:00,Cyprus,Cyprus,CY,832.62,1055.74,10.08,10.08,tsoc.org.cy,false,
2022-09-09 00:00:00,Cyprus,Cyprus,CY,810.54,1028.25,12.46,12.46,tsoc.org.cy,false,
2022-09-09 01:00:00,Cyprus,Cyprus,CY,822.76,1043.57,11.14,11.14,tsoc.org.cy,false,
2022-09-09 02:00:00,Cyprus,Cyprus,CY,819.57,1039.56,11.49,11.49,tsoc.org.cy,false,
2022-09-09 03:00:00,Cyprus,Cyprus,CY,836.31,1060.34,9.68,9.68,tsoc.org.cy,false,
2022-09-09 04:00:00,Cyprus,Cyprus,CY,822.6,1043.49,11.16,11.16,tsoc.org.cy,false,
2022-09-09 05:00:00,Cyprus,Cyprus,CY,769.75,978.33,16.87,16.87,tsoc.org.cy,false,
2022-09-09 06:00:00,Cyprus,Cyprus,CY,734.69,935.15,20.66,20.66,tsoc.org.cy,false,
2022-09-09 07:00:00,Cyprus,Cyprus,CY,696.2,887.54,24.81,24.81,tsoc.org.cy,false,
2022-09-09 08:00:00,Cyprus,Cyprus,CY,669.96,855.04,27.65,27.65,tsoc.org.cy,false,
2022-09-09 09:00:00,Cyprus,Cyprus,CY,656.43,838.23,29.11,29.11,tsoc.org.cy,false,
2022-09-09 10:00:00,Cyprus,Cyprus,CY,642.52,820.78,30.61,30.61,tsoc.org.cy,false,
2022-09-09 11:00:00,Cyprus,Cyprus,CY,659.72,841.99,28.75,28.75,tsoc.org.cy,false,
2022-09-09 12:00:00,Cyprus,Cyprus,CY,677.45,863.82,26.84,26.84,tsoc.org.cy,false,
2022-09-09 13:00:00,Cyprus,Cyprus,CY,722.42,919.46,21.98,21.98,tsoc.org.cy,false,
2022-09-09 14:00:00,Cyprus,Cyprus,CY,789.08,1001.91,14.78,14.78,tsoc.org.cy,false,
2022-09-09 15:00:00,Cyprus,Cyprus,CY,873.08,1105.92,5.71,5.71,tsoc.org.cy,false,
2022-09-09 16:00:00,Cyprus,Cyprus,CY,902.88,1142.81,2.49,2.49,tsoc.org.cy,false,
2022-09-09 17:00:00,Cyprus,Cyprus,CY,899.11,1138.12,2.9,2.9,tsoc.org.cy,false,
2022-09-09 18:00:00,Cyprus,Cyprus,CY,876.41,1109.86,5.35,5.35,tsoc.org.cy,false,
2022-09-09 19:00:00,Cyprus,Cyprus,CY,857.73,1086.61,7.37,7.37,tsoc.org.cy,false,
2022-09-09 20:00:00,Cyprus,Cyprus,CY,851.04,1078.35,8.09,8.09,tsoc.org.cy,false,
2022-09-09 21:00:00,Cyprus,Cyprus,CY,842.52,1067.87,9.01,9.01,tsoc.org.cy,false,
2022-09-09 22:00:00,Cyprus,Cyprus,CY,825.51,1046.75,10.85,10.85,tsoc.org.cy,false,
2022-09-09 23:00:00,Cyprus,Cyprus,CY,847.58,1074.47,8.46,8.46,tsoc.org.cy,false,
2022-09-10 00:00:00,Cyprus,Cyprus,CY,869.79,1102.33,6.07,6.07,tsoc.org.cy,false,
2022-09-10 01:00:00,Cyprus,Cyprus,CY,875.16,1109.12,5.49,5.49,tsoc.org.cy,false,
2022-09-10 02:00:00,Cyprus,Cyprus,CY,880.64,1115.98,4.89,4.89,tsoc.org.cy,false,
2022-09-10 03:00:00,Cyprus,Cyprus,CY,884.2,1120.39,4.51,4.51,tsoc.org.cy,false,
2022-09-10 04:00:00,Cyprus,Cyprus,CY,851.66,1080.21,8.02,8.02,tsoc.org.cy,false,
2022-09-10 05:00:00,Cyprus,Cyprus,CY,757.0,963.12,18.25,18.25,tsoc.org.cy,false,
2022-09-10 06:00:00,Cyprus,Cyprus,CY,688.73,878.62,25.62,25.62,tsoc.org.cy,false,
2022-09-10 07:00:00,Cyprus,Cyprus,CY,645.48,825.02,30.29,30.29,tsoc.org.cy,false,
2022-09-10 08:00:00,Cyprus,Cyprus,CY,614.95,787.17,33.59,33.59,tsoc.org.cy,false,
2022-09-10 09:00:00,Cyprus,Cyprus,CY,600.68,769.37,35.13,35.13,tsoc.org.cy,false,
2022-09-10 10:00:00,Cyprus,Cyprus,CY,602.37,771.35,34.95,34.95,tsoc.org.cy,false,
2022-09-10 11:00:00,Cyprus,Cyprus,CY,611.08,781.94,34.0,34.0,tsoc.org.cy,false,
2022-09-10 12:00:00,Cyprus,Cyprus,CY,639.4,816.82,30.95,30.95,tsoc.org.cy,false,
2022-09-10 13:00:00,Cyprus,Cyprus,CY,699.42,891.1,24.46,24.46,tsoc.org.cy,false,
2022-09-10 14:00:00,Cyprus,Cyprus,CY,786.23,998.6,15.09,15.09,tsoc.org.cy,false,
2022-09-10 15:00:00,Cyprus,Cyprus,CY,872.68,1105.58,5.75,5.75,tsoc.org.cy,false,
2022-09-10 16:00:00,Cyprus,Cyprus,CY,905.75,1146.52,2.18,2.18,tsoc.org.cy,false,
2022-09-10 17:00:00,Cyprus,Cyprus,CY,910.67,1152.69,1.65,1.65,tsoc.org.cy,false,
2022-09-10 18:00:00,Cyprus,Cyprus,CY,907.11,1148.33,2.03,2.03,tsoc.org.cy,false,
2022-09-10 19:00:00,Cyprus,Cyprus,CY,894.32,1132.44,3.42,3.42,tsoc.org.cy,false,
2022-09-10 20:00:00,Cyprus,Cyprus,CY,893.09,1130.99,3.55,3.55,tsoc.org.cy,false,
2022-09-10 21:00:00,Cyprus,Cyprus,CY,895.66,1134.33,3.27,3.27,tsoc.org.cy,false,
2022-09-10 22:00:00,Cyprus,Cyprus,CY,898.56,1138.08,2.96,2.96,tsoc.org.cy,false,
2022-09-10 23:00:00,Cyprus,Cyprus,CY,901.44,1141.83,2.65,2.65,tsoc.org.cy,false,
2022-09-11 00:00:00,Cyprus,Cyprus,CY,902.09,1142.76,2.58,2.58,tsoc.org.cy,false,
2022-09-11 01:00:00,Cyprus,Cyprus,CY,900.9,1141.35,2.71,2.71,tsoc.org.cy,false,
2022-09-11 02:00:00,Cyprus,Cyprus,CY,903.95,1145.21,2.38,2.38,tsoc.org.cy,false,
2022-09-11 03:00:00,Cyprus,Cyprus,CY,911.81,1155.03,1.53,1.53,tsoc.org.cy,false,
2022-09-11 04:00:00,Cyprus,Cyprus,CY,866.85,1099.39,6.38,6.38,tsoc.org.cy,false,
2022-09-11 05:00:00,Cyprus,Cyprus,CY,748.69,953.13,19.14,19.14,tsoc.org.cy,false,
2022-09-11 06:00:00,Cyprus,Cyprus,CY,664.28,848.65,28.26,28.26,tsoc.org.cy,false,
2022-09-11 07:00:00,Cyprus,Cyprus,CY,614.82,787.38,33.6,33.6,tsoc.org.cy,false,
2022-09-11 08:00:00,Cyprus,Cyprus,CY,593.43,760.8,35.91,35.91,tsoc.org.cy,false,
2022-09-11 09:00:00,Cyprus,Cyprus,CY,582.95,747.72,37.04,37.04,tsoc.org.cy,false,
2022-09-11 10:00:00,Cyprus,Cyprus,CY,584.16,749.07,36.91,36.91,tsoc.org.cy,false,
2022-09-11 11:00:00,Cyprus,Cyprus,CY,597.93,765.96,35.42,35.42,tsoc.org.cy,false,
2022-09-11 12:00:00,Cyprus,Cyprus,CY,634.77,811.34,31.45,31.45,tsoc.org.cy,false,
2022-09-11 13:00:00,Cyprus,Cyprus,CY,693.21,883.56,25.13,25.13,tsoc.org.cy,false,
2022-09-11 14:00:00,Cyprus,Cyprus,CY,773.67,983.05,16.45,16.45,tsoc.org.cy,false,
2022-09-11 15:00:00,Cyprus,Cyprus,CY,868.49,1100.4,6.21,6.21,tsoc.org.cy,false,
2022-09-11 16:00:00,Cyprus,Cyprus,CY,900.68,1140.21,2.73,2.73,tsoc.org.cy,false,
2022-09-11 17:00:00,Cyprus,Cyprus,CY,907.3,1148.45,2.01,2.01,tsoc.org.cy,false,
2022-09-11 18:00:00,Cyprus,Cyprus,CY,909.91,1151.74,1.73,1.73,tsoc.org.cy,false,
2022-09-11 19:00:00,Cyprus,Cyprus,CY,913.09,1155.78,1.39,1.39,tsoc.org.cy,false,
2022-09-11 20:00:00,Cyprus,Cyprus,CY,910.64,1152.82,1.65,1.65,tsoc.org.cy,false,
2022-09-11 21:00:00,Cyprus,Cyprus,CY,909.51,1151.61,1.78,1.78,tsoc.org.cy,false,
2022-09-11 22:00:00,Cyprus,Cyprus,CY,905.08,1146.21,2.25,2.25,tsoc.org.cy,false,
2022-09-11 23:00:00,Cyprus,Cyprus,CY,907.05,1148.81,2.04,2.04,tsoc.org.cy,false,
2022-09-12 00:00:00,Cyprus,Cyprus,CY,893.5,1131.97,3.5,3.5,tsoc.org.cy,false,
2022-09-12 01:00:00,Cyprus,Cyprus,CY,890.03,1127.68,3.88,3.88,tsoc.org.cy,false,
2022-09-12 02:00:00,Cyprus,Cyprus,CY,894.9,1133.72,3.35,3.35,tsoc.org.cy,false,
2022-09-12 03:00:00,Cyprus,Cyprus,CY,895.37,1134.13,3.3,3.3,tsoc.org.cy,false,
2022-09-12 04:00:00,Cyprus,Cyprus,CY,874.64,1108.44,5.54,5.54,tsoc.org.cy,false,
2022-09-12 05:00:00,Cyprus,Cyprus,CY,806.46,1023.97,12.9,12.9,tsoc.org.cy,false,
2022-09-12 06:00:00,Cyprus,Cyprus,CY,749.74,953.7,19.03,19.03,tsoc.org.cy,false,
2022-09-12 07:00:00,Cyprus,Cyprus,CY,712.74,907.9,23.03,23.03,tsoc.org.cy,false,
2022-09-12 08:00:00,Cyprus,Cyprus,CY,680.04,867.39,26.56,26.56,tsoc.org.cy,false,
2022-09-12 09:00:00,Cyprus,Cyprus,CY,671.34,856.56,27.5,27.5,tsoc.org.cy,false,
2022-09-12 10:00:00,Cyprus,Cyprus,CY,669.87,854.68,27.66,27.66,tsoc.org.cy,false,
2022-09-12 11:00:00,Cyprus,Cyprus,CY,673.65,859.14,27.25,27.25,tsoc.org.cy,false,
2022-09-12 12:00:00,Cyprus,Cyprus,CY,678.08,864.39,26.77,26.77,tsoc.org.cy,false,
2022-09-12 13:00:00,Cyprus,Cyprus,CY,725.22,922.7,21.68,21.68,tsoc.org.cy,false,
2022-09-12 14:00:00,Cyprus,Cyprus,CY,791.71,1004.87,14.5,14.5,tsoc.org.cy,false,
2022-09-12 15:00:00,Cyprus,Cyprus,CY,852.02,1079.44,7.98,7.98,tsoc.org.cy,false,
2022-09-12 16:00:00,Cyprus,Cyprus,CY,886.54,1122.32,4.26,4.26,tsoc.org.cy,false,
2022-09-12 17:00:00,Cyprus,Cyprus,CY,883.79,1118.91,4.55,4.55,tsoc.org.cy,false,
2022-09-12 18:00:00,Cyprus,Cyprus,CY,885.41,1121.01,4.38,4.38,tsoc.org.cy,false,
2022-09-12 19:00:00,Cyprus,Cyprus,CY,881.59,1116.35,4.79,4.79,tsoc.org.cy,false,
2022-09-12 20:00:00,Cyprus,Cyprus,CY,874.37,1107.45,5.57,5.57,tsoc.org.cy,false,
2022-09-12 21:00:00,Cyprus,Cyprus,CY,891.84,1129.48,3.68,3.68,tsoc.org.cy,false,
2022-09-12 22:00:00,Cyprus,Cyprus,CY,896.77,1135.79,3.15,3.15,tsoc.org.cy,false,
2022-09-12 23:00:00,Cyprus,Cyprus,CY,903.93,1144.87,2.38,2.38,tsoc.org.cy,false,
2022-09-13 00:00:00,Cyprus,Cyprus,CY,902.62,1143.32,2.52,2.52,tsoc.org.cy,false,
2022-09-13 01:00:00,Cyprus,Cyprus,CY,904.75,1146.05,2.29,2.29,tsoc.org.cy,false,
2022-09-13 02:00:00,Cyprus,Cyprus,CY,910.99,1153.8,1.62,1.62,tsoc.org.cy,false,
2022-09-13 03:00:00,Cyprus,Cyprus,CY,912.01,1154.91,1.51,1.51,tsoc.org.cy,false,
2022-09-13 04:00:00,Cyprus,Cyprus,CY,868.48,1100.81,6.21,6.21,tsoc.org.cy,false,
2022-09-13 05:00:00,Cyprus,Cyprus,CY,785.16,997.59,15.2,15.2,tsoc.org.cy,false,
2022-09-13 06:00:00,Cyprus,Cyprus,CY,724.55,922.5,21.75,21.75,tsoc.org.cy,false,
2022-09-13 07:00:00,Cyprus,Cyprus,CY,679.17,866.2,26.65,26.65,tsoc.org.cy,false,
2022-09-13 08:00:00,Cyprus,Cyprus,CY,620.84,793.64,32.95,32.95,tsoc.org.cy,false,
2022-09-13 09:00:00,Cyprus,Cyprus,CY,598.94,766.32,35.32,35.32,tsoc.org.cy,false,
2022-09-13 10:00:00,Cyprus,Cyprus,CY,586.33,750.57,36.68,36.68,tsoc.org.cy,false,
2022-09-13 11:00:00,Cyprus,Cyprus,CY,601.17,768.83,35.08,35.08,tsoc.org.cy,false,
2022-09-13 12:00:00,Cyprus,Cyprus,CY,647.43,826.12,30.08,30.08,tsoc.org.cy,false,
2022-09-13 13:00:00,Cyprus,Cyprus,CY,707.26,900.35,23.62,23.62,tsoc.org.cy,false,
2022-09-13 14:00:00,Cyprus,Cyprus,CY,783.04,994.27,15.43,15.43,tsoc.org.cy,false,
2022-09-13 15:00:00,Cyprus,Cyprus,CY,866.31,1097.41,6.44,6.44,tsoc.org.cy,false,
2022-09-13 16:00:00,Cyprus,Cyprus,CY,894.84,1132.75,3.36,3.36,tsoc.org.cy,false,
2022-09-13 17:00:00,Cyprus,Cyprus,CY,893.5,1131.1,3.5,3.5,tsoc.org.cy,false,
2022-09-13 18:00:00,Cyprus,Cyprus,CY,901.81,1141.57,2.61,2.61,tsoc.org.cy,false,
2022-09-13 19:00:00,Cyprus,Cyprus,CY,902.39,1142.4,2.54,2.54,tsoc.org.cy,false,
2022-09-13 20:00:00,Cyprus,Cyprus,CY,901.28,1141.13,2.66,2.66,tsoc.org.cy,false,
2022-09-13 21:00:00,Cyprus,Cyprus,CY,901.13,1141.14,2.68,2.68,tsoc.org.cy,false,
2022-09-13 22:00:00,Cyprus,Cyprus,CY,903.01,1143.68,2.48,2.48,tsoc.org.cy,false,
2022-09-13 23:00:00,Cyprus,Cyprus,CY,908.08,1150.14,1.93,1.93,tsoc.org.cy,false,
2022-09-14 00:00:00,Cyprus,Cyprus,CY,912.52,1155.78,1.45,1.45,tsoc.org.cy,false,
2022-09-14 01:00:00,Cyprus,Cyprus,CY,914.59,1158.42,1.23,1.23,tsoc.org.cy,false,
2022-09-14 02:00:00,Cyprus,Cyprus,CY,914.79,1158.63,1.2,1.2,tsoc.org.cy,false,
2022-09-14 03:00:00,Cyprus,Cyprus,CY,915.66,1159.5,1.11,1.11,tsoc.org.cy,false,
2022-09-14 04:00:00,Cyprus,Cyprus,CY,876.71,1111.13,5.32,5.32,tsoc.org.cy,false,
2022-09-14 05:00:00,Cyprus,Cyprus,CY,784.88,997.34,15.24,15.24,tsoc.org.cy,false,
2022-09-14 06:00:00,Cyprus,Cyprus,CY,709.63,904.17,23.36,23.36,tsoc.org.cy,false,
2022-09-14 07:00:00,Cyprus,Cyprus,CY,671.9,857.42,27.44,27.44,tsoc.org.cy,false,
2022-09-14 08:00:00,Cyprus,Cyprus,CY,643.14,821.69,30.54,30.54,tsoc.org.cy,false,
2022-09-14 09:00:00,Cyprus,Cyprus,CY,640.93,818.87,30.78,30.78,tsoc.org.cy,false,
2022-09-14 10:00:00,Cyprus,Cyprus,CY,628.08,802.77,32.17,32.17,tsoc.org.cy,false,
2022-09-14 11:00:00,Cyprus,Cyprus,CY,637.49,814.26,31.15,31.15,tsoc.org.cy,false,
2022-09-14 12:00:00,Cyprus,Cyprus,CY,655.27,836.18,29.23,29.23,tsoc.org.cy,false,
2022-09-14 13:00:00,Cyprus,Cyprus,CY,712.4,906.95,23.06,23.06,tsoc.org.cy,false,
2022-09-14 14:00:00,Cyprus,Cyprus,CY,799.72,1015.23,13.63,13.63,tsoc.org.cy,false,
2022-09-14 15:00:00,Cyprus,Cyprus,CY,883.02,1118.41,4.64,4.64,tsoc.org.cy,false,
2022-09-14 16:00:00,Cyprus,Cyprus,CY,906.57,1147.49,2.09,2.09,tsoc.org.cy,false,
2022-09-14 17:00:00,Cyprus,Cyprus,CY,904.68,1145.16,2.3,2.3,tsoc.org.cy,false,
2022-09-14 18:00:00,Cyprus,Cyprus,CY,905.19,1145.89,2.24,2.24,tsoc.org.cy,false,
2022-09-14 19:00:00,Cyprus,Cyprus,CY,903.1,1143.4,2.47,2.47,tsoc.org.cy,false,
2022-09-14 20:00:00,Cyprus,Cyprus,CY,908.51,1150.29,1.88,1.88,tsoc.org.cy,false,
2022-09-14 21:00:00,Cyprus,Cyprus,CY,907.28,1148.95,2.02,2.02,tsoc.org.cy,false,
2022-09-14 22:00:00,Cyprus,Cyprus,CY,906.04,1147.56,2.15,2.15,tsoc.org.cy,false,
2022-09-14 23:00:00,Cyprus,Cyprus,CY,906.5,1148.24,2.1,2.1,tsoc.org.cy,false,
2022-09-15 00:00:00,Cyprus,Cyprus,CY,908.71,1151.1,1.86,1.86,tsoc.org.cy,false,
2022-09-15 01:00:00,Cyprus,Cyprus,CY,910.38,1153.23,1.68,1.68,tsoc.org.cy,false,
2022-09-15 02:00:00,Cyprus,Cyprus,CY,914.05,1157.76,1.29,1.29,tsoc.org.cy,false,
2022-09-15 03:00:00,Cyprus,Cyprus,CY,908.89,1151.1,1.84,1.84,tsoc.org.cy,false,
2022-09-15 04:00:00,Cyprus,Cyprus,CY,870.82,1103.79,5.95,5.95,tsoc.org.cy,false,
2022-09-15 05:00:00,Cyprus,Cyprus,CY,779.33,990.48,15.83,15.83,tsoc.org.cy,false,
2022-09-15 06:00:00,Cyprus,Cyprus,CY,708.79,903.14,23.45,23.45,tsoc.org.cy,false,
2022-09-15 07:00:00,Cyprus,Cyprus,CY,665.07,849.02,28.17,28.17,tsoc.org.cy,false,
2022-09-15 08:00:00,Cyprus,Cyprus,CY,634.75,811.44,31.45,31.45,tsoc.org.cy,false,
2022-09-15 09:00:00,Cyprus,Cyprus,CY,617.58,790.13,33.3,33.3,tsoc.org.cy,false,
2022-09-15 10:00:00,Cyprus,Cyprus,CY,619.68,792.67,33.08,33.08,tsoc.org.cy,false,
2022-09-15 11:00:00,Cyprus,Cyprus,CY,633.35,809.45,31.6,31.6,tsoc.org.cy,false,
2022-09-15 12:00:00,Cyprus,Cyprus,CY,659.79,842.04,28.74,28.74,tsoc.org.cy,false,
2022-09-15 13:00:00,Cyprus,Cyprus,CY,718.6,914.79,22.39,22.39,tsoc.org.cy,false,
2022-09-15 14:00:00,Cyprus,Cyprus,CY,799.76,1015.3,13.63,13.63,tsoc.org.cy,false,
2022-09-15 15:00:00,Cyprus,Cyprus,CY,882.76,1118.05,4.66,4.66,tsoc.org.cy,false,
2022-09-15 16:00:00,Cyprus,Cyprus,CY,912.7,1155.12,1.43,1.43,tsoc.org.cy,false,
2022-09-15 17:00:00,Cyprus,Cyprus,CY,909.02,1150.55,1.83,1.83,tsoc.org.cy,false,
2022-09-15 18:00:00,Cyprus,Cyprus,CY,900.76,1140.34,2.72,2.72,tsoc.org.cy,false,
2022-09-15 19:00:00,Cyprus,Cyprus,CY,904.42,1145.03,2.32,2.32,tsoc.org.cy,false,
2022-09-15 20:00:00,Cyprus,Cyprus,CY,906.02,1147.15,2.15,2.15,tsoc.org.cy,false,
2022-09-15 21:00:00,Cyprus,Cyprus,CY,907.39,1149.08,2.0,2.0,tsoc.org.cy,false,
2022-09-15 22:00:00,Cyprus,Cyprus,CY,907.31,1149.15,2.01,2.01,tsoc.org.cy,false,
2022-09-15 23:00:00,Cyprus,Cyprus,CY,897.47,1136.98,3.08,3.08,tsoc.org.cy,false,
2022-09-16 00:00:00,Cyprus,Cyprus,CY,900.85,1141.29,2.71,2.71,tsoc.org.cy,false,
2022-09-16 01:00:00,Cyprus,Cyprus,CY,911.67,1154.87,1.54,1.54,tsoc.org.cy,false,
2022-09-16 02:00:00,Cyprus,Cyprus,CY,914.4,1158.23,1.25,1.25,tsoc.org.cy,false,
2022-09-16 03:00:00,Cyprus,Cyprus,CY,915.3,1159.14,1.15,1.15,tsoc.org.cy,false,
2022-09-16 04:00:00,Cyprus,Cyprus,CY,874.82,1108.86,5.52,5.52,tsoc.org.cy,false,
2022-09-16 05:00:00,Cyprus,Cyprus,CY,775.66,985.99,16.23,16.23,tsoc.org.cy,false,
2022-09-16 06:00:00,Cyprus,Cyprus,CY,704.17,897.45,23.95,23.95,tsoc.org.cy,false,
2022-09-16 07:00:00,Cyprus,Cyprus,CY,664.74,848.63,28.21,28.21,tsoc.org.cy,false,
2022-09-16 08:00:00,Cyprus,Cyprus,CY,631.78,807.79,31.77,31.77,tsoc.org.cy,false,
2022-09-16 09:00:00,Cyprus,Cyprus,CY,618.61,791.45,33.19,33.19,tsoc.org.cy,false,
2022-09-16 10:00:00,Cyprus,Cyprus,CY,614.86,786.75,33.6,33.6,tsoc.org.cy,false,
2022-09-16 11:00:00,Cyprus,Cyprus,CY,629.31,804.57,32.04,32.04,tsoc.org.cy,false,
2022-09-16 12:00:00,Cyprus,Cyprus,CY,656.22,837.75,29.13,29.13,tsoc.org.cy,false,
2022-09-16 13:00:00,Cyprus,Cyprus,CY,703.42,895.98,24.03,24.03,tsoc.org.cy,false,
2022-09-16 14:00:00,Cyprus,Cyprus,CY,778.85,989.23,15.89,15.89,tsoc.org.cy,false,
2022-09-16 15:00:00,Cyprus,Cyprus,CY,866.02,1097.14,6.47,6.47,tsoc.org.cy,false,
2022-09-16 16:00:00,Cyprus,Cyprus,CY,894.72,1132.68,3.37,3.37,tsoc.org.cy,false,
2022-09-16 17:00:00,Cyprus,Cyprus,CY,894.15,1132.02,3.43,3.43,tsoc.org.cy,false,
2022-09-16 18:00:00,Cyprus,Cyprus,CY,884.2,1119.7,4.51,4.51,tsoc.org.cy,false,
2022-09-16 19:00:00,Cyprus,Cyprus,CY,887.46,1123.89,4.16,4.16,tsoc.org.cy,false,
2022-09-16 20:00:00,Cyprus,Cyprus,CY,888.56,1125.37,4.04,4.04,tsoc.org.cy,false,
2022-09-16 21:00:00,Cyprus,Cyprus,CY,903.27,1143.92,2.45,2.45,tsoc.org.cy,false,
2022-09-16 22:00:00,Cyprus,Cyprus,CY,913.68,1157.08,1.33,1.33,tsoc.org.cy,false,
2022-09-16 23:00:00,Cyprus,Cyprus,CY,914.9,1158.73,1.19,1.19,tsoc.org.cy,false,
2022-09-17 00:00:00,Cyprus,Cyprus,CY,914.44,1158.26,1.24,1.24,tsoc.org.cy,false,
2022-09-17 01:00:00,Cyprus,Cyprus,CY,914.15,1157.97,1.27,1.27,tsoc.org.cy,false,
2022-09-17 02:00:00,Cyprus,Cyprus,CY,914.19,1158.01,1.27,1.27,tsoc.org.cy,false,
2022-09-17 03:00:00,Cyprus,Cyprus,CY,914.1,1157.81,1.28,1.28,tsoc.org.cy,false,
2022-09-17 04:00:00,Cyprus,Cyprus,CY,870.39,1103.62,6.0,6.0,tsoc.org.cy,false,
2022-09-17 05:00:00,Cyprus,Cyprus,CY,755.74,961.63,18.38,18.38,tsoc.org.cy,false,
2022-09-17 06:00:00,Cyprus,Cyprus,CY,678.44,865.93,26.73,26.73,tsoc.org.cy,false,
2022-09-17 07:00:00,Cyprus,Cyprus,CY,631.65,807.97,31.78,31.78,tsoc.org.cy,false,
2022-09-17 08:00:00,Cyprus,Cyprus,CY,600.48,769.37,35.15,35.15,tsoc.org.cy,false,
2022-09-17 09:00:00,Cyprus,Cyprus,CY,587.25,752.88,36.58,36.58,tsoc.org.cy,false,
2022-09-17 10:00:00,Cyprus,Cyprus,CY,592.61,759.41,36.0,36.0,tsoc.org.cy,false,
2022-09-17 11:00:00,Cyprus,Cyprus,CY,600.22,768.7,35.18,35.18,tsoc.org.cy,false,
2022-09-17 12:00:00,Cyprus,Cyprus,CY,626.22,800.65,32.37,32.37,tsoc.org.cy,false,
2022-09-17 13:00:00,Cyprus,Cyprus,CY,684.37,872.5,26.09,26.09,tsoc.org.cy,false,
2022-09-17 14:00:00,Cyprus,Cyprus,CY,777.41,987.62,16.04,16.04,tsoc.org.cy,false,
2022-09-17 15:00:00,Cyprus,Cyprus,CY,866.99,1098.44,6.37,6.37,tsoc.org.cy,false,
2022-09-17 16:00:00,Cyprus,Cyprus,CY,885.12,1120.77,4.41,4.41,tsoc.org.cy,false,
2022-09-17 17:00:00,Cyprus,Cyprus,CY,882.83,1117.94,4.66,4.66,tsoc.org.cy,false,
2022-09-17 18:00:00,Cyprus,Cyprus,CY,887.65,1124.08,4.14,4.14,tsoc.org.cy,false,
2022-09-17 19:00:00,Cyprus,Cyprus,CY,892.12,1129.77,3.65,3.65,tsoc.org.cy,false,
2022-09-17 20:00:00,Cyprus,Cyprus,CY,906.15,1147.39,2.14,2.14,tsoc.org.cy,false,
2022-09-17 21:00:00,Cyprus,Cyprus,CY,911.03,1153.64,1.61,1.61,tsoc.org.cy,false,
2022-09-17 22:00:00,Cyprus,Cyprus,CY,907.17,1148.94,2.03,2.03,tsoc.org.cy,false,
2022-09-17 23:00:00,Cyprus,Cyprus,CY,906.34,1148.01,2.12,2.12,tsoc.org.cy,false,
2022-09-18 00:00:00,Cyprus,Cyprus,CY,904.67,1146.02,2.3,2.3,tsoc.org.cy,false,
2022-09-18 01:00:00,Cyprus,Cyprus,CY,907.98,1150.22,1.94,1.94,tsoc.org.cy,false,
2022-09-18 02:00:00,Cyprus,Cyprus,CY,908.37,1150.73,1.9,1.9,tsoc.org.cy,false,
2022-09-18 03:00:00,Cyprus,Cyprus,CY,908.69,1151.08,1.86,1.86,tsoc.org.cy,false,
2022-09-18 04:00:00,Cyprus,Cyprus,CY,869.39,1102.47,6.11,6.11,tsoc.org.cy,false,
2022-09-18 05:00:00,Cyprus,Cyprus,CY,758.14,964.83,18.12,18.12,tsoc.org.cy,false,
2022-09-18 06:00:00,Cyprus,Cyprus,CY,664.59,849.04,28.23,28.23,tsoc.org.cy,false,
2022-09-18 07:00:00,Cyprus,Cyprus,CY,617.05,790.2,33.36,33.36,tsoc.org.cy,false,
2022-09-18 08:00:00,Cyprus,Cyprus,CY,586.95,752.85,36.61,36.61,tsoc.org.cy,false,
2022-09-18 09:00:00,Cyprus,Cyprus,CY,564.01,724.23,39.09,39.09,tsoc.org.cy,false,
2022-09-18 10:00:00,Cyprus,Cyprus,CY,521.46,671.25,43.68,43.68,tsoc.org.cy,false,
2022-09-18 11:00:00,Cyprus,Cyprus,CY,540.42,694.59,41.64,41.64,tsoc.org.cy,false,
2022-09-18 12:00:00,Cyprus,Cyprus,CY,595.25,762.37,35.71,35.71,tsoc.org.cy,false,
2022-09-18 13:00:00,Cyprus,Cyprus,CY,664.51,847.87,28.24,28.24,tsoc.org.cy,false,
2022-09-18 14:00:00,Cyprus,Cyprus,CY,746.44,948.99,19.39,19.39,tsoc.org.cy,false,
2022-09-18 15:00:00,Cyprus,Cyprus,CY,825.8,1047.06,10.82,10.82,tsoc.org.cy,false,
2022-09-18 16:00:00,Cyprus,Cyprus,CY,847.95,1074.41,8.42,8.42,tsoc.org.cy,false,
2022-09-18 17:00:00,Cyprus,Cyprus,CY,842.68,1067.82,8.99,8.99,tsoc.org.cy,false,
2022-09-18 18:00:00,Cyprus,Cyprus,CY,868.86,1100.6,6.17,6.17,tsoc.org.cy,false,
2022-09-18 19:00:00,Cyprus,Cyprus,CY,853.11,1081.02,7.87,7.87,tsoc.org.cy,false,
2022-09-18 20:00:00,Cyprus,Cyprus,CY,831.59,1054.22,10.19,10.19,tsoc.org.cy,false,
2022-09-18 21:00:00,Cyprus,Cyprus,CY,814.54,1033.14,12.03,12.03,tsoc.org.cy,false,
2022-09-18 22:00:00,Cyprus,Cyprus,CY,857.96,1087.58,7.34,7.34,tsoc.org.cy,false,
2022-09-18 23:00:00,Cyprus,Cyprus,CY,845.47,1072.1,8.69,8.69,tsoc.org.cy,false,
2022-09-19 00:00:00,Cyprus,Cyprus,CY,850.99,1079.08,8.09,8.09,tsoc.org.cy,false,
2022-09-19 01:00:00,Cyprus,Cyprus,CY,865.4,1097.11,6.54,6.54,tsoc.org.cy,false,
2022-09-19 02:00:00,Cyprus,Cyprus,CY,871.48,1104.64,5.88,5.88,tsoc.org.cy,false,
2022-09-19 03:00:00,Cyprus,Cyprus,CY,896.12,1135.19,3.22,3.22,tsoc.org.cy,false,
2022-09-19 04:00:00,Cyprus,Cyprus,CY,873.46,1107.08,5.67,5.67,tsoc.org.cy,false,
2022-09-19 05:00:00,Cyprus,Cyprus,CY,786.19,998.93,15.09,15.09,tsoc.org.cy,false,
2022-09-19 06:00:00,Cyprus,Cyprus,CY,722.23,919.78,22.0,22.0,tsoc.org.cy,false,
2022-09-19 07:00:00,Cyprus,Cyprus,CY,676.93,863.67,26.89,26.89,tsoc.org.cy,false,
2022-09-19 08:00:00,Cyprus,Cyprus,CY,643.81,822.61,30.47,30.47,tsoc.org.cy,false,
2022-09-19 09:00:00,Cyprus,Cyprus,CY,617.39,789.83,33.32,33.32,tsoc.org.cy,false,
2022-09-19 10:00:00,Cyprus,Cyprus,CY,618.81,791.54,33.17,33.17,tsoc.org.cy,false,
2022-09-19 11:00:00,Cyprus,Cyprus,CY,636.82,813.72,31.23,31.23,tsoc.org.cy,false,
2022-09-19 12:00:00,Cyprus,Cyprus,CY,658.47,840.36,28.89,28.89,tsoc.org.cy,false,
2022-09-19 13:00:00,Cyprus,Cyprus,CY,707.7,901.24,23.57,23.57,tsoc.org.cy,false,
2022-09-19 14:00:00,Cyprus,Cyprus,CY,791.98,1005.54,14.47,14.47,tsoc.org.cy,false,
2022-09-19 15:00:00,Cyprus,Cyprus,CY,869.73,1101.7,6.07,6.07,tsoc.org.cy,false,
2022-09-19 16:00:00,Cyprus,Cyprus,CY,885.21,1120.77,4.4,4.4,tsoc.org.cy,false,
2022-09-19 17:00:00,Cyprus,Cyprus,CY,882.79,1117.78,4.66,4.66,tsoc.org.cy,false,
2022-09-19 18:00:00,Cyprus,Cyprus,CY,875.82,1109.16,5.41,5.41,tsoc.org.cy,false,
2022-09-19 19:00:00,Cyprus,Cyprus,CY,873.91,1106.92,5.62,5.62,tsoc.org.cy,false,
2022-09-19 20:00:00,Cyprus,Cyprus,CY,868.86,1100.74,6.17,6.17,tsoc.org.cy,false,
2022-09-19 21:00:00,Cyprus,Cyprus,CY,869.96,1102.32,6.05,6.05,tsoc.org.cy,false,
2022-09-19 22:00:00,Cyprus,Cyprus,CY,869.44,1101.83,6.1,6.1,tsoc.org.cy,false,
2022-09-19 23:00:00,Cyprus,Cyprus,CY,870.88,1103.75,5.95,5.95,tsoc.org.cy,false,
2022-09-20 00:00:00,Cyprus,Cyprus,CY,882.04,1117.79,4.74,4.74,tsoc.org.cy,false,
2022-09-20 01:00:00,Cyprus,Cyprus,CY,894.09,1132.89,3.44,3.44,tsoc.org.cy,false,
2022-09-20 02:00:00,Cyprus,Cyprus,CY,897.73,1137.37,3.05,3.05,tsoc.org.cy,false,
2022-09-20 03:00:00,Cyprus,Cyprus,CY,908.58,1150.69,1.88,1.88,tsoc.org.cy,false,
2022-09-20 04:00:00,Cyprus,Cyprus,CY,875.71,1109.83,5.43,5.43,tsoc.org.cy,false,
2022-09-20 05:00:00,Cyprus,Cyprus,CY,793.67,1008.2,14.29,14.29,tsoc.org.cy,false,
2022-09-20 06:00:00,Cyprus,Cyprus,CY,748.72,952.51,19.14,19.14,tsoc.org.cy,false,
2022-09-20 07:00:00,Cyprus,Cyprus,CY,706.74,900.56,23.67,23.67,tsoc.org.cy,false,
2022-09-20 08:00:00,Cyprus,Cyprus,CY,655.35,836.92,29.22,29.22,tsoc.org.cy,false,
2022-09-20 09:00:00,Cyprus,Cyprus,CY,637.38,814.49,31.16,31.16,tsoc.org.cy,false,
2022-09-20 10:00:00,Cyprus,Cyprus,CY,647.97,827.43,30.02,30.02,tsoc.org.cy,false,
2022-09-20 11:00:00,Cyprus,Cyprus,CY,629.06,803.88,32.06,32.06,tsoc.org.cy,false,
2022-09-20 12:00:00,Cyprus,Cyprus,CY,652.37,832.64,29.55,29.55,tsoc.org.cy,false,
2022-09-20 13:00:00,Cyprus,Cyprus,CY,715.39,910.71,22.74,22.74,tsoc.org.cy,false,
2022-09-20 14:00:00,Cyprus,Cyprus,CY,783.54,994.96,15.38,15.38,tsoc.org.cy,false,
2022-09-20 15:00:00,Cyprus,Cyprus,CY,860.58,1090.31,7.06,7.06,tsoc.org.cy,false,
2022-09-20 16:00:00,Cyprus,Cyprus,CY,889.98,1126.78,3.88,3.88,tsoc.org.cy,false,
2022-09-20 17:00:00,Cyprus,Cyprus,CY,889.34,1126.02,3.95,3.95,tsoc.org.cy,false,
2022-09-20 18:00:00,Cyprus,Cyprus,CY,891.69,1129.06,3.7,3.7,tsoc.org.cy,false,
2022-09-20 19:00:00,Cyprus,Cyprus,CY,892.61,1130.34,3.6,3.6,tsoc.org.cy,false,
2022-09-20 20:00:00,Cyprus,Cyprus,CY,894.63,1133.01,3.38,3.38,tsoc.org.cy,false,
2022-09-20 21:00:00,Cyprus,Cyprus,CY,898.86,1138.51,2.93,2.93,tsoc.org.cy,false,
2022-09-20 22:00:00,Cyprus,Cyprus,CY,889.3,1126.72,3.96,3.96,tsoc.org.cy,false,
2022-09-20 23:00:00,Cyprus,Cyprus,CY,877.67,1112.3,5.21,5.21,tsoc.org.cy,false,
2022-09-21 00:00:00,Cyprus,Cyprus,CY,880.73,1116.2,4.88,4.88,tsoc.org.cy,false,
2022-09-21 01:00:00,Cyprus,Cyprus,CY,881.05,1116.64,4.85,4.85,tsoc.org.cy,false,
2022-09-21 02:00:00,Cyprus,Cyprus,CY,898.98,1139.0,2.91,2.91,tsoc.org.cy,false,
2022-09-21 03:00:00,Cyprus,Cyprus,CY,912.14,1155.2,1.49,1.49,tsoc.org.cy,false,
2022-09-21 04:00:00,Cyprus,Cyprus,CY,880.13,1115.43,4.95,4.95,tsoc.org.cy,false,
2022-09-21 05:00:00,Cyprus,Cyprus,CY,785.56,998.25,15.16,15.16,tsoc.org.cy,false,
2022-09-21 06:00:00,Cyprus,Cyprus,CY,701.55,894.19,24.23,24.23,tsoc.org.cy,false,
2022-09-21 07:00:00,Cyprus,Cyprus,CY,653.02,834.04,29.48,29.48,tsoc.org.cy,false,
2022-09-21 08:00:00,Cyprus,Cyprus,CY,606.89,776.87,34.46,34.46,tsoc.org.cy,false,
2022-09-21 09:00:00,Cyprus,Cyprus,CY,563.42,722.79,39.15,39.15,tsoc.org.cy,false,
2022-09-21 10:00:00,Cyprus,Cyprus,CY,562.5,721.32,39.25,39.25,tsoc.org.cy,false,
2022-09-21 11:00:00,Cyprus,Cyprus,CY,557.32,714.86,39.81,39.81,tsoc.org.cy,false,
2022-09-21 12:00:00,Cyprus,Cyprus,CY,579.8,742.43,37.38,37.38,tsoc.org.cy,false,
2022-09-21 13:00:00,Cyprus,Cyprus,CY,629.5,803.77,32.02,32.02,tsoc.org.cy,false,
2022-09-21 14:00:00,Cyprus,Cyprus,CY,724.89,921.88,21.71,21.71,tsoc.org.cy,false,
2022-09-21 15:00:00,Cyprus,Cyprus,CY,828.38,1050.14,10.54,10.54,tsoc.org.cy,false,
2022-09-21 16:00:00,Cyprus,Cyprus,CY,857.05,1085.68,7.44,7.44,tsoc.org.cy,false,
2022-09-21 17:00:00,Cyprus,Cyprus,CY,875.11,1108.32,5.49,5.49,tsoc.org.cy,false,
2022-09-21 18:00:00,Cyprus,Cyprus,CY,875.96,1109.51,5.4,5.4,tsoc.org.cy,false,
2022-09-21 19:00:00,Cyprus,Cyprus,CY,867.69,1099.33,6.29,6.29,tsoc.org.cy,false,
2022-09-21 20:00:00,Cyprus,Cyprus,CY,873.36,1106.59,5.68,5.68,tsoc.org.cy,false,
2022-09-21 21:00:00,Cyprus,Cyprus,CY,867.32,1099.29,6.33,6.33,tsoc.org.cy,false,
2022-09-21 22:00:00,Cyprus,Cyprus,CY,870.84,1103.87,5.95,5.95,tsoc.org.cy,false,
2022-09-21 23:00:00,Cyprus,Cyprus,CY,868.63,1101.24,6.19,6.19,tsoc.org.cy,false,
2022-09-22 00:00:00,Cyprus,Cyprus,CY,864.33,1095.92,6.66,6.66,tsoc.org.cy,false,
2022-09-22 01:00:00,Cyprus,Cyprus,CY,871.83,1105.32,5.84,5.84,tsoc.org.cy,false,
2022-09-22 02:00:00,Cyprus,Cyprus,CY,846.49,1073.57,8.58,8.58,tsoc.org.cy,false,
2022-09-22 03:00:00,Cyprus,Cyprus,CY,796.2,1010.41,14.01,14.01,tsoc.org.cy,false,
2022-09-22 04:00:00,Cyprus,Cyprus,CY,770.32,978.27,16.81,16.81,tsoc.org.cy,false,
2022-09-22 05:00:00,Cyprus,Cyprus,CY,711.76,906.11,23.13,23.13,tsoc.org.cy,false,
2022-09-22 06:00:00,Cyprus,Cyprus,CY,656.61,838.08,29.09,29.09,tsoc.org.cy,false,
2022-09-22 07:00:00,Cyprus,Cyprus,CY,608.33,778.43,34.3,34.3,tsoc.org.cy,false,
2022-09-22 08:00:00,Cyprus,Cyprus,CY,559.14,717.38,39.61,39.61,tsoc.org.cy,false,
2022-09-22 09:00:00,Cyprus,Cyprus,CY,520.15,668.74,43.83,43.83,tsoc.org.cy,false,
2022-09-22 10:00:00,Cyprus,Cyprus,CY,498.85,642.37,46.13,46.13,tsoc.org.cy,false,
2022-09-22 11:00:00,Cyprus,Cyprus,CY,532.21,683.84,42.52,42.52,tsoc.org.cy,false,
2022-09-22 12:00:00,Cyprus,Cyprus,CY,591.67,757.4,36.1,36.1,tsoc.org.cy,false,
2022-09-22 13:00:00,Cyprus,Cyprus,CY,660.54,842.73,28.66,28.66,tsoc.org.cy,false,
2022-09-22 14:00:00,Cyprus,Cyprus,CY,743.35,945.22,19.72,19.72,tsoc.org.cy,false,
2022-09-22 15:00:00,Cyprus,Cyprus,CY,855.62,1084.31,7.6,7.6,tsoc.org.cy,false,
2022-09-22 16:00:00,Cyprus,Cyprus,CY,891.86,1129.26,3.68,3.68,tsoc.org.cy,false,
2022-09-22 17:00:00,Cyprus,Cyprus,CY,880.2,1114.77,4.94,4.94,tsoc.org.cy,false,
2022-09-22 18:00:00,Cyprus,Cyprus,CY,881.95,1117.11,4.75,4.75,tsoc.org.cy,false,
2022-09-22 19:00:00,Cyprus,Cyprus,CY,883.37,1119.06,4.6,4.6,tsoc.org.cy,false,
2022-09-22 20:00:00,Cyprus,Cyprus,CY,889.71,1127.14,3.91,3.91,tsoc.org.cy,false,
2022-09-22 21:00:00,Cyprus,Cyprus,CY,885.59,1122.24,4.36,4.36,tsoc.org.cy,false,
2022-09-22 22:00:00,Cyprus,Cyprus,CY,878.65,1113.73,5.11,5.11,tsoc.org.cy,false,
2022-09-22 23:00:00,Cyprus,Cyprus,CY,885.69,1122.62,4.35,4.35,tsoc.org.cy,false,
2022-09-23 00:00:00,Cyprus,Cyprus,CY,884.6,1121.34,4.47,4.47,tsoc.org.cy,false,
2022-09-23 01:00:00,Cyprus,Cyprus,CY,864.11,1095.74,6.68,6.68,tsoc.org.cy,false,
2022-09-23 02:00:00,Cyprus,Cyprus,CY,857.28,1087.1,7.42,7.42,tsoc.org.cy,false,
2022-09-23 03:00:00,Cyprus,Cyprus,CY,857.87,1087.54,7.35,7.35,tsoc.org.cy,false,
2022-09-23 04:00:00,Cyprus,Cyprus,CY,843.49,1069.82,8.91,8.91,tsoc.org.cy,false,
2022-09-23 05:00:00,Cyprus,Cyprus,CY,747.19,950.67,19.31,19.31,tsoc.org.cy,false,
2022-09-23 06:00:00,Cyprus,Cyprus,CY,638.61,816.07,31.03,31.03,tsoc.org.cy,false,
2022-09-23 07:00:00,Cyprus,Cyprus,CY,584.23,748.85,36.91,36.91,tsoc.org.cy,false,
2022-09-23 08:00:00,Cyprus,Cyprus,CY,549.67,706.21,40.64,40.64,tsoc.org.cy,false,
2022-09-23 09:00:00,Cyprus,Cyprus,CY,532.55,684.76,42.49,42.49,tsoc.org.cy,false,
2022-09-23 10:00:00,Cyprus,Cyprus,CY,532.8,684.83,42.46,42.46,tsoc.org.cy,false,
2022-09-23 11:00:00,Cyprus,Cyprus,CY,539.4,692.89,41.75,41.75,tsoc.org.cy,false,
2022-09-23 12:00:00,Cyprus,Cyprus,CY,570.4,731.3,38.4,38.4,tsoc.org.cy,false,
2022-09-23 13:00:00,Cyprus,Cyprus,CY,655.52,836.72,29.21,29.21,tsoc.org.cy,false,
2022-09-23 14:00:00,Cyprus,Cyprus,CY,762.75,969.41,17.63,17.63,tsoc.org.cy,false,
2022-09-23 15:00:00,Cyprus,Cyprus,CY,836.56,1060.54,9.65,9.65,tsoc.org.cy,false,
2022-09-23 16:00:00,Cyprus,Cyprus,CY,863.23,1093.55,6.77,6.77,tsoc.org.cy,false,
2022-09-23 17:00:00,Cyprus,Cyprus,CY,882.25,1117.41,4.72,4.72,tsoc.org.cy,false,
2022-09-23 18:00:00,Cyprus,Cyprus,CY,894.78,1133.24,3.37,3.37,tsoc.org.cy,false,
2022-09-23 19:00:00,Cyprus,Cyprus,CY,900.4,1140.5,2.76,2.76,tsoc.org.cy,false,
2022-09-23 20:00:00,Cyprus,Cyprus,CY,898.65,1138.43,2.95,2.95,tsoc.org.cy,false,
2022-09-23 21:00:00,Cyprus,Cyprus,CY,874.2,1108.08,5.59,5.59,tsoc.org.cy,false,
2022-09-23 22:00:00,Cyprus,Cyprus,CY,863.94,1095.41,6.7,6.7,tsoc.org.cy,false,
2022-09-23 23:00:00,Cyprus,Cyprus,CY,873.54,1107.52,5.66,5.66,tsoc.org.cy,false,
2022-09-24 00:00:00,Cyprus,Cyprus,CY,864.29,1096.05,6.66,6.66,tsoc.org.cy,false,
2022-09-24 01:00:00,Cyprus,Cyprus,CY,884.76,1121.65,4.45,4.45,tsoc.org.cy,false,
2022-09-24 02:00:00,Cyprus,Cyprus,CY,904.35,1146.08,2.33,2.33,tsoc.org.cy,false,
2022-09-24 03:00:00,Cyprus,Cyprus,CY,911.7,1155.12,1.54,1.54,tsoc.org.cy,false,
2022-09-24 04:00:00,Cyprus,Cyprus,CY,871.0,1104.6,5.93,5.93,tsoc.org.cy,false,
2022-09-24 05:00:00,Cyprus,Cyprus,CY,774.8,985.29,16.32,16.32,tsoc.org.cy,false,
2022-09-24 06:00:00,Cyprus,Cyprus,CY,633.54,810.32,31.58,31.58,tsoc.org.cy,false,
2022-09-24 07:00:00,Cyprus,Cyprus,CY,534.77,687.76,42.25,42.25,tsoc.org.cy,false,
2022-09-24 08:00:00,Cyprus,Cyprus,CY,496.68,640.45,46.36,46.36,tsoc.org.cy,false,
2022-09-24 09:00:00,Cyprus,Cyprus,CY,498.37,642.63,46.18,46.18,tsoc.org.cy,false,
2022-09-24 10:00:00,Cyprus,Cyprus,CY,501.35,646.21,45.86,45.86,tsoc.org.cy,false,
2022-09-24 11:00:00,Cyprus,Cyprus,CY,515.44,663.62,44.33,44.33,tsoc.org.cy,false,
2022-09-24 12:00:00,Cyprus,Cyprus,CY,557.91,716.09,39.75,39.75,tsoc.org.cy,false,
2022-09-24 13:00:00,Cyprus,Cyprus,CY,618.17,790.71,33.24,33.24,tsoc.org.cy,false,
2022-09-24 14:00:00,Cyprus,Cyprus,CY,713.33,908.23,22.96,22.96,tsoc.org.cy,false,
2022-09-24 15:00:00,Cyprus,Cyprus,CY,828.72,1050.92,10.5,10.5,tsoc.org.cy,false,
2022-09-24 16:00:00,Cyprus,Cyprus,CY,870.83,1103.15,5.95,5.95,tsoc.org.cy,false,
2022-09-24 17:00:00,Cyprus,Cyprus,CY,848.59,1075.44,8.35,8.35,tsoc.org.cy,false,
2022-09-24 18:00:00,Cyprus,Cyprus,CY,841.21,1066.35,9.15,9.15,tsoc.org.cy,false,
2022-09-24 19:00:00,Cyprus,Cyprus,CY,802.43,1018.03,13.34,13.34,tsoc.org.cy,false,
2022-09-24 20:00:00,Cyprus,Cyprus,CY,810.9,1028.74,12.43,12.43,tsoc.org.cy,false,
2022-09-24 21:00:00,Cyprus,Cyprus,CY,811.83,1030.12,12.33,12.33,tsoc.org.cy,false,
2022-09-24 22:00:00,Cyprus,Cyprus,CY,818.75,1038.92,11.58,11.58,tsoc.org.cy,false,
2022-09-24 23:00:00,Cyprus,Cyprus,CY,844.17,1070.82,8.83,8.83,tsoc.org.cy,false,
2022-09-25 00:00:00,Cyprus,Cyprus,CY,860.98,1091.93,7.02,7.02,tsoc.org.cy,false,
2022-09-25 01:00:00,Cyprus,Cyprus,CY,880.17,1115.95,4.94,4.94,tsoc.org.cy,false,
2022-09-25 02:00:00,Cyprus,Cyprus,CY,876.59,1111.45,5.33,5.33,tsoc.org.cy,false,
2022-09-25 03:00:00,Cyprus,Cyprus,CY,876.43,1111.16,5.35,5.35,tsoc.org.cy,false,
2022-09-25 04:00:00,Cyprus,Cyprus,CY,830.16,1053.85,10.34,10.34,tsoc.org.cy,false,
2022-09-25 05:00:00,Cyprus,Cyprus,CY,696.1,888.01,24.82,24.82,tsoc.org.cy,false,
2022-09-25 06:00:00,Cyprus,Cyprus,CY,606.48,777.02,34.5,34.5,tsoc.org.cy,false,
2022-09-25 07:00:00,Cyprus,Cyprus,CY,576.11,739.53,37.78,37.78,tsoc.org.cy,false,
2022-09-25 08:00:00,Cyprus,Cyprus,CY,549.32,706.38,40.68,40.68,tsoc.org.cy,false,
2022-09-25 09:00:00,Cyprus,Cyprus,CY,535.38,689.06,42.18,42.18,tsoc.org.cy,false,
2022-09-25 10:00:00,Cyprus,Cyprus,CY,531.5,684.22,42.6,42.6,tsoc.org.cy,false,
2022-09-25 11:00:00,Cyprus,Cyprus,CY,543.64,699.21,41.29,41.29,tsoc.org.cy,false,
2022-09-25 12:00:00,Cyprus,Cyprus,CY,556.27,714.74,39.92,39.92,tsoc.org.cy,false,
2022-09-25 13:00:00,Cyprus,Cyprus,CY,649.41,829.95,29.87,29.87,tsoc.org.cy,false,
2022-09-25 14:00:00,Cyprus,Cyprus,CY,773.33,983.2,16.48,16.48,tsoc.org.cy,false,
2022-09-25 15:00:00,Cyprus,Cyprus,CY,887.14,1123.96,4.19,4.19,tsoc.org.cy,false,
2022-09-25 16:00:00,Cyprus,Cyprus,CY,914.61,1157.9,1.22,1.22,tsoc.org.cy,false,
2022-09-25 17:00:00,Cyprus,Cyprus,CY,916.75,1160.61,0.99,0.99,tsoc.org.cy,false,
2022-09-25 18:00:00,Cyprus,Cyprus,CY,915.87,1159.62,1.09,1.09,tsoc.org.cy,false,
2022-09-25 19:00:00,Cyprus,Cyprus,CY,887.84,1124.75,4.12,4.12,tsoc.org.cy,false,
2022-09-25 20:00:00,Cyprus,Cyprus,CY,836.69,1060.99,9.64,9.64,tsoc.org.cy,false,
2022-09-25 21:00:00,Cyprus,Cyprus,CY,816.66,1036.2,11.8,11.8,tsoc.org.cy,false,
2022-09-25 22:00:00,Cyprus,Cyprus,CY,811.89,1030.42,12.32,12.32,tsoc.org.cy,false,
2022-09-25 23:00:00,Cyprus,Cyprus,CY,821.14,1042.1,11.32,11.32,tsoc.org.cy,false,
2022-09-26 00:00:00,Cyprus,Cyprus,CY,817.05,1037.08,11.76,11.76,tsoc.org.cy,false,
2022-09-26 01:00:00,Cyprus,Cyprus,CY,798.97,1014.51,13.71,13.71,tsoc.org.cy,false,
2022-09-26 02:00:00,Cyprus,Cyprus,CY,798.58,1013.87,13.76,13.76,tsoc.org.cy,false,
2022-09-26 03:00:00,Cyprus,Cyprus,CY,840.57,1066.0,9.22,9.22,tsoc.org.cy,false,
2022-09-26 04:00:00,Cyprus,Cyprus,CY,831.42,1054.8,10.21,10.21,tsoc.org.cy,false,
2022-09-26 05:00:00,Cyprus,Cyprus,CY,750.09,954.4,18.99,18.99,tsoc.org.cy,false,
2022-09-26 06:00:00,Cyprus,Cyprus,CY,675.38,862.05,27.06,27.06,tsoc.org.cy,false,
2022-09-26 07:00:00,Cyprus,Cyprus,CY,627.04,802.25,32.28,32.28,tsoc.org.cy,false,
2022-09-26 08:00:00,Cyprus,Cyprus,CY,594.47,761.97,35.8,35.8,tsoc.org.cy,false,
2022-09-26 09:00:00,Cyprus,Cyprus,CY,569.05,730.45,38.54,38.54,tsoc.org.cy,false,
2022-09-26 10:00:00,Cyprus,Cyprus,CY,554.31,712.08,40.14,40.14,tsoc.org.cy,false,
2022-09-26 11:00:00,Cyprus,Cyprus,CY,572.52,734.49,38.17,38.17,tsoc.org.cy,false,
2022-09-26 12:00:00,Cyprus,Cyprus,CY,610.0,780.71,34.12,34.12,tsoc.org.cy,false,
2022-09-26 13:00:00,Cyprus,Cyprus,CY,673.68,859.34,27.24,27.24,tsoc.org.cy,false,
2022-09-26 14:00:00,Cyprus,Cyprus,CY,776.85,987.0,16.1,16.1,tsoc.org.cy,false,
2022-09-26 15:00:00,Cyprus,Cyprus,CY,884.76,1120.66,4.45,4.45,tsoc.org.cy,false,
2022-09-26 16:00:00,Cyprus,Cyprus,CY,903.42,1143.71,2.43,2.43,tsoc.org.cy,false,
2022-09-26 17:00:00,Cyprus,Cyprus,CY,912.75,1155.46,1.43,1.43,tsoc.org.cy,false,
2022-09-26 18:00:00,Cyprus,Cyprus,CY,912.79,1155.69,1.42,1.42,tsoc.org.cy,false,
2022-09-26 19:00:00,Cyprus,Cyprus,CY,888.37,1125.36,4.06,4.06,tsoc.org.cy,false,
2022-09-26 20:00:00,Cyprus,Cyprus,CY,843.89,1069.95,8.86,8.86,tsoc.org.cy,false,
2022-09-26 21:00:00,Cyprus,Cyprus,CY,864.15,1095.54,6.67,6.67,tsoc.org.cy,false,
2022-09-26 22:00:00,Cyprus,Cyprus,CY,901.39,1142.26,2.65,2.65,tsoc.org.cy,false,
2022-09-26 23:00:00,Cyprus,Cyprus,CY,870.5,1103.77,5.99,5.99,tsoc.org.cy,false,
2022-09-27 00:00:00,Cyprus,Cyprus,CY,863.5,1095.09,6.74,6.74,tsoc.org.cy,false,
2022-09-27 01:00:00,Cyprus,Cyprus,CY,862.82,1094.25,6.82,6.82,tsoc.org.cy,false,
2022-09-27 02:00:00,Cyprus,Cyprus,CY,836.31,1060.99,9.68,9.68,tsoc.org.cy,false,
2022-09-27 03:00:00,Cyprus,Cyprus,CY,827.82,1050.03,10.6,10.6,tsoc.org.cy,false,
2022-09-27 04:00:00,Cyprus,Cyprus,CY,828.73,1051.39,10.5,10.5,tsoc.org.cy,false,
2022-09-27 05:00:00,Cyprus,Cyprus,CY,737.7,938.85,20.33,20.33,tsoc.org.cy,false,
2022-09-27 06:00:00,Cyprus,Cyprus,CY,678.48,865.84,26.73,26.73,tsoc.org.cy,false,
2022-09-27 07:00:00,Cyprus,Cyprus,CY,624.84,799.43,32.52,32.52,tsoc.org.cy,false,
2022-09-27 08:00:00,Cyprus,Cyprus,CY,587.55,753.18,36.55,36.55,tsoc.org.cy,false,
2022-09-27 09:00:00,Cyprus,Cyprus,CY,570.62,732.18,38.37,38.37,tsoc.org.cy,false,
2022-09-27 10:00:00,Cyprus,Cyprus,CY,545.15,700.47,41.13,41.13,tsoc.org.cy,false,
2022-09-27 11:00:00,Cyprus,Cyprus,CY,570.21,731.41,38.42,38.42,tsoc.org.cy,false,
2022-09-27 12:00:00,Cyprus,Cyprus,CY,602.46,771.05,34.94,34.94,tsoc.org.cy,false,
2022-09-27 13:00:00,Cyprus,Cyprus,CY,685.83,874.25,25.93,25.93,tsoc.org.cy,false,
2022-09-27 14:00:00,Cyprus,Cyprus,CY,779.01,989.48,15.87,15.87,tsoc.org.cy,false,
2022-09-27 15:00:00,Cyprus,Cyprus,CY,870.85,1103.23,5.95,5.95,tsoc.org.cy,false,
2022-09-27 16:00:00,Cyprus,Cyprus,CY,895.72,1134.08,3.26,3.26,tsoc.org.cy,false,
2022-09-27 17:00:00,Cyprus,Cyprus,CY,889.04,1125.82,3.99,3.99,tsoc.org.cy,false,
2022-09-27 18:00:00,Cyprus,Cyprus,CY,884.86,1120.75,4.44,4.44,tsoc.org.cy,false,
2022-09-27 19:00:00,Cyprus,Cyprus,CY,869.02,1101.15,6.15,6.15,tsoc.org.cy,false,
2022-09-27 20:00:00,Cyprus,Cyprus,CY,860.56,1090.77,7.06,7.06,tsoc.org.cy,false,
2022-09-27 21:00:00,Cyprus,Cyprus,CY,848.46,1075.89,8.37,8.37,tsoc.org.cy,false,
2022-09-27 22:00:00,Cyprus,Cyprus,CY,865.03,1096.79,6.58,6.58,tsoc.org.cy,false,
2022-09-27 23:00:00,Cyprus,Cyprus,CY,846.08,1073.22,8.63,8.63,tsoc.org.cy,false,
2022-09-28 00:00:00,Cyprus,Cyprus,CY,833.98,1058.17,9.93,9.93,tsoc.org.cy,false,
2022-09-28 01:00:00,Cyprus,Cyprus,CY,836.03,1060.77,9.71,9.71,tsoc.org.cy,false,
2022-09-28 02:00:00,Cyprus,Cyprus,CY,868.91,1101.78,6.16,6.16,tsoc.org.cy,false,
2022-09-28 03:00:00,Cyprus,Cyprus,CY,892.83,1131.34,3.58,3.58,tsoc.org.cy,false,
2022-09-28 04:00:00,Cyprus,Cyprus,CY,858.97,1089.16,7.23,7.23,tsoc.org.cy,false,
2022-09-28 05:00:00,Cyprus,Cyprus,CY,753.08,957.86,18.67,18.67,tsoc.org.cy,false,
2022-09-28 06:00:00,Cyprus,Cyprus,CY,679.19,866.5,26.65,26.65,tsoc.org.cy,false,
2022-09-28 07:00:00,Cyprus,Cyprus,CY,642.04,820.71,30.66,30.66,tsoc.org.cy,false,
2022-09-28 08:00:00,Cyprus,Cyprus,CY,598.2,766.31,35.4,35.4,tsoc.org.cy,false,
2022-09-28 09:00:00,Cyprus,Cyprus,CY,573.08,735.01,38.11,38.11,tsoc.org.cy,false,
2022-09-28 10:00:00,Cyprus,Cyprus,CY,542.7,697.13,41.39,41.39,tsoc.org.cy,false,
2022-09-28 11:00:00,Cyprus,Cyprus,CY,547.2,702.53,40.9,40.9,tsoc.org.cy,false,
2022-09-28 12:00:00,Cyprus,Cyprus,CY,595.16,761.86,35.72,35.72,tsoc.org.cy,false,
2022-09-28 13:00:00,Cyprus,Cyprus,CY,685.0,873.16,26.02,26.02,tsoc.org.cy,false,
2022-09-28 14:00:00,Cyprus,Cyprus,CY,792.95,1006.85,14.36,14.36,tsoc.org.cy,false,
2022-09-28 15:00:00,Cyprus,Cyprus,CY,874.45,1107.7,5.56,5.56,tsoc.org.cy,false,
2022-09-28 16:00:00,Cyprus,Cyprus,CY,876.69,1110.26,5.32,5.32,tsoc.org.cy,false,
2022-09-28 17:00:00,Cyprus,Cyprus,CY,874.49,1107.6,5.56,5.56,tsoc.org.cy,false,
2022-09-28 18:00:00,Cyprus,Cyprus,CY,874.66,1107.96,5.54,5.54,tsoc.org.cy,false,
2022-09-28 19:00:00,Cyprus,Cyprus,CY,859.75,1089.51,7.15,7.15,tsoc.org.cy,false,
2022-09-28 20:00:00,Cyprus,Cyprus,CY,841.13,1066.42,9.16,9.16,tsoc.org.cy,false,
2022-09-28 21:00:00,Cyprus,Cyprus,CY,793.05,1006.56,14.35,14.35,tsoc.org.cy,false,
2022-09-28 22:00:00,Cyprus,Cyprus,CY,774.6,983.65,16.35,16.35,tsoc.org.cy,false,
2022-09-28 23:00:00,Cyprus,Cyprus,CY,805.06,1021.82,13.06,13.06,tsoc.org.cy,false,
2022-09-29 00:00:00,Cyprus,Cyprus,CY,798.36,1013.51,13.78,13.78,tsoc.org.cy,false,
2022-09-29 01:00:00,Cyprus,Cyprus,CY,826.86,1049.15,10.7,10.7,tsoc.org.cy,false,
2022-09-29 02:00:00,Cyprus,Cyprus,CY,884.29,1120.81,4.5,4.5,tsoc.org.cy,false,
2022-09-29 03:00:00,Cyprus,Cyprus,CY,890.66,1128.46,3.81,3.81,tsoc.org.cy,false,
2022-09-29 04:00:00,Cyprus,Cyprus,CY,877.48,1112.03,5.24,5.24,tsoc.org.cy,false,
2022-09-29 05:00:00,Cyprus,Cyprus,CY,803.43,1020.39,13.23,13.23,tsoc.org.cy,false,
2022-09-29 06:00:00,Cyprus,Cyprus,CY,729.26,928.58,21.24,21.24,tsoc.org.cy,false,
2022-09-29 07:00:00,Cyprus,Cyprus,CY,682.86,871.13,26.25,26.25,tsoc.org.cy,false,
2022-09-29 08:00:00,Cyprus,Cyprus,CY,646.84,826.55,30.14,30.14,tsoc.org.cy,false,
2022-09-29 09:00:00,Cyprus,Cyprus,CY,623.65,797.75,32.65,32.65,tsoc.org.cy,false,
2022-09-29 10:00:00,Cyprus,Cyprus,CY,605.18,774.67,34.64,34.64,tsoc.org.cy,false,
2022-09-29 11:00:00,Cyprus,Cyprus,CY,623.81,797.63,32.63,32.63,tsoc.org.cy,false,
2022-09-29 12:00:00,Cyprus,Cyprus,CY,648.4,827.76,29.97,29.97,tsoc.org.cy,false,
2022-09-29 13:00:00,Cyprus,Cyprus,CY,700.92,892.53,24.3,24.3,tsoc.org.cy,false,
2022-09-29 14:00:00,Cyprus,Cyprus,CY,768.97,976.54,16.95,16.95,tsoc.org.cy,false,
2022-09-29 15:00:00,Cyprus,Cyprus,CY,825.96,1046.92,10.8,10.8,tsoc.org.cy,false,
2022-09-29 16:00:00,Cyprus,Cyprus,CY,826.43,1047.36,10.75,10.75,tsoc.org.cy,false,
2022-09-29 17:00:00,Cyprus,Cyprus,CY,816.88,1035.51,11.78,11.78,tsoc.org.cy,false,
2022-09-29 18:00:00,Cyprus,Cyprus,CY,785.22,996.08,15.2,15.2,tsoc.org.cy,false,
2022-09-29 19:00:00,Cyprus,Cyprus,CY,775.91,984.62,16.2,16.2,tsoc.org.cy,false,
2022-09-29 20:00:00,Cyprus,Cyprus,CY,786.5,997.99,15.06,15.06,tsoc.org.cy,false,
2022-09-29 21:00:00,Cyprus,Cyprus,CY,763.38,969.31,17.56,17.56,tsoc.org.cy,false,
2022-09-29 22:00:00,Cyprus,Cyprus,CY,799.09,1014.1,13.7,13.7,tsoc.org.cy,false,
2022-09-29 23:00:00,Cyprus,Cyprus,CY,825.35,1047.03,10.86,10.86,tsoc.org.cy,false,
2022-09-30 00:00:00,Cyprus,Cyprus,CY,825.63,1047.44,10.83,10.83,tsoc.org.cy,false,
2022-09-30 01:00:00,Cyprus,Cyprus,CY,804.86,1021.51,13.08,13.08,tsoc.org.cy,false,
2022-09-30 02:00:00,Cyprus,Cyprus,CY,806.54,1023.5,12.9,12.9,tsoc.org.cy,false,
2022-09-30 03:00:00,Cyprus,Cyprus,CY,845.02,1071.32,8.74,8.74,tsoc.org.cy,false,
2022-09-30 04:00:00,Cyprus,Cyprus,CY,834.31,1058.0,9.9,9.9,tsoc.org.cy,false,
2022-09-30 05:00:00,Cyprus,Cyprus,CY,768.03,976.06,17.06,17.06,tsoc.org.cy,false,
2022-09-30 06:00:00,Cyprus,Cyprus,CY,717.81,914.18,22.48,22.48,tsoc.org.cy,false,
2022-09-30 07:00:00,Cyprus,Cyprus,CY,677.78,864.71,26.8,26.8,tsoc.org.cy,false,
2022-09-30 08:00:00,Cyprus,Cyprus,CY,653.33,834.51,29.44,29.44,tsoc.org.cy,false,
2022-09-30 09:00:00,Cyprus,Cyprus,CY,640.74,818.9,30.8,30.8,tsoc.org.cy,false,
2022-09-30 10:00:00,Cyprus,Cyprus,CY,638.55,816.09,31.04,31.04,tsoc.org.cy,false,
2022-09-30 11:00:00,Cyprus,Cyprus,CY,651.31,831.77,29.66,29.66,tsoc.org.cy,false,
2022-09-30 12:00:00,Cyprus,Cyprus,CY,656.09,837.26,29.14,29.14,tsoc.org.cy,false,
2022-09-30 13:00:00,Cyprus,Cyprus,CY,703.74,895.97,24.0,24.0,tsoc.org.cy,false,
2022-09-30 14:00:00,Cyprus,Cyprus,CY,790.21,1002.92,14.66,14.66,tsoc.org.cy,false,
2022-09-30 15:00:00,Cyprus,Cyprus,CY,851.24,1078.43,8.07,8.07,tsoc.org.cy,false,
2022-09-30 16:00:00,Cyprus,Cyprus,CY,852.65,1080.08,7.92,7.92,tsoc.org.cy,false,
2022-09-30 17:00:00,Cyprus,Cyprus,CY,822.85,1042.91,11.13,11.13,tsoc.org.cy,false,
2022-09-30 18:00:00,Cyprus,Cyprus,CY,819.3,1038.6,11.52,11.52,tsoc.org.cy,false,
2022-09-30 19:00:00,Cyprus,Cyprus,CY,806.95,1023.28,12.85,12.85,tsoc.org.cy,false,
2022-09-30 20:00:00,Cyprus,Cyprus,CY,786.77,998.17,15.03,15.03,tsoc.org.cy,false,
2022-09-30 21:00:00,Cyprus,Cyprus,CY,765.89,972.23,17.29,17.29,tsoc.org.cy,false,
2022-09-30 22:00:00,Cyprus,Cyprus,CY,776.35,985.42,16.16,16.16,tsoc.org.cy,false,
2022-09-30 23:00:00,Cyprus,Cyprus,CY,782.59,993.32,15.48,15.48,tsoc.org.cy,false,
2022-10-01 00:00:00,Cyprus,Cyprus,CY,793.67,1007.26,14.29,14.29,tsoc.org.cy,false,
2022-10-01 01:00:00,Cyprus,Cyprus,CY,777.16,986.7,16.07,16.07,tsoc.org.cy,false,
2022-10-01 02:00:00,Cyprus,Cyprus,CY,783.64,994.79,15.37,15.37,tsoc.org.cy,false,
2022-10-01 03:00:00,Cyprus,Cyprus,CY,790.15,1002.84,14.67,14.67,tsoc.org.cy,false,
2022-10-01 04:00:00,Cyprus,Cyprus,CY,821.1,1041.79,11.32,11.32,tsoc.org.cy,false,
2022-10-01 05:00:00,Cyprus,Cyprus,CY,769.48,978.42,16.9,16.9,tsoc.org.cy,false,
2022-10-01 06:00:00,Cyprus,Cyprus,CY,694.82,886.18,24.96,24.96,tsoc.org.cy,false,
2022-10-01 07:00:00,Cyprus,Cyprus,CY,639.97,818.31,30.88,30.88,tsoc.org.cy,false,
2022-10-01 08:00:00,Cyprus,Cyprus,CY,605.54,775.64,34.6,34.6,tsoc.org.cy,false,
2022-10-01 09:00:00,Cyprus,Cyprus,CY,600.06,768.78,35.19,35.19,tsoc.org.cy,false,
2022-10-01 10:00:00,Cyprus,Cyprus,CY,607.44,777.81,34.4,34.4,tsoc.org.cy,false,
2022-10-01 11:00:00,Cyprus,Cyprus,CY,619.21,792.36,33.13,33.13,tsoc.org.cy,false,
2022-10-01 12:00:00,Cyprus,Cyprus,CY,672.28,858.0,27.4,27.4,tsoc.org.cy,false,
2022-10-01 13:00:00,Cyprus,Cyprus,CY,744.54,947.34,19.59,19.59,tsoc.org.cy,false,
2022-10-01 14:00:00,Cyprus,Cyprus,CY,835.26,1059.5,9.79,9.79,tsoc.org.cy,false,
2022-10-01 15:00:00,Cyprus,Cyprus,CY,906.83,1148.08,2.06,2.06,tsoc.org.cy,false,
2022-10-01 16:00:00,Cyprus,Cyprus,CY,916.66,1160.21,1.0,1.0,tsoc.org.cy,false,
2022-10-01 17:00:00,Cyprus,Cyprus,CY,913.37,1156.15,1.36,1.36,tsoc.org.cy,false,
2022-10-01 18:00:00,Cyprus,Cyprus,CY,903.11,1143.38,2.47,2.47,tsoc.org.cy,false,
2022-10-01 19:00:00,Cyprus,Cyprus,CY,894.08,1132.18,3.44,3.44,tsoc.org.cy,false,
2022-10-01 20:00:00,Cyprus,Cyprus,CY,884.45,1120.22,4.48,4.48,tsoc.org.cy,false,
2022-10-01 21:00:00,Cyprus,Cyprus,CY,831.51,1054.22,10.2,10.2,tsoc.org.cy,false,
2022-10-01 22:00:00,Cyprus,Cyprus,CY,805.21,1021.49,13.04,13.04,tsoc.org.cy,false,
2022-10-01 23:00:00,Cyprus,Cyprus,CY,800.94,1016.27,13.5,13.5,tsoc.org.cy,false,
2022-10-02 00:00:00,Cyprus,Cyprus,CY,785.6,997.18,15.16,15.16,tsoc.org.cy,false,
2022-10-02 01:00:00,Cyprus,Cyprus,CY,796.41,1010.75,13.99,13.99,tsoc.org.cy,false,
2022-10-02 02:00:00,Cyprus,Cyprus,CY,828.2,1050.49,10.56,10.56,tsoc.org.cy,false,
2022-10-02 03:00:00,Cyprus,Cyprus,CY,845.82,1072.47,8.65,8.65,tsoc.org.cy,false,
2022-10-02 04:00:00,Cyprus,Cyprus,CY,816.39,1036.08,11.83,11.83,tsoc.org.cy,false,
2022-10-02 05:00:00,Cyprus,Cyprus,CY,734.75,935.43,20.65,20.65,tsoc.org.cy,false,
2022-10-02 06:00:00,Cyprus,Cyprus,CY,660.09,843.24,28.71,28.71,tsoc.org.cy,false,
2022-10-02 07:00:00,Cyprus,Cyprus,CY,614.44,786.8,33.64,33.64,tsoc.org.cy,false,
2022-10-02 08:00:00,Cyprus,Cyprus,CY,597.9,766.31,35.43,35.43,tsoc.org.cy,false,
2022-10-02 09:00:00,Cyprus,Cyprus,CY,592.29,759.29,36.03,36.03,tsoc.org.cy,false,
2022-10-02 10:00:00,Cyprus,Cyprus,CY,593.45,760.56,35.91,35.91,tsoc.org.cy,false,
2022-10-02 11:00:00,Cyprus,Cyprus,CY,603.25,772.46,34.85,34.85,tsoc.org.cy,false,
2022-10-02 12:00:00,Cyprus,Cyprus,CY,643.4,821.96,30.51,30.51,tsoc.org.cy,false,
2022-10-02 13:00:00,Cyprus,Cyprus,CY,714.79,910.17,22.81,22.81,tsoc.org.cy,false,
2022-10-02 14:00:00,Cyprus,Cyprus,CY,803.53,1019.84,13.22,13.22,tsoc.org.cy,false,
2022-10-02 15:00:00,Cyprus,Cyprus,CY,856.89,1085.63,7.46,7.46,tsoc.org.cy,false,
2022-10-02 16:00:00,Cyprus,Cyprus,CY,888.14,1124.53,4.08,4.08,tsoc.org.cy,false,
2022-10-02 17:00:00,Cyprus,Cyprus,CY,899.44,1138.68,2.86,2.86,tsoc.org.cy,false,
2022-10-02 18:00:00,Cyprus,Cyprus,CY,904.44,1144.99,2.32,2.32,tsoc.org.cy,false,
2022-10-02 19:00:00,Cyprus,Cyprus,CY,903.42,1143.8,2.43,2.43,tsoc.org.cy,false,
2022-10-02 20:00:00,Cyprus,Cyprus,CY,903.26,1143.72,2.45,2.45,tsoc.org.cy,false,
2022-10-02 21:00:00,Cyprus,Cyprus,CY,882.61,1118.13,4.68,4.68,tsoc.org.cy,false,
2022-10-02 22:00:00,Cyprus,Cyprus,CY,851.09,1078.89,8.08,8.08,tsoc.org.cy,false,
2022-10-02 23:00:00,Cyprus,Cyprus,CY,845.64,1072.2,8.67,8.67,tsoc.org.cy,false,
2022-10-03 00:00:00,Cyprus,Cyprus,CY,884.39,1120.73,4.49,4.49,tsoc.org.cy,false,
2022-10-03 01:00:00,Cyprus,Cyprus,CY,890.0,1127.79,3.88,3.88,tsoc.org.cy,false,
2022-10-03 02:00:00,Cyprus,Cyprus,CY,887.61,1124.73,4.14,4.14,tsoc.org.cy,false,
2022-10-03 03:00:00,Cyprus,Cyprus,CY,887.0,1123.74,4.21,4.21,tsoc.org.cy,false,
2022-10-03 04:00:00,Cyprus,Cyprus,CY,868.44,1100.59,6.21,6.21,tsoc.org.cy,false,
2022-10-03 05:00:00,Cyprus,Cyprus,CY,804.02,1020.91,13.17,13.17,tsoc.org.cy,false,
2022-10-03 06:00:00,Cyprus,Cyprus,CY,732.03,931.87,20.94,20.94,tsoc.org.cy,false,
2022-10-03 07:00:00,Cyprus,Cyprus,CY,688.66,878.17,25.63,25.63,tsoc.org.cy,false,
2022-10-03 08:00:00,Cyprus,Cyprus,CY,656.76,838.64,29.07,29.07,tsoc.org.cy,false,
2022-10-03 09:00:00,Cyprus,Cyprus,CY,625.33,799.63,32.47,32.47,tsoc.org.cy,false,
2022-10-03 10:00:00,Cyprus,Cyprus,CY,600.29,768.4,35.17,35.17,tsoc.org.cy,false,
2022-10-03 11:00:00,Cyprus,Cyprus,CY,608.18,778.03,34.32,34.32,tsoc.org.cy,false,
2022-10-03 12:00:00,Cyprus,Cyprus,CY,633.14,808.66,31.62,31.62,tsoc.org.cy,false,
2022-10-03 13:00:00,Cyprus,Cyprus,CY,689.85,878.77,25.5,25.5,tsoc.org.cy,false,
2022-10-03 14:00:00,Cyprus,Cyprus,CY,776.89,986.43,16.1,16.1,tsoc.org.cy,false,
2022-10-03 15:00:00,Cyprus,Cyprus,CY,845.82,1071.74,8.65,8.65,tsoc.org.cy,false,
2022-10-03 16:00:00,Cyprus,Cyprus,CY,860.8,1090.33,7.04,7.04,tsoc.org.cy,false,
2022-10-03 17:00:00,Cyprus,Cyprus,CY,862.03,1091.95,6.9,6.9,tsoc.org.cy,false,
2022-10-03 18:00:00,Cyprus,Cyprus,CY,881.33,1116.17,4.82,4.82,tsoc.org.cy,false,
2022-10-03 19:00:00,Cyprus,Cyprus,CY,881.1,1116.68,4.84,4.84,tsoc.org.cy,false,
2022-10-03 20:00:00,Cyprus,Cyprus,CY,879.34,1114.66,5.03,5.03,tsoc.org.cy,false,
2022-10-03 21:00:00,Cyprus,Cyprus,CY,886.35,1123.32,4.28,4.28,tsoc.org.cy,false,
2022-10-03 22:00:00,Cyprus,Cyprus,CY,888.3,1125.51,4.07,4.07,tsoc.org.cy,false,
2022-10-03 23:00:00,Cyprus,Cyprus,CY,890.97,1128.97,3.78,3.78,tsoc.org.cy,false,
2022-10-04 00:00:00,Cyprus,Cyprus,CY,894.57,1133.54,3.39,3.39,tsoc.org.cy,false,
2022-10-04 01:00:00,Cyprus,Cyprus,CY,887.77,1125.06,4.12,4.12,tsoc.org.cy,false,
2022-10-04 02:00:00,Cyprus,Cyprus,CY,888.91,1126.4,4.0,4.0,tsoc.org.cy,false,
2022-10-04 03:00:00,Cyprus,Cyprus,CY,893.43,1131.78,3.51,3.51,tsoc.org.cy,false,
2022-10-04 04:00:00,Cyprus,Cyprus,CY,882.99,1118.68,4.64,4.64,tsoc.org.cy,false,
2022-10-04 05:00:00,Cyprus,Cyprus,CY,817.27,1037.33,11.74,11.74,tsoc.org.cy,false,
2022-10-04 06:00:00,Cyprus,Cyprus,CY,746.33,949.49,19.4,19.4,tsoc.org.cy,false,
2022-10-04 07:00:00,Cyprus,Cyprus,CY,709.98,904.41,23.32,23.32,tsoc.org.cy,false,
2022-10-04 08:00:00,Cyprus,Cyprus,CY,685.91,874.42,25.92,25.92,tsoc.org.cy,false,
2022-10-04 09:00:00,Cyprus,Cyprus,CY,673.6,859.04,27.25,27.25,tsoc.org.cy,false,
2022-10-04 10:00:00,Cyprus,Cyprus,CY,661.98,844.51,28.51,28.51,tsoc.org.cy,false,
2022-10-04 11:00:00,Cyprus,Cyprus,CY,656.66,837.93,29.08,29.08,tsoc.org.cy,false,
2022-10-04 12:00:00,Cyprus,Cyprus,CY,683.5,871.22,26.18,26.18,tsoc.org.cy,false,
2022-10-04 13:00:00,Cyprus,Cyprus,CY,752.52,956.75,18.73,18.73,tsoc.org.cy,false,
2022-10-04 14:00:00,Cyprus,Cyprus,CY,838.86,1063.67,9.41,9.41,tsoc.org.cy,false,
2022-10-04 15:00:00,Cyprus,Cyprus,CY,896.95,1135.61,3.13,3.13,tsoc.org.cy,false,
2022-10-04 16:00:00,Cyprus,Cyprus,CY,904.5,1144.92,2.32,2.32,tsoc.org.cy,false,
2022-10-04 17:00:00,Cyprus,Cyprus,CY,901.63,1141.4,2.63,2.63,tsoc.org.cy,false,
2022-10-04 18:00:00,Cyprus,Cyprus,CY,904.68,1145.33,2.3,2.3,tsoc.org.cy,false,
2022-10-04 19:00:00,Cyprus,Cyprus,CY,910.63,1152.91,1.65,1.65,tsoc.org.cy,false,
2022-10-04 20:00:00,Cyprus,Cyprus,CY,909.5,1151.65,1.78,1.78,tsoc.org.cy,false,
2022-10-04 21:00:00,Cyprus,Cyprus,CY,899.67,1139.57,2.84,2.84,tsoc.org.cy,false,
2022-10-04 22:00:00,Cyprus,Cyprus,CY,893.7,1132.27,3.48,3.48,tsoc.org.cy,false,
2022-10-04 23:00:00,Cyprus,Cyprus,CY,895.69,1134.87,3.27,3.27,tsoc.org.cy,false,
2022-10-05 00:00:00,Cyprus,Cyprus,CY,906.43,1148.37,2.11,2.11,tsoc.org.cy,false,
2022-10-05 01:00:00,Cyprus,Cyprus,CY,903.12,1144.27,2.47,2.47,tsoc.org.cy,false,
2022-10-05 02:00:00,Cyprus,Cyprus,CY,898.37,1138.25,2.98,2.98,tsoc.org.cy,false,
2022-10-05 03:00:00,Cyprus,Cyprus,CY,894.7,1133.38,3.37,3.37,tsoc.org.cy,false,
2022-10-05 04:00:00,Cyprus,Cyprus,CY,877.98,1112.54,5.18,5.18,tsoc.org.cy,false,
2022-10-05 05:00:00,Cyprus,Cyprus,CY,819.31,1039.95,11.52,11.52,tsoc.org.cy,false,
2022-10-05 06:00:00,Cyprus,Cyprus,CY,746.3,949.58,19.4,19.4,tsoc.org.cy,false,
2022-10-05 07:00:00,Cyprus,Cyprus,CY,714.76,910.49,22.81,22.81,tsoc.org.cy,false,
2022-10-05 08:00:00,Cyprus,Cyprus,CY,701.44,893.88,24.25,24.25,tsoc.org.cy,false,
2022-10-05 09:00:00,Cyprus,Cyprus,CY,688.36,877.47,25.66,25.66,tsoc.org.cy,false,
2022-10-05 10:00:00,Cyprus,Cyprus,CY,676.17,862.35,26.98,26.98,tsoc.org.cy,false,
2022-10-05 11:00:00,Cyprus,Cyprus,CY,661.43,843.91,28.57,28.57,tsoc.org.cy,false,
2022-10-05 12:00:00,Cyprus,Cyprus,CY,680.65,867.63,26.49,26.49,tsoc.org.cy,false,
2022-10-05 13:00:00,Cyprus,Cyprus,CY,757.34,962.62,18.21,18.21,tsoc.org.cy,false,
2022-10-05 14:00:00,Cyprus,Cyprus,CY,833.71,1057.24,9.96,9.96,tsoc.org.cy,false,
2022-10-05 15:00:00,Cyprus,Cyprus,CY,893.3,1131.1,3.53,3.53,tsoc.org.cy,false,
2022-10-05 16:00:00,Cyprus,Cyprus,CY,885.62,1121.36,4.36,4.36,tsoc.org.cy,false,
2022-10-05 17:00:00,Cyprus,Cyprus,CY,879.25,1113.48,5.04,5.04,tsoc.org.cy,false,
2022-10-05 18:00:00,Cyprus,Cyprus,CY,866.74,1097.99,6.39,6.39,tsoc.org.cy,false,
2022-10-05 19:00:00,Cyprus,Cyprus,CY,879.44,1114.03,5.02,5.02,tsoc.org.cy,false,
2022-10-05 20:00:00,Cyprus,Cyprus,CY,880.61,1115.66,4.9,4.9,tsoc.org.cy,false,
2022-10-05 21:00:00,Cyprus,Cyprus,CY,876.53,1110.81,5.34,5.34,tsoc.org.cy,false,
2022-10-05 22:00:00,Cyprus,Cyprus,CY,857.56,1087.29,7.39,7.39,tsoc.org.cy,false,
2022-10-05 23:00:00,Cyprus,Cyprus,CY,861.52,1092.35,6.96,6.96,tsoc.org.cy,false,
2022-10-06 00:00:00,Cyprus,Cyprus,CY,878.45,1113.59,5.13,5.13,tsoc.org.cy,false,
2022-10-06 01:00:00,Cyprus,Cyprus,CY,887.73,1125.21,4.13,4.13,tsoc.org.cy,false,
2022-10-06 02:00:00,Cyprus,Cyprus,CY,904.65,1146.25,2.3,2.3,tsoc.org.cy,false,
2022-10-06 03:00:00,Cyprus,Cyprus,CY,914.37,1158.09,1.25,1.25,tsoc.org.cy,false,
2022-10-06 04:00:00,Cyprus,Cyprus,CY,887.68,1124.83,4.13,4.13,tsoc.org.cy,false,
2022-10-06 05:00:00,Cyprus,Cyprus,CY,779.65,991.04,15.8,15.8,tsoc.org.cy,false,
2022-10-06 06:00:00,Cyprus,Cyprus,CY,683.28,871.76,26.21,26.21,tsoc.org.cy,false,
2022-10-06 07:00:00,Cyprus,Cyprus,CY,637.89,815.58,31.11,31.11,tsoc.org.cy,false,
2022-10-06 08:00:00,Cyprus,Cyprus,CY,594.64,762.01,35.78,35.78,tsoc.org.cy,false,
2022-10-06 09:00:00,Cyprus,Cyprus,CY,571.63,733.46,38.27,38.27,tsoc.org.cy,false,
2022-10-06 10:00:00,Cyprus,Cyprus,CY,564.6,724.75,39.02,39.02,tsoc.org.cy,false,
2022-10-06 11:00:00,Cyprus,Cyprus,CY,581.79,745.92,37.17,37.17,tsoc.org.cy,false,
2022-10-06 12:00:00,Cyprus,Cyprus,CY,618.04,790.69,33.25,33.25,tsoc.org.cy,false,
2022-10-06 13:00:00,Cyprus,Cyprus,CY,691.95,882.1,25.27,25.27,tsoc.org.cy,false,
2022-10-06 14:00:00,Cyprus,Cyprus,CY,798.15,1013.42,13.8,13.8,tsoc.org.cy,false,
2022-10-06 15:00:00,Cyprus,Cyprus,CY,884.66,1120.42,4.46,4.46,tsoc.org.cy,false,
2022-10-06 16:00:00,Cyprus,Cyprus,CY,889.08,1125.79,3.98,3.98,tsoc.org.cy,false,
2022-10-06 17:00:00,Cyprus,Cyprus,CY,881.62,1116.57,4.79,4.79,tsoc.org.cy,false,
2022-10-06 18:00:00,Cyprus,Cyprus,CY,871.89,1104.58,5.84,5.84,tsoc.org.cy,false,
2022-10-06 19:00:00,Cyprus,Cyprus,CY,873.32,1106.53,5.68,5.68,tsoc.org.cy,false,
2022-10-06 20:00:00,Cyprus,Cyprus,CY,876.02,1110.05,5.39,5.39,tsoc.org.cy,false,
2022-10-06 21:00:00,Cyprus,Cyprus,CY,904.71,1146.19,2.29,2.29,tsoc.org.cy,false,
2022-10-06 22:00:00,Cyprus,Cyprus,CY,901.17,1141.94,2.68,2.68,tsoc.org.cy,false,
2022-10-06 23:00:00,Cyprus,Cyprus,CY,905.15,1147.04,2.25,2.25,tsoc.org.cy,false,
2022-10-07 00:00:00,Cyprus,Cyprus,CY,908.56,1151.38,1.88,1.88,tsoc.org.cy,false,
2022-10-07 01:00:00,Cyprus,Cyprus,CY,912.47,1156.27,1.46,1.46,tsoc.org.cy,false,
2022-10-07 02:00:00,Cyprus,Cyprus,CY,913.01,1156.81,1.4,1.4,tsoc.org.cy,false,
2022-10-07 03:00:00,Cyprus,Cyprus,CY,914.52,1158.35,1.23,1.23,tsoc.org.cy,false,
2022-10-07 04:00:00,Cyprus,Cyprus,CY,881.56,1117.23,4.79,4.79,tsoc.org.cy,false,
2022-10-07 05:00:00,Cyprus,Cyprus,CY,773.04,982.8,16.51,16.51,tsoc.org.cy,false,
2022-10-07 06:00:00,Cyprus,Cyprus,CY,698.25,890.11,24.59,24.59,tsoc.org.cy,false,
2022-10-07 07:00:00,Cyprus,Cyprus,CY,652.85,833.85,29.49,29.49,tsoc.org.cy,false,
2022-10-07 08:00:00,Cyprus,Cyprus,CY,597.77,765.71,35.44,35.44,tsoc.org.cy,false,
2022-10-07 09:00:00,Cyprus,Cyprus,CY,577.58,740.64,37.62,37.62,tsoc.org.cy,false,
2022-10-07 10:00:00,Cyprus,Cyprus,CY,562.09,721.21,39.3,39.3,tsoc.org.cy,false,
2022-10-07 11:00:00,Cyprus,Cyprus,CY,565.67,725.48,38.91,38.91,tsoc.org.cy,false,
2022-10-07 12:00:00,Cyprus,Cyprus,CY,592.66,758.76,35.99,35.99,tsoc.org.cy,false,
2022-10-07 13:00:00,Cyprus,Cyprus,CY,664.89,848.07,28.19,28.19,tsoc.org.cy,false,
2022-10-07 14:00:00,Cyprus,Cyprus,CY,780.42,991.16,15.72,15.72,tsoc.org.cy,false,
2022-10-07 15:00:00,Cyprus,Cyprus,CY,878.5,1112.82,5.12,5.12,tsoc.org.cy,false,
2022-10-07 16:00:00,Cyprus,Cyprus,CY,901.52,1141.44,2.64,2.64,tsoc.org.cy,false,
2022-10-07 17:00:00,Cyprus,Cyprus,CY,900.98,1140.87,2.7,2.7,tsoc.org.cy,false,
2022-10-07 18:00:00,Cyprus,Cyprus,CY,906.01,1147.32,2.15,2.15,tsoc.org.cy,false,
2022-10-07 19:00:00,Cyprus,Cyprus,CY,907.85,1149.81,1.96,1.96,tsoc.org.cy,false,
2022-10-07 20:00:00,Cyprus,Cyprus,CY,900.96,1141.37,2.7,2.7,tsoc.org.cy,false,
2022-10-07 21:00:00,Cyprus,Cyprus,CY,900.0,1140.44,2.8,2.8,tsoc.org.cy,false,
2022-10-07 22:00:00,Cyprus,Cyprus,CY,895.14,1134.54,3.33,3.33,tsoc.org.cy,false,
2022-10-07 23:00:00,Cyprus,Cyprus,CY,902.46,1143.82,2.54,2.54,tsoc.org.cy,false,
2022-10-08 00:00:00,Cyprus,Cyprus,CY,907.77,1150.53,1.96,1.96,tsoc.org.cy,false,
2022-10-08 01:00:00,Cyprus,Cyprus,CY,908.25,1151.15,1.91,1.91,tsoc.org.cy,false,
2022-10-08 02:00:00,Cyprus,Cyprus,CY,911.58,1155.23,1.55,1.55,tsoc.org.cy,false,
2022-10-08 03:00:00,Cyprus,Cyprus,CY,910.79,1154.05,1.64,1.64,tsoc.org.cy,false,
2022-10-08 04:00:00,Cyprus,Cyprus,CY,875.98,1110.76,5.4,5.4,tsoc.org.cy,false,
2022-10-08 05:00:00,Cyprus,Cyprus,CY,745.55,949.21,19.48,19.48,tsoc.org.cy,false,
2022-10-08 06:00:00,Cyprus,Cyprus,CY,648.65,829.3,29.95,29.95,tsoc.org.cy,false,
2022-10-08 07:00:00,Cyprus,Cyprus,CY,606.35,776.81,34.52,34.52,tsoc.org.cy,false,
2022-10-08 08:00:00,Cyprus,Cyprus,CY,599.39,768.04,35.27,35.27,tsoc.org.cy,false,
2022-10-08 09:00:00,Cyprus,Cyprus,CY,590.55,756.87,36.22,36.22,tsoc.org.cy,false,
2022-10-08 10:00:00,Cyprus,Cyprus,CY,600.61,769.02,35.14,35.14,tsoc.org.cy,false,
2022-10-08 11:00:00,Cyprus,Cyprus,CY,629.55,805.04,32.01,32.01,tsoc.org.cy,false,
2022-10-08 12:00:00,Cyprus,Cyprus,CY,688.72,878.43,25.62,25.62,tsoc.org.cy,false,
2022-10-08 13:00:00,Cyprus,Cyprus,CY,736.94,938.06,20.41,20.41,tsoc.org.cy,false,
2022-10-08 14:00:00,Cyprus,Cyprus,CY,817.18,1037.32,11.75,11.75,tsoc.org.cy,false,
2022-10-08 15:00:00,Cyprus,Cyprus,CY,892.55,1130.54,3.61,3.61,tsoc.org.cy,false,
2022-10-08 16:00:00,Cyprus,Cyprus,CY,897.06,1135.98,3.12,3.12,tsoc.org.cy,false,
2022-10-08 17:00:00,Cyprus,Cyprus,CY,901.61,1141.78,2.63,2.63,tsoc.org.cy,false,
2022-10-08 18:00:00,Cyprus,Cyprus,CY,910.6,1153.16,1.66,1.66,tsoc.org.cy,false,
2022-10-08 19:00:00,Cyprus,Cyprus,CY,904.95,1146.27,2.27,2.27,tsoc.org.cy,false,
2022-10-08 20:00:00,Cyprus,Cyprus,CY,899.41,1139.5,2.87,2.87,tsoc.org.cy,false,
2022-10-08 21:00:00,Cyprus,Cyprus,CY,898.58,1138.7,2.96,2.96,tsoc.org.cy,false,
2022-10-08 22:00:00,Cyprus,Cyprus,CY,900.35,1141.09,2.76,2.76,tsoc.org.cy,false,
2022-10-08 23:00:00,Cyprus,Cyprus,CY,897.93,1138.21,3.03,3.03,tsoc.org.cy,false,
2022-10-09 00:00:00,Cyprus,Cyprus,CY,895.42,1135.17,3.3,3.3,tsoc.org.cy,false,
2022-10-09 01:00:00,Cyprus,Cyprus,CY,892.56,1131.63,3.61,3.61,tsoc.org.cy,false,
2022-10-09 02:00:00,Cyprus,Cyprus,CY,887.09,1124.75,4.2,4.2,tsoc.org.cy,false,
2022-10-09 03:00:00,Cyprus,Cyprus,CY,877.22,1112.27,5.26,5.26,tsoc.org.cy,false,
2022-10-09 04:00:00,Cyprus,Cyprus,CY,842.58,1069.3,9.0,9.0,tsoc.org.cy,false,
2022-10-09 05:00:00,Cyprus,Cyprus,CY,729.25,929.22,21.24,21.24,tsoc.org.cy,false,
2022-10-09 06:00:00,Cyprus,Cyprus,CY,623.48,798.48,32.67,32.67,tsoc.org.cy,false,
2022-10-09 07:00:00,Cyprus,Cyprus,CY,571.32,733.92,38.3,38.3,tsoc.org.cy,false,
2022-10-09 08:00:00,Cyprus,Cyprus,CY,556.25,715.06,39.93,39.93,tsoc.org.cy,false,
2022-10-09 09:00:00,Cyprus,Cyprus,CY,550.23,707.34,40.58,40.58,tsoc.org.cy,false,
2022-10-09 10:00:00,Cyprus,Cyprus,CY,546.83,702.93,40.94,40.94,tsoc.org.cy,false,
2022-10-09 11:00:00,Cyprus,Cyprus,CY,580.42,744.16,37.32,37.32,tsoc.org.cy,false,
2022-10-09 12:00:00,Cyprus,Cyprus,CY,623.71,797.56,32.64,32.64,tsoc.org.cy,false,
2022-10-09 13:00:00,Cyprus,Cyprus,CY,704.02,897.14,23.97,23.97,tsoc.org.cy,false,
2022-10-09 14:00:00,Cyprus,Cyprus,CY,794.04,1008.55,14.25,14.25,tsoc.org.cy,false,
2022-10-09 15:00:00,Cyprus,Cyprus,CY,874.9,1108.55,5.51,5.51,tsoc.org.cy,false,
2022-10-09 16:00:00,Cyprus,Cyprus,CY,876.76,1110.69,5.31,5.31,tsoc.org.cy,false,
2022-10-09 17:00:00,Cyprus,Cyprus,CY,876.29,1110.18,5.36,5.36,tsoc.org.cy,false,
2022-10-09 18:00:00,Cyprus,Cyprus,CY,875.58,1109.42,5.44,5.44,tsoc.org.cy,false,
2022-10-09 19:00:00,Cyprus,Cyprus,CY,886.01,1122.65,4.31,4.31,tsoc.org.cy,false,
2022-10-09 20:00:00,Cyprus,Cyprus,CY,892.74,1131.23,3.59,3.59,tsoc.org.cy,false,
2022-10-09 21:00:00,Cyprus,Cyprus,CY,870.96,1104.32,5.94,5.94,tsoc.org.cy,false,
2022-10-09 22:00:00,Cyprus,Cyprus,CY,869.46,1102.63,6.1,6.1,tsoc.org.cy,false,
2022-10-09 23:00:00,Cyprus,Cyprus,CY,883.15,1119.85,4.62,4.62,tsoc.org.cy,false,
2022-10-10 00:00:00,Cyprus,Cyprus,CY,881.16,1117.42,4.84,4.84,tsoc.org.cy,false,
2022-10-10 01:00:00,Cyprus,Cyprus,CY,874.47,1109.06,5.56,5.56,tsoc.org.cy,false,
2022-10-10 02:00:00,Cyprus,Cyprus,CY,884.71,1121.67,4.45,4.45,tsoc.org.cy,false,
2022-10-10 03:00:00,Cyprus,Cyprus,CY,880.44,1115.91,4.92,4.92,tsoc.org.cy,false,
2022-10-10 04:00:00,Cyprus,Cyprus,CY,852.26,1080.71,7.96,7.96,tsoc.org.cy,false,
2022-10-10 05:00:00,Cyprus,Cyprus,CY,757.67,963.67,18.17,18.17,tsoc.org.cy,false,
2022-10-10 06:00:00,Cyprus,Cyprus,CY,678.91,866.43,26.68,26.68,tsoc.org.cy,false,
2022-10-10 07:00:00,Cyprus,Cyprus,CY,625.98,801.04,32.4,32.4,tsoc.org.cy,false,
2022-10-10 08:00:00,Cyprus,Cyprus,CY,600.2,769.12,35.18,35.18,tsoc.org.cy,false,
2022-10-10 09:00:00,Cyprus,Cyprus,CY,605.07,775.07,34.65,34.65,tsoc.org.cy,false,
2022-10-10 10:00:00,Cyprus,Cyprus,CY,621.59,795.38,32.87,32.87,tsoc.org.cy,false,
2022-10-10 11:00:00,Cyprus,Cyprus,CY,628.64,804.17,32.11,32.11,tsoc.org.cy,false,
2022-10-10 12:00:00,Cyprus,Cyprus,CY,676.63,863.47,26.93,26.93,tsoc.org.cy,false,
2022-10-10 13:00:00,Cyprus,Cyprus,CY,741.69,943.91,19.9,19.9,tsoc.org.cy,false,
2022-10-10 14:00:00,Cyprus,Cyprus,CY,834.12,1058.2,9.92,9.92,tsoc.org.cy,false,
2022-10-10 15:00:00,Cyprus,Cyprus,CY,900.23,1139.95,2.78,2.78,tsoc.org.cy,false,
2022-10-10 16:00:00,Cyprus,Cyprus,CY,911.11,1153.39,1.6,1.6,tsoc.org.cy,false,
2022-10-10 17:00:00,Cyprus,Cyprus,CY,913.7,1156.73,1.32,1.32,tsoc.org.cy,false,
2022-10-10 18:00:00,Cyprus,Cyprus,CY,885.25,1121.35,4.4,4.4,tsoc.org.cy,false,
2022-10-10 19:00:00,Cyprus,Cyprus,CY,836.54,1060.69,9.66,9.66,tsoc.org.cy,false,
2022-10-10 20:00:00,Cyprus,Cyprus,CY,834.41,1058.24,9.89,9.89,tsoc.org.cy,false,
2022-10-10 21:00:00,Cyprus,Cyprus,CY,852.58,1081.26,7.92,7.92,tsoc.org.cy,false,
2022-10-10 22:00:00,Cyprus,Cyprus,CY,824.96,1046.92,10.91,10.91,tsoc.org.cy,false,
2022-10-10 23:00:00,Cyprus,Cyprus,CY,799.79,1015.57,13.62,13.62,tsoc.org.cy,false,
2022-10-11 00:00:00,Cyprus,Cyprus,CY,799.06,1014.72,13.7,13.7,tsoc.org.cy,false,
2022-10-11 01:00:00,Cyprus,Cyprus,CY,789.9,1003.29,14.69,14.69,tsoc.org.cy,false,
2022-10-11 02:00:00,Cyprus,Cyprus,CY,801.69,1017.86,13.42,13.42,tsoc.org.cy,false,
2022-10-11 03:00:00,Cyprus,Cyprus,CY,827.83,1050.11,10.6,10.6,tsoc.org.cy,false,
2022-10-11 04:00:00,Cyprus,Cyprus,CY,830.15,1053.03,10.35,10.35,tsoc.org.cy,false,
2022-10-11 05:00:00,Cyprus,Cyprus,CY,749.65,953.62,19.04,19.04,tsoc.org.cy,false,
2022-10-11 06:00:00,Cyprus,Cyprus,CY,673.58,859.74,27.26,27.26,tsoc.org.cy,false,
2022-10-11 07:00:00,Cyprus,Cyprus,CY,628.71,804.38,32.1,32.1,tsoc.org.cy,false,
2022-10-11 08:00:00,Cyprus,Cyprus,CY,601.15,770.28,35.08,35.08,tsoc.org.cy,false,
2022-10-11 09:00:00,Cyprus,Cyprus,CY,590.49,757.07,36.23,36.23,tsoc.org.cy,false,
2022-10-11 10:00:00,Cyprus,Cyprus,CY,589.24,755.49,36.36,36.36,tsoc.org.cy,false,
2022-10-11 11:00:00,Cyprus,Cyprus,CY,607.67,778.17,34.37,34.37,tsoc.org.cy,false,
2022-10-11 12:00:00,Cyprus,Cyprus,CY,640.67,818.8,30.81,30.81,tsoc.org.cy,false,
2022-10-11 13:00:00,Cyprus,Cyprus,CY,712.19,907.2,23.09,23.09,tsoc.org.cy,false,
2022-10-11 14:00:00,Cyprus,Cyprus,CY,814.34,1033.51,12.05,12.05,tsoc.org.cy,false,
2022-10-11 15:00:00,Cyprus,Cyprus,CY,881.86,1116.95,4.76,4.76,tsoc.org.cy,false,
2022-10-11 16:00:00,Cyprus,Cyprus,CY,881.77,1116.71,4.77,4.77,tsoc.org.cy,false,
2022-10-11 17:00:00,Cyprus,Cyprus,CY,862.72,1093.03,6.83,6.83,tsoc.org.cy,false,
2022-10-11 18:00:00,Cyprus,Cyprus,CY,853.37,1081.54,7.84,7.84,tsoc.org.cy,false,
2022-10-11 19:00:00,Cyprus,Cyprus,CY,840.59,1065.78,9.22,9.22,tsoc.org.cy,false,
2022-10-11 20:00:00,Cyprus,Cyprus,CY,815.48,1034.6,11.93,11.93,tsoc.org.cy,false,
2022-10-11 21:00:00,Cyprus,Cyprus,CY,799.44,1014.86,13.66,13.66,tsoc.org.cy,false,
2022-10-11 22:00:00,Cyprus,Cyprus,CY,805.92,1023.15,12.96,12.96,tsoc.org.cy,false,
2022-10-11 23:00:00,Cyprus,Cyprus,CY,811.69,1030.47,12.34,12.34,tsoc.org.cy,false,
2022-10-12 00:00:00,Cyprus,Cyprus,CY,827.56,1050.38,10.63,10.63,tsoc.org.cy,false,
2022-10-12 01:00:00,Cyprus,Cyprus,CY,830.45,1054.0,10.31,10.31,tsoc.org.cy,false,
2022-10-12 02:00:00,Cyprus,Cyprus,CY,848.98,1077.01,8.31,8.31,tsoc.org.cy,false,
2022-10-12 03:00:00,Cyprus,Cyprus,CY,891.13,1129.27,3.76,3.76,tsoc.org.cy,false,
2022-10-12 04:00:00,Cyprus,Cyprus,CY,876.18,1110.64,5.38,5.38,tsoc.org.cy,false,
2022-10-12 05:00:00,Cyprus,Cyprus,CY,806.11,1023.87,12.94,12.94,tsoc.org.cy,false,
2022-10-12 06:00:00,Cyprus,Cyprus,CY,728.92,928.35,21.28,21.28,tsoc.org.cy,false,
2022-10-12 07:00:00,Cyprus,Cyprus,CY,670.79,856.43,27.56,27.56,tsoc.org.cy,false,
2022-10-12 08:00:00,Cyprus,Cyprus,CY,656.61,838.83,29.09,29.09,tsoc.org.cy,false,
2022-10-12 09:00:00,Cyprus,Cyprus,CY,657.15,839.28,29.03,29.03,tsoc.org.cy,false,
2022-10-12 10:00:00,Cyprus,Cyprus,CY,691.82,882.2,25.29,25.29,tsoc.org.cy,false,
2022-10-12 11:00:00,Cyprus,Cyprus,CY,685.07,873.82,26.01,26.01,tsoc.org.cy,false,
2022-10-12 12:00:00,Cyprus,Cyprus,CY,694.82,886.02,24.96,24.96,tsoc.org.cy,false,
2022-10-12 13:00:00,Cyprus,Cyprus,CY,720.1,917.05,22.23,22.23,tsoc.org.cy,false,
2022-10-12 14:00:00,Cyprus,Cyprus,CY,815.73,1035.3,11.9,11.9,tsoc.org.cy,false,
2022-10-12 15:00:00,Cyprus,Cyprus,CY,886.16,1122.34,4.3,4.3,tsoc.org.cy,false,
2022-10-12 16:00:00,Cyprus,Cyprus,CY,890.02,1127.03,3.88,3.88,tsoc.org.cy,false,
2022-10-12 17:00:00,Cyprus,Cyprus,CY,882.34,1117.54,4.71,4.71,tsoc.org.cy,false,
2022-10-12 18:00:00,Cyprus,Cyprus,CY,882.67,1118.13,4.67,4.67,tsoc.org.cy,false,
2022-10-12 19:00:00,Cyprus,Cyprus,CY,882.89,1118.63,4.65,4.65,tsoc.org.cy,false,
2022-10-12 20:00:00,Cyprus,Cyprus,CY,862.29,1093.1,6.88,6.87,tsoc.org.cy,false,
2022-10-12 21:00:00,Cyprus,Cyprus,CY,827.27,1049.62,10.66,10.66,tsoc.org.cy,false,
2022-10-12 22:00:00,Cyprus,Cyprus,CY,804.46,1021.3,13.12,13.12,tsoc.org.cy,false,
2022-10-12 23:00:00,Cyprus,Cyprus,CY,821.29,1042.47,11.3,11.3,tsoc.org.cy,false,
2022-10-13 00:00:00,Cyprus,Cyprus,CY,876.42,1111.45,5.35,5.35,tsoc.org.cy,false,
2022-10-13 01:00:00,Cyprus,Cyprus,CY,892.13,1131.08,3.65,3.65,tsoc.org.cy,false,
2022-10-13 02:00:00,Cyprus,Cyprus,CY,907.02,1149.52,2.04,2.04,tsoc.org.cy,false,
2022-10-13 03:00:00,Cyprus,Cyprus,CY,912.44,1155.89,1.46,1.46,tsoc.org.cy,false,
2022-10-13 04:00:00,Cyprus,Cyprus,CY,894.2,1133.05,3.43,3.43,tsoc.org.cy,false,
2022-10-13 05:00:00,Cyprus,Cyprus,CY,787.56,1000.96,14.95,14.95,tsoc.org.cy,false,
2022-10-13 06:00:00,Cyprus,Cyprus,CY,682.96,871.53,26.24,26.24,tsoc.org.cy,false,
2022-10-13 07:00:00,Cyprus,Cyprus,CY,617.07,790.03,33.36,33.36,tsoc.org.cy,false,
2022-10-13 08:00:00,Cyprus,Cyprus,CY,584.83,750.08,36.84,36.84,tsoc.org.cy,false,
2022-10-13 09:00:00,Cyprus,Cyprus,CY,555.77,713.98,39.98,39.98,tsoc.org.cy,false,
2022-10-13 10:00:00,Cyprus,Cyprus,CY,567.47,728.34,38.71,38.71,tsoc.org.cy,false,
2022-10-13 11:00:00,Cyprus,Cyprus,CY,570.83,732.45,38.35,38.35,tsoc.org.cy,false,
2022-10-13 12:00:00,Cyprus,Cyprus,CY,617.76,790.48,33.28,33.28,tsoc.org.cy,false,
2022-10-13 13:00:00,Cyprus,Cyprus,CY,692.24,882.5,25.24,25.24,tsoc.org.cy,false,
2022-10-13 14:00:00,Cyprus,Cyprus,CY,805.59,1022.62,13.0,13.0,tsoc.org.cy,false,
2022-10-13 15:00:00,Cyprus,Cyprus,CY,883.91,1119.52,4.54,4.54,tsoc.org.cy,false,
2022-10-13 16:00:00,Cyprus,Cyprus,CY,879.56,1114.0,5.01,5.01,tsoc.org.cy,false,
2022-10-13 17:00:00,Cyprus,Cyprus,CY,881.53,1116.57,4.8,4.8,tsoc.org.cy,false,
2022-10-13 18:00:00,Cyprus,Cyprus,CY,888.8,1125.81,4.01,4.01,tsoc.org.cy,false,
2022-10-13 19:00:00,Cyprus,Cyprus,CY,897.4,1136.78,3.08,3.08,tsoc.org.cy,false,
2022-10-13 20:00:00,Cyprus,Cyprus,CY,901.79,1142.47,2.61,2.61,tsoc.org.cy,false,
2022-10-13 21:00:00,Cyprus,Cyprus,CY,913.18,1156.99,1.38,1.38,tsoc.org.cy,false,
2022-10-13 22:00:00,Cyprus,Cyprus,CY,906.6,1148.97,2.09,2.09,tsoc.org.cy,false,
2022-10-13 23:00:00,Cyprus,Cyprus,CY,903.51,1145.23,2.42,2.42,tsoc.org.cy,false,
2022-10-14 00:00:00,Cyprus,Cyprus,CY,904.85,1146.98,2.28,2.28,tsoc.org.cy,false,
2022-10-14 01:00:00,Cyprus,Cyprus,CY,907.25,1149.98,2.02,2.02,tsoc.org.cy,false,
2022-10-14 02:00:00,Cyprus,Cyprus,CY,911.62,1155.27,1.55,1.55,tsoc.org.cy,false,
2022-10-14 03:00:00,Cyprus,Cyprus,CY,913.96,1157.78,1.29,1.29,tsoc.org.cy,false,
2022-10-14 04:00:00,Cyprus,Cyprus,CY,895.11,1134.18,3.33,3.33,tsoc.org.cy,false,
2022-10-14 05:00:00,Cyprus,Cyprus,CY,787.35,1000.72,14.97,14.97,tsoc.org.cy,false,
2022-10-14 06:00:00,Cyprus,Cyprus,CY,687.12,876.71,25.79,25.79,tsoc.org.cy,false,
2022-10-14 07:00:00,Cyprus,Cyprus,CY,623.84,798.44,32.63,32.63,tsoc.org.cy,false,
2022-10-14 08:00:00,Cyprus,Cyprus,CY,585.14,750.51,36.81,36.81,tsoc.org.cy,false,
2022-10-14 09:00:00,Cyprus,Cyprus,CY,570.74,732.56,38.36,38.36,tsoc.org.cy,false,
2022-10-14 10:00:00,Cyprus,Cyprus,CY,588.44,754.29,36.45,36.45,tsoc.org.cy,false,
2022-10-14 11:00:00,Cyprus,Cyprus,CY,623.53,797.49,32.66,32.66,tsoc.org.cy,false,
2022-10-14 12:00:00,Cyprus,Cyprus,CY,663.34,846.66,28.36,28.36,tsoc.org.cy,false,
2022-10-14 13:00:00,Cyprus,Cyprus,CY,755.37,960.6,18.42,18.42,tsoc.org.cy,false,
2022-10-14 14:00:00,Cyprus,Cyprus,CY,847.56,1074.7,8.47,8.47,tsoc.org.cy,false,
2022-10-14 15:00:00,Cyprus,Cyprus,CY,893.75,1131.84,3.48,3.48,tsoc.org.cy,false,
2022-10-14 16:00:00,Cyprus,Cyprus,CY,899.11,1138.45,2.9,2.9,tsoc.org.cy,false,
2022-10-14 17:00:00,Cyprus,Cyprus,CY,909.08,1151.02,1.82,1.82,tsoc.org.cy,false,
2022-10-14 18:00:00,Cyprus,Cyprus,CY,911.05,1153.66,1.61,1.61,tsoc.org.cy,false,
2022-10-14 19:00:00,Cyprus,Cyprus,CY,905.22,1146.58,2.24,2.24,tsoc.org.cy,false,
2022-10-14 20:00:00,Cyprus,Cyprus,CY,908.0,1150.25,1.94,1.94,tsoc.org.cy,false,
2022-10-14 21:00:00,Cyprus,Cyprus,CY,908.98,1151.73,1.83,1.83,tsoc.org.cy,false,
2022-10-14 22:00:00,Cyprus,Cyprus,CY,909.55,1152.63,1.77,1.77,tsoc.org.cy,false,
2022-10-14 23:00:00,Cyprus,Cyprus,CY,911.77,1155.55,1.53,1.53,tsoc.org.cy,false,
2022-10-15 00:00:00,Cyprus,Cyprus,CY,911.44,1155.22,1.57,1.57,tsoc.org.cy,false,
2022-10-15 01:00:00,Cyprus,Cyprus,CY,911.3,1155.08,1.58,1.58,tsoc.org.cy,false,
2022-10-15 02:00:00,Cyprus,Cyprus,CY,911.72,1155.51,1.54,1.54,tsoc.org.cy,false,
2022-10-15 03:00:00,Cyprus,Cyprus,CY,907.72,1150.28,1.97,1.97,tsoc.org.cy,false,
2022-10-15 04:00:00,Cyprus,Cyprus,CY,879.27,1114.79,5.04,5.04,tsoc.org.cy,false,
2022-10-15 05:00:00,Cyprus,Cyprus,CY,772.98,983.21,16.52,16.52,tsoc.org.cy,false,
2022-10-15 06:00:00,Cyprus,Cyprus,CY,655.24,837.37,29.24,29.24,tsoc.org.cy,false,
2022-10-15 07:00:00,Cyprus,Cyprus,CY,590.85,757.59,36.19,36.19,tsoc.org.cy,false,
2022-10-15 08:00:00,Cyprus,Cyprus,CY,543.08,698.5,41.35,41.35,tsoc.org.cy,false,
2022-10-15 09:00:00,Cyprus,Cyprus,CY,521.98,672.22,43.63,43.63,tsoc.org.cy,false,
2022-10-15 10:00:00,Cyprus,Cyprus,CY,526.25,677.4,43.17,43.17,tsoc.org.cy,false,
2022-10-15 11:00:00,Cyprus,Cyprus,CY,569.05,730.25,38.54,38.54,tsoc.org.cy,false,
2022-10-15 12:00:00,Cyprus,Cyprus,CY,665.96,850.2,28.08,28.08,tsoc.org.cy,false,
2022-10-15 13:00:00,Cyprus,Cyprus,CY,788.39,1001.68,14.86,14.86,tsoc.org.cy,false,
2022-10-15 14:00:00,Cyprus,Cyprus,CY,851.91,1080.26,8.0,8.0,tsoc.org.cy,false,
2022-10-15 15:00:00,Cyprus,Cyprus,CY,891.37,1129.04,3.73,3.73,tsoc.org.cy,false,
2022-10-15 16:00:00,Cyprus,Cyprus,CY,892.94,1130.87,3.57,3.57,tsoc.org.cy,false,
2022-10-15 17:00:00,Cyprus,Cyprus,CY,895.02,1133.58,3.34,3.34,tsoc.org.cy,false,
2022-10-15 18:00:00,Cyprus,Cyprus,CY,848.79,1075.96,8.33,8.33,tsoc.org.cy,false,
2022-10-15 19:00:00,Cyprus,Cyprus,CY,770.23,977.94,16.82,16.82,tsoc.org.cy,false,
2022-10-15 20:00:00,Cyprus,Cyprus,CY,786.29,998.19,15.08,15.08,tsoc.org.cy,false,
2022-10-15 21:00:00,Cyprus,Cyprus,CY,801.37,1017.3,13.45,13.45,tsoc.org.cy,false,
2022-10-15 22:00:00,Cyprus,Cyprus,CY,789.97,1003.23,14.69,14.69,tsoc.org.cy,false,
2022-10-15 23:00:00,Cyprus,Cyprus,CY,833.84,1058.21,9.95,9.95,tsoc.org.cy,false,
2022-10-16 00:00:00,Cyprus,Cyprus,CY,844.47,1071.58,8.8,8.8,tsoc.org.cy,false,
2022-10-16 01:00:00,Cyprus,Cyprus,CY,851.28,1080.12,8.06,8.06,tsoc.org.cy,false,
2022-10-16 02:00:00,Cyprus,Cyprus,CY,848.89,1077.08,8.32,8.32,tsoc.org.cy,false,
2022-10-16 03:00:00,Cyprus,Cyprus,CY,813.64,1032.87,12.13,12.13,tsoc.org.cy,false,
2022-10-16 04:00:00,Cyprus,Cyprus,CY,760.78,966.75,17.84,17.84,tsoc.org.cy,false,
2022-10-16 05:00:00,Cyprus,Cyprus,CY,731.7,930.2,20.98,20.98,tsoc.org.cy,false,
2022-10-16 06:00:00,Cyprus,Cyprus,CY,764.58,971.1,17.43,17.43,tsoc.org.cy,false,
2022-10-16 07:00:00,Cyprus,Cyprus,CY,740.59,941.81,20.02,20.02,tsoc.org.cy,false,
2022-10-16 08:00:00,Cyprus,Cyprus,CY,756.7,961.99,18.28,18.28,tsoc.org.cy,false,
2022-10-16 09:00:00,Cyprus,Cyprus,CY,768.07,976.06,17.05,17.05,tsoc.org.cy,false,
2022-10-16 10:00:00,Cyprus,Cyprus,CY,745.1,948.11,19.53,19.53,tsoc.org.cy,false,
2022-10-16 11:00:00,Cyprus,Cyprus,CY,731.43,931.06,21.01,21.01,tsoc.org.cy,false,
2022-10-16 12:00:00,Cyprus,Cyprus,CY,771.7,981.17,16.66,16.66,tsoc.org.cy,false,
2022-10-16 13:00:00,Cyprus,Cyprus,CY,793.61,1008.32,14.29,14.29,tsoc.org.cy,false,
2022-10-16 14:00:00,Cyprus,Cyprus,CY,860.79,1091.3,7.04,7.04,tsoc.org.cy,false,
2022-10-16 15:00:00,Cyprus,Cyprus,CY,860.36,1090.28,7.08,7.08,tsoc.org.cy,false,
2022-10-16 16:00:00,Cyprus,Cyprus,CY,893.35,1131.39,3.52,3.52,tsoc.org.cy,false,
2022-10-16 17:00:00,Cyprus,Cyprus,CY,897.79,1137.02,3.04,3.04,tsoc.org.cy,false,
2022-10-16 18:00:00,Cyprus,Cyprus,CY,903.1,1143.82,2.47,2.47,tsoc.org.cy,false,
2022-10-16 19:00:00,Cyprus,Cyprus,CY,891.6,1129.71,3.71,3.71,tsoc.org.cy,false,
2022-10-16 20:00:00,Cyprus,Cyprus,CY,857.25,1087.01,7.42,7.42,tsoc.org.cy,false,
2022-10-16 21:00:00,Cyprus,Cyprus,CY,817.25,1037.37,11.74,11.74,tsoc.org.cy,false,
2022-10-16 22:00:00,Cyprus,Cyprus,CY,854.34,1083.95,7.73,7.73,tsoc.org.cy,false,
2022-10-16 23:00:00,Cyprus,Cyprus,CY,878.23,1113.94,5.15,5.15,tsoc.org.cy,false,
2022-10-17 00:00:00,Cyprus,Cyprus,CY,878.18,1113.93,5.16,5.16,tsoc.org.cy,false,
2022-10-17 01:00:00,Cyprus,Cyprus,CY,892.38,1131.77,3.63,3.63,tsoc.org.cy,false,
2022-10-17 02:00:00,Cyprus,Cyprus,CY,846.49,1074.16,8.58,8.58,tsoc.org.cy,false,
2022-10-17 03:00:00,Cyprus,Cyprus,CY,787.14,999.45,14.99,14.99,tsoc.org.cy,false,
2022-10-17 04:00:00,Cyprus,Cyprus,CY,776.54,985.89,16.14,16.14,tsoc.org.cy,false,
2022-10-17 05:00:00,Cyprus,Cyprus,CY,779.5,990.0,15.82,15.82,tsoc.org.cy,false,
2022-10-17 06:00:00,Cyprus,Cyprus,CY,708.31,902.13,23.5,23.5,tsoc.org.cy,false,
2022-10-17 07:00:00,Cyprus,Cyprus,CY,649.59,829.3,29.85,29.85,tsoc.org.cy,false,
2022-10-17 08:00:00,Cyprus,Cyprus,CY,639.66,816.84,30.92,30.92,tsoc.org.cy,false,
2022-10-17 09:00:00,Cyprus,Cyprus,CY,747.05,949.38,19.32,19.32,tsoc.org.cy,false,
2022-10-17 10:00:00,Cyprus,Cyprus,CY,719.17,914.43,22.33,22.33,tsoc.org.cy,false,
2022-10-17 11:00:00,Cyprus,Cyprus,CY,736.4,935.53,20.47,20.47,tsoc.org.cy,false,
2022-10-17 12:00:00,Cyprus,Cyprus,CY,777.77,987.21,16.0,16.0,tsoc.org.cy,false,
2022-10-17 13:00:00,Cyprus,Cyprus,CY,836.97,1061.29,9.61,9.61,tsoc.org.cy,false,
2022-10-17 14:00:00,Cyprus,Cyprus,CY,864.96,1095.99,6.59,6.59,tsoc.org.cy,false,
2022-10-17 15:00:00,Cyprus,Cyprus,CY,827.57,1049.02,10.62,10.62,tsoc.org.cy,false,
2022-10-17 16:00:00,Cyprus,Cyprus,CY,809.78,1026.68,12.55,12.55,tsoc.org.cy,false,
2022-10-17 17:00:00,Cyprus,Cyprus,CY,821.3,1041.19,11.3,11.3,tsoc.org.cy,false,
2022-10-17 18:00:00,Cyprus,Cyprus,CY,816.9,1035.91,11.78,11.78,tsoc.org.cy,false,
2022-10-17 19:00:00,Cyprus,Cyprus,CY,794.4,1008.12,14.21,14.21,tsoc.org.cy,false,
2022-10-17 20:00:00,Cyprus,Cyprus,CY,767.42,974.71,17.12,17.12,tsoc.org.cy,false,
2022-10-17 21:00:00,Cyprus,Cyprus,CY,806.4,1023.82,12.91,12.91,tsoc.org.cy,false,
2022-10-17 22:00:00,Cyprus,Cyprus,CY,820.7,1041.93,11.37,11.37,tsoc.org.cy,false,
2022-10-17 23:00:00,Cyprus,Cyprus,CY,845.43,1072.97,8.7,8.7,tsoc.org.cy,false,
2022-10-18 00:00:00,Cyprus,Cyprus,CY,883.95,1121.15,4.54,4.54,tsoc.org.cy,false,
2022-10-18 01:00:00,Cyprus,Cyprus,CY,892.74,1132.11,3.59,3.59,tsoc.org.cy,false,
2022-10-18 02:00:00,Cyprus,Cyprus,CY,891.16,1129.9,3.76,3.76,tsoc.org.cy,false,
2022-10-18 03:00:00,Cyprus,Cyprus,CY,887.26,1124.54,4.18,4.18,tsoc.org.cy,false,
2022-10-18 04:00:00,Cyprus,Cyprus,CY,861.93,1092.72,6.91,6.91,tsoc.org.cy,false,
2022-10-18 05:00:00,Cyprus,Cyprus,CY,770.26,979.19,16.81,16.81,tsoc.org.cy,false,
2022-10-18 06:00:00,Cyprus,Cyprus,CY,668.61,853.53,27.79,27.79,tsoc.org.cy,false,
2022-10-18 07:00:00,Cyprus,Cyprus,CY,609.95,781.03,34.13,34.13,tsoc.org.cy,false,
2022-10-18 08:00:00,Cyprus,Cyprus,CY,581.49,745.68,37.2,37.2,tsoc.org.cy,false,
2022-10-18 09:00:00,Cyprus,Cyprus,CY,579.53,743.34,37.41,37.41,tsoc.org.cy,false,
2022-10-18 10:00:00,Cyprus,Cyprus,CY,591.83,758.56,36.08,36.08,tsoc.org.cy,false,
2022-10-18 11:00:00,Cyprus,Cyprus,CY,609.57,780.45,34.17,34.17,tsoc.org.cy,false,
2022-10-18 12:00:00,Cyprus,Cyprus,CY,655.0,836.66,29.26,29.26,tsoc.org.cy,false,
2022-10-18 13:00:00,Cyprus,Cyprus,CY,713.04,908.5,22.99,22.99,tsoc.org.cy,false,
2022-10-18 14:00:00,Cyprus,Cyprus,CY,846.32,1073.45,8.6,8.6,tsoc.org.cy,false,
2022-10-18 15:00:00,Cyprus,Cyprus,CY,907.96,1149.63,1.94,1.94,tsoc.org.cy,false,
2022-10-18 16:00:00,Cyprus,Cyprus,CY,901.66,1141.66,2.62,2.62,tsoc.org.cy,false,
2022-10-18 17:00:00,Cyprus,Cyprus,CY,896.82,1135.73,3.15,3.15,tsoc.org.cy,false,
2022-10-18 18:00:00,Cyprus,Cyprus,CY,895.4,1134.15,3.3,3.3,tsoc.org.cy,false,
2022-10-18 19:00:00,Cyprus,Cyprus,CY,892.95,1131.36,3.56,3.56,tsoc.org.cy,false,
2022-10-18 20:00:00,Cyprus,Cyprus,CY,896.0,1135.42,3.23,3.23,tsoc.org.cy,false,
2022-10-18 21:00:00,Cyprus,Cyprus,CY,886.89,1124.37,4.22,4.22,tsoc.org.cy,false,
2022-10-18 22:00:00,Cyprus,Cyprus,CY,895.23,1135.01,3.32,3.32,tsoc.org.cy,false,
2022-10-18 23:00:00,Cyprus,Cyprus,CY,900.41,1141.62,2.76,2.76,tsoc.org.cy,false,
2022-10-19 00:00:00,Cyprus,Cyprus,CY,896.12,1136.32,3.22,3.22,tsoc.org.cy,false,
2022-10-19 01:00:00,Cyprus,Cyprus,CY,895.02,1134.92,3.34,3.34,tsoc.org.cy,false,
2022-10-19 02:00:00,Cyprus,Cyprus,CY,884.63,1121.73,4.46,4.46,tsoc.org.cy,false,
2022-10-19 03:00:00,Cyprus,Cyprus,CY,860.48,1091.05,7.07,7.07,tsoc.org.cy,false,
2022-10-19 04:00:00,Cyprus,Cyprus,CY,846.23,1073.13,8.61,8.61,tsoc.org.cy,false,
2022-10-19 05:00:00,Cyprus,Cyprus,CY,749.7,953.77,19.03,19.03,tsoc.org.cy,false,
2022-10-19 06:00:00,Cyprus,Cyprus,CY,651.67,832.33,29.62,29.62,tsoc.org.cy,false,
2022-10-19 07:00:00,Cyprus,Cyprus,CY,609.72,780.3,34.15,34.15,tsoc.org.cy,false,
2022-10-19 08:00:00,Cyprus,Cyprus,CY,559.6,717.91,39.56,39.56,tsoc.org.cy,false,
2022-10-19 09:00:00,Cyprus,Cyprus,CY,551.03,707.34,40.49,40.49,tsoc.org.cy,false,
2022-10-19 10:00:00,Cyprus,Cyprus,CY,532.02,683.59,42.54,42.54,tsoc.org.cy,false,
2022-10-19 11:00:00,Cyprus,Cyprus,CY,541.89,695.8,41.48,41.48,tsoc.org.cy,false,
2022-10-19 12:00:00,Cyprus,Cyprus,CY,601.64,769.65,35.02,35.02,tsoc.org.cy,false,
2022-10-19 13:00:00,Cyprus,Cyprus,CY,658.63,839.93,28.87,28.87,tsoc.org.cy,false,
2022-10-19 14:00:00,Cyprus,Cyprus,CY,755.05,959.08,18.46,18.46,tsoc.org.cy,false,
2022-10-19 15:00:00,Cyprus,Cyprus,CY,802.69,1018.12,13.31,13.31,tsoc.org.cy,false,
2022-10-19 16:00:00,Cyprus,Cyprus,CY,801.69,1016.75,13.42,13.42,tsoc.org.cy,false,
2022-10-19 17:00:00,Cyprus,Cyprus,CY,788.83,1000.8,14.81,14.81,tsoc.org.cy,false,
2022-10-19 18:00:00,Cyprus,Cyprus,CY,771.27,979.07,16.7,16.7,tsoc.org.cy,false,
2022-10-19 19:00:00,Cyprus,Cyprus,CY,775.61,986.0,16.24,16.24,tsoc.org.cy,false,
2022-10-19 20:00:00,Cyprus,Cyprus,CY,763.81,971.6,17.51,17.51,tsoc.org.cy,false,
2022-10-19 21:00:00,Cyprus,Cyprus,CY,769.8,979.65,16.86,16.86,tsoc.org.cy,false,
2022-10-19 22:00:00,Cyprus,Cyprus,CY,768.45,978.29,17.01,17.01,tsoc.org.cy,false,
2022-10-19 23:00:00,Cyprus,Cyprus,CY,801.05,1019.22,13.49,13.49,tsoc.org.cy,false,
2022-10-20 00:00:00,Cyprus,Cyprus,CY,813.54,1034.94,12.14,12.14,tsoc.org.cy,false,
2022-10-20 01:00:00,Cyprus,Cyprus,CY,818.42,1040.99,11.61,11.61,tsoc.org.cy,false,
2022-10-20 02:00:00,Cyprus,Cyprus,CY,864.06,1097.72,6.68,6.68,tsoc.org.cy,false,
2022-10-20 03:00:00,Cyprus,Cyprus,CY,844.02,1071.98,8.85,8.85,tsoc.org.cy,false,
2022-10-20 04:00:00,Cyprus,Cyprus,CY,822.96,1045.25,11.12,11.12,tsoc.org.cy,false,
2022-10-20 05:00:00,Cyprus,Cyprus,CY,749.58,953.78,19.05,19.05,tsoc.org.cy,false,
2022-10-20 06:00:00,Cyprus,Cyprus,CY,649.28,829.63,29.88,29.88,tsoc.org.cy,false,
2022-10-20 07:00:00,Cyprus,Cyprus,CY,603.42,772.99,34.83,34.83,tsoc.org.cy,false,
2022-10-20 08:00:00,Cyprus,Cyprus,CY,581.75,746.01,37.17,37.17,tsoc.org.cy,false,
2022-10-20 09:00:00,Cyprus,Cyprus,CY,574.06,736.46,38.0,38.0,tsoc.org.cy,false,
2022-10-20 10:00:00,Cyprus,Cyprus,CY,594.59,762.3,35.79,35.79,tsoc.org.cy,false,
2022-10-20 11:00:00,Cyprus,Cyprus,CY,609.46,780.8,34.18,34.18,tsoc.org.cy,false,
2022-10-20 12:00:00,Cyprus,Cyprus,CY,630.35,806.58,31.92,31.92,tsoc.org.cy,false,
2022-10-20 13:00:00,Cyprus,Cyprus,CY,683.8,872.91,26.15,26.15,tsoc.org.cy,false,
2022-10-20 14:00:00,Cyprus,Cyprus,CY,809.66,1028.76,12.56,12.56,tsoc.org.cy,false,
2022-10-20 15:00:00,Cyprus,Cyprus,CY,864.79,1096.78,6.61,6.61,tsoc.org.cy,false,
2022-10-20 16:00:00,Cyprus,Cyprus,CY,853.67,1082.74,7.81,7.81,tsoc.org.cy,false,
2022-10-20 17:00:00,Cyprus,Cyprus,CY,849.44,1077.64,8.26,8.26,tsoc.org.cy,false,
2022-10-20 18:00:00,Cyprus,Cyprus,CY,845.9,1073.51,8.65,8.65,tsoc.org.cy,false,
2022-10-20 19:00:00,Cyprus,Cyprus,CY,836.22,1060.49,9.69,9.69,tsoc.org.cy,false,
2022-10-20 20:00:00,Cyprus,Cyprus,CY,804.58,1021.2,13.11,13.11,tsoc.org.cy,false,
2022-10-20 21:00:00,Cyprus,Cyprus,CY,762.13,968.51,17.69,17.69,tsoc.org.cy,false,
2022-10-20 22:00:00,Cyprus,Cyprus,CY,783.93,995.97,15.34,15.34,tsoc.org.cy,false,
2022-10-20 23:00:00,Cyprus,Cyprus,CY,814.99,1034.92,11.98,11.98,tsoc.org.cy,false,
2022-10-21 00:00:00,Cyprus,Cyprus,CY,830.64,1054.55,10.29,10.29,tsoc.org.cy,false,
2022-10-21 01:00:00,Cyprus,Cyprus,CY,828.34,1051.67,10.54,10.54,tsoc.org.cy,false,
2022-10-21 02:00:00,Cyprus,Cyprus,CY,787.8,1000.79,14.92,14.92,tsoc.org.cy,false,
2022-10-21 03:00:00,Cyprus,Cyprus,CY,781.97,993.01,15.55,15.55,tsoc.org.cy,false,
2022-10-21 04:00:00,Cyprus,Cyprus,CY,810.55,1028.54,12.46,12.46,tsoc.org.cy,false,
2022-10-21 05:00:00,Cyprus,Cyprus,CY,741.93,943.94,19.87,19.87,tsoc.org.cy,false,
2022-10-21 06:00:00,Cyprus,Cyprus,CY,663.99,848.11,28.29,28.29,tsoc.org.cy,false,
2022-10-21 07:00:00,Cyprus,Cyprus,CY,599.96,769.07,35.21,35.21,tsoc.org.cy,false,
2022-10-21 08:00:00,Cyprus,Cyprus,CY,598.55,767.37,35.36,35.36,tsoc.org.cy,false,
2022-10-21 09:00:00,Cyprus,Cyprus,CY,569.76,731.72,38.47,38.47,tsoc.org.cy,false,
2022-10-21 10:00:00,Cyprus,Cyprus,CY,612.19,784.07,33.89,33.89,tsoc.org.cy,false,
2022-10-21 11:00:00,Cyprus,Cyprus,CY,672.63,858.69,27.36,27.36,tsoc.org.cy,false,
2022-10-21 12:00:00,Cyprus,Cyprus,CY,730.09,929.68,21.15,21.15,tsoc.org.cy,false,
2022-10-21 13:00:00,Cyprus,Cyprus,CY,803.9,1021.02,13.18,13.18,tsoc.org.cy,false,
2022-10-21 14:00:00,Cyprus,Cyprus,CY,853.93,1082.9,7.78,7.78,tsoc.org.cy,false,
2022-10-21 15:00:00,Cyprus,Cyprus,CY,902.87,1143.35,2.49,2.49,tsoc.org.cy,false,
2022-10-21 16:00:00,Cyprus,Cyprus,CY,908.54,1150.37,1.88,1.88,tsoc.org.cy,false,
2022-10-21 17:00:00,Cyprus,Cyprus,CY,915.72,1159.47,1.1,1.1,tsoc.org.cy,false,
2022-10-21 18:00:00,Cyprus,Cyprus,CY,915.27,1159.11,1.15,1.15,tsoc.org.cy,false,
2022-10-21 19:00:00,Cyprus,Cyprus,CY,910.86,1153.83,1.63,1.63,tsoc.org.cy,false,
2022-10-21 20:00:00,Cyprus,Cyprus,CY,897.57,1137.44,3.06,3.06,tsoc.org.cy,false,
2022-10-21 21:00:00,Cyprus,Cyprus,CY,874.87,1109.41,5.52,5.52,tsoc.org.cy,false,
2022-10-21 22:00:00,Cyprus,Cyprus,CY,839.12,1065.0,9.38,9.38,tsoc.org.cy,false,
2022-10-21 23:00:00,Cyprus,Cyprus,CY,824.83,1047.28,10.92,10.92,tsoc.org.cy,false,
2022-10-22 00:00:00,Cyprus,Cyprus,CY,812.82,1032.34,12.22,12.22,tsoc.org.cy,false,
2022-10-22 01:00:00,Cyprus,Cyprus,CY,816.66,1037.13,11.8,11.8,tsoc.org.cy,false,
2022-10-22 02:00:00,Cyprus,Cyprus,CY,825.86,1048.49,10.81,10.81,tsoc.org.cy,false,
2022-10-22 03:00:00,Cyprus,Cyprus,CY,834.24,1058.66,9.9,9.9,tsoc.org.cy,false,
2022-10-22 04:00:00,Cyprus,Cyprus,CY,822.41,1043.87,11.18,11.18,tsoc.org.cy,false,
2022-10-22 05:00:00,Cyprus,Cyprus,CY,707.28,901.38,23.62,23.62,tsoc.org.cy,false,
2022-10-22 06:00:00,Cyprus,Cyprus,CY,591.34,758.19,36.14,36.14,tsoc.org.cy,false,
2022-10-22 07:00:00,Cyprus,Cyprus,CY,507.18,654.11,45.23,45.23,tsoc.org.cy,false,
2022-10-22 08:00:00,Cyprus,Cyprus,CY,466.82,604.26,49.59,49.59,tsoc.org.cy,false,
2022-10-22 09:00:00,Cyprus,Cyprus,CY,456.64,591.75,50.68,50.68,tsoc.org.cy,false,
2022-10-22 10:00:00,Cyprus,Cyprus,CY,463.19,599.89,49.98,49.98,tsoc.org.cy,false,
2022-10-22 11:00:00,Cyprus,Cyprus,CY,482.41,623.67,47.9,47.9,tsoc.org.cy,false,
2022-10-22 12:00:00,Cyprus,Cyprus,CY,553.94,712.16,40.18,40.18,tsoc.org.cy,false,
2022-10-22 13:00:00,Cyprus,Cyprus,CY,686.91,876.6,25.82,25.82,tsoc.org.cy,false,
2022-10-22 14:00:00,Cyprus,Cyprus,CY,828.93,1052.14,10.48,10.48,tsoc.org.cy,false,
2022-10-22 15:00:00,Cyprus,Cyprus,CY,899.46,1139.26,2.86,2.86,tsoc.org.cy,false,
2022-10-22 16:00:00,Cyprus,Cyprus,CY,905.82,1147.11,2.17,2.17,tsoc.org.cy,false,
2022-10-22 17:00:00,Cyprus,Cyprus,CY,903.94,1144.88,2.38,2.38,tsoc.org.cy,false,
2022-10-22 18:00:00,Cyprus,Cyprus,CY,901.86,1142.45,2.6,2.6,tsoc.org.cy,false,
2022-10-22 19:00:00,Cyprus,Cyprus,CY,889.61,1127.33,3.92,3.92,tsoc.org.cy,false,
2022-10-22 20:00:00,Cyprus,Cyprus,CY,880.95,1116.69,4.86,4.86,tsoc.org.cy,false,
2022-10-22 21:00:00,Cyprus,Cyprus,CY,826.51,1048.96,10.74,10.74,tsoc.org.cy,false,
2022-10-22 22:00:00,Cyprus,Cyprus,CY,785.71,998.2,15.15,15.15,tsoc.org.cy,false,
2022-10-22 23:00:00,Cyprus,Cyprus,CY,776.52,986.86,16.14,16.14,tsoc.org.cy,false,
2022-10-23 00:00:00,Cyprus,Cyprus,CY,766.03,973.85,17.27,17.27,tsoc.org.cy,false,
2022-10-23 01:00:00,Cyprus,Cyprus,CY,762.03,968.88,17.7,17.7,tsoc.org.cy,false,
2022-10-23 02:00:00,Cyprus,Cyprus,CY,769.64,978.31,16.88,16.88,tsoc.org.cy,false,
2022-10-23 03:00:00,Cyprus,Cyprus,CY,765.71,973.24,17.31,17.31,tsoc.org.cy,false,
2022-10-23 04:00:00,Cyprus,Cyprus,CY,780.19,991.47,15.74,15.74,tsoc.org.cy,false,
2022-10-23 05:00:00,Cyprus,Cyprus,CY,659.87,843.08,28.74,28.74,tsoc.org.cy,false,
2022-10-23 06:00:00,Cyprus,Cyprus,CY,521.28,671.85,43.7,43.7,tsoc.org.cy,false,
2022-10-23 07:00:00,Cyprus,Cyprus,CY,461.32,597.78,50.18,50.18,tsoc.org.cy,false,
2022-10-23 08:00:00,Cyprus,Cyprus,CY,451.12,585.26,51.28,51.28,tsoc.org.cy,false,
2022-10-23 09:00:00,Cyprus,Cyprus,CY,448.22,581.72,51.59,51.59,tsoc.org.cy,false,
2022-10-23 10:00:00,Cyprus,Cyprus,CY,451.07,585.25,51.29,51.29,tsoc.org.cy,false,
2022-10-23 11:00:00,Cyprus,Cyprus,CY,464.42,601.82,49.84,49.84,tsoc.org.cy,false,
2022-10-23 12:00:00,Cyprus,Cyprus,CY,534.35,688.43,42.29,42.29,tsoc.org.cy,false,
2022-10-23 13:00:00,Cyprus,Cyprus,CY,668.34,854.03,27.82,27.82,tsoc.org.cy,false,
2022-10-23 14:00:00,Cyprus,Cyprus,CY,830.05,1053.87,10.36,10.36,tsoc.org.cy,false,
2022-10-23 15:00:00,Cyprus,Cyprus,CY,909.85,1152.37,1.74,1.74,tsoc.org.cy,false,
2022-10-23 16:00:00,Cyprus,Cyprus,CY,908.82,1150.95,1.85,1.85,tsoc.org.cy,false,
2022-10-23 17:00:00,Cyprus,Cyprus,CY,906.95,1148.7,2.05,2.05,tsoc.org.cy,false,
2022-10-23 18:00:00,Cyprus,Cyprus,CY,866.67,1098.5,6.4,6.4,tsoc.org.cy,false,
2022-10-23 19:00:00,Cyprus,Cyprus,CY,815.45,1034.72,11.93,11.93,tsoc.org.cy,false,
2022-10-23 20:00:00,Cyprus,Cyprus,CY,773.84,982.94,16.43,16.43,tsoc.org.cy,false,
2022-10-23 21:00:00,Cyprus,Cyprus,CY,814.98,1034.73,11.98,11.98,tsoc.org.cy,false,
2022-10-23 22:00:00,Cyprus,Cyprus,CY,801.14,1017.63,13.48,13.48,tsoc.org.cy,false,
2022-10-23 23:00:00,Cyprus,Cyprus,CY,789.88,1003.71,14.7,14.7,tsoc.org.cy,false,
2022-10-24 00:00:00,Cyprus,Cyprus,CY,754.25,959.26,18.54,18.54,tsoc.org.cy,false,
2022-10-24 01:00:00,Cyprus,Cyprus,CY,762.14,969.07,17.69,17.69,tsoc.org.cy,false,
2022-10-24 02:00:00,Cyprus,Cyprus,CY,807.24,1025.19,12.82,12.82,tsoc.org.cy,false,
2022-10-24 03:00:00,Cyprus,Cyprus,CY,864.62,1096.38,6.62,6.62,tsoc.org.cy,false,
2022-10-24 04:00:00,Cyprus,Cyprus,CY,821.74,1042.62,11.25,11.25,tsoc.org.cy,false,
2022-10-24 05:00:00,Cyprus,Cyprus,CY,715.37,911.12,22.74,22.74,tsoc.org.cy,false,
2022-10-24 06:00:00,Cyprus,Cyprus,CY,613.08,784.97,33.79,33.79,tsoc.org.cy,false,
2022-10-24 07:00:00,Cyprus,Cyprus,CY,556.97,715.86,39.85,39.85,tsoc.org.cy,false,
2022-10-24 08:00:00,Cyprus,Cyprus,CY,540.81,695.99,41.59,41.59,tsoc.org.cy,false,
2022-10-24 09:00:00,Cyprus,Cyprus,CY,540.39,695.43,41.64,41.64,tsoc.org.cy,false,
2022-10-24 10:00:00,Cyprus,Cyprus,CY,541.4,696.65,41.53,41.53,tsoc.org.cy,false,
2022-10-24 11:00:00,Cyprus,Cyprus,CY,552.83,710.75,40.3,40.3,tsoc.org.cy,false,
2022-10-24 12:00:00,Cyprus,Cyprus,CY,604.56,774.75,34.71,34.71,tsoc.org.cy,false,
2022-10-24 13:00:00,Cyprus,Cyprus,CY,704.26,898.01,23.94,23.94,tsoc.org.cy,false,
2022-10-24 14:00:00,Cyprus,Cyprus,CY,838.58,1064.05,9.44,9.44,tsoc.org.cy,false,
2022-10-24 15:00:00,Cyprus,Cyprus,CY,910.48,1152.87,1.67,1.67,tsoc.org.cy,false,
2022-10-24 16:00:00,Cyprus,Cyprus,CY,902.48,1142.79,2.53,2.53,tsoc.org.cy,false,
2022-10-24 17:00:00,Cyprus,Cyprus,CY,863.1,1093.7,6.79,6.79,tsoc.org.cy,false,
2022-10-24 18:00:00,Cyprus,Cyprus,CY,820.1,1040.16,11.43,11.43,tsoc.org.cy,false,
2022-10-24 19:00:00,Cyprus,Cyprus,CY,803.83,1020.08,13.19,13.19,tsoc.org.cy,false,
2022-10-24 20:00:00,Cyprus,Cyprus,CY,792.45,1006.11,14.42,14.42,tsoc.org.cy,false,
2022-10-24 21:00:00,Cyprus,Cyprus,CY,815.36,1035.1,11.94,11.94,tsoc.org.cy,false,
2022-10-24 22:00:00,Cyprus,Cyprus,CY,830.43,1054.14,10.32,10.32,tsoc.org.cy,false,
2022-10-24 23:00:00,Cyprus,Cyprus,CY,827.19,1050.25,10.67,10.67,tsoc.org.cy,false,
2022-10-25 00:00:00,Cyprus,Cyprus,CY,824.88,1047.44,10.92,10.92,tsoc.org.cy,false,
2022-10-25 01:00:00,Cyprus,Cyprus,CY,817.13,1037.75,11.75,11.75,tsoc.org.cy,false,
2022-10-25 02:00:00,Cyprus,Cyprus,CY,823.85,1045.93,11.03,11.03,tsoc.org.cy,false,
2022-10-25 03:00:00,Cyprus,Cyprus,CY,858.88,1089.19,7.24,7.24,tsoc.org.cy,false,
2022-10-25 04:00:00,Cyprus,Cyprus,CY,863.09,1094.25,6.79,6.79,tsoc.org.cy,false,
2022-10-25 05:00:00,Cyprus,Cyprus,CY,765.97,974.22,17.28,17.28,tsoc.org.cy,false,
2022-10-25 06:00:00,Cyprus,Cyprus,CY,647.5,827.76,30.07,30.07,tsoc.org.cy,false,
2022-10-25 07:00:00,Cyprus,Cyprus,CY,569.11,730.71,38.54,38.54,tsoc.org.cy,false,
2022-10-25 08:00:00,Cyprus,Cyprus,CY,527.01,678.59,43.08,43.08,tsoc.org.cy,false,
2022-10-25 09:00:00,Cyprus,Cyprus,CY,521.9,672.26,43.64,43.64,tsoc.org.cy,false,
2022-10-25 10:00:00,Cyprus,Cyprus,CY,554.14,712.06,40.15,40.15,tsoc.org.cy,false,
2022-10-25 11:00:00,Cyprus,Cyprus,CY,644.67,824.04,30.38,30.38,tsoc.org.cy,false,
2022-10-25 12:00:00,Cyprus,Cyprus,CY,622.15,796.26,32.81,32.81,tsoc.org.cy,false,
2022-10-25 13:00:00,Cyprus,Cyprus,CY,717.31,913.91,22.53,22.53,tsoc.org.cy,false,
2022-10-25 14:00:00,Cyprus,Cyprus,CY,850.18,1078.26,8.18,8.18,tsoc.org.cy,false,
2022-10-25 15:00:00,Cyprus,Cyprus,CY,908.16,1149.89,1.92,1.92,tsoc.org.cy,false,
2022-10-25 16:00:00,Cyprus,Cyprus,CY,901.76,1141.85,2.61,2.61,tsoc.org.cy,false,
2022-10-25 17:00:00,Cyprus,Cyprus,CY,901.49,1141.63,2.64,2.64,tsoc.org.cy,false,
2022-10-25 18:00:00,Cyprus,Cyprus,CY,893.78,1132.19,3.47,3.47,tsoc.org.cy,false,
2022-10-25 19:00:00,Cyprus,Cyprus,CY,888.37,1125.7,4.06,4.06,tsoc.org.cy,false,
2022-10-25 20:00:00,Cyprus,Cyprus,CY,885.05,1121.79,4.42,4.42,tsoc.org.cy,false,
2022-10-25 21:00:00,Cyprus,Cyprus,CY,869.71,1102.99,6.07,6.07,tsoc.org.cy,false,
2022-10-25 22:00:00,Cyprus,Cyprus,CY,870.22,1103.95,6.02,6.02,tsoc.org.cy,false,
2022-10-25 23:00:00,Cyprus,Cyprus,CY,868.78,1102.19,6.17,6.17,tsoc.org.cy,false,
2022-10-26 00:00:00,Cyprus,Cyprus,CY,865.1,1097.62,6.57,6.57,tsoc.org.cy,false,
2022-10-26 01:00:00,Cyprus,Cyprus,CY,853.66,1083.3,7.81,7.81,tsoc.org.cy,false,
2022-10-26 02:00:00,Cyprus,Cyprus,CY,867.65,1100.58,6.3,6.3,tsoc.org.cy,false,
2022-10-26 03:00:00,Cyprus,Cyprus,CY,890.85,1129.07,3.79,3.79,tsoc.org.cy,false,
2022-10-26 04:00:00,Cyprus,Cyprus,CY,881.64,1117.33,4.79,4.79,tsoc.org.cy,false,
2022-10-26 05:00:00,Cyprus,Cyprus,CY,799.68,1015.93,13.64,13.64,tsoc.org.cy,false,
2022-10-26 06:00:00,Cyprus,Cyprus,CY,688.77,878.79,25.61,25.61,tsoc.org.cy,false,
2022-10-26 07:00:00,Cyprus,Cyprus,CY,613.51,785.68,33.74,33.74,tsoc.org.cy,false,
2022-10-26 08:00:00,Cyprus,Cyprus,CY,584.15,749.32,36.91,36.91,tsoc.org.cy,false,
2022-10-26 09:00:00,Cyprus,Cyprus,CY,572.27,734.57,38.2,38.2,tsoc.org.cy,false,
2022-10-26 10:00:00,Cyprus,Cyprus,CY,584.95,750.08,36.83,36.83,tsoc.org.cy,false,
2022-10-26 11:00:00,Cyprus,Cyprus,CY,623.45,797.34,32.67,32.67,tsoc.org.cy,false,
2022-10-26 12:00:00,Cyprus,Cyprus,CY,678.51,864.8,26.72,26.72,tsoc.org.cy,false,
2022-10-26 13:00:00,Cyprus,Cyprus,CY,752.83,957.18,18.7,18.7,tsoc.org.cy,false,
2022-10-26 14:00:00,Cyprus,Cyprus,CY,866.82,1098.97,6.39,6.39,tsoc.org.cy,false,
2022-10-26 15:00:00,Cyprus,Cyprus,CY,916.67,1160.53,1.0,1.0,tsoc.org.cy,false,
2022-10-26 16:00:00,Cyprus,Cyprus,CY,916.9,1160.76,0.98,0.98,tsoc.org.cy,false,
2022-10-26 17:00:00,Cyprus,Cyprus,CY,911.18,1153.73,1.6,1.6,tsoc.org.cy,false,
2022-10-26 18:00:00,Cyprus,Cyprus,CY,875.11,1108.86,5.49,5.49,tsoc.org.cy,false,
2022-10-26 19:00:00,Cyprus,Cyprus,CY,825.3,1046.85,10.87,10.87,tsoc.org.cy,false,
2022-10-26 20:00:00,Cyprus,Cyprus,CY,832.88,1056.57,10.05,10.05,tsoc.org.cy,false,
2022-10-26 21:00:00,Cyprus,Cyprus,CY,857.19,1087.29,7.43,7.43,tsoc.org.cy,false,
2022-10-26 22:00:00,Cyprus,Cyprus,CY,839.45,1065.35,9.34,9.34,tsoc.org.cy,false,
2022-10-26 23:00:00,Cyprus,Cyprus,CY,819.56,1040.6,11.49,11.49,tsoc.org.cy,false,
2022-10-27 00:00:00,Cyprus,Cyprus,CY,834.8,1059.72,9.84,9.84,tsoc.org.cy,false,
2022-10-27 01:00:00,Cyprus,Cyprus,CY,823.79,1045.93,11.03,11.03,tsoc.org.cy,false,
2022-10-27 02:00:00,Cyprus,Cyprus,CY,823.07,1044.81,11.11,11.11,tsoc.org.cy,false,
2022-10-27 03:00:00,Cyprus,Cyprus,CY,848.88,1076.59,8.32,8.32,tsoc.org.cy,false,
2022-10-27 04:00:00,Cyprus,Cyprus,CY,852.81,1081.29,7.9,7.9,tsoc.org.cy,false,
2022-10-27 05:00:00,Cyprus,Cyprus,CY,774.39,984.31,16.37,16.37,tsoc.org.cy,false,
2022-10-27 06:00:00,Cyprus,Cyprus,CY,685.41,874.52,25.98,25.98,tsoc.org.cy,false,
2022-10-27 07:00:00,Cyprus,Cyprus,CY,604.96,775.11,34.67,34.67,tsoc.org.cy,false,
2022-10-27 08:00:00,Cyprus,Cyprus,CY,567.17,728.4,38.75,38.75,tsoc.org.cy,false,
2022-10-27 09:00:00,Cyprus,Cyprus,CY,554.02,712.18,40.17,40.17,tsoc.org.cy,false,
2022-10-27 10:00:00,Cyprus,Cyprus,CY,558.32,717.5,39.7,39.7,tsoc.org.cy,false,
2022-10-27 11:00:00,Cyprus,Cyprus,CY,591.98,759.11,36.07,36.07,tsoc.org.cy,false,
2022-10-27 12:00:00,Cyprus,Cyprus,CY,649.0,829.63,29.91,29.91,tsoc.org.cy,false,
2022-10-27 13:00:00,Cyprus,Cyprus,CY,749.54,953.94,19.05,19.05,tsoc.org.cy,false,
2022-10-27 14:00:00,Cyprus,Cyprus,CY,859.05,1089.31,7.22,7.22,tsoc.org.cy,false,
2022-10-27 15:00:00,Cyprus,Cyprus,CY,913.59,1156.68,1.33,1.33,tsoc.org.cy,false,
2022-10-27 16:00:00,Cyprus,Cyprus,CY,913.72,1156.81,1.32,1.32,tsoc.org.cy,false,
2022-10-27 17:00:00,Cyprus,Cyprus,CY,916.22,1160.08,1.05,1.05,tsoc.org.cy,false,
2022-10-27 18:00:00,Cyprus,Cyprus,CY,902.25,1142.8,2.56,2.56,tsoc.org.cy,false,
2022-10-27 19:00:00,Cyprus,Cyprus,CY,891.74,1129.87,3.69,3.69,tsoc.org.cy,false,
2022-10-27 20:00:00,Cyprus,Cyprus,CY,890.59,1128.64,3.82,3.82,tsoc.org.cy,false,
2022-10-27 21:00:00,Cyprus,Cyprus,CY,865.2,1097.22,6.56,6.56,tsoc.org.cy,false,
2022-10-27 22:00:00,Cyprus,Cyprus,CY,859.15,1089.92,7.21,7.21,tsoc.org.cy,false,
2022-10-27 23:00:00,Cyprus,Cyprus,CY,848.95,1077.32,8.32,8.32,tsoc.org.cy,false,
2022-10-28 00:00:00,Cyprus,Cyprus,CY,858.26,1089.05,7.31,7.31,tsoc.org.cy,false,
2022-10-28 01:00:00,Cyprus,Cyprus,CY,861.79,1093.49,6.93,6.93,tsoc.org.cy,false,
2022-10-28 02:00:00,Cyprus,Cyprus,CY,866.19,1098.88,6.45,6.45,tsoc.org.cy,false,
2022-10-28 03:00:00,Cyprus,Cyprus,CY,874.44,1108.95,5.56,5.56,tsoc.org.cy,false,
2022-10-28 04:00:00,Cyprus,Cyprus,CY,866.07,1098.43,6.47,6.47,tsoc.org.cy,false,
2022-10-28 05:00:00,Cyprus,Cyprus,CY,742.52,945.47,19.81,19.81,tsoc.org.cy,false,
2022-10-28 06:00:00,Cyprus,Cyprus,CY,616.11,789.25,33.46,33.46,tsoc.org.cy,false,
2022-10-28 07:00:00,Cyprus,Cyprus,CY,538.46,693.35,41.85,41.85,tsoc.org.cy,false,
2022-10-28 08:00:00,Cyprus,Cyprus,CY,491.03,634.72,46.97,46.97,tsoc.org.cy,false,
2022-10-28 09:00:00,Cyprus,Cyprus,CY,479.71,620.69,48.19,48.19,tsoc.org.cy,false,
2022-10-28 10:00:00,Cyprus,Cyprus,CY,484.63,626.74,47.66,47.66,tsoc.org.cy,false,
2022-10-28 11:00:00,Cyprus,Cyprus,CY,517.83,667.79,44.08,44.08,tsoc.org.cy,false,
2022-10-28 12:00:00,Cyprus,Cyprus,CY,597.44,766.24,35.48,35.48,tsoc.org.cy,false,
2022-10-28 13:00:00,Cyprus,Cyprus,CY,711.63,907.27,23.15,23.15,tsoc.org.cy,false,
2022-10-28 14:00:00,Cyprus,Cyprus,CY,854.72,1084.21,7.69,7.69,tsoc.org.cy,false,
2022-10-28 15:00:00,Cyprus,Cyprus,CY,914.16,1157.59,1.27,1.27,tsoc.org.cy,false,
2022-10-28 16:00:00,Cyprus,Cyprus,CY,915.68,1159.43,1.11,1.11,tsoc.org.cy,false,
2022-10-28 17:00:00,Cyprus,Cyprus,CY,910.42,1152.97,1.68,1.68,tsoc.org.cy,false,
2022-10-28 18:00:00,Cyprus,Cyprus,CY,914.41,1158.13,1.25,1.25,tsoc.org.cy,false,
2022-10-28 19:00:00,Cyprus,Cyprus,CY,897.11,1136.7,3.11,3.11,tsoc.org.cy,false,
2022-10-28 20:00:00,Cyprus,Cyprus,CY,856.65,1086.34,7.48,7.48,tsoc.org.cy,false,
2022-10-28 21:00:00,Cyprus,Cyprus,CY,843.11,1069.72,8.95,8.95,tsoc.org.cy,false,
2022-10-28 22:00:00,Cyprus,Cyprus,CY,848.37,1076.51,8.38,8.38,tsoc.org.cy,false,
2022-10-28 23:00:00,Cyprus,Cyprus,CY,833.49,1058.05,9.99,9.99,tsoc.org.cy,false,
2022-10-29 00:00:00,Cyprus,Cyprus,CY,807.72,1025.91,12.77,12.77,tsoc.org.cy,false,
2022-10-29 01:00:00,Cyprus,Cyprus,CY,799.11,1015.17,13.7,13.7,tsoc.org.cy,false,
2022-10-29 02:00:00,Cyprus,Cyprus,CY,813.28,1032.78,12.17,12.17,tsoc.org.cy,false,
2022-10-29 03:00:00,Cyprus,Cyprus,CY,828.01,1050.92,10.58,10.58,tsoc.org.cy,false,
2022-10-29 04:00:00,Cyprus,Cyprus,CY,825.97,1048.32,10.8,10.8,tsoc.org.cy,false,
2022-10-29 05:00:00,Cyprus,Cyprus,CY,732.23,932.6,20.92,20.92,tsoc.org.cy,false,
2022-10-29 06:00:00,Cyprus,Cyprus,CY,607.95,779.13,34.34,34.34,tsoc.org.cy,false,
2022-10-29 07:00:00,Cyprus,Cyprus,CY,526.79,678.84,43.11,43.11,tsoc.org.cy,false,
2022-10-29 08:00:00,Cyprus,Cyprus,CY,486.91,629.55,47.42,47.42,tsoc.org.cy,false,
2022-10-29 09:00:00,Cyprus,Cyprus,CY,485.04,627.15,47.62,47.62,tsoc.org.cy,false,
2022-10-29 10:00:00,Cyprus,Cyprus,CY,485.37,627.55,47.58,47.58,tsoc.org.cy,false,
2022-10-29 11:00:00,Cyprus,Cyprus,CY,516.32,665.8,44.24,44.24,tsoc.org.cy,false,
2022-10-29 12:00:00,Cyprus,Cyprus,CY,564.38,725.06,39.05,39.05,tsoc.org.cy,false,
2022-10-29 13:00:00,Cyprus,Cyprus,CY,683.75,872.56,26.16,26.16,tsoc.org.cy,false,
2022-10-29 14:00:00,Cyprus,Cyprus,CY,828.65,1051.61,10.51,10.51,tsoc.org.cy,false,
2022-10-29 15:00:00,Cyprus,Cyprus,CY,893.64,1131.96,3.49,3.49,tsoc.org.cy,false,
2022-10-29 16:00:00,Cyprus,Cyprus,CY,900.67,1140.68,2.73,2.73,tsoc.org.cy,false,
2022-10-29 17:00:00,Cyprus,Cyprus,CY,890.93,1128.64,3.78,3.78,tsoc.org.cy,false,
2022-10-29 18:00:00,Cyprus,Cyprus,CY,884.01,1120.19,4.53,4.53,tsoc.org.cy,false,
2022-10-29 19:00:00,Cyprus,Cyprus,CY,872.73,1106.29,5.75,5.75,tsoc.org.cy,false,
2022-10-29 20:00:00,Cyprus,Cyprus,CY,879.28,1114.64,5.04,5.04,tsoc.org.cy,false,
2022-10-29 21:00:00,Cyprus,Cyprus,CY,871.1,1104.72,5.92,5.92,tsoc.org.cy,false,
2022-10-29 22:00:00,Cyprus,Cyprus,CY,849.47,1077.92,8.26,8.26,tsoc.org.cy,false,
2022-10-29 23:00:00,Cyprus,Cyprus,CY,824.76,1047.2,10.93,10.93,tsoc.org.cy,false,
2022-10-30 00:00:00,Cyprus,Cyprus,CY,833.42,1058.14,9.99,9.99,tsoc.org.cy,false,
2022-10-30 01:00:00,Cyprus,Cyprus,CY,832.19,1056.62,10.13,10.13,Electricity Maps Estimation,true,ESTIMATED_TIME_SLICER_AVERAGE
2022-10-30 02:00:00,Cyprus,Cyprus,CY,830.95,1055.08,10.26,10.26,tsoc.org.cy,false,
2022-10-30 03:00:00,Cyprus,Cyprus,CY,793.0,1007.56,14.36,14.36,tsoc.org.cy,false,
2022-10-30 04:00:00,Cyprus,Cyprus,CY,798.78,1014.78,13.73,13.73,tsoc.org.cy,false,
2022-10-30 05:00:00,Cyprus,Cyprus,CY,697.93,890.08,24.63,24.63,tsoc.org.cy,false,
2022-10-30 06:00:00,Cyprus,Cyprus,CY,581.8,746.75,37.17,37.17,tsoc.org.cy,false,
2022-10-30 07:00:00,Cyprus,Cyprus,CY,508.5,656.17,45.08,45.08,tsoc.org.cy,false,
2022-10-30 08:00:00,Cyprus,Cyprus,CY,485.18,627.35,47.6,47.6,tsoc.org.cy,false,
2022-10-30 09:00:00,Cyprus,Cyprus,CY,465.54,603.01,49.72,49.72,tsoc.org.cy,false,
2022-10-30 10:00:00,Cyprus,Cyprus,CY,476.6,616.72,48.53,48.53,tsoc.org.cy,false,
2022-10-30 11:00:00,Cyprus,Cyprus,CY,516.23,665.8,44.25,44.25,tsoc.org.cy,false,
2022-10-30 12:00:00,Cyprus,Cyprus,CY,600.53,770.14,35.14,35.14,tsoc.org.cy,false,
2022-10-30 13:00:00,Cyprus,Cyprus,CY,723.56,922.2,21.86,21.86,tsoc.org.cy,false,
2022-10-30 14:00:00,Cyprus,Cyprus,CY,858.0,1088.33,7.34,7.34,tsoc.org.cy,false,
2022-10-30 15:00:00,Cyprus,Cyprus,CY,901.34,1141.71,2.66,2.66,tsoc.org.cy,false,
2022-10-30 16:00:00,Cyprus,Cyprus,CY,897.55,1136.88,3.07,3.07,tsoc.org.cy,false,
2022-10-30 17:00:00,Cyprus,Cyprus,CY,879.59,1114.49,5.01,5.01,tsoc.org.cy,false,
2022-10-30 18:00:00,Cyprus,Cyprus,CY,840.89,1066.24,9.19,9.19,tsoc.org.cy,false,
2022-10-30 19:00:00,Cyprus,Cyprus,CY,803.44,1019.6,13.23,13.23,tsoc.org.cy,false,
2022-10-30 20:00:00,Cyprus,Cyprus,CY,790.86,1004.1,14.59,14.59,tsoc.org.cy,false,
2022-10-30 21:00:00,Cyprus,Cyprus,CY,787.69,1000.37,14.93,14.93,tsoc.org.cy,false,
2022-10-30 22:00:00,Cyprus,Cyprus,CY,767.95,976.02,17.06,17.06,tsoc.org.cy,false,
2022-10-30 23:00:00,Cyprus,Cyprus,CY,769.52,978.18,16.89,16.89,tsoc.org.cy,false,
2022-10-31 00:00:00,Cyprus,Cyprus,CY,769.79,978.64,16.86,16.86,tsoc.org.cy,false,
2022-10-31 01:00:00,Cyprus,Cyprus,CY,757.91,963.82,18.15,18.15,tsoc.org.cy,false,
2022-10-31 02:00:00,Cyprus,Cyprus,CY,804.58,1022.09,13.11,13.11,tsoc.org.cy,false,
2022-10-31 03:00:00,Cyprus,Cyprus,CY,839.64,1065.65,9.32,9.32,tsoc.org.cy,false,
2022-10-31 04:00:00,Cyprus,Cyprus,CY,861.69,1092.83,6.94,6.94,tsoc.org.cy,false,
2022-10-31 05:00:00,Cyprus,Cyprus,CY,793.0,1007.65,14.36,14.36,tsoc.org.cy,false,
2022-10-31 06:00:00,Cyprus,Cyprus,CY,684.8,873.82,26.04,26.04,tsoc.org.cy,false,
2022-10-31 07:00:00,Cyprus,Cyprus,CY,624.52,799.35,32.55,32.55,tsoc.org.cy,false,
2022-10-31 08:00:00,Cyprus,Cyprus,CY,585.62,751.34,36.75,36.75,tsoc.org.cy,false,
2022-10-31 09:00:00,Cyprus,Cyprus,CY,563.33,723.72,39.16,39.16,tsoc.org.cy,false,
2022-10-31 10:00:00,Cyprus,Cyprus,CY,547.17,703.4,40.91,40.91,tsoc.org.cy,false,
2022-10-31 11:00:00,Cyprus,Cyprus,CY,612.83,784.46,33.82,33.82,tsoc.org.cy,false,
2022-10-31 12:00:00,Cyprus,Cyprus,CY,662.1,845.09,28.5,28.5,tsoc.org.cy,false,
2022-10-31 13:00:00,Cyprus,Cyprus,CY,753.17,957.82,18.66,18.66,tsoc.org.cy,false,
2022-10-31 14:00:00,Cyprus,Cyprus,CY,853.15,1081.61,7.86,7.86,tsoc.org.cy,false,
2022-10-31 15:00:00,Cyprus,Cyprus,CY,863.34,1093.88,6.76,6.76,tsoc.org.cy,false,
2022-10-31 16:00:00,Cyprus,Cyprus,CY,851.08,1078.52,8.09,8.09,tsoc.org.cy,false,
2022-10-31 17:00:00,Cyprus,Cyprus,CY,818.56,1037.95,11.6,11.6,tsoc.org.cy,false,
2022-10-31 18:00:00,Cyprus,Cyprus,CY,812.71,1030.77,12.23,12.23,tsoc.org.cy,false,
2022-10-31 19:00:00,Cyprus,Cyprus,CY,835.53,1059.48,9.77,9.77,tsoc.org.cy,false,
2022-10-31 20:00:00,Cyprus,Cyprus,CY,820.89,1041.47,11.35,11.35,tsoc.org.cy,false,
2022-10-31 21:00:00,Cyprus,Cyprus,CY,837.71,1062.77,9.53,9.53,tsoc.org.cy,false,
2022-10-31 22:00:00,Cyprus,Cyprus,CY,885.66,1123.04,4.35,4.35,tsoc.org.cy,false,
2022-10-31 23:00:00,Cyprus,Cyprus,CY,881.05,1117.5,4.85,4.85,tsoc.org.cy,false,
2022-11-01 00:00:00,Cyprus,Cyprus,CY,856.07,1086.39,7.55,7.55,tsoc.org.cy,false,
2022-11-01 01:00:00,Cyprus,Cyprus,CY,832.25,1056.72,10.12,10.12,tsoc.org.cy,false,
2022-11-01 02:00:00,Cyprus,Cyprus,CY,825.81,1048.65,10.81,10.81,tsoc.org.cy,false,
2022-11-01 03:00:00,Cyprus,Cyprus,CY,798.67,1014.45,13.75,13.75,tsoc.org.cy,false,
2022-11-01 04:00:00,Cyprus,Cyprus,CY,825.37,1047.44,10.86,10.86,tsoc.org.cy,false,
2022-11-01 05:00:00,Cyprus,Cyprus,CY,761.77,968.73,17.73,17.73,tsoc.org.cy,false,
2022-11-01 06:00:00,Cyprus,Cyprus,CY,694.15,885.39,25.03,25.03,tsoc.org.cy,false,
2022-11-01 07:00:00,Cyprus,Cyprus,CY,622.92,797.49,32.73,32.73,tsoc.org.cy,false,
2022-11-01 08:00:00,Cyprus,Cyprus,CY,582.69,747.78,37.07,37.07,tsoc.org.cy,false,
2022-11-01 09:00:00,Cyprus,Cyprus,CY,572.03,734.56,38.22,38.22,tsoc.org.cy,false,
2022-11-01 10:00:00,Cyprus,Cyprus,CY,594.32,762.05,35.82,35.82,tsoc.org.cy,false,
2022-11-01 11:00:00,Cyprus,Cyprus,CY,689.49,879.55,25.54,25.54,tsoc.org.cy,false,
2022-11-01 12:00:00,Cyprus,Cyprus,CY,757.38,963.42,18.21,18.21,tsoc.org.cy,false,
2022-11-01 13:00:00,Cyprus,Cyprus,CY,830.98,1054.56,10.26,10.26,tsoc.org.cy,false,
2022-11-01 14:00:00,Cyprus,Cyprus,CY,876.2,1110.37,5.37,5.37,tsoc.org.cy,false,
2022-11-01 15:00:00,Cyprus,Cyprus,CY,896.92,1135.87,3.14,3.14,tsoc.org.cy,false,
2022-11-01 16:00:00,Cyprus,Cyprus,CY,895.64,1134.22,3.27,3.27,tsoc.org.cy,false,
2022-11-01 17:00:00,Cyprus,Cyprus,CY,864.14,1094.91,6.68,6.68,tsoc.org.cy,false,
2022-11-01 18:00:00,Cyprus,Cyprus,CY,856.97,1086.09,7.45,7.45,tsoc.org.cy,false,
2022-11-01 19:00:00,Cyprus,Cyprus,CY,857.6,1087.08,7.38,7.38,tsoc.org.cy,false,
2022-11-01 20:00:00,Cyprus,Cyprus,CY,882.12,1118.04,4.73,4.73,tsoc.org.cy,false,
2022-11-01 21:00:00,Cyprus,Cyprus,CY,894.06,1133.24,3.44,3.44,tsoc.org.cy,false,
2022-11-01 22:00:00,Cyprus,Cyprus,CY,896.22,1136.28,3.21,3.21,tsoc.org.cy,false,
2022-11-01 23:00:00,Cyprus,Cyprus,CY,875.06,1110.07,5.5,5.5,tsoc.org.cy,false,
2022-11-02 00:00:00,Cyprus,Cyprus,CY,859.28,1090.45,7.2,7.2,tsoc.org.cy,false,
2022-11-02 01:00:00,Cyprus,Cyprus,CY,864.59,1097.14,6.63,6.63,tsoc.org.cy,false,
2022-11-02 02:00:00,Cyprus,Cyprus,CY,861.86,1093.68,6.92,6.92,tsoc.org.cy,false,
2022-11-02 03:00:00,Cyprus,Cyprus,CY,879.02,1114.86,5.07,5.07,tsoc.org.cy,false,
2022-11-02 04:00:00,Cyprus,Cyprus,CY,892.51,1131.32,3.61,3.61,tsoc.org.cy,false,
2022-11-02 05:00:00,Cyprus,Cyprus,CY,786.75,1000.23,15.03,15.03,tsoc.org.cy,false,
2022-11-02 06:00:00,Cyprus,Cyprus,CY,661.51,845.31,28.56,28.56,tsoc.org.cy,false,
2022-11-02 07:00:00,Cyprus,Cyprus,CY,583.56,748.92,36.98,36.98,tsoc.org.cy,false,
2022-11-02 08:00:00,Cyprus,Cyprus,CY,546.65,703.27,40.96,40.96,tsoc.org.cy,false,
2022-11-02 09:00:00,Cyprus,Cyprus,CY,533.9,687.49,42.34,42.34,tsoc.org.cy,false,
2022-11-02 10:00:00,Cyprus,Cyprus,CY,536.28,690.39,42.08,42.08,tsoc.org.cy,false,
2022-11-02 11:00:00,Cyprus,Cyprus,CY,566.83,728.07,38.78,38.78,tsoc.org.cy,false,
2022-11-02 12:00:00,Cyprus,Cyprus,CY,614.78,787.18,33.61,33.61,tsoc.org.cy,false,
2022-11-02 13:00:00,Cyprus,Cyprus,CY,702.89,895.94,24.09,24.09,tsoc.org.cy,false,
2022-11-02 14:00:00,Cyprus,Cyprus,CY,844.52,1071.12,8.79,8.79,tsoc.org.cy,false,
2022-11-02 15:00:00,Cyprus,Cyprus,CY,883.81,1119.52,4.55,4.55,tsoc.org.cy,false,
2022-11-02 16:00:00,Cyprus,Cyprus,CY,854.22,1082.48,7.75,7.75,tsoc.org.cy,false,
2022-11-02 17:00:00,Cyprus,Cyprus,CY,861.43,1091.55,6.97,6.97,tsoc.org.cy,false,
2022-11-02 18:00:00,Cyprus,Cyprus,CY,866.89,1098.51,6.38,6.38,tsoc.org.cy,false,
2022-11-02 19:00:00,Cyprus,Cyprus,CY,861.92,1092.51,6.92,6.92,tsoc.org.cy,false,
2022-11-02 20:00:00,Cyprus,Cyprus,CY,827.78,1050.13,10.6,10.6,tsoc.org.cy,false,
2022-11-02 21:00:00,Cyprus,Cyprus,CY,811.34,1029.88,12.38,12.38,tsoc.org.cy,false,
2022-11-02 22:00:00,Cyprus,Cyprus,CY,809.74,1028.22,12.55,12.55,tsoc.org.cy,false,
2022-11-02 23:00:00,Cyprus,Cyprus,CY,826.1,1048.9,10.78,10.78,tsoc.org.cy,false,
2022-11-03 00:00:00,Cyprus,Cyprus,CY,849.93,1078.79,8.21,8.21,tsoc.org.cy,false,
2022-11-03 01:00:00,Cyprus,Cyprus,CY,856.8,1087.41,7.47,7.47,tsoc.org.cy,false,
2022-11-03 02:00:00,Cyprus,Cyprus,CY,860.94,1092.54,7.02,7.02,tsoc.org.cy,false,
2022-11-03 03:00:00,Cyprus,Cyprus,CY,873.27,1107.69,5.69,5.69,tsoc.org.cy,false,
2022-11-03 04:00:00,Cyprus,Cyprus,CY,876.08,1110.89,5.39,5.39,tsoc.org.cy,false,
2022-11-03 05:00:00,Cyprus,Cyprus,CY,765.45,973.86,17.33,17.33,tsoc.org.cy,false,
2022-11-03 06:00:00,Cyprus,Cyprus,CY,635.66,813.34,31.35,31.35,tsoc.org.cy,false,
2022-11-03 07:00:00,Cyprus,Cyprus,CY,570.72,733.06,38.36,38.36,tsoc.org.cy,false,
2022-11-03 08:00:00,Cyprus,Cyprus,CY,539.74,694.73,41.71,41.71,tsoc.org.cy,false,
2022-11-03 09:00:00,Cyprus,Cyprus,CY,532.03,685.14,42.54,42.54,tsoc.org.cy,false,
2022-11-03 10:00:00,Cyprus,Cyprus,CY,535.11,688.88,42.21,42.21,tsoc.org.cy,false,
2022-11-03 11:00:00,Cyprus,Cyprus,CY,558.24,717.45,39.71,39.71,tsoc.org.cy,false,
2022-11-03 12:00:00,Cyprus,Cyprus,CY,616.64,789.6,33.4,33.4,tsoc.org.cy,false,
2022-11-03 13:00:00,Cyprus,Cyprus,CY,713.35,909.06,22.96,22.96,tsoc.org.cy,false,
2022-11-03 14:00:00,Cyprus,Cyprus,CY,849.96,1077.95,8.21,8.21,tsoc.org.cy,false,
2022-11-03 15:00:00,Cyprus,Cyprus,CY,896.63,1135.54,3.17,3.17,tsoc.org.cy,false,
2022-11-03 16:00:00,Cyprus,Cyprus,CY,902.73,1143.11,2.51,2.51,tsoc.org.cy,false,
2022-11-03 17:00:00,Cyprus,Cyprus,CY,896.89,1135.87,3.14,3.14,tsoc.org.cy,false,
2022-11-03 18:00:00,Cyprus,Cyprus,CY,896.9,1136.01,3.14,3.14,tsoc.org.cy,false,
2022-11-03 19:00:00,Cyprus,Cyprus,CY,901.32,1141.73,2.66,2.66,tsoc.org.cy,false,
2022-11-03 20:00:00,Cyprus,Cyprus,CY,903.24,1144.41,2.45,2.45,tsoc.org.cy,false,
2022-11-03 21:00:00,Cyprus,Cyprus,CY,903.82,1145.41,2.39,2.39,tsoc.org.cy,false,
2022-11-03 22:00:00,Cyprus,Cyprus,CY,886.39,1123.99,4.27,4.27,tsoc.org.cy,false,
2022-11-03 23:00:00,Cyprus,Cyprus,CY,875.17,1110.19,5.48,5.48,tsoc.org.cy,false,
2022-11-04 00:00:00,Cyprus,Cyprus,CY,883.61,1120.88,4.57,4.57,tsoc.org.cy,false,
2022-11-04 01:00:00,Cyprus,Cyprus,CY,896.93,1137.57,3.13,3.13,tsoc.org.cy,false,
2022-11-04 02:00:00,Cyprus,Cyprus,CY,907.49,1150.72,1.99,1.99,tsoc.org.cy,false,
2022-11-04 03:00:00,Cyprus,Cyprus,CY,910.61,1154.38,1.66,1.66,tsoc.org.cy,false,
2022-11-04 04:00:00,Cyprus,Cyprus,CY,902.8,1144.26,2.5,2.5,tsoc.org.cy,false,
2022-11-04 05:00:00,Cyprus,Cyprus,CY,788.46,1002.51,14.85,14.85,tsoc.org.cy,false,
2022-11-04 06:00:00,Cyprus,Cyprus,CY,653.24,835.13,29.45,29.45,tsoc.org.cy,false,
2022-11-04 07:00:00,Cyprus,Cyprus,CY,575.36,738.79,37.86,37.86,tsoc.org.cy,false,
2022-11-04 08:00:00,Cyprus,Cyprus,CY,537.24,691.64,41.98,41.98,tsoc.org.cy,false,
2022-11-04 09:00:00,Cyprus,Cyprus,CY,519.54,669.73,43.89,43.89,tsoc.org.cy,false,
2022-11-04 10:00:00,Cyprus,Cyprus,CY,528.66,680.91,42.91,42.91,tsoc.org.cy,false,
2022-11-04 11:00:00,Cyprus,Cyprus,CY,557.96,717.05,39.74,39.74,tsoc.org.cy,false,
2022-11-04 12:00:00,Cyprus,Cyprus,CY,611.82,783.51,33.92,33.92,tsoc.org.cy,false,
2022-11-04 13:00:00,Cyprus,Cyprus,CY,726.83,925.7,21.5,21.5,tsoc.org.cy,false,
2022-11-04 14:00:00,Cyprus,Cyprus,CY,862.27,1093.31,6.88,6.88,tsoc.org.cy,false,
2022-11-04 15:00:00,Cyprus,Cyprus,CY,898.29,1137.68,2.99,2.99,tsoc.org.cy,false,
2022-11-04 16:00:00,Cyprus,Cyprus,CY,890.37,1127.73,3.84,3.84,tsoc.org.cy,false,
2022-11-04 17:00:00,Cyprus,Cyprus,CY,870.73,1103.26,5.96,5.96,tsoc.org.cy,false,
2022-11-04 18:00:00,Cyprus,Cyprus,CY,870.34,1102.93,6.01,6.01,tsoc.org.cy,false,
2022-11-04 19:00:00,Cyprus,Cyprus,CY,879.1,1114.09,5.06,5.06,tsoc.org.cy,false,
2022-11-04 20:00:00,Cyprus,Cyprus,CY,884.15,1120.64,4.51,4.51,tsoc.org.cy,false,
2022-11-04 21:00:00,Cyprus,Cyprus,CY,885.94,1123.11,4.32,4.32,tsoc.org.cy,false,
2022-11-04 22:00:00,Cyprus,Cyprus,CY,885.77,1123.21,4.34,4.34,tsoc.org.cy,false,
2022-11-04 23:00:00,Cyprus,Cyprus,CY,898.4,1139.3,2.98,2.98,tsoc.org.cy,false,
2022-11-05 00:00:00,Cyprus,Cyprus,CY,907.05,1150.27,2.04,2.04,tsoc.org.cy,false,
2022-11-05 01:00:00,Cyprus,Cyprus,CY,906.76,1149.97,2.07,2.07,tsoc.org.cy,false,
2022-11-05 02:00:00,Cyprus,Cyprus,CY,906.98,1150.2,2.05,2.05,tsoc.org.cy,false,
2022-11-05 03:00:00,Cyprus,Cyprus,CY,906.11,1148.88,2.14,2.14,tsoc.org.cy,false,
2022-11-05 04:00:00,Cyprus,Cyprus,CY,899.44,1140.43,2.86,2.86,tsoc.org.cy,false,
2022-11-05 05:00:00,Cyprus,Cyprus,CY,776.27,987.8,16.16,16.16,tsoc.org.cy,false,
2022-11-05 06:00:00,Cyprus,Cyprus,CY,623.76,798.99,32.64,32.64,tsoc.org.cy,false,
2022-11-05 07:00:00,Cyprus,Cyprus,CY,546.97,703.98,40.93,40.93,tsoc.org.cy,false,
2022-11-05 08:00:00,Cyprus,Cyprus,CY,513.23,662.24,44.57,44.57,tsoc.org.cy,false,
2022-11-05 09:00:00,Cyprus,Cyprus,CY,494.7,639.31,46.57,46.57,tsoc.org.cy,false,
2022-11-05 10:00:00,Cyprus,Cyprus,CY,493.87,638.19,46.66,46.66,tsoc.org.cy,false,
2022-11-05 11:00:00,Cyprus,Cyprus,CY,530.68,683.73,42.69,42.69,tsoc.org.cy,false,
2022-11-05 12:00:00,Cyprus,Cyprus,CY,594.93,763.2,35.75,35.75,tsoc.org.cy,false,
2022-11-05 13:00:00,Cyprus,Cyprus,CY,721.94,920.23,22.03,22.03,tsoc.org.cy,false,
2022-11-05 14:00:00,Cyprus,Cyprus,CY,874.9,1109.31,5.51,5.51,tsoc.org.cy,false,
2022-11-05 15:00:00,Cyprus,Cyprus,CY,915.59,1159.43,1.12,1.12,tsoc.org.cy,false,
2022-11-05 16:00:00,Cyprus,Cyprus,CY,914.6,1158.13,1.23,1.23,tsoc.org.cy,false,
2022-11-05 17:00:00,Cyprus,Cyprus,CY,915.58,1159.42,1.12,1.12,tsoc.org.cy,false,
2022-11-05 18:00:00,Cyprus,Cyprus,CY,914.51,1158.23,1.24,1.24,tsoc.org.cy,false,
2022-11-05 19:00:00,Cyprus,Cyprus,CY,906.81,1148.8,2.07,2.07,tsoc.org.cy,false,
2022-11-05 20:00:00,Cyprus,Cyprus,CY,895.77,1135.22,3.26,3.26,tsoc.org.cy,false,
2022-11-05 21:00:00,Cyprus,Cyprus,CY,889.46,1127.55,3.94,3.94,tsoc.org.cy,false,
2022-11-05 22:00:00,Cyprus,Cyprus,CY,881.35,1117.74,4.82,4.82,tsoc.org.cy,false,
2022-11-05 23:00:00,Cyprus,Cyprus,CY,860.28,1091.61,7.09,7.09,tsoc.org.cy,false,
2022-11-06 00:00:00,Cyprus,Cyprus,CY,881.0,1117.67,4.85,4.85,tsoc.org.cy,false,
2022-11-06 01:00:00,Cyprus,Cyprus,CY,904.1,1146.62,2.36,2.36,tsoc.org.cy,false,
2022-11-06 02:00:00,Cyprus,Cyprus,CY,904.09,1146.6,2.36,2.36,tsoc.org.cy,false,
2022-11-06 03:00:00,Cyprus,Cyprus,CY,898.53,1139.55,2.96,2.96,tsoc.org.cy,false,
2022-11-06 04:00:00,Cyprus,Cyprus,CY,896.21,1136.61,3.21,3.21,tsoc.org.cy,false,
2022-11-06 05:00:00,Cyprus,Cyprus,CY,760.91,969.03,17.82,17.82,tsoc.org.cy,false,
2022-11-06 06:00:00,Cyprus,Cyprus,CY,598.95,768.68,35.32,35.32,tsoc.org.cy,false,
2022-11-06 07:00:00,Cyprus,Cyprus,CY,525.02,677.21,43.3,43.3,tsoc.org.cy,false,
2022-11-06 08:00:00,Cyprus,Cyprus,CY,499.71,645.83,46.03,46.03,tsoc.org.cy,false,
2022-11-06 09:00:00,Cyprus,Cyprus,CY,490.01,633.78,47.08,47.08,tsoc.org.cy,false,
2022-11-06 10:00:00,Cyprus,Cyprus,CY,484.1,626.37,47.72,47.72,tsoc.org.cy,false,
2022-11-06 11:00:00,Cyprus,Cyprus,CY,512.4,661.38,44.66,44.66,tsoc.org.cy,false,
2022-11-06 12:00:00,Cyprus,Cyprus,CY,594.72,763.18,35.77,35.77,tsoc.org.cy,false,
2022-11-06 13:00:00,Cyprus,Cyprus,CY,724.04,922.98,21.81,21.81,tsoc.org.cy,false,
2022-11-06 14:00:00,Cyprus,Cyprus,CY,869.42,1102.63,6.1,6.1,tsoc.org.cy,false,
2022-11-06 15:00:00,Cyprus,Cyprus,CY,893.56,1132.04,3.5,3.5,tsoc.org.cy,false,
2022-11-06 16:00:00,Cyprus,Cyprus,CY,878.87,1113.56,5.08,5.08,tsoc.org.cy,false,
2022-11-06 17:00:00,Cyprus,Cyprus,CY,874.04,1107.57,5.61,5.61,tsoc.org.cy,false,
2022-11-06 18:00:00,Cyprus,Cyprus,CY,888.91,1126.27,4.0,4.0,tsoc.org.cy,false,
2022-11-06 19:00:00,Cyprus,Cyprus,CY,893.76,1132.51,3.48,3.48,tsoc.org.cy,false,
2022-11-06 20:00:00,Cyprus,Cyprus,CY,900.54,1141.24,2.74,2.74,tsoc.org.cy,false,
2022-11-06 21:00:00,Cyprus,Cyprus,CY,900.08,1140.93,2.79,2.79,tsoc.org.cy,false,
2022-11-06 22:00:00,Cyprus,Cyprus,CY,886.56,1124.36,4.25,4.25,tsoc.org.cy,false,
2022-11-06 23:00:00,Cyprus,Cyprus,CY,893.1,1132.75,3.55,3.55,tsoc.org.cy,false,
2022-11-07 00:00:00,Cyprus,Cyprus,CY,898.32,1139.41,2.98,2.98,tsoc.org.cy,false,
2022-11-07 01:00:00,Cyprus,Cyprus,CY,895.18,1135.52,3.32,3.32,tsoc.org.cy,false,
2022-11-07 02:00:00,Cyprus,Cyprus,CY,896.17,1136.73,3.22,3.22,tsoc.org.cy,false,
2022-11-07 03:00:00,Cyprus,Cyprus,CY,906.87,1149.8,2.06,2.06,tsoc.org.cy,false,
2022-11-07 04:00:00,Cyprus,Cyprus,CY,895.93,1135.74,3.24,3.24,tsoc.org.cy,false,
2022-11-07 05:00:00,Cyprus,Cyprus,CY,792.91,1008.01,14.37,14.37,tsoc.org.cy,false,
2022-11-07 06:00:00,Cyprus,Cyprus,CY,667.48,852.7,27.91,27.91,tsoc.org.cy,false,
2022-11-07 07:00:00,Cyprus,Cyprus,CY,591.44,758.14,36.13,36.13,tsoc.org.cy,false,
2022-11-07 08:00:00,Cyprus,Cyprus,CY,669.54,854.72,27.69,27.69,tsoc.org.cy,false,
2022-11-07 09:00:00,Cyprus,Cyprus,CY,733.31,932.66,20.8,20.8,tsoc.org.cy,false,
2022-11-07 10:00:00,Cyprus,Cyprus,CY,821.8,1043.1,11.25,11.25,tsoc.org.cy,false,
2022-11-07 11:00:00,Cyprus,Cyprus,CY,795.28,1009.81,14.11,14.11,tsoc.org.cy,false,
2022-11-07 12:00:00,Cyprus,Cyprus,CY,822.84,1044.35,11.14,11.14,tsoc.org.cy,false,
2022-11-07 13:00:00,Cyprus,Cyprus,CY,881.38,1116.96,4.81,4.81,tsoc.org.cy,false,
2022-11-07 14:00:00,Cyprus,Cyprus,CY,891.72,1129.47,3.7,3.7,tsoc.org.cy,false,
2022-11-07 15:00:00,Cyprus,Cyprus,CY,903.45,1143.98,2.43,2.43,tsoc.org.cy,false,
2022-11-07 16:00:00,Cyprus,Cyprus,CY,906.8,1148.09,2.07,2.07,tsoc.org.cy,false,
2022-11-07 17:00:00,Cyprus,Cyprus,CY,903.39,1143.88,2.44,2.44,tsoc.org.cy,false,
2022-11-07 18:00:00,Cyprus,Cyprus,CY,914.32,1157.67,1.26,1.26,tsoc.org.cy,false,
2022-11-07 19:00:00,Cyprus,Cyprus,CY,911.3,1154.14,1.58,1.58,tsoc.org.cy,false,
2022-11-07 20:00:00,Cyprus,Cyprus,CY,898.69,1138.72,2.94,2.94,tsoc.org.cy,false,
2022-11-07 21:00:00,Cyprus,Cyprus,CY,886.11,1123.31,4.3,4.3,tsoc.org.cy,false,
2022-11-07 22:00:00,Cyprus,Cyprus,CY,863.46,1095.4,6.75,6.75,tsoc.org.cy,false,
2022-11-07 23:00:00,Cyprus,Cyprus,CY,824.12,1046.47,11.0,11.0,tsoc.org.cy,false,
2022-11-08 00:00:00,Cyprus,Cyprus,CY,808.8,1027.48,12.65,12.65,tsoc.org.cy,false,
2022-11-08 01:00:00,Cyprus,Cyprus,CY,821.17,1043.0,11.32,11.32,tsoc.org.cy,false,
2022-11-08 02:00:00,Cyprus,Cyprus,CY,807.15,1025.4,12.83,12.83,tsoc.org.cy,false,
2022-11-08 03:00:00,Cyprus,Cyprus,CY,783.29,995.33,15.41,15.41,tsoc.org.cy,false,
2022-11-08 04:00:00,Cyprus,Cyprus,CY,804.54,1021.4,13.11,13.11,tsoc.org.cy,false,
2022-11-08 05:00:00,Cyprus,Cyprus,CY,741.63,943.69,19.91,19.91,tsoc.org.cy,false,
2022-11-08 06:00:00,Cyprus,Cyprus,CY,628.94,804.74,32.08,32.08,tsoc.org.cy,false,
2022-11-08 07:00:00,Cyprus,Cyprus,CY,597.96,766.48,35.42,35.42,tsoc.org.cy,false,
2022-11-08 08:00:00,Cyprus,Cyprus,CY,596.99,765.3,35.53,35.53,tsoc.org.cy,false,
2022-11-08 09:00:00,Cyprus,Cyprus,CY,603.42,773.35,34.83,34.83,tsoc.org.cy,false,
2022-11-08 10:00:00,Cyprus,Cyprus,CY,623.03,797.5,32.71,32.71,tsoc.org.cy,false,
2022-11-08 11:00:00,Cyprus,Cyprus,CY,632.75,809.46,31.67,31.67,tsoc.org.cy,false,
2022-11-08 12:00:00,Cyprus,Cyprus,CY,674.81,861.59,27.12,27.12,tsoc.org.cy,false,
2022-11-08 13:00:00,Cyprus,Cyprus,CY,767.17,975.85,17.15,17.15,tsoc.org.cy,false,
2022-11-08 14:00:00,Cyprus,Cyprus,CY,872.02,1105.37,5.82,5.82,tsoc.org.cy,false,
2022-11-08 15:00:00,Cyprus,Cyprus,CY,908.22,1150.06,1.91,1.91,tsoc.org.cy,false,
2022-11-08 16:00:00,Cyprus,Cyprus,CY,913.5,1156.58,1.34,1.34,tsoc.org.cy,false,
2022-11-08 17:00:00,Cyprus,Cyprus,CY,913.0,1155.97,1.4,1.4,tsoc.org.cy,false,
2022-11-08 18:00:00,Cyprus,Cyprus,CY,909.77,1152.07,1.75,1.75,tsoc.org.cy,false,
2022-11-08 19:00:00,Cyprus,Cyprus,CY,910.06,1152.64,1.72,1.72,tsoc.org.cy,false,
2022-11-08 20:00:00,Cyprus,Cyprus,CY,911.2,1154.38,1.59,1.59,tsoc.org.cy,false,
2022-11-08 21:00:00,Cyprus,Cyprus,CY,908.51,1151.32,1.88,1.88,tsoc.org.cy,false,
2022-11-08 22:00:00,Cyprus,Cyprus,CY,909.53,1152.98,1.77,1.77,tsoc.org.cy,false,
2022-11-08 23:00:00,Cyprus,Cyprus,CY,898.72,1139.75,2.94,2.94,tsoc.org.cy,false,
2022-11-09 00:00:00,Cyprus,Cyprus,CY,854.02,1084.02,7.77,7.77,tsoc.org.cy,false,
2022-11-09 01:00:00,Cyprus,Cyprus,CY,885.94,1123.97,4.32,4.32,tsoc.org.cy,false,
2022-11-09 02:00:00,Cyprus,Cyprus,CY,878.25,1114.28,5.15,5.15,tsoc.org.cy,false,
2022-11-09 03:00:00,Cyprus,Cyprus,CY,883.09,1120.04,4.63,4.63,tsoc.org.cy,false,
2022-11-09 04:00:00,Cyprus,Cyprus,CY,892.03,1130.74,3.66,3.66,tsoc.org.cy,false,
2022-11-09 05:00:00,Cyprus,Cyprus,CY,807.44,1025.89,12.8,12.8,tsoc.org.cy,false,
2022-11-09 06:00:00,Cyprus,Cyprus,CY,663.95,848.32,28.29,28.29,tsoc.org.cy,false,
2022-11-09 07:00:00,Cyprus,Cyprus,CY,562.71,723.14,39.23,39.23,tsoc.org.cy,false,
2022-11-09 08:00:00,Cyprus,Cyprus,CY,513.99,662.92,44.49,44.49,tsoc.org.cy,false,
2022-11-09 09:00:00,Cyprus,Cyprus,CY,520.0,670.36,43.84,43.84,tsoc.org.cy,false,
2022-11-09 10:00:00,Cyprus,Cyprus,CY,565.47,726.42,38.93,38.93,tsoc.org.cy,false,
2022-11-09 11:00:00,Cyprus,Cyprus,CY,642.27,821.0,30.64,30.64,tsoc.org.cy,false,
2022-11-09 12:00:00,Cyprus,Cyprus,CY,678.78,865.8,26.69,26.69,tsoc.org.cy,false,
2022-11-09 13:00:00,Cyprus,Cyprus,CY,808.01,1026.13,12.74,12.74,tsoc.org.cy,false,
2022-11-09 14:00:00,Cyprus,Cyprus,CY,881.59,1117.2,4.79,4.79,tsoc.org.cy,false,
2022-11-09 15:00:00,Cyprus,Cyprus,CY,915.6,1159.25,1.12,1.12,tsoc.org.cy,false,
2022-11-09 16:00:00,Cyprus,Cyprus,CY,916.76,1160.62,0.99,0.99,tsoc.org.cy,false,
2022-11-09 17:00:00,Cyprus,Cyprus,CY,914.7,1158.08,1.21,1.21,tsoc.org.cy,false,
2022-11-09 18:00:00,Cyprus,Cyprus,CY,907.13,1148.73,2.03,2.03,tsoc.org.cy,false,
2022-11-09 19:00:00,Cyprus,Cyprus,CY,906.25,1147.85,2.13,2.13,tsoc.org.cy,false,
2022-11-09 20:00:00,Cyprus,Cyprus,CY,900.22,1140.63,2.78,2.78,tsoc.org.cy,false,
2022-11-09 21:00:00,Cyprus,Cyprus,CY,880.36,1116.13,4.92,4.92,tsoc.org.cy,false,
2022-11-09 22:00:00,Cyprus,Cyprus,CY,858.49,1089.22,7.29,7.29,tsoc.org.cy,false,
2022-11-09 23:00:00,Cyprus,Cyprus,CY,862.89,1095.0,6.81,6.81,tsoc.org.cy,false,
2022-11-10 00:00:00,Cyprus,Cyprus,CY,845.12,1072.92,8.73,8.73,tsoc.org.cy,false,
2022-11-10 01:00:00,Cyprus,Cyprus,CY,824.19,1046.83,10.99,10.99,tsoc.org.cy,false,
2022-11-10 02:00:00,Cyprus,Cyprus,CY,826.84,1050.07,10.7,10.7,tsoc.org.cy,false,
2022-11-10 03:00:00,Cyprus,Cyprus,CY,861.96,1093.64,6.91,6.91,tsoc.org.cy,false,
2022-11-10 04:00:00,Cyprus,Cyprus,CY,877.71,1112.84,5.21,5.21,tsoc.org.cy,false,
2022-11-10 05:00:00,Cyprus,Cyprus,CY,803.91,1021.38,13.18,13.18,tsoc.org.cy,false,
2022-11-10 06:00:00,Cyprus,Cyprus,CY,683.17,871.79,26.22,26.22,tsoc.org.cy,false,
2022-11-10 07:00:00,Cyprus,Cyprus,CY,629.91,805.83,31.97,31.97,tsoc.org.cy,false,
2022-11-10 08:00:00,Cyprus,Cyprus,CY,549.39,706.52,40.67,40.67,tsoc.org.cy,false,
2022-11-10 09:00:00,Cyprus,Cyprus,CY,523.49,674.51,43.46,43.46,tsoc.org.cy,false,
2022-11-10 10:00:00,Cyprus,Cyprus,CY,560.98,720.76,39.42,39.42,tsoc.org.cy,false,
2022-11-10 11:00:00,Cyprus,Cyprus,CY,629.97,806.08,31.96,31.96,tsoc.org.cy,false,
2022-11-10 12:00:00,Cyprus,Cyprus,CY,680.48,868.52,26.51,26.51,tsoc.org.cy,false,
2022-11-10 13:00:00,Cyprus,Cyprus,CY,774.4,984.79,16.37,16.37,tsoc.org.cy,false,
2022-11-10 14:00:00,Cyprus,Cyprus,CY,885.18,1121.77,4.4,4.4,tsoc.org.cy,false,
2022-11-10 15:00:00,Cyprus,Cyprus,CY,912.47,1155.34,1.46,1.46,tsoc.org.cy,false,
2022-11-10 16:00:00,Cyprus,Cyprus,CY,916.41,1160.18,1.03,1.03,tsoc.org.cy,false,
2022-11-10 17:00:00,Cyprus,Cyprus,CY,914.72,1158.09,1.21,1.21,tsoc.org.cy,false,
2022-11-10 18:00:00,Cyprus,Cyprus,CY,907.13,1148.73,2.03,2.03,tsoc.org.cy,false,
2022-11-10 19:00:00,Cyprus,Cyprus,CY,893.31,1131.67,3.52,3.52,tsoc.org.cy,false,
2022-11-10 20:00:00,Cyprus,Cyprus,CY,867.57,1099.82,6.3,6.3,tsoc.org.cy,false,
2022-11-10 21:00:00,Cyprus,Cyprus,CY,847.19,1074.68,8.51,8.51,tsoc.org.cy,false,
2022-11-10 22:00:00,Cyprus,Cyprus,CY,829.26,1052.7,10.44,10.44,tsoc.org.cy,false,
2022-11-10 23:00:00,Cyprus,Cyprus,CY,828.95,1052.59,10.48,10.48,tsoc.org.cy,false,
2022-11-11 00:00:00,Cyprus,Cyprus,CY,823.31,1045.7,11.09,11.09,tsoc.org.cy,false,
2022-11-11 01:00:00,Cyprus,Cyprus,CY,800.41,1017.13,13.56,13.56,tsoc.org.cy,false,
2022-11-11 02:00:00,Cyprus,Cyprus,CY,813.58,1033.51,12.14,12.14,tsoc.org.cy,false,
2022-11-11 03:00:00,Cyprus,Cyprus,CY,833.95,1058.66,9.94,9.94,tsoc.org.cy,false,
2022-11-11 04:00:00,Cyprus,Cyprus,CY,879.91,1115.61,4.97,4.97,tsoc.org.cy,false,
2022-11-11 05:00:00,Cyprus,Cyprus,CY,801.33,1018.1,13.46,13.46,tsoc.org.cy,false,
2022-11-11 06:00:00,Cyprus,Cyprus,CY,686.91,876.55,25.82,25.82,tsoc.org.cy,false,
2022-11-11 07:00:00,Cyprus,Cyprus,CY,598.69,767.51,35.34,35.34,tsoc.org.cy,false,
2022-11-11 08:00:00,Cyprus,Cyprus,CY,572.33,734.86,38.19,38.19,tsoc.org.cy,false,
2022-11-11 09:00:00,Cyprus,Cyprus,CY,577.18,740.72,37.67,37.67,tsoc.org.cy,false,
2022-11-11 10:00:00,Cyprus,Cyprus,CY,610.52,781.95,34.07,34.07,tsoc.org.cy,false,
2022-11-11 11:00:00,Cyprus,Cyprus,CY,627.05,802.43,32.28,32.28,tsoc.org.cy,false,
2022-11-11 12:00:00,Cyprus,Cyprus,CY,714.07,910.02,22.88,22.88,tsoc.org.cy,false,
2022-11-11 13:00:00,Cyprus,Cyprus,CY,782.22,994.34,15.52,15.52,tsoc.org.cy,false,
2022-11-11 14:00:00,Cyprus,Cyprus,CY,872.85,1106.33,5.73,5.73,tsoc.org.cy,false,
2022-11-11 15:00:00,Cyprus,Cyprus,CY,888.66,1125.6,4.03,4.03,tsoc.org.cy,false,
2022-11-11 16:00:00,Cyprus,Cyprus,CY,892.95,1130.89,3.56,3.56,tsoc.org.cy,false,
2022-11-11 17:00:00,Cyprus,Cyprus,CY,889.45,1126.57,3.94,3.94,tsoc.org.cy,false,
2022-11-11 18:00:00,Cyprus,Cyprus,CY,880.56,1115.58,4.9,4.9,tsoc.org.cy,false,
2022-11-11 19:00:00,Cyprus,Cyprus,CY,881.86,1117.4,4.76,4.76,tsoc.org.cy,false,
2022-11-11 20:00:00,Cyprus,Cyprus,CY,882.48,1118.47,4.69,4.69,tsoc.org.cy,false,
2022-11-11 21:00:00,Cyprus,Cyprus,CY,871.48,1104.97,5.88,5.88,tsoc.org.cy,false,
2022-11-11 22:00:00,Cyprus,Cyprus,CY,853.73,1083.16,7.8,7.8,tsoc.org.cy,false,
2022-11-11 23:00:00,Cyprus,Cyprus,CY,836.73,1062.15,9.64,9.64,tsoc.org.cy,false,
2022-11-12 00:00:00,Cyprus,Cyprus,CY,829.76,1053.62,10.39,10.39,tsoc.org.cy,false,
2022-11-12 01:00:00,Cyprus,Cyprus,CY,830.87,1055.11,10.27,10.27,tsoc.org.cy,false,
2022-11-12 02:00:00,Cyprus,Cyprus,CY,842.86,1070.07,8.97,8.97,tsoc.org.cy,false,
2022-11-12 03:00:00,Cyprus,Cyprus,CY,842.26,1069.15,9.04,9.04,tsoc.org.cy,false,
2022-11-12 04:00:00,Cyprus,Cyprus,CY,844.62,1071.86,8.78,8.78,tsoc.org.cy,false,
2022-11-12 05:00:00,Cyprus,Cyprus,CY,773.02,983.23,16.52,16.52,tsoc.org.cy,false,
2022-11-12 06:00:00,Cyprus,Cyprus,CY,639.44,818.07,30.94,30.94,tsoc.org.cy,false,
2022-11-12 07:00:00,Cyprus,Cyprus,CY,555.19,713.86,40.04,40.04,tsoc.org.cy,false,
2022-11-12 08:00:00,Cyprus,Cyprus,CY,496.84,641.37,46.34,46.34,tsoc.org.cy,false,
2022-11-12 09:00:00,Cyprus,Cyprus,CY,487.78,630.25,47.32,47.32,tsoc.org.cy,false,
2022-11-12 10:00:00,Cyprus,Cyprus,CY,488.58,631.2,47.23,47.23,tsoc.org.cy,false,
2022-11-12 11:00:00,Cyprus,Cyprus,CY,545.13,701.25,41.13,41.13,tsoc.org.cy,false,
2022-11-12 12:00:00,Cyprus,Cyprus,CY,649.52,830.47,29.85,29.85,tsoc.org.cy,false,
2022-11-12 13:00:00,Cyprus,Cyprus,CY,778.64,990.11,15.91,15.91,tsoc.org.cy,false,
2022-11-12 14:00:00,Cyprus,Cyprus,CY,869.49,1102.33,6.1,6.1,tsoc.org.cy,false,
2022-11-12 15:00:00,Cyprus,Cyprus,CY,898.51,1138.07,2.96,2.96,tsoc.org.cy,false,
2022-11-12 16:00:00,Cyprus,Cyprus,CY,894.13,1132.51,3.44,3.44,tsoc.org.cy,false,
2022-11-12 17:00:00,Cyprus,Cyprus,CY,895.52,1134.3,3.29,3.29,tsoc.org.cy,false,
2022-11-12 18:00:00,Cyprus,Cyprus,CY,892.4,1130.54,3.62,3.62,tsoc.org.cy,false,
2022-11-12 19:00:00,Cyprus,Cyprus,CY,881.42,1117.02,4.81,4.81,tsoc.org.cy,false,
2022-11-12 20:00:00,Cyprus,Cyprus,CY,879.29,1114.58,5.04,5.04,tsoc.org.cy,false,
2022-11-12 21:00:00,Cyprus,Cyprus,CY,869.03,1101.98,6.15,6.15,tsoc.org.cy,false,
2022-11-12 22:00:00,Cyprus,Cyprus,CY,842.85,1069.61,8.97,8.97,tsoc.org.cy,false,
2022-11-12 23:00:00,Cyprus,Cyprus,CY,826.12,1048.95,10.78,10.78,tsoc.org.cy,false,
2022-11-13 00:00:00,Cyprus,Cyprus,CY,817.43,1038.28,11.72,11.72,tsoc.org.cy,false,
2022-11-13 01:00:00,Cyprus,Cyprus,CY,802.2,1019.33,13.36,13.36,tsoc.org.cy,false,
2022-11-13 02:00:00,Cyprus,Cyprus,CY,806.61,1024.84,12.89,12.89,tsoc.org.cy,false,
2022-11-13 03:00:00,Cyprus,Cyprus,CY,809.6,1028.45,12.57,12.57,tsoc.org.cy,false,
2022-11-13 04:00:00,Cyprus,Cyprus,CY,799.75,1016.04,13.63,13.63,tsoc.org.cy,false,
2022-11-13 05:00:00,Cyprus,Cyprus,CY,732.7,933.29,20.87,20.87,tsoc.org.cy,false,
2022-11-13 06:00:00,Cyprus,Cyprus,CY,576.11,739.7,37.78,37.78,tsoc.org.cy,false,
2022-11-13 07:00:00,Cyprus,Cyprus,CY,520.13,670.68,43.83,43.83,tsoc.org.cy,false,
2022-11-13 08:00:00,Cyprus,Cyprus,CY,505.69,652.73,45.39,45.39,tsoc.org.cy,false,
2022-11-13 09:00:00,Cyprus,Cyprus,CY,496.19,640.83,46.41,46.41,tsoc.org.cy,false,
2022-11-13 10:00:00,Cyprus,Cyprus,CY,495.01,639.29,46.54,46.54,tsoc.org.cy,false,
2022-11-13 11:00:00,Cyprus,Cyprus,CY,500.56,646.03,45.94,45.94,tsoc.org.cy,false,
2022-11-13 12:00:00,Cyprus,Cyprus,CY,541.81,697.12,41.49,41.49,tsoc.org.cy,false,
2022-11-13 13:00:00,Cyprus,Cyprus,CY,678.74,866.54,26.7,26.7,tsoc.org.cy,false,
2022-11-13 14:00:00,Cyprus,Cyprus,CY,846.98,1074.6,8.53,8.53,tsoc.org.cy,false,
2022-11-13 15:00:00,Cyprus,Cyprus,CY,882.67,1118.45,4.67,4.67,tsoc.org.cy,false,
2022-11-13 16:00:00,Cyprus,Cyprus,CY,888.61,1125.76,4.03,4.03,tsoc.org.cy,false,
2022-11-13 17:00:00,Cyprus,Cyprus,CY,882.37,1117.98,4.71,4.71,tsoc.org.cy,false,
2022-11-13 18:00:00,Cyprus,Cyprus,CY,883.0,1118.87,4.64,4.64,tsoc.org.cy,false,
2022-11-13 19:00:00,Cyprus,Cyprus,CY,872.76,1106.24,5.74,5.74,tsoc.org.cy,false,
2022-11-13 20:00:00,Cyprus,Cyprus,CY,828.2,1050.83,10.56,10.56,tsoc.org.cy,false,
2022-11-13 21:00:00,Cyprus,Cyprus,CY,805.82,1023.15,12.97,12.97,tsoc.org.cy,false,
2022-11-13 22:00:00,Cyprus,Cyprus,CY,759.41,965.55,17.99,17.99,tsoc.org.cy,false,
2022-11-13 23:00:00,Cyprus,Cyprus,CY,751.85,956.34,18.8,18.8,tsoc.org.cy,false,
2022-11-14 00:00:00,Cyprus,Cyprus,CY,781.91,994.06,15.56,15.56,tsoc.org.cy,false,
2022-11-14 01:00:00,Cyprus,Cyprus,CY,792.08,1006.82,14.46,14.46,tsoc.org.cy,false,
2022-11-14 02:00:00,Cyprus,Cyprus,CY,786.17,999.41,15.1,15.1,tsoc.org.cy,false,
2022-11-14 03:00:00,Cyprus,Cyprus,CY,745.85,948.72,19.45,19.45,tsoc.org.cy,false,
2022-11-14 04:00:00,Cyprus,Cyprus,CY,779.08,989.67,15.86,15.86,tsoc.org.cy,false,
2022-11-14 05:00:00,Cyprus,Cyprus,CY,736.6,937.31,20.45,20.45,tsoc.org.cy,false,
2022-11-14 06:00:00,Cyprus,Cyprus,CY,630.3,806.25,31.93,31.93,tsoc.org.cy,false,
2022-11-14 07:00:00,Cyprus,Cyprus,CY,562.17,722.38,39.29,39.29,tsoc.org.cy,false,
2022-11-14 08:00:00,Cyprus,Cyprus,CY,529.44,682.09,42.82,42.82,tsoc.org.cy,false,
2022-11-14 09:00:00,Cyprus,Cyprus,CY,516.52,666.27,44.22,44.22,tsoc.org.cy,false,
2022-11-14 10:00:00,Cyprus,Cyprus,CY,515.84,665.43,44.29,44.29,tsoc.org.cy,false,
2022-11-14 11:00:00,Cyprus,Cyprus,CY,544.23,700.42,41.22,41.22,tsoc.org.cy,false,
2022-11-14 12:00:00,Cyprus,Cyprus,CY,606.96,777.76,34.45,34.45,tsoc.org.cy,false,
2022-11-14 13:00:00,Cyprus,Cyprus,CY,729.14,928.67,21.26,21.26,tsoc.org.cy,false,
2022-11-14 14:00:00,Cyprus,Cyprus,CY,852.85,1081.47,7.89,7.89,tsoc.org.cy,false,
2022-11-14 15:00:00,Cyprus,Cyprus,CY,879.0,1113.57,5.07,5.07,tsoc.org.cy,false,
2022-11-14 16:00:00,Cyprus,Cyprus,CY,876.71,1110.65,5.32,5.32,tsoc.org.cy,false,
2022-11-14 17:00:00,Cyprus,Cyprus,CY,875.8,1109.53,5.42,5.42,tsoc.org.cy,false,
2022-11-14 18:00:00,Cyprus,Cyprus,CY,880.91,1116.04,4.86,4.86,tsoc.org.cy,false,
2022-11-14 19:00:00,Cyprus,Cyprus,CY,876.39,1110.61,5.35,5.35,tsoc.org.cy,false,
2022-11-14 20:00:00,Cyprus,Cyprus,CY,880.72,1116.34,4.88,4.88,tsoc.org.cy,false,
2022-11-14 21:00:00,Cyprus,Cyprus,CY,894.42,1133.77,3.41,3.41,tsoc.org.cy,false,
2022-11-14 22:00:00,Cyprus,Cyprus,CY,907.2,1150.16,2.03,2.03,tsoc.org.cy,false,
2022-11-14 23:00:00,Cyprus,Cyprus,CY,905.85,1148.73,2.17,2.17,tsoc.org.cy,false,
2022-11-15 00:00:00,Cyprus,Cyprus,CY,905.17,1148.01,2.24,2.24,tsoc.org.cy,false,
2022-11-15 01:00:00,Cyprus,Cyprus,CY,908.49,1152.23,1.89,1.89,tsoc.org.cy,false,
2022-11-15 02:00:00,Cyprus,Cyprus,CY,908.72,1152.46,1.86,1.86,tsoc.org.cy,false,
2022-11-15 03:00:00,Cyprus,Cyprus,CY,909.9,1153.66,1.73,1.73,tsoc.org.cy,false,
2022-11-15 04:00:00,Cyprus,Cyprus,CY,910.61,1154.0,1.66,1.66,tsoc.org.cy,false,
2022-11-15 05:00:00,Cyprus,Cyprus,CY,833.11,1057.81,10.03,10.03,tsoc.org.cy,false,
2022-11-15 06:00:00,Cyprus,Cyprus,CY,691.55,882.64,25.31,25.31,tsoc.org.cy,false,
2022-11-15 07:00:00,Cyprus,Cyprus,CY,598.66,767.77,35.35,35.35,tsoc.org.cy,false,
2022-11-15 08:00:00,Cyprus,Cyprus,CY,578.44,742.8,37.53,37.53,tsoc.org.cy,false,
2022-11-15 09:00:00,Cyprus,Cyprus,CY,579.36,743.85,37.43,37.43,tsoc.org.cy,false,
2022-11-15 10:00:00,Cyprus,Cyprus,CY,587.1,753.31,36.59,36.59,tsoc.org.cy,false,
2022-11-15 11:00:00,Cyprus,Cyprus,CY,604.28,774.37,34.74,34.74,tsoc.org.cy,false,
2022-11-15 12:00:00,Cyprus,Cyprus,CY,681.76,870.24,26.37,26.37,tsoc.org.cy,false,
2022-11-15 13:00:00,Cyprus,Cyprus,CY,777.71,988.85,16.01,16.01,tsoc.org.cy,false,
2022-11-15 14:00:00,Cyprus,Cyprus,CY,879.85,1115.05,4.98,4.98,tsoc.org.cy,false,
2022-11-15 15:00:00,Cyprus,Cyprus,CY,904.44,1145.31,2.32,2.32,tsoc.org.cy,false,
2022-11-15 16:00:00,Cyprus,Cyprus,CY,899.85,1139.49,2.82,2.82,tsoc.org.cy,false,
2022-11-15 17:00:00,Cyprus,Cyprus,CY,903.12,1143.6,2.47,2.47,tsoc.org.cy,false,
2022-11-15 18:00:00,Cyprus,Cyprus,CY,906.88,1148.4,2.06,2.06,tsoc.org.cy,false,
2022-11-15 19:00:00,Cyprus,Cyprus,CY,902.47,1143.1,2.54,2.54,tsoc.org.cy,false,
2022-11-15 20:00:00,Cyprus,Cyprus,CY,883.57,1119.79,4.58,4.58,tsoc.org.cy,false,
2022-11-15 21:00:00,Cyprus,Cyprus,CY,878.64,1113.99,5.11,5.11,tsoc.org.cy,false,
2022-11-15 22:00:00,Cyprus,Cyprus,CY,872.34,1106.49,5.79,5.79,tsoc.org.cy,false,
2022-11-15 23:00:00,Cyprus,Cyprus,CY,864.22,1096.62,6.67,6.67,tsoc.org.cy,false,
2022-11-16 00:00:00,Cyprus,Cyprus,CY,862.58,1094.71,6.84,6.84,tsoc.org.cy,false,
2022-11-16 01:00:00,Cyprus,Cyprus,CY,851.36,1080.76,8.06,8.06,tsoc.org.cy,false,
2022-11-16 02:00:00,Cyprus,Cyprus,CY,847.91,1076.37,8.43,8.43,tsoc.org.cy,false,
2022-11-16 03:00:00,Cyprus,Cyprus,CY,869.54,1103.09,6.09,6.09,tsoc.org.cy,false,
2022-11-16 04:00:00,Cyprus,Cyprus,CY,898.65,1138.98,2.95,2.95,tsoc.org.cy,false,
2022-11-16 05:00:00,Cyprus,Cyprus,CY,829.81,1053.63,10.38,10.38,tsoc.org.cy,false,
2022-11-16 06:00:00,Cyprus,Cyprus,CY,690.04,880.6,25.48,25.48,tsoc.org.cy,false,
2022-11-16 07:00:00,Cyprus,Cyprus,CY,603.16,773.3,34.86,34.86,tsoc.org.cy,false,
2022-11-16 08:00:00,Cyprus,Cyprus,CY,574.7,738.13,37.93,37.93,tsoc.org.cy,false,
2022-11-16 09:00:00,Cyprus,Cyprus,CY,529.05,681.48,42.86,42.86,tsoc.org.cy,false,
2022-11-16 10:00:00,Cyprus,Cyprus,CY,542.14,697.5,41.45,41.45,tsoc.org.cy,false,
2022-11-16 11:00:00,Cyprus,Cyprus,CY,582.33,747.16,37.11,37.11,tsoc.org.cy,false,
2022-11-16 12:00:00,Cyprus,Cyprus,CY,682.49,871.03,26.29,26.29,tsoc.org.cy,false,
2022-11-16 13:00:00,Cyprus,Cyprus,CY,787.91,1001.17,14.91,14.91,tsoc.org.cy,false,
2022-11-16 14:00:00,Cyprus,Cyprus,CY,880.72,1116.05,4.88,4.88,tsoc.org.cy,false,
2022-11-16 15:00:00,Cyprus,Cyprus,CY,891.01,1128.51,3.77,3.77,tsoc.org.cy,false,
2022-11-16 16:00:00,Cyprus,Cyprus,CY,898.21,1137.44,3.0,3.0,tsoc.org.cy,false,
2022-11-16 17:00:00,Cyprus,Cyprus,CY,904.19,1144.94,2.35,2.35,tsoc.org.cy,false,
2022-11-16 18:00:00,Cyprus,Cyprus,CY,905.03,1146.11,2.26,2.26,tsoc.org.cy,false,
2022-11-16 19:00:00,Cyprus,Cyprus,CY,896.05,1135.1,3.23,3.23,tsoc.org.cy,false,
2022-11-16 20:00:00,Cyprus,Cyprus,CY,890.95,1129.02,3.78,3.78,tsoc.org.cy,false,
2022-11-16 21:00:00,Cyprus,Cyprus,CY,892.18,1130.91,3.65,3.65,tsoc.org.cy,false,
2022-11-16 22:00:00,Cyprus,Cyprus,CY,898.81,1139.58,2.93,2.93,tsoc.org.cy,false,
2022-11-16 23:00:00,Cyprus,Cyprus,CY,894.84,1134.87,3.36,3.36,tsoc.org.cy,false,
2022-11-17 00:00:00,Cyprus,Cyprus,CY,873.26,1108.05,5.69,5.69,tsoc.org.cy,false,
2022-11-17 01:00:00,Cyprus,Cyprus,CY,881.65,1118.61,4.78,4.78,tsoc.org.cy,false,
2022-11-17 02:00:00,Cyprus,Cyprus,CY,895.67,1136.07,3.27,3.27,tsoc.org.cy,false,
2022-11-17 03:00:00,Cyprus,Cyprus,CY,903.69,1145.81,2.4,2.4,tsoc.org.cy,false,
2022-11-17 04:00:00,Cyprus,Cyprus,CY,905.95,1148.11,2.16,2.16,tsoc.org.cy,false,
2022-11-17 05:00:00,Cyprus,Cyprus,CY,834.85,1059.85,9.84,9.84,tsoc.org.cy,false,
2022-11-17 06:00:00,Cyprus,Cyprus,CY,729.74,929.82,21.19,21.19,tsoc.org.cy,false,
2022-11-17 07:00:00,Cyprus,Cyprus,CY,648.9,829.85,29.92,29.92,tsoc.org.cy,false,
2022-11-17 08:00:00,Cyprus,Cyprus,CY,597.22,765.97,35.5,35.5,tsoc.org.cy,false,
2022-11-17 09:00:00,Cyprus,Cyprus,CY,565.43,726.41,38.94,38.94,tsoc.org.cy,false,
2022-11-17 10:00:00,Cyprus,Cyprus,CY,609.55,780.61,34.17,34.17,tsoc.org.cy,false,
2022-11-17 11:00:00,Cyprus,Cyprus,CY,630.15,805.73,31.95,31.95,tsoc.org.cy,false,
2022-11-17 12:00:00,Cyprus,Cyprus,CY,687.17,876.16,25.79,25.79,tsoc.org.cy,false,
2022-11-17 13:00:00,Cyprus,Cyprus,CY,772.92,982.28,16.53,16.53,tsoc.org.cy,false,
2022-11-17 14:00:00,Cyprus,Cyprus,CY,861.46,1092.07,6.96,6.96,tsoc.org.cy,false,
2022-11-17 15:00:00,Cyprus,Cyprus,CY,897.8,1136.96,3.04,3.04,tsoc.org.cy,false,
2022-11-17 16:00:00,Cyprus,Cyprus,CY,908.19,1149.89,1.92,1.92,tsoc.org.cy,false,
2022-11-17 17:00:00,Cyprus,Cyprus,CY,915.26,1158.74,1.15,1.15,tsoc.org.cy,false,
2022-11-17 18:00:00,Cyprus,Cyprus,CY,916.31,1160.16,1.04,1.04,tsoc.org.cy,false,
2022-11-17 19:00:00,Cyprus,Cyprus,CY,915.42,1159.26,1.14,1.14,tsoc.org.cy,false,
2022-11-17 20:00:00,Cyprus,Cyprus,CY,912.67,1156.12,1.43,1.43,tsoc.org.cy,false,
2022-11-17 21:00:00,Cyprus,Cyprus,CY,900.94,1141.82,2.7,2.7,tsoc.org.cy,false,
2022-11-17 22:00:00,Cyprus,Cyprus,CY,840.69,1066.92,9.21,9.21,tsoc.org.cy,false,
2022-11-17 23:00:00,Cyprus,Cyprus,CY,849.35,1077.99,8.27,8.27,tsoc.org.cy,false,
2022-11-18 00:00:00,Cyprus,Cyprus,CY,858.86,1090.04,7.25,7.25,tsoc.org.cy,false,
2022-11-18 01:00:00,Cyprus,Cyprus,CY,874.35,1109.44,5.57,5.57,tsoc.org.cy,false,
2022-11-18 02:00:00,Cyprus,Cyprus,CY,888.41,1126.95,4.05,4.05,tsoc.org.cy,false,
2022-11-18 03:00:00,Cyprus,Cyprus,CY,867.8,1100.9,6.28,6.28,tsoc.org.cy,false,
2022-11-18 04:00:00,Cyprus,Cyprus,CY,873.29,1107.24,5.69,5.69,tsoc.org.cy,false,
2022-11-18 05:00:00,Cyprus,Cyprus,CY,849.46,1077.59,8.26,8.26,tsoc.org.cy,false,
2022-11-18 06:00:00,Cyprus,Cyprus,CY,765.87,974.21,17.29,17.29,tsoc.org.cy,false,
2022-11-18 07:00:00,Cyprus,Cyprus,CY,693.74,885.06,25.08,25.08,tsoc.org.cy,false,
2022-11-18 08:00:00,Cyprus,Cyprus,CY,615.14,787.94,33.57,33.57,tsoc.org.cy,false,
2022-11-18 09:00:00,Cyprus,Cyprus,CY,595.01,762.86,35.74,35.74,tsoc.org.cy,false,
2022-11-18 10:00:00,Cyprus,Cyprus,CY,601.18,770.33,35.07,35.07,tsoc.org.cy,false,
2022-11-18 11:00:00,Cyprus,Cyprus,CY,610.43,781.6,34.07,34.07,tsoc.org.cy,false,
2022-11-18 12:00:00,Cyprus,Cyprus,CY,636.12,813.28,31.3,31.3,tsoc.org.cy,false,
2022-11-18 13:00:00,Cyprus,Cyprus,CY,747.22,950.82,19.3,19.3,tsoc.org.cy,false,
2022-11-18 14:00:00,Cyprus,Cyprus,CY,866.0,1097.77,6.47,6.47,tsoc.org.cy,false,
2022-11-18 15:00:00,Cyprus,Cyprus,CY,876.84,1110.81,5.3,5.3,tsoc.org.cy,false,
2022-11-18 16:00:00,Cyprus,Cyprus,CY,887.14,1123.63,4.19,4.19,tsoc.org.cy,false,
2022-11-18 17:00:00,Cyprus,Cyprus,CY,885.16,1121.2,4.41,4.41,tsoc.org.cy,false,
2022-11-18 18:00:00,Cyprus,Cyprus,CY,872.88,1105.98,5.73,5.73,tsoc.org.cy,false,
2022-11-18 19:00:00,Cyprus,Cyprus,CY,873.35,1106.76,5.68,5.68,tsoc.org.cy,false,
2022-11-18 20:00:00,Cyprus,Cyprus,CY,865.36,1097.04,6.54,6.54,tsoc.org.cy,false,
2022-11-18 21:00:00,Cyprus,Cyprus,CY,848.74,1076.56,8.34,8.34,tsoc.org.cy,false,
2022-11-18 22:00:00,Cyprus,Cyprus,CY,837.41,1062.75,9.56,9.56,tsoc.org.cy,false,
2022-11-18 23:00:00,Cyprus,Cyprus,CY,824.68,1047.11,10.94,10.94,tsoc.org.cy,false,
2022-11-19 00:00:00,Cyprus,Cyprus,CY,827.31,1050.58,10.65,10.65,tsoc.org.cy,false,
2022-11-19 01:00:00,Cyprus,Cyprus,CY,853.09,1082.87,7.87,7.87,tsoc.org.cy,false,
2022-11-19 02:00:00,Cyprus,Cyprus,CY,842.16,1069.22,9.05,9.05,tsoc.org.cy,false,
2022-11-19 03:00:00,Cyprus,Cyprus,CY,851.44,1080.64,8.05,8.05,tsoc.org.cy,false,
2022-11-19 04:00:00,Cyprus,Cyprus,CY,875.06,1109.87,5.5,5.5,tsoc.org.cy,false,
2022-11-19 05:00:00,Cyprus,Cyprus,CY,799.94,1016.61,13.61,13.61,tsoc.org.cy,false,
2022-11-19 06:00:00,Cyprus,Cyprus,CY,654.59,836.78,29.31,29.31,tsoc.org.cy,false,
2022-11-19 07:00:00,Cyprus,Cyprus,CY,558.16,717.5,39.72,39.72,tsoc.org.cy,false,
2022-11-19 08:00:00,Cyprus,Cyprus,CY,521.59,672.32,43.67,43.67,tsoc.org.cy,false,
2022-11-19 09:00:00,Cyprus,Cyprus,CY,509.06,656.74,45.02,45.02,tsoc.org.cy,false,
2022-11-19 10:00:00,Cyprus,Cyprus,CY,509.97,657.86,44.92,44.92,tsoc.org.cy,false,
2022-11-19 11:00:00,Cyprus,Cyprus,CY,526.64,678.44,43.12,43.12,tsoc.org.cy,false,
2022-11-19 12:00:00,Cyprus,Cyprus,CY,609.56,781.07,34.17,34.17,tsoc.org.cy,false,
2022-11-19 13:00:00,Cyprus,Cyprus,CY,750.86,955.87,18.91,18.91,tsoc.org.cy,false,
2022-11-19 14:00:00,Cyprus,Cyprus,CY,867.78,1100.38,6.28,6.28,tsoc.org.cy,false,
2022-11-19 15:00:00,Cyprus,Cyprus,CY,905.27,1146.58,2.23,2.23,tsoc.org.cy,false,
2022-11-19 16:00:00,Cyprus,Cyprus,CY,913.18,1156.39,1.38,1.38,tsoc.org.cy,false,
2022-11-19 17:00:00,Cyprus,Cyprus,CY,915.52,1159.36,1.13,1.13,tsoc.org.cy,false,
2022-11-19 18:00:00,Cyprus,Cyprus,CY,914.92,1158.75,1.19,1.19,tsoc.org.cy,false,
2022-11-19 19:00:00,Cyprus,Cyprus,CY,914.11,1157.93,1.28,1.28,tsoc.org.cy,false,
2022-11-19 20:00:00,Cyprus,Cyprus,CY,913.08,1156.89,1.39,1.39,tsoc.org.cy,false,
2022-11-19 21:00:00,Cyprus,Cyprus,CY,910.17,1153.52,1.7,1.7,tsoc.org.cy,false,
2022-11-19 22:00:00,Cyprus,Cyprus,CY,907.24,1150.2,2.02,2.02,tsoc.org.cy,false,
2022-11-19 23:00:00,Cyprus,Cyprus,CY,905.11,1147.82,2.25,2.25,tsoc.org.cy,false,
2022-11-20 00:00:00,Cyprus,Cyprus,CY,901.83,1143.92,2.6,2.6,tsoc.org.cy,false,
2022-11-20 01:00:00,Cyprus,Cyprus,CY,899.81,1141.49,2.82,2.82,tsoc.org.cy,false,
2022-11-20 02:00:00,Cyprus,Cyprus,CY,894.54,1134.9,3.39,3.39,tsoc.org.cy,false,
2022-11-20 03:00:00,Cyprus,Cyprus,CY,883.8,1121.36,4.55,4.55,tsoc.org.cy,false,
2022-11-20 04:00:00,Cyprus,Cyprus,CY,873.16,1107.9,5.7,5.7,tsoc.org.cy,false,
2022-11-20 05:00:00,Cyprus,Cyprus,CY,778.71,990.8,15.9,15.9,tsoc.org.cy,false,
2022-11-20 06:00:00,Cyprus,Cyprus,CY,594.62,762.97,35.78,35.78,tsoc.org.cy,false,
2022-11-20 07:00:00,Cyprus,Cyprus,CY,549.02,706.84,40.71,40.71,tsoc.org.cy,false,
2022-11-20 08:00:00,Cyprus,Cyprus,CY,525.32,677.51,43.27,43.27,tsoc.org.cy,false,
2022-11-20 09:00:00,Cyprus,Cyprus,CY,512.87,662.08,44.61,44.61,tsoc.org.cy,false,
2022-11-20 10:00:00,Cyprus,Cyprus,CY,506.79,654.55,45.27,45.27,tsoc.org.cy,false,
2022-11-20 11:00:00,Cyprus,Cyprus,CY,521.35,672.49,43.7,43.7,tsoc.org.cy,false,
2022-11-20 12:00:00,Cyprus,Cyprus,CY,594.82,763.47,35.76,35.76,tsoc.org.cy,false,
2022-11-20 13:00:00,Cyprus,Cyprus,CY,756.45,963.34,18.31,18.31,tsoc.org.cy,false,
2022-11-20 14:00:00,Cyprus,Cyprus,CY,893.22,1132.27,3.53,3.53,tsoc.org.cy,false,
2022-11-20 15:00:00,Cyprus,Cyprus,CY,910.0,1152.66,1.72,1.72,tsoc.org.cy,false,
2022-11-20 16:00:00,Cyprus,Cyprus,CY,904.77,1146.02,2.29,2.29,tsoc.org.cy,false,
2022-11-20 17:00:00,Cyprus,Cyprus,CY,910.46,1153.15,1.67,1.67,tsoc.org.cy,false,
2022-11-20 18:00:00,Cyprus,Cyprus,CY,910.86,1153.75,1.63,1.63,tsoc.org.cy,false,
2022-11-20 19:00:00,Cyprus,Cyprus,CY,905.41,1147.1,2.22,2.22,tsoc.org.cy,false,
2022-11-20 20:00:00,Cyprus,Cyprus,CY,891.25,1129.68,3.75,3.75,tsoc.org.cy,false,
2022-11-20 21:00:00,Cyprus,Cyprus,CY,872.85,1107.02,5.74,5.74,tsoc.org.cy,false,
2022-11-20 22:00:00,Cyprus,Cyprus,CY,878.33,1114.26,5.14,5.14,tsoc.org.cy,false,
2022-11-20 23:00:00,Cyprus,Cyprus,CY,850.75,1080.12,8.12,8.12,tsoc.org.cy,false,
2022-11-21 00:00:00,Cyprus,Cyprus,CY,859.26,1090.92,7.2,7.2,tsoc.org.cy,false,
2022-11-21 01:00:00,Cyprus,Cyprus,CY,861.53,1093.8,6.96,6.96,tsoc.org.cy,false,
2022-11-21 02:00:00,Cyprus,Cyprus,CY,832.74,1057.76,10.07,10.07,tsoc.org.cy,false,
2022-11-21 03:00:00,Cyprus,Cyprus,CY,851.59,1080.97,8.03,8.03,tsoc.org.cy,false,
2022-11-21 04:00:00,Cyprus,Cyprus,CY,869.4,1102.6,6.11,6.11,tsoc.org.cy,false,
2022-11-21 05:00:00,Cyprus,Cyprus,CY,807.08,1024.87,12.84,12.84,tsoc.org.cy,false,
2022-11-21 06:00:00,Cyprus,Cyprus,CY,682.16,870.04,26.33,26.33,tsoc.org.cy,false,
2022-11-21 07:00:00,Cyprus,Cyprus,CY,638.03,815.71,31.09,31.09,tsoc.org.cy,false,
2022-11-21 08:00:00,Cyprus,Cyprus,CY,618.46,791.45,33.21,33.21,tsoc.org.cy,false,
2022-11-21 09:00:00,Cyprus,Cyprus,CY,608.7,779.3,34.26,34.26,tsoc.org.cy,false,
2022-11-21 10:00:00,Cyprus,Cyprus,CY,601.25,769.86,35.07,35.07,tsoc.org.cy,false,
2022-11-21 11:00:00,Cyprus,Cyprus,CY,611.98,782.85,33.91,33.91,tsoc.org.cy,false,
2022-11-21 12:00:00,Cyprus,Cyprus,CY,716.28,912.03,22.64,22.64,tsoc.org.cy,false,
2022-11-21 13:00:00,Cyprus,Cyprus,CY,797.79,1012.89,13.84,13.84,tsoc.org.cy,false,
2022-11-21 14:00:00,Cyprus,Cyprus,CY,832.06,1055.14,10.14,10.14,tsoc.org.cy,false,
2022-11-21 15:00:00,Cyprus,Cyprus,CY,835.8,1059.53,9.74,9.74,tsoc.org.cy,false,
2022-11-21 16:00:00,Cyprus,Cyprus,CY,851.8,1079.48,8.01,8.01,tsoc.org.cy,false,
2022-11-21 17:00:00,Cyprus,Cyprus,CY,858.02,1087.29,7.34,7.34,tsoc.org.cy,false,
2022-11-21 18:00:00,Cyprus,Cyprus,CY,853.79,1082.12,7.79,7.79,tsoc.org.cy,false,
2022-11-21 19:00:00,Cyprus,Cyprus,CY,864.28,1095.46,6.66,6.66,tsoc.org.cy,false,
2022-11-21 20:00:00,Cyprus,Cyprus,CY,865.78,1097.66,6.5,6.5,tsoc.org.cy,false,
2022-11-21 21:00:00,Cyprus,Cyprus,CY,893.19,1132.3,3.54,3.54,tsoc.org.cy,false,
2022-11-21 22:00:00,Cyprus,Cyprus,CY,902.17,1143.95,2.57,2.57,tsoc.org.cy,false,
2022-11-21 23:00:00,Cyprus,Cyprus,CY,898.84,1140.09,2.93,2.93,tsoc.org.cy,false,
2022-11-22 00:00:00,Cyprus,Cyprus,CY,897.8,1138.94,3.04,3.04,tsoc.org.cy,false,
2022-11-22 01:00:00,Cyprus,Cyprus,CY,904.87,1147.85,2.28,2.28,tsoc.org.cy,false,
2022-11-22 02:00:00,Cyprus,Cyprus,CY,903.78,1146.4,2.39,2.39,tsoc.org.cy,false,
2022-11-22 03:00:00,Cyprus,Cyprus,CY,907.63,1150.88,1.98,1.98,tsoc.org.cy,false,
2022-11-22 04:00:00,Cyprus,Cyprus,CY,908.91,1151.85,1.84,1.84,tsoc.org.cy,false,
2022-11-22 05:00:00,Cyprus,Cyprus,CY,873.29,1107.29,5.69,5.69,tsoc.org.cy,false,
2022-11-22 06:00:00,Cyprus,Cyprus,CY,742.66,945.33,19.8,19.8,tsoc.org.cy,false,
2022-11-22 07:00:00,Cyprus,Cyprus,CY,591.64,758.32,36.1,36.1,tsoc.org.cy,false,
2022-11-22 08:00:00,Cyprus,Cyprus,CY,542.19,696.95,41.44,41.44,tsoc.org.cy,false,
2022-11-22 09:00:00,Cyprus,Cyprus,CY,540.25,694.16,41.65,41.65,tsoc.org.cy,false,
2022-11-22 10:00:00,Cyprus,Cyprus,CY,564.8,724.34,39.0,39.0,tsoc.org.cy,false,
2022-11-22 11:00:00,Cyprus,Cyprus,CY,620.3,793.41,33.01,33.01,tsoc.org.cy,false,
2022-11-22 12:00:00,Cyprus,Cyprus,CY,677.26,864.24,26.86,26.86,tsoc.org.cy,false,
2022-11-22 13:00:00,Cyprus,Cyprus,CY,747.5,950.9,19.27,19.27,tsoc.org.cy,false,
2022-11-22 14:00:00,Cyprus,Cyprus,CY,845.51,1072.21,8.69,8.69,tsoc.org.cy,false,
2022-11-22 15:00:00,Cyprus,Cyprus,CY,878.11,1112.44,5.17,5.17,tsoc.org.cy,false,
2022-11-22 16:00:00,Cyprus,Cyprus,CY,884.17,1119.95,4.51,4.51,tsoc.org.cy,false,
2022-11-22 17:00:00,Cyprus,Cyprus,CY,880.09,1114.88,4.95,4.95,tsoc.org.cy,false,
2022-11-22 18:00:00,Cyprus,Cyprus,CY,868.94,1101.06,6.16,6.16,tsoc.org.cy,false,
2022-11-22 19:00:00,Cyprus,Cyprus,CY,846.07,1072.7,8.63,8.63,tsoc.org.cy,false,
2022-11-22 20:00:00,Cyprus,Cyprus,CY,836.39,1060.91,9.67,9.67,tsoc.org.cy,false,
2022-11-22 21:00:00,Cyprus,Cyprus,CY,845.26,1072.36,8.71,8.71,tsoc.org.cy,false,
2022-11-22 22:00:00,Cyprus,Cyprus,CY,853.47,1083.03,7.83,7.83,tsoc.org.cy,false,
2022-11-22 23:00:00,Cyprus,Cyprus,CY,869.04,1102.78,6.15,6.15,tsoc.org.cy,false,
2022-11-23 00:00:00,Cyprus,Cyprus,CY,885.15,1123.06,4.41,4.41,tsoc.org.cy,false,
2022-11-23 01:00:00,Cyprus,Cyprus,CY,891.88,1131.53,3.68,3.68,tsoc.org.cy,false,
2022-11-23 02:00:00,Cyprus,Cyprus,CY,885.82,1123.9,4.33,4.33,tsoc.org.cy,false,
2022-11-23 03:00:00,Cyprus,Cyprus,CY,899.07,1140.14,2.9,2.9,tsoc.org.cy,false,
2022-11-23 04:00:00,Cyprus,Cyprus,CY,886.85,1124.29,4.22,4.22,tsoc.org.cy,false,
2022-11-23 05:00:00,Cyprus,Cyprus,CY,819.94,1041.11,11.45,11.45,tsoc.org.cy,false,
2022-11-23 06:00:00,Cyprus,Cyprus,CY,696.48,888.42,24.78,24.78,tsoc.org.cy,false,
2022-11-23 07:00:00,Cyprus,Cyprus,CY,613.08,785.27,33.79,33.79,tsoc.org.cy,false,
2022-11-23 08:00:00,Cyprus,Cyprus,CY,616.86,790.05,33.38,33.38,tsoc.org.cy,false,
2022-11-23 09:00:00,Cyprus,Cyprus,CY,695.11,886.78,24.93,24.93,tsoc.org.cy,false,
2022-11-23 10:00:00,Cyprus,Cyprus,CY,783.95,996.56,15.34,15.34,tsoc.org.cy,false,
2022-11-23 11:00:00,Cyprus,Cyprus,CY,786.74,1000.06,15.03,15.03,tsoc.org.cy,false,
2022-11-23 12:00:00,Cyprus,Cyprus,CY,772.92,982.94,16.53,16.53,tsoc.org.cy,false,
2022-11-23 13:00:00,Cyprus,Cyprus,CY,801.52,1018.33,13.44,13.44,tsoc.org.cy,false,
2022-11-23 14:00:00,Cyprus,Cyprus,CY,878.49,1113.34,5.13,5.13,tsoc.org.cy,false,
2022-11-23 15:00:00,Cyprus,Cyprus,CY,901.8,1142.0,2.61,2.61,tsoc.org.cy,false,
2022-11-23 16:00:00,Cyprus,Cyprus,CY,912.96,1155.87,1.4,1.4,tsoc.org.cy,false,
2022-11-23 17:00:00,Cyprus,Cyprus,CY,916.32,1160.08,1.04,1.04,tsoc.org.cy,false,
2022-11-23 18:00:00,Cyprus,Cyprus,CY,916.19,1160.05,1.05,1.05,tsoc.org.cy,false,
2022-11-23 19:00:00,Cyprus,Cyprus,CY,915.2,1159.04,1.16,1.16,tsoc.org.cy,false,
2022-11-23 20:00:00,Cyprus,Cyprus,CY,913.89,1157.7,1.3,1.3,tsoc.org.cy,false,
2022-11-23 21:00:00,Cyprus,Cyprus,CY,912.44,1156.24,1.46,1.46,tsoc.org.cy,false,
2022-11-23 22:00:00,Cyprus,Cyprus,CY,904.5,1146.7,2.32,2.32,tsoc.org.cy,false,
2022-11-23 23:00:00,Cyprus,Cyprus,CY,903.53,1145.76,2.42,2.42,tsoc.org.cy,false,
2022-11-24 00:00:00,Cyprus,Cyprus,CY,904.14,1146.65,2.36,2.36,tsoc.org.cy,false,
2022-11-24 01:00:00,Cyprus,Cyprus,CY,900.37,1141.98,2.76,2.76,tsoc.org.cy,false,
2022-11-24 02:00:00,Cyprus,Cyprus,CY,904.07,1146.58,2.36,2.36,tsoc.org.cy,false,
2022-11-24 03:00:00,Cyprus,Cyprus,CY,896.59,1136.92,3.17,3.17,tsoc.org.cy,false,
2022-11-24 04:00:00,Cyprus,Cyprus,CY,876.98,1111.89,5.29,5.29,tsoc.org.cy,false,
2022-11-24 05:00:00,Cyprus,Cyprus,CY,865.22,1097.07,6.56,6.56,tsoc.org.cy,false,
2022-11-24 06:00:00,Cyprus,Cyprus,CY,826.38,1048.83,10.75,10.75,tsoc.org.cy,false,
2022-11-24 07:00:00,Cyprus,Cyprus,CY,780.95,992.75,15.66,15.66,tsoc.org.cy,false,
2022-11-24 08:00:00,Cyprus,Cyprus,CY,741.5,943.53,19.92,19.92,tsoc.org.cy,false,
2022-11-24 09:00:00,Cyprus,Cyprus,CY,730.15,929.81,21.15,21.15,tsoc.org.cy,false,
2022-11-24 10:00:00,Cyprus,Cyprus,CY,669.51,854.82,27.7,27.7,tsoc.org.cy,false,
2022-11-24 11:00:00,Cyprus,Cyprus,CY,682.76,871.47,26.26,26.26,tsoc.org.cy,false,
2022-11-24 12:00:00,Cyprus,Cyprus,CY,729.91,929.59,21.17,21.17,tsoc.org.cy,false,
2022-11-24 13:00:00,Cyprus,Cyprus,CY,826.12,1048.46,10.78,10.78,tsoc.org.cy,false,
2022-11-24 14:00:00,Cyprus,Cyprus,CY,883.21,1118.98,4.62,4.62,tsoc.org.cy,false,
2022-11-24 15:00:00,Cyprus,Cyprus,CY,886.83,1123.13,4.22,4.22,tsoc.org.cy,false,
2022-11-24 16:00:00,Cyprus,Cyprus,CY,904.56,1145.22,2.31,2.31,tsoc.org.cy,false,
2022-11-24 17:00:00,Cyprus,Cyprus,CY,908.25,1149.87,1.91,1.91,tsoc.org.cy,false,
2022-11-24 18:00:00,Cyprus,Cyprus,CY,898.73,1138.09,2.94,2.94,tsoc.org.cy,false,
2022-11-24 19:00:00,Cyprus,Cyprus,CY,909.42,1151.68,1.78,1.78,tsoc.org.cy,false,
2022-11-24 20:00:00,Cyprus,Cyprus,CY,900.92,1141.38,2.7,2.7,tsoc.org.cy,false,
2022-11-24 21:00:00,Cyprus,Cyprus,CY,895.87,1135.43,3.25,3.25,tsoc.org.cy,false,
2022-11-24 22:00:00,Cyprus,Cyprus,CY,888.71,1126.91,4.02,4.02,tsoc.org.cy,false,
2022-11-24 23:00:00,Cyprus,Cyprus,CY,888.29,1126.67,4.07,4.07,tsoc.org.cy,false,
2022-11-25 00:00:00,Cyprus,Cyprus,CY,829.48,1053.34,10.42,10.42,tsoc.org.cy,false,
2022-11-25 01:00:00,Cyprus,Cyprus,CY,819.25,1040.62,11.52,11.52,tsoc.org.cy,false,
2022-11-25 02:00:00,Cyprus,Cyprus,CY,860.91,1092.6,7.02,7.02,tsoc.org.cy,false,
2022-11-25 03:00:00,Cyprus,Cyprus,CY,853.92,1083.58,7.78,7.78,tsoc.org.cy,false,
2022-11-25 04:00:00,Cyprus,Cyprus,CY,883.0,1119.34,4.64,4.64,tsoc.org.cy,false,
2022-11-25 05:00:00,Cyprus,Cyprus,CY,843.86,1070.74,8.87,8.87,tsoc.org.cy,false,
2022-11-25 06:00:00,Cyprus,Cyprus,CY,724.18,922.77,21.79,21.79,tsoc.org.cy,false,
2022-11-25 07:00:00,Cyprus,Cyprus,CY,622.98,797.7,32.72,32.72,tsoc.org.cy,false,
2022-11-25 08:00:00,Cyprus,Cyprus,CY,588.31,754.69,36.46,36.46,tsoc.org.cy,false,
2022-11-25 09:00:00,Cyprus,Cyprus,CY,558.36,716.66,39.7,39.7,tsoc.org.cy,false,
2022-11-25 10:00:00,Cyprus,Cyprus,CY,576.22,738.1,37.77,37.77,tsoc.org.cy,false,
2022-11-25 11:00:00,Cyprus,Cyprus,CY,662.78,845.57,28.42,28.42,tsoc.org.cy,false,
2022-11-25 12:00:00,Cyprus,Cyprus,CY,759.67,965.79,17.96,17.96,tsoc.org.cy,false,
2022-11-25 13:00:00,Cyprus,Cyprus,CY,882.36,1118.07,4.71,4.71,tsoc.org.cy,false,
2022-11-25 14:00:00,Cyprus,Cyprus,CY,835.18,1058.8,9.8,9.8,tsoc.org.cy,false,
2022-11-25 15:00:00,Cyprus,Cyprus,CY,833.32,1056.23,10.0,10.0,tsoc.org.cy,false,
2022-11-25 16:00:00,Cyprus,Cyprus,CY,856.5,1085.16,7.5,7.5,tsoc.org.cy,false,
2022-11-25 17:00:00,Cyprus,Cyprus,CY,850.21,1077.32,8.18,8.18,tsoc.org.cy,false,
2022-11-25 18:00:00,Cyprus,Cyprus,CY,834.39,1057.68,9.89,9.89,tsoc.org.cy,false,
2022-11-25 19:00:00,Cyprus,Cyprus,CY,847.77,1074.6,8.44,8.44,tsoc.org.cy,false,
2022-11-25 20:00:00,Cyprus,Cyprus,CY,824.67,1045.98,10.94,10.94,tsoc.org.cy,false,
2022-11-25 21:00:00,Cyprus,Cyprus,CY,726.64,923.76,21.52,21.52,tsoc.org.cy,false,
2022-11-25 22:00:00,Cyprus,Cyprus,CY,724.35,921.28,21.77,21.77,tsoc.org.cy,false,
2022-11-25 23:00:00,Cyprus,Cyprus,CY,762.77,969.6,17.62,17.62,tsoc.org.cy,false,
2022-11-26 00:00:00,Cyprus,Cyprus,CY,747.1,950.22,19.31,19.31,tsoc.org.cy,false,
2022-11-26 01:00:00,Cyprus,Cyprus,CY,750.4,954.41,18.96,18.96,tsoc.org.cy,false,
2022-11-26 02:00:00,Cyprus,Cyprus,CY,769.33,978.07,16.92,16.92,tsoc.org.cy,false,
2022-11-26 03:00:00,Cyprus,Cyprus,CY,755.36,960.48,18.42,18.42,tsoc.org.cy,false,
2022-11-26 04:00:00,Cyprus,Cyprus,CY,791.68,1005.55,14.5,14.5,tsoc.org.cy,false,
2022-11-26 05:00:00,Cyprus,Cyprus,CY,767.83,976.37,17.08,17.08,tsoc.org.cy,false,
2022-11-26 06:00:00,Cyprus,Cyprus,CY,622.03,796.18,32.82,32.82,tsoc.org.cy,false,
2022-11-26 07:00:00,Cyprus,Cyprus,CY,521.74,672.31,43.65,43.65,tsoc.org.cy,false,
2022-11-26 08:00:00,Cyprus,Cyprus,CY,495.06,639.77,46.53,46.53,tsoc.org.cy,false,
2022-11-26 09:00:00,Cyprus,Cyprus,CY,485.23,627.7,47.6,47.6,tsoc.org.cy,false,
2022-11-26 10:00:00,Cyprus,Cyprus,CY,491.19,634.99,46.95,46.95,tsoc.org.cy,false,
2022-11-26 11:00:00,Cyprus,Cyprus,CY,518.63,668.78,43.99,43.99,tsoc.org.cy,false,
2022-11-26 12:00:00,Cyprus,Cyprus,CY,604.92,775.36,34.67,34.67,tsoc.org.cy,false,
2022-11-26 13:00:00,Cyprus,Cyprus,CY,742.31,945.05,19.83,19.83,tsoc.org.cy,false,
2022-11-26 14:00:00,Cyprus,Cyprus,CY,863.2,1094.3,6.78,6.78,tsoc.org.cy,false,
2022-11-26 15:00:00,Cyprus,Cyprus,CY,882.39,1117.82,4.7,4.7,tsoc.org.cy,false,
2022-11-26 16:00:00,Cyprus,Cyprus,CY,872.83,1105.8,5.74,5.74,tsoc.org.cy,false,
2022-11-26 17:00:00,Cyprus,Cyprus,CY,876.09,1109.9,5.38,5.38,tsoc.org.cy,false,
2022-11-26 18:00:00,Cyprus,Cyprus,CY,887.44,1124.17,4.16,4.16,tsoc.org.cy,false,
2022-11-26 19:00:00,Cyprus,Cyprus,CY,892.91,1131.17,3.57,3.57,tsoc.org.cy,false,
2022-11-26 20:00:00,Cyprus,Cyprus,CY,891.21,1129.25,3.75,3.75,tsoc.org.cy,false,
2022-11-26 21:00:00,Cyprus,Cyprus,CY,880.55,1116.18,4.9,4.9,tsoc.org.cy,false,
2022-11-26 22:00:00,Cyprus,Cyprus,CY,888.32,1126.23,4.06,4.06,tsoc.org.cy,false,
2022-11-26 23:00:00,Cyprus,Cyprus,CY,893.16,1132.58,3.54,3.54,tsoc.org.cy,false,
2022-11-27 00:00:00,Cyprus,Cyprus,CY,896.06,1136.42,3.23,3.23,tsoc.org.cy,false,
2022-11-27 01:00:00,Cyprus,Cyprus,CY,893.18,1132.92,3.54,3.54,tsoc.org.cy,false,
2022-11-27 02:00:00,Cyprus,Cyprus,CY,868.69,1102.32,6.18,6.18,tsoc.org.cy,false,
2022-11-27 03:00:00,Cyprus,Cyprus,CY,844.93,1072.52,8.75,8.75,tsoc.org.cy,false,
2022-11-27 04:00:00,Cyprus,Cyprus,CY,835.12,1060.1,9.81,9.81,tsoc.org.cy,false,
2022-11-27 05:00:00,Cyprus,Cyprus,CY,798.36,1014.39,13.78,13.78,tsoc.org.cy,false,
2022-11-27 06:00:00,Cyprus,Cyprus,CY,739.78,941.72,20.11,20.11,tsoc.org.cy,false,
2022-11-27 07:00:00,Cyprus,Cyprus,CY,711.74,907.07,23.13,23.13,tsoc.org.cy,false,
2022-11-27 08:00:00,Cyprus,Cyprus,CY,636.05,813.59,31.31,31.31,tsoc.org.cy,false,
2022-11-27 09:00:00,Cyprus,Cyprus,CY,642.81,821.84,30.58,30.58,tsoc.org.cy,false,
2022-11-27 10:00:00,Cyprus,Cyprus,CY,609.25,780.37,34.2,34.2,tsoc.org.cy,false,
2022-11-27 11:00:00,Cyprus,Cyprus,CY,616.82,789.6,33.39,33.39,tsoc.org.cy,false,
2022-11-27 12:00:00,Cyprus,Cyprus,CY,661.95,845.41,28.51,28.51,tsoc.org.cy,false,
2022-11-27 13:00:00,Cyprus,Cyprus,CY,747.08,950.61,19.32,19.32,tsoc.org.cy,false,
2022-11-27 14:00:00,Cyprus,Cyprus,CY,849.53,1077.31,8.25,8.25,tsoc.org.cy,false,
2022-11-27 15:00:00,Cyprus,Cyprus,CY,867.49,1099.2,6.31,6.31,tsoc.org.cy,false,
2022-11-27 16:00:00,Cyprus,Cyprus,CY,877.32,1111.38,5.25,5.25,tsoc.org.cy,false,
2022-11-27 17:00:00,Cyprus,Cyprus,CY,862.86,1093.3,6.81,6.81,tsoc.org.cy,false,
2022-11-27 18:00:00,Cyprus,Cyprus,CY,855.47,1084.12,7.61,7.61,tsoc.org.cy,false,
2022-11-27 19:00:00,Cyprus,Cyprus,CY,832.75,1055.89,10.07,10.07,tsoc.org.cy,false,
2022-11-27 20:00:00,Cyprus,Cyprus,CY,831.48,1054.58,10.2,10.2,tsoc.org.cy,false,
2022-11-27 21:00:00,Cyprus,Cyprus,CY,846.3,1073.45,8.6,8.6,tsoc.org.cy,false,
2022-11-27 22:00:00,Cyprus,Cyprus,CY,822.79,1044.5,11.14,11.14,tsoc.org.cy,false,
2022-11-27 23:00:00,Cyprus,Cyprus,CY,810.71,1029.74,12.45,12.45,tsoc.org.cy,false,
2022-11-28 00:00:00,Cyprus,Cyprus,CY,767.6,976.03,17.1,17.1,tsoc.org.cy,false,
2022-11-28 01:00:00,Cyprus,Cyprus,CY,782.09,994.26,15.54,15.54,tsoc.org.cy,false,
2022-11-28 02:00:00,Cyprus,Cyprus,CY,792.54,1007.26,14.41,14.41,tsoc.org.cy,false,
2022-11-28 03:00:00,Cyprus,Cyprus,CY,785.23,997.81,15.2,15.2,tsoc.org.cy,false,
2022-11-28 04:00:00,Cyprus,Cyprus,CY,768.8,976.61,16.97,16.97,tsoc.org.cy,false,
2022-11-28 05:00:00,Cyprus,Cyprus,CY,728.31,926.09,21.34,21.34,tsoc.org.cy,false,
2022-11-28 06:00:00,Cyprus,Cyprus,CY,699.67,891.45,24.44,24.44,tsoc.org.cy,false,
2022-11-28 07:00:00,Cyprus,Cyprus,CY,631.37,807.22,31.81,31.81,tsoc.org.cy,false,
2022-11-28 08:00:00,Cyprus,Cyprus,CY,584.56,749.13,36.87,36.87,tsoc.org.cy,false,
2022-11-28 09:00:00,Cyprus,Cyprus,CY,570.17,731.25,38.42,38.42,tsoc.org.cy,false,
2022-11-28 10:00:00,Cyprus,Cyprus,CY,654.46,835.3,29.32,29.32,tsoc.org.cy,false,
2022-11-28 11:00:00,Cyprus,Cyprus,CY,689.48,878.0,25.54,25.54,tsoc.org.cy,false,
2022-11-28 12:00:00,Cyprus,Cyprus,CY,693.66,882.71,25.09,25.09,tsoc.org.cy,false,
2022-11-28 13:00:00,Cyprus,Cyprus,CY,793.04,1006.75,14.35,14.35,tsoc.org.cy,false,
2022-11-28 14:00:00,Cyprus,Cyprus,CY,864.17,1095.01,6.67,6.67,tsoc.org.cy,false,
2022-11-28 15:00:00,Cyprus,Cyprus,CY,898.22,1137.37,3.0,3.0,tsoc.org.cy,false,
2022-11-28 16:00:00,Cyprus,Cyprus,CY,888.02,1124.47,4.1,4.1,tsoc.org.cy,false,
2022-11-28 17:00:00,Cyprus,Cyprus,CY,859.59,1088.94,7.17,7.17,tsoc.org.cy,false,
2022-11-28 18:00:00,Cyprus,Cyprus,CY,816.09,1034.65,11.87,11.87,tsoc.org.cy,false,
2022-11-28 19:00:00,Cyprus,Cyprus,CY,780.29,990.11,15.73,15.73,tsoc.org.cy,false,
2022-11-28 20:00:00,Cyprus,Cyprus,CY,771.7,979.67,16.66,16.66,tsoc.org.cy,false,
2022-11-28 21:00:00,Cyprus,Cyprus,CY,755.54,959.85,18.4,18.4,tsoc.org.cy,false,
2022-11-28 22:00:00,Cyprus,Cyprus,CY,693.44,882.64,25.11,25.11,tsoc.org.cy,false,
2022-11-28 23:00:00,Cyprus,Cyprus,CY,737.16,937.61,20.39,20.39,tsoc.org.cy,false,
2022-11-29 00:00:00,Cyprus,Cyprus,CY,807.43,1025.61,12.8,12.8,tsoc.org.cy,false,
2022-11-29 01:00:00,Cyprus,Cyprus,CY,783.12,995.32,15.42,15.42,tsoc.org.cy,false,
2022-11-29 02:00:00,Cyprus,Cyprus,CY,764.15,971.55,17.47,17.47,tsoc.org.cy,false,
2022-11-29 03:00:00,Cyprus,Cyprus,CY,830.14,1053.75,10.35,10.35,tsoc.org.cy,false,
2022-11-29 04:00:00,Cyprus,Cyprus,CY,760.58,966.25,17.86,17.86,tsoc.org.cy,false,
2022-11-29 05:00:00,Cyprus,Cyprus,CY,802.13,1017.78,13.37,13.37,tsoc.org.cy,false,
2022-11-29 06:00:00,Cyprus,Cyprus,CY,715.05,909.09,22.78,22.78,tsoc.org.cy,false,
2022-11-29 07:00:00,Cyprus,Cyprus,CY,710.68,904.26,23.25,23.25,tsoc.org.cy,false,
2022-11-29 08:00:00,Cyprus,Cyprus,CY,631.86,807.58,31.76,31.76,tsoc.org.cy,false,
2022-11-29 09:00:00,Cyprus,Cyprus,CY,626.84,801.32,32.3,32.3,tsoc.org.cy,false,
2022-11-29 10:00:00,Cyprus,Cyprus,CY,681.76,869.25,26.37,26.37,tsoc.org.cy,false,
2022-11-29 11:00:00,Cyprus,Cyprus,CY,718.69,915.05,22.38,22.38,tsoc.org.cy,false,
2022-11-29 12:00:00,Cyprus,Cyprus,CY,715.92,911.52,22.68,22.68,tsoc.org.cy,false,
2022-11-29 13:00:00,Cyprus,Cyprus,CY,803.91,1020.53,13.18,13.18,tsoc.org.cy,false,
2022-11-29 14:00:00,Cyprus,Cyprus,CY,883.66,1119.59,4.57,4.57,tsoc.org.cy,false,
2022-11-29 15:00:00,Cyprus,Cyprus,CY,898.66,1137.89,2.95,2.95,tsoc.org.cy,false,
2022-11-29 16:00:00,Cyprus,Cyprus,CY,903.32,1143.63,2.44,2.44,tsoc.org.cy,false,
2022-11-29 17:00:00,Cyprus,Cyprus,CY,875.32,1108.64,5.47,5.47,tsoc.org.cy,false,
2022-11-29 18:00:00,Cyprus,Cyprus,CY,868.01,1099.58,6.26,6.26,tsoc.org.cy,false,
2022-11-29 19:00:00,Cyprus,Cyprus,CY,876.57,1110.47,5.33,5.33,tsoc.org.cy,false,
2022-11-29 20:00:00,Cyprus,Cyprus,CY,877.12,1111.44,5.27,5.27,tsoc.org.cy,false,
2022-11-29 21:00:00,Cyprus,Cyprus,CY,867.05,1099.22,6.36,6.36,tsoc.org.cy,false,
2022-11-29 22:00:00,Cyprus,Cyprus,CY,855.81,1085.61,7.57,7.57,tsoc.org.cy,false,
2022-11-29 23:00:00,Cyprus,Cyprus,CY,874.18,1108.94,5.59,5.59,tsoc.org.cy,false,
2022-11-30 00:00:00,Cyprus,Cyprus,CY,865.19,1097.89,6.56,6.56,tsoc.org.cy,false,
2022-11-30 01:00:00,Cyprus,Cyprus,CY,863.89,1096.36,6.7,6.7,tsoc.org.cy,false,
2022-11-30 02:00:00,Cyprus,Cyprus,CY,877.36,1113.13,5.25,5.25,tsoc.org.cy,false,
2022-11-30 03:00:00,Cyprus,Cyprus,CY,896.62,1136.88,3.17,3.17,tsoc.org.cy,false,
2022-11-30 04:00:00,Cyprus,Cyprus,CY,885.51,1122.4,4.37,4.37,tsoc.org.cy,false,
2022-11-30 05:00:00,Cyprus,Cyprus,CY,851.41,1079.89,8.05,8.05,tsoc.org.cy,false,
2022-11-30 06:00:00,Cyprus,Cyprus,CY,745.3,948.74,19.51,19.51,tsoc.org.cy,false,
2022-11-30 07:00:00,Cyprus,Cyprus,CY,640.65,819.47,30.81,30.81,tsoc.org.cy,false,
2022-11-30 08:00:00,Cyprus,Cyprus,CY,607.12,778.03,34.43,34.43,tsoc.org.cy,false,
2022-11-30 09:00:00,Cyprus,Cyprus,CY,605.23,775.74,34.64,34.64,tsoc.org.cy,false,
2022-11-30 10:00:00,Cyprus,Cyprus,CY,608.13,779.34,34.32,34.32,tsoc.org.cy,false,
2022-11-30 11:00:00,Cyprus,Cyprus,CY,645.12,825.08,30.33,30.33,tsoc.org.cy,false,
2022-11-30 12:00:00,Cyprus,Cyprus,CY,737.65,939.45,20.34,20.34,tsoc.org.cy,false,
2022-11-30 13:00:00,Cyprus,Cyprus,CY,841.02,1067.27,9.17,9.17,tsoc.org.cy,false,
2022-11-30 14:00:00,Cyprus,Cyprus,CY,899.48,1139.39,2.86,2.86,tsoc.org.cy,false,
2022-11-30 15:00:00,Cyprus,Cyprus,CY,912.39,1155.12,1.46,1.46,tsoc.org.cy,false,
2022-11-30 16:00:00,Cyprus,Cyprus,CY,914.63,1157.86,1.22,1.22,tsoc.org.cy,false,
2022-11-30 17:00:00,Cyprus,Cyprus,CY,905.66,1146.67,2.19,2.19,tsoc.org.cy,false,
2022-11-30 18:00:00,Cyprus,Cyprus,CY,909.34,1151.37,1.79,1.79,tsoc.org.cy,false,
2022-11-30 19:00:00,Cyprus,Cyprus,CY,909.27,1151.45,1.8,1.8,tsoc.org.cy,false,
2022-11-30 20:00:00,Cyprus,Cyprus,CY,911.68,1154.7,1.54,1.54,tsoc.org.cy,false,
2022-11-30 21:00:00,Cyprus,Cyprus,CY,913.51,1157.33,1.34,1.34,tsoc.org.cy,false,
2022-11-30 22:00:00,Cyprus,Cyprus,CY,911.72,1155.51,1.54,1.54,tsoc.org.cy,false,
2022-11-30 23:00:00,Cyprus,Cyprus,CY,909.1,1152.54,1.82,1.82,tsoc.org.cy,false,
2022-12-01 00:00:00,Cyprus,Cyprus,CY,908.23,1151.65,1.91,1.91,tsoc.org.cy,false,
2022-12-01 01:00:00,Cyprus,Cyprus,CY,905.11,1147.82,2.25,2.25,tsoc.org.cy,false,
2022-12-01 02:00:00,Cyprus,Cyprus,CY,906.01,1148.91,2.15,2.15,tsoc.org.cy,false,
2022-12-01 03:00:00,Cyprus,Cyprus,CY,905.5,1147.99,2.21,2.21,tsoc.org.cy,false,
2022-12-01 04:00:00,Cyprus,Cyprus,CY,912.55,1156.22,1.45,1.45,tsoc.org.cy,false,
2022-12-01 05:00:00,Cyprus,Cyprus,CY,874.43,1108.76,5.56,5.56,tsoc.org.cy,false,
2022-12-01 06:00:00,Cyprus,Cyprus,CY,728.52,928.26,21.32,21.32,tsoc.org.cy,false,
2022-12-01 07:00:00,Cyprus,Cyprus,CY,604.54,775.0,34.71,34.71,tsoc.org.cy,false,
2022-12-01 08:00:00,Cyprus,Cyprus,CY,583.12,748.62,37.02,37.02,tsoc.org.cy,false,
2022-12-01 09:00:00,Cyprus,Cyprus,CY,571.84,734.67,38.24,38.24,tsoc.org.cy,false,
2022-12-01 10:00:00,Cyprus,Cyprus,CY,571.87,734.65,38.24,38.24,tsoc.org.cy,false,
2022-12-01 11:00:00,Cyprus,Cyprus,CY,593.16,760.93,35.94,35.94,tsoc.org.cy,false,
2022-12-01 12:00:00,Cyprus,Cyprus,CY,634.8,812.33,31.44,31.44,tsoc.org.cy,false,
2022-12-01 13:00:00,Cyprus,Cyprus,CY,758.58,965.31,18.08,18.08,tsoc.org.cy,false,
2022-12-01 14:00:00,Cyprus,Cyprus,CY,892.45,1130.78,3.62,3.62,tsoc.org.cy,false,
2022-12-01 15:00:00,Cyprus,Cyprus,CY,910.85,1153.25,1.63,1.63,tsoc.org.cy,false,
2022-12-01 16:00:00,Cyprus,Cyprus,CY,899.1,1138.49,2.9,2.9,tsoc.org.cy,false,
2022-12-01 17:00:00,Cyprus,Cyprus,CY,895.19,1133.61,3.32,3.32,tsoc.org.cy,false,
2022-12-01 18:00:00,Cyprus,Cyprus,CY,879.67,1114.3,5.0,5.0,tsoc.org.cy,false,
2022-12-01 19:00:00,Cyprus,Cyprus,CY,887.04,1123.67,4.2,4.2,tsoc.org.cy,false,
2022-12-01 20:00:00,Cyprus,Cyprus,CY,892.83,1131.18,3.58,3.58,tsoc.org.cy,false,
2022-12-01 21:00:00,Cyprus,Cyprus,CY,900.26,1140.79,2.77,2.77,tsoc.org.cy,false,
2022-12-01 22:00:00,Cyprus,Cyprus,CY,895.23,1134.94,3.32,3.32,tsoc.org.cy,false,
2022-12-01 23:00:00,Cyprus,Cyprus,CY,895.74,1135.89,3.26,3.26,tsoc.org.cy,false,
2022-12-02 00:00:00,Cyprus,Cyprus,CY,901.87,1143.73,2.6,2.6,tsoc.org.cy,false,
2022-12-02 01:00:00,Cyprus,Cyprus,CY,906.34,1149.38,2.12,2.12,tsoc.org.cy,false,
2022-12-02 02:00:00,Cyprus,Cyprus,CY,905.9,1148.78,2.17,2.17,tsoc.org.cy,false,
2022-12-02 03:00:00,Cyprus,Cyprus,CY,907.39,1150.36,2.0,2.0,tsoc.org.cy,false,
2022-12-02 04:00:00,Cyprus,Cyprus,CY,910.41,1153.55,1.68,1.68,tsoc.org.cy,false,
2022-12-02 05:00:00,Cyprus,Cyprus,CY,859.71,1090.4,7.15,7.15,tsoc.org.cy,false,
2022-12-02 06:00:00,Cyprus,Cyprus,CY,720.67,918.37,22.17,22.17,tsoc.org.cy,false,
2022-12-02 07:00:00,Cyprus,Cyprus,CY,601.8,771.45,35.01,35.01,tsoc.org.cy,false,
2022-12-02 08:00:00,Cyprus,Cyprus,CY,587.31,753.63,36.57,36.57,tsoc.org.cy,false,
2022-12-02 09:00:00,Cyprus,Cyprus,CY,599.07,768.2,35.3,35.3,tsoc.org.cy,false,
2022-12-02 10:00:00,Cyprus,Cyprus,CY,598.45,767.39,35.37,35.37,tsoc.org.cy,false,
2022-12-02 11:00:00,Cyprus,Cyprus,CY,605.46,775.91,34.61,34.61,tsoc.org.cy,false,
2022-12-02 12:00:00,Cyprus,Cyprus,CY,663.54,847.7,28.34,28.34,tsoc.org.cy,false,
2022-12-02 13:00:00,Cyprus,Cyprus,CY,802.84,1019.89,13.3,13.3,tsoc.org.cy,false,
2022-12-02 14:00:00,Cyprus,Cyprus,CY,879.95,1115.09,4.97,4.97,tsoc.org.cy,false,
2022-12-02 15:00:00,Cyprus,Cyprus,CY,872.17,1104.91,5.81,5.81,tsoc.org.cy,false,
2022-12-02 16:00:00,Cyprus,Cyprus,CY,859.08,1088.5,7.22,7.22,tsoc.org.cy,false,
2022-12-02 17:00:00,Cyprus,Cyprus,CY,856.57,1085.38,7.49,7.49,tsoc.org.cy,false,
2022-12-02 18:00:00,Cyprus,Cyprus,CY,855.09,1083.63,7.65,7.65,tsoc.org.cy,false,
2022-12-02 19:00:00,Cyprus,Cyprus,CY,841.81,1067.19,9.09,9.09,tsoc.org.cy,false,
2022-12-02 20:00:00,Cyprus,Cyprus,CY,844.54,1070.83,8.79,8.79,tsoc.org.cy,false,
2022-12-02 21:00:00,Cyprus,Cyprus,CY,843.28,1069.53,8.93,8.93,tsoc.org.cy,false,
2022-12-02 22:00:00,Cyprus,Cyprus,CY,803.81,1020.56,13.19,13.19,tsoc.org.cy,false,
2022-12-02 23:00:00,Cyprus,Cyprus,CY,790.48,1004.22,14.63,14.63,tsoc.org.cy,false,
2022-12-03 00:00:00,Cyprus,Cyprus,CY,805.23,1022.87,13.04,13.04,tsoc.org.cy,false,
2022-12-03 01:00:00,Cyprus,Cyprus,CY,836.05,1061.48,9.71,9.71,tsoc.org.cy,false,
2022-12-03 02:00:00,Cyprus,Cyprus,CY,841.08,1067.76,9.17,9.17,tsoc.org.cy,false,
2022-12-03 03:00:00,Cyprus,Cyprus,CY,849.17,1077.72,8.29,8.29,tsoc.org.cy,false,
2022-12-03 04:00:00,Cyprus,Cyprus,CY,858.9,1089.55,7.24,7.24,tsoc.org.cy,false,
2022-12-03 05:00:00,Cyprus,Cyprus,CY,813.88,1033.75,12.1,12.1,tsoc.org.cy,false,
2022-12-03 06:00:00,Cyprus,Cyprus,CY,668.69,854.23,27.78,27.78,tsoc.org.cy,false,
2022-12-03 07:00:00,Cyprus,Cyprus,CY,549.75,707.31,40.63,40.63,tsoc.org.cy,false,
2022-12-03 08:00:00,Cyprus,Cyprus,CY,517.86,668.06,44.07,44.07,tsoc.org.cy,false,
2022-12-03 09:00:00,Cyprus,Cyprus,CY,484.55,626.93,47.67,47.67,tsoc.org.cy,false,
2022-12-03 10:00:00,Cyprus,Cyprus,CY,497.36,642.74,46.29,46.29,tsoc.org.cy,false,
2022-12-03 11:00:00,Cyprus,Cyprus,CY,568.29,730.38,38.63,38.63,tsoc.org.cy,false,
2022-12-03 12:00:00,Cyprus,Cyprus,CY,596.4,765.14,35.59,35.59,tsoc.org.cy,false,
2022-12-03 13:00:00,Cyprus,Cyprus,CY,762.92,971.03,17.61,17.61,tsoc.org.cy,false,
2022-12-03 14:00:00,Cyprus,Cyprus,CY,894.52,1133.57,3.39,3.39,tsoc.org.cy,false,
2022-12-03 15:00:00,Cyprus,Cyprus,CY,915.16,1158.8,1.17,1.17,tsoc.org.cy,false,
2022-12-03 16:00:00,Cyprus,Cyprus,CY,914.74,1158.19,1.21,1.21,tsoc.org.cy,false,
2022-12-03 17:00:00,Cyprus,Cyprus,CY,916.24,1160.09,1.05,1.05,tsoc.org.cy,false,
2022-12-03 18:00:00,Cyprus,Cyprus,CY,914.99,1158.62,1.18,1.18,tsoc.org.cy,false,
2022-12-03 19:00:00,Cyprus,Cyprus,CY,912.05,1155.1,1.5,1.5,tsoc.org.cy,false,
2022-12-03 20:00:00,Cyprus,Cyprus,CY,910.57,1153.44,1.66,1.66,tsoc.org.cy,false,
2022-12-03 21:00:00,Cyprus,Cyprus,CY,904.49,1146.08,2.32,2.32,tsoc.org.cy,false,
2022-12-03 22:00:00,Cyprus,Cyprus,CY,891.31,1129.96,3.74,3.74,tsoc.org.cy,false,
2022-12-03 23:00:00,Cyprus,Cyprus,CY,876.0,1111.13,5.39,5.39,tsoc.org.cy,false,
2022-12-04 00:00:00,Cyprus,Cyprus,CY,860.34,1091.76,7.09,7.09,tsoc.org.cy,false,
2022-12-04 01:00:00,Cyprus,Cyprus,CY,875.09,1110.31,5.49,5.49,tsoc.org.cy,false,
2022-12-04 02:00:00,Cyprus,Cyprus,CY,884.02,1121.48,4.53,4.53,tsoc.org.cy,false,
2022-12-04 03:00:00,Cyprus,Cyprus,CY,895.04,1135.19,3.34,3.34,tsoc.org.cy,false,
2022-12-04 04:00:00,Cyprus,Cyprus,CY,900.39,1141.7,2.76,2.76,tsoc.org.cy,false,
2022-12-04 05:00:00,Cyprus,Cyprus,CY,839.94,1066.73,9.29,9.29,tsoc.org.cy,false,
2022-12-04 06:00:00,Cyprus,Cyprus,CY,647.56,828.63,30.07,30.07,tsoc.org.cy,false,
2022-12-04 07:00:00,Cyprus,Cyprus,CY,516.44,666.61,44.23,44.23,tsoc.org.cy,false,
2022-12-04 08:00:00,Cyprus,Cyprus,CY,498.75,644.71,46.14,46.14,tsoc.org.cy,false,
2022-12-04 09:00:00,Cyprus,Cyprus,CY,501.12,647.65,45.88,45.88,tsoc.org.cy,false,
2022-12-04 10:00:00,Cyprus,Cyprus,CY,497.91,643.67,46.23,46.23,tsoc.org.cy,false,
2022-12-04 11:00:00,Cyprus,Cyprus,CY,512.91,662.22,44.61,44.61,tsoc.org.cy,false,
2022-12-04 12:00:00,Cyprus,Cyprus,CY,603.76,774.55,34.8,34.8,tsoc.org.cy,false,
2022-12-04 13:00:00,Cyprus,Cyprus,CY,750.66,956.03,18.93,18.93,tsoc.org.cy,false,
2022-12-04 14:00:00,Cyprus,Cyprus,CY,888.23,1125.95,4.07,4.07,tsoc.org.cy,false,
2022-12-04 15:00:00,Cyprus,Cyprus,CY,909.55,1151.95,1.77,1.77,tsoc.org.cy,false,
2022-12-04 16:00:00,Cyprus,Cyprus,CY,911.21,1153.9,1.59,1.59,tsoc.org.cy,false,
2022-12-04 17:00:00,Cyprus,Cyprus,CY,911.72,1154.52,1.54,1.54,tsoc.org.cy,false,
2022-12-04 18:00:00,Cyprus,Cyprus,CY,913.13,1156.34,1.38,1.38,tsoc.org.cy,false,
2022-12-04 19:00:00,Cyprus,Cyprus,CY,904.76,1146.01,2.29,2.29,tsoc.org.cy,false,
2022-12-04 20:00:00,Cyprus,Cyprus,CY,868.79,1101.28,6.17,6.17,tsoc.org.cy,false,
2022-12-04 21:00:00,Cyprus,Cyprus,CY,842.07,1068.22,9.06,9.06,tsoc.org.cy,false,
2022-12-04 22:00:00,Cyprus,Cyprus,CY,835.35,1060.24,9.78,9.78,tsoc.org.cy,false,
2022-12-04 23:00:00,Cyprus,Cyprus,CY,840.1,1066.49,9.27,9.27,tsoc.org.cy,false,
2022-12-05 00:00:00,Cyprus,Cyprus,CY,857.57,1088.5,7.38,7.38,tsoc.org.cy,false,
2022-12-05 01:00:00,Cyprus,Cyprus,CY,866.77,1100.05,6.39,6.39,tsoc.org.cy,false,
2022-12-05 02:00:00,Cyprus,Cyprus,CY,874.31,1109.39,5.58,5.58,tsoc.org.cy,false,
2022-12-05 03:00:00,Cyprus,Cyprus,CY,869.14,1102.62,6.14,6.14,tsoc.org.cy,false,
2022-12-05 04:00:00,Cyprus,Cyprus,CY,887.14,1124.48,4.19,4.19,tsoc.org.cy,false,
2022-12-05 05:00:00,Cyprus,Cyprus,CY,853.21,1082.27,7.86,7.86,tsoc.org.cy,false,
2022-12-05 06:00:00,Cyprus,Cyprus,CY,711.87,907.46,23.12,23.12,tsoc.org.cy,false,
2022-12-05 07:00:00,Cyprus,Cyprus,CY,595.88,764.18,35.65,35.65,tsoc.org.cy,false,
2022-12-05 08:00:00,Cyprus,Cyprus,CY,547.68,704.73,40.85,40.85,tsoc.org.cy,false,
2022-12-05 09:00:00,Cyprus,Cyprus,CY,527.01,679.21,43.08,43.08,tsoc.org.cy,false,
2022-12-05 10:00:00,Cyprus,Cyprus,CY,554.8,713.5,40.08,40.08,tsoc.org.cy,false,
2022-12-05 11:00:00,Cyprus,Cyprus,CY,605.16,775.61,34.64,34.64,tsoc.org.cy,false,
2022-12-05 12:00:00,Cyprus,Cyprus,CY,734.12,935.06,20.72,20.72,tsoc.org.cy,false,
2022-12-05 13:00:00,Cyprus,Cyprus,CY,818.91,1039.8,11.56,11.56,tsoc.org.cy,false,
2022-12-05 14:00:00,Cyprus,Cyprus,CY,892.32,1130.46,3.63,3.63,tsoc.org.cy,false,
2022-12-05 15:00:00,Cyprus,Cyprus,CY,896.57,1135.38,3.17,3.17,tsoc.org.cy,false,
2022-12-05 16:00:00,Cyprus,Cyprus,CY,882.77,1118.06,4.66,4.66,tsoc.org.cy,false,
2022-12-05 17:00:00,Cyprus,Cyprus,CY,898.68,1137.95,2.94,2.94,tsoc.org.cy,false,
2022-12-05 18:00:00,Cyprus,Cyprus,CY,901.31,1141.29,2.66,2.66,tsoc.org.cy,false,
2022-12-05 19:00:00,Cyprus,Cyprus,CY,895.72,1134.47,3.26,3.26,tsoc.org.cy,false,
2022-12-05 20:00:00,Cyprus,Cyprus,CY,895.86,1134.91,3.25,3.25,tsoc.org.cy,false,
2022-12-05 21:00:00,Cyprus,Cyprus,CY,894.32,1133.34,3.42,3.42,tsoc.org.cy,false,
2022-12-05 22:00:00,Cyprus,Cyprus,CY,898.68,1139.21,2.94,2.94,tsoc.org.cy,false,
2022-12-05 23:00:00,Cyprus,Cyprus,CY,902.69,1144.52,2.51,2.51,tsoc.org.cy,false,
2022-12-06 00:00:00,Cyprus,Cyprus,CY,898.22,1139.1,2.99,2.99,tsoc.org.cy,false,
2022-12-06 01:00:00,Cyprus,Cyprus,CY,894.9,1135.03,3.35,3.35,tsoc.org.cy,false,
2022-12-06 02:00:00,Cyprus,Cyprus,CY,894.84,1134.87,3.36,3.36,tsoc.org.cy,false,
2022-12-06 03:00:00,Cyprus,Cyprus,CY,903.99,1146.04,2.37,2.37,tsoc.org.cy,false,
2022-12-06 04:00:00,Cyprus,Cyprus,CY,911.87,1155.28,1.52,1.52,tsoc.org.cy,false,
2022-12-06 05:00:00,Cyprus,Cyprus,CY,876.61,1111.4,5.33,5.33,tsoc.org.cy,false,
2022-12-06 06:00:00,Cyprus,Cyprus,CY,736.47,938.0,20.46,20.46,tsoc.org.cy,false,
2022-12-06 07:00:00,Cyprus,Cyprus,CY,603.26,773.31,34.85,34.85,tsoc.org.cy,false,
2022-12-06 08:00:00,Cyprus,Cyprus,CY,564.48,725.45,39.04,39.04,tsoc.org.cy,false,
2022-12-06 09:00:00,Cyprus,Cyprus,CY,568.48,730.41,38.61,38.61,tsoc.org.cy,false,
2022-12-06 10:00:00,Cyprus,Cyprus,CY,604.66,775.05,34.7,34.7,tsoc.org.cy,false,
2022-12-06 11:00:00,Cyprus,Cyprus,CY,623.62,798.29,32.65,32.65,tsoc.org.cy,false,
2022-12-06 12:00:00,Cyprus,Cyprus,CY,711.84,907.43,23.12,23.12,tsoc.org.cy,false,
2022-12-06 13:00:00,Cyprus,Cyprus,CY,833.57,1057.93,9.98,9.98,tsoc.org.cy,false,
2022-12-06 14:00:00,Cyprus,Cyprus,CY,898.9,1138.55,2.92,2.92,tsoc.org.cy,false,
2022-12-06 15:00:00,Cyprus,Cyprus,CY,908.67,1150.42,1.87,1.87,tsoc.org.cy,false,
2022-12-06 16:00:00,Cyprus,Cyprus,CY,910.36,1152.46,1.68,1.68,tsoc.org.cy,false,
2022-12-06 17:00:00,Cyprus,Cyprus,CY,916.69,1160.38,1.0,1.0,tsoc.org.cy,false,
2022-12-06 18:00:00,Cyprus,Cyprus,CY,915.58,1159.08,1.12,1.12,tsoc.org.cy,false,
2022-12-06 19:00:00,Cyprus,Cyprus,CY,912.35,1155.21,1.47,1.47,tsoc.org.cy,false,
2022-12-06 20:00:00,Cyprus,Cyprus,CY,911.27,1154.11,1.59,1.59,tsoc.org.cy,false,
2022-12-06 21:00:00,Cyprus,Cyprus,CY,912.33,1155.77,1.47,1.47,tsoc.org.cy,false,
2022-12-06 22:00:00,Cyprus,Cyprus,CY,906.82,1149.3,2.07,2.07,tsoc.org.cy,false,
2022-12-06 23:00:00,Cyprus,Cyprus,CY,904.99,1147.33,2.26,2.26,tsoc.org.cy,false,
2022-12-07 00:00:00,Cyprus,Cyprus,CY,903.33,1145.43,2.44,2.44,tsoc.org.cy,false,
2022-12-07 01:00:00,Cyprus,Cyprus,CY,900.87,1142.42,2.71,2.71,tsoc.org.cy,false,
2022-12-07 02:00:00,Cyprus,Cyprus,CY,898.52,1139.43,2.96,2.96,tsoc.org.cy,false,
2022-12-07 03:00:00,Cyprus,Cyprus,CY,890.69,1129.37,3.81,3.81,tsoc.org.cy,false,
2022-12-07 04:00:00,Cyprus,Cyprus,CY,902.67,1143.77,2.51,2.51,tsoc.org.cy,false,
2022-12-07 05:00:00,Cyprus,Cyprus,CY,873.9,1107.96,5.62,5.62,tsoc.org.cy,false,
2022-12-07 06:00:00,Cyprus,Cyprus,CY,762.52,970.18,17.65,17.65,tsoc.org.cy,false,
2022-12-07 07:00:00,Cyprus,Cyprus,CY,670.07,855.91,27.63,27.63,tsoc.org.cy,false,
2022-12-07 08:00:00,Cyprus,Cyprus,CY,637.74,815.97,31.13,31.13,tsoc.org.cy,false,
2022-12-07 09:00:00,Cyprus,Cyprus,CY,648.8,829.69,29.93,29.93,tsoc.org.cy,false,
2022-12-07 10:00:00,Cyprus,Cyprus,CY,657.83,840.83,28.96,28.96,tsoc.org.cy,false,
2022-12-07 11:00:00,Cyprus,Cyprus,CY,658.27,841.26,28.91,28.91,tsoc.org.cy,false,
2022-12-07 12:00:00,Cyprus,Cyprus,CY,768.43,977.35,17.01,17.01,tsoc.org.cy,false,
2022-12-07 13:00:00,Cyprus,Cyprus,CY,837.96,1063.26,9.5,9.5,tsoc.org.cy,false,
2022-12-07 14:00:00,Cyprus,Cyprus,CY,900.89,1141.04,2.71,2.71,tsoc.org.cy,false,
2022-12-07 15:00:00,Cyprus,Cyprus,CY,915.93,1159.44,1.08,1.08,tsoc.org.cy,false,
2022-12-07 16:00:00,Cyprus,Cyprus,CY,915.92,1159.36,1.08,1.08,tsoc.org.cy,false,
2022-12-07 17:00:00,Cyprus,Cyprus,CY,917.0,1160.7,0.97,0.97,tsoc.org.cy,false,
2022-12-07 18:00:00,Cyprus,Cyprus,CY,914.1,1157.16,1.28,1.28,tsoc.org.cy,false,
2022-12-07 19:00:00,Cyprus,Cyprus,CY,913.53,1156.61,1.34,1.34,tsoc.org.cy,false,
2022-12-07 20:00:00,Cyprus,Cyprus,CY,908.5,1150.59,1.89,1.89,tsoc.org.cy,false,
2022-12-07 21:00:00,Cyprus,Cyprus,CY,900.45,1140.9,2.75,2.75,tsoc.org.cy,false,
2022-12-07 22:00:00,Cyprus,Cyprus,CY,892.57,1131.47,3.6,3.6,tsoc.org.cy,false,
2022-12-07 23:00:00,Cyprus,Cyprus,CY,897.41,1137.85,3.08,3.08,tsoc.org.cy,false,
2022-12-08 00:00:00,Cyprus,Cyprus,CY,908.67,1152.09,1.87,1.87,tsoc.org.cy,false,
2022-12-08 01:00:00,Cyprus,Cyprus,CY,909.62,1153.37,1.76,1.76,tsoc.org.cy,false,
2022-12-08 02:00:00,Cyprus,Cyprus,CY,909.13,1152.71,1.82,1.82,tsoc.org.cy,false,
2022-12-08 03:00:00,Cyprus,Cyprus,CY,907.27,1150.11,2.02,2.02,tsoc.org.cy,false,
2022-12-08 04:00:00,Cyprus,Cyprus,CY,908.44,1150.97,1.89,1.89,tsoc.org.cy,false,
2022-12-08 05:00:00,Cyprus,Cyprus,CY,877.64,1112.57,5.22,5.22,tsoc.org.cy,false,
2022-12-08 06:00:00,Cyprus,Cyprus,CY,746.68,950.55,19.36,19.36,tsoc.org.cy,false,
2022-12-08 07:00:00,Cyprus,Cyprus,CY,623.61,798.47,32.65,32.65,tsoc.org.cy,false,
2022-12-08 08:00:00,Cyprus,Cyprus,CY,558.03,717.47,39.73,39.73,tsoc.org.cy,false,
2022-12-08 09:00:00,Cyprus,Cyprus,CY,549.24,706.57,40.68,40.68,tsoc.org.cy,false,
2022-12-08 10:00:00,Cyprus,Cyprus,CY,565.02,726.09,38.98,38.98,tsoc.org.cy,false,
2022-12-08 11:00:00,Cyprus,Cyprus,CY,634.11,811.49,31.52,31.52,tsoc.org.cy,false,
2022-12-08 12:00:00,Cyprus,Cyprus,CY,715.21,911.74,22.76,22.76,tsoc.org.cy,false,
2022-12-08 13:00:00,Cyprus,Cyprus,CY,821.48,1043.03,11.28,11.28,tsoc.org.cy,false,
2022-12-08 14:00:00,Cyprus,Cyprus,CY,904.99,1146.22,2.26,2.26,tsoc.org.cy,false,
2022-12-08 15:00:00,Cyprus,Cyprus,CY,915.64,1159.14,1.11,1.11,tsoc.org.cy,false,
2022-12-08 16:00:00,Cyprus,Cyprus,CY,914.9,1158.15,1.19,1.19,tsoc.org.cy,false,
2022-12-08 17:00:00,Cyprus,Cyprus,CY,912.09,1154.63,1.5,1.5,tsoc.org.cy,false,
2022-12-08 18:00:00,Cyprus,Cyprus,CY,913.79,1156.82,1.31,1.31,tsoc.org.cy,false,
2022-12-08 19:00:00,Cyprus,Cyprus,CY,909.91,1152.16,1.73,1.73,tsoc.org.cy,false,
2022-12-08 20:00:00,Cyprus,Cyprus,CY,904.84,1146.1,2.28,2.28,tsoc.org.cy,false,
2022-12-08 21:00:00,Cyprus,Cyprus,CY,891.54,1129.84,3.72,3.72,tsoc.org.cy,false,
2022-12-08 22:00:00,Cyprus,Cyprus,CY,885.92,1123.24,4.32,4.32,tsoc.org.cy,false,
2022-12-08 23:00:00,Cyprus,Cyprus,CY,878.4,1114.14,5.14,5.14,tsoc.org.cy,false,
2022-12-09 00:00:00,Cyprus,Cyprus,CY,881.99,1118.81,4.75,4.75,tsoc.org.cy,false,
2022-12-09 01:00:00,Cyprus,Cyprus,CY,878.86,1114.99,5.09,5.09,tsoc.org.cy,false,
2022-12-09 02:00:00,Cyprus,Cyprus,CY,874.7,1109.74,5.54,5.54,tsoc.org.cy,false,
2022-12-09 03:00:00,Cyprus,Cyprus,CY,885.09,1122.42,4.41,4.41,tsoc.org.cy,false,
2022-12-09 04:00:00,Cyprus,Cyprus,CY,883.46,1119.79,4.59,4.59,tsoc.org.cy,false,
2022-12-09 05:00:00,Cyprus,Cyprus,CY,845.85,1072.86,8.65,8.65,tsoc.org.cy,false,
2022-12-09 06:00:00,Cyprus,Cyprus,CY,730.62,930.42,21.1,21.1,tsoc.org.cy,false,
2022-12-09 07:00:00,Cyprus,Cyprus,CY,603.86,773.73,34.78,34.78,tsoc.org.cy,false,
2022-12-09 08:00:00,Cyprus,Cyprus,CY,560.79,720.65,39.44,39.44,tsoc.org.cy,false,
2022-12-09 09:00:00,Cyprus,Cyprus,CY,565.11,726.04,38.97,38.97,tsoc.org.cy,false,
2022-12-09 10:00:00,Cyprus,Cyprus,CY,569.33,731.31,38.51,38.51,tsoc.org.cy,false,
2022-12-09 11:00:00,Cyprus,Cyprus,CY,588.46,754.94,36.45,36.45,tsoc.org.cy,false,
2022-12-09 12:00:00,Cyprus,Cyprus,CY,673.1,859.52,27.31,27.31,tsoc.org.cy,false,
2022-12-09 13:00:00,Cyprus,Cyprus,CY,803.04,1020.17,13.27,13.27,tsoc.org.cy,false,
2022-12-09 14:00:00,Cyprus,Cyprus,CY,891.05,1128.88,3.77,3.77,tsoc.org.cy,false,
2022-12-09 15:00:00,Cyprus,Cyprus,CY,909.08,1150.98,1.82,1.82,tsoc.org.cy,false,
2022-12-09 16:00:00,Cyprus,Cyprus,CY,909.92,1151.97,1.73,1.73,tsoc.org.cy,false,
2022-12-09 17:00:00,Cyprus,Cyprus,CY,907.14,1148.52,2.03,2.03,tsoc.org.cy,false,
2022-12-09 18:00:00,Cyprus,Cyprus,CY,910.54,1152.86,1.66,1.66,tsoc.org.cy,false,
2022-12-09 19:00:00,Cyprus,Cyprus,CY,913.59,1156.83,1.33,1.33,tsoc.org.cy,false,
2022-12-09 20:00:00,Cyprus,Cyprus,CY,913.78,1157.28,1.31,1.31,tsoc.org.cy,false,
2022-12-09 21:00:00,Cyprus,Cyprus,CY,914.07,1157.89,1.28,1.28,tsoc.org.cy,false,
2022-12-09 22:00:00,Cyprus,Cyprus,CY,912.56,1156.36,1.45,1.45,tsoc.org.cy,false,
2022-12-09 23:00:00,Cyprus,Cyprus,CY,909.87,1153.33,1.74,1.74,tsoc.org.cy,false,
2022-12-10 00:00:00,Cyprus,Cyprus,CY,907.51,1150.61,1.99,1.99,tsoc.org.cy,false,
2022-12-10 01:00:00,Cyprus,Cyprus,CY,909.73,1153.48,1.75,1.75,tsoc.org.cy,false,
2022-12-10 02:00:00,Cyprus,Cyprus,CY,909.02,1152.6,1.83,1.83,tsoc.org.cy,false,
2022-12-10 03:00:00,Cyprus,Cyprus,CY,905.79,1148.42,2.18,2.18,tsoc.org.cy,false,
2022-12-10 04:00:00,Cyprus,Cyprus,CY,901.0,1142.12,2.69,2.69,tsoc.org.cy,false,
2022-12-10 05:00:00,Cyprus,Cyprus,CY,859.12,1089.98,7.22,7.22,tsoc.org.cy,false,
2022-12-10 06:00:00,Cyprus,Cyprus,CY,715.85,912.64,22.69,22.69,tsoc.org.cy,false,
2022-12-10 07:00:00,Cyprus,Cyprus,CY,587.14,753.51,36.59,36.59,tsoc.org.cy,false,
2022-12-10 08:00:00,Cyprus,Cyprus,CY,501.06,647.13,45.89,45.89,tsoc.org.cy,false,
2022-12-10 09:00:00,Cyprus,Cyprus,CY,528.34,680.94,42.94,42.94,tsoc.org.cy,false,
2022-12-10 10:00:00,Cyprus,Cyprus,CY,576.9,740.89,37.7,37.7,tsoc.org.cy,false,
2022-12-10 11:00:00,Cyprus,Cyprus,CY,568.8,730.89,38.57,38.57,tsoc.org.cy,false,
2022-12-10 12:00:00,Cyprus,Cyprus,CY,690.81,881.77,25.39,25.39,tsoc.org.cy,false,
2022-12-10 13:00:00,Cyprus,Cyprus,CY,791.64,1006.39,14.5,14.5,tsoc.org.cy,false,
2022-12-10 14:00:00,Cyprus,Cyprus,CY,891.54,1129.79,3.72,3.72,tsoc.org.cy,false,
2022-12-10 15:00:00,Cyprus,Cyprus,CY,916.43,1160.29,1.03,1.03,tsoc.org.cy,false,
2022-12-10 16:00:00,Cyprus,Cyprus,CY,916.77,1160.63,0.99,0.99,tsoc.org.cy,false,
2022-12-10 17:00:00,Cyprus,Cyprus,CY,916.66,1160.52,1.0,1.0,tsoc.org.cy,false,
2022-12-10 18:00:00,Cyprus,Cyprus,CY,916.3,1160.15,1.04,1.04,tsoc.org.cy,false,
2022-12-10 19:00:00,Cyprus,Cyprus,CY,915.72,1159.57,1.1,1.1,tsoc.org.cy,false,
2022-12-10 20:00:00,Cyprus,Cyprus,CY,914.95,1158.79,1.19,1.19,tsoc.org.cy,false,
2022-12-10 21:00:00,Cyprus,Cyprus,CY,913.94,1157.76,1.3,1.3,tsoc.org.cy,false,
2022-12-10 22:00:00,Cyprus,Cyprus,CY,912.32,1156.12,1.47,1.47,tsoc.org.cy,false,
2022-12-10 23:00:00,Cyprus,Cyprus,CY,910.93,1154.71,1.62,1.62,tsoc.org.cy,false,
2022-12-11 00:00:00,Cyprus,Cyprus,CY,910.03,1153.79,1.72,1.72,tsoc.org.cy,false,
2022-12-11 01:00:00,Cyprus,Cyprus,CY,909.49,1153.24,1.78,1.78,tsoc.org.cy,false,
2022-12-11 02:00:00,Cyprus,Cyprus,CY,909.4,1153.15,1.79,1.79,tsoc.org.cy,false,
2022-12-11 03:00:00,Cyprus,Cyprus,CY,909.85,1153.6,1.74,1.74,tsoc.org.cy,false,
2022-12-11 04:00:00,Cyprus,Cyprus,CY,910.8,1154.57,1.64,1.64,tsoc.org.cy,false,
2022-12-11 05:00:00,Cyprus,Cyprus,CY,855.18,1085.53,7.64,7.64,tsoc.org.cy,false,
2022-12-11 06:00:00,Cyprus,Cyprus,CY,703.81,898.2,23.99,23.99,tsoc.org.cy,false,
2022-12-11 07:00:00,Cyprus,Cyprus,CY,579.93,744.96,37.37,37.37,tsoc.org.cy,false,
2022-12-11 08:00:00,Cyprus,Cyprus,CY,507.33,655.12,45.21,45.21,tsoc.org.cy,false,
2022-12-11 09:00:00,Cyprus,Cyprus,CY,509.02,657.21,45.03,45.03,tsoc.org.cy,false,
2022-12-11 10:00:00,Cyprus,Cyprus,CY,589.55,756.57,36.33,36.33,tsoc.org.cy,false,
2022-12-11 11:00:00,Cyprus,Cyprus,CY,635.42,812.98,31.38,31.38,tsoc.org.cy,false,
2022-12-11 12:00:00,Cyprus,Cyprus,CY,723.74,922.17,21.84,21.84,tsoc.org.cy,false,
2022-12-11 13:00:00,Cyprus,Cyprus,CY,828.28,1051.33,10.55,10.55,tsoc.org.cy,false,
2022-12-11 14:00:00,Cyprus,Cyprus,CY,883.04,1118.92,4.63,4.63,tsoc.org.cy,false,
2022-12-11 15:00:00,Cyprus,Cyprus,CY,900.06,1139.87,2.8,2.8,tsoc.org.cy,false,
2022-12-11 16:00:00,Cyprus,Cyprus,CY,894.12,1132.38,3.44,3.44,tsoc.org.cy,false,
2022-12-11 17:00:00,Cyprus,Cyprus,CY,891.19,1128.73,3.75,3.75,tsoc.org.cy,false,
2022-12-11 18:00:00,Cyprus,Cyprus,CY,887.8,1124.53,4.12,4.12,tsoc.org.cy,false,
2022-12-11 19:00:00,Cyprus,Cyprus,CY,841.54,1066.85,9.12,9.12,tsoc.org.cy,false,
2022-12-11 20:00:00,Cyprus,Cyprus,CY,890.81,1128.66,3.8,3.8,tsoc.org.cy,false,
2022-12-11 21:00:00,Cyprus,Cyprus,CY,820.78,1041.47,11.36,11.36,tsoc.org.cy,false,
2022-12-11 22:00:00,Cyprus,Cyprus,CY,784.19,996.17,15.31,15.31,tsoc.org.cy,false,
2022-12-11 23:00:00,Cyprus,Cyprus,CY,799.74,1015.95,13.63,13.63,tsoc.org.cy,false,
2022-12-12 00:00:00,Cyprus,Cyprus,CY,742.44,944.53,19.82,19.82,tsoc.org.cy,false,
2022-12-12 01:00:00,Cyprus,Cyprus,CY,767.07,975.42,17.16,17.16,tsoc.org.cy,false,
2022-12-12 02:00:00,Cyprus,Cyprus,CY,833.99,1059.0,9.93,9.93,tsoc.org.cy,false,
2022-12-12 03:00:00,Cyprus,Cyprus,CY,793.67,1008.27,14.29,14.29,tsoc.org.cy,false,
2022-12-12 04:00:00,Cyprus,Cyprus,CY,820.22,1040.81,11.42,11.42,tsoc.org.cy,false,
2022-12-12 05:00:00,Cyprus,Cyprus,CY,811.01,1029.18,12.41,12.41,tsoc.org.cy,false,
2022-12-12 06:00:00,Cyprus,Cyprus,CY,740.17,941.61,20.06,20.06,tsoc.org.cy,false,
2022-12-12 07:00:00,Cyprus,Cyprus,CY,683.78,872.36,26.15,26.15,tsoc.org.cy,false,
2022-12-12 08:00:00,Cyprus,Cyprus,CY,611.54,783.15,33.96,33.96,tsoc.org.cy,false,
2022-12-12 09:00:00,Cyprus,Cyprus,CY,572.73,735.25,38.15,38.15,tsoc.org.cy,false,
2022-12-12 10:00:00,Cyprus,Cyprus,CY,572.98,735.68,38.12,38.12,tsoc.org.cy,false,
2022-12-12 11:00:00,Cyprus,Cyprus,CY,626.93,802.4,32.29,32.29,tsoc.org.cy,false,
2022-12-12 12:00:00,Cyprus,Cyprus,CY,687.96,877.84,25.7,25.7,tsoc.org.cy,false,
2022-12-12 13:00:00,Cyprus,Cyprus,CY,805.17,1022.68,13.04,13.04,tsoc.org.cy,false,
2022-12-12 14:00:00,Cyprus,Cyprus,CY,885.16,1121.46,4.41,4.41,tsoc.org.cy,false,
2022-12-12 15:00:00,Cyprus,Cyprus,CY,886.49,1122.68,4.26,4.26,tsoc.org.cy,false,
2022-12-12 16:00:00,Cyprus,Cyprus,CY,876.84,1110.56,5.3,5.3,tsoc.org.cy,false,
2022-12-12 17:00:00,Cyprus,Cyprus,CY,876.97,1110.72,5.29,5.29,tsoc.org.cy,false,
2022-12-12 18:00:00,Cyprus,Cyprus,CY,890.35,1127.52,3.84,3.84,tsoc.org.cy,false,
2022-12-12 19:00:00,Cyprus,Cyprus,CY,893.88,1132.1,3.46,3.46,tsoc.org.cy,false,
2022-12-12 20:00:00,Cyprus,Cyprus,CY,877.4,1111.78,5.24,5.24,tsoc.org.cy,false,
2022-12-12 21:00:00,Cyprus,Cyprus,CY,854.29,1083.27,7.74,7.74,tsoc.org.cy,false,
2022-12-12 22:00:00,Cyprus,Cyprus,CY,876.97,1112.02,5.29,5.29,tsoc.org.cy,false,
2022-12-12 23:00:00,Cyprus,Cyprus,CY,877.99,1113.61,5.18,5.18,tsoc.org.cy,false,
2022-12-13 00:00:00,Cyprus,Cyprus,CY,877.39,1113.06,5.24,5.24,tsoc.org.cy,false,
2022-12-13 01:00:00,Cyprus,Cyprus,CY,878.52,1114.54,5.12,5.12,tsoc.org.cy,false,
2022-12-13 02:00:00,Cyprus,Cyprus,CY,881.92,1118.74,4.75,4.75,tsoc.org.cy,false,
2022-12-13 03:00:00,Cyprus,Cyprus,CY,892.07,1131.14,3.66,3.66,tsoc.org.cy,false,
2022-12-13 04:00:00,Cyprus,Cyprus,CY,900.43,1140.99,2.76,2.76,tsoc.org.cy,false,
2022-12-13 05:00:00,Cyprus,Cyprus,CY,896.36,1135.65,3.2,3.2,tsoc.org.cy,false,
2022-12-13 06:00:00,Cyprus,Cyprus,CY,833.15,1057.29,10.02,10.02,tsoc.org.cy,false,
2022-12-13 07:00:00,Cyprus,Cyprus,CY,699.61,892.23,24.44,24.44,tsoc.org.cy,false,
2022-12-13 08:00:00,Cyprus,Cyprus,CY,673.01,859.47,27.32,27.32,tsoc.org.cy,false,
2022-12-13 09:00:00,Cyprus,Cyprus,CY,631.81,808.51,31.77,31.77,tsoc.org.cy,false,
2022-12-13 10:00:00,Cyprus,Cyprus,CY,642.29,821.46,30.63,30.63,tsoc.org.cy,false,
2022-12-13 11:00:00,Cyprus,Cyprus,CY,744.45,947.68,19.6,19.6,tsoc.org.cy,false,
2022-12-13 12:00:00,Cyprus,Cyprus,CY,808.79,1027.23,12.65,12.65,tsoc.org.cy,false,
2022-12-13 13:00:00,Cyprus,Cyprus,CY,850.01,1078.18,8.2,8.2,tsoc.org.cy,false,
2022-12-13 14:00:00,Cyprus,Cyprus,CY,900.44,1140.48,2.76,2.76,tsoc.org.cy,false,
2022-12-13 15:00:00,Cyprus,Cyprus,CY,910.81,1153.06,1.63,1.63,tsoc.org.cy,false,
2022-12-13 16:00:00,Cyprus,Cyprus,CY,917.62,1161.49,0.9,0.9,tsoc.org.cy,false,
2022-12-13 17:00:00,Cyprus,Cyprus,CY,916.89,1160.59,0.98,0.98,tsoc.org.cy,false,
2022-12-13 18:00:00,Cyprus,Cyprus,CY,916.52,1160.2,1.02,1.02,tsoc.org.cy,false,
2022-12-13 19:00:00,Cyprus,Cyprus,CY,916.47,1160.33,1.02,1.02,tsoc.org.cy,false,
2022-12-13 20:00:00,Cyprus,Cyprus,CY,915.33,1159.17,1.15,1.15,tsoc.org.cy,false,
2022-12-13 21:00:00,Cyprus,Cyprus,CY,911.84,1155.16,1.52,1.52,tsoc.org.cy,false,
2022-12-13 22:00:00,Cyprus,Cyprus,CY,905.06,1147.11,2.26,2.26,tsoc.org.cy,false,
2022-12-13 23:00:00,Cyprus,Cyprus,CY,881.16,1117.57,4.84,4.84,tsoc.org.cy,false,
2022-12-14 00:00:00,Cyprus,Cyprus,CY,869.55,1103.24,6.09,6.09,tsoc.org.cy,false,
2022-12-14 01:00:00,Cyprus,Cyprus,CY,870.64,1104.66,5.97,5.97,tsoc.org.cy,false,
2022-12-14 02:00:00,Cyprus,Cyprus,CY,878.1,1113.94,5.17,5.17,tsoc.org.cy,false,
2022-12-14 03:00:00,Cyprus,Cyprus,CY,879.68,1115.65,5.0,5.0,tsoc.org.cy,false,
2022-12-14 04:00:00,Cyprus,Cyprus,CY,907.74,1150.12,1.97,1.97,tsoc.org.cy,false,
2022-12-14 05:00:00,Cyprus,Cyprus,CY,891.03,1128.88,3.77,3.77,tsoc.org.cy,false,
2022-12-14 06:00:00,Cyprus,Cyprus,CY,878.93,1113.75,5.08,5.08,tsoc.org.cy,false,
2022-12-14 07:00:00,Cyprus,Cyprus,CY,853.26,1081.91,7.85,7.85,tsoc.org.cy,false,
2022-12-14 08:00:00,Cyprus,Cyprus,CY,819.84,1040.79,11.46,11.46,tsoc.org.cy,false,
2022-12-14 09:00:00,Cyprus,Cyprus,CY,810.72,1029.53,12.44,12.44,tsoc.org.cy,false,
2022-12-14 10:00:00,Cyprus,Cyprus,CY,791.41,1005.59,14.53,14.53,tsoc.org.cy,false,
2022-12-14 11:00:00,Cyprus,Cyprus,CY,742.94,945.65,19.77,19.77,tsoc.org.cy,false,
2022-12-14 12:00:00,Cyprus,Cyprus,CY,752.61,957.71,18.72,18.72,tsoc.org.cy,false,
2022-12-14 13:00:00,Cyprus,Cyprus,CY,804.96,1022.48,13.07,13.07,tsoc.org.cy,false,
2022-12-14 14:00:00,Cyprus,Cyprus,CY,896.11,1135.06,3.22,3.22,tsoc.org.cy,false,
2022-12-14 15:00:00,Cyprus,Cyprus,CY,909.85,1151.8,1.74,1.74,tsoc.org.cy,false,
2022-12-14 16:00:00,Cyprus,Cyprus,CY,905.99,1146.91,2.16,2.16,tsoc.org.cy,false,
2022-12-14 17:00:00,Cyprus,Cyprus,CY,909.16,1150.89,1.81,1.81,tsoc.org.cy,false,
2022-12-14 18:00:00,Cyprus,Cyprus,CY,906.2,1147.28,2.13,2.13,tsoc.org.cy,false,
2022-12-14 19:00:00,Cyprus,Cyprus,CY,910.69,1153.09,1.65,1.65,tsoc.org.cy,false,
2022-12-14 20:00:00,Cyprus,Cyprus,CY,913.61,1157.01,1.33,1.33,tsoc.org.cy,false,
2022-12-14 21:00:00,Cyprus,Cyprus,CY,911.33,1154.52,1.58,1.58,tsoc.org.cy,false,
2022-12-14 22:00:00,Cyprus,Cyprus,CY,901.98,1143.29,2.59,2.59,tsoc.org.cy,false,
2022-12-14 23:00:00,Cyprus,Cyprus,CY,890.86,1129.75,3.79,3.79,tsoc.org.cy,false,
2022-12-15 00:00:00,Cyprus,Cyprus,CY,888.58,1127.14,4.04,4.04,tsoc.org.cy,false,
2022-12-15 01:00:00,Cyprus,Cyprus,CY,890.5,1129.64,3.83,3.83,tsoc.org.cy,false,
2022-12-15 02:00:00,Cyprus,Cyprus,CY,895.11,1135.35,3.33,3.33,tsoc.org.cy,false,
2022-12-15 03:00:00,Cyprus,Cyprus,CY,886.7,1124.52,4.24,4.24,tsoc.org.cy,false,
2022-12-15 04:00:00,Cyprus,Cyprus,CY,897.78,1137.73,3.04,3.04,tsoc.org.cy,false,
2022-12-15 05:00:00,Cyprus,Cyprus,CY,887.41,1124.51,4.16,4.16,tsoc.org.cy,false,
2022-12-15 06:00:00,Cyprus,Cyprus,CY,808.88,1027.28,12.64,12.64,tsoc.org.cy,false,
2022-12-15 07:00:00,Cyprus,Cyprus,CY,709.05,903.87,23.43,23.43,tsoc.org.cy,false,
2022-12-15 08:00:00,Cyprus,Cyprus,CY,619.34,793.06,33.11,33.11,tsoc.org.cy,false,
2022-12-15 09:00:00,Cyprus,Cyprus,CY,583.14,748.33,37.02,37.02,tsoc.org.cy,false,
2022-12-15 10:00:00,Cyprus,Cyprus,CY,583.09,748.25,37.03,37.03,tsoc.org.cy,false,
2022-12-15 11:00:00,Cyprus,Cyprus,CY,636.85,814.79,31.22,31.22,tsoc.org.cy,false,
2022-12-15 12:00:00,Cyprus,Cyprus,CY,698.69,891.13,24.54,24.54,tsoc.org.cy,false,
2022-12-15 13:00:00,Cyprus,Cyprus,CY,829.56,1052.88,10.41,10.41,tsoc.org.cy,false,
2022-12-15 14:00:00,Cyprus,Cyprus,CY,895.79,1134.68,3.26,3.26,tsoc.org.cy,false,
2022-12-15 15:00:00,Cyprus,Cyprus,CY,905.79,1146.85,2.18,2.18,tsoc.org.cy,false,
2022-12-15 16:00:00,Cyprus,Cyprus,CY,910.38,1152.53,1.68,1.68,tsoc.org.cy,false,
2022-12-15 17:00:00,Cyprus,Cyprus,CY,915.4,1158.82,1.14,1.14,tsoc.org.cy,false,
2022-12-15 18:00:00,Cyprus,Cyprus,CY,916.89,1160.76,0.98,0.98,tsoc.org.cy,false,
2022-12-15 19:00:00,Cyprus,Cyprus,CY,914.94,1158.49,1.19,1.19,tsoc.org.cy,false,
2022-12-15 20:00:00,Cyprus,Cyprus,CY,914.03,1157.63,1.29,1.29,tsoc.org.cy,false,
2022-12-15 21:00:00,Cyprus,Cyprus,CY,911.34,1154.63,1.58,1.58,tsoc.org.cy,false,
2022-12-15 22:00:00,Cyprus,Cyprus,CY,904.99,1147.12,2.26,2.26,tsoc.org.cy,false,
2022-12-15 23:00:00,Cyprus,Cyprus,CY,896.72,1137.16,3.16,3.16,tsoc.org.cy,false,
2022-12-16 00:00:00,Cyprus,Cyprus,CY,892.28,1131.82,3.64,3.64,tsoc.org.cy,false,
2022-12-16 01:00:00,Cyprus,Cyprus,CY,891.58,1131.02,3.71,3.71,tsoc.org.cy,false,
2022-12-16 02:00:00,Cyprus,Cyprus,CY,893.58,1133.46,3.5,3.5,tsoc.org.cy,false,
2022-12-16 03:00:00,Cyprus,Cyprus,CY,904.01,1146.16,2.37,2.37,tsoc.org.cy,false,
2022-12-16 04:00:00,Cyprus,Cyprus,CY,906.17,1148.24,2.14,2.14,tsoc.org.cy,false,
2022-12-16 05:00:00,Cyprus,Cyprus,CY,884.85,1121.48,4.44,4.44,tsoc.org.cy,false,
2022-12-16 06:00:00,Cyprus,Cyprus,CY,769.17,978.31,16.93,16.93,tsoc.org.cy,false,
2022-12-16 07:00:00,Cyprus,Cyprus,CY,639.2,817.66,30.97,30.97,tsoc.org.cy,false,
2022-12-16 08:00:00,Cyprus,Cyprus,CY,591.9,759.32,36.08,36.08,tsoc.org.cy,false,
2022-12-16 09:00:00,Cyprus,Cyprus,CY,591.29,758.63,36.14,36.14,tsoc.org.cy,false,
2022-12-16 10:00:00,Cyprus,Cyprus,CY,596.29,764.85,35.6,35.6,tsoc.org.cy,false,
2022-12-16 11:00:00,Cyprus,Cyprus,CY,607.19,778.35,34.42,34.42,tsoc.org.cy,false,
2022-12-16 12:00:00,Cyprus,Cyprus,CY,667.6,852.98,27.9,27.9,tsoc.org.cy,false,
2022-12-16 13:00:00,Cyprus,Cyprus,CY,797.45,1013.44,13.88,13.88,tsoc.org.cy,false,
2022-12-16 14:00:00,Cyprus,Cyprus,CY,898.67,1138.46,2.95,2.95,tsoc.org.cy,false,
2022-12-16 15:00:00,Cyprus,Cyprus,CY,915.08,1158.55,1.17,1.17,tsoc.org.cy,false,
2022-12-16 16:00:00,Cyprus,Cyprus,CY,915.44,1158.93,1.13,1.13,tsoc.org.cy,false,
2022-12-16 17:00:00,Cyprus,Cyprus,CY,915.31,1158.79,1.15,1.15,tsoc.org.cy,false,
2022-12-16 18:00:00,Cyprus,Cyprus,CY,914.79,1158.25,1.21,1.21,tsoc.org.cy,false,
2022-12-16 19:00:00,Cyprus,Cyprus,CY,914.41,1157.93,1.25,1.25,tsoc.org.cy,false,
2022-12-16 20:00:00,Cyprus,Cyprus,CY,914.68,1158.51,1.22,1.22,tsoc.org.cy,false,
2022-12-16 21:00:00,Cyprus,Cyprus,CY,913.44,1157.26,1.35,1.35,tsoc.org.cy,false,
2022-12-16 22:00:00,Cyprus,Cyprus,CY,910.65,1154.14,1.65,1.65,tsoc.org.cy,false,
2022-12-16 23:00:00,Cyprus,Cyprus,CY,907.82,1150.94,1.96,1.96,tsoc.org.cy,false,
2022-12-17 00:00:00,Cyprus,Cyprus,CY,903.28,1145.49,2.45,2.45,tsoc.org.cy,false,
2022-12-17 01:00:00,Cyprus,Cyprus,CY,898.3,1139.38,2.99,2.99,tsoc.org.cy,false,
2022-12-17 02:00:00,Cyprus,Cyprus,CY,894.02,1134.04,3.45,3.45,tsoc.org.cy,false,
2022-12-17 03:00:00,Cyprus,Cyprus,CY,892.93,1132.47,3.57,3.57,tsoc.org.cy,false,
2022-12-17 04:00:00,Cyprus,Cyprus,CY,899.0,1139.72,2.91,2.91,tsoc.org.cy,false,
2022-12-17 05:00:00,Cyprus,Cyprus,CY,870.7,1104.49,5.97,5.97,tsoc.org.cy,false,
2022-12-17 06:00:00,Cyprus,Cyprus,CY,728.34,928.27,21.34,21.34,tsoc.org.cy,false,
2022-12-17 07:00:00,Cyprus,Cyprus,CY,574.54,738.06,37.95,37.95,tsoc.org.cy,false,
2022-12-17 08:00:00,Cyprus,Cyprus,CY,494.58,639.25,46.59,46.59,tsoc.org.cy,false,
2022-12-17 09:00:00,Cyprus,Cyprus,CY,473.75,613.62,48.84,48.84,tsoc.org.cy,false,
2022-12-17 10:00:00,Cyprus,Cyprus,CY,477.19,617.9,48.46,48.46,tsoc.org.cy,false,
2022-12-17 11:00:00,Cyprus,Cyprus,CY,512.4,661.46,44.66,44.66,tsoc.org.cy,false,
2022-12-17 12:00:00,Cyprus,Cyprus,CY,596.29,765.18,35.6,35.6,tsoc.org.cy,false,
2022-12-17 13:00:00,Cyprus,Cyprus,CY,750.12,955.29,18.99,18.99,tsoc.org.cy,false,
2022-12-17 14:00:00,Cyprus,Cyprus,CY,889.34,1127.25,3.95,3.95,tsoc.org.cy,false,
2022-12-17 15:00:00,Cyprus,Cyprus,CY,915.79,1159.64,1.1,1.1,tsoc.org.cy,false,
2022-12-17 16:00:00,Cyprus,Cyprus,CY,916.17,1160.03,1.06,1.06,tsoc.org.cy,false,
2022-12-17 17:00:00,Cyprus,Cyprus,CY,916.07,1159.92,1.07,1.07,tsoc.org.cy,false,
2022-12-17 18:00:00,Cyprus,Cyprus,CY,913.98,1157.4,1.29,1.29,tsoc.org.cy,false,
2022-12-17 19:00:00,Cyprus,Cyprus,CY,912.08,1155.13,1.5,1.5,tsoc.org.cy,false,
2022-12-17 20:00:00,Cyprus,Cyprus,CY,906.49,1148.37,2.1,2.1,tsoc.org.cy,false,
2022-12-17 21:00:00,Cyprus,Cyprus,CY,905.61,1147.54,2.2,2.2,tsoc.org.cy,false,
2022-12-17 22:00:00,Cyprus,Cyprus,CY,908.05,1150.94,1.93,1.93,tsoc.org.cy,false,
2022-12-17 23:00:00,Cyprus,Cyprus,CY,900.39,1141.7,2.76,2.76,tsoc.org.cy,false,
2022-12-18 00:00:00,Cyprus,Cyprus,CY,887.57,1125.91,4.14,4.14,tsoc.org.cy,false,
2022-12-18 01:00:00,Cyprus,Cyprus,CY,884.84,1122.64,4.44,4.44,tsoc.org.cy,false,
2022-12-18 02:00:00,Cyprus,Cyprus,CY,886.5,1124.69,4.26,4.26,tsoc.org.cy,false,
2022-12-18 03:00:00,Cyprus,Cyprus,CY,891.45,1130.72,3.73,3.73,tsoc.org.cy,false,
2022-12-18 04:00:00,Cyprus,Cyprus,CY,894.83,1134.7,3.36,3.36,tsoc.org.cy,false,
2022-12-18 05:00:00,Cyprus,Cyprus,CY,860.21,1091.77,7.1,7.1,tsoc.org.cy,false,
2022-12-18 06:00:00,Cyprus,Cyprus,CY,674.5,862.04,27.16,27.16,tsoc.org.cy,false,
2022-12-18 07:00:00,Cyprus,Cyprus,CY,494.99,640.0,46.54,46.54,tsoc.org.cy,false,
2022-12-18 08:00:00,Cyprus,Cyprus,CY,445.36,578.73,51.9,51.9,tsoc.org.cy,false,
2022-12-18 09:00:00,Cyprus,Cyprus,CY,443.26,576.16,52.13,52.13,tsoc.org.cy,false,
2022-12-18 10:00:00,Cyprus,Cyprus,CY,444.35,577.51,52.01,52.01,tsoc.org.cy,false,
2022-12-18 11:00:00,Cyprus,Cyprus,CY,455.86,591.73,50.77,50.77,tsoc.org.cy,false,
2022-12-18 12:00:00,Cyprus,Cyprus,CY,537.7,692.95,41.93,41.93,tsoc.org.cy,false,
2022-12-18 13:00:00,Cyprus,Cyprus,CY,709.86,905.69,23.34,23.34,tsoc.org.cy,false,
2022-12-18 14:00:00,Cyprus,Cyprus,CY,879.63,1115.41,5.0,5.0,tsoc.org.cy,false,
2022-12-18 15:00:00,Cyprus,Cyprus,CY,910.59,1153.29,1.66,1.66,tsoc.org.cy,false,
2022-12-18 16:00:00,Cyprus,Cyprus,CY,913.02,1156.22,1.4,1.4,tsoc.org.cy,false,
2022-12-18 17:00:00,Cyprus,Cyprus,CY,913.44,1156.74,1.35,1.35,tsoc.org.cy,false,
2022-12-18 18:00:00,Cyprus,Cyprus,CY,911.09,1153.84,1.6,1.6,tsoc.org.cy,false,
2022-12-18 19:00:00,Cyprus,Cyprus,CY,906.8,1148.52,2.07,2.07,tsoc.org.cy,false,
2022-12-18 20:00:00,Cyprus,Cyprus,CY,901.89,1142.65,2.6,2.6,tsoc.org.cy,false,
2022-12-18 21:00:00,Cyprus,Cyprus,CY,890.91,1129.29,3.78,3.78,tsoc.org.cy,false,
2022-12-18 22:00:00,Cyprus,Cyprus,CY,885.47,1122.92,4.37,4.37,tsoc.org.cy,false,
2022-12-18 23:00:00,Cyprus,Cyprus,CY,889.24,1127.97,3.96,3.96,tsoc.org.cy,false,
2022-12-19 00:00:00,Cyprus,Cyprus,CY,890.93,1130.29,3.78,3.78,tsoc.org.cy,false,
2022-12-19 01:00:00,Cyprus,Cyprus,CY,896.83,1137.76,3.15,3.15,tsoc.org.cy,false,
2022-12-19 02:00:00,Cyprus,Cyprus,CY,899.33,1140.84,2.88,2.88,tsoc.org.cy,false,
2022-12-19 03:00:00,Cyprus,Cyprus,CY,901.51,1143.23,2.64,2.64,tsoc.org.cy,false,
2022-12-19 04:00:00,Cyprus,Cyprus,CY,905.42,1147.42,2.22,2.22,tsoc.org.cy,false,
2022-12-19 05:00:00,Cyprus,Cyprus,CY,882.18,1118.38,4.73,4.73,tsoc.org.cy,false,
2022-12-19 06:00:00,Cyprus,Cyprus,CY,739.17,941.43,20.17,20.17,tsoc.org.cy,false,
2022-12-19 07:00:00,Cyprus,Cyprus,CY,594.14,762.16,35.83,35.83,tsoc.org.cy,false,
2022-12-19 08:00:00,Cyprus,Cyprus,CY,563.76,724.66,39.12,39.12,tsoc.org.cy,false,
2022-12-19 09:00:00,Cyprus,Cyprus,CY,572.54,735.53,38.17,38.17,tsoc.org.cy,false,
2022-12-19 10:00:00,Cyprus,Cyprus,CY,579.96,744.67,37.37,37.37,tsoc.org.cy,false,
2022-12-19 11:00:00,Cyprus,Cyprus,CY,585.14,751.03,36.81,36.81,tsoc.org.cy,false,
2022-12-19 12:00:00,Cyprus,Cyprus,CY,626.46,802.12,32.34,32.34,tsoc.org.cy,false,
2022-12-19 13:00:00,Cyprus,Cyprus,CY,745.21,948.89,19.52,19.52,tsoc.org.cy,false,
2022-12-19 14:00:00,Cyprus,Cyprus,CY,887.94,1125.29,4.11,4.11,tsoc.org.cy,false,
2022-12-19 15:00:00,Cyprus,Cyprus,CY,916.13,1159.89,1.06,1.06,tsoc.org.cy,false,
2022-12-19 16:00:00,Cyprus,Cyprus,CY,916.21,1159.89,1.05,1.05,tsoc.org.cy,false,
2022-12-19 17:00:00,Cyprus,Cyprus,CY,917.07,1160.93,0.96,0.96,tsoc.org.cy,false,
2022-12-19 18:00:00,Cyprus,Cyprus,CY,916.44,1160.2,1.03,1.03,tsoc.org.cy,false,
2022-12-19 19:00:00,Cyprus,Cyprus,CY,914.58,1158.03,1.23,1.23,tsoc.org.cy,false,
2022-12-19 20:00:00,Cyprus,Cyprus,CY,911.01,1153.83,1.61,1.61,tsoc.org.cy,false,
2022-12-19 21:00:00,Cyprus,Cyprus,CY,899.29,1139.52,2.88,2.88,tsoc.org.cy,false,
2022-12-19 22:00:00,Cyprus,Cyprus,CY,884.93,1121.98,4.43,4.43,tsoc.org.cy,false,
2022-12-19 23:00:00,Cyprus,Cyprus,CY,884.97,1122.33,4.43,4.43,tsoc.org.cy,false,
2022-12-20 00:00:00,Cyprus,Cyprus,CY,884.78,1122.3,4.45,4.45,tsoc.org.cy,false,
2022-12-20 01:00:00,Cyprus,Cyprus,CY,891.53,1130.81,3.72,3.72,tsoc.org.cy,false,
2022-12-20 02:00:00,Cyprus,Cyprus,CY,899.42,1140.62,2.87,2.87,tsoc.org.cy,false,
2022-12-20 03:00:00,Cyprus,Cyprus,CY,903.23,1145.11,2.45,2.45,tsoc.org.cy,false,
2022-12-20 04:00:00,Cyprus,Cyprus,CY,908.71,1151.34,1.86,1.86,tsoc.org.cy,false,
2022-12-20 05:00:00,Cyprus,Cyprus,CY,888.22,1125.7,4.07,4.07,tsoc.org.cy,false,
2022-12-20 06:00:00,Cyprus,Cyprus,CY,768.42,977.46,17.01,17.01,tsoc.org.cy,false,
2022-12-20 07:00:00,Cyprus,Cyprus,CY,631.74,808.47,31.77,31.77,tsoc.org.cy,false,
2022-12-20 08:00:00,Cyprus,Cyprus,CY,562.49,722.88,39.25,39.25,tsoc.org.cy,false,
2022-12-20 09:00:00,Cyprus,Cyprus,CY,560.26,720.02,39.49,39.49,tsoc.org.cy,false,
2022-12-20 10:00:00,Cyprus,Cyprus,CY,581.76,746.61,37.17,37.17,tsoc.org.cy,false,
2022-12-20 11:00:00,Cyprus,Cyprus,CY,590.42,757.3,36.24,36.24,tsoc.org.cy,false,
2022-12-20 12:00:00,Cyprus,Cyprus,CY,643.32,822.68,30.52,30.52,tsoc.org.cy,false,
2022-12-20 13:00:00,Cyprus,Cyprus,CY,784.75,997.5,15.25,15.25,tsoc.org.cy,false,
2022-12-20 14:00:00,Cyprus,Cyprus,CY,881.14,1116.54,4.84,4.84,tsoc.org.cy,false,
2022-12-20 15:00:00,Cyprus,Cyprus,CY,884.71,1120.52,4.45,4.45,tsoc.org.cy,false,
2022-12-20 16:00:00,Cyprus,Cyprus,CY,890.39,1127.55,3.84,3.84,tsoc.org.cy,false,
2022-12-20 17:00:00,Cyprus,Cyprus,CY,902.38,1142.54,2.55,2.55,tsoc.org.cy,false,
2022-12-20 18:00:00,Cyprus,Cyprus,CY,890.24,1127.41,3.86,3.86,tsoc.org.cy,false,
2022-12-20 19:00:00,Cyprus,Cyprus,CY,891.45,1129.06,3.73,3.73,tsoc.org.cy,false,
2022-12-20 20:00:00,Cyprus,Cyprus,CY,870.7,1103.39,5.97,5.97,tsoc.org.cy,false,
2022-12-20 21:00:00,Cyprus,Cyprus,CY,848.33,1075.75,8.38,8.38,tsoc.org.cy,false,
2022-12-20 22:00:00,Cyprus,Cyprus,CY,876.07,1110.84,5.39,5.39,tsoc.org.cy,false,
2022-12-20 23:00:00,Cyprus,Cyprus,CY,859.36,1090.29,7.19,7.19,tsoc.org.cy,false,
2022-12-21 00:00:00,Cyprus,Cyprus,CY,881.35,1117.96,4.82,4.82,tsoc.org.cy,false,
2022-12-21 01:00:00,Cyprus,Cyprus,CY,846.08,1073.94,8.63,8.63,tsoc.org.cy,false,
2022-12-21 02:00:00,Cyprus,Cyprus,CY,787.83,1001.09,14.92,14.92,tsoc.org.cy,false,
2022-12-21 03:00:00,Cyprus,Cyprus,CY,814.46,1034.1,12.04,12.04,tsoc.org.cy,false,
2022-12-21 04:00:00,Cyprus,Cyprus,CY,847.67,1075.01,8.45,8.45,tsoc.org.cy,false,
2022-12-21 05:00:00,Cyprus,Cyprus,CY,857.67,1087.1,7.37,7.37,tsoc.org.cy,false,
2022-12-21 06:00:00,Cyprus,Cyprus,CY,840.0,1064.97,9.28,9.28,tsoc.org.cy,false,
2022-12-21 07:00:00,Cyprus,Cyprus,CY,813.05,1031.39,12.19,12.19,tsoc.org.cy,false,
2022-12-21 08:00:00,Cyprus,Cyprus,CY,798.94,1014.08,13.72,13.72,tsoc.org.cy,false,
2022-12-21 09:00:00,Cyprus,Cyprus,CY,765.98,973.32,17.28,17.28,tsoc.org.cy,false,
2022-12-21 10:00:00,Cyprus,Cyprus,CY,755.66,960.8,18.39,18.39,tsoc.org.cy,false,
2022-12-21 11:00:00,Cyprus,Cyprus,CY,721.9,919.2,22.04,22.04,tsoc.org.cy,false,
2022-12-21 12:00:00,Cyprus,Cyprus,CY,689.06,878.54,25.58,25.58,tsoc.org.cy,false,
2022-12-21 13:00:00,Cyprus,Cyprus,CY,750.24,954.06,18.98,18.98,tsoc.org.cy,false,
2022-12-21 14:00:00,Cyprus,Cyprus,CY,843.64,1069.5,8.89,8.89,tsoc.org.cy,false,
2022-12-21 15:00:00,Cyprus,Cyprus,CY,881.86,1116.71,4.76,4.76,tsoc.org.cy,false,
2022-12-21 16:00:00,Cyprus,Cyprus,CY,869.05,1100.61,6.15,6.15,tsoc.org.cy,false,
2022-12-21 17:00:00,Cyprus,Cyprus,CY,862.02,1091.81,6.9,6.9,tsoc.org.cy,false,
2022-12-21 18:00:00,Cyprus,Cyprus,CY,874.45,1107.42,5.56,5.56,tsoc.org.cy,false,
2022-12-21 19:00:00,Cyprus,Cyprus,CY,864.34,1094.93,6.65,6.65,tsoc.org.cy,false,
2022-12-21 20:00:00,Cyprus,Cyprus,CY,871.53,1104.15,5.88,5.88,tsoc.org.cy,false,
2022-12-21 21:00:00,Cyprus,Cyprus,CY,868.61,1100.83,6.19,6.19,tsoc.org.cy,false,
2022-12-21 22:00:00,Cyprus,Cyprus,CY,826.65,1048.81,10.72,10.72,tsoc.org.cy,false,
2022-12-21 23:00:00,Cyprus,Cyprus,CY,827.24,1049.89,10.66,10.66,tsoc.org.cy,false,
2022-12-22 00:00:00,Cyprus,Cyprus,CY,803.37,1020.28,13.24,13.24,tsoc.org.cy,false,
2022-12-22 01:00:00,Cyprus,Cyprus,CY,799.51,1015.56,13.66,13.66,tsoc.org.cy,false,
2022-12-22 02:00:00,Cyprus,Cyprus,CY,816.15,1036.33,11.86,11.86,tsoc.org.cy,false,
2022-12-22 03:00:00,Cyprus,Cyprus,CY,848.89,1077.0,8.32,8.32,tsoc.org.cy,false,
2022-12-22 04:00:00,Cyprus,Cyprus,CY,887.16,1124.27,4.19,4.19,tsoc.org.cy,false,
2022-12-22 05:00:00,Cyprus,Cyprus,CY,880.36,1115.6,4.92,4.92,tsoc.org.cy,false,
2022-12-22 06:00:00,Cyprus,Cyprus,CY,795.53,1010.54,14.09,14.09,tsoc.org.cy,false,
2022-12-22 07:00:00,Cyprus,Cyprus,CY,666.65,851.34,28.0,28.0,tsoc.org.cy,false,
2022-12-22 08:00:00,Cyprus,Cyprus,CY,600.11,769.19,35.19,35.19,tsoc.org.cy,false,
2022-12-22 09:00:00,Cyprus,Cyprus,CY,608.06,778.94,34.33,34.33,tsoc.org.cy,false,
2022-12-22 10:00:00,Cyprus,Cyprus,CY,619.64,793.28,33.08,33.08,tsoc.org.cy,false,
2022-12-22 11:00:00,Cyprus,Cyprus,CY,646.79,826.67,30.15,30.15,tsoc.org.cy,false,
2022-12-22 12:00:00,Cyprus,Cyprus,CY,685.42,874.43,25.98,25.98,tsoc.org.cy,false,
2022-12-22 13:00:00,Cyprus,Cyprus,CY,769.15,977.65,16.93,16.93,tsoc.org.cy,false,
2022-12-22 14:00:00,Cyprus,Cyprus,CY,858.23,1087.73,7.31,7.31,tsoc.org.cy,false,
2022-12-22 15:00:00,Cyprus,Cyprus,CY,889.59,1126.49,3.93,3.93,tsoc.org.cy,false,
2022-12-22 16:00:00,Cyprus,Cyprus,CY,894.59,1132.65,3.39,3.39,tsoc.org.cy,false,
2022-12-22 17:00:00,Cyprus,Cyprus,CY,898.82,1137.93,2.93,2.93,tsoc.org.cy,false,
2022-12-22 18:00:00,Cyprus,Cyprus,CY,887.37,1123.67,4.17,4.17,tsoc.org.cy,false,
2022-12-22 19:00:00,Cyprus,Cyprus,CY,863.78,1094.31,6.71,6.71,tsoc.org.cy,false,
2022-12-22 20:00:00,Cyprus,Cyprus,CY,879.55,1114.23,5.01,5.01,tsoc.org.cy,false,
2022-12-22 21:00:00,Cyprus,Cyprus,CY,856.88,1086.22,7.46,7.46,tsoc.org.cy,false,
2022-12-22 22:00:00,Cyprus,Cyprus,CY,814.67,1033.86,12.02,12.02,tsoc.org.cy,false,
2022-12-22 23:00:00,Cyprus,Cyprus,CY,778.65,989.19,15.91,15.91,tsoc.org.cy,false,
2022-12-23 00:00:00,Cyprus,Cyprus,CY,820.76,1042.02,11.36,11.36,tsoc.org.cy,false,
2022-12-23 01:00:00,Cyprus,Cyprus,CY,836.78,1062.14,9.63,9.63,tsoc.org.cy,false,
2022-12-23 02:00:00,Cyprus,Cyprus,CY,811.98,1031.13,12.31,12.31,tsoc.org.cy,false,
2022-12-23 03:00:00,Cyprus,Cyprus,CY,795.57,1010.39,14.08,14.08,tsoc.org.cy,false,
2022-12-23 04:00:00,Cyprus,Cyprus,CY,816.65,1036.22,11.8,11.8,tsoc.org.cy,false,
2022-12-23 05:00:00,Cyprus,Cyprus,CY,829.66,1052.32,10.4,10.4,tsoc.org.cy,false,
2022-12-23 06:00:00,Cyprus,Cyprus,CY,770.77,979.62,16.76,16.76,tsoc.org.cy,false,
2022-12-23 07:00:00,Cyprus,Cyprus,CY,717.95,914.54,22.46,22.46,tsoc.org.cy,false,
2022-12-23 08:00:00,Cyprus,Cyprus,CY,677.61,864.8,26.82,26.82,tsoc.org.cy,false,
2022-12-23 09:00:00,Cyprus,Cyprus,CY,692.36,883.04,25.23,25.23,tsoc.org.cy,false,
2022-12-23 10:00:00,Cyprus,Cyprus,CY,693.56,884.48,25.1,25.1,tsoc.org.cy,false,
2022-12-23 11:00:00,Cyprus,Cyprus,CY,699.86,892.29,24.42,24.42,tsoc.org.cy,false,
2022-12-23 12:00:00,Cyprus,Cyprus,CY,732.68,932.97,20.87,20.87,tsoc.org.cy,false,
2022-12-23 13:00:00,Cyprus,Cyprus,CY,831.49,1055.18,10.2,10.2,tsoc.org.cy,false,
2022-12-23 14:00:00,Cyprus,Cyprus,CY,891.13,1128.79,3.76,3.76,tsoc.org.cy,false,
2022-12-23 15:00:00,Cyprus,Cyprus,CY,904.83,1145.53,2.28,2.28,tsoc.org.cy,false,
2022-12-23 16:00:00,Cyprus,Cyprus,CY,904.72,1145.32,2.29,2.29,tsoc.org.cy,false,
2022-12-23 17:00:00,Cyprus,Cyprus,CY,910.16,1152.11,1.71,1.71,tsoc.org.cy,false,
2022-12-23 18:00:00,Cyprus,Cyprus,CY,910.98,1153.2,1.62,1.62,tsoc.org.cy,false,
2022-12-23 19:00:00,Cyprus,Cyprus,CY,907.8,1149.35,1.96,1.96,tsoc.org.cy,false,
2022-12-23 20:00:00,Cyprus,Cyprus,CY,907.2,1148.81,2.02,2.02,tsoc.org.cy,false,
2022-12-23 21:00:00,Cyprus,Cyprus,CY,902.93,1143.72,2.49,2.49,tsoc.org.cy,false,
2022-12-23 22:00:00,Cyprus,Cyprus,CY,903.95,1145.34,2.38,2.38,tsoc.org.cy,false,
2022-12-23 23:00:00,Cyprus,Cyprus,CY,904.34,1146.14,2.33,2.33,tsoc.org.cy,false,
2022-12-24 00:00:00,Cyprus,Cyprus,CY,900.84,1142.02,2.71,2.71,tsoc.org.cy,false,
2022-12-24 01:00:00,Cyprus,Cyprus,CY,905.02,1147.36,2.26,2.26,tsoc.org.cy,false,
2022-12-24 02:00:00,Cyprus,Cyprus,CY,910.0,1153.61,1.72,1.72,tsoc.org.cy,false,
2022-12-24 03:00:00,Cyprus,Cyprus,CY,909.25,1152.56,1.8,1.8,tsoc.org.cy,false,
2022-12-24 04:00:00,Cyprus,Cyprus,CY,909.98,1153.2,1.73,1.73,tsoc.org.cy,false,
2022-12-24 05:00:00,Cyprus,Cyprus,CY,898.26,1138.46,2.99,2.99,tsoc.org.cy,false,
2022-12-24 06:00:00,Cyprus,Cyprus,CY,801.72,1018.86,13.42,13.42,tsoc.org.cy,false,
2022-12-24 07:00:00,Cyprus,Cyprus,CY,638.99,817.62,30.99,30.99,tsoc.org.cy,false,
2022-12-24 08:00:00,Cyprus,Cyprus,CY,563.74,724.66,39.12,39.12,tsoc.org.cy,false,
2022-12-24 09:00:00,Cyprus,Cyprus,CY,541.12,696.75,41.56,41.56,tsoc.org.cy,false,
2022-12-24 10:00:00,Cyprus,Cyprus,CY,613.01,785.42,33.8,33.8,tsoc.org.cy,false,
2022-12-24 11:00:00,Cyprus,Cyprus,CY,731.86,932.19,20.96,20.96,tsoc.org.cy,false,
2022-12-24 12:00:00,Cyprus,Cyprus,CY,802.78,1019.73,13.3,13.3,tsoc.org.cy,false,
2022-12-24 13:00:00,Cyprus,Cyprus,CY,834.14,1058.43,9.92,9.92,tsoc.org.cy,false,
2022-12-24 14:00:00,Cyprus,Cyprus,CY,894.56,1133.16,3.39,3.39,tsoc.org.cy,false,
2022-12-24 15:00:00,Cyprus,Cyprus,CY,906.94,1148.21,2.05,2.05,tsoc.org.cy,false,
2022-12-24 16:00:00,Cyprus,Cyprus,CY,907.02,1148.23,2.04,2.04,tsoc.org.cy,false,
2022-12-24 17:00:00,Cyprus,Cyprus,CY,907.48,1148.83,1.99,1.99,tsoc.org.cy,false,
2022-12-24 18:00:00,Cyprus,Cyprus,CY,907.54,1149.02,1.99,1.99,tsoc.org.cy,false,
2022-12-24 19:00:00,Cyprus,Cyprus,CY,909.06,1151.06,1.82,1.82,tsoc.org.cy,false,
2022-12-24 20:00:00,Cyprus,Cyprus,CY,908.14,1150.08,1.92,1.92,tsoc.org.cy,false,
2022-12-24 21:00:00,Cyprus,Cyprus,CY,900.09,1140.23,2.79,2.79,tsoc.org.cy,false,
2022-12-24 22:00:00,Cyprus,Cyprus,CY,898.99,1139.18,2.91,2.91,tsoc.org.cy,false,
2022-12-24 23:00:00,Cyprus,Cyprus,CY,902.47,1143.83,2.54,2.54,tsoc.org.cy,false,
2022-12-25 00:00:00,Cyprus,Cyprus,CY,883.3,1120.12,4.61,4.61,tsoc.org.cy,false,
2022-12-25 01:00:00,Cyprus,Cyprus,CY,878.45,1114.25,5.13,5.13,tsoc.org.cy,false,
2022-12-25 02:00:00,Cyprus,Cyprus,CY,871.14,1105.12,5.92,5.92,tsoc.org.cy,false,
2022-12-25 03:00:00,Cyprus,Cyprus,CY,876.29,1111.42,5.36,5.36,tsoc.org.cy,false,
2022-12-25 04:00:00,Cyprus,Cyprus,CY,884.26,1121.15,4.5,4.5,tsoc.org.cy,false,
2022-12-25 05:00:00,Cyprus,Cyprus,CY,896.51,1136.38,3.18,3.18,tsoc.org.cy,false,
2022-12-25 06:00:00,Cyprus,Cyprus,CY,830.14,1054.16,10.35,10.35,tsoc.org.cy,false,
2022-12-25 07:00:00,Cyprus,Cyprus,CY,751.36,956.61,18.85,18.85,tsoc.org.cy,false,
2022-12-25 08:00:00,Cyprus,Cyprus,CY,618.15,791.78,33.24,33.24,tsoc.org.cy,false,
2022-12-25 09:00:00,Cyprus,Cyprus,CY,582.1,747.3,37.13,37.13,tsoc.org.cy,false,
2022-12-25 10:00:00,Cyprus,Cyprus,CY,645.75,825.99,30.26,30.26,tsoc.org.cy,false,
2022-12-25 11:00:00,Cyprus,Cyprus,CY,767.27,976.33,17.14,17.14,tsoc.org.cy,false,
2022-12-25 12:00:00,Cyprus,Cyprus,CY,766.2,975.08,17.25,17.25,tsoc.org.cy,false,
2022-12-25 13:00:00,Cyprus,Cyprus,CY,842.86,1069.94,8.97,8.97,tsoc.org.cy,false,
2022-12-25 14:00:00,Cyprus,Cyprus,CY,890.39,1128.46,3.84,3.84,tsoc.org.cy,false,
2022-12-25 15:00:00,Cyprus,Cyprus,CY,896.85,1136.03,3.14,3.14,tsoc.org.cy,false,
2022-12-25 16:00:00,Cyprus,Cyprus,CY,899.63,1139.34,2.84,2.84,tsoc.org.cy,false,
2022-12-25 17:00:00,Cyprus,Cyprus,CY,897.32,1136.41,3.09,3.09,tsoc.org.cy,false,
2022-12-25 18:00:00,Cyprus,Cyprus,CY,894.95,1133.47,3.35,3.35,tsoc.org.cy,false,
2022-12-25 19:00:00,Cyprus,Cyprus,CY,893.0,1131.12,3.56,3.56,tsoc.org.cy,false,
2022-12-25 20:00:00,Cyprus,Cyprus,CY,887.76,1124.72,4.12,4.12,tsoc.org.cy,false,
2022-12-25 21:00:00,Cyprus,Cyprus,CY,873.57,1107.19,5.66,5.66,tsoc.org.cy,false,
2022-12-25 22:00:00,Cyprus,Cyprus,CY,859.89,1090.43,7.13,7.13,tsoc.org.cy,false,
2022-12-25 23:00:00,Cyprus,Cyprus,CY,818.6,1039.16,11.59,11.59,tsoc.org.cy,false,
2022-12-26 00:00:00,Cyprus,Cyprus,CY,794.86,1009.7,14.16,14.16,tsoc.org.cy,false,
2022-12-26 01:00:00,Cyprus,Cyprus,CY,758.99,965.01,18.03,18.03,tsoc.org.cy,false,
2022-12-26 02:00:00,Cyprus,Cyprus,CY,737.26,937.9,20.38,20.38,tsoc.org.cy,false,
2022-12-26 03:00:00,Cyprus,Cyprus,CY,697.93,888.68,24.63,24.63,tsoc.org.cy,false,
2022-12-26 04:00:00,Cyprus,Cyprus,CY,711.79,905.79,23.13,23.13,tsoc.org.cy,false,
2022-12-26 05:00:00,Cyprus,Cyprus,CY,700.51,891.69,24.35,24.35,tsoc.org.cy,false,
2022-12-26 06:00:00,Cyprus,Cyprus,CY,628.16,802.35,32.16,32.16,tsoc.org.cy,false,
2022-12-26 07:00:00,Cyprus,Cyprus,CY,526.47,677.15,43.14,43.14,tsoc.org.cy,false,
2022-12-26 08:00:00,Cyprus,Cyprus,CY,478.91,618.41,48.28,48.28,tsoc.org.cy,false,
2022-12-26 09:00:00,Cyprus,Cyprus,CY,477.15,616.05,48.47,48.47,tsoc.org.cy,false,
2022-12-26 10:00:00,Cyprus,Cyprus,CY,476.87,615.88,48.5,48.5,tsoc.org.cy,false,
2022-12-26 11:00:00,Cyprus,Cyprus,CY,489.35,631.35,47.15,47.15,tsoc.org.cy,false,
2022-12-26 12:00:00,Cyprus,Cyprus,CY,514.36,662.24,44.45,44.45,tsoc.org.cy,false,
2022-12-26 13:00:00,Cyprus,Cyprus,CY,579.6,742.29,37.4,37.4,tsoc.org.cy,false,
2022-12-26 14:00:00,Cyprus,Cyprus,CY,723.31,919.83,21.88,21.88,tsoc.org.cy,false,
2022-12-26 15:00:00,Cyprus,Cyprus,CY,792.4,1005.31,14.42,14.42,tsoc.org.cy,false,
2022-12-26 16:00:00,Cyprus,Cyprus,CY,795.87,1009.47,14.05,14.05,tsoc.org.cy,false,
2022-12-26 17:00:00,Cyprus,Cyprus,CY,808.59,1025.35,12.67,12.67,tsoc.org.cy,false,
2022-12-26 18:00:00,Cyprus,Cyprus,CY,801.27,1016.26,13.46,13.46,tsoc.org.cy,false,
2022-12-26 19:00:00,Cyprus,Cyprus,CY,787.49,999.13,14.95,14.95,tsoc.org.cy,false,
2022-12-26 20:00:00,Cyprus,Cyprus,CY,738.44,938.0,20.25,20.25,tsoc.org.cy,false,
2022-12-26 21:00:00,Cyprus,Cyprus,CY,752.33,955.62,18.75,18.75,tsoc.org.cy,false,
2022-12-26 22:00:00,Cyprus,Cyprus,CY,749.63,952.62,19.04,19.04,tsoc.org.cy,false,
2022-12-26 23:00:00,Cyprus,Cyprus,CY,756.83,961.97,18.26,18.26,tsoc.org.cy,false,
2022-12-27 00:00:00,Cyprus,Cyprus,CY,768.18,976.39,17.04,17.04,tsoc.org.cy,false,
2022-12-27 01:00:00,Cyprus,Cyprus,CY,789.12,1002.67,14.78,14.78,tsoc.org.cy,false,
2022-12-27 02:00:00,Cyprus,Cyprus,CY,783.95,996.19,15.34,15.34,tsoc.org.cy,false,
2022-12-27 03:00:00,Cyprus,Cyprus,CY,781.48,992.89,15.6,15.6,tsoc.org.cy,false,
2022-12-27 04:00:00,Cyprus,Cyprus,CY,788.61,1001.36,14.83,14.83,tsoc.org.cy,false,
2022-12-27 05:00:00,Cyprus,Cyprus,CY,837.54,1062.43,9.55,9.55,tsoc.org.cy,false,
2022-12-27 06:00:00,Cyprus,Cyprus,CY,747.48,951.36,19.27,19.27,tsoc.org.cy,false,
2022-12-27 07:00:00,Cyprus,Cyprus,CY,611.36,783.14,33.98,33.98,tsoc.org.cy,false,
2022-12-27 08:00:00,Cyprus,Cyprus,CY,529.34,681.64,42.83,42.83,tsoc.org.cy,false,
2022-12-27 09:00:00,Cyprus,Cyprus,CY,528.4,680.51,42.93,42.93,tsoc.org.cy,false,
2022-12-27 10:00:00,Cyprus,Cyprus,CY,537.88,692.4,41.91,41.91,tsoc.org.cy,false,
2022-12-27 11:00:00,Cyprus,Cyprus,CY,550.18,707.6,40.58,40.58,tsoc.org.cy,false,
2022-12-27 12:00:00,Cyprus,Cyprus,CY,592.69,760.16,35.99,35.99,tsoc.org.cy,false,
2022-12-27 13:00:00,Cyprus,Cyprus,CY,723.54,921.88,21.86,21.86,tsoc.org.cy,false,
2022-12-27 14:00:00,Cyprus,Cyprus,CY,873.5,1107.26,5.66,5.66,tsoc.org.cy,false,
2022-12-27 15:00:00,Cyprus,Cyprus,CY,916.92,1160.7,0.98,0.98,tsoc.org.cy,false,
2022-12-27 16:00:00,Cyprus,Cyprus,CY,917.16,1160.87,0.95,0.95,tsoc.org.cy,false,
2022-12-27 17:00:00,Cyprus,Cyprus,CY,914.22,1157.18,1.27,1.27,tsoc.org.cy,false,
2022-12-27 18:00:00,Cyprus,Cyprus,CY,913.23,1155.99,1.37,1.37,tsoc.org.cy,false,
2022-12-27 19:00:00,Cyprus,Cyprus,CY,913.5,1156.45,1.34,1.34,tsoc.org.cy,false,
2022-12-27 20:00:00,Cyprus,Cyprus,CY,912.72,1155.67,1.43,1.43,tsoc.org.cy,false,
2022-12-27 21:00:00,Cyprus,Cyprus,CY,912.1,1155.15,1.5,1.5,tsoc.org.cy,false,
2022-12-27 22:00:00,Cyprus,Cyprus,CY,911.14,1154.32,1.6,1.6,tsoc.org.cy,false,
2022-12-27 23:00:00,Cyprus,Cyprus,CY,911.69,1155.34,1.54,1.54,tsoc.org.cy,false,
2022-12-28 00:00:00,Cyprus,Cyprus,CY,902.05,1143.53,2.58,2.58,tsoc.org.cy,false,
2022-12-28 01:00:00,Cyprus,Cyprus,CY,895.65,1135.64,3.27,3.27,tsoc.org.cy,false,
2022-12-28 02:00:00,Cyprus,Cyprus,CY,904.78,1147.0,2.29,2.29,tsoc.org.cy,false,
2022-12-28 03:00:00,Cyprus,Cyprus,CY,907.71,1150.47,1.97,1.97,tsoc.org.cy,false,
2022-12-28 04:00:00,Cyprus,Cyprus,CY,911.01,1154.18,1.61,1.61,tsoc.org.cy,false,
2022-12-28 05:00:00,Cyprus,Cyprus,CY,881.79,1117.61,4.77,4.77,tsoc.org.cy,false,
2022-12-28 06:00:00,Cyprus,Cyprus,CY,772.43,982.34,16.58,16.58,tsoc.org.cy,false,
2022-12-28 07:00:00,Cyprus,Cyprus,CY,631.95,808.64,31.75,31.75,tsoc.org.cy,false,
2022-12-28 08:00:00,Cyprus,Cyprus,CY,559.6,719.28,39.57,39.57,tsoc.org.cy,false,
2022-12-28 09:00:00,Cyprus,Cyprus,CY,513.42,662.23,44.55,44.55,tsoc.org.cy,false,
2022-12-28 10:00:00,Cyprus,Cyprus,CY,510.59,658.64,44.86,44.86,tsoc.org.cy,false,
2022-12-28 11:00:00,Cyprus,Cyprus,CY,558.52,717.77,39.68,39.68,tsoc.org.cy,false,
2022-12-28 12:00:00,Cyprus,Cyprus,CY,643.42,822.59,30.51,30.51,tsoc.org.cy,false,
2022-12-28 13:00:00,Cyprus,Cyprus,CY,750.08,954.46,18.99,18.99,tsoc.org.cy,false,
2022-12-28 14:00:00,Cyprus,Cyprus,CY,875.82,1109.93,5.41,5.41,tsoc.org.cy,false,
2022-12-28 15:00:00,Cyprus,Cyprus,CY,905.05,1145.82,2.26,2.26,tsoc.org.cy,false,
2022-12-28 16:00:00,Cyprus,Cyprus,CY,910.63,1152.68,1.65,1.65,tsoc.org.cy,false,
2022-12-28 17:00:00,Cyprus,Cyprus,CY,912.72,1155.27,1.43,1.43,tsoc.org.cy,false,
2022-12-28 18:00:00,Cyprus,Cyprus,CY,904.84,1145.49,2.28,2.28,tsoc.org.cy,false,
2022-12-28 19:00:00,Cyprus,Cyprus,CY,904.56,1145.26,2.31,2.31,tsoc.org.cy,false,
2022-12-28 20:00:00,Cyprus,Cyprus,CY,910.38,1152.74,1.68,1.68,tsoc.org.cy,false,
2022-12-28 21:00:00,Cyprus,Cyprus,CY,912.16,1155.22,1.49,1.49,tsoc.org.cy,false,
2022-12-28 22:00:00,Cyprus,Cyprus,CY,911.72,1155.03,1.54,1.54,tsoc.org.cy,false,
2022-12-28 23:00:00,Cyprus,Cyprus,CY,910.1,1153.33,1.71,1.71,tsoc.org.cy,false,
2022-12-29 00:00:00,Cyprus,Cyprus,CY,909.02,1152.19,1.83,1.83,tsoc.org.cy,false,
2022-12-29 01:00:00,Cyprus,Cyprus,CY,909.09,1152.4,1.82,1.82,tsoc.org.cy,false,
2022-12-29 02:00:00,Cyprus,Cyprus,CY,910.99,1154.76,1.62,1.62,tsoc.org.cy,false,
2022-12-29 03:00:00,Cyprus,Cyprus,CY,911.16,1154.8,1.6,1.6,tsoc.org.cy,false,
2022-12-29 04:00:00,Cyprus,Cyprus,CY,910.01,1152.93,1.72,1.72,tsoc.org.cy,false,
2022-12-29 05:00:00,Cyprus,Cyprus,CY,879.38,1114.59,5.03,5.03,tsoc.org.cy,false,
2022-12-29 06:00:00,Cyprus,Cyprus,CY,759.51,966.23,17.97,17.97,tsoc.org.cy,false,
2022-12-29 07:00:00,Cyprus,Cyprus,CY,627.5,803.08,32.23,32.23,tsoc.org.cy,false,
2022-12-29 08:00:00,Cyprus,Cyprus,CY,571.44,733.86,38.29,38.29,tsoc.org.cy,false,
2022-12-29 09:00:00,Cyprus,Cyprus,CY,549.59,706.86,40.65,40.65,tsoc.org.cy,false,
2022-12-29 10:00:00,Cyprus,Cyprus,CY,551.99,709.89,40.39,40.39,tsoc.org.cy,false,
2022-12-29 11:00:00,Cyprus,Cyprus,CY,575.91,739.5,37.8,37.8,tsoc.org.cy,false,
2022-12-29 12:00:00,Cyprus,Cyprus,CY,647.45,827.97,30.08,30.08,tsoc.org.cy,false,
2022-12-29 13:00:00,Cyprus,Cyprus,CY,769.9,979.27,16.85,16.85,tsoc.org.cy,false,
2022-12-29 14:00:00,Cyprus,Cyprus,CY,890.17,1127.86,3.86,3.86,tsoc.org.cy,false,
2022-12-29 15:00:00,Cyprus,Cyprus,CY,916.7,1160.4,1.0,1.0,tsoc.org.cy,false,
2022-12-29 16:00:00,Cyprus,Cyprus,CY,916.55,1160.09,1.02,1.02,tsoc.org.cy,false,
2022-12-29 17:00:00,Cyprus,Cyprus,CY,916.57,1160.12,1.01,1.01,tsoc.org.cy,false,
2022-12-29 18:00:00,Cyprus,Cyprus,CY,914.22,1157.23,1.27,1.27,tsoc.org.cy,false,
2022-12-29 19:00:00,Cyprus,Cyprus,CY,909.11,1150.97,1.82,1.82,tsoc.org.cy,false,
2022-12-29 20:00:00,Cyprus,Cyprus,CY,913.16,1156.22,1.38,1.38,tsoc.org.cy,false,
2022-12-29 21:00:00,Cyprus,Cyprus,CY,908.57,1150.74,1.88,1.88,tsoc.org.cy,false,
2022-12-29 22:00:00,Cyprus,Cyprus,CY,894.95,1134.07,3.35,3.35,tsoc.org.cy,false,
2022-12-29 23:00:00,Cyprus,Cyprus,CY,883.42,1119.99,4.59,4.59,tsoc.org.cy,false,
2022-12-30 00:00:00,Cyprus,Cyprus,CY,860.37,1091.41,7.08,7.08,tsoc.org.cy,false,
2022-12-30 01:00:00,Cyprus,Cyprus,CY,847.68,1075.68,8.45,8.45,tsoc.org.cy,false,
2022-12-30 02:00:00,Cyprus,Cyprus,CY,856.52,1086.73,7.5,7.5,tsoc.org.cy,false,
2022-12-30 03:00:00,Cyprus,Cyprus,CY,852.83,1081.94,7.9,7.9,tsoc.org.cy,false,
2022-12-30 04:00:00,Cyprus,Cyprus,CY,869.19,1101.97,6.13,6.13,tsoc.org.cy,false,
2022-12-30 05:00:00,Cyprus,Cyprus,CY,858.1,1087.99,7.33,7.33,tsoc.org.cy,false,
2022-12-30 06:00:00,Cyprus,Cyprus,CY,741.75,943.7,19.89,19.89,tsoc.org.cy,false,
2022-12-30 07:00:00,Cyprus,Cyprus,CY,592.77,759.71,35.98,35.98,tsoc.org.cy,false,
2022-12-30 08:00:00,Cyprus,Cyprus,CY,532.29,684.93,42.51,42.51,tsoc.org.cy,false,
2022-12-30 09:00:00,Cyprus,Cyprus,CY,538.99,692.91,41.79,41.79,tsoc.org.cy,false,
2022-12-30 10:00:00,Cyprus,Cyprus,CY,556.08,714.06,39.94,39.94,tsoc.org.cy,false,
2022-12-30 11:00:00,Cyprus,Cyprus,CY,554.37,711.91,40.13,40.13,tsoc.org.cy,false,
2022-12-30 12:00:00,Cyprus,Cyprus,CY,600.86,769.77,35.11,35.11,tsoc.org.cy,false,
2022-12-30 13:00:00,Cyprus,Cyprus,CY,698.63,890.58,24.55,24.55,tsoc.org.cy,false,
2022-12-30 14:00:00,Cyprus,Cyprus,CY,842.19,1068.0,9.05,9.05,tsoc.org.cy,false,
2022-12-30 15:00:00,Cyprus,Cyprus,CY,873.14,1105.98,5.7,5.7,tsoc.org.cy,false,
2022-12-30 16:00:00,Cyprus,Cyprus,CY,877.2,1110.92,5.27,5.27,tsoc.org.cy,false,
2022-12-30 17:00:00,Cyprus,Cyprus,CY,881.97,1116.89,4.75,4.75,tsoc.org.cy,false,
2022-12-30 18:00:00,Cyprus,Cyprus,CY,879.46,1113.81,5.02,5.02,tsoc.org.cy,false,
2022-12-30 19:00:00,Cyprus,Cyprus,CY,879.78,1114.33,4.99,4.99,tsoc.org.cy,false,
2022-12-30 20:00:00,Cyprus,Cyprus,CY,873.44,1106.58,5.67,5.67,tsoc.org.cy,false,
2022-12-30 21:00:00,Cyprus,Cyprus,CY,868.99,1101.24,6.15,6.15,tsoc.org.cy,false,
2022-12-30 22:00:00,Cyprus,Cyprus,CY,867.77,1100.03,6.28,6.28,tsoc.org.cy,false,
2022-12-30 23:00:00,Cyprus,Cyprus,CY,878.35,1113.58,5.14,5.14,tsoc.org.cy,false,
2022-12-31 00:00:00,Cyprus,Cyprus,CY,868.75,1101.81,6.18,6.18,tsoc.org.cy,false,
2022-12-31 01:00:00,Cyprus,Cyprus,CY,843.97,1070.99,8.85,8.85,tsoc.org.cy,false,
2022-12-31 02:00:00,Cyprus,Cyprus,CY,834.92,1059.72,9.83,9.83,tsoc.org.cy,false,
2022-12-31 03:00:00,Cyprus,Cyprus,CY,827.65,1050.51,10.62,10.62,tsoc.org.cy,false,
2022-12-31 04:00:00,Cyprus,Cyprus,CY,848.03,1075.75,8.41,8.41,tsoc.org.cy,false,
2022-12-31 05:00:00,Cyprus,Cyprus,CY,826.8,1049.33,10.71,10.71,tsoc.org.cy,false,
2022-12-31 06:00:00,Cyprus,Cyprus,CY,703.85,897.28,23.99,23.99,tsoc.org.cy,false,
2022-12-31 07:00:00,Cyprus,Cyprus,CY,569.17,730.77,38.53,38.53,tsoc.org.cy,false,
2022-12-31 08:00:00,Cyprus,Cyprus,CY,514.42,662.91,44.44,44.44,tsoc.org.cy,false,
2022-12-31 09:00:00,Cyprus,Cyprus,CY,532.24,684.54,42.52,42.52,tsoc.org.cy,false,
2022-12-31 10:00:00,Cyprus,Cyprus,CY,552.66,709.91,40.31,40.31,tsoc.org.cy,false,
2022-12-31 11:00:00,Cyprus,Cyprus,CY,560.68,720.01,39.45,39.45,tsoc.org.cy,false,
2022-12-31 12:00:00,Cyprus,Cyprus,CY,574.59,737.08,37.95,37.95,tsoc.org.cy,false,
2022-12-31 13:00:00,Cyprus,Cyprus,CY,707.83,901.82,23.56,23.56,tsoc.org.cy,false,
2022-12-31 14:00:00,Cyprus,Cyprus,CY,854.27,1082.92,7.74,7.74,tsoc.org.cy,false,
2022-12-31 15:00:00,Cyprus,Cyprus,CY,893.48,1131.25,3.51,3.51,tsoc.org.cy,false,
2022-12-31 16:00:00,Cyprus,Cyprus,CY,895.21,1133.3,3.32,3.32,tsoc.org.cy,false,
2022-12-31 17:00:00,Cyprus,Cyprus,CY,889.23,1125.85,3.97,3.97,tsoc.org.cy,false,
2022-12-31 18:00:00,Cyprus,Cyprus,CY,880.71,1115.4,4.89,4.89,tsoc.org.cy,false,
2022-12-31 19:00:00,Cyprus,Cyprus,CY,875.7,1109.43,5.43,5.43,tsoc.org.cy,false,
2022-12-31 20:00:00,Cyprus,Cyprus,CY,872.64,1105.78,5.76,5.76,tsoc.org.cy,false,
2022-12-31 21:00:00,Cyprus,Cyprus,CY,862.62,1093.35,6.84,6.84,tsoc.org.cy,false,
2022-12-31 22:00:00,Cyprus,Cyprus,CY,847.55,1074.66,8.47,8.47,tsoc.org.cy,false,
2022-12-31 23:00:00,Cyprus,Cyprus,CY,842.81,1068.82,8.98,8.98,tsoc.org.cy,false,
