Datetime (UTC),Country,Zone Name,Zone Id,Carbon Intensity gCO₂eq/kWh (direct),Carbon Intensity gCO₂eq/kWh (LCA),Low Carbon Percentage,Renewable Percentage,Data Source,Data Estimated,Data Estimation Method
2022-01-01 00:00:00,Portugal,Portugal,PT,61.36,104.84,87.91,76.68,entsoe.eu,false,
2022-01-01 01:00:00,Portugal,Portugal,PT,71.63,116.97,86.26,72.63,entsoe.eu,false,
2022-01-01 02:00:00,Portugal,Portugal,PT,79.76,126.31,84.88,70.21,entsoe.eu,false,
2022-01-01 03:00:00,Portugal,Portugal,PT,77.15,123.42,85.4,71.3,entsoe.eu,false,
2022-01-01 04:00:00,Portugal,Portugal,PT,72.45,117.58,86.22,72.21,entsoe.eu,false,
2022-01-01 05:00:00,Portugal,Portugal,PT,72.49,117.17,86.16,72.41,entsoe.eu,false,
2022-01-01 06:00:00,Portugal,Portugal,PT,72.01,116.27,86.19,73.52,entsoe.eu,false,
2022-01-01 07:00:00,Portugal,Portugal,PT,65.35,109.0,87.31,76.15,entsoe.eu,false,
2022-01-01 08:00:00,Portugal,Portugal,PT,57.04,98.25,88.89,77.46,entsoe.eu,false,
2022-01-01 09:00:00,Portugal,Portugal,PT,45.5,85.23,90.95,82.03,entsoe.eu,false,
2022-01-01 10:00:00,Portugal,Portugal,PT,43.87,84.17,91.32,83.08,entsoe.eu,false,
2022-01-01 11:00:00,Portugal,Portugal,PT,46.3,86.59,90.83,80.65,entsoe.eu,false,
2022-01-01 12:00:00,Portugal,Portugal,PT,51.6,92.08,89.89,77.69,entsoe.eu,false,
2022-01-01 13:00:00,Portugal,Portugal,PT,54.87,96.36,89.26,77.14,entsoe.eu,false,
2022-01-01 14:00:00,Portugal,Portugal,PT,56.69,98.96,89.11,77.92,entsoe.eu,false,
2022-01-01 15:00:00,Portugal,Portugal,PT,62.43,105.54,88.03,75.65,entsoe.eu,false,
2022-01-01 16:00:00,Portugal,Portugal,PT,49.75,92.38,90.01,81.27,entsoe.eu,false,
2022-01-01 17:00:00,Portugal,Portugal,PT,48.86,86.49,91.87,85.87,entsoe.eu,false,
2022-01-01 18:00:00,Portugal,Portugal,PT,49.07,84.15,92.45,87.06,entsoe.eu,false,
2022-01-01 19:00:00,Portugal,Portugal,PT,39.66,74.55,92.72,87.55,entsoe.eu,false,
2022-01-01 20:00:00,Portugal,Portugal,PT,38.39,74.05,92.37,86.8,entsoe.eu,false,
2022-01-01 21:00:00,Portugal,Portugal,PT,44.54,81.53,91.11,83.12,entsoe.eu,false,
2022-01-01 22:00:00,Portugal,Portugal,PT,58.83,98.56,88.6,76.19,entsoe.eu,false,
2022-01-01 23:00:00,Portugal,Portugal,PT,55.31,96.47,89.05,78.79,entsoe.eu,false,
2022-01-02 00:00:00,Portugal,Portugal,PT,75.91,119.58,85.41,69.21,entsoe.eu,false,
2022-01-02 01:00:00,Portugal,Portugal,PT,89.23,136.56,83.05,64.68,entsoe.eu,false,
2022-01-02 02:00:00,Portugal,Portugal,PT,91.11,138.77,82.69,64.17,entsoe.eu,false,
2022-01-02 03:00:00,Portugal,Portugal,PT,97.16,145.37,81.71,63.15,entsoe.eu,false,
2022-01-02 04:00:00,Portugal,Portugal,PT,96.33,144.51,81.86,63.33,entsoe.eu,false,
2022-01-02 05:00:00,Portugal,Portugal,PT,96.73,145.18,81.64,63.11,entsoe.eu,false,
2022-01-02 06:00:00,Portugal,Portugal,PT,100.49,150.4,80.56,63.03,entsoe.eu,false,
2022-01-02 07:00:00,Portugal,Portugal,PT,145.13,211.13,70.04,49.56,entsoe.eu,false,
2022-01-02 08:00:00,Portugal,Portugal,PT,146.05,214.95,68.55,49.15,entsoe.eu,false,
2022-01-02 09:00:00,Portugal,Portugal,PT,135.52,201.5,70.0,52.38,entsoe.eu,false,
2022-01-02 10:00:00,Portugal,Portugal,PT,137.39,203.67,68.66,53.16,entsoe.eu,false,
2022-01-02 11:00:00,Portugal,Portugal,PT,139.55,206.17,68.16,52.44,entsoe.eu,false,
2022-01-02 12:00:00,Portugal,Portugal,PT,137.22,202.6,68.87,53.07,entsoe.eu,false,
2022-01-02 13:00:00,Portugal,Portugal,PT,144.29,211.92,67.5,52.23,entsoe.eu,false,
2022-01-02 14:00:00,Portugal,Portugal,PT,150.63,219.17,66.35,50.19,entsoe.eu,false,
2022-01-02 15:00:00,Portugal,Portugal,PT,168.93,242.21,62.31,45.93,entsoe.eu,false,
2022-01-02 16:00:00,Portugal,Portugal,PT,180.13,253.62,60.15,44.86,entsoe.eu,false,
2022-01-02 17:00:00,Portugal,Portugal,PT,156.45,208.57,73.2,69.5,entsoe.eu,false,
2022-01-02 18:00:00,Portugal,Portugal,PT,140.6,188.39,76.02,73.24,entsoe.eu,false,
2022-01-02 19:00:00,Portugal,Portugal,PT,135.97,182.91,76.63,75.05,entsoe.eu,false,
2022-01-02 20:00:00,Portugal,Portugal,PT,136.73,185.15,75.34,75.04,entsoe.eu,false,
2022-01-02 21:00:00,Portugal,Portugal,PT,165.25,225.87,66.36,62.26,entsoe.eu,false,
2022-01-02 22:00:00,Portugal,Portugal,PT,190.92,264.93,57.66,46.91,entsoe.eu,false,
2022-01-02 23:00:00,Portugal,Portugal,PT,183.98,245.2,66.49,63.09,entsoe.eu,false,
2022-01-03 00:00:00,Portugal,Portugal,PT,190.85,266.96,58.05,48.74,entsoe.eu,false,
2022-01-03 01:00:00,Portugal,Portugal,PT,210.92,296.86,51.22,37.84,entsoe.eu,false,
2022-01-03 02:00:00,Portugal,Portugal,PT,208.25,294.52,51.98,36.96,entsoe.eu,false,
2022-01-03 03:00:00,Portugal,Portugal,PT,197.25,281.39,54.1,40.23,entsoe.eu,false,
2022-01-03 04:00:00,Portugal,Portugal,PT,188.58,270.48,56.12,43.4,entsoe.eu,false,
2022-01-03 05:00:00,Portugal,Portugal,PT,191.0,273.7,54.38,44.26,entsoe.eu,false,
2022-01-03 06:00:00,Portugal,Portugal,PT,179.8,250.9,60.33,58.27,entsoe.eu,false,
2022-01-03 07:00:00,Portugal,Portugal,PT,152.24,208.53,68.82,68.82,entsoe.eu,false,
2022-01-03 08:00:00,Portugal,Portugal,PT,148.1,204.09,69.14,69.14,entsoe.eu,false,
2022-01-03 09:00:00,Portugal,Portugal,PT,159.88,222.56,64.71,61.37,entsoe.eu,false,
2022-01-03 10:00:00,Portugal,Portugal,PT,160.25,229.08,61.39,54.22,entsoe.eu,false,
2022-01-03 11:00:00,Portugal,Portugal,PT,158.16,227.43,61.11,53.48,entsoe.eu,false,
2022-01-03 12:00:00,Portugal,Portugal,PT,154.55,223.01,61.84,54.65,entsoe.eu,false,
2022-01-03 13:00:00,Portugal,Portugal,PT,139.99,204.22,65.87,57.57,entsoe.eu,false,
2022-01-03 14:00:00,Portugal,Portugal,PT,140.13,202.87,66.08,56.69,entsoe.eu,false,
2022-01-03 15:00:00,Portugal,Portugal,PT,154.86,222.58,61.45,54.82,entsoe.eu,false,
2022-01-03 16:00:00,Portugal,Portugal,PT,146.99,210.22,63.86,60.16,entsoe.eu,false,
2022-01-03 17:00:00,Portugal,Portugal,PT,122.89,169.73,74.91,74.91,entsoe.eu,false,
2022-01-03 18:00:00,Portugal,Portugal,PT,120.33,166.31,75.37,75.37,entsoe.eu,false,
2022-01-03 19:00:00,Portugal,Portugal,PT,128.42,182.97,70.11,67.82,entsoe.eu,false,
2022-01-03 20:00:00,Portugal,Portugal,PT,134.87,194.97,66.29,62.27,entsoe.eu,false,
2022-01-03 21:00:00,Portugal,Portugal,PT,132.18,191.88,66.74,65.89,entsoe.eu,false,
2022-01-03 22:00:00,Portugal,Portugal,PT,123.41,183.13,68.99,65.14,entsoe.eu,false,
2022-01-03 23:00:00,Portugal,Portugal,PT,92.61,141.88,78.82,71.89,entsoe.eu,false,
2022-01-04 00:00:00,Portugal,Portugal,PT,59.27,101.12,87.06,82.04,entsoe.eu,false,
2022-01-04 01:00:00,Portugal,Portugal,PT,59.78,100.58,86.87,81.82,entsoe.eu,false,
2022-01-04 02:00:00,Portugal,Portugal,PT,60.85,100.18,87.17,80.54,entsoe.eu,false,
2022-01-04 03:00:00,Portugal,Portugal,PT,58.06,97.02,87.63,81.58,entsoe.eu,false,
2022-01-04 04:00:00,Portugal,Portugal,PT,40.65,77.92,90.41,88.55,entsoe.eu,false,
2022-01-04 05:00:00,Portugal,Portugal,PT,38.38,77.38,89.93,89.93,entsoe.eu,false,
2022-01-04 06:00:00,Portugal,Portugal,PT,71.59,108.07,86.38,86.38,entsoe.eu,false,
2022-01-04 07:00:00,Portugal,Portugal,PT,83.05,120.06,83.96,83.96,entsoe.eu,false,
2022-01-04 08:00:00,Portugal,Portugal,PT,89.81,127.45,82.87,82.87,entsoe.eu,false,
2022-01-04 09:00:00,Portugal,Portugal,PT,98.16,136.17,82.08,82.08,entsoe.eu,false,
2022-01-04 10:00:00,Portugal,Portugal,PT,101.49,139.71,81.74,81.74,entsoe.eu,false,
2022-01-04 11:00:00,Portugal,Portugal,PT,98.7,140.44,80.34,80.34,entsoe.eu,false,
2022-01-04 12:00:00,Portugal,Portugal,PT,96.9,138.4,80.63,80.63,entsoe.eu,false,
2022-01-04 13:00:00,Portugal,Portugal,PT,96.11,137.66,81.08,81.08,entsoe.eu,false,
2022-01-04 14:00:00,Portugal,Portugal,PT,90.56,131.34,81.85,81.85,entsoe.eu,false,
2022-01-04 15:00:00,Portugal,Portugal,PT,94.92,136.54,80.99,80.99,entsoe.eu,false,
2022-01-04 16:00:00,Portugal,Portugal,PT,97.25,137.53,81.35,81.35,entsoe.eu,false,
2022-01-04 17:00:00,Portugal,Portugal,PT,88.66,123.79,84.33,84.33,entsoe.eu,false,
2022-01-04 18:00:00,Portugal,Portugal,PT,89.84,125.99,83.95,83.95,entsoe.eu,false,
2022-01-04 19:00:00,Portugal,Portugal,PT,105.41,148.97,79.46,77.96,entsoe.eu,false,
2022-01-04 20:00:00,Portugal,Portugal,PT,107.22,154.28,77.65,74.36,entsoe.eu,false,
2022-01-04 21:00:00,Portugal,Portugal,PT,100.52,150.58,76.68,72.2,entsoe.eu,false,
2022-01-04 22:00:00,Portugal,Portugal,PT,81.54,126.8,81.7,75.2,entsoe.eu,false,
2022-01-04 23:00:00,Portugal,Portugal,PT,75.88,119.55,84.47,76.58,entsoe.eu,false,
2022-01-05 00:00:00,Portugal,Portugal,PT,82.88,126.87,83.47,73.92,entsoe.eu,false,
2022-01-05 01:00:00,Portugal,Portugal,PT,82.41,126.75,83.52,74.03,entsoe.eu,false,
2022-01-05 02:00:00,Portugal,Portugal,PT,87.25,133.07,82.58,72.0,entsoe.eu,false,
2022-01-05 03:00:00,Portugal,Portugal,PT,88.21,134.13,82.52,72.12,entsoe.eu,false,
2022-01-05 04:00:00,Portugal,Portugal,PT,87.89,133.78,82.59,72.24,entsoe.eu,false,
2022-01-05 05:00:00,Portugal,Portugal,PT,85.89,132.41,82.69,79.06,entsoe.eu,false,
2022-01-05 06:00:00,Portugal,Portugal,PT,123.94,170.08,78.33,78.33,entsoe.eu,false,
2022-01-05 07:00:00,Portugal,Portugal,PT,129.98,177.3,75.49,75.49,entsoe.eu,false,
2022-01-05 08:00:00,Portugal,Portugal,PT,130.73,179.36,73.85,73.85,entsoe.eu,false,
2022-01-05 09:00:00,Portugal,Portugal,PT,121.55,169.72,74.92,74.92,entsoe.eu,false,
2022-01-05 10:00:00,Portugal,Portugal,PT,118.26,174.97,69.9,69.58,entsoe.eu,false,
2022-01-05 11:00:00,Portugal,Portugal,PT,113.8,168.92,71.0,71.0,entsoe.eu,false,
2022-01-05 12:00:00,Portugal,Portugal,PT,111.44,166.95,70.82,70.77,entsoe.eu,false,
2022-01-05 13:00:00,Portugal,Portugal,PT,111.36,167.33,70.32,70.32,entsoe.eu,false,
2022-01-05 14:00:00,Portugal,Portugal,PT,106.94,159.89,72.32,72.32,entsoe.eu,false,
2022-01-05 15:00:00,Portugal,Portugal,PT,112.03,160.67,74.01,74.01,entsoe.eu,false,
2022-01-05 16:00:00,Portugal,Portugal,PT,115.17,163.47,73.95,73.95,Electricity Maps Estimation,true,ESTIMATED_TIME_SLICER_AVERAGE
2022-01-05 17:00:00,Portugal,Portugal,PT,117.51,162.36,75.49,75.49,Electricity Maps Estimation,true,ESTIMATED_TIME_SLICER_AVERAGE
2022-01-05 18:00:00,Portugal,Portugal,PT,119.31,163.94,75.49,75.49,Electricity Maps Estimation,true,ESTIMATED_TIME_SLICER_AVERAGE
2022-01-05 19:00:00,Portugal,Portugal,PT,124.61,172.04,73.64,73.64,Electricity Maps Estimation,true,ESTIMATED_TIME_SLICER_AVERAGE
2022-01-05 20:00:00,Portugal,Portugal,PT,126.78,173.81,73.71,73.71,entsoe.eu,false,
2022-01-05 21:00:00,Portugal,Portugal,PT,135.99,188.89,70.25,70.25,entsoe.eu,false,
2022-01-05 22:00:00,Portugal,Portugal,PT,138.69,199.35,67.32,62.3,entsoe.eu,false,
2022-01-05 23:00:00,Portugal,Portugal,PT,127.97,187.36,70.18,63.54,entsoe.eu,false,
2022-01-06 00:00:00,Portugal,Portugal,PT,130.24,191.29,69.83,63.11,entsoe.eu,false,
2022-01-06 01:00:00,Portugal,Portugal,PT,129.78,191.48,70.2,63.29,entsoe.eu,false,
2022-01-06 02:00:00,Portugal,Portugal,PT,142.6,208.83,66.49,60.01,entsoe.eu,false,
2022-01-06 03:00:00,Portugal,Portugal,PT,147.94,215.18,65.8,58.14,entsoe.eu,false,
2022-01-06 04:00:00,Portugal,Portugal,PT,147.2,215.66,65.32,58.7,entsoe.eu,false,
2022-01-06 05:00:00,Portugal,Portugal,PT,131.41,193.15,68.86,63.63,entsoe.eu,false,
2022-01-06 06:00:00,Portugal,Portugal,PT,155.5,224.25,62.91,58.6,entsoe.eu,false,
2022-01-06 07:00:00,Portugal,Portugal,PT,151.58,216.88,64.37,60.09,entsoe.eu,false,
2022-01-06 08:00:00,Portugal,Portugal,PT,146.3,206.46,67.05,64.34,entsoe.eu,false,
2022-01-06 09:00:00,Portugal,Portugal,PT,138.5,197.35,68.52,65.01,entsoe.eu,false,
2022-01-06 10:00:00,Portugal,Portugal,PT,136.23,194.99,69.54,64.62,entsoe.eu,false,
2022-01-06 11:00:00,Portugal,Portugal,PT,139.8,200.26,68.31,62.78,entsoe.eu,false,
2022-01-06 12:00:00,Portugal,Portugal,PT,139.67,201.35,67.6,61.91,entsoe.eu,false,
2022-01-06 13:00:00,Portugal,Portugal,PT,138.64,201.98,67.18,60.15,entsoe.eu,false,
2022-01-06 14:00:00,Portugal,Portugal,PT,141.41,204.41,66.92,59.8,entsoe.eu,false,
2022-01-06 15:00:00,Portugal,Portugal,PT,151.09,216.09,64.84,56.84,entsoe.eu,false,
2022-01-06 16:00:00,Portugal,Portugal,PT,150.4,209.6,66.36,63.95,entsoe.eu,false,
2022-01-06 17:00:00,Portugal,Portugal,PT,143.59,198.59,68.44,68.44,entsoe.eu,false,
2022-01-06 18:00:00,Portugal,Portugal,PT,134.6,187.19,70.8,69.65,entsoe.eu,false,
2022-01-06 19:00:00,Portugal,Portugal,PT,127.29,174.4,74.4,74.4,entsoe.eu,false,
2022-01-06 20:00:00,Portugal,Portugal,PT,130.44,181.32,72.31,71.29,entsoe.eu,false,
2022-01-06 21:00:00,Portugal,Portugal,PT,139.01,194.48,69.32,66.81,entsoe.eu,false,
2022-01-06 22:00:00,Portugal,Portugal,PT,124.72,178.63,72.22,68.87,entsoe.eu,false,
2022-01-06 23:00:00,Portugal,Portugal,PT,132.91,191.97,70.27,61.09,entsoe.eu,false,
2022-01-07 00:00:00,Portugal,Portugal,PT,121.12,177.46,73.62,64.62,entsoe.eu,false,
2022-01-07 01:00:00,Portugal,Portugal,PT,108.39,164.67,75.4,69.3,entsoe.eu,false,
2022-01-07 02:00:00,Portugal,Portugal,PT,113.12,168.32,75.22,65.54,entsoe.eu,false,
2022-01-07 03:00:00,Portugal,Portugal,PT,120.31,176.34,73.93,63.19,entsoe.eu,false,
2022-01-07 04:00:00,Portugal,Portugal,PT,114.04,172.66,73.39,67.5,entsoe.eu,false,
2022-01-07 05:00:00,Portugal,Portugal,PT,110.23,170.09,72.26,69.89,entsoe.eu,false,
2022-01-07 06:00:00,Portugal,Portugal,PT,116.31,178.53,68.9,68.9,entsoe.eu,false,
2022-01-07 07:00:00,Portugal,Portugal,PT,119.85,173.39,72.52,72.52,entsoe.eu,false,
2022-01-07 08:00:00,Portugal,Portugal,PT,114.18,164.2,74.67,74.67,entsoe.eu,false,
2022-01-07 09:00:00,Portugal,Portugal,PT,112.88,168.35,72.36,71.25,entsoe.eu,false,
2022-01-07 10:00:00,Portugal,Portugal,PT,107.76,163.48,73.55,70.85,entsoe.eu,false,
2022-01-07 11:00:00,Portugal,Portugal,PT,121.13,180.88,70.12,65.85,entsoe.eu,false,
2022-01-07 12:00:00,Portugal,Portugal,PT,123.65,184.2,70.12,64.71,entsoe.eu,false,
2022-01-07 13:00:00,Portugal,Portugal,PT,136.66,201.12,66.98,61.18,entsoe.eu,false,
2022-01-07 14:00:00,Portugal,Portugal,PT,141.76,205.31,66.27,59.23,entsoe.eu,false,
2022-01-07 15:00:00,Portugal,Portugal,PT,148.01,211.19,65.56,57.49,entsoe.eu,false,
2022-01-07 16:00:00,Portugal,Portugal,PT,157.39,218.55,64.6,61.07,entsoe.eu,false,
2022-01-07 17:00:00,Portugal,Portugal,PT,134.08,185.28,71.7,70.79,entsoe.eu,false,
2022-01-07 18:00:00,Portugal,Portugal,PT,134.85,186.39,71.08,69.69,entsoe.eu,false,
2022-01-07 19:00:00,Portugal,Portugal,PT,141.46,195.06,69.45,66.64,entsoe.eu,false,
2022-01-07 20:00:00,Portugal,Portugal,PT,149.07,207.67,65.97,60.72,entsoe.eu,false,
2022-01-07 21:00:00,Portugal,Portugal,PT,152.19,210.08,66.56,61.83,entsoe.eu,false,
2022-01-07 22:00:00,Portugal,Portugal,PT,174.53,243.29,59.73,48.21,entsoe.eu,false,
2022-01-07 23:00:00,Portugal,Portugal,PT,156.61,215.38,67.72,60.59,entsoe.eu,false,
2022-01-08 00:00:00,Portugal,Portugal,PT,160.44,223.47,66.05,55.53,entsoe.eu,false,
2022-01-08 01:00:00,Portugal,Portugal,PT,171.56,239.56,64.11,48.2,entsoe.eu,false,
2022-01-08 02:00:00,Portugal,Portugal,PT,172.59,240.62,64.84,47.61,entsoe.eu,false,
2022-01-08 03:00:00,Portugal,Portugal,PT,164.41,231.33,66.73,48.23,entsoe.eu,false,
2022-01-08 04:00:00,Portugal,Portugal,PT,159.21,225.22,67.8,49.77,entsoe.eu,false,
2022-01-08 05:00:00,Portugal,Portugal,PT,155.66,220.81,68.31,51.61,entsoe.eu,false,
2022-01-08 06:00:00,Portugal,Portugal,PT,148.58,212.38,68.98,53.4,entsoe.eu,false,
2022-01-08 07:00:00,Portugal,Portugal,PT,115.93,167.42,77.63,68.78,entsoe.eu,false,
2022-01-08 08:00:00,Portugal,Portugal,PT,100.71,148.38,80.25,75.12,entsoe.eu,false,
2022-01-08 09:00:00,Portugal,Portugal,PT,83.71,129.62,82.64,77.1,entsoe.eu,false,
2022-01-08 10:00:00,Portugal,Portugal,PT,92.42,142.68,80.34,71.59,entsoe.eu,false,
2022-01-08 11:00:00,Portugal,Portugal,PT,87.27,137.04,82.08,71.21,entsoe.eu,false,
2022-01-08 12:00:00,Portugal,Portugal,PT,81.07,128.6,84.17,72.63,entsoe.eu,false,
2022-01-08 13:00:00,Portugal,Portugal,PT,80.73,127.97,83.7,72.0,entsoe.eu,false,
2022-01-08 14:00:00,Portugal,Portugal,PT,72.17,116.22,85.77,75.04,entsoe.eu,false,
2022-01-08 15:00:00,Portugal,Portugal,PT,69.11,111.87,86.26,75.71,entsoe.eu,false,
2022-01-08 16:00:00,Portugal,Portugal,PT,70.26,114.77,85.02,77.12,entsoe.eu,false,
2022-01-08 17:00:00,Portugal,Portugal,PT,64.13,104.41,87.1,79.43,entsoe.eu,false,
2022-01-08 18:00:00,Portugal,Portugal,PT,49.69,85.27,90.01,84.21,entsoe.eu,false,
2022-01-08 19:00:00,Portugal,Portugal,PT,51.97,87.13,89.93,85.03,entsoe.eu,false,
2022-01-08 20:00:00,Portugal,Portugal,PT,54.55,88.87,90.26,86.94,entsoe.eu,false,
2022-01-08 21:00:00,Portugal,Portugal,PT,54.75,92.91,88.87,81.61,entsoe.eu,false,
2022-01-08 22:00:00,Portugal,Portugal,PT,60.5,100.18,87.89,78.19,entsoe.eu,false,
2022-01-08 23:00:00,Portugal,Portugal,PT,65.85,106.68,87.21,77.42,entsoe.eu,false,
2022-01-09 00:00:00,Portugal,Portugal,PT,65.36,104.8,87.79,78.35,entsoe.eu,false,
2022-01-09 01:00:00,Portugal,Portugal,PT,64.46,103.8,87.91,78.83,entsoe.eu,false,
2022-01-09 02:00:00,Portugal,Portugal,PT,59.54,98.96,88.79,80.5,entsoe.eu,false,
2022-01-09 03:00:00,Portugal,Portugal,PT,54.27,92.73,89.67,81.65,entsoe.eu,false,
2022-01-09 04:00:00,Portugal,Portugal,PT,53.27,92.0,89.74,82.11,entsoe.eu,false,
2022-01-09 05:00:00,Portugal,Portugal,PT,46.98,82.38,90.91,84.17,entsoe.eu,false,
2022-01-09 06:00:00,Portugal,Portugal,PT,57.15,97.46,88.92,81.49,entsoe.eu,false,
2022-01-09 07:00:00,Portugal,Portugal,PT,56.53,96.74,89.02,81.44,entsoe.eu,false,
2022-01-09 08:00:00,Portugal,Portugal,PT,45.51,84.85,90.96,85.25,entsoe.eu,false,
2022-01-09 09:00:00,Portugal,Portugal,PT,42.32,80.27,91.7,85.64,entsoe.eu,false,
2022-01-09 10:00:00,Portugal,Portugal,PT,47.13,84.97,91.14,83.75,entsoe.eu,false,
2022-01-09 11:00:00,Portugal,Portugal,PT,47.7,84.78,91.13,83.29,entsoe.eu,false,
2022-01-09 12:00:00,Portugal,Portugal,PT,46.91,83.66,91.25,83.89,entsoe.eu,false,
2022-01-09 13:00:00,Portugal,Portugal,PT,45.42,82.08,91.47,84.69,entsoe.eu,false,
2022-01-09 14:00:00,Portugal,Portugal,PT,44.1,80.41,91.75,84.5,entsoe.eu,false,
2022-01-09 15:00:00,Portugal,Portugal,PT,47.14,83.96,91.27,84.03,entsoe.eu,false,
2022-01-09 16:00:00,Portugal,Portugal,PT,48.58,86.56,90.43,84.49,entsoe.eu,false,
2022-01-09 17:00:00,Portugal,Portugal,PT,65.09,103.23,88.67,82.96,entsoe.eu,false,
2022-01-09 18:00:00,Portugal,Portugal,PT,70.02,104.68,89.35,86.97,entsoe.eu,false,
2022-01-09 19:00:00,Portugal,Portugal,PT,70.23,103.82,89.72,87.53,entsoe.eu,false,
2022-01-09 20:00:00,Portugal,Portugal,PT,72.06,106.49,89.23,86.46,entsoe.eu,false,
2022-01-09 21:00:00,Portugal,Portugal,PT,78.26,114.01,88.58,85.55,entsoe.eu,false,
2022-01-09 22:00:00,Portugal,Portugal,PT,72.5,114.38,86.47,78.8,entsoe.eu,false,
2022-01-09 23:00:00,Portugal,Portugal,PT,78.12,122.84,84.47,75.91,entsoe.eu,false,
2022-01-10 00:00:00,Portugal,Portugal,PT,86.14,132.96,82.37,72.95,entsoe.eu,false,
2022-01-10 01:00:00,Portugal,Portugal,PT,89.63,137.54,81.64,71.88,entsoe.eu,false,
2022-01-10 02:00:00,Portugal,Portugal,PT,96.82,146.29,80.42,70.1,entsoe.eu,false,
2022-01-10 03:00:00,Portugal,Portugal,PT,96.49,146.08,80.2,69.92,entsoe.eu,false,
2022-01-10 04:00:00,Portugal,Portugal,PT,98.79,148.87,79.71,69.49,entsoe.eu,false,
2022-01-10 05:00:00,Portugal,Portugal,PT,109.95,162.75,75.04,68.13,entsoe.eu,false,
2022-01-10 06:00:00,Portugal,Portugal,PT,139.95,207.17,65.2,61.03,entsoe.eu,false,
2022-01-10 07:00:00,Portugal,Portugal,PT,154.91,219.9,63.39,63.3,entsoe.eu,false,
2022-01-10 08:00:00,Portugal,Portugal,PT,161.02,226.8,61.27,60.56,entsoe.eu,false,
2022-01-10 09:00:00,Portugal,Portugal,PT,166.16,233.24,59.71,57.83,entsoe.eu,false,
2022-01-10 10:00:00,Portugal,Portugal,PT,176.68,246.98,57.68,53.3,entsoe.eu,false,
2022-01-10 11:00:00,Portugal,Portugal,PT,179.23,250.05,57.55,52.15,entsoe.eu,false,
2022-01-10 12:00:00,Portugal,Portugal,PT,182.58,254.53,56.8,51.76,entsoe.eu,false,
2022-01-10 13:00:00,Portugal,Portugal,PT,185.77,260.6,54.87,49.07,entsoe.eu,false,
2022-01-10 14:00:00,Portugal,Portugal,PT,183.82,257.34,56.26,49.04,entsoe.eu,false,
2022-01-10 15:00:00,Portugal,Portugal,PT,180.97,253.68,56.42,50.81,entsoe.eu,false,
2022-01-10 16:00:00,Portugal,Portugal,PT,181.62,246.43,60.43,58.72,entsoe.eu,false,
2022-01-10 17:00:00,Portugal,Portugal,PT,170.03,227.22,65.32,65.32,entsoe.eu,false,
2022-01-10 18:00:00,Portugal,Portugal,PT,162.07,217.65,66.63,66.63,entsoe.eu,false,
2022-01-10 19:00:00,Portugal,Portugal,PT,162.89,219.72,66.05,65.44,entsoe.eu,false,
2022-01-10 20:00:00,Portugal,Portugal,PT,161.94,222.4,63.91,61.77,entsoe.eu,false,
2022-01-10 21:00:00,Portugal,Portugal,PT,171.65,239.33,59.34,53.93,entsoe.eu,false,
2022-01-10 22:00:00,Portugal,Portugal,PT,180.33,253.27,56.29,48.87,entsoe.eu,false,
2022-01-10 23:00:00,Portugal,Portugal,PT,173.5,246.41,57.84,50.41,entsoe.eu,false,
2022-01-11 00:00:00,Portugal,Portugal,PT,171.82,243.63,58.41,50.75,entsoe.eu,false,
2022-01-11 01:00:00,Portugal,Portugal,PT,166.93,237.77,59.42,51.79,entsoe.eu,false,
2022-01-11 02:00:00,Portugal,Portugal,PT,168.18,237.36,59.67,50.4,entsoe.eu,false,
2022-01-11 03:00:00,Portugal,Portugal,PT,171.92,244.27,57.81,50.62,entsoe.eu,false,
2022-01-11 04:00:00,Portugal,Portugal,PT,183.77,262.85,52.69,49.31,entsoe.eu,false,
2022-01-11 05:00:00,Portugal,Portugal,PT,141.13,200.53,65.72,65.72,entsoe.eu,false,
2022-01-11 06:00:00,Portugal,Portugal,PT,170.44,233.73,61.85,61.85,entsoe.eu,false,
2022-01-11 07:00:00,Portugal,Portugal,PT,158.45,215.32,65.72,65.72,entsoe.eu,false,
2022-01-11 08:00:00,Portugal,Portugal,PT,157.27,215.46,64.71,64.71,entsoe.eu,false,
2022-01-11 09:00:00,Portugal,Portugal,PT,155.82,217.2,63.26,63.26,entsoe.eu,false,
2022-01-11 10:00:00,Portugal,Portugal,PT,164.67,236.23,57.61,54.63,entsoe.eu,false,
2022-01-11 11:00:00,Portugal,Portugal,PT,169.36,242.66,56.84,52.82,entsoe.eu,false,
2022-01-11 12:00:00,Portugal,Portugal,PT,174.82,250.3,55.32,51.44,entsoe.eu,false,
2022-01-11 13:00:00,Portugal,Portugal,PT,178.19,254.98,54.72,50.19,entsoe.eu,false,
2022-01-11 14:00:00,Portugal,Portugal,PT,185.08,263.35,53.24,48.05,entsoe.eu,false,
2022-01-11 15:00:00,Portugal,Portugal,PT,194.76,275.17,50.64,45.56,entsoe.eu,false,
2022-01-11 16:00:00,Portugal,Portugal,PT,192.25,270.39,51.14,48.05,entsoe.eu,false,
2022-01-11 17:00:00,Portugal,Portugal,PT,169.81,234.3,60.38,60.38,entsoe.eu,false,
2022-01-11 18:00:00,Portugal,Portugal,PT,153.87,211.76,65.32,65.32,entsoe.eu,false,
2022-01-11 19:00:00,Portugal,Portugal,PT,156.27,215.66,64.15,64.15,entsoe.eu,false,
2022-01-11 20:00:00,Portugal,Portugal,PT,162.81,230.28,58.87,56.77,entsoe.eu,false,
2022-01-11 21:00:00,Portugal,Portugal,PT,164.81,235.08,57.34,54.74,entsoe.eu,false,
2022-01-11 22:00:00,Portugal,Portugal,PT,168.71,240.92,56.41,53.34,entsoe.eu,false,
2022-01-11 23:00:00,Portugal,Portugal,PT,153.9,219.81,62.05,56.37,entsoe.eu,false,
2022-01-12 00:00:00,Portugal,Portugal,PT,143.29,206.94,64.46,59.61,entsoe.eu,false,
2022-01-12 01:00:00,Portugal,Portugal,PT,132.93,193.43,67.31,62.37,entsoe.eu,false,
2022-01-12 02:00:00,Portugal,Portugal,PT,135.77,198.17,65.76,62.02,entsoe.eu,false,
2022-01-12 03:00:00,Portugal,Portugal,PT,135.24,198.58,65.37,62.59,entsoe.eu,false,
2022-01-12 04:00:00,Portugal,Portugal,PT,139.31,203.62,64.5,61.27,entsoe.eu,false,
2022-01-12 05:00:00,Portugal,Portugal,PT,141.35,207.08,63.53,61.13,entsoe.eu,false,
2022-01-12 06:00:00,Portugal,Portugal,PT,129.43,193.65,65.46,65.46,entsoe.eu,false,
2022-01-12 07:00:00,Portugal,Portugal,PT,140.84,204.92,62.46,62.46,entsoe.eu,false,
2022-01-12 08:00:00,Portugal,Portugal,PT,146.24,211.92,61.13,61.13,entsoe.eu,false,
2022-01-12 09:00:00,Portugal,Portugal,PT,137.6,201.56,63.76,62.57,entsoe.eu,false,
2022-01-12 10:00:00,Portugal,Portugal,PT,132.27,193.29,66.31,62.69,entsoe.eu,false,
2022-01-12 11:00:00,Portugal,Portugal,PT,132.41,192.7,66.79,62.23,entsoe.eu,false,
2022-01-12 12:00:00,Portugal,Portugal,PT,140.74,204.12,64.43,60.14,entsoe.eu,false,
2022-01-12 13:00:00,Portugal,Portugal,PT,145.03,210.22,63.34,58.99,entsoe.eu,false,
2022-01-12 14:00:00,Portugal,Portugal,PT,151.08,218.5,61.88,57.25,entsoe.eu,false,
2022-01-12 15:00:00,Portugal,Portugal,PT,157.16,226.25,60.57,55.51,entsoe.eu,false,
2022-01-12 16:00:00,Portugal,Portugal,PT,175.07,249.51,54.81,52.36,entsoe.eu,false,
2022-01-12 17:00:00,Portugal,Portugal,PT,158.54,217.2,64.57,64.57,entsoe.eu,false,
2022-01-12 18:00:00,Portugal,Portugal,PT,161.2,220.41,63.8,63.8,entsoe.eu,false,
2022-01-12 19:00:00,Portugal,Portugal,PT,142.58,195.15,69.16,69.16,entsoe.eu,false,
2022-01-12 20:00:00,Portugal,Portugal,PT,146.75,199.84,68.39,68.39,entsoe.eu,false,
2022-01-12 21:00:00,Portugal,Portugal,PT,137.09,186.88,70.94,70.7,entsoe.eu,false,
2022-01-12 22:00:00,Portugal,Portugal,PT,141.49,191.85,70.14,68.75,entsoe.eu,false,
2022-01-12 23:00:00,Portugal,Portugal,PT,154.35,213.86,64.05,61.11,entsoe.eu,false,
2022-01-13 00:00:00,Portugal,Portugal,PT,155.8,215.36,63.88,61.16,entsoe.eu,false,
2022-01-13 01:00:00,Portugal,Portugal,PT,159.46,224.4,60.65,57.0,entsoe.eu,false,
2022-01-13 02:00:00,Portugal,Portugal,PT,160.25,225.47,60.46,56.87,entsoe.eu,false,
2022-01-13 03:00:00,Portugal,Portugal,PT,157.41,225.26,59.87,55.48,entsoe.eu,false,
2022-01-13 04:00:00,Portugal,Portugal,PT,158.89,228.3,59.04,55.73,entsoe.eu,false,
2022-01-13 05:00:00,Portugal,Portugal,PT,135.64,202.18,63.8,63.8,entsoe.eu,false,
2022-01-13 06:00:00,Portugal,Portugal,PT,133.65,199.26,64.29,64.29,entsoe.eu,false,
2022-01-13 07:00:00,Portugal,Portugal,PT,126.86,191.2,66.13,66.13,entsoe.eu,false,
2022-01-13 08:00:00,Portugal,Portugal,PT,134.69,200.95,64.02,64.02,entsoe.eu,false,
2022-01-13 09:00:00,Portugal,Portugal,PT,143.64,212.71,61.61,61.61,entsoe.eu,false,
2022-01-13 10:00:00,Portugal,Portugal,PT,146.98,215.36,61.79,59.87,entsoe.eu,false,
2022-01-13 11:00:00,Portugal,Portugal,PT,139.87,204.2,64.22,61.34,entsoe.eu,false,
2022-01-13 12:00:00,Portugal,Portugal,PT,150.43,214.0,62.76,60.22,entsoe.eu,false,
2022-01-13 13:00:00,Portugal,Portugal,PT,161.69,226.46,60.48,57.46,entsoe.eu,false,
2022-01-13 14:00:00,Portugal,Portugal,PT,160.55,224.8,60.86,57.53,entsoe.eu,false,
2022-01-13 15:00:00,Portugal,Portugal,PT,154.26,218.19,62.0,59.31,entsoe.eu,false,
2022-01-13 16:00:00,Portugal,Portugal,PT,156.31,225.85,59.17,57.5,entsoe.eu,false,
2022-01-13 17:00:00,Portugal,Portugal,PT,151.45,221.53,59.45,59.45,Electricity Maps Estimation,true,ESTIMATED_TIME_SLICER_AVERAGE
2022-01-13 18:00:00,Portugal,Portugal,PT,156.65,225.39,59.05,59.05,Electricity Maps Estimation,true,ESTIMATED_TIME_SLICER_AVERAGE
2022-01-13 19:00:00,Portugal,Portugal,PT,153.67,222.33,59.31,59.31,Electricity Maps Estimation,true,ESTIMATED_TIME_SLICER_AVERAGE
2022-01-13 20:00:00,Portugal,Portugal,PT,156.79,227.5,58.02,58.02,Electricity Maps Estimation,true,ESTIMATED_TIME_SLICER_AVERAGE
2022-01-13 21:00:00,Portugal,Portugal,PT,165.7,237.79,56.81,54.85,Electricity Maps Estimation,true,ESTIMATED_TIME_SLICER_AVERAGE
2022-01-13 22:00:00,Portugal,Portugal,PT,163.89,236.79,57.48,55.15,Electricity Maps Estimation,true,ESTIMATED_TIME_SLICER_AVERAGE
2022-01-13 23:00:00,Portugal,Portugal,PT,149.19,220.86,60.18,60.08,Electricity Maps Estimation,true,ESTIMATED_TIME_SLICER_AVERAGE
2022-01-14 00:00:00,Portugal,Portugal,PT,155.93,231.01,58.79,58.05,Electricity Maps Estimation,true,ESTIMATED_TIME_SLICER_AVERAGE
2022-01-14 01:00:00,Portugal,Portugal,PT,158.98,233.25,58.78,56.74,Electricity Maps Estimation,true,ESTIMATED_TIME_SLICER_AVERAGE
2022-01-14 02:00:00,Portugal,Portugal,PT,159.42,234.04,58.52,56.67,Electricity Maps Estimation,true,ESTIMATED_TIME_SLICER_AVERAGE
2022-01-14 03:00:00,Portugal,Portugal,PT,157.83,232.58,58.66,57.29,Electricity Maps Estimation,true,ESTIMATED_TIME_SLICER_AVERAGE
2022-01-14 04:00:00,Portugal,Portugal,PT,160.36,236.37,57.54,56.88,Electricity Maps Estimation,true,ESTIMATED_TIME_SLICER_AVERAGE
2022-01-14 05:00:00,Portugal,Portugal,PT,156.72,231.04,58.1,58.1,Electricity Maps Estimation,true,ESTIMATED_TIME_SLICER_AVERAGE
2022-01-14 06:00:00,Portugal,Portugal,PT,168.38,244.8,54.94,54.94,Electricity Maps Estimation,true,ESTIMATED_TIME_SLICER_AVERAGE
2022-01-14 07:00:00,Portugal,Portugal,PT,150.76,220.11,59.64,59.64,Electricity Maps Estimation,true,ESTIMATED_TIME_SLICER_AVERAGE
2022-01-14 08:00:00,Portugal,Portugal,PT,151.16,220.14,59.52,59.52,Electricity Maps Estimation,true,ESTIMATED_TIME_SLICER_AVERAGE
2022-01-14 09:00:00,Portugal,Portugal,PT,154.06,224.21,58.8,58.72,Electricity Maps Estimation,true,ESTIMATED_TIME_SLICER_AVERAGE
2022-01-14 10:00:00,Portugal,Portugal,PT,164.92,236.07,57.61,55.08,Electricity Maps Estimation,true,ESTIMATED_TIME_SLICER_AVERAGE
2022-01-14 11:00:00,Portugal,Portugal,PT,173.68,245.85,56.43,52.25,Electricity Maps Estimation,true,ESTIMATED_TIME_SLICER_AVERAGE
2022-01-14 12:00:00,Portugal,Portugal,PT,180.36,254.33,54.86,50.47,Electricity Maps Estimation,true,ESTIMATED_TIME_SLICER_AVERAGE
2022-01-14 13:00:00,Portugal,Portugal,PT,186.39,262.01,53.55,48.62,Electricity Maps Estimation,true,ESTIMATED_TIME_SLICER_AVERAGE
2022-01-14 14:00:00,Portugal,Portugal,PT,189.42,266.68,52.34,47.93,Electricity Maps Estimation,true,ESTIMATED_TIME_SLICER_AVERAGE
2022-01-14 15:00:00,Portugal,Portugal,PT,194.61,273.39,50.71,46.87,Electricity Maps Estimation,true,ESTIMATED_TIME_SLICER_AVERAGE
2022-01-14 16:00:00,Portugal,Portugal,PT,188.78,268.04,50.38,50.24,Electricity Maps Estimation,true,ESTIMATED_TIME_SLICER_AVERAGE
2022-01-14 17:00:00,Portugal,Portugal,PT,171.2,237.55,58.59,58.59,Electricity Maps Estimation,true,ESTIMATED_TIME_SLICER_AVERAGE
2022-01-14 18:00:00,Portugal,Portugal,PT,168.77,231.78,60.3,60.3,Electricity Maps Estimation,true,ESTIMATED_TIME_SLICER_AVERAGE
2022-01-14 19:00:00,Portugal,Portugal,PT,166.38,229.36,60.49,60.49,Electricity Maps Estimation,true,ESTIMATED_TIME_SLICER_AVERAGE
2022-01-14 20:00:00,Portugal,Portugal,PT,169.64,236.32,58.1,58.1,Electricity Maps Estimation,true,ESTIMATED_TIME_SLICER_AVERAGE
2022-01-14 21:00:00,Portugal,Portugal,PT,173.01,243.48,55.94,55.94,Electricity Maps Estimation,true,ESTIMATED_TIME_SLICER_AVERAGE
2022-01-14 22:00:00,Portugal,Portugal,PT,183.91,258.17,53.43,50.77,Electricity Maps Estimation,true,ESTIMATED_TIME_SLICER_AVERAGE
2022-01-14 23:00:00,Portugal,Portugal,PT,174.42,250.28,53.86,52.79,Electricity Maps Estimation,true,ESTIMATED_TIME_SLICER_AVERAGE
2022-01-15 00:00:00,Portugal,Portugal,PT,147.09,215.32,61.61,60.06,Electricity Maps Estimation,true,ESTIMATED_TIME_SLICER_AVERAGE
2022-01-15 01:00:00,Portugal,Portugal,PT,165.07,236.17,59.22,54.01,Electricity Maps Estimation,true,ESTIMATED_TIME_SLICER_AVERAGE
2022-01-15 02:00:00,Portugal,Portugal,PT,169.98,241.88,58.38,52.38,Electricity Maps Estimation,true,ESTIMATED_TIME_SLICER_AVERAGE
2022-01-15 03:00:00,Portugal,Portugal,PT,174.01,246.26,57.8,50.71,Electricity Maps Estimation,true,ESTIMATED_TIME_SLICER_AVERAGE
2022-01-15 04:00:00,Portugal,Portugal,PT,177.59,251.06,56.79,49.71,Electricity Maps Estimation,true,ESTIMATED_TIME_SLICER_AVERAGE
2022-01-15 05:00:00,Portugal,Portugal,PT,150.98,217.31,62.28,58.16,Electricity Maps Estimation,true,ESTIMATED_TIME_SLICER_AVERAGE
2022-01-15 06:00:00,Portugal,Portugal,PT,161.52,237.34,56.87,56.87,Electricity Maps Estimation,true,ESTIMATED_TIME_SLICER_AVERAGE
2022-01-15 07:00:00,Portugal,Portugal,PT,153.23,225.58,59.07,59.07,Electricity Maps Estimation,true,ESTIMATED_TIME_SLICER_AVERAGE
2022-01-15 08:00:00,Portugal,Portugal,PT,151.38,221.18,60.22,60.22,Electricity Maps Estimation,true,ESTIMATED_TIME_SLICER_AVERAGE
2022-01-15 09:00:00,Portugal,Portugal,PT,147.92,216.71,61.1,61.1,Electricity Maps Estimation,true,ESTIMATED_TIME_SLICER_AVERAGE
2022-01-15 10:00:00,Portugal,Portugal,PT,152.98,224.35,59.66,59.66,Electricity Maps Estimation,true,ESTIMATED_TIME_SLICER_AVERAGE
2022-01-15 11:00:00,Portugal,Portugal,PT,160.37,232.05,59.08,56.25,Electricity Maps Estimation,true,ESTIMATED_TIME_SLICER_AVERAGE
2022-01-15 12:00:00,Portugal,Portugal,PT,165.44,237.28,58.81,54.72,Electricity Maps Estimation,true,ESTIMATED_TIME_SLICER_AVERAGE
2022-01-15 13:00:00,Portugal,Portugal,PT,170.32,243.9,57.54,53.2,Electricity Maps Estimation,true,ESTIMATED_TIME_SLICER_AVERAGE
2022-01-15 14:00:00,Portugal,Portugal,PT,176.35,254.76,54.27,51.96,Electricity Maps Estimation,true,ESTIMATED_TIME_SLICER_AVERAGE
2022-01-15 15:00:00,Portugal,Portugal,PT,180.93,262.85,51.82,51.82,Electricity Maps Estimation,true,ESTIMATED_TIME_SLICER_AVERAGE
2022-01-15 16:00:00,Portugal,Portugal,PT,177.06,247.0,58.01,58.01,Electricity Maps Estimation,true,ESTIMATED_TIME_SLICER_AVERAGE
2022-01-15 17:00:00,Portugal,Portugal,PT,163.91,222.1,64.98,64.98,Electricity Maps Estimation,true,ESTIMATED_TIME_SLICER_AVERAGE
2022-01-15 18:00:00,Portugal,Portugal,PT,154.84,209.43,67.33,67.33,Electricity Maps Estimation,true,ESTIMATED_TIME_SLICER_AVERAGE
2022-01-15 19:00:00,Portugal,Portugal,PT,153.26,207.49,67.5,67.5,Electricity Maps Estimation,true,ESTIMATED_TIME_SLICER_AVERAGE
2022-01-15 20:00:00,Portugal,Portugal,PT,155.02,210.46,66.63,66.63,Electricity Maps Estimation,true,ESTIMATED_TIME_SLICER_AVERAGE
2022-01-15 21:00:00,Portugal,Portugal,PT,164.4,224.71,63.19,63.19,Electricity Maps Estimation,true,ESTIMATED_TIME_SLICER_AVERAGE
2022-01-15 22:00:00,Portugal,Portugal,PT,164.05,224.07,63.38,63.38,entsoe.eu,false,
2022-01-15 23:00:00,Portugal,Portugal,PT,163.41,222.71,63.51,63.51,entsoe.eu,false,
2022-01-16 00:00:00,Portugal,Portugal,PT,154.37,210.15,66.22,64.56,entsoe.eu,false,
2022-01-16 01:00:00,Portugal,Portugal,PT,168.18,242.49,59.72,51.94,entsoe.eu,false,
2022-01-16 02:00:00,Portugal,Portugal,PT,178.88,252.89,58.7,47.65,entsoe.eu,false,
2022-01-16 03:00:00,Portugal,Portugal,PT,179.24,252.81,58.89,47.27,entsoe.eu,false,
2022-01-16 04:00:00,Portugal,Portugal,PT,188.63,267.99,55.81,45.34,entsoe.eu,false,
2022-01-16 05:00:00,Portugal,Portugal,PT,165.49,236.18,61.06,52.99,entsoe.eu,false,
2022-01-16 06:00:00,Portugal,Portugal,PT,188.3,269.97,54.19,47.96,entsoe.eu,false,
2022-01-16 07:00:00,Portugal,Portugal,PT,149.87,220.95,62.69,60.07,entsoe.eu,false,
2022-01-16 08:00:00,Portugal,Portugal,PT,143.43,213.24,63.28,61.51,entsoe.eu,false,
2022-01-16 09:00:00,Portugal,Portugal,PT,130.67,195.73,66.67,65.32,entsoe.eu,false,
2022-01-16 10:00:00,Portugal,Portugal,PT,147.68,215.6,64.18,60.16,entsoe.eu,false,
2022-01-16 11:00:00,Portugal,Portugal,PT,151.07,219.64,64.1,57.63,entsoe.eu,false,
2022-01-16 12:00:00,Portugal,Portugal,PT,172.91,246.36,60.42,50.8,entsoe.eu,false,
2022-01-16 13:00:00,Portugal,Portugal,PT,181.17,256.57,58.63,47.86,entsoe.eu,false,
2022-01-16 14:00:00,Portugal,Portugal,PT,189.07,266.95,56.32,46.42,entsoe.eu,false,
2022-01-16 15:00:00,Portugal,Portugal,PT,187.18,264.88,56.26,47.17,entsoe.eu,false,
2022-01-16 16:00:00,Portugal,Portugal,PT,160.29,225.58,64.12,60.96,entsoe.eu,false,
2022-01-16 17:00:00,Portugal,Portugal,PT,139.25,194.32,70.46,70.46,entsoe.eu,false,
2022-01-16 18:00:00,Portugal,Portugal,PT,143.78,197.84,70.26,69.01,entsoe.eu,false,
2022-01-16 19:00:00,Portugal,Portugal,PT,144.24,198.62,69.87,66.99,entsoe.eu,false,
2022-01-16 20:00:00,Portugal,Portugal,PT,152.97,210.41,67.52,62.57,entsoe.eu,false,
2022-01-16 21:00:00,Portugal,Portugal,PT,162.37,224.6,63.93,59.3,entsoe.eu,false,
2022-01-16 22:00:00,Portugal,Portugal,PT,185.9,256.42,58.51,48.03,entsoe.eu,false,
2022-01-16 23:00:00,Portugal,Portugal,PT,178.34,248.88,59.64,50.79,entsoe.eu,false,
2022-01-17 00:00:00,Portugal,Portugal,PT,195.01,273.74,54.69,43.33,entsoe.eu,false,
2022-01-17 01:00:00,Portugal,Portugal,PT,201.33,282.61,53.35,40.84,entsoe.eu,false,
2022-01-17 02:00:00,Portugal,Portugal,PT,221.19,307.06,48.83,34.95,entsoe.eu,false,
2022-01-17 03:00:00,Portugal,Portugal,PT,221.33,305.85,49.3,34.49,entsoe.eu,false,
2022-01-17 04:00:00,Portugal,Portugal,PT,213.04,301.22,47.86,40.46,entsoe.eu,false,
2022-01-17 05:00:00,Portugal,Portugal,PT,206.91,302.77,45.5,44.95,entsoe.eu,false,
2022-01-17 06:00:00,Portugal,Portugal,PT,156.09,216.38,64.91,64.91,entsoe.eu,false,
2022-01-17 07:00:00,Portugal,Portugal,PT,154.11,213.08,65.13,65.13,entsoe.eu,false,
2022-01-17 08:00:00,Portugal,Portugal,PT,171.41,238.58,58.65,58.65,entsoe.eu,false,
2022-01-17 09:00:00,Portugal,Portugal,PT,182.83,254.92,54.79,53.04,entsoe.eu,false,
2022-01-17 10:00:00,Portugal,Portugal,PT,199.84,278.64,50.33,45.94,entsoe.eu,false,
2022-01-17 11:00:00,Portugal,Portugal,PT,194.43,272.57,51.86,46.62,entsoe.eu,false,
2022-01-17 12:00:00,Portugal,Portugal,PT,206.71,288.92,48.67,43.34,entsoe.eu,false,
2022-01-17 13:00:00,Portugal,Portugal,PT,211.11,294.51,48.11,41.97,entsoe.eu,false,
2022-01-17 14:00:00,Portugal,Portugal,PT,220.81,306.33,45.99,39.12,entsoe.eu,false,
2022-01-17 15:00:00,Portugal,Portugal,PT,226.85,313.69,44.17,37.88,entsoe.eu,false,
2022-01-17 16:00:00,Portugal,Portugal,PT,213.32,291.28,49.49,46.08,entsoe.eu,false,
2022-01-17 17:00:00,Portugal,Portugal,PT,179.25,244.74,58.35,58.35,entsoe.eu,false,
2022-01-17 18:00:00,Portugal,Portugal,PT,167.7,225.15,63.85,63.85,entsoe.eu,false,
2022-01-17 19:00:00,Portugal,Portugal,PT,168.46,226.83,63.44,63.44,entsoe.eu,false,
2022-01-17 20:00:00,Portugal,Portugal,PT,177.17,239.98,60.2,59.33,entsoe.eu,false,
2022-01-17 21:00:00,Portugal,Portugal,PT,189.12,259.04,55.32,52.52,entsoe.eu,false,
2022-01-17 22:00:00,Portugal,Portugal,PT,216.01,296.52,48.03,40.92,entsoe.eu,false,
2022-01-17 23:00:00,Portugal,Portugal,PT,198.98,276.4,52.1,44.4,entsoe.eu,false,
2022-01-18 00:00:00,Portugal,Portugal,PT,212.88,295.01,48.94,40.62,entsoe.eu,false,
2022-01-18 01:00:00,Portugal,Portugal,PT,224.66,312.51,45.55,37.62,entsoe.eu,false,
2022-01-18 02:00:00,Portugal,Portugal,PT,240.49,331.63,42.62,32.86,entsoe.eu,false,
2022-01-18 03:00:00,Portugal,Portugal,PT,245.73,337.81,41.59,31.09,entsoe.eu,false,
2022-01-18 04:00:00,Portugal,Portugal,PT,238.1,328.11,43.08,32.7,entsoe.eu,false,
2022-01-18 05:00:00,Portugal,Portugal,PT,121.68,177.46,68.84,67.34,entsoe.eu,false,
2022-01-18 06:00:00,Portugal,Portugal,PT,201.4,282.71,48.87,48.33,entsoe.eu,false,
2022-01-18 07:00:00,Portugal,Portugal,PT,187.05,259.13,54.55,54.55,entsoe.eu,false,
2022-01-18 08:00:00,Portugal,Portugal,PT,179.39,247.98,57.24,56.7,entsoe.eu,false,
2022-01-18 09:00:00,Portugal,Portugal,PT,184.52,259.61,53.04,50.19,entsoe.eu,false,
2022-01-18 10:00:00,Portugal,Portugal,PT,182.75,257.56,54.06,50.37,entsoe.eu,false,
2022-01-18 11:00:00,Portugal,Portugal,PT,188.83,265.24,53.33,48.24,entsoe.eu,false,
2022-01-18 12:00:00,Portugal,Portugal,PT,211.34,294.52,47.73,42.21,entsoe.eu,false,
2022-01-18 13:00:00,Portugal,Portugal,PT,220.39,306.07,45.96,39.68,entsoe.eu,false,
2022-01-18 14:00:00,Portugal,Portugal,PT,229.2,316.87,43.86,36.94,entsoe.eu,false,
2022-01-18 15:00:00,Portugal,Portugal,PT,233.44,321.77,42.69,36.17,entsoe.eu,false,
2022-01-18 16:00:00,Portugal,Portugal,PT,238.74,325.22,42.23,37.36,entsoe.eu,false,
2022-01-18 17:00:00,Portugal,Portugal,PT,189.02,255.04,57.48,57.48,entsoe.eu,false,
2022-01-18 18:00:00,Portugal,Portugal,PT,170.11,230.06,62.28,62.28,entsoe.eu,false,
2022-01-18 19:00:00,Portugal,Portugal,PT,175.03,236.58,60.98,60.8,entsoe.eu,false,
2022-01-18 20:00:00,Portugal,Portugal,PT,200.97,272.71,53.09,49.44,entsoe.eu,false,
2022-01-18 21:00:00,Portugal,Portugal,PT,218.02,297.48,47.9,40.52,entsoe.eu,false,
2022-01-18 22:00:00,Portugal,Portugal,PT,222.44,303.89,47.23,39.0,entsoe.eu,false,
2022-01-18 23:00:00,Portugal,Portugal,PT,220.41,303.45,46.87,37.38,entsoe.eu,false,
2022-01-19 00:00:00,Portugal,Portugal,PT,222.17,307.49,46.39,37.18,entsoe.eu,false,
2022-01-19 01:00:00,Portugal,Portugal,PT,222.17,308.02,46.29,36.86,entsoe.eu,false,
2022-01-19 02:00:00,Portugal,Portugal,PT,222.92,310.85,45.51,37.1,entsoe.eu,false,
2022-01-19 03:00:00,Portugal,Portugal,PT,223.48,311.45,45.95,36.41,entsoe.eu,false,
2022-01-19 04:00:00,Portugal,Portugal,PT,216.75,304.12,46.71,38.87,entsoe.eu,false,
2022-01-19 05:00:00,Portugal,Portugal,PT,195.53,280.75,48.75,47.57,entsoe.eu,false,
2022-01-19 06:00:00,Portugal,Portugal,PT,167.81,237.61,58.08,58.08,entsoe.eu,false,
2022-01-19 07:00:00,Portugal,Portugal,PT,165.77,231.21,60.0,60.0,entsoe.eu,false,
2022-01-19 08:00:00,Portugal,Portugal,PT,164.03,230.51,59.37,59.19,entsoe.eu,false,
2022-01-19 09:00:00,Portugal,Portugal,PT,174.41,246.72,55.33,52.85,entsoe.eu,false,
2022-01-19 10:00:00,Portugal,Portugal,PT,173.71,246.45,55.77,52.86,entsoe.eu,false,
2022-01-19 11:00:00,Portugal,Portugal,PT,185.7,261.39,53.92,49.16,entsoe.eu,false,
2022-01-19 12:00:00,Portugal,Portugal,PT,199.98,280.2,50.11,45.26,entsoe.eu,false,
2022-01-19 13:00:00,Portugal,Portugal,PT,217.3,302.08,46.89,39.69,entsoe.eu,false,
2022-01-19 14:00:00,Portugal,Portugal,PT,219.81,304.16,46.94,38.79,entsoe.eu,false,
2022-01-19 15:00:00,Portugal,Portugal,PT,229.08,316.16,44.01,36.86,entsoe.eu,false,
2022-01-19 16:00:00,Portugal,Portugal,PT,216.75,297.25,47.71,43.4,entsoe.eu,false,
2022-01-19 17:00:00,Portugal,Portugal,PT,188.71,256.11,56.93,56.19,entsoe.eu,false,
2022-01-19 18:00:00,Portugal,Portugal,PT,174.1,236.37,60.76,60.22,entsoe.eu,false,
2022-01-19 19:00:00,Portugal,Portugal,PT,170.23,230.83,62.08,61.43,entsoe.eu,false,
2022-01-19 20:00:00,Portugal,Portugal,PT,174.2,238.33,59.61,57.8,entsoe.eu,false,
2022-01-19 21:00:00,Portugal,Portugal,PT,173.21,239.31,58.84,56.14,entsoe.eu,false,
2022-01-19 22:00:00,Portugal,Portugal,PT,173.34,241.36,58.49,54.28,entsoe.eu,false,
2022-01-19 23:00:00,Portugal,Portugal,PT,165.51,235.0,58.79,54.74,entsoe.eu,false,
2022-01-20 00:00:00,Portugal,Portugal,PT,158.35,228.49,59.61,58.6,entsoe.eu,false,
2022-01-20 01:00:00,Portugal,Portugal,PT,153.13,224.39,59.82,59.61,entsoe.eu,false,
2022-01-20 02:00:00,Portugal,Portugal,PT,158.95,232.09,58.59,57.19,entsoe.eu,false,
2022-01-20 03:00:00,Portugal,Portugal,PT,153.99,226.58,59.3,58.7,entsoe.eu,false,
2022-01-20 04:00:00,Portugal,Portugal,PT,154.47,225.29,59.11,59.11,entsoe.eu,false,
2022-01-20 05:00:00,Portugal,Portugal,PT,176.22,256.62,52.93,52.93,entsoe.eu,false,
2022-01-20 06:00:00,Portugal,Portugal,PT,147.16,213.91,60.6,60.6,entsoe.eu,false,
2022-01-20 07:00:00,Portugal,Portugal,PT,141.29,202.52,63.47,63.47,entsoe.eu,false,
2022-01-20 08:00:00,Portugal,Portugal,PT,140.73,200.56,64.48,64.48,entsoe.eu,false,
2022-01-20 09:00:00,Portugal,Portugal,PT,144.7,209.57,61.66,61.66,entsoe.eu,false,
2022-01-20 10:00:00,Portugal,Portugal,PT,158.03,226.97,59.2,56.82,entsoe.eu,false,
2022-01-20 11:00:00,Portugal,Portugal,PT,172.39,244.96,56.69,52.11,entsoe.eu,false,
2022-01-20 12:00:00,Portugal,Portugal,PT,187.15,264.46,52.95,48.07,entsoe.eu,false,
2022-01-20 13:00:00,Portugal,Portugal,PT,185.16,260.42,54.75,47.67,entsoe.eu,false,
2022-01-20 14:00:00,Portugal,Portugal,PT,190.19,266.1,53.9,45.87,entsoe.eu,false,
2022-01-20 15:00:00,Portugal,Portugal,PT,200.94,280.91,50.78,43.39,entsoe.eu,false,
2022-01-20 16:00:00,Portugal,Portugal,PT,207.64,287.09,49.09,44.43,entsoe.eu,false,
2022-01-20 17:00:00,Portugal,Portugal,PT,197.07,267.89,54.35,52.54,entsoe.eu,false,
2022-01-20 18:00:00,Portugal,Portugal,PT,177.45,239.9,60.58,59.72,entsoe.eu,false,
2022-01-20 19:00:00,Portugal,Portugal,PT,169.07,231.1,61.22,60.02,entsoe.eu,false,
2022-01-20 20:00:00,Portugal,Portugal,PT,167.69,232.3,59.91,57.35,entsoe.eu,false,
2022-01-20 21:00:00,Portugal,Portugal,PT,167.65,235.83,58.06,54.34,entsoe.eu,false,
2022-01-20 22:00:00,Portugal,Portugal,PT,153.05,219.24,61.29,57.38,entsoe.eu,false,
2022-01-20 23:00:00,Portugal,Portugal,PT,143.54,208.18,63.98,59.87,entsoe.eu,false,
2022-01-21 00:00:00,Portugal,Portugal,PT,139.19,203.14,65.07,61.38,entsoe.eu,false,
2022-01-21 01:00:00,Portugal,Portugal,PT,140.39,204.56,64.77,61.12,entsoe.eu,false,
2022-01-21 02:00:00,Portugal,Portugal,PT,136.76,199.61,65.73,61.99,entsoe.eu,false,
2022-01-21 03:00:00,Portugal,Portugal,PT,137.2,199.87,65.57,62.02,entsoe.eu,false,
2022-01-21 04:00:00,Portugal,Portugal,PT,133.9,197.72,65.65,63.3,entsoe.eu,false,
2022-01-21 05:00:00,Portugal,Portugal,PT,132.92,197.41,65.21,64.17,entsoe.eu,false,
2022-01-21 06:00:00,Portugal,Portugal,PT,129.04,194.21,65.55,65.55,entsoe.eu,false,
2022-01-21 07:00:00,Portugal,Portugal,PT,128.82,193.66,65.66,65.66,entsoe.eu,false,
2022-01-21 08:00:00,Portugal,Portugal,PT,125.4,189.16,66.52,66.52,entsoe.eu,false,
2022-01-21 09:00:00,Portugal,Portugal,PT,125.87,188.24,67.16,65.78,entsoe.eu,false,
2022-01-21 10:00:00,Portugal,Portugal,PT,122.96,180.64,69.47,64.92,entsoe.eu,false,
2022-01-21 11:00:00,Portugal,Portugal,PT,131.15,191.27,67.5,62.49,entsoe.eu,false,
2022-01-21 12:00:00,Portugal,Portugal,PT,136.11,197.43,66.54,61.17,entsoe.eu,false,
2022-01-21 13:00:00,Portugal,Portugal,PT,139.18,201.5,65.81,60.26,entsoe.eu,false,
2022-01-21 14:00:00,Portugal,Portugal,PT,138.99,201.31,65.77,60.33,entsoe.eu,false,
2022-01-21 15:00:00,Portugal,Portugal,PT,144.44,209.05,63.82,59.38,entsoe.eu,false,
2022-01-21 16:00:00,Portugal,Portugal,PT,158.82,227.9,59.62,55.98,entsoe.eu,false,
2022-01-21 17:00:00,Portugal,Portugal,PT,134.27,192.71,66.7,66.7,entsoe.eu,false,
2022-01-21 18:00:00,Portugal,Portugal,PT,123.28,175.88,70.66,70.66,entsoe.eu,false,
2022-01-21 19:00:00,Portugal,Portugal,PT,116.9,167.23,72.48,72.48,entsoe.eu,false,
2022-01-21 20:00:00,Portugal,Portugal,PT,120.05,172.9,70.85,70.85,entsoe.eu,false,
2022-01-21 21:00:00,Portugal,Portugal,PT,122.01,179.22,68.86,67.63,entsoe.eu,false,
2022-01-21 22:00:00,Portugal,Portugal,PT,118.25,175.74,69.79,67.41,entsoe.eu,false,
2022-01-21 23:00:00,Portugal,Portugal,PT,116.91,176.19,69.18,68.51,entsoe.eu,false,
2022-01-22 00:00:00,Portugal,Portugal,PT,117.87,177.34,69.22,68.02,entsoe.eu,false,
2022-01-22 01:00:00,Portugal,Portugal,PT,124.15,184.78,68.18,65.79,entsoe.eu,false,
2022-01-22 02:00:00,Portugal,Portugal,PT,127.45,189.02,67.34,64.88,entsoe.eu,false,
2022-01-22 03:00:00,Portugal,Portugal,PT,132.95,196.27,66.0,63.3,entsoe.eu,false,
2022-01-22 04:00:00,Portugal,Portugal,PT,133.86,197.61,65.64,63.12,entsoe.eu,false,
2022-01-22 05:00:00,Portugal,Portugal,PT,135.74,200.96,64.77,62.96,entsoe.eu,false,
2022-01-22 06:00:00,Portugal,Portugal,PT,139.19,205.59,63.71,62.17,entsoe.eu,false,
2022-01-22 07:00:00,Portugal,Portugal,PT,137.25,203.38,63.35,63.35,entsoe.eu,false,
2022-01-22 08:00:00,Portugal,Portugal,PT,132.38,196.83,64.65,64.65,entsoe.eu,false,
2022-01-22 09:00:00,Portugal,Portugal,PT,122.98,184.71,67.17,67.17,entsoe.eu,false,
2022-01-22 10:00:00,Portugal,Portugal,PT,130.1,194.35,65.86,64.82,entsoe.eu,false,
2022-01-22 11:00:00,Portugal,Portugal,PT,139.49,205.3,64.36,61.56,entsoe.eu,false,
2022-01-22 12:00:00,Portugal,Portugal,PT,137.6,204.63,64.03,62.7,entsoe.eu,false,
2022-01-22 13:00:00,Portugal,Portugal,PT,143.03,211.97,62.73,61.12,entsoe.eu,false,
2022-01-22 14:00:00,Portugal,Portugal,PT,155.98,226.99,60.59,56.78,entsoe.eu,false,
2022-01-22 15:00:00,Portugal,Portugal,PT,171.31,246.38,57.04,52.27,entsoe.eu,false,
2022-01-22 16:00:00,Portugal,Portugal,PT,179.98,255.21,55.74,53.59,entsoe.eu,false,
2022-01-22 17:00:00,Portugal,Portugal,PT,156.94,214.19,66.51,66.51,entsoe.eu,false,
2022-01-22 18:00:00,Portugal,Portugal,PT,145.1,199.5,68.6,68.6,entsoe.eu,false,
2022-01-22 19:00:00,Portugal,Portugal,PT,140.99,195.46,68.71,68.71,entsoe.eu,false,
2022-01-22 20:00:00,Portugal,Portugal,PT,145.18,209.19,62.84,61.28,entsoe.eu,false,
2022-01-22 21:00:00,Portugal,Portugal,PT,143.0,208.03,62.46,62.02,entsoe.eu,false,
2022-01-22 22:00:00,Portugal,Portugal,PT,142.69,208.72,62.74,61.34,entsoe.eu,false,
2022-01-22 23:00:00,Portugal,Portugal,PT,133.22,196.91,66.41,62.59,entsoe.eu,false,
2022-01-23 00:00:00,Portugal,Portugal,PT,129.49,192.46,67.71,63.55,entsoe.eu,false,
2022-01-23 01:00:00,Portugal,Portugal,PT,141.94,208.56,65.05,60.1,entsoe.eu,false,
2022-01-23 02:00:00,Portugal,Portugal,PT,155.65,223.01,63.58,54.49,entsoe.eu,false,
2022-01-23 03:00:00,Portugal,Portugal,PT,165.76,235.65,61.26,51.4,entsoe.eu,false,
2022-01-23 04:00:00,Portugal,Portugal,PT,175.17,247.59,59.08,48.66,entsoe.eu,false,
2022-01-23 05:00:00,Portugal,Portugal,PT,114.98,166.46,73.22,66.68,entsoe.eu,false,
2022-01-23 06:00:00,Portugal,Portugal,PT,177.12,250.61,58.41,49.32,entsoe.eu,false,
2022-01-23 07:00:00,Portugal,Portugal,PT,169.83,243.35,59.19,52.11,entsoe.eu,false,
2022-01-23 08:00:00,Portugal,Portugal,PT,157.54,229.52,60.46,56.3,entsoe.eu,false,
2022-01-23 09:00:00,Portugal,Portugal,PT,159.95,231.46,60.05,55.24,entsoe.eu,false,
2022-01-23 10:00:00,Portugal,Portugal,PT,146.06,214.0,63.16,59.5,entsoe.eu,false,
2022-01-23 11:00:00,Portugal,Portugal,PT,155.44,225.53,61.51,56.48,entsoe.eu,false,
2022-01-23 12:00:00,Portugal,Portugal,PT,166.78,239.16,59.92,51.9,entsoe.eu,false,
2022-01-23 13:00:00,Portugal,Portugal,PT,173.19,247.42,58.94,49.68,entsoe.eu,false,
2022-01-23 14:00:00,Portugal,Portugal,PT,187.86,266.57,54.92,46.25,entsoe.eu,false,
2022-01-23 15:00:00,Portugal,Portugal,PT,195.76,277.02,53.14,44.29,entsoe.eu,false,
2022-01-23 16:00:00,Portugal,Portugal,PT,198.5,280.11,51.24,44.23,entsoe.eu,false,
2022-01-23 17:00:00,Portugal,Portugal,PT,148.55,206.98,67.74,67.67,entsoe.eu,false,
2022-01-23 18:00:00,Portugal,Portugal,PT,144.97,202.27,68.16,65.69,entsoe.eu,false,
2022-01-23 19:00:00,Portugal,Portugal,PT,147.38,203.98,68.16,64.92,entsoe.eu,false,
2022-01-23 20:00:00,Portugal,Portugal,PT,140.63,194.45,70.4,68.12,entsoe.eu,false,
2022-01-23 21:00:00,Portugal,Portugal,PT,159.4,224.35,62.48,55.86,entsoe.eu,false,
2022-01-23 22:00:00,Portugal,Portugal,PT,185.21,258.37,56.41,46.94,entsoe.eu,false,
2022-01-23 23:00:00,Portugal,Portugal,PT,185.22,259.41,56.64,46.42,entsoe.eu,false,
2022-01-24 00:00:00,Portugal,Portugal,PT,200.06,276.48,54.22,39.38,entsoe.eu,false,
2022-01-24 01:00:00,Portugal,Portugal,PT,207.76,284.43,53.36,36.52,entsoe.eu,false,
2022-01-24 02:00:00,Portugal,Portugal,PT,209.09,286.75,52.5,35.79,entsoe.eu,false,
2022-01-24 03:00:00,Portugal,Portugal,PT,211.6,291.32,50.96,34.76,entsoe.eu,false,
2022-01-24 04:00:00,Portugal,Portugal,PT,216.65,302.87,47.55,37.01,entsoe.eu,false,
2022-01-24 05:00:00,Portugal,Portugal,PT,204.25,289.07,48.79,45.51,entsoe.eu,false,
2022-01-24 06:00:00,Portugal,Portugal,PT,191.93,270.47,51.91,51.91,entsoe.eu,false,
2022-01-24 07:00:00,Portugal,Portugal,PT,172.67,237.07,60.73,60.73,entsoe.eu,false,
2022-01-24 08:00:00,Portugal,Portugal,PT,172.17,236.6,60.38,60.38,entsoe.eu,false,
2022-01-24 09:00:00,Portugal,Portugal,PT,174.96,241.98,58.58,58.04,entsoe.eu,false,
2022-01-24 10:00:00,Portugal,Portugal,PT,190.29,266.14,52.51,48.74,entsoe.eu,false,
2022-01-24 11:00:00,Portugal,Portugal,PT,202.06,281.89,49.71,44.34,entsoe.eu,false,
2022-01-24 12:00:00,Portugal,Portugal,PT,205.75,286.86,48.74,43.14,entsoe.eu,false,
2022-01-24 13:00:00,Portugal,Portugal,PT,216.58,301.45,45.87,39.81,entsoe.eu,false,
2022-01-24 14:00:00,Portugal,Portugal,PT,226.27,313.41,43.82,37.2,entsoe.eu,false,
2022-01-24 15:00:00,Portugal,Portugal,PT,222.08,304.87,46.54,41.47,entsoe.eu,false,
2022-01-24 16:00:00,Portugal,Portugal,PT,228.54,313.26,43.94,39.34,entsoe.eu,false,
2022-01-24 17:00:00,Portugal,Portugal,PT,197.67,266.31,55.86,54.72,entsoe.eu,false,
2022-01-24 18:00:00,Portugal,Portugal,PT,179.9,241.37,61.1,61.08,entsoe.eu,false,
2022-01-24 19:00:00,Portugal,Portugal,PT,177.82,239.88,60.7,59.79,entsoe.eu,false,
2022-01-24 20:00:00,Portugal,Portugal,PT,189.54,257.23,56.4,53.95,entsoe.eu,false,
2022-01-24 21:00:00,Portugal,Portugal,PT,194.65,266.34,53.97,50.1,entsoe.eu,false,
2022-01-24 22:00:00,Portugal,Portugal,PT,203.9,280.81,51.04,44.53,entsoe.eu,false,
2022-01-24 23:00:00,Portugal,Portugal,PT,201.08,281.06,49.72,43.29,entsoe.eu,false,
2022-01-25 00:00:00,Portugal,Portugal,PT,201.17,284.08,49.32,43.84,entsoe.eu,false,
2022-01-25 01:00:00,Portugal,Portugal,PT,206.63,292.54,47.38,42.39,entsoe.eu,false,
2022-01-25 02:00:00,Portugal,Portugal,PT,212.25,300.36,45.98,40.71,entsoe.eu,false,
2022-01-25 03:00:00,Portugal,Portugal,PT,215.18,304.99,44.96,40.11,entsoe.eu,false,
2022-01-25 04:00:00,Portugal,Portugal,PT,202.84,287.97,48.34,46.66,entsoe.eu,false,
2022-01-25 05:00:00,Portugal,Portugal,PT,187.72,267.89,51.21,51.21,entsoe.eu,false,
2022-01-25 06:00:00,Portugal,Portugal,PT,176.39,247.59,56.69,56.69,entsoe.eu,false,
2022-01-25 07:00:00,Portugal,Portugal,PT,174.38,242.93,57.79,57.79,entsoe.eu,false,
2022-01-25 08:00:00,Portugal,Portugal,PT,166.21,233.6,59.14,59.14,entsoe.eu,false,
2022-01-25 09:00:00,Portugal,Portugal,PT,165.96,233.32,59.37,58.76,entsoe.eu,false,
2022-01-25 10:00:00,Portugal,Portugal,PT,174.44,246.31,56.12,54.11,entsoe.eu,false,
2022-01-25 11:00:00,Portugal,Portugal,PT,192.43,269.09,52.3,48.62,entsoe.eu,false,
2022-01-25 12:00:00,Portugal,Portugal,PT,201.38,280.79,50.18,46.01,entsoe.eu,false,
2022-01-25 13:00:00,Portugal,Portugal,PT,209.06,291.26,48.11,43.37,entsoe.eu,false,
2022-01-25 14:00:00,Portugal,Portugal,PT,220.09,304.75,45.63,40.4,entsoe.eu,false,
2022-01-25 15:00:00,Portugal,Portugal,PT,208.43,290.82,47.33,42.91,entsoe.eu,false,
2022-01-25 16:00:00,Portugal,Portugal,PT,204.2,282.88,49.38,45.92,entsoe.eu,false,
2022-01-25 17:00:00,Portugal,Portugal,PT,186.11,254.76,56.74,55.87,entsoe.eu,false,
2022-01-25 18:00:00,Portugal,Portugal,PT,168.12,229.3,61.98,61.98,entsoe.eu,false,
2022-01-25 19:00:00,Portugal,Portugal,PT,158.48,215.67,64.9,64.9,entsoe.eu,false,
2022-01-25 20:00:00,Portugal,Portugal,PT,157.85,220.1,62.01,61.29,entsoe.eu,false,
2022-01-25 21:00:00,Portugal,Portugal,PT,168.78,237.34,57.77,55.29,entsoe.eu,false,
2022-01-25 22:00:00,Portugal,Portugal,PT,191.27,268.43,51.74,46.87,entsoe.eu,false,
2022-01-25 23:00:00,Portugal,Portugal,PT,189.32,267.55,52.07,47.15,entsoe.eu,false,
2022-01-26 00:00:00,Portugal,Portugal,PT,185.38,262.26,54.16,49.82,entsoe.eu,false,
2022-01-26 01:00:00,Portugal,Portugal,PT,189.19,268.65,52.67,49.14,entsoe.eu,false,
2022-01-26 02:00:00,Portugal,Portugal,PT,181.69,260.94,53.64,51.12,entsoe.eu,false,
2022-01-26 03:00:00,Portugal,Portugal,PT,181.01,261.6,53.29,49.89,entsoe.eu,false,
2022-01-26 04:00:00,Portugal,Portugal,PT,196.26,281.88,48.65,46.4,entsoe.eu,false,
2022-01-26 05:00:00,Portugal,Portugal,PT,186.38,268.42,51.12,49.71,entsoe.eu,false,
2022-01-26 06:00:00,Portugal,Portugal,PT,176.74,254.67,52.84,52.84,entsoe.eu,false,
2022-01-26 07:00:00,Portugal,Portugal,PT,166.51,235.98,57.52,57.52,entsoe.eu,false,
2022-01-26 08:00:00,Portugal,Portugal,PT,160.8,227.45,59.66,59.66,entsoe.eu,false,
2022-01-26 09:00:00,Portugal,Portugal,PT,168.29,238.0,57.37,55.83,entsoe.eu,false,
2022-01-26 10:00:00,Portugal,Portugal,PT,177.67,251.98,54.41,51.36,entsoe.eu,false,
2022-01-26 11:00:00,Portugal,Portugal,PT,186.29,263.07,52.63,48.78,entsoe.eu,false,
2022-01-26 12:00:00,Portugal,Portugal,PT,187.13,263.9,52.93,49.15,entsoe.eu,false,
2022-01-26 13:00:00,Portugal,Portugal,PT,200.43,282.23,49.15,44.47,entsoe.eu,false,
2022-01-26 14:00:00,Portugal,Portugal,PT,209.52,292.66,47.24,42.29,entsoe.eu,false,
2022-01-26 15:00:00,Portugal,Portugal,PT,212.36,295.42,46.78,42.02,entsoe.eu,false,
2022-01-26 16:00:00,Portugal,Portugal,PT,200.22,277.84,50.48,47.21,entsoe.eu,false,
2022-01-26 17:00:00,Portugal,Portugal,PT,183.18,255.23,54.64,52.58,entsoe.eu,false,
2022-01-26 18:00:00,Portugal,Portugal,PT,163.09,227.17,60.62,59.35,entsoe.eu,false,
2022-01-26 19:00:00,Portugal,Portugal,PT,148.79,208.3,64.34,63.68,entsoe.eu,false,
2022-01-26 20:00:00,Portugal,Portugal,PT,158.56,223.5,60.46,58.54,entsoe.eu,false,
2022-01-26 21:00:00,Portugal,Portugal,PT,169.96,240.47,56.59,53.44,entsoe.eu,false,
2022-01-26 22:00:00,Portugal,Portugal,PT,170.42,242.0,56.91,52.8,entsoe.eu,false,
2022-01-26 23:00:00,Portugal,Portugal,PT,162.06,233.67,58.17,55.42,entsoe.eu,false,
2022-01-27 00:00:00,Portugal,Portugal,PT,161.87,234.75,57.49,56.19,entsoe.eu,false,
2022-01-27 01:00:00,Portugal,Portugal,PT,163.16,238.25,56.49,56.29,entsoe.eu,false,
2022-01-27 02:00:00,Portugal,Portugal,PT,166.25,242.39,55.71,55.42,entsoe.eu,false,
2022-01-27 03:00:00,Portugal,Portugal,PT,153.35,226.25,59.11,58.96,entsoe.eu,false,
2022-01-27 04:00:00,Portugal,Portugal,PT,156.9,230.76,58.24,57.98,entsoe.eu,false,
2022-01-27 05:00:00,Portugal,Portugal,PT,157.06,230.79,58.23,57.91,entsoe.eu,false,
2022-01-27 06:00:00,Portugal,Portugal,PT,162.86,235.85,56.5,56.5,entsoe.eu,false,
2022-01-27 07:00:00,Portugal,Portugal,PT,145.54,210.51,62.01,62.01,entsoe.eu,false,
2022-01-27 08:00:00,Portugal,Portugal,PT,140.64,203.92,63.36,63.36,entsoe.eu,false,
2022-01-27 09:00:00,Portugal,Portugal,PT,147.72,214.1,61.34,60.04,entsoe.eu,false,
2022-01-27 10:00:00,Portugal,Portugal,PT,152.6,219.99,60.83,58.28,entsoe.eu,false,
2022-01-27 11:00:00,Portugal,Portugal,PT,159.34,229.11,59.05,56.45,entsoe.eu,false,
2022-01-27 12:00:00,Portugal,Portugal,PT,164.14,235.96,57.89,55.09,entsoe.eu,false,
2022-01-27 13:00:00,Portugal,Portugal,PT,175.56,250.65,55.39,51.69,entsoe.eu,false,
2022-01-27 14:00:00,Portugal,Portugal,PT,192.15,271.49,51.23,47.12,entsoe.eu,false,
2022-01-27 15:00:00,Portugal,Portugal,PT,204.57,286.31,48.23,44.3,entsoe.eu,false,
2022-01-27 16:00:00,Portugal,Portugal,PT,197.47,276.34,49.85,46.87,entsoe.eu,false,
2022-01-27 17:00:00,Portugal,Portugal,PT,183.07,255.85,54.09,52.4,entsoe.eu,false,
2022-01-27 18:00:00,Portugal,Portugal,PT,165.81,232.88,58.52,56.75,entsoe.eu,false,
2022-01-27 19:00:00,Portugal,Portugal,PT,149.32,212.3,61.95,61.08,entsoe.eu,false,
2022-01-27 20:00:00,Portugal,Portugal,PT,146.05,209.79,61.76,60.83,entsoe.eu,false,
2022-01-27 21:00:00,Portugal,Portugal,PT,167.53,237.2,57.37,53.94,entsoe.eu,false,
2022-01-27 22:00:00,Portugal,Portugal,PT,168.99,239.94,57.37,52.88,entsoe.eu,false,
2022-01-27 23:00:00,Portugal,Portugal,PT,158.68,229.08,58.44,57.48,entsoe.eu,false,
2022-01-28 00:00:00,Portugal,Portugal,PT,154.32,225.78,59.06,58.53,entsoe.eu,false,
2022-01-28 01:00:00,Portugal,Portugal,PT,157.06,228.62,58.85,57.2,entsoe.eu,false,
2022-01-28 02:00:00,Portugal,Portugal,PT,135.95,202.33,64.6,62.95,entsoe.eu,false,
2022-01-28 03:00:00,Portugal,Portugal,PT,136.73,204.6,63.88,63.12,entsoe.eu,false,
2022-01-28 04:00:00,Portugal,Portugal,PT,144.43,213.96,62.02,60.97,entsoe.eu,false,
2022-01-28 05:00:00,Portugal,Portugal,PT,143.49,214.3,61.69,61.69,entsoe.eu,false,
2022-01-28 06:00:00,Portugal,Portugal,PT,135.38,202.99,63.91,63.91,entsoe.eu,false,
2022-01-28 07:00:00,Portugal,Portugal,PT,137.3,205.85,63.34,63.34,entsoe.eu,false,
2022-01-28 08:00:00,Portugal,Portugal,PT,127.48,192.51,66.04,66.04,entsoe.eu,false,
2022-01-28 09:00:00,Portugal,Portugal,PT,129.67,195.57,65.43,65.33,entsoe.eu,false,
2022-01-28 10:00:00,Portugal,Portugal,PT,131.11,194.26,65.87,63.76,entsoe.eu,false,
2022-01-28 11:00:00,Portugal,Portugal,PT,134.42,198.03,64.93,62.82,entsoe.eu,false,
2022-01-28 12:00:00,Portugal,Portugal,PT,134.81,198.9,64.75,62.82,entsoe.eu,false,
2022-01-28 13:00:00,Portugal,Portugal,PT,132.64,195.69,65.9,62.57,entsoe.eu,false,
2022-01-28 14:00:00,Portugal,Portugal,PT,139.74,205.24,64.1,60.66,entsoe.eu,false,
2022-01-28 15:00:00,Portugal,Portugal,PT,155.93,226.18,59.94,56.86,entsoe.eu,false,
2022-01-28 16:00:00,Portugal,Portugal,PT,160.25,230.13,58.78,55.51,entsoe.eu,false,
2022-01-28 17:00:00,Portugal,Portugal,PT,144.48,210.26,61.46,61.33,entsoe.eu,false,
2022-01-28 18:00:00,Portugal,Portugal,PT,125.22,177.75,70.32,70.32,entsoe.eu,false,
2022-01-28 19:00:00,Portugal,Portugal,PT,116.87,171.19,69.93,69.93,entsoe.eu,false,
2022-01-28 20:00:00,Portugal,Portugal,PT,120.45,177.74,67.96,67.96,entsoe.eu,false,
2022-01-28 21:00:00,Portugal,Portugal,PT,116.05,172.49,69.57,69.04,entsoe.eu,false,
2022-01-28 22:00:00,Portugal,Portugal,PT,118.38,176.32,69.33,67.45,entsoe.eu,false,
2022-01-28 23:00:00,Portugal,Portugal,PT,118.62,178.15,68.45,68.25,entsoe.eu,false,
2022-01-29 00:00:00,Portugal,Portugal,PT,104.39,160.98,73.05,71.31,entsoe.eu,false,
2022-01-29 01:00:00,Portugal,Portugal,PT,104.33,163.05,72.26,72.26,entsoe.eu,false,
2022-01-29 02:00:00,Portugal,Portugal,PT,97.68,154.4,74.06,74.06,entsoe.eu,false,
2022-01-29 03:00:00,Portugal,Portugal,PT,105.15,164.37,72.04,72.04,entsoe.eu,false,
2022-01-29 04:00:00,Portugal,Portugal,PT,111.39,172.89,70.38,70.38,entsoe.eu,false,
2022-01-29 05:00:00,Portugal,Portugal,PT,111.84,172.95,70.54,69.94,entsoe.eu,false,
2022-01-29 06:00:00,Portugal,Portugal,PT,121.67,185.37,67.61,67.61,entsoe.eu,false,
2022-01-29 07:00:00,Portugal,Portugal,PT,109.38,167.42,70.96,70.96,entsoe.eu,false,
2022-01-29 08:00:00,Portugal,Portugal,PT,114.54,174.06,69.5,69.5,entsoe.eu,false,
2022-01-29 09:00:00,Portugal,Portugal,PT,116.26,176.81,69.01,69.01,entsoe.eu,false,
2022-01-29 10:00:00,Portugal,Portugal,PT,124.17,186.41,68.29,64.62,entsoe.eu,false,
2022-01-29 11:00:00,Portugal,Portugal,PT,127.39,190.47,68.12,62.58,entsoe.eu,false,
2022-01-29 12:00:00,Portugal,Portugal,PT,133.35,197.89,67.02,59.88,entsoe.eu,false,
2022-01-29 13:00:00,Portugal,Portugal,PT,139.11,206.83,65.33,58.88,entsoe.eu,false,
2022-01-29 14:00:00,Portugal,Portugal,PT,143.57,208.79,65.59,54.68,entsoe.eu,false,
2022-01-29 15:00:00,Portugal,Portugal,PT,151.02,217.7,63.88,52.13,entsoe.eu,false,
2022-01-29 16:00:00,Portugal,Portugal,PT,163.58,236.72,59.12,51.68,entsoe.eu,false,
2022-01-29 17:00:00,Portugal,Portugal,PT,146.48,209.3,65.53,63.8,entsoe.eu,false,
2022-01-29 18:00:00,Portugal,Portugal,PT,119.44,171.68,72.71,72.71,entsoe.eu,false,
2022-01-29 19:00:00,Portugal,Portugal,PT,117.43,171.08,71.78,71.61,entsoe.eu,false,
2022-01-29 20:00:00,Portugal,Portugal,PT,118.2,174.68,70.06,69.27,entsoe.eu,false,
2022-01-29 21:00:00,Portugal,Portugal,PT,130.31,192.37,66.19,63.69,entsoe.eu,false,
2022-01-29 22:00:00,Portugal,Portugal,PT,130.79,192.95,66.77,62.4,entsoe.eu,false,
2022-01-29 23:00:00,Portugal,Portugal,PT,125.43,187.68,67.64,64.97,entsoe.eu,false,
2022-01-30 00:00:00,Portugal,Portugal,PT,129.31,193.72,67.37,63.07,entsoe.eu,false,
2022-01-30 01:00:00,Portugal,Portugal,PT,136.93,203.94,65.76,61.13,entsoe.eu,false,
2022-01-30 02:00:00,Portugal,Portugal,PT,148.7,221.25,61.92,58.89,entsoe.eu,false,
2022-01-30 03:00:00,Portugal,Portugal,PT,158.18,233.96,59.87,55.82,entsoe.eu,false,
2022-01-30 04:00:00,Portugal,Portugal,PT,164.02,241.55,58.5,54.01,entsoe.eu,false,
2022-01-30 05:00:00,Portugal,Portugal,PT,100.62,152.47,74.89,71.51,entsoe.eu,false,
2022-01-30 06:00:00,Portugal,Portugal,PT,154.53,226.86,61.16,56.41,entsoe.eu,false,
2022-01-30 07:00:00,Portugal,Portugal,PT,155.41,227.82,60.57,56.67,entsoe.eu,false,
2022-01-30 08:00:00,Portugal,Portugal,PT,148.27,217.36,62.37,59.54,entsoe.eu,false,
2022-01-30 09:00:00,Portugal,Portugal,PT,150.93,220.62,62.47,57.0,entsoe.eu,false,
2022-01-30 10:00:00,Portugal,Portugal,PT,151.76,221.72,63.14,56.35,entsoe.eu,false,
2022-01-30 11:00:00,Portugal,Portugal,PT,159.04,231.38,61.59,51.97,entsoe.eu,false,
2022-01-30 12:00:00,Portugal,Portugal,PT,161.17,231.97,62.26,48.47,entsoe.eu,false,
2022-01-30 13:00:00,Portugal,Portugal,PT,163.66,235.71,61.85,46.63,entsoe.eu,false,
2022-01-30 14:00:00,Portugal,Portugal,PT,173.0,248.92,59.42,44.32,entsoe.eu,false,
2022-01-30 15:00:00,Portugal,Portugal,PT,184.34,261.97,57.07,40.7,entsoe.eu,false,
2022-01-30 16:00:00,Portugal,Portugal,PT,211.59,294.78,50.87,36.5,entsoe.eu,false,
2022-01-30 17:00:00,Portugal,Portugal,PT,178.8,244.21,62.44,56.85,entsoe.eu,false,
2022-01-30 18:00:00,Portugal,Portugal,PT,167.61,229.76,64.32,56.65,entsoe.eu,false,
2022-01-30 19:00:00,Portugal,Portugal,PT,167.87,229.87,63.97,55.78,entsoe.eu,false,
2022-01-30 20:00:00,Portugal,Portugal,PT,172.14,234.61,63.63,54.84,entsoe.eu,false,
2022-01-30 21:00:00,Portugal,Portugal,PT,186.04,254.9,59.11,48.06,entsoe.eu,false,
2022-01-30 22:00:00,Portugal,Portugal,PT,200.66,277.14,54.08,39.75,entsoe.eu,false,
2022-01-30 23:00:00,Portugal,Portugal,PT,200.02,279.78,52.82,35.97,entsoe.eu,false,
2022-01-31 00:00:00,Portugal,Portugal,PT,197.69,279.02,53.12,35.54,entsoe.eu,false,
2022-01-31 01:00:00,Portugal,Portugal,PT,183.6,259.96,57.8,38.06,entsoe.eu,false,
2022-01-31 02:00:00,Portugal,Portugal,PT,180.32,254.18,58.85,39.54,entsoe.eu,false,
2022-01-31 03:00:00,Portugal,Portugal,PT,169.61,240.75,61.17,44.54,entsoe.eu,false,
2022-01-31 04:00:00,Portugal,Portugal,PT,156.7,222.34,64.53,49.27,entsoe.eu,false,
2022-01-31 05:00:00,Portugal,Portugal,PT,159.5,231.31,61.36,52.59,entsoe.eu,false,
2022-01-31 06:00:00,Portugal,Portugal,PT,177.88,252.75,56.57,52.93,entsoe.eu,false,
2022-01-31 07:00:00,Portugal,Portugal,PT,173.39,241.21,60.01,58.14,entsoe.eu,false,
2022-01-31 08:00:00,Portugal,Portugal,PT,177.61,242.81,60.46,58.79,entsoe.eu,false,
2022-01-31 09:00:00,Portugal,Portugal,PT,173.51,242.11,59.06,54.96,entsoe.eu,false,
2022-01-31 10:00:00,Portugal,Portugal,PT,169.41,238.45,59.81,54.95,entsoe.eu,false,
2022-01-31 11:00:00,Portugal,Portugal,PT,166.85,238.79,58.65,51.87,entsoe.eu,false,
2022-01-31 12:00:00,Portugal,Portugal,PT,168.76,241.89,58.15,51.13,entsoe.eu,false,
2022-01-31 13:00:00,Portugal,Portugal,PT,166.62,239.47,58.78,51.13,entsoe.eu,false,
2022-01-31 14:00:00,Portugal,Portugal,PT,156.91,224.86,62.09,52.88,entsoe.eu,false,
2022-01-31 15:00:00,Portugal,Portugal,PT,162.12,232.09,60.66,51.52,entsoe.eu,false,
2022-01-31 16:00:00,Portugal,Portugal,PT,184.69,259.74,55.05,48.58,entsoe.eu,false,
2022-01-31 17:00:00,Portugal,Portugal,PT,183.33,253.52,57.27,53.15,entsoe.eu,false,
2022-01-31 18:00:00,Portugal,Portugal,PT,169.73,230.73,63.21,61.68,entsoe.eu,false,
2022-01-31 19:00:00,Portugal,Portugal,PT,158.46,219.37,63.84,60.69,entsoe.eu,false,
2022-01-31 20:00:00,Portugal,Portugal,PT,163.15,227.91,61.46,55.69,entsoe.eu,false,
2022-01-31 21:00:00,Portugal,Portugal,PT,152.55,217.59,62.7,55.6,entsoe.eu,false,
2022-01-31 22:00:00,Portugal,Portugal,PT,133.83,194.8,67.3,61.88,entsoe.eu,false,
2022-01-31 23:00:00,Portugal,Portugal,PT,132.43,195.25,66.21,62.65,entsoe.eu,false,
2022-02-01 00:00:00,Portugal,Portugal,PT,126.02,186.99,68.59,63.7,entsoe.eu,false,
2022-02-01 01:00:00,Portugal,Portugal,PT,128.05,188.99,68.37,62.84,entsoe.eu,false,
2022-02-01 02:00:00,Portugal,Portugal,PT,126.28,185.96,68.93,63.57,entsoe.eu,false,
2022-02-01 03:00:00,Portugal,Portugal,PT,118.91,176.65,70.65,65.98,entsoe.eu,false,
2022-02-01 04:00:00,Portugal,Portugal,PT,120.53,178.9,70.0,65.85,entsoe.eu,false,
2022-02-01 05:00:00,Portugal,Portugal,PT,105.03,159.05,73.03,70.99,entsoe.eu,false,
2022-02-01 06:00:00,Portugal,Portugal,PT,136.09,197.81,66.93,66.93,entsoe.eu,false,
2022-02-01 07:00:00,Portugal,Portugal,PT,139.47,199.33,66.68,66.68,entsoe.eu,false,
2022-02-01 08:00:00,Portugal,Portugal,PT,128.17,189.56,66.35,65.59,entsoe.eu,false,
2022-02-01 09:00:00,Portugal,Portugal,PT,118.99,178.0,68.98,67.18,entsoe.eu,false,
2022-02-01 10:00:00,Portugal,Portugal,PT,117.72,175.34,70.34,66.28,entsoe.eu,false,
2022-02-01 11:00:00,Portugal,Portugal,PT,116.8,173.77,70.86,66.16,entsoe.eu,false,
2022-02-01 12:00:00,Portugal,Portugal,PT,119.24,176.68,70.36,65.21,entsoe.eu,false,
2022-02-01 13:00:00,Portugal,Portugal,PT,119.0,175.78,70.81,64.86,entsoe.eu,false,
2022-02-01 14:00:00,Portugal,Portugal,PT,119.16,176.14,70.91,64.51,entsoe.eu,false,
2022-02-01 15:00:00,Portugal,Portugal,PT,125.99,184.56,69.3,62.33,entsoe.eu,false,
2022-02-01 16:00:00,Portugal,Portugal,PT,137.08,198.82,66.25,60.0,entsoe.eu,false,
2022-02-01 17:00:00,Portugal,Portugal,PT,143.61,204.29,65.73,64.28,entsoe.eu,false,
2022-02-01 18:00:00,Portugal,Portugal,PT,133.12,183.34,72.08,72.08,entsoe.eu,false,
2022-02-01 19:00:00,Portugal,Portugal,PT,129.83,181.82,71.22,70.95,entsoe.eu,false,
2022-02-01 20:00:00,Portugal,Portugal,PT,129.22,187.29,67.53,64.44,entsoe.eu,false,
2022-02-01 21:00:00,Portugal,Portugal,PT,125.15,183.77,67.87,64.82,entsoe.eu,false,
2022-02-01 22:00:00,Portugal,Portugal,PT,120.31,176.47,70.14,65.15,entsoe.eu,false,
2022-02-01 23:00:00,Portugal,Portugal,PT,125.87,183.02,69.22,63.03,entsoe.eu,false,
2022-02-02 00:00:00,Portugal,Portugal,PT,123.99,181.15,69.89,64.05,entsoe.eu,false,
2022-02-02 01:00:00,Portugal,Portugal,PT,126.71,185.1,69.11,63.37,entsoe.eu,false,
2022-02-02 02:00:00,Portugal,Portugal,PT,125.74,183.56,69.79,62.68,entsoe.eu,false,
2022-02-02 03:00:00,Portugal,Portugal,PT,125.45,183.1,70.21,62.86,entsoe.eu,false,
2022-02-02 04:00:00,Portugal,Portugal,PT,137.3,198.73,66.87,60.16,entsoe.eu,false,
2022-02-02 05:00:00,Portugal,Portugal,PT,179.82,257.08,55.19,49.89,entsoe.eu,false,
2022-02-02 06:00:00,Portugal,Portugal,PT,153.68,224.26,58.9,58.9,entsoe.eu,false,
2022-02-02 07:00:00,Portugal,Portugal,PT,163.39,235.27,56.73,56.73,entsoe.eu,false,
2022-02-02 08:00:00,Portugal,Portugal,PT,171.19,243.95,55.68,53.54,entsoe.eu,false,
2022-02-02 09:00:00,Portugal,Portugal,PT,166.44,236.35,58.21,53.96,entsoe.eu,false,
2022-02-02 10:00:00,Portugal,Portugal,PT,174.21,245.12,57.67,50.93,entsoe.eu,false,
2022-02-02 11:00:00,Portugal,Portugal,PT,186.49,261.12,54.13,47.44,entsoe.eu,false,
2022-02-02 12:00:00,Portugal,Portugal,PT,187.87,262.77,54.2,46.75,entsoe.eu,false,
2022-02-02 13:00:00,Portugal,Portugal,PT,193.58,270.11,53.0,44.96,entsoe.eu,false,
2022-02-02 14:00:00,Portugal,Portugal,PT,204.27,283.41,50.46,41.86,entsoe.eu,false,
2022-02-02 15:00:00,Portugal,Portugal,PT,219.82,305.02,45.81,37.98,entsoe.eu,false,
2022-02-02 16:00:00,Portugal,Portugal,PT,237.99,327.11,41.76,33.96,entsoe.eu,false,
2022-02-02 17:00:00,Portugal,Portugal,PT,235.72,318.43,44.64,40.29,entsoe.eu,false,
2022-02-02 18:00:00,Portugal,Portugal,PT,217.47,290.55,51.51,47.7,entsoe.eu,false,
2022-02-02 19:00:00,Portugal,Portugal,PT,202.15,268.45,56.81,54.08,entsoe.eu,false,
2022-02-02 20:00:00,Portugal,Portugal,PT,215.86,285.33,54.32,50.5,entsoe.eu,false,
2022-02-02 21:00:00,Portugal,Portugal,PT,252.32,340.81,40.21,30.88,entsoe.eu,false,
2022-02-02 22:00:00,Portugal,Portugal,PT,268.15,363.48,35.42,23.7,entsoe.eu,false,
2022-02-02 23:00:00,Portugal,Portugal,PT,264.27,361.69,35.29,22.49,entsoe.eu,false,
2022-02-03 00:00:00,Portugal,Portugal,PT,252.68,345.78,39.57,23.95,entsoe.eu,false,
2022-02-03 01:00:00,Portugal,Portugal,PT,243.94,334.02,42.26,24.86,entsoe.eu,false,
2022-02-03 02:00:00,Portugal,Portugal,PT,239.62,327.56,43.99,26.48,entsoe.eu,false,
2022-02-03 03:00:00,Portugal,Portugal,PT,240.48,328.44,43.69,26.74,entsoe.eu,false,
2022-02-03 04:00:00,Portugal,Portugal,PT,240.12,328.27,43.63,27.46,entsoe.eu,false,
2022-02-03 05:00:00,Portugal,Portugal,PT,281.14,388.39,31.14,18.45,entsoe.eu,false,
2022-02-03 06:00:00,Portugal,Portugal,PT,259.54,357.22,35.92,29.38,entsoe.eu,false,
2022-02-03 07:00:00,Portugal,Portugal,PT,239.49,322.01,46.1,42.77,entsoe.eu,false,
2022-02-03 08:00:00,Portugal,Portugal,PT,236.23,321.19,44.03,38.8,entsoe.eu,false,
2022-02-03 09:00:00,Portugal,Portugal,PT,243.35,334.68,39.86,32.13,entsoe.eu,false,
2022-02-03 10:00:00,Portugal,Portugal,PT,244.01,336.1,39.68,31.78,entsoe.eu,false,
2022-02-03 11:00:00,Portugal,Portugal,PT,243.53,335.39,40.0,32.12,entsoe.eu,false,
2022-02-03 12:00:00,Portugal,Portugal,PT,243.18,332.36,41.87,34.84,entsoe.eu,false,
2022-02-03 13:00:00,Portugal,Portugal,PT,243.77,334.6,40.85,33.42,entsoe.eu,false,
2022-02-03 14:00:00,Portugal,Portugal,PT,246.3,338.26,39.93,31.51,entsoe.eu,false,
2022-02-03 15:00:00,Portugal,Portugal,PT,262.07,357.46,36.12,27.71,entsoe.eu,false,
2022-02-03 16:00:00,Portugal,Portugal,PT,257.65,346.47,40.15,33.85,entsoe.eu,false,
2022-02-03 17:00:00,Portugal,Portugal,PT,232.04,312.33,46.52,42.29,entsoe.eu,false,
2022-02-03 18:00:00,Portugal,Portugal,PT,214.26,286.39,52.35,49.14,entsoe.eu,false,
2022-02-03 19:00:00,Portugal,Portugal,PT,230.02,311.34,45.25,37.31,entsoe.eu,false,
2022-02-03 20:00:00,Portugal,Portugal,PT,244.21,327.21,43.59,35.01,entsoe.eu,false,
2022-02-03 21:00:00,Portugal,Portugal,PT,262.95,353.45,37.99,26.99,entsoe.eu,false,
2022-02-03 22:00:00,Portugal,Portugal,PT,267.23,360.97,36.54,24.92,entsoe.eu,false,
2022-02-03 23:00:00,Portugal,Portugal,PT,254.25,346.34,39.53,24.94,entsoe.eu,false,
2022-02-04 00:00:00,Portugal,Portugal,PT,242.8,332.04,43.58,28.62,entsoe.eu,false,
2022-02-04 01:00:00,Portugal,Portugal,PT,242.57,332.78,43.52,28.7,entsoe.eu,false,
2022-02-04 02:00:00,Portugal,Portugal,PT,230.89,317.54,46.88,31.54,entsoe.eu,false,
2022-02-04 03:00:00,Portugal,Portugal,PT,227.01,311.54,48.31,31.43,entsoe.eu,false,
2022-02-04 04:00:00,Portugal,Portugal,PT,218.11,301.4,49.77,34.92,entsoe.eu,false,
2022-02-04 05:00:00,Portugal,Portugal,PT,217.97,304.99,48.33,36.31,entsoe.eu,false,
2022-02-04 06:00:00,Portugal,Portugal,PT,213.66,309.03,45.31,41.11,entsoe.eu,false,
2022-02-04 07:00:00,Portugal,Portugal,PT,207.59,306.5,45.13,44.18,entsoe.eu,false,
2022-02-04 08:00:00,Portugal,Portugal,PT,206.52,296.95,48.3,42.26,entsoe.eu,false,
2022-02-04 09:00:00,Portugal,Portugal,PT,204.03,292.6,49.33,42.61,entsoe.eu,false,
2022-02-04 10:00:00,Portugal,Portugal,PT,200.01,283.17,51.78,42.39,entsoe.eu,false,
2022-02-04 11:00:00,Portugal,Portugal,PT,198.0,278.56,52.9,42.24,entsoe.eu,false,
2022-02-04 12:00:00,Portugal,Portugal,PT,216.78,297.65,48.88,39.83,entsoe.eu,false,
2022-02-04 13:00:00,Portugal,Portugal,PT,218.6,301.32,48.0,37.1,entsoe.eu,false,
2022-02-04 14:00:00,Portugal,Portugal,PT,223.63,307.47,46.59,35.7,entsoe.eu,false,
2022-02-04 15:00:00,Portugal,Portugal,PT,227.23,311.27,45.9,35.27,entsoe.eu,false,
2022-02-04 16:00:00,Portugal,Portugal,PT,224.01,304.74,47.91,39.59,entsoe.eu,false,
2022-02-04 17:00:00,Portugal,Portugal,PT,206.21,278.92,53.9,49.18,entsoe.eu,false,
2022-02-04 18:00:00,Portugal,Portugal,PT,181.34,246.09,59.95,57.23,entsoe.eu,false,
2022-02-04 19:00:00,Portugal,Portugal,PT,176.42,237.3,62.62,60.37,entsoe.eu,false,
2022-02-04 20:00:00,Portugal,Portugal,PT,194.87,261.79,57.86,53.26,entsoe.eu,false,
2022-02-04 21:00:00,Portugal,Portugal,PT,213.54,290.26,50.8,44.07,entsoe.eu,false,
2022-02-04 22:00:00,Portugal,Portugal,PT,219.62,300.31,48.54,40.5,entsoe.eu,false,
2022-02-04 23:00:00,Portugal,Portugal,PT,194.38,267.24,56.36,47.33,entsoe.eu,false,
2022-02-05 00:00:00,Portugal,Portugal,PT,182.22,254.34,58.56,47.85,entsoe.eu,false,
2022-02-05 01:00:00,Portugal,Portugal,PT,176.02,249.24,58.76,47.39,entsoe.eu,false,
2022-02-05 02:00:00,Portugal,Portugal,PT,176.38,249.38,58.74,46.58,entsoe.eu,false,
2022-02-05 03:00:00,Portugal,Portugal,PT,172.59,244.34,59.23,45.53,entsoe.eu,false,
2022-02-05 04:00:00,Portugal,Portugal,PT,167.88,243.1,58.33,51.29,entsoe.eu,false,
2022-02-05 05:00:00,Portugal,Portugal,PT,162.32,236.95,59.34,54.02,entsoe.eu,false,
2022-02-05 06:00:00,Portugal,Portugal,PT,167.86,244.47,57.12,52.56,entsoe.eu,false,
2022-02-05 07:00:00,Portugal,Portugal,PT,166.63,240.83,58.38,56.21,entsoe.eu,false,
2022-02-05 08:00:00,Portugal,Portugal,PT,168.94,239.85,59.38,59.25,entsoe.eu,false,
2022-02-05 09:00:00,Portugal,Portugal,PT,154.94,217.55,64.84,64.84,entsoe.eu,false,
2022-02-05 10:00:00,Portugal,Portugal,PT,149.63,219.72,61.62,58.85,entsoe.eu,false,
2022-02-05 11:00:00,Portugal,Portugal,PT,154.15,223.42,62.0,60.61,entsoe.eu,false,
2022-02-05 12:00:00,Portugal,Portugal,PT,149.08,219.89,61.8,57.24,entsoe.eu,false,
2022-02-05 13:00:00,Portugal,Portugal,PT,152.31,222.35,61.98,53.88,entsoe.eu,false,
2022-02-05 14:00:00,Portugal,Portugal,PT,152.29,221.07,62.63,51.93,entsoe.eu,false,
2022-02-05 15:00:00,Portugal,Portugal,PT,156.54,225.14,61.92,49.65,entsoe.eu,false,
2022-02-05 16:00:00,Portugal,Portugal,PT,175.16,249.87,56.73,45.41,entsoe.eu,false,
2022-02-05 17:00:00,Portugal,Portugal,PT,181.31,250.76,59.01,56.82,entsoe.eu,false,
2022-02-05 18:00:00,Portugal,Portugal,PT,165.54,226.97,64.22,62.37,entsoe.eu,false,
2022-02-05 19:00:00,Portugal,Portugal,PT,154.46,210.45,67.9,67.9,entsoe.eu,false,
2022-02-05 20:00:00,Portugal,Portugal,PT,159.32,215.86,67.35,67.35,entsoe.eu,false,
2022-02-05 21:00:00,Portugal,Portugal,PT,163.1,226.55,63.27,60.63,entsoe.eu,false,
2022-02-05 22:00:00,Portugal,Portugal,PT,154.0,221.03,62.37,56.04,entsoe.eu,false,
2022-02-05 23:00:00,Portugal,Portugal,PT,128.34,189.17,69.68,61.91,entsoe.eu,false,
2022-02-06 00:00:00,Portugal,Portugal,PT,103.77,160.04,75.98,67.39,entsoe.eu,false,
2022-02-06 01:00:00,Portugal,Portugal,PT,100.06,157.0,76.21,68.67,entsoe.eu,false,
2022-02-06 02:00:00,Portugal,Portugal,PT,99.72,156.37,76.26,68.85,entsoe.eu,false,
2022-02-06 03:00:00,Portugal,Portugal,PT,111.96,171.82,73.36,65.32,entsoe.eu,false,
2022-02-06 04:00:00,Portugal,Portugal,PT,120.5,184.0,71.15,62.99,entsoe.eu,false,
2022-02-06 05:00:00,Portugal,Portugal,PT,134.32,202.67,67.77,58.74,entsoe.eu,false,
2022-02-06 06:00:00,Portugal,Portugal,PT,143.72,210.73,67.77,58.51,entsoe.eu,false,
2022-02-06 07:00:00,Portugal,Portugal,PT,134.32,197.19,71.02,62.11,entsoe.eu,false,
2022-02-06 08:00:00,Portugal,Portugal,PT,122.3,183.04,72.97,65.73,entsoe.eu,false,
2022-02-06 09:00:00,Portugal,Portugal,PT,121.69,186.05,70.18,62.05,entsoe.eu,false,
2022-02-06 10:00:00,Portugal,Portugal,PT,116.39,179.58,71.39,62.59,entsoe.eu,false,
2022-02-06 11:00:00,Portugal,Portugal,PT,116.57,178.48,71.59,60.05,entsoe.eu,false,
2022-02-06 12:00:00,Portugal,Portugal,PT,121.29,184.02,70.81,57.51,entsoe.eu,false,
2022-02-06 13:00:00,Portugal,Portugal,PT,126.04,192.92,69.09,57.45,entsoe.eu,false,
2022-02-06 14:00:00,Portugal,Portugal,PT,126.75,191.88,69.18,54.0,entsoe.eu,false,
2022-02-06 15:00:00,Portugal,Portugal,PT,144.0,213.6,64.61,49.72,entsoe.eu,false,
2022-02-06 16:00:00,Portugal,Portugal,PT,169.52,248.67,57.68,44.49,entsoe.eu,false,
2022-02-06 17:00:00,Portugal,Portugal,PT,175.98,245.66,61.53,52.91,entsoe.eu,false,
2022-02-06 18:00:00,Portugal,Portugal,PT,158.53,213.09,70.78,67.29,entsoe.eu,false,
2022-02-06 19:00:00,Portugal,Portugal,PT,138.83,187.39,75.15,73.93,entsoe.eu,false,
2022-02-06 20:00:00,Portugal,Portugal,PT,137.7,189.04,73.47,70.64,entsoe.eu,false,
2022-02-06 21:00:00,Portugal,Portugal,PT,148.1,206.18,69.02,62.42,entsoe.eu,false,
2022-02-06 22:00:00,Portugal,Portugal,PT,150.37,215.66,64.75,54.18,entsoe.eu,false,
2022-02-06 23:00:00,Portugal,Portugal,PT,156.14,226.47,61.77,50.38,entsoe.eu,false,
2022-02-07 00:00:00,Portugal,Portugal,PT,155.92,222.97,62.86,48.28,entsoe.eu,false,
2022-02-07 01:00:00,Portugal,Portugal,PT,152.8,219.37,63.61,49.29,entsoe.eu,false,
2022-02-07 02:00:00,Portugal,Portugal,PT,147.96,213.46,64.55,51.09,entsoe.eu,false,
2022-02-07 03:00:00,Portugal,Portugal,PT,153.63,220.68,63.19,50.51,entsoe.eu,false,
2022-02-07 04:00:00,Portugal,Portugal,PT,157.8,226.58,61.99,50.28,entsoe.eu,false,
2022-02-07 05:00:00,Portugal,Portugal,PT,171.09,248.4,56.3,51.69,entsoe.eu,false,
2022-02-07 06:00:00,Portugal,Portugal,PT,178.23,255.13,54.48,54.48,entsoe.eu,false,
2022-02-07 07:00:00,Portugal,Portugal,PT,164.56,227.33,62.09,62.09,entsoe.eu,false,
2022-02-07 08:00:00,Portugal,Portugal,PT,171.3,238.59,58.95,58.95,entsoe.eu,false,
2022-02-07 09:00:00,Portugal,Portugal,PT,172.56,247.42,54.83,52.26,entsoe.eu,false,
2022-02-07 10:00:00,Portugal,Portugal,PT,161.91,233.87,58.22,53.84,entsoe.eu,false,
2022-02-07 11:00:00,Portugal,Portugal,PT,168.19,242.13,56.95,51.73,entsoe.eu,false,
2022-02-07 12:00:00,Portugal,Portugal,PT,174.51,251.01,55.38,50.03,entsoe.eu,false,
2022-02-07 13:00:00,Portugal,Portugal,PT,175.01,250.74,55.92,48.82,entsoe.eu,false,
2022-02-07 14:00:00,Portugal,Portugal,PT,171.05,244.37,57.53,49.0,entsoe.eu,false,
2022-02-07 15:00:00,Portugal,Portugal,PT,178.48,253.7,55.66,47.23,entsoe.eu,false,
2022-02-07 16:00:00,Portugal,Portugal,PT,202.86,285.8,48.76,41.41,entsoe.eu,false,
2022-02-07 17:00:00,Portugal,Portugal,PT,213.03,297.9,45.88,39.28,entsoe.eu,false,
2022-02-07 18:00:00,Portugal,Portugal,PT,195.9,274.08,50.41,43.62,entsoe.eu,false,
2022-02-07 19:00:00,Portugal,Portugal,PT,185.84,257.41,54.98,49.74,entsoe.eu,false,
2022-02-07 20:00:00,Portugal,Portugal,PT,173.84,244.49,56.38,51.16,entsoe.eu,false,
2022-02-07 21:00:00,Portugal,Portugal,PT,166.77,237.39,57.46,52.0,entsoe.eu,false,
2022-02-07 22:00:00,Portugal,Portugal,PT,149.8,216.1,61.85,56.7,entsoe.eu,false,
2022-02-07 23:00:00,Portugal,Portugal,PT,142.11,206.84,63.48,59.75,entsoe.eu,false,
2022-02-08 00:00:00,Portugal,Portugal,PT,139.43,202.82,65.03,59.0,entsoe.eu,false,
2022-02-08 01:00:00,Portugal,Portugal,PT,138.47,202.3,65.08,59.44,entsoe.eu,false,
2022-02-08 02:00:00,Portugal,Portugal,PT,143.82,209.02,63.75,58.3,entsoe.eu,false,
2022-02-08 03:00:00,Portugal,Portugal,PT,147.24,214.07,62.64,57.68,entsoe.eu,false,
2022-02-08 04:00:00,Portugal,Portugal,PT,146.13,212.61,62.88,58.22,entsoe.eu,false,
2022-02-08 05:00:00,Portugal,Portugal,PT,159.19,233.28,57.58,57.27,entsoe.eu,false,
2022-02-08 06:00:00,Portugal,Portugal,PT,176.53,247.08,56.48,56.48,entsoe.eu,false,
2022-02-08 07:00:00,Portugal,Portugal,PT,175.19,240.08,59.66,59.66,entsoe.eu,false,
2022-02-08 08:00:00,Portugal,Portugal,PT,175.1,247.02,56.32,55.74,entsoe.eu,false,
2022-02-08 09:00:00,Portugal,Portugal,PT,189.03,268.65,50.74,48.16,entsoe.eu,false,
2022-02-08 10:00:00,Portugal,Portugal,PT,183.12,261.18,53.07,48.72,entsoe.eu,false,
2022-02-08 11:00:00,Portugal,Portugal,PT,186.14,264.45,52.74,47.38,entsoe.eu,false,
2022-02-08 12:00:00,Portugal,Portugal,PT,188.0,265.19,53.21,45.61,entsoe.eu,false,
2022-02-08 13:00:00,Portugal,Portugal,PT,189.39,266.92,52.99,44.41,entsoe.eu,false,
2022-02-08 14:00:00,Portugal,Portugal,PT,191.66,269.07,52.95,43.35,entsoe.eu,false,
2022-02-08 15:00:00,Portugal,Portugal,PT,206.84,289.21,48.8,39.98,entsoe.eu,false,
2022-02-08 16:00:00,Portugal,Portugal,PT,234.58,325.75,41.08,34.65,entsoe.eu,false,
2022-02-08 17:00:00,Portugal,Portugal,PT,224.76,303.31,48.54,46.63,entsoe.eu,false,
2022-02-08 18:00:00,Portugal,Portugal,PT,208.54,278.9,54.63,52.86,entsoe.eu,false,
2022-02-08 19:00:00,Portugal,Portugal,PT,205.37,276.57,53.96,50.29,entsoe.eu,false,
2022-02-08 20:00:00,Portugal,Portugal,PT,212.3,292.21,47.97,41.27,entsoe.eu,false,
2022-02-08 21:00:00,Portugal,Portugal,PT,224.74,310.49,43.75,35.21,entsoe.eu,false,
2022-02-08 22:00:00,Portugal,Portugal,PT,218.71,303.79,45.68,35.91,entsoe.eu,false,
2022-02-08 23:00:00,Portugal,Portugal,PT,211.83,295.32,47.61,36.36,entsoe.eu,false,
2022-02-09 00:00:00,Portugal,Portugal,PT,211.64,295.48,47.76,36.19,entsoe.eu,false,
2022-02-09 01:00:00,Portugal,Portugal,PT,215.75,299.53,47.62,35.27,entsoe.eu,false,
2022-02-09 02:00:00,Portugal,Portugal,PT,217.62,300.65,47.48,33.91,entsoe.eu,false,
2022-02-09 03:00:00,Portugal,Portugal,PT,215.59,299.63,47.61,35.08,entsoe.eu,false,
2022-02-09 04:00:00,Portugal,Portugal,PT,218.53,302.01,47.32,34.78,entsoe.eu,false,
2022-02-09 05:00:00,Portugal,Portugal,PT,225.2,316.07,42.81,37.61,entsoe.eu,false,
2022-02-09 06:00:00,Portugal,Portugal,PT,202.78,284.54,49.1,48.56,entsoe.eu,false,
2022-02-09 07:00:00,Portugal,Portugal,PT,198.88,272.53,53.22,53.22,entsoe.eu,false,
2022-02-09 08:00:00,Portugal,Portugal,PT,210.8,294.25,46.45,42.11,entsoe.eu,false,
2022-02-09 09:00:00,Portugal,Portugal,PT,212.96,296.63,46.72,41.79,entsoe.eu,false,
2022-02-09 10:00:00,Portugal,Portugal,PT,209.91,293.56,47.81,42.42,entsoe.eu,false,
2022-02-09 11:00:00,Portugal,Portugal,PT,206.12,289.21,48.94,42.31,entsoe.eu,false,
2022-02-09 12:00:00,Portugal,Portugal,PT,204.05,286.86,49.4,42.38,entsoe.eu,false,
2022-02-09 13:00:00,Portugal,Portugal,PT,203.27,285.15,50.0,42.25,entsoe.eu,false,
2022-02-09 14:00:00,Portugal,Portugal,PT,211.78,296.2,47.67,40.06,entsoe.eu,false,
2022-02-09 15:00:00,Portugal,Portugal,PT,227.63,316.77,43.53,36.04,entsoe.eu,false,
2022-02-09 16:00:00,Portugal,Portugal,PT,248.31,338.84,40.17,34.28,entsoe.eu,false,
2022-02-09 17:00:00,Portugal,Portugal,PT,226.06,301.77,50.12,48.41,entsoe.eu,false,
2022-02-09 18:00:00,Portugal,Portugal,PT,216.04,287.52,52.95,50.57,entsoe.eu,false,
2022-02-09 19:00:00,Portugal,Portugal,PT,210.47,280.42,54.28,50.39,entsoe.eu,false,
2022-02-09 20:00:00,Portugal,Portugal,PT,216.64,289.52,52.54,46.08,entsoe.eu,false,
2022-02-09 21:00:00,Portugal,Portugal,PT,243.16,327.68,43.81,33.03,entsoe.eu,false,
2022-02-09 22:00:00,Portugal,Portugal,PT,258.79,349.21,39.92,26.79,entsoe.eu,false,
2022-02-09 23:00:00,Portugal,Portugal,PT,242.61,326.6,45.91,35.43,entsoe.eu,false,
2022-02-10 00:00:00,Portugal,Portugal,PT,253.06,341.8,43.25,31.72,entsoe.eu,false,
2022-02-10 01:00:00,Portugal,Portugal,PT,255.76,348.94,40.78,28.83,entsoe.eu,false,
2022-02-10 02:00:00,Portugal,Portugal,PT,249.56,344.29,40.19,26.75,entsoe.eu,false,
2022-02-10 03:00:00,Portugal,Portugal,PT,264.84,357.06,39.41,21.38,entsoe.eu,false,
2022-02-10 04:00:00,Portugal,Portugal,PT,266.49,360.25,38.37,21.97,entsoe.eu,false,
2022-02-10 05:00:00,Portugal,Portugal,PT,270.13,371.07,34.14,24.31,entsoe.eu,false,
2022-02-10 06:00:00,Portugal,Portugal,PT,255.82,351.96,37.15,31.73,entsoe.eu,false,
2022-02-10 07:00:00,Portugal,Portugal,PT,237.75,323.9,43.43,41.2,entsoe.eu,false,
2022-02-10 08:00:00,Portugal,Portugal,PT,233.0,320.15,42.85,37.28,entsoe.eu,false,
2022-02-10 09:00:00,Portugal,Portugal,PT,222.24,305.79,46.12,41.24,entsoe.eu,false,
2022-02-10 10:00:00,Portugal,Portugal,PT,229.6,317.05,44.28,36.38,entsoe.eu,false,
2022-02-10 11:00:00,Portugal,Portugal,PT,227.45,314.38,45.0,36.65,entsoe.eu,false,
2022-02-10 12:00:00,Portugal,Portugal,PT,230.15,316.92,44.87,35.5,entsoe.eu,false,
2022-02-10 13:00:00,Portugal,Portugal,PT,230.74,317.84,44.29,35.84,entsoe.eu,false,
2022-02-10 14:00:00,Portugal,Portugal,PT,243.28,333.6,40.62,32.76,entsoe.eu,false,
2022-02-10 15:00:00,Portugal,Portugal,PT,243.17,332.87,40.82,32.74,entsoe.eu,false,
2022-02-10 16:00:00,Portugal,Portugal,PT,247.19,336.62,40.19,32.96,entsoe.eu,false,
2022-02-10 17:00:00,Portugal,Portugal,PT,203.3,276.26,52.63,51.3,entsoe.eu,false,
2022-02-10 18:00:00,Portugal,Portugal,PT,186.16,252.73,57.68,56.92,entsoe.eu,false,
2022-02-10 19:00:00,Portugal,Portugal,PT,206.72,280.03,52.06,47.91,entsoe.eu,false,
2022-02-10 20:00:00,Portugal,Portugal,PT,223.24,304.3,46.37,39.56,entsoe.eu,false,
2022-02-10 21:00:00,Portugal,Portugal,PT,234.59,319.94,43.62,32.88,entsoe.eu,false,
2022-02-10 22:00:00,Portugal,Portugal,PT,237.06,323.62,43.43,31.35,entsoe.eu,false,
2022-02-10 23:00:00,Portugal,Portugal,PT,237.22,326.06,42.49,31.03,entsoe.eu,false,
2022-02-11 00:00:00,Portugal,Portugal,PT,243.14,334.58,41.54,28.75,entsoe.eu,false,
2022-02-11 01:00:00,Portugal,Portugal,PT,243.54,334.31,41.81,28.08,entsoe.eu,false,
2022-02-11 02:00:00,Portugal,Portugal,PT,244.98,335.59,42.12,27.06,entsoe.eu,false,
2022-02-11 03:00:00,Portugal,Portugal,PT,241.89,331.91,42.65,27.98,entsoe.eu,false,
2022-02-11 04:00:00,Portugal,Portugal,PT,255.83,351.34,38.9,25.03,entsoe.eu,false,
2022-02-11 05:00:00,Portugal,Portugal,PT,259.54,357.07,37.38,26.74,entsoe.eu,false,
2022-02-11 06:00:00,Portugal,Portugal,PT,271.14,382.02,30.77,26.23,entsoe.eu,false,
2022-02-11 07:00:00,Portugal,Portugal,PT,279.38,401.19,25.42,25.42,entsoe.eu,false,
2022-02-11 08:00:00,Portugal,Portugal,PT,277.85,395.68,27.57,25.07,entsoe.eu,false,
2022-02-11 09:00:00,Portugal,Portugal,PT,259.59,362.36,35.66,28.55,entsoe.eu,false,
2022-02-11 10:00:00,Portugal,Portugal,PT,257.04,354.89,37.36,28.7,entsoe.eu,false,
2022-02-11 11:00:00,Portugal,Portugal,PT,229.65,317.34,43.94,36.14,entsoe.eu,false,
2022-02-11 12:00:00,Portugal,Portugal,PT,230.94,319.32,43.82,35.78,entsoe.eu,false,
2022-02-11 13:00:00,Portugal,Portugal,PT,228.71,316.41,44.63,36.25,entsoe.eu,false,
2022-02-11 14:00:00,Portugal,Portugal,PT,228.63,315.51,44.83,36.11,entsoe.eu,false,
2022-02-11 15:00:00,Portugal,Portugal,PT,239.0,328.83,41.92,33.58,entsoe.eu,false,
2022-02-11 16:00:00,Portugal,Portugal,PT,254.31,347.97,37.8,29.59,entsoe.eu,false,
2022-02-11 17:00:00,Portugal,Portugal,PT,222.47,300.49,48.58,47.04,entsoe.eu,false,
2022-02-11 18:00:00,Portugal,Portugal,PT,207.63,278.5,54.17,52.91,entsoe.eu,false,
2022-02-11 19:00:00,Portugal,Portugal,PT,226.73,305.3,48.23,42.61,entsoe.eu,false,
2022-02-11 20:00:00,Portugal,Portugal,PT,247.45,333.82,42.07,33.72,entsoe.eu,false,
2022-02-11 21:00:00,Portugal,Portugal,PT,257.54,349.85,38.28,25.61,entsoe.eu,false,
2022-02-11 22:00:00,Portugal,Portugal,PT,262.09,356.43,37.56,24.07,entsoe.eu,false,
2022-02-11 23:00:00,Portugal,Portugal,PT,254.97,346.75,40.24,29.04,entsoe.eu,false,
2022-02-12 00:00:00,Portugal,Portugal,PT,251.11,342.83,41.3,25.37,entsoe.eu,false,
2022-02-12 01:00:00,Portugal,Portugal,PT,251.65,345.67,40.77,25.58,entsoe.eu,false,
2022-02-12 02:00:00,Portugal,Portugal,PT,247.87,341.62,41.75,26.48,entsoe.eu,false,
2022-02-12 03:00:00,Portugal,Portugal,PT,255.62,353.63,38.85,24.89,entsoe.eu,false,
2022-02-12 04:00:00,Portugal,Portugal,PT,261.04,360.23,37.83,23.76,entsoe.eu,false,
2022-02-12 05:00:00,Portugal,Portugal,PT,226.77,314.42,45.67,34.16,entsoe.eu,false,
2022-02-12 06:00:00,Portugal,Portugal,PT,262.87,363.36,36.34,24.89,entsoe.eu,false,
2022-02-12 07:00:00,Portugal,Portugal,PT,257.29,355.96,37.25,28.47,entsoe.eu,false,
2022-02-12 08:00:00,Portugal,Portugal,PT,249.45,343.12,40.06,33.78,entsoe.eu,false,
2022-02-12 09:00:00,Portugal,Portugal,PT,247.86,343.38,39.07,29.82,entsoe.eu,false,
2022-02-12 10:00:00,Portugal,Portugal,PT,238.7,328.86,43.64,32.49,entsoe.eu,false,
2022-02-12 11:00:00,Portugal,Portugal,PT,226.25,314.44,46.19,34.7,entsoe.eu,false,
2022-02-12 12:00:00,Portugal,Portugal,PT,222.66,310.67,46.61,34.37,entsoe.eu,false,
2022-02-12 13:00:00,Portugal,Portugal,PT,226.1,314.94,45.54,33.39,entsoe.eu,false,
2022-02-12 14:00:00,Portugal,Portugal,PT,223.49,311.04,46.91,33.7,entsoe.eu,false,
2022-02-12 15:00:00,Portugal,Portugal,PT,232.4,321.43,45.18,31.22,entsoe.eu,false,
2022-02-12 16:00:00,Portugal,Portugal,PT,254.29,351.63,37.9,26.44,entsoe.eu,false,
2022-02-12 17:00:00,Portugal,Portugal,PT,221.73,303.51,48.34,45.43,entsoe.eu,false,
2022-02-12 18:00:00,Portugal,Portugal,PT,193.38,261.98,57.65,57.01,entsoe.eu,false,
2022-02-12 19:00:00,Portugal,Portugal,PT,189.63,258.12,57.49,54.81,entsoe.eu,false,
2022-02-12 20:00:00,Portugal,Portugal,PT,195.38,267.4,54.77,50.66,entsoe.eu,false,
2022-02-12 21:00:00,Portugal,Portugal,PT,207.58,288.67,48.5,39.46,entsoe.eu,false,
2022-02-12 22:00:00,Portugal,Portugal,PT,213.83,295.92,47.97,35.53,entsoe.eu,false,
2022-02-12 23:00:00,Portugal,Portugal,PT,169.23,239.67,60.93,45.16,entsoe.eu,false,
2022-02-13 00:00:00,Portugal,Portugal,PT,131.51,191.23,72.74,55.56,entsoe.eu,false,
2022-02-13 01:00:00,Portugal,Portugal,PT,133.19,195.81,72.49,50.41,entsoe.eu,false,
2022-02-13 02:00:00,Portugal,Portugal,PT,119.06,177.75,76.25,53.02,entsoe.eu,false,
2022-02-13 03:00:00,Portugal,Portugal,PT,112.58,170.41,77.45,55.49,entsoe.eu,false,
2022-02-13 04:00:00,Portugal,Portugal,PT,106.0,161.92,78.65,58.26,entsoe.eu,false,
2022-02-13 05:00:00,Portugal,Portugal,PT,105.38,161.21,78.69,59.05,entsoe.eu,false,
2022-02-13 06:00:00,Portugal,Portugal,PT,105.62,158.57,78.66,59.85,entsoe.eu,false,
2022-02-13 07:00:00,Portugal,Portugal,PT,105.49,158.6,78.5,61.48,entsoe.eu,false,
2022-02-13 08:00:00,Portugal,Portugal,PT,90.27,139.45,81.79,65.61,entsoe.eu,false,
2022-02-13 09:00:00,Portugal,Portugal,PT,74.07,119.21,85.21,70.11,entsoe.eu,false,
2022-02-13 10:00:00,Portugal,Portugal,PT,61.38,102.9,87.72,75.39,entsoe.eu,false,
2022-02-13 11:00:00,Portugal,Portugal,PT,52.56,91.85,89.34,79.44,entsoe.eu,false,
2022-02-13 12:00:00,Portugal,Portugal,PT,47.84,85.61,90.2,80.19,entsoe.eu,false,
2022-02-13 13:00:00,Portugal,Portugal,PT,43.81,80.79,90.86,82.14,entsoe.eu,false,
2022-02-13 14:00:00,Portugal,Portugal,PT,44.18,80.92,90.71,83.05,entsoe.eu,false,
2022-02-13 15:00:00,Portugal,Portugal,PT,43.81,80.4,90.75,83.43,entsoe.eu,false,
2022-02-13 16:00:00,Portugal,Portugal,PT,47.48,85.05,89.71,82.53,entsoe.eu,false,
2022-02-13 17:00:00,Portugal,Portugal,PT,53.13,92.03,88.2,80.88,entsoe.eu,false,
2022-02-13 18:00:00,Portugal,Portugal,PT,63.74,100.87,88.72,85.09,entsoe.eu,false,
2022-02-13 19:00:00,Portugal,Portugal,PT,69.53,105.25,88.77,85.25,entsoe.eu,false,
2022-02-13 20:00:00,Portugal,Portugal,PT,67.01,102.32,89.54,85.48,entsoe.eu,false,
2022-02-13 21:00:00,Portugal,Portugal,PT,67.08,109.58,85.37,75.41,entsoe.eu,false,
2022-02-13 22:00:00,Portugal,Portugal,PT,75.58,119.06,83.85,71.04,entsoe.eu,false,
2022-02-13 23:00:00,Portugal,Portugal,PT,76.91,120.6,83.43,70.49,entsoe.eu,false,
2022-02-14 00:00:00,Portugal,Portugal,PT,75.71,120.1,83.36,71.55,entsoe.eu,false,
2022-02-14 01:00:00,Portugal,Portugal,PT,72.36,116.63,83.92,72.93,entsoe.eu,false,
2022-02-14 02:00:00,Portugal,Portugal,PT,75.87,121.87,82.84,71.53,entsoe.eu,false,
2022-02-14 03:00:00,Portugal,Portugal,PT,76.89,122.88,82.72,71.37,entsoe.eu,false,
2022-02-14 04:00:00,Portugal,Portugal,PT,80.87,128.08,81.66,70.65,entsoe.eu,false,
2022-02-14 05:00:00,Portugal,Portugal,PT,89.0,139.92,79.33,70.09,entsoe.eu,false,
2022-02-14 06:00:00,Portugal,Portugal,PT,102.22,159.09,74.76,69.92,entsoe.eu,false,
2022-02-14 07:00:00,Portugal,Portugal,PT,136.18,191.37,71.55,71.55,entsoe.eu,false,
2022-02-14 08:00:00,Portugal,Portugal,PT,142.14,198.96,69.5,67.53,entsoe.eu,false,
2022-02-14 09:00:00,Portugal,Portugal,PT,132.99,195.37,67.35,62.12,entsoe.eu,false,
2022-02-14 10:00:00,Portugal,Portugal,PT,121.79,181.27,69.9,63.87,entsoe.eu,false,
2022-02-14 11:00:00,Portugal,Portugal,PT,112.41,168.76,72.71,65.97,entsoe.eu,false,
2022-02-14 12:00:00,Portugal,Portugal,PT,105.22,159.34,74.74,67.8,entsoe.eu,false,
2022-02-14 13:00:00,Portugal,Portugal,PT,102.03,154.71,75.55,68.46,entsoe.eu,false,
2022-02-14 14:00:00,Portugal,Portugal,PT,105.3,159.13,74.59,67.46,entsoe.eu,false,
2022-02-14 15:00:00,Portugal,Portugal,PT,107.44,161.41,74.23,66.7,entsoe.eu,false,
2022-02-14 16:00:00,Portugal,Portugal,PT,129.45,190.03,68.09,61.9,entsoe.eu,false,
2022-02-14 17:00:00,Portugal,Portugal,PT,150.56,213.65,64.53,61.02,entsoe.eu,false,
2022-02-14 18:00:00,Portugal,Portugal,PT,148.75,204.19,68.86,66.98,entsoe.eu,false,
2022-02-14 19:00:00,Portugal,Portugal,PT,148.55,204.17,68.56,64.61,entsoe.eu,false,
2022-02-14 20:00:00,Portugal,Portugal,PT,156.32,216.02,65.7,59.93,entsoe.eu,false,
2022-02-14 21:00:00,Portugal,Portugal,PT,165.71,233.05,60.67,50.92,entsoe.eu,false,
2022-02-14 22:00:00,Portugal,Portugal,PT,169.62,239.23,59.63,49.6,entsoe.eu,false,
2022-02-14 23:00:00,Portugal,Portugal,PT,172.02,244.25,58.57,48.61,entsoe.eu,false,
2022-02-15 00:00:00,Portugal,Portugal,PT,166.98,238.3,59.77,49.39,entsoe.eu,false,
2022-02-15 01:00:00,Portugal,Portugal,PT,176.2,250.91,57.5,46.61,entsoe.eu,false,
2022-02-15 02:00:00,Portugal,Portugal,PT,180.41,257.24,56.41,45.8,entsoe.eu,false,
2022-02-15 03:00:00,Portugal,Portugal,PT,159.47,229.06,62.0,50.6,entsoe.eu,false,
2022-02-15 04:00:00,Portugal,Portugal,PT,174.82,249.23,57.98,46.5,entsoe.eu,false,
2022-02-15 05:00:00,Portugal,Portugal,PT,193.56,275.25,51.58,43.53,entsoe.eu,false,
2022-02-15 06:00:00,Portugal,Portugal,PT,192.96,266.47,55.32,55.06,entsoe.eu,false,
2022-02-15 07:00:00,Portugal,Portugal,PT,176.16,238.66,62.29,62.29,entsoe.eu,false,
2022-02-15 08:00:00,Portugal,Portugal,PT,165.41,225.55,64.86,63.59,entsoe.eu,false,
2022-02-15 09:00:00,Portugal,Portugal,PT,161.44,229.12,61.18,54.48,entsoe.eu,false,
2022-02-15 10:00:00,Portugal,Portugal,PT,163.43,231.89,60.91,54.42,entsoe.eu,false,
2022-02-15 11:00:00,Portugal,Portugal,PT,155.02,222.72,62.33,55.14,entsoe.eu,false,
2022-02-15 12:00:00,Portugal,Portugal,PT,147.59,214.56,64.11,56.27,entsoe.eu,false,
2022-02-15 13:00:00,Portugal,Portugal,PT,137.76,202.37,66.76,58.77,entsoe.eu,false,
2022-02-15 14:00:00,Portugal,Portugal,PT,134.96,199.11,67.17,59.89,entsoe.eu,false,
2022-02-15 15:00:00,Portugal,Portugal,PT,133.4,196.22,67.67,60.24,entsoe.eu,false,
2022-02-15 16:00:00,Portugal,Portugal,PT,167.56,237.8,59.09,53.62,entsoe.eu,false,
2022-02-15 17:00:00,Portugal,Portugal,PT,172.88,241.49,59.25,53.55,entsoe.eu,false,
2022-02-15 18:00:00,Portugal,Portugal,PT,162.86,221.42,65.56,62.69,entsoe.eu,false,
2022-02-15 19:00:00,Portugal,Portugal,PT,161.65,219.69,65.74,61.75,entsoe.eu,false,
2022-02-15 20:00:00,Portugal,Portugal,PT,160.19,218.01,66.12,62.29,entsoe.eu,false,
2022-02-15 21:00:00,Portugal,Portugal,PT,163.39,228.15,61.81,55.65,entsoe.eu,false,
2022-02-15 22:00:00,Portugal,Portugal,PT,155.7,222.37,62.06,52.2,entsoe.eu,false,
2022-02-15 23:00:00,Portugal,Portugal,PT,145.83,210.48,65.26,53.76,entsoe.eu,false,
2022-02-16 00:00:00,Portugal,Portugal,PT,124.28,181.37,71.93,58.28,entsoe.eu,false,
2022-02-16 01:00:00,Portugal,Portugal,PT,116.05,171.44,73.8,59.98,entsoe.eu,false,
2022-02-16 02:00:00,Portugal,Portugal,PT,115.75,171.4,73.67,59.88,entsoe.eu,false,
2022-02-16 03:00:00,Portugal,Portugal,PT,108.56,162.04,75.13,62.4,entsoe.eu,false,
2022-02-16 04:00:00,Portugal,Portugal,PT,112.25,165.6,74.81,62.48,entsoe.eu,false,
2022-02-16 05:00:00,Portugal,Portugal,PT,111.91,166.89,74.04,63.6,entsoe.eu,false,
2022-02-16 06:00:00,Portugal,Portugal,PT,130.54,191.57,69.02,64.28,entsoe.eu,false,
2022-02-16 07:00:00,Portugal,Portugal,PT,134.11,192.12,69.96,66.67,entsoe.eu,false,
2022-02-16 08:00:00,Portugal,Portugal,PT,128.52,185.73,70.51,64.15,entsoe.eu,false,
2022-02-16 09:00:00,Portugal,Portugal,PT,116.77,173.17,72.31,62.45,entsoe.eu,false,
2022-02-16 10:00:00,Portugal,Portugal,PT,107.85,161.65,74.66,64.74,entsoe.eu,false,
2022-02-16 11:00:00,Portugal,Portugal,PT,105.65,158.8,75.19,66.06,entsoe.eu,false,
2022-02-16 12:00:00,Portugal,Portugal,PT,96.52,146.11,77.68,67.58,entsoe.eu,false,
2022-02-16 13:00:00,Portugal,Portugal,PT,96.84,146.33,77.48,67.13,entsoe.eu,false,
2022-02-16 14:00:00,Portugal,Portugal,PT,98.98,149.19,76.71,66.74,entsoe.eu,false,
2022-02-16 15:00:00,Portugal,Portugal,PT,100.15,150.32,76.54,65.76,entsoe.eu,false,
2022-02-16 16:00:00,Portugal,Portugal,PT,117.93,172.26,72.04,61.19,entsoe.eu,false,
2022-02-16 17:00:00,Portugal,Portugal,PT,130.09,187.69,69.43,59.71,entsoe.eu,false,
2022-02-16 18:00:00,Portugal,Portugal,PT,139.89,191.83,71.64,66.21,entsoe.eu,false,
2022-02-16 19:00:00,Portugal,Portugal,PT,134.19,188.46,70.42,62.32,entsoe.eu,false,
2022-02-16 20:00:00,Portugal,Portugal,PT,136.38,192.15,69.5,60.59,entsoe.eu,false,
2022-02-16 21:00:00,Portugal,Portugal,PT,148.33,208.55,66.31,55.97,entsoe.eu,false,
2022-02-16 22:00:00,Portugal,Portugal,PT,137.44,197.86,68.02,55.76,entsoe.eu,false,
2022-02-16 23:00:00,Portugal,Portugal,PT,132.91,191.46,69.36,56.25,entsoe.eu,false,
2022-02-17 00:00:00,Portugal,Portugal,PT,120.75,175.49,72.73,59.21,entsoe.eu,false,
2022-02-17 01:00:00,Portugal,Portugal,PT,111.86,165.46,74.52,61.74,entsoe.eu,false,
2022-02-17 02:00:00,Portugal,Portugal,PT,110.08,164.1,74.65,62.43,entsoe.eu,false,
2022-02-17 03:00:00,Portugal,Portugal,PT,117.36,173.61,72.83,60.2,entsoe.eu,false,
2022-02-17 04:00:00,Portugal,Portugal,PT,129.62,189.37,69.94,56.39,entsoe.eu,false,
2022-02-17 05:00:00,Portugal,Portugal,PT,153.57,220.87,63.72,50.71,entsoe.eu,false,
2022-02-17 06:00:00,Portugal,Portugal,PT,201.08,280.62,52.13,46.27,entsoe.eu,false,
2022-02-17 07:00:00,Portugal,Portugal,PT,204.48,278.12,54.9,49.65,entsoe.eu,false,
2022-02-17 08:00:00,Portugal,Portugal,PT,199.47,273.09,54.96,46.5,entsoe.eu,false,
2022-02-17 09:00:00,Portugal,Portugal,PT,195.67,273.53,53.04,43.0,entsoe.eu,false,
2022-02-17 10:00:00,Portugal,Portugal,PT,177.86,252.46,57.57,45.67,entsoe.eu,false,
2022-02-17 11:00:00,Portugal,Portugal,PT,175.03,248.12,58.23,46.11,entsoe.eu,false,
2022-02-17 12:00:00,Portugal,Portugal,PT,172.78,245.39,58.81,46.51,entsoe.eu,false,
2022-02-17 13:00:00,Portugal,Portugal,PT,171.22,243.36,59.18,46.5,entsoe.eu,false,
2022-02-17 14:00:00,Portugal,Portugal,PT,171.24,243.24,59.3,46.44,entsoe.eu,false,
2022-02-17 15:00:00,Portugal,Portugal,PT,174.25,247.36,58.72,45.87,entsoe.eu,false,
2022-02-17 16:00:00,Portugal,Portugal,PT,195.72,275.39,52.75,40.33,entsoe.eu,false,
2022-02-17 17:00:00,Portugal,Portugal,PT,221.37,305.09,46.81,35.57,entsoe.eu,false,
2022-02-17 18:00:00,Portugal,Portugal,PT,201.78,269.37,57.09,53.44,entsoe.eu,false,
2022-02-17 19:00:00,Portugal,Portugal,PT,190.95,254.72,59.91,56.43,entsoe.eu,false,
2022-02-17 20:00:00,Portugal,Portugal,PT,204.41,272.5,56.48,51.33,entsoe.eu,false,
2022-02-17 21:00:00,Portugal,Portugal,PT,225.03,305.8,47.54,37.2,entsoe.eu,false,
2022-02-17 22:00:00,Portugal,Portugal,PT,232.88,317.73,45.31,32.59,entsoe.eu,false,
2022-02-17 23:00:00,Portugal,Portugal,PT,222.26,307.96,45.92,33.51,entsoe.eu,false,
2022-02-18 00:00:00,Portugal,Portugal,PT,214.61,301.01,47.38,34.95,entsoe.eu,false,
2022-02-18 01:00:00,Portugal,Portugal,PT,210.59,297.06,48.71,34.94,entsoe.eu,false,
2022-02-18 02:00:00,Portugal,Portugal,PT,216.94,306.14,46.91,33.31,entsoe.eu,false,
2022-02-18 03:00:00,Portugal,Portugal,PT,203.77,288.42,51.1,35.56,entsoe.eu,false,
2022-02-18 04:00:00,Portugal,Portugal,PT,197.77,281.77,51.92,38.57,entsoe.eu,false,
2022-02-18 05:00:00,Portugal,Portugal,PT,201.98,288.3,49.14,40.88,entsoe.eu,false,
2022-02-18 06:00:00,Portugal,Portugal,PT,192.57,264.38,56.57,56.57,entsoe.eu,false,
2022-02-18 07:00:00,Portugal,Portugal,PT,183.93,248.48,60.61,60.61,entsoe.eu,false,
2022-02-18 08:00:00,Portugal,Portugal,PT,182.15,251.29,57.98,55.85,entsoe.eu,false,
2022-02-18 09:00:00,Portugal,Portugal,PT,186.49,260.76,55.14,48.25,entsoe.eu,false,
2022-02-18 10:00:00,Portugal,Portugal,PT,182.8,258.14,55.22,46.61,entsoe.eu,false,
2022-02-18 11:00:00,Portugal,Portugal,PT,180.94,257.13,54.84,45.41,entsoe.eu,false,
2022-02-18 12:00:00,Portugal,Portugal,PT,172.75,246.18,57.56,48.2,entsoe.eu,false,
2022-02-18 13:00:00,Portugal,Portugal,PT,169.87,242.29,58.69,48.99,entsoe.eu,false,
2022-02-18 14:00:00,Portugal,Portugal,PT,154.17,222.48,62.74,52.25,entsoe.eu,false,
2022-02-18 15:00:00,Portugal,Portugal,PT,146.53,212.61,64.77,54.18,entsoe.eu,false,
2022-02-18 16:00:00,Portugal,Portugal,PT,162.93,228.56,62.51,56.88,entsoe.eu,false,
2022-02-18 17:00:00,Portugal,Portugal,PT,168.61,235.45,60.25,57.95,entsoe.eu,false,
2022-02-18 18:00:00,Portugal,Portugal,PT,160.09,220.26,64.3,64.3,entsoe.eu,false,
2022-02-18 19:00:00,Portugal,Portugal,PT,157.52,216.23,65.32,65.32,entsoe.eu,false,
2022-02-18 20:00:00,Portugal,Portugal,PT,147.2,205.29,66.75,65.72,entsoe.eu,false,
2022-02-18 21:00:00,Portugal,Portugal,PT,129.29,186.14,69.6,66.38,entsoe.eu,false,
2022-02-18 22:00:00,Portugal,Portugal,PT,120.31,177.85,70.23,64.56,entsoe.eu,false,
2022-02-18 23:00:00,Portugal,Portugal,PT,81.51,129.6,80.14,74.63,entsoe.eu,false,
2022-02-19 00:00:00,Portugal,Portugal,PT,63.4,105.16,85.49,77.93,entsoe.eu,false,
2022-02-19 01:00:00,Portugal,Portugal,PT,52.7,91.87,88.44,79.8,entsoe.eu,false,
2022-02-19 02:00:00,Portugal,Portugal,PT,50.33,89.67,88.85,80.45,entsoe.eu,false,
2022-02-19 03:00:00,Portugal,Portugal,PT,53.65,93.94,88.21,79.33,entsoe.eu,false,
2022-02-19 04:00:00,Portugal,Portugal,PT,55.18,96.56,87.76,78.8,entsoe.eu,false,
2022-02-19 05:00:00,Portugal,Portugal,PT,57.95,101.32,86.65,79.54,entsoe.eu,false,
2022-02-19 06:00:00,Portugal,Portugal,PT,61.47,106.33,86.43,85.63,entsoe.eu,false,
2022-02-19 07:00:00,Portugal,Portugal,PT,68.33,113.31,85.79,85.11,entsoe.eu,false,
2022-02-19 08:00:00,Portugal,Portugal,PT,74.29,114.51,87.87,87.87,entsoe.eu,false,
2022-02-19 09:00:00,Portugal,Portugal,PT,66.13,107.61,88.13,86.04,entsoe.eu,false,
2022-02-19 10:00:00,Portugal,Portugal,PT,57.55,101.67,87.12,82.63,entsoe.eu,false,
2022-02-19 11:00:00,Portugal,Portugal,PT,55.51,98.9,87.18,80.9,entsoe.eu,false,
2022-02-19 12:00:00,Portugal,Portugal,PT,56.95,100.99,86.88,79.53,entsoe.eu,false,
2022-02-19 13:00:00,Portugal,Portugal,PT,64.38,110.87,85.44,76.77,entsoe.eu,false,
2022-02-19 14:00:00,Portugal,Portugal,PT,67.28,112.86,85.18,75.27,entsoe.eu,false,
2022-02-19 15:00:00,Portugal,Portugal,PT,75.4,123.48,82.8,73.44,entsoe.eu,false,
2022-02-19 16:00:00,Portugal,Portugal,PT,87.78,141.64,78.4,73.18,entsoe.eu,false,
2022-02-19 17:00:00,Portugal,Portugal,PT,114.91,170.04,74.35,71.66,entsoe.eu,false,
2022-02-19 18:00:00,Portugal,Portugal,PT,126.9,177.43,74.34,74.34,entsoe.eu,false,
2022-02-19 19:00:00,Portugal,Portugal,PT,121.75,169.05,76.21,76.21,entsoe.eu,false,
2022-02-19 20:00:00,Portugal,Portugal,PT,124.05,171.27,76.14,76.14,entsoe.eu,false,
2022-02-19 21:00:00,Portugal,Portugal,PT,131.04,183.33,73.18,73.18,entsoe.eu,false,
2022-02-19 22:00:00,Portugal,Portugal,PT,136.49,192.47,71.52,68.77,entsoe.eu,false,
2022-02-19 23:00:00,Portugal,Portugal,PT,120.61,179.14,72.62,62.95,entsoe.eu,false,
2022-02-20 00:00:00,Portugal,Portugal,PT,107.54,163.1,76.95,63.29,entsoe.eu,false,
2022-02-20 01:00:00,Portugal,Portugal,PT,114.63,173.03,75.16,61.17,entsoe.eu,false,
2022-02-20 02:00:00,Portugal,Portugal,PT,116.6,174.82,75.16,59.29,entsoe.eu,false,
2022-02-20 03:00:00,Portugal,Portugal,PT,116.43,176.36,74.53,58.78,entsoe.eu,false,
2022-02-20 04:00:00,Portugal,Portugal,PT,119.19,179.73,73.93,59.8,entsoe.eu,false,
2022-02-20 05:00:00,Portugal,Portugal,PT,123.78,185.47,73.36,57.52,entsoe.eu,false,
2022-02-20 06:00:00,Portugal,Portugal,PT,124.11,183.96,73.51,56.58,entsoe.eu,false,
2022-02-20 07:00:00,Portugal,Portugal,PT,124.08,183.82,73.28,55.54,entsoe.eu,false,
2022-02-20 08:00:00,Portugal,Portugal,PT,105.48,161.48,77.12,59.94,entsoe.eu,false,
2022-02-20 09:00:00,Portugal,Portugal,PT,94.78,148.87,79.47,62.93,entsoe.eu,false,
2022-02-20 10:00:00,Portugal,Portugal,PT,85.66,138.48,81.38,64.74,entsoe.eu,false,
2022-02-20 11:00:00,Portugal,Portugal,PT,86.55,140.0,80.89,64.15,entsoe.eu,false,
2022-02-20 12:00:00,Portugal,Portugal,PT,89.34,143.07,80.33,63.01,entsoe.eu,false,
2022-02-20 13:00:00,Portugal,Portugal,PT,89.62,143.18,80.31,62.75,Electricity Maps Estimation,false,
2022-02-20 14:00:00,Portugal,Portugal,PT,93.68,147.7,79.64,61.81,Electricity Maps Estimation,false,
2022-02-20 15:00:00,Portugal,Portugal,PT,97.39,152.2,78.95,60.48,Electricity Maps Estimation,false,
2022-02-20 16:00:00,Portugal,Portugal,PT,110.96,169.91,75.79,56.66,entsoe.eu,false,
2022-02-20 17:00:00,Portugal,Portugal,PT,127.76,183.27,76.17,63.84,entsoe.eu,false,
2022-02-20 18:00:00,Portugal,Portugal,PT,124.95,171.97,79.66,72.12,entsoe.eu,false,
2022-02-20 19:00:00,Portugal,Portugal,PT,124.72,172.38,78.46,69.55,entsoe.eu,false,
2022-02-20 20:00:00,Portugal,Portugal,PT,123.93,173.07,77.63,67.59,entsoe.eu,false,
2022-02-20 21:00:00,Portugal,Portugal,PT,126.6,180.09,75.08,62.53,entsoe.eu,false,
2022-02-20 22:00:00,Portugal,Portugal,PT,137.83,197.27,71.53,55.41,entsoe.eu,false,
2022-02-20 23:00:00,Portugal,Portugal,PT,144.3,207.86,69.56,51.54,entsoe.eu,false,
2022-02-21 00:00:00,Portugal,Portugal,PT,129.21,190.01,72.48,53.72,entsoe.eu,false,
2022-02-21 01:00:00,Portugal,Portugal,PT,118.28,174.29,74.72,57.28,entsoe.eu,false,
2022-02-21 02:00:00,Portugal,Portugal,PT,118.31,175.93,74.36,57.14,entsoe.eu,false,
2022-02-21 03:00:00,Portugal,Portugal,PT,121.06,180.6,73.41,56.14,entsoe.eu,false,
2022-02-21 04:00:00,Portugal,Portugal,PT,128.46,189.3,71.6,54.69,entsoe.eu,false,
2022-02-21 05:00:00,Portugal,Portugal,PT,126.05,190.28,70.7,59.28,entsoe.eu,false,
2022-02-21 06:00:00,Portugal,Portugal,PT,133.63,191.01,72.72,68.37,entsoe.eu,false,
2022-02-21 07:00:00,Portugal,Portugal,PT,135.15,192.65,70.98,66.67,entsoe.eu,false,
2022-02-21 08:00:00,Portugal,Portugal,PT,126.05,184.92,70.78,62.96,entsoe.eu,false,
2022-02-21 09:00:00,Portugal,Portugal,PT,119.5,178.55,71.65,61.84,entsoe.eu,false,
2022-02-21 10:00:00,Portugal,Portugal,PT,114.51,172.15,73.3,62.6,entsoe.eu,false,
2022-02-21 11:00:00,Portugal,Portugal,PT,112.07,168.16,74.31,63.13,entsoe.eu,false,
2022-02-21 12:00:00,Portugal,Portugal,PT,114.69,171.46,73.81,61.87,entsoe.eu,false,
2022-02-21 13:00:00,Portugal,Portugal,PT,116.09,173.16,73.51,61.51,entsoe.eu,false,
2022-02-21 14:00:00,Portugal,Portugal,PT,117.13,175.61,72.92,61.23,entsoe.eu,false,
2022-02-21 15:00:00,Portugal,Portugal,PT,123.48,183.91,71.34,59.05,entsoe.eu,false,
2022-02-21 16:00:00,Portugal,Portugal,PT,139.65,203.36,67.66,53.76,entsoe.eu,false,
2022-02-21 17:00:00,Portugal,Portugal,PT,156.19,220.65,65.26,53.31,entsoe.eu,false,
2022-02-21 18:00:00,Portugal,Portugal,PT,139.78,195.79,70.26,62.15,entsoe.eu,false,
2022-02-21 19:00:00,Portugal,Portugal,PT,131.45,184.47,72.33,63.54,entsoe.eu,false,
2022-02-21 20:00:00,Portugal,Portugal,PT,130.06,183.69,72.12,62.71,entsoe.eu,false,
2022-02-21 21:00:00,Portugal,Portugal,PT,136.33,193.95,69.63,58.62,entsoe.eu,false,
2022-02-21 22:00:00,Portugal,Portugal,PT,126.83,184.91,70.77,58.48,entsoe.eu,false,
2022-02-21 23:00:00,Portugal,Portugal,PT,116.74,173.32,73.01,62.15,entsoe.eu,false,
2022-02-22 00:00:00,Portugal,Portugal,PT,108.93,165.48,74.67,65.97,entsoe.eu,false,
2022-02-22 01:00:00,Portugal,Portugal,PT,107.29,163.34,74.82,67.26,entsoe.eu,false,
2022-02-22 02:00:00,Portugal,Portugal,PT,106.94,162.87,74.79,67.29,entsoe.eu,false,
2022-02-22 03:00:00,Portugal,Portugal,PT,110.77,168.27,73.63,65.79,entsoe.eu,false,
2022-02-22 04:00:00,Portugal,Portugal,PT,111.47,171.21,72.56,67.22,entsoe.eu,false,
2022-02-22 05:00:00,Portugal,Portugal,PT,126.48,190.36,67.65,64.03,entsoe.eu,false,
2022-02-22 06:00:00,Portugal,Portugal,PT,132.78,196.38,66.77,65.19,entsoe.eu,false,
2022-02-22 07:00:00,Portugal,Portugal,PT,142.24,202.81,67.3,65.9,entsoe.eu,false,
2022-02-22 08:00:00,Portugal,Portugal,PT,146.76,212.87,64.06,56.41,entsoe.eu,false,
2022-02-22 09:00:00,Portugal,Portugal,PT,142.81,208.99,65.18,56.72,entsoe.eu,false,
2022-02-22 10:00:00,Portugal,Portugal,PT,139.01,204.27,66.53,57.17,entsoe.eu,false,
2022-02-22 11:00:00,Portugal,Portugal,PT,128.96,190.88,69.74,58.84,entsoe.eu,false,
2022-02-22 12:00:00,Portugal,Portugal,PT,129.69,191.98,69.58,57.93,entsoe.eu,false,
2022-02-22 13:00:00,Portugal,Portugal,PT,133.08,195.73,68.73,55.89,entsoe.eu,false,
2022-02-22 14:00:00,Portugal,Portugal,PT,137.14,201.98,67.55,54.85,entsoe.eu,false,
2022-02-22 15:00:00,Portugal,Portugal,PT,134.02,197.75,68.84,54.89,entsoe.eu,false,
2022-02-22 16:00:00,Portugal,Portugal,PT,155.76,224.5,63.6,48.97,entsoe.eu,false,
2022-02-22 17:00:00,Portugal,Portugal,PT,184.61,258.16,57.48,43.07,entsoe.eu,false,
2022-02-22 18:00:00,Portugal,Portugal,PT,161.16,219.17,67.4,61.05,entsoe.eu,false,
2022-02-22 19:00:00,Portugal,Portugal,PT,155.38,212.21,68.17,60.95,entsoe.eu,false,
2022-02-22 20:00:00,Portugal,Portugal,PT,157.51,217.18,66.67,56.86,entsoe.eu,false,
2022-02-22 21:00:00,Portugal,Portugal,PT,161.72,228.23,62.4,49.34,entsoe.eu,false,
2022-02-22 22:00:00,Portugal,Portugal,PT,159.63,226.15,62.97,49.54,entsoe.eu,false,
2022-02-22 23:00:00,Portugal,Portugal,PT,144.36,207.45,66.39,53.88,entsoe.eu,false,
2022-02-23 00:00:00,Portugal,Portugal,PT,129.65,190.58,69.61,59.28,entsoe.eu,false,
2022-02-23 01:00:00,Portugal,Portugal,PT,122.0,183.99,70.42,63.33,entsoe.eu,false,
2022-02-23 02:00:00,Portugal,Portugal,PT,120.19,182.98,70.31,64.29,entsoe.eu,false,
2022-02-23 03:00:00,Portugal,Portugal,PT,132.37,199.21,66.65,61.8,entsoe.eu,false,
2022-02-23 04:00:00,Portugal,Portugal,PT,142.51,212.27,63.86,59.18,entsoe.eu,false,
2022-02-23 05:00:00,Portugal,Portugal,PT,156.37,230.11,59.8,59.54,entsoe.eu,false,
2022-02-23 06:00:00,Portugal,Portugal,PT,167.03,234.93,59.88,59.88,entsoe.eu,false,
2022-02-23 07:00:00,Portugal,Portugal,PT,172.99,238.41,60.69,60.69,entsoe.eu,false,
2022-02-23 08:00:00,Portugal,Portugal,PT,171.68,236.01,61.58,61.58,entsoe.eu,false,
2022-02-23 09:00:00,Portugal,Portugal,PT,182.94,258.67,55.04,48.6,entsoe.eu,false,
2022-02-23 10:00:00,Portugal,Portugal,PT,186.44,264.44,53.98,44.4,entsoe.eu,false,
2022-02-23 11:00:00,Portugal,Portugal,PT,187.72,266.32,53.94,43.49,entsoe.eu,false,
2022-02-23 12:00:00,Portugal,Portugal,PT,186.29,264.65,54.74,43.46,entsoe.eu,false,
2022-02-23 13:00:00,Portugal,Portugal,PT,184.55,262.55,55.53,43.38,entsoe.eu,false,
2022-02-23 14:00:00,Portugal,Portugal,PT,188.97,268.29,54.46,41.86,entsoe.eu,false,
2022-02-23 15:00:00,Portugal,Portugal,PT,195.58,276.19,53.16,39.63,entsoe.eu,false,
2022-02-23 16:00:00,Portugal,Portugal,PT,219.2,305.59,46.56,34.65,entsoe.eu,false,
2022-02-23 17:00:00,Portugal,Portugal,PT,203.1,274.26,55.1,53.36,entsoe.eu,false,
2022-02-23 18:00:00,Portugal,Portugal,PT,194.47,260.36,58.32,56.54,entsoe.eu,false,
2022-02-23 19:00:00,Portugal,Portugal,PT,197.3,264.59,57.33,53.68,entsoe.eu,false,
2022-02-23 20:00:00,Portugal,Portugal,PT,206.36,276.83,54.72,49.75,entsoe.eu,false,
2022-02-23 21:00:00,Portugal,Portugal,PT,243.32,327.38,43.88,32.6,entsoe.eu,false,
2022-02-23 22:00:00,Portugal,Portugal,PT,250.35,339.3,41.04,26.48,entsoe.eu,false,
2022-02-23 23:00:00,Portugal,Portugal,PT,234.88,315.8,48.44,35.15,entsoe.eu,false,
2022-02-24 00:00:00,Portugal,Portugal,PT,243.21,333.06,44.11,27.81,entsoe.eu,false,
2022-02-24 01:00:00,Portugal,Portugal,PT,250.99,346.56,40.52,22.47,entsoe.eu,false,
2022-02-24 02:00:00,Portugal,Portugal,PT,252.49,349.74,39.73,21.91,entsoe.eu,false,
2022-02-24 03:00:00,Portugal,Portugal,PT,254.29,352.87,39.04,21.79,entsoe.eu,false,
2022-02-24 04:00:00,Portugal,Portugal,PT,253.85,352.23,39.0,23.35,entsoe.eu,false,
2022-02-24 05:00:00,Portugal,Portugal,PT,231.12,316.74,47.2,41.96,entsoe.eu,false,
2022-02-24 06:00:00,Portugal,Portugal,PT,208.11,278.59,55.75,55.75,entsoe.eu,false,
2022-02-24 07:00:00,Portugal,Portugal,PT,199.27,265.16,58.48,58.48,entsoe.eu,false,
2022-02-24 08:00:00,Portugal,Portugal,PT,201.25,269.65,56.68,54.59,entsoe.eu,false,
2022-02-24 09:00:00,Portugal,Portugal,PT,198.04,269.26,55.48,48.89,entsoe.eu,false,
2022-02-24 10:00:00,Portugal,Portugal,PT,196.71,267.39,56.53,48.84,entsoe.eu,false,
2022-02-24 11:00:00,Portugal,Portugal,PT,192.06,261.73,57.63,49.91,entsoe.eu,false,
2022-02-24 12:00:00,Portugal,Portugal,PT,193.03,265.17,55.97,48.63,entsoe.eu,false,
2022-02-24 13:00:00,Portugal,Portugal,PT,193.81,268.88,54.2,45.18,entsoe.eu,false,
2022-02-24 14:00:00,Portugal,Portugal,PT,189.95,267.67,53.25,41.88,entsoe.eu,false,
2022-02-24 15:00:00,Portugal,Portugal,PT,184.59,260.4,55.19,42.56,entsoe.eu,false,
2022-02-24 16:00:00,Portugal,Portugal,PT,194.66,272.8,52.27,40.51,entsoe.eu,false,
2022-02-24 17:00:00,Portugal,Portugal,PT,201.67,280.84,50.4,42.08,entsoe.eu,false,
2022-02-24 18:00:00,Portugal,Portugal,PT,190.78,258.79,57.73,55.17,entsoe.eu,false,
2022-02-24 19:00:00,Portugal,Portugal,PT,176.05,238.32,62.1,60.56,entsoe.eu,false,
2022-02-24 20:00:00,Portugal,Portugal,PT,171.94,237.16,61.02,56.92,entsoe.eu,false,
2022-02-24 21:00:00,Portugal,Portugal,PT,161.46,229.26,60.5,55.24,entsoe.eu,false,
2022-02-24 22:00:00,Portugal,Portugal,PT,146.3,211.56,63.99,57.23,entsoe.eu,false,
2022-02-24 23:00:00,Portugal,Portugal,PT,111.83,168.06,73.6,65.24,entsoe.eu,false,
2022-02-25 00:00:00,Portugal,Portugal,PT,102.75,157.99,75.88,68.17,entsoe.eu,false,
2022-02-25 01:00:00,Portugal,Portugal,PT,98.82,152.84,76.67,69.71,entsoe.eu,false,
2022-02-25 02:00:00,Portugal,Portugal,PT,104.12,157.2,76.05,66.89,entsoe.eu,false,
2022-02-25 03:00:00,Portugal,Portugal,PT,100.38,152.7,76.85,67.25,entsoe.eu,false,
2022-02-25 04:00:00,Portugal,Portugal,PT,99.67,152.63,76.76,68.54,entsoe.eu,false,
2022-02-25 05:00:00,Portugal,Portugal,PT,100.87,159.3,74.0,72.13,entsoe.eu,false,
2022-02-25 06:00:00,Portugal,Portugal,PT,122.44,176.68,71.97,71.97,entsoe.eu,false,
2022-02-25 07:00:00,Portugal,Portugal,PT,120.14,171.29,73.2,73.2,entsoe.eu,false,
2022-02-25 08:00:00,Portugal,Portugal,PT,120.13,166.76,75.86,75.86,entsoe.eu,false,
2022-02-25 09:00:00,Portugal,Portugal,PT,120.24,171.26,73.99,73.99,entsoe.eu,false,
2022-02-25 10:00:00,Portugal,Portugal,PT,114.41,171.63,71.54,68.58,entsoe.eu,false,
2022-02-25 11:00:00,Portugal,Portugal,PT,116.1,172.01,72.38,69.93,entsoe.eu,false,
2022-02-25 12:00:00,Portugal,Portugal,PT,117.91,176.38,71.08,67.27,entsoe.eu,false,
2022-02-25 13:00:00,Portugal,Portugal,PT,124.18,185.54,69.68,63.32,entsoe.eu,false,
2022-02-25 14:00:00,Portugal,Portugal,PT,131.56,194.91,67.93,60.72,entsoe.eu,false,
2022-02-25 15:00:00,Portugal,Portugal,PT,140.04,205.02,65.88,57.66,entsoe.eu,false,
2022-02-25 16:00:00,Portugal,Portugal,PT,160.36,231.02,60.06,55.65,entsoe.eu,false,
2022-02-25 17:00:00,Portugal,Portugal,PT,166.2,235.43,59.81,58.05,entsoe.eu,false,
2022-02-25 18:00:00,Portugal,Portugal,PT,148.46,205.74,66.76,66.76,entsoe.eu,false,
2022-02-25 19:00:00,Portugal,Portugal,PT,151.07,214.66,62.56,62.56,entsoe.eu,false,
2022-02-25 20:00:00,Portugal,Portugal,PT,155.66,223.64,59.74,58.1,entsoe.eu,false,
2022-02-25 21:00:00,Portugal,Portugal,PT,158.57,228.69,58.39,57.44,entsoe.eu,false,
2022-02-25 22:00:00,Portugal,Portugal,PT,155.9,226.14,59.38,57.09,entsoe.eu,false,
2022-02-25 23:00:00,Portugal,Portugal,PT,154.98,225.95,59.88,58.45,entsoe.eu,false,
2022-02-26 00:00:00,Portugal,Portugal,PT,149.9,219.58,61.66,59.04,entsoe.eu,false,
2022-02-26 01:00:00,Portugal,Portugal,PT,135.89,202.77,65.17,62.16,entsoe.eu,false,
2022-02-26 02:00:00,Portugal,Portugal,PT,139.14,205.49,65.16,59.4,entsoe.eu,false,
2022-02-26 03:00:00,Portugal,Portugal,PT,142.34,206.37,66.07,55.11,entsoe.eu,false,
2022-02-26 04:00:00,Portugal,Portugal,PT,144.62,209.66,65.54,54.5,entsoe.eu,false,
2022-02-26 05:00:00,Portugal,Portugal,PT,146.94,217.82,62.41,58.78,entsoe.eu,false,
2022-02-26 06:00:00,Portugal,Portugal,PT,147.8,220.57,61.44,59.71,entsoe.eu,false,
2022-02-26 07:00:00,Portugal,Portugal,PT,149.78,223.37,60.62,59.47,entsoe.eu,false,
2022-02-26 08:00:00,Portugal,Portugal,PT,150.17,222.15,61.35,58.36,entsoe.eu,false,
2022-02-26 09:00:00,Portugal,Portugal,PT,155.59,224.62,62.31,52.15,entsoe.eu,false,
2022-02-26 10:00:00,Portugal,Portugal,PT,155.93,226.07,62.38,51.49,entsoe.eu,false,
2022-02-26 11:00:00,Portugal,Portugal,PT,165.63,237.88,60.49,47.44,entsoe.eu,false,
2022-02-26 12:00:00,Portugal,Portugal,PT,172.31,246.09,59.13,44.85,entsoe.eu,false,
2022-02-26 13:00:00,Portugal,Portugal,PT,172.83,245.68,59.54,43.94,entsoe.eu,false,
2022-02-26 14:00:00,Portugal,Portugal,PT,183.98,259.01,57.13,40.52,entsoe.eu,false,
2022-02-26 15:00:00,Portugal,Portugal,PT,188.24,263.92,56.37,39.15,entsoe.eu,false,
2022-02-26 16:00:00,Portugal,Portugal,PT,188.94,266.79,55.77,42.4,entsoe.eu,false,
2022-02-26 17:00:00,Portugal,Portugal,PT,181.56,254.26,58.85,51.15,entsoe.eu,false,
2022-02-26 18:00:00,Portugal,Portugal,PT,171.59,238.62,62.21,54.04,entsoe.eu,false,
2022-02-26 19:00:00,Portugal,Portugal,PT,177.11,246.83,59.86,47.22,entsoe.eu,false,
2022-02-26 20:00:00,Portugal,Portugal,PT,179.62,250.79,58.81,45.96,entsoe.eu,false,
2022-02-26 21:00:00,Portugal,Portugal,PT,194.59,270.1,55.71,39.08,entsoe.eu,true,ESTIMATED_TIME_SLICER_AVERAGE
2022-02-26 22:00:00,Portugal,Portugal,PT,201.37,278.18,55.09,36.72,entsoe.eu,false,
2022-02-26 23:00:00,Portugal,Portugal,PT,193.1,267.54,58.55,37.19,entsoe.eu,false,
2022-02-27 00:00:00,Portugal,Portugal,PT,194.99,270.67,58.51,35.91,entsoe.eu,false,
2022-02-27 01:00:00,Portugal,Portugal,PT,199.58,278.18,57.16,35.21,entsoe.eu,false,
2022-02-27 02:00:00,Portugal,Portugal,PT,206.89,287.62,55.83,33.33,entsoe.eu,false,
2022-02-27 03:00:00,Portugal,Portugal,PT,209.34,290.78,55.34,33.34,entsoe.eu,false,
2022-02-27 04:00:00,Portugal,Portugal,PT,215.53,299.61,53.87,32.64,entsoe.eu,false,
2022-02-27 05:00:00,Portugal,Portugal,PT,211.34,293.72,55.01,33.58,entsoe.eu,false,
2022-02-27 06:00:00,Portugal,Portugal,PT,218.49,303.08,53.57,31.73,entsoe.eu,false,
2022-02-27 07:00:00,Portugal,Portugal,PT,208.21,289.71,56.03,34.58,entsoe.eu,false,
2022-02-27 08:00:00,Portugal,Portugal,PT,178.49,252.8,61.97,42.53,entsoe.eu,false,
2022-02-27 09:00:00,Portugal,Portugal,PT,162.13,233.97,64.98,46.89,entsoe.eu,false,
2022-02-27 10:00:00,Portugal,Portugal,PT,154.41,224.05,66.99,49.07,entsoe.eu,false,
2022-02-27 11:00:00,Portugal,Portugal,PT,151.58,219.87,67.59,50.36,entsoe.eu,false,
2022-02-27 12:00:00,Portugal,Portugal,PT,151.04,219.29,67.69,50.3,entsoe.eu,false,
2022-02-27 13:00:00,Portugal,Portugal,PT,152.75,221.51,67.32,49.76,entsoe.eu,false,
2022-02-27 14:00:00,Portugal,Portugal,PT,152.36,219.26,67.89,49.3,entsoe.eu,false,
2022-02-27 15:00:00,Portugal,Portugal,PT,151.73,218.78,68.09,49.86,entsoe.eu,false,
2022-02-27 16:00:00,Portugal,Portugal,PT,167.01,239.05,63.82,46.41,entsoe.eu,false,
2022-02-27 17:00:00,Portugal,Portugal,PT,190.14,267.08,58.37,40.88,entsoe.eu,false,
2022-02-27 18:00:00,Portugal,Portugal,PT,175.82,239.44,65.55,57.15,entsoe.eu,false,
2022-02-27 19:00:00,Portugal,Portugal,PT,165.89,221.78,69.95,63.68,entsoe.eu,false,
2022-02-27 20:00:00,Portugal,Portugal,PT,171.26,226.98,69.83,62.78,entsoe.eu,false,
2022-02-27 21:00:00,Portugal,Portugal,PT,197.93,267.76,59.52,46.92,entsoe.eu,false,
2022-02-27 22:00:00,Portugal,Portugal,PT,217.83,299.09,51.79,33.65,entsoe.eu,false,
2022-02-27 23:00:00,Portugal,Portugal,PT,212.67,290.29,54.94,40.19,entsoe.eu,false,
2022-02-28 00:00:00,Portugal,Portugal,PT,238.45,328.02,46.47,28.22,entsoe.eu,false,
2022-02-28 01:00:00,Portugal,Portugal,PT,256.16,350.03,43.37,22.61,entsoe.eu,false,
2022-02-28 02:00:00,Portugal,Portugal,PT,258.68,353.22,42.85,22.56,entsoe.eu,false,
2022-02-28 03:00:00,Portugal,Portugal,PT,252.36,344.94,44.94,24.44,entsoe.eu,false,
2022-02-28 04:00:00,Portugal,Portugal,PT,251.68,345.94,43.15,25.75,entsoe.eu,false,
2022-02-28 05:00:00,Portugal,Portugal,PT,227.05,314.97,46.68,41.68,entsoe.eu,false,
2022-02-28 06:00:00,Portugal,Portugal,PT,203.87,271.46,58.36,58.36,entsoe.eu,false,
2022-02-28 07:00:00,Portugal,Portugal,PT,200.71,266.55,59.05,59.05,entsoe.eu,false,
2022-02-28 08:00:00,Portugal,Portugal,PT,212.14,290.3,50.6,46.33,entsoe.eu,false,
2022-02-28 09:00:00,Portugal,Portugal,PT,214.02,299.18,46.82,38.57,entsoe.eu,false,
2022-02-28 10:00:00,Portugal,Portugal,PT,206.85,290.18,49.08,40.48,entsoe.eu,false,
2022-02-28 11:00:00,Portugal,Portugal,PT,196.84,276.4,52.31,42.74,entsoe.eu,false,
2022-02-28 12:00:00,Portugal,Portugal,PT,196.48,275.44,52.72,42.71,entsoe.eu,false,
2022-02-28 13:00:00,Portugal,Portugal,PT,202.66,283.86,50.89,41.46,entsoe.eu,false,
2022-02-28 14:00:00,Portugal,Portugal,PT,203.9,286.12,50.62,40.6,entsoe.eu,false,
2022-02-28 15:00:00,Portugal,Portugal,PT,219.1,305.71,46.83,38.1,entsoe.eu,false,
2022-02-28 16:00:00,Portugal,Portugal,PT,236.17,326.9,42.15,32.98,entsoe.eu,false,
2022-02-28 17:00:00,Portugal,Portugal,PT,256.78,349.59,37.67,31.78,entsoe.eu,false,
2022-02-28 18:00:00,Portugal,Portugal,PT,222.68,298.72,49.63,48.05,entsoe.eu,false,
2022-02-28 19:00:00,Portugal,Portugal,PT,210.48,281.33,53.56,51.81,entsoe.eu,false,
2022-02-28 20:00:00,Portugal,Portugal,PT,208.84,280.17,53.92,50.12,entsoe.eu,false,
2022-02-28 21:00:00,Portugal,Portugal,PT,239.59,326.12,43.01,33.01,entsoe.eu,false,
2022-02-28 22:00:00,Portugal,Portugal,PT,264.03,358.99,36.66,23.11,entsoe.eu,false,
2022-02-28 23:00:00,Portugal,Portugal,PT,261.25,356.38,37.83,23.94,entsoe.eu,false,
2022-03-01 00:00:00,Portugal,Portugal,PT,255.72,351.27,39.22,25.53,entsoe.eu,false,
2022-03-01 01:00:00,Portugal,Portugal,PT,242.83,334.15,43.06,29.09,entsoe.eu,false,
2022-03-01 02:00:00,Portugal,Portugal,PT,241.39,332.75,43.08,30.41,entsoe.eu,false,
2022-03-01 03:00:00,Portugal,Portugal,PT,234.03,322.05,45.21,32.24,entsoe.eu,false,
2022-03-01 04:00:00,Portugal,Portugal,PT,230.0,319.56,44.66,35.65,entsoe.eu,false,
2022-03-01 05:00:00,Portugal,Portugal,PT,220.5,312.76,42.94,40.1,entsoe.eu,false,
2022-03-01 06:00:00,Portugal,Portugal,PT,197.14,270.68,53.96,53.96,entsoe.eu,false,
2022-03-01 07:00:00,Portugal,Portugal,PT,189.81,261.26,55.39,55.39,entsoe.eu,false,
2022-03-01 08:00:00,Portugal,Portugal,PT,192.84,269.01,52.73,52.73,entsoe.eu,false,
2022-03-01 09:00:00,Portugal,Portugal,PT,199.7,282.37,49.53,44.66,entsoe.eu,false,
2022-03-01 10:00:00,Portugal,Portugal,PT,182.35,258.78,55.41,48.14,entsoe.eu,false,
2022-03-01 11:00:00,Portugal,Portugal,PT,179.01,254.96,55.77,49.67,entsoe.eu,false,
2022-03-01 12:00:00,Portugal,Portugal,PT,170.45,244.02,57.93,52.09,entsoe.eu,false,
2022-03-01 13:00:00,Portugal,Portugal,PT,162.43,232.53,60.67,53.84,entsoe.eu,false,
2022-03-01 14:00:00,Portugal,Portugal,PT,164.47,236.23,59.78,53.52,entsoe.eu,false,
2022-03-01 15:00:00,Portugal,Portugal,PT,170.94,246.46,57.27,52.36,entsoe.eu,false,
2022-03-01 16:00:00,Portugal,Portugal,PT,184.08,264.26,52.53,49.65,entsoe.eu,false,
2022-03-01 17:00:00,Portugal,Portugal,PT,195.31,278.31,49.12,47.03,entsoe.eu,false,
2022-03-01 18:00:00,Portugal,Portugal,PT,165.11,227.32,62.92,62.92,entsoe.eu,false,
2022-03-01 19:00:00,Portugal,Portugal,PT,154.99,211.09,66.91,66.91,entsoe.eu,false,
2022-03-01 20:00:00,Portugal,Portugal,PT,171.44,241.46,57.82,56.39,entsoe.eu,false,
2022-03-01 21:00:00,Portugal,Portugal,PT,190.43,268.16,52.56,47.23,entsoe.eu,false,
2022-03-01 22:00:00,Portugal,Portugal,PT,192.32,270.93,52.76,46.33,entsoe.eu,false,
2022-03-01 23:00:00,Portugal,Portugal,PT,185.31,263.6,54.24,48.5,entsoe.eu,false,
2022-03-02 00:00:00,Portugal,Portugal,PT,180.91,257.32,55.36,49.53,entsoe.eu,false,
2022-03-02 01:00:00,Portugal,Portugal,PT,179.69,257.46,55.17,50.07,entsoe.eu,false,
2022-03-02 02:00:00,Portugal,Portugal,PT,179.15,256.0,55.75,50.12,entsoe.eu,false,
2022-03-02 03:00:00,Portugal,Portugal,PT,180.73,256.86,55.73,49.68,entsoe.eu,false,
2022-03-02 04:00:00,Portugal,Portugal,PT,185.99,267.66,52.48,49.12,entsoe.eu,false,
2022-03-02 05:00:00,Portugal,Portugal,PT,197.64,284.05,47.6,46.86,entsoe.eu,false,
2022-03-02 06:00:00,Portugal,Portugal,PT,185.76,253.75,57.98,57.98,entsoe.eu,false,
2022-03-02 07:00:00,Portugal,Portugal,PT,170.5,232.0,62.77,62.77,entsoe.eu,false,
2022-03-02 08:00:00,Portugal,Portugal,PT,175.47,244.09,58.97,58.97,entsoe.eu,false,
2022-03-02 09:00:00,Portugal,Portugal,PT,176.55,252.22,55.75,50.82,entsoe.eu,false,
2022-03-02 10:00:00,Portugal,Portugal,PT,166.3,238.05,59.42,52.77,entsoe.eu,false,
2022-03-02 11:00:00,Portugal,Portugal,PT,165.68,237.86,59.78,52.77,entsoe.eu,false,
2022-03-02 12:00:00,Portugal,Portugal,PT,166.0,238.61,60.0,52.44,entsoe.eu,false,
2022-03-02 13:00:00,Portugal,Portugal,PT,161.45,230.97,61.74,53.2,entsoe.eu,false,
2022-03-02 14:00:00,Portugal,Portugal,PT,157.95,225.92,62.84,53.93,entsoe.eu,false,
2022-03-02 15:00:00,Portugal,Portugal,PT,161.3,229.16,62.21,53.03,entsoe.eu,false,
2022-03-02 16:00:00,Portugal,Portugal,PT,179.22,253.26,56.74,48.95,entsoe.eu,false,
2022-03-02 17:00:00,Portugal,Portugal,PT,195.19,271.46,53.24,49.26,entsoe.eu,false,
2022-03-02 18:00:00,Portugal,Portugal,PT,178.12,245.21,59.43,58.44,entsoe.eu,false,
2022-03-02 19:00:00,Portugal,Portugal,PT,158.57,219.11,64.24,64.05,entsoe.eu,false,
2022-03-02 20:00:00,Portugal,Portugal,PT,171.09,239.11,58.61,56.47,entsoe.eu,false,
2022-03-02 21:00:00,Portugal,Portugal,PT,189.71,263.67,54.18,50.35,entsoe.eu,false,
2022-03-02 22:00:00,Portugal,Portugal,PT,196.13,275.74,51.01,45.2,entsoe.eu,false,
2022-03-02 23:00:00,Portugal,Portugal,PT,206.9,290.28,48.56,42.07,entsoe.eu,false,
2022-03-03 00:00:00,Portugal,Portugal,PT,211.98,294.86,48.89,39.23,entsoe.eu,false,
2022-03-03 01:00:00,Portugal,Portugal,PT,213.14,297.81,47.85,39.65,entsoe.eu,false,
2022-03-03 02:00:00,Portugal,Portugal,PT,203.28,285.79,49.9,42.21,entsoe.eu,false,
2022-03-03 03:00:00,Portugal,Portugal,PT,195.15,277.16,50.3,45.97,entsoe.eu,false,
2022-03-03 04:00:00,Portugal,Portugal,PT,188.44,270.73,49.63,49.63,entsoe.eu,false,
2022-03-03 05:00:00,Portugal,Portugal,PT,172.01,239.67,58.28,58.28,entsoe.eu,false,
2022-03-03 06:00:00,Portugal,Portugal,PT,161.1,219.94,64.35,64.35,entsoe.eu,false,
2022-03-03 07:00:00,Portugal,Portugal,PT,153.56,208.68,66.93,66.93,entsoe.eu,false,
2022-03-03 08:00:00,Portugal,Portugal,PT,148.49,202.8,67.72,67.72,entsoe.eu,false,
2022-03-03 09:00:00,Portugal,Portugal,PT,147.7,203.22,67.09,67.09,entsoe.eu,false,
2022-03-03 10:00:00,Portugal,Portugal,PT,136.65,193.11,67.06,67.06,entsoe.eu,false,
2022-03-03 11:00:00,Portugal,Portugal,PT,130.57,188.04,67.21,67.21,Electricity Maps Estimation,true,ESTIMATED_TIME_SLICER_AVERAGE
2022-03-03 12:00:00,Portugal,Portugal,PT,124.09,182.63,67.37,67.37,entsoe.eu,false,
2022-03-03 13:00:00,Portugal,Portugal,PT,116.49,174.11,68.85,68.85,entsoe.eu,false,
2022-03-03 14:00:00,Portugal,Portugal,PT,118.39,176.49,68.34,68.34,Electricity Maps Estimation,true,ESTIMATED_TIME_SLICER_AVERAGE
2022-03-03 15:00:00,Portugal,Portugal,PT,123.91,183.68,66.86,66.86,Electricity Maps Estimation,true,ESTIMATED_TIME_SLICER_AVERAGE
2022-03-03 16:00:00,Portugal,Portugal,PT,129.87,191.05,65.26,65.26,Electricity Maps Estimation,true,ESTIMATED_TIME_SLICER_AVERAGE
2022-03-03 17:00:00,Portugal,Portugal,PT,130.82,191.79,65.0,65.0,Electricity Maps Estimation,true,ESTIMATED_TIME_SLICER_AVERAGE
2022-03-03 18:00:00,Portugal,Portugal,PT,127.19,183.42,67.86,67.86,Electricity Maps Estimation,true,ESTIMATED_TIME_SLICER_AVERAGE
2022-03-03 19:00:00,Portugal,Portugal,PT,128.68,184.5,67.95,67.95,Electricity Maps Estimation,true,ESTIMATED_TIME_SLICER_AVERAGE
2022-03-03 20:00:00,Portugal,Portugal,PT,132.06,193.67,64.67,64.67,Electricity Maps Estimation,true,ESTIMATED_TIME_SLICER_AVERAGE
2022-03-03 21:00:00,Portugal,Portugal,PT,132.6,194.1,64.65,64.65,entsoe.eu,false,
2022-03-03 22:00:00,Portugal,Portugal,PT,103.13,157.92,72.49,72.49,entsoe.eu,false,
2022-03-03 23:00:00,Portugal,Portugal,PT,93.96,146.06,75.66,74.61,entsoe.eu,false,
2022-03-04 00:00:00,Portugal,Portugal,PT,85.09,136.42,77.69,77.14,entsoe.eu,false,
2022-03-04 01:00:00,Portugal,Portugal,PT,91.67,143.18,77.27,74.57,entsoe.eu,false,
2022-03-04 02:00:00,Portugal,Portugal,PT,98.77,150.46,76.38,72.09,entsoe.eu,false,
2022-03-04 03:00:00,Portugal,Portugal,PT,103.42,158.06,74.45,71.21,entsoe.eu,false,
2022-03-04 04:00:00,Portugal,Portugal,PT,104.76,159.64,74.2,70.76,entsoe.eu,false,
2022-03-04 05:00:00,Portugal,Portugal,PT,107.82,166.86,72.03,70.78,entsoe.eu,false,
2022-03-04 06:00:00,Portugal,Portugal,PT,137.97,202.35,64.79,64.79,entsoe.eu,false,
2022-03-04 07:00:00,Portugal,Portugal,PT,137.87,195.28,68.28,68.28,entsoe.eu,false,
2022-03-04 08:00:00,Portugal,Portugal,PT,141.17,200.64,67.4,67.4,entsoe.eu,false,
2022-03-04 09:00:00,Portugal,Portugal,PT,140.69,207.15,64.11,62.38,entsoe.eu,false,
2022-03-04 10:00:00,Portugal,Portugal,PT,138.18,204.51,65.14,61.36,entsoe.eu,false,
2022-03-04 11:00:00,Portugal,Portugal,PT,138.14,204.46,65.46,61.01,entsoe.eu,false,
2022-03-04 12:00:00,Portugal,Portugal,PT,138.22,204.75,65.88,61.02,entsoe.eu,false,
2022-03-04 13:00:00,Portugal,Portugal,PT,146.82,215.63,63.91,58.7,entsoe.eu,false,
2022-03-04 14:00:00,Portugal,Portugal,PT,152.8,222.51,62.5,56.88,entsoe.eu,false,
2022-03-04 15:00:00,Portugal,Portugal,PT,157.19,228.51,61.18,56.04,entsoe.eu,false,
2022-03-04 16:00:00,Portugal,Portugal,PT,157.18,226.06,61.97,60.04,entsoe.eu,false,
2022-03-04 17:00:00,Portugal,Portugal,PT,157.48,221.23,64.41,64.13,entsoe.eu,false,
2022-03-04 18:00:00,Portugal,Portugal,PT,146.86,201.79,69.63,69.63,entsoe.eu,false,
2022-03-04 19:00:00,Portugal,Portugal,PT,155.83,213.58,67.52,65.88,entsoe.eu,false,
2022-03-04 20:00:00,Portugal,Portugal,PT,163.11,221.97,66.58,63.61,entsoe.eu,false,
2022-03-04 21:00:00,Portugal,Portugal,PT,177.35,241.56,62.84,58.09,entsoe.eu,false,
2022-03-04 22:00:00,Portugal,Portugal,PT,202.62,277.09,55.63,46.64,entsoe.eu,false,
2022-03-04 23:00:00,Portugal,Portugal,PT,202.27,277.18,56.64,47.47,entsoe.eu,false,
2022-03-05 00:00:00,Portugal,Portugal,PT,202.09,282.29,54.53,42.44,entsoe.eu,false,
2022-03-05 01:00:00,Portugal,Portugal,PT,217.04,303.06,50.73,37.32,entsoe.eu,false,
2022-03-05 02:00:00,Portugal,Portugal,PT,216.15,303.72,50.53,36.56,entsoe.eu,false,
2022-03-05 03:00:00,Portugal,Portugal,PT,217.96,306.75,49.83,36.69,entsoe.eu,false,
2022-03-05 04:00:00,Portugal,Portugal,PT,229.73,322.37,46.44,34.05,entsoe.eu,false,
2022-03-05 05:00:00,Portugal,Portugal,PT,230.19,322.71,46.7,33.47,entsoe.eu,false,
2022-03-05 06:00:00,Portugal,Portugal,PT,239.01,334.26,43.31,31.34,entsoe.eu,false,
2022-03-05 07:00:00,Portugal,Portugal,PT,232.41,326.46,44.48,32.87,entsoe.eu,false,
2022-03-05 08:00:00,Portugal,Portugal,PT,185.45,266.21,55.48,47.28,entsoe.eu,false,
2022-03-05 09:00:00,Portugal,Portugal,PT,174.27,253.23,57.39,49.22,entsoe.eu,false,
2022-03-05 10:00:00,Portugal,Portugal,PT,168.23,245.44,59.37,50.45,entsoe.eu,false,
2022-03-05 11:00:00,Portugal,Portugal,PT,157.92,230.27,62.47,52.5,entsoe.eu,false,
2022-03-05 12:00:00,Portugal,Portugal,PT,157.61,229.71,62.35,52.52,entsoe.eu,false,
2022-03-05 13:00:00,Portugal,Portugal,PT,162.21,235.58,61.46,51.06,entsoe.eu,false,
2022-03-05 14:00:00,Portugal,Portugal,PT,174.11,249.69,59.71,47.12,entsoe.eu,false,
2022-03-05 15:00:00,Portugal,Portugal,PT,177.51,253.54,59.49,46.4,entsoe.eu,false,
2022-03-05 16:00:00,Portugal,Portugal,PT,195.58,277.42,53.65,44.67,entsoe.eu,false,
2022-03-05 17:00:00,Portugal,Portugal,PT,174.94,241.86,62.88,59.95,entsoe.eu,false,
2022-03-05 18:00:00,Portugal,Portugal,PT,161.52,223.93,65.82,62.76,entsoe.eu,false,
2022-03-05 19:00:00,Portugal,Portugal,PT,148.9,208.01,68.15,64.18,entsoe.eu,false,
2022-03-05 20:00:00,Portugal,Portugal,PT,149.87,212.64,65.9,59.46,entsoe.eu,false,
2022-03-05 21:00:00,Portugal,Portugal,PT,158.66,225.53,63.27,55.68,entsoe.eu,false,
2022-03-05 22:00:00,Portugal,Portugal,PT,162.56,233.8,61.39,51.61,entsoe.eu,false,
2022-03-05 23:00:00,Portugal,Portugal,PT,149.75,216.58,65.8,54.3,entsoe.eu,false,
2022-03-06 00:00:00,Portugal,Portugal,PT,140.16,200.54,70.9,54.33,entsoe.eu,false,
2022-03-06 01:00:00,Portugal,Portugal,PT,133.66,192.28,72.73,57.03,entsoe.eu,false,
2022-03-06 02:00:00,Portugal,Portugal,PT,109.19,161.56,79.1,62.7,entsoe.eu,false,
2022-03-06 03:00:00,Portugal,Portugal,PT,104.35,154.8,80.39,64.08,entsoe.eu,false,
2022-03-06 04:00:00,Portugal,Portugal,PT,100.62,150.87,80.99,65.37,entsoe.eu,false,
2022-03-06 05:00:00,Portugal,Portugal,PT,101.29,151.99,80.79,66.35,entsoe.eu,false,
2022-03-06 06:00:00,Portugal,Portugal,PT,94.12,142.71,82.41,68.72,entsoe.eu,false,
2022-03-06 07:00:00,Portugal,Portugal,PT,89.98,138.4,82.98,69.42,entsoe.eu,false,
2022-03-06 08:00:00,Portugal,Portugal,PT,77.65,125.6,85.06,75.25,entsoe.eu,false,
2022-03-06 09:00:00,Portugal,Portugal,PT,80.04,126.77,85.18,72.68,entsoe.eu,false,
2022-03-06 10:00:00,Portugal,Portugal,PT,74.76,120.23,86.29,73.57,entsoe.eu,false,
2022-03-06 11:00:00,Portugal,Portugal,PT,76.02,121.88,86.04,72.62,entsoe.eu,false,
2022-03-06 12:00:00,Portugal,Portugal,PT,78.65,124.44,85.53,69.84,entsoe.eu,false,
2022-03-06 13:00:00,Portugal,Portugal,PT,83.53,130.86,84.59,67.83,entsoe.eu,false,
2022-03-06 14:00:00,Portugal,Portugal,PT,87.17,134.48,84.13,66.15,entsoe.eu,false,
2022-03-06 15:00:00,Portugal,Portugal,PT,99.55,151.18,80.35,63.5,entsoe.eu,false,
2022-03-06 16:00:00,Portugal,Portugal,PT,120.11,179.0,73.36,60.43,entsoe.eu,false,
2022-03-06 17:00:00,Portugal,Portugal,PT,160.57,231.65,61.97,51.27,entsoe.eu,false,
2022-03-06 18:00:00,Portugal,Portugal,PT,171.85,243.37,59.45,47.69,entsoe.eu,false,
2022-03-06 19:00:00,Portugal,Portugal,PT,161.86,224.67,64.4,57.97,entsoe.eu,false,
2022-03-06 20:00:00,Portugal,Portugal,PT,158.39,220.72,64.85,58.13,entsoe.eu,false,
2022-03-06 21:00:00,Portugal,Portugal,PT,164.66,230.56,62.85,52.67,entsoe.eu,false,
2022-03-06 22:00:00,Portugal,Portugal,PT,177.73,250.14,58.9,44.98,entsoe.eu,false,
2022-03-06 23:00:00,Portugal,Portugal,PT,211.76,296.17,49.21,36.61,entsoe.eu,false,
2022-03-07 00:00:00,Portugal,Portugal,PT,215.77,302.6,48.11,35.45,entsoe.eu,false,
2022-03-07 01:00:00,Portugal,Portugal,PT,214.94,302.31,48.58,35.07,entsoe.eu,false,
2022-03-07 02:00:00,Portugal,Portugal,PT,221.04,310.4,47.14,33.07,entsoe.eu,false,
2022-03-07 03:00:00,Portugal,Portugal,PT,223.68,313.21,46.63,32.52,entsoe.eu,false,
2022-03-07 04:00:00,Portugal,Portugal,PT,230.79,324.37,43.14,32.59,entsoe.eu,false,
2022-03-07 05:00:00,Portugal,Portugal,PT,198.26,279.17,50.09,50.09,entsoe.eu,false,
2022-03-07 06:00:00,Portugal,Portugal,PT,191.56,258.35,57.52,57.52,entsoe.eu,false,
2022-03-07 07:00:00,Portugal,Portugal,PT,187.27,252.61,58.49,58.49,entsoe.eu,false,
2022-03-07 08:00:00,Portugal,Portugal,PT,186.51,251.43,58.91,58.91,entsoe.eu,false,
2022-03-07 09:00:00,Portugal,Portugal,PT,204.89,282.89,50.56,47.41,entsoe.eu,false,
2022-03-07 10:00:00,Portugal,Portugal,PT,204.48,284.64,49.91,44.99,entsoe.eu,false,
2022-03-07 11:00:00,Portugal,Portugal,PT,194.7,270.36,54.22,47.68,entsoe.eu,false,
2022-03-07 12:00:00,Portugal,Portugal,PT,205.09,287.48,49.42,40.69,entsoe.eu,false,
2022-03-07 13:00:00,Portugal,Portugal,PT,204.4,286.47,49.91,40.34,entsoe.eu,false,
2022-03-07 14:00:00,Portugal,Portugal,PT,189.58,266.57,54.27,43.65,entsoe.eu,false,
2022-03-07 15:00:00,Portugal,Portugal,PT,212.26,296.08,47.49,39.25,entsoe.eu,false,
2022-03-07 16:00:00,Portugal,Portugal,PT,210.93,293.04,47.54,42.75,entsoe.eu,false,
2022-03-07 17:00:00,Portugal,Portugal,PT,177.96,242.25,59.86,59.86,entsoe.eu,false,
2022-03-07 18:00:00,Portugal,Portugal,PT,172.55,234.3,61.34,61.34,entsoe.eu,false,
2022-03-07 19:00:00,Portugal,Portugal,PT,187.12,252.42,58.48,57.0,entsoe.eu,false,
2022-03-07 20:00:00,Portugal,Portugal,PT,189.07,260.55,54.76,50.08,entsoe.eu,false,
2022-03-07 21:00:00,Portugal,Portugal,PT,189.15,264.45,53.24,46.68,entsoe.eu,false,
2022-03-07 22:00:00,Portugal,Portugal,PT,168.68,239.55,57.98,52.85,entsoe.eu,false,
2022-03-07 23:00:00,Portugal,Portugal,PT,156.46,225.46,60.29,56.9,entsoe.eu,false,
2022-03-08 00:00:00,Portugal,Portugal,PT,146.28,215.31,62.19,60.1,entsoe.eu,false,
2022-03-08 01:00:00,Portugal,Portugal,PT,143.4,212.11,62.73,61.0,entsoe.eu,false,
2022-03-08 02:00:00,Portugal,Portugal,PT,139.19,206.28,63.83,62.18,entsoe.eu,false,
2022-03-08 03:00:00,Portugal,Portugal,PT,147.31,216.62,61.94,59.83,entsoe.eu,false,
2022-03-08 04:00:00,Portugal,Portugal,PT,156.45,229.53,59.13,57.66,entsoe.eu,false,
2022-03-08 05:00:00,Portugal,Portugal,PT,159.72,234.94,57.75,57.01,entsoe.eu,false,
2022-03-08 06:00:00,Portugal,Portugal,PT,178.51,252.74,55.37,55.37,entsoe.eu,false,
2022-03-08 07:00:00,Portugal,Portugal,PT,174.41,241.42,59.8,59.8,entsoe.eu,false,
2022-03-08 08:00:00,Portugal,Portugal,PT,173.54,240.82,59.69,59.38,entsoe.eu,false,
2022-03-08 09:00:00,Portugal,Portugal,PT,170.38,239.11,59.29,56.56,entsoe.eu,false,
2022-03-08 10:00:00,Portugal,Portugal,PT,177.84,251.51,56.68,48.41,entsoe.eu,false,
2022-03-08 11:00:00,Portugal,Portugal,PT,168.45,238.58,60.24,50.01,entsoe.eu,false,
2022-03-08 12:00:00,Portugal,Portugal,PT,166.22,236.49,60.45,50.31,entsoe.eu,false,
2022-03-08 13:00:00,Portugal,Portugal,PT,165.59,235.61,60.39,50.44,entsoe.eu,false,
2022-03-08 14:00:00,Portugal,Portugal,PT,169.22,240.5,59.43,49.42,entsoe.eu,false,
2022-03-08 15:00:00,Portugal,Portugal,PT,186.56,262.31,55.15,45.61,entsoe.eu,false,
2022-03-08 16:00:00,Portugal,Portugal,PT,210.21,290.56,48.95,45.4,entsoe.eu,false,
2022-03-08 17:00:00,Portugal,Portugal,PT,192.65,267.24,53.12,53.07,entsoe.eu,false,
2022-03-08 18:00:00,Portugal,Portugal,PT,175.76,234.73,63.06,63.06,entsoe.eu,false,
2022-03-08 19:00:00,Portugal,Portugal,PT,170.43,232.1,61.53,61.53,entsoe.eu,false,
2022-03-08 20:00:00,Portugal,Portugal,PT,170.12,230.58,62.56,62.56,entsoe.eu,false,
2022-03-08 21:00:00,Portugal,Portugal,PT,174.48,240.37,59.17,59.17,entsoe.eu,false,
2022-03-08 22:00:00,Portugal,Portugal,PT,188.07,264.3,52.68,49.82,entsoe.eu,false,
2022-03-08 23:00:00,Portugal,Portugal,PT,191.26,271.71,51.11,45.25,entsoe.eu,false,
2022-03-09 00:00:00,Portugal,Portugal,PT,179.42,257.46,54.54,48.12,entsoe.eu,false,
2022-03-09 01:00:00,Portugal,Portugal,PT,172.79,249.5,56.1,49.89,entsoe.eu,false,
2022-03-09 02:00:00,Portugal,Portugal,PT,175.53,254.58,54.8,50.17,entsoe.eu,false,
2022-03-09 03:00:00,Portugal,Portugal,PT,178.81,259.15,53.91,50.02,entsoe.eu,false,
2022-03-09 04:00:00,Portugal,Portugal,PT,173.59,252.65,55.26,51.93,entsoe.eu,false,
2022-03-09 05:00:00,Portugal,Portugal,PT,177.42,252.36,55.6,55.6,entsoe.eu,false,
2022-03-09 06:00:00,Portugal,Portugal,PT,155.14,217.27,63.56,63.56,entsoe.eu,false,
2022-03-09 07:00:00,Portugal,Portugal,PT,155.3,220.87,61.4,61.4,entsoe.eu,false,
2022-03-09 08:00:00,Portugal,Portugal,PT,148.45,215.32,61.53,58.59,entsoe.eu,false,
2022-03-09 09:00:00,Portugal,Portugal,PT,129.94,192.62,66.32,63.8,entsoe.eu,false,
2022-03-09 10:00:00,Portugal,Portugal,PT,119.01,178.45,69.37,66.62,entsoe.eu,false,
2022-03-09 11:00:00,Portugal,Portugal,PT,112.66,169.68,71.34,68.17,entsoe.eu,false,
2022-03-09 12:00:00,Portugal,Portugal,PT,109.39,164.98,72.58,68.57,entsoe.eu,false,
2022-03-09 13:00:00,Portugal,Portugal,PT,112.4,169.36,71.28,68.34,entsoe.eu,false,
2022-03-09 14:00:00,Portugal,Portugal,PT,116.1,173.71,70.42,67.33,entsoe.eu,false,
2022-03-09 15:00:00,Portugal,Portugal,PT,129.59,191.16,66.83,63.82,entsoe.eu,false,
2022-03-09 16:00:00,Portugal,Portugal,PT,148.28,215.4,61.03,59.56,entsoe.eu,false,
2022-03-09 17:00:00,Portugal,Portugal,PT,145.65,208.94,62.79,62.79,entsoe.eu,false,
2022-03-09 18:00:00,Portugal,Portugal,PT,150.88,204.84,68.13,68.13,entsoe.eu,false,
2022-03-09 19:00:00,Portugal,Portugal,PT,166.48,227.36,62.93,60.62,entsoe.eu,false,
2022-03-09 20:00:00,Portugal,Portugal,PT,172.71,236.65,61.06,56.44,entsoe.eu,false,
2022-03-09 21:00:00,Portugal,Portugal,PT,191.21,261.4,56.54,49.41,entsoe.eu,false,
2022-03-09 22:00:00,Portugal,Portugal,PT,198.11,273.99,53.57,42.96,entsoe.eu,false,
2022-03-09 23:00:00,Portugal,Portugal,PT,206.17,288.77,49.51,37.54,entsoe.eu,false,
2022-03-10 00:00:00,Portugal,Portugal,PT,186.64,263.22,55.32,41.11,entsoe.eu,false,
2022-03-10 01:00:00,Portugal,Portugal,PT,176.43,251.07,57.32,44.29,entsoe.eu,false,
2022-03-10 02:00:00,Portugal,Portugal,PT,170.4,242.24,59.02,45.17,entsoe.eu,false,
2022-03-10 03:00:00,Portugal,Portugal,PT,168.63,239.75,59.47,45.92,entsoe.eu,false,
2022-03-10 04:00:00,Portugal,Portugal,PT,178.66,257.04,55.07,47.76,entsoe.eu,false,
2022-03-10 05:00:00,Portugal,Portugal,PT,203.87,291.45,46.35,44.52,entsoe.eu,false,
2022-03-10 06:00:00,Portugal,Portugal,PT,170.42,232.67,62.16,62.16,entsoe.eu,false,
2022-03-10 07:00:00,Portugal,Portugal,PT,158.7,217.29,65.23,65.23,entsoe.eu,false,
2022-03-10 08:00:00,Portugal,Portugal,PT,160.7,225.62,61.48,61.48,entsoe.eu,false,
2022-03-10 09:00:00,Portugal,Portugal,PT,147.35,213.39,62.55,59.81,entsoe.eu,false,
2022-03-10 10:00:00,Portugal,Portugal,PT,126.49,187.03,68.13,64.99,entsoe.eu,false,
2022-03-10 11:00:00,Portugal,Portugal,PT,117.4,175.93,69.93,66.81,entsoe.eu,false,
2022-03-10 12:00:00,Portugal,Portugal,PT,112.92,168.67,71.39,67.64,entsoe.eu,false,
2022-03-10 13:00:00,Portugal,Portugal,PT,113.01,168.33,71.63,67.23,entsoe.eu,false,
2022-03-10 14:00:00,Portugal,Portugal,PT,108.21,161.49,73.31,68.14,entsoe.eu,false,
2022-03-10 15:00:00,Portugal,Portugal,PT,116.17,171.78,70.93,66.33,entsoe.eu,false,
2022-03-10 16:00:00,Portugal,Portugal,PT,125.47,185.72,66.73,66.06,entsoe.eu,false,
2022-03-10 17:00:00,Portugal,Portugal,PT,119.14,177.06,68.13,68.13,entsoe.eu,false,
2022-03-10 18:00:00,Portugal,Portugal,PT,119.2,167.31,73.46,73.46,entsoe.eu,false,
2022-03-10 19:00:00,Portugal,Portugal,PT,120.25,167.07,74.02,74.02,entsoe.eu,false,
2022-03-10 20:00:00,Portugal,Portugal,PT,106.61,155.48,74.74,74.74,entsoe.eu,false,
2022-03-10 21:00:00,Portugal,Portugal,PT,104.75,154.99,74.56,74.3,entsoe.eu,false,
2022-03-10 22:00:00,Portugal,Portugal,PT,107.35,162.12,71.55,70.98,entsoe.eu,false,
2022-03-10 23:00:00,Portugal,Portugal,PT,86.17,135.07,77.71,77.71,entsoe.eu,false,
2022-03-11 00:00:00,Portugal,Portugal,PT,77.11,125.04,79.47,79.47,entsoe.eu,false,
2022-03-11 01:00:00,Portugal,Portugal,PT,73.51,119.91,81.08,79.5,entsoe.eu,false,
2022-03-11 02:00:00,Portugal,Portugal,PT,74.57,119.64,82.18,77.08,entsoe.eu,false,
2022-03-11 03:00:00,Portugal,Portugal,PT,72.29,115.79,83.14,76.65,entsoe.eu,false,
2022-03-11 04:00:00,Portugal,Portugal,PT,76.91,122.28,81.89,75.39,entsoe.eu,false,
2022-03-11 05:00:00,Portugal,Portugal,PT,90.1,143.72,76.85,76.81,entsoe.eu,false,
2022-03-11 06:00:00,Portugal,Portugal,PT,107.9,165.61,71.98,71.98,entsoe.eu,false,
2022-03-11 07:00:00,Portugal,Portugal,PT,123.85,176.87,71.4,71.4,entsoe.eu,false,
2022-03-11 08:00:00,Portugal,Portugal,PT,138.59,199.04,65.84,65.2,entsoe.eu,false,
2022-03-11 09:00:00,Portugal,Portugal,PT,139.12,201.16,64.99,61.98,entsoe.eu,false,
2022-03-11 10:00:00,Portugal,Portugal,PT,133.52,194.56,66.96,61.29,entsoe.eu,false,
2022-03-11 11:00:00,Portugal,Portugal,PT,124.52,183.06,69.47,63.04,entsoe.eu,false,
2022-03-11 12:00:00,Portugal,Portugal,PT,114.36,170.37,71.92,65.93,entsoe.eu,false,
2022-03-11 13:00:00,Portugal,Portugal,PT,126.29,186.46,68.18,62.98,entsoe.eu,false,
2022-03-11 14:00:00,Portugal,Portugal,PT,125.26,184.92,68.49,64.08,entsoe.eu,false,
2022-03-11 15:00:00,Portugal,Portugal,PT,126.94,186.65,68.35,63.8,entsoe.eu,false,
2022-03-11 16:00:00,Portugal,Portugal,PT,149.3,215.17,62.32,58.34,entsoe.eu,false,
2022-03-11 17:00:00,Portugal,Portugal,PT,148.28,210.68,63.81,63.81,entsoe.eu,false,
2022-03-11 18:00:00,Portugal,Portugal,PT,151.86,205.97,67.93,67.93,entsoe.eu,false,
2022-03-11 19:00:00,Portugal,Portugal,PT,154.82,210.53,66.68,66.68,entsoe.eu,false,
2022-03-11 20:00:00,Portugal,Portugal,PT,154.54,212.28,65.52,65.52,entsoe.eu,false,
2022-03-11 21:00:00,Portugal,Portugal,PT,155.15,210.48,67.43,67.43,entsoe.eu,false,
2022-03-11 22:00:00,Portugal,Portugal,PT,170.18,234.6,61.4,59.13,entsoe.eu,false,
2022-03-11 23:00:00,Portugal,Portugal,PT,174.03,241.21,61.31,53.39,entsoe.eu,false,
2022-03-12 00:00:00,Portugal,Portugal,PT,165.8,236.13,61.88,47.84,entsoe.eu,false,
2022-03-12 01:00:00,Portugal,Portugal,PT,149.31,217.18,66.41,51.23,entsoe.eu,false,
2022-03-12 02:00:00,Portugal,Portugal,PT,130.24,193.22,71.58,56.0,entsoe.eu,false,
2022-03-12 03:00:00,Portugal,Portugal,PT,122.31,185.02,71.99,60.36,entsoe.eu,false,
2022-03-12 04:00:00,Portugal,Portugal,PT,109.47,169.13,74.96,64.6,entsoe.eu,false,
2022-03-12 05:00:00,Portugal,Portugal,PT,106.18,165.27,75.41,66.54,entsoe.eu,false,
2022-03-12 06:00:00,Portugal,Portugal,PT,93.22,148.94,77.91,71.58,entsoe.eu,false,
2022-03-12 07:00:00,Portugal,Portugal,PT,87.32,140.39,79.37,76.2,entsoe.eu,false,
2022-03-12 08:00:00,Portugal,Portugal,PT,74.06,121.26,83.45,80.15,entsoe.eu,false,
2022-03-12 09:00:00,Portugal,Portugal,PT,71.46,117.68,83.68,80.44,entsoe.eu,false,
2022-03-12 10:00:00,Portugal,Portugal,PT,65.08,110.09,84.53,81.4,entsoe.eu,false,
2022-03-12 11:00:00,Portugal,Portugal,PT,62.56,106.2,84.84,80.81,entsoe.eu,false,
2022-03-12 12:00:00,Portugal,Portugal,PT,60.18,102.55,85.31,81.49,entsoe.eu,false,
2022-03-12 13:00:00,Portugal,Portugal,PT,64.59,108.01,84.44,79.6,entsoe.eu,false,
2022-03-12 14:00:00,Portugal,Portugal,PT,67.2,111.4,84.14,78.54,entsoe.eu,false,
2022-03-12 15:00:00,Portugal,Portugal,PT,74.57,120.72,82.68,79.0,entsoe.eu,false,
2022-03-12 16:00:00,Portugal,Portugal,PT,89.42,137.97,80.07,75.8,entsoe.eu,false,
2022-03-12 17:00:00,Portugal,Portugal,PT,88.62,131.35,83.12,81.43,entsoe.eu,false,
2022-03-12 18:00:00,Portugal,Portugal,PT,94.33,133.22,84.64,84.17,entsoe.eu,false,
2022-03-12 19:00:00,Portugal,Portugal,PT,95.13,134.37,83.97,82.15,entsoe.eu,false,
2022-03-12 20:00:00,Portugal,Portugal,PT,87.49,131.94,81.88,75.24,entsoe.eu,false,
2022-03-12 21:00:00,Portugal,Portugal,PT,81.21,127.87,81.68,73.42,entsoe.eu,false,
2022-03-12 22:00:00,Portugal,Portugal,PT,81.86,129.87,81.32,74.56,entsoe.eu,false,
2022-03-12 23:00:00,Portugal,Portugal,PT,78.83,127.24,81.48,76.24,entsoe.eu,false,
2022-03-13 00:00:00,Portugal,Portugal,PT,79.43,129.1,80.92,76.52,entsoe.eu,false,
2022-03-13 01:00:00,Portugal,Portugal,PT,75.79,125.44,81.61,77.48,entsoe.eu,false,
2022-03-13 02:00:00,Portugal,Portugal,PT,90.24,142.59,78.72,70.16,entsoe.eu,false,
2022-03-13 03:00:00,Portugal,Portugal,PT,98.05,154.2,76.72,66.78,entsoe.eu,false,
2022-03-13 04:00:00,Portugal,Portugal,PT,108.54,167.87,74.74,63.67,entsoe.eu,false,
2022-03-13 05:00:00,Portugal,Portugal,PT,130.66,196.11,69.92,58.47,entsoe.eu,false,
2022-03-13 06:00:00,Portugal,Portugal,PT,138.5,203.99,69.11,54.45,entsoe.eu,false,
2022-03-13 07:00:00,Portugal,Portugal,PT,141.86,209.75,68.19,55.19,entsoe.eu,false,
2022-03-13 08:00:00,Portugal,Portugal,PT,130.48,195.92,70.56,59.75,entsoe.eu,false,
2022-03-13 09:00:00,Portugal,Portugal,PT,104.86,162.46,76.92,66.65,entsoe.eu,false,
2022-03-13 10:00:00,Portugal,Portugal,PT,90.15,144.35,80.02,71.23,entsoe.eu,false,
2022-03-13 11:00:00,Portugal,Portugal,PT,84.82,137.54,80.93,72.98,entsoe.eu,false,
2022-03-13 12:00:00,Portugal,Portugal,PT,92.1,145.73,78.95,71.17,entsoe.eu,false,
2022-03-13 13:00:00,Portugal,Portugal,PT,90.4,143.97,79.7,71.25,entsoe.eu,false,
2022-03-13 14:00:00,Portugal,Portugal,PT,94.17,147.86,79.28,70.84,entsoe.eu,false,
2022-03-13 15:00:00,Portugal,Portugal,PT,111.0,169.62,75.35,66.36,entsoe.eu,false,
2022-03-13 16:00:00,Portugal,Portugal,PT,137.5,203.14,68.23,59.78,entsoe.eu,false,
2022-03-13 17:00:00,Portugal,Portugal,PT,141.25,201.87,69.95,65.26,entsoe.eu,false,
2022-03-13 18:00:00,Portugal,Portugal,PT,113.09,156.82,79.97,79.97,entsoe.eu,false,
2022-03-13 19:00:00,Portugal,Portugal,PT,108.93,149.5,81.63,81.63,entsoe.eu,false,
2022-03-13 20:00:00,Portugal,Portugal,PT,118.92,164.23,78.66,77.43,entsoe.eu,false,
2022-03-13 21:00:00,Portugal,Portugal,PT,123.65,170.98,77.5,75.82,entsoe.eu,false,
2022-03-13 22:00:00,Portugal,Portugal,PT,117.27,169.02,76.43,71.11,entsoe.eu,false,
2022-03-13 23:00:00,Portugal,Portugal,PT,123.1,177.1,75.77,70.28,entsoe.eu,false,
2022-03-14 00:00:00,Portugal,Portugal,PT,128.83,191.09,70.93,61.72,entsoe.eu,false,
2022-03-14 01:00:00,Portugal,Portugal,PT,122.45,184.07,72.19,62.65,entsoe.eu,false,
2022-03-14 02:00:00,Portugal,Portugal,PT,117.6,177.94,72.95,64.54,entsoe.eu,false,
2022-03-14 03:00:00,Portugal,Portugal,PT,110.01,168.63,74.41,67.79,entsoe.eu,false,
2022-03-14 04:00:00,Portugal,Portugal,PT,91.55,145.48,78.29,73.94,entsoe.eu,false,
2022-03-14 05:00:00,Portugal,Portugal,PT,79.57,130.14,80.77,77.61,entsoe.eu,false,
2022-03-14 06:00:00,Portugal,Portugal,PT,77.7,129.0,79.63,79.31,entsoe.eu,false,
2022-03-14 07:00:00,Portugal,Portugal,PT,87.99,136.8,78.56,78.56,entsoe.eu,false,
2022-03-14 08:00:00,Portugal,Portugal,PT,98.08,146.5,77.51,77.18,entsoe.eu,false,
2022-03-14 09:00:00,Portugal,Portugal,PT,101.5,147.6,78.47,77.93,entsoe.eu,false,
2022-03-14 10:00:00,Portugal,Portugal,PT,106.13,150.81,79.02,78.49,entsoe.eu,false,
2022-03-14 11:00:00,Portugal,Portugal,PT,106.2,152.73,78.13,75.92,entsoe.eu,false,
2022-03-14 12:00:00,Portugal,Portugal,PT,96.67,146.29,77.05,72.61,entsoe.eu,false,
2022-03-14 13:00:00,Portugal,Portugal,PT,96.94,146.68,76.82,72.65,entsoe.eu,false,
2022-03-14 14:00:00,Portugal,Portugal,PT,96.93,145.36,77.45,72.55,entsoe.eu,false,
2022-03-14 15:00:00,Portugal,Portugal,PT,99.46,148.97,76.65,71.73,entsoe.eu,false,
2022-03-14 16:00:00,Portugal,Portugal,PT,104.83,154.0,76.73,71.86,entsoe.eu,false,
2022-03-14 17:00:00,Portugal,Portugal,PT,113.48,163.22,75.23,71.81,entsoe.eu,false,
2022-03-14 18:00:00,Portugal,Portugal,PT,117.6,166.45,74.86,72.07,entsoe.eu,false,
2022-03-14 19:00:00,Portugal,Portugal,PT,117.02,161.95,77.15,74.78,entsoe.eu,false,
2022-03-14 20:00:00,Portugal,Portugal,PT,115.42,159.57,77.78,75.99,entsoe.eu,false,
2022-03-14 21:00:00,Portugal,Portugal,PT,122.59,170.49,75.29,73.01,entsoe.eu,false,
2022-03-14 22:00:00,Portugal,Portugal,PT,112.22,164.95,73.44,69.79,entsoe.eu,false,
2022-03-14 23:00:00,Portugal,Portugal,PT,114.18,170.47,72.51,67.77,entsoe.eu,false,
2022-03-15 00:00:00,Portugal,Portugal,PT,125.48,184.52,70.4,64.12,entsoe.eu,false,
2022-03-15 01:00:00,Portugal,Portugal,PT,129.65,189.47,70.14,62.3,entsoe.eu,false,
2022-03-15 02:00:00,Portugal,Portugal,PT,141.49,205.05,67.62,58.68,entsoe.eu,false,
2022-03-15 03:00:00,Portugal,Portugal,PT,142.06,206.33,67.05,58.84,entsoe.eu,false,
2022-03-15 04:00:00,Portugal,Portugal,PT,136.92,199.16,68.41,60.46,entsoe.eu,false,
2022-03-15 05:00:00,Portugal,Portugal,PT,137.99,202.78,67.1,60.85,entsoe.eu,false,
2022-03-15 06:00:00,Portugal,Portugal,PT,126.25,185.7,70.3,69.15,entsoe.eu,false,
2022-03-15 07:00:00,Portugal,Portugal,PT,108.9,161.06,74.43,74.43,entsoe.eu,false,
2022-03-15 08:00:00,Portugal,Portugal,PT,117.28,170.9,72.59,70.07,entsoe.eu,false,
2022-03-15 09:00:00,Portugal,Portugal,PT,118.26,169.39,74.19,71.88,entsoe.eu,false,
2022-03-15 10:00:00,Portugal,Portugal,PT,111.85,160.26,77.12,73.49,entsoe.eu,false,
2022-03-15 11:00:00,Portugal,Portugal,PT,117.38,170.95,74.21,68.45,entsoe.eu,false,
2022-03-15 12:00:00,Portugal,Portugal,PT,123.76,178.76,72.97,67.55,entsoe.eu,false,
2022-03-15 13:00:00,Portugal,Portugal,PT,126.76,183.24,72.17,65.87,entsoe.eu,false,
2022-03-15 14:00:00,Portugal,Portugal,PT,138.26,194.24,71.1,65.5,entsoe.eu,false,
2022-03-15 15:00:00,Portugal,Portugal,PT,131.95,187.61,71.64,65.75,entsoe.eu,false,
2022-03-15 16:00:00,Portugal,Portugal,PT,137.28,196.74,68.59,61.36,entsoe.eu,false,
2022-03-15 17:00:00,Portugal,Portugal,PT,144.51,206.19,66.48,59.54,entsoe.eu,false,
2022-03-15 18:00:00,Portugal,Portugal,PT,123.92,174.72,73.95,71.53,entsoe.eu,false,
2022-03-15 19:00:00,Portugal,Portugal,PT,115.77,160.15,78.0,76.89,entsoe.eu,false,
2022-03-15 20:00:00,Portugal,Portugal,PT,114.55,160.06,77.4,76.24,entsoe.eu,false,
2022-03-15 21:00:00,Portugal,Portugal,PT,131.55,187.4,70.42,66.37,entsoe.eu,false,
2022-03-15 22:00:00,Portugal,Portugal,PT,154.08,218.17,64.93,57.28,entsoe.eu,false,
2022-03-15 23:00:00,Portugal,Portugal,PT,167.98,237.71,61.57,53.04,entsoe.eu,false,
2022-03-16 00:00:00,Portugal,Portugal,PT,187.11,263.6,57.01,47.58,entsoe.eu,false,
2022-03-16 01:00:00,Portugal,Portugal,PT,195.22,274.89,55.17,45.8,entsoe.eu,false,
2022-03-16 02:00:00,Portugal,Portugal,PT,206.21,288.94,53.35,42.38,entsoe.eu,false,
2022-03-16 03:00:00,Portugal,Portugal,PT,212.29,297.01,51.51,41.04,entsoe.eu,false,
2022-03-16 04:00:00,Portugal,Portugal,PT,210.35,295.49,51.1,42.0,entsoe.eu,false,
2022-03-16 05:00:00,Portugal,Portugal,PT,183.3,260.45,56.51,53.08,entsoe.eu,false,
2022-03-16 06:00:00,Portugal,Portugal,PT,149.84,213.81,65.23,65.23,entsoe.eu,false,
2022-03-16 07:00:00,Portugal,Portugal,PT,139.62,197.01,68.63,68.63,entsoe.eu,false,
2022-03-16 08:00:00,Portugal,Portugal,PT,126.74,179.75,71.46,71.46,entsoe.eu,false,
2022-03-16 09:00:00,Portugal,Portugal,PT,128.03,183.4,70.05,69.31,entsoe.eu,false,
2022-03-16 10:00:00,Portugal,Portugal,PT,121.34,175.19,71.7,70.83,entsoe.eu,false,
2022-03-16 11:00:00,Portugal,Portugal,PT,109.58,157.56,75.42,75.42,entsoe.eu,false,
2022-03-16 12:00:00,Portugal,Portugal,PT,106.71,150.16,78.07,78.07,entsoe.eu,false,
2022-03-16 13:00:00,Portugal,Portugal,PT,110.11,154.0,77.65,77.65,entsoe.eu,false,
2022-03-16 14:00:00,Portugal,Portugal,PT,120.04,171.88,72.87,72.87,entsoe.eu,false,
2022-03-16 15:00:00,Portugal,Portugal,PT,114.81,167.97,72.36,72.22,entsoe.eu,false,
2022-03-16 16:00:00,Portugal,Portugal,PT,132.87,191.89,67.84,65.4,entsoe.eu,false,
2022-03-16 17:00:00,Portugal,Portugal,PT,140.07,200.32,66.73,63.49,entsoe.eu,false,
2022-03-16 18:00:00,Portugal,Portugal,PT,134.82,194.57,66.95,63.74,entsoe.eu,false,
2022-03-16 19:00:00,Portugal,Portugal,PT,129.87,187.25,68.1,65.17,entsoe.eu,false,
2022-03-16 20:00:00,Portugal,Portugal,PT,134.85,194.0,67.15,63.31,entsoe.eu,false,
2022-03-16 21:00:00,Portugal,Portugal,PT,125.34,182.98,69.27,65.55,entsoe.eu,false,
2022-03-16 22:00:00,Portugal,Portugal,PT,115.78,170.58,72.5,67.66,entsoe.eu,false,
2022-03-16 23:00:00,Portugal,Portugal,PT,87.48,137.17,78.81,75.66,entsoe.eu,false,
2022-03-17 00:00:00,Portugal,Portugal,PT,75.7,123.88,81.6,79.0,entsoe.eu,false,
2022-03-17 01:00:00,Portugal,Portugal,PT,74.32,119.75,83.23,78.56,entsoe.eu,false,
2022-03-17 02:00:00,Portugal,Portugal,PT,77.74,122.78,82.86,77.29,entsoe.eu,false,
2022-03-17 03:00:00,Portugal,Portugal,PT,80.47,126.64,82.07,76.69,entsoe.eu,false,
2022-03-17 04:00:00,Portugal,Portugal,PT,80.7,128.42,81.1,77.15,entsoe.eu,false,
2022-03-17 05:00:00,Portugal,Portugal,PT,78.6,128.3,80.5,78.25,entsoe.eu,false,
2022-03-17 06:00:00,Portugal,Portugal,PT,94.38,150.23,75.07,74.78,entsoe.eu,false,
2022-03-17 07:00:00,Portugal,Portugal,PT,91.99,143.71,76.54,76.02,entsoe.eu,false,
2022-03-17 08:00:00,Portugal,Portugal,PT,99.47,149.08,77.25,74.19,entsoe.eu,false,
2022-03-17 09:00:00,Portugal,Portugal,PT,95.26,139.46,80.98,78.46,entsoe.eu,false,
2022-03-17 10:00:00,Portugal,Portugal,PT,90.09,132.05,82.51,81.28,entsoe.eu,false,
2022-03-17 11:00:00,Portugal,Portugal,PT,85.11,128.54,82.08,80.14,entsoe.eu,false,
2022-03-17 12:00:00,Portugal,Portugal,PT,83.61,130.06,81.15,77.35,entsoe.eu,false,
2022-03-17 13:00:00,Portugal,Portugal,PT,85.61,133.98,79.72,76.09,entsoe.eu,false,
2022-03-17 14:00:00,Portugal,Portugal,PT,89.14,138.04,79.76,74.44,entsoe.eu,false,
2022-03-17 15:00:00,Portugal,Portugal,PT,91.44,140.57,79.47,73.69,entsoe.eu,false,
2022-03-17 16:00:00,Portugal,Portugal,PT,97.01,147.65,78.01,72.25,entsoe.eu,false,
2022-03-17 17:00:00,Portugal,Portugal,PT,97.82,148.31,77.81,72.21,entsoe.eu,false,
2022-03-17 18:00:00,Portugal,Portugal,PT,84.65,130.61,80.54,77.82,entsoe.eu,false,
2022-03-17 19:00:00,Portugal,Portugal,PT,71.9,110.15,85.05,85.05,entsoe.eu,false,
2022-03-17 20:00:00,Portugal,Portugal,PT,84.61,129.29,80.79,78.18,entsoe.eu,false,
2022-03-17 21:00:00,Portugal,Portugal,PT,88.38,136.37,78.95,75.56,entsoe.eu,false,
2022-03-17 22:00:00,Portugal,Portugal,PT,94.3,143.57,78.28,73.19,entsoe.eu,false,
2022-03-17 23:00:00,Portugal,Portugal,PT,89.34,140.32,78.4,74.96,entsoe.eu,false,
2022-03-18 00:00:00,Portugal,Portugal,PT,84.6,134.22,79.69,76.17,entsoe.eu,false,
2022-03-18 01:00:00,Portugal,Portugal,PT,84.75,134.4,79.52,76.08,entsoe.eu,false,
2022-03-18 02:00:00,Portugal,Portugal,PT,87.23,136.51,79.21,75.25,entsoe.eu,false,
2022-03-18 03:00:00,Portugal,Portugal,PT,83.7,133.77,79.11,76.97,entsoe.eu,false,
2022-03-18 04:00:00,Portugal,Portugal,PT,92.08,146.31,75.76,75.41,entsoe.eu,false,
2022-03-18 05:00:00,Portugal,Portugal,PT,109.53,169.08,70.83,70.83,entsoe.eu,false,
2022-03-18 06:00:00,Portugal,Portugal,PT,100.44,155.54,73.25,73.25,entsoe.eu,false,
2022-03-18 07:00:00,Portugal,Portugal,PT,111.5,168.71,70.24,70.24,entsoe.eu,false,
2022-03-18 08:00:00,Portugal,Portugal,PT,117.92,176.63,68.66,68.66,entsoe.eu,false,
2022-03-18 09:00:00,Portugal,Portugal,PT,125.42,186.54,66.91,66.91,entsoe.eu,false,
2022-03-18 10:00:00,Portugal,Portugal,PT,141.06,205.25,65.37,62.54,entsoe.eu,false,
2022-03-18 11:00:00,Portugal,Portugal,PT,154.99,221.79,63.57,58.39,entsoe.eu,false,
2022-03-18 12:00:00,Portugal,Portugal,PT,161.13,231.0,61.89,54.31,entsoe.eu,false,
2022-03-18 13:00:00,Portugal,Portugal,PT,171.09,244.61,59.05,51.13,entsoe.eu,false,
2022-03-18 14:00:00,Portugal,Portugal,PT,175.08,249.02,58.19,49.02,entsoe.eu,false,
2022-03-18 15:00:00,Portugal,Portugal,PT,191.62,269.5,54.0,46.4,entsoe.eu,false,
2022-03-18 16:00:00,Portugal,Portugal,PT,175.65,250.13,56.45,51.25,entsoe.eu,false,
2022-03-18 17:00:00,Portugal,Portugal,PT,161.23,228.89,60.67,60.67,entsoe.eu,false,
2022-03-18 18:00:00,Portugal,Portugal,PT,155.95,218.69,63.33,63.33,entsoe.eu,false,
2022-03-18 19:00:00,Portugal,Portugal,PT,154.83,214.15,65.31,65.31,entsoe.eu,false,
2022-03-18 20:00:00,Portugal,Portugal,PT,153.64,214.28,64.77,64.57,entsoe.eu,false,
2022-03-18 21:00:00,Portugal,Portugal,PT,149.57,212.28,64.75,61.42,entsoe.eu,false,
2022-03-18 22:00:00,Portugal,Portugal,PT,148.9,214.04,63.95,57.02,entsoe.eu,false,
2022-03-18 23:00:00,Portugal,Portugal,PT,127.67,188.75,68.91,62.64,entsoe.eu,false,
2022-03-19 00:00:00,Portugal,Portugal,PT,112.68,169.94,72.15,66.8,entsoe.eu,false,
2022-03-19 01:00:00,Portugal,Portugal,PT,109.12,164.08,74.14,65.82,entsoe.eu,false,
2022-03-19 02:00:00,Portugal,Portugal,PT,105.53,160.17,75.41,66.37,entsoe.eu,false,
2022-03-19 03:00:00,Portugal,Portugal,PT,107.83,164.07,74.47,66.69,entsoe.eu,false,
2022-03-19 04:00:00,Portugal,Portugal,PT,115.29,173.48,72.86,64.01,entsoe.eu,false,
2022-03-19 05:00:00,Portugal,Portugal,PT,105.63,164.08,74.31,68.34,entsoe.eu,false,
2022-03-19 06:00:00,Portugal,Portugal,PT,104.81,162.43,74.92,67.61,entsoe.eu,false,
2022-03-19 07:00:00,Portugal,Portugal,PT,97.11,155.03,75.32,72.73,entsoe.eu,false,
2022-03-19 08:00:00,Portugal,Portugal,PT,92.25,148.63,76.31,74.5,entsoe.eu,false,
2022-03-19 09:00:00,Portugal,Portugal,PT,86.93,141.39,77.82,76.06,entsoe.eu,false,
2022-03-19 10:00:00,Portugal,Portugal,PT,81.91,132.93,80.44,75.16,entsoe.eu,false,
2022-03-19 11:00:00,Portugal,Portugal,PT,87.59,138.17,79.68,72.53,entsoe.eu,false,
2022-03-19 12:00:00,Portugal,Portugal,PT,89.72,140.62,79.24,71.79,entsoe.eu,false,
2022-03-19 13:00:00,Portugal,Portugal,PT,94.96,147.37,78.19,69.94,entsoe.eu,false,
2022-03-19 14:00:00,Portugal,Portugal,PT,111.44,168.75,74.16,64.91,entsoe.eu,false,
2022-03-19 15:00:00,Portugal,Portugal,PT,127.26,188.92,70.47,59.88,entsoe.eu,false,
2022-03-19 16:00:00,Portugal,Portugal,PT,138.74,202.26,67.94,56.12,entsoe.eu,false,
2022-03-19 17:00:00,Portugal,Portugal,PT,150.79,218.42,64.25,54.29,entsoe.eu,false,
2022-03-19 18:00:00,Portugal,Portugal,PT,121.12,173.04,74.36,74.36,entsoe.eu,false,
2022-03-19 19:00:00,Portugal,Portugal,PT,108.06,156.33,76.83,76.83,entsoe.eu,false,
2022-03-19 20:00:00,Portugal,Portugal,PT,107.69,162.01,73.43,71.65,entsoe.eu,false,
2022-03-19 21:00:00,Portugal,Portugal,PT,116.44,173.05,71.81,65.27,entsoe.eu,false,
2022-03-19 22:00:00,Portugal,Portugal,PT,115.81,173.76,71.7,66.42,entsoe.eu,false,
2022-03-19 23:00:00,Portugal,Portugal,PT,107.55,164.52,73.85,69.0,entsoe.eu,false,
2022-03-20 00:00:00,Portugal,Portugal,PT,94.07,150.14,76.91,73.48,entsoe.eu,false,
2022-03-20 01:00:00,Portugal,Portugal,PT,97.96,157.38,75.29,72.9,entsoe.eu,false,
2022-03-20 02:00:00,Portugal,Portugal,PT,105.61,166.97,74.29,69.93,entsoe.eu,false,
2022-03-20 03:00:00,Portugal,Portugal,PT,103.76,164.67,74.79,70.1,entsoe.eu,false,
2022-03-20 04:00:00,Portugal,Portugal,PT,87.39,144.38,78.21,75.5,entsoe.eu,false,
2022-03-20 05:00:00,Portugal,Portugal,PT,84.99,140.92,78.82,76.31,entsoe.eu,false,
2022-03-20 06:00:00,Portugal,Portugal,PT,83.77,139.28,79.05,77.1,entsoe.eu,false,
2022-03-20 07:00:00,Portugal,Portugal,PT,84.01,138.05,79.36,76.71,entsoe.eu,false,
2022-03-20 08:00:00,Portugal,Portugal,PT,75.7,128.79,80.71,79.27,entsoe.eu,false,
2022-03-20 09:00:00,Portugal,Portugal,PT,72.36,123.07,81.78,79.96,entsoe.eu,false,
2022-03-20 10:00:00,Portugal,Portugal,PT,77.71,127.44,81.13,77.69,entsoe.eu,false,
2022-03-20 11:00:00,Portugal,Portugal,PT,88.2,139.18,78.89,74.5,entsoe.eu,false,
2022-03-20 12:00:00,Portugal,Portugal,PT,89.71,139.76,78.89,73.72,entsoe.eu,false,
2022-03-20 13:00:00,Portugal,Portugal,PT,87.8,136.56,79.63,74.01,entsoe.eu,false,
2022-03-20 14:00:00,Portugal,Portugal,PT,91.18,140.8,78.66,73.11,entsoe.eu,false,
2022-03-20 15:00:00,Portugal,Portugal,PT,90.88,140.68,78.52,73.42,entsoe.eu,false,
2022-03-20 16:00:00,Portugal,Portugal,PT,90.19,141.52,77.79,74.43,entsoe.eu,false,
2022-03-20 17:00:00,Portugal,Portugal,PT,91.7,144.48,76.87,74.45,entsoe.eu,false,
2022-03-20 18:00:00,Portugal,Portugal,PT,87.2,136.8,78.53,78.53,entsoe.eu,false,
2022-03-20 19:00:00,Portugal,Portugal,PT,87.62,132.12,80.56,80.56,entsoe.eu,false,
2022-03-20 20:00:00,Portugal,Portugal,PT,88.11,131.09,81.11,81.11,entsoe.eu,false,
2022-03-20 21:00:00,Portugal,Portugal,PT,83.39,129.68,80.06,79.9,entsoe.eu,false,
2022-03-20 22:00:00,Portugal,Portugal,PT,101.4,155.5,75.36,71.84,entsoe.eu,false,
2022-03-20 23:00:00,Portugal,Portugal,PT,106.59,163.79,73.69,69.29,entsoe.eu,false,
2022-03-21 00:00:00,Portugal,Portugal,PT,115.38,175.73,71.98,66.12,entsoe.eu,false,
2022-03-21 01:00:00,Portugal,Portugal,PT,127.99,191.89,69.07,62.27,entsoe.eu,false,
2022-03-21 02:00:00,Portugal,Portugal,PT,134.15,197.97,68.03,60.17,entsoe.eu,false,
2022-03-21 03:00:00,Portugal,Portugal,PT,132.76,195.02,68.68,60.95,entsoe.eu,false,
2022-03-21 04:00:00,Portugal,Portugal,PT,131.11,193.31,68.52,62.17,entsoe.eu,false,
2022-03-21 05:00:00,Portugal,Portugal,PT,142.67,210.4,63.7,60.62,entsoe.eu,false,
2022-03-21 06:00:00,Portugal,Portugal,PT,156.14,229.91,58.29,58.07,entsoe.eu,false,
2022-03-21 07:00:00,Portugal,Portugal,PT,160.34,233.3,57.53,56.73,entsoe.eu,false,
2022-03-21 08:00:00,Portugal,Portugal,PT,155.73,223.08,61.0,59.36,entsoe.eu,false,
2022-03-21 09:00:00,Portugal,Portugal,PT,146.22,211.81,62.7,61.14,entsoe.eu,false,
2022-03-21 10:00:00,Portugal,Portugal,PT,141.48,206.44,63.98,61.04,entsoe.eu,false,
2022-03-21 11:00:00,Portugal,Portugal,PT,150.23,216.98,62.09,58.42,entsoe.eu,false,
2022-03-21 12:00:00,Portugal,Portugal,PT,149.64,216.75,62.28,58.58,entsoe.eu,false,
2022-03-21 13:00:00,Portugal,Portugal,PT,152.74,220.68,61.94,57.43,entsoe.eu,false,
2022-03-21 14:00:00,Portugal,Portugal,PT,156.51,224.81,61.2,56.35,entsoe.eu,false,
2022-03-21 15:00:00,Portugal,Portugal,PT,165.9,237.65,57.69,54.38,entsoe.eu,false,
2022-03-21 16:00:00,Portugal,Portugal,PT,174.45,246.91,56.1,53.77,entsoe.eu,false,
2022-03-21 17:00:00,Portugal,Portugal,PT,170.51,241.33,56.92,55.84,entsoe.eu,false,
2022-03-21 18:00:00,Portugal,Portugal,PT,164.3,226.88,62.43,62.43,entsoe.eu,false,
2022-03-21 19:00:00,Portugal,Portugal,PT,164.65,222.08,65.42,65.42,entsoe.eu,false,
2022-03-21 20:00:00,Portugal,Portugal,PT,181.27,248.09,58.79,55.41,entsoe.eu,false,
2022-03-21 21:00:00,Portugal,Portugal,PT,197.9,272.72,53.28,47.33,entsoe.eu,false,
2022-03-21 22:00:00,Portugal,Portugal,PT,202.92,280.86,51.92,44.05,entsoe.eu,false,
2022-03-21 23:00:00,Portugal,Portugal,PT,207.22,287.76,51.53,42.35,entsoe.eu,false,
2022-03-22 00:00:00,Portugal,Portugal,PT,206.55,290.32,51.0,41.02,entsoe.eu,false,
2022-03-22 01:00:00,Portugal,Portugal,PT,207.73,293.4,50.14,40.92,entsoe.eu,false,
2022-03-22 02:00:00,Portugal,Portugal,PT,206.72,292.0,50.34,41.38,entsoe.eu,false,
2022-03-22 03:00:00,Portugal,Portugal,PT,201.49,285.55,51.53,43.34,entsoe.eu,false,
2022-03-22 04:00:00,Portugal,Portugal,PT,195.61,279.01,52.2,45.08,entsoe.eu,false,
2022-03-22 05:00:00,Portugal,Portugal,PT,195.55,279.31,50.96,45.88,entsoe.eu,false,
2022-03-22 06:00:00,Portugal,Portugal,PT,179.74,258.08,53.29,53.29,entsoe.eu,false,
2022-03-22 07:00:00,Portugal,Portugal,PT,170.55,241.34,56.81,56.81,entsoe.eu,false,
2022-03-22 08:00:00,Portugal,Portugal,PT,153.94,221.3,60.35,57.77,entsoe.eu,false,
2022-03-22 09:00:00,Portugal,Portugal,PT,148.48,213.97,61.84,59.13,entsoe.eu,false,
2022-03-22 10:00:00,Portugal,Portugal,PT,160.9,229.03,59.7,55.2,entsoe.eu,false,
2022-03-22 11:00:00,Portugal,Portugal,PT,158.06,224.55,61.21,56.16,entsoe.eu,false,
2022-03-22 12:00:00,Portugal,Portugal,PT,144.3,207.12,64.71,59.02,entsoe.eu,false,
2022-03-22 13:00:00,Portugal,Portugal,PT,145.91,208.29,64.71,58.38,entsoe.eu,false,
2022-03-22 14:00:00,Portugal,Portugal,PT,154.48,220.24,62.05,56.44,entsoe.eu,false,
2022-03-22 15:00:00,Portugal,Portugal,PT,170.14,238.64,58.47,54.16,entsoe.eu,false,
2022-03-22 16:00:00,Portugal,Portugal,PT,180.18,251.23,55.93,51.14,entsoe.eu,false,
2022-03-22 17:00:00,Portugal,Portugal,PT,179.2,250.2,55.5,51.23,entsoe.eu,false,
2022-03-22 18:00:00,Portugal,Portugal,PT,164.71,226.3,61.85,60.88,entsoe.eu,false,
2022-03-22 19:00:00,Portugal,Portugal,PT,153.17,208.11,66.09,66.09,entsoe.eu,false,
2022-03-22 20:00:00,Portugal,Portugal,PT,150.9,207.56,65.34,65.34,entsoe.eu,false,
2022-03-22 21:00:00,Portugal,Portugal,PT,156.19,221.09,60.42,57.58,entsoe.eu,false,
2022-03-22 22:00:00,Portugal,Portugal,PT,160.96,228.14,59.65,54.98,entsoe.eu,false,
2022-03-22 23:00:00,Portugal,Portugal,PT,149.8,215.53,62.09,58.39,entsoe.eu,false,
2022-03-23 00:00:00,Portugal,Portugal,PT,148.11,214.44,62.88,58.59,entsoe.eu,false,
2022-03-23 01:00:00,Portugal,Portugal,PT,143.98,210.28,63.55,60.17,entsoe.eu,false,
2022-03-23 02:00:00,Portugal,Portugal,PT,152.19,221.58,61.19,58.06,entsoe.eu,false,
2022-03-23 03:00:00,Portugal,Portugal,PT,161.24,232.31,59.41,56.83,entsoe.eu,false,
2022-03-23 04:00:00,Portugal,Portugal,PT,157.44,227.48,60.31,57.93,entsoe.eu,false,
2022-03-23 05:00:00,Portugal,Portugal,PT,152.73,218.8,61.12,61.12,entsoe.eu,false,
2022-03-23 06:00:00,Portugal,Portugal,PT,139.89,196.33,66.76,66.76,entsoe.eu,false,
2022-03-23 07:00:00,Portugal,Portugal,PT,129.05,178.05,71.23,71.23,entsoe.eu,false,
2022-03-23 08:00:00,Portugal,Portugal,PT,122.09,169.54,72.6,72.6,entsoe.eu,false,
2022-03-23 09:00:00,Portugal,Portugal,PT,123.26,175.87,69.96,69.96,entsoe.eu,false,
2022-03-23 10:00:00,Portugal,Portugal,PT,118.42,169.95,71.27,71.22,entsoe.eu,false,
2022-03-23 11:00:00,Portugal,Portugal,PT,109.92,161.94,72.02,70.4,entsoe.eu,false,
2022-03-23 12:00:00,Portugal,Portugal,PT,106.21,158.45,72.19,71.06,entsoe.eu,false,
2022-03-23 13:00:00,Portugal,Portugal,PT,106.23,158.58,72.51,70.8,entsoe.eu,false,
2022-03-23 14:00:00,Portugal,Portugal,PT,114.56,169.28,70.62,68.32,entsoe.eu,false,
2022-03-23 15:00:00,Portugal,Portugal,PT,123.14,180.63,68.07,66.17,entsoe.eu,false,
2022-03-23 16:00:00,Portugal,Portugal,PT,121.3,176.6,69.16,68.44,entsoe.eu,false,
2022-03-23 17:00:00,Portugal,Portugal,PT,111.8,164.78,71.0,71.0,entsoe.eu,false,
2022-03-23 18:00:00,Portugal,Portugal,PT,103.2,147.51,75.9,75.9,entsoe.eu,false,
2022-03-23 19:00:00,Portugal,Portugal,PT,96.02,134.52,79.67,79.67,entsoe.eu,false,
2022-03-23 20:00:00,Portugal,Portugal,PT,97.32,137.76,78.96,78.96,entsoe.eu,false,
2022-03-23 21:00:00,Portugal,Portugal,PT,100.76,150.58,73.32,73.32,entsoe.eu,false,
2022-03-23 22:00:00,Portugal,Portugal,PT,105.19,158.34,71.8,71.8,entsoe.eu,false,
2022-03-23 23:00:00,Portugal,Portugal,PT,93.02,142.45,75.23,75.23,entsoe.eu,false,
2022-03-24 00:00:00,Portugal,Portugal,PT,92.01,142.87,75.44,75.44,entsoe.eu,false,
2022-03-24 01:00:00,Portugal,Portugal,PT,97.67,150.2,73.92,73.92,entsoe.eu,false,
2022-03-24 02:00:00,Portugal,Portugal,PT,94.28,146.03,74.84,74.84,entsoe.eu,false,
2022-03-24 03:00:00,Portugal,Portugal,PT,97.1,150.28,74.08,74.08,entsoe.eu,false,
2022-03-24 04:00:00,Portugal,Portugal,PT,95.9,148.87,74.4,74.4,entsoe.eu,false,
2022-03-24 05:00:00,Portugal,Portugal,PT,107.47,162.54,71.37,71.37,entsoe.eu,false,
2022-03-24 06:00:00,Portugal,Portugal,PT,115.08,165.77,72.28,72.28,entsoe.eu,false,
2022-03-24 07:00:00,Portugal,Portugal,PT,113.53,160.28,74.36,74.36,entsoe.eu,false,
2022-03-24 08:00:00,Portugal,Portugal,PT,111.21,157.42,74.84,74.84,entsoe.eu,false,
2022-03-24 09:00:00,Portugal,Portugal,PT,115.8,163.06,74.2,74.2,entsoe.eu,false,
2022-03-24 10:00:00,Portugal,Portugal,PT,118.37,173.77,70.03,70.03,entsoe.eu,false,
2022-03-24 11:00:00,Portugal,Portugal,PT,109.94,164.99,71.81,70.5,entsoe.eu,false,
2022-03-24 12:00:00,Portugal,Portugal,PT,114.7,171.32,70.46,69.69,entsoe.eu,false,
2022-03-24 13:00:00,Portugal,Portugal,PT,118.1,176.71,68.9,67.82,entsoe.eu,false,
2022-03-24 14:00:00,Portugal,Portugal,PT,117.59,175.6,68.98,68.06,entsoe.eu,false,
2022-03-24 15:00:00,Portugal,Portugal,PT,127.77,187.96,66.51,66.51,entsoe.eu,false,
2022-03-24 16:00:00,Portugal,Portugal,PT,126.49,182.26,68.64,68.64,entsoe.eu,false,
2022-03-24 17:00:00,Portugal,Portugal,PT,123.83,177.4,69.81,69.81,entsoe.eu,false,
2022-03-24 18:00:00,Portugal,Portugal,PT,117.96,168.49,71.63,71.63,entsoe.eu,false,
2022-03-24 19:00:00,Portugal,Portugal,PT,121.51,168.15,73.84,73.84,entsoe.eu,false,
2022-03-24 20:00:00,Portugal,Portugal,PT,122.0,170.3,72.83,72.83,entsoe.eu,false,
2022-03-24 21:00:00,Portugal,Portugal,PT,130.59,183.98,69.96,69.96,entsoe.eu,false,
2022-03-24 22:00:00,Portugal,Portugal,PT,143.18,204.61,65.07,64.82,entsoe.eu,false,
2022-03-24 23:00:00,Portugal,Portugal,PT,135.16,192.15,68.3,68.3,entsoe.eu,false,
2022-03-25 00:00:00,Portugal,Portugal,PT,135.74,201.37,64.7,62.59,entsoe.eu,false,
2022-03-25 01:00:00,Portugal,Portugal,PT,141.73,210.73,62.77,61.24,entsoe.eu,false,
2022-03-25 02:00:00,Portugal,Portugal,PT,142.08,212.24,62.16,61.91,entsoe.eu,false,
2022-03-25 03:00:00,Portugal,Portugal,PT,140.32,209.83,62.52,62.52,entsoe.eu,false,
2022-03-25 04:00:00,Portugal,Portugal,PT,139.56,208.09,62.71,62.71,entsoe.eu,false,
2022-03-25 05:00:00,Portugal,Portugal,PT,138.06,201.84,64.01,64.01,entsoe.eu,false,
2022-03-25 06:00:00,Portugal,Portugal,PT,125.39,179.81,69.69,69.69,entsoe.eu,false,
2022-03-25 07:00:00,Portugal,Portugal,PT,123.71,172.32,72.92,72.92,entsoe.eu,false,
2022-03-25 08:00:00,Portugal,Portugal,PT,119.29,165.39,74.72,74.72,entsoe.eu,false,
2022-03-25 09:00:00,Portugal,Portugal,PT,114.85,162.36,74.35,74.35,entsoe.eu,false,
2022-03-25 10:00:00,Portugal,Portugal,PT,124.62,184.16,67.73,67.6,entsoe.eu,false,
2022-03-25 11:00:00,Portugal,Portugal,PT,123.58,182.82,68.64,65.88,entsoe.eu,false,
2022-03-25 12:00:00,Portugal,Portugal,PT,127.92,189.35,67.58,63.16,entsoe.eu,false,
2022-03-25 13:00:00,Portugal,Portugal,PT,139.62,203.96,65.07,59.04,entsoe.eu,false,
2022-03-25 14:00:00,Portugal,Portugal,PT,149.04,215.44,63.24,55.18,entsoe.eu,false,
2022-03-25 15:00:00,Portugal,Portugal,PT,167.58,238.92,58.72,50.97,entsoe.eu,false,
2022-03-25 16:00:00,Portugal,Portugal,PT,162.89,232.27,59.14,55.81,entsoe.eu,false,
2022-03-25 17:00:00,Portugal,Portugal,PT,150.38,210.05,64.74,64.74,entsoe.eu,false,
2022-03-25 18:00:00,Portugal,Portugal,PT,142.02,196.45,68.54,68.54,entsoe.eu,false,
2022-03-25 19:00:00,Portugal,Portugal,PT,145.94,202.79,66.81,66.81,entsoe.eu,false,
2022-03-25 20:00:00,Portugal,Portugal,PT,140.5,199.49,66.33,65.51,entsoe.eu,false,
2022-03-25 21:00:00,Portugal,Portugal,PT,142.46,205.51,63.75,62.67,entsoe.eu,false,
2022-03-25 22:00:00,Portugal,Portugal,PT,155.7,223.53,60.55,58.03,entsoe.eu,false,
2022-03-25 23:00:00,Portugal,Portugal,PT,151.65,219.85,61.68,57.92,entsoe.eu,false,
2022-03-26 00:00:00,Portugal,Portugal,PT,148.61,217.75,63.62,57.98,entsoe.eu,false,
2022-03-26 01:00:00,Portugal,Portugal,PT,151.39,223.96,61.71,55.85,entsoe.eu,false,
2022-03-26 02:00:00,Portugal,Portugal,PT,154.66,228.78,60.82,54.87,entsoe.eu,false,
2022-03-26 03:00:00,Portugal,Portugal,PT,144.19,215.7,62.94,58.9,entsoe.eu,false,
2022-03-26 04:00:00,Portugal,Portugal,PT,129.28,196.9,66.33,64.16,entsoe.eu,false,
2022-03-26 05:00:00,Portugal,Portugal,PT,123.09,187.64,68.24,65.21,entsoe.eu,false,
2022-03-26 06:00:00,Portugal,Portugal,PT,117.22,181.31,69.1,68.29,entsoe.eu,false,
2022-03-26 07:00:00,Portugal,Portugal,PT,127.13,194.58,66.35,65.61,entsoe.eu,false,
2022-03-26 08:00:00,Portugal,Portugal,PT,124.43,190.22,67.4,65.65,entsoe.eu,false,
2022-03-26 09:00:00,Portugal,Portugal,PT,122.49,186.63,67.98,66.4,entsoe.eu,false,
2022-03-26 10:00:00,Portugal,Portugal,PT,121.73,185.64,68.22,65.89,entsoe.eu,false,
2022-03-26 11:00:00,Portugal,Portugal,PT,140.01,206.66,65.96,60.95,entsoe.eu,false,
2022-03-26 12:00:00,Portugal,Portugal,PT,145.03,212.24,65.5,59.05,entsoe.eu,false,
2022-03-26 13:00:00,Portugal,Portugal,PT,140.74,208.33,65.83,58.93,entsoe.eu,false,
2022-03-26 14:00:00,Portugal,Portugal,PT,140.36,206.5,65.82,55.58,entsoe.eu,false,
2022-03-26 15:00:00,Portugal,Portugal,PT,141.93,209.31,65.18,56.43,entsoe.eu,false,
2022-03-26 16:00:00,Portugal,Portugal,PT,158.87,232.12,60.95,51.27,entsoe.eu,false,
2022-03-26 17:00:00,Portugal,Portugal,PT,167.49,241.27,59.41,49.99,entsoe.eu,false,
2022-03-26 18:00:00,Portugal,Portugal,PT,137.76,192.91,71.18,71.18,entsoe.eu,false,
2022-03-26 19:00:00,Portugal,Portugal,PT,145.93,200.81,70.53,68.37,entsoe.eu,false,
2022-03-26 20:00:00,Portugal,Portugal,PT,124.67,176.92,73.55,71.89,entsoe.eu,false,
2022-03-26 21:00:00,Portugal,Portugal,PT,132.24,194.72,67.0,60.89,entsoe.eu,false,
2022-03-26 22:00:00,Portugal,Portugal,PT,139.59,205.28,65.51,57.61,entsoe.eu,false,
2022-03-26 23:00:00,Portugal,Portugal,PT,131.74,196.29,67.48,59.91,entsoe.eu,false,
2022-03-27 00:00:00,Portugal,Portugal,PT,117.6,177.46,71.17,62.96,entsoe.eu,false,
2022-03-27 01:00:00,Portugal,Portugal,PT,119.23,180.35,71.05,61.79,entsoe.eu,false,
2022-03-27 02:00:00,Portugal,Portugal,PT,120.2,181.53,71.04,61.09,entsoe.eu,false,
2022-03-27 03:00:00,Portugal,Portugal,PT,120.19,181.47,71.06,62.45,entsoe.eu,false,
2022-03-27 04:00:00,Portugal,Portugal,PT,121.7,183.21,70.61,61.94,entsoe.eu,false,
2022-03-27 05:00:00,Portugal,Portugal,PT,118.27,179.75,71.05,64.05,entsoe.eu,false,
2022-03-27 06:00:00,Portugal,Portugal,PT,112.36,172.84,72.2,67.16,entsoe.eu,false,
2022-03-27 07:00:00,Portugal,Portugal,PT,116.5,176.7,71.43,65.66,entsoe.eu,false,
2022-03-27 08:00:00,Portugal,Portugal,PT,115.34,175.72,71.47,66.18,entsoe.eu,false,
2022-03-27 09:00:00,Portugal,Portugal,PT,107.65,164.69,74.07,66.29,entsoe.eu,false,
2022-03-27 10:00:00,Portugal,Portugal,PT,98.49,152.65,76.25,68.11,entsoe.eu,false,
2022-03-27 11:00:00,Portugal,Portugal,PT,92.51,145.03,77.78,68.58,entsoe.eu,false,
2022-03-27 12:00:00,Portugal,Portugal,PT,89.12,141.2,78.88,69.79,entsoe.eu,false,
2022-03-27 13:00:00,Portugal,Portugal,PT,103.75,160.78,74.68,65.99,entsoe.eu,false,
2022-03-27 14:00:00,Portugal,Portugal,PT,111.09,170.4,72.92,64.2,entsoe.eu,false,
2022-03-27 15:00:00,Portugal,Portugal,PT,121.96,184.51,70.46,62.0,entsoe.eu,false,
2022-03-27 16:00:00,Portugal,Portugal,PT,129.13,193.17,68.82,60.72,entsoe.eu,false,
2022-03-27 17:00:00,Portugal,Portugal,PT,130.37,195.68,67.45,62.5,entsoe.eu,false,
2022-03-27 18:00:00,Portugal,Portugal,PT,104.18,149.79,79.4,79.4,entsoe.eu,false,
2022-03-27 19:00:00,Portugal,Portugal,PT,103.43,152.68,77.52,76.94,entsoe.eu,false,
2022-03-27 20:00:00,Portugal,Portugal,PT,109.8,166.41,72.91,68.88,entsoe.eu,false,
2022-03-27 21:00:00,Portugal,Portugal,PT,110.09,167.68,72.67,67.85,entsoe.eu,false,
2022-03-27 22:00:00,Portugal,Portugal,PT,102.8,160.07,73.9,70.53,entsoe.eu,false,
2022-03-27 23:00:00,Portugal,Portugal,PT,112.33,172.88,71.32,68.33,entsoe.eu,false,
2022-03-28 00:00:00,Portugal,Portugal,PT,114.68,176.37,71.08,67.55,entsoe.eu,false,
2022-03-28 01:00:00,Portugal,Portugal,PT,116.64,177.33,71.11,66.32,entsoe.eu,false,
2022-03-28 02:00:00,Portugal,Portugal,PT,120.01,180.1,70.77,64.8,entsoe.eu,false,
2022-03-28 03:00:00,Portugal,Portugal,PT,121.7,183.99,69.41,65.57,entsoe.eu,false,
2022-03-28 04:00:00,Portugal,Portugal,PT,115.89,177.87,69.03,69.03,entsoe.eu,false,
2022-03-28 05:00:00,Portugal,Portugal,PT,122.53,182.14,68.23,68.23,entsoe.eu,false,
2022-03-28 06:00:00,Portugal,Portugal,PT,134.55,194.91,65.87,65.87,entsoe.eu,false,
2022-03-28 07:00:00,Portugal,Portugal,PT,134.42,196.31,64.66,64.66,entsoe.eu,false,
2022-03-28 08:00:00,Portugal,Portugal,PT,146.09,211.77,61.97,61.97,entsoe.eu,false,
2022-03-28 09:00:00,Portugal,Portugal,PT,150.3,219.18,60.65,58.77,entsoe.eu,false,
2022-03-28 10:00:00,Portugal,Portugal,PT,168.76,242.96,56.72,52.65,entsoe.eu,false,
2022-03-28 11:00:00,Portugal,Portugal,PT,177.33,254.19,55.11,50.28,entsoe.eu,false,
2022-03-28 12:00:00,Portugal,Portugal,PT,181.99,259.96,54.77,48.44,entsoe.eu,false,
2022-03-28 13:00:00,Portugal,Portugal,PT,184.37,261.8,54.48,46.89,entsoe.eu,false,
2022-03-28 14:00:00,Portugal,Portugal,PT,199.34,280.78,50.43,42.94,entsoe.eu,false,
2022-03-28 15:00:00,Portugal,Portugal,PT,202.61,285.27,49.45,42.0,entsoe.eu,false,
2022-03-28 16:00:00,Portugal,Portugal,PT,188.67,266.89,51.71,48.89,entsoe.eu,false,
2022-03-28 17:00:00,Portugal,Portugal,PT,165.92,234.82,58.6,58.6,entsoe.eu,false,
2022-03-28 18:00:00,Portugal,Portugal,PT,154.32,214.49,64.13,64.13,entsoe.eu,false,
2022-03-28 19:00:00,Portugal,Portugal,PT,147.44,202.9,67.39,67.39,entsoe.eu,false,
2022-03-28 20:00:00,Portugal,Portugal,PT,155.07,224.08,58.96,58.41,entsoe.eu,false,
2022-03-28 21:00:00,Portugal,Portugal,PT,180.72,257.8,53.05,50.15,entsoe.eu,false,
2022-03-28 22:00:00,Portugal,Portugal,PT,189.5,270.4,51.3,45.98,entsoe.eu,false,
2022-03-28 23:00:00,Portugal,Portugal,PT,190.21,271.75,52.77,43.71,entsoe.eu,false,
2022-03-29 00:00:00,Portugal,Portugal,PT,206.56,293.61,48.87,38.49,entsoe.eu,false,
2022-03-29 01:00:00,Portugal,Portugal,PT,223.88,315.48,44.61,33.92,entsoe.eu,false,
2022-03-29 02:00:00,Portugal,Portugal,PT,225.44,316.77,45.42,32.65,entsoe.eu,false,
2022-03-29 03:00:00,Portugal,Portugal,PT,232.76,326.68,43.01,31.66,entsoe.eu,false,
2022-03-29 04:00:00,Portugal,Portugal,PT,210.76,295.69,48.28,46.03,entsoe.eu,false,
2022-03-29 05:00:00,Portugal,Portugal,PT,176.64,245.27,58.87,58.87,entsoe.eu,false,
2022-03-29 06:00:00,Portugal,Portugal,PT,166.75,229.19,62.79,62.79,entsoe.eu,false,
2022-03-29 07:00:00,Portugal,Portugal,PT,165.1,224.5,64.51,64.51,entsoe.eu,false,
2022-03-29 08:00:00,Portugal,Portugal,PT,162.14,218.8,66.75,66.75,entsoe.eu,false,
2022-03-29 09:00:00,Portugal,Portugal,PT,160.93,217.3,67.24,67.24,entsoe.eu,false,
2022-03-29 10:00:00,Portugal,Portugal,PT,166.73,226.71,64.92,64.92,entsoe.eu,false,
2022-03-29 11:00:00,Portugal,Portugal,PT,173.53,239.3,61.24,59.91,entsoe.eu,false,
2022-03-29 12:00:00,Portugal,Portugal,PT,197.97,279.34,50.42,43.14,entsoe.eu,false,
2022-03-29 13:00:00,Portugal,Portugal,PT,202.31,284.44,49.99,40.85,entsoe.eu,false,
2022-03-29 14:00:00,Portugal,Portugal,PT,189.2,267.62,53.35,44.79,entsoe.eu,false,
2022-03-29 15:00:00,Portugal,Portugal,PT,166.91,239.31,57.9,53.16,entsoe.eu,false,
2022-03-29 16:00:00,Portugal,Portugal,PT,168.37,241.64,56.67,53.56,entsoe.eu,false,
2022-03-29 17:00:00,Portugal,Portugal,PT,153.48,223.03,59.44,58.91,entsoe.eu,false,
2022-03-29 18:00:00,Portugal,Portugal,PT,144.98,202.3,66.66,66.66,entsoe.eu,false,
2022-03-29 19:00:00,Portugal,Portugal,PT,144.43,196.71,69.54,69.54,entsoe.eu,false,
2022-03-29 20:00:00,Portugal,Portugal,PT,154.6,215.71,64.02,64.02,entsoe.eu,false,
2022-03-29 21:00:00,Portugal,Portugal,PT,155.74,218.75,63.11,63.11,entsoe.eu,false,
2022-03-29 22:00:00,Portugal,Portugal,PT,144.46,203.67,66.78,66.78,entsoe.eu,false,
2022-03-29 23:00:00,Portugal,Portugal,PT,138.84,203.19,64.98,64.98,entsoe.eu,false,
2022-03-30 00:00:00,Portugal,Portugal,PT,146.39,217.76,60.87,60.87,entsoe.eu,false,
2022-03-30 01:00:00,Portugal,Portugal,PT,147.07,219.15,61.35,59.92,entsoe.eu,false,
2022-03-30 02:00:00,Portugal,Portugal,PT,148.52,220.94,60.74,60.74,entsoe.eu,false,
2022-03-30 03:00:00,Portugal,Portugal,PT,137.32,204.12,64.08,64.08,entsoe.eu,false,
2022-03-30 04:00:00,Portugal,Portugal,PT,123.16,183.02,67.95,67.95,entsoe.eu,false,
2022-03-30 05:00:00,Portugal,Portugal,PT,128.08,184.01,69.2,69.2,entsoe.eu,false,
2022-03-30 06:00:00,Portugal,Portugal,PT,122.27,171.62,72.97,72.97,entsoe.eu,false,
2022-03-30 07:00:00,Portugal,Portugal,PT,114.95,162.52,74.53,74.53,entsoe.eu,false,
2022-03-30 08:00:00,Portugal,Portugal,PT,116.94,169.99,71.14,71.14,entsoe.eu,false,
2022-03-30 09:00:00,Portugal,Portugal,PT,115.62,171.62,70.04,70.04,entsoe.eu,false,
2022-03-30 10:00:00,Portugal,Portugal,PT,115.56,172.78,69.86,69.86,entsoe.eu,false,
2022-03-30 11:00:00,Portugal,Portugal,PT,113.61,171.89,70.26,70.26,entsoe.eu,false,
2022-03-30 12:00:00,Portugal,Portugal,PT,116.58,177.56,68.81,68.81,entsoe.eu,false,
2022-03-30 13:00:00,Portugal,Portugal,PT,119.03,180.59,68.53,67.71,entsoe.eu,false,
2022-03-30 14:00:00,Portugal,Portugal,PT,120.62,181.6,68.74,66.64,entsoe.eu,false,
2022-03-30 15:00:00,Portugal,Portugal,PT,115.22,173.82,70.69,67.66,entsoe.eu,false,
2022-03-30 16:00:00,Portugal,Portugal,PT,121.72,182.63,68.79,65.98,entsoe.eu,false,
2022-03-30 17:00:00,Portugal,Portugal,PT,143.3,210.74,62.66,61.36,entsoe.eu,false,
2022-03-30 18:00:00,Portugal,Portugal,PT,132.06,185.95,70.38,70.38,entsoe.eu,false,
2022-03-30 19:00:00,Portugal,Portugal,PT,138.28,193.3,69.08,69.08,entsoe.eu,false,
2022-03-30 20:00:00,Portugal,Portugal,PT,154.79,216.52,64.52,63.16,entsoe.eu,false,
2022-03-30 21:00:00,Portugal,Portugal,PT,150.88,215.07,63.98,60.75,entsoe.eu,false,
2022-03-30 22:00:00,Portugal,Portugal,PT,127.96,177.8,75.07,75.07,entsoe.eu,false,
2022-03-30 23:00:00,Portugal,Portugal,PT,129.43,186.13,72.33,70.44,entsoe.eu,false,
2022-03-31 00:00:00,Portugal,Portugal,PT,136.85,202.95,66.52,61.74,entsoe.eu,false,
2022-03-31 01:00:00,Portugal,Portugal,PT,145.13,215.39,64.11,57.88,entsoe.eu,false,
2022-03-31 02:00:00,Portugal,Portugal,PT,139.74,207.52,65.82,58.71,entsoe.eu,false,
2022-03-31 03:00:00,Portugal,Portugal,PT,131.3,196.74,67.58,61.79,entsoe.eu,false,
2022-03-31 04:00:00,Portugal,Portugal,PT,123.25,188.16,67.72,66.35,entsoe.eu,false,
2022-03-31 05:00:00,Portugal,Portugal,PT,108.99,159.27,75.59,75.59,entsoe.eu,false,
2022-03-31 06:00:00,Portugal,Portugal,PT,107.71,152.71,78.16,78.16,entsoe.eu,false,
2022-03-31 07:00:00,Portugal,Portugal,PT,105.38,149.13,79.13,79.13,entsoe.eu,false,
2022-03-31 08:00:00,Portugal,Portugal,PT,89.44,135.36,79.56,79.56,entsoe.eu,false,
2022-03-31 09:00:00,Portugal,Portugal,PT,79.46,128.01,79.71,77.86,entsoe.eu,false,
2022-03-31 10:00:00,Portugal,Portugal,PT,72.19,118.39,81.98,80.24,entsoe.eu,false,
2022-03-31 11:00:00,Portugal,Portugal,PT,69.12,115.23,82.34,80.51,entsoe.eu,false,
2022-03-31 12:00:00,Portugal,Portugal,PT,67.0,112.44,83.05,80.89,entsoe.eu,false,
2022-03-31 13:00:00,Portugal,Portugal,PT,66.94,110.98,83.52,80.31,entsoe.eu,false,
2022-03-31 14:00:00,Portugal,Portugal,PT,63.56,105.9,84.43,81.28,entsoe.eu,false,
2022-03-31 15:00:00,Portugal,Portugal,PT,63.46,105.11,84.77,80.99,entsoe.eu,false,
2022-03-31 16:00:00,Portugal,Portugal,PT,64.23,107.22,83.89,81.74,entsoe.eu,false,
2022-03-31 17:00:00,Portugal,Portugal,PT,74.49,121.64,80.15,80.15,entsoe.eu,false,
2022-03-31 18:00:00,Portugal,Portugal,PT,84.04,119.45,85.24,85.24,entsoe.eu,false,
2022-03-31 19:00:00,Portugal,Portugal,PT,85.49,120.34,85.39,85.39,entsoe.eu,false,
2022-03-31 20:00:00,Portugal,Portugal,PT,83.8,124.02,82.96,82.96,entsoe.eu,false,
2022-03-31 21:00:00,Portugal,Portugal,PT,89.41,138.11,78.67,76.33,entsoe.eu,false,
2022-03-31 22:00:00,Portugal,Portugal,PT,87.13,138.64,77.79,74.91,entsoe.eu,false,
2022-03-31 23:00:00,Portugal,Portugal,PT,84.98,137.09,78.49,76.23,entsoe.eu,false,
2022-04-01 00:00:00,Portugal,Portugal,PT,94.27,147.37,76.75,70.88,entsoe.eu,false,
2022-04-01 01:00:00,Portugal,Portugal,PT,99.57,153.81,75.71,68.79,entsoe.eu,false,
2022-04-01 02:00:00,Portugal,Portugal,PT,102.03,157.96,74.91,68.05,entsoe.eu,false,
2022-04-01 03:00:00,Portugal,Portugal,PT,100.01,155.76,75.35,68.72,entsoe.eu,false,
2022-04-01 04:00:00,Portugal,Portugal,PT,102.87,160.63,73.96,69.44,entsoe.eu,false,
2022-04-01 05:00:00,Portugal,Portugal,PT,121.07,176.75,73.41,73.41,entsoe.eu,false,
2022-04-01 06:00:00,Portugal,Portugal,PT,128.37,176.3,76.0,76.0,entsoe.eu,false,
2022-04-01 07:00:00,Portugal,Portugal,PT,121.4,173.89,73.98,72.9,entsoe.eu,false,
2022-04-01 08:00:00,Portugal,Portugal,PT,106.59,162.74,73.15,70.05,entsoe.eu,false,
2022-04-01 09:00:00,Portugal,Portugal,PT,101.24,157.29,74.25,69.19,entsoe.eu,false,
2022-04-01 10:00:00,Portugal,Portugal,PT,100.16,156.29,74.76,68.4,entsoe.eu,false,
2022-04-01 11:00:00,Portugal,Portugal,PT,98.42,154.74,75.19,68.79,entsoe.eu,false,
2022-04-01 12:00:00,Portugal,Portugal,PT,94.79,149.57,76.35,69.51,entsoe.eu,false,
2022-04-01 13:00:00,Portugal,Portugal,PT,87.85,140.41,78.48,70.5,entsoe.eu,false,
2022-04-01 14:00:00,Portugal,Portugal,PT,84.98,136.45,79.16,71.02,entsoe.eu,false,
2022-04-01 15:00:00,Portugal,Portugal,PT,86.67,138.78,78.76,71.08,entsoe.eu,false,
2022-04-01 16:00:00,Portugal,Portugal,PT,99.88,154.98,75.46,67.88,entsoe.eu,false,
2022-04-01 17:00:00,Portugal,Portugal,PT,116.1,174.66,71.29,64.29,entsoe.eu,false,
2022-04-01 18:00:00,Portugal,Portugal,PT,132.02,189.47,69.75,68.05,entsoe.eu,false,
2022-04-01 19:00:00,Portugal,Portugal,PT,130.18,179.31,73.61,73.61,entsoe.eu,false,
2022-04-01 20:00:00,Portugal,Portugal,PT,129.81,180.67,72.64,72.64,entsoe.eu,false,
2022-04-01 21:00:00,Portugal,Portugal,PT,128.11,183.94,70.12,70.12,entsoe.eu,false,
2022-04-01 22:00:00,Portugal,Portugal,PT,128.6,177.78,73.95,73.95,entsoe.eu,false,
2022-04-01 23:00:00,Portugal,Portugal,PT,131.65,184.54,71.65,71.65,entsoe.eu,false,
2022-04-02 00:00:00,Portugal,Portugal,PT,130.77,189.99,68.15,68.15,entsoe.eu,false,
2022-04-02 01:00:00,Portugal,Portugal,PT,141.75,210.4,62.73,62.73,entsoe.eu,false,
2022-04-02 02:00:00,Portugal,Portugal,PT,145.64,217.29,61.1,61.1,entsoe.eu,false,
2022-04-02 03:00:00,Portugal,Portugal,PT,147.97,219.84,61.45,61.45,entsoe.eu,false,
2022-04-02 04:00:00,Portugal,Portugal,PT,148.28,220.78,60.37,60.37,entsoe.eu,false,
2022-04-02 05:00:00,Portugal,Portugal,PT,139.81,208.02,63.44,63.44,entsoe.eu,false,
2022-04-02 06:00:00,Portugal,Portugal,PT,129.73,193.9,66.0,66.0,entsoe.eu,false,
2022-04-02 07:00:00,Portugal,Portugal,PT,113.55,173.42,71.07,71.07,entsoe.eu,false,
2022-04-02 08:00:00,Portugal,Portugal,PT,90.29,145.97,76.81,72.57,entsoe.eu,false,
2022-04-02 09:00:00,Portugal,Portugal,PT,81.48,133.68,79.45,73.57,entsoe.eu,false,
2022-04-02 10:00:00,Portugal,Portugal,PT,75.32,125.81,81.34,74.52,entsoe.eu,false,
2022-04-02 11:00:00,Portugal,Portugal,PT,79.29,131.07,80.7,73.17,entsoe.eu,false,
2022-04-02 12:00:00,Portugal,Portugal,PT,82.15,134.7,80.35,72.26,entsoe.eu,false,
2022-04-02 13:00:00,Portugal,Portugal,PT,84.14,137.05,79.94,71.18,entsoe.eu,false,
2022-04-02 14:00:00,Portugal,Portugal,PT,83.75,136.39,80.15,70.77,entsoe.eu,false,
2022-04-02 15:00:00,Portugal,Portugal,PT,88.84,142.72,78.94,69.13,entsoe.eu,false,
2022-04-02 16:00:00,Portugal,Portugal,PT,109.5,168.34,73.7,63.77,entsoe.eu,false,
2022-04-02 17:00:00,Portugal,Portugal,PT,135.64,202.96,66.08,58.05,entsoe.eu,false,
2022-04-02 18:00:00,Portugal,Portugal,PT,136.19,189.64,72.27,72.27,entsoe.eu,false,
2022-04-02 19:00:00,Portugal,Portugal,PT,122.87,169.14,76.52,76.52,entsoe.eu,false,
2022-04-02 20:00:00,Portugal,Portugal,PT,127.82,176.95,74.86,74.86,entsoe.eu,false,
2022-04-02 21:00:00,Portugal,Portugal,PT,125.55,177.97,73.33,73.33,entsoe.eu,false,
2022-04-02 22:00:00,Portugal,Portugal,PT,124.42,172.64,76.04,76.04,entsoe.eu,false,
2022-04-02 23:00:00,Portugal,Portugal,PT,116.76,168.53,75.32,75.32,entsoe.eu,false,
2022-04-03 00:00:00,Portugal,Portugal,PT,116.04,168.12,75.15,75.15,entsoe.eu,false,
2022-04-03 01:00:00,Portugal,Portugal,PT,122.32,180.77,71.53,71.53,entsoe.eu,false,
2022-04-03 02:00:00,Portugal,Portugal,PT,135.09,204.77,63.94,63.94,entsoe.eu,false,
2022-04-03 03:00:00,Portugal,Portugal,PT,141.77,213.43,62.16,62.16,entsoe.eu,false,
2022-04-03 04:00:00,Portugal,Portugal,PT,134.02,200.53,65.66,65.66,entsoe.eu,false,
2022-04-03 05:00:00,Portugal,Portugal,PT,128.48,195.59,65.72,65.72,entsoe.eu,false,
2022-04-03 06:00:00,Portugal,Portugal,PT,121.74,186.87,67.67,67.67,entsoe.eu,false,
2022-04-03 07:00:00,Portugal,Portugal,PT,105.2,167.55,72.07,71.93,entsoe.eu,false,
2022-04-03 08:00:00,Portugal,Portugal,PT,66.55,115.51,83.69,78.6,entsoe.eu,false,
2022-04-03 09:00:00,Portugal,Portugal,PT,53.68,97.62,87.28,80.52,entsoe.eu,false,
2022-04-03 10:00:00,Portugal,Portugal,PT,55.34,99.54,86.6,80.21,entsoe.eu,false,
2022-04-03 11:00:00,Portugal,Portugal,PT,55.46,99.84,86.64,79.91,entsoe.eu,false,
2022-04-03 12:00:00,Portugal,Portugal,PT,55.61,100.71,86.61,79.66,entsoe.eu,false,
2022-04-03 13:00:00,Portugal,Portugal,PT,53.23,97.52,87.29,80.07,entsoe.eu,false,
2022-04-03 14:00:00,Portugal,Portugal,PT,57.08,101.92,86.24,78.81,entsoe.eu,false,
2022-04-03 15:00:00,Portugal,Portugal,PT,60.05,105.2,85.4,77.9,entsoe.eu,false,
2022-04-03 16:00:00,Portugal,Portugal,PT,64.83,110.38,84.16,76.66,entsoe.eu,false,
2022-04-03 17:00:00,Portugal,Portugal,PT,65.92,110.73,83.74,77.36,entsoe.eu,false,
2022-04-03 18:00:00,Portugal,Portugal,PT,79.41,123.4,82.85,81.25,entsoe.eu,false,
2022-04-03 19:00:00,Portugal,Portugal,PT,85.67,121.23,86.8,86.8,entsoe.eu,false,
2022-04-03 20:00:00,Portugal,Portugal,PT,75.1,116.91,84.62,83.7,entsoe.eu,false,
2022-04-03 21:00:00,Portugal,Portugal,PT,64.06,106.97,84.77,84.3,entsoe.eu,false,
2022-04-03 22:00:00,Portugal,Portugal,PT,59.33,101.47,85.08,81.34,entsoe.eu,false,
2022-04-03 23:00:00,Portugal,Portugal,PT,57.35,98.62,85.73,81.27,entsoe.eu,false,
2022-04-04 00:00:00,Portugal,Portugal,PT,57.48,99.74,85.53,82.09,entsoe.eu,false,
2022-04-04 01:00:00,Portugal,Portugal,PT,58.36,101.08,85.3,82.04,entsoe.eu,false,
2022-04-04 02:00:00,Portugal,Portugal,PT,58.45,100.95,85.33,82.63,entsoe.eu,false,
2022-04-04 03:00:00,Portugal,Portugal,PT,61.42,105.28,84.11,82.59,entsoe.eu,false,
2022-04-04 04:00:00,Portugal,Portugal,PT,81.31,130.32,78.32,78.32,entsoe.eu,false,
2022-04-04 05:00:00,Portugal,Portugal,PT,97.5,141.49,79.06,79.06,entsoe.eu,false,
2022-04-04 06:00:00,Portugal,Portugal,PT,102.03,143.67,79.91,79.91,entsoe.eu,false,
2022-04-04 07:00:00,Portugal,Portugal,PT,103.69,146.55,78.74,78.74,entsoe.eu,false,
2022-04-04 08:00:00,Portugal,Portugal,PT,98.78,145.6,76.88,76.88,entsoe.eu,false,
2022-04-04 09:00:00,Portugal,Portugal,PT,96.9,149.38,74.42,74.42,entsoe.eu,false,
2022-04-04 10:00:00,Portugal,Portugal,PT,100.3,154.33,73.53,73.53,entsoe.eu,false,
2022-04-04 11:00:00,Portugal,Portugal,PT,105.92,161.36,72.14,72.14,entsoe.eu,false,
2022-04-04 12:00:00,Portugal,Portugal,PT,114.09,169.32,71.65,71.65,entsoe.eu,false,
2022-04-04 13:00:00,Portugal,Portugal,PT,117.95,172.31,71.95,71.95,entsoe.eu,false,
2022-04-04 14:00:00,Portugal,Portugal,PT,124.7,181.05,70.43,70.43,entsoe.eu,false,
2022-04-04 15:00:00,Portugal,Portugal,PT,123.11,176.63,71.84,71.84,entsoe.eu,false,
2022-04-04 16:00:00,Portugal,Portugal,PT,128.18,181.62,71.49,71.49,entsoe.eu,false,
2022-04-04 17:00:00,Portugal,Portugal,PT,123.73,173.97,73.13,73.13,entsoe.eu,false,
2022-04-04 18:00:00,Portugal,Portugal,PT,120.04,166.37,75.27,75.27,entsoe.eu,false,
2022-04-04 19:00:00,Portugal,Portugal,PT,112.2,157.81,76.08,76.08,entsoe.eu,false,
2022-04-04 20:00:00,Portugal,Portugal,PT,117.39,165.7,74.3,74.3,entsoe.eu,false,
2022-04-04 21:00:00,Portugal,Portugal,PT,124.55,180.21,70.31,69.86,entsoe.eu,false,
2022-04-04 22:00:00,Portugal,Portugal,PT,121.5,180.2,69.56,68.34,entsoe.eu,false,
2022-04-04 23:00:00,Portugal,Portugal,PT,106.0,162.6,72.8,70.97,entsoe.eu,false,
2022-04-05 00:00:00,Portugal,Portugal,PT,116.64,176.45,69.59,68.34,entsoe.eu,false,
2022-04-05 01:00:00,Portugal,Portugal,PT,120.08,181.59,68.31,67.68,entsoe.eu,false,
2022-04-05 02:00:00,Portugal,Portugal,PT,116.58,178.04,68.95,68.82,entsoe.eu,false,
2022-04-05 03:00:00,Portugal,Portugal,PT,120.45,182.55,67.83,67.83,entsoe.eu,false,
2022-04-05 04:00:00,Portugal,Portugal,PT,143.61,209.53,62.17,62.17,entsoe.eu,false,
2022-04-05 05:00:00,Portugal,Portugal,PT,160.38,226.19,59.57,59.57,entsoe.eu,false,
2022-04-05 06:00:00,Portugal,Portugal,PT,154.47,216.62,61.78,61.78,entsoe.eu,false,
2022-04-05 07:00:00,Portugal,Portugal,PT,144.45,202.02,65.24,65.24,entsoe.eu,false,
2022-04-05 08:00:00,Portugal,Portugal,PT,147.18,204.52,65.25,65.25,entsoe.eu,false,
2022-04-05 09:00:00,Portugal,Portugal,PT,151.09,210.04,64.27,64.27,entsoe.eu,false,
2022-04-05 10:00:00,Portugal,Portugal,PT,152.39,213.48,63.11,63.11,entsoe.eu,false,
2022-04-05 11:00:00,Portugal,Portugal,PT,165.05,228.58,60.89,60.89,entsoe.eu,false,
2022-04-05 12:00:00,Portugal,Portugal,PT,177.58,248.99,55.52,55.52,entsoe.eu,false,
2022-04-05 13:00:00,Portugal,Portugal,PT,189.76,266.25,51.77,51.23,entsoe.eu,false,
2022-04-05 14:00:00,Portugal,Portugal,PT,199.66,279.07,49.48,48.54,entsoe.eu,false,
2022-04-05 15:00:00,Portugal,Portugal,PT,216.49,301.65,44.66,42.18,entsoe.eu,false,
2022-04-05 16:00:00,Portugal,Portugal,PT,205.09,284.05,49.02,49.02,entsoe.eu,false,
2022-04-05 17:00:00,Portugal,Portugal,PT,191.99,263.0,54.33,54.33,entsoe.eu,false,
2022-04-05 18:00:00,Portugal,Portugal,PT,185.95,251.95,57.49,57.49,entsoe.eu,false,
2022-04-05 19:00:00,Portugal,Portugal,PT,187.91,255.05,56.45,56.45,entsoe.eu,false,
2022-04-05 20:00:00,Portugal,Portugal,PT,190.26,262.37,53.65,53.34,entsoe.eu,false,
2022-04-05 21:00:00,Portugal,Portugal,PT,207.11,284.48,49.96,48.19,entsoe.eu,false,
2022-04-05 22:00:00,Portugal,Portugal,PT,233.0,321.45,42.94,36.7,entsoe.eu,false,
2022-04-05 23:00:00,Portugal,Portugal,PT,246.46,339.7,39.9,32.66,entsoe.eu,false,
2022-04-06 00:00:00,Portugal,Portugal,PT,252.86,349.43,37.93,30.78,entsoe.eu,false,
2022-04-06 01:00:00,Portugal,Portugal,PT,256.31,355.52,36.36,29.29,entsoe.eu,false,
2022-04-06 02:00:00,Portugal,Portugal,PT,256.78,355.97,36.67,29.56,entsoe.eu,false,
2022-04-06 03:00:00,Portugal,Portugal,PT,251.89,350.91,36.75,31.81,entsoe.eu,false,
2022-04-06 04:00:00,Portugal,Portugal,PT,213.8,301.08,45.26,45.26,entsoe.eu,false,
2022-04-06 05:00:00,Portugal,Portugal,PT,187.43,257.06,56.79,56.79,entsoe.eu,false,
2022-04-06 06:00:00,Portugal,Portugal,PT,168.52,231.85,61.21,61.21,entsoe.eu,false,
2022-04-06 07:00:00,Portugal,Portugal,PT,159.52,218.89,63.88,63.88,entsoe.eu,false,
2022-04-06 08:00:00,Portugal,Portugal,PT,171.44,238.99,58.66,58.39,entsoe.eu,false,
2022-04-06 09:00:00,Portugal,Portugal,PT,180.97,254.43,55.36,52.92,entsoe.eu,false,
2022-04-06 10:00:00,Portugal,Portugal,PT,174.22,245.9,56.87,55.39,entsoe.eu,false,
2022-04-06 11:00:00,Portugal,Portugal,PT,174.35,248.23,56.95,52.69,entsoe.eu,false,
2022-04-06 12:00:00,Portugal,Portugal,PT,170.83,244.04,57.55,53.51,entsoe.eu,false,
2022-04-06 13:00:00,Portugal,Portugal,PT,157.1,226.47,60.93,57.12,entsoe.eu,false,
2022-04-06 14:00:00,Portugal,Portugal,PT,148.32,214.3,63.49,59.36,entsoe.eu,false,
2022-04-06 15:00:00,Portugal,Portugal,PT,134.37,195.32,67.42,62.99,entsoe.eu,false,
2022-04-06 16:00:00,Portugal,Portugal,PT,138.69,200.87,65.9,62.03,entsoe.eu,false,
2022-04-06 17:00:00,Portugal,Portugal,PT,159.98,229.95,58.39,56.93,entsoe.eu,false,
2022-04-06 18:00:00,Portugal,Portugal,PT,159.59,226.99,58.89,58.11,entsoe.eu,false,
2022-04-06 19:00:00,Portugal,Portugal,PT,158.44,224.64,59.52,57.72,entsoe.eu,false,
2022-04-06 20:00:00,Portugal,Portugal,PT,160.59,227.62,59.42,56.55,entsoe.eu,false,
2022-04-06 21:00:00,Portugal,Portugal,PT,157.18,224.12,60.37,57.38,entsoe.eu,false,
2022-04-06 22:00:00,Portugal,Portugal,PT,139.76,201.61,66.08,61.44,entsoe.eu,false,
2022-04-06 23:00:00,Portugal,Portugal,PT,127.42,187.32,69.5,64.49,entsoe.eu,false,
2022-04-07 00:00:00,Portugal,Portugal,PT,128.31,190.66,68.68,64.63,entsoe.eu,false,
2022-04-07 01:00:00,Portugal,Portugal,PT,128.25,187.93,70.59,63.07,entsoe.eu,false,
2022-04-07 02:00:00,Portugal,Portugal,PT,121.93,178.76,72.81,63.93,entsoe.eu,false,
2022-04-07 03:00:00,Portugal,Portugal,PT,122.21,181.81,71.34,65.32,entsoe.eu,false,
2022-04-07 04:00:00,Portugal,Portugal,PT,123.4,187.27,68.05,66.66,entsoe.eu,false,
2022-04-07 05:00:00,Portugal,Portugal,PT,127.17,190.17,66.88,66.88,entsoe.eu,false,
2022-04-07 06:00:00,Portugal,Portugal,PT,112.83,166.66,72.29,72.29,entsoe.eu,false,
2022-04-07 07:00:00,Portugal,Portugal,PT,112.85,169.23,71.31,70.88,entsoe.eu,false,
2022-04-07 08:00:00,Portugal,Portugal,PT,121.41,180.16,70.12,66.43,entsoe.eu,false,
2022-04-07 09:00:00,Portugal,Portugal,PT,121.25,179.86,70.77,66.17,entsoe.eu,false,
2022-04-07 10:00:00,Portugal,Portugal,PT,109.34,163.95,74.82,68.81,entsoe.eu,false,
2022-04-07 11:00:00,Portugal,Portugal,PT,96.9,148.97,77.72,71.67,entsoe.eu,false,
2022-04-07 12:00:00,Portugal,Portugal,PT,95.73,147.24,78.13,71.55,entsoe.eu,false,
2022-04-07 13:00:00,Portugal,Portugal,PT,94.49,145.64,78.34,71.79,entsoe.eu,false,
2022-04-07 14:00:00,Portugal,Portugal,PT,93.82,144.28,78.62,71.92,entsoe.eu,false,
2022-04-07 15:00:00,Portugal,Portugal,PT,97.52,148.85,77.52,70.91,entsoe.eu,false,
2022-04-07 16:00:00,Portugal,Portugal,PT,104.98,159.37,75.34,69.18,entsoe.eu,false,
2022-04-07 17:00:00,Portugal,Portugal,PT,123.44,182.82,70.51,64.65,entsoe.eu,false,
2022-04-07 18:00:00,Portugal,Portugal,PT,133.56,187.68,71.14,71.05,entsoe.eu,false,
2022-04-07 19:00:00,Portugal,Portugal,PT,131.09,182.67,72.75,71.65,entsoe.eu,false,
2022-04-07 20:00:00,Portugal,Portugal,PT,139.76,195.76,70.59,66.05,entsoe.eu,false,
2022-04-07 21:00:00,Portugal,Portugal,PT,133.71,191.17,70.89,64.97,entsoe.eu,false,
2022-04-07 22:00:00,Portugal,Portugal,PT,117.3,172.31,74.85,68.87,entsoe.eu,false,
2022-04-07 23:00:00,Portugal,Portugal,PT,91.93,141.96,81.31,74.65,entsoe.eu,false,
2022-04-08 00:00:00,Portugal,Portugal,PT,77.04,125.72,83.58,77.18,entsoe.eu,false,
2022-04-08 01:00:00,Portugal,Portugal,PT,71.3,119.41,84.72,79.19,entsoe.eu,false,
2022-04-08 02:00:00,Portugal,Portugal,PT,77.09,128.03,82.71,77.89,entsoe.eu,false,
2022-04-08 03:00:00,Portugal,Portugal,PT,68.12,115.89,84.9,80.33,entsoe.eu,false,
2022-04-08 04:00:00,Portugal,Portugal,PT,75.69,125.19,83.12,80.63,entsoe.eu,false,
2022-04-08 05:00:00,Portugal,Portugal,PT,80.18,123.62,84.17,84.17,entsoe.eu,false,
2022-04-08 06:00:00,Portugal,Portugal,PT,81.6,121.79,84.98,84.98,entsoe.eu,false,
2022-04-08 07:00:00,Portugal,Portugal,PT,85.33,129.58,82.88,80.16,entsoe.eu,false,
2022-04-08 08:00:00,Portugal,Portugal,PT,72.99,118.24,83.21,79.29,entsoe.eu,false,
2022-04-08 09:00:00,Portugal,Portugal,PT,63.51,105.51,86.32,81.47,entsoe.eu,false,
2022-04-08 10:00:00,Portugal,Portugal,PT,60.83,101.68,86.58,81.63,entsoe.eu,false,
2022-04-08 11:00:00,Portugal,Portugal,PT,50.21,88.27,89.45,84.28,entsoe.eu,false,
2022-04-08 12:00:00,Portugal,Portugal,PT,38.41,73.46,92.69,87.53,entsoe.eu,false,
2022-04-08 13:00:00,Portugal,Portugal,PT,38.27,73.01,92.84,87.06,entsoe.eu,false,
2022-04-08 14:00:00,Portugal,Portugal,PT,41.61,76.77,92.36,86.01,entsoe.eu,false,
2022-04-08 15:00:00,Portugal,Portugal,PT,46.42,82.01,91.63,84.91,entsoe.eu,false,
2022-04-08 16:00:00,Portugal,Portugal,PT,59.19,98.21,88.19,82.11,entsoe.eu,false,
2022-04-08 17:00:00,Portugal,Portugal,PT,84.99,130.23,82.36,78.62,entsoe.eu,false,
2022-04-08 18:00:00,Portugal,Portugal,PT,99.07,143.24,80.91,79.88,entsoe.eu,false,
2022-04-08 19:00:00,Portugal,Portugal,PT,107.77,151.14,80.3,79.81,entsoe.eu,false,
2022-04-08 20:00:00,Portugal,Portugal,PT,125.7,176.36,75.02,72.61,entsoe.eu,false,
2022-04-08 21:00:00,Portugal,Portugal,PT,139.54,197.74,70.08,66.03,entsoe.eu,false,
2022-04-08 22:00:00,Portugal,Portugal,PT,172.6,244.15,59.64,55.32,entsoe.eu,false,
2022-04-08 23:00:00,Portugal,Portugal,PT,184.39,261.23,56.61,50.89,entsoe.eu,false,
2022-04-09 00:00:00,Portugal,Portugal,PT,201.34,284.19,51.77,44.81,entsoe.eu,false,
2022-04-09 01:00:00,Portugal,Portugal,PT,200.4,284.34,51.78,44.71,entsoe.eu,false,
2022-04-09 02:00:00,Portugal,Portugal,PT,203.24,288.54,50.83,44.05,entsoe.eu,false,
2022-04-09 03:00:00,Portugal,Portugal,PT,208.02,295.79,48.33,43.11,entsoe.eu,false,
2022-04-09 04:00:00,Portugal,Portugal,PT,206.65,294.73,47.65,43.8,entsoe.eu,false,
2022-04-09 05:00:00,Portugal,Portugal,PT,186.21,269.44,51.16,50.43,entsoe.eu,false,
2022-04-09 06:00:00,Portugal,Portugal,PT,184.87,266.16,51.89,51.89,entsoe.eu,false,
2022-04-09 07:00:00,Portugal,Portugal,PT,181.96,256.45,55.75,55.75,entsoe.eu,false,
2022-04-09 08:00:00,Portugal,Portugal,PT,176.9,250.96,56.9,55.42,entsoe.eu,false,
2022-04-09 09:00:00,Portugal,Portugal,PT,195.89,275.85,53.27,47.49,entsoe.eu,false,
2022-04-09 10:00:00,Portugal,Portugal,PT,187.73,266.29,55.5,48.17,entsoe.eu,false,
2022-04-09 11:00:00,Portugal,Portugal,PT,190.44,270.66,54.69,47.06,entsoe.eu,false,
2022-04-09 12:00:00,Portugal,Portugal,PT,177.47,254.89,58.39,50.41,entsoe.eu,false,
2022-04-09 13:00:00,Portugal,Portugal,PT,161.54,233.45,62.87,53.92,entsoe.eu,false,
2022-04-09 14:00:00,Portugal,Portugal,PT,163.26,235.7,61.97,53.58,entsoe.eu,false,
2022-04-09 15:00:00,Portugal,Portugal,PT,181.4,260.92,55.39,49.73,entsoe.eu,false,
2022-04-09 16:00:00,Portugal,Portugal,PT,199.57,284.32,50.0,45.4,entsoe.eu,false,
2022-04-09 17:00:00,Portugal,Portugal,PT,204.0,288.39,49.57,44.93,entsoe.eu,false,
2022-04-09 18:00:00,Portugal,Portugal,PT,162.87,221.92,65.62,65.62,entsoe.eu,false,
2022-04-09 19:00:00,Portugal,Portugal,PT,154.9,210.89,67.73,67.73,entsoe.eu,false,
2022-04-09 20:00:00,Portugal,Portugal,PT,161.65,223.99,63.77,63.77,entsoe.eu,false,
2022-04-09 21:00:00,Portugal,Portugal,PT,158.71,216.72,66.46,66.46,entsoe.eu,false,
2022-04-09 22:00:00,Portugal,Portugal,PT,170.13,231.4,64.65,64.65,entsoe.eu,false,
2022-04-09 23:00:00,Portugal,Portugal,PT,157.46,227.3,61.25,61.25,entsoe.eu,false,
2022-04-10 00:00:00,Portugal,Portugal,PT,167.25,244.64,56.36,56.36,entsoe.eu,false,
2022-04-10 01:00:00,Portugal,Portugal,PT,174.2,253.04,55.33,55.33,entsoe.eu,false,
2022-04-10 02:00:00,Portugal,Portugal,PT,172.52,253.56,53.92,53.92,entsoe.eu,false,
2022-04-10 03:00:00,Portugal,Portugal,PT,156.1,231.25,58.28,58.28,entsoe.eu,false,
2022-04-10 04:00:00,Portugal,Portugal,PT,142.53,213.79,61.94,61.94,entsoe.eu,false,
2022-04-10 05:00:00,Portugal,Portugal,PT,122.47,187.27,67.33,67.33,entsoe.eu,false,
2022-04-10 06:00:00,Portugal,Portugal,PT,118.58,181.62,68.37,68.37,entsoe.eu,false,
2022-04-10 07:00:00,Portugal,Portugal,PT,96.1,150.59,75.49,73.18,entsoe.eu,false,
2022-04-10 08:00:00,Portugal,Portugal,PT,62.68,107.33,84.75,81.34,entsoe.eu,false,
2022-04-10 09:00:00,Portugal,Portugal,PT,37.58,75.94,91.26,88.17,entsoe.eu,false,
2022-04-10 10:00:00,Portugal,Portugal,PT,29.43,65.04,93.4,89.82,entsoe.eu,false,
2022-04-10 11:00:00,Portugal,Portugal,PT,28.39,63.14,93.67,90.0,entsoe.eu,false,
2022-04-10 12:00:00,Portugal,Portugal,PT,26.04,60.63,94.04,91.25,entsoe.eu,false,
2022-04-10 13:00:00,Portugal,Portugal,PT,24.59,58.74,94.29,91.97,entsoe.eu,false,
2022-04-10 14:00:00,Portugal,Portugal,PT,23.87,58.03,94.39,92.42,entsoe.eu,false,
2022-04-10 15:00:00,Portugal,Portugal,PT,23.44,58.32,94.29,93.03,entsoe.eu,false,
2022-04-10 16:00:00,Portugal,Portugal,PT,26.91,62.37,93.62,91.41,entsoe.eu,false,
2022-04-10 17:00:00,Portugal,Portugal,PT,40.26,78.33,90.62,86.55,entsoe.eu,false,
2022-04-10 18:00:00,Portugal,Portugal,PT,55.89,98.94,86.53,82.87,entsoe.eu,false,
2022-04-10 19:00:00,Portugal,Portugal,PT,71.03,109.07,88.22,87.69,entsoe.eu,false,
2022-04-10 20:00:00,Portugal,Portugal,PT,71.63,110.52,87.72,86.76,entsoe.eu,false,
2022-04-10 21:00:00,Portugal,Portugal,PT,67.88,112.59,84.99,81.15,entsoe.eu,false,
2022-04-10 22:00:00,Portugal,Portugal,PT,53.54,95.47,87.92,82.06,entsoe.eu,false,
2022-04-10 23:00:00,Portugal,Portugal,PT,47.45,87.84,89.48,83.49,entsoe.eu,false,
2022-04-11 00:00:00,Portugal,Portugal,PT,43.09,82.94,90.32,84.82,entsoe.eu,false,
2022-04-11 01:00:00,Portugal,Portugal,PT,44.14,84.41,90.1,84.53,entsoe.eu,false,
2022-04-11 02:00:00,Portugal,Portugal,PT,45.09,86.11,89.79,84.56,entsoe.eu,false,
2022-04-11 03:00:00,Portugal,Portugal,PT,45.21,86.59,89.67,84.76,entsoe.eu,false,
2022-04-11 04:00:00,Portugal,Portugal,PT,37.48,79.73,90.48,90.48,entsoe.eu,false,
2022-04-11 05:00:00,Portugal,Portugal,PT,60.4,94.52,90.48,90.48,entsoe.eu,false,
2022-04-11 06:00:00,Portugal,Portugal,PT,69.09,103.66,89.23,89.23,entsoe.eu,false,
2022-04-11 07:00:00,Portugal,Portugal,PT,74.89,109.18,89.05,89.05,entsoe.eu,false,
2022-04-11 08:00:00,Portugal,Portugal,PT,69.76,110.95,86.35,82.26,entsoe.eu,false,
2022-04-11 09:00:00,Portugal,Portugal,PT,53.82,94.35,87.93,82.15,entsoe.eu,false,
2022-04-11 10:00:00,Portugal,Portugal,PT,49.54,87.81,89.07,83.31,entsoe.eu,false,
2022-04-11 11:00:00,Portugal,Portugal,PT,46.02,83.81,89.73,84.78,entsoe.eu,false,
2022-04-11 12:00:00,Portugal,Portugal,PT,41.97,78.77,90.41,86.07,entsoe.eu,false,
2022-04-11 13:00:00,Portugal,Portugal,PT,44.55,82.91,89.75,85.06,entsoe.eu,false,
2022-04-11 14:00:00,Portugal,Portugal,PT,50.76,91.82,88.11,83.18,entsoe.eu,false,
2022-04-11 15:00:00,Portugal,Portugal,PT,56.2,97.76,87.05,81.07,entsoe.eu,false,
2022-04-11 16:00:00,Portugal,Portugal,PT,69.87,115.25,83.75,77.44,entsoe.eu,false,
2022-04-11 17:00:00,Portugal,Portugal,PT,93.11,139.54,81.49,78.6,entsoe.eu,false,
2022-04-11 18:00:00,Portugal,Portugal,PT,93.46,134.19,83.73,83.73,entsoe.eu,false,
2022-04-11 19:00:00,Portugal,Portugal,PT,101.78,147.87,79.89,75.49,entsoe.eu,false,
2022-04-11 20:00:00,Portugal,Portugal,PT,107.38,155.96,77.99,73.53,entsoe.eu,false,
2022-04-11 21:00:00,Portugal,Portugal,PT,114.64,170.6,73.77,66.4,entsoe.eu,false,
2022-04-11 22:00:00,Portugal,Portugal,PT,113.55,170.87,73.22,66.36,entsoe.eu,false,
2022-04-11 23:00:00,Portugal,Portugal,PT,103.61,156.66,76.12,68.7,entsoe.eu,false,
2022-04-12 00:00:00,Portugal,Portugal,PT,101.46,154.41,76.39,69.26,entsoe.eu,false,
2022-04-12 01:00:00,Portugal,Portugal,PT,103.12,156.49,76.15,68.57,entsoe.eu,false,
2022-04-12 02:00:00,Portugal,Portugal,PT,115.94,173.64,72.91,65.46,entsoe.eu,false,
2022-04-12 03:00:00,Portugal,Portugal,PT,130.45,193.2,69.17,62.22,entsoe.eu,false,
2022-04-12 04:00:00,Portugal,Portugal,PT,153.06,225.24,62.02,57.69,entsoe.eu,false,
2022-04-12 05:00:00,Portugal,Portugal,PT,175.3,251.6,57.26,52.64,entsoe.eu,false,
2022-04-12 06:00:00,Portugal,Portugal,PT,186.32,260.68,56.68,53.33,entsoe.eu,false,
2022-04-12 07:00:00,Portugal,Portugal,PT,186.14,256.65,58.12,54.78,entsoe.eu,false,
2022-04-12 08:00:00,Portugal,Portugal,PT,186.36,257.27,57.6,53.93,entsoe.eu,false,
2022-04-12 09:00:00,Portugal,Portugal,PT,188.53,262.87,55.72,50.61,entsoe.eu,false,
2022-04-12 10:00:00,Portugal,Portugal,PT,179.38,251.71,57.91,52.62,entsoe.eu,false,
2022-04-12 11:00:00,Portugal,Portugal,PT,178.69,254.1,56.32,50.42,entsoe.eu,false,
2022-04-12 12:00:00,Portugal,Portugal,PT,176.5,250.59,57.54,51.05,entsoe.eu,false,
2022-04-12 13:00:00,Portugal,Portugal,PT,174.51,248.58,57.96,51.51,entsoe.eu,false,
2022-04-12 14:00:00,Portugal,Portugal,PT,165.14,236.59,60.02,54.14,entsoe.eu,false,
2022-04-12 15:00:00,Portugal,Portugal,PT,166.62,237.96,59.52,53.92,entsoe.eu,false,
2022-04-12 16:00:00,Portugal,Portugal,PT,172.74,247.74,56.64,52.77,entsoe.eu,false,
2022-04-12 17:00:00,Portugal,Portugal,PT,171.19,241.42,59.04,57.74,entsoe.eu,false,
2022-04-12 18:00:00,Portugal,Portugal,PT,170.35,234.14,62.61,62.19,entsoe.eu,false,
2022-04-12 19:00:00,Portugal,Portugal,PT,175.87,237.87,63.22,62.22,entsoe.eu,false,
2022-04-12 20:00:00,Portugal,Portugal,PT,187.61,256.6,58.32,55.23,entsoe.eu,false,
2022-04-12 21:00:00,Portugal,Portugal,PT,209.93,287.78,51.81,46.55,entsoe.eu,false,
2022-04-12 22:00:00,Portugal,Portugal,PT,207.51,288.06,51.68,42.24,entsoe.eu,false,
2022-04-12 23:00:00,Portugal,Portugal,PT,207.53,290.66,50.66,42.4,entsoe.eu,false,
2022-04-13 00:00:00,Portugal,Portugal,PT,200.97,285.43,50.75,42.53,entsoe.eu,false,
2022-04-13 01:00:00,Portugal,Portugal,PT,200.53,286.14,50.68,41.65,entsoe.eu,false,
2022-04-13 02:00:00,Portugal,Portugal,PT,210.68,295.18,49.72,38.3,entsoe.eu,false,
2022-04-13 03:00:00,Portugal,Portugal,PT,215.44,304.85,46.83,40.46,entsoe.eu,false,
2022-04-13 04:00:00,Portugal,Portugal,PT,175.3,245.14,59.76,59.76,entsoe.eu,false,
2022-04-13 05:00:00,Portugal,Portugal,PT,157.38,219.72,64.51,64.51,entsoe.eu,false,
2022-04-13 06:00:00,Portugal,Portugal,PT,149.63,208.52,66.93,66.93,entsoe.eu,false,
2022-04-13 07:00:00,Portugal,Portugal,PT,155.22,220.85,62.93,62.05,entsoe.eu,false,
2022-04-13 08:00:00,Portugal,Portugal,PT,166.04,236.31,60.0,56.29,entsoe.eu,false,
2022-04-13 09:00:00,Portugal,Portugal,PT,176.15,250.07,57.81,51.81,entsoe.eu,false,
2022-04-13 10:00:00,Portugal,Portugal,PT,175.69,249.72,58.06,51.9,entsoe.eu,false,
2022-04-13 11:00:00,Portugal,Portugal,PT,169.66,241.68,60.51,54.05,entsoe.eu,false,
2022-04-13 12:00:00,Portugal,Portugal,PT,166.54,239.11,60.66,53.51,entsoe.eu,false,
2022-04-13 13:00:00,Portugal,Portugal,PT,164.81,236.29,61.3,53.77,entsoe.eu,false,
2022-04-13 14:00:00,Portugal,Portugal,PT,166.04,237.18,61.13,53.5,entsoe.eu,false,
2022-04-13 15:00:00,Portugal,Portugal,PT,162.16,232.9,61.63,54.66,entsoe.eu,false,
2022-04-13 16:00:00,Portugal,Portugal,PT,161.19,231.8,61.19,55.04,entsoe.eu,false,
2022-04-13 17:00:00,Portugal,Portugal,PT,170.35,244.21,57.54,53.7,entsoe.eu,false,
2022-04-13 18:00:00,Portugal,Portugal,PT,153.14,218.25,62.61,62.53,entsoe.eu,false,
2022-04-13 19:00:00,Portugal,Portugal,PT,150.32,210.63,65.17,65.17,entsoe.eu,false,
2022-04-13 20:00:00,Portugal,Portugal,PT,158.88,223.96,62.07,61.73,entsoe.eu,false,
2022-04-13 21:00:00,Portugal,Portugal,PT,179.47,252.36,56.48,53.24,entsoe.eu,false,
2022-04-13 22:00:00,Portugal,Portugal,PT,197.39,277.64,52.0,45.54,entsoe.eu,false,
2022-04-13 23:00:00,Portugal,Portugal,PT,199.65,280.03,51.74,43.22,entsoe.eu,false,
2022-04-14 00:00:00,Portugal,Portugal,PT,207.6,291.29,49.66,41.44,entsoe.eu,false,
2022-04-14 01:00:00,Portugal,Portugal,PT,213.75,298.95,48.59,40.07,entsoe.eu,false,
2022-04-14 02:00:00,Portugal,Portugal,PT,213.98,299.92,48.08,40.02,entsoe.eu,false,
2022-04-14 03:00:00,Portugal,Portugal,PT,208.17,293.97,48.89,41.7,entsoe.eu,false,
2022-04-14 04:00:00,Portugal,Portugal,PT,207.2,295.07,45.86,44.75,entsoe.eu,false,
2022-04-14 05:00:00,Portugal,Portugal,PT,189.03,269.76,51.53,51.53,entsoe.eu,false,
2022-04-14 06:00:00,Portugal,Portugal,PT,193.69,275.26,51.04,48.95,entsoe.eu,false,
2022-04-14 07:00:00,Portugal,Portugal,PT,193.66,270.27,55.07,48.69,entsoe.eu,false,
2022-04-14 08:00:00,Portugal,Portugal,PT,174.96,247.56,59.99,50.2,entsoe.eu,false,
2022-04-14 09:00:00,Portugal,Portugal,PT,164.01,235.28,61.78,52.29,entsoe.eu,false,
2022-04-14 10:00:00,Portugal,Portugal,PT,161.8,232.78,62.22,52.99,entsoe.eu,false,
2022-04-14 11:00:00,Portugal,Portugal,PT,154.97,223.14,64.48,54.45,entsoe.eu,false,
2022-04-14 12:00:00,Portugal,Portugal,PT,153.7,221.51,64.94,54.77,entsoe.eu,false,
2022-04-14 13:00:00,Portugal,Portugal,PT,160.5,230.49,62.93,53.17,entsoe.eu,false,
2022-04-14 14:00:00,Portugal,Portugal,PT,161.11,232.08,62.42,53.27,entsoe.eu,false,
2022-04-14 15:00:00,Portugal,Portugal,PT,163.3,233.59,62.57,52.71,entsoe.eu,false,
2022-04-14 16:00:00,Portugal,Portugal,PT,172.13,245.98,59.92,50.65,entsoe.eu,false,
2022-04-14 17:00:00,Portugal,Portugal,PT,186.64,263.75,54.72,50.63,entsoe.eu,false,
2022-04-14 18:00:00,Portugal,Portugal,PT,172.66,234.4,63.34,63.34,entsoe.eu,false,
2022-04-14 19:00:00,Portugal,Portugal,PT,165.23,223.74,65.52,65.52,entsoe.eu,false,
2022-04-14 20:00:00,Portugal,Portugal,PT,172.16,237.35,61.33,61.31,entsoe.eu,false,
2022-04-14 21:00:00,Portugal,Portugal,PT,198.92,278.44,52.05,42.91,entsoe.eu,false,
2022-04-14 22:00:00,Portugal,Portugal,PT,191.24,267.43,57.34,41.83,entsoe.eu,false,
2022-04-14 23:00:00,Portugal,Portugal,PT,182.56,255.78,61.92,43.97,entsoe.eu,false,
2022-04-15 00:00:00,Portugal,Portugal,PT,190.94,269.05,59.11,39.94,entsoe.eu,false,
2022-04-15 01:00:00,Portugal,Portugal,PT,199.08,278.0,58.52,41.28,entsoe.eu,false,
2022-04-15 02:00:00,Portugal,Portugal,PT,197.05,273.87,60.14,44.84,entsoe.eu,false,
2022-04-15 03:00:00,Portugal,Portugal,PT,192.42,273.33,58.39,39.99,entsoe.eu,false,
2022-04-15 04:00:00,Portugal,Portugal,PT,200.62,283.19,56.33,40.04,entsoe.eu,false,
2022-04-15 05:00:00,Portugal,Portugal,PT,182.23,256.57,61.97,51.41,entsoe.eu,false,
2022-04-15 06:00:00,Portugal,Portugal,PT,168.99,241.45,63.92,54.2,entsoe.eu,false,
2022-04-15 07:00:00,Portugal,Portugal,PT,152.42,222.11,67.07,56.95,entsoe.eu,false,
2022-04-15 08:00:00,Portugal,Portugal,PT,139.58,207.76,69.5,57.28,entsoe.eu,false,
2022-04-15 09:00:00,Portugal,Portugal,PT,121.91,185.86,73.69,61.5,entsoe.eu,false,
2022-04-15 10:00:00,Portugal,Portugal,PT,118.95,181.64,74.48,62.17,entsoe.eu,false,
2022-04-15 11:00:00,Portugal,Portugal,PT,114.6,174.76,75.84,62.29,entsoe.eu,false,
2022-04-15 12:00:00,Portugal,Portugal,PT,117.21,177.75,75.45,61.74,entsoe.eu,false,
2022-04-15 13:00:00,Portugal,Portugal,PT,114.39,174.09,76.21,62.11,entsoe.eu,false,
2022-04-15 14:00:00,Portugal,Portugal,PT,117.12,177.66,75.6,61.57,entsoe.eu,false,
2022-04-15 15:00:00,Portugal,Portugal,PT,124.28,187.63,73.74,60.32,entsoe.eu,false,
2022-04-15 16:00:00,Portugal,Portugal,PT,138.34,206.53,70.17,57.32,entsoe.eu,false,
2022-04-15 17:00:00,Portugal,Portugal,PT,156.67,223.12,68.54,56.68,entsoe.eu,false,
2022-04-15 18:00:00,Portugal,Portugal,PT,148.06,201.35,75.26,69.45,entsoe.eu,false,
2022-04-15 19:00:00,Portugal,Portugal,PT,144.32,196.92,75.01,66.68,entsoe.eu,false,
2022-04-15 20:00:00,Portugal,Portugal,PT,149.14,202.87,74.33,65.62,entsoe.eu,false,
2022-04-15 21:00:00,Portugal,Portugal,PT,163.81,230.96,66.03,47.84,entsoe.eu,false,
2022-04-15 22:00:00,Portugal,Portugal,PT,178.15,251.05,62.0,42.35,entsoe.eu,false,
2022-04-15 23:00:00,Portugal,Portugal,PT,175.93,248.8,63.0,43.18,entsoe.eu,false,
2022-04-16 00:00:00,Portugal,Portugal,PT,183.25,260.91,60.53,38.51,entsoe.eu,false,
2022-04-16 01:00:00,Portugal,Portugal,PT,186.07,263.67,61.06,39.67,entsoe.eu,false,
2022-04-16 02:00:00,Portugal,Portugal,PT,186.65,266.16,60.37,38.23,entsoe.eu,false,
2022-04-16 03:00:00,Portugal,Portugal,PT,187.68,268.67,59.15,37.32,entsoe.eu,false,
2022-04-16 04:00:00,Portugal,Portugal,PT,175.68,254.61,60.58,42.3,entsoe.eu,false,
2022-04-16 05:00:00,Portugal,Portugal,PT,172.25,250.08,61.1,44.92,entsoe.eu,false,
2022-04-16 06:00:00,Portugal,Portugal,PT,170.51,245.4,62.62,44.46,entsoe.eu,false,
2022-04-16 07:00:00,Portugal,Portugal,PT,145.37,216.05,67.35,52.64,entsoe.eu,false,
2022-04-16 08:00:00,Portugal,Portugal,PT,103.07,161.88,77.34,61.62,entsoe.eu,false,
2022-04-16 09:00:00,Portugal,Portugal,PT,89.86,144.57,81.14,65.86,entsoe.eu,false,
2022-04-16 10:00:00,Portugal,Portugal,PT,91.4,146.24,80.64,66.45,entsoe.eu,false,
2022-04-16 11:00:00,Portugal,Portugal,PT,90.95,145.59,80.61,66.79,entsoe.eu,false,
2022-04-16 12:00:00,Portugal,Portugal,PT,81.71,134.24,82.65,68.99,entsoe.eu,false,
2022-04-16 13:00:00,Portugal,Portugal,PT,80.21,132.1,82.87,69.22,Electricity Maps Estimation,false,
2022-04-16 14:00:00,Portugal,Portugal,PT,80.35,132.01,82.73,69.17,Electricity Maps Estimation,false,
2022-04-16 15:00:00,Portugal,Portugal,PT,80.94,132.31,82.6,68.99,Electricity Maps Estimation,false,
2022-04-16 16:00:00,Portugal,Portugal,PT,85.54,137.95,81.51,68.06,entsoe.eu,false,
2022-04-16 17:00:00,Portugal,Portugal,PT,95.67,151.4,78.83,66.26,entsoe.eu,false,
2022-04-16 18:00:00,Portugal,Portugal,PT,110.35,165.66,77.14,65.22,entsoe.eu,false,
2022-04-16 19:00:00,Portugal,Portugal,PT,99.82,149.92,79.8,67.64,entsoe.eu,false,
2022-04-16 20:00:00,Portugal,Portugal,PT,95.59,147.27,79.52,67.31,entsoe.eu,false,
2022-04-16 21:00:00,Portugal,Portugal,PT,104.22,159.87,76.99,62.94,entsoe.eu,false,
2022-04-16 22:00:00,Portugal,Portugal,PT,97.95,150.78,79.63,61.88,entsoe.eu,false,
2022-04-16 23:00:00,Portugal,Portugal,PT,100.81,154.23,79.27,61.46,Electricity Maps Estimation,false,
2022-04-17 00:00:00,Portugal,Portugal,PT,133.31,195.4,71.46,51.09,Electricity Maps Estimation,false,
2022-04-17 01:00:00,Portugal,Portugal,PT,137.81,201.14,70.6,49.81,Electricity Maps Estimation,false,
2022-04-17 02:00:00,Portugal,Portugal,PT,133.66,196.51,71.76,50.71,Electricity Maps Estimation,false,
2022-04-17 03:00:00,Portugal,Portugal,PT,124.19,185.42,74.66,51.61,Electricity Maps Estimation,false,
2022-04-17 04:00:00,Portugal,Portugal,PT,117.67,176.51,76.21,53.86,Electricity Maps Estimation,false,
2022-04-17 05:00:00,Portugal,Portugal,PT,111.32,173.92,77.15,57.62,entsoe.eu,false,
2022-04-17 06:00:00,Portugal,Portugal,PT,107.96,166.78,78.34,57.84,Electricity Maps Estimation,false,
2022-04-17 07:00:00,Portugal,Portugal,PT,93.59,148.77,81.48,62.34,Electricity Maps Estimation,false,
2022-04-17 08:00:00,Portugal,Portugal,PT,79.24,132.01,84.33,67.44,entsoe.eu,false,
2022-04-17 09:00:00,Portugal,Portugal,PT,77.44,129.67,84.52,68.43,entsoe.eu,false,
2022-04-17 10:00:00,Portugal,Portugal,PT,76.98,128.35,84.84,70.02,entsoe.eu,false,
2022-04-17 11:00:00,Portugal,Portugal,PT,69.23,119.19,86.33,70.3,entsoe.eu,false,
2022-04-17 12:00:00,Portugal,Portugal,PT,67.53,116.93,86.56,71.1,entsoe.eu,false,
2022-04-17 13:00:00,Portugal,Portugal,PT,67.28,116.02,86.67,70.86,Electricity Maps Estimation,false,
2022-04-17 14:00:00,Portugal,Portugal,PT,65.83,114.9,86.65,73.48,entsoe.eu,false,
2022-04-17 15:00:00,Portugal,Portugal,PT,64.73,113.01,86.75,74.27,entsoe.eu,false,
2022-04-17 16:00:00,Portugal,Portugal,PT,62.76,110.41,86.94,75.64,entsoe.eu,false,
2022-04-17 17:00:00,Portugal,Portugal,PT,56.33,104.83,87.52,80.3,entsoe.eu,false,
2022-04-17 18:00:00,Portugal,Portugal,PT,70.9,112.45,89.37,84.75,entsoe.eu,false,
2022-04-17 19:00:00,Portugal,Portugal,PT,69.34,109.78,89.05,83.25,entsoe.eu,false,
2022-04-17 20:00:00,Portugal,Portugal,PT,69.45,112.79,87.47,79.04,entsoe.eu,false,
2022-04-17 21:00:00,Portugal,Portugal,PT,68.88,115.76,85.4,74.52,entsoe.eu,false,
2022-04-17 22:00:00,Portugal,Portugal,PT,80.93,130.96,83.12,70.15,entsoe.eu,false,
2022-04-17 23:00:00,Portugal,Portugal,PT,89.87,140.28,81.88,67.19,entsoe.eu,false,
2022-04-18 00:00:00,Portugal,Portugal,PT,93.68,145.86,80.95,65.88,entsoe.eu,false,
2022-04-18 01:00:00,Portugal,Portugal,PT,92.59,145.59,81.16,66.18,entsoe.eu,false,
2022-04-18 02:00:00,Portugal,Portugal,PT,92.58,146.79,80.94,66.67,entsoe.eu,false,
2022-04-18 03:00:00,Portugal,Portugal,PT,87.06,140.29,82.02,68.7,entsoe.eu,false,
2022-04-18 04:00:00,Portugal,Portugal,PT,82.31,130.93,85.77,77.96,entsoe.eu,false,
2022-04-18 05:00:00,Portugal,Portugal,PT,86.55,130.61,87.61,82.12,entsoe.eu,false,
2022-04-18 06:00:00,Portugal,Portugal,PT,77.43,123.65,86.47,77.77,entsoe.eu,false,
2022-04-18 07:00:00,Portugal,Portugal,PT,72.86,117.84,87.45,77.38,entsoe.eu,false,
2022-04-18 08:00:00,Portugal,Portugal,PT,67.15,113.5,87.51,76.11,entsoe.eu,false,
2022-04-18 09:00:00,Portugal,Portugal,PT,67.15,113.12,87.4,74.76,entsoe.eu,false,
2022-04-18 10:00:00,Portugal,Portugal,PT,65.56,111.16,87.86,75.31,entsoe.eu,false,
2022-04-18 11:00:00,Portugal,Portugal,PT,65.49,111.33,87.79,74.71,entsoe.eu,false,
2022-04-18 12:00:00,Portugal,Portugal,PT,60.79,105.45,88.61,76.47,entsoe.eu,false,
2022-04-18 13:00:00,Portugal,Portugal,PT,56.1,99.16,89.36,78.98,entsoe.eu,false,
2022-04-18 14:00:00,Portugal,Portugal,PT,50.08,91.15,90.28,81.92,entsoe.eu,false,
2022-04-18 15:00:00,Portugal,Portugal,PT,44.27,83.72,91.12,84.3,entsoe.eu,false,
2022-04-18 16:00:00,Portugal,Portugal,PT,40.98,79.63,91.49,85.93,entsoe.eu,false,
2022-04-18 17:00:00,Portugal,Portugal,PT,33.08,70.88,92.32,90.15,entsoe.eu,false,
2022-04-18 18:00:00,Portugal,Portugal,PT,58.21,85.38,94.73,94.73,entsoe.eu,false,
2022-04-18 19:00:00,Portugal,Portugal,PT,54.55,80.7,95.03,95.03,entsoe.eu,false,
2022-04-18 20:00:00,Portugal,Portugal,PT,43.64,72.53,94.53,94.53,entsoe.eu,false,
2022-04-18 21:00:00,Portugal,Portugal,PT,40.04,77.11,91.54,88.54,entsoe.eu,false,
2022-04-18 22:00:00,Portugal,Portugal,PT,36.08,74.85,91.45,89.25,entsoe.eu,false,
2022-04-18 23:00:00,Portugal,Portugal,PT,34.2,73.64,91.81,90.03,entsoe.eu,false,
2022-04-19 00:00:00,Portugal,Portugal,PT,40.37,80.73,90.91,86.93,entsoe.eu,false,
2022-04-19 01:00:00,Portugal,Portugal,PT,37.83,77.91,91.26,87.71,entsoe.eu,false,
2022-04-19 02:00:00,Portugal,Portugal,PT,32.55,72.43,92.08,90.32,entsoe.eu,false,
2022-04-19 03:00:00,Portugal,Portugal,PT,29.16,69.57,92.54,92.28,entsoe.eu,false,
2022-04-19 04:00:00,Portugal,Portugal,PT,47.3,84.18,92.38,92.38,entsoe.eu,false,
2022-04-19 05:00:00,Portugal,Portugal,PT,58.63,91.4,92.3,92.3,entsoe.eu,false,
2022-04-19 06:00:00,Portugal,Portugal,PT,63.04,93.7,92.03,92.03,entsoe.eu,false,
2022-04-19 07:00:00,Portugal,Portugal,PT,56.21,88.57,91.65,91.65,entsoe.eu,false,
2022-04-19 08:00:00,Portugal,Portugal,PT,48.09,83.36,91.19,91.19,entsoe.eu,false,
2022-04-19 09:00:00,Portugal,Portugal,PT,43.57,81.71,90.96,88.75,entsoe.eu,false,
2022-04-19 10:00:00,Portugal,Portugal,PT,40.48,76.38,92.92,90.11,entsoe.eu,false,
2022-04-19 11:00:00,Portugal,Portugal,PT,37.33,72.85,93.39,91.37,entsoe.eu,false,
2022-04-19 12:00:00,Portugal,Portugal,PT,33.18,69.98,92.62,88.52,entsoe.eu,false,
2022-04-19 13:00:00,Portugal,Portugal,PT,34.43,70.42,92.56,87.49,entsoe.eu,false,
2022-04-19 14:00:00,Portugal,Portugal,PT,31.6,66.53,93.06,88.92,entsoe.eu,false,
2022-04-19 15:00:00,Portugal,Portugal,PT,31.82,66.45,92.99,88.88,entsoe.eu,false,
2022-04-19 16:00:00,Portugal,Portugal,PT,28.98,62.83,93.48,90.02,entsoe.eu,false,
2022-04-19 17:00:00,Portugal,Portugal,PT,24.37,58.1,94.03,92.85,entsoe.eu,false,
2022-04-19 18:00:00,Portugal,Portugal,PT,43.87,70.16,95.59,95.59,entsoe.eu,false,
2022-04-19 19:00:00,Portugal,Portugal,PT,48.24,72.53,95.9,95.9,entsoe.eu,false,
2022-04-19 20:00:00,Portugal,Portugal,PT,46.45,73.54,95.26,95.26,entsoe.eu,false,
2022-04-19 21:00:00,Portugal,Portugal,PT,38.92,71.33,94.12,93.86,entsoe.eu,false,
2022-04-19 22:00:00,Portugal,Portugal,PT,31.25,66.72,93.47,92.81,entsoe.eu,false,
2022-04-19 23:00:00,Portugal,Portugal,PT,24.89,61.59,93.7,93.7,entsoe.eu,false,
2022-04-20 00:00:00,Portugal,Portugal,PT,30.13,68.19,93.25,93.25,entsoe.eu,false,
2022-04-20 01:00:00,Portugal,Portugal,PT,27.33,66.72,92.96,92.96,entsoe.eu,false,
2022-04-20 02:00:00,Portugal,Portugal,PT,28.88,68.51,92.71,92.11,entsoe.eu,false,
2022-04-20 03:00:00,Portugal,Portugal,PT,27.47,66.45,93.04,92.58,entsoe.eu,false,
2022-04-20 04:00:00,Portugal,Portugal,PT,28.2,66.82,92.96,92.08,entsoe.eu,false,
2022-04-20 05:00:00,Portugal,Portugal,PT,37.11,70.7,93.99,93.99,entsoe.eu,false,
2022-04-20 06:00:00,Portugal,Portugal,PT,46.06,75.64,94.72,94.72,entsoe.eu,false,
2022-04-20 07:00:00,Portugal,Portugal,PT,38.7,70.69,94.39,94.39,entsoe.eu,false,
2022-04-20 08:00:00,Portugal,Portugal,PT,33.85,67.56,94.13,93.71,entsoe.eu,false,
2022-04-20 09:00:00,Portugal,Portugal,PT,28.05,63.86,93.74,92.16,entsoe.eu,false,
2022-04-20 10:00:00,Portugal,Portugal,PT,26.67,63.11,93.73,91.51,entsoe.eu,false,
2022-04-20 11:00:00,Portugal,Portugal,PT,32.49,68.14,92.96,88.2,entsoe.eu,false,
2022-04-20 12:00:00,Portugal,Portugal,PT,31.91,67.35,93.15,88.05,entsoe.eu,false,
2022-04-20 13:00:00,Portugal,Portugal,PT,32.85,68.2,93.01,87.78,entsoe.eu,false,
2022-04-20 14:00:00,Portugal,Portugal,PT,33.4,68.77,92.92,87.68,entsoe.eu,false,
2022-04-20 15:00:00,Portugal,Portugal,PT,34.01,69.43,92.78,87.47,entsoe.eu,false,
2022-04-20 16:00:00,Portugal,Portugal,PT,33.16,69.05,92.85,87.91,entsoe.eu,false,
2022-04-20 17:00:00,Portugal,Portugal,PT,32.14,68.0,92.87,88.87,entsoe.eu,false,
2022-04-20 18:00:00,Portugal,Portugal,PT,41.8,76.54,92.61,89.03,entsoe.eu,false,
2022-04-20 19:00:00,Portugal,Portugal,PT,49.41,79.42,94.43,93.53,entsoe.eu,false,
2022-04-20 20:00:00,Portugal,Portugal,PT,50.7,84.21,92.58,88.97,entsoe.eu,false,
2022-04-20 21:00:00,Portugal,Portugal,PT,52.83,90.79,90.49,84.09,entsoe.eu,false,
2022-04-20 22:00:00,Portugal,Portugal,PT,56.5,95.92,90.29,84.49,entsoe.eu,false,
2022-04-20 23:00:00,Portugal,Portugal,PT,60.03,101.53,89.75,84.11,entsoe.eu,false,
2022-04-21 00:00:00,Portugal,Portugal,PT,68.43,112.25,88.1,81.78,entsoe.eu,false,
2022-04-21 01:00:00,Portugal,Portugal,PT,76.09,121.75,86.91,79.62,entsoe.eu,false,
2022-04-21 02:00:00,Portugal,Portugal,PT,85.83,131.99,86.4,79.07,entsoe.eu,false,
2022-04-21 03:00:00,Portugal,Portugal,PT,75.43,118.34,88.68,84.17,entsoe.eu,false,
2022-04-21 04:00:00,Portugal,Portugal,PT,75.31,114.14,90.49,89.95,entsoe.eu,false,
2022-04-21 05:00:00,Portugal,Portugal,PT,72.95,106.9,91.32,91.32,entsoe.eu,false,
2022-04-21 06:00:00,Portugal,Portugal,PT,78.34,112.48,89.87,89.87,entsoe.eu,false,
2022-04-21 07:00:00,Portugal,Portugal,PT,83.93,121.96,87.44,85.73,entsoe.eu,false,
2022-04-21 08:00:00,Portugal,Portugal,PT,90.61,134.92,84.25,77.77,entsoe.eu,false,
2022-04-21 09:00:00,Portugal,Portugal,PT,92.41,140.99,82.49,73.12,entsoe.eu,false,
2022-04-21 10:00:00,Portugal,Portugal,PT,93.86,141.07,83.22,74.08,entsoe.eu,false,
2022-04-21 11:00:00,Portugal,Portugal,PT,96.48,144.87,82.59,73.54,entsoe.eu,false,
2022-04-21 12:00:00,Portugal,Portugal,PT,93.44,143.66,81.96,72.03,entsoe.eu,false,
2022-04-21 13:00:00,Portugal,Portugal,PT,88.55,137.29,82.99,73.88,entsoe.eu,false,
2022-04-21 14:00:00,Portugal,Portugal,PT,87.87,135.33,83.54,75.22,entsoe.eu,false,
2022-04-21 15:00:00,Portugal,Portugal,PT,90.87,138.32,82.8,75.23,entsoe.eu,false,
2022-04-21 16:00:00,Portugal,Portugal,PT,88.97,133.68,83.72,79.2,entsoe.eu,false,
2022-04-21 17:00:00,Portugal,Portugal,PT,84.72,123.97,86.3,85.07,entsoe.eu,false,
2022-04-21 18:00:00,Portugal,Portugal,PT,83.09,117.75,86.89,86.89,entsoe.eu,false,
2022-04-21 19:00:00,Portugal,Portugal,PT,79.23,113.97,87.19,87.19,entsoe.eu,false,
2022-04-21 20:00:00,Portugal,Portugal,PT,73.62,107.53,88.37,88.37,entsoe.eu,false,
2022-04-21 21:00:00,Portugal,Portugal,PT,70.3,106.97,87.99,87.99,entsoe.eu,false,
2022-04-21 22:00:00,Portugal,Portugal,PT,69.15,109.67,87.26,85.76,entsoe.eu,false,
2022-04-21 23:00:00,Portugal,Portugal,PT,69.77,116.79,83.84,79.3,entsoe.eu,false,
2022-04-22 00:00:00,Portugal,Portugal,PT,79.2,130.24,80.81,75.16,entsoe.eu,false,
2022-04-22 01:00:00,Portugal,Portugal,PT,95.22,152.23,76.15,71.26,entsoe.eu,false,
2022-04-22 02:00:00,Portugal,Portugal,PT,102.01,161.44,74.41,71.3,entsoe.eu,false,
2022-04-22 03:00:00,Portugal,Portugal,PT,107.42,166.79,73.99,71.54,entsoe.eu,false,
2022-04-22 04:00:00,Portugal,Portugal,PT,101.29,150.65,79.47,79.47,entsoe.eu,false,
2022-04-22 05:00:00,Portugal,Portugal,PT,96.99,136.01,83.71,83.71,entsoe.eu,false,
2022-04-22 06:00:00,Portugal,Portugal,PT,101.52,141.53,82.39,82.39,entsoe.eu,false,
2022-04-22 07:00:00,Portugal,Portugal,PT,116.44,163.9,77.66,76.51,entsoe.eu,false,
2022-04-22 08:00:00,Portugal,Portugal,PT,122.75,175.52,74.09,67.57,entsoe.eu,false,
2022-04-22 09:00:00,Portugal,Portugal,PT,118.24,168.21,76.43,70.39,entsoe.eu,false,
2022-04-22 10:00:00,Portugal,Portugal,PT,122.13,175.09,74.61,66.27,entsoe.eu,false,
2022-04-22 11:00:00,Portugal,Portugal,PT,120.15,173.95,74.53,65.88,entsoe.eu,false,
2022-04-22 12:00:00,Portugal,Portugal,PT,127.69,182.16,73.66,65.41,entsoe.eu,false,
2022-04-22 13:00:00,Portugal,Portugal,PT,139.01,199.93,68.79,59.4,entsoe.eu,false,
2022-04-22 14:00:00,Portugal,Portugal,PT,142.39,204.99,67.28,58.14,entsoe.eu,false,
2022-04-22 15:00:00,Portugal,Portugal,PT,143.25,205.15,67.49,59.47,entsoe.eu,false,
2022-04-22 16:00:00,Portugal,Portugal,PT,128.35,185.37,71.42,66.44,entsoe.eu,false,
2022-04-22 17:00:00,Portugal,Portugal,PT,128.27,181.81,73.04,70.97,entsoe.eu,false,
2022-04-22 18:00:00,Portugal,Portugal,PT,124.89,174.77,74.74,74.74,entsoe.eu,false,
2022-04-22 19:00:00,Portugal,Portugal,PT,119.86,167.58,76.31,75.22,entsoe.eu,false,
2022-04-22 20:00:00,Portugal,Portugal,PT,130.66,184.12,72.1,69.43,entsoe.eu,false,
2022-04-22 21:00:00,Portugal,Portugal,PT,141.05,202.93,67.52,59.37,entsoe.eu,false,
2022-04-22 22:00:00,Portugal,Portugal,PT,128.07,186.1,71.4,65.42,entsoe.eu,false,
2022-04-22 23:00:00,Portugal,Portugal,PT,119.71,177.73,74.12,65.24,entsoe.eu,false,
2022-04-23 00:00:00,Portugal,Portugal,PT,104.05,162.42,76.12,65.65,entsoe.eu,false,
2022-04-23 01:00:00,Portugal,Portugal,PT,84.52,136.26,81.77,70.11,entsoe.eu,false,
2022-04-23 02:00:00,Portugal,Portugal,PT,70.19,116.69,85.33,74.98,entsoe.eu,false,
2022-04-23 03:00:00,Portugal,Portugal,PT,66.0,111.63,86.09,75.98,entsoe.eu,false,
2022-04-23 04:00:00,Portugal,Portugal,PT,66.79,111.04,86.09,76.02,entsoe.eu,false,
2022-04-23 05:00:00,Portugal,Portugal,PT,60.17,103.52,87.38,78.58,entsoe.eu,false,
2022-04-23 06:00:00,Portugal,Portugal,PT,51.74,94.7,88.77,81.28,entsoe.eu,false,
2022-04-23 07:00:00,Portugal,Portugal,PT,47.31,88.0,89.89,82.03,entsoe.eu,false,
2022-04-23 08:00:00,Portugal,Portugal,PT,43.4,82.47,90.74,82.93,entsoe.eu,false,
2022-04-23 09:00:00,Portugal,Portugal,PT,43.67,81.78,90.73,82.69,entsoe.eu,false,
2022-04-23 10:00:00,Portugal,Portugal,PT,43.65,82.31,90.7,82.76,entsoe.eu,false,
2022-04-23 11:00:00,Portugal,Portugal,PT,39.03,76.6,91.56,84.49,entsoe.eu,false,
2022-04-23 12:00:00,Portugal,Portugal,PT,36.52,73.69,92.08,85.19,entsoe.eu,false,
2022-04-23 13:00:00,Portugal,Portugal,PT,35.62,73.04,92.24,85.61,entsoe.eu,false,
2022-04-23 14:00:00,Portugal,Portugal,PT,36.48,74.5,92.09,85.3,entsoe.eu,false,
2022-04-23 15:00:00,Portugal,Portugal,PT,38.05,76.33,91.77,84.66,entsoe.eu,false,
2022-04-23 16:00:00,Portugal,Portugal,PT,38.82,76.44,91.65,84.08,entsoe.eu,false,
2022-04-23 17:00:00,Portugal,Portugal,PT,42.93,81.01,90.85,82.34,entsoe.eu,false,
2022-04-23 18:00:00,Portugal,Portugal,PT,47.51,87.45,89.73,81.49,entsoe.eu,false,
2022-04-23 19:00:00,Portugal,Portugal,PT,70.39,105.33,90.68,84.97,entsoe.eu,false,
2022-04-23 20:00:00,Portugal,Portugal,PT,72.01,106.94,90.59,84.74,entsoe.eu,false,
2022-04-23 21:00:00,Portugal,Portugal,PT,72.49,114.11,87.37,77.37,entsoe.eu,false,
2022-04-23 22:00:00,Portugal,Portugal,PT,76.44,122.1,85.44,74.15,entsoe.eu,false,
2022-04-23 23:00:00,Portugal,Portugal,PT,77.41,128.06,83.22,71.21,entsoe.eu,false,
2022-04-24 00:00:00,Portugal,Portugal,PT,79.38,131.32,82.79,69.81,entsoe.eu,false,
2022-04-24 01:00:00,Portugal,Portugal,PT,90.14,142.97,80.69,65.86,Electricity Maps Estimation,false,
2022-04-24 02:00:00,Portugal,Portugal,PT,95.17,149.45,79.61,63.9,Electricity Maps Estimation,false,
2022-04-24 03:00:00,Portugal,Portugal,PT,100.56,158.85,78.25,62.28,entsoe.eu,false,
2022-04-24 04:00:00,Portugal,Portugal,PT,111.83,171.33,77.24,62.61,entsoe.eu,false,
2022-04-24 05:00:00,Portugal,Portugal,PT,122.25,183.02,75.44,61.08,entsoe.eu,false,
2022-04-24 06:00:00,Portugal,Portugal,PT,126.36,191.56,72.31,59.69,entsoe.eu,false,
2022-04-24 07:00:00,Portugal,Portugal,PT,125.47,192.09,70.96,61.58,entsoe.eu,false,
2022-04-24 08:00:00,Portugal,Portugal,PT,119.37,185.2,71.58,61.78,entsoe.eu,false,
2022-04-24 09:00:00,Portugal,Portugal,PT,114.73,177.97,73.11,62.15,entsoe.eu,false,
2022-04-24 10:00:00,Portugal,Portugal,PT,107.49,168.61,74.9,63.51,entsoe.eu,false,
2022-04-24 11:00:00,Portugal,Portugal,PT,108.53,169.47,75.19,65.46,entsoe.eu,false,
2022-04-24 12:00:00,Portugal,Portugal,PT,109.31,172.12,74.36,65.57,entsoe.eu,false,
2022-04-24 13:00:00,Portugal,Portugal,PT,115.03,178.17,73.32,63.38,entsoe.eu,false,
2022-04-24 14:00:00,Portugal,Portugal,PT,114.43,177.61,73.61,63.03,entsoe.eu,false,
2022-04-24 15:00:00,Portugal,Portugal,PT,116.31,181.42,72.87,62.56,entsoe.eu,false,
2022-04-24 16:00:00,Portugal,Portugal,PT,140.76,213.31,66.62,56.77,entsoe.eu,false,
2022-04-24 17:00:00,Portugal,Portugal,PT,164.78,237.77,62.27,54.69,entsoe.eu,false,
2022-04-24 18:00:00,Portugal,Portugal,PT,166.5,227.75,67.16,64.14,entsoe.eu,false,
2022-04-24 19:00:00,Portugal,Portugal,PT,156.57,209.04,71.98,71.98,entsoe.eu,false,
2022-04-24 20:00:00,Portugal,Portugal,PT,155.9,209.78,70.93,70.93,entsoe.eu,false,
2022-04-24 21:00:00,Portugal,Portugal,PT,171.1,233.44,65.35,63.49,entsoe.eu,false,
2022-04-24 22:00:00,Portugal,Portugal,PT,174.27,237.66,64.72,64.45,entsoe.eu,false,
2022-04-24 23:00:00,Portugal,Portugal,PT,201.2,274.82,57.17,53.68,entsoe.eu,false,
2022-04-25 00:00:00,Portugal,Portugal,PT,224.31,312.15,47.61,39.24,entsoe.eu,false,
2022-04-25 01:00:00,Portugal,Portugal,PT,232.76,327.41,43.21,33.71,entsoe.eu,false,
2022-04-25 02:00:00,Portugal,Portugal,PT,243.88,342.8,40.32,28.9,entsoe.eu,false,
2022-04-25 03:00:00,Portugal,Portugal,PT,251.82,352.37,38.31,29.58,entsoe.eu,false,
2022-04-25 04:00:00,Portugal,Portugal,PT,233.59,322.98,45.19,44.61,entsoe.eu,false,
2022-04-25 05:00:00,Portugal,Portugal,PT,190.73,256.9,59.84,59.84,entsoe.eu,false,
2022-04-25 06:00:00,Portugal,Portugal,PT,195.38,261.83,58.84,58.84,entsoe.eu,false,
2022-04-25 07:00:00,Portugal,Portugal,PT,194.25,263.4,57.42,57.42,entsoe.eu,false,
2022-04-25 08:00:00,Portugal,Portugal,PT,203.07,286.42,49.13,49.13,entsoe.eu,false,
2022-04-25 09:00:00,Portugal,Portugal,PT,201.91,290.92,46.27,45.67,entsoe.eu,false,
2022-04-25 10:00:00,Portugal,Portugal,PT,198.08,285.38,47.69,46.51,entsoe.eu,false,
2022-04-25 11:00:00,Portugal,Portugal,PT,191.71,276.18,49.7,48.04,entsoe.eu,false,
2022-04-25 12:00:00,Portugal,Portugal,PT,184.79,268.07,51.32,49.98,entsoe.eu,false,
2022-04-25 13:00:00,Portugal,Portugal,PT,186.26,270.09,51.09,49.51,entsoe.eu,false,
2022-04-25 14:00:00,Portugal,Portugal,PT,187.05,271.49,50.82,49.26,entsoe.eu,false,
2022-04-25 15:00:00,Portugal,Portugal,PT,188.77,273.49,50.76,48.68,entsoe.eu,false,
2022-04-25 16:00:00,Portugal,Portugal,PT,211.14,302.7,44.46,42.86,entsoe.eu,false,
2022-04-25 17:00:00,Portugal,Portugal,PT,219.1,308.62,43.23,43.23,entsoe.eu,false,
2022-04-25 18:00:00,Portugal,Portugal,PT,178.08,241.9,59.92,59.92,entsoe.eu,false,
2022-04-25 19:00:00,Portugal,Portugal,PT,184.14,250.09,57.88,57.88,entsoe.eu,false,
2022-04-25 20:00:00,Portugal,Portugal,PT,203.43,279.35,50.9,50.9,entsoe.eu,false,
2022-04-25 21:00:00,Portugal,Portugal,PT,245.94,340.14,37.64,34.51,entsoe.eu,false,
2022-04-25 22:00:00,Portugal,Portugal,PT,265.42,367.27,31.87,27.27,entsoe.eu,false,
2022-04-25 23:00:00,Portugal,Portugal,PT,261.56,364.06,32.96,28.07,entsoe.eu,false,
2022-04-26 00:00:00,Portugal,Portugal,PT,261.99,362.9,34.28,26.4,entsoe.eu,false,
2022-04-26 01:00:00,Portugal,Portugal,PT,262.27,363.34,34.92,25.22,entsoe.eu,false,
2022-04-26 02:00:00,Portugal,Portugal,PT,268.13,369.7,34.15,23.6,entsoe.eu,false,
2022-04-26 03:00:00,Portugal,Portugal,PT,292.49,406.96,24.01,20.84,entsoe.eu,false,
2022-04-26 04:00:00,Portugal,Portugal,PT,244.92,340.89,36.78,36.78,entsoe.eu,false,
2022-04-26 05:00:00,Portugal,Portugal,PT,203.45,275.96,53.06,53.06,entsoe.eu,false,
2022-04-26 06:00:00,Portugal,Portugal,PT,188.09,256.56,56.32,56.32,entsoe.eu,false,
2022-04-26 07:00:00,Portugal,Portugal,PT,189.5,266.5,51.39,51.39,entsoe.eu,false,
2022-04-26 08:00:00,Portugal,Portugal,PT,213.53,299.26,45.1,42.45,entsoe.eu,false,
2022-04-26 09:00:00,Portugal,Portugal,PT,213.76,299.03,45.95,42.29,entsoe.eu,false,
2022-04-26 10:00:00,Portugal,Portugal,PT,219.17,305.99,44.9,40.8,entsoe.eu,false,
2022-04-26 11:00:00,Portugal,Portugal,PT,211.69,296.12,47.39,42.41,entsoe.eu,false,
2022-04-26 12:00:00,Portugal,Portugal,PT,207.67,291.24,48.33,43.47,entsoe.eu,false,
2022-04-26 13:00:00,Portugal,Portugal,PT,208.47,292.18,48.37,43.14,entsoe.eu,false,
2022-04-26 14:00:00,Portugal,Portugal,PT,213.8,299.91,46.58,41.88,entsoe.eu,false,
2022-04-26 15:00:00,Portugal,Portugal,PT,221.28,308.99,44.71,40.1,entsoe.eu,false,
2022-04-26 16:00:00,Portugal,Portugal,PT,228.63,317.8,41.49,38.34,entsoe.eu,false,
2022-04-26 17:00:00,Portugal,Portugal,PT,202.41,284.8,46.53,46.11,entsoe.eu,false,
2022-04-26 18:00:00,Portugal,Portugal,PT,179.61,248.04,56.16,56.16,entsoe.eu,false,
2022-04-26 19:00:00,Portugal,Portugal,PT,175.95,240.28,58.82,58.82,entsoe.eu,false,
2022-04-26 20:00:00,Portugal,Portugal,PT,205.96,283.22,49.29,48.28,entsoe.eu,false,
2022-04-26 21:00:00,Portugal,Portugal,PT,240.86,331.23,39.97,34.37,entsoe.eu,false,
2022-04-26 22:00:00,Portugal,Portugal,PT,252.02,348.47,35.72,30.35,entsoe.eu,false,
2022-04-26 23:00:00,Portugal,Portugal,PT,245.15,340.39,36.78,32.12,entsoe.eu,false,
2022-04-27 00:00:00,Portugal,Portugal,PT,251.51,347.48,36.59,29.1,entsoe.eu,false,
2022-04-27 01:00:00,Portugal,Portugal,PT,254.56,351.59,35.92,28.83,entsoe.eu,false,
2022-04-27 02:00:00,Portugal,Portugal,PT,257.26,355.74,35.13,28.29,entsoe.eu,false,
2022-04-27 03:00:00,Portugal,Portugal,PT,265.86,370.76,30.32,27.55,entsoe.eu,false,
2022-04-27 04:00:00,Portugal,Portugal,PT,217.13,304.73,42.78,42.78,entsoe.eu,false,
2022-04-27 05:00:00,Portugal,Portugal,PT,190.94,261.84,54.43,54.43,entsoe.eu,false,
2022-04-27 06:00:00,Portugal,Portugal,PT,186.48,257.71,54.4,54.4,entsoe.eu,false,
2022-04-27 07:00:00,Portugal,Portugal,PT,182.59,252.96,55.43,55.43,entsoe.eu,false,
2022-04-27 08:00:00,Portugal,Portugal,PT,228.12,317.42,42.23,38.23,entsoe.eu,false,
2022-04-27 09:00:00,Portugal,Portugal,PT,232.26,323.46,41.23,36.9,entsoe.eu,false,
2022-04-27 10:00:00,Portugal,Portugal,PT,230.64,321.16,42.31,37.39,entsoe.eu,false,
2022-04-27 11:00:00,Portugal,Portugal,PT,215.52,302.19,45.85,41.84,entsoe.eu,false,
2022-04-27 12:00:00,Portugal,Portugal,PT,185.48,262.48,53.53,50.28,entsoe.eu,false,
2022-04-27 13:00:00,Portugal,Portugal,PT,180.17,255.24,55.0,51.71,entsoe.eu,false,
2022-04-27 14:00:00,Portugal,Portugal,PT,176.61,250.53,55.72,52.75,entsoe.eu,false,
2022-04-27 15:00:00,Portugal,Portugal,PT,176.9,255.31,53.01,52.54,entsoe.eu,false,
2022-04-27 16:00:00,Portugal,Portugal,PT,169.69,245.81,55.59,54.42,entsoe.eu,false,
2022-04-27 17:00:00,Portugal,Portugal,PT,161.04,234.4,56.76,56.76,entsoe.eu,false,
2022-04-27 18:00:00,Portugal,Portugal,PT,153.7,217.42,61.35,61.35,entsoe.eu,false,
2022-04-27 19:00:00,Portugal,Portugal,PT,147.29,205.91,64.44,64.44,entsoe.eu,false,
2022-04-27 20:00:00,Portugal,Portugal,PT,156.87,224.16,59.53,59.53,entsoe.eu,false,
2022-04-27 21:00:00,Portugal,Portugal,PT,175.44,249.15,55.53,53.49,entsoe.eu,false,
2022-04-27 22:00:00,Portugal,Portugal,PT,174.52,250.73,54.81,52.61,entsoe.eu,false,
2022-04-27 23:00:00,Portugal,Portugal,PT,179.8,257.39,53.99,50.87,entsoe.eu,false,
2022-04-28 00:00:00,Portugal,Portugal,PT,188.4,269.44,51.95,48.17,entsoe.eu,false,
2022-04-28 01:00:00,Portugal,Portugal,PT,200.82,286.15,48.51,44.82,entsoe.eu,false,
2022-04-28 02:00:00,Portugal,Portugal,PT,204.34,291.66,47.02,44.3,entsoe.eu,false,
2022-04-28 03:00:00,Portugal,Portugal,PT,196.07,282.64,47.37,47.37,entsoe.eu,false,
2022-04-28 04:00:00,Portugal,Portugal,PT,162.61,226.77,61.33,61.33,entsoe.eu,false,
2022-04-28 05:00:00,Portugal,Portugal,PT,151.07,210.32,65.14,65.14,entsoe.eu,false,
2022-04-28 06:00:00,Portugal,Portugal,PT,158.28,216.85,64.8,64.8,entsoe.eu,false,
2022-04-28 07:00:00,Portugal,Portugal,PT,157.57,219.56,62.93,62.93,entsoe.eu,false,
2022-04-28 08:00:00,Portugal,Portugal,PT,150.24,220.01,59.82,59.82,entsoe.eu,false,
2022-04-28 09:00:00,Portugal,Portugal,PT,149.74,219.71,60.58,59.73,entsoe.eu,false,
2022-04-28 10:00:00,Portugal,Portugal,PT,159.78,232.54,58.31,56.82,entsoe.eu,false,
2022-04-28 11:00:00,Portugal,Portugal,PT,159.24,232.69,58.37,57.03,entsoe.eu,false,
2022-04-28 12:00:00,Portugal,Portugal,PT,163.38,235.77,58.87,55.53,entsoe.eu,false,
2022-04-28 13:00:00,Portugal,Portugal,PT,165.99,240.16,57.46,55.06,entsoe.eu,false,
2022-04-28 14:00:00,Portugal,Portugal,PT,169.52,244.97,56.44,54.19,entsoe.eu,false,
2022-04-28 15:00:00,Portugal,Portugal,PT,165.76,241.34,55.99,55.46,entsoe.eu,false,
2022-04-28 16:00:00,Portugal,Portugal,PT,167.39,242.54,55.1,55.1,entsoe.eu,false,
2022-04-28 17:00:00,Portugal,Portugal,PT,153.48,222.75,58.94,58.94,entsoe.eu,false,
2022-04-28 18:00:00,Portugal,Portugal,PT,149.57,208.31,64.82,64.82,entsoe.eu,false,
2022-04-28 19:00:00,Portugal,Portugal,PT,148.15,204.05,66.19,66.19,entsoe.eu,false,
2022-04-28 20:00:00,Portugal,Portugal,PT,149.66,210.49,63.11,63.11,entsoe.eu,false,
2022-04-28 21:00:00,Portugal,Portugal,PT,154.37,223.23,58.56,58.56,entsoe.eu,false,
2022-04-28 22:00:00,Portugal,Portugal,PT,175.67,251.51,53.37,52.8,entsoe.eu,false,
2022-04-28 23:00:00,Portugal,Portugal,PT,168.51,243.56,54.77,54.77,entsoe.eu,false,
2022-04-29 00:00:00,Portugal,Portugal,PT,178.54,256.52,52.26,52.26,entsoe.eu,false,
2022-04-29 01:00:00,Portugal,Portugal,PT,178.87,256.06,52.16,52.16,entsoe.eu,false,
2022-04-29 02:00:00,Portugal,Portugal,PT,182.52,260.47,51.16,51.16,entsoe.eu,false,
2022-04-29 03:00:00,Portugal,Portugal,PT,184.93,264.21,50.52,50.52,entsoe.eu,false,
2022-04-29 04:00:00,Portugal,Portugal,PT,196.91,279.7,47.29,47.29,entsoe.eu,false,
2022-04-29 05:00:00,Portugal,Portugal,PT,180.17,255.08,52.37,52.37,entsoe.eu,false,
2022-04-29 06:00:00,Portugal,Portugal,PT,164.95,234.33,56.93,56.93,entsoe.eu,false,
2022-04-29 07:00:00,Portugal,Portugal,PT,158.48,228.72,57.6,57.6,entsoe.eu,false,
2022-04-29 08:00:00,Portugal,Portugal,PT,164.22,235.73,57.99,56.09,entsoe.eu,false,
2022-04-29 09:00:00,Portugal,Portugal,PT,161.89,232.16,59.42,56.54,entsoe.eu,false,
2022-04-29 10:00:00,Portugal,Portugal,PT,156.09,223.92,61.62,57.76,entsoe.eu,false,
2022-04-29 11:00:00,Portugal,Portugal,PT,159.26,228.91,60.38,56.56,entsoe.eu,false,
2022-04-29 12:00:00,Portugal,Portugal,PT,167.73,240.24,58.57,54.25,entsoe.eu,false,
2022-04-29 13:00:00,Portugal,Portugal,PT,180.28,257.72,55.42,50.7,entsoe.eu,false,
2022-04-29 14:00:00,Portugal,Portugal,PT,188.91,268.54,53.27,48.49,entsoe.eu,false,
2022-04-29 15:00:00,Portugal,Portugal,PT,193.07,273.31,52.13,47.31,entsoe.eu,false,
2022-04-29 16:00:00,Portugal,Portugal,PT,211.1,296.84,46.57,42.87,entsoe.eu,false,
2022-04-29 17:00:00,Portugal,Portugal,PT,200.53,283.98,47.86,46.09,entsoe.eu,false,
2022-04-29 18:00:00,Portugal,Portugal,PT,190.44,264.85,52.67,52.67,entsoe.eu,false,
2022-04-29 19:00:00,Portugal,Portugal,PT,181.35,248.62,57.31,57.31,entsoe.eu,false,
2022-04-29 20:00:00,Portugal,Portugal,PT,183.52,259.9,52.38,51.42,entsoe.eu,false,
2022-04-29 21:00:00,Portugal,Portugal,PT,194.1,272.89,50.69,47.9,entsoe.eu,false,
2022-04-29 22:00:00,Portugal,Portugal,PT,193.9,276.99,48.24,48.09,entsoe.eu,false,
2022-04-29 23:00:00,Portugal,Portugal,PT,193.24,278.36,48.39,48.37,entsoe.eu,false,
2022-04-30 00:00:00,Portugal,Portugal,PT,202.37,290.38,46.62,45.31,entsoe.eu,false,
2022-04-30 01:00:00,Portugal,Portugal,PT,214.81,305.36,44.48,40.97,entsoe.eu,false,
2022-04-30 02:00:00,Portugal,Portugal,PT,212.64,303.77,44.16,42.11,entsoe.eu,false,
2022-04-30 03:00:00,Portugal,Portugal,PT,217.91,312.08,42.35,41.08,entsoe.eu,false,
2022-04-30 04:00:00,Portugal,Portugal,PT,208.51,297.24,44.93,44.93,entsoe.eu,false,
2022-04-30 05:00:00,Portugal,Portugal,PT,220.45,311.84,42.48,42.48,entsoe.eu,false,
2022-04-30 06:00:00,Portugal,Portugal,PT,220.03,313.27,41.11,41.11,entsoe.eu,false,
2022-04-30 07:00:00,Portugal,Portugal,PT,193.93,279.09,48.17,48.0,entsoe.eu,false,
2022-04-30 08:00:00,Portugal,Portugal,PT,165.35,241.64,56.61,54.71,entsoe.eu,false,
2022-04-30 09:00:00,Portugal,Portugal,PT,161.17,235.99,58.87,53.91,entsoe.eu,false,
2022-04-30 10:00:00,Portugal,Portugal,PT,150.91,220.48,62.72,55.92,entsoe.eu,false,
2022-04-30 11:00:00,Portugal,Portugal,PT,142.91,210.41,64.8,57.27,entsoe.eu,false,
2022-04-30 12:00:00,Portugal,Portugal,PT,136.8,203.1,66.39,58.43,entsoe.eu,false,
2022-04-30 13:00:00,Portugal,Portugal,PT,131.94,196.31,67.55,60.08,entsoe.eu,false,
2022-04-30 14:00:00,Portugal,Portugal,PT,128.6,192.37,67.88,61.14,entsoe.eu,false,
2022-04-30 15:00:00,Portugal,Portugal,PT,124.54,186.79,68.94,61.94,entsoe.eu,false,
2022-04-30 16:00:00,Portugal,Portugal,PT,126.72,188.69,68.24,61.81,entsoe.eu,false,
2022-04-30 17:00:00,Portugal,Portugal,PT,132.36,195.75,65.91,62.52,entsoe.eu,false,
2022-04-30 18:00:00,Portugal,Portugal,PT,148.21,212.41,63.22,63.22,entsoe.eu,false,
2022-04-30 19:00:00,Portugal,Portugal,PT,133.46,188.25,69.85,69.85,entsoe.eu,false,
2022-04-30 20:00:00,Portugal,Portugal,PT,120.04,174.79,71.13,71.13,entsoe.eu,false,
2022-04-30 21:00:00,Portugal,Portugal,PT,115.0,172.86,69.97,69.97,entsoe.eu,false,
2022-04-30 22:00:00,Portugal,Portugal,PT,107.06,165.95,71.56,71.07,entsoe.eu,false,
2022-04-30 23:00:00,Portugal,Portugal,PT,98.59,152.59,76.11,69.96,entsoe.eu,false,
2022-05-01 00:00:00,Portugal,Portugal,PT,97.93,154.38,76.24,69.97,entsoe.eu,false,
2022-05-01 01:00:00,Portugal,Portugal,PT,97.61,154.03,76.72,69.21,entsoe.eu,false,
2022-05-01 02:00:00,Portugal,Portugal,PT,103.82,162.66,75.54,66.0,entsoe.eu,false,
2022-05-01 03:00:00,Portugal,Portugal,PT,109.12,169.78,74.24,64.26,entsoe.eu,false,
2022-05-01 04:00:00,Portugal,Portugal,PT,114.16,176.69,73.2,63.98,entsoe.eu,false,
2022-05-01 05:00:00,Portugal,Portugal,PT,117.27,178.81,72.97,63.22,entsoe.eu,false,
2022-05-01 06:00:00,Portugal,Portugal,PT,113.04,172.46,74.47,64.05,entsoe.eu,false,
2022-05-01 07:00:00,Portugal,Portugal,PT,91.76,145.74,80.02,68.88,entsoe.eu,false,
2022-05-01 08:00:00,Portugal,Portugal,PT,86.61,139.31,81.14,70.49,entsoe.eu,false,
2022-05-01 09:00:00,Portugal,Portugal,PT,92.33,146.78,79.64,68.59,entsoe.eu,false,
2022-05-01 10:00:00,Portugal,Portugal,PT,88.11,140.83,81.0,70.3,entsoe.eu,false,
2022-05-01 11:00:00,Portugal,Portugal,PT,80.12,130.6,82.61,71.95,entsoe.eu,false,
2022-05-01 12:00:00,Portugal,Portugal,PT,69.65,118.16,84.54,74.46,entsoe.eu,false,
2022-05-01 13:00:00,Portugal,Portugal,PT,63.61,110.09,85.78,77.31,entsoe.eu,false,
2022-05-01 14:00:00,Portugal,Portugal,PT,61.09,106.33,86.29,78.58,entsoe.eu,false,
2022-05-01 15:00:00,Portugal,Portugal,PT,63.69,109.52,85.13,78.38,entsoe.eu,false,
2022-05-01 16:00:00,Portugal,Portugal,PT,71.73,119.58,82.62,76.98,entsoe.eu,false,
2022-05-01 17:00:00,Portugal,Portugal,PT,81.45,133.03,79.41,75.96,entsoe.eu,false,
2022-05-01 18:00:00,Portugal,Portugal,PT,95.22,141.47,80.15,80.15,entsoe.eu,false,
2022-05-01 19:00:00,Portugal,Portugal,PT,89.31,132.46,81.13,81.13,entsoe.eu,false,
2022-05-01 20:00:00,Portugal,Portugal,PT,83.4,128.14,80.6,80.6,entsoe.eu,false,
2022-05-01 21:00:00,Portugal,Portugal,PT,84.46,131.64,79.49,79.49,entsoe.eu,false,
2022-05-01 22:00:00,Portugal,Portugal,PT,89.36,143.38,76.13,76.13,entsoe.eu,false,
2022-05-01 23:00:00,Portugal,Portugal,PT,97.07,153.85,74.06,74.06,entsoe.eu,false,
2022-05-02 00:00:00,Portugal,Portugal,PT,98.78,157.05,73.75,73.35,entsoe.eu,false,
2022-05-02 01:00:00,Portugal,Portugal,PT,95.79,153.92,74.43,74.43,entsoe.eu,false,
2022-05-02 02:00:00,Portugal,Portugal,PT,99.22,158.4,73.5,73.5,entsoe.eu,false,
2022-05-02 03:00:00,Portugal,Portugal,PT,95.93,153.12,74.38,74.38,entsoe.eu,false,
2022-05-02 04:00:00,Portugal,Portugal,PT,100.21,155.06,74.81,74.81,entsoe.eu,false,
2022-05-02 05:00:00,Portugal,Portugal,PT,106.79,160.26,75.05,75.05,entsoe.eu,false,
2022-05-02 06:00:00,Portugal,Portugal,PT,113.97,165.27,75.95,75.95,entsoe.eu,false,
2022-05-02 07:00:00,Portugal,Portugal,PT,124.31,181.0,71.94,69.16,entsoe.eu,false,
2022-05-02 08:00:00,Portugal,Portugal,PT,128.18,189.88,68.92,63.63,entsoe.eu,false,
2022-05-02 09:00:00,Portugal,Portugal,PT,131.07,193.07,68.7,62.27,entsoe.eu,false,
2022-05-02 10:00:00,Portugal,Portugal,PT,125.41,185.73,70.08,63.54,entsoe.eu,false,
2022-05-02 11:00:00,Portugal,Portugal,PT,121.9,182.52,70.3,65.01,entsoe.eu,false,
2022-05-02 12:00:00,Portugal,Portugal,PT,118.93,178.27,71.63,65.32,entsoe.eu,false,
2022-05-02 13:00:00,Portugal,Portugal,PT,117.42,175.18,72.47,65.6,entsoe.eu,false,
2022-05-02 14:00:00,Portugal,Portugal,PT,112.96,169.04,73.75,67.01,entsoe.eu,false,
2022-05-02 15:00:00,Portugal,Portugal,PT,111.58,166.62,74.2,67.0,entsoe.eu,false,
2022-05-02 16:00:00,Portugal,Portugal,PT,109.18,164.33,73.86,68.15,entsoe.eu,false,
2022-05-02 17:00:00,Portugal,Portugal,PT,109.15,165.27,72.47,69.54,entsoe.eu,false,
2022-05-02 18:00:00,Portugal,Portugal,PT,108.61,159.12,74.92,74.92,entsoe.eu,false,
2022-05-02 19:00:00,Portugal,Portugal,PT,105.29,148.97,78.41,78.41,entsoe.eu,false,
2022-05-02 20:00:00,Portugal,Portugal,PT,107.14,153.08,77.07,77.07,entsoe.eu,false,
2022-05-02 21:00:00,Portugal,Portugal,PT,111.65,167.13,71.73,70.09,entsoe.eu,false,
2022-05-02 22:00:00,Portugal,Portugal,PT,116.13,172.35,71.38,67.58,entsoe.eu,false,
2022-05-02 23:00:00,Portugal,Portugal,PT,111.03,166.64,72.63,68.92,entsoe.eu,false,
2022-05-03 00:00:00,Portugal,Portugal,PT,113.22,173.0,70.6,69.01,entsoe.eu,false,
2022-05-03 01:00:00,Portugal,Portugal,PT,110.69,171.55,70.38,70.31,entsoe.eu,false,
2022-05-03 02:00:00,Portugal,Portugal,PT,105.25,163.13,71.79,71.79,entsoe.eu,false,
2022-05-03 03:00:00,Portugal,Portugal,PT,107.64,165.41,71.15,71.15,entsoe.eu,false,
2022-05-03 04:00:00,Portugal,Portugal,PT,110.1,167.52,70.47,70.47,entsoe.eu,false,
2022-05-03 05:00:00,Portugal,Portugal,PT,123.17,181.08,68.8,68.8,entsoe.eu,false,
2022-05-03 06:00:00,Portugal,Portugal,PT,111.33,163.6,72.85,72.85,entsoe.eu,false,
2022-05-03 07:00:00,Portugal,Portugal,PT,111.82,168.39,70.46,70.46,entsoe.eu,false,
2022-05-03 08:00:00,Portugal,Portugal,PT,108.45,165.6,70.91,70.91,entsoe.eu,false,
2022-05-03 09:00:00,Portugal,Portugal,PT,111.23,169.12,70.16,70.16,entsoe.eu,false,
2022-05-03 10:00:00,Portugal,Portugal,PT,122.02,182.99,68.08,66.75,entsoe.eu,false,
2022-05-03 11:00:00,Portugal,Portugal,PT,124.24,186.51,67.48,66.13,entsoe.eu,false,
2022-05-03 12:00:00,Portugal,Portugal,PT,127.52,190.16,66.96,65.04,entsoe.eu,false,
2022-05-03 13:00:00,Portugal,Portugal,PT,125.34,186.68,67.88,65.54,entsoe.eu,false,
2022-05-03 14:00:00,Portugal,Portugal,PT,127.51,189.01,67.53,64.79,entsoe.eu,false,
2022-05-03 15:00:00,Portugal,Portugal,PT,123.56,184.07,68.35,66.04,entsoe.eu,false,
2022-05-03 16:00:00,Portugal,Portugal,PT,124.87,186.32,67.15,66.15,entsoe.eu,false,
2022-05-03 17:00:00,Portugal,Portugal,PT,125.04,183.39,68.59,68.59,entsoe.eu,false,
2022-05-03 18:00:00,Portugal,Portugal,PT,125.6,175.22,73.05,73.05,entsoe.eu,false,
2022-05-03 19:00:00,Portugal,Portugal,PT,123.74,171.91,73.69,73.69,entsoe.eu,false,
2022-05-03 20:00:00,Portugal,Portugal,PT,121.22,175.57,70.63,70.63,entsoe.eu,false,
2022-05-03 21:00:00,Portugal,Portugal,PT,107.64,162.59,71.57,71.57,entsoe.eu,false,
2022-05-03 22:00:00,Portugal,Portugal,PT,117.75,176.53,68.41,68.41,entsoe.eu,false,
2022-05-03 23:00:00,Portugal,Portugal,PT,112.97,171.11,69.7,69.7,entsoe.eu,false,
2022-05-04 00:00:00,Portugal,Portugal,PT,117.91,178.39,68.37,68.37,entsoe.eu,false,
2022-05-04 01:00:00,Portugal,Portugal,PT,134.09,200.39,64.03,64.03,entsoe.eu,false,
2022-05-04 02:00:00,Portugal,Portugal,PT,143.48,213.44,61.51,61.51,entsoe.eu,false,
2022-05-04 03:00:00,Portugal,Portugal,PT,142.96,210.46,62.7,62.7,entsoe.eu,false,
2022-05-04 04:00:00,Portugal,Portugal,PT,128.76,185.43,69.43,69.43,entsoe.eu,false,
2022-05-04 05:00:00,Portugal,Portugal,PT,125.99,176.24,72.93,72.93,entsoe.eu,false,
2022-05-04 06:00:00,Portugal,Portugal,PT,123.09,172.1,73.75,73.75,entsoe.eu,false,
2022-05-04 07:00:00,Portugal,Portugal,PT,126.86,180.08,71.56,71.56,entsoe.eu,false,
2022-05-04 08:00:00,Portugal,Portugal,PT,129.44,186.06,70.08,70.08,entsoe.eu,false,
2022-05-04 09:00:00,Portugal,Portugal,PT,135.57,199.25,67.09,64.63,entsoe.eu,false,
2022-05-04 10:00:00,Portugal,Portugal,PT,143.68,209.36,65.17,62.57,entsoe.eu,false,
2022-05-04 11:00:00,Portugal,Portugal,PT,146.17,210.5,65.56,63.97,entsoe.eu,false,
2022-05-04 12:00:00,Portugal,Portugal,PT,149.67,214.73,65.03,63.45,entsoe.eu,false,
2022-05-04 13:00:00,Portugal,Portugal,PT,143.82,205.76,67.43,66.04,entsoe.eu,false,
2022-05-04 14:00:00,Portugal,Portugal,PT,142.85,207.74,65.52,63.85,entsoe.eu,false,
2022-05-04 15:00:00,Portugal,Portugal,PT,142.37,209.3,64.3,61.4,entsoe.eu,false,
2022-05-04 16:00:00,Portugal,Portugal,PT,138.33,202.19,65.75,65.23,entsoe.eu,false,
2022-05-04 17:00:00,Portugal,Portugal,PT,137.46,201.88,65.33,64.09,entsoe.eu,false,
2022-05-04 18:00:00,Portugal,Portugal,PT,135.97,188.55,71.53,71.53,entsoe.eu,false,
2022-05-04 19:00:00,Portugal,Portugal,PT,128.78,175.87,74.61,74.61,entsoe.eu,false,
2022-05-04 20:00:00,Portugal,Portugal,PT,139.9,193.4,70.6,70.6,entsoe.eu,false,
2022-05-04 21:00:00,Portugal,Portugal,PT,158.64,221.19,64.83,63.75,entsoe.eu,false,
2022-05-04 22:00:00,Portugal,Portugal,PT,168.16,233.31,63.08,62.76,entsoe.eu,false,
2022-05-04 23:00:00,Portugal,Portugal,PT,174.56,244.76,60.59,58.05,entsoe.eu,false,
2022-05-05 00:00:00,Portugal,Portugal,PT,171.12,243.27,59.8,55.21,entsoe.eu,false,
2022-05-05 01:00:00,Portugal,Portugal,PT,163.77,235.77,60.63,56.25,entsoe.eu,false,
2022-05-05 02:00:00,Portugal,Portugal,PT,134.2,198.66,66.67,66.67,entsoe.eu,false,
2022-05-05 03:00:00,Portugal,Portugal,PT,133.86,195.5,67.78,67.78,entsoe.eu,false,
2022-05-05 04:00:00,Portugal,Portugal,PT,133.08,190.77,69.88,69.88,entsoe.eu,false,
2022-05-05 05:00:00,Portugal,Portugal,PT,134.14,185.0,73.25,73.25,entsoe.eu,false,
2022-05-05 06:00:00,Portugal,Portugal,PT,129.18,175.6,75.85,75.85,entsoe.eu,false,
2022-05-05 07:00:00,Portugal,Portugal,PT,129.5,179.07,74.43,74.43,entsoe.eu,false,
2022-05-05 08:00:00,Portugal,Portugal,PT,130.83,188.32,70.82,68.36,entsoe.eu,false,
2022-05-05 09:00:00,Portugal,Portugal,PT,135.03,197.67,68.67,63.45,entsoe.eu,false,
2022-05-05 10:00:00,Portugal,Portugal,PT,136.21,198.63,68.93,63.22,entsoe.eu,false,
2022-05-05 11:00:00,Portugal,Portugal,PT,136.68,199.17,69.21,63.55,entsoe.eu,false,
2022-05-05 12:00:00,Portugal,Portugal,PT,131.87,196.06,68.93,61.99,entsoe.eu,false,
2022-05-05 13:00:00,Portugal,Portugal,PT,124.47,185.57,71.62,64.05,entsoe.eu,false,
2022-05-05 14:00:00,Portugal,Portugal,PT,127.75,190.39,70.43,62.74,entsoe.eu,false,
2022-05-05 15:00:00,Portugal,Portugal,PT,136.87,201.69,67.93,60.38,entsoe.eu,false,
2022-05-05 16:00:00,Portugal,Portugal,PT,135.82,198.02,69.12,62.84,entsoe.eu,false,
2022-05-05 17:00:00,Portugal,Portugal,PT,146.6,209.11,66.69,61.92,entsoe.eu,false,
2022-05-05 18:00:00,Portugal,Portugal,PT,137.26,190.58,71.3,71.02,entsoe.eu,false,
2022-05-05 19:00:00,Portugal,Portugal,PT,125.74,173.38,74.8,74.8,entsoe.eu,false,
2022-05-05 20:00:00,Portugal,Portugal,PT,122.55,170.2,75.38,75.38,entsoe.eu,false,
2022-05-05 21:00:00,Portugal,Portugal,PT,141.93,197.1,70.56,68.56,entsoe.eu,false,
2022-05-05 22:00:00,Portugal,Portugal,PT,148.73,207.67,68.19,66.8,entsoe.eu,false,
2022-05-05 23:00:00,Portugal,Portugal,PT,151.77,212.83,67.12,66.4,entsoe.eu,false,
2022-05-06 00:00:00,Portugal,Portugal,PT,174.0,243.13,61.63,57.67,entsoe.eu,false,
2022-05-06 01:00:00,Portugal,Portugal,PT,181.82,255.22,58.92,53.33,entsoe.eu,false,
2022-05-06 02:00:00,Portugal,Portugal,PT,184.28,257.1,58.97,54.29,entsoe.eu,false,
2022-05-06 03:00:00,Portugal,Portugal,PT,168.53,232.55,64.8,64.8,entsoe.eu,false,
2022-05-06 04:00:00,Portugal,Portugal,PT,162.7,222.84,67.07,67.07,entsoe.eu,false,
2022-05-06 05:00:00,Portugal,Portugal,PT,149.46,203.69,70.72,70.72,entsoe.eu,false,
2022-05-06 06:00:00,Portugal,Portugal,PT,140.66,194.75,71.3,71.3,entsoe.eu,false,
2022-05-06 07:00:00,Portugal,Portugal,PT,137.02,193.64,70.72,68.91,entsoe.eu,false,
2022-05-06 08:00:00,Portugal,Portugal,PT,133.95,197.11,68.31,62.37,entsoe.eu,false,
2022-05-06 09:00:00,Portugal,Portugal,PT,131.32,196.49,68.24,60.58,entsoe.eu,false,
2022-05-06 10:00:00,Portugal,Portugal,PT,124.2,187.12,70.2,62.13,entsoe.eu,false,
2022-05-06 11:00:00,Portugal,Portugal,PT,124.08,187.95,70.07,61.89,entsoe.eu,false,
2022-05-06 12:00:00,Portugal,Portugal,PT,118.66,181.08,71.34,62.76,entsoe.eu,false,
2022-05-06 13:00:00,Portugal,Portugal,PT,100.18,157.54,76.14,66.68,entsoe.eu,false,
2022-05-06 14:00:00,Portugal,Portugal,PT,101.77,158.74,75.86,66.27,entsoe.eu,false,
2022-05-06 15:00:00,Portugal,Portugal,PT,101.2,157.4,76.36,66.4,entsoe.eu,false,
2022-05-06 16:00:00,Portugal,Portugal,PT,106.9,164.34,75.09,65.22,entsoe.eu,false,
2022-05-06 17:00:00,Portugal,Portugal,PT,138.5,203.29,67.04,59.42,entsoe.eu,false,
2022-05-06 18:00:00,Portugal,Portugal,PT,146.31,204.26,68.43,66.22,entsoe.eu,false,
2022-05-06 19:00:00,Portugal,Portugal,PT,142.6,195.91,70.94,70.94,entsoe.eu,false,
2022-05-06 20:00:00,Portugal,Portugal,PT,136.37,187.64,72.26,72.26,entsoe.eu,false,
2022-05-06 21:00:00,Portugal,Portugal,PT,141.74,199.91,68.74,66.34,entsoe.eu,false,
2022-05-06 22:00:00,Portugal,Portugal,PT,157.94,223.34,64.21,59.55,entsoe.eu,false,
2022-05-06 23:00:00,Portugal,Portugal,PT,164.84,238.52,59.73,52.8,entsoe.eu,false,
2022-05-07 00:00:00,Portugal,Portugal,PT,163.46,239.2,58.89,53.07,entsoe.eu,false,
2022-05-07 01:00:00,Portugal,Portugal,PT,163.71,240.33,58.45,53.67,entsoe.eu,false,
2022-05-07 02:00:00,Portugal,Portugal,PT,163.33,238.19,59.52,55.95,entsoe.eu,false,
2022-05-07 03:00:00,Portugal,Portugal,PT,155.78,230.29,60.15,58.55,entsoe.eu,false,
2022-05-07 04:00:00,Portugal,Portugal,PT,149.72,223.31,60.99,60.72,entsoe.eu,false,
2022-05-07 05:00:00,Portugal,Portugal,PT,135.65,205.34,63.7,63.7,entsoe.eu,false,
2022-05-07 06:00:00,Portugal,Portugal,PT,136.19,204.78,64.41,62.94,entsoe.eu,false,
2022-05-07 07:00:00,Portugal,Portugal,PT,133.29,200.53,65.9,62.98,entsoe.eu,false,
2022-05-07 08:00:00,Portugal,Portugal,PT,120.78,183.65,70.34,64.46,entsoe.eu,false,
2022-05-07 09:00:00,Portugal,Portugal,PT,115.5,177.28,72.09,64.95,entsoe.eu,false,
2022-05-07 10:00:00,Portugal,Portugal,PT,108.82,168.98,73.72,65.73,entsoe.eu,false,
2022-05-07 11:00:00,Portugal,Portugal,PT,113.01,174.21,72.67,64.43,entsoe.eu,false,
2022-05-07 12:00:00,Portugal,Portugal,PT,106.08,165.62,74.94,65.6,entsoe.eu,false,
2022-05-07 13:00:00,Portugal,Portugal,PT,106.52,165.94,74.8,65.27,entsoe.eu,false,
2022-05-07 14:00:00,Portugal,Portugal,PT,106.37,165.74,74.92,65.25,entsoe.eu,false,
2022-05-07 15:00:00,Portugal,Portugal,PT,111.17,171.83,73.77,63.86,entsoe.eu,false,
2022-05-07 16:00:00,Portugal,Portugal,PT,114.04,175.23,73.07,63.07,entsoe.eu,false,
2022-05-07 17:00:00,Portugal,Portugal,PT,142.56,209.54,66.21,59.86,entsoe.eu,false,
2022-05-07 18:00:00,Portugal,Portugal,PT,150.81,208.7,69.22,68.47,entsoe.eu,false,
2022-05-07 19:00:00,Portugal,Portugal,PT,137.37,186.48,74.22,74.22,entsoe.eu,false,
2022-05-07 20:00:00,Portugal,Portugal,PT,139.43,190.73,72.99,72.99,entsoe.eu,false,
2022-05-07 21:00:00,Portugal,Portugal,PT,157.71,222.82,64.58,59.84,entsoe.eu,false,
2022-05-07 22:00:00,Portugal,Portugal,PT,148.62,213.71,67.66,56.88,entsoe.eu,false,
2022-05-07 23:00:00,Portugal,Portugal,PT,142.25,208.66,69.23,53.6,entsoe.eu,false,
2022-05-08 00:00:00,Portugal,Portugal,PT,136.83,202.63,70.76,52.23,entsoe.eu,false,
2022-05-08 01:00:00,Portugal,Portugal,PT,147.82,216.91,68.93,50.97,entsoe.eu,false,
2022-05-08 02:00:00,Portugal,Portugal,PT,157.55,226.58,68.36,52.32,entsoe.eu,false,
2022-05-08 03:00:00,Portugal,Portugal,PT,156.31,226.98,67.65,50.2,entsoe.eu,false,
2022-05-08 04:00:00,Portugal,Portugal,PT,156.15,226.08,68.15,50.58,entsoe.eu,false,
2022-05-08 05:00:00,Portugal,Portugal,PT,156.24,230.13,66.09,46.71,entsoe.eu,false,
2022-05-08 06:00:00,Portugal,Portugal,PT,140.66,210.63,69.35,53.56,entsoe.eu,false,
2022-05-08 07:00:00,Portugal,Portugal,PT,109.24,169.3,76.46,63.03,entsoe.eu,false,
2022-05-08 08:00:00,Portugal,Portugal,PT,87.17,140.73,81.55,68.34,Electricity Maps Estimation,false,
2022-05-08 09:00:00,Portugal,Portugal,PT,83.17,135.57,82.36,69.98,entsoe.eu,false,
2022-05-08 10:00:00,Portugal,Portugal,PT,77.3,128.42,83.54,71.3,entsoe.eu,false,
2022-05-08 11:00:00,Portugal,Portugal,PT,77.19,128.27,83.63,71.77,entsoe.eu,false,
2022-05-08 12:00:00,Portugal,Portugal,PT,86.68,140.33,81.51,69.54,entsoe.eu,false,
2022-05-08 13:00:00,Portugal,Portugal,PT,88.3,141.84,81.08,69.07,entsoe.eu,false,
2022-05-08 14:00:00,Portugal,Portugal,PT,88.73,142.72,80.72,69.57,entsoe.eu,false,
2022-05-08 15:00:00,Portugal,Portugal,PT,88.62,143.05,80.74,69.54,entsoe.eu,false,
2022-05-08 16:00:00,Portugal,Portugal,PT,101.43,159.29,77.67,66.43,entsoe.eu,false,
2022-05-08 17:00:00,Portugal,Portugal,PT,119.82,181.47,73.07,63.99,entsoe.eu,false,
2022-05-08 18:00:00,Portugal,Portugal,PT,118.47,169.25,77.38,74.56,entsoe.eu,false,
2022-05-08 19:00:00,Portugal,Portugal,PT,103.56,142.66,83.53,83.53,entsoe.eu,false,
2022-05-08 20:00:00,Portugal,Portugal,PT,111.12,153.33,81.38,81.38,entsoe.eu,false,
2022-05-08 21:00:00,Portugal,Portugal,PT,125.59,177.76,75.22,72.78,entsoe.eu,false,
2022-05-08 22:00:00,Portugal,Portugal,PT,143.98,206.27,68.26,63.09,entsoe.eu,false,
2022-05-08 23:00:00,Portugal,Portugal,PT,165.04,239.08,60.47,48.88,entsoe.eu,false,
2022-05-09 00:00:00,Portugal,Portugal,PT,171.72,248.28,58.68,47.35,entsoe.eu,false,
2022-05-09 01:00:00,Portugal,Portugal,PT,191.5,273.73,53.93,40.4,entsoe.eu,false,
2022-05-09 02:00:00,Portugal,Portugal,PT,210.08,296.08,49.87,40.57,entsoe.eu,false,
2022-05-09 03:00:00,Portugal,Portugal,PT,211.85,300.67,46.35,43.77,entsoe.eu,false,
2022-05-09 04:00:00,Portugal,Portugal,PT,176.31,243.07,59.8,59.8,entsoe.eu,false,
2022-05-09 05:00:00,Portugal,Portugal,PT,172.59,235.9,61.82,61.82,entsoe.eu,false,
2022-05-09 06:00:00,Portugal,Portugal,PT,174.1,235.15,62.69,62.69,entsoe.eu,false,
2022-05-09 07:00:00,Portugal,Portugal,PT,182.73,254.52,55.36,55.36,entsoe.eu,false,
2022-05-09 08:00:00,Portugal,Portugal,PT,208.98,293.64,46.67,42.44,entsoe.eu,false,
2022-05-09 09:00:00,Portugal,Portugal,PT,196.44,278.39,50.98,45.19,entsoe.eu,false,
2022-05-09 10:00:00,Portugal,Portugal,PT,207.49,292.91,47.95,42.24,entsoe.eu,false,
2022-05-09 11:00:00,Portugal,Portugal,PT,194.52,276.51,51.71,45.34,entsoe.eu,false,
2022-05-09 12:00:00,Portugal,Portugal,PT,184.53,264.43,54.17,47.69,entsoe.eu,false,
2022-05-09 13:00:00,Portugal,Portugal,PT,185.49,265.26,53.94,47.55,entsoe.eu,false,
2022-05-09 14:00:00,Portugal,Portugal,PT,192.5,274.11,51.5,46.06,entsoe.eu,false,
2022-05-09 15:00:00,Portugal,Portugal,PT,193.3,275.56,49.94,46.81,entsoe.eu,false,
2022-05-09 16:00:00,Portugal,Portugal,PT,197.84,281.19,48.17,45.98,entsoe.eu,false,
2022-05-09 17:00:00,Portugal,Portugal,PT,190.95,266.02,52.43,52.43,entsoe.eu,false,
2022-05-09 18:00:00,Portugal,Portugal,PT,176.02,238.04,60.58,60.58,entsoe.eu,false,
2022-05-09 19:00:00,Portugal,Portugal,PT,164.6,223.33,63.03,63.03,entsoe.eu,false,
2022-05-09 20:00:00,Portugal,Portugal,PT,180.92,247.51,57.33,57.33,entsoe.eu,false,
2022-05-09 21:00:00,Portugal,Portugal,PT,201.33,281.41,47.98,47.98,entsoe.eu,false,
2022-05-09 22:00:00,Portugal,Portugal,PT,220.21,307.19,42.98,42.98,entsoe.eu,false,
2022-05-09 23:00:00,Portugal,Portugal,PT,232.1,324.17,40.17,35.98,entsoe.eu,false,
2022-05-10 00:00:00,Portugal,Portugal,PT,229.46,320.38,41.42,35.73,entsoe.eu,false,
2022-05-10 01:00:00,Portugal,Portugal,PT,243.65,339.45,37.62,31.64,entsoe.eu,false,
2022-05-10 02:00:00,Portugal,Portugal,PT,257.68,358.88,33.95,27.77,entsoe.eu,false,
2022-05-10 03:00:00,Portugal,Portugal,PT,264.79,369.52,30.67,27.19,entsoe.eu,false,
2022-05-10 04:00:00,Portugal,Portugal,PT,225.37,312.31,43.0,43.0,entsoe.eu,false,
2022-05-10 05:00:00,Portugal,Portugal,PT,199.53,272.13,52.87,52.87,entsoe.eu,false,
2022-05-10 06:00:00,Portugal,Portugal,PT,198.27,271.07,53.06,53.06,entsoe.eu,false,
2022-05-10 07:00:00,Portugal,Portugal,PT,211.54,297.82,45.0,42.3,entsoe.eu,false,
2022-05-10 08:00:00,Portugal,Portugal,PT,204.75,288.48,48.12,43.47,entsoe.eu,false,
2022-05-10 09:00:00,Portugal,Portugal,PT,192.32,271.66,52.15,48.38,entsoe.eu,false,
2022-05-10 10:00:00,Portugal,Portugal,PT,184.21,261.37,54.4,49.96,entsoe.eu,false,
2022-05-10 11:00:00,Portugal,Portugal,PT,180.94,258.57,54.44,49.48,entsoe.eu,false,
2022-05-10 12:00:00,Portugal,Portugal,PT,170.91,245.36,57.37,51.39,entsoe.eu,false,
2022-05-10 13:00:00,Portugal,Portugal,PT,165.03,236.84,59.35,52.77,entsoe.eu,false,
2022-05-10 14:00:00,Portugal,Portugal,PT,168.42,241.16,58.13,52.09,entsoe.eu,false,
2022-05-10 15:00:00,Portugal,Portugal,PT,181.72,259.9,53.63,49.51,entsoe.eu,false,
2022-05-10 16:00:00,Portugal,Portugal,PT,178.05,254.72,54.7,50.49,entsoe.eu,false,
2022-05-10 17:00:00,Portugal,Portugal,PT,197.66,279.52,48.77,46.05,entsoe.eu,false,
2022-05-10 18:00:00,Portugal,Portugal,PT,182.65,255.33,53.88,53.88,entsoe.eu,false,
2022-05-10 19:00:00,Portugal,Portugal,PT,169.02,229.33,62.05,62.05,entsoe.eu,false,
2022-05-10 20:00:00,Portugal,Portugal,PT,179.51,248.72,56.12,56.12,entsoe.eu,false,
2022-05-10 21:00:00,Portugal,Portugal,PT,197.32,276.21,49.61,49.29,entsoe.eu,false,
2022-05-10 22:00:00,Portugal,Portugal,PT,216.95,304.27,43.5,43.04,entsoe.eu,false,
2022-05-10 23:00:00,Portugal,Portugal,PT,226.88,318.99,40.61,37.95,entsoe.eu,false,
2022-05-11 00:00:00,Portugal,Portugal,PT,238.08,332.95,38.31,33.98,entsoe.eu,false,
2022-05-11 01:00:00,Portugal,Portugal,PT,236.27,329.94,39.05,32.99,entsoe.eu,false,
2022-05-11 02:00:00,Portugal,Portugal,PT,246.56,345.24,35.59,30.45,entsoe.eu,false,
2022-05-11 03:00:00,Portugal,Portugal,PT,253.82,356.49,32.85,30.03,entsoe.eu,false,
2022-05-11 04:00:00,Portugal,Portugal,PT,222.13,308.14,44.13,44.13,entsoe.eu,false,
2022-05-11 05:00:00,Portugal,Portugal,PT,207.75,285.79,49.53,49.53,entsoe.eu,false,
2022-05-11 06:00:00,Portugal,Portugal,PT,206.85,291.42,45.58,45.58,entsoe.eu,false,
2022-05-11 07:00:00,Portugal,Portugal,PT,213.29,300.78,44.35,40.49,entsoe.eu,false,
2022-05-11 08:00:00,Portugal,Portugal,PT,200.94,285.42,48.24,42.64,entsoe.eu,false,
2022-05-11 09:00:00,Portugal,Portugal,PT,191.94,274.33,50.76,45.05,entsoe.eu,false,
2022-05-11 10:00:00,Portugal,Portugal,PT,170.94,246.74,56.69,50.16,entsoe.eu,false,
2022-05-11 11:00:00,Portugal,Portugal,PT,172.77,248.59,55.99,49.97,entsoe.eu,false,
2022-05-11 12:00:00,Portugal,Portugal,PT,159.73,230.86,59.92,52.88,entsoe.eu,false,
2022-05-11 13:00:00,Portugal,Portugal,PT,168.42,241.42,57.56,50.29,entsoe.eu,false,
2022-05-11 14:00:00,Portugal,Portugal,PT,163.21,234.31,59.31,51.49,entsoe.eu,false,
2022-05-11 15:00:00,Portugal,Portugal,PT,170.9,244.2,57.24,49.57,entsoe.eu,false,
2022-05-11 16:00:00,Portugal,Portugal,PT,192.04,273.76,50.48,45.67,entsoe.eu,false,
2022-05-11 17:00:00,Portugal,Portugal,PT,208.37,293.69,45.73,42.23,entsoe.eu,false,
2022-05-11 18:00:00,Portugal,Portugal,PT,201.41,277.45,51.03,50.86,entsoe.eu,false,
2022-05-11 19:00:00,Portugal,Portugal,PT,201.53,276.14,51.95,51.7,entsoe.eu,false,
2022-05-11 20:00:00,Portugal,Portugal,PT,208.93,290.29,47.3,44.88,entsoe.eu,false,
2022-05-11 21:00:00,Portugal,Portugal,PT,213.81,300.1,44.4,40.52,entsoe.eu,false,
2022-05-11 22:00:00,Portugal,Portugal,PT,205.67,289.31,47.52,40.11,entsoe.eu,false,
2022-05-11 23:00:00,Portugal,Portugal,PT,218.1,305.12,44.85,35.82,entsoe.eu,false,
2022-05-12 00:00:00,Portugal,Portugal,PT,223.42,311.01,44.18,32.55,entsoe.eu,false,
2022-05-12 01:00:00,Portugal,Portugal,PT,228.04,317.07,42.85,30.41,entsoe.eu,false,
2022-05-12 02:00:00,Portugal,Portugal,PT,239.83,332.55,39.52,27.71,entsoe.eu,false,
2022-05-12 03:00:00,Portugal,Portugal,PT,263.09,367.69,31.71,26.39,entsoe.eu,false,
2022-05-12 04:00:00,Portugal,Portugal,PT,241.75,339.34,35.97,35.97,entsoe.eu,false,
2022-05-12 05:00:00,Portugal,Portugal,PT,205.73,283.48,49.47,49.47,entsoe.eu,false,
2022-05-12 06:00:00,Portugal,Portugal,PT,196.51,273.24,50.91,50.91,entsoe.eu,false,
2022-05-12 07:00:00,Portugal,Portugal,PT,211.75,298.09,44.54,41.92,entsoe.eu,false,
2022-05-12 08:00:00,Portugal,Portugal,PT,206.7,291.89,46.53,42.19,entsoe.eu,false,
2022-05-12 09:00:00,Portugal,Portugal,PT,207.51,293.13,46.47,41.71,entsoe.eu,false,
2022-05-12 10:00:00,Portugal,Portugal,PT,192.86,274.73,50.53,45.45,entsoe.eu,false,
2022-05-12 11:00:00,Portugal,Portugal,PT,181.89,260.83,53.62,47.99,entsoe.eu,false,
2022-05-12 12:00:00,Portugal,Portugal,PT,170.2,244.93,57.2,50.32,entsoe.eu,false,
2022-05-12 13:00:00,Portugal,Portugal,PT,169.82,243.55,57.64,49.86,entsoe.eu,false,
2022-05-12 14:00:00,Portugal,Portugal,PT,175.89,251.01,56.29,48.4,entsoe.eu,false,
2022-05-12 15:00:00,Portugal,Portugal,PT,186.82,266.13,53.26,46.02,entsoe.eu,false,
2022-05-12 16:00:00,Portugal,Portugal,PT,204.19,288.84,47.75,42.88,entsoe.eu,false,
2022-05-12 17:00:00,Portugal,Portugal,PT,224.63,314.18,42.53,37.88,entsoe.eu,false,
2022-05-12 18:00:00,Portugal,Portugal,PT,219.55,301.99,46.19,43.85,entsoe.eu,false,
2022-05-12 19:00:00,Portugal,Portugal,PT,188.95,258.32,55.61,55.61,entsoe.eu,false,
2022-05-12 20:00:00,Portugal,Portugal,PT,204.5,279.18,51.72,51.59,entsoe.eu,false,
2022-05-12 21:00:00,Portugal,Portugal,PT,214.31,294.09,48.04,47.88,entsoe.eu,false,
2022-05-12 22:00:00,Portugal,Portugal,PT,246.06,341.95,36.58,32.2,entsoe.eu,false,
2022-05-12 23:00:00,Portugal,Portugal,PT,252.39,350.77,35.33,30.27,entsoe.eu,false,
2022-05-13 00:00:00,Portugal,Portugal,PT,271.4,376.69,30.12,23.06,entsoe.eu,false,
2022-05-13 01:00:00,Portugal,Portugal,PT,279.07,387.17,28.48,19.91,entsoe.eu,false,
2022-05-13 02:00:00,Portugal,Portugal,PT,278.23,384.7,29.45,23.66,entsoe.eu,false,
2022-05-13 03:00:00,Portugal,Portugal,PT,280.93,388.95,28.07,22.96,entsoe.eu,false,
2022-05-13 04:00:00,Portugal,Portugal,PT,233.54,314.93,46.29,46.29,entsoe.eu,false,
2022-05-13 05:00:00,Portugal,Portugal,PT,205.74,275.86,54.22,54.22,entsoe.eu,false,
2022-05-13 06:00:00,Portugal,Portugal,PT,204.9,274.26,55.17,55.17,entsoe.eu,false,
2022-05-13 07:00:00,Portugal,Portugal,PT,224.73,304.64,48.36,47.85,entsoe.eu,false,
2022-05-13 08:00:00,Portugal,Portugal,PT,214.2,301.83,44.99,40.61,entsoe.eu,false,
2022-05-13 09:00:00,Portugal,Portugal,PT,214.85,303.22,44.78,40.17,entsoe.eu,false,
2022-05-13 10:00:00,Portugal,Portugal,PT,209.89,296.92,46.12,41.58,entsoe.eu,false,
2022-05-13 11:00:00,Portugal,Portugal,PT,205.1,291.22,47.32,42.84,entsoe.eu,false,
2022-05-13 12:00:00,Portugal,Portugal,PT,197.26,280.48,50.09,44.52,entsoe.eu,false,
2022-05-13 13:00:00,Portugal,Portugal,PT,192.25,272.88,51.87,45.37,entsoe.eu,false,
2022-05-13 14:00:00,Portugal,Portugal,PT,193.42,274.14,51.71,44.85,entsoe.eu,false,
2022-05-13 15:00:00,Portugal,Portugal,PT,196.51,277.32,51.25,43.63,entsoe.eu,false,
2022-05-13 16:00:00,Portugal,Portugal,PT,210.87,295.46,47.43,42.68,entsoe.eu,false,
2022-05-13 17:00:00,Portugal,Portugal,PT,225.18,306.75,47.08,45.96,entsoe.eu,false,
2022-05-13 18:00:00,Portugal,Portugal,PT,191.6,257.08,58.08,58.08,entsoe.eu,false,
2022-05-13 19:00:00,Portugal,Portugal,PT,190.36,256.59,57.46,57.46,entsoe.eu,false,
2022-05-13 20:00:00,Portugal,Portugal,PT,211.58,285.72,51.54,51.54,entsoe.eu,false,
2022-05-13 21:00:00,Portugal,Portugal,PT,233.63,321.36,41.97,39.85,entsoe.eu,false,
2022-05-13 22:00:00,Portugal,Portugal,PT,241.11,333.91,39.53,33.24,entsoe.eu,false,
2022-05-13 23:00:00,Portugal,Portugal,PT,227.5,316.86,44.78,34.08,entsoe.eu,false,
2022-05-14 00:00:00,Portugal,Portugal,PT,232.95,326.2,43.11,28.87,entsoe.eu,false,
2022-05-14 01:00:00,Portugal,Portugal,PT,223.22,314.42,45.44,31.48,entsoe.eu,false,
2022-05-14 02:00:00,Portugal,Portugal,PT,230.49,324.32,43.55,29.59,entsoe.eu,false,
2022-05-14 03:00:00,Portugal,Portugal,PT,214.17,303.5,47.23,35.27,entsoe.eu,false,
2022-05-14 04:00:00,Portugal,Portugal,PT,224.94,317.98,44.4,33.27,entsoe.eu,false,
2022-05-14 05:00:00,Portugal,Portugal,PT,208.11,296.12,48.48,38.33,entsoe.eu,false,
2022-05-14 06:00:00,Portugal,Portugal,PT,178.24,257.69,55.74,47.65,entsoe.eu,false,
2022-05-14 07:00:00,Portugal,Portugal,PT,161.88,235.55,60.15,51.23,entsoe.eu,false,
2022-05-14 08:00:00,Portugal,Portugal,PT,148.31,217.09,64.0,54.08,entsoe.eu,false,
2022-05-14 09:00:00,Portugal,Portugal,PT,129.62,193.08,68.74,59.4,entsoe.eu,false,
2022-05-14 10:00:00,Portugal,Portugal,PT,117.46,177.31,71.78,63.34,entsoe.eu,false,
2022-05-14 11:00:00,Portugal,Portugal,PT,101.14,155.87,76.44,66.55,entsoe.eu,false,
2022-05-14 12:00:00,Portugal,Portugal,PT,91.33,143.67,78.85,69.7,entsoe.eu,false,
2022-05-14 13:00:00,Portugal,Portugal,PT,93.9,146.89,78.17,68.98,entsoe.eu,false,
2022-05-14 14:00:00,Portugal,Portugal,PT,97.9,152.23,77.19,68.35,entsoe.eu,false,
2022-05-14 15:00:00,Portugal,Portugal,PT,110.96,169.23,73.31,66.13,entsoe.eu,false,
2022-05-14 16:00:00,Portugal,Portugal,PT,124.92,188.56,69.33,63.65,entsoe.eu,false,
2022-05-14 17:00:00,Portugal,Portugal,PT,147.35,215.95,63.46,59.47,entsoe.eu,false,
2022-05-14 18:00:00,Portugal,Portugal,PT,148.1,204.21,69.62,69.62,entsoe.eu,false,
2022-05-14 19:00:00,Portugal,Portugal,PT,151.79,207.99,69.2,69.2,entsoe.eu,false,
2022-05-14 20:00:00,Portugal,Portugal,PT,163.11,224.8,65.26,63.16,entsoe.eu,false,
2022-05-14 21:00:00,Portugal,Portugal,PT,166.09,237.06,59.97,53.4,entsoe.eu,false,
2022-05-14 22:00:00,Portugal,Portugal,PT,140.15,206.47,66.17,57.93,entsoe.eu,false,
2022-05-14 23:00:00,Portugal,Portugal,PT,130.05,194.8,69.33,60.95,entsoe.eu,false,
2022-05-15 00:00:00,Portugal,Portugal,PT,127.08,192.92,69.96,62.33,entsoe.eu,false,
2022-05-15 01:00:00,Portugal,Portugal,PT,110.24,170.07,75.59,69.35,entsoe.eu,false,
2022-05-15 02:00:00,Portugal,Portugal,PT,103.45,163.46,75.96,68.07,entsoe.eu,false,
2022-05-15 03:00:00,Portugal,Portugal,PT,100.82,161.78,76.01,69.49,entsoe.eu,false,
2022-05-15 04:00:00,Portugal,Portugal,PT,102.24,160.9,76.43,68.26,entsoe.eu,false,
2022-05-15 05:00:00,Portugal,Portugal,PT,89.7,144.37,79.41,73.19,entsoe.eu,false,
2022-05-15 06:00:00,Portugal,Portugal,PT,83.98,134.98,81.36,73.67,entsoe.eu,false,
2022-05-15 07:00:00,Portugal,Portugal,PT,64.91,109.47,86.33,78.69,entsoe.eu,false,
2022-05-15 08:00:00,Portugal,Portugal,PT,52.08,93.12,89.28,82.27,entsoe.eu,false,
2022-05-15 09:00:00,Portugal,Portugal,PT,45.17,84.67,90.7,83.97,entsoe.eu,false,
2022-05-15 10:00:00,Portugal,Portugal,PT,40.26,78.45,91.68,85.43,entsoe.eu,false,
2022-05-15 11:00:00,Portugal,Portugal,PT,35.86,73.13,92.49,86.59,entsoe.eu,false,
2022-05-15 12:00:00,Portugal,Portugal,PT,36.32,74.19,92.36,86.72,entsoe.eu,false,
2022-05-15 13:00:00,Portugal,Portugal,PT,36.07,74.36,92.37,86.6,entsoe.eu,false,
2022-05-15 14:00:00,Portugal,Portugal,PT,35.14,73.37,92.5,86.79,entsoe.eu,false,
2022-05-15 15:00:00,Portugal,Portugal,PT,35.7,73.52,92.4,86.54,entsoe.eu,false,
2022-05-15 16:00:00,Portugal,Portugal,PT,36.37,73.82,92.28,86.49,entsoe.eu,false,
2022-05-15 17:00:00,Portugal,Portugal,PT,53.82,96.44,87.89,82.16,entsoe.eu,false,
2022-05-15 18:00:00,Portugal,Portugal,PT,77.15,121.28,85.07,83.6,entsoe.eu,false,
2022-05-15 19:00:00,Portugal,Portugal,PT,98.49,142.76,82.34,82.34,entsoe.eu,false,
2022-05-15 20:00:00,Portugal,Portugal,PT,101.38,149.18,79.91,77.91,entsoe.eu,false,
2022-05-15 21:00:00,Portugal,Portugal,PT,94.1,147.11,78.16,70.88,entsoe.eu,false,
2022-05-15 22:00:00,Portugal,Portugal,PT,103.92,162.31,74.6,68.13,entsoe.eu,false,
2022-05-15 23:00:00,Portugal,Portugal,PT,112.94,173.91,71.81,66.12,entsoe.eu,false,
2022-05-16 00:00:00,Portugal,Portugal,PT,115.02,175.36,71.61,64.82,entsoe.eu,false,
2022-05-16 01:00:00,Portugal,Portugal,PT,118.36,180.17,70.67,64.14,entsoe.eu,false,
2022-05-16 02:00:00,Portugal,Portugal,PT,126.76,194.29,67.24,64.01,entsoe.eu,false,
2022-05-16 03:00:00,Portugal,Portugal,PT,147.21,221.16,61.23,60.63,entsoe.eu,false,
2022-05-16 04:00:00,Portugal,Portugal,PT,169.36,233.89,62.37,62.37,entsoe.eu,false,
2022-05-16 05:00:00,Portugal,Portugal,PT,169.76,232.64,61.95,61.95,entsoe.eu,false,
2022-05-16 06:00:00,Portugal,Portugal,PT,172.28,237.07,60.6,60.6,entsoe.eu,false,
2022-05-16 07:00:00,Portugal,Portugal,PT,171.99,245.6,56.13,56.13,entsoe.eu,false,
2022-05-16 08:00:00,Portugal,Portugal,PT,173.22,249.76,54.48,52.9,entsoe.eu,false,
2022-05-16 09:00:00,Portugal,Portugal,PT,160.83,234.34,57.74,56.15,entsoe.eu,false,
2022-05-16 10:00:00,Portugal,Portugal,PT,149.99,220.07,60.97,58.76,entsoe.eu,false,
2022-05-16 11:00:00,Portugal,Portugal,PT,148.65,218.24,60.95,59.4,entsoe.eu,false,
2022-05-16 12:00:00,Portugal,Portugal,PT,140.65,207.0,63.4,61.14,entsoe.eu,false,
2022-05-16 13:00:00,Portugal,Portugal,PT,134.15,198.17,65.56,62.5,entsoe.eu,false,
2022-05-16 14:00:00,Portugal,Portugal,PT,137.52,202.49,64.57,61.49,entsoe.eu,false,
2022-05-16 15:00:00,Portugal,Portugal,PT,141.71,207.87,63.58,60.36,entsoe.eu,false,
2022-05-16 16:00:00,Portugal,Portugal,PT,159.89,231.41,58.65,55.5,entsoe.eu,false,
2022-05-16 17:00:00,Portugal,Portugal,PT,176.75,254.35,53.68,51.73,entsoe.eu,false,
2022-05-16 18:00:00,Portugal,Portugal,PT,179.22,248.07,57.93,57.93,entsoe.eu,false,
2022-05-16 19:00:00,Portugal,Portugal,PT,169.06,227.71,64.42,64.42,entsoe.eu,false,
2022-05-16 20:00:00,Portugal,Portugal,PT,172.5,232.48,63.37,63.37,entsoe.eu,false,
2022-05-16 21:00:00,Portugal,Portugal,PT,185.19,257.55,55.54,55.54,entsoe.eu,false,
2022-05-16 22:00:00,Portugal,Portugal,PT,208.36,294.48,46.31,43.93,entsoe.eu,false,
2022-05-16 23:00:00,Portugal,Portugal,PT,224.57,316.82,41.78,39.64,entsoe.eu,false,
2022-05-17 00:00:00,Portugal,Portugal,PT,226.78,320.9,41.08,38.23,entsoe.eu,false,
2022-05-17 01:00:00,Portugal,Portugal,PT,218.86,311.13,43.14,39.97,entsoe.eu,false,
2022-05-17 02:00:00,Portugal,Portugal,PT,214.9,307.15,43.41,41.58,entsoe.eu,false,
2022-05-17 03:00:00,Portugal,Portugal,PT,211.73,301.48,44.17,44.17,entsoe.eu,false,
2022-05-17 04:00:00,Portugal,Portugal,PT,183.28,251.43,57.94,57.94,entsoe.eu,false,
2022-05-17 05:00:00,Portugal,Portugal,PT,176.59,240.93,60.43,60.43,entsoe.eu,false,
2022-05-17 06:00:00,Portugal,Portugal,PT,179.45,251.47,56.05,56.05,entsoe.eu,false,
2022-05-17 07:00:00,Portugal,Portugal,PT,176.63,253.29,54.16,52.29,entsoe.eu,false,
2022-05-17 08:00:00,Portugal,Portugal,PT,171.21,246.56,55.6,52.86,entsoe.eu,false,
2022-05-17 09:00:00,Portugal,Portugal,PT,154.81,225.16,60.08,57.03,entsoe.eu,false,
2022-05-17 10:00:00,Portugal,Portugal,PT,147.34,214.8,62.17,59.06,entsoe.eu,false,
2022-05-17 11:00:00,Portugal,Portugal,PT,153.82,223.49,60.26,57.44,entsoe.eu,false,
2022-05-17 12:00:00,Portugal,Portugal,PT,152.8,221.67,60.92,57.34,entsoe.eu,false,
2022-05-17 13:00:00,Portugal,Portugal,PT,153.55,222.19,61.08,56.84,entsoe.eu,false,
2022-05-17 14:00:00,Portugal,Portugal,PT,161.62,232.95,58.91,54.63,entsoe.eu,false,
2022-05-17 15:00:00,Portugal,Portugal,PT,176.47,253.31,54.67,51.06,entsoe.eu,false,
2022-05-17 16:00:00,Portugal,Portugal,PT,188.68,267.54,52.24,49.62,entsoe.eu,false,
2022-05-17 17:00:00,Portugal,Portugal,PT,210.7,291.28,48.99,47.01,entsoe.eu,false,
2022-05-17 18:00:00,Portugal,Portugal,PT,186.02,249.7,59.81,59.81,entsoe.eu,false,
2022-05-17 19:00:00,Portugal,Portugal,PT,193.69,258.64,58.84,58.84,entsoe.eu,false,
2022-05-17 20:00:00,Portugal,Portugal,PT,198.89,266.78,56.5,56.5,entsoe.eu,false,
2022-05-17 21:00:00,Portugal,Portugal,PT,219.68,298.04,49.4,48.07,entsoe.eu,false,
2022-05-17 22:00:00,Portugal,Portugal,PT,239.38,329.98,41.13,37.76,entsoe.eu,false,
2022-05-17 23:00:00,Portugal,Portugal,PT,240.76,335.76,39.21,33.7,entsoe.eu,false,
2022-05-18 00:00:00,Portugal,Portugal,PT,242.49,340.19,37.72,32.49,entsoe.eu,false,
2022-05-18 01:00:00,Portugal,Portugal,PT,251.58,351.71,35.62,30.23,entsoe.eu,false,
2022-05-18 02:00:00,Portugal,Portugal,PT,254.68,356.69,34.58,29.09,entsoe.eu,false,
2022-05-18 03:00:00,Portugal,Portugal,PT,258.56,362.06,33.47,28.13,entsoe.eu,false,
2022-05-18 04:00:00,Portugal,Portugal,PT,240.72,328.47,43.79,43.79,entsoe.eu,false,
2022-05-18 05:00:00,Portugal,Portugal,PT,210.6,281.6,54.87,54.87,entsoe.eu,false,
2022-05-18 06:00:00,Portugal,Portugal,PT,200.94,269.93,56.54,56.54,entsoe.eu,false,
2022-05-18 07:00:00,Portugal,Portugal,PT,214.15,293.0,50.38,48.67,entsoe.eu,false,
2022-05-18 08:00:00,Portugal,Portugal,PT,208.63,291.13,49.4,44.94,entsoe.eu,false,
2022-05-18 09:00:00,Portugal,Portugal,PT,199.71,282.59,49.95,45.16,entsoe.eu,false,
2022-05-18 10:00:00,Portugal,Portugal,PT,192.76,274.47,51.31,46.51,entsoe.eu,false,
2022-05-18 11:00:00,Portugal,Portugal,PT,180.88,259.22,54.59,49.48,entsoe.eu,false,
2022-05-18 12:00:00,Portugal,Portugal,PT,181.25,258.84,54.63,49.31,entsoe.eu,false,
2022-05-18 13:00:00,Portugal,Portugal,PT,185.07,262.39,53.86,48.15,entsoe.eu,false,
2022-05-18 14:00:00,Portugal,Portugal,PT,184.38,261.4,54.02,48.39,entsoe.eu,false,
2022-05-18 15:00:00,Portugal,Portugal,PT,189.61,269.26,52.32,47.32,entsoe.eu,false,
2022-05-18 16:00:00,Portugal,Portugal,PT,198.93,281.56,49.91,45.36,entsoe.eu,false,
2022-05-18 17:00:00,Portugal,Portugal,PT,214.21,297.47,47.44,44.37,entsoe.eu,false,
2022-05-18 18:00:00,Portugal,Portugal,PT,187.12,251.82,59.69,59.69,entsoe.eu,false,
2022-05-18 19:00:00,Portugal,Portugal,PT,180.31,241.76,61.67,61.67,entsoe.eu,false,
2022-05-18 20:00:00,Portugal,Portugal,PT,191.93,261.8,56.05,56.05,entsoe.eu,false,
2022-05-18 21:00:00,Portugal,Portugal,PT,224.29,310.32,44.44,39.96,entsoe.eu,false,
2022-05-18 22:00:00,Portugal,Portugal,PT,234.53,325.62,41.3,35.57,entsoe.eu,false,
2022-05-18 23:00:00,Portugal,Portugal,PT,235.56,329.18,40.39,33.21,entsoe.eu,false,
2022-05-19 00:00:00,Portugal,Portugal,PT,241.67,337.53,38.9,31.21,entsoe.eu,false,
2022-05-19 01:00:00,Portugal,Portugal,PT,247.31,345.52,37.2,29.86,entsoe.eu,false,
2022-05-19 02:00:00,Portugal,Portugal,PT,252.95,353.44,35.59,28.64,entsoe.eu,false,
2022-05-19 03:00:00,Portugal,Portugal,PT,258.54,360.31,34.27,27.8,entsoe.eu,false,
2022-05-19 04:00:00,Portugal,Portugal,PT,241.69,328.1,43.65,43.65,entsoe.eu,false,
2022-05-19 05:00:00,Portugal,Portugal,PT,213.99,285.68,53.56,53.56,entsoe.eu,false,
2022-05-19 06:00:00,Portugal,Portugal,PT,216.21,292.33,50.95,50.95,entsoe.eu,false,
2022-05-19 07:00:00,Portugal,Portugal,PT,214.07,296.39,48.11,45.36,entsoe.eu,false,
2022-05-19 08:00:00,Portugal,Portugal,PT,206.92,292.16,47.53,42.93,entsoe.eu,false,
2022-05-19 09:00:00,Portugal,Portugal,PT,183.45,262.12,53.82,48.67,entsoe.eu,false,
2022-05-19 10:00:00,Portugal,Portugal,PT,175.63,251.86,55.77,50.74,entsoe.eu,false,
2022-05-19 11:00:00,Portugal,Portugal,PT,169.13,243.16,57.41,52.56,entsoe.eu,false,
2022-05-19 12:00:00,Portugal,Portugal,PT,162.8,233.78,59.33,54.08,entsoe.eu,false,
2022-05-19 13:00:00,Portugal,Portugal,PT,161.9,232.84,59.68,54.2,entsoe.eu,false,
2022-05-19 14:00:00,Portugal,Portugal,PT,166.04,238.04,58.67,53.11,entsoe.eu,false,
2022-05-19 15:00:00,Portugal,Portugal,PT,176.66,252.7,55.59,50.43,entsoe.eu,false,
2022-05-19 16:00:00,Portugal,Portugal,PT,192.34,273.51,51.4,46.52,entsoe.eu,false,
2022-05-19 17:00:00,Portugal,Portugal,PT,209.55,293.1,47.64,42.98,entsoe.eu,false,
2022-05-19 18:00:00,Portugal,Portugal,PT,209.56,283.88,52.28,50.75,entsoe.eu,false,
2022-05-19 19:00:00,Portugal,Portugal,PT,183.68,246.85,60.31,60.31,entsoe.eu,false,
2022-05-19 20:00:00,Portugal,Portugal,PT,192.18,260.72,56.74,56.74,entsoe.eu,false,
2022-05-19 21:00:00,Portugal,Portugal,PT,223.22,305.69,46.65,43.1,entsoe.eu,false,
2022-05-19 22:00:00,Portugal,Portugal,PT,234.89,326.87,40.68,35.02,entsoe.eu,false,
2022-05-19 23:00:00,Portugal,Portugal,PT,236.44,329.91,40.33,34.11,entsoe.eu,false,
2022-05-20 00:00:00,Portugal,Portugal,PT,235.84,330.29,40.1,34.23,entsoe.eu,false,
2022-05-20 01:00:00,Portugal,Portugal,PT,243.76,341.17,37.9,32.34,entsoe.eu,false,
2022-05-20 02:00:00,Portugal,Portugal,PT,245.32,344.85,37.02,31.46,entsoe.eu,false,
2022-05-20 03:00:00,Portugal,Portugal,PT,252.55,354.32,35.1,30.03,entsoe.eu,false,
2022-05-20 04:00:00,Portugal,Portugal,PT,246.21,344.33,36.86,35.85,entsoe.eu,false,
2022-05-20 05:00:00,Portugal,Portugal,PT,198.71,276.28,51.57,51.57,entsoe.eu,false,
2022-05-20 06:00:00,Portugal,Portugal,PT,187.75,263.6,53.28,53.28,entsoe.eu,false,
2022-05-20 07:00:00,Portugal,Portugal,PT,209.01,292.7,47.98,44.99,entsoe.eu,false,
2022-05-20 08:00:00,Portugal,Portugal,PT,210.02,295.33,47.43,42.71,entsoe.eu,false,
2022-05-20 09:00:00,Portugal,Portugal,PT,193.33,274.31,52.04,46.89,entsoe.eu,false,
2022-05-20 10:00:00,Portugal,Portugal,PT,184.3,263.44,53.97,48.41,entsoe.eu,false,
2022-05-20 11:00:00,Portugal,Portugal,PT,188.92,269.97,52.44,47.21,entsoe.eu,false,
2022-05-20 12:00:00,Portugal,Portugal,PT,191.99,273.88,51.71,46.53,entsoe.eu,false,
2022-05-20 13:00:00,Portugal,Portugal,PT,198.56,281.58,50.09,44.8,entsoe.eu,false,
2022-05-20 14:00:00,Portugal,Portugal,PT,201.58,285.26,49.24,43.96,entsoe.eu,false,
2022-05-20 15:00:00,Portugal,Portugal,PT,190.16,270.22,52.27,47.11,entsoe.eu,false,
2022-05-20 16:00:00,Portugal,Portugal,PT,201.04,280.92,50.74,47.49,entsoe.eu,false,
2022-05-20 17:00:00,Portugal,Portugal,PT,196.9,270.87,53.99,53.12,entsoe.eu,false,
2022-05-20 18:00:00,Portugal,Portugal,PT,193.13,265.95,54.04,52.69,entsoe.eu,false,
2022-05-20 19:00:00,Portugal,Portugal,PT,176.34,248.1,55.83,54.86,entsoe.eu,false,
2022-05-20 20:00:00,Portugal,Portugal,PT,173.57,247.62,55.03,51.91,entsoe.eu,false,
2022-05-20 21:00:00,Portugal,Portugal,PT,155.92,225.71,59.44,57.04,entsoe.eu,false,
2022-05-20 22:00:00,Portugal,Portugal,PT,128.08,191.49,66.42,64.64,entsoe.eu,false,
2022-05-20 23:00:00,Portugal,Portugal,PT,109.3,169.75,70.95,70.35,entsoe.eu,false,
2022-05-21 00:00:00,Portugal,Portugal,PT,103.54,162.92,72.42,72.05,entsoe.eu,false,
2022-05-21 01:00:00,Portugal,Portugal,PT,114.01,174.5,70.95,67.03,entsoe.eu,false,
2022-05-21 02:00:00,Portugal,Portugal,PT,125.93,189.86,68.22,63.18,entsoe.eu,false,
2022-05-21 03:00:00,Portugal,Portugal,PT,128.51,194.7,67.45,62.51,entsoe.eu,false,
2022-05-21 04:00:00,Portugal,Portugal,PT,134.49,200.87,66.46,60.06,entsoe.eu,false,
2022-05-21 05:00:00,Portugal,Portugal,PT,116.83,178.16,70.92,65.6,entsoe.eu,false,
2022-05-21 06:00:00,Portugal,Portugal,PT,114.4,176.55,70.81,67.11,entsoe.eu,false,
2022-05-21 07:00:00,Portugal,Portugal,PT,111.49,171.46,72.16,67.26,entsoe.eu,false,
2022-05-21 08:00:00,Portugal,Portugal,PT,115.13,176.4,71.09,67.37,entsoe.eu,false,
2022-05-21 09:00:00,Portugal,Portugal,PT,115.79,176.18,71.55,67.74,entsoe.eu,false,
2022-05-21 10:00:00,Portugal,Portugal,PT,109.7,169.07,72.52,69.04,entsoe.eu,false,
2022-05-21 11:00:00,Portugal,Portugal,PT,106.07,163.4,74.39,70.71,entsoe.eu,false,
2022-05-21 12:00:00,Portugal,Portugal,PT,102.59,158.61,75.19,69.04,entsoe.eu,false,
2022-05-21 13:00:00,Portugal,Portugal,PT,104.93,162.09,74.41,68.4,entsoe.eu,false,
2022-05-21 14:00:00,Portugal,Portugal,PT,114.38,175.14,71.99,66.0,entsoe.eu,false,
2022-05-21 15:00:00,Portugal,Portugal,PT,119.08,180.09,71.19,64.06,entsoe.eu,false,
2022-05-21 16:00:00,Portugal,Portugal,PT,117.14,180.03,70.59,66.52,entsoe.eu,false,
2022-05-21 17:00:00,Portugal,Portugal,PT,118.27,179.15,71.02,67.2,entsoe.eu,false,
2022-05-21 18:00:00,Portugal,Portugal,PT,121.11,172.06,75.85,75.85,entsoe.eu,false,
2022-05-21 19:00:00,Portugal,Portugal,PT,126.66,172.78,77.6,77.6,entsoe.eu,false,
2022-05-21 20:00:00,Portugal,Portugal,PT,132.57,182.14,75.71,75.71,entsoe.eu,false,
2022-05-21 21:00:00,Portugal,Portugal,PT,146.25,206.85,69.13,65.22,entsoe.eu,false,
2022-05-21 22:00:00,Portugal,Portugal,PT,146.95,210.84,67.63,63.76,entsoe.eu,false,
2022-05-21 23:00:00,Portugal,Portugal,PT,142.65,213.58,64.58,57.49,entsoe.eu,false,
2022-05-22 00:00:00,Portugal,Portugal,PT,144.25,216.73,63.91,57.19,entsoe.eu,false,
2022-05-22 01:00:00,Portugal,Portugal,PT,149.8,222.28,62.97,55.04,entsoe.eu,false,
2022-05-22 02:00:00,Portugal,Portugal,PT,152.04,228.08,61.36,55.82,entsoe.eu,false,
2022-05-22 03:00:00,Portugal,Portugal,PT,158.0,233.93,61.1,56.41,entsoe.eu,false,
2022-05-22 04:00:00,Portugal,Portugal,PT,171.21,252.08,57.09,49.73,entsoe.eu,false,
2022-05-22 05:00:00,Portugal,Portugal,PT,179.65,262.36,55.68,46.44,entsoe.eu,false,
2022-05-22 06:00:00,Portugal,Portugal,PT,169.14,247.28,59.29,48.79,entsoe.eu,false,
2022-05-22 07:00:00,Portugal,Portugal,PT,156.94,228.57,63.36,51.13,entsoe.eu,false,
2022-05-22 08:00:00,Portugal,Portugal,PT,137.94,205.96,67.58,56.56,entsoe.eu,false,
2022-05-22 09:00:00,Portugal,Portugal,PT,138.09,205.81,67.75,57.26,entsoe.eu,false,
2022-05-22 10:00:00,Portugal,Portugal,PT,129.86,194.9,70.01,59.54,entsoe.eu,false,
2022-05-22 11:00:00,Portugal,Portugal,PT,111.39,171.73,74.06,64.24,entsoe.eu,false,
2022-05-22 12:00:00,Portugal,Portugal,PT,102.62,160.4,76.53,66.39,entsoe.eu,false,
2022-05-22 13:00:00,Portugal,Portugal,PT,96.67,151.33,78.16,66.67,entsoe.eu,false,
2022-05-22 14:00:00,Portugal,Portugal,PT,100.26,156.13,76.75,67.61,entsoe.eu,false,
2022-05-22 15:00:00,Portugal,Portugal,PT,106.31,164.92,74.88,67.31,entsoe.eu,false,
2022-05-22 16:00:00,Portugal,Portugal,PT,112.82,172.58,73.0,65.61,entsoe.eu,false,
2022-05-22 17:00:00,Portugal,Portugal,PT,135.39,202.4,66.72,62.42,entsoe.eu,false,
2022-05-22 18:00:00,Portugal,Portugal,PT,162.8,225.19,65.97,65.97,entsoe.eu,false,
2022-05-22 19:00:00,Portugal,Portugal,PT,159.41,218.48,67.62,67.62,entsoe.eu,false,
2022-05-22 20:00:00,Portugal,Portugal,PT,161.55,221.66,66.82,66.66,entsoe.eu,false,
2022-05-22 21:00:00,Portugal,Portugal,PT,173.38,243.89,59.91,55.04,entsoe.eu,false,
2022-05-22 22:00:00,Portugal,Portugal,PT,175.7,250.45,58.04,50.95,entsoe.eu,false,
2022-05-22 23:00:00,Portugal,Portugal,PT,184.13,264.15,54.51,46.84,entsoe.eu,false,
2022-05-23 00:00:00,Portugal,Portugal,PT,184.04,264.66,54.09,45.01,entsoe.eu,false,
2022-05-23 01:00:00,Portugal,Portugal,PT,191.7,274.53,52.0,43.29,entsoe.eu,false,
2022-05-23 02:00:00,Portugal,Portugal,PT,202.85,286.29,49.82,40.71,entsoe.eu,false,
2022-05-23 03:00:00,Portugal,Portugal,PT,213.83,302.91,45.96,38.77,entsoe.eu,false,
2022-05-23 04:00:00,Portugal,Portugal,PT,211.64,301.84,45.82,42.43,entsoe.eu,false,
2022-05-23 05:00:00,Portugal,Portugal,PT,196.95,277.65,52.15,50.71,entsoe.eu,false,
2022-05-23 06:00:00,Portugal,Portugal,PT,181.18,249.03,60.37,60.37,entsoe.eu,false,
2022-05-23 07:00:00,Portugal,Portugal,PT,172.98,239.37,61.91,59.19,entsoe.eu,false,
2022-05-23 08:00:00,Portugal,Portugal,PT,168.56,237.54,61.41,56.23,entsoe.eu,false,
2022-05-23 09:00:00,Portugal,Portugal,PT,151.05,218.67,63.81,58.77,entsoe.eu,false,
2022-05-23 10:00:00,Portugal,Portugal,PT,138.12,198.42,68.82,65.32,entsoe.eu,false,
2022-05-23 11:00:00,Portugal,Portugal,PT,129.67,190.06,69.19,66.3,entsoe.eu,false,
2022-05-23 12:00:00,Portugal,Portugal,PT,124.37,185.07,69.32,67.03,entsoe.eu,false,
2022-05-23 13:00:00,Portugal,Portugal,PT,118.98,178.12,70.47,68.65,entsoe.eu,false,
2022-05-23 14:00:00,Portugal,Portugal,PT,120.87,182.53,68.67,66.65,entsoe.eu,false,
2022-05-23 15:00:00,Portugal,Portugal,PT,130.39,194.59,65.93,64.34,entsoe.eu,false,
2022-05-23 16:00:00,Portugal,Portugal,PT,140.92,208.26,62.59,61.82,entsoe.eu,false,
2022-05-23 17:00:00,Portugal,Portugal,PT,142.32,208.16,61.98,61.98,entsoe.eu,false,
2022-05-23 18:00:00,Portugal,Portugal,PT,147.91,212.9,61.86,61.86,entsoe.eu,false,
2022-05-23 19:00:00,Portugal,Portugal,PT,143.04,206.17,63.03,63.03,entsoe.eu,false,
2022-05-23 20:00:00,Portugal,Portugal,PT,136.77,197.65,64.58,64.58,entsoe.eu,false,
2022-05-23 21:00:00,Portugal,Portugal,PT,141.22,205.07,62.85,62.85,entsoe.eu,false,
2022-05-23 22:00:00,Portugal,Portugal,PT,152.05,222.18,59.18,59.18,entsoe.eu,false,
2022-05-23 23:00:00,Portugal,Portugal,PT,147.67,217.54,60.37,60.37,entsoe.eu,false,
2022-05-24 00:00:00,Portugal,Portugal,PT,149.24,219.87,59.95,59.95,entsoe.eu,false,
2022-05-24 01:00:00,Portugal,Portugal,PT,154.0,226.15,58.68,58.68,entsoe.eu,false,
2022-05-24 02:00:00,Portugal,Portugal,PT,154.12,225.17,58.62,58.62,entsoe.eu,false,
2022-05-24 03:00:00,Portugal,Portugal,PT,164.76,240.89,55.77,55.77,entsoe.eu,false,
2022-05-24 04:00:00,Portugal,Portugal,PT,154.01,225.19,58.66,58.66,entsoe.eu,false,
2022-05-24 05:00:00,Portugal,Portugal,PT,139.01,202.53,63.21,63.21,entsoe.eu,false,
2022-05-24 06:00:00,Portugal,Portugal,PT,131.43,191.55,65.89,65.89,entsoe.eu,false,
2022-05-24 07:00:00,Portugal,Portugal,PT,128.84,188.89,66.68,66.68,entsoe.eu,false,
2022-05-24 08:00:00,Portugal,Portugal,PT,130.27,194.09,65.35,64.79,entsoe.eu,false,
2022-05-24 09:00:00,Portugal,Portugal,PT,124.63,186.16,67.5,65.8,entsoe.eu,false,
2022-05-24 10:00:00,Portugal,Portugal,PT,110.68,168.57,71.16,69.62,entsoe.eu,false,
2022-05-24 11:00:00,Portugal,Portugal,PT,102.5,157.89,73.37,71.8,entsoe.eu,false,
2022-05-24 12:00:00,Portugal,Portugal,PT,101.37,157.44,73.15,72.53,entsoe.eu,false,
2022-05-24 13:00:00,Portugal,Portugal,PT,101.49,154.39,74.44,71.26,entsoe.eu,false,
2022-05-24 14:00:00,Portugal,Portugal,PT,105.54,159.21,73.6,70.02,entsoe.eu,false,
2022-05-24 15:00:00,Portugal,Portugal,PT,105.32,158.81,73.59,69.61,entsoe.eu,false,
2022-05-24 16:00:00,Portugal,Portugal,PT,109.77,164.34,72.49,68.43,entsoe.eu,false,
2022-05-24 17:00:00,Portugal,Portugal,PT,125.4,184.99,68.22,64.39,entsoe.eu,false,
2022-05-24 18:00:00,Portugal,Portugal,PT,137.93,196.41,67.38,65.95,entsoe.eu,false,
2022-05-24 19:00:00,Portugal,Portugal,PT,129.71,177.26,73.97,73.97,entsoe.eu,false,
2022-05-24 20:00:00,Portugal,Portugal,PT,143.52,195.47,70.63,70.63,entsoe.eu,false,
2022-05-24 21:00:00,Portugal,Portugal,PT,159.98,223.82,63.09,61.45,entsoe.eu,false,
2022-05-24 22:00:00,Portugal,Portugal,PT,151.67,215.44,64.43,61.67,entsoe.eu,false,
2022-05-24 23:00:00,Portugal,Portugal,PT,139.59,204.49,65.39,62.09,entsoe.eu,false,
2022-05-25 00:00:00,Portugal,Portugal,PT,141.28,208.45,64.02,60.76,entsoe.eu,false,
2022-05-25 01:00:00,Portugal,Portugal,PT,141.89,210.07,63.54,60.23,entsoe.eu,false,
2022-05-25 02:00:00,Portugal,Portugal,PT,144.16,213.45,62.87,59.66,entsoe.eu,false,
2022-05-25 03:00:00,Portugal,Portugal,PT,146.68,216.82,62.24,58.87,entsoe.eu,false,
2022-05-25 04:00:00,Portugal,Portugal,PT,150.82,219.51,62.63,60.02,entsoe.eu,false,
2022-05-25 05:00:00,Portugal,Portugal,PT,132.99,184.9,72.6,72.6,entsoe.eu,false,
2022-05-25 06:00:00,Portugal,Portugal,PT,140.67,197.56,69.47,69.47,entsoe.eu,false,
2022-05-25 07:00:00,Portugal,Portugal,PT,148.95,216.24,63.35,58.5,entsoe.eu,false,
2022-05-25 08:00:00,Portugal,Portugal,PT,132.26,194.76,67.85,60.46,entsoe.eu,false,
2022-05-25 09:00:00,Portugal,Portugal,PT,123.66,183.73,70.27,62.38,entsoe.eu,false,
2022-05-25 10:00:00,Portugal,Portugal,PT,120.36,179.34,71.2,63.43,entsoe.eu,false,
2022-05-25 11:00:00,Portugal,Portugal,PT,119.9,179.3,71.23,63.8,entsoe.eu,false,
2022-05-25 12:00:00,Portugal,Portugal,PT,117.22,175.15,72.13,64.41,entsoe.eu,false,
2022-05-25 13:00:00,Portugal,Portugal,PT,113.86,170.33,73.04,65.18,entsoe.eu,false,
2022-05-25 14:00:00,Portugal,Portugal,PT,112.0,167.62,73.55,65.8,entsoe.eu,false,
2022-05-25 15:00:00,Portugal,Portugal,PT,115.14,171.08,72.87,65.03,entsoe.eu,false,
2022-05-25 16:00:00,Portugal,Portugal,PT,115.92,173.26,72.39,64.5,entsoe.eu,false,
2022-05-25 17:00:00,Portugal,Portugal,PT,133.48,196.14,67.53,60.2,entsoe.eu,false,
2022-05-25 18:00:00,Portugal,Portugal,PT,149.46,213.1,65.01,58.66,entsoe.eu,false,
2022-05-25 19:00:00,Portugal,Portugal,PT,157.88,215.76,67.3,62.7,entsoe.eu,false,
2022-05-25 20:00:00,Portugal,Portugal,PT,162.02,227.05,62.79,56.71,entsoe.eu,false,
2022-05-25 21:00:00,Portugal,Portugal,PT,158.95,226.61,61.72,53.77,entsoe.eu,false,
2022-05-25 22:00:00,Portugal,Portugal,PT,150.75,216.55,63.77,55.6,entsoe.eu,false,
2022-05-25 23:00:00,Portugal,Portugal,PT,137.55,199.67,67.29,58.77,entsoe.eu,false,
2022-05-26 00:00:00,Portugal,Portugal,PT,122.18,179.97,70.95,63.04,entsoe.eu,false,
2022-05-26 01:00:00,Portugal,Portugal,PT,111.43,165.75,73.65,65.8,entsoe.eu,false,
2022-05-26 02:00:00,Portugal,Portugal,PT,109.75,163.19,74.13,66.39,entsoe.eu,false,
2022-05-26 03:00:00,Portugal,Portugal,PT,103.62,156.1,75.51,68.5,entsoe.eu,false,
2022-05-26 04:00:00,Portugal,Portugal,PT,92.44,144.74,76.87,73.33,entsoe.eu,false,
2022-05-26 05:00:00,Portugal,Portugal,PT,84.63,136.23,77.59,77.02,entsoe.eu,false,
2022-05-26 06:00:00,Portugal,Portugal,PT,82.87,133.51,78.37,77.06,entsoe.eu,false,
2022-05-26 07:00:00,Portugal,Portugal,PT,85.66,134.89,79.33,73.79,entsoe.eu,false,
2022-05-26 08:00:00,Portugal,Portugal,PT,86.17,134.71,79.83,73.07,entsoe.eu,false,
2022-05-26 09:00:00,Portugal,Portugal,PT,89.68,140.19,78.71,72.06,entsoe.eu,false,
2022-05-26 10:00:00,Portugal,Portugal,PT,89.39,140.55,79.15,72.31,entsoe.eu,false,
2022-05-26 11:00:00,Portugal,Portugal,PT,95.71,149.02,77.54,70.6,entsoe.eu,false,
2022-05-26 12:00:00,Portugal,Portugal,PT,97.79,152.19,77.03,69.78,entsoe.eu,false,
2022-05-26 13:00:00,Portugal,Portugal,PT,91.57,144.1,78.78,70.88,entsoe.eu,false,
2022-05-26 14:00:00,Portugal,Portugal,PT,92.19,145.0,78.41,70.43,entsoe.eu,false,
2022-05-26 15:00:00,Portugal,Portugal,PT,91.24,143.52,78.83,70.01,entsoe.eu,false,
2022-05-26 16:00:00,Portugal,Portugal,PT,100.58,155.09,76.33,67.49,entsoe.eu,false,
2022-05-26 17:00:00,Portugal,Portugal,PT,123.19,183.37,70.61,62.86,entsoe.eu,false,
2022-05-26 18:00:00,Portugal,Portugal,PT,146.67,210.16,66.05,58.65,entsoe.eu,false,
2022-05-26 19:00:00,Portugal,Portugal,PT,145.99,201.05,70.13,65.56,entsoe.eu,false,
2022-05-26 20:00:00,Portugal,Portugal,PT,145.72,206.11,67.07,61.78,entsoe.eu,false,
2022-05-26 21:00:00,Portugal,Portugal,PT,142.61,203.75,67.18,61.74,entsoe.eu,false,
2022-05-26 22:00:00,Portugal,Portugal,PT,124.04,184.96,70.04,63.08,entsoe.eu,false,
2022-05-26 23:00:00,Portugal,Portugal,PT,105.96,160.95,74.8,67.06,entsoe.eu,false,
2022-05-27 00:00:00,Portugal,Portugal,PT,102.05,156.55,75.53,67.96,entsoe.eu,false,
2022-05-27 01:00:00,Portugal,Portugal,PT,103.71,158.8,75.08,67.69,entsoe.eu,false,
2022-05-27 02:00:00,Portugal,Portugal,PT,103.58,158.21,75.12,67.71,entsoe.eu,false,
2022-05-27 03:00:00,Portugal,Portugal,PT,100.52,155.85,75.44,69.3,entsoe.eu,false,
2022-05-27 04:00:00,Portugal,Portugal,PT,100.11,156.71,74.9,70.66,entsoe.eu,false,
2022-05-27 05:00:00,Portugal,Portugal,PT,100.93,158.74,73.91,71.72,entsoe.eu,false,
2022-05-27 06:00:00,Portugal,Portugal,PT,102.64,160.45,73.91,70.82,entsoe.eu,false,
2022-05-27 07:00:00,Portugal,Portugal,PT,101.91,157.71,75.31,69.28,entsoe.eu,false,
2022-05-27 08:00:00,Portugal,Portugal,PT,94.83,148.69,77.51,70.35,entsoe.eu,false,
2022-05-27 09:00:00,Portugal,Portugal,PT,94.89,148.41,77.67,70.14,entsoe.eu,false,
2022-05-27 10:00:00,Portugal,Portugal,PT,97.88,152.84,77.18,69.84,entsoe.eu,false,
2022-05-27 11:00:00,Portugal,Portugal,PT,98.42,153.95,77.31,70.23,entsoe.eu,false,
2022-05-27 12:00:00,Portugal,Portugal,PT,99.55,155.66,76.62,68.89,entsoe.eu,false,
2022-05-27 13:00:00,Portugal,Portugal,PT,93.14,147.14,78.41,70.42,entsoe.eu,false,
2022-05-27 14:00:00,Portugal,Portugal,PT,94.9,148.39,78.1,69.93,entsoe.eu,false,
2022-05-27 15:00:00,Portugal,Portugal,PT,96.26,150.12,77.82,69.18,entsoe.eu,false,
2022-05-27 16:00:00,Portugal,Portugal,PT,99.61,154.5,77.16,68.14,entsoe.eu,false,
2022-05-27 17:00:00,Portugal,Portugal,PT,117.22,176.83,72.6,63.35,entsoe.eu,false,
2022-05-27 18:00:00,Portugal,Portugal,PT,141.09,198.82,70.73,62.67,entsoe.eu,false,
2022-05-27 19:00:00,Portugal,Portugal,PT,137.15,186.06,75.27,70.71,entsoe.eu,false,
2022-05-27 20:00:00,Portugal,Portugal,PT,138.64,189.5,74.19,69.92,entsoe.eu,false,
2022-05-27 21:00:00,Portugal,Portugal,PT,134.23,191.81,71.19,64.47,entsoe.eu,false,
2022-05-27 22:00:00,Portugal,Portugal,PT,125.16,183.63,71.94,64.29,entsoe.eu,false,
2022-05-27 23:00:00,Portugal,Portugal,PT,108.58,166.28,74.8,66.74,entsoe.eu,false,
2022-05-28 00:00:00,Portugal,Portugal,PT,114.97,173.28,74.15,67.24,entsoe.eu,false,
2022-05-28 01:00:00,Portugal,Portugal,PT,113.3,172.2,74.2,67.86,entsoe.eu,false,
2022-05-28 02:00:00,Portugal,Portugal,PT,118.79,179.89,72.44,66.07,entsoe.eu,false,
2022-05-28 03:00:00,Portugal,Portugal,PT,118.38,177.5,74.45,68.99,entsoe.eu,false,
2022-05-28 04:00:00,Portugal,Portugal,PT,122.55,183.99,72.87,67.11,entsoe.eu,false,
2022-05-28 05:00:00,Portugal,Portugal,PT,123.61,182.45,73.98,69.23,entsoe.eu,false,
2022-05-28 06:00:00,Portugal,Portugal,PT,117.01,181.26,71.9,64.66,entsoe.eu,false,
2022-05-28 07:00:00,Portugal,Portugal,PT,101.48,161.12,75.93,67.95,entsoe.eu,false,
2022-05-28 08:00:00,Portugal,Portugal,PT,99.75,158.95,76.59,68.47,entsoe.eu,false,
2022-05-28 09:00:00,Portugal,Portugal,PT,102.07,161.31,76.42,68.54,entsoe.eu,false,
2022-05-28 10:00:00,Portugal,Portugal,PT,100.76,158.7,77.32,69.74,entsoe.eu,false,
2022-05-28 11:00:00,Portugal,Portugal,PT,97.26,154.76,78.1,70.41,entsoe.eu,false,
2022-05-28 12:00:00,Portugal,Portugal,PT,98.34,157.4,77.16,69.44,entsoe.eu,false,
2022-05-28 13:00:00,Portugal,Portugal,PT,99.96,156.75,77.22,67.91,entsoe.eu,false,
2022-05-28 14:00:00,Portugal,Portugal,PT,99.67,155.73,77.62,67.31,entsoe.eu,false,
2022-05-28 15:00:00,Portugal,Portugal,PT,101.89,159.57,76.81,66.63,entsoe.eu,false,
2022-05-28 16:00:00,Portugal,Portugal,PT,109.7,170.05,74.72,64.68,entsoe.eu,false,
2022-05-28 17:00:00,Portugal,Portugal,PT,119.52,180.99,73.12,62.33,entsoe.eu,false,
2022-05-28 18:00:00,Portugal,Portugal,PT,133.92,181.87,77.24,72.6,entsoe.eu,false,
2022-05-28 19:00:00,Portugal,Portugal,PT,126.36,169.0,80.12,79.98,entsoe.eu,false,
2022-05-28 20:00:00,Portugal,Portugal,PT,130.78,175.67,78.7,78.51,entsoe.eu,false,
2022-05-28 21:00:00,Portugal,Portugal,PT,150.74,206.97,71.72,66.37,entsoe.eu,false,
2022-05-28 22:00:00,Portugal,Portugal,PT,161.61,226.64,66.49,56.09,entsoe.eu,false,
2022-05-28 23:00:00,Portugal,Portugal,PT,169.55,241.22,62.61,49.12,entsoe.eu,false,
2022-05-29 00:00:00,Portugal,Portugal,PT,172.24,242.19,64.48,52.19,entsoe.eu,false,
2022-05-29 01:00:00,Portugal,Portugal,PT,172.54,246.54,62.97,49.86,entsoe.eu,false,
2022-05-29 02:00:00,Portugal,Portugal,PT,170.95,245.52,62.89,49.47,entsoe.eu,false,
2022-05-29 03:00:00,Portugal,Portugal,PT,171.89,247.64,62.38,48.61,entsoe.eu,false,
2022-05-29 04:00:00,Portugal,Portugal,PT,173.38,250.15,61.1,47.31,entsoe.eu,false,
2022-05-29 05:00:00,Portugal,Portugal,PT,171.71,249.62,61.07,47.33,entsoe.eu,false,
2022-05-29 06:00:00,Portugal,Portugal,PT,167.61,246.36,61.07,47.24,entsoe.eu,false,
2022-05-29 07:00:00,Portugal,Portugal,PT,135.1,202.15,69.33,56.29,entsoe.eu,false,
2022-05-29 08:00:00,Portugal,Portugal,PT,127.91,194.88,70.9,58.63,entsoe.eu,false,
2022-05-29 09:00:00,Portugal,Portugal,PT,128.34,194.49,71.2,61.09,entsoe.eu,false,
2022-05-29 10:00:00,Portugal,Portugal,PT,120.52,185.2,72.47,62.67,entsoe.eu,false,
2022-05-29 11:00:00,Portugal,Portugal,PT,112.3,172.96,74.91,64.4,entsoe.eu,false,
2022-05-29 12:00:00,Portugal,Portugal,PT,108.54,167.44,75.81,65.53,entsoe.eu,false,
2022-05-29 13:00:00,Portugal,Portugal,PT,101.12,158.15,77.43,67.59,entsoe.eu,false,
2022-05-29 14:00:00,Portugal,Portugal,PT,100.93,157.98,77.1,67.61,entsoe.eu,false,
2022-05-29 15:00:00,Portugal,Portugal,PT,98.43,156.0,77.05,68.27,entsoe.eu,false,
2022-05-29 16:00:00,Portugal,Portugal,PT,109.6,171.62,73.46,65.67,entsoe.eu,false,
2022-05-29 17:00:00,Portugal,Portugal,PT,126.8,191.92,69.45,62.84,entsoe.eu,false,
2022-05-29 18:00:00,Portugal,Portugal,PT,140.35,196.67,72.12,69.36,entsoe.eu,false,
2022-05-29 19:00:00,Portugal,Portugal,PT,147.82,202.19,71.84,71.84,entsoe.eu,false,
2022-05-29 20:00:00,Portugal,Portugal,PT,156.75,212.3,70.76,70.76,entsoe.eu,false,
2022-05-29 21:00:00,Portugal,Portugal,PT,167.45,230.75,66.17,62.56,entsoe.eu,false,
2022-05-29 22:00:00,Portugal,Portugal,PT,186.59,263.93,56.71,48.48,entsoe.eu,false,
2022-05-29 23:00:00,Portugal,Portugal,PT,214.35,302.4,48.1,38.04,entsoe.eu,false,
2022-05-30 00:00:00,Portugal,Portugal,PT,220.2,310.87,46.22,35.12,entsoe.eu,false,
2022-05-30 01:00:00,Portugal,Portugal,PT,234.91,329.75,42.57,31.61,entsoe.eu,false,
2022-05-30 02:00:00,Portugal,Portugal,PT,249.23,348.17,39.05,28.56,entsoe.eu,false,
2022-05-30 03:00:00,Portugal,Portugal,PT,248.6,347.0,39.01,30.81,entsoe.eu,false,
2022-05-30 04:00:00,Portugal,Portugal,PT,229.72,314.74,47.24,45.31,entsoe.eu,false,
2022-05-30 05:00:00,Portugal,Portugal,PT,208.33,280.5,55.16,55.16,entsoe.eu,false,
2022-05-30 06:00:00,Portugal,Portugal,PT,205.01,276.78,56.14,56.14,entsoe.eu,false,
2022-05-30 07:00:00,Portugal,Portugal,PT,205.05,281.13,53.45,50.98,entsoe.eu,false,
2022-05-30 08:00:00,Portugal,Portugal,PT,198.11,273.47,54.68,49.99,entsoe.eu,false,
2022-05-30 09:00:00,Portugal,Portugal,PT,201.67,278.02,53.64,48.65,entsoe.eu,false,
2022-05-30 10:00:00,Portugal,Portugal,PT,182.6,254.64,57.46,53.24,entsoe.eu,false,
2022-05-30 11:00:00,Portugal,Portugal,PT,177.7,248.75,58.46,54.94,entsoe.eu,false,
2022-05-30 12:00:00,Portugal,Portugal,PT,196.27,276.44,52.12,47.01,entsoe.eu,false,
2022-05-30 13:00:00,Portugal,Portugal,PT,192.66,272.18,52.71,46.86,entsoe.eu,false,
2022-05-30 14:00:00,Portugal,Portugal,PT,193.71,275.1,51.57,45.42,entsoe.eu,false,
2022-05-30 15:00:00,Portugal,Portugal,PT,195.24,275.79,51.81,45.93,entsoe.eu,false,
2022-05-30 16:00:00,Portugal,Portugal,PT,205.64,288.17,49.5,43.59,entsoe.eu,false,
2022-05-30 17:00:00,Portugal,Portugal,PT,208.27,283.43,53.12,49.36,entsoe.eu,false,
2022-05-30 18:00:00,Portugal,Portugal,PT,179.73,242.92,61.15,61.15,entsoe.eu,false,
2022-05-30 19:00:00,Portugal,Portugal,PT,180.76,243.4,61.4,61.4,entsoe.eu,false,
2022-05-30 20:00:00,Portugal,Portugal,PT,183.49,247.96,60.24,60.24,entsoe.eu,false,
2022-05-30 21:00:00,Portugal,Portugal,PT,200.78,274.87,54.49,53.27,entsoe.eu,false,
2022-05-30 22:00:00,Portugal,Portugal,PT,213.64,297.05,48.39,44.79,entsoe.eu,false,
2022-05-30 23:00:00,Portugal,Portugal,PT,207.31,293.82,47.21,43.07,entsoe.eu,false,
2022-05-31 00:00:00,Portugal,Portugal,PT,210.16,296.71,46.68,42.28,entsoe.eu,false,
2022-05-31 01:00:00,Portugal,Portugal,PT,215.69,304.09,45.23,40.78,entsoe.eu,false,
2022-05-31 02:00:00,Portugal,Portugal,PT,225.31,317.36,42.56,38.28,entsoe.eu,false,
2022-05-31 03:00:00,Portugal,Portugal,PT,229.95,324.11,41.53,37.73,entsoe.eu,false,
2022-05-31 04:00:00,Portugal,Portugal,PT,206.27,285.62,51.58,51.58,entsoe.eu,false,
2022-05-31 05:00:00,Portugal,Portugal,PT,182.01,247.02,60.92,60.92,entsoe.eu,false,
2022-05-31 06:00:00,Portugal,Portugal,PT,173.08,235.96,62.95,62.95,entsoe.eu,false,
2022-05-31 07:00:00,Portugal,Portugal,PT,174.23,244.03,59.4,59.02,entsoe.eu,false,
2022-05-31 08:00:00,Portugal,Portugal,PT,173.24,248.81,56.39,52.78,entsoe.eu,false,
2022-05-31 09:00:00,Portugal,Portugal,PT,161.43,232.78,59.63,55.78,entsoe.eu,false,
2022-05-31 10:00:00,Portugal,Portugal,PT,159.87,230.79,59.58,56.4,entsoe.eu,false,
2022-05-31 11:00:00,Portugal,Portugal,PT,158.49,229.18,59.83,56.67,entsoe.eu,false,
2022-05-31 12:00:00,Portugal,Portugal,PT,161.78,234.23,58.61,55.55,entsoe.eu,false,
2022-05-31 13:00:00,Portugal,Portugal,PT,162.5,234.67,59.09,54.81,entsoe.eu,false,
2022-05-31 14:00:00,Portugal,Portugal,PT,166.29,239.19,58.52,53.44,entsoe.eu,false,
2022-05-31 15:00:00,Portugal,Portugal,PT,174.65,248.93,56.81,51.23,entsoe.eu,false,
2022-05-31 16:00:00,Portugal,Portugal,PT,179.34,255.73,55.55,49.98,entsoe.eu,false,
2022-05-31 17:00:00,Portugal,Portugal,PT,193.07,268.49,54.68,50.66,entsoe.eu,false,
2022-05-31 18:00:00,Portugal,Portugal,PT,177.75,239.21,63.25,62.41,entsoe.eu,false,
2022-05-31 19:00:00,Portugal,Portugal,PT,172.17,231.87,64.53,64.53,entsoe.eu,false,
2022-05-31 20:00:00,Portugal,Portugal,PT,190.06,259.12,57.94,56.45,entsoe.eu,false,
2022-05-31 21:00:00,Portugal,Portugal,PT,217.23,293.21,52.32,48.73,entsoe.eu,false,
2022-05-31 22:00:00,Portugal,Portugal,PT,218.13,296.8,50.99,47.2,entsoe.eu,false,
2022-05-31 23:00:00,Portugal,Portugal,PT,227.38,315.94,44.67,39.76,entsoe.eu,false,
2022-06-01 00:00:00,Portugal,Portugal,PT,227.56,319.15,42.9,37.58,entsoe.eu,false,
2022-06-01 01:00:00,Portugal,Portugal,PT,219.17,308.39,44.87,39.62,entsoe.eu,false,
2022-06-01 02:00:00,Portugal,Portugal,PT,219.44,308.79,44.61,39.44,entsoe.eu,false,
2022-06-01 03:00:00,Portugal,Portugal,PT,211.28,299.02,45.74,42.24,entsoe.eu,false,
2022-06-01 04:00:00,Portugal,Portugal,PT,189.75,273.31,49.32,49.32,entsoe.eu,false,
2022-06-01 05:00:00,Portugal,Portugal,PT,174.68,246.83,55.87,55.87,entsoe.eu,false,
2022-06-01 06:00:00,Portugal,Portugal,PT,161.01,230.83,58.93,58.93,entsoe.eu,false,
2022-06-01 07:00:00,Portugal,Portugal,PT,158.75,231.12,57.9,57.17,entsoe.eu,false,
2022-06-01 08:00:00,Portugal,Portugal,PT,152.03,221.53,60.15,58.56,entsoe.eu,false,
2022-06-01 09:00:00,Portugal,Portugal,PT,150.29,219.67,60.33,59.13,entsoe.eu,false,
2022-06-01 10:00:00,Portugal,Portugal,PT,155.21,226.16,59.02,57.82,entsoe.eu,false,
2022-06-01 11:00:00,Portugal,Portugal,PT,153.98,223.62,60.22,57.39,entsoe.eu,false,
2022-06-01 12:00:00,Portugal,Portugal,PT,156.38,226.3,60.18,55.87,entsoe.eu,false,
2022-06-01 13:00:00,Portugal,Portugal,PT,154.66,223.7,60.89,55.8,entsoe.eu,false,
2022-06-01 14:00:00,Portugal,Portugal,PT,152.27,219.99,61.92,56.32,entsoe.eu,false,
2022-06-01 15:00:00,Portugal,Portugal,PT,155.59,223.43,61.04,55.59,entsoe.eu,false,
2022-06-01 16:00:00,Portugal,Portugal,PT,164.58,236.52,58.16,53.68,entsoe.eu,false,
2022-06-01 17:00:00,Portugal,Portugal,PT,186.43,265.65,52.08,48.14,entsoe.eu,false,
2022-06-01 18:00:00,Portugal,Portugal,PT,180.37,246.74,59.26,59.26,entsoe.eu,false,
2022-06-01 19:00:00,Portugal,Portugal,PT,185.03,250.05,59.47,59.47,entsoe.eu,false,
2022-06-01 20:00:00,Portugal,Portugal,PT,196.02,263.64,57.31,57.31,entsoe.eu,false,
2022-06-01 21:00:00,Portugal,Portugal,PT,224.34,306.08,47.41,45.12,entsoe.eu,false,
2022-06-01 22:00:00,Portugal,Portugal,PT,219.3,299.58,48.6,47.42,entsoe.eu,false,
2022-06-01 23:00:00,Portugal,Portugal,PT,231.71,322.88,41.66,39.88,entsoe.eu,false,
2022-06-02 00:00:00,Portugal,Portugal,PT,229.33,319.37,42.92,41.0,entsoe.eu,false,
2022-06-02 01:00:00,Portugal,Portugal,PT,232.09,324.87,40.93,39.77,entsoe.eu,false,
2022-06-02 02:00:00,Portugal,Portugal,PT,225.31,316.27,42.62,42.62,entsoe.eu,false,
2022-06-02 03:00:00,Portugal,Portugal,PT,212.34,291.83,50.06,50.06,entsoe.eu,false,
2022-06-02 04:00:00,Portugal,Portugal,PT,191.56,263.71,55.32,55.32,entsoe.eu,false,
2022-06-02 05:00:00,Portugal,Portugal,PT,189.15,260.31,55.96,55.96,entsoe.eu,false,
2022-06-02 06:00:00,Portugal,Portugal,PT,187.25,261.23,54.57,54.57,entsoe.eu,false,
2022-06-02 07:00:00,Portugal,Portugal,PT,179.45,255.56,54.74,52.75,entsoe.eu,false,
2022-06-02 08:00:00,Portugal,Portugal,PT,178.7,255.83,54.81,50.59,entsoe.eu,false,
2022-06-02 09:00:00,Portugal,Portugal,PT,176.52,252.23,55.9,50.9,entsoe.eu,false,
2022-06-02 10:00:00,Portugal,Portugal,PT,165.98,238.49,58.62,53.86,entsoe.eu,false,
2022-06-02 11:00:00,Portugal,Portugal,PT,162.39,232.14,60.0,54.53,entsoe.eu,false,
2022-06-02 12:00:00,Portugal,Portugal,PT,161.98,230.89,60.54,54.42,entsoe.eu,false,
2022-06-02 13:00:00,Portugal,Portugal,PT,161.82,230.39,60.85,54.24,entsoe.eu,false,
2022-06-02 14:00:00,Portugal,Portugal,PT,171.41,243.71,57.96,51.94,entsoe.eu,false,
2022-06-02 15:00:00,Portugal,Portugal,PT,179.28,255.18,55.2,50.37,entsoe.eu,false,
2022-06-02 16:00:00,Portugal,Portugal,PT,179.41,255.75,54.46,51.05,entsoe.eu,false,
2022-06-02 17:00:00,Portugal,Portugal,PT,196.13,271.41,53.17,51.17,entsoe.eu,false,
2022-06-02 18:00:00,Portugal,Portugal,PT,189.69,259.47,56.26,55.91,entsoe.eu,false,
2022-06-02 19:00:00,Portugal,Portugal,PT,189.46,253.32,59.51,59.51,entsoe.eu,false,
2022-06-02 20:00:00,Portugal,Portugal,PT,195.86,260.72,58.52,58.52,entsoe.eu,false,
2022-06-02 21:00:00,Portugal,Portugal,PT,211.34,281.99,54.44,54.44,entsoe.eu,false,
2022-06-02 22:00:00,Portugal,Portugal,PT,222.35,301.72,48.65,48.44,entsoe.eu,false,
2022-06-02 23:00:00,Portugal,Portugal,PT,244.44,338.17,39.13,36.77,entsoe.eu,false,
2022-06-03 00:00:00,Portugal,Portugal,PT,268.26,371.85,31.88,26.71,entsoe.eu,false,
2022-06-03 01:00:00,Portugal,Portugal,PT,277.11,383.18,29.8,24.01,entsoe.eu,false,
2022-06-03 02:00:00,Portugal,Portugal,PT,274.64,380.27,30.26,24.83,entsoe.eu,false,
2022-06-03 03:00:00,Portugal,Portugal,PT,265.73,369.85,31.86,27.57,entsoe.eu,false,
2022-06-03 04:00:00,Portugal,Portugal,PT,216.57,305.53,43.59,43.59,entsoe.eu,false,
2022-06-03 05:00:00,Portugal,Portugal,PT,201.86,281.35,49.81,49.81,entsoe.eu,false,
2022-06-03 06:00:00,Portugal,Portugal,PT,193.47,268.9,52.89,52.89,entsoe.eu,false,
2022-06-03 07:00:00,Portugal,Portugal,PT,190.68,271.92,50.11,48.48,entsoe.eu,false,
2022-06-03 08:00:00,Portugal,Portugal,PT,192.49,273.21,50.24,47.57,entsoe.eu,false,
2022-06-03 09:00:00,Portugal,Portugal,PT,183.1,261.32,52.77,50.05,entsoe.eu,false,
2022-06-03 10:00:00,Portugal,Portugal,PT,174.63,250.23,55.25,52.2,entsoe.eu,false,
2022-06-03 11:00:00,Portugal,Portugal,PT,178.99,255.77,54.12,50.88,entsoe.eu,false,
2022-06-03 12:00:00,Portugal,Portugal,PT,172.56,245.9,57.12,51.52,entsoe.eu,false,
2022-06-03 13:00:00,Portugal,Portugal,PT,176.16,249.57,56.7,50.63,entsoe.eu,false,
2022-06-03 14:00:00,Portugal,Portugal,PT,180.19,255.24,55.37,49.73,entsoe.eu,false,
2022-06-03 15:00:00,Portugal,Portugal,PT,182.19,258.59,54.61,49.33,entsoe.eu,false,
2022-06-03 16:00:00,Portugal,Portugal,PT,190.9,270.94,52.0,47.18,entsoe.eu,false,
2022-06-03 17:00:00,Portugal,Portugal,PT,199.07,279.73,50.66,46.81,entsoe.eu,false,
2022-06-03 18:00:00,Portugal,Portugal,PT,207.52,284.23,51.66,48.98,entsoe.eu,false,
2022-06-03 19:00:00,Portugal,Portugal,PT,221.61,302.44,48.28,44.2,entsoe.eu,false,
2022-06-03 20:00:00,Portugal,Portugal,PT,204.67,277.09,54.19,52.12,entsoe.eu,false,
2022-06-03 21:00:00,Portugal,Portugal,PT,223.8,306.26,47.14,43.9,entsoe.eu,false,
2022-06-03 22:00:00,Portugal,Portugal,PT,249.89,344.71,38.56,31.62,entsoe.eu,false,
2022-06-03 23:00:00,Portugal,Portugal,PT,258.99,357.61,36.65,27.65,entsoe.eu,false,
2022-06-04 00:00:00,Portugal,Portugal,PT,245.76,341.88,39.74,28.67,entsoe.eu,false,
2022-06-04 01:00:00,Portugal,Portugal,PT,242.18,337.4,41.16,28.99,entsoe.eu,false,
2022-06-04 02:00:00,Portugal,Portugal,PT,242.19,337.46,41.54,29.56,entsoe.eu,false,
2022-06-04 03:00:00,Portugal,Portugal,PT,244.87,340.6,41.28,30.33,entsoe.eu,false,
2022-06-04 04:00:00,Portugal,Portugal,PT,242.58,338.83,41.23,31.37,entsoe.eu,false,
2022-06-04 05:00:00,Portugal,Portugal,PT,246.42,346.87,39.06,28.7,entsoe.eu,false,
2022-06-04 06:00:00,Portugal,Portugal,PT,214.28,305.03,48.0,36.55,entsoe.eu,false,
2022-06-04 07:00:00,Portugal,Portugal,PT,176.81,256.99,57.28,47.53,entsoe.eu,false,
2022-06-04 08:00:00,Portugal,Portugal,PT,158.86,234.46,61.46,51.85,entsoe.eu,false,
2022-06-04 09:00:00,Portugal,Portugal,PT,152.66,226.08,62.75,53.74,entsoe.eu,false,
2022-06-04 10:00:00,Portugal,Portugal,PT,148.86,220.69,63.8,54.5,entsoe.eu,false,
2022-06-04 11:00:00,Portugal,Portugal,PT,137.37,204.62,67.2,56.89,entsoe.eu,false,
2022-06-04 12:00:00,Portugal,Portugal,PT,132.17,197.16,68.7,58.11,entsoe.eu,false,
2022-06-04 13:00:00,Portugal,Portugal,PT,118.73,179.16,72.55,61.13,entsoe.eu,true,ESTIMATED_TIME_SLICER_AVERAGE
2022-06-04 14:00:00,Portugal,Portugal,PT,121.07,182.03,71.88,60.43,entsoe.eu,true,ESTIMATED_TIME_SLICER_AVERAGE
2022-06-04 15:00:00,Portugal,Portugal,PT,128.37,191.84,69.87,58.6,entsoe.eu,true,ESTIMATED_TIME_SLICER_AVERAGE
2022-06-04 16:00:00,Portugal,Portugal,PT,145.54,215.91,64.74,55.89,entsoe.eu,false,
2022-06-04 17:00:00,Portugal,Portugal,PT,156.96,230.04,62.02,54.4,entsoe.eu,false,
2022-06-04 18:00:00,Portugal,Portugal,PT,163.8,237.33,61.06,51.49,entsoe.eu,false,
2022-06-04 19:00:00,Portugal,Portugal,PT,167.31,227.05,67.49,62.91,entsoe.eu,false,
2022-06-04 20:00:00,Portugal,Portugal,PT,171.85,234.31,65.73,62.38,entsoe.eu,false,
2022-06-04 21:00:00,Portugal,Portugal,PT,186.59,256.67,60.75,53.55,entsoe.eu,false,
2022-06-04 22:00:00,Portugal,Portugal,PT,198.4,277.1,55.38,44.14,entsoe.eu,false,
2022-06-04 23:00:00,Portugal,Portugal,PT,204.58,287.75,51.86,37.05,entsoe.eu,false,
2022-06-05 00:00:00,Portugal,Portugal,PT,201.89,285.28,53.1,37.81,entsoe.eu,false,
2022-06-05 01:00:00,Portugal,Portugal,PT,193.94,276.29,55.22,39.51,entsoe.eu,false,
2022-06-05 02:00:00,Portugal,Portugal,PT,192.22,275.05,55.22,40.31,entsoe.eu,false,
2022-06-05 03:00:00,Portugal,Portugal,PT,195.59,280.59,53.91,39.78,entsoe.eu,false,
2022-06-05 04:00:00,Portugal,Portugal,PT,193.05,276.91,54.92,41.45,entsoe.eu,false,
2022-06-05 05:00:00,Portugal,Portugal,PT,191.98,276.23,55.3,42.2,entsoe.eu,false,
2022-06-05 06:00:00,Portugal,Portugal,PT,177.44,256.42,58.87,43.55,entsoe.eu,true,ESTIMATED_TIME_SLICER_AVERAGE
2022-06-05 07:00:00,Portugal,Portugal,PT,144.69,212.17,67.41,52.27,Electricity Maps Estimation,true,ESTIMATED_TIME_SLICER_AVERAGE
2022-06-05 08:00:00,Portugal,Portugal,PT,124.6,186.57,72.02,57.75,Electricity Maps Estimation,true,ESTIMATED_TIME_SLICER_AVERAGE
2022-06-05 09:00:00,Portugal,Portugal,PT,115.65,176.35,73.65,60.99,entsoe.eu,true,ESTIMATED_TIME_SLICER_AVERAGE
2022-06-05 10:00:00,Portugal,Portugal,PT,110.5,170.23,74.5,62.53,entsoe.eu,true,ESTIMATED_TIME_SLICER_AVERAGE
2022-06-05 11:00:00,Portugal,Portugal,PT,105.45,164.03,75.45,64.42,entsoe.eu,false,
2022-06-05 12:00:00,Portugal,Portugal,PT,102.02,159.22,76.31,65.34,entsoe.eu,false,
2022-06-05 13:00:00,Portugal,Portugal,PT,103.29,161.3,75.62,65.65,entsoe.eu,false,
2022-06-05 14:00:00,Portugal,Portugal,PT,101.53,159.27,76.02,66.56,entsoe.eu,false,
2022-06-05 15:00:00,Portugal,Portugal,PT,103.62,162.15,75.4,65.86,entsoe.eu,false,
2022-06-05 16:00:00,Portugal,Portugal,PT,105.47,163.44,75.1,65.26,entsoe.eu,false,
2022-06-05 17:00:00,Portugal,Portugal,PT,113.69,173.19,72.84,63.58,entsoe.eu,false,
2022-06-05 18:00:00,Portugal,Portugal,PT,123.46,185.15,70.43,61.08,entsoe.eu,false,
2022-06-05 19:00:00,Portugal,Portugal,PT,143.02,198.21,71.68,68.27,entsoe.eu,false,
2022-06-05 20:00:00,Portugal,Portugal,PT,153.72,210.53,69.52,68.99,entsoe.eu,false,
2022-06-05 21:00:00,Portugal,Portugal,PT,163.37,230.34,63.17,57.88,entsoe.eu,false,
2022-06-05 22:00:00,Portugal,Portugal,PT,169.51,241.64,60.13,51.71,entsoe.eu,false,
2022-06-05 23:00:00,Portugal,Portugal,PT,170.33,245.64,58.58,48.18,entsoe.eu,false,
2022-06-06 00:00:00,Portugal,Portugal,PT,194.29,276.19,52.81,42.39,entsoe.eu,false,
2022-06-06 01:00:00,Portugal,Portugal,PT,207.86,293.79,49.56,38.81,entsoe.eu,false,
2022-06-06 02:00:00,Portugal,Portugal,PT,214.94,301.56,48.58,38.87,entsoe.eu,false,
2022-06-06 03:00:00,Portugal,Portugal,PT,226.38,318.73,43.5,35.39,entsoe.eu,false,
2022-06-06 04:00:00,Portugal,Portugal,PT,235.12,331.03,39.76,34.65,entsoe.eu,false,
2022-06-06 05:00:00,Portugal,Portugal,PT,236.54,332.27,39.47,35.37,entsoe.eu,false,
2022-06-06 06:00:00,Portugal,Portugal,PT,219.84,310.1,44.01,38.11,entsoe.eu,false,
2022-06-06 07:00:00,Portugal,Portugal,PT,193.45,274.15,51.85,44.28,entsoe.eu,false,
2022-06-06 08:00:00,Portugal,Portugal,PT,187.9,266.94,53.31,45.76,entsoe.eu,false,
2022-06-06 09:00:00,Portugal,Portugal,PT,175.11,250.57,57.0,49.03,entsoe.eu,false,
2022-06-06 10:00:00,Portugal,Portugal,PT,177.82,253.75,56.19,48.55,entsoe.eu,false,
2022-06-06 11:00:00,Portugal,Portugal,PT,177.32,253.38,56.07,48.93,entsoe.eu,false,
2022-06-06 12:00:00,Portugal,Portugal,PT,165.99,238.75,58.64,52.15,entsoe.eu,false,
2022-06-06 13:00:00,Portugal,Portugal,PT,163.64,234.38,59.49,52.39,entsoe.eu,false,
2022-06-06 14:00:00,Portugal,Portugal,PT,164.97,235.62,59.2,51.87,entsoe.eu,false,
2022-06-06 15:00:00,Portugal,Portugal,PT,167.86,238.35,58.76,50.98,entsoe.eu,false,
2022-06-06 16:00:00,Portugal,Portugal,PT,176.62,251.25,55.58,49.35,entsoe.eu,false,
2022-06-06 17:00:00,Portugal,Portugal,PT,190.76,269.47,51.94,46.94,entsoe.eu,false,
2022-06-06 18:00:00,Portugal,Portugal,PT,203.45,281.79,50.3,45.14,entsoe.eu,false,
2022-06-06 19:00:00,Portugal,Portugal,PT,186.8,253.26,58.1,56.9,entsoe.eu,false,
2022-06-06 20:00:00,Portugal,Portugal,PT,188.02,255.82,57.21,57.18,entsoe.eu,false,
2022-06-06 21:00:00,Portugal,Portugal,PT,204.29,282.66,49.87,47.18,entsoe.eu,false,
2022-06-06 22:00:00,Portugal,Portugal,PT,229.95,313.54,45.6,41.71,entsoe.eu,false,
2022-06-06 23:00:00,Portugal,Portugal,PT,234.93,322.7,42.94,38.54,entsoe.eu,false,
2022-06-07 00:00:00,Portugal,Portugal,PT,236.07,327.31,41.17,35.97,entsoe.eu,false,
2022-06-07 01:00:00,Portugal,Portugal,PT,228.06,318.7,42.38,37.21,entsoe.eu,false,
2022-06-07 02:00:00,Portugal,Portugal,PT,236.2,329.32,39.58,34.04,entsoe.eu,false,
2022-06-07 03:00:00,Portugal,Portugal,PT,236.42,328.96,39.54,33.9,entsoe.eu,false,
2022-06-07 04:00:00,Portugal,Portugal,PT,225.58,315.7,41.61,37.78,entsoe.eu,false,
2022-06-07 05:00:00,Portugal,Portugal,PT,226.49,316.33,41.06,39.43,entsoe.eu,false,
2022-06-07 06:00:00,Portugal,Portugal,PT,223.8,312.05,42.68,38.1,entsoe.eu,false,
2022-06-07 07:00:00,Portugal,Portugal,PT,216.39,301.13,45.7,39.89,entsoe.eu,false,
2022-06-07 08:00:00,Portugal,Portugal,PT,210.67,293.76,47.6,41.72,entsoe.eu,false,
2022-06-07 09:00:00,Portugal,Portugal,PT,206.11,288.46,48.77,42.84,entsoe.eu,false,
2022-06-07 10:00:00,Portugal,Portugal,PT,197.83,277.69,50.75,45.16,entsoe.eu,false,
2022-06-07 11:00:00,Portugal,Portugal,PT,182.47,257.96,54.76,49.27,entsoe.eu,false,
2022-06-07 12:00:00,Portugal,Portugal,PT,182.81,257.88,54.94,48.7,entsoe.eu,false,
2022-06-07 13:00:00,Portugal,Portugal,PT,170.74,241.3,58.19,50.8,entsoe.eu,false,
2022-06-07 14:00:00,Portugal,Portugal,PT,170.44,241.06,58.07,50.6,entsoe.eu,false,
2022-06-07 15:00:00,Portugal,Portugal,PT,165.98,235.49,59.02,53.24,entsoe.eu,false,
2022-06-07 16:00:00,Portugal,Portugal,PT,165.14,235.27,58.38,54.06,entsoe.eu,false,
2022-06-07 17:00:00,Portugal,Portugal,PT,169.36,241.28,56.23,53.56,entsoe.eu,false,
2022-06-07 18:00:00,Portugal,Portugal,PT,165.04,233.95,57.32,56.39,entsoe.eu,false,
2022-06-07 19:00:00,Portugal,Portugal,PT,168.77,236.88,57.34,57.26,entsoe.eu,false,
2022-06-07 20:00:00,Portugal,Portugal,PT,173.9,244.49,55.7,54.38,entsoe.eu,false,
2022-06-07 21:00:00,Portugal,Portugal,PT,173.48,245.23,55.22,53.52,entsoe.eu,false,
2022-06-07 22:00:00,Portugal,Portugal,PT,184.02,259.71,52.04,49.21,entsoe.eu,false,
2022-06-07 23:00:00,Portugal,Portugal,PT,183.08,259.38,52.17,49.2,entsoe.eu,false,
2022-06-08 00:00:00,Portugal,Portugal,PT,179.86,255.7,52.85,50.17,entsoe.eu,false,
2022-06-08 01:00:00,Portugal,Portugal,PT,176.55,251.82,53.5,51.27,entsoe.eu,false,
2022-06-08 02:00:00,Portugal,Portugal,PT,178.3,254.34,52.87,50.99,entsoe.eu,false,
2022-06-08 03:00:00,Portugal,Portugal,PT,175.4,250.32,53.68,51.8,entsoe.eu,false,
2022-06-08 04:00:00,Portugal,Portugal,PT,184.92,263.33,50.42,50.27,entsoe.eu,false,
2022-06-08 05:00:00,Portugal,Portugal,PT,179.22,254.86,52.26,52.26,entsoe.eu,false,
2022-06-08 06:00:00,Portugal,Portugal,PT,165.53,238.39,55.58,55.55,entsoe.eu,false,
2022-06-08 07:00:00,Portugal,Portugal,PT,168.4,239.93,56.19,53.67,entsoe.eu,false,
2022-06-08 08:00:00,Portugal,Portugal,PT,168.2,238.61,56.77,53.19,entsoe.eu,false,
2022-06-08 09:00:00,Portugal,Portugal,PT,154.45,221.66,60.61,56.67,entsoe.eu,false,
2022-06-08 10:00:00,Portugal,Portugal,PT,152.13,218.87,60.96,57.55,entsoe.eu,false,
2022-06-08 11:00:00,Portugal,Portugal,PT,146.77,211.69,62.2,59.17,entsoe.eu,false,
2022-06-08 12:00:00,Portugal,Portugal,PT,133.32,194.14,66.14,62.38,entsoe.eu,false,
2022-06-08 13:00:00,Portugal,Portugal,PT,133.74,194.08,66.38,61.79,entsoe.eu,false,
2022-06-08 14:00:00,Portugal,Portugal,PT,147.42,211.4,62.7,58.1,entsoe.eu,false,
2022-06-08 15:00:00,Portugal,Portugal,PT,155.41,221.89,60.58,55.92,entsoe.eu,false,
2022-06-08 16:00:00,Portugal,Portugal,PT,167.67,237.94,57.2,52.84,entsoe.eu,false,
2022-06-08 17:00:00,Portugal,Portugal,PT,189.63,263.25,53.02,49.55,entsoe.eu,false,
2022-06-08 18:00:00,Portugal,Portugal,PT,195.91,268.19,53.02,49.59,entsoe.eu,false,
2022-06-08 19:00:00,Portugal,Portugal,PT,194.44,262.91,55.16,52.74,entsoe.eu,false,
2022-06-08 20:00:00,Portugal,Portugal,PT,194.77,260.03,57.16,55.99,entsoe.eu,false,
2022-06-08 21:00:00,Portugal,Portugal,PT,207.71,283.91,49.91,46.9,entsoe.eu,false,
2022-06-08 22:00:00,Portugal,Portugal,PT,219.9,301.36,46.02,41.53,entsoe.eu,false,
2022-06-08 23:00:00,Portugal,Portugal,PT,214.12,295.23,47.11,44.28,entsoe.eu,false,
2022-06-09 00:00:00,Portugal,Portugal,PT,230.63,320.2,41.08,37.59,entsoe.eu,false,
2022-06-09 01:00:00,Portugal,Portugal,PT,235.85,326.85,39.94,36.27,entsoe.eu,false,
2022-06-09 02:00:00,Portugal,Portugal,PT,236.06,329.68,38.49,34.1,entsoe.eu,false,
2022-06-09 03:00:00,Portugal,Portugal,PT,228.81,318.44,41.16,37.71,entsoe.eu,false,
2022-06-09 04:00:00,Portugal,Portugal,PT,200.08,275.83,50.99,50.99,entsoe.eu,false,
2022-06-09 05:00:00,Portugal,Portugal,PT,184.51,251.51,56.96,56.96,entsoe.eu,false,
2022-06-09 06:00:00,Portugal,Portugal,PT,186.1,254.82,55.85,55.85,entsoe.eu,false,
2022-06-09 07:00:00,Portugal,Portugal,PT,197.63,273.74,51.44,50.34,entsoe.eu,false,
2022-06-09 08:00:00,Portugal,Portugal,PT,189.38,265.91,52.5,48.77,entsoe.eu,false,
2022-06-09 09:00:00,Portugal,Portugal,PT,178.74,254.19,54.67,49.64,entsoe.eu,false,
2022-06-09 10:00:00,Portugal,Portugal,PT,174.84,248.7,56.19,51.4,entsoe.eu,false,
2022-06-09 11:00:00,Portugal,Portugal,PT,172.4,246.73,56.61,51.9,entsoe.eu,false,
2022-06-09 12:00:00,Portugal,Portugal,PT,166.78,240.28,57.71,52.63,entsoe.eu,false,
2022-06-09 13:00:00,Portugal,Portugal,PT,164.13,236.91,58.56,53.0,entsoe.eu,false,
2022-06-09 14:00:00,Portugal,Portugal,PT,166.12,238.76,58.23,52.29,entsoe.eu,false,
2022-06-09 15:00:00,Portugal,Portugal,PT,166.24,238.38,58.31,52.32,entsoe.eu,false,
2022-06-09 16:00:00,Portugal,Portugal,PT,172.68,247.4,56.33,50.98,entsoe.eu,false,
2022-06-09 17:00:00,Portugal,Portugal,PT,189.36,268.73,51.65,46.71,entsoe.eu,false,
2022-06-09 18:00:00,Portugal,Portugal,PT,186.79,255.94,57.14,54.59,entsoe.eu,false,
2022-06-09 19:00:00,Portugal,Portugal,PT,179.7,247.12,58.34,57.43,entsoe.eu,false,
2022-06-09 20:00:00,Portugal,Portugal,PT,178.82,247.26,57.85,57.13,entsoe.eu,false,
2022-06-09 21:00:00,Portugal,Portugal,PT,193.32,269.78,52.22,49.63,entsoe.eu,false,
2022-06-09 22:00:00,Portugal,Portugal,PT,197.26,276.0,51.36,47.42,entsoe.eu,false,
2022-06-09 23:00:00,Portugal,Portugal,PT,189.53,268.42,52.63,48.68,entsoe.eu,false,
2022-06-10 00:00:00,Portugal,Portugal,PT,196.31,280.4,49.19,44.04,entsoe.eu,false,
2022-06-10 01:00:00,Portugal,Portugal,PT,195.33,279.01,49.06,44.83,entsoe.eu,false,
2022-06-10 02:00:00,Portugal,Portugal,PT,196.6,281.14,48.38,45.09,entsoe.eu,false,
2022-06-10 03:00:00,Portugal,Portugal,PT,204.62,293.01,45.49,44.32,entsoe.eu,false,
2022-06-10 04:00:00,Portugal,Portugal,PT,197.34,278.75,49.25,49.25,entsoe.eu,false,
2022-06-10 05:00:00,Portugal,Portugal,PT,186.06,258.53,54.6,54.6,entsoe.eu,false,
2022-06-10 06:00:00,Portugal,Portugal,PT,189.52,264.09,53.44,53.44,entsoe.eu,false,
2022-06-10 07:00:00,Portugal,Portugal,PT,210.58,301.47,43.87,43.87,entsoe.eu,false,
2022-06-10 08:00:00,Portugal,Portugal,PT,211.5,302.54,44.22,42.88,entsoe.eu,false,
2022-06-10 09:00:00,Portugal,Portugal,PT,212.76,302.8,44.88,43.03,entsoe.eu,false,
2022-06-10 10:00:00,Portugal,Portugal,PT,212.98,302.1,45.36,42.89,entsoe.eu,false,
2022-06-10 11:00:00,Portugal,Portugal,PT,209.03,297.24,46.35,43.38,entsoe.eu,false,
2022-06-10 12:00:00,Portugal,Portugal,PT,196.5,278.86,51.16,48.81,entsoe.eu,false,
2022-06-10 13:00:00,Portugal,Portugal,PT,192.79,278.71,49.57,46.59,entsoe.eu,false,
2022-06-10 14:00:00,Portugal,Portugal,PT,191.06,276.19,49.81,47.34,entsoe.eu,false,
2022-06-10 15:00:00,Portugal,Portugal,PT,201.53,282.59,50.08,50.08,entsoe.eu,false,
2022-06-10 16:00:00,Portugal,Portugal,PT,195.21,276.4,50.79,50.79,entsoe.eu,false,
2022-06-10 17:00:00,Portugal,Portugal,PT,190.83,267.67,52.21,52.21,entsoe.eu,false,
2022-06-10 18:00:00,Portugal,Portugal,PT,183.62,253.02,56.59,56.59,entsoe.eu,false,
2022-06-10 19:00:00,Portugal,Portugal,PT,171.99,236.7,59.89,59.89,entsoe.eu,false,
2022-06-10 20:00:00,Portugal,Portugal,PT,181.09,249.16,57.37,57.37,entsoe.eu,false,
2022-06-10 21:00:00,Portugal,Portugal,PT,213.14,298.31,45.6,45.6,entsoe.eu,false,
2022-06-10 22:00:00,Portugal,Portugal,PT,206.21,292.57,46.93,43.76,entsoe.eu,false,
2022-06-10 23:00:00,Portugal,Portugal,PT,185.65,267.42,53.34,46.33,entsoe.eu,false,
2022-06-11 00:00:00,Portugal,Portugal,PT,182.54,263.76,54.51,45.99,entsoe.eu,false,
2022-06-11 01:00:00,Portugal,Portugal,PT,180.93,262.01,55.12,45.98,entsoe.eu,false,
2022-06-11 02:00:00,Portugal,Portugal,PT,175.06,254.86,56.46,47.48,entsoe.eu,false,
2022-06-11 03:00:00,Portugal,Portugal,PT,180.43,261.17,55.19,45.43,entsoe.eu,false,
2022-06-11 04:00:00,Portugal,Portugal,PT,188.98,273.19,52.81,43.59,entsoe.eu,false,
2022-06-11 05:00:00,Portugal,Portugal,PT,187.08,269.43,53.96,45.9,entsoe.eu,false,
2022-06-11 06:00:00,Portugal,Portugal,PT,167.71,246.3,58.46,49.99,entsoe.eu,false,
2022-06-11 07:00:00,Portugal,Portugal,PT,142.73,212.2,66.31,58.27,entsoe.eu,false,
2022-06-11 08:00:00,Portugal,Portugal,PT,129.08,196.71,68.42,59.14,entsoe.eu,false,
2022-06-11 09:00:00,Portugal,Portugal,PT,125.31,190.57,69.87,61.46,entsoe.eu,false,
2022-06-11 10:00:00,Portugal,Portugal,PT,124.16,188.92,70.37,62.22,entsoe.eu,false,
2022-06-11 11:00:00,Portugal,Portugal,PT,125.5,189.82,70.33,61.88,entsoe.eu,false,
2022-06-11 12:00:00,Portugal,Portugal,PT,121.71,186.44,70.58,62.27,entsoe.eu,false,
2022-06-11 13:00:00,Portugal,Portugal,PT,114.06,176.75,71.54,64.77,entsoe.eu,false,
2022-06-11 14:00:00,Portugal,Portugal,PT,124.16,187.66,70.87,64.6,entsoe.eu,false,
2022-06-11 15:00:00,Portugal,Portugal,PT,132.54,196.11,70.23,63.92,entsoe.eu,false,
2022-06-11 16:00:00,Portugal,Portugal,PT,130.87,194.24,69.78,63.55,entsoe.eu,false,
2022-06-11 17:00:00,Portugal,Portugal,PT,138.73,205.87,66.72,58.03,entsoe.eu,false,
2022-06-11 18:00:00,Portugal,Portugal,PT,139.66,199.91,69.64,61.22,entsoe.eu,false,
2022-06-11 19:00:00,Portugal,Portugal,PT,137.75,191.82,72.83,67.66,entsoe.eu,false,
2022-06-11 20:00:00,Portugal,Portugal,PT,141.47,196.95,71.94,67.24,entsoe.eu,false,
2022-06-11 21:00:00,Portugal,Portugal,PT,155.93,222.23,64.66,55.74,entsoe.eu,false,
2022-06-11 22:00:00,Portugal,Portugal,PT,138.84,203.33,67.65,55.01,entsoe.eu,false,
2022-06-11 23:00:00,Portugal,Portugal,PT,141.06,206.56,67.93,54.79,entsoe.eu,false,
2022-06-12 00:00:00,Portugal,Portugal,PT,148.23,217.78,65.39,51.39,entsoe.eu,false,
2022-06-12 01:00:00,Portugal,Portugal,PT,146.79,216.27,65.59,50.78,entsoe.eu,false,
2022-06-12 02:00:00,Portugal,Portugal,PT,147.38,217.9,65.31,50.2,entsoe.eu,false,
2022-06-12 03:00:00,Portugal,Portugal,PT,149.77,221.26,64.86,49.06,entsoe.eu,false,
2022-06-12 04:00:00,Portugal,Portugal,PT,149.61,220.17,65.09,48.9,entsoe.eu,false,
2022-06-12 05:00:00,Portugal,Portugal,PT,142.04,210.88,66.71,52.53,entsoe.eu,false,
2022-06-12 06:00:00,Portugal,Portugal,PT,121.61,185.81,71.44,58.22,entsoe.eu,false,
2022-06-12 07:00:00,Portugal,Portugal,PT,111.45,171.34,73.92,60.8,entsoe.eu,false,
2022-06-12 08:00:00,Portugal,Portugal,PT,101.2,158.89,76.32,63.54,entsoe.eu,false,
2022-06-12 09:00:00,Portugal,Portugal,PT,98.6,155.74,76.92,64.55,entsoe.eu,false,
2022-06-12 10:00:00,Portugal,Portugal,PT,97.46,154.02,77.22,65.33,entsoe.eu,false,
2022-06-12 11:00:00,Portugal,Portugal,PT,92.6,147.69,78.44,66.7,entsoe.eu,false,
2022-06-12 12:00:00,Portugal,Portugal,PT,91.11,146.06,78.86,67.3,entsoe.eu,false,
2022-06-12 13:00:00,Portugal,Portugal,PT,90.87,145.47,78.94,67.32,entsoe.eu,false,
2022-06-12 14:00:00,Portugal,Portugal,PT,97.76,153.85,77.12,65.7,entsoe.eu,false,
2022-06-12 15:00:00,Portugal,Portugal,PT,98.43,155.05,76.99,65.5,entsoe.eu,false,
2022-06-12 16:00:00,Portugal,Portugal,PT,114.34,175.92,72.8,62.56,entsoe.eu,false,
2022-06-12 17:00:00,Portugal,Portugal,PT,125.54,188.82,70.22,59.09,entsoe.eu,false,
2022-06-12 18:00:00,Portugal,Portugal,PT,143.28,203.21,69.61,60.09,entsoe.eu,false,
2022-06-12 19:00:00,Portugal,Portugal,PT,148.78,201.5,72.84,67.24,entsoe.eu,false,
2022-06-12 20:00:00,Portugal,Portugal,PT,148.84,199.46,74.09,70.67,entsoe.eu,false,
2022-06-12 21:00:00,Portugal,Portugal,PT,158.31,219.81,67.57,58.59,entsoe.eu,false,
2022-06-12 22:00:00,Portugal,Portugal,PT,165.98,234.25,63.38,50.42,entsoe.eu,false,
2022-06-12 23:00:00,Portugal,Portugal,PT,164.82,237.01,61.41,45.99,entsoe.eu,false,
2022-06-13 00:00:00,Portugal,Portugal,PT,158.53,229.06,62.67,46.34,entsoe.eu,false,
2022-06-13 01:00:00,Portugal,Portugal,PT,166.07,238.84,60.54,44.68,entsoe.eu,false,
2022-06-13 02:00:00,Portugal,Portugal,PT,176.57,251.23,57.8,42.68,entsoe.eu,false,
2022-06-13 03:00:00,Portugal,Portugal,PT,189.87,267.94,54.1,40.85,entsoe.eu,false,
2022-06-13 04:00:00,Portugal,Portugal,PT,204.18,286.85,49.88,41.55,entsoe.eu,false,
2022-06-13 05:00:00,Portugal,Portugal,PT,213.38,300.52,45.51,41.17,entsoe.eu,false,
2022-06-13 06:00:00,Portugal,Portugal,PT,212.98,300.07,45.19,41.69,entsoe.eu,false,
2022-06-13 07:00:00,Portugal,Portugal,PT,211.93,297.37,46.01,41.83,entsoe.eu,false,
2022-06-13 08:00:00,Portugal,Portugal,PT,207.56,291.52,47.26,42.91,entsoe.eu,false,
2022-06-13 09:00:00,Portugal,Portugal,PT,198.94,280.42,49.6,45.79,entsoe.eu,false,
2022-06-13 10:00:00,Portugal,Portugal,PT,187.88,265.4,52.93,49.78,entsoe.eu,false,
2022-06-13 11:00:00,Portugal,Portugal,PT,180.24,256.94,54.33,51.06,entsoe.eu,false,
2022-06-13 12:00:00,Portugal,Portugal,PT,182.79,259.95,53.54,49.82,entsoe.eu,false,
2022-06-13 13:00:00,Portugal,Portugal,PT,179.35,254.43,54.84,51.53,entsoe.eu,false,
2022-06-13 14:00:00,Portugal,Portugal,PT,181.04,254.36,55.9,53.15,entsoe.eu,false,
2022-06-13 15:00:00,Portugal,Portugal,PT,182.63,254.7,56.38,54.02,entsoe.eu,false,
2022-06-13 16:00:00,Portugal,Portugal,PT,195.21,271.48,53.0,49.77,entsoe.eu,false,
2022-06-13 17:00:00,Portugal,Portugal,PT,205.75,279.33,53.2,50.96,entsoe.eu,false,
2022-06-13 18:00:00,Portugal,Portugal,PT,194.33,263.47,55.87,55.66,entsoe.eu,false,
2022-06-13 19:00:00,Portugal,Portugal,PT,197.08,265.91,55.68,55.68,entsoe.eu,false,
2022-06-13 20:00:00,Portugal,Portugal,PT,216.72,291.7,50.72,49.57,entsoe.eu,false,
2022-06-13 21:00:00,Portugal,Portugal,PT,219.8,295.46,50.12,48.99,entsoe.eu,false,
2022-06-13 22:00:00,Portugal,Portugal,PT,236.64,324.11,42.44,38.79,entsoe.eu,false,
2022-06-13 23:00:00,Portugal,Portugal,PT,255.27,351.35,36.73,30.07,entsoe.eu,false,
2022-06-14 00:00:00,Portugal,Portugal,PT,260.98,359.23,35.34,26.99,entsoe.eu,false,
2022-06-14 01:00:00,Portugal,Portugal,PT,266.98,367.12,33.95,25.46,entsoe.eu,false,
2022-06-14 02:00:00,Portugal,Portugal,PT,260.11,358.87,35.3,27.68,entsoe.eu,false,
2022-06-14 03:00:00,Portugal,Portugal,PT,258.77,357.92,35.03,28.31,entsoe.eu,false,
2022-06-14 04:00:00,Portugal,Portugal,PT,244.36,338.17,38.79,35.68,entsoe.eu,false,
2022-06-14 05:00:00,Portugal,Portugal,PT,231.84,320.76,42.34,42.13,entsoe.eu,false,
2022-06-14 06:00:00,Portugal,Portugal,PT,216.87,300.72,46.29,46.29,entsoe.eu,false,
2022-06-14 07:00:00,Portugal,Portugal,PT,216.48,298.75,47.21,45.7,entsoe.eu,false,
2022-06-14 08:00:00,Portugal,Portugal,PT,213.1,296.59,47.05,43.89,entsoe.eu,false,
2022-06-14 09:00:00,Portugal,Portugal,PT,206.28,289.14,48.49,44.37,entsoe.eu,false,
2022-06-14 10:00:00,Portugal,Portugal,PT,206.1,288.85,48.59,44.21,entsoe.eu,false,
2022-06-14 11:00:00,Portugal,Portugal,PT,204.4,287.57,48.78,44.32,entsoe.eu,false,
2022-06-14 12:00:00,Portugal,Portugal,PT,203.15,285.9,49.08,44.59,entsoe.eu,false,
2022-06-14 13:00:00,Portugal,Portugal,PT,210.07,294.32,47.5,43.22,entsoe.eu,false,
2022-06-14 14:00:00,Portugal,Portugal,PT,213.03,297.17,47.6,42.99,entsoe.eu,false,
2022-06-14 15:00:00,Portugal,Portugal,PT,221.35,306.25,46.27,41.51,entsoe.eu,false,
2022-06-14 16:00:00,Portugal,Portugal,PT,236.63,325.18,42.63,37.75,entsoe.eu,false,
2022-06-14 17:00:00,Portugal,Portugal,PT,233.22,315.62,45.77,42.08,entsoe.eu,false,
2022-06-14 18:00:00,Portugal,Portugal,PT,207.39,278.18,53.98,52.71,entsoe.eu,false,
2022-06-14 19:00:00,Portugal,Portugal,PT,192.27,259.45,56.95,56.95,entsoe.eu,false,
2022-06-14 20:00:00,Portugal,Portugal,PT,221.1,302.13,46.56,44.06,entsoe.eu,false,
2022-06-14 21:00:00,Portugal,Portugal,PT,243.09,329.51,42.07,37.2,entsoe.eu,false,
2022-06-14 22:00:00,Portugal,Portugal,PT,243.4,330.29,42.36,37.26,entsoe.eu,false,
2022-06-14 23:00:00,Portugal,Portugal,PT,253.71,343.44,39.48,34.11,entsoe.eu,false,
2022-06-15 00:00:00,Portugal,Portugal,PT,271.25,369.27,33.44,27.36,entsoe.eu,false,
2022-06-15 01:00:00,Portugal,Portugal,PT,275.29,374.46,32.69,26.09,entsoe.eu,false,
2022-06-15 02:00:00,Portugal,Portugal,PT,269.5,367.81,33.87,27.51,entsoe.eu,false,
2022-06-15 03:00:00,Portugal,Portugal,PT,254.8,349.45,36.93,31.56,entsoe.eu,false,
2022-06-15 04:00:00,Portugal,Portugal,PT,247.35,340.52,37.7,33.6,entsoe.eu,false,
2022-06-15 05:00:00,Portugal,Portugal,PT,208.58,292.67,45.71,44.02,entsoe.eu,false,
2022-06-15 06:00:00,Portugal,Portugal,PT,216.08,302.71,44.49,42.05,entsoe.eu,false,
2022-06-15 07:00:00,Portugal,Portugal,PT,222.3,305.42,46.28,42.45,entsoe.eu,false,
2022-06-15 08:00:00,Portugal,Portugal,PT,226.11,309.24,46.4,41.55,entsoe.eu,false,
2022-06-15 09:00:00,Portugal,Portugal,PT,220.63,304.24,46.63,41.42,entsoe.eu,false,
2022-06-15 10:00:00,Portugal,Portugal,PT,217.3,300.88,46.86,41.75,entsoe.eu,false,
2022-06-15 11:00:00,Portugal,Portugal,PT,197.15,275.57,51.64,47.28,entsoe.eu,false,
2022-06-15 12:00:00,Portugal,Portugal,PT,199.45,279.49,50.86,46.54,entsoe.eu,false,
2022-06-15 13:00:00,Portugal,Portugal,PT,204.17,284.24,49.8,45.29,entsoe.eu,false,
2022-06-15 14:00:00,Portugal,Portugal,PT,207.59,287.46,49.33,44.76,entsoe.eu,false,
2022-06-15 15:00:00,Portugal,Portugal,PT,210.59,291.63,48.25,43.69,entsoe.eu,false,
2022-06-15 16:00:00,Portugal,Portugal,PT,207.32,287.3,49.15,44.61,entsoe.eu,false,
2022-06-15 17:00:00,Portugal,Portugal,PT,212.44,294.2,47.5,43.12,entsoe.eu,false,
2022-06-15 18:00:00,Portugal,Portugal,PT,196.59,273.8,51.1,48.16,entsoe.eu,false,
2022-06-15 19:00:00,Portugal,Portugal,PT,200.47,278.69,50.0,47.24,entsoe.eu,false,
2022-06-15 20:00:00,Portugal,Portugal,PT,198.82,277.36,50.03,46.95,entsoe.eu,false,
2022-06-15 21:00:00,Portugal,Portugal,PT,188.11,264.21,52.34,49.57,entsoe.eu,false,
2022-06-15 22:00:00,Portugal,Portugal,PT,189.68,266.89,51.73,49.14,entsoe.eu,false,
2022-06-15 23:00:00,Portugal,Portugal,PT,185.87,264.71,52.2,50.13,entsoe.eu,false,
2022-06-16 00:00:00,Portugal,Portugal,PT,206.8,287.53,49.05,44.53,entsoe.eu,false,
2022-06-16 01:00:00,Portugal,Portugal,PT,220.59,303.96,46.09,40.82,entsoe.eu,false,
2022-06-16 02:00:00,Portugal,Portugal,PT,226.78,312.0,44.58,39.12,entsoe.eu,false,
2022-06-16 03:00:00,Portugal,Portugal,PT,231.9,319.08,43.25,37.72,entsoe.eu,false,
2022-06-16 04:00:00,Portugal,Portugal,PT,237.59,327.56,41.37,36.28,entsoe.eu,false,
2022-06-16 05:00:00,Portugal,Portugal,PT,235.84,329.99,39.16,36.75,entsoe.eu,false,
2022-06-16 06:00:00,Portugal,Portugal,PT,235.18,329.92,39.11,36.94,entsoe.eu,false,
2022-06-16 07:00:00,Portugal,Portugal,PT,255.46,354.54,35.31,31.57,entsoe.eu,false,
2022-06-16 08:00:00,Portugal,Portugal,PT,252.02,349.26,36.84,32.52,entsoe.eu,false,
2022-06-16 09:00:00,Portugal,Portugal,PT,235.51,327.25,41.82,36.97,entsoe.eu,false,
2022-06-16 10:00:00,Portugal,Portugal,PT,222.22,310.6,44.8,40.59,entsoe.eu,false,
2022-06-16 11:00:00,Portugal,Portugal,PT,219.16,306.85,45.46,41.73,entsoe.eu,false,
2022-06-16 12:00:00,Portugal,Portugal,PT,228.8,320.19,42.68,38.9,entsoe.eu,false,
2022-06-16 13:00:00,Portugal,Portugal,PT,225.84,315.87,44.22,39.53,entsoe.eu,false,
2022-06-16 14:00:00,Portugal,Portugal,PT,229.64,321.46,42.5,38.2,entsoe.eu,false,
2022-06-16 15:00:00,Portugal,Portugal,PT,239.6,335.02,39.42,35.58,entsoe.eu,false,
2022-06-16 16:00:00,Portugal,Portugal,PT,242.23,336.67,39.78,35.19,entsoe.eu,false,
2022-06-16 17:00:00,Portugal,Portugal,PT,262.04,360.5,34.95,30.14,entsoe.eu,false,
2022-06-16 18:00:00,Portugal,Portugal,PT,254.27,346.92,38.79,34.99,entsoe.eu,false,
2022-06-16 19:00:00,Portugal,Portugal,PT,233.63,317.52,45.69,42.96,entsoe.eu,false,
2022-06-16 20:00:00,Portugal,Portugal,PT,239.96,325.12,44.58,41.67,entsoe.eu,false,
2022-06-16 21:00:00,Portugal,Portugal,PT,263.99,362.5,34.99,29.53,entsoe.eu,false,
2022-06-16 22:00:00,Portugal,Portugal,PT,243.19,336.32,40.01,35.01,entsoe.eu,false,
2022-06-16 23:00:00,Portugal,Portugal,PT,216.13,302.14,46.92,42.15,entsoe.eu,false,
2022-06-17 00:00:00,Portugal,Portugal,PT,195.54,272.87,53.42,47.54,entsoe.eu,false,
2022-06-17 01:00:00,Portugal,Portugal,PT,183.23,255.61,57.39,50.83,entsoe.eu,false,
2022-06-17 02:00:00,Portugal,Portugal,PT,184.97,259.13,55.89,50.43,entsoe.eu,false,
2022-06-17 03:00:00,Portugal,Portugal,PT,165.51,239.04,58.38,55.68,entsoe.eu,false,
2022-06-17 04:00:00,Portugal,Portugal,PT,150.66,223.41,60.98,59.66,entsoe.eu,false,
2022-06-17 05:00:00,Portugal,Portugal,PT,148.68,221.06,61.53,60.23,entsoe.eu,false,
2022-06-17 06:00:00,Portugal,Portugal,PT,173.66,251.66,54.9,53.53,entsoe.eu,false,
2022-06-17 07:00:00,Portugal,Portugal,PT,183.85,261.91,54.09,50.91,entsoe.eu,false,
2022-06-17 08:00:00,Portugal,Portugal,PT,184.29,262.33,54.05,50.75,entsoe.eu,false,
2022-06-17 09:00:00,Portugal,Portugal,PT,185.46,263.32,53.94,50.44,entsoe.eu,false,
2022-06-17 10:00:00,Portugal,Portugal,PT,185.39,263.52,53.51,50.41,entsoe.eu,false,
2022-06-17 11:00:00,Portugal,Portugal,PT,191.89,271.31,52.35,49.79,entsoe.eu,false,
2022-06-17 12:00:00,Portugal,Portugal,PT,192.27,273.69,51.39,48.5,entsoe.eu,false,
2022-06-17 13:00:00,Portugal,Portugal,PT,193.08,273.64,51.84,48.39,entsoe.eu,false,
2022-06-17 14:00:00,Portugal,Portugal,PT,189.74,265.57,54.84,52.63,entsoe.eu,false,
2022-06-17 15:00:00,Portugal,Portugal,PT,199.27,278.77,51.92,49.11,entsoe.eu,false,
2022-06-17 16:00:00,Portugal,Portugal,PT,218.23,303.43,46.78,43.4,entsoe.eu,false,
2022-06-17 17:00:00,Portugal,Portugal,PT,230.55,317.57,44.37,41.0,entsoe.eu,false,
2022-06-17 18:00:00,Portugal,Portugal,PT,224.98,302.78,50.18,47.87,entsoe.eu,false,
2022-06-17 19:00:00,Portugal,Portugal,PT,206.49,277.0,55.51,54.71,entsoe.eu,false,
2022-06-17 20:00:00,Portugal,Portugal,PT,213.42,286.03,53.76,52.96,entsoe.eu,false,
2022-06-17 21:00:00,Portugal,Portugal,PT,232.68,313.86,47.5,45.35,entsoe.eu,false,
2022-06-17 22:00:00,Portugal,Portugal,PT,193.73,259.42,60.28,60.28,entsoe.eu,false,
2022-06-17 23:00:00,Portugal,Portugal,PT,198.14,271.23,57.35,55.63,entsoe.eu,false,
2022-06-18 00:00:00,Portugal,Portugal,PT,214.02,292.28,53.68,50.11,entsoe.eu,false,
2022-06-18 01:00:00,Portugal,Portugal,PT,223.61,312.38,47.23,41.48,entsoe.eu,false,
2022-06-18 02:00:00,Portugal,Portugal,PT,221.55,311.72,46.6,40.07,entsoe.eu,false,
2022-06-18 03:00:00,Portugal,Portugal,PT,225.51,315.7,47.1,39.45,entsoe.eu,false,
2022-06-18 04:00:00,Portugal,Portugal,PT,228.98,316.48,48.21,41.56,entsoe.eu,false,
2022-06-18 05:00:00,Portugal,Portugal,PT,216.78,300.93,50.5,45.75,entsoe.eu,false,
2022-06-18 06:00:00,Portugal,Portugal,PT,213.82,297.87,50.81,44.82,entsoe.eu,false,
2022-06-18 07:00:00,Portugal,Portugal,PT,201.26,282.32,53.82,47.62,entsoe.eu,false,
2022-06-18 08:00:00,Portugal,Portugal,PT,181.03,255.78,59.01,53.3,entsoe.eu,false,
2022-06-18 09:00:00,Portugal,Portugal,PT,165.03,238.79,61.07,55.35,entsoe.eu,false,
2022-06-18 10:00:00,Portugal,Portugal,PT,155.87,225.95,63.38,56.81,entsoe.eu,false,
2022-06-18 11:00:00,Portugal,Portugal,PT,147.41,213.87,66.07,58.91,entsoe.eu,false,
2022-06-18 12:00:00,Portugal,Portugal,PT,141.21,205.93,67.45,60.65,entsoe.eu,false,
2022-06-18 13:00:00,Portugal,Portugal,PT,131.41,192.26,69.96,63.15,entsoe.eu,false,
2022-06-18 14:00:00,Portugal,Portugal,PT,135.09,196.62,68.95,62.13,entsoe.eu,false,
2022-06-18 15:00:00,Portugal,Portugal,PT,141.91,205.73,67.3,60.35,entsoe.eu,false,
2022-06-18 16:00:00,Portugal,Portugal,PT,139.33,201.85,67.68,61.21,entsoe.eu,false,
2022-06-18 17:00:00,Portugal,Portugal,PT,150.05,215.28,64.86,58.37,entsoe.eu,false,
2022-06-18 18:00:00,Portugal,Portugal,PT,160.41,229.48,62.01,57.34,entsoe.eu,false,
2022-06-18 19:00:00,Portugal,Portugal,PT,152.96,208.32,70.2,69.26,entsoe.eu,false,
2022-06-18 20:00:00,Portugal,Portugal,PT,164.89,225.09,66.82,65.62,entsoe.eu,false,
2022-06-18 21:00:00,Portugal,Portugal,PT,176.34,239.91,64.18,61.84,entsoe.eu,false,
2022-06-18 22:00:00,Portugal,Portugal,PT,179.51,246.28,63.29,58.83,entsoe.eu,false,
2022-06-18 23:00:00,Portugal,Portugal,PT,188.7,262.85,58.66,51.24,entsoe.eu,false,
2022-06-19 00:00:00,Portugal,Portugal,PT,188.66,266.13,56.68,48.65,entsoe.eu,false,
2022-06-19 01:00:00,Portugal,Portugal,PT,183.97,260.79,58.25,49.86,entsoe.eu,false,
2022-06-19 02:00:00,Portugal,Portugal,PT,206.78,289.96,52.73,42.25,entsoe.eu,false,
2022-06-19 03:00:00,Portugal,Portugal,PT,217.31,301.1,51.18,37.37,entsoe.eu,false,
2022-06-19 04:00:00,Portugal,Portugal,PT,218.0,301.92,51.0,36.74,entsoe.eu,false,
2022-06-19 05:00:00,Portugal,Portugal,PT,214.95,300.49,51.3,38.99,entsoe.eu,false,
2022-06-19 06:00:00,Portugal,Portugal,PT,196.13,275.62,55.91,44.26,entsoe.eu,false,
2022-06-19 07:00:00,Portugal,Portugal,PT,166.09,237.49,62.77,52.09,entsoe.eu,false,
2022-06-19 08:00:00,Portugal,Portugal,PT,142.19,205.92,68.75,58.53,entsoe.eu,false,
2022-06-19 09:00:00,Portugal,Portugal,PT,127.4,187.03,72.28,62.27,entsoe.eu,false,
2022-06-19 10:00:00,Portugal,Portugal,PT,127.84,187.51,71.28,61.41,entsoe.eu,false,
2022-06-19 11:00:00,Portugal,Portugal,PT,117.53,174.74,73.46,63.96,entsoe.eu,false,
2022-06-19 12:00:00,Portugal,Portugal,PT,107.8,162.59,75.74,66.74,entsoe.eu,false,
2022-06-19 13:00:00,Portugal,Portugal,PT,103.38,157.32,76.47,67.71,entsoe.eu,false,
2022-06-19 14:00:00,Portugal,Portugal,PT,99.31,152.23,77.53,68.78,entsoe.eu,false,
2022-06-19 15:00:00,Portugal,Portugal,PT,107.82,161.89,75.65,67.11,entsoe.eu,false,
2022-06-19 16:00:00,Portugal,Portugal,PT,126.95,185.31,70.77,62.64,entsoe.eu,false,
2022-06-19 17:00:00,Portugal,Portugal,PT,138.89,200.39,67.8,60.34,entsoe.eu,false,
2022-06-19 18:00:00,Portugal,Portugal,PT,158.42,226.59,62.39,56.16,entsoe.eu,false,
2022-06-19 19:00:00,Portugal,Portugal,PT,163.73,226.76,64.34,61.49,entsoe.eu,false,
2022-06-19 20:00:00,Portugal,Portugal,PT,153.32,209.15,69.19,69.19,entsoe.eu,false,
2022-06-19 21:00:00,Portugal,Portugal,PT,155.81,214.43,67.78,67.78,entsoe.eu,false,
2022-06-19 22:00:00,Portugal,Portugal,PT,179.27,254.39,56.61,53.39,entsoe.eu,false,
2022-06-19 23:00:00,Portugal,Portugal,PT,195.96,277.72,51.1,47.06,entsoe.eu,false,
2022-06-20 00:00:00,Portugal,Portugal,PT,198.2,280.85,50.66,46.45,entsoe.eu,false,
2022-06-20 01:00:00,Portugal,Portugal,PT,201.45,285.9,49.55,45.6,entsoe.eu,false,
2022-06-20 02:00:00,Portugal,Portugal,PT,199.86,284.44,49.73,46.08,entsoe.eu,false,
2022-06-20 03:00:00,Portugal,Portugal,PT,200.4,286.23,48.51,46.0,entsoe.eu,false,
2022-06-20 04:00:00,Portugal,Portugal,PT,198.36,278.15,52.23,52.23,entsoe.eu,false,
2022-06-20 05:00:00,Portugal,Portugal,PT,203.93,277.17,54.54,54.54,entsoe.eu,false,
2022-06-20 06:00:00,Portugal,Portugal,PT,209.54,286.17,52.14,52.14,entsoe.eu,false,
2022-06-20 07:00:00,Portugal,Portugal,PT,217.75,302.47,46.5,43.87,entsoe.eu,false,
2022-06-20 08:00:00,Portugal,Portugal,PT,212.18,296.39,47.27,43.21,entsoe.eu,false,
2022-06-20 09:00:00,Portugal,Portugal,PT,196.55,276.49,50.86,46.95,entsoe.eu,false,
2022-06-20 10:00:00,Portugal,Portugal,PT,185.99,262.49,53.71,50.36,entsoe.eu,false,
2022-06-20 11:00:00,Portugal,Portugal,PT,178.08,252.0,55.78,51.86,entsoe.eu,false,
2022-06-20 12:00:00,Portugal,Portugal,PT,172.12,242.53,58.22,53.34,entsoe.eu,false,
2022-06-20 13:00:00,Portugal,Portugal,PT,170.44,239.6,59.01,53.52,entsoe.eu,false,
2022-06-20 14:00:00,Portugal,Portugal,PT,173.01,242.63,58.34,52.53,entsoe.eu,false,
2022-06-20 15:00:00,Portugal,Portugal,PT,173.76,243.9,57.88,51.49,entsoe.eu,false,
2022-06-20 16:00:00,Portugal,Portugal,PT,182.86,255.68,55.38,48.88,entsoe.eu,false,
2022-06-20 17:00:00,Portugal,Portugal,PT,209.2,290.89,47.72,43.03,entsoe.eu,false,
2022-06-20 18:00:00,Portugal,Portugal,PT,213.27,291.44,49.24,45.86,entsoe.eu,false,
2022-06-20 19:00:00,Portugal,Portugal,PT,199.89,265.77,57.2,57.04,entsoe.eu,false,
2022-06-20 20:00:00,Portugal,Portugal,PT,202.45,268.85,56.76,56.76,entsoe.eu,false,
2022-06-20 21:00:00,Portugal,Portugal,PT,241.22,322.84,45.13,41.71,entsoe.eu,false,
2022-06-20 22:00:00,Portugal,Portugal,PT,251.33,338.92,41.19,37.72,entsoe.eu,false,
2022-06-20 23:00:00,Portugal,Portugal,PT,261.18,358.09,35.34,30.22,entsoe.eu,false,
2022-06-21 00:00:00,Portugal,Portugal,PT,266.07,366.14,33.11,28.31,entsoe.eu,false,
2022-06-21 01:00:00,Portugal,Portugal,PT,273.45,376.87,30.53,25.59,entsoe.eu,false,
2022-06-21 02:00:00,Portugal,Portugal,PT,276.59,380.72,29.88,24.85,entsoe.eu,false,
2022-06-21 03:00:00,Portugal,Portugal,PT,271.44,371.06,32.88,29.46,entsoe.eu,false,
2022-06-21 04:00:00,Portugal,Portugal,PT,258.46,350.3,38.72,37.47,entsoe.eu,false,
2022-06-21 05:00:00,Portugal,Portugal,PT,241.77,324.3,45.27,45.27,entsoe.eu,false,
2022-06-21 06:00:00,Portugal,Portugal,PT,234.02,314.66,47.11,46.72,entsoe.eu,false,
2022-06-21 07:00:00,Portugal,Portugal,PT,232.45,314.43,46.22,43.86,entsoe.eu,false,
2022-06-21 08:00:00,Portugal,Portugal,PT,220.77,301.36,48.1,45.15,entsoe.eu,false,
2022-06-21 09:00:00,Portugal,Portugal,PT,215.81,297.0,48.32,44.93,entsoe.eu,false,
2022-06-21 10:00:00,Portugal,Portugal,PT,223.07,307.94,45.78,41.16,entsoe.eu,false,
2022-06-21 11:00:00,Portugal,Portugal,PT,214.18,295.67,48.95,43.7,entsoe.eu,false,
2022-06-21 12:00:00,Portugal,Portugal,PT,214.26,294.76,49.24,44.48,entsoe.eu,false,
2022-06-21 13:00:00,Portugal,Portugal,PT,212.15,295.72,47.57,41.76,entsoe.eu,false,
2022-06-21 14:00:00,Portugal,Portugal,PT,209.18,291.19,48.49,42.31,entsoe.eu,false,
2022-06-21 15:00:00,Portugal,Portugal,PT,204.17,283.84,50.04,43.18,entsoe.eu,false,
2022-06-21 16:00:00,Portugal,Portugal,PT,211.16,291.46,48.73,41.17,entsoe.eu,false,
2022-06-21 17:00:00,Portugal,Portugal,PT,220.69,303.84,45.98,38.81,entsoe.eu,false,
2022-06-21 18:00:00,Portugal,Portugal,PT,233.73,321.42,42.14,35.3,entsoe.eu,false,
2022-06-21 19:00:00,Portugal,Portugal,PT,230.23,311.29,46.43,40.98,entsoe.eu,false,
2022-06-21 20:00:00,Portugal,Portugal,PT,239.01,323.45,43.74,38.34,entsoe.eu,false,
2022-06-21 21:00:00,Portugal,Portugal,PT,248.73,340.23,39.04,31.89,entsoe.eu,false,
2022-06-21 22:00:00,Portugal,Portugal,PT,256.14,351.44,36.33,29.1,entsoe.eu,false,
2022-06-21 23:00:00,Portugal,Portugal,PT,251.68,348.0,37.11,30.28,entsoe.eu,false,
2022-06-22 00:00:00,Portugal,Portugal,PT,258.89,357.93,34.87,28.44,entsoe.eu,false,
2022-06-22 01:00:00,Portugal,Portugal,PT,265.41,366.77,33.06,26.55,entsoe.eu,false,
2022-06-22 02:00:00,Portugal,Portugal,PT,269.8,372.71,32.12,26.0,entsoe.eu,false,
2022-06-22 03:00:00,Portugal,Portugal,PT,270.21,374.16,31.84,26.04,entsoe.eu,false,
2022-06-22 04:00:00,Portugal,Portugal,PT,270.84,375.01,31.39,25.92,entsoe.eu,false,
2022-06-22 05:00:00,Portugal,Portugal,PT,258.02,356.31,35.04,31.12,entsoe.eu,false,
2022-06-22 06:00:00,Portugal,Portugal,PT,254.79,351.15,36.5,32.33,entsoe.eu,false,
2022-06-22 07:00:00,Portugal,Portugal,PT,247.55,340.23,38.93,32.54,entsoe.eu,false,
2022-06-22 08:00:00,Portugal,Portugal,PT,240.22,329.84,41.46,34.63,entsoe.eu,false,
2022-06-22 09:00:00,Portugal,Portugal,PT,236.34,326.71,41.52,34.23,entsoe.eu,false,
2022-06-22 10:00:00,Portugal,Portugal,PT,226.42,313.49,44.25,37.33,entsoe.eu,false,
2022-06-22 11:00:00,Portugal,Portugal,PT,222.3,309.89,45.01,38.03,entsoe.eu,false,
2022-06-22 12:00:00,Portugal,Portugal,PT,215.21,299.24,47.53,39.64,entsoe.eu,false,
2022-06-22 13:00:00,Portugal,Portugal,PT,207.53,287.82,49.86,41.47,entsoe.eu,false,
2022-06-22 14:00:00,Portugal,Portugal,PT,201.44,279.96,51.44,43.06,entsoe.eu,false,
2022-06-22 15:00:00,Portugal,Portugal,PT,200.0,277.87,51.92,43.42,entsoe.eu,false,
2022-06-22 16:00:00,Portugal,Portugal,PT,210.64,291.74,49.11,40.54,entsoe.eu,false,
2022-06-22 17:00:00,Portugal,Portugal,PT,230.06,317.86,43.34,35.87,entsoe.eu,false,
2022-06-22 18:00:00,Portugal,Portugal,PT,239.32,326.02,43.21,37.55,entsoe.eu,false,
2022-06-22 19:00:00,Portugal,Portugal,PT,228.87,305.32,49.83,47.11,entsoe.eu,false,
2022-06-22 20:00:00,Portugal,Portugal,PT,231.15,308.18,49.47,47.25,entsoe.eu,false,
2022-06-22 21:00:00,Portugal,Portugal,PT,259.32,349.28,39.6,34.7,entsoe.eu,false,
2022-06-22 22:00:00,Portugal,Portugal,PT,265.65,355.7,39.56,34.96,entsoe.eu,false,
2022-06-22 23:00:00,Portugal,Portugal,PT,286.76,392.02,29.32,21.89,entsoe.eu,false,
2022-06-23 00:00:00,Portugal,Portugal,PT,290.16,396.84,28.45,19.3,entsoe.eu,false,
2022-06-23 01:00:00,Portugal,Portugal,PT,291.25,398.42,28.04,18.95,entsoe.eu,false,
2022-06-23 02:00:00,Portugal,Portugal,PT,288.44,395.45,28.42,19.74,entsoe.eu,false,
2022-06-23 03:00:00,Portugal,Portugal,PT,282.44,387.43,30.24,21.55,entsoe.eu,false,
2022-06-23 04:00:00,Portugal,Portugal,PT,284.96,390.33,29.22,21.24,entsoe.eu,false,
2022-06-23 05:00:00,Portugal,Portugal,PT,287.89,394.86,27.66,20.96,entsoe.eu,false,
2022-06-23 06:00:00,Portugal,Portugal,PT,263.61,361.86,35.2,28.47,entsoe.eu,false,
2022-06-23 07:00:00,Portugal,Portugal,PT,258.29,354.1,36.91,29.09,entsoe.eu,false,
2022-06-23 08:00:00,Portugal,Portugal,PT,235.75,325.14,42.83,35.1,entsoe.eu,false,
2022-06-23 09:00:00,Portugal,Portugal,PT,230.01,317.52,44.32,36.27,entsoe.eu,false,
2022-06-23 10:00:00,Portugal,Portugal,PT,220.55,305.44,46.62,38.65,entsoe.eu,false,
2022-06-23 11:00:00,Portugal,Portugal,PT,208.64,289.65,50.08,41.97,entsoe.eu,false,
2022-06-23 12:00:00,Portugal,Portugal,PT,206.14,285.08,51.17,42.48,entsoe.eu,false,
2022-06-23 13:00:00,Portugal,Portugal,PT,200.44,277.44,52.69,43.97,entsoe.eu,false,
2022-06-23 14:00:00,Portugal,Portugal,PT,192.53,267.42,54.56,46.31,entsoe.eu,false,
2022-06-23 15:00:00,Portugal,Portugal,PT,193.3,268.0,54.3,46.09,entsoe.eu,false,
2022-06-23 16:00:00,Portugal,Portugal,PT,195.35,270.94,53.69,45.44,entsoe.eu,false,
2022-06-23 17:00:00,Portugal,Portugal,PT,205.23,284.29,50.61,43.04,entsoe.eu,false,
2022-06-23 18:00:00,Portugal,Portugal,PT,222.65,307.77,45.7,38.73,entsoe.eu,false,
2022-06-23 19:00:00,Portugal,Portugal,PT,231.55,317.37,44.73,38.39,entsoe.eu,false,
2022-06-23 20:00:00,Portugal,Portugal,PT,232.42,314.2,47.04,42.38,entsoe.eu,false,
2022-06-23 21:00:00,Portugal,Portugal,PT,253.86,348.0,38.27,31.24,entsoe.eu,false,
2022-06-23 22:00:00,Portugal,Portugal,PT,237.11,321.9,45.19,41.25,entsoe.eu,false,
2022-06-23 23:00:00,Portugal,Portugal,PT,247.14,343.9,37.46,31.99,entsoe.eu,false,
2022-06-24 00:00:00,Portugal,Portugal,PT,240.64,335.38,39.39,33.41,entsoe.eu,false,
2022-06-24 01:00:00,Portugal,Portugal,PT,238.59,334.36,39.01,34.25,entsoe.eu,false,
2022-06-24 02:00:00,Portugal,Portugal,PT,226.81,320.08,41.8,37.37,entsoe.eu,false,
2022-06-24 03:00:00,Portugal,Portugal,PT,224.51,316.26,42.74,37.72,entsoe.eu,false,
2022-06-24 04:00:00,Portugal,Portugal,PT,229.31,322.58,41.01,36.72,entsoe.eu,false,
2022-06-24 05:00:00,Portugal,Portugal,PT,221.57,313.64,42.58,39.82,entsoe.eu,false,
2022-06-24 06:00:00,Portugal,Portugal,PT,220.29,311.54,43.09,39.85,entsoe.eu,false,
2022-06-24 07:00:00,Portugal,Portugal,PT,186.63,265.94,53.77,46.75,entsoe.eu,false,
2022-06-24 08:00:00,Portugal,Portugal,PT,161.59,231.52,61.29,52.6,entsoe.eu,false,
2022-06-24 09:00:00,Portugal,Portugal,PT,157.68,225.73,62.74,53.25,entsoe.eu,false,
2022-06-24 10:00:00,Portugal,Portugal,PT,153.72,220.58,63.93,54.16,entsoe.eu,false,
2022-06-24 11:00:00,Portugal,Portugal,PT,151.9,219.6,63.78,54.99,entsoe.eu,false,
2022-06-24 12:00:00,Portugal,Portugal,PT,155.45,224.26,62.56,54.08,entsoe.eu,false,
2022-06-24 13:00:00,Portugal,Portugal,PT,154.75,223.03,62.94,54.33,entsoe.eu,false,
2022-06-24 14:00:00,Portugal,Portugal,PT,151.94,218.95,63.74,55.03,entsoe.eu,false,
2022-06-24 15:00:00,Portugal,Portugal,PT,146.61,212.15,65.24,56.39,entsoe.eu,false,
2022-06-24 16:00:00,Portugal,Portugal,PT,150.24,216.93,64.0,55.54,entsoe.eu,false,
2022-06-24 17:00:00,Portugal,Portugal,PT,167.83,239.36,59.23,51.31,entsoe.eu,false,
2022-06-24 18:00:00,Portugal,Portugal,PT,187.4,260.36,55.99,51.2,entsoe.eu,false,
2022-06-24 19:00:00,Portugal,Portugal,PT,174.69,235.37,63.63,63.63,entsoe.eu,false,
2022-06-24 20:00:00,Portugal,Portugal,PT,172.39,230.5,65.59,65.59,entsoe.eu,false,
2022-06-24 21:00:00,Portugal,Portugal,PT,177.37,235.92,64.99,64.99,entsoe.eu,false,
2022-06-24 22:00:00,Portugal,Portugal,PT,170.97,227.72,67.27,67.27,entsoe.eu,false,
2022-06-24 23:00:00,Portugal,Portugal,PT,167.54,227.38,66.77,66.77,entsoe.eu,false,
2022-06-25 00:00:00,Portugal,Portugal,PT,186.85,260.54,58.31,55.86,entsoe.eu,false,
2022-06-25 01:00:00,Portugal,Portugal,PT,190.41,267.01,56.16,52.83,entsoe.eu,false,
2022-06-25 02:00:00,Portugal,Portugal,PT,183.68,257.59,58.47,56.33,entsoe.eu,false,
2022-06-25 03:00:00,Portugal,Portugal,PT,183.61,265.79,53.18,48.86,entsoe.eu,false,
2022-06-25 04:00:00,Portugal,Portugal,PT,181.81,261.94,54.67,50.46,entsoe.eu,false,
2022-06-25 05:00:00,Portugal,Portugal,PT,185.08,265.0,54.71,51.24,entsoe.eu,false,
2022-06-25 06:00:00,Portugal,Portugal,PT,184.09,265.98,54.02,49.67,entsoe.eu,false,
2022-06-25 07:00:00,Portugal,Portugal,PT,158.7,230.59,62.95,56.58,entsoe.eu,false,
2022-06-25 08:00:00,Portugal,Portugal,PT,152.08,223.21,63.97,57.0,entsoe.eu,false,
2022-06-25 09:00:00,Portugal,Portugal,PT,153.75,225.98,62.94,55.46,entsoe.eu,false,
2022-06-25 10:00:00,Portugal,Portugal,PT,146.78,217.16,64.54,57.68,entsoe.eu,false,
2022-06-25 11:00:00,Portugal,Portugal,PT,141.2,209.18,65.97,58.75,entsoe.eu,false,
2022-06-25 12:00:00,Portugal,Portugal,PT,129.65,192.47,69.44,61.62,entsoe.eu,false,
2022-06-25 13:00:00,Portugal,Portugal,PT,112.13,169.25,74.0,66.34,entsoe.eu,false,
2022-06-25 14:00:00,Portugal,Portugal,PT,105.05,159.93,75.62,68.2,entsoe.eu,false,
2022-06-25 15:00:00,Portugal,Portugal,PT,102.79,157.24,76.01,68.8,entsoe.eu,false,
2022-06-25 16:00:00,Portugal,Portugal,PT,104.02,158.23,75.46,68.96,entsoe.eu,false,
2022-06-25 17:00:00,Portugal,Portugal,PT,118.35,176.71,71.26,65.73,entsoe.eu,false,
2022-06-25 18:00:00,Portugal,Portugal,PT,133.63,197.61,66.98,63.49,entsoe.eu,false,
2022-06-25 19:00:00,Portugal,Portugal,PT,139.6,196.54,70.05,70.05,entsoe.eu,false,
2022-06-25 20:00:00,Portugal,Portugal,PT,142.53,196.86,71.35,71.35,entsoe.eu,false,
2022-06-25 21:00:00,Portugal,Portugal,PT,143.87,207.77,66.43,64.42,entsoe.eu,false,
2022-06-25 22:00:00,Portugal,Portugal,PT,137.86,191.54,73.34,73.24,entsoe.eu,false,
2022-06-25 23:00:00,Portugal,Portugal,PT,143.92,205.07,69.53,68.98,entsoe.eu,false,
2022-06-26 00:00:00,Portugal,Portugal,PT,143.23,207.79,67.87,65.64,entsoe.eu,false,
2022-06-26 01:00:00,Portugal,Portugal,PT,142.9,212.21,65.33,61.65,entsoe.eu,false,
2022-06-26 02:00:00,Portugal,Portugal,PT,139.21,203.02,68.62,67.19,entsoe.eu,false,
2022-06-26 03:00:00,Portugal,Portugal,PT,139.06,210.49,64.66,61.6,entsoe.eu,false,
2022-06-26 04:00:00,Portugal,Portugal,PT,146.8,217.55,64.14,61.0,entsoe.eu,false,
2022-06-26 05:00:00,Portugal,Portugal,PT,145.95,217.48,64.67,60.52,entsoe.eu,false,
2022-06-26 06:00:00,Portugal,Portugal,PT,148.05,219.26,64.44,57.07,entsoe.eu,false,
2022-06-26 07:00:00,Portugal,Portugal,PT,136.39,202.43,68.44,59.08,entsoe.eu,false,
2022-06-26 08:00:00,Portugal,Portugal,PT,109.67,167.98,75.44,65.97,entsoe.eu,false,
2022-06-26 09:00:00,Portugal,Portugal,PT,99.98,155.78,77.83,68.72,entsoe.eu,false,
2022-06-26 10:00:00,Portugal,Portugal,PT,95.59,150.07,78.74,70.03,entsoe.eu,false,
2022-06-26 11:00:00,Portugal,Portugal,PT,90.86,144.11,79.72,71.49,entsoe.eu,false,
2022-06-26 12:00:00,Portugal,Portugal,PT,87.5,139.19,80.64,72.36,entsoe.eu,false,
2022-06-26 13:00:00,Portugal,Portugal,PT,82.1,132.5,81.59,74.04,entsoe.eu,false,
2022-06-26 14:00:00,Portugal,Portugal,PT,74.0,122.83,82.94,76.97,entsoe.eu,false,
2022-06-26 15:00:00,Portugal,Portugal,PT,74.71,124.93,81.66,77.94,entsoe.eu,false,
2022-06-26 16:00:00,Portugal,Portugal,PT,71.62,121.54,81.72,79.59,entsoe.eu,false,
2022-06-26 17:00:00,Portugal,Portugal,PT,76.86,128.15,80.4,78.06,entsoe.eu,false,
2022-06-26 18:00:00,Portugal,Portugal,PT,82.13,132.98,80.02,77.21,entsoe.eu,false,
2022-06-26 19:00:00,Portugal,Portugal,PT,86.37,128.15,84.38,84.38,entsoe.eu,false,
2022-06-26 20:00:00,Portugal,Portugal,PT,97.23,137.44,83.8,83.8,entsoe.eu,false,
2022-06-26 21:00:00,Portugal,Portugal,PT,101.1,155.76,75.76,73.88,entsoe.eu,false,
2022-06-26 22:00:00,Portugal,Portugal,PT,105.69,162.14,74.14,69.64,entsoe.eu,false,
2022-06-26 23:00:00,Portugal,Portugal,PT,103.91,161.2,74.23,70.4,entsoe.eu,false,
2022-06-27 00:00:00,Portugal,Portugal,PT,122.55,184.66,69.37,65.19,entsoe.eu,false,
2022-06-27 01:00:00,Portugal,Portugal,PT,128.13,190.78,68.69,62.89,entsoe.eu,false,
2022-06-27 02:00:00,Portugal,Portugal,PT,128.76,192.58,68.45,62.91,entsoe.eu,false,
2022-06-27 03:00:00,Portugal,Portugal,PT,125.64,189.88,68.98,64.14,entsoe.eu,false,
2022-06-27 04:00:00,Portugal,Portugal,PT,138.55,206.3,65.08,61.13,entsoe.eu,false,
2022-06-27 05:00:00,Portugal,Portugal,PT,145.2,215.33,62.49,60.3,entsoe.eu,false,
2022-06-27 06:00:00,Portugal,Portugal,PT,140.76,203.94,66.99,65.0,entsoe.eu,false,
2022-06-27 07:00:00,Portugal,Portugal,PT,135.86,200.42,66.7,61.01,entsoe.eu,false,
2022-06-27 08:00:00,Portugal,Portugal,PT,136.53,200.97,66.67,60.61,entsoe.eu,false,
2022-06-27 09:00:00,Portugal,Portugal,PT,123.22,182.85,71.08,65.79,entsoe.eu,false,
2022-06-27 10:00:00,Portugal,Portugal,PT,124.33,186.67,69.48,64.44,entsoe.eu,false,
2022-06-27 11:00:00,Portugal,Portugal,PT,128.4,192.4,68.47,63.44,entsoe.eu,false,
2022-06-27 12:00:00,Portugal,Portugal,PT,131.33,195.95,67.73,62.59,entsoe.eu,false,
2022-06-27 13:00:00,Portugal,Portugal,PT,125.6,188.25,69.38,63.49,entsoe.eu,false,
2022-06-27 14:00:00,Portugal,Portugal,PT,125.78,188.29,69.41,63.41,entsoe.eu,false,
2022-06-27 15:00:00,Portugal,Portugal,PT,126.07,188.11,69.64,63.98,entsoe.eu,false,
2022-06-27 16:00:00,Portugal,Portugal,PT,130.84,194.26,67.99,62.44,entsoe.eu,false,
2022-06-27 17:00:00,Portugal,Portugal,PT,146.44,213.7,63.48,58.95,entsoe.eu,false,
2022-06-27 18:00:00,Portugal,Portugal,PT,156.87,221.95,62.96,59.91,entsoe.eu,false,
2022-06-27 19:00:00,Portugal,Portugal,PT,159.42,218.45,65.59,65.59,entsoe.eu,false,
2022-06-27 20:00:00,Portugal,Portugal,PT,164.99,227.04,63.39,63.39,entsoe.eu,false,
2022-06-27 21:00:00,Portugal,Portugal,PT,179.23,248.71,58.61,55.92,entsoe.eu,false,
2022-06-27 22:00:00,Portugal,Portugal,PT,194.56,267.57,55.64,52.86,entsoe.eu,false,
2022-06-27 23:00:00,Portugal,Portugal,PT,199.65,279.59,51.77,47.68,entsoe.eu,false,
2022-06-28 00:00:00,Portugal,Portugal,PT,200.61,284.62,49.53,43.92,entsoe.eu,false,
2022-06-28 01:00:00,Portugal,Portugal,PT,210.38,297.05,47.18,41.23,entsoe.eu,false,
2022-06-28 02:00:00,Portugal,Portugal,PT,216.77,305.73,45.21,39.93,entsoe.eu,false,
2022-06-28 03:00:00,Portugal,Portugal,PT,212.92,298.64,47.21,44.12,entsoe.eu,false,
2022-06-28 04:00:00,Portugal,Portugal,PT,226.98,318.02,42.2,40.77,entsoe.eu,false,
2022-06-28 05:00:00,Portugal,Portugal,PT,216.24,297.94,48.63,48.63,entsoe.eu,false,
2022-06-28 06:00:00,Portugal,Portugal,PT,218.8,301.23,48.19,47.07,entsoe.eu,false,
2022-06-28 07:00:00,Portugal,Portugal,PT,214.34,301.16,46.21,40.66,entsoe.eu,false,
2022-06-28 08:00:00,Portugal,Portugal,PT,204.19,287.68,49.34,43.1,entsoe.eu,false,
2022-06-28 09:00:00,Portugal,Portugal,PT,197.29,278.78,51.26,44.96,entsoe.eu,false,
2022-06-28 10:00:00,Portugal,Portugal,PT,195.47,276.57,51.56,45.55,entsoe.eu,false,
2022-06-28 11:00:00,Portugal,Portugal,PT,184.39,263.16,54.37,48.58,entsoe.eu,false,
2022-06-28 12:00:00,Portugal,Portugal,PT,171.17,246.0,57.63,52.2,entsoe.eu,false,
2022-06-28 13:00:00,Portugal,Portugal,PT,163.67,236.06,59.84,54.2,entsoe.eu,false,
2022-06-28 14:00:00,Portugal,Portugal,PT,158.11,228.4,61.1,55.86,entsoe.eu,false,
2022-06-28 15:00:00,Portugal,Portugal,PT,155.3,224.22,61.73,56.66,entsoe.eu,false,
2022-06-28 16:00:00,Portugal,Portugal,PT,161.06,231.53,59.63,55.35,entsoe.eu,false,
2022-06-28 17:00:00,Portugal,Portugal,PT,167.27,240.45,56.81,54.26,entsoe.eu,false,
2022-06-28 18:00:00,Portugal,Portugal,PT,164.51,234.17,58.51,57.45,entsoe.eu,false,
2022-06-28 19:00:00,Portugal,Portugal,PT,161.99,227.89,60.63,60.63,entsoe.eu,false,
2022-06-28 20:00:00,Portugal,Portugal,PT,165.84,233.35,59.34,59.34,entsoe.eu,false,
2022-06-28 21:00:00,Portugal,Portugal,PT,175.14,248.82,55.37,53.89,entsoe.eu,false,
2022-06-28 22:00:00,Portugal,Portugal,PT,165.29,233.83,59.39,59.39,entsoe.eu,false,
2022-06-28 23:00:00,Portugal,Portugal,PT,160.47,230.96,59.19,59.19,entsoe.eu,false,
2022-06-29 00:00:00,Portugal,Portugal,PT,171.62,246.96,55.01,55.01,entsoe.eu,false,
2022-06-29 01:00:00,Portugal,Portugal,PT,168.16,243.79,55.76,55.76,entsoe.eu,false,
2022-06-29 02:00:00,Portugal,Portugal,PT,181.3,258.61,53.11,53.11,entsoe.eu,false,
2022-06-29 03:00:00,Portugal,Portugal,PT,181.02,255.43,54.86,54.86,entsoe.eu,false,
2022-06-29 04:00:00,Portugal,Portugal,PT,174.56,244.14,57.36,57.36,entsoe.eu,false,
2022-06-29 05:00:00,Portugal,Portugal,PT,172.45,238.06,59.8,59.8,entsoe.eu,false,
2022-06-29 06:00:00,Portugal,Portugal,PT,176.58,244.27,58.46,58.46,entsoe.eu,false,
2022-06-29 07:00:00,Portugal,Portugal,PT,188.09,262.97,54.43,54.43,entsoe.eu,false,
2022-06-29 08:00:00,Portugal,Portugal,PT,186.67,266.13,52.32,49.18,entsoe.eu,false,
2022-06-29 09:00:00,Portugal,Portugal,PT,179.04,256.71,54.34,50.46,entsoe.eu,false,
2022-06-29 10:00:00,Portugal,Portugal,PT,177.02,253.68,54.77,51.05,entsoe.eu,false,
2022-06-29 11:00:00,Portugal,Portugal,PT,165.72,239.67,57.47,54.19,entsoe.eu,false,
2022-06-29 12:00:00,Portugal,Portugal,PT,148.26,217.11,62.21,58.79,entsoe.eu,false,
2022-06-29 13:00:00,Portugal,Portugal,PT,139.36,204.77,64.89,60.95,entsoe.eu,false,
2022-06-29 14:00:00,Portugal,Portugal,PT,136.99,201.86,65.31,61.72,entsoe.eu,false,
2022-06-29 15:00:00,Portugal,Portugal,PT,132.47,195.27,66.56,62.85,entsoe.eu,false,
2022-06-29 16:00:00,Portugal,Portugal,PT,128.66,190.16,67.4,63.89,entsoe.eu,false,
2022-06-29 17:00:00,Portugal,Portugal,PT,136.81,200.98,64.69,62.09,entsoe.eu,false,
2022-06-29 18:00:00,Portugal,Portugal,PT,151.3,219.68,60.72,58.34,entsoe.eu,false,
2022-06-29 19:00:00,Portugal,Portugal,PT,154.45,224.27,59.32,58.35,entsoe.eu,false,
2022-06-29 20:00:00,Portugal,Portugal,PT,149.95,215.54,62.39,62.39,entsoe.eu,false,
2022-06-29 21:00:00,Portugal,Portugal,PT,164.52,238.84,55.85,55.79,entsoe.eu,false,
2022-06-29 22:00:00,Portugal,Portugal,PT,165.15,238.35,56.69,56.69,entsoe.eu,false,
2022-06-29 23:00:00,Portugal,Portugal,PT,155.09,227.56,58.44,58.44,entsoe.eu,false,
2022-06-30 00:00:00,Portugal,Portugal,PT,151.98,223.83,59.19,59.19,entsoe.eu,false,
2022-06-30 01:00:00,Portugal,Portugal,PT,145.69,214.61,61.59,61.59,entsoe.eu,false,
2022-06-30 02:00:00,Portugal,Portugal,PT,143.55,213.21,61.47,61.47,entsoe.eu,false,
2022-06-30 03:00:00,Portugal,Portugal,PT,135.14,200.94,64.33,64.33,entsoe.eu,false,
2022-06-30 04:00:00,Portugal,Portugal,PT,144.77,205.21,66.01,66.01,entsoe.eu,false,
2022-06-30 05:00:00,Portugal,Portugal,PT,141.52,196.67,68.98,68.98,entsoe.eu,false,
2022-06-30 06:00:00,Portugal,Portugal,PT,148.55,213.96,62.93,62.93,entsoe.eu,false,
2022-06-30 07:00:00,Portugal,Portugal,PT,153.41,219.54,62.83,62.83,entsoe.eu,false,
2022-06-30 08:00:00,Portugal,Portugal,PT,151.31,220.95,61.51,60.31,entsoe.eu,false,
2022-06-30 09:00:00,Portugal,Portugal,PT,145.6,215.66,63.07,59.6,entsoe.eu,false,
2022-06-30 10:00:00,Portugal,Portugal,PT,141.34,209.03,65.05,60.72,entsoe.eu,false,
2022-06-30 11:00:00,Portugal,Portugal,PT,133.04,199.53,66.63,61.89,entsoe.eu,false,
2022-06-30 12:00:00,Portugal,Portugal,PT,127.41,191.22,68.4,63.09,entsoe.eu,false,
2022-06-30 13:00:00,Portugal,Portugal,PT,128.53,191.9,68.26,62.58,entsoe.eu,false,
2022-06-30 14:00:00,Portugal,Portugal,PT,126.16,189.18,68.65,63.46,entsoe.eu,false,
2022-06-30 15:00:00,Portugal,Portugal,PT,129.89,194.16,67.39,62.7,entsoe.eu,false,
2022-06-30 16:00:00,Portugal,Portugal,PT,127.56,191.98,67.7,63.69,entsoe.eu,false,
2022-06-30 17:00:00,Portugal,Portugal,PT,142.42,210.08,63.64,59.8,entsoe.eu,false,
2022-06-30 18:00:00,Portugal,Portugal,PT,161.01,231.6,59.54,56.13,entsoe.eu,false,
2022-06-30 19:00:00,Portugal,Portugal,PT,157.42,218.41,65.02,65.02,entsoe.eu,false,
2022-06-30 20:00:00,Portugal,Portugal,PT,158.57,222.76,63.13,63.13,entsoe.eu,false,
2022-06-30 21:00:00,Portugal,Portugal,PT,167.3,238.9,58.29,56.68,entsoe.eu,false,
2022-06-30 22:00:00,Portugal,Portugal,PT,161.14,232.54,58.56,57.66,entsoe.eu,false,
2022-06-30 23:00:00,Portugal,Portugal,PT,162.89,233.99,59.71,59.53,entsoe.eu,false,
2022-07-01 00:00:00,Portugal,Portugal,PT,182.15,262.8,52.95,50.57,entsoe.eu,false,
2022-07-01 01:00:00,Portugal,Portugal,PT,182.92,264.01,52.7,49.9,entsoe.eu,false,
2022-07-01 02:00:00,Portugal,Portugal,PT,178.09,258.6,53.56,51.04,entsoe.eu,false,
2022-07-01 03:00:00,Portugal,Portugal,PT,177.87,258.45,53.52,52.52,entsoe.eu,false,
2022-07-01 04:00:00,Portugal,Portugal,PT,174.42,254.93,53.2,53.2,entsoe.eu,false,
2022-07-01 05:00:00,Portugal,Portugal,PT,174.19,248.77,56.06,56.06,entsoe.eu,false,
2022-07-01 06:00:00,Portugal,Portugal,PT,180.71,262.52,51.66,51.66,entsoe.eu,false,
2022-07-01 07:00:00,Portugal,Portugal,PT,192.13,274.56,51.22,45.69,entsoe.eu,false,
2022-07-01 08:00:00,Portugal,Portugal,PT,185.05,263.32,54.8,48.82,entsoe.eu,false,
2022-07-01 09:00:00,Portugal,Portugal,PT,184.36,262.46,55.55,49.52,entsoe.eu,false,
2022-07-01 10:00:00,Portugal,Portugal,PT,177.95,248.35,60.34,56.12,entsoe.eu,false,
2022-07-01 11:00:00,Portugal,Portugal,PT,171.72,242.65,61.05,57.12,entsoe.eu,false,
2022-07-01 12:00:00,Portugal,Portugal,PT,170.63,246.63,58.36,53.06,entsoe.eu,false,
2022-07-01 13:00:00,Portugal,Portugal,PT,166.76,241.8,59.21,52.98,entsoe.eu,false,
2022-07-01 14:00:00,Portugal,Portugal,PT,164.86,240.24,59.33,52.4,entsoe.eu,false,
2022-07-01 15:00:00,Portugal,Portugal,PT,171.03,247.23,57.72,50.69,entsoe.eu,false,
2022-07-01 16:00:00,Portugal,Portugal,PT,171.3,247.62,57.8,50.59,entsoe.eu,false,
2022-07-01 17:00:00,Portugal,Portugal,PT,189.62,270.33,52.92,45.97,entsoe.eu,false,
2022-07-01 18:00:00,Portugal,Portugal,PT,190.01,261.52,57.56,53.27,entsoe.eu,false,
2022-07-01 19:00:00,Portugal,Portugal,PT,180.2,247.86,60.11,57.75,entsoe.eu,false,
2022-07-01 20:00:00,Portugal,Portugal,PT,176.79,245.95,59.31,57.28,entsoe.eu,false,
2022-07-01 21:00:00,Portugal,Portugal,PT,191.49,268.6,54.05,49.52,entsoe.eu,false,
2022-07-01 22:00:00,Portugal,Portugal,PT,190.21,263.16,57.1,53.84,entsoe.eu,false,
2022-07-01 23:00:00,Portugal,Portugal,PT,201.54,277.42,54.5,50.06,entsoe.eu,false,
2022-07-02 00:00:00,Portugal,Portugal,PT,207.85,291.06,51.7,45.63,entsoe.eu,false,
2022-07-02 01:00:00,Portugal,Portugal,PT,219.25,307.16,48.37,41.97,entsoe.eu,false,
2022-07-02 02:00:00,Portugal,Portugal,PT,224.89,314.87,47.08,40.15,entsoe.eu,false,
2022-07-02 03:00:00,Portugal,Portugal,PT,222.92,312.44,47.62,41.42,entsoe.eu,false,
2022-07-02 04:00:00,Portugal,Portugal,PT,212.83,295.61,52.34,48.79,entsoe.eu,false,
2022-07-02 05:00:00,Portugal,Portugal,PT,218.89,310.01,47.31,42.89,entsoe.eu,false,
2022-07-02 06:00:00,Portugal,Portugal,PT,213.26,303.35,49.14,41.8,entsoe.eu,false,
2022-07-02 07:00:00,Portugal,Portugal,PT,187.85,271.29,55.3,46.43,entsoe.eu,false,
2022-07-02 08:00:00,Portugal,Portugal,PT,173.29,252.69,58.85,49.66,entsoe.eu,false,
2022-07-02 09:00:00,Portugal,Portugal,PT,160.2,236.37,61.96,52.88,entsoe.eu,false,
2022-07-02 10:00:00,Portugal,Portugal,PT,153.41,227.4,63.41,54.95,entsoe.eu,false,
2022-07-02 11:00:00,Portugal,Portugal,PT,148.46,221.09,64.65,56.31,entsoe.eu,false,
2022-07-02 12:00:00,Portugal,Portugal,PT,145.24,217.35,65.32,57.29,entsoe.eu,false,
2022-07-02 13:00:00,Portugal,Portugal,PT,143.81,213.38,66.42,56.95,entsoe.eu,false,
2022-07-02 14:00:00,Portugal,Portugal,PT,142.98,211.13,66.94,56.72,entsoe.eu,false,
2022-07-02 15:00:00,Portugal,Portugal,PT,144.78,213.22,66.4,56.22,entsoe.eu,false,
2022-07-02 16:00:00,Portugal,Portugal,PT,148.84,217.7,65.49,55.09,entsoe.eu,false,
2022-07-02 17:00:00,Portugal,Portugal,PT,163.06,236.95,61.43,52.77,entsoe.eu,false,
2022-07-02 18:00:00,Portugal,Portugal,PT,186.15,261.05,57.93,51.74,entsoe.eu,false,
2022-07-02 19:00:00,Portugal,Portugal,PT,173.51,235.85,65.37,64.05,entsoe.eu,false,
2022-07-02 20:00:00,Portugal,Portugal,PT,169.99,231.02,66.58,66.58,entsoe.eu,false,
2022-07-02 21:00:00,Portugal,Portugal,PT,179.47,247.82,62.2,60.12,entsoe.eu,false,
2022-07-02 22:00:00,Portugal,Portugal,PT,187.2,257.24,61.36,58.27,entsoe.eu,false,
2022-07-02 23:00:00,Portugal,Portugal,PT,195.53,273.95,56.85,50.52,entsoe.eu,false,
2022-07-03 00:00:00,Portugal,Portugal,PT,214.62,303.38,49.61,39.57,entsoe.eu,false,
2022-07-03 01:00:00,Portugal,Portugal,PT,224.18,317.46,46.44,34.47,entsoe.eu,false,
2022-07-03 02:00:00,Portugal,Portugal,PT,214.72,302.97,49.84,39.85,entsoe.eu,false,
2022-07-03 03:00:00,Portugal,Portugal,PT,217.94,307.2,49.21,39.84,entsoe.eu,false,
2022-07-03 04:00:00,Portugal,Portugal,PT,213.86,301.03,50.47,41.27,entsoe.eu,false,
2022-07-03 05:00:00,Portugal,Portugal,PT,197.75,283.02,52.4,44.73,entsoe.eu,false,
2022-07-03 06:00:00,Portugal,Portugal,PT,189.72,275.33,52.98,45.8,entsoe.eu,false,
2022-07-03 07:00:00,Portugal,Portugal,PT,180.47,263.33,55.27,47.79,entsoe.eu,false,
2022-07-03 08:00:00,Portugal,Portugal,PT,165.62,242.77,59.25,52.49,entsoe.eu,false,
2022-07-03 09:00:00,Portugal,Portugal,PT,161.88,236.24,61.39,54.89,entsoe.eu,false,
2022-07-03 10:00:00,Portugal,Portugal,PT,150.1,224.72,64.12,54.79,entsoe.eu,false,
2022-07-03 11:00:00,Portugal,Portugal,PT,140.05,210.91,67.23,57.03,entsoe.eu,false,
2022-07-03 12:00:00,Portugal,Portugal,PT,137.72,207.49,67.84,57.61,entsoe.eu,false,
2022-07-03 13:00:00,Portugal,Portugal,PT,132.65,200.71,69.08,58.91,entsoe.eu,false,
2022-07-03 14:00:00,Portugal,Portugal,PT,129.2,195.08,70.11,59.65,entsoe.eu,false,
2022-07-03 15:00:00,Portugal,Portugal,PT,130.07,196.03,69.89,59.32,entsoe.eu,false,
2022-07-03 16:00:00,Portugal,Portugal,PT,130.7,194.85,69.96,58.94,entsoe.eu,false,
2022-07-03 17:00:00,Portugal,Portugal,PT,146.33,213.28,66.63,55.21,entsoe.eu,false,
2022-07-03 18:00:00,Portugal,Portugal,PT,169.14,240.55,62.13,51.83,entsoe.eu,false,
2022-07-03 19:00:00,Portugal,Portugal,PT,179.38,244.25,64.18,58.47,entsoe.eu,false,
2022-07-03 20:00:00,Portugal,Portugal,PT,164.65,222.96,68.7,66.81,entsoe.eu,false,
2022-07-03 21:00:00,Portugal,Portugal,PT,188.09,261.9,58.27,52.15,entsoe.eu,false,
2022-07-03 22:00:00,Portugal,Portugal,PT,201.77,279.12,55.31,46.96,entsoe.eu,false,
2022-07-03 23:00:00,Portugal,Portugal,PT,225.79,309.54,50.36,40.06,entsoe.eu,false,
2022-07-04 00:00:00,Portugal,Portugal,PT,246.02,340.46,43.08,29.95,entsoe.eu,false,
2022-07-04 01:00:00,Portugal,Portugal,PT,243.06,336.54,43.6,30.89,entsoe.eu,false,
2022-07-04 02:00:00,Portugal,Portugal,PT,241.58,335.63,43.25,30.77,entsoe.eu,false,
2022-07-04 03:00:00,Portugal,Portugal,PT,247.45,343.01,41.51,29.45,entsoe.eu,false,
2022-07-04 04:00:00,Portugal,Portugal,PT,241.32,334.34,43.21,34.04,entsoe.eu,false,
2022-07-04 05:00:00,Portugal,Portugal,PT,201.88,277.72,55.41,52.93,entsoe.eu,false,
2022-07-04 06:00:00,Portugal,Portugal,PT,202.02,277.72,55.86,53.33,entsoe.eu,false,
2022-07-04 07:00:00,Portugal,Portugal,PT,216.82,301.65,48.92,41.62,entsoe.eu,false,
2022-07-04 08:00:00,Portugal,Portugal,PT,211.61,295.39,50.01,41.29,entsoe.eu,false,
2022-07-04 09:00:00,Portugal,Portugal,PT,205.41,288.51,51.11,42.0,entsoe.eu,false,
2022-07-04 10:00:00,Portugal,Portugal,PT,193.08,273.49,53.86,45.21,entsoe.eu,false,
2022-07-04 11:00:00,Portugal,Portugal,PT,186.42,265.19,55.47,47.16,entsoe.eu,false,
2022-07-04 12:00:00,Portugal,Portugal,PT,183.64,261.47,56.01,47.95,entsoe.eu,false,
2022-07-04 13:00:00,Portugal,Portugal,PT,182.04,259.06,56.38,48.32,entsoe.eu,false,
2022-07-04 14:00:00,Portugal,Portugal,PT,181.4,258.54,56.5,48.42,entsoe.eu,false,
2022-07-04 15:00:00,Portugal,Portugal,PT,179.4,255.86,57.0,48.88,entsoe.eu,false,
2022-07-04 16:00:00,Portugal,Portugal,PT,176.79,251.77,57.79,49.54,entsoe.eu,false,
2022-07-04 17:00:00,Portugal,Portugal,PT,190.96,268.95,54.07,45.89,entsoe.eu,false,
2022-07-04 18:00:00,Portugal,Portugal,PT,195.92,271.94,53.87,47.65,entsoe.eu,false,
2022-07-04 19:00:00,Portugal,Portugal,PT,194.5,265.75,55.92,52.26,entsoe.eu,false,
2022-07-04 20:00:00,Portugal,Portugal,PT,204.59,280.08,52.48,49.0,entsoe.eu,false,
2022-07-04 21:00:00,Portugal,Portugal,PT,215.91,300.56,46.7,40.33,entsoe.eu,false,
2022-07-04 22:00:00,Portugal,Portugal,PT,221.38,307.5,45.7,39.3,entsoe.eu,false,
2022-07-04 23:00:00,Portugal,Portugal,PT,237.83,331.97,40.78,32.86,entsoe.eu,false,
2022-07-05 00:00:00,Portugal,Portugal,PT,235.02,327.37,42.06,33.25,entsoe.eu,false,
2022-07-05 01:00:00,Portugal,Portugal,PT,237.29,330.28,41.42,32.65,entsoe.eu,false,
2022-07-05 02:00:00,Portugal,Portugal,PT,235.05,326.82,41.97,33.31,entsoe.eu,false,
2022-07-05 03:00:00,Portugal,Portugal,PT,231.45,322.36,42.97,34.42,entsoe.eu,false,
2022-07-05 04:00:00,Portugal,Portugal,PT,233.66,327.96,41.11,34.8,entsoe.eu,false,
2022-07-05 05:00:00,Portugal,Portugal,PT,226.95,321.26,41.54,37.66,entsoe.eu,false,
2022-07-05 06:00:00,Portugal,Portugal,PT,222.59,313.5,43.8,39.88,entsoe.eu,false,
2022-07-05 07:00:00,Portugal,Portugal,PT,214.13,301.91,46.34,39.95,entsoe.eu,false,
2022-07-05 08:00:00,Portugal,Portugal,PT,202.37,286.15,49.77,42.99,entsoe.eu,false,
2022-07-05 09:00:00,Portugal,Portugal,PT,198.5,281.51,50.88,44.13,entsoe.eu,false,
2022-07-05 10:00:00,Portugal,Portugal,PT,193.99,276.02,52.24,45.44,entsoe.eu,false,
2022-07-05 11:00:00,Portugal,Portugal,PT,192.82,274.0,52.43,46.1,entsoe.eu,false,
2022-07-05 12:00:00,Portugal,Portugal,PT,192.69,274.34,52.26,46.01,entsoe.eu,false,
2022-07-05 13:00:00,Portugal,Portugal,PT,181.21,258.24,55.85,48.72,entsoe.eu,false,
2022-07-05 14:00:00,Portugal,Portugal,PT,175.79,249.89,57.47,50.12,entsoe.eu,false,
2022-07-05 15:00:00,Portugal,Portugal,PT,172.76,244.67,58.39,50.79,entsoe.eu,false,
2022-07-05 16:00:00,Portugal,Portugal,PT,159.52,227.83,61.06,54.76,entsoe.eu,false,
2022-07-05 17:00:00,Portugal,Portugal,PT,159.26,226.41,61.2,55.0,entsoe.eu,false,
2022-07-05 18:00:00,Portugal,Portugal,PT,189.75,264.21,54.5,48.13,entsoe.eu,false,
2022-07-05 19:00:00,Portugal,Portugal,PT,176.16,248.96,55.89,52.19,entsoe.eu,false,
2022-07-05 20:00:00,Portugal,Portugal,PT,172.04,243.99,56.2,52.62,entsoe.eu,false,
2022-07-05 21:00:00,Portugal,Portugal,PT,185.93,261.93,53.4,48.16,entsoe.eu,false,
2022-07-05 22:00:00,Portugal,Portugal,PT,184.58,260.98,53.69,48.48,entsoe.eu,false,
2022-07-05 23:00:00,Portugal,Portugal,PT,181.4,257.22,54.89,49.04,entsoe.eu,false,
2022-07-06 00:00:00,Portugal,Portugal,PT,176.98,251.3,56.48,49.89,entsoe.eu,false,
2022-07-06 01:00:00,Portugal,Portugal,PT,182.81,259.57,54.89,48.43,entsoe.eu,false,
2022-07-06 02:00:00,Portugal,Portugal,PT,192.16,273.03,52.31,45.92,entsoe.eu,false,
2022-07-06 03:00:00,Portugal,Portugal,PT,185.18,264.72,54.05,48.89,entsoe.eu,false,
2022-07-06 04:00:00,Portugal,Portugal,PT,188.46,267.79,53.18,50.93,entsoe.eu,false,
2022-07-06 05:00:00,Portugal,Portugal,PT,185.51,259.44,56.33,56.33,entsoe.eu,false,
2022-07-06 06:00:00,Portugal,Portugal,PT,174.7,248.63,57.22,56.47,entsoe.eu,false,
2022-07-06 07:00:00,Portugal,Portugal,PT,173.54,248.42,56.43,51.68,entsoe.eu,false,
2022-07-06 08:00:00,Portugal,Portugal,PT,167.45,238.45,59.47,54.24,entsoe.eu,false,
2022-07-06 09:00:00,Portugal,Portugal,PT,164.72,237.05,59.56,53.5,entsoe.eu,false,
2022-07-06 10:00:00,Portugal,Portugal,PT,166.47,238.92,59.3,52.9,entsoe.eu,false,
2022-07-06 11:00:00,Portugal,Portugal,PT,163.73,235.41,60.19,53.57,entsoe.eu,false,
2022-07-06 12:00:00,Portugal,Portugal,PT,161.49,231.68,61.06,53.95,entsoe.eu,false,
2022-07-06 13:00:00,Portugal,Portugal,PT,157.99,226.84,62.14,54.6,entsoe.eu,false,
2022-07-06 14:00:00,Portugal,Portugal,PT,160.5,229.81,61.37,53.69,entsoe.eu,false,
2022-07-06 15:00:00,Portugal,Portugal,PT,165.48,235.73,60.56,52.6,entsoe.eu,false,
2022-07-06 16:00:00,Portugal,Portugal,PT,162.99,231.77,61.44,53.58,entsoe.eu,false,
2022-07-06 17:00:00,Portugal,Portugal,PT,175.84,248.64,57.72,50.39,entsoe.eu,false,
2022-07-06 18:00:00,Portugal,Portugal,PT,188.0,252.51,60.88,56.87,entsoe.eu,false,
2022-07-06 19:00:00,Portugal,Portugal,PT,178.82,237.96,64.5,63.02,entsoe.eu,false,
2022-07-06 20:00:00,Portugal,Portugal,PT,171.73,230.39,64.95,64.45,entsoe.eu,false,
2022-07-06 21:00:00,Portugal,Portugal,PT,175.77,237.88,62.65,60.99,entsoe.eu,false,
2022-07-06 22:00:00,Portugal,Portugal,PT,168.47,234.08,60.84,59.23,entsoe.eu,false,
2022-07-06 23:00:00,Portugal,Portugal,PT,152.56,220.66,60.65,58.13,entsoe.eu,false,
2022-07-07 00:00:00,Portugal,Portugal,PT,145.75,211.31,62.49,59.86,entsoe.eu,false,
2022-07-07 01:00:00,Portugal,Portugal,PT,143.05,207.62,63.12,60.63,entsoe.eu,false,
2022-07-07 02:00:00,Portugal,Portugal,PT,141.11,205.63,63.52,61.29,entsoe.eu,false,
2022-07-07 03:00:00,Portugal,Portugal,PT,140.76,206.13,62.92,61.94,entsoe.eu,false,
2022-07-07 04:00:00,Portugal,Portugal,PT,146.43,214.09,60.86,60.86,entsoe.eu,false,
2022-07-07 05:00:00,Portugal,Portugal,PT,149.77,217.76,60.23,60.23,entsoe.eu,false,
2022-07-07 06:00:00,Portugal,Portugal,PT,147.84,215.29,60.45,60.45,entsoe.eu,false,
2022-07-07 07:00:00,Portugal,Portugal,PT,140.66,205.01,63.95,61.09,entsoe.eu,false,
2022-07-07 08:00:00,Portugal,Portugal,PT,138.43,201.13,65.62,60.82,entsoe.eu,false,
2022-07-07 09:00:00,Portugal,Portugal,PT,140.64,203.8,65.69,59.65,entsoe.eu,false,
2022-07-07 10:00:00,Portugal,Portugal,PT,145.82,210.28,64.8,58.03,entsoe.eu,false,
2022-07-07 11:00:00,Portugal,Portugal,PT,150.85,217.37,63.57,56.64,entsoe.eu,false,
2022-07-07 12:00:00,Portugal,Portugal,PT,154.48,222.26,62.92,55.23,entsoe.eu,false,
2022-07-07 13:00:00,Portugal,Portugal,PT,158.12,227.15,62.25,54.21,entsoe.eu,false,
2022-07-07 14:00:00,Portugal,Portugal,PT,154.74,222.64,63.23,54.99,entsoe.eu,false,
2022-07-07 15:00:00,Portugal,Portugal,PT,156.07,224.48,62.91,54.54,entsoe.eu,false,
2022-07-07 16:00:00,Portugal,Portugal,PT,163.47,233.65,61.03,52.46,entsoe.eu,false,
2022-07-07 17:00:00,Portugal,Portugal,PT,173.07,245.31,58.64,49.85,entsoe.eu,false,
2022-07-07 18:00:00,Portugal,Portugal,PT,179.2,248.36,59.25,51.69,entsoe.eu,false,
2022-07-07 19:00:00,Portugal,Portugal,PT,175.87,235.45,64.88,61.1,entsoe.eu,false,
2022-07-07 20:00:00,Portugal,Portugal,PT,171.46,233.19,63.95,61.03,entsoe.eu,false,
2022-07-07 21:00:00,Portugal,Portugal,PT,173.54,239.22,61.7,58.26,entsoe.eu,false,
2022-07-07 22:00:00,Portugal,Portugal,PT,165.48,233.34,61.09,58.55,entsoe.eu,false,
2022-07-07 23:00:00,Portugal,Portugal,PT,159.33,230.67,59.35,55.9,entsoe.eu,false,
2022-07-08 00:00:00,Portugal,Portugal,PT,159.22,230.04,59.52,55.72,entsoe.eu,false,
2022-07-08 01:00:00,Portugal,Portugal,PT,160.97,231.6,59.38,55.01,entsoe.eu,false,
2022-07-08 02:00:00,Portugal,Portugal,PT,162.6,234.41,58.62,54.8,entsoe.eu,false,
2022-07-08 03:00:00,Portugal,Portugal,PT,161.77,235.52,57.95,55.78,entsoe.eu,false,
2022-07-08 04:00:00,Portugal,Portugal,PT,168.24,243.87,55.58,54.27,entsoe.eu,false,
2022-07-08 05:00:00,Portugal,Portugal,PT,170.94,248.42,54.19,54.19,entsoe.eu,false,
2022-07-08 06:00:00,Portugal,Portugal,PT,167.97,243.83,55.36,54.83,entsoe.eu,false,
2022-07-08 07:00:00,Portugal,Portugal,PT,161.8,231.05,59.82,54.26,entsoe.eu,false,
2022-07-08 08:00:00,Portugal,Portugal,PT,161.59,230.11,60.42,53.53,entsoe.eu,false,
2022-07-08 09:00:00,Portugal,Portugal,PT,166.31,237.33,59.37,52.35,entsoe.eu,false,
2022-07-08 10:00:00,Portugal,Portugal,PT,173.62,248.27,57.37,51.01,entsoe.eu,false,
2022-07-08 11:00:00,Portugal,Portugal,PT,178.45,250.99,58.57,53.09,entsoe.eu,false,
2022-07-08 12:00:00,Portugal,Portugal,PT,175.65,247.62,59.01,53.75,entsoe.eu,false,
2022-07-08 13:00:00,Portugal,Portugal,PT,175.76,249.36,58.08,51.61,entsoe.eu,false,
2022-07-08 14:00:00,Portugal,Portugal,PT,179.94,256.1,56.3,48.61,entsoe.eu,false,
2022-07-08 15:00:00,Portugal,Portugal,PT,178.99,254.45,56.85,48.58,entsoe.eu,false,
2022-07-08 16:00:00,Portugal,Portugal,PT,182.7,258.79,56.01,47.57,entsoe.eu,false,
2022-07-08 17:00:00,Portugal,Portugal,PT,190.56,267.46,54.41,46.56,entsoe.eu,false,
2022-07-08 18:00:00,Portugal,Portugal,PT,195.77,263.24,58.71,54.33,entsoe.eu,false,
2022-07-08 19:00:00,Portugal,Portugal,PT,182.36,244.68,62.21,60.46,entsoe.eu,false,
2022-07-08 20:00:00,Portugal,Portugal,PT,180.89,244.21,61.96,61.11,entsoe.eu,false,
2022-07-08 21:00:00,Portugal,Portugal,PT,211.68,289.3,51.8,46.83,entsoe.eu,false,
2022-07-08 22:00:00,Portugal,Portugal,PT,213.89,293.79,50.76,44.16,entsoe.eu,false,
2022-07-08 23:00:00,Portugal,Portugal,PT,209.89,290.23,51.12,44.34,entsoe.eu,false,
2022-07-09 00:00:00,Portugal,Portugal,PT,198.1,278.19,52.7,45.75,entsoe.eu,false,
2022-07-09 01:00:00,Portugal,Portugal,PT,196.04,278.63,52.09,44.27,entsoe.eu,false,
2022-07-09 02:00:00,Portugal,Portugal,PT,193.24,275.48,52.82,46.77,entsoe.eu,false,
2022-07-09 03:00:00,Portugal,Portugal,PT,186.64,265.68,55.54,52.57,entsoe.eu,false,
2022-07-09 04:00:00,Portugal,Portugal,PT,179.91,252.4,59.99,59.99,entsoe.eu,false,
2022-07-09 05:00:00,Portugal,Portugal,PT,189.33,274.62,51.8,49.81,entsoe.eu,false,
2022-07-09 06:00:00,Portugal,Portugal,PT,186.81,269.32,53.45,48.85,entsoe.eu,false,
2022-07-09 07:00:00,Portugal,Portugal,PT,173.2,251.61,56.99,50.22,entsoe.eu,false,
2022-07-09 08:00:00,Portugal,Portugal,PT,166.08,241.86,59.34,51.69,entsoe.eu,false,
2022-07-09 09:00:00,Portugal,Portugal,PT,166.58,241.33,60.29,52.77,entsoe.eu,false,
2022-07-09 10:00:00,Portugal,Portugal,PT,167.17,241.96,60.32,52.34,entsoe.eu,false,
2022-07-09 11:00:00,Portugal,Portugal,PT,163.71,237.77,60.94,52.83,entsoe.eu,false,
2022-07-09 12:00:00,Portugal,Portugal,PT,164.34,239.55,60.48,52.13,entsoe.eu,false,
2022-07-09 13:00:00,Portugal,Portugal,PT,161.26,233.27,62.45,55.02,entsoe.eu,false,
2022-07-09 14:00:00,Portugal,Portugal,PT,160.12,233.28,61.88,54.33,entsoe.eu,false,
2022-07-09 15:00:00,Portugal,Portugal,PT,162.44,236.86,60.65,52.58,entsoe.eu,false,
2022-07-09 16:00:00,Portugal,Portugal,PT,162.86,234.82,61.55,54.09,entsoe.eu,false,
2022-07-09 17:00:00,Portugal,Portugal,PT,165.62,238.99,59.8,52.23,entsoe.eu,false,
2022-07-09 18:00:00,Portugal,Portugal,PT,173.79,239.69,62.44,57.6,entsoe.eu,false,
2022-07-09 19:00:00,Portugal,Portugal,PT,160.41,218.91,67.41,65.52,entsoe.eu,false,
2022-07-09 20:00:00,Portugal,Portugal,PT,162.34,222.25,66.61,64.88,entsoe.eu,false,
2022-07-09 21:00:00,Portugal,Portugal,PT,179.29,253.32,57.15,50.91,entsoe.eu,false,
2022-07-09 22:00:00,Portugal,Portugal,PT,189.49,264.63,55.66,49.02,entsoe.eu,false,
2022-07-09 23:00:00,Portugal,Portugal,PT,196.29,278.51,51.57,43.73,entsoe.eu,false,
2022-07-10 00:00:00,Portugal,Portugal,PT,205.11,288.99,49.72,40.94,entsoe.eu,false,
2022-07-10 01:00:00,Portugal,Portugal,PT,211.5,297.89,47.9,39.66,entsoe.eu,false,
2022-07-10 02:00:00,Portugal,Portugal,PT,212.23,300.73,46.94,40.09,entsoe.eu,false,
2022-07-10 03:00:00,Portugal,Portugal,PT,216.74,307.73,45.3,39.2,entsoe.eu,false,
2022-07-10 04:00:00,Portugal,Portugal,PT,216.4,308.04,45.39,39.36,entsoe.eu,false,
2022-07-10 05:00:00,Portugal,Portugal,PT,213.65,303.69,46.82,39.49,entsoe.eu,false,
2022-07-10 06:00:00,Portugal,Portugal,PT,204.64,289.73,50.56,40.65,entsoe.eu,false,
2022-07-10 07:00:00,Portugal,Portugal,PT,185.21,261.95,56.68,44.92,entsoe.eu,false,
2022-07-10 08:00:00,Portugal,Portugal,PT,174.74,248.19,59.52,47.75,entsoe.eu,false,
2022-07-10 09:00:00,Portugal,Portugal,PT,177.32,252.61,58.53,47.59,entsoe.eu,false,
2022-07-10 10:00:00,Portugal,Portugal,PT,173.44,248.97,59.12,48.9,entsoe.eu,false,
2022-07-10 11:00:00,Portugal,Portugal,PT,167.45,242.27,60.24,50.87,entsoe.eu,false,
2022-07-10 12:00:00,Portugal,Portugal,PT,163.37,237.86,61.0,52.3,entsoe.eu,false,
2022-07-10 13:00:00,Portugal,Portugal,PT,159.88,232.37,61.92,53.16,entsoe.eu,false,
2022-07-10 14:00:00,Portugal,Portugal,PT,156.61,227.06,62.81,53.9,entsoe.eu,false,
2022-07-10 15:00:00,Portugal,Portugal,PT,159.07,229.93,62.14,53.26,entsoe.eu,false,
2022-07-10 16:00:00,Portugal,Portugal,PT,162.5,233.3,61.29,52.31,entsoe.eu,false,
2022-07-10 17:00:00,Portugal,Portugal,PT,167.08,239.51,59.82,51.45,entsoe.eu,false,
2022-07-10 18:00:00,Portugal,Portugal,PT,179.6,247.36,61.36,55.69,entsoe.eu,false,
2022-07-10 19:00:00,Portugal,Portugal,PT,160.56,217.58,68.62,68.04,entsoe.eu,false,
2022-07-10 20:00:00,Portugal,Portugal,PT,159.05,213.66,69.82,69.82,entsoe.eu,false,
2022-07-10 21:00:00,Portugal,Portugal,PT,196.59,268.76,57.71,55.41,entsoe.eu,false,
2022-07-10 22:00:00,Portugal,Portugal,PT,202.93,276.94,56.41,52.71,entsoe.eu,false,
2022-07-10 23:00:00,Portugal,Portugal,PT,224.42,313.85,45.72,39.35,entsoe.eu,false,
2022-07-11 00:00:00,Portugal,Portugal,PT,233.2,326.96,42.72,35.23,entsoe.eu,false,
2022-07-11 01:00:00,Portugal,Portugal,PT,246.4,344.39,38.85,31.61,entsoe.eu,false,
2022-07-11 02:00:00,Portugal,Portugal,PT,247.54,347.06,38.23,31.36,entsoe.eu,false,
2022-07-11 03:00:00,Portugal,Portugal,PT,253.68,355.08,36.21,29.62,entsoe.eu,false,
2022-07-11 04:00:00,Portugal,Portugal,PT,234.36,328.06,42.06,37.95,entsoe.eu,false,
2022-07-11 05:00:00,Portugal,Portugal,PT,200.97,278.23,53.73,53.73,entsoe.eu,false,
2022-07-11 06:00:00,Portugal,Portugal,PT,213.42,294.48,50.95,50.39,entsoe.eu,false,
2022-07-11 07:00:00,Portugal,Portugal,PT,233.71,326.3,42.08,35.44,entsoe.eu,false,
2022-07-11 08:00:00,Portugal,Portugal,PT,224.17,312.42,45.26,37.76,entsoe.eu,false,
2022-07-11 09:00:00,Portugal,Portugal,PT,215.3,300.36,47.64,40.05,entsoe.eu,false,
2022-07-11 10:00:00,Portugal,Portugal,PT,210.35,294.5,48.44,41.62,entsoe.eu,false,
2022-07-11 11:00:00,Portugal,Portugal,PT,204.62,287.77,49.74,43.25,entsoe.eu,false,
2022-07-11 12:00:00,Portugal,Portugal,PT,207.93,292.14,48.74,42.35,entsoe.eu,false,
2022-07-11 13:00:00,Portugal,Portugal,PT,206.46,289.96,49.35,43.01,entsoe.eu,false,
2022-07-11 14:00:00,Portugal,Portugal,PT,203.64,285.93,50.54,43.55,entsoe.eu,false,
2022-07-11 15:00:00,Portugal,Portugal,PT,209.04,292.48,48.9,41.98,entsoe.eu,false,
2022-07-11 16:00:00,Portugal,Portugal,PT,210.93,294.52,48.38,41.37,entsoe.eu,false,
2022-07-11 17:00:00,Portugal,Portugal,PT,211.62,294.55,48.04,41.33,entsoe.eu,false,
2022-07-11 18:00:00,Portugal,Portugal,PT,208.31,287.32,50.14,45.1,entsoe.eu,false,
2022-07-11 19:00:00,Portugal,Portugal,PT,187.9,258.83,56.25,53.91,entsoe.eu,false,
2022-07-11 20:00:00,Portugal,Portugal,PT,189.21,264.5,53.51,51.15,entsoe.eu,false,
2022-07-11 21:00:00,Portugal,Portugal,PT,198.1,278.67,50.18,45.84,entsoe.eu,false,
2022-07-11 22:00:00,Portugal,Portugal,PT,195.45,275.92,50.57,46.25,entsoe.eu,false,
2022-07-11 23:00:00,Portugal,Portugal,PT,190.07,270.89,51.11,47.67,entsoe.eu,false,
2022-07-12 00:00:00,Portugal,Portugal,PT,183.07,262.88,52.59,49.76,entsoe.eu,false,
2022-07-12 01:00:00,Portugal,Portugal,PT,188.3,268.87,51.48,48.09,entsoe.eu,false,
2022-07-12 02:00:00,Portugal,Portugal,PT,185.43,263.84,52.83,48.43,entsoe.eu,false,
2022-07-12 03:00:00,Portugal,Portugal,PT,180.39,257.9,53.72,50.21,entsoe.eu,false,
2022-07-12 04:00:00,Portugal,Portugal,PT,178.03,255.98,53.28,51.67,entsoe.eu,false,
2022-07-12 05:00:00,Portugal,Portugal,PT,175.13,253.44,53.1,53.1,entsoe.eu,false,
2022-07-12 06:00:00,Portugal,Portugal,PT,177.9,257.33,52.78,52.09,entsoe.eu,false,
2022-07-12 07:00:00,Portugal,Portugal,PT,185.32,264.11,52.34,48.9,entsoe.eu,false,
2022-07-12 08:00:00,Portugal,Portugal,PT,191.84,271.19,51.56,46.53,entsoe.eu,false,
2022-07-12 09:00:00,Portugal,Portugal,PT,183.29,257.68,55.14,50.64,entsoe.eu,false,
2022-07-12 10:00:00,Portugal,Portugal,PT,187.29,260.13,55.99,51.86,entsoe.eu,false,
2022-07-12 11:00:00,Portugal,Portugal,PT,193.85,267.85,54.56,50.63,entsoe.eu,false,
2022-07-12 12:00:00,Portugal,Portugal,PT,193.59,270.24,52.46,48.31,entsoe.eu,false,
2022-07-12 13:00:00,Portugal,Portugal,PT,201.8,280.43,50.74,45.6,entsoe.eu,false,
2022-07-12 14:00:00,Portugal,Portugal,PT,197.57,274.34,52.52,46.74,entsoe.eu,false,
2022-07-12 15:00:00,Portugal,Portugal,PT,217.53,300.8,47.13,40.17,entsoe.eu,false,
2022-07-12 16:00:00,Portugal,Portugal,PT,223.13,306.96,46.02,38.76,entsoe.eu,false,
2022-07-12 17:00:00,Portugal,Portugal,PT,225.7,309.62,45.33,38.45,entsoe.eu,false,
2022-07-12 18:00:00,Portugal,Portugal,PT,207.9,279.95,52.98,49.34,entsoe.eu,false,
2022-07-12 19:00:00,Portugal,Portugal,PT,193.9,260.29,57.42,56.01,entsoe.eu,false,
2022-07-12 20:00:00,Portugal,Portugal,PT,198.34,268.25,54.9,53.29,entsoe.eu,false,
2022-07-12 21:00:00,Portugal,Portugal,PT,246.32,337.56,38.48,32.1,entsoe.eu,false,
2022-07-12 22:00:00,Portugal,Portugal,PT,234.88,322.57,41.85,35.17,entsoe.eu,false,
2022-07-12 23:00:00,Portugal,Portugal,PT,233.19,322.51,41.41,35.09,entsoe.eu,false,
2022-07-13 00:00:00,Portugal,Portugal,PT,241.19,332.13,40.03,32.52,entsoe.eu,false,
2022-07-13 01:00:00,Portugal,Portugal,PT,239.1,329.52,40.45,33.23,entsoe.eu,false,
2022-07-13 02:00:00,Portugal,Portugal,PT,237.56,327.89,40.64,33.7,entsoe.eu,false,
2022-07-13 03:00:00,Portugal,Portugal,PT,233.67,323.92,41.04,35.15,entsoe.eu,false,
2022-07-13 04:00:00,Portugal,Portugal,PT,229.62,319.48,41.45,36.81,entsoe.eu,false,
2022-07-13 05:00:00,Portugal,Portugal,PT,245.78,340.52,37.47,32.52,entsoe.eu,false,
2022-07-13 06:00:00,Portugal,Portugal,PT,241.06,333.22,39.56,33.3,entsoe.eu,false,
2022-07-13 07:00:00,Portugal,Portugal,PT,228.89,316.37,43.32,36.09,entsoe.eu,false,
2022-07-13 08:00:00,Portugal,Portugal,PT,210.82,290.31,49.44,43.22,entsoe.eu,false,
2022-07-13 09:00:00,Portugal,Portugal,PT,208.44,287.25,50.26,44.37,entsoe.eu,false,
2022-07-13 10:00:00,Portugal,Portugal,PT,204.85,283.25,50.7,45.07,entsoe.eu,false,
2022-07-13 11:00:00,Portugal,Portugal,PT,198.24,273.97,52.93,47.74,entsoe.eu,false,
2022-07-13 12:00:00,Portugal,Portugal,PT,196.59,273.92,51.75,46.79,entsoe.eu,false,
2022-07-13 13:00:00,Portugal,Portugal,PT,193.1,268.09,53.47,48.37,entsoe.eu,false,
2022-07-13 14:00:00,Portugal,Portugal,PT,192.74,267.17,53.88,48.34,entsoe.eu,false,
2022-07-13 15:00:00,Portugal,Portugal,PT,191.68,265.16,54.44,48.73,entsoe.eu,false,
2022-07-13 16:00:00,Portugal,Portugal,PT,204.62,280.85,51.53,45.8,entsoe.eu,false,
2022-07-13 17:00:00,Portugal,Portugal,PT,222.74,305.95,45.76,39.09,entsoe.eu,false,
2022-07-13 18:00:00,Portugal,Portugal,PT,223.19,301.63,47.91,42.52,entsoe.eu,false,
2022-07-13 19:00:00,Portugal,Portugal,PT,222.6,298.02,49.77,45.42,entsoe.eu,false,
2022-07-13 20:00:00,Portugal,Portugal,PT,225.16,301.34,49.01,44.97,entsoe.eu,false,
2022-07-13 21:00:00,Portugal,Portugal,PT,231.53,315.37,43.83,38.27,entsoe.eu,false,
2022-07-13 22:00:00,Portugal,Portugal,PT,224.45,310.98,42.67,36.69,entsoe.eu,false,
2022-07-13 23:00:00,Portugal,Portugal,PT,222.38,309.04,43.01,37.25,entsoe.eu,false,
2022-07-14 00:00:00,Portugal,Portugal,PT,220.65,308.08,43.46,37.68,entsoe.eu,false,
2022-07-14 01:00:00,Portugal,Portugal,PT,212.86,298.17,45.45,39.86,entsoe.eu,false,
2022-07-14 02:00:00,Portugal,Portugal,PT,205.93,289.19,47.13,41.95,entsoe.eu,false,
2022-07-14 03:00:00,Portugal,Portugal,PT,203.28,286.0,47.51,43.14,entsoe.eu,false,
2022-07-14 04:00:00,Portugal,Portugal,PT,203.54,287.7,46.38,44.4,entsoe.eu,false,
2022-07-14 05:00:00,Portugal,Portugal,PT,201.49,286.74,46.34,45.97,entsoe.eu,false,
2022-07-14 06:00:00,Portugal,Portugal,PT,201.45,284.32,47.83,46.62,entsoe.eu,false,
2022-07-14 07:00:00,Portugal,Portugal,PT,209.03,293.15,46.69,42.56,entsoe.eu,false,
2022-07-14 08:00:00,Portugal,Portugal,PT,203.67,283.58,49.77,44.76,entsoe.eu,false,
2022-07-14 09:00:00,Portugal,Portugal,PT,198.23,276.57,51.15,45.96,entsoe.eu,false,
2022-07-14 10:00:00,Portugal,Portugal,PT,192.7,268.88,52.79,47.87,entsoe.eu,false,
2022-07-14 11:00:00,Portugal,Portugal,PT,189.45,264.22,54.05,49.49,entsoe.eu,false,
2022-07-14 12:00:00,Portugal,Portugal,PT,194.28,271.89,51.86,47.06,entsoe.eu,false,
2022-07-14 13:00:00,Portugal,Portugal,PT,191.75,267.03,53.4,48.59,entsoe.eu,false,
2022-07-14 14:00:00,Portugal,Portugal,PT,187.01,260.78,54.55,49.66,entsoe.eu,false,
2022-07-14 15:00:00,Portugal,Portugal,PT,186.1,258.45,55.52,50.6,entsoe.eu,false,
2022-07-14 16:00:00,Portugal,Portugal,PT,201.83,280.1,50.24,45.1,entsoe.eu,false,
2022-07-14 17:00:00,Portugal,Portugal,PT,214.44,295.44,47.28,41.86,entsoe.eu,false,
2022-07-14 18:00:00,Portugal,Portugal,PT,221.64,302.32,46.64,41.32,entsoe.eu,false,
2022-07-14 19:00:00,Portugal,Portugal,PT,212.18,290.14,49.22,43.79,entsoe.eu,false,
2022-07-14 20:00:00,Portugal,Portugal,PT,211.06,289.72,48.78,43.17,entsoe.eu,false,
2022-07-14 21:00:00,Portugal,Portugal,PT,211.78,292.56,47.69,41.42,entsoe.eu,false,
2022-07-14 22:00:00,Portugal,Portugal,PT,219.62,305.1,44.74,37.89,entsoe.eu,false,
2022-07-14 23:00:00,Portugal,Portugal,PT,219.33,305.67,44.91,37.14,entsoe.eu,false,
2022-07-15 00:00:00,Portugal,Portugal,PT,213.18,296.82,46.6,38.79,entsoe.eu,false,
2022-07-15 01:00:00,Portugal,Portugal,PT,204.84,285.34,48.79,41.01,entsoe.eu,false,
2022-07-15 02:00:00,Portugal,Portugal,PT,201.14,281.25,49.39,42.44,entsoe.eu,false,
2022-07-15 03:00:00,Portugal,Portugal,PT,201.2,282.28,48.98,43.03,entsoe.eu,false,
2022-07-15 04:00:00,Portugal,Portugal,PT,209.08,293.1,46.46,41.52,entsoe.eu,false,
2022-07-15 05:00:00,Portugal,Portugal,PT,207.22,289.69,47.8,42.26,entsoe.eu,false,
2022-07-15 06:00:00,Portugal,Portugal,PT,196.28,274.09,51.47,45.02,entsoe.eu,false,
2022-07-15 07:00:00,Portugal,Portugal,PT,194.49,271.27,52.48,45.5,entsoe.eu,false,
2022-07-15 08:00:00,Portugal,Portugal,PT,188.44,264.76,54.1,47.11,entsoe.eu,false,
2022-07-15 09:00:00,Portugal,Portugal,PT,191.62,269.73,53.02,46.69,entsoe.eu,false,
2022-07-15 10:00:00,Portugal,Portugal,PT,187.56,264.24,54.1,48.19,entsoe.eu,false,
2022-07-15 11:00:00,Portugal,Portugal,PT,186.66,263.19,54.47,48.67,entsoe.eu,false,
2022-07-15 12:00:00,Portugal,Portugal,PT,193.76,272.47,52.65,46.79,entsoe.eu,false,
2022-07-15 13:00:00,Portugal,Portugal,PT,196.55,275.87,51.92,46.32,entsoe.eu,false,
2022-07-15 14:00:00,Portugal,Portugal,PT,189.69,266.12,54.2,48.71,entsoe.eu,false,
2022-07-15 15:00:00,Portugal,Portugal,PT,193.91,270.95,53.34,47.73,entsoe.eu,false,
2022-07-15 16:00:00,Portugal,Portugal,PT,204.76,283.14,51.44,46.01,entsoe.eu,false,
2022-07-15 17:00:00,Portugal,Portugal,PT,225.77,308.22,47.11,41.51,entsoe.eu,false,
2022-07-15 18:00:00,Portugal,Portugal,PT,236.3,317.54,46.75,41.09,entsoe.eu,false,
2022-07-15 19:00:00,Portugal,Portugal,PT,228.98,306.74,49.33,44.5,entsoe.eu,false,
2022-07-15 20:00:00,Portugal,Portugal,PT,241.37,325.87,44.31,38.54,entsoe.eu,false,
2022-07-15 21:00:00,Portugal,Portugal,PT,242.01,326.1,45.1,38.54,entsoe.eu,false,
2022-07-15 22:00:00,Portugal,Portugal,PT,248.11,334.93,43.91,36.25,entsoe.eu,false,
2022-07-15 23:00:00,Portugal,Portugal,PT,238.26,323.0,47.29,38.63,entsoe.eu,false,
2022-07-16 00:00:00,Portugal,Portugal,PT,255.03,347.06,41.89,32.32,entsoe.eu,false,
2022-07-16 01:00:00,Portugal,Portugal,PT,264.84,361.72,38.67,28.32,entsoe.eu,false,
2022-07-16 02:00:00,Portugal,Portugal,PT,272.95,374.41,35.54,24.15,entsoe.eu,false,
2022-07-16 03:00:00,Portugal,Portugal,PT,276.35,378.0,34.71,23.24,entsoe.eu,false,
2022-07-16 04:00:00,Portugal,Portugal,PT,276.54,379.16,34.27,23.27,entsoe.eu,false,
2022-07-16 05:00:00,Portugal,Portugal,PT,271.7,372.52,35.3,24.64,entsoe.eu,false,
2022-07-16 06:00:00,Portugal,Portugal,PT,252.43,348.12,39.78,29.85,entsoe.eu,false,
2022-07-16 07:00:00,Portugal,Portugal,PT,230.55,320.01,45.2,35.82,entsoe.eu,false,
2022-07-16 08:00:00,Portugal,Portugal,PT,212.27,296.8,49.55,40.79,entsoe.eu,false,
2022-07-16 09:00:00,Portugal,Portugal,PT,200.17,281.58,52.33,44.12,entsoe.eu,false,
2022-07-16 10:00:00,Portugal,Portugal,PT,187.73,266.22,55.26,47.39,entsoe.eu,false,
2022-07-16 11:00:00,Portugal,Portugal,PT,181.09,258.04,56.37,48.98,entsoe.eu,false,
2022-07-16 12:00:00,Portugal,Portugal,PT,175.02,250.19,57.83,50.57,entsoe.eu,false,
2022-07-16 13:00:00,Portugal,Portugal,PT,176.26,251.91,57.59,50.23,entsoe.eu,false,
2022-07-16 14:00:00,Portugal,Portugal,PT,181.09,257.85,56.24,48.91,entsoe.eu,false,
2022-07-16 15:00:00,Portugal,Portugal,PT,187.43,266.04,54.69,47.01,entsoe.eu,false,
2022-07-16 16:00:00,Portugal,Portugal,PT,197.29,279.93,52.09,44.54,entsoe.eu,false,
2022-07-16 17:00:00,Portugal,Portugal,PT,218.99,305.79,47.68,39.6,entsoe.eu,false,
2022-07-16 18:00:00,Portugal,Portugal,PT,233.7,318.43,47.04,38.9,entsoe.eu,false,
2022-07-16 19:00:00,Portugal,Portugal,PT,216.19,291.71,53.4,47.61,entsoe.eu,false,
2022-07-16 20:00:00,Portugal,Portugal,PT,219.56,297.36,51.88,45.89,entsoe.eu,false,
2022-07-16 21:00:00,Portugal,Portugal,PT,236.01,320.21,47.38,39.4,entsoe.eu,false,
2022-07-16 22:00:00,Portugal,Portugal,PT,251.69,341.82,43.08,33.68,entsoe.eu,false,
2022-07-16 23:00:00,Portugal,Portugal,PT,258.19,354.66,38.91,28.46,entsoe.eu,false,
2022-07-17 00:00:00,Portugal,Portugal,PT,257.29,354.24,38.52,28.08,entsoe.eu,false,
2022-07-17 01:00:00,Portugal,Portugal,PT,252.88,348.17,39.63,29.07,entsoe.eu,false,
2022-07-17 02:00:00,Portugal,Portugal,PT,255.87,352.19,38.9,28.23,entsoe.eu,false,
2022-07-17 03:00:00,Portugal,Portugal,PT,260.22,357.92,37.92,27.0,entsoe.eu,false,
2022-07-17 04:00:00,Portugal,Portugal,PT,255.18,351.2,39.19,28.57,entsoe.eu,false,
2022-07-17 05:00:00,Portugal,Portugal,PT,247.0,339.64,41.25,30.64,entsoe.eu,false,
2022-07-17 06:00:00,Portugal,Portugal,PT,232.71,321.84,44.4,34.21,entsoe.eu,false,
2022-07-17 07:00:00,Portugal,Portugal,PT,211.32,294.71,49.49,39.69,entsoe.eu,false,
2022-07-17 08:00:00,Portugal,Portugal,PT,194.66,274.78,53.11,44.01,entsoe.eu,false,
2022-07-17 09:00:00,Portugal,Portugal,PT,184.52,262.1,55.44,46.86,entsoe.eu,false,
2022-07-17 10:00:00,Portugal,Portugal,PT,168.22,240.92,59.37,51.81,entsoe.eu,false,
2022-07-17 11:00:00,Portugal,Portugal,PT,153.06,221.41,62.77,56.52,entsoe.eu,false,
2022-07-17 12:00:00,Portugal,Portugal,PT,152.29,220.58,62.63,56.99,entsoe.eu,false,
2022-07-17 13:00:00,Portugal,Portugal,PT,153.0,221.17,62.68,56.66,entsoe.eu,false,
2022-07-17 14:00:00,Portugal,Portugal,PT,157.8,226.86,61.62,55.26,entsoe.eu,false,
2022-07-17 15:00:00,Portugal,Portugal,PT,169.96,242.07,58.92,51.93,entsoe.eu,false,
2022-07-17 16:00:00,Portugal,Portugal,PT,183.53,259.9,55.56,48.29,entsoe.eu,false,
2022-07-17 17:00:00,Portugal,Portugal,PT,203.53,285.66,50.87,42.98,entsoe.eu,false,
2022-07-17 18:00:00,Portugal,Portugal,PT,224.09,308.57,47.76,40.15,entsoe.eu,false,
2022-07-17 19:00:00,Portugal,Portugal,PT,215.16,290.96,53.4,47.72,entsoe.eu,false,
2022-07-17 20:00:00,Portugal,Portugal,PT,204.93,278.78,55.13,50.4,entsoe.eu,false,
2022-07-17 21:00:00,Portugal,Portugal,PT,222.26,304.18,49.45,42.55,entsoe.eu,false,
2022-07-17 22:00:00,Portugal,Portugal,PT,242.99,335.51,41.9,32.49,entsoe.eu,false,
2022-07-17 23:00:00,Portugal,Portugal,PT,258.62,355.89,37.66,28.11,entsoe.eu,false,
2022-07-18 00:00:00,Portugal,Portugal,PT,267.63,368.28,35.09,25.76,entsoe.eu,false,
2022-07-18 01:00:00,Portugal,Portugal,PT,268.5,370.51,34.55,25.72,entsoe.eu,false,
2022-07-18 02:00:00,Portugal,Portugal,PT,269.25,372.08,34.01,25.54,entsoe.eu,false,
2022-07-18 03:00:00,Portugal,Portugal,PT,263.79,364.71,35.18,27.15,entsoe.eu,false,
2022-07-18 04:00:00,Portugal,Portugal,PT,249.52,346.26,38.41,31.37,entsoe.eu,false,
2022-07-18 05:00:00,Portugal,Portugal,PT,229.76,321.43,42.52,37.17,entsoe.eu,false,
2022-07-18 06:00:00,Portugal,Portugal,PT,207.53,292.72,47.55,43.33,entsoe.eu,false,
2022-07-18 07:00:00,Portugal,Portugal,PT,211.18,296.87,47.19,41.87,entsoe.eu,false,
2022-07-18 08:00:00,Portugal,Portugal,PT,208.14,292.78,48.23,42.3,entsoe.eu,false,
2022-07-18 09:00:00,Portugal,Portugal,PT,191.78,270.89,52.57,46.65,entsoe.eu,false,
2022-07-18 10:00:00,Portugal,Portugal,PT,179.8,256.16,55.14,50.1,entsoe.eu,false,
2022-07-18 11:00:00,Portugal,Portugal,PT,179.19,256.03,55.0,50.37,entsoe.eu,false,
2022-07-18 12:00:00,Portugal,Portugal,PT,167.75,241.98,57.7,53.49,entsoe.eu,false,
2022-07-18 13:00:00,Portugal,Portugal,PT,161.58,233.94,59.24,55.01,entsoe.eu,false,
2022-07-18 14:00:00,Portugal,Portugal,PT,156.52,227.04,60.85,56.21,entsoe.eu,false,
2022-07-18 15:00:00,Portugal,Portugal,PT,154.04,223.14,61.78,56.82,entsoe.eu,false,
2022-07-18 16:00:00,Portugal,Portugal,PT,158.03,227.44,60.94,55.75,entsoe.eu,false,
2022-07-18 17:00:00,Portugal,Portugal,PT,168.41,239.05,58.78,52.89,entsoe.eu,false,
2022-07-18 18:00:00,Portugal,Portugal,PT,187.8,264.02,53.67,48.73,entsoe.eu,false,
2022-07-18 19:00:00,Portugal,Portugal,PT,199.66,279.01,50.96,45.5,entsoe.eu,false,
2022-07-18 20:00:00,Portugal,Portugal,PT,198.49,276.9,51.38,45.1,entsoe.eu,false,
2022-07-18 21:00:00,Portugal,Portugal,PT,194.87,272.64,52.47,46.16,entsoe.eu,false,
2022-07-18 22:00:00,Portugal,Portugal,PT,182.21,255.29,56.49,53.09,entsoe.eu,false,
2022-07-18 23:00:00,Portugal,Portugal,PT,176.81,252.76,55.1,51.28,entsoe.eu,false,
2022-07-19 00:00:00,Portugal,Portugal,PT,186.86,265.98,52.42,48.51,entsoe.eu,false,
2022-07-19 01:00:00,Portugal,Portugal,PT,190.8,272.65,51.4,47.33,entsoe.eu,false,
2022-07-19 02:00:00,Portugal,Portugal,PT,197.41,281.68,49.48,45.63,entsoe.eu,false,
2022-07-19 03:00:00,Portugal,Portugal,PT,211.37,299.3,46.15,41.74,entsoe.eu,false,
2022-07-19 04:00:00,Portugal,Portugal,PT,208.99,296.35,46.46,43.04,entsoe.eu,false,
2022-07-19 05:00:00,Portugal,Portugal,PT,212.58,296.95,47.76,46.44,entsoe.eu,false,
2022-07-19 06:00:00,Portugal,Portugal,PT,215.76,298.51,48.75,46.6,entsoe.eu,false,
2022-07-19 07:00:00,Portugal,Portugal,PT,214.25,300.25,46.84,41.42,entsoe.eu,false,
2022-07-19 08:00:00,Portugal,Portugal,PT,201.56,282.93,50.71,44.54,entsoe.eu,false,
2022-07-19 09:00:00,Portugal,Portugal,PT,193.43,273.33,52.5,46.44,entsoe.eu,false,
2022-07-19 10:00:00,Portugal,Portugal,PT,185.8,264.59,53.96,48.03,entsoe.eu,false,
2022-07-19 11:00:00,Portugal,Portugal,PT,179.31,256.47,55.51,49.96,entsoe.eu,false,
2022-07-19 12:00:00,Portugal,Portugal,PT,171.48,246.8,57.44,52.1,entsoe.eu,false,
2022-07-19 13:00:00,Portugal,Portugal,PT,163.93,236.78,59.35,54.15,entsoe.eu,false,
2022-07-19 14:00:00,Portugal,Portugal,PT,164.07,236.56,59.28,54.18,entsoe.eu,false,
2022-07-19 15:00:00,Portugal,Portugal,PT,165.2,237.8,58.8,54.02,entsoe.eu,false,
2022-07-19 16:00:00,Portugal,Portugal,PT,171.31,244.7,57.39,52.36,entsoe.eu,false,
2022-07-19 17:00:00,Portugal,Portugal,PT,187.55,265.57,52.75,48.05,entsoe.eu,false,
2022-07-19 18:00:00,Portugal,Portugal,PT,195.72,270.82,53.53,50.06,entsoe.eu,false,
2022-07-19 19:00:00,Portugal,Portugal,PT,180.49,242.33,62.32,62.16,entsoe.eu,false,
2022-07-19 20:00:00,Portugal,Portugal,PT,185.87,248.26,61.54,61.54,entsoe.eu,false,
2022-07-19 21:00:00,Portugal,Portugal,PT,203.33,276.47,54.42,53.17,entsoe.eu,false,
2022-07-19 22:00:00,Portugal,Portugal,PT,219.35,297.84,50.21,48.06,entsoe.eu,false,
2022-07-19 23:00:00,Portugal,Portugal,PT,230.46,318.49,43.89,40.51,entsoe.eu,false,
2022-07-20 00:00:00,Portugal,Portugal,PT,231.5,322.31,43.1,39.09,entsoe.eu,false,
2022-07-20 01:00:00,Portugal,Portugal,PT,232.31,323.99,42.54,38.95,entsoe.eu,false,
2022-07-20 02:00:00,Portugal,Portugal,PT,232.24,324.29,42.6,39.35,entsoe.eu,false,
2022-07-20 03:00:00,Portugal,Portugal,PT,229.45,319.01,44.27,42.29,entsoe.eu,false,
2022-07-20 04:00:00,Portugal,Portugal,PT,226.68,315.11,44.41,44.34,entsoe.eu,false,
2022-07-20 05:00:00,Portugal,Portugal,PT,229.54,322.61,40.93,40.93,entsoe.eu,false,
2022-07-20 06:00:00,Portugal,Portugal,PT,233.68,327.84,39.88,37.75,entsoe.eu,false,
2022-07-20 07:00:00,Portugal,Portugal,PT,223.46,313.13,43.98,38.58,entsoe.eu,false,
2022-07-20 08:00:00,Portugal,Portugal,PT,207.88,292.26,48.92,42.39,entsoe.eu,false,
2022-07-20 09:00:00,Portugal,Portugal,PT,213.35,299.55,47.04,41.09,entsoe.eu,false,
2022-07-20 10:00:00,Portugal,Portugal,PT,208.82,291.13,49.64,45.16,entsoe.eu,false,
2022-07-20 11:00:00,Portugal,Portugal,PT,204.9,283.68,52.25,48.72,entsoe.eu,false,
2022-07-20 12:00:00,Portugal,Portugal,PT,204.86,284.65,51.9,48.27,entsoe.eu,false,
2022-07-20 13:00:00,Portugal,Portugal,PT,202.88,281.13,52.8,49.15,entsoe.eu,false,
2022-07-20 14:00:00,Portugal,Portugal,PT,202.95,285.02,50.69,45.79,entsoe.eu,false,
2022-07-20 15:00:00,Portugal,Portugal,PT,197.76,278.59,51.11,45.24,entsoe.eu,false,
2022-07-20 16:00:00,Portugal,Portugal,PT,203.78,285.57,49.88,43.62,entsoe.eu,false,
2022-07-20 17:00:00,Portugal,Portugal,PT,214.6,297.59,47.73,41.38,entsoe.eu,false,
2022-07-20 18:00:00,Portugal,Portugal,PT,218.12,293.46,51.33,47.48,entsoe.eu,false,
2022-07-20 19:00:00,Portugal,Portugal,PT,211.86,284.1,53.43,51.32,entsoe.eu,false,
2022-07-20 20:00:00,Portugal,Portugal,PT,211.5,283.99,53.5,51.28,entsoe.eu,false,
2022-07-20 21:00:00,Portugal,Portugal,PT,232.21,319.09,43.8,37.52,entsoe.eu,false,
2022-07-20 22:00:00,Portugal,Portugal,PT,238.59,328.71,41.55,34.5,entsoe.eu,false,
2022-07-20 23:00:00,Portugal,Portugal,PT,242.8,336.26,39.96,32.6,entsoe.eu,false,
2022-07-21 00:00:00,Portugal,Portugal,PT,246.3,341.36,39.2,31.44,entsoe.eu,false,
2022-07-21 01:00:00,Portugal,Portugal,PT,249.08,344.72,38.57,30.61,entsoe.eu,false,
2022-07-21 02:00:00,Portugal,Portugal,PT,253.1,350.72,37.36,30.63,entsoe.eu,false,
2022-07-21 03:00:00,Portugal,Portugal,PT,253.46,352.3,36.83,29.99,entsoe.eu,false,
2022-07-21 04:00:00,Portugal,Portugal,PT,258.94,359.19,35.21,28.75,entsoe.eu,false,
2022-07-21 05:00:00,Portugal,Portugal,PT,247.98,344.12,37.8,33.43,entsoe.eu,false,
2022-07-21 06:00:00,Portugal,Portugal,PT,233.67,323.24,42.94,39.07,entsoe.eu,false,
2022-07-21 07:00:00,Portugal,Portugal,PT,231.07,321.01,43.1,36.08,entsoe.eu,false,
2022-07-21 08:00:00,Portugal,Portugal,PT,216.74,302.17,47.11,39.76,entsoe.eu,false,
2022-07-21 09:00:00,Portugal,Portugal,PT,213.88,299.04,47.58,40.75,entsoe.eu,false,
2022-07-21 10:00:00,Portugal,Portugal,PT,209.31,293.27,48.61,42.11,entsoe.eu,false,
2022-07-21 11:00:00,Portugal,Portugal,PT,200.76,281.79,50.87,44.58,entsoe.eu,false,
2022-07-21 12:00:00,Portugal,Portugal,PT,194.75,273.62,52.23,46.24,entsoe.eu,false,
2022-07-21 13:00:00,Portugal,Portugal,PT,192.39,270.65,52.6,46.86,entsoe.eu,false,
2022-07-21 14:00:00,Portugal,Portugal,PT,189.03,266.93,53.43,47.75,entsoe.eu,false,
2022-07-21 15:00:00,Portugal,Portugal,PT,187.59,264.75,53.78,48.18,entsoe.eu,false,
2022-07-21 16:00:00,Portugal,Portugal,PT,193.81,272.59,52.25,46.46,entsoe.eu,false,
2022-07-21 17:00:00,Portugal,Portugal,PT,203.31,284.18,49.85,43.98,entsoe.eu,false,
2022-07-21 18:00:00,Portugal,Portugal,PT,214.59,296.79,47.6,41.79,entsoe.eu,false,
2022-07-21 19:00:00,Portugal,Portugal,PT,211.02,287.24,50.93,46.58,entsoe.eu,false,
2022-07-21 20:00:00,Portugal,Portugal,PT,209.31,285.46,51.27,47.33,entsoe.eu,false,
2022-07-21 21:00:00,Portugal,Portugal,PT,222.93,306.73,45.89,40.74,entsoe.eu,false,
2022-07-21 22:00:00,Portugal,Portugal,PT,222.65,302.84,48.81,45.3,entsoe.eu,false,
2022-07-21 23:00:00,Portugal,Portugal,PT,240.13,331.83,41.02,35.82,entsoe.eu,false,
2022-07-22 00:00:00,Portugal,Portugal,PT,236.86,325.34,43.57,38.45,entsoe.eu,false,
2022-07-22 01:00:00,Portugal,Portugal,PT,239.54,331.6,41.41,36.29,entsoe.eu,false,
2022-07-22 02:00:00,Portugal,Portugal,PT,243.66,338.91,39.31,33.81,entsoe.eu,false,
2022-07-22 03:00:00,Portugal,Portugal,PT,245.97,340.28,39.68,34.62,entsoe.eu,false,
2022-07-22 04:00:00,Portugal,Portugal,PT,226.23,306.93,48.98,48.98,entsoe.eu,false,
2022-07-22 05:00:00,Portugal,Portugal,PT,216.46,292.6,51.95,51.95,entsoe.eu,false,
2022-07-22 06:00:00,Portugal,Portugal,PT,212.21,287.87,52.28,52.28,entsoe.eu,false,
2022-07-22 07:00:00,Portugal,Portugal,PT,223.61,307.55,47.01,43.45,entsoe.eu,false,
2022-07-22 08:00:00,Portugal,Portugal,PT,213.06,293.59,49.86,45.08,entsoe.eu,false,
2022-07-22 09:00:00,Portugal,Portugal,PT,212.16,294.93,49.07,43.41,entsoe.eu,false,
2022-07-22 10:00:00,Portugal,Portugal,PT,205.98,286.98,50.75,45.14,entsoe.eu,false,
2022-07-22 11:00:00,Portugal,Portugal,PT,201.12,280.86,52.0,46.97,entsoe.eu,false,
2022-07-22 12:00:00,Portugal,Portugal,PT,199.29,280.66,51.09,45.88,entsoe.eu,false,
2022-07-22 13:00:00,Portugal,Portugal,PT,190.99,270.5,52.86,47.12,entsoe.eu,false,
2022-07-22 14:00:00,Portugal,Portugal,PT,183.35,260.17,55.06,48.94,entsoe.eu,false,
2022-07-22 15:00:00,Portugal,Portugal,PT,179.22,254.26,56.1,49.88,entsoe.eu,false,
2022-07-22 16:00:00,Portugal,Portugal,PT,183.43,259.07,54.99,48.83,entsoe.eu,false,
2022-07-22 17:00:00,Portugal,Portugal,PT,192.09,269.74,52.67,46.57,entsoe.eu,false,
2022-07-22 18:00:00,Portugal,Portugal,PT,200.05,276.07,52.66,47.57,entsoe.eu,false,
2022-07-22 19:00:00,Portugal,Portugal,PT,206.28,282.01,52.09,47.66,entsoe.eu,false,
2022-07-22 20:00:00,Portugal,Portugal,PT,209.91,288.09,50.22,45.74,entsoe.eu,false,
2022-07-22 21:00:00,Portugal,Portugal,PT,225.63,311.37,44.79,38.4,entsoe.eu,false,
2022-07-22 22:00:00,Portugal,Portugal,PT,225.51,311.36,45.24,39.16,entsoe.eu,false,
2022-07-22 23:00:00,Portugal,Portugal,PT,229.98,320.61,43.21,36.18,entsoe.eu,false,
2022-07-23 00:00:00,Portugal,Portugal,PT,221.74,309.91,45.96,37.98,entsoe.eu,false,
2022-07-23 01:00:00,Portugal,Portugal,PT,224.68,314.22,45.59,36.78,entsoe.eu,false,
2022-07-23 02:00:00,Portugal,Portugal,PT,228.56,319.75,44.64,35.69,entsoe.eu,false,
2022-07-23 03:00:00,Portugal,Portugal,PT,226.62,317.01,45.24,36.19,entsoe.eu,false,
2022-07-23 04:00:00,Portugal,Portugal,PT,227.08,316.79,45.08,36.2,entsoe.eu,false,
2022-07-23 05:00:00,Portugal,Portugal,PT,243.81,337.71,41.19,31.42,entsoe.eu,false,
2022-07-23 06:00:00,Portugal,Portugal,PT,239.39,332.79,42.13,32.55,entsoe.eu,false,
2022-07-23 07:00:00,Portugal,Portugal,PT,218.29,306.01,47.67,38.21,entsoe.eu,false,
2022-07-23 08:00:00,Portugal,Portugal,PT,207.96,293.19,49.96,41.31,entsoe.eu,false,
2022-07-23 09:00:00,Portugal,Portugal,PT,204.05,288.8,50.83,42.62,entsoe.eu,false,
2022-07-23 10:00:00,Portugal,Portugal,PT,198.1,281.6,52.23,44.34,entsoe.eu,false,
2022-07-23 11:00:00,Portugal,Portugal,PT,192.28,274.49,53.66,46.01,entsoe.eu,false,
2022-07-23 12:00:00,Portugal,Portugal,PT,188.52,269.44,54.64,47.07,entsoe.eu,false,
2022-07-23 13:00:00,Portugal,Portugal,PT,188.86,269.69,54.25,47.09,entsoe.eu,false,
2022-07-23 14:00:00,Portugal,Portugal,PT,182.63,261.66,55.86,48.73,entsoe.eu,false,
2022-07-23 15:00:00,Portugal,Portugal,PT,180.35,258.27,56.5,49.29,entsoe.eu,false,
2022-07-23 16:00:00,Portugal,Portugal,PT,188.35,267.73,54.43,47.29,entsoe.eu,false,
2022-07-23 17:00:00,Portugal,Portugal,PT,201.74,283.48,51.31,43.67,entsoe.eu,false,
2022-07-23 18:00:00,Portugal,Portugal,PT,203.98,280.12,53.28,47.39,entsoe.eu,false,
2022-07-23 19:00:00,Portugal,Portugal,PT,167.78,226.45,66.29,65.65,entsoe.eu,false,
2022-07-23 20:00:00,Portugal,Portugal,PT,169.45,228.91,65.76,65.76,entsoe.eu,false,
2022-07-23 21:00:00,Portugal,Portugal,PT,218.06,296.16,52.14,48.45,entsoe.eu,false,
2022-07-23 22:00:00,Portugal,Portugal,PT,237.56,320.68,48.23,41.95,entsoe.eu,false,
2022-07-23 23:00:00,Portugal,Portugal,PT,238.09,323.0,47.85,40.17,entsoe.eu,false,
2022-07-24 00:00:00,Portugal,Portugal,PT,247.72,342.12,41.6,32.04,entsoe.eu,false,
2022-07-24 01:00:00,Portugal,Portugal,PT,254.12,351.67,39.41,28.98,entsoe.eu,false,
2022-07-24 02:00:00,Portugal,Portugal,PT,253.17,351.06,39.29,29.11,entsoe.eu,false,
2022-07-24 03:00:00,Portugal,Portugal,PT,257.54,357.19,38.09,27.84,entsoe.eu,false,
2022-07-24 04:00:00,Portugal,Portugal,PT,263.61,364.6,37.04,26.17,entsoe.eu,false,
2022-07-24 05:00:00,Portugal,Portugal,PT,258.26,358.2,38.32,27.34,entsoe.eu,false,
2022-07-24 06:00:00,Portugal,Portugal,PT,244.33,339.82,41.78,30.79,entsoe.eu,false,
2022-07-24 07:00:00,Portugal,Portugal,PT,213.43,297.18,50.15,38.72,entsoe.eu,false,
2022-07-24 08:00:00,Portugal,Portugal,PT,190.61,268.28,55.47,44.93,entsoe.eu,false,
2022-07-24 09:00:00,Portugal,Portugal,PT,184.74,261.92,56.43,46.81,entsoe.eu,false,
2022-07-24 10:00:00,Portugal,Portugal,PT,181.73,258.51,57.21,47.73,entsoe.eu,false,
2022-07-24 11:00:00,Portugal,Portugal,PT,174.65,250.33,58.92,50.0,entsoe.eu,false,
2022-07-24 12:00:00,Portugal,Portugal,PT,170.15,244.4,59.97,51.44,entsoe.eu,false,
2022-07-24 13:00:00,Portugal,Portugal,PT,162.54,233.67,61.86,53.41,entsoe.eu,false,
2022-07-24 14:00:00,Portugal,Portugal,PT,157.5,226.74,62.99,54.67,entsoe.eu,false,
2022-07-24 15:00:00,Portugal,Portugal,PT,158.23,226.98,62.73,54.29,entsoe.eu,false,
2022-07-24 16:00:00,Portugal,Portugal,PT,161.25,230.61,62.01,53.64,entsoe.eu,false,
2022-07-24 17:00:00,Portugal,Portugal,PT,177.08,253.06,57.46,49.97,entsoe.eu,false,
2022-07-24 18:00:00,Portugal,Portugal,PT,193.91,273.15,53.79,46.37,entsoe.eu,false,
2022-07-24 19:00:00,Portugal,Portugal,PT,157.03,217.22,67.58,65.78,entsoe.eu,false,
2022-07-24 20:00:00,Portugal,Portugal,PT,144.55,197.87,72.35,72.32,entsoe.eu,false,
2022-07-24 21:00:00,Portugal,Portugal,PT,160.36,221.85,66.69,64.97,entsoe.eu,false,
2022-07-24 22:00:00,Portugal,Portugal,PT,177.33,247.64,60.82,57.16,entsoe.eu,false,
2022-07-24 23:00:00,Portugal,Portugal,PT,181.74,260.47,55.42,49.54,entsoe.eu,false,
2022-07-25 00:00:00,Portugal,Portugal,PT,186.67,265.72,54.32,48.05,entsoe.eu,false,
2022-07-25 01:00:00,Portugal,Portugal,PT,190.65,270.95,52.95,47.0,entsoe.eu,false,
2022-07-25 02:00:00,Portugal,Portugal,PT,191.53,273.83,51.93,47.11,entsoe.eu,false,
2022-07-25 03:00:00,Portugal,Portugal,PT,198.49,282.26,50.45,45.1,entsoe.eu,false,
2022-07-25 04:00:00,Portugal,Portugal,PT,199.08,283.7,49.81,45.33,entsoe.eu,false,
2022-07-25 05:00:00,Portugal,Portugal,PT,190.78,272.8,51.58,47.82,entsoe.eu,false,
2022-07-25 06:00:00,Portugal,Portugal,PT,186.59,265.87,53.12,48.8,entsoe.eu,false,
2022-07-25 07:00:00,Portugal,Portugal,PT,193.58,274.1,51.86,46.73,entsoe.eu,false,
2022-07-25 08:00:00,Portugal,Portugal,PT,191.57,271.4,52.66,47.17,entsoe.eu,false,
2022-07-25 09:00:00,Portugal,Portugal,PT,181.45,256.3,56.79,51.77,entsoe.eu,false,
2022-07-25 10:00:00,Portugal,Portugal,PT,186.85,264.66,55.09,49.26,entsoe.eu,false,
2022-07-25 11:00:00,Portugal,Portugal,PT,180.47,254.67,57.8,52.44,entsoe.eu,false,
2022-07-25 12:00:00,Portugal,Portugal,PT,176.53,252.96,56.66,51.0,entsoe.eu,false,
2022-07-25 13:00:00,Portugal,Portugal,PT,163.57,235.18,60.22,54.36,entsoe.eu,false,
2022-07-25 14:00:00,Portugal,Portugal,PT,159.49,229.03,61.32,55.44,entsoe.eu,false,
2022-07-25 15:00:00,Portugal,Portugal,PT,154.04,221.47,62.61,56.91,entsoe.eu,false,
2022-07-25 16:00:00,Portugal,Portugal,PT,153.02,220.2,62.73,57.34,entsoe.eu,false,
2022-07-25 17:00:00,Portugal,Portugal,PT,165.73,235.82,59.23,54.09,entsoe.eu,false,
2022-07-25 18:00:00,Portugal,Portugal,PT,174.02,246.47,56.89,52.12,entsoe.eu,false,
2022-07-25 19:00:00,Portugal,Portugal,PT,164.3,228.3,62.72,60.24,entsoe.eu,false,
2022-07-25 20:00:00,Portugal,Portugal,PT,164.48,231.47,60.9,58.38,entsoe.eu,false,
2022-07-25 21:00:00,Portugal,Portugal,PT,177.96,251.55,55.78,51.11,entsoe.eu,false,
2022-07-25 22:00:00,Portugal,Portugal,PT,186.7,263.65,53.52,48.57,entsoe.eu,false,
2022-07-25 23:00:00,Portugal,Portugal,PT,190.81,268.1,53.0,46.99,entsoe.eu,false,
2022-07-26 00:00:00,Portugal,Portugal,PT,184.37,260.89,55.05,48.65,entsoe.eu,false,
2022-07-26 01:00:00,Portugal,Portugal,PT,179.02,255.64,56.36,50.08,entsoe.eu,false,
2022-07-26 02:00:00,Portugal,Portugal,PT,181.68,259.78,55.46,49.39,entsoe.eu,false,
2022-07-26 03:00:00,Portugal,Portugal,PT,182.39,261.11,55.11,49.33,entsoe.eu,false,
2022-07-26 04:00:00,Portugal,Portugal,PT,190.3,270.75,52.83,47.41,entsoe.eu,false,
2022-07-26 05:00:00,Portugal,Portugal,PT,192.69,273.42,52.19,46.89,entsoe.eu,false,
2022-07-26 06:00:00,Portugal,Portugal,PT,191.09,269.96,53.38,46.97,entsoe.eu,false,
2022-07-26 07:00:00,Portugal,Portugal,PT,188.68,264.98,54.64,47.1,entsoe.eu,false,
2022-07-26 08:00:00,Portugal,Portugal,PT,174.9,248.62,57.82,50.15,entsoe.eu,false,
2022-07-26 09:00:00,Portugal,Portugal,PT,169.45,242.75,58.95,51.79,entsoe.eu,false,
2022-07-26 10:00:00,Portugal,Portugal,PT,163.69,236.1,60.27,53.67,entsoe.eu,false,
2022-07-26 11:00:00,Portugal,Portugal,PT,158.69,230.28,61.24,55.34,entsoe.eu,false,
2022-07-26 12:00:00,Portugal,Portugal,PT,153.11,222.47,62.54,56.82,entsoe.eu,false,
2022-07-26 13:00:00,Portugal,Portugal,PT,143.73,209.3,65.11,59.26,entsoe.eu,false,
2022-07-26 14:00:00,Portugal,Portugal,PT,136.23,199.33,67.05,61.37,entsoe.eu,false,
2022-07-26 15:00:00,Portugal,Portugal,PT,137.08,200.62,66.61,61.19,entsoe.eu,false,
2022-07-26 16:00:00,Portugal,Portugal,PT,140.21,204.38,65.84,60.25,entsoe.eu,false,
2022-07-26 17:00:00,Portugal,Portugal,PT,149.83,216.34,63.41,57.69,entsoe.eu,false,
2022-07-26 18:00:00,Portugal,Portugal,PT,158.06,226.35,61.34,56.16,entsoe.eu,false,
2022-07-26 19:00:00,Portugal,Portugal,PT,160.2,223.12,64.22,60.88,entsoe.eu,false,
2022-07-26 20:00:00,Portugal,Portugal,PT,165.47,230.51,62.53,59.0,entsoe.eu,false,
2022-07-26 21:00:00,Portugal,Portugal,PT,172.06,244.69,57.77,51.77,entsoe.eu,false,
2022-07-26 22:00:00,Portugal,Portugal,PT,177.53,251.16,57.2,51.51,entsoe.eu,false,
2022-07-26 23:00:00,Portugal,Portugal,PT,179.03,255.88,55.88,49.49,entsoe.eu,false,
2022-07-27 00:00:00,Portugal,Portugal,PT,176.28,253.13,56.74,49.85,entsoe.eu,false,
2022-07-27 01:00:00,Portugal,Portugal,PT,182.45,261.31,55.44,49.54,entsoe.eu,false,
2022-07-27 02:00:00,Portugal,Portugal,PT,181.17,261.02,55.29,48.72,entsoe.eu,false,
2022-07-27 03:00:00,Portugal,Portugal,PT,182.73,262.31,54.91,48.42,entsoe.eu,false,
2022-07-27 04:00:00,Portugal,Portugal,PT,197.73,281.72,50.1,45.14,entsoe.eu,false,
2022-07-27 05:00:00,Portugal,Portugal,PT,185.85,266.74,52.61,49.86,entsoe.eu,false,
2022-07-27 06:00:00,Portugal,Portugal,PT,186.88,265.87,53.56,51.28,entsoe.eu,false,
2022-07-27 07:00:00,Portugal,Portugal,PT,201.25,285.29,49.35,44.08,entsoe.eu,false,
2022-07-27 08:00:00,Portugal,Portugal,PT,195.82,277.53,51.53,45.18,entsoe.eu,false,
2022-07-27 09:00:00,Portugal,Portugal,PT,188.91,268.54,53.4,47.07,entsoe.eu,false,
2022-07-27 10:00:00,Portugal,Portugal,PT,182.23,258.09,56.29,51.15,entsoe.eu,false,
2022-07-27 11:00:00,Portugal,Portugal,PT,174.35,250.71,56.74,51.81,entsoe.eu,false,
2022-07-27 12:00:00,Portugal,Portugal,PT,173.41,249.05,57.02,51.72,entsoe.eu,false,
2022-07-27 13:00:00,Portugal,Portugal,PT,175.52,250.74,56.56,51.15,entsoe.eu,false,
2022-07-27 14:00:00,Portugal,Portugal,PT,167.49,240.52,58.65,53.42,entsoe.eu,false,
2022-07-27 15:00:00,Portugal,Portugal,PT,160.33,231.71,60.14,55.55,entsoe.eu,false,
2022-07-27 16:00:00,Portugal,Portugal,PT,147.8,215.34,63.41,58.96,entsoe.eu,false,
2022-07-27 17:00:00,Portugal,Portugal,PT,157.55,227.84,60.05,56.76,entsoe.eu,false,
2022-07-27 18:00:00,Portugal,Portugal,PT,162.43,233.43,58.7,56.54,entsoe.eu,false,
2022-07-27 19:00:00,Portugal,Portugal,PT,147.07,214.18,61.45,60.89,entsoe.eu,false,
2022-07-27 20:00:00,Portugal,Portugal,PT,136.71,201.99,63.44,63.44,entsoe.eu,false,
2022-07-27 21:00:00,Portugal,Portugal,PT,161.6,233.75,57.81,56.3,entsoe.eu,false,
2022-07-27 22:00:00,Portugal,Portugal,PT,154.84,223.37,60.53,60.53,entsoe.eu,false,
2022-07-27 23:00:00,Portugal,Portugal,PT,161.72,234.28,58.17,58.17,entsoe.eu,false,
2022-07-28 00:00:00,Portugal,Portugal,PT,166.42,242.41,55.63,55.63,entsoe.eu,false,
2022-07-28 01:00:00,Portugal,Portugal,PT,186.28,269.09,50.1,50.1,entsoe.eu,false,
2022-07-28 02:00:00,Portugal,Portugal,PT,193.34,276.61,48.76,48.76,entsoe.eu,false,
2022-07-28 03:00:00,Portugal,Portugal,PT,193.65,273.84,50.35,50.35,entsoe.eu,false,
2022-07-28 04:00:00,Portugal,Portugal,PT,194.41,275.33,49.65,49.65,entsoe.eu,false,
2022-07-28 05:00:00,Portugal,Portugal,PT,195.36,273.7,50.96,50.96,entsoe.eu,false,
2022-07-28 06:00:00,Portugal,Portugal,PT,177.27,248.02,56.93,56.93,entsoe.eu,false,
2022-07-28 07:00:00,Portugal,Portugal,PT,183.19,259.38,53.11,53.11,entsoe.eu,false,
2022-07-28 08:00:00,Portugal,Portugal,PT,189.76,268.64,51.56,51.56,entsoe.eu,false,
2022-07-28 09:00:00,Portugal,Portugal,PT,193.15,274.83,50.18,48.98,entsoe.eu,false,
2022-07-28 10:00:00,Portugal,Portugal,PT,178.92,246.96,59.73,59.73,entsoe.eu,false,
2022-07-28 11:00:00,Portugal,Portugal,PT,181.37,248.66,59.96,59.96,entsoe.eu,false,
2022-07-28 12:00:00,Portugal,Portugal,PT,178.11,249.3,58.08,58.08,entsoe.eu,false,
2022-07-28 13:00:00,Portugal,Portugal,PT,171.81,247.89,55.58,54.74,entsoe.eu,false,
2022-07-28 14:00:00,Portugal,Portugal,PT,165.49,240.27,56.69,55.55,entsoe.eu,false,
2022-07-28 15:00:00,Portugal,Portugal,PT,165.22,240.1,56.34,55.63,entsoe.eu,false,
2022-07-28 16:00:00,Portugal,Portugal,PT,166.22,239.03,57.5,57.21,entsoe.eu,false,
2022-07-28 17:00:00,Portugal,Portugal,PT,177.57,253.68,54.3,53.86,entsoe.eu,false,
2022-07-28 18:00:00,Portugal,Portugal,PT,166.53,233.78,59.52,59.52,entsoe.eu,false,
2022-07-28 19:00:00,Portugal,Portugal,PT,160.63,219.41,64.53,64.53,entsoe.eu,false,
2022-07-28 20:00:00,Portugal,Portugal,PT,164.9,228.11,61.76,61.76,entsoe.eu,false,
2022-07-28 21:00:00,Portugal,Portugal,PT,175.38,246.49,56.8,56.8,entsoe.eu,false,
2022-07-28 22:00:00,Portugal,Portugal,PT,180.33,259.82,51.73,51.73,entsoe.eu,false,
2022-07-28 23:00:00,Portugal,Portugal,PT,169.45,246.39,54.7,54.67,entsoe.eu,false,
2022-07-29 00:00:00,Portugal,Portugal,PT,173.84,252.16,54.11,53.36,entsoe.eu,false,
2022-07-29 01:00:00,Portugal,Portugal,PT,176.05,255.93,53.17,52.86,entsoe.eu,false,
2022-07-29 02:00:00,Portugal,Portugal,PT,173.12,252.6,53.89,53.67,entsoe.eu,false,
2022-07-29 03:00:00,Portugal,Portugal,PT,172.93,251.93,53.77,53.75,entsoe.eu,false,
2022-07-29 04:00:00,Portugal,Portugal,PT,180.74,261.36,51.64,51.64,entsoe.eu,false,
2022-07-29 05:00:00,Portugal,Portugal,PT,189.08,270.73,49.36,49.36,entsoe.eu,false,
2022-07-29 06:00:00,Portugal,Portugal,PT,191.37,273.84,48.75,48.75,entsoe.eu,false,
2022-07-29 07:00:00,Portugal,Portugal,PT,209.23,296.49,45.56,43.71,entsoe.eu,false,
2022-07-29 08:00:00,Portugal,Portugal,PT,202.32,286.54,48.61,45.31,entsoe.eu,false,
2022-07-29 09:00:00,Portugal,Portugal,PT,192.9,274.55,51.21,47.84,entsoe.eu,false,
2022-07-29 10:00:00,Portugal,Portugal,PT,200.04,283.84,49.0,45.93,entsoe.eu,false,
2022-07-29 11:00:00,Portugal,Portugal,PT,197.05,280.3,49.7,46.75,entsoe.eu,false,
2022-07-29 12:00:00,Portugal,Portugal,PT,198.63,281.67,49.73,46.18,entsoe.eu,false,
2022-07-29 13:00:00,Portugal,Portugal,PT,199.03,281.76,49.5,46.07,entsoe.eu,false,
2022-07-29 14:00:00,Portugal,Portugal,PT,191.7,271.72,51.76,47.92,entsoe.eu,false,
2022-07-29 15:00:00,Portugal,Portugal,PT,189.45,267.69,52.89,48.34,entsoe.eu,false,
2022-07-29 16:00:00,Portugal,Portugal,PT,190.13,268.07,52.83,48.08,entsoe.eu,false,
2022-07-29 17:00:00,Portugal,Portugal,PT,200.31,281.83,49.53,45.47,entsoe.eu,false,
2022-07-29 18:00:00,Portugal,Portugal,PT,201.99,283.69,48.62,45.26,entsoe.eu,false,
2022-07-29 19:00:00,Portugal,Portugal,PT,188.59,264.73,53.25,50.03,entsoe.eu,false,
2022-07-29 20:00:00,Portugal,Portugal,PT,183.79,259.62,53.85,50.28,entsoe.eu,false,
2022-07-29 21:00:00,Portugal,Portugal,PT,186.07,262.88,53.56,49.28,entsoe.eu,false,
2022-07-29 22:00:00,Portugal,Portugal,PT,179.29,246.04,60.78,58.49,entsoe.eu,false,
2022-07-29 23:00:00,Portugal,Portugal,PT,178.91,246.62,61.91,58.51,entsoe.eu,false,
2022-07-30 00:00:00,Portugal,Portugal,PT,174.39,249.66,57.91,52.78,entsoe.eu,false,
2022-07-30 01:00:00,Portugal,Portugal,PT,155.04,226.61,61.72,57.05,entsoe.eu,false,
2022-07-30 02:00:00,Portugal,Portugal,PT,156.93,228.38,60.82,56.75,entsoe.eu,false,
2022-07-30 03:00:00,Portugal,Portugal,PT,157.05,228.53,60.65,56.78,entsoe.eu,false,
2022-07-30 04:00:00,Portugal,Portugal,PT,156.94,229.23,60.43,56.89,entsoe.eu,false,
2022-07-30 05:00:00,Portugal,Portugal,PT,151.76,222.49,62.65,57.8,entsoe.eu,false,
2022-07-30 06:00:00,Portugal,Portugal,PT,152.69,222.95,62.95,57.0,entsoe.eu,false,
2022-07-30 07:00:00,Portugal,Portugal,PT,149.58,218.24,64.32,57.42,entsoe.eu,false,
2022-07-30 08:00:00,Portugal,Portugal,PT,141.88,208.37,66.64,59.14,entsoe.eu,false,
2022-07-30 09:00:00,Portugal,Portugal,PT,147.87,216.64,65.09,57.44,entsoe.eu,false,
2022-07-30 10:00:00,Portugal,Portugal,PT,148.7,217.11,65.45,56.95,entsoe.eu,false,
2022-07-30 11:00:00,Portugal,Portugal,PT,153.2,223.89,64.07,55.85,entsoe.eu,false,
2022-07-30 12:00:00,Portugal,Portugal,PT,161.15,234.74,61.92,53.86,entsoe.eu,false,
2022-07-30 13:00:00,Portugal,Portugal,PT,161.17,234.39,62.44,54.65,entsoe.eu,false,
2022-07-30 14:00:00,Portugal,Portugal,PT,161.35,234.65,62.1,53.37,entsoe.eu,false,
2022-07-30 15:00:00,Portugal,Portugal,PT,162.7,235.24,61.99,52.83,entsoe.eu,false,
2022-07-30 16:00:00,Portugal,Portugal,PT,165.53,238.69,61.03,52.1,entsoe.eu,false,
2022-07-30 17:00:00,Portugal,Portugal,PT,173.04,243.56,61.48,53.58,entsoe.eu,false,
2022-07-30 18:00:00,Portugal,Portugal,PT,175.27,243.66,61.65,54.09,entsoe.eu,false,
2022-07-30 19:00:00,Portugal,Portugal,PT,154.62,216.22,66.26,60.8,entsoe.eu,false,
2022-07-30 20:00:00,Portugal,Portugal,PT,161.6,227.53,63.23,57.56,entsoe.eu,false,
2022-07-30 21:00:00,Portugal,Portugal,PT,171.67,242.75,60.19,52.08,entsoe.eu,false,
2022-07-30 22:00:00,Portugal,Portugal,PT,192.22,269.54,55.35,46.15,entsoe.eu,false,
2022-07-30 23:00:00,Portugal,Portugal,PT,201.89,283.49,52.13,42.15,entsoe.eu,false,
2022-07-31 00:00:00,Portugal,Portugal,PT,201.39,283.23,52.22,42.38,entsoe.eu,false,
2022-07-31 01:00:00,Portugal,Portugal,PT,194.3,273.53,53.87,44.23,entsoe.eu,false,
2022-07-31 02:00:00,Portugal,Portugal,PT,199.35,281.17,52.39,42.71,entsoe.eu,false,
2022-07-31 03:00:00,Portugal,Portugal,PT,199.7,282.44,52.07,42.89,entsoe.eu,false,
2022-07-31 04:00:00,Portugal,Portugal,PT,204.92,288.27,50.87,41.53,entsoe.eu,false,
2022-07-31 05:00:00,Portugal,Portugal,PT,194.04,274.62,53.65,44.45,entsoe.eu,false,
2022-07-31 06:00:00,Portugal,Portugal,PT,189.99,269.01,54.72,45.14,entsoe.eu,false,
2022-07-31 07:00:00,Portugal,Portugal,PT,171.37,244.75,59.7,49.29,entsoe.eu,false,
2022-07-31 08:00:00,Portugal,Portugal,PT,152.66,221.87,64.0,53.54,entsoe.eu,false,
2022-07-31 09:00:00,Portugal,Portugal,PT,153.03,224.65,62.95,53.71,entsoe.eu,false,
2022-07-31 10:00:00,Portugal,Portugal,PT,153.62,226.32,62.79,54.06,entsoe.eu,false,
2022-07-31 11:00:00,Portugal,Portugal,PT,161.18,235.89,61.61,52.68,entsoe.eu,false,
2022-07-31 12:00:00,Portugal,Portugal,PT,165.0,239.62,61.25,51.87,entsoe.eu,false,
2022-07-31 13:00:00,Portugal,Portugal,PT,166.13,240.82,60.9,51.6,entsoe.eu,false,
2022-07-31 14:00:00,Portugal,Portugal,PT,158.87,231.5,62.82,53.57,entsoe.eu,false,
2022-07-31 15:00:00,Portugal,Portugal,PT,159.82,231.82,62.48,53.4,entsoe.eu,false,
2022-07-31 16:00:00,Portugal,Portugal,PT,158.94,229.73,62.85,53.68,entsoe.eu,false,
2022-07-31 17:00:00,Portugal,Portugal,PT,179.61,255.42,57.15,48.62,entsoe.eu,false,
2022-07-31 18:00:00,Portugal,Portugal,PT,188.55,256.0,60.11,55.48,entsoe.eu,false,
2022-07-31 19:00:00,Portugal,Portugal,PT,173.64,233.18,64.99,64.43,entsoe.eu,false,
2022-07-31 20:00:00,Portugal,Portugal,PT,164.19,220.11,67.69,67.69,entsoe.eu,false,
2022-07-31 21:00:00,Portugal,Portugal,PT,192.85,262.06,58.51,56.16,entsoe.eu,false,
2022-07-31 22:00:00,Portugal,Portugal,PT,215.47,299.91,47.72,40.82,entsoe.eu,false,
2022-07-31 23:00:00,Portugal,Portugal,PT,221.39,308.51,46.21,37.58,entsoe.eu,false,
2022-08-01 00:00:00,Portugal,Portugal,PT,226.59,315.65,44.99,36.0,entsoe.eu,false,
2022-08-01 01:00:00,Portugal,Portugal,PT,233.31,325.44,42.7,34.4,entsoe.eu,false,
2022-08-01 02:00:00,Portugal,Portugal,PT,235.35,329.34,41.28,34.37,entsoe.eu,false,
2022-08-01 03:00:00,Portugal,Portugal,PT,244.46,341.36,38.28,32.31,entsoe.eu,false,
2022-08-01 04:00:00,Portugal,Portugal,PT,260.89,363.19,33.41,28.33,entsoe.eu,false,
2022-08-01 05:00:00,Portugal,Portugal,PT,265.2,368.62,32.5,27.32,entsoe.eu,false,
2022-08-01 06:00:00,Portugal,Portugal,PT,255.4,354.5,35.62,29.83,entsoe.eu,false,
2022-08-01 07:00:00,Portugal,Portugal,PT,238.25,330.69,40.88,34.02,entsoe.eu,false,
2022-08-01 08:00:00,Portugal,Portugal,PT,220.97,307.57,45.9,39.27,entsoe.eu,false,
2022-08-01 09:00:00,Portugal,Portugal,PT,210.4,291.57,50.41,44.13,entsoe.eu,false,
2022-08-01 10:00:00,Portugal,Portugal,PT,206.03,285.38,51.73,45.58,entsoe.eu,false,
2022-08-01 11:00:00,Portugal,Portugal,PT,203.84,283.39,51.79,45.82,entsoe.eu,false,
2022-08-01 12:00:00,Portugal,Portugal,PT,201.74,281.55,51.88,46.0,entsoe.eu,false,
2022-08-01 13:00:00,Portugal,Portugal,PT,197.66,276.67,52.62,46.39,entsoe.eu,false,
2022-08-01 14:00:00,Portugal,Portugal,PT,191.6,269.06,54.09,47.76,entsoe.eu,false,
2022-08-01 15:00:00,Portugal,Portugal,PT,192.76,270.71,53.45,47.04,entsoe.eu,false,
2022-08-01 16:00:00,Portugal,Portugal,PT,198.12,277.59,51.78,45.32,entsoe.eu,false,
2022-08-01 17:00:00,Portugal,Portugal,PT,210.67,289.58,50.27,45.35,entsoe.eu,false,
2022-08-01 18:00:00,Portugal,Portugal,PT,206.83,283.0,50.89,48.37,entsoe.eu,false,
2022-08-01 19:00:00,Portugal,Portugal,PT,192.63,262.41,55.69,55.31,entsoe.eu,false,
2022-08-01 20:00:00,Portugal,Portugal,PT,213.4,288.87,50.92,49.89,entsoe.eu,false,
2022-08-01 21:00:00,Portugal,Portugal,PT,239.01,328.05,41.46,36.67,entsoe.eu,false,
2022-08-01 22:00:00,Portugal,Portugal,PT,246.24,338.56,39.08,33.79,entsoe.eu,false,
2022-08-01 23:00:00,Portugal,Portugal,PT,266.49,366.12,33.74,28.0,entsoe.eu,false,
2022-08-02 00:00:00,Portugal,Portugal,PT,269.93,372.31,32.68,25.44,entsoe.eu,false,
2022-08-02 01:00:00,Portugal,Portugal,PT,275.27,379.13,31.23,23.97,entsoe.eu,false,
2022-08-02 02:00:00,Portugal,Portugal,PT,275.12,379.93,30.99,24.19,entsoe.eu,false,
2022-08-02 03:00:00,Portugal,Portugal,PT,285.62,393.94,27.47,21.77,entsoe.eu,false,
2022-08-02 04:00:00,Portugal,Portugal,PT,283.05,389.09,28.94,25.17,entsoe.eu,false,
2022-08-02 05:00:00,Portugal,Portugal,PT,266.8,366.97,33.66,31.33,entsoe.eu,false,
2022-08-02 06:00:00,Portugal,Portugal,PT,266.85,368.16,32.95,29.2,entsoe.eu,false,
2022-08-02 07:00:00,Portugal,Portugal,PT,256.13,353.78,35.92,30.23,entsoe.eu,false,
2022-08-02 08:00:00,Portugal,Portugal,PT,239.22,331.81,40.67,34.07,entsoe.eu,false,
2022-08-02 09:00:00,Portugal,Portugal,PT,225.01,313.65,44.21,37.97,entsoe.eu,false,
2022-08-02 10:00:00,Portugal,Portugal,PT,214.39,299.92,46.96,40.92,entsoe.eu,false,
2022-08-02 11:00:00,Portugal,Portugal,PT,210.97,295.95,47.47,42.02,entsoe.eu,false,
2022-08-02 12:00:00,Portugal,Portugal,PT,206.05,290.13,48.41,43.47,entsoe.eu,false,
2022-08-02 13:00:00,Portugal,Portugal,PT,203.66,287.07,49.1,44.08,entsoe.eu,false,
2022-08-02 14:00:00,Portugal,Portugal,PT,202.63,285.42,49.54,44.31,entsoe.eu,false,
2022-08-02 15:00:00,Portugal,Portugal,PT,206.06,288.89,48.84,43.39,entsoe.eu,false,
2022-08-02 16:00:00,Portugal,Portugal,PT,215.55,300.76,46.24,40.89,entsoe.eu,false,
2022-08-02 17:00:00,Portugal,Portugal,PT,214.07,296.23,47.76,43.57,entsoe.eu,false,
2022-08-02 18:00:00,Portugal,Portugal,PT,195.99,268.15,54.47,53.06,entsoe.eu,false,
2022-08-02 19:00:00,Portugal,Portugal,PT,190.51,258.66,57.5,57.5,entsoe.eu,false,
2022-08-02 20:00:00,Portugal,Portugal,PT,205.6,278.8,53.47,52.93,entsoe.eu,false,
2022-08-02 21:00:00,Portugal,Portugal,PT,226.08,309.47,46.05,43.8,entsoe.eu,false,
2022-08-02 22:00:00,Portugal,Portugal,PT,230.02,315.29,45.21,42.35,entsoe.eu,false,
2022-08-02 23:00:00,Portugal,Portugal,PT,237.94,327.78,42.48,38.99,entsoe.eu,false,
2022-08-03 00:00:00,Portugal,Portugal,PT,264.17,366.51,33.69,27.52,entsoe.eu,false,
2022-08-03 01:00:00,Portugal,Portugal,PT,262.65,364.36,34.66,27.52,entsoe.eu,false,
2022-08-03 02:00:00,Portugal,Portugal,PT,266.54,369.74,33.68,26.54,entsoe.eu,false,
2022-08-03 03:00:00,Portugal,Portugal,PT,274.22,380.3,30.94,24.1,entsoe.eu,false,
2022-08-03 04:00:00,Portugal,Portugal,PT,258.52,356.26,36.64,31.99,entsoe.eu,false,
2022-08-03 05:00:00,Portugal,Portugal,PT,249.47,343.26,39.36,36.09,entsoe.eu,false,
2022-08-03 06:00:00,Portugal,Portugal,PT,250.32,344.18,38.69,34.18,entsoe.eu,false,
2022-08-03 07:00:00,Portugal,Portugal,PT,245.35,338.09,39.96,33.23,entsoe.eu,false,
2022-08-03 08:00:00,Portugal,Portugal,PT,219.66,304.59,46.95,40.24,entsoe.eu,false,
2022-08-03 09:00:00,Portugal,Portugal,PT,211.33,295.02,48.47,42.2,entsoe.eu,false,
2022-08-03 10:00:00,Portugal,Portugal,PT,204.5,286.84,49.82,43.98,entsoe.eu,false,
2022-08-03 11:00:00,Portugal,Portugal,PT,194.11,274.86,51.54,46.19,entsoe.eu,false,
2022-08-03 12:00:00,Portugal,Portugal,PT,196.9,278.65,50.44,45.03,entsoe.eu,false,
2022-08-03 13:00:00,Portugal,Portugal,PT,196.05,277.14,50.83,45.18,entsoe.eu,false,
2022-08-03 14:00:00,Portugal,Portugal,PT,193.43,273.5,51.58,45.82,entsoe.eu,false,
2022-08-03 15:00:00,Portugal,Portugal,PT,190.61,269.99,52.33,46.45,entsoe.eu,false,
2022-08-03 16:00:00,Portugal,Portugal,PT,195.43,275.86,51.06,45.12,entsoe.eu,false,
2022-08-03 17:00:00,Portugal,Portugal,PT,206.51,288.24,48.75,43.42,entsoe.eu,false,
2022-08-03 18:00:00,Portugal,Portugal,PT,210.78,291.49,48.22,43.51,entsoe.eu,false,
2022-08-03 19:00:00,Portugal,Portugal,PT,206.19,285.17,49.22,45.05,entsoe.eu,false,
2022-08-03 20:00:00,Portugal,Portugal,PT,213.63,295.15,47.4,42.49,entsoe.eu,false,
2022-08-03 21:00:00,Portugal,Portugal,PT,216.41,299.27,46.95,41.83,entsoe.eu,false,
2022-08-03 22:00:00,Portugal,Portugal,PT,216.39,297.96,48.26,44.69,entsoe.eu,false,
2022-08-03 23:00:00,Portugal,Portugal,PT,227.61,320.2,42.23,37.58,entsoe.eu,false,
2022-08-04 00:00:00,Portugal,Portugal,PT,241.49,338.72,38.8,32.44,entsoe.eu,false,
2022-08-04 01:00:00,Portugal,Portugal,PT,249.14,348.93,37.04,30.22,entsoe.eu,false,
2022-08-04 02:00:00,Portugal,Portugal,PT,252.03,352.92,36.22,29.37,entsoe.eu,false,
2022-08-04 03:00:00,Portugal,Portugal,PT,253.36,354.18,36.14,29.63,entsoe.eu,false,
2022-08-04 04:00:00,Portugal,Portugal,PT,251.68,351.66,35.94,30.01,entsoe.eu,false,
2022-08-04 05:00:00,Portugal,Portugal,PT,229.91,321.81,41.49,38.58,entsoe.eu,false,
2022-08-04 06:00:00,Portugal,Portugal,PT,226.35,318.22,41.75,38.33,entsoe.eu,false,
2022-08-04 07:00:00,Portugal,Portugal,PT,235.82,328.31,40.83,34.44,entsoe.eu,false,
2022-08-04 08:00:00,Portugal,Portugal,PT,223.16,310.23,45.1,37.9,entsoe.eu,false,
2022-08-04 09:00:00,Portugal,Portugal,PT,206.95,290.94,48.31,41.21,entsoe.eu,false,
2022-08-04 10:00:00,Portugal,Portugal,PT,198.79,280.86,50.28,43.75,entsoe.eu,false,
2022-08-04 11:00:00,Portugal,Portugal,PT,193.49,274.68,51.27,45.59,entsoe.eu,false,
2022-08-04 12:00:00,Portugal,Portugal,PT,190.11,270.38,52.17,46.49,entsoe.eu,false,
2022-08-04 13:00:00,Portugal,Portugal,PT,190.53,270.5,51.99,46.28,entsoe.eu,false,
2022-08-04 14:00:00,Portugal,Portugal,PT,185.19,263.03,53.66,47.46,entsoe.eu,false,
2022-08-04 15:00:00,Portugal,Portugal,PT,180.36,256.56,55.06,48.65,entsoe.eu,false,
2022-08-04 16:00:00,Portugal,Portugal,PT,182.75,259.32,54.5,47.97,entsoe.eu,false,
2022-08-04 17:00:00,Portugal,Portugal,PT,193.36,272.58,51.91,45.08,entsoe.eu,false,
2022-08-04 18:00:00,Portugal,Portugal,PT,214.0,297.91,46.78,39.63,entsoe.eu,false,
2022-08-04 19:00:00,Portugal,Portugal,PT,202.99,282.63,49.83,44.06,entsoe.eu,false,
2022-08-04 20:00:00,Portugal,Portugal,PT,205.43,287.23,48.43,42.85,entsoe.eu,false,
2022-08-04 21:00:00,Portugal,Portugal,PT,216.25,301.54,45.89,39.13,entsoe.eu,false,
2022-08-04 22:00:00,Portugal,Portugal,PT,218.8,304.95,45.64,39.61,entsoe.eu,false,
2022-08-04 23:00:00,Portugal,Portugal,PT,233.89,326.73,41.38,34.68,entsoe.eu,false,
2022-08-05 00:00:00,Portugal,Portugal,PT,236.94,331.82,40.81,32.62,entsoe.eu,false,
2022-08-05 01:00:00,Portugal,Portugal,PT,235.12,329.26,41.26,33.01,entsoe.eu,false,
2022-08-05 02:00:00,Portugal,Portugal,PT,235.06,329.48,41.12,33.12,entsoe.eu,false,
2022-08-05 03:00:00,Portugal,Portugal,PT,231.74,325.5,41.59,34.37,entsoe.eu,false,
2022-08-05 04:00:00,Portugal,Portugal,PT,231.28,325.9,40.81,35.5,entsoe.eu,false,
2022-08-05 05:00:00,Portugal,Portugal,PT,230.75,326.34,40.34,36.25,entsoe.eu,false,
2022-08-05 06:00:00,Portugal,Portugal,PT,224.37,317.31,42.19,37.76,entsoe.eu,false,
2022-08-05 07:00:00,Portugal,Portugal,PT,207.27,293.49,47.72,41.28,entsoe.eu,false,
2022-08-05 08:00:00,Portugal,Portugal,PT,197.94,280.23,50.78,43.14,entsoe.eu,false,
2022-08-05 09:00:00,Portugal,Portugal,PT,197.88,279.73,50.7,43.39,entsoe.eu,false,
2022-08-05 10:00:00,Portugal,Portugal,PT,193.9,275.31,51.6,44.72,entsoe.eu,false,
2022-08-05 11:00:00,Portugal,Portugal,PT,191.46,272.78,52.06,45.61,entsoe.eu,false,
2022-08-05 12:00:00,Portugal,Portugal,PT,188.79,269.88,52.67,46.37,entsoe.eu,false,
2022-08-05 13:00:00,Portugal,Portugal,PT,186.06,265.64,53.57,46.8,entsoe.eu,false,
2022-08-05 14:00:00,Portugal,Portugal,PT,186.13,264.76,53.6,46.69,entsoe.eu,false,
2022-08-05 15:00:00,Portugal,Portugal,PT,179.67,257.15,55.53,48.19,entsoe.eu,false,
2022-08-05 16:00:00,Portugal,Portugal,PT,182.15,260.04,54.85,47.42,entsoe.eu,false,
2022-08-05 17:00:00,Portugal,Portugal,PT,197.62,279.49,50.76,43.42,entsoe.eu,false,
2022-08-05 18:00:00,Portugal,Portugal,PT,207.66,290.08,48.65,41.75,entsoe.eu,false,
2022-08-05 19:00:00,Portugal,Portugal,PT,197.9,274.77,52.27,46.76,entsoe.eu,false,
2022-08-05 20:00:00,Portugal,Portugal,PT,198.29,278.29,50.41,43.84,entsoe.eu,false,
2022-08-05 21:00:00,Portugal,Portugal,PT,210.43,294.35,47.87,39.96,entsoe.eu,false,
2022-08-05 22:00:00,Portugal,Portugal,PT,207.09,284.61,53.21,46.29,entsoe.eu,false,
2022-08-05 23:00:00,Portugal,Portugal,PT,196.08,270.78,57.05,49.84,entsoe.eu,false,
2022-08-06 00:00:00,Portugal,Portugal,PT,197.31,275.81,55.17,47.25,entsoe.eu,false,
2022-08-06 01:00:00,Portugal,Portugal,PT,197.38,278.23,54.23,45.62,entsoe.eu,false,
2022-08-06 02:00:00,Portugal,Portugal,PT,198.62,281.44,52.16,41.19,entsoe.eu,false,
2022-08-06 03:00:00,Portugal,Portugal,PT,199.32,281.46,52.12,41.0,entsoe.eu,false,
2022-08-06 04:00:00,Portugal,Portugal,PT,198.33,282.15,51.68,42.07,entsoe.eu,false,
2022-08-06 05:00:00,Portugal,Portugal,PT,193.0,276.27,52.72,44.0,entsoe.eu,false,
2022-08-06 06:00:00,Portugal,Portugal,PT,193.53,276.23,52.43,43.99,entsoe.eu,false,
2022-08-06 07:00:00,Portugal,Portugal,PT,184.61,264.23,55.25,45.66,entsoe.eu,false,
2022-08-06 08:00:00,Portugal,Portugal,PT,168.6,244.7,59.19,49.92,entsoe.eu,false,
2022-08-06 09:00:00,Portugal,Portugal,PT,162.25,236.83,60.72,51.92,entsoe.eu,false,
2022-08-06 10:00:00,Portugal,Portugal,PT,155.13,227.4,62.49,54.12,entsoe.eu,false,
2022-08-06 11:00:00,Portugal,Portugal,PT,147.18,217.54,64.24,56.65,entsoe.eu,false,
2022-08-06 12:00:00,Portugal,Portugal,PT,151.27,223.98,63.13,55.62,entsoe.eu,false,
2022-08-06 13:00:00,Portugal,Portugal,PT,154.59,227.74,62.43,54.49,entsoe.eu,false,
2022-08-06 14:00:00,Portugal,Portugal,PT,158.43,233.31,61.33,53.63,entsoe.eu,false,
2022-08-06 15:00:00,Portugal,Portugal,PT,162.15,236.83,60.6,52.29,entsoe.eu,false,
2022-08-06 16:00:00,Portugal,Portugal,PT,167.59,243.52,59.37,50.65,entsoe.eu,false,
2022-08-06 17:00:00,Portugal,Portugal,PT,183.44,259.82,57.13,49.43,entsoe.eu,false,
2022-08-06 18:00:00,Portugal,Portugal,PT,190.15,261.45,58.51,52.56,entsoe.eu,false,
2022-08-06 19:00:00,Portugal,Portugal,PT,174.42,239.39,62.68,59.2,entsoe.eu,false,
2022-08-06 20:00:00,Portugal,Portugal,PT,177.17,245.31,60.61,57.28,entsoe.eu,false,
2022-08-06 21:00:00,Portugal,Portugal,PT,205.82,287.84,50.68,43.91,entsoe.eu,false,
2022-08-06 22:00:00,Portugal,Portugal,PT,220.45,305.48,47.97,40.03,entsoe.eu,false,
2022-08-06 23:00:00,Portugal,Portugal,PT,230.62,319.5,44.56,35.73,entsoe.eu,false,
2022-08-07 00:00:00,Portugal,Portugal,PT,241.59,336.88,40.97,31.33,entsoe.eu,false,
2022-08-07 01:00:00,Portugal,Portugal,PT,254.24,353.72,37.92,27.69,entsoe.eu,false,
2022-08-07 02:00:00,Portugal,Portugal,PT,256.16,357.31,37.01,26.89,entsoe.eu,false,
2022-08-07 03:00:00,Portugal,Portugal,PT,248.76,348.28,38.64,28.66,entsoe.eu,false,
2022-08-07 04:00:00,Portugal,Portugal,PT,249.0,348.52,38.85,30.64,entsoe.eu,false,
2022-08-07 05:00:00,Portugal,Portugal,PT,255.68,357.67,37.36,29.22,entsoe.eu,false,
2022-08-07 06:00:00,Portugal,Portugal,PT,245.2,345.06,39.4,31.35,entsoe.eu,false,
2022-08-07 07:00:00,Portugal,Portugal,PT,217.62,307.68,46.73,37.17,entsoe.eu,false,
2022-08-07 08:00:00,Portugal,Portugal,PT,192.77,276.07,52.9,43.13,entsoe.eu,false,
2022-08-07 09:00:00,Portugal,Portugal,PT,185.63,267.25,54.5,45.34,entsoe.eu,false,
2022-08-07 10:00:00,Portugal,Portugal,PT,170.81,247.95,58.13,49.29,entsoe.eu,false,
2022-08-07 11:00:00,Portugal,Portugal,PT,154.37,227.17,62.3,53.64,entsoe.eu,false,
2022-08-07 12:00:00,Portugal,Portugal,PT,149.54,220.99,63.52,54.71,entsoe.eu,false,
2022-08-07 13:00:00,Portugal,Portugal,PT,151.24,223.01,63.15,54.96,entsoe.eu,false,
2022-08-07 14:00:00,Portugal,Portugal,PT,158.04,231.09,61.77,53.64,entsoe.eu,false,
2022-08-07 15:00:00,Portugal,Portugal,PT,165.56,240.22,60.15,52.15,entsoe.eu,false,
2022-08-07 16:00:00,Portugal,Portugal,PT,178.06,255.75,57.27,48.75,entsoe.eu,false,
2022-08-07 17:00:00,Portugal,Portugal,PT,196.16,279.15,52.22,44.25,entsoe.eu,false,
2022-08-07 18:00:00,Portugal,Portugal,PT,208.38,287.96,52.59,45.48,entsoe.eu,false,
2022-08-07 19:00:00,Portugal,Portugal,PT,198.59,272.52,55.84,50.71,entsoe.eu,false,
2022-08-07 20:00:00,Portugal,Portugal,PT,198.3,271.82,56.08,50.95,entsoe.eu,false,
2022-08-07 21:00:00,Portugal,Portugal,PT,221.99,305.12,48.88,41.1,entsoe.eu,false,
2022-08-07 22:00:00,Portugal,Portugal,PT,230.62,315.2,47.94,40.65,entsoe.eu,false,
2022-08-07 23:00:00,Portugal,Portugal,PT,253.19,350.35,39.16,29.75,entsoe.eu,false,
2022-08-08 00:00:00,Portugal,Portugal,PT,265.34,366.69,35.86,25.84,entsoe.eu,false,
2022-08-08 01:00:00,Portugal,Portugal,PT,275.89,380.69,32.64,22.9,entsoe.eu,false,
2022-08-08 02:00:00,Portugal,Portugal,PT,283.77,390.46,30.74,20.77,entsoe.eu,false,
2022-08-08 03:00:00,Portugal,Portugal,PT,295.68,407.52,26.51,18.18,entsoe.eu,false,
2022-08-08 04:00:00,Portugal,Portugal,PT,292.98,404.66,26.33,20.06,entsoe.eu,false,
2022-08-08 05:00:00,Portugal,Portugal,PT,277.63,380.98,32.46,28.28,entsoe.eu,false,
2022-08-08 06:00:00,Portugal,Portugal,PT,259.57,356.89,36.88,33.83,entsoe.eu,false,
2022-08-08 07:00:00,Portugal,Portugal,PT,255.46,354.67,35.6,30.52,entsoe.eu,false,
2022-08-08 08:00:00,Portugal,Portugal,PT,249.03,346.34,37.52,31.19,entsoe.eu,false,
2022-08-08 09:00:00,Portugal,Portugal,PT,237.58,331.63,40.68,34.27,entsoe.eu,false,
2022-08-08 10:00:00,Portugal,Portugal,PT,225.62,316.02,43.98,37.55,entsoe.eu,false,
2022-08-08 11:00:00,Portugal,Portugal,PT,217.82,307.0,45.34,39.94,entsoe.eu,false,
2022-08-08 12:00:00,Portugal,Portugal,PT,211.4,299.31,46.69,41.81,entsoe.eu,false,
2022-08-08 13:00:00,Portugal,Portugal,PT,209.4,295.83,47.35,42.2,entsoe.eu,false,
2022-08-08 14:00:00,Portugal,Portugal,PT,205.61,290.93,48.68,43.06,entsoe.eu,false,
2022-08-08 15:00:00,Portugal,Portugal,PT,208.97,294.6,47.86,42.03,entsoe.eu,false,
2022-08-08 16:00:00,Portugal,Portugal,PT,214.98,301.34,46.72,40.4,entsoe.eu,false,
2022-08-08 17:00:00,Portugal,Portugal,PT,232.65,323.07,42.16,35.79,entsoe.eu,false,
2022-08-08 18:00:00,Portugal,Portugal,PT,238.12,326.46,42.34,37.28,entsoe.eu,false,
2022-08-08 19:00:00,Portugal,Portugal,PT,210.6,287.21,51.18,48.96,entsoe.eu,false,
2022-08-08 20:00:00,Portugal,Portugal,PT,224.02,307.93,45.97,43.14,entsoe.eu,false,
2022-08-08 21:00:00,Portugal,Portugal,PT,247.52,342.52,38.35,31.82,entsoe.eu,false,
2022-08-08 22:00:00,Portugal,Portugal,PT,258.02,355.72,35.88,29.89,entsoe.eu,false,
2022-08-08 23:00:00,Portugal,Portugal,PT,258.76,359.9,34.13,28.22,entsoe.eu,false,
2022-08-09 00:00:00,Portugal,Portugal,PT,258.5,360.08,35.15,27.53,entsoe.eu,false,
2022-08-09 01:00:00,Portugal,Portugal,PT,260.63,362.46,35.08,27.07,entsoe.eu,false,
2022-08-09 02:00:00,Portugal,Portugal,PT,258.28,360.05,35.83,27.88,entsoe.eu,false,
2022-08-09 03:00:00,Portugal,Portugal,PT,259.52,361.55,35.28,27.94,entsoe.eu,false,
2022-08-09 04:00:00,Portugal,Portugal,PT,266.46,372.41,31.71,27.37,entsoe.eu,false,
2022-08-09 05:00:00,Portugal,Portugal,PT,254.27,356.12,35.28,30.53,entsoe.eu,false,
2022-08-09 06:00:00,Portugal,Portugal,PT,250.0,347.9,37.32,31.3,entsoe.eu,false,
2022-08-09 07:00:00,Portugal,Portugal,PT,236.34,329.31,41.21,34.75,entsoe.eu,false,
2022-08-09 08:00:00,Portugal,Portugal,PT,218.51,306.77,45.89,39.49,entsoe.eu,false,
2022-08-09 09:00:00,Portugal,Portugal,PT,216.17,303.79,46.36,40.26,entsoe.eu,false,
2022-08-09 10:00:00,Portugal,Portugal,PT,203.26,287.47,49.9,43.73,entsoe.eu,false,
2022-08-09 11:00:00,Portugal,Portugal,PT,195.3,277.34,51.66,45.99,entsoe.eu,false,
2022-08-09 12:00:00,Portugal,Portugal,PT,190.68,271.09,52.63,47.26,entsoe.eu,false,
2022-08-09 13:00:00,Portugal,Portugal,PT,196.06,277.53,51.07,45.68,entsoe.eu,false,
2022-08-09 14:00:00,Portugal,Portugal,PT,200.15,282.92,50.04,44.56,entsoe.eu,false,
2022-08-09 15:00:00,Portugal,Portugal,PT,205.93,290.38,48.67,43.05,entsoe.eu,false,
2022-08-09 16:00:00,Portugal,Portugal,PT,214.87,301.62,46.34,40.76,entsoe.eu,false,
2022-08-09 17:00:00,Portugal,Portugal,PT,229.47,319.88,42.58,36.82,entsoe.eu,false,
2022-08-09 18:00:00,Portugal,Portugal,PT,238.95,327.91,41.87,36.62,entsoe.eu,false,
2022-08-09 19:00:00,Portugal,Portugal,PT,225.58,308.01,46.57,42.61,entsoe.eu,false,
2022-08-09 20:00:00,Portugal,Portugal,PT,235.11,323.3,42.54,37.6,entsoe.eu,false,
2022-08-09 21:00:00,Portugal,Portugal,PT,248.46,343.32,38.02,31.33,entsoe.eu,false,
2022-08-09 22:00:00,Portugal,Portugal,PT,254.37,347.79,38.58,34.09,entsoe.eu,false,
2022-08-09 23:00:00,Portugal,Portugal,PT,279.47,386.01,29.81,24.32,entsoe.eu,false,
2022-08-10 00:00:00,Portugal,Portugal,PT,282.61,391.34,28.74,22.2,entsoe.eu,false,
2022-08-10 01:00:00,Portugal,Portugal,PT,289.37,398.02,28.0,20.02,entsoe.eu,false,
2022-08-10 02:00:00,Portugal,Portugal,PT,285.72,393.62,28.62,21.1,entsoe.eu,false,
2022-08-10 03:00:00,Portugal,Portugal,PT,271.2,375.32,31.74,25.36,entsoe.eu,false,
2022-08-10 04:00:00,Portugal,Portugal,PT,255.5,356.88,34.22,30.45,entsoe.eu,false,
2022-08-10 05:00:00,Portugal,Portugal,PT,236.46,334.52,37.69,36.28,entsoe.eu,false,
2022-08-10 06:00:00,Portugal,Portugal,PT,220.58,313.17,41.96,40.53,entsoe.eu,false,
2022-08-10 07:00:00,Portugal,Portugal,PT,210.89,298.02,46.03,42.53,entsoe.eu,false,
2022-08-10 08:00:00,Portugal,Portugal,PT,199.45,281.96,49.95,45.17,entsoe.eu,false,
2022-08-10 09:00:00,Portugal,Portugal,PT,187.4,266.68,52.71,48.54,entsoe.eu,false,
2022-08-10 10:00:00,Portugal,Portugal,PT,177.73,255.46,54.54,51.46,entsoe.eu,false,
2022-08-10 11:00:00,Portugal,Portugal,PT,171.34,247.93,55.63,53.45,entsoe.eu,false,
2022-08-10 12:00:00,Portugal,Portugal,PT,169.17,245.92,56.14,54.07,entsoe.eu,false,
2022-08-10 13:00:00,Portugal,Portugal,PT,178.88,257.49,53.96,51.22,entsoe.eu,false,
2022-08-10 14:00:00,Portugal,Portugal,PT,184.95,265.46,52.83,49.33,entsoe.eu,false,
2022-08-10 15:00:00,Portugal,Portugal,PT,203.67,289.16,48.73,44.28,entsoe.eu,false,
2022-08-10 16:00:00,Portugal,Portugal,PT,214.5,302.75,46.01,40.87,entsoe.eu,false,
2022-08-10 17:00:00,Portugal,Portugal,PT,221.82,308.19,45.65,41.64,entsoe.eu,false,
2022-08-10 18:00:00,Portugal,Portugal,PT,218.32,300.6,47.74,45.01,entsoe.eu,false,
2022-08-10 19:00:00,Portugal,Portugal,PT,216.38,295.4,49.67,47.73,entsoe.eu,false,
2022-08-10 20:00:00,Portugal,Portugal,PT,206.91,285.14,50.77,49.21,entsoe.eu,false,
2022-08-10 21:00:00,Portugal,Portugal,PT,229.84,319.37,42.62,39.39,entsoe.eu,false,
2022-08-10 22:00:00,Portugal,Portugal,PT,229.94,319.79,42.61,40.22,entsoe.eu,false,
2022-08-10 23:00:00,Portugal,Portugal,PT,238.12,335.04,38.44,35.2,entsoe.eu,false,
2022-08-11 00:00:00,Portugal,Portugal,PT,244.93,342.95,38.01,32.77,entsoe.eu,false,
2022-08-11 01:00:00,Portugal,Portugal,PT,232.07,324.94,42.01,36.07,entsoe.eu,false,
2022-08-11 02:00:00,Portugal,Portugal,PT,219.21,306.62,46.56,39.13,entsoe.eu,false,
2022-08-11 03:00:00,Portugal,Portugal,PT,229.23,320.34,42.8,36.8,entsoe.eu,false,
2022-08-11 04:00:00,Portugal,Portugal,PT,229.01,323.77,40.84,37.82,entsoe.eu,false,
2022-08-11 05:00:00,Portugal,Portugal,PT,212.15,300.87,45.62,45.62,entsoe.eu,false,
2022-08-11 06:00:00,Portugal,Portugal,PT,215.1,303.93,45.56,45.56,entsoe.eu,false,
2022-08-11 07:00:00,Portugal,Portugal,PT,224.05,311.91,45.68,43.76,entsoe.eu,false,
2022-08-11 08:00:00,Portugal,Portugal,PT,223.3,312.75,45.05,40.7,entsoe.eu,false,
2022-08-11 09:00:00,Portugal,Portugal,PT,215.53,304.17,46.3,40.87,entsoe.eu,false,
2022-08-11 10:00:00,Portugal,Portugal,PT,203.5,287.99,49.67,44.7,entsoe.eu,false,
2022-08-11 11:00:00,Portugal,Portugal,PT,195.67,276.29,52.85,48.58,entsoe.eu,false,
2022-08-11 12:00:00,Portugal,Portugal,PT,198.32,283.09,50.41,45.38,entsoe.eu,false,
2022-08-11 13:00:00,Portugal,Portugal,PT,195.82,278.52,51.61,45.73,entsoe.eu,false,
2022-08-11 14:00:00,Portugal,Portugal,PT,197.6,280.14,51.27,45.13,entsoe.eu,false,
2022-08-11 15:00:00,Portugal,Portugal,PT,200.89,284.47,50.4,44.22,entsoe.eu,false,
2022-08-11 16:00:00,Portugal,Portugal,PT,209.31,295.46,47.93,42.08,entsoe.eu,false,
2022-08-11 17:00:00,Portugal,Portugal,PT,220.64,304.9,47.69,42.82,entsoe.eu,false,
2022-08-11 18:00:00,Portugal,Portugal,PT,211.71,286.72,53.0,49.85,entsoe.eu,false,
2022-08-11 19:00:00,Portugal,Portugal,PT,190.68,256.39,59.67,59.08,entsoe.eu,false,
2022-08-11 20:00:00,Portugal,Portugal,PT,192.01,260.78,57.69,57.2,entsoe.eu,false,
2022-08-11 21:00:00,Portugal,Portugal,PT,216.32,296.22,49.58,47.1,entsoe.eu,false,
2022-08-11 22:00:00,Portugal,Portugal,PT,221.21,302.63,48.74,46.65,entsoe.eu,false,
2022-08-11 23:00:00,Portugal,Portugal,PT,232.44,319.35,44.67,43.02,entsoe.eu,false,
2022-08-12 00:00:00,Portugal,Portugal,PT,247.64,342.76,39.3,36.22,entsoe.eu,false,
2022-08-12 01:00:00,Portugal,Portugal,PT,265.61,365.9,34.96,30.79,entsoe.eu,false,
2022-08-12 02:00:00,Portugal,Portugal,PT,270.05,369.72,35.19,31.21,entsoe.eu,false,
2022-08-12 03:00:00,Portugal,Portugal,PT,260.29,356.12,38.12,35.82,entsoe.eu,false,
2022-08-12 04:00:00,Portugal,Portugal,PT,242.36,333.58,41.76,41.76,entsoe.eu,false,
2022-08-12 05:00:00,Portugal,Portugal,PT,235.89,324.29,43.86,43.86,entsoe.eu,false,
2022-08-12 06:00:00,Portugal,Portugal,PT,235.24,324.15,43.63,43.04,entsoe.eu,false,
2022-08-12 07:00:00,Portugal,Portugal,PT,235.39,323.23,44.3,41.04,entsoe.eu,false,
2022-08-12 08:00:00,Portugal,Portugal,PT,231.18,321.52,43.41,38.06,entsoe.eu,false,
2022-08-12 09:00:00,Portugal,Portugal,PT,219.1,305.52,46.68,41.39,entsoe.eu,false,
2022-08-12 10:00:00,Portugal,Portugal,PT,200.78,280.58,51.93,48.16,entsoe.eu,false,
2022-08-12 11:00:00,Portugal,Portugal,PT,189.98,266.56,54.69,52.22,entsoe.eu,false,
2022-08-12 12:00:00,Portugal,Portugal,PT,195.17,276.27,52.36,48.84,entsoe.eu,false,
2022-08-12 13:00:00,Portugal,Portugal,PT,199.44,282.64,50.4,44.94,entsoe.eu,false,
2022-08-12 14:00:00,Portugal,Portugal,PT,197.96,280.16,51.0,45.2,entsoe.eu,false,
2022-08-12 15:00:00,Portugal,Portugal,PT,197.57,279.56,50.89,45.41,entsoe.eu,false,
2022-08-12 16:00:00,Portugal,Portugal,PT,208.37,292.8,48.08,43.34,entsoe.eu,false,
2022-08-12 17:00:00,Portugal,Portugal,PT,218.24,301.79,47.24,43.27,entsoe.eu,false,
2022-08-12 18:00:00,Portugal,Portugal,PT,211.39,288.99,50.82,47.7,entsoe.eu,false,
2022-08-12 19:00:00,Portugal,Portugal,PT,184.62,253.07,57.81,57.14,entsoe.eu,false,
2022-08-12 20:00:00,Portugal,Portugal,PT,191.91,265.63,54.21,53.3,entsoe.eu,false,
2022-08-12 21:00:00,Portugal,Portugal,PT,218.96,302.73,46.69,44.13,entsoe.eu,false,
2022-08-12 22:00:00,Portugal,Portugal,PT,213.6,294.13,49.94,46.97,entsoe.eu,false,
2022-08-12 23:00:00,Portugal,Portugal,PT,210.03,290.1,52.25,48.91,entsoe.eu,false,
2022-08-13 00:00:00,Portugal,Portugal,PT,227.21,317.69,45.08,40.07,entsoe.eu,false,
2022-08-13 01:00:00,Portugal,Portugal,PT,232.88,325.88,43.31,38.16,entsoe.eu,false,
2022-08-13 02:00:00,Portugal,Portugal,PT,248.75,346.28,39.76,33.97,entsoe.eu,false,
2022-08-13 03:00:00,Portugal,Portugal,PT,244.51,341.5,40.48,34.87,entsoe.eu,false,
2022-08-13 04:00:00,Portugal,Portugal,PT,251.99,351.06,38.49,33.09,entsoe.eu,false,
2022-08-13 05:00:00,Portugal,Portugal,PT,238.18,333.52,41.42,35.52,entsoe.eu,false,
2022-08-13 06:00:00,Portugal,Portugal,PT,256.98,357.39,36.84,28.85,entsoe.eu,false,
2022-08-13 07:00:00,Portugal,Portugal,PT,241.37,336.7,40.9,33.13,entsoe.eu,false,
2022-08-13 08:00:00,Portugal,Portugal,PT,238.13,328.79,43.88,36.66,entsoe.eu,false,
2022-08-13 09:00:00,Portugal,Portugal,PT,186.07,258.77,57.66,54.34,entsoe.eu,false,
2022-08-13 10:00:00,Portugal,Portugal,PT,164.29,233.09,61.78,60.96,entsoe.eu,false,
2022-08-13 11:00:00,Portugal,Portugal,PT,194.47,278.39,51.75,46.5,entsoe.eu,false,
2022-08-13 12:00:00,Portugal,Portugal,PT,184.2,262.79,54.98,48.48,entsoe.eu,false,
2022-08-13 13:00:00,Portugal,Portugal,PT,167.11,240.88,58.97,53.03,entsoe.eu,false,
2022-08-13 14:00:00,Portugal,Portugal,PT,152.5,221.38,62.82,56.9,entsoe.eu,false,
2022-08-13 15:00:00,Portugal,Portugal,PT,151.24,219.59,62.77,57.34,entsoe.eu,false,
2022-08-13 16:00:00,Portugal,Portugal,PT,154.38,223.65,61.59,56.61,entsoe.eu,false,
2022-08-13 17:00:00,Portugal,Portugal,PT,158.8,229.37,60.32,55.65,entsoe.eu,false,
2022-08-13 18:00:00,Portugal,Portugal,PT,176.01,251.16,55.97,51.21,entsoe.eu,false,
2022-08-13 19:00:00,Portugal,Portugal,PT,166.7,232.16,62.67,61.09,entsoe.eu,false,
2022-08-13 20:00:00,Portugal,Portugal,PT,165.57,231.04,62.99,62.58,entsoe.eu,false,
2022-08-13 21:00:00,Portugal,Portugal,PT,182.21,257.95,56.34,53.7,entsoe.eu,false,
2022-08-13 22:00:00,Portugal,Portugal,PT,187.54,267.05,53.63,50.24,entsoe.eu,false,
2022-08-13 23:00:00,Portugal,Portugal,PT,180.08,259.03,55.11,49.88,entsoe.eu,false,
2022-08-14 00:00:00,Portugal,Portugal,PT,176.92,254.61,56.27,50.39,entsoe.eu,false,
2022-08-14 01:00:00,Portugal,Portugal,PT,173.2,253.13,56.0,52.18,entsoe.eu,false,
2022-08-14 02:00:00,Portugal,Portugal,PT,180.6,264.56,52.91,50.99,entsoe.eu,false,
2022-08-14 03:00:00,Portugal,Portugal,PT,186.12,271.36,51.92,49.24,entsoe.eu,false,
2022-08-14 04:00:00,Portugal,Portugal,PT,179.72,263.74,53.23,51.3,entsoe.eu,false,
2022-08-14 05:00:00,Portugal,Portugal,PT,192.75,279.44,50.14,47.59,entsoe.eu,false,
2022-08-14 06:00:00,Portugal,Portugal,PT,190.54,274.98,51.99,47.33,entsoe.eu,false,
2022-08-14 07:00:00,Portugal,Portugal,PT,175.18,254.02,57.22,50.44,entsoe.eu,false,
2022-08-14 08:00:00,Portugal,Portugal,PT,159.79,234.11,61.28,54.28,entsoe.eu,false,
2022-08-14 09:00:00,Portugal,Portugal,PT,144.74,214.77,65.41,58.09,entsoe.eu,false,
2022-08-14 10:00:00,Portugal,Portugal,PT,137.67,205.23,67.21,59.95,entsoe.eu,false,
2022-08-14 11:00:00,Portugal,Portugal,PT,129.03,194.45,69.12,62.29,entsoe.eu,false,
2022-08-14 12:00:00,Portugal,Portugal,PT,119.5,182.69,71.36,64.85,entsoe.eu,false,
2022-08-14 13:00:00,Portugal,Portugal,PT,122.34,185.7,69.96,64.49,entsoe.eu,false,
2022-08-14 14:00:00,Portugal,Portugal,PT,121.38,184.46,69.67,65.25,entsoe.eu,false,
2022-08-14 15:00:00,Portugal,Portugal,PT,112.02,172.32,71.72,68.25,entsoe.eu,false,
2022-08-14 16:00:00,Portugal,Portugal,PT,114.64,176.53,70.22,68.51,entsoe.eu,false,
2022-08-14 17:00:00,Portugal,Portugal,PT,123.98,188.55,67.64,66.25,entsoe.eu,false,
2022-08-14 18:00:00,Portugal,Portugal,PT,131.01,189.49,70.24,70.24,entsoe.eu,false,
2022-08-14 19:00:00,Portugal,Portugal,PT,129.27,180.19,73.9,73.9,entsoe.eu,false,
2022-08-14 20:00:00,Portugal,Portugal,PT,125.85,176.49,74.45,74.45,entsoe.eu,false,
2022-08-14 21:00:00,Portugal,Portugal,PT,138.67,205.6,65.22,64.29,entsoe.eu,false,
2022-08-14 22:00:00,Portugal,Portugal,PT,141.54,208.42,66.0,62.62,entsoe.eu,false,
2022-08-14 23:00:00,Portugal,Portugal,PT,144.46,212.73,65.12,59.28,entsoe.eu,false,
2022-08-15 00:00:00,Portugal,Portugal,PT,145.68,214.47,64.71,58.79,entsoe.eu,false,
2022-08-15 01:00:00,Portugal,Portugal,PT,148.96,219.61,63.09,58.38,entsoe.eu,false,
2022-08-15 02:00:00,Portugal,Portugal,PT,150.45,223.63,61.78,58.61,entsoe.eu,false,
2022-08-15 03:00:00,Portugal,Portugal,PT,157.62,236.09,58.85,57.51,entsoe.eu,false,
2022-08-15 04:00:00,Portugal,Portugal,PT,163.68,244.42,57.05,55.88,entsoe.eu,false,
2022-08-15 05:00:00,Portugal,Portugal,PT,171.51,251.16,56.75,52.67,entsoe.eu,false,
2022-08-15 06:00:00,Portugal,Portugal,PT,174.36,253.69,56.35,51.55,entsoe.eu,false,
2022-08-15 07:00:00,Portugal,Portugal,PT,170.37,246.89,58.19,51.76,entsoe.eu,false,
2022-08-15 08:00:00,Portugal,Portugal,PT,162.4,235.63,60.46,53.22,entsoe.eu,false,
2022-08-15 09:00:00,Portugal,Portugal,PT,152.03,222.05,64.0,60.48,entsoe.eu,false,
2022-08-15 10:00:00,Portugal,Portugal,PT,151.46,223.89,63.09,61.0,entsoe.eu,false,
2022-08-15 11:00:00,Portugal,Portugal,PT,142.79,213.49,64.98,63.05,entsoe.eu,false,
2022-08-15 12:00:00,Portugal,Portugal,PT,137.16,209.57,64.36,62.41,entsoe.eu,false,
2022-08-15 13:00:00,Portugal,Portugal,PT,128.39,194.7,68.07,63.3,entsoe.eu,false,
2022-08-15 14:00:00,Portugal,Portugal,PT,117.2,179.83,71.06,66.32,entsoe.eu,false,
2022-08-15 15:00:00,Portugal,Portugal,PT,104.2,162.31,74.63,69.72,entsoe.eu,false,
2022-08-15 16:00:00,Portugal,Portugal,PT,102.3,159.64,74.86,70.67,entsoe.eu,false,
2022-08-15 17:00:00,Portugal,Portugal,PT,118.29,181.38,69.54,67.52,entsoe.eu,false,
2022-08-15 18:00:00,Portugal,Portugal,PT,116.37,172.93,73.49,72.96,entsoe.eu,false,
2022-08-15 19:00:00,Portugal,Portugal,PT,116.71,166.28,76.26,76.26,entsoe.eu,false,
2022-08-15 20:00:00,Portugal,Portugal,PT,118.64,168.24,75.97,75.97,entsoe.eu,false,
2022-08-15 21:00:00,Portugal,Portugal,PT,134.33,193.41,70.25,70.25,entsoe.eu,false,
2022-08-15 22:00:00,Portugal,Portugal,PT,147.78,212.18,66.65,66.57,entsoe.eu,false,
2022-08-15 23:00:00,Portugal,Portugal,PT,145.91,217.66,63.69,60.4,entsoe.eu,false,
2022-08-16 00:00:00,Portugal,Portugal,PT,154.71,227.75,61.73,56.75,entsoe.eu,false,
2022-08-16 01:00:00,Portugal,Portugal,PT,155.69,229.04,61.69,56.26,entsoe.eu,false,
2022-08-16 02:00:00,Portugal,Portugal,PT,142.85,213.11,64.71,59.99,entsoe.eu,false,
2022-08-16 03:00:00,Portugal,Portugal,PT,137.73,207.26,65.48,61.77,entsoe.eu,false,
2022-08-16 04:00:00,Portugal,Portugal,PT,127.99,194.1,67.87,64.58,entsoe.eu,false,
2022-08-16 05:00:00,Portugal,Portugal,PT,118.98,180.2,72.09,71.03,entsoe.eu,false,
2022-08-16 06:00:00,Portugal,Portugal,PT,122.49,182.07,72.64,72.64,entsoe.eu,false,
2022-08-16 07:00:00,Portugal,Portugal,PT,127.54,191.77,69.44,65.39,entsoe.eu,false,
2022-08-16 08:00:00,Portugal,Portugal,PT,121.46,184.04,70.68,65.26,entsoe.eu,false,
2022-08-16 09:00:00,Portugal,Portugal,PT,108.58,167.56,74.33,68.49,entsoe.eu,false,
2022-08-16 10:00:00,Portugal,Portugal,PT,107.19,166.23,74.27,69.08,entsoe.eu,false,
2022-08-16 11:00:00,Portugal,Portugal,PT,102.75,160.19,75.24,70.37,entsoe.eu,false,
2022-08-16 12:00:00,Portugal,Portugal,PT,90.99,144.93,78.21,73.64,entsoe.eu,false,
2022-08-16 13:00:00,Portugal,Portugal,PT,83.12,134.01,80.38,75.43,entsoe.eu,false,
2022-08-16 14:00:00,Portugal,Portugal,PT,82.81,133.2,80.4,75.34,entsoe.eu,false,
2022-08-16 15:00:00,Portugal,Portugal,PT,86.91,138.48,78.74,74.89,entsoe.eu,false,
2022-08-16 16:00:00,Portugal,Portugal,PT,91.94,144.55,77.19,73.79,entsoe.eu,false,
2022-08-16 17:00:00,Portugal,Portugal,PT,100.38,155.92,74.54,71.99,entsoe.eu,false,
2022-08-16 18:00:00,Portugal,Portugal,PT,112.23,170.67,71.51,69.29,entsoe.eu,false,
2022-08-16 19:00:00,Portugal,Portugal,PT,116.13,167.29,74.71,74.71,entsoe.eu,false,
2022-08-16 20:00:00,Portugal,Portugal,PT,120.94,175.87,72.24,72.24,entsoe.eu,false,
2022-08-16 21:00:00,Portugal,Portugal,PT,125.16,186.9,68.79,68.03,entsoe.eu,false,
2022-08-16 22:00:00,Portugal,Portugal,PT,126.56,188.41,68.63,68.63,entsoe.eu,false,
2022-08-16 23:00:00,Portugal,Portugal,PT,117.88,182.43,68.63,68.59,entsoe.eu,false,
2022-08-17 00:00:00,Portugal,Portugal,PT,114.82,177.77,69.54,69.34,entsoe.eu,false,
2022-08-17 01:00:00,Portugal,Portugal,PT,114.88,177.8,69.41,69.41,entsoe.eu,false,
2022-08-17 02:00:00,Portugal,Portugal,PT,124.15,189.18,66.91,66.91,entsoe.eu,false,
2022-08-17 03:00:00,Portugal,Portugal,PT,113.54,176.25,69.78,69.78,entsoe.eu,false,
2022-08-17 04:00:00,Portugal,Portugal,PT,139.45,204.87,64.53,64.53,entsoe.eu,false,
2022-08-17 05:00:00,Portugal,Portugal,PT,135.21,194.44,67.5,67.5,entsoe.eu,false,
2022-08-17 06:00:00,Portugal,Portugal,PT,141.67,210.26,62.19,62.19,entsoe.eu,false,
2022-08-17 07:00:00,Portugal,Portugal,PT,127.16,191.24,66.56,65.7,entsoe.eu,false,
2022-08-17 08:00:00,Portugal,Portugal,PT,117.37,176.65,70.46,67.07,entsoe.eu,false,
2022-08-17 09:00:00,Portugal,Portugal,PT,101.72,156.1,75.45,70.51,entsoe.eu,false,
2022-08-17 10:00:00,Portugal,Portugal,PT,106.23,161.18,74.71,68.77,entsoe.eu,false,
2022-08-17 11:00:00,Portugal,Portugal,PT,100.79,155.02,75.98,69.95,entsoe.eu,false,
2022-08-17 12:00:00,Portugal,Portugal,PT,99.72,154.15,76.2,70.14,entsoe.eu,false,
2022-08-17 13:00:00,Portugal,Portugal,PT,93.0,146.46,77.91,71.83,entsoe.eu,false,
2022-08-17 14:00:00,Portugal,Portugal,PT,89.31,141.76,78.89,72.47,entsoe.eu,false,
2022-08-17 15:00:00,Portugal,Portugal,PT,88.18,140.07,79.06,72.97,entsoe.eu,false,
2022-08-17 16:00:00,Portugal,Portugal,PT,87.59,138.67,79.0,73.33,entsoe.eu,false,
2022-08-17 17:00:00,Portugal,Portugal,PT,100.26,155.26,75.29,70.91,entsoe.eu,false,
2022-08-17 18:00:00,Portugal,Portugal,PT,117.39,170.45,74.52,71.1,entsoe.eu,false,
2022-08-17 19:00:00,Portugal,Portugal,PT,117.63,165.23,77.2,76.1,entsoe.eu,false,
2022-08-17 20:00:00,Portugal,Portugal,PT,123.12,178.49,72.04,69.51,entsoe.eu,false,
2022-08-17 21:00:00,Portugal,Portugal,PT,133.99,196.31,67.22,61.72,entsoe.eu,false,
2022-08-17 22:00:00,Portugal,Portugal,PT,145.49,211.41,64.74,58.19,entsoe.eu,false,
2022-08-17 23:00:00,Portugal,Portugal,PT,148.42,216.49,63.78,57.54,entsoe.eu,false,
2022-08-18 00:00:00,Portugal,Portugal,PT,145.21,213.29,64.22,58.67,entsoe.eu,false,
2022-08-18 01:00:00,Portugal,Portugal,PT,119.29,180.0,71.38,65.4,entsoe.eu,false,
2022-08-18 02:00:00,Portugal,Portugal,PT,111.93,171.02,72.7,67.91,entsoe.eu,false,
2022-08-18 03:00:00,Portugal,Portugal,PT,110.37,169.84,72.62,68.83,entsoe.eu,false,
2022-08-18 04:00:00,Portugal,Portugal,PT,119.04,181.66,69.93,69.27,entsoe.eu,false,
2022-08-18 05:00:00,Portugal,Portugal,PT,115.52,174.12,73.07,73.07,entsoe.eu,false,
2022-08-18 06:00:00,Portugal,Portugal,PT,127.0,188.18,70.41,68.77,entsoe.eu,false,
2022-08-18 07:00:00,Portugal,Portugal,PT,127.06,189.47,69.66,62.78,entsoe.eu,false,
2022-08-18 08:00:00,Portugal,Portugal,PT,121.74,181.54,71.95,62.84,entsoe.eu,false,
2022-08-18 09:00:00,Portugal,Portugal,PT,126.76,187.95,70.79,61.04,entsoe.eu,false,
2022-08-18 10:00:00,Portugal,Portugal,PT,127.5,189.97,70.4,60.62,entsoe.eu,false,
2022-08-18 11:00:00,Portugal,Portugal,PT,121.55,182.35,72.04,62.09,entsoe.eu,false,
2022-08-18 12:00:00,Portugal,Portugal,PT,116.12,175.19,73.75,63.48,entsoe.eu,false,
2022-08-18 13:00:00,Portugal,Portugal,PT,112.79,169.92,74.79,64.1,entsoe.eu,false,
2022-08-18 14:00:00,Portugal,Portugal,PT,112.38,169.81,74.57,64.0,entsoe.eu,false,
2022-08-18 15:00:00,Portugal,Portugal,PT,112.77,170.33,74.47,63.83,entsoe.eu,false,
2022-08-18 16:00:00,Portugal,Portugal,PT,113.48,170.55,74.53,63.52,entsoe.eu,false,
2022-08-18 17:00:00,Portugal,Portugal,PT,125.43,184.25,72.24,60.5,entsoe.eu,false,
2022-08-18 18:00:00,Portugal,Portugal,PT,150.53,208.13,69.75,60.57,entsoe.eu,false,
2022-08-18 19:00:00,Portugal,Portugal,PT,140.75,190.32,74.74,69.5,entsoe.eu,false,
2022-08-18 20:00:00,Portugal,Portugal,PT,134.86,187.84,73.48,67.49,entsoe.eu,false,
2022-08-18 21:00:00,Portugal,Portugal,PT,140.13,198.33,70.22,62.55,entsoe.eu,false,
2022-08-18 22:00:00,Portugal,Portugal,PT,142.94,205.97,67.76,58.51,entsoe.eu,false,
2022-08-18 23:00:00,Portugal,Portugal,PT,140.41,201.64,69.33,62.48,entsoe.eu,false,
2022-08-19 00:00:00,Portugal,Portugal,PT,143.05,209.6,66.92,60.33,entsoe.eu,false,
2022-08-19 01:00:00,Portugal,Portugal,PT,132.82,198.95,68.45,61.89,entsoe.eu,false,
2022-08-19 02:00:00,Portugal,Portugal,PT,126.27,191.84,69.33,64.15,entsoe.eu,false,
2022-08-19 03:00:00,Portugal,Portugal,PT,127.11,194.39,68.14,64.38,entsoe.eu,false,
2022-08-19 04:00:00,Portugal,Portugal,PT,124.24,190.08,69.03,67.04,entsoe.eu,false,
2022-08-19 05:00:00,Portugal,Portugal,PT,115.19,176.73,72.13,70.62,entsoe.eu,false,
2022-08-19 06:00:00,Portugal,Portugal,PT,111.86,174.34,71.9,68.85,entsoe.eu,false,
2022-08-19 07:00:00,Portugal,Portugal,PT,121.8,183.6,70.83,64.57,entsoe.eu,false,
2022-08-19 08:00:00,Portugal,Portugal,PT,117.06,177.24,72.46,65.13,entsoe.eu,false,
2022-08-19 09:00:00,Portugal,Portugal,PT,120.85,182.51,71.98,63.54,entsoe.eu,false,
2022-08-19 10:00:00,Portugal,Portugal,PT,123.86,187.25,71.36,62.66,entsoe.eu,false,
2022-08-19 11:00:00,Portugal,Portugal,PT,133.57,195.85,71.57,63.33,entsoe.eu,false,
2022-08-19 12:00:00,Portugal,Portugal,PT,137.36,203.82,69.2,59.65,entsoe.eu,false,
2022-08-19 13:00:00,Portugal,Portugal,PT,138.9,205.63,68.23,58.2,entsoe.eu,false,
2022-08-19 14:00:00,Portugal,Portugal,PT,139.45,204.97,68.45,57.84,entsoe.eu,false,
2022-08-19 15:00:00,Portugal,Portugal,PT,142.32,208.27,67.68,57.23,entsoe.eu,false,
2022-08-19 16:00:00,Portugal,Portugal,PT,155.47,224.89,63.93,54.13,entsoe.eu,false,
2022-08-19 17:00:00,Portugal,Portugal,PT,169.46,242.0,60.45,50.84,entsoe.eu,false,
2022-08-19 18:00:00,Portugal,Portugal,PT,177.29,243.1,62.33,55.8,entsoe.eu,false,
2022-08-19 19:00:00,Portugal,Portugal,PT,164.93,224.59,66.39,63.32,entsoe.eu,false,
2022-08-19 20:00:00,Portugal,Portugal,PT,164.24,228.28,64.12,60.99,entsoe.eu,false,
2022-08-19 21:00:00,Portugal,Portugal,PT,179.11,251.28,59.29,52.48,entsoe.eu,false,
2022-08-19 22:00:00,Portugal,Portugal,PT,185.12,258.95,57.86,51.44,entsoe.eu,false,
2022-08-19 23:00:00,Portugal,Portugal,PT,190.29,266.14,56.63,49.74,entsoe.eu,false,
2022-08-20 00:00:00,Portugal,Portugal,PT,195.83,274.34,55.28,48.05,entsoe.eu,false,
2022-08-20 01:00:00,Portugal,Portugal,PT,198.94,277.41,55.67,47.84,entsoe.eu,false,
2022-08-20 02:00:00,Portugal,Portugal,PT,207.12,287.19,54.3,47.62,entsoe.eu,false,
2022-08-20 03:00:00,Portugal,Portugal,PT,212.87,296.05,52.04,45.63,entsoe.eu,false,
2022-08-20 04:00:00,Portugal,Portugal,PT,197.56,274.14,56.99,52.18,entsoe.eu,false,
2022-08-20 05:00:00,Portugal,Portugal,PT,200.51,281.21,55.77,49.67,entsoe.eu,false,
2022-08-20 06:00:00,Portugal,Portugal,PT,204.39,288.6,53.56,43.4,entsoe.eu,false,
2022-08-20 07:00:00,Portugal,Portugal,PT,188.52,269.62,57.03,46.04,entsoe.eu,false,
2022-08-20 08:00:00,Portugal,Portugal,PT,171.13,248.08,60.81,49.55,entsoe.eu,false,
2022-08-20 09:00:00,Portugal,Portugal,PT,161.19,234.75,63.43,52.36,entsoe.eu,false,
2022-08-20 10:00:00,Portugal,Portugal,PT,157.1,228.89,64.48,53.59,entsoe.eu,false,
2022-08-20 11:00:00,Portugal,Portugal,PT,154.29,225.06,65.04,54.45,entsoe.eu,false,
2022-08-20 12:00:00,Portugal,Portugal,PT,146.42,215.32,66.69,56.76,entsoe.eu,false,
2022-08-20 13:00:00,Portugal,Portugal,PT,135.58,202.48,68.65,60.04,entsoe.eu,false,
2022-08-20 14:00:00,Portugal,Portugal,PT,128.35,192.58,70.13,62.24,entsoe.eu,false,
2022-08-20 15:00:00,Portugal,Portugal,PT,129.45,193.27,69.74,62.19,entsoe.eu,false,
2022-08-20 16:00:00,Portugal,Portugal,PT,127.98,191.79,69.85,62.95,entsoe.eu,false,
2022-08-20 17:00:00,Portugal,Portugal,PT,149.4,219.1,64.12,57.45,entsoe.eu,false,
2022-08-20 18:00:00,Portugal,Portugal,PT,155.95,220.45,65.53,60.73,entsoe.eu,false,
2022-08-20 19:00:00,Portugal,Portugal,PT,135.8,189.26,73.02,71.93,entsoe.eu,false,
2022-08-20 20:00:00,Portugal,Portugal,PT,129.07,182.12,74.07,74.07,entsoe.eu,false,
2022-08-20 21:00:00,Portugal,Portugal,PT,130.08,189.77,70.8,68.68,entsoe.eu,false,
2022-08-20 22:00:00,Portugal,Portugal,PT,128.0,187.35,71.55,69.64,entsoe.eu,false,
2022-08-20 23:00:00,Portugal,Portugal,PT,120.61,177.82,74.35,72.91,entsoe.eu,false,
2022-08-21 00:00:00,Portugal,Portugal,PT,113.19,169.55,76.17,75.03,entsoe.eu,false,
2022-08-21 01:00:00,Portugal,Portugal,PT,123.9,186.31,72.07,70.31,entsoe.eu,false,
2022-08-21 02:00:00,Portugal,Portugal,PT,120.82,183.83,72.47,70.5,entsoe.eu,false,
2022-08-21 03:00:00,Portugal,Portugal,PT,127.33,193.29,70.51,67.96,entsoe.eu,false,
2022-08-21 04:00:00,Portugal,Portugal,PT,139.8,209.96,66.98,64.25,entsoe.eu,false,
2022-08-21 05:00:00,Portugal,Portugal,PT,153.96,227.46,63.84,60.25,entsoe.eu,false,
2022-08-21 06:00:00,Portugal,Portugal,PT,148.1,222.09,64.63,58.14,entsoe.eu,false,
2022-08-21 07:00:00,Portugal,Portugal,PT,127.24,194.86,70.35,63.78,entsoe.eu,false,
2022-08-21 08:00:00,Portugal,Portugal,PT,107.1,168.21,75.67,67.72,entsoe.eu,false,
2022-08-21 09:00:00,Portugal,Portugal,PT,101.19,160.42,77.15,69.05,entsoe.eu,false,
2022-08-21 10:00:00,Portugal,Portugal,PT,102.12,161.63,76.88,68.82,entsoe.eu,false,
2022-08-21 11:00:00,Portugal,Portugal,PT,91.93,148.62,79.18,71.8,entsoe.eu,false,
2022-08-21 12:00:00,Portugal,Portugal,PT,82.46,136.07,81.29,74.75,entsoe.eu,false,
2022-08-21 13:00:00,Portugal,Portugal,PT,74.45,125.19,82.92,77.18,entsoe.eu,false,
2022-08-21 14:00:00,Portugal,Portugal,PT,72.34,121.03,83.55,77.62,entsoe.eu,false,
2022-08-21 15:00:00,Portugal,Portugal,PT,73.23,121.77,83.24,77.34,entsoe.eu,false,
2022-08-21 16:00:00,Portugal,Portugal,PT,77.7,128.07,81.92,76.22,entsoe.eu,false,
2022-08-21 17:00:00,Portugal,Portugal,PT,91.48,147.29,77.81,73.4,entsoe.eu,false,
2022-08-21 18:00:00,Portugal,Portugal,PT,107.87,162.46,76.75,71.85,entsoe.eu,false,
2022-08-21 19:00:00,Portugal,Portugal,PT,104.61,154.38,79.0,75.3,entsoe.eu,false,
2022-08-21 20:00:00,Portugal,Portugal,PT,102.89,151.4,79.94,76.92,entsoe.eu,false,
2022-08-21 21:00:00,Portugal,Portugal,PT,109.18,163.07,76.76,72.11,entsoe.eu,false,
2022-08-21 22:00:00,Portugal,Portugal,PT,103.94,151.62,80.9,80.12,entsoe.eu,false,
2022-08-21 23:00:00,Portugal,Portugal,PT,108.18,165.01,76.67,73.67,entsoe.eu,false,
2022-08-22 00:00:00,Portugal,Portugal,PT,108.24,166.98,75.13,71.72,entsoe.eu,false,
2022-08-22 01:00:00,Portugal,Portugal,PT,118.33,182.09,71.22,68.78,entsoe.eu,false,
2022-08-22 02:00:00,Portugal,Portugal,PT,116.49,181.02,71.24,69.04,entsoe.eu,false,
2022-08-22 03:00:00,Portugal,Portugal,PT,113.24,178.74,70.89,68.98,entsoe.eu,false,
2022-08-22 04:00:00,Portugal,Portugal,PT,115.49,180.83,70.33,70.1,entsoe.eu,false,
2022-08-22 05:00:00,Portugal,Portugal,PT,118.81,175.91,74.46,74.46,entsoe.eu,false,
2022-08-22 06:00:00,Portugal,Portugal,PT,118.94,181.04,71.49,71.49,entsoe.eu,false,
2022-08-22 07:00:00,Portugal,Portugal,PT,123.27,185.82,70.45,68.27,entsoe.eu,false,
2022-08-22 08:00:00,Portugal,Portugal,PT,128.16,193.93,68.55,63.43,entsoe.eu,false,
2022-08-22 09:00:00,Portugal,Portugal,PT,130.01,194.18,69.55,61.61,entsoe.eu,false,
2022-08-22 10:00:00,Portugal,Portugal,PT,134.43,200.37,68.32,60.43,entsoe.eu,false,
2022-08-22 11:00:00,Portugal,Portugal,PT,137.06,203.16,68.17,60.72,entsoe.eu,false,
2022-08-22 12:00:00,Portugal,Portugal,PT,134.74,201.24,68.39,60.87,entsoe.eu,false,
2022-08-22 13:00:00,Portugal,Portugal,PT,132.99,198.8,68.75,60.72,entsoe.eu,false,
2022-08-22 14:00:00,Portugal,Portugal,PT,127.54,190.88,70.46,61.76,entsoe.eu,false,
2022-08-22 15:00:00,Portugal,Portugal,PT,129.23,192.88,70.09,61.13,entsoe.eu,false,
2022-08-22 16:00:00,Portugal,Portugal,PT,142.21,207.66,67.31,59.28,entsoe.eu,false,
2022-08-22 17:00:00,Portugal,Portugal,PT,163.84,230.38,63.26,57.9,entsoe.eu,false,
2022-08-22 18:00:00,Portugal,Portugal,PT,167.18,229.36,64.39,61.51,entsoe.eu,false,
2022-08-22 19:00:00,Portugal,Portugal,PT,146.38,202.6,69.17,68.12,entsoe.eu,false,
2022-08-22 20:00:00,Portugal,Portugal,PT,162.99,225.75,64.37,62.06,entsoe.eu,false,
2022-08-22 21:00:00,Portugal,Portugal,PT,168.58,234.5,62.44,59.38,entsoe.eu,false,
2022-08-22 22:00:00,Portugal,Portugal,PT,181.98,257.89,56.41,50.81,entsoe.eu,false,
2022-08-22 23:00:00,Portugal,Portugal,PT,183.12,261.06,55.2,48.28,entsoe.eu,false,
2022-08-23 00:00:00,Portugal,Portugal,PT,180.27,257.32,55.96,48.95,entsoe.eu,false,
2022-08-23 01:00:00,Portugal,Portugal,PT,175.73,250.83,57.28,50.11,entsoe.eu,false,
2022-08-23 02:00:00,Portugal,Portugal,PT,177.07,253.21,56.32,49.97,entsoe.eu,false,
2022-08-23 03:00:00,Portugal,Portugal,PT,183.76,263.58,53.89,48.77,entsoe.eu,false,
2022-08-23 04:00:00,Portugal,Portugal,PT,185.84,269.17,52.14,49.78,entsoe.eu,false,
2022-08-23 05:00:00,Portugal,Portugal,PT,192.16,278.49,49.25,48.7,entsoe.eu,false,
2022-08-23 06:00:00,Portugal,Portugal,PT,192.25,277.15,50.12,49.11,entsoe.eu,false,
2022-08-23 07:00:00,Portugal,Portugal,PT,187.35,267.44,53.56,50.74,entsoe.eu,false,
2022-08-23 08:00:00,Portugal,Portugal,PT,184.0,264.18,54.02,49.37,entsoe.eu,false,
2022-08-23 09:00:00,Portugal,Portugal,PT,176.63,254.22,56.68,50.34,entsoe.eu,false,
2022-08-23 10:00:00,Portugal,Portugal,PT,183.07,262.29,55.25,48.55,entsoe.eu,false,
2022-08-23 11:00:00,Portugal,Portugal,PT,184.81,259.65,57.63,51.69,entsoe.eu,false,
2022-08-23 12:00:00,Portugal,Portugal,PT,187.23,262.58,57.28,51.72,entsoe.eu,false,
2022-08-23 13:00:00,Portugal,Portugal,PT,188.01,265.29,56.15,49.6,entsoe.eu,false,
2022-08-23 14:00:00,Portugal,Portugal,PT,190.13,269.13,54.72,47.56,entsoe.eu,false,
2022-08-23 15:00:00,Portugal,Portugal,PT,197.1,277.85,52.61,45.37,entsoe.eu,false,
2022-08-23 16:00:00,Portugal,Portugal,PT,213.14,298.28,47.81,41.52,entsoe.eu,false,
2022-08-23 17:00:00,Portugal,Portugal,PT,212.99,291.66,50.86,46.85,entsoe.eu,false,
2022-08-23 18:00:00,Portugal,Portugal,PT,208.21,280.89,54.35,52.37,entsoe.eu,false,
2022-08-23 19:00:00,Portugal,Portugal,PT,189.15,256.75,58.43,58.11,entsoe.eu,false,
2022-08-23 20:00:00,Portugal,Portugal,PT,211.93,287.75,52.24,50.88,entsoe.eu,false,
2022-08-23 21:00:00,Portugal,Portugal,PT,263.33,361.89,34.84,29.54,entsoe.eu,false,
2022-08-23 22:00:00,Portugal,Portugal,PT,277.77,380.99,30.83,24.65,entsoe.eu,false,
2022-08-23 23:00:00,Portugal,Portugal,PT,289.48,398.22,27.21,20.38,entsoe.eu,false,
2022-08-24 00:00:00,Portugal,Portugal,PT,292.29,402.86,26.22,19.65,entsoe.eu,false,
2022-08-24 01:00:00,Portugal,Portugal,PT,289.68,400.05,27.0,20.24,entsoe.eu,false,
2022-08-24 02:00:00,Portugal,Portugal,PT,292.89,404.81,25.98,19.37,entsoe.eu,false,
2022-08-24 03:00:00,Portugal,Portugal,PT,296.42,410.47,24.57,18.65,entsoe.eu,false,
2022-08-24 04:00:00,Portugal,Portugal,PT,286.94,395.29,29.11,23.91,entsoe.eu,false,
2022-08-24 05:00:00,Portugal,Portugal,PT,274.38,375.74,34.1,30.17,entsoe.eu,false,
2022-08-24 06:00:00,Portugal,Portugal,PT,269.32,370.08,34.44,29.68,entsoe.eu,false,
2022-08-24 07:00:00,Portugal,Portugal,PT,254.37,348.29,39.5,33.91,entsoe.eu,false,
2022-08-24 08:00:00,Portugal,Portugal,PT,228.07,318.61,43.53,37.3,entsoe.eu,false,
2022-08-24 09:00:00,Portugal,Portugal,PT,221.01,309.57,45.49,38.31,entsoe.eu,false,
2022-08-24 10:00:00,Portugal,Portugal,PT,206.91,291.78,48.84,42.32,entsoe.eu,false,
2022-08-24 11:00:00,Portugal,Portugal,PT,196.32,279.11,51.22,45.48,entsoe.eu,false,
2022-08-24 12:00:00,Portugal,Portugal,PT,194.26,276.53,51.77,46.02,entsoe.eu,false,
2022-08-24 13:00:00,Portugal,Portugal,PT,183.78,261.48,54.8,48.64,entsoe.eu,false,
2022-08-24 14:00:00,Portugal,Portugal,PT,180.68,256.17,55.67,49.61,entsoe.eu,false,
2022-08-24 15:00:00,Portugal,Portugal,PT,177.03,251.31,56.45,50.62,entsoe.eu,false,
2022-08-24 16:00:00,Portugal,Portugal,PT,182.52,258.85,54.4,49.43,entsoe.eu,false,
2022-08-24 17:00:00,Portugal,Portugal,PT,198.51,280.35,49.79,45.44,entsoe.eu,false,
2022-08-24 18:00:00,Portugal,Portugal,PT,189.19,263.27,54.41,53.12,entsoe.eu,false,
2022-08-24 19:00:00,Portugal,Portugal,PT,178.75,247.95,57.77,57.77,entsoe.eu,false,
2022-08-24 20:00:00,Portugal,Portugal,PT,190.69,266.78,52.8,52.8,entsoe.eu,false,
2022-08-24 21:00:00,Portugal,Portugal,PT,209.26,293.75,46.46,45.7,entsoe.eu,false,
2022-08-24 22:00:00,Portugal,Portugal,PT,221.1,311.52,42.41,41.27,entsoe.eu,false,
2022-08-24 23:00:00,Portugal,Portugal,PT,229.07,322.99,40.0,37.97,entsoe.eu,false,
2022-08-25 00:00:00,Portugal,Portugal,PT,232.1,327.96,39.12,37.21,entsoe.eu,false,
2022-08-25 01:00:00,Portugal,Portugal,PT,229.55,325.77,39.8,37.95,entsoe.eu,false,
2022-08-25 02:00:00,Portugal,Portugal,PT,234.49,332.34,38.13,36.8,entsoe.eu,false,
2022-08-25 03:00:00,Portugal,Portugal,PT,237.39,337.01,36.76,36.31,entsoe.eu,false,
2022-08-25 04:00:00,Portugal,Portugal,PT,236.02,330.79,39.45,39.45,entsoe.eu,false,
2022-08-25 05:00:00,Portugal,Portugal,PT,234.9,327.39,40.82,40.82,entsoe.eu,false,
2022-08-25 06:00:00,Portugal,Portugal,PT,242.35,339.2,37.72,37.72,entsoe.eu,false,
2022-08-25 07:00:00,Portugal,Portugal,PT,241.86,339.04,37.23,34.19,entsoe.eu,false,
2022-08-25 08:00:00,Portugal,Portugal,PT,227.67,319.34,41.99,37.34,entsoe.eu,false,
2022-08-25 09:00:00,Portugal,Portugal,PT,216.85,305.33,45.11,39.98,entsoe.eu,false,
2022-08-25 10:00:00,Portugal,Portugal,PT,206.22,291.43,48.11,42.71,entsoe.eu,false,
2022-08-25 11:00:00,Portugal,Portugal,PT,201.53,286.49,48.92,44.27,entsoe.eu,false,
2022-08-25 12:00:00,Portugal,Portugal,PT,192.1,274.65,51.32,46.86,entsoe.eu,false,
2022-08-25 13:00:00,Portugal,Portugal,PT,188.12,268.92,52.34,47.82,entsoe.eu,false,
2022-08-25 14:00:00,Portugal,Portugal,PT,188.86,268.92,52.36,47.57,entsoe.eu,false,
2022-08-25 15:00:00,Portugal,Portugal,PT,191.86,272.45,51.45,46.79,entsoe.eu,false,
2022-08-25 16:00:00,Portugal,Portugal,PT,195.76,277.76,50.1,45.97,entsoe.eu,false,
2022-08-25 17:00:00,Portugal,Portugal,PT,207.1,291.57,47.19,42.8,entsoe.eu,false,
2022-08-25 18:00:00,Portugal,Portugal,PT,204.51,286.93,47.97,44.02,entsoe.eu,false,
2022-08-25 19:00:00,Portugal,Portugal,PT,198.68,272.46,53.57,51.81,entsoe.eu,false,
2022-08-25 20:00:00,Portugal,Portugal,PT,212.77,296.56,46.8,43.26,entsoe.eu,false,
2022-08-25 21:00:00,Portugal,Portugal,PT,211.55,296.82,46.45,41.29,entsoe.eu,false,
2022-08-25 22:00:00,Portugal,Portugal,PT,210.4,296.46,46.9,41.44,entsoe.eu,false,
2022-08-25 23:00:00,Portugal,Portugal,PT,185.65,264.97,53.55,48.13,entsoe.eu,false,
2022-08-26 00:00:00,Portugal,Portugal,PT,165.3,238.16,59.07,53.54,entsoe.eu,false,
2022-08-26 01:00:00,Portugal,Portugal,PT,155.34,225.79,61.45,56.36,entsoe.eu,false,
2022-08-26 02:00:00,Portugal,Portugal,PT,153.79,223.06,61.98,56.6,entsoe.eu,false,
2022-08-26 03:00:00,Portugal,Portugal,PT,156.16,227.06,60.68,56.43,entsoe.eu,false,
2022-08-26 04:00:00,Portugal,Portugal,PT,160.85,234.62,58.61,55.86,entsoe.eu,false,
2022-08-26 05:00:00,Portugal,Portugal,PT,160.43,236.11,57.9,56.61,entsoe.eu,false,
2022-08-26 06:00:00,Portugal,Portugal,PT,160.9,236.78,58.01,56.31,entsoe.eu,false,
2022-08-26 07:00:00,Portugal,Portugal,PT,162.82,236.73,58.89,54.69,entsoe.eu,false,
2022-08-26 08:00:00,Portugal,Portugal,PT,155.8,225.72,61.97,55.55,entsoe.eu,false,
2022-08-26 09:00:00,Portugal,Portugal,PT,156.81,226.48,62.14,55.03,entsoe.eu,false,
2022-08-26 10:00:00,Portugal,Portugal,PT,158.91,229.88,61.74,54.37,entsoe.eu,false,
2022-08-26 11:00:00,Portugal,Portugal,PT,159.53,231.81,61.61,54.18,entsoe.eu,false,
2022-08-26 12:00:00,Portugal,Portugal,PT,159.0,231.65,61.92,54.18,entsoe.eu,false,
2022-08-26 13:00:00,Portugal,Portugal,PT,159.15,231.14,62.39,54.54,entsoe.eu,false,
2022-08-26 14:00:00,Portugal,Portugal,PT,167.06,241.38,59.89,51.96,entsoe.eu,false,
2022-08-26 15:00:00,Portugal,Portugal,PT,163.9,236.74,60.75,52.85,entsoe.eu,false,
2022-08-26 16:00:00,Portugal,Portugal,PT,169.5,241.63,60.12,52.73,entsoe.eu,false,
2022-08-26 17:00:00,Portugal,Portugal,PT,181.65,255.06,57.73,50.52,entsoe.eu,false,
2022-08-26 18:00:00,Portugal,Portugal,PT,187.75,257.87,58.43,52.24,entsoe.eu,false,
2022-08-26 19:00:00,Portugal,Portugal,PT,191.55,260.83,57.93,53.08,entsoe.eu,false,
2022-08-26 20:00:00,Portugal,Portugal,PT,195.56,267.59,56.53,51.68,entsoe.eu,false,
2022-08-26 21:00:00,Portugal,Portugal,PT,215.81,296.89,50.22,43.15,entsoe.eu,false,
2022-08-26 22:00:00,Portugal,Portugal,PT,216.03,295.94,51.59,44.66,entsoe.eu,false,
2022-08-26 23:00:00,Portugal,Portugal,PT,215.49,299.64,50.79,41.19,entsoe.eu,false,
2022-08-27 00:00:00,Portugal,Portugal,PT,213.85,300.4,49.64,39.09,entsoe.eu,false,
2022-08-27 01:00:00,Portugal,Portugal,PT,208.37,293.17,50.38,40.21,entsoe.eu,false,
2022-08-27 02:00:00,Portugal,Portugal,PT,207.04,292.8,50.13,41.01,entsoe.eu,false,
2022-08-27 03:00:00,Portugal,Portugal,PT,196.25,280.38,52.49,44.41,entsoe.eu,false,
2022-08-27 04:00:00,Portugal,Portugal,PT,191.32,274.54,53.48,46.08,entsoe.eu,false,
2022-08-27 05:00:00,Portugal,Portugal,PT,204.2,290.77,49.47,42.98,entsoe.eu,false,
2022-08-27 06:00:00,Portugal,Portugal,PT,205.51,291.43,49.67,43.09,entsoe.eu,false,
2022-08-27 07:00:00,Portugal,Portugal,PT,203.16,287.56,50.81,42.85,entsoe.eu,false,
2022-08-27 08:00:00,Portugal,Portugal,PT,187.74,268.26,55.22,46.43,entsoe.eu,false,
2022-08-27 09:00:00,Portugal,Portugal,PT,175.98,252.94,58.26,49.87,entsoe.eu,false,
2022-08-27 10:00:00,Portugal,Portugal,PT,169.86,245.35,59.52,51.82,entsoe.eu,false,
2022-08-27 11:00:00,Portugal,Portugal,PT,165.05,239.48,60.6,53.22,entsoe.eu,false,
2022-08-27 12:00:00,Portugal,Portugal,PT,162.66,236.47,61.21,53.87,entsoe.eu,false,
2022-08-27 13:00:00,Portugal,Portugal,PT,164.26,238.73,60.69,53.48,entsoe.eu,false,
2022-08-27 14:00:00,Portugal,Portugal,PT,164.08,238.54,60.59,53.5,entsoe.eu,false,
2022-08-27 15:00:00,Portugal,Portugal,PT,168.02,242.98,59.79,52.26,entsoe.eu,false,
2022-08-27 16:00:00,Portugal,Portugal,PT,179.75,257.08,57.0,49.1,entsoe.eu,false,
2022-08-27 17:00:00,Portugal,Portugal,PT,199.41,280.03,53.34,45.27,entsoe.eu,false,
2022-08-27 18:00:00,Portugal,Portugal,PT,191.61,256.25,62.54,58.11,entsoe.eu,false,
2022-08-27 19:00:00,Portugal,Portugal,PT,170.62,229.54,67.34,64.85,entsoe.eu,false,
2022-08-27 20:00:00,Portugal,Portugal,PT,185.74,251.21,62.58,58.29,entsoe.eu,false,
2022-08-27 21:00:00,Portugal,Portugal,PT,219.8,295.95,53.83,47.12,entsoe.eu,false,
2022-08-27 22:00:00,Portugal,Portugal,PT,230.2,311.45,50.84,44.44,entsoe.eu,false,
2022-08-27 23:00:00,Portugal,Portugal,PT,248.46,342.63,42.25,34.16,entsoe.eu,false,
2022-08-28 00:00:00,Portugal,Portugal,PT,263.32,366.83,35.51,25.59,entsoe.eu,false,
2022-08-28 01:00:00,Portugal,Portugal,PT,266.52,371.76,34.36,23.38,entsoe.eu,false,
2022-08-28 02:00:00,Portugal,Portugal,PT,274.66,382.85,31.96,21.47,entsoe.eu,false,
2022-08-28 03:00:00,Portugal,Portugal,PT,277.55,387.42,31.02,20.89,entsoe.eu,false,
2022-08-28 04:00:00,Portugal,Portugal,PT,274.5,383.63,31.87,21.98,entsoe.eu,false,
2022-08-28 05:00:00,Portugal,Portugal,PT,255.34,353.01,40.04,33.59,entsoe.eu,false,
2022-08-28 06:00:00,Portugal,Portugal,PT,233.02,325.94,44.82,40.91,entsoe.eu,false,
2022-08-28 07:00:00,Portugal,Portugal,PT,231.37,330.07,41.4,34.84,entsoe.eu,false,
2022-08-28 08:00:00,Portugal,Portugal,PT,208.29,298.11,48.02,40.26,entsoe.eu,false,
2022-08-28 09:00:00,Portugal,Portugal,PT,195.65,278.36,53.22,48.08,entsoe.eu,false,
2022-08-28 10:00:00,Portugal,Portugal,PT,184.3,266.22,54.56,50.34,entsoe.eu,false,
2022-08-28 11:00:00,Portugal,Portugal,PT,172.72,252.41,56.59,52.62,entsoe.eu,false,
2022-08-28 12:00:00,Portugal,Portugal,PT,165.43,243.79,57.54,53.69,entsoe.eu,false,
2022-08-28 13:00:00,Portugal,Portugal,PT,159.32,234.02,59.83,54.39,entsoe.eu,false,
2022-08-28 14:00:00,Portugal,Portugal,PT,159.58,233.72,59.93,53.97,entsoe.eu,false,
2022-08-28 15:00:00,Portugal,Portugal,PT,163.16,238.37,59.05,52.85,entsoe.eu,false,
2022-08-28 16:00:00,Portugal,Portugal,PT,177.58,256.98,55.43,48.72,entsoe.eu,false,
2022-08-28 17:00:00,Portugal,Portugal,PT,193.79,275.73,52.61,43.68,entsoe.eu,false,
2022-08-28 18:00:00,Portugal,Portugal,PT,229.13,317.76,44.39,34.21,entsoe.eu,false,
2022-08-28 19:00:00,Portugal,Portugal,PT,208.44,286.09,52.15,45.16,entsoe.eu,false,
2022-08-28 20:00:00,Portugal,Portugal,PT,207.7,283.7,53.62,47.73,entsoe.eu,false,
2022-08-28 21:00:00,Portugal,Portugal,PT,238.35,330.07,42.26,32.72,entsoe.eu,false,
2022-08-28 22:00:00,Portugal,Portugal,PT,235.26,318.99,47.45,39.6,entsoe.eu,false,
2022-08-28 23:00:00,Portugal,Portugal,PT,242.0,334.66,42.5,34.52,entsoe.eu,false,
2022-08-29 00:00:00,Portugal,Portugal,PT,252.95,353.16,37.01,28.06,entsoe.eu,false,
2022-08-29 01:00:00,Portugal,Portugal,PT,248.73,347.63,38.05,29.25,entsoe.eu,false,
2022-08-29 02:00:00,Portugal,Portugal,PT,249.07,349.03,37.81,29.38,entsoe.eu,false,
2022-08-29 03:00:00,Portugal,Portugal,PT,249.43,350.82,36.77,30.11,entsoe.eu,false,
2022-08-29 04:00:00,Portugal,Portugal,PT,244.61,345.09,37.1,33.85,entsoe.eu,false,
2022-08-29 05:00:00,Portugal,Portugal,PT,254.48,358.1,33.3,31.79,entsoe.eu,false,
2022-08-29 06:00:00,Portugal,Portugal,PT,249.23,347.55,36.33,35.92,entsoe.eu,false,
2022-08-29 07:00:00,Portugal,Portugal,PT,241.56,334.45,40.03,38.85,entsoe.eu,false,
2022-08-29 08:00:00,Portugal,Portugal,PT,227.83,315.35,44.56,42.47,entsoe.eu,false,
2022-08-29 09:00:00,Portugal,Portugal,PT,215.52,303.61,45.7,42.68,entsoe.eu,false,
2022-08-29 10:00:00,Portugal,Portugal,PT,206.1,292.88,47.07,42.92,entsoe.eu,false,
2022-08-29 11:00:00,Portugal,Portugal,PT,202.56,288.24,47.83,44.0,entsoe.eu,false,
2022-08-29 12:00:00,Portugal,Portugal,PT,195.79,277.64,50.02,45.5,entsoe.eu,false,
2022-08-29 13:00:00,Portugal,Portugal,PT,187.7,266.26,52.76,47.08,entsoe.eu,false,
2022-08-29 14:00:00,Portugal,Portugal,PT,187.07,265.29,52.94,47.03,entsoe.eu,false,
2022-08-29 15:00:00,Portugal,Portugal,PT,192.7,272.43,51.42,45.61,entsoe.eu,false,
2022-08-29 16:00:00,Portugal,Portugal,PT,207.2,291.7,47.36,42.1,entsoe.eu,false,
2022-08-29 17:00:00,Portugal,Portugal,PT,232.57,322.58,41.43,36.89,entsoe.eu,false,
2022-08-29 18:00:00,Portugal,Portugal,PT,221.75,301.56,47.66,45.03,entsoe.eu,false,
2022-08-29 19:00:00,Portugal,Portugal,PT,190.02,256.27,57.72,57.72,entsoe.eu,false,
2022-08-29 20:00:00,Portugal,Portugal,PT,197.04,265.65,56.0,56.0,entsoe.eu,false,
2022-08-29 21:00:00,Portugal,Portugal,PT,247.03,334.4,41.95,39.96,entsoe.eu,false,
2022-08-29 22:00:00,Portugal,Portugal,PT,253.24,346.8,37.77,34.73,entsoe.eu,false,
2022-08-29 23:00:00,Portugal,Portugal,PT,271.21,372.05,32.24,29.4,entsoe.eu,false,
2022-08-30 00:00:00,Portugal,Portugal,PT,275.33,377.68,31.58,29.4,entsoe.eu,false,
2022-08-30 01:00:00,Portugal,Portugal,PT,291.01,399.85,26.89,24.15,entsoe.eu,false,
2022-08-30 02:00:00,Portugal,Portugal,PT,292.83,403.93,25.5,21.8,entsoe.eu,false,
2022-08-30 03:00:00,Portugal,Portugal,PT,292.35,402.16,26.08,23.13,entsoe.eu,false,
2022-08-30 04:00:00,Portugal,Portugal,PT,283.51,390.48,27.71,26.18,entsoe.eu,false,
2022-08-30 05:00:00,Portugal,Portugal,PT,250.35,342.93,38.36,38.36,entsoe.eu,false,
2022-08-30 06:00:00,Portugal,Portugal,PT,248.08,342.85,37.36,37.36,entsoe.eu,false,
2022-08-30 07:00:00,Portugal,Portugal,PT,263.37,364.06,32.72,28.69,entsoe.eu,false,
2022-08-30 08:00:00,Portugal,Portugal,PT,248.97,344.47,37.33,31.31,entsoe.eu,false,
2022-08-30 09:00:00,Portugal,Portugal,PT,238.47,331.29,39.71,34.18,entsoe.eu,false,
2022-08-30 10:00:00,Portugal,Portugal,PT,230.3,320.88,41.74,36.44,entsoe.eu,false,
2022-08-30 11:00:00,Portugal,Portugal,PT,223.06,311.79,43.52,38.35,entsoe.eu,false,
2022-08-30 12:00:00,Portugal,Portugal,PT,214.13,301.12,45.34,40.93,entsoe.eu,false,
2022-08-30 13:00:00,Portugal,Portugal,PT,215.1,301.29,45.37,40.51,entsoe.eu,false,
2022-08-30 14:00:00,Portugal,Portugal,PT,212.68,297.6,46.01,41.14,entsoe.eu,false,
2022-08-30 15:00:00,Portugal,Portugal,PT,207.13,290.72,47.03,42.92,entsoe.eu,false,
2022-08-30 16:00:00,Portugal,Portugal,PT,215.57,301.6,44.39,40.86,entsoe.eu,false,
2022-08-30 17:00:00,Portugal,Portugal,PT,224.04,311.82,42.26,38.76,entsoe.eu,false,
2022-08-30 18:00:00,Portugal,Portugal,PT,215.53,295.34,47.49,45.06,entsoe.eu,false,
2022-08-30 19:00:00,Portugal,Portugal,PT,204.92,279.04,51.56,50.59,entsoe.eu,false,
2022-08-30 20:00:00,Portugal,Portugal,PT,207.32,287.82,47.67,45.68,entsoe.eu,false,
2022-08-30 21:00:00,Portugal,Portugal,PT,212.31,297.9,44.57,41.89,entsoe.eu,false,
2022-08-30 22:00:00,Portugal,Portugal,PT,209.56,296.56,44.28,43.45,entsoe.eu,false,
2022-08-30 23:00:00,Portugal,Portugal,PT,237.45,332.85,37.72,35.21,entsoe.eu,false,
2022-08-31 00:00:00,Portugal,Portugal,PT,231.33,325.79,39.04,37.07,entsoe.eu,false,
2022-08-31 01:00:00,Portugal,Portugal,PT,230.26,325.45,39.21,37.44,entsoe.eu,false,
2022-08-31 02:00:00,Portugal,Portugal,PT,239.79,338.89,36.53,35.03,entsoe.eu,false,
2022-08-31 03:00:00,Portugal,Portugal,PT,245.95,347.49,34.45,33.83,entsoe.eu,false,
2022-08-31 04:00:00,Portugal,Portugal,PT,245.65,347.15,34.22,34.22,entsoe.eu,false,
2022-08-31 05:00:00,Portugal,Portugal,PT,230.85,324.42,39.47,39.47,entsoe.eu,false,
2022-08-31 06:00:00,Portugal,Portugal,PT,217.88,307.27,42.96,42.96,entsoe.eu,false,
2022-08-31 07:00:00,Portugal,Portugal,PT,216.72,306.68,43.2,42.41,entsoe.eu,false,
2022-08-31 08:00:00,Portugal,Portugal,PT,226.49,318.63,41.87,36.95,entsoe.eu,false,
2022-08-31 09:00:00,Portugal,Portugal,PT,221.8,311.64,43.52,37.7,entsoe.eu,false,
2022-08-31 10:00:00,Portugal,Portugal,PT,216.16,304.28,45.03,39.24,entsoe.eu,false,
2022-08-31 11:00:00,Portugal,Portugal,PT,206.52,292.4,47.48,41.98,entsoe.eu,false,
2022-08-31 12:00:00,Portugal,Portugal,PT,199.9,283.61,49.19,43.8,entsoe.eu,false,
2022-08-31 13:00:00,Portugal,Portugal,PT,196.45,278.6,49.95,44.8,entsoe.eu,false,
2022-08-31 14:00:00,Portugal,Portugal,PT,185.74,264.92,52.74,47.73,entsoe.eu,false,
2022-08-31 15:00:00,Portugal,Portugal,PT,186.78,265.83,52.2,47.71,entsoe.eu,false,
2022-08-31 16:00:00,Portugal,Portugal,PT,181.45,258.9,53.73,49.04,entsoe.eu,false,
2022-08-31 17:00:00,Portugal,Portugal,PT,200.49,282.62,48.74,44.04,entsoe.eu,false,
2022-08-31 18:00:00,Portugal,Portugal,PT,200.24,274.55,52.88,51.47,entsoe.eu,false,
2022-08-31 19:00:00,Portugal,Portugal,PT,192.4,263.63,55.46,55.46,entsoe.eu,false,
2022-08-31 20:00:00,Portugal,Portugal,PT,214.48,300.59,44.78,42.61,entsoe.eu,false,
2022-08-31 21:00:00,Portugal,Portugal,PT,223.57,312.31,42.74,40.1,entsoe.eu,false,
2022-08-31 22:00:00,Portugal,Portugal,PT,230.28,324.11,39.57,37.38,entsoe.eu,false,
2022-08-31 23:00:00,Portugal,Portugal,PT,230.76,323.51,40.12,36.76,entsoe.eu,false,
2022-09-01 00:00:00,Portugal,Portugal,PT,238.29,333.52,38.17,34.8,entsoe.eu,false,
2022-09-01 01:00:00,Portugal,Portugal,PT,238.88,335.93,37.89,34.77,entsoe.eu,false,
2022-09-01 02:00:00,Portugal,Portugal,PT,243.38,342.74,36.54,33.68,entsoe.eu,false,
2022-09-01 03:00:00,Portugal,Portugal,PT,255.95,358.95,33.17,30.3,entsoe.eu,false,
2022-09-01 04:00:00,Portugal,Portugal,PT,267.12,373.66,29.8,27.61,entsoe.eu,false,
2022-09-01 05:00:00,Portugal,Portugal,PT,229.67,313.73,45.42,45.42,entsoe.eu,false,
2022-09-01 06:00:00,Portugal,Portugal,PT,220.56,301.91,47.52,47.52,entsoe.eu,false,
2022-09-01 07:00:00,Portugal,Portugal,PT,231.61,323.97,40.69,39.14,entsoe.eu,false,
2022-09-01 08:00:00,Portugal,Portugal,PT,241.16,335.76,38.96,33.13,entsoe.eu,false,
2022-09-01 09:00:00,Portugal,Portugal,PT,239.39,333.2,39.72,33.39,entsoe.eu,false,
2022-09-01 10:00:00,Portugal,Portugal,PT,231.51,322.89,41.87,36.02,entsoe.eu,false,
2022-09-01 11:00:00,Portugal,Portugal,PT,220.74,310.04,44.18,38.87,entsoe.eu,false,
2022-09-01 12:00:00,Portugal,Portugal,PT,213.14,300.16,45.93,40.99,entsoe.eu,false,
2022-09-01 13:00:00,Portugal,Portugal,PT,204.08,287.79,48.36,43.38,entsoe.eu,false,
2022-09-01 14:00:00,Portugal,Portugal,PT,200.99,283.54,49.03,44.34,entsoe.eu,false,
2022-09-01 15:00:00,Portugal,Portugal,PT,199.05,280.99,49.28,45.09,entsoe.eu,false,
2022-09-01 16:00:00,Portugal,Portugal,PT,202.63,286.0,47.76,44.52,entsoe.eu,false,
2022-09-01 17:00:00,Portugal,Portugal,PT,203.54,287.01,47.24,44.89,entsoe.eu,false,
2022-09-01 18:00:00,Portugal,Portugal,PT,175.62,242.56,58.89,58.89,entsoe.eu,false,
2022-09-01 19:00:00,Portugal,Portugal,PT,173.25,238.65,59.76,59.76,entsoe.eu,false,
2022-09-01 20:00:00,Portugal,Portugal,PT,185.91,263.03,52.2,52.03,entsoe.eu,false,
2022-09-01 21:00:00,Portugal,Portugal,PT,222.66,311.78,42.44,39.19,entsoe.eu,false,
2022-09-01 22:00:00,Portugal,Portugal,PT,236.35,328.96,39.25,35.1,entsoe.eu,false,
2022-09-01 23:00:00,Portugal,Portugal,PT,242.7,337.17,38.16,32.88,entsoe.eu,false,
2022-09-02 00:00:00,Portugal,Portugal,PT,245.45,341.24,37.42,32.04,entsoe.eu,false,
2022-09-02 01:00:00,Portugal,Portugal,PT,249.98,347.29,36.51,30.64,entsoe.eu,false,
2022-09-02 02:00:00,Portugal,Portugal,PT,251.94,350.24,35.89,30.25,entsoe.eu,false,
2022-09-02 03:00:00,Portugal,Portugal,PT,250.39,348.96,35.67,31.14,entsoe.eu,false,
2022-09-02 04:00:00,Portugal,Portugal,PT,253.22,353.97,33.86,31.06,entsoe.eu,false,
2022-09-02 05:00:00,Portugal,Portugal,PT,245.25,341.88,37.08,35.8,entsoe.eu,false,
2022-09-02 06:00:00,Portugal,Portugal,PT,246.56,343.48,36.62,34.91,entsoe.eu,false,
2022-09-02 07:00:00,Portugal,Portugal,PT,234.77,327.66,40.26,35.58,entsoe.eu,false,
2022-09-02 08:00:00,Portugal,Portugal,PT,221.34,309.37,44.06,38.75,entsoe.eu,false,
2022-09-02 09:00:00,Portugal,Portugal,PT,204.5,288.6,48.34,43.2,entsoe.eu,false,
2022-09-02 10:00:00,Portugal,Portugal,PT,198.68,281.68,49.79,44.75,entsoe.eu,false,
2022-09-02 11:00:00,Portugal,Portugal,PT,200.52,284.15,49.12,44.39,entsoe.eu,false,
2022-09-02 12:00:00,Portugal,Portugal,PT,194.08,275.81,50.69,46.19,entsoe.eu,false,
2022-09-02 13:00:00,Portugal,Portugal,PT,185.92,264.1,53.3,48.06,entsoe.eu,false,
2022-09-02 14:00:00,Portugal,Portugal,PT,181.15,257.18,54.88,49.04,entsoe.eu,false,
2022-09-02 15:00:00,Portugal,Portugal,PT,179.48,254.57,55.42,49.59,entsoe.eu,false,
2022-09-02 16:00:00,Portugal,Portugal,PT,184.09,260.75,53.79,48.62,entsoe.eu,false,
2022-09-02 17:00:00,Portugal,Portugal,PT,194.89,274.65,50.63,46.05,entsoe.eu,false,
2022-09-02 18:00:00,Portugal,Portugal,PT,193.65,269.55,52.48,49.6,entsoe.eu,false,
2022-09-02 19:00:00,Portugal,Portugal,PT,194.08,270.74,51.87,49.38,entsoe.eu,false,
2022-09-02 20:00:00,Portugal,Portugal,PT,198.22,278.54,49.91,45.72,entsoe.eu,false,
2022-09-02 21:00:00,Portugal,Portugal,PT,194.16,273.38,51.49,45.34,entsoe.eu,false,
2022-09-02 22:00:00,Portugal,Portugal,PT,194.03,272.77,52.42,47.31,entsoe.eu,false,
2022-09-02 23:00:00,Portugal,Portugal,PT,205.84,290.88,47.96,42.11,entsoe.eu,false,
2022-09-03 00:00:00,Portugal,Portugal,PT,205.71,291.01,48.19,41.85,entsoe.eu,false,
2022-09-03 01:00:00,Portugal,Portugal,PT,200.54,284.62,49.33,43.56,entsoe.eu,false,
2022-09-03 02:00:00,Portugal,Portugal,PT,204.84,292.06,47.56,42.5,entsoe.eu,false,
2022-09-03 03:00:00,Portugal,Portugal,PT,214.37,303.2,45.67,43.28,entsoe.eu,false,
2022-09-03 04:00:00,Portugal,Portugal,PT,218.4,305.88,46.43,46.22,entsoe.eu,false,
2022-09-03 05:00:00,Portugal,Portugal,PT,219.5,305.3,47.46,46.74,entsoe.eu,false,
2022-09-03 06:00:00,Portugal,Portugal,PT,224.92,314.51,45.11,42.81,entsoe.eu,false,
2022-09-03 07:00:00,Portugal,Portugal,PT,222.06,313.07,44.45,39.95,entsoe.eu,false,
2022-09-03 08:00:00,Portugal,Portugal,PT,206.11,293.59,48.12,43.13,entsoe.eu,false,
2022-09-03 09:00:00,Portugal,Portugal,PT,188.12,272.52,52.09,46.5,entsoe.eu,false,
2022-09-03 10:00:00,Portugal,Portugal,PT,175.3,255.25,55.71,49.61,entsoe.eu,false,
2022-09-03 11:00:00,Portugal,Portugal,PT,171.51,250.45,56.38,50.89,entsoe.eu,false,
2022-09-03 12:00:00,Portugal,Portugal,PT,153.47,227.61,61.03,55.81,entsoe.eu,false,
2022-09-03 13:00:00,Portugal,Portugal,PT,140.9,209.31,64.51,58.61,entsoe.eu,false,
2022-09-03 14:00:00,Portugal,Portugal,PT,139.77,207.16,64.62,59.07,entsoe.eu,false,
2022-09-03 15:00:00,Portugal,Portugal,PT,141.63,209.29,63.95,58.95,entsoe.eu,false,
2022-09-03 16:00:00,Portugal,Portugal,PT,147.63,217.5,61.99,58.1,entsoe.eu,false,
2022-09-03 17:00:00,Portugal,Portugal,PT,176.45,255.21,53.64,51.58,entsoe.eu,false,
2022-09-03 18:00:00,Portugal,Portugal,PT,185.29,257.68,56.45,55.96,entsoe.eu,false,
2022-09-03 19:00:00,Portugal,Portugal,PT,164.29,226.06,64.3,64.3,entsoe.eu,false,
2022-09-03 20:00:00,Portugal,Portugal,PT,160.52,226.83,62.6,61.77,entsoe.eu,false,
2022-09-03 21:00:00,Portugal,Portugal,PT,175.63,246.88,58.47,57.3,entsoe.eu,false,
2022-09-03 22:00:00,Portugal,Portugal,PT,168.16,237.97,60.75,60.29,entsoe.eu,false,
2022-09-03 23:00:00,Portugal,Portugal,PT,178.34,255.67,55.91,54.51,entsoe.eu,false,
2022-09-04 00:00:00,Portugal,Portugal,PT,194.9,280.83,49.88,45.67,entsoe.eu,false,
2022-09-04 01:00:00,Portugal,Portugal,PT,220.64,312.55,43.12,37.83,entsoe.eu,false,
2022-09-04 02:00:00,Portugal,Portugal,PT,225.52,319.96,41.94,36.28,entsoe.eu,false,
2022-09-04 03:00:00,Portugal,Portugal,PT,228.09,324.26,41.4,35.41,entsoe.eu,false,
2022-09-04 04:00:00,Portugal,Portugal,PT,237.89,336.24,39.24,33.43,entsoe.eu,false,
2022-09-04 05:00:00,Portugal,Portugal,PT,247.45,348.43,36.65,31.7,entsoe.eu,false,
2022-09-04 06:00:00,Portugal,Portugal,PT,237.62,334.85,39.8,35.75,entsoe.eu,false,
2022-09-04 07:00:00,Portugal,Portugal,PT,187.87,271.37,53.96,47.38,entsoe.eu,false,
2022-09-04 08:00:00,Portugal,Portugal,PT,142.11,211.33,67.4,58.92,entsoe.eu,false,
2022-09-04 09:00:00,Portugal,Portugal,PT,118.51,183.22,71.78,63.05,entsoe.eu,false,
2022-09-04 10:00:00,Portugal,Portugal,PT,106.92,169.32,73.52,65.55,entsoe.eu,false,
2022-09-04 11:00:00,Portugal,Portugal,PT,98.32,156.87,75.74,67.86,entsoe.eu,false,
2022-09-04 12:00:00,Portugal,Portugal,PT,87.8,143.17,78.33,71.2,entsoe.eu,false,
2022-09-04 13:00:00,Portugal,Portugal,PT,84.65,137.9,79.15,72.04,entsoe.eu,false,
2022-09-04 14:00:00,Portugal,Portugal,PT,90.75,145.74,77.31,70.92,entsoe.eu,false,
2022-09-04 15:00:00,Portugal,Portugal,PT,92.74,148.05,76.89,70.21,entsoe.eu,false,
2022-09-04 16:00:00,Portugal,Portugal,PT,101.91,159.68,74.51,67.66,entsoe.eu,false,
2022-09-04 17:00:00,Portugal,Portugal,PT,135.79,202.81,65.92,59.11,entsoe.eu,false,
2022-09-04 18:00:00,Portugal,Portugal,PT,165.99,231.64,63.59,57.64,entsoe.eu,false,
2022-09-04 19:00:00,Portugal,Portugal,PT,155.87,211.86,69.55,66.21,entsoe.eu,false,
2022-09-04 20:00:00,Portugal,Portugal,PT,161.69,218.99,68.44,66.35,entsoe.eu,false,
2022-09-04 21:00:00,Portugal,Portugal,PT,173.63,242.09,61.2,55.76,entsoe.eu,false,
2022-09-04 22:00:00,Portugal,Portugal,PT,180.19,250.86,59.66,53.64,entsoe.eu,false,
2022-09-04 23:00:00,Portugal,Portugal,PT,195.24,275.58,53.45,45.63,entsoe.eu,false,
2022-09-05 00:00:00,Portugal,Portugal,PT,205.7,290.83,49.77,41.21,entsoe.eu,false,
2022-09-05 01:00:00,Portugal,Portugal,PT,203.72,288.48,50.39,41.59,entsoe.eu,false,
2022-09-05 02:00:00,Portugal,Portugal,PT,203.87,289.34,49.99,41.81,entsoe.eu,false,
2022-09-05 03:00:00,Portugal,Portugal,PT,210.18,297.63,48.33,40.73,entsoe.eu,false,
2022-09-05 04:00:00,Portugal,Portugal,PT,205.01,283.89,53.03,50.21,entsoe.eu,false,
2022-09-05 05:00:00,Portugal,Portugal,PT,193.12,262.02,58.52,58.52,entsoe.eu,false,
2022-09-05 06:00:00,Portugal,Portugal,PT,192.29,262.68,57.5,57.5,entsoe.eu,false,
2022-09-05 07:00:00,Portugal,Portugal,PT,193.39,268.45,54.87,52.82,entsoe.eu,false,
2022-09-05 08:00:00,Portugal,Portugal,PT,180.77,256.34,55.69,50.88,entsoe.eu,false,
2022-09-05 09:00:00,Portugal,Portugal,PT,160.2,231.73,59.97,54.47,entsoe.eu,false,
2022-09-05 10:00:00,Portugal,Portugal,PT,153.07,221.86,62.02,56.17,entsoe.eu,false,
2022-09-05 11:00:00,Portugal,Portugal,PT,147.45,214.77,63.29,57.84,entsoe.eu,false,
2022-09-05 12:00:00,Portugal,Portugal,PT,142.31,207.68,64.75,59.0,entsoe.eu,false,
2022-09-05 13:00:00,Portugal,Portugal,PT,133.77,195.64,67.3,60.96,entsoe.eu,false,
2022-09-05 14:00:00,Portugal,Portugal,PT,131.98,192.53,67.88,61.27,entsoe.eu,false,
2022-09-05 15:00:00,Portugal,Portugal,PT,136.55,198.35,66.76,60.08,entsoe.eu,false,
2022-09-05 16:00:00,Portugal,Portugal,PT,153.24,219.98,62.32,55.99,entsoe.eu,false,
2022-09-05 17:00:00,Portugal,Portugal,PT,183.73,258.96,54.48,48.68,entsoe.eu,false,
2022-09-05 18:00:00,Portugal,Portugal,PT,178.41,240.0,62.3,60.02,entsoe.eu,false,
2022-09-05 19:00:00,Portugal,Portugal,PT,171.65,231.4,63.88,63.42,entsoe.eu,false,
2022-09-05 20:00:00,Portugal,Portugal,PT,191.76,260.27,57.51,55.65,entsoe.eu,false,
2022-09-05 21:00:00,Portugal,Portugal,PT,206.43,285.07,50.82,45.77,entsoe.eu,false,
2022-09-05 22:00:00,Portugal,Portugal,PT,207.03,289.12,48.56,42.98,entsoe.eu,false,
2022-09-05 23:00:00,Portugal,Portugal,PT,205.13,286.79,49.07,42.59,entsoe.eu,false,
2022-09-06 00:00:00,Portugal,Portugal,PT,207.61,289.06,48.92,41.44,entsoe.eu,false,
2022-09-06 01:00:00,Portugal,Portugal,PT,197.57,275.8,51.52,44.24,entsoe.eu,false,
2022-09-06 02:00:00,Portugal,Portugal,PT,193.0,270.21,52.44,45.71,entsoe.eu,false,
2022-09-06 03:00:00,Portugal,Portugal,PT,212.38,296.72,46.83,40.77,entsoe.eu,false,
2022-09-06 04:00:00,Portugal,Portugal,PT,221.44,310.15,43.81,38.79,entsoe.eu,false,
2022-09-06 05:00:00,Portugal,Portugal,PT,213.21,291.14,51.22,49.65,entsoe.eu,false,
2022-09-06 06:00:00,Portugal,Portugal,PT,209.81,284.89,52.61,51.71,entsoe.eu,false,
2022-09-06 07:00:00,Portugal,Portugal,PT,213.52,290.88,50.68,46.55,entsoe.eu,false,
2022-09-06 08:00:00,Portugal,Portugal,PT,199.72,278.47,50.92,43.31,entsoe.eu,false,
2022-09-06 09:00:00,Portugal,Portugal,PT,179.14,251.18,56.76,48.35,entsoe.eu,false,
2022-09-06 10:00:00,Portugal,Portugal,PT,167.14,236.06,59.5,51.89,entsoe.eu,false,
2022-09-06 11:00:00,Portugal,Portugal,PT,161.39,229.02,60.77,53.76,entsoe.eu,false,
2022-09-06 12:00:00,Portugal,Portugal,PT,156.35,222.42,62.02,55.16,entsoe.eu,false,
2022-09-06 13:00:00,Portugal,Portugal,PT,154.72,219.98,62.34,55.6,entsoe.eu,false,
2022-09-06 14:00:00,Portugal,Portugal,PT,147.5,210.54,64.24,57.49,entsoe.eu,false,
2022-09-06 15:00:00,Portugal,Portugal,PT,153.11,217.5,62.59,56.21,entsoe.eu,false,
2022-09-06 16:00:00,Portugal,Portugal,PT,162.28,228.99,60.18,54.03,entsoe.eu,false,
2022-09-06 17:00:00,Portugal,Portugal,PT,187.41,261.66,53.34,47.66,entsoe.eu,false,
2022-09-06 18:00:00,Portugal,Portugal,PT,194.83,260.65,57.64,54.25,entsoe.eu,false,
2022-09-06 19:00:00,Portugal,Portugal,PT,179.09,238.25,62.29,61.17,entsoe.eu,false,
2022-09-06 20:00:00,Portugal,Portugal,PT,195.47,260.86,57.74,55.51,entsoe.eu,false,
2022-09-06 21:00:00,Portugal,Portugal,PT,226.65,305.91,47.31,41.81,entsoe.eu,false,
2022-09-06 22:00:00,Portugal,Portugal,PT,230.71,315.31,43.87,36.36,entsoe.eu,false,
2022-09-06 23:00:00,Portugal,Portugal,PT,233.29,320.32,42.7,34.24,entsoe.eu,false,
2022-09-07 00:00:00,Portugal,Portugal,PT,235.07,321.78,42.75,33.32,entsoe.eu,false,
2022-09-07 01:00:00,Portugal,Portugal,PT,240.32,328.0,41.6,31.79,entsoe.eu,false,
2022-09-07 02:00:00,Portugal,Portugal,PT,243.15,332.59,40.62,31.23,entsoe.eu,false,
2022-09-07 03:00:00,Portugal,Portugal,PT,256.94,351.53,36.17,28.03,entsoe.eu,false,
2022-09-07 04:00:00,Portugal,Portugal,PT,256.57,349.68,37.0,31.37,entsoe.eu,false,
2022-09-07 05:00:00,Portugal,Portugal,PT,244.11,329.82,42.1,39.29,entsoe.eu,false,
2022-09-07 06:00:00,Portugal,Portugal,PT,241.95,328.17,42.04,39.39,entsoe.eu,false,
2022-09-07 07:00:00,Portugal,Portugal,PT,237.43,323.21,42.86,38.3,entsoe.eu,false,
2022-09-07 08:00:00,Portugal,Portugal,PT,222.39,308.07,44.6,38.18,entsoe.eu,false,
2022-09-07 09:00:00,Portugal,Portugal,PT,201.65,281.55,50.2,43.1,entsoe.eu,false,
2022-09-07 10:00:00,Portugal,Portugal,PT,189.88,266.06,53.44,46.21,entsoe.eu,false,
2022-09-07 11:00:00,Portugal,Portugal,PT,180.0,253.21,55.87,48.91,entsoe.eu,false,
2022-09-07 12:00:00,Portugal,Portugal,PT,176.25,248.39,56.6,49.87,entsoe.eu,false,
2022-09-07 13:00:00,Portugal,Portugal,PT,174.69,246.62,56.95,50.01,entsoe.eu,false,
2022-09-07 14:00:00,Portugal,Portugal,PT,175.51,247.83,56.56,49.52,entsoe.eu,false,
2022-09-07 15:00:00,Portugal,Portugal,PT,182.25,256.62,54.81,47.87,entsoe.eu,false,
2022-09-07 16:00:00,Portugal,Portugal,PT,192.43,269.42,52.43,45.49,entsoe.eu,false,
2022-09-07 17:00:00,Portugal,Portugal,PT,216.84,299.9,46.29,39.67,entsoe.eu,false,
2022-09-07 18:00:00,Portugal,Portugal,PT,220.53,297.48,49.77,44.93,entsoe.eu,false,
2022-09-07 19:00:00,Portugal,Portugal,PT,194.33,259.46,58.54,56.68,entsoe.eu,false,
2022-09-07 20:00:00,Portugal,Portugal,PT,211.15,287.21,50.99,47.49,entsoe.eu,false,
2022-09-07 21:00:00,Portugal,Portugal,PT,248.27,335.44,41.92,35.54,entsoe.eu,false,
2022-09-07 22:00:00,Portugal,Portugal,PT,258.38,352.89,36.76,29.02,entsoe.eu,false,
2022-09-07 23:00:00,Portugal,Portugal,PT,259.98,357.03,35.37,27.71,entsoe.eu,false,
2022-09-08 00:00:00,Portugal,Portugal,PT,257.3,353.53,35.82,28.48,entsoe.eu,false,
2022-09-08 01:00:00,Portugal,Portugal,PT,253.44,348.26,37.22,29.37,entsoe.eu,false,
2022-09-08 02:00:00,Portugal,Portugal,PT,250.75,344.99,37.71,30.24,entsoe.eu,false,
2022-09-08 03:00:00,Portugal,Portugal,PT,257.26,353.19,35.7,28.62,entsoe.eu,false,
2022-09-08 04:00:00,Portugal,Portugal,PT,250.66,347.76,35.52,31.32,entsoe.eu,false,
2022-09-08 05:00:00,Portugal,Portugal,PT,233.86,324.61,40.17,38.77,entsoe.eu,false,
2022-09-08 06:00:00,Portugal,Portugal,PT,227.54,308.43,46.45,46.45,entsoe.eu,false,
2022-09-08 07:00:00,Portugal,Portugal,PT,232.36,320.31,41.77,39.32,entsoe.eu,false,
2022-09-08 08:00:00,Portugal,Portugal,PT,229.53,317.3,42.67,37.36,entsoe.eu,false,
2022-09-08 09:00:00,Portugal,Portugal,PT,214.52,299.12,46.27,39.98,entsoe.eu,false,
2022-09-08 10:00:00,Portugal,Portugal,PT,207.33,289.1,48.06,41.74,entsoe.eu,false,
2022-09-08 11:00:00,Portugal,Portugal,PT,197.68,277.97,50.3,44.47,entsoe.eu,false,
2022-09-08 12:00:00,Portugal,Portugal,PT,189.63,267.68,52.28,46.62,entsoe.eu,false,
2022-09-08 13:00:00,Portugal,Portugal,PT,186.12,262.35,53.32,47.36,entsoe.eu,false,
2022-09-08 14:00:00,Portugal,Portugal,PT,180.72,254.85,54.94,48.9,entsoe.eu,false,
2022-09-08 15:00:00,Portugal,Portugal,PT,187.55,263.41,53.29,47.23,entsoe.eu,false,
2022-09-08 16:00:00,Portugal,Portugal,PT,202.89,283.28,49.34,43.17,entsoe.eu,false,
2022-09-08 17:00:00,Portugal,Portugal,PT,230.37,318.32,42.07,36.15,entsoe.eu,false,
2022-09-08 18:00:00,Portugal,Portugal,PT,222.46,297.54,50.21,47.01,entsoe.eu,false,
2022-09-08 19:00:00,Portugal,Portugal,PT,192.73,256.08,59.24,59.23,entsoe.eu,false,
2022-09-08 20:00:00,Portugal,Portugal,PT,226.8,306.38,47.12,44.83,entsoe.eu,false,
2022-09-08 21:00:00,Portugal,Portugal,PT,249.28,341.82,37.5,31.68,entsoe.eu,false,
2022-09-08 22:00:00,Portugal,Portugal,PT,246.39,337.68,38.5,33.59,entsoe.eu,false,
2022-09-08 23:00:00,Portugal,Portugal,PT,261.09,359.84,33.27,28.73,entsoe.eu,false,
2022-09-09 00:00:00,Portugal,Portugal,PT,261.6,360.42,33.51,27.65,entsoe.eu,false,
2022-09-09 01:00:00,Portugal,Portugal,PT,261.5,359.82,33.98,27.52,entsoe.eu,false,
2022-09-09 02:00:00,Portugal,Portugal,PT,257.7,356.67,33.93,29.27,entsoe.eu,false,
2022-09-09 03:00:00,Portugal,Portugal,PT,257.59,356.16,34.19,29.22,entsoe.eu,false,
2022-09-09 04:00:00,Portugal,Portugal,PT,259.05,357.32,34.01,32.43,entsoe.eu,false,
2022-09-09 05:00:00,Portugal,Portugal,PT,260.55,357.75,34.75,33.76,entsoe.eu,false,
2022-09-09 06:00:00,Portugal,Portugal,PT,257.69,352.0,36.53,34.25,entsoe.eu,false,
2022-09-09 07:00:00,Portugal,Portugal,PT,249.43,341.12,38.49,34.31,entsoe.eu,false,
2022-09-09 08:00:00,Portugal,Portugal,PT,224.33,312.13,43.21,37.8,entsoe.eu,false,
2022-09-09 09:00:00,Portugal,Portugal,PT,204.66,286.51,48.66,42.78,entsoe.eu,false,
2022-09-09 10:00:00,Portugal,Portugal,PT,191.23,270.0,51.68,46.76,entsoe.eu,false,
2022-09-09 11:00:00,Portugal,Portugal,PT,183.46,261.17,53.25,49.24,entsoe.eu,false,
2022-09-09 12:00:00,Portugal,Portugal,PT,185.02,263.61,52.78,48.81,entsoe.eu,false,
2022-09-09 13:00:00,Portugal,Portugal,PT,186.88,265.57,52.36,48.24,entsoe.eu,false,
2022-09-09 14:00:00,Portugal,Portugal,PT,186.96,265.62,52.32,48.21,entsoe.eu,false,
2022-09-09 15:00:00,Portugal,Portugal,PT,192.58,272.61,50.94,46.69,entsoe.eu,false,
2022-09-09 16:00:00,Portugal,Portugal,PT,193.46,270.17,52.45,49.43,entsoe.eu,false,
2022-09-09 17:00:00,Portugal,Portugal,PT,211.89,295.34,46.36,42.6,entsoe.eu,false,
2022-09-09 18:00:00,Portugal,Portugal,PT,195.74,266.19,54.7,53.77,entsoe.eu,false,
2022-09-09 19:00:00,Portugal,Portugal,PT,190.69,257.96,56.83,56.83,entsoe.eu,false,
2022-09-09 20:00:00,Portugal,Portugal,PT,211.08,287.88,50.06,48.89,entsoe.eu,false,
2022-09-09 21:00:00,Portugal,Portugal,PT,234.11,322.53,41.49,37.7,entsoe.eu,false,
2022-09-09 22:00:00,Portugal,Portugal,PT,209.87,290.13,48.84,46.36,entsoe.eu,false,
2022-09-09 23:00:00,Portugal,Portugal,PT,219.78,305.23,46.64,43.28,entsoe.eu,false,
2022-09-10 00:00:00,Portugal,Portugal,PT,232.41,324.47,41.84,36.86,entsoe.eu,false,
2022-09-10 01:00:00,Portugal,Portugal,PT,235.52,329.38,40.26,35.77,entsoe.eu,false,
2022-09-10 02:00:00,Portugal,Portugal,PT,242.05,338.75,38.07,33.91,entsoe.eu,false,
2022-09-10 03:00:00,Portugal,Portugal,PT,246.03,343.18,37.67,33.59,entsoe.eu,false,
2022-09-10 04:00:00,Portugal,Portugal,PT,231.8,323.31,42.19,39.15,entsoe.eu,false,
2022-09-10 05:00:00,Portugal,Portugal,PT,237.64,330.88,40.41,37.53,entsoe.eu,false,
2022-09-10 06:00:00,Portugal,Portugal,PT,235.7,327.35,41.71,38.78,entsoe.eu,false,
2022-09-10 07:00:00,Portugal,Portugal,PT,227.05,319.62,42.1,37.49,entsoe.eu,false,
2022-09-10 08:00:00,Portugal,Portugal,PT,201.36,286.33,48.88,43.99,entsoe.eu,false,
2022-09-10 09:00:00,Portugal,Portugal,PT,196.91,282.19,49.73,45.28,entsoe.eu,false,
2022-09-10 10:00:00,Portugal,Portugal,PT,197.77,283.47,49.74,44.75,entsoe.eu,false,
2022-09-10 11:00:00,Portugal,Portugal,PT,193.9,277.8,50.97,46.04,entsoe.eu,false,
2022-09-10 12:00:00,Portugal,Portugal,PT,188.11,271.17,52.27,47.36,entsoe.eu,false,
2022-09-10 13:00:00,Portugal,Portugal,PT,187.08,267.85,52.96,47.17,entsoe.eu,false,
2022-09-10 14:00:00,Portugal,Portugal,PT,185.67,265.11,53.65,47.26,entsoe.eu,false,
2022-09-10 15:00:00,Portugal,Portugal,PT,191.39,272.91,51.89,46.0,entsoe.eu,false,
2022-09-10 16:00:00,Portugal,Portugal,PT,207.44,293.5,47.7,41.82,entsoe.eu,false,
2022-09-10 17:00:00,Portugal,Portugal,PT,214.11,297.4,47.76,43.63,entsoe.eu,false,
2022-09-10 18:00:00,Portugal,Portugal,PT,196.09,268.63,54.9,54.26,entsoe.eu,false,
2022-09-10 19:00:00,Portugal,Portugal,PT,177.33,240.27,61.47,61.47,entsoe.eu,false,
2022-09-10 20:00:00,Portugal,Portugal,PT,186.6,258.58,55.89,55.89,entsoe.eu,false,
2022-09-10 21:00:00,Portugal,Portugal,PT,218.7,303.11,46.43,44.12,entsoe.eu,false,
2022-09-10 22:00:00,Portugal,Portugal,PT,233.89,322.16,44.24,37.97,entsoe.eu,false,
2022-09-10 23:00:00,Portugal,Portugal,PT,244.23,336.8,41.81,32.06,entsoe.eu,false,
2022-09-11 00:00:00,Portugal,Portugal,PT,240.45,330.02,44.61,33.76,entsoe.eu,false,
2022-09-11 01:00:00,Portugal,Portugal,PT,235.21,321.53,47.57,36.81,entsoe.eu,false,
2022-09-11 02:00:00,Portugal,Portugal,PT,231.84,317.16,48.77,38.68,entsoe.eu,false,
2022-09-11 03:00:00,Portugal,Portugal,PT,219.13,302.82,50.89,41.94,entsoe.eu,false,
2022-09-11 04:00:00,Portugal,Portugal,PT,207.45,289.31,52.61,44.42,entsoe.eu,false,
2022-09-11 05:00:00,Portugal,Portugal,PT,192.57,268.07,57.51,51.2,entsoe.eu,false,
2022-09-11 06:00:00,Portugal,Portugal,PT,193.79,276.97,52.95,44.87,entsoe.eu,false,
2022-09-11 07:00:00,Portugal,Portugal,PT,174.88,252.73,57.62,49.69,entsoe.eu,false,
2022-09-11 08:00:00,Portugal,Portugal,PT,150.2,219.56,65.02,58.94,entsoe.eu,false,
2022-09-11 09:00:00,Portugal,Portugal,PT,130.82,196.52,68.28,61.36,entsoe.eu,false,
2022-09-11 10:00:00,Portugal,Portugal,PT,120.04,180.98,71.24,64.09,entsoe.eu,false,
2022-09-11 11:00:00,Portugal,Portugal,PT,111.79,170.11,73.28,66.46,entsoe.eu,false,
2022-09-11 12:00:00,Portugal,Portugal,PT,107.52,165.25,74.1,68.01,entsoe.eu,false,
2022-09-11 13:00:00,Portugal,Portugal,PT,107.05,164.92,74.2,68.02,entsoe.eu,false,
2022-09-11 14:00:00,Portugal,Portugal,PT,117.5,178.25,71.56,65.01,entsoe.eu,false,
2022-09-11 15:00:00,Portugal,Portugal,PT,133.4,199.07,67.62,60.61,entsoe.eu,false,
2022-09-11 16:00:00,Portugal,Portugal,PT,162.81,233.58,62.2,54.45,entsoe.eu,false,
2022-09-11 17:00:00,Portugal,Portugal,PT,196.65,268.28,58.17,50.75,entsoe.eu,false,
2022-09-11 18:00:00,Portugal,Portugal,PT,213.35,287.13,54.36,47.9,entsoe.eu,false,
2022-09-11 19:00:00,Portugal,Portugal,PT,181.51,244.4,62.68,59.16,entsoe.eu,false,
2022-09-11 20:00:00,Portugal,Portugal,PT,191.48,260.39,58.71,55.2,entsoe.eu,false,
2022-09-11 21:00:00,Portugal,Portugal,PT,219.54,299.63,50.0,43.49,entsoe.eu,false,
2022-09-11 22:00:00,Portugal,Portugal,PT,229.87,311.97,48.27,41.65,entsoe.eu,false,
2022-09-11 23:00:00,Portugal,Portugal,PT,231.65,322.93,42.75,34.78,entsoe.eu,false,
2022-09-12 00:00:00,Portugal,Portugal,PT,219.13,307.82,45.4,38.55,entsoe.eu,false,
2022-09-12 01:00:00,Portugal,Portugal,PT,203.49,289.2,48.18,43.71,entsoe.eu,false,
2022-09-12 02:00:00,Portugal,Portugal,PT,194.17,277.96,49.27,47.17,entsoe.eu,false,
2022-09-12 03:00:00,Portugal,Portugal,PT,206.6,296.03,44.7,44.7,entsoe.eu,false,
2022-09-12 04:00:00,Portugal,Portugal,PT,211.89,301.83,43.25,43.25,entsoe.eu,false,
2022-09-12 05:00:00,Portugal,Portugal,PT,215.89,299.17,46.41,46.41,entsoe.eu,false,
2022-09-12 06:00:00,Portugal,Portugal,PT,191.94,262.25,55.49,55.49,entsoe.eu,false,
2022-09-12 07:00:00,Portugal,Portugal,PT,173.83,238.6,59.69,59.69,entsoe.eu,false,
2022-09-12 08:00:00,Portugal,Portugal,PT,164.08,226.82,61.49,61.49,entsoe.eu,false,
2022-09-12 09:00:00,Portugal,Portugal,PT,157.84,224.57,59.69,59.69,entsoe.eu,false,
2022-09-12 10:00:00,Portugal,Portugal,PT,152.72,218.38,60.68,60.68,entsoe.eu,false,
2022-09-12 11:00:00,Portugal,Portugal,PT,151.07,214.6,62.08,62.08,entsoe.eu,false,
2022-09-12 12:00:00,Portugal,Portugal,PT,146.79,213.53,60.7,60.7,entsoe.eu,false,
2022-09-12 13:00:00,Portugal,Portugal,PT,144.49,210.14,61.32,61.32,entsoe.eu,false,
2022-09-12 14:00:00,Portugal,Portugal,PT,133.65,195.81,64.23,64.23,entsoe.eu,false,
2022-09-12 15:00:00,Portugal,Portugal,PT,137.69,200.82,63.14,63.14,entsoe.eu,false,
2022-09-12 16:00:00,Portugal,Portugal,PT,140.95,204.43,62.62,62.62,entsoe.eu,false,
2022-09-12 17:00:00,Portugal,Portugal,PT,140.94,204.11,62.81,62.81,entsoe.eu,false,
2022-09-12 18:00:00,Portugal,Portugal,PT,135.24,193.45,65.68,65.68,entsoe.eu,false,
2022-09-12 19:00:00,Portugal,Portugal,PT,133.66,189.93,67.01,67.01,entsoe.eu,false,
2022-09-12 20:00:00,Portugal,Portugal,PT,134.26,194.98,64.68,64.68,entsoe.eu,false,
2022-09-12 21:00:00,Portugal,Portugal,PT,139.76,203.25,62.58,62.58,entsoe.eu,false,
2022-09-12 22:00:00,Portugal,Portugal,PT,123.14,182.47,67.07,67.07,entsoe.eu,false,
2022-09-12 23:00:00,Portugal,Portugal,PT,111.97,168.21,70.07,70.07,entsoe.eu,false,
2022-09-13 00:00:00,Portugal,Portugal,PT,113.78,170.47,69.58,69.58,entsoe.eu,false,
2022-09-13 01:00:00,Portugal,Portugal,PT,115.95,173.32,69.0,69.0,entsoe.eu,false,
2022-09-13 02:00:00,Portugal,Portugal,PT,123.64,183.39,66.93,66.93,entsoe.eu,false,
2022-09-13 03:00:00,Portugal,Portugal,PT,124.43,184.65,66.72,66.72,entsoe.eu,false,
2022-09-13 04:00:00,Portugal,Portugal,PT,127.96,189.28,65.76,65.76,entsoe.eu,false,
2022-09-13 05:00:00,Portugal,Portugal,PT,126.55,187.33,66.13,66.13,entsoe.eu,false,
2022-09-13 06:00:00,Portugal,Portugal,PT,120.2,179.14,67.85,67.85,entsoe.eu,false,
2022-09-13 07:00:00,Portugal,Portugal,PT,112.97,167.67,70.58,70.58,entsoe.eu,false,
2022-09-13 08:00:00,Portugal,Portugal,PT,106.09,158.02,72.7,72.7,entsoe.eu,false,
2022-09-13 09:00:00,Portugal,Portugal,PT,101.87,154.53,72.76,72.76,entsoe.eu,false,
2022-09-13 10:00:00,Portugal,Portugal,PT,95.14,146.1,74.57,74.57,entsoe.eu,false,
2022-09-13 11:00:00,Portugal,Portugal,PT,99.02,151.36,73.53,73.53,entsoe.eu,false,
2022-09-13 12:00:00,Portugal,Portugal,PT,95.47,146.94,74.7,74.26,entsoe.eu,false,
2022-09-13 13:00:00,Portugal,Portugal,PT,100.0,152.77,73.39,73.14,entsoe.eu,false,
2022-09-13 14:00:00,Portugal,Portugal,PT,106.65,161.25,71.77,71.18,entsoe.eu,false,
2022-09-13 15:00:00,Portugal,Portugal,PT,116.97,173.98,69.5,67.99,entsoe.eu,false,
2022-09-13 16:00:00,Portugal,Portugal,PT,120.37,178.05,68.64,67.16,entsoe.eu,false,
2022-09-13 17:00:00,Portugal,Portugal,PT,118.1,176.57,68.47,68.42,entsoe.eu,false,
2022-09-13 18:00:00,Portugal,Portugal,PT,119.94,175.28,69.82,69.82,entsoe.eu,false,
2022-09-13 19:00:00,Portugal,Portugal,PT,120.89,173.52,71.22,71.22,entsoe.eu,false,
2022-09-13 20:00:00,Portugal,Portugal,PT,116.81,174.64,68.79,68.79,entsoe.eu,false,
2022-09-13 21:00:00,Portugal,Portugal,PT,119.0,177.18,68.79,67.77,entsoe.eu,false,
2022-09-13 22:00:00,Portugal,Portugal,PT,116.0,174.24,69.16,68.87,entsoe.eu,false,
2022-09-13 23:00:00,Portugal,Portugal,PT,108.66,165.36,70.98,70.98,entsoe.eu,false,
2022-09-14 00:00:00,Portugal,Portugal,PT,119.79,180.0,68.31,67.73,entsoe.eu,false,
2022-09-14 01:00:00,Portugal,Portugal,PT,132.72,196.8,65.05,64.07,entsoe.eu,false,
2022-09-14 02:00:00,Portugal,Portugal,PT,141.84,209.09,62.83,61.45,entsoe.eu,false,
2022-09-14 03:00:00,Portugal,Portugal,PT,151.43,223.21,59.49,59.49,entsoe.eu,false,
2022-09-14 04:00:00,Portugal,Portugal,PT,161.71,235.32,56.7,56.7,entsoe.eu,false,
2022-09-14 05:00:00,Portugal,Portugal,PT,172.3,247.76,53.86,53.86,entsoe.eu,false,
2022-09-14 06:00:00,Portugal,Portugal,PT,176.48,252.82,52.72,52.72,entsoe.eu,false,
2022-09-14 07:00:00,Portugal,Portugal,PT,169.62,240.8,56.25,56.25,entsoe.eu,false,
2022-09-14 08:00:00,Portugal,Portugal,PT,170.5,245.36,54.41,54.41,entsoe.eu,false,
2022-09-14 09:00:00,Portugal,Portugal,PT,171.44,245.92,54.77,54.24,entsoe.eu,false,
2022-09-14 10:00:00,Portugal,Portugal,PT,170.05,243.57,55.77,53.46,entsoe.eu,false,
2022-09-14 11:00:00,Portugal,Portugal,PT,172.63,246.18,55.91,52.18,entsoe.eu,false,
2022-09-14 12:00:00,Portugal,Portugal,PT,179.09,254.5,54.73,49.89,entsoe.eu,false,
2022-09-14 13:00:00,Portugal,Portugal,PT,178.77,253.05,55.2,49.59,entsoe.eu,false,
2022-09-14 14:00:00,Portugal,Portugal,PT,183.84,259.49,54.22,48.05,entsoe.eu,false,
2022-09-14 15:00:00,Portugal,Portugal,PT,184.7,261.46,53.88,48.16,entsoe.eu,false,
2022-09-14 16:00:00,Portugal,Portugal,PT,186.56,262.59,54.13,47.53,entsoe.eu,false,
2022-09-14 17:00:00,Portugal,Portugal,PT,186.37,260.16,54.69,51.19,entsoe.eu,false,
2022-09-14 18:00:00,Portugal,Portugal,PT,190.11,257.87,57.77,57.19,entsoe.eu,false,
2022-09-14 19:00:00,Portugal,Portugal,PT,191.66,260.71,56.56,56.56,entsoe.eu,false,
2022-09-14 20:00:00,Portugal,Portugal,PT,204.85,282.57,50.27,49.39,entsoe.eu,false,
2022-09-14 21:00:00,Portugal,Portugal,PT,207.47,291.22,47.28,42.75,entsoe.eu,false,
2022-09-14 22:00:00,Portugal,Portugal,PT,213.78,299.28,45.68,41.02,entsoe.eu,false,
2022-09-14 23:00:00,Portugal,Portugal,PT,212.76,299.13,46.04,41.29,entsoe.eu,false,
2022-09-15 00:00:00,Portugal,Portugal,PT,208.65,294.64,47.78,41.97,entsoe.eu,false,
2022-09-15 01:00:00,Portugal,Portugal,PT,222.88,312.83,44.72,37.61,entsoe.eu,false,
2022-09-15 02:00:00,Portugal,Portugal,PT,222.25,311.71,44.86,37.71,entsoe.eu,false,
2022-09-15 03:00:00,Portugal,Portugal,PT,234.12,327.71,41.44,34.7,entsoe.eu,false,
2022-09-15 04:00:00,Portugal,Portugal,PT,242.76,339.62,38.35,33.11,entsoe.eu,false,
2022-09-15 05:00:00,Portugal,Portugal,PT,224.88,313.82,44.25,41.07,entsoe.eu,false,
2022-09-15 06:00:00,Portugal,Portugal,PT,205.91,286.89,50.16,47.86,entsoe.eu,false,
2022-09-15 07:00:00,Portugal,Portugal,PT,205.17,284.63,50.87,46.89,entsoe.eu,false,
2022-09-15 08:00:00,Portugal,Portugal,PT,194.87,271.38,53.6,48.77,entsoe.eu,false,
2022-09-15 09:00:00,Portugal,Portugal,PT,193.64,272.7,52.34,46.78,entsoe.eu,false,
2022-09-15 10:00:00,Portugal,Portugal,PT,197.67,278.33,51.14,44.64,entsoe.eu,false,
2022-09-15 11:00:00,Portugal,Portugal,PT,192.17,271.15,52.67,46.31,entsoe.eu,false,
2022-09-15 12:00:00,Portugal,Portugal,PT,198.81,279.93,50.84,43.94,entsoe.eu,false,
2022-09-15 13:00:00,Portugal,Portugal,PT,205.51,287.81,49.28,41.89,entsoe.eu,false,
2022-09-15 14:00:00,Portugal,Portugal,PT,200.65,281.16,50.7,43.03,entsoe.eu,false,
2022-09-15 15:00:00,Portugal,Portugal,PT,203.94,285.7,49.71,42.19,entsoe.eu,false,
2022-09-15 16:00:00,Portugal,Portugal,PT,210.83,294.19,47.87,40.49,entsoe.eu,false,
2022-09-15 17:00:00,Portugal,Portugal,PT,220.67,305.01,45.84,39.3,entsoe.eu,false,
2022-09-15 18:00:00,Portugal,Portugal,PT,208.36,279.77,54.5,50.84,entsoe.eu,false,
2022-09-15 19:00:00,Portugal,Portugal,PT,204.46,274.3,55.73,52.69,entsoe.eu,false,
2022-09-15 20:00:00,Portugal,Portugal,PT,220.95,303.23,47.67,40.86,entsoe.eu,false,
2022-09-15 21:00:00,Portugal,Portugal,PT,226.33,312.68,44.8,35.77,entsoe.eu,false,
2022-09-15 22:00:00,Portugal,Portugal,PT,217.96,301.27,47.53,40.53,entsoe.eu,false,
2022-09-15 23:00:00,Portugal,Portugal,PT,212.88,299.69,46.6,39.74,entsoe.eu,false,
2022-09-16 00:00:00,Portugal,Portugal,PT,207.81,291.39,48.66,40.3,entsoe.eu,false,
2022-09-16 01:00:00,Portugal,Portugal,PT,213.48,298.36,47.95,37.84,entsoe.eu,false,
2022-09-16 02:00:00,Portugal,Portugal,PT,209.11,292.19,49.11,38.95,entsoe.eu,false,
2022-09-16 03:00:00,Portugal,Portugal,PT,215.52,301.03,46.96,37.74,entsoe.eu,false,
2022-09-16 04:00:00,Portugal,Portugal,PT,212.03,297.44,46.85,39.95,entsoe.eu,false,
2022-09-16 05:00:00,Portugal,Portugal,PT,209.01,292.78,48.08,44.49,entsoe.eu,false,
2022-09-16 06:00:00,Portugal,Portugal,PT,195.76,270.48,54.52,53.73,entsoe.eu,false,
2022-09-16 07:00:00,Portugal,Portugal,PT,194.69,275.53,50.91,45.56,entsoe.eu,false,
2022-09-16 08:00:00,Portugal,Portugal,PT,179.67,253.89,56.14,48.33,entsoe.eu,false,
2022-09-16 09:00:00,Portugal,Portugal,PT,162.78,233.12,60.67,52.48,entsoe.eu,false,
2022-09-16 10:00:00,Portugal,Portugal,PT,151.93,219.66,63.08,55.67,entsoe.eu,false,
2022-09-16 11:00:00,Portugal,Portugal,PT,160.41,231.55,60.42,53.62,entsoe.eu,false,
2022-09-16 12:00:00,Portugal,Portugal,PT,159.39,230.14,61.43,53.02,entsoe.eu,false,
2022-09-16 13:00:00,Portugal,Portugal,PT,160.54,230.68,61.21,52.38,entsoe.eu,false,
2022-09-16 14:00:00,Portugal,Portugal,PT,166.9,238.24,59.49,50.58,entsoe.eu,false,
2022-09-16 15:00:00,Portugal,Portugal,PT,166.53,237.97,59.45,50.83,entsoe.eu,false,
2022-09-16 16:00:00,Portugal,Portugal,PT,178.66,253.4,56.42,47.74,entsoe.eu,false,
2022-09-16 17:00:00,Portugal,Portugal,PT,193.51,270.77,53.09,44.81,entsoe.eu,false,
2022-09-16 18:00:00,Portugal,Portugal,PT,184.13,249.22,60.34,56.15,entsoe.eu,false,
2022-09-16 19:00:00,Portugal,Portugal,PT,176.36,239.7,62.21,59.0,entsoe.eu,false,
2022-09-16 20:00:00,Portugal,Portugal,PT,185.69,261.57,54.11,46.79,entsoe.eu,false,
2022-09-16 21:00:00,Portugal,Portugal,PT,191.91,267.64,53.65,43.84,entsoe.eu,false,
2022-09-16 22:00:00,Portugal,Portugal,PT,187.57,263.52,54.42,45.01,entsoe.eu,false,
2022-09-16 23:00:00,Portugal,Portugal,PT,177.27,249.83,57.54,47.45,entsoe.eu,false,
2022-09-17 00:00:00,Portugal,Portugal,PT,173.12,244.85,59.07,48.3,entsoe.eu,false,
2022-09-17 01:00:00,Portugal,Portugal,PT,169.56,241.15,59.76,49.49,entsoe.eu,false,
2022-09-17 02:00:00,Portugal,Portugal,PT,154.93,222.86,63.18,53.26,entsoe.eu,false,
2022-09-17 03:00:00,Portugal,Portugal,PT,147.44,213.87,64.74,55.71,entsoe.eu,false,
2022-09-17 04:00:00,Portugal,Portugal,PT,141.46,207.38,65.41,58.4,entsoe.eu,false,
2022-09-17 05:00:00,Portugal,Portugal,PT,141.84,208.94,65.02,58.74,entsoe.eu,false,
2022-09-17 06:00:00,Portugal,Portugal,PT,140.78,207.9,65.32,59.2,entsoe.eu,false,
2022-09-17 07:00:00,Portugal,Portugal,PT,131.35,193.98,68.35,61.1,entsoe.eu,false,
2022-09-17 08:00:00,Portugal,Portugal,PT,121.67,180.94,71.68,62.35,entsoe.eu,false,
2022-09-17 09:00:00,Portugal,Portugal,PT,118.98,178.31,72.23,63.08,entsoe.eu,false,
2022-09-17 10:00:00,Portugal,Portugal,PT,122.6,183.97,70.9,62.43,entsoe.eu,false,
2022-09-17 11:00:00,Portugal,Portugal,PT,126.67,189.6,69.89,61.49,entsoe.eu,false,
2022-09-17 12:00:00,Portugal,Portugal,PT,130.68,194.42,69.04,60.22,entsoe.eu,false,
2022-09-17 13:00:00,Portugal,Portugal,PT,140.52,206.94,66.76,57.08,entsoe.eu,false,
2022-09-17 14:00:00,Portugal,Portugal,PT,139.38,205.75,67.22,57.14,entsoe.eu,false,
2022-09-17 15:00:00,Portugal,Portugal,PT,144.34,212.36,65.68,56.02,entsoe.eu,false,
2022-09-17 16:00:00,Portugal,Portugal,PT,155.38,225.36,63.02,53.12,entsoe.eu,false,
2022-09-17 17:00:00,Portugal,Portugal,PT,174.47,248.05,58.0,49.12,entsoe.eu,false,
2022-09-17 18:00:00,Portugal,Portugal,PT,170.83,239.13,60.42,54.03,entsoe.eu,false,
2022-09-17 19:00:00,Portugal,Portugal,PT,154.99,218.34,63.96,60.03,entsoe.eu,false,
2022-09-17 20:00:00,Portugal,Portugal,PT,149.45,215.2,63.15,57.01,entsoe.eu,false,
2022-09-17 21:00:00,Portugal,Portugal,PT,149.0,213.44,64.75,55.57,entsoe.eu,false,
2022-09-17 22:00:00,Portugal,Portugal,PT,130.69,193.09,67.88,61.75,entsoe.eu,false,
2022-09-17 23:00:00,Portugal,Portugal,PT,128.92,193.28,68.03,62.0,entsoe.eu,false,
2022-09-18 00:00:00,Portugal,Portugal,PT,138.91,206.71,65.2,59.29,entsoe.eu,false,
2022-09-18 01:00:00,Portugal,Portugal,PT,136.18,203.73,65.88,60.11,entsoe.eu,false,
2022-09-18 02:00:00,Portugal,Portugal,PT,150.79,223.2,62.33,55.74,entsoe.eu,false,
2022-09-18 03:00:00,Portugal,Portugal,PT,160.09,236.21,59.7,53.47,entsoe.eu,false,
2022-09-18 04:00:00,Portugal,Portugal,PT,161.14,235.55,61.2,56.3,entsoe.eu,false,
2022-09-18 05:00:00,Portugal,Portugal,PT,146.56,216.65,65.04,61.21,entsoe.eu,false,
2022-09-18 06:00:00,Portugal,Portugal,PT,132.15,200.76,66.8,63.9,entsoe.eu,false,
2022-09-18 07:00:00,Portugal,Portugal,PT,124.14,191.38,68.31,64.83,entsoe.eu,false,
2022-09-18 08:00:00,Portugal,Portugal,PT,113.5,176.04,71.21,66.88,entsoe.eu,false,
2022-09-18 09:00:00,Portugal,Portugal,PT,112.82,174.73,72.14,64.82,entsoe.eu,false,
2022-09-18 10:00:00,Portugal,Portugal,PT,116.24,178.77,71.29,63.23,entsoe.eu,false,
2022-09-18 11:00:00,Portugal,Portugal,PT,117.2,179.9,71.27,62.55,entsoe.eu,false,
2022-09-18 12:00:00,Portugal,Portugal,PT,119.31,182.71,70.83,61.53,entsoe.eu,false,
2022-09-18 13:00:00,Portugal,Portugal,PT,119.11,182.61,71.24,60.6,entsoe.eu,false,
2022-09-18 14:00:00,Portugal,Portugal,PT,130.93,197.39,68.25,57.38,entsoe.eu,false,
2022-09-18 15:00:00,Portugal,Portugal,PT,144.11,215.35,64.48,55.14,entsoe.eu,false,
2022-09-18 16:00:00,Portugal,Portugal,PT,161.94,236.73,59.8,51.53,entsoe.eu,false,
2022-09-18 17:00:00,Portugal,Portugal,PT,188.32,264.88,55.5,47.68,entsoe.eu,false,
2022-09-18 18:00:00,Portugal,Portugal,PT,178.37,243.34,62.0,57.29,entsoe.eu,false,
2022-09-18 19:00:00,Portugal,Portugal,PT,162.57,220.37,67.59,65.16,entsoe.eu,false,
2022-09-18 20:00:00,Portugal,Portugal,PT,167.03,233.75,62.27,58.06,entsoe.eu,false,
2022-09-18 21:00:00,Portugal,Portugal,PT,175.07,246.12,58.44,52.64,entsoe.eu,false,
2022-09-18 22:00:00,Portugal,Portugal,PT,188.69,267.64,53.36,45.87,entsoe.eu,false,
2022-09-18 23:00:00,Portugal,Portugal,PT,177.61,253.6,56.4,48.5,entsoe.eu,false,
2022-09-19 00:00:00,Portugal,Portugal,PT,181.91,258.34,55.56,46.83,entsoe.eu,false,
2022-09-19 01:00:00,Portugal,Portugal,PT,191.25,270.48,53.2,44.02,entsoe.eu,false,
2022-09-19 02:00:00,Portugal,Portugal,PT,186.48,264.7,54.12,45.75,entsoe.eu,false,
2022-09-19 03:00:00,Portugal,Portugal,PT,189.34,269.11,52.78,45.62,entsoe.eu,false,
2022-09-19 04:00:00,Portugal,Portugal,PT,169.56,245.21,56.49,52.7,entsoe.eu,false,
2022-09-19 05:00:00,Portugal,Portugal,PT,152.47,222.86,59.61,59.61,entsoe.eu,false,
2022-09-19 06:00:00,Portugal,Portugal,PT,150.06,212.02,64.39,64.39,entsoe.eu,false,
2022-09-19 07:00:00,Portugal,Portugal,PT,137.42,199.55,65.32,65.32,entsoe.eu,false,
2022-09-19 08:00:00,Portugal,Portugal,PT,143.82,206.96,64.66,64.12,entsoe.eu,false,
2022-09-19 09:00:00,Portugal,Portugal,PT,153.39,222.54,60.64,57.36,entsoe.eu,false,
2022-09-19 10:00:00,Portugal,Portugal,PT,164.67,236.24,58.69,53.61,entsoe.eu,false,
2022-09-19 11:00:00,Portugal,Portugal,PT,172.11,241.14,59.72,55.72,entsoe.eu,false,
2022-09-19 12:00:00,Portugal,Portugal,PT,175.41,250.76,56.43,50.59,entsoe.eu,false,
2022-09-19 13:00:00,Portugal,Portugal,PT,173.5,246.97,57.66,50.89,entsoe.eu,false,
2022-09-19 14:00:00,Portugal,Portugal,PT,178.35,253.79,55.92,48.69,entsoe.eu,false,
2022-09-19 15:00:00,Portugal,Portugal,PT,186.75,263.65,53.9,46.25,entsoe.eu,false,
2022-09-19 16:00:00,Portugal,Portugal,PT,199.14,277.79,51.48,44.13,entsoe.eu,false,
2022-09-19 17:00:00,Portugal,Portugal,PT,206.86,278.88,54.11,49.66,entsoe.eu,false,
2022-09-19 18:00:00,Portugal,Portugal,PT,188.0,250.62,60.9,59.09,entsoe.eu,false,
2022-09-19 19:00:00,Portugal,Portugal,PT,197.92,263.21,58.65,56.15,entsoe.eu,false,
2022-09-19 20:00:00,Portugal,Portugal,PT,209.93,282.71,53.51,49.08,entsoe.eu,false,
2022-09-19 21:00:00,Portugal,Portugal,PT,225.48,311.43,44.68,36.19,entsoe.eu,false,
2022-09-19 22:00:00,Portugal,Portugal,PT,219.33,303.78,45.92,37.72,entsoe.eu,false,
2022-09-19 23:00:00,Portugal,Portugal,PT,217.04,302.89,45.92,37.88,entsoe.eu,false,
2022-09-20 00:00:00,Portugal,Portugal,PT,211.45,295.51,47.62,38.89,entsoe.eu,false,
2022-09-20 01:00:00,Portugal,Portugal,PT,215.18,299.7,46.77,37.5,entsoe.eu,false,
2022-09-20 02:00:00,Portugal,Portugal,PT,216.59,301.93,46.29,36.81,entsoe.eu,false,
2022-09-20 03:00:00,Portugal,Portugal,PT,218.63,306.81,45.01,36.69,entsoe.eu,false,
2022-09-20 04:00:00,Portugal,Portugal,PT,231.17,323.84,40.95,35.0,entsoe.eu,false,
2022-09-20 05:00:00,Portugal,Portugal,PT,204.65,278.9,53.85,53.19,entsoe.eu,false,
2022-09-20 06:00:00,Portugal,Portugal,PT,192.38,257.81,59.88,59.88,entsoe.eu,false,
2022-09-20 07:00:00,Portugal,Portugal,PT,188.14,253.07,60.9,60.12,entsoe.eu,false,
2022-09-20 08:00:00,Portugal,Portugal,PT,189.72,266.0,54.28,49.3,entsoe.eu,false,
2022-09-20 09:00:00,Portugal,Portugal,PT,171.4,244.98,57.65,50.25,entsoe.eu,false,
2022-09-20 10:00:00,Portugal,Portugal,PT,170.13,242.54,58.25,50.34,entsoe.eu,false,
2022-09-20 11:00:00,Portugal,Portugal,PT,169.95,242.39,58.22,50.42,entsoe.eu,false,
2022-09-20 12:00:00,Portugal,Portugal,PT,174.51,248.14,57.24,48.93,entsoe.eu,false,
2022-09-20 13:00:00,Portugal,Portugal,PT,172.64,245.33,57.88,49.33,entsoe.eu,false,
2022-09-20 14:00:00,Portugal,Portugal,PT,175.91,248.78,57.22,48.24,entsoe.eu,false,
2022-09-20 15:00:00,Portugal,Portugal,PT,183.97,258.58,55.13,46.17,entsoe.eu,false,
2022-09-20 16:00:00,Portugal,Portugal,PT,193.5,271.23,52.19,44.2,entsoe.eu,false,
2022-09-20 17:00:00,Portugal,Portugal,PT,199.01,270.34,55.31,49.78,entsoe.eu,false,
2022-09-20 18:00:00,Portugal,Portugal,PT,186.92,250.81,60.28,56.93,entsoe.eu,false,
2022-09-20 19:00:00,Portugal,Portugal,PT,185.63,250.44,59.73,55.93,entsoe.eu,false,
2022-09-20 20:00:00,Portugal,Portugal,PT,198.33,276.13,51.12,44.23,entsoe.eu,false,
2022-09-20 21:00:00,Portugal,Portugal,PT,200.06,277.95,51.12,41.95,entsoe.eu,false,
2022-09-20 22:00:00,Portugal,Portugal,PT,199.18,278.14,50.19,42.71,entsoe.eu,false,
2022-09-20 23:00:00,Portugal,Portugal,PT,208.0,291.13,47.51,40.45,entsoe.eu,false,
2022-09-21 00:00:00,Portugal,Portugal,PT,206.96,289.65,48.2,40.23,entsoe.eu,false,
2022-09-21 01:00:00,Portugal,Portugal,PT,208.04,290.68,48.32,39.69,entsoe.eu,false,
2022-09-21 02:00:00,Portugal,Portugal,PT,214.47,298.49,46.98,38.02,entsoe.eu,false,
2022-09-21 03:00:00,Portugal,Portugal,PT,211.72,296.03,47.24,39.08,entsoe.eu,false,
2022-09-21 04:00:00,Portugal,Portugal,PT,208.94,294.45,46.4,41.47,entsoe.eu,false,
2022-09-21 05:00:00,Portugal,Portugal,PT,210.17,292.54,48.31,45.24,entsoe.eu,false,
2022-09-21 06:00:00,Portugal,Portugal,PT,198.46,273.34,53.67,51.12,entsoe.eu,false,
2022-09-21 07:00:00,Portugal,Portugal,PT,198.51,275.43,52.02,46.99,entsoe.eu,false,
2022-09-21 08:00:00,Portugal,Portugal,PT,192.18,266.98,54.33,48.44,entsoe.eu,false,
2022-09-21 09:00:00,Portugal,Portugal,PT,190.82,268.32,53.24,46.47,entsoe.eu,false,
2022-09-21 10:00:00,Portugal,Portugal,PT,187.12,264.96,53.38,46.52,entsoe.eu,false,
2022-09-21 11:00:00,Portugal,Portugal,PT,184.33,259.71,55.09,49.06,entsoe.eu,false,
2022-09-21 12:00:00,Portugal,Portugal,PT,180.18,256.99,54.95,48.55,entsoe.eu,false,
2022-09-21 13:00:00,Portugal,Portugal,PT,174.09,248.16,56.59,49.84,entsoe.eu,false,
2022-09-21 14:00:00,Portugal,Portugal,PT,175.22,249.71,56.22,49.71,entsoe.eu,false,
2022-09-21 15:00:00,Portugal,Portugal,PT,177.05,251.06,56.22,49.98,entsoe.eu,false,
2022-09-21 16:00:00,Portugal,Portugal,PT,188.22,260.82,55.53,50.22,entsoe.eu,false,
2022-09-21 17:00:00,Portugal,Portugal,PT,184.97,251.96,58.8,55.39,entsoe.eu,false,
2022-09-21 18:00:00,Portugal,Portugal,PT,177.93,237.98,63.27,61.31,entsoe.eu,false,
2022-09-21 19:00:00,Portugal,Portugal,PT,179.32,240.33,62.45,60.19,entsoe.eu,false,
2022-09-21 20:00:00,Portugal,Portugal,PT,200.42,275.6,52.48,47.11,entsoe.eu,false,
2022-09-21 21:00:00,Portugal,Portugal,PT,213.22,296.29,46.9,39.45,entsoe.eu,false,
2022-09-21 22:00:00,Portugal,Portugal,PT,213.61,296.73,47.2,40.27,entsoe.eu,false,
2022-09-21 23:00:00,Portugal,Portugal,PT,211.12,294.64,47.42,40.62,entsoe.eu,false,
2022-09-22 00:00:00,Portugal,Portugal,PT,218.28,304.25,46.06,38.06,entsoe.eu,false,
2022-09-22 01:00:00,Portugal,Portugal,PT,223.35,311.57,44.15,36.81,entsoe.eu,false,
2022-09-22 02:00:00,Portugal,Portugal,PT,230.13,321.81,41.99,35.83,entsoe.eu,false,
2022-09-22 03:00:00,Portugal,Portugal,PT,236.42,329.11,40.85,34.49,entsoe.eu,false,
2022-09-22 04:00:00,Portugal,Portugal,PT,221.75,309.8,44.29,40.52,entsoe.eu,false,
2022-09-22 05:00:00,Portugal,Portugal,PT,193.58,260.53,58.84,58.84,entsoe.eu,false,
2022-09-22 06:00:00,Portugal,Portugal,PT,193.53,257.54,60.61,60.61,entsoe.eu,false,
2022-09-22 07:00:00,Portugal,Portugal,PT,201.52,273.85,55.29,53.09,entsoe.eu,false,
2022-09-22 08:00:00,Portugal,Portugal,PT,196.82,276.99,51.37,45.42,entsoe.eu,false,
2022-09-22 09:00:00,Portugal,Portugal,PT,184.3,258.95,55.75,48.04,entsoe.eu,false,
2022-09-22 10:00:00,Portugal,Portugal,PT,183.18,257.22,56.16,48.31,entsoe.eu,false,
2022-09-22 11:00:00,Portugal,Portugal,PT,179.59,252.51,57.27,49.28,entsoe.eu,false,
2022-09-22 12:00:00,Portugal,Portugal,PT,181.01,253.42,57.34,48.74,entsoe.eu,false,
2022-09-22 13:00:00,Portugal,Portugal,PT,179.4,251.26,57.66,49.35,entsoe.eu,false,
2022-09-22 14:00:00,Portugal,Portugal,PT,179.66,251.2,57.68,49.48,entsoe.eu,false,
2022-09-22 15:00:00,Portugal,Portugal,PT,178.43,249.73,57.64,49.74,entsoe.eu,false,
2022-09-22 16:00:00,Portugal,Portugal,PT,185.03,259.21,55.06,48.52,entsoe.eu,false,
2022-09-22 17:00:00,Portugal,Portugal,PT,196.57,270.32,53.58,49.55,entsoe.eu,false,
2022-09-22 18:00:00,Portugal,Portugal,PT,182.33,243.61,61.85,61.11,entsoe.eu,false,
2022-09-22 19:00:00,Portugal,Portugal,PT,175.86,235.0,63.81,63.81,entsoe.eu,false,
2022-09-22 20:00:00,Portugal,Portugal,PT,213.75,295.81,47.45,42.37,entsoe.eu,false,
2022-09-22 21:00:00,Portugal,Portugal,PT,222.83,306.05,46.36,39.71,entsoe.eu,false,
2022-09-22 22:00:00,Portugal,Portugal,PT,221.45,308.56,44.68,37.71,entsoe.eu,false,
2022-09-22 23:00:00,Portugal,Portugal,PT,220.39,308.73,44.29,37.46,entsoe.eu,false,
2022-09-23 00:00:00,Portugal,Portugal,PT,220.57,309.48,44.58,36.66,entsoe.eu,false,
2022-09-23 01:00:00,Portugal,Portugal,PT,221.58,308.58,45.54,35.87,entsoe.eu,false,
2022-09-23 02:00:00,Portugal,Portugal,PT,215.2,300.61,47.06,37.81,entsoe.eu,false,
2022-09-23 03:00:00,Portugal,Portugal,PT,217.34,303.46,46.32,37.47,entsoe.eu,false,
2022-09-23 04:00:00,Portugal,Portugal,PT,213.59,298.49,46.72,39.23,entsoe.eu,false,
2022-09-23 05:00:00,Portugal,Portugal,PT,196.9,279.42,49.66,45.46,entsoe.eu,false,
2022-09-23 06:00:00,Portugal,Portugal,PT,177.54,250.62,56.86,54.29,entsoe.eu,false,
2022-09-23 07:00:00,Portugal,Portugal,PT,182.39,258.44,54.36,48.39,entsoe.eu,false,
2022-09-23 08:00:00,Portugal,Portugal,PT,173.94,246.64,57.24,49.64,entsoe.eu,false,
2022-09-23 09:00:00,Portugal,Portugal,PT,160.23,229.55,60.62,53.12,entsoe.eu,false,
2022-09-23 10:00:00,Portugal,Portugal,PT,155.92,224.73,61.51,54.57,entsoe.eu,false,
2022-09-23 11:00:00,Portugal,Portugal,PT,153.91,222.68,62.04,55.1,entsoe.eu,false,
2022-09-23 12:00:00,Portugal,Portugal,PT,149.28,216.12,63.35,56.17,entsoe.eu,false,
2022-09-23 13:00:00,Portugal,Portugal,PT,141.64,205.2,65.52,58.05,entsoe.eu,false,
2022-09-23 14:00:00,Portugal,Portugal,PT,141.55,204.84,65.44,58.25,entsoe.eu,false,
2022-09-23 15:00:00,Portugal,Portugal,PT,142.22,205.92,65.14,58.22,entsoe.eu,false,
2022-09-23 16:00:00,Portugal,Portugal,PT,146.68,212.21,63.43,57.57,entsoe.eu,false,
2022-09-23 17:00:00,Portugal,Portugal,PT,153.13,220.65,61.38,56.53,entsoe.eu,false,
2022-09-23 18:00:00,Portugal,Portugal,PT,145.55,203.02,67.54,65.73,entsoe.eu,false,
2022-09-23 19:00:00,Portugal,Portugal,PT,139.76,197.46,67.96,66.24,entsoe.eu,false,
2022-09-23 20:00:00,Portugal,Portugal,PT,144.71,209.44,63.4,58.88,entsoe.eu,false,
2022-09-23 21:00:00,Portugal,Portugal,PT,154.18,220.55,61.46,55.38,entsoe.eu,false,
2022-09-23 22:00:00,Portugal,Portugal,PT,137.47,201.2,65.52,61.63,entsoe.eu,false,
2022-09-23 23:00:00,Portugal,Portugal,PT,114.37,173.81,70.99,67.21,entsoe.eu,false,
2022-09-24 00:00:00,Portugal,Portugal,PT,122.85,184.04,69.66,63.45,entsoe.eu,false,
2022-09-24 01:00:00,Portugal,Portugal,PT,114.08,175.65,70.85,67.6,entsoe.eu,false,
2022-09-24 02:00:00,Portugal,Portugal,PT,107.31,168.31,71.68,71.01,entsoe.eu,false,
2022-09-24 03:00:00,Portugal,Portugal,PT,114.27,176.83,69.96,68.79,entsoe.eu,false,
2022-09-24 04:00:00,Portugal,Portugal,PT,108.47,168.51,71.56,70.42,entsoe.eu,false,
2022-09-24 05:00:00,Portugal,Portugal,PT,101.26,157.84,73.34,72.58,entsoe.eu,false,
2022-09-24 06:00:00,Portugal,Portugal,PT,96.79,152.28,74.51,73.82,entsoe.eu,false,
2022-09-24 07:00:00,Portugal,Portugal,PT,93.61,148.13,75.37,74.57,entsoe.eu,false,
2022-09-24 08:00:00,Portugal,Portugal,PT,75.53,124.91,80.86,78.66,entsoe.eu,false,
2022-09-24 09:00:00,Portugal,Portugal,PT,71.84,119.26,82.48,78.89,entsoe.eu,false,
2022-09-24 10:00:00,Portugal,Portugal,PT,74.44,122.33,81.98,77.69,entsoe.eu,false,
2022-09-24 11:00:00,Portugal,Portugal,PT,74.76,122.43,82.5,77.11,entsoe.eu,false,
2022-09-24 12:00:00,Portugal,Portugal,PT,73.49,120.44,83.03,77.16,entsoe.eu,false,
2022-09-24 13:00:00,Portugal,Portugal,PT,73.63,120.4,83.13,76.41,entsoe.eu,false,
2022-09-24 14:00:00,Portugal,Portugal,PT,71.7,118.13,83.25,76.42,entsoe.eu,false,
2022-09-24 15:00:00,Portugal,Portugal,PT,73.69,120.52,82.68,76.12,entsoe.eu,false,
2022-09-24 16:00:00,Portugal,Portugal,PT,79.09,126.82,81.32,75.06,entsoe.eu,false,
2022-09-24 17:00:00,Portugal,Portugal,PT,86.64,136.24,79.12,74.21,entsoe.eu,false,
2022-09-24 18:00:00,Portugal,Portugal,PT,82.91,128.16,81.4,78.89,entsoe.eu,false,
2022-09-24 19:00:00,Portugal,Portugal,PT,74.43,116.85,83.51,81.25,entsoe.eu,false,
2022-09-24 20:00:00,Portugal,Portugal,PT,78.54,124.27,81.09,77.08,entsoe.eu,false,
2022-09-24 21:00:00,Portugal,Portugal,PT,80.84,127.66,80.39,76.42,entsoe.eu,false,
2022-09-24 22:00:00,Portugal,Portugal,PT,79.53,126.16,80.81,79.36,entsoe.eu,false,
2022-09-24 23:00:00,Portugal,Portugal,PT,67.77,116.91,82.29,81.63,entsoe.eu,false,
2022-09-25 00:00:00,Portugal,Portugal,PT,76.85,127.85,80.17,78.72,entsoe.eu,false,
2022-09-25 01:00:00,Portugal,Portugal,PT,71.99,123.54,80.89,80.89,entsoe.eu,false,
2022-09-25 02:00:00,Portugal,Portugal,PT,74.86,128.04,80.12,80.12,entsoe.eu,false,
2022-09-25 03:00:00,Portugal,Portugal,PT,75.21,128.42,80.02,80.02,entsoe.eu,false,
2022-09-25 04:00:00,Portugal,Portugal,PT,74.97,126.72,80.14,80.14,entsoe.eu,false,
2022-09-25 05:00:00,Portugal,Portugal,PT,73.01,121.36,80.55,80.55,entsoe.eu,false,
2022-09-25 06:00:00,Portugal,Portugal,PT,71.06,119.7,81.09,81.09,entsoe.eu,false,
2022-09-25 07:00:00,Portugal,Portugal,PT,71.61,119.58,81.39,80.19,entsoe.eu,false,
2022-09-25 08:00:00,Portugal,Portugal,PT,60.81,105.45,84.76,82.17,entsoe.eu,false,
2022-09-25 09:00:00,Portugal,Portugal,PT,64.51,109.79,84.34,79.73,entsoe.eu,false,
2022-09-25 10:00:00,Portugal,Portugal,PT,62.65,108.1,84.46,80.68,entsoe.eu,false,
2022-09-25 11:00:00,Portugal,Portugal,PT,69.16,117.07,82.68,79.05,entsoe.eu,false,
2022-09-25 12:00:00,Portugal,Portugal,PT,64.79,111.92,83.89,80.15,entsoe.eu,false,
2022-09-25 13:00:00,Portugal,Portugal,PT,66.6,115.1,83.27,79.85,entsoe.eu,false,
2022-09-25 14:00:00,Portugal,Portugal,PT,79.87,133.34,79.5,76.85,entsoe.eu,false,
2022-09-25 15:00:00,Portugal,Portugal,PT,73.41,124.21,81.78,77.38,entsoe.eu,false,
2022-09-25 16:00:00,Portugal,Portugal,PT,81.07,131.5,80.4,74.7,entsoe.eu,false,
2022-09-25 17:00:00,Portugal,Portugal,PT,88.66,140.02,78.48,74.2,entsoe.eu,false,
2022-09-25 18:00:00,Portugal,Portugal,PT,96.69,144.21,79.42,76.59,entsoe.eu,false,
2022-09-25 19:00:00,Portugal,Portugal,PT,87.04,127.09,84.65,83.88,entsoe.eu,false,
2022-09-25 20:00:00,Portugal,Portugal,PT,73.41,120.23,82.13,79.96,entsoe.eu,false,
2022-09-25 21:00:00,Portugal,Portugal,PT,80.52,128.06,80.8,76.31,entsoe.eu,false,
2022-09-25 22:00:00,Portugal,Portugal,PT,79.11,128.73,80.32,77.48,entsoe.eu,false,
2022-09-25 23:00:00,Portugal,Portugal,PT,62.81,108.44,83.65,82.92,entsoe.eu,false,
2022-09-26 00:00:00,Portugal,Portugal,PT,70.84,116.7,81.14,81.14,entsoe.eu,false,
2022-09-26 01:00:00,Portugal,Portugal,PT,74.63,121.94,80.13,80.13,entsoe.eu,false,
2022-09-26 02:00:00,Portugal,Portugal,PT,84.97,135.54,77.34,77.34,entsoe.eu,false,
2022-09-26 03:00:00,Portugal,Portugal,PT,94.1,147.74,74.88,74.88,entsoe.eu,false,
2022-09-26 04:00:00,Portugal,Portugal,PT,109.86,168.99,70.64,70.64,entsoe.eu,false,
2022-09-26 05:00:00,Portugal,Portugal,PT,101.14,155.14,73.73,73.73,entsoe.eu,false,
2022-09-26 06:00:00,Portugal,Portugal,PT,109.65,159.07,75.67,75.67,entsoe.eu,false,
2022-09-26 07:00:00,Portugal,Portugal,PT,109.41,161.11,74.78,74.78,entsoe.eu,false,
2022-09-26 08:00:00,Portugal,Portugal,PT,107.89,162.56,74.22,71.75,entsoe.eu,false,
2022-09-26 09:00:00,Portugal,Portugal,PT,110.21,167.46,73.16,69.1,entsoe.eu,false,
2022-09-26 10:00:00,Portugal,Portugal,PT,124.74,183.67,71.56,67.65,entsoe.eu,false,
2022-09-26 11:00:00,Portugal,Portugal,PT,126.76,186.5,71.52,67.87,entsoe.eu,false,
2022-09-26 12:00:00,Portugal,Portugal,PT,129.13,192.96,69.41,64.67,entsoe.eu,false,
2022-09-26 13:00:00,Portugal,Portugal,PT,130.76,193.46,69.12,62.9,entsoe.eu,false,
2022-09-26 14:00:00,Portugal,Portugal,PT,142.26,207.54,66.28,59.52,entsoe.eu,false,
2022-09-26 15:00:00,Portugal,Portugal,PT,145.26,210.89,65.27,58.74,entsoe.eu,false,
2022-09-26 16:00:00,Portugal,Portugal,PT,157.07,226.14,60.83,56.22,entsoe.eu,false,
2022-09-26 17:00:00,Portugal,Portugal,PT,177.11,247.22,57.39,55.14,entsoe.eu,false,
2022-09-26 18:00:00,Portugal,Portugal,PT,170.41,231.09,62.56,62.56,entsoe.eu,false,
2022-09-26 19:00:00,Portugal,Portugal,PT,161.95,216.06,66.92,66.92,entsoe.eu,false,
2022-09-26 20:00:00,Portugal,Portugal,PT,185.48,251.04,59.24,59.24,entsoe.eu,false,
2022-09-26 21:00:00,Portugal,Portugal,PT,185.84,260.71,54.18,51.54,entsoe.eu,false,
2022-09-26 22:00:00,Portugal,Portugal,PT,176.28,245.49,59.04,57.44,entsoe.eu,false,
2022-09-26 23:00:00,Portugal,Portugal,PT,176.33,247.24,58.47,57.53,entsoe.eu,false,
2022-09-27 00:00:00,Portugal,Portugal,PT,178.54,250.4,58.56,57.16,entsoe.eu,false,
2022-09-27 01:00:00,Portugal,Portugal,PT,190.28,269.31,53.54,50.12,entsoe.eu,false,
2022-09-27 02:00:00,Portugal,Portugal,PT,194.83,276.19,51.75,47.1,entsoe.eu,false,
2022-09-27 03:00:00,Portugal,Portugal,PT,181.41,258.69,54.81,50.8,entsoe.eu,false,
2022-09-27 04:00:00,Portugal,Portugal,PT,172.67,249.21,55.66,52.74,entsoe.eu,false,
2022-09-27 05:00:00,Portugal,Portugal,PT,167.06,231.49,62.42,62.42,entsoe.eu,false,
2022-09-27 06:00:00,Portugal,Portugal,PT,160.69,220.25,65.64,65.64,entsoe.eu,false,
2022-09-27 07:00:00,Portugal,Portugal,PT,158.77,219.26,65.69,64.65,entsoe.eu,false,
2022-09-27 08:00:00,Portugal,Portugal,PT,142.54,207.75,65.07,61.08,entsoe.eu,false,
2022-09-27 09:00:00,Portugal,Portugal,PT,136.35,198.66,67.29,61.29,entsoe.eu,false,
2022-09-27 10:00:00,Portugal,Portugal,PT,132.28,193.69,68.35,62.07,entsoe.eu,false,
2022-09-27 11:00:00,Portugal,Portugal,PT,124.13,183.3,70.39,64.07,entsoe.eu,false,
2022-09-27 12:00:00,Portugal,Portugal,PT,101.98,154.35,76.69,69.28,entsoe.eu,false,
2022-09-27 13:00:00,Portugal,Portugal,PT,91.79,141.48,79.1,71.88,entsoe.eu,false,
2022-09-27 14:00:00,Portugal,Portugal,PT,90.11,139.43,79.23,72.35,entsoe.eu,false,
2022-09-27 15:00:00,Portugal,Portugal,PT,94.83,146.09,77.53,71.39,entsoe.eu,false,
2022-09-27 16:00:00,Portugal,Portugal,PT,112.35,168.23,73.12,66.99,entsoe.eu,false,
2022-09-27 17:00:00,Portugal,Portugal,PT,135.62,194.49,68.64,63.06,entsoe.eu,false,
2022-09-27 18:00:00,Portugal,Portugal,PT,139.09,189.42,72.56,72.26,entsoe.eu,false,
2022-09-27 19:00:00,Portugal,Portugal,PT,144.22,194.98,70.96,70.96,entsoe.eu,false,
2022-09-27 20:00:00,Portugal,Portugal,PT,152.15,208.99,66.99,66.99,entsoe.eu,false,
2022-09-27 21:00:00,Portugal,Portugal,PT,161.37,226.37,61.99,60.8,entsoe.eu,false,
2022-09-27 22:00:00,Portugal,Portugal,PT,166.48,237.73,58.26,55.66,entsoe.eu,false,
2022-09-27 23:00:00,Portugal,Portugal,PT,167.01,240.7,57.07,54.27,entsoe.eu,false,
2022-09-28 00:00:00,Portugal,Portugal,PT,171.14,247.02,55.25,53.54,entsoe.eu,false,
2022-09-28 01:00:00,Portugal,Portugal,PT,177.75,256.8,53.06,51.95,entsoe.eu,false,
2022-09-28 02:00:00,Portugal,Portugal,PT,184.35,265.71,51.39,50.92,entsoe.eu,false,
2022-09-28 03:00:00,Portugal,Portugal,PT,178.45,257.72,53.14,51.59,entsoe.eu,false,
2022-09-28 04:00:00,Portugal,Portugal,PT,180.27,260.96,51.92,51.56,entsoe.eu,false,
2022-09-28 05:00:00,Portugal,Portugal,PT,167.28,236.19,59.39,59.39,entsoe.eu,false,
2022-09-28 06:00:00,Portugal,Portugal,PT,156.64,218.45,63.91,63.91,entsoe.eu,false,
2022-09-28 07:00:00,Portugal,Portugal,PT,138.04,202.27,64.53,64.53,entsoe.eu,false,
2022-09-28 08:00:00,Portugal,Portugal,PT,124.26,183.74,68.68,65.39,entsoe.eu,false,
2022-09-28 09:00:00,Portugal,Portugal,PT,115.59,171.8,71.37,66.84,entsoe.eu,false,
2022-09-28 10:00:00,Portugal,Portugal,PT,105.48,159.14,73.98,69.04,entsoe.eu,false,
2022-09-28 11:00:00,Portugal,Portugal,PT,87.32,136.67,78.44,73.93,entsoe.eu,false,
2022-09-28 12:00:00,Portugal,Portugal,PT,79.69,126.09,80.53,75.73,entsoe.eu,false,
2022-09-28 13:00:00,Portugal,Portugal,PT,80.18,126.23,80.42,75.32,entsoe.eu,false,
2022-09-28 14:00:00,Portugal,Portugal,PT,79.3,124.9,80.49,75.61,entsoe.eu,false,
2022-09-28 15:00:00,Portugal,Portugal,PT,80.23,125.7,80.15,75.74,entsoe.eu,false,
2022-09-28 16:00:00,Portugal,Portugal,PT,96.58,146.32,75.61,72.03,entsoe.eu,false,
2022-09-28 17:00:00,Portugal,Portugal,PT,123.81,179.7,69.51,68.76,entsoe.eu,false,
2022-09-28 18:00:00,Portugal,Portugal,PT,127.71,173.56,74.62,74.62,entsoe.eu,false,
2022-09-28 19:00:00,Portugal,Portugal,PT,119.85,163.95,76.22,76.22,entsoe.eu,false,
2022-09-28 20:00:00,Portugal,Portugal,PT,129.53,181.22,71.42,71.42,entsoe.eu,false,
2022-09-28 21:00:00,Portugal,Portugal,PT,125.7,181.88,69.39,69.39,entsoe.eu,false,
2022-09-28 22:00:00,Portugal,Portugal,PT,121.37,179.45,68.82,68.82,entsoe.eu,false,
2022-09-28 23:00:00,Portugal,Portugal,PT,118.66,178.64,68.6,68.6,entsoe.eu,false,
2022-09-29 00:00:00,Portugal,Portugal,PT,123.02,184.81,67.2,67.2,entsoe.eu,false,
2022-09-29 01:00:00,Portugal,Portugal,PT,122.48,184.03,67.22,67.22,entsoe.eu,false,
2022-09-29 02:00:00,Portugal,Portugal,PT,133.03,197.7,64.39,64.39,entsoe.eu,false,
2022-09-29 03:00:00,Portugal,Portugal,PT,129.33,193.64,65.39,65.39,entsoe.eu,false,
2022-09-29 04:00:00,Portugal,Portugal,PT,139.42,205.15,63.7,63.7,entsoe.eu,false,
2022-09-29 05:00:00,Portugal,Portugal,PT,152.73,210.23,67.0,67.0,entsoe.eu,false,
2022-09-29 06:00:00,Portugal,Portugal,PT,153.24,210.85,67.04,67.04,entsoe.eu,false,
2022-09-29 07:00:00,Portugal,Portugal,PT,147.17,208.75,64.91,63.1,entsoe.eu,false,
2022-09-29 08:00:00,Portugal,Portugal,PT,122.33,180.31,69.1,65.98,entsoe.eu,false,
2022-09-29 09:00:00,Portugal,Portugal,PT,108.7,161.91,72.69,69.4,entsoe.eu,false,
2022-09-29 10:00:00,Portugal,Portugal,PT,105.43,157.84,73.15,70.14,entsoe.eu,false,
2022-09-29 11:00:00,Portugal,Portugal,PT,108.31,162.4,71.9,69.84,entsoe.eu,false,
2022-09-29 12:00:00,Portugal,Portugal,PT,105.05,157.94,73.25,70.11,entsoe.eu,false,
2022-09-29 13:00:00,Portugal,Portugal,PT,104.59,157.0,73.48,69.93,entsoe.eu,false,
2022-09-29 14:00:00,Portugal,Portugal,PT,105.28,157.83,72.97,70.25,entsoe.eu,false,
2022-09-29 15:00:00,Portugal,Portugal,PT,111.71,166.48,70.93,69.15,entsoe.eu,false,
2022-09-29 16:00:00,Portugal,Portugal,PT,119.0,175.97,69.11,67.45,entsoe.eu,false,
2022-09-29 17:00:00,Portugal,Portugal,PT,129.5,185.11,69.14,69.12,entsoe.eu,false,
2022-09-29 18:00:00,Portugal,Portugal,PT,132.35,179.58,73.68,73.68,entsoe.eu,false,
2022-09-29 19:00:00,Portugal,Portugal,PT,128.31,175.53,73.93,73.93,entsoe.eu,false,
2022-09-29 20:00:00,Portugal,Portugal,PT,138.88,197.49,66.95,65.95,entsoe.eu,false,
2022-09-29 21:00:00,Portugal,Portugal,PT,136.96,199.27,64.94,62.36,entsoe.eu,false,
2022-09-29 22:00:00,Portugal,Portugal,PT,139.21,201.5,64.97,60.91,entsoe.eu,false,
2022-09-29 23:00:00,Portugal,Portugal,PT,149.71,215.49,62.15,57.97,entsoe.eu,false,
2022-09-30 00:00:00,Portugal,Portugal,PT,149.49,215.34,62.07,57.97,entsoe.eu,false,
2022-09-30 01:00:00,Portugal,Portugal,PT,138.1,200.38,65.01,61.2,entsoe.eu,false,
2022-09-30 02:00:00,Portugal,Portugal,PT,154.01,221.5,60.61,57.02,entsoe.eu,false,
2022-09-30 03:00:00,Portugal,Portugal,PT,169.7,243.04,56.51,52.89,entsoe.eu,false,
2022-09-30 04:00:00,Portugal,Portugal,PT,176.89,253.12,54.34,51.48,entsoe.eu,false,
2022-09-30 05:00:00,Portugal,Portugal,PT,182.07,257.47,54.49,53.1,entsoe.eu,false,
2022-09-30 06:00:00,Portugal,Portugal,PT,165.91,231.04,61.78,61.78,entsoe.eu,false,
2022-09-30 07:00:00,Portugal,Portugal,PT,172.22,243.78,57.94,54.08,entsoe.eu,false,
2022-09-30 08:00:00,Portugal,Portugal,PT,149.61,215.41,63.96,56.82,entsoe.eu,false,
2022-09-30 09:00:00,Portugal,Portugal,PT,144.04,208.86,65.19,57.61,entsoe.eu,false,
2022-09-30 10:00:00,Portugal,Portugal,PT,137.82,201.17,66.89,58.92,entsoe.eu,false,
2022-09-30 11:00:00,Portugal,Portugal,PT,145.42,211.17,64.87,56.87,entsoe.eu,false,
2022-09-30 12:00:00,Portugal,Portugal,PT,143.59,209.24,65.16,57.17,entsoe.eu,false,
2022-09-30 13:00:00,Portugal,Portugal,PT,135.02,197.54,67.51,59.03,entsoe.eu,false,
2022-09-30 14:00:00,Portugal,Portugal,PT,137.11,200.14,66.99,58.52,entsoe.eu,false,
2022-09-30 15:00:00,Portugal,Portugal,PT,143.25,207.04,65.73,57.36,entsoe.eu,false,
2022-09-30 16:00:00,Portugal,Portugal,PT,175.4,246.47,58.35,49.48,entsoe.eu,false,
2022-09-30 17:00:00,Portugal,Portugal,PT,210.59,284.44,53.28,46.38,entsoe.eu,false,
2022-09-30 18:00:00,Portugal,Portugal,PT,192.38,253.28,61.64,59.3,entsoe.eu,false,
2022-09-30 19:00:00,Portugal,Portugal,PT,175.31,231.2,66.61,65.41,entsoe.eu,false,
2022-09-30 20:00:00,Portugal,Portugal,PT,198.55,261.06,61.88,58.4,entsoe.eu,false,
2022-09-30 21:00:00,Portugal,Portugal,PT,213.71,287.28,54.55,48.3,entsoe.eu,false,
2022-09-30 22:00:00,Portugal,Portugal,PT,231.31,311.15,49.29,42.33,entsoe.eu,false,
2022-09-30 23:00:00,Portugal,Portugal,PT,242.05,334.11,42.67,31.13,entsoe.eu,false,
2022-10-01 00:00:00,Portugal,Portugal,PT,241.32,330.7,43.53,28.5,entsoe.eu,false,
2022-10-01 01:00:00,Portugal,Portugal,PT,244.24,335.17,42.25,26.76,entsoe.eu,false,
2022-10-01 02:00:00,Portugal,Portugal,PT,245.6,337.79,41.79,26.45,entsoe.eu,false,
2022-10-01 03:00:00,Portugal,Portugal,PT,250.04,343.81,40.74,25.34,entsoe.eu,false,
2022-10-01 04:00:00,Portugal,Portugal,PT,253.15,346.96,39.61,25.05,entsoe.eu,false,
2022-10-01 05:00:00,Portugal,Portugal,PT,261.23,357.64,37.49,23.22,entsoe.eu,false,
2022-10-01 06:00:00,Portugal,Portugal,PT,271.27,370.35,34.78,25.37,entsoe.eu,false,
2022-10-01 07:00:00,Portugal,Portugal,PT,244.33,337.01,40.93,33.63,entsoe.eu,false,
2022-10-01 08:00:00,Portugal,Portugal,PT,210.88,295.14,49.35,43.73,entsoe.eu,false,
2022-10-01 09:00:00,Portugal,Portugal,PT,173.49,249.34,58.25,49.66,entsoe.eu,false,
2022-10-01 10:00:00,Portugal,Portugal,PT,173.37,247.73,58.04,49.71,entsoe.eu,false,
2022-10-01 11:00:00,Portugal,Portugal,PT,177.78,254.02,56.31,48.66,entsoe.eu,false,
2022-10-01 12:00:00,Portugal,Portugal,PT,171.35,245.36,58.31,50.01,entsoe.eu,false,
2022-10-01 13:00:00,Portugal,Portugal,PT,173.28,247.37,57.87,49.05,entsoe.eu,false,
2022-10-01 14:00:00,Portugal,Portugal,PT,179.29,255.4,56.48,47.78,entsoe.eu,false,
2022-10-01 15:00:00,Portugal,Portugal,PT,197.46,278.85,51.68,43.46,entsoe.eu,false,
2022-10-01 16:00:00,Portugal,Portugal,PT,231.25,322.61,42.51,35.41,entsoe.eu,false,
2022-10-01 17:00:00,Portugal,Portugal,PT,247.98,331.04,45.57,40.71,entsoe.eu,false,
2022-10-01 18:00:00,Portugal,Portugal,PT,213.49,280.33,57.23,57.23,entsoe.eu,false,
2022-10-01 19:00:00,Portugal,Portugal,PT,219.3,288.13,55.64,55.04,entsoe.eu,false,
2022-10-01 20:00:00,Portugal,Portugal,PT,249.31,330.49,46.01,41.64,entsoe.eu,false,
2022-10-01 21:00:00,Portugal,Portugal,PT,261.55,351.72,39.96,34.1,entsoe.eu,false,
2022-10-01 22:00:00,Portugal,Portugal,PT,235.19,314.38,49.91,45.65,entsoe.eu,false,
2022-10-01 23:00:00,Portugal,Portugal,PT,236.47,328.06,43.47,33.62,entsoe.eu,false,
2022-10-02 00:00:00,Portugal,Portugal,PT,229.14,318.47,44.77,35.84,entsoe.eu,false,
2022-10-02 01:00:00,Portugal,Portugal,PT,203.26,285.79,53.02,41.52,entsoe.eu,false,
2022-10-02 02:00:00,Portugal,Portugal,PT,191.29,269.91,56.65,43.87,entsoe.eu,false,
2022-10-02 03:00:00,Portugal,Portugal,PT,191.43,271.14,56.04,44.65,entsoe.eu,false,
2022-10-02 04:00:00,Portugal,Portugal,PT,181.7,250.95,62.99,56.14,entsoe.eu,false,
2022-10-02 05:00:00,Portugal,Portugal,PT,175.72,245.64,63.33,56.59,entsoe.eu,false,
2022-10-02 06:00:00,Portugal,Portugal,PT,171.73,244.95,60.48,50.95,entsoe.eu,false,
2022-10-02 07:00:00,Portugal,Portugal,PT,141.29,206.02,67.84,58.75,entsoe.eu,false,
2022-10-02 08:00:00,Portugal,Portugal,PT,117.85,178.09,72.88,64.4,entsoe.eu,false,
2022-10-02 09:00:00,Portugal,Portugal,PT,116.37,175.79,73.47,64.52,entsoe.eu,false,
2022-10-02 10:00:00,Portugal,Portugal,PT,114.48,173.89,73.91,65.17,entsoe.eu,false,
2022-10-02 11:00:00,Portugal,Portugal,PT,110.61,168.93,74.93,66.0,entsoe.eu,false,
2022-10-02 12:00:00,Portugal,Portugal,PT,106.44,164.06,76.1,66.8,entsoe.eu,false,
2022-10-02 13:00:00,Portugal,Portugal,PT,114.3,173.6,74.19,64.5,entsoe.eu,false,
2022-10-02 14:00:00,Portugal,Portugal,PT,127.09,189.54,71.12,61.06,entsoe.eu,false,
2022-10-02 15:00:00,Portugal,Portugal,PT,151.54,220.17,65.36,54.64,entsoe.eu,false,
2022-10-02 16:00:00,Portugal,Portugal,PT,198.93,279.5,53.88,42.81,entsoe.eu,false,
2022-10-02 17:00:00,Portugal,Portugal,PT,227.42,305.33,51.99,44.25,entsoe.eu,false,
2022-10-02 18:00:00,Portugal,Portugal,PT,208.6,274.43,59.2,57.0,entsoe.eu,false,
2022-10-02 19:00:00,Portugal,Portugal,PT,196.23,261.3,60.71,59.62,entsoe.eu,false,
2022-10-02 20:00:00,Portugal,Portugal,PT,210.58,286.65,53.4,49.88,entsoe.eu,false,
2022-10-02 21:00:00,Portugal,Portugal,PT,222.29,304.79,48.86,42.94,entsoe.eu,false,
2022-10-02 22:00:00,Portugal,Portugal,PT,234.11,325.78,42.66,35.43,entsoe.eu,false,
2022-10-02 23:00:00,Portugal,Portugal,PT,237.29,330.5,41.65,34.57,entsoe.eu,false,
2022-10-03 00:00:00,Portugal,Portugal,PT,243.31,338.16,40.66,32.8,entsoe.eu,false,
2022-10-03 01:00:00,Portugal,Portugal,PT,252.46,350.79,37.72,30.6,entsoe.eu,false,
2022-10-03 02:00:00,Portugal,Portugal,PT,251.32,345.83,40.18,35.15,entsoe.eu,false,
2022-10-03 03:00:00,Portugal,Portugal,PT,221.24,302.61,49.69,49.69,entsoe.eu,false,
2022-10-03 04:00:00,Portugal,Portugal,PT,256.04,349.08,39.34,39.34,entsoe.eu,false,
2022-10-03 05:00:00,Portugal,Portugal,PT,249.81,335.41,43.05,43.05,entsoe.eu,false,
2022-10-03 06:00:00,Portugal,Portugal,PT,233.32,308.39,50.3,50.3,entsoe.eu,false,
2022-10-03 07:00:00,Portugal,Portugal,PT,241.11,322.01,46.27,46.27,entsoe.eu,false,
2022-10-03 08:00:00,Portugal,Portugal,PT,249.63,338.95,40.74,38.52,entsoe.eu,false,
2022-10-03 09:00:00,Portugal,Portugal,PT,253.98,349.75,36.96,32.72,entsoe.eu,false,
2022-10-03 10:00:00,Portugal,Portugal,PT,247.26,343.16,37.35,31.75,entsoe.eu,false,
2022-10-03 11:00:00,Portugal,Portugal,PT,242.3,335.89,39.19,33.26,entsoe.eu,false,
2022-10-03 12:00:00,Portugal,Portugal,PT,235.45,327.0,41.22,34.86,entsoe.eu,false,
2022-10-03 13:00:00,Portugal,Portugal,PT,235.48,325.89,41.44,34.29,entsoe.eu,false,
2022-10-03 14:00:00,Portugal,Portugal,PT,240.16,331.95,39.99,33.1,entsoe.eu,false,
2022-10-03 15:00:00,Portugal,Portugal,PT,247.77,338.6,39.29,33.15,entsoe.eu,false,
2022-10-03 16:00:00,Portugal,Portugal,PT,242.2,324.12,44.62,41.87,entsoe.eu,false,
2022-10-03 17:00:00,Portugal,Portugal,PT,231.25,305.22,49.57,48.64,entsoe.eu,false,
2022-10-03 18:00:00,Portugal,Portugal,PT,201.73,266.22,57.08,57.08,entsoe.eu,false,
2022-10-03 19:00:00,Portugal,Portugal,PT,204.54,272.66,54.9,54.9,entsoe.eu,false,
2022-10-03 20:00:00,Portugal,Portugal,PT,221.12,298.67,48.23,47.73,entsoe.eu,false,
2022-10-03 21:00:00,Portugal,Portugal,PT,233.84,321.27,41.54,39.55,entsoe.eu,false,
2022-10-03 22:00:00,Portugal,Portugal,PT,250.77,348.21,34.65,31.51,entsoe.eu,false,
2022-10-03 23:00:00,Portugal,Portugal,PT,272.29,375.5,29.86,24.23,entsoe.eu,false,
2022-10-04 00:00:00,Portugal,Portugal,PT,276.78,381.61,28.76,22.74,entsoe.eu,false,
2022-10-04 01:00:00,Portugal,Portugal,PT,285.71,393.16,26.47,20.24,entsoe.eu,false,
2022-10-04 02:00:00,Portugal,Portugal,PT,295.89,405.08,24.35,16.99,entsoe.eu,false,
2022-10-04 03:00:00,Portugal,Portugal,PT,294.47,404.64,24.14,18.03,entsoe.eu,false,
2022-10-04 04:00:00,Portugal,Portugal,PT,281.37,384.77,29.48,27.38,entsoe.eu,false,
2022-10-04 05:00:00,Portugal,Portugal,PT,254.92,346.75,37.99,37.99,entsoe.eu,false,
2022-10-04 06:00:00,Portugal,Portugal,PT,237.8,322.54,43.34,43.34,entsoe.eu,false,
2022-10-04 07:00:00,Portugal,Portugal,PT,255.76,346.58,38.53,36.95,entsoe.eu,false,
2022-10-04 08:00:00,Portugal,Portugal,PT,249.87,346.76,35.91,31.28,entsoe.eu,false,
2022-10-04 09:00:00,Portugal,Portugal,PT,231.84,323.44,40.85,35.29,entsoe.eu,false,
2022-10-04 10:00:00,Portugal,Portugal,PT,228.35,319.77,41.7,36.11,entsoe.eu,false,
2022-10-04 11:00:00,Portugal,Portugal,PT,222.7,312.1,43.46,37.44,entsoe.eu,false,
2022-10-04 12:00:00,Portugal,Portugal,PT,221.31,309.48,44.09,37.41,entsoe.eu,false,
2022-10-04 13:00:00,Portugal,Portugal,PT,222.78,310.95,43.89,36.85,entsoe.eu,false,
2022-10-04 14:00:00,Portugal,Portugal,PT,226.98,316.53,42.78,35.68,entsoe.eu,false,
2022-10-04 15:00:00,Portugal,Portugal,PT,237.76,331.29,39.74,32.96,entsoe.eu,false,
2022-10-04 16:00:00,Portugal,Portugal,PT,256.96,351.59,36.77,30.92,entsoe.eu,false,
2022-10-04 17:00:00,Portugal,Portugal,PT,240.29,319.28,46.78,44.47,entsoe.eu,false,
2022-10-04 18:00:00,Portugal,Portugal,PT,224.54,296.32,52.0,51.73,entsoe.eu,false,
2022-10-04 19:00:00,Portugal,Portugal,PT,226.24,301.91,49.61,49.08,entsoe.eu,false,
2022-10-04 20:00:00,Portugal,Portugal,PT,252.56,342.69,39.11,36.43,entsoe.eu,false,
2022-10-04 21:00:00,Portugal,Portugal,PT,275.03,375.02,31.74,27.15,entsoe.eu,false,
2022-10-04 22:00:00,Portugal,Portugal,PT,277.74,380.88,29.69,25.44,entsoe.eu,false,
2022-10-04 23:00:00,Portugal,Portugal,PT,291.51,402.61,24.12,19.52,entsoe.eu,false,
2022-10-05 00:00:00,Portugal,Portugal,PT,295.89,408.64,22.93,18.34,entsoe.eu,false,
2022-10-05 01:00:00,Portugal,Portugal,PT,288.38,397.27,25.86,19.38,entsoe.eu,false,
2022-10-05 02:00:00,Portugal,Portugal,PT,281.2,385.96,28.58,20.19,entsoe.eu,false,
2022-10-05 03:00:00,Portugal,Portugal,PT,283.11,389.95,27.26,20.69,entsoe.eu,false,
2022-10-05 04:00:00,Portugal,Portugal,PT,290.61,402.59,23.81,20.34,entsoe.eu,false,
2022-10-05 05:00:00,Portugal,Portugal,PT,259.63,358.27,34.24,34.24,entsoe.eu,false,
2022-10-05 06:00:00,Portugal,Portugal,PT,254.25,349.62,36.55,36.55,entsoe.eu,false,
2022-10-05 07:00:00,Portugal,Portugal,PT,272.14,381.02,27.77,27.35,entsoe.eu,false,
2022-10-05 08:00:00,Portugal,Portugal,PT,251.45,351.21,34.72,30.59,entsoe.eu,false,
2022-10-05 09:00:00,Portugal,Portugal,PT,229.52,322.98,40.96,35.81,entsoe.eu,false,
2022-10-05 10:00:00,Portugal,Portugal,PT,213.42,301.32,45.84,39.59,entsoe.eu,false,
2022-10-05 11:00:00,Portugal,Portugal,PT,210.03,296.79,46.89,40.48,entsoe.eu,false,
2022-10-05 12:00:00,Portugal,Portugal,PT,208.71,294.89,47.53,41.01,entsoe.eu,false,
2022-10-05 13:00:00,Portugal,Portugal,PT,202.84,287.18,49.48,42.91,entsoe.eu,false,
2022-10-05 14:00:00,Portugal,Portugal,PT,200.86,284.41,50.05,43.58,entsoe.eu,false,
2022-10-05 15:00:00,Portugal,Portugal,PT,213.89,301.03,46.18,40.13,entsoe.eu,false,
2022-10-05 16:00:00,Portugal,Portugal,PT,238.73,333.06,39.21,33.79,entsoe.eu,false,
2022-10-05 17:00:00,Portugal,Portugal,PT,248.93,338.47,41.08,37.81,entsoe.eu,false,
2022-10-05 18:00:00,Portugal,Portugal,PT,227.23,305.09,49.02,47.72,entsoe.eu,false,
2022-10-05 19:00:00,Portugal,Portugal,PT,231.46,315.48,45.38,42.84,entsoe.eu,false,
2022-10-05 20:00:00,Portugal,Portugal,PT,247.34,342.74,37.24,32.33,entsoe.eu,false,
2022-10-05 21:00:00,Portugal,Portugal,PT,243.32,334.33,39.96,32.35,entsoe.eu,false,
2022-10-05 22:00:00,Portugal,Portugal,PT,241.45,333.92,39.59,32.41,entsoe.eu,false,
2022-10-05 23:00:00,Portugal,Portugal,PT,230.22,319.92,42.83,34.99,entsoe.eu,false,
2022-10-06 00:00:00,Portugal,Portugal,PT,222.74,310.5,44.8,36.71,entsoe.eu,false,
2022-10-06 01:00:00,Portugal,Portugal,PT,220.2,307.71,44.96,37.55,entsoe.eu,false,
2022-10-06 02:00:00,Portugal,Portugal,PT,207.15,291.23,47.88,41.52,entsoe.eu,false,
2022-10-06 03:00:00,Portugal,Portugal,PT,198.4,280.34,49.78,44.19,entsoe.eu,false,
2022-10-06 04:00:00,Portugal,Portugal,PT,201.14,284.83,48.26,44.47,entsoe.eu,false,
2022-10-06 05:00:00,Portugal,Portugal,PT,202.89,287.39,47.46,44.56,entsoe.eu,false,
2022-10-06 06:00:00,Portugal,Portugal,PT,190.8,268.36,52.7,51.09,entsoe.eu,false,
2022-10-06 07:00:00,Portugal,Portugal,PT,186.36,264.24,52.68,49.52,entsoe.eu,false,
2022-10-06 08:00:00,Portugal,Portugal,PT,171.68,244.62,57.09,52.2,entsoe.eu,false,
2022-10-06 09:00:00,Portugal,Portugal,PT,163.75,233.55,59.8,53.64,entsoe.eu,false,
2022-10-06 10:00:00,Portugal,Portugal,PT,170.99,243.12,58.12,51.38,entsoe.eu,false,
2022-10-06 11:00:00,Portugal,Portugal,PT,172.43,245.77,58.06,50.9,entsoe.eu,false,
2022-10-06 12:00:00,Portugal,Portugal,PT,175.68,249.92,57.52,49.82,entsoe.eu,false,
2022-10-06 13:00:00,Portugal,Portugal,PT,183.17,259.03,55.98,47.63,entsoe.eu,false,
2022-10-06 14:00:00,Portugal,Portugal,PT,193.8,272.13,53.52,44.72,entsoe.eu,false,
2022-10-06 15:00:00,Portugal,Portugal,PT,207.88,289.88,50.09,41.23,entsoe.eu,false,
2022-10-06 16:00:00,Portugal,Portugal,PT,230.88,312.6,47.82,40.16,entsoe.eu,false,
2022-10-06 17:00:00,Portugal,Portugal,PT,238.63,315.49,49.45,43.95,entsoe.eu,false,
2022-10-06 18:00:00,Portugal,Portugal,PT,212.35,277.43,57.88,54.99,entsoe.eu,false,
2022-10-06 19:00:00,Portugal,Portugal,PT,209.75,274.82,58.4,55.87,entsoe.eu,false,
2022-10-06 20:00:00,Portugal,Portugal,PT,248.73,330.99,45.74,39.18,entsoe.eu,false,
2022-10-06 21:00:00,Portugal,Portugal,PT,253.58,342.53,41.58,32.58,entsoe.eu,false,
2022-10-06 22:00:00,Portugal,Portugal,PT,262.18,358.35,36.88,26.93,entsoe.eu,false,
2022-10-06 23:00:00,Portugal,Portugal,PT,258.12,352.82,38.51,29.55,entsoe.eu,false,
2022-10-07 00:00:00,Portugal,Portugal,PT,255.72,352.99,37.41,28.15,entsoe.eu,false,
2022-10-07 01:00:00,Portugal,Portugal,PT,251.32,347.3,38.39,29.29,entsoe.eu,false,
2022-10-07 02:00:00,Portugal,Portugal,PT,253.75,350.89,37.45,29.2,entsoe.eu,false,
2022-10-07 03:00:00,Portugal,Portugal,PT,263.23,364.53,33.75,27.41,entsoe.eu,false,
2022-10-07 04:00:00,Portugal,Portugal,PT,264.03,366.87,32.99,27.81,entsoe.eu,false,
2022-10-07 05:00:00,Portugal,Portugal,PT,231.68,312.78,48.3,47.21,entsoe.eu,false,
2022-10-07 06:00:00,Portugal,Portugal,PT,207.98,277.53,56.68,56.68,entsoe.eu,false,
2022-10-07 07:00:00,Portugal,Portugal,PT,209.98,283.97,53.77,52.31,entsoe.eu,false,
2022-10-07 08:00:00,Portugal,Portugal,PT,220.32,304.98,47.06,42.2,entsoe.eu,false,
2022-10-07 09:00:00,Portugal,Portugal,PT,213.19,298.91,47.41,40.88,entsoe.eu,false,
2022-10-07 10:00:00,Portugal,Portugal,PT,205.65,289.14,49.73,43.39,entsoe.eu,false,
2022-10-07 11:00:00,Portugal,Portugal,PT,203.7,286.99,50.17,44.14,entsoe.eu,false,
2022-10-07 12:00:00,Portugal,Portugal,PT,205.7,289.3,49.48,42.75,entsoe.eu,false,
2022-10-07 13:00:00,Portugal,Portugal,PT,205.91,288.74,49.73,42.42,entsoe.eu,false,
2022-10-07 14:00:00,Portugal,Portugal,PT,209.17,292.61,49.1,41.5,entsoe.eu,false,
2022-10-07 15:00:00,Portugal,Portugal,PT,214.94,300.4,47.45,40.02,entsoe.eu,false,
2022-10-07 16:00:00,Portugal,Portugal,PT,226.27,307.18,48.89,43.05,entsoe.eu,false,
2022-10-07 17:00:00,Portugal,Portugal,PT,230.16,304.14,52.23,48.64,entsoe.eu,false,
2022-10-07 18:00:00,Portugal,Portugal,PT,217.75,286.87,55.46,53.2,entsoe.eu,false,
2022-10-07 19:00:00,Portugal,Portugal,PT,215.64,285.39,55.42,52.9,entsoe.eu,false,
2022-10-07 20:00:00,Portugal,Portugal,PT,249.67,337.0,42.65,36.81,entsoe.eu,false,
2022-10-07 21:00:00,Portugal,Portugal,PT,265.09,362.93,35.15,26.46,entsoe.eu,false,
2022-10-07 22:00:00,Portugal,Portugal,PT,252.96,339.99,43.03,37.27,entsoe.eu,false,
2022-10-07 23:00:00,Portugal,Portugal,PT,274.02,375.92,32.39,24.75,entsoe.eu,false,
2022-10-08 00:00:00,Portugal,Portugal,PT,268.38,369.17,34.03,24.8,entsoe.eu,false,
2022-10-08 01:00:00,Portugal,Portugal,PT,266.79,366.99,34.16,24.65,entsoe.eu,false,
2022-10-08 02:00:00,Portugal,Portugal,PT,260.05,360.01,35.26,25.87,entsoe.eu,false,
2022-10-08 03:00:00,Portugal,Portugal,PT,256.19,355.71,36.02,26.49,entsoe.eu,false,
2022-10-08 04:00:00,Portugal,Portugal,PT,250.23,347.59,37.49,28.1,entsoe.eu,false,
2022-10-08 05:00:00,Portugal,Portugal,PT,241.85,336.63,39.74,30.65,entsoe.eu,false,
2022-10-08 06:00:00,Portugal,Portugal,PT,234.64,326.77,41.64,32.66,entsoe.eu,false,
2022-10-08 07:00:00,Portugal,Portugal,PT,211.36,296.74,47.42,39.05,entsoe.eu,false,
2022-10-08 08:00:00,Portugal,Portugal,PT,179.91,257.14,55.02,47.59,entsoe.eu,false,
2022-10-08 09:00:00,Portugal,Portugal,PT,155.73,225.82,61.46,53.48,entsoe.eu,false,
2022-10-08 10:00:00,Portugal,Portugal,PT,149.59,218.13,62.98,54.84,entsoe.eu,false,
2022-10-08 11:00:00,Portugal,Portugal,PT,152.18,221.45,62.55,54.13,entsoe.eu,false,
2022-10-08 12:00:00,Portugal,Portugal,PT,159.33,230.97,60.8,52.28,entsoe.eu,false,
2022-10-08 13:00:00,Portugal,Portugal,PT,161.51,233.92,60.33,51.27,entsoe.eu,false,
2022-10-08 14:00:00,Portugal,Portugal,PT,168.88,243.47,58.35,48.99,entsoe.eu,false,
2022-10-08 15:00:00,Portugal,Portugal,PT,183.23,261.61,54.81,45.16,entsoe.eu,false,
2022-10-08 16:00:00,Portugal,Portugal,PT,218.02,305.57,46.06,36.64,entsoe.eu,false,
2022-10-08 17:00:00,Portugal,Portugal,PT,252.01,345.93,38.85,28.8,entsoe.eu,false,
2022-10-08 18:00:00,Portugal,Portugal,PT,222.85,295.84,53.35,47.72,entsoe.eu,false,
2022-10-08 19:00:00,Portugal,Portugal,PT,218.97,290.82,54.67,50.33,entsoe.eu,false,
2022-10-08 20:00:00,Portugal,Portugal,PT,253.39,345.86,39.81,31.46,entsoe.eu,false,
2022-10-08 21:00:00,Portugal,Portugal,PT,258.33,355.6,36.62,26.26,entsoe.eu,false,
2022-10-08 22:00:00,Portugal,Portugal,PT,251.18,343.62,40.9,30.65,entsoe.eu,false,
2022-10-08 23:00:00,Portugal,Portugal,PT,248.81,343.65,40.51,28.94,entsoe.eu,false,
2022-10-09 00:00:00,Portugal,Portugal,PT,244.1,339.25,41.27,29.13,entsoe.eu,false,
2022-10-09 01:00:00,Portugal,Portugal,PT,232.01,323.93,44.4,32.13,entsoe.eu,false,
2022-10-09 02:00:00,Portugal,Portugal,PT,231.62,324.85,43.92,31.34,entsoe.eu,false,
2022-10-09 03:00:00,Portugal,Portugal,PT,229.13,321.43,44.58,32.34,entsoe.eu,false,
2022-10-09 04:00:00,Portugal,Portugal,PT,232.36,324.75,43.94,31.93,entsoe.eu,false,
2022-10-09 05:00:00,Portugal,Portugal,PT,223.36,313.15,46.22,34.91,entsoe.eu,false,
2022-10-09 06:00:00,Portugal,Portugal,PT,216.95,304.49,47.78,36.54,entsoe.eu,false,
2022-10-09 07:00:00,Portugal,Portugal,PT,203.91,287.22,51.0,39.69,entsoe.eu,false,
2022-10-09 08:00:00,Portugal,Portugal,PT,183.5,261.03,56.22,45.31,entsoe.eu,false,
2022-10-09 09:00:00,Portugal,Portugal,PT,168.01,241.34,60.15,49.63,entsoe.eu,false,
2022-10-09 10:00:00,Portugal,Portugal,PT,158.63,229.53,62.34,52.32,entsoe.eu,false,
2022-10-09 11:00:00,Portugal,Portugal,PT,157.11,227.43,62.7,52.77,entsoe.eu,false,
2022-10-09 12:00:00,Portugal,Portugal,PT,147.85,215.72,64.95,54.95,entsoe.eu,false,
2022-10-09 13:00:00,Portugal,Portugal,PT,151.99,220.75,63.6,53.82,entsoe.eu,false,
2022-10-09 14:00:00,Portugal,Portugal,PT,153.66,222.73,63.06,53.21,entsoe.eu,false,
2022-10-09 15:00:00,Portugal,Portugal,PT,164.21,235.96,60.22,50.62,entsoe.eu,false,
2022-10-09 16:00:00,Portugal,Portugal,PT,186.53,264.5,54.21,46.02,entsoe.eu,false,
2022-10-09 17:00:00,Portugal,Portugal,PT,200.31,280.98,50.7,43.39,entsoe.eu,false,
2022-10-09 18:00:00,Portugal,Portugal,PT,178.65,243.91,60.95,58.64,entsoe.eu,false,
2022-10-09 19:00:00,Portugal,Portugal,PT,178.95,242.54,62.43,61.79,entsoe.eu,false,
2022-10-09 20:00:00,Portugal,Portugal,PT,203.83,278.57,54.5,51.59,entsoe.eu,false,
2022-10-09 21:00:00,Portugal,Portugal,PT,229.91,320.16,42.69,35.56,entsoe.eu,false,
2022-10-09 22:00:00,Portugal,Portugal,PT,235.41,325.88,42.18,33.73,entsoe.eu,false,
2022-10-09 23:00:00,Portugal,Portugal,PT,249.36,342.95,39.29,29.33,entsoe.eu,false,
2022-10-10 00:00:00,Portugal,Portugal,PT,245.62,337.89,39.9,30.07,entsoe.eu,false,
2022-10-10 01:00:00,Portugal,Portugal,PT,253.42,346.64,38.56,27.18,entsoe.eu,false,
2022-10-10 02:00:00,Portugal,Portugal,PT,261.56,356.61,36.26,24.85,entsoe.eu,false,
2022-10-10 03:00:00,Portugal,Portugal,PT,276.35,376.89,31.55,22.15,entsoe.eu,false,
2022-10-10 04:00:00,Portugal,Portugal,PT,290.11,397.6,26.47,20.25,entsoe.eu,false,
2022-10-10 05:00:00,Portugal,Portugal,PT,273.94,368.93,35.17,33.48,entsoe.eu,false,
2022-10-10 06:00:00,Portugal,Portugal,PT,266.56,355.52,38.94,38.87,entsoe.eu,false,
2022-10-10 07:00:00,Portugal,Portugal,PT,271.37,362.93,36.72,34.35,entsoe.eu,false,
2022-10-10 08:00:00,Portugal,Portugal,PT,259.4,348.67,39.5,35.93,entsoe.eu,false,
2022-10-10 09:00:00,Portugal,Portugal,PT,249.86,339.23,40.52,36.29,entsoe.eu,false,
2022-10-10 10:00:00,Portugal,Portugal,PT,245.86,335.59,40.67,35.78,entsoe.eu,false,
2022-10-10 11:00:00,Portugal,Portugal,PT,250.55,345.01,37.4,31.92,entsoe.eu,false,
2022-10-10 12:00:00,Portugal,Portugal,PT,250.49,344.74,37.53,31.35,entsoe.eu,false,
2022-10-10 13:00:00,Portugal,Portugal,PT,259.17,354.63,35.69,28.87,entsoe.eu,false,
2022-10-10 14:00:00,Portugal,Portugal,PT,264.57,361.36,34.54,27.41,entsoe.eu,false,
2022-10-10 15:00:00,Portugal,Portugal,PT,267.4,361.04,36.16,29.62,entsoe.eu,false,
2022-10-10 16:00:00,Portugal,Portugal,PT,259.29,341.73,43.45,39.28,entsoe.eu,false,
2022-10-10 17:00:00,Portugal,Portugal,PT,246.32,321.4,48.11,46.78,entsoe.eu,false,
2022-10-10 18:00:00,Portugal,Portugal,PT,230.37,301.06,51.47,50.89,entsoe.eu,false,
2022-10-10 19:00:00,Portugal,Portugal,PT,238.65,313.15,48.89,47.43,entsoe.eu,false,
2022-10-10 20:00:00,Portugal,Portugal,PT,270.93,360.77,37.18,33.31,entsoe.eu,false,
2022-10-10 21:00:00,Portugal,Portugal,PT,300.82,402.93,27.89,21.87,entsoe.eu,false,
2022-10-10 22:00:00,Portugal,Portugal,PT,297.3,397.95,29.13,24.28,entsoe.eu,false,
2022-10-10 23:00:00,Portugal,Portugal,PT,312.3,423.94,21.4,15.98,entsoe.eu,false,
2022-10-11 00:00:00,Portugal,Portugal,PT,307.62,419.24,22.51,16.49,entsoe.eu,false,
2022-10-11 01:00:00,Portugal,Portugal,PT,302.52,412.27,23.75,17.74,entsoe.eu,false,
2022-10-11 02:00:00,Portugal,Portugal,PT,297.3,404.25,25.77,19.01,entsoe.eu,false,
2022-10-11 03:00:00,Portugal,Portugal,PT,294.7,401.74,25.84,19.98,entsoe.eu,false,
2022-10-11 04:00:00,Portugal,Portugal,PT,289.74,398.09,25.5,22.29,entsoe.eu,false,
2022-10-11 05:00:00,Portugal,Portugal,PT,262.77,355.45,36.88,36.88,entsoe.eu,false,
2022-10-11 06:00:00,Portugal,Portugal,PT,245.18,328.25,43.64,43.64,entsoe.eu,false,
2022-10-11 07:00:00,Portugal,Portugal,PT,241.31,322.56,44.79,44.01,entsoe.eu,false,
2022-10-11 08:00:00,Portugal,Portugal,PT,263.52,354.09,38.32,34.24,entsoe.eu,false,
2022-10-11 09:00:00,Portugal,Portugal,PT,264.94,362.08,34.64,28.34,entsoe.eu,false,
2022-10-11 10:00:00,Portugal,Portugal,PT,255.62,350.17,37.04,30.81,entsoe.eu,false,
2022-10-11 11:00:00,Portugal,Portugal,PT,248.54,340.45,39.28,32.7,entsoe.eu,false,
2022-10-11 12:00:00,Portugal,Portugal,PT,246.77,337.89,40.08,33.21,entsoe.eu,false,
2022-10-11 13:00:00,Portugal,Portugal,PT,248.39,339.55,39.89,32.74,entsoe.eu,false,
2022-10-11 14:00:00,Portugal,Portugal,PT,260.45,355.76,36.14,29.5,entsoe.eu,false,
2022-10-11 15:00:00,Portugal,Portugal,PT,266.29,363.44,34.26,27.97,entsoe.eu,false,
2022-10-11 16:00:00,Portugal,Portugal,PT,267.87,360.83,36.06,30.78,entsoe.eu,false,
2022-10-11 17:00:00,Portugal,Portugal,PT,255.69,338.59,42.74,39.57,entsoe.eu,false,
2022-10-11 18:00:00,Portugal,Portugal,PT,220.69,289.45,53.58,52.72,entsoe.eu,false,
2022-10-11 19:00:00,Portugal,Portugal,PT,222.36,293.13,52.42,51.81,entsoe.eu,false,
2022-10-11 20:00:00,Portugal,Portugal,PT,259.81,349.02,38.5,35.0,entsoe.eu,false,
2022-10-11 21:00:00,Portugal,Portugal,PT,281.96,382.6,30.35,24.16,entsoe.eu,false,
2022-10-11 22:00:00,Portugal,Portugal,PT,266.76,360.04,35.8,32.18,entsoe.eu,false,
2022-10-11 23:00:00,Portugal,Portugal,PT,290.41,397.32,25.97,21.68,entsoe.eu,false,
2022-10-12 00:00:00,Portugal,Portugal,PT,294.4,401.22,25.8,20.06,entsoe.eu,false,
2022-10-12 01:00:00,Portugal,Portugal,PT,293.88,398.13,27.33,19.74,entsoe.eu,false,
2022-10-12 02:00:00,Portugal,Portugal,PT,296.57,401.42,26.59,18.96,entsoe.eu,false,
2022-10-12 03:00:00,Portugal,Portugal,PT,294.63,399.39,27.06,19.22,entsoe.eu,false,
2022-10-12 04:00:00,Portugal,Portugal,PT,297.72,403.64,25.65,18.07,entsoe.eu,false,
2022-10-12 05:00:00,Portugal,Portugal,PT,298.96,403.74,25.64,17.72,entsoe.eu,false,
2022-10-12 06:00:00,Portugal,Portugal,PT,295.46,397.84,26.98,18.61,entsoe.eu,false,
2022-10-12 07:00:00,Portugal,Portugal,PT,278.39,375.48,31.58,22.89,entsoe.eu,false,
2022-10-12 08:00:00,Portugal,Portugal,PT,249.35,339.55,38.88,30.53,entsoe.eu,false,
2022-10-12 09:00:00,Portugal,Portugal,PT,228.98,313.01,44.34,35.59,entsoe.eu,false,
2022-10-12 10:00:00,Portugal,Portugal,PT,222.76,305.94,45.45,37.16,entsoe.eu,false,
2022-10-12 11:00:00,Portugal,Portugal,PT,216.36,298.33,46.98,38.92,entsoe.eu,false,
2022-10-12 12:00:00,Portugal,Portugal,PT,216.16,298.01,47.02,38.92,entsoe.eu,false,
2022-10-12 13:00:00,Portugal,Portugal,PT,216.29,298.23,46.87,38.54,entsoe.eu,false,
2022-10-12 14:00:00,Portugal,Portugal,PT,219.56,302.34,46.02,37.55,entsoe.eu,false,
2022-10-12 15:00:00,Portugal,Portugal,PT,226.45,310.39,44.51,36.02,entsoe.eu,false,
2022-10-12 16:00:00,Portugal,Portugal,PT,242.74,329.87,41.0,32.24,entsoe.eu,false,
2022-10-12 17:00:00,Portugal,Portugal,PT,270.68,364.83,33.68,25.96,entsoe.eu,false,
2022-10-12 18:00:00,Portugal,Portugal,PT,226.56,298.02,50.52,47.9,entsoe.eu,false,
2022-10-12 19:00:00,Portugal,Portugal,PT,220.88,291.44,51.72,50.51,entsoe.eu,false,
2022-10-12 20:00:00,Portugal,Portugal,PT,248.63,334.09,40.61,37.49,entsoe.eu,false,
2022-10-12 21:00:00,Portugal,Portugal,PT,285.14,385.47,29.2,22.58,entsoe.eu,false,
2022-10-12 22:00:00,Portugal,Portugal,PT,293.34,396.31,27.17,20.25,entsoe.eu,false,
2022-10-12 23:00:00,Portugal,Portugal,PT,299.28,405.13,25.24,18.5,entsoe.eu,false,
2022-10-13 00:00:00,Portugal,Portugal,PT,304.8,412.62,23.78,16.94,entsoe.eu,false,
2022-10-13 01:00:00,Portugal,Portugal,PT,308.7,417.5,23.16,15.75,entsoe.eu,false,
2022-10-13 02:00:00,Portugal,Portugal,PT,313.0,422.17,22.44,14.7,entsoe.eu,false,
2022-10-13 03:00:00,Portugal,Portugal,PT,312.1,421.48,22.44,15.13,entsoe.eu,false,
2022-10-13 04:00:00,Portugal,Portugal,PT,308.38,419.23,22.23,16.42,entsoe.eu,false,
2022-10-13 05:00:00,Portugal,Portugal,PT,254.08,336.88,43.28,43.28,entsoe.eu,false,
2022-10-13 06:00:00,Portugal,Portugal,PT,254.6,338.27,42.53,42.27,entsoe.eu,false,
2022-10-13 07:00:00,Portugal,Portugal,PT,256.28,341.21,41.6,39.23,entsoe.eu,false,
2022-10-13 08:00:00,Portugal,Portugal,PT,259.04,352.54,36.51,29.68,entsoe.eu,false,
2022-10-13 09:00:00,Portugal,Portugal,PT,235.68,321.65,43.15,35.54,entsoe.eu,false,
2022-10-13 10:00:00,Portugal,Portugal,PT,227.99,312.94,44.25,37.11,entsoe.eu,false,
2022-10-13 11:00:00,Portugal,Portugal,PT,221.54,305.73,45.52,38.64,entsoe.eu,false,
2022-10-13 12:00:00,Portugal,Portugal,PT,219.28,303.38,45.74,38.96,entsoe.eu,false,
2022-10-13 13:00:00,Portugal,Portugal,PT,215.9,299.5,46.28,39.78,entsoe.eu,false,
2022-10-13 14:00:00,Portugal,Portugal,PT,220.12,303.95,45.45,38.95,entsoe.eu,false,
2022-10-13 15:00:00,Portugal,Portugal,PT,230.59,316.83,43.14,36.59,entsoe.eu,false,
2022-10-13 16:00:00,Portugal,Portugal,PT,249.9,340.88,38.34,32.0,entsoe.eu,false,
2022-10-13 17:00:00,Portugal,Portugal,PT,228.93,304.99,48.5,46.44,entsoe.eu,false,
2022-10-13 18:00:00,Portugal,Portugal,PT,216.99,290.28,51.4,49.14,entsoe.eu,false,
2022-10-13 19:00:00,Portugal,Portugal,PT,220.58,295.19,50.24,47.71,entsoe.eu,false,
2022-10-13 20:00:00,Portugal,Portugal,PT,227.6,309.12,45.78,43.74,entsoe.eu,false,
2022-10-13 21:00:00,Portugal,Portugal,PT,249.15,340.75,38.18,32.41,entsoe.eu,false,
2022-10-13 22:00:00,Portugal,Portugal,PT,250.84,345.14,36.4,31.99,entsoe.eu,false,
2022-10-13 23:00:00,Portugal,Portugal,PT,261.85,360.86,33.22,29.02,entsoe.eu,false,
2022-10-14 00:00:00,Portugal,Portugal,PT,259.95,357.92,34.75,29.27,entsoe.eu,false,
2022-10-14 01:00:00,Portugal,Portugal,PT,272.25,373.42,31.56,25.49,entsoe.eu,false,
2022-10-14 02:00:00,Portugal,Portugal,PT,285.32,390.62,27.8,21.75,entsoe.eu,false,
2022-10-14 03:00:00,Portugal,Portugal,PT,288.68,395.47,26.71,21.03,entsoe.eu,false,
2022-10-14 04:00:00,Portugal,Portugal,PT,289.9,397.87,25.83,21.87,entsoe.eu,false,
2022-10-14 05:00:00,Portugal,Portugal,PT,269.44,362.77,36.1,34.96,entsoe.eu,false,
2022-10-14 06:00:00,Portugal,Portugal,PT,249.17,332.84,43.27,42.83,entsoe.eu,false,
2022-10-14 07:00:00,Portugal,Portugal,PT,254.79,340.46,41.93,39.29,entsoe.eu,false,
2022-10-14 08:00:00,Portugal,Portugal,PT,239.94,330.23,40.78,34.12,entsoe.eu,false,
2022-10-14 09:00:00,Portugal,Portugal,PT,219.89,304.5,46.14,38.74,entsoe.eu,false,
2022-10-14 10:00:00,Portugal,Portugal,PT,214.18,297.86,46.96,40.08,entsoe.eu,false,
2022-10-14 11:00:00,Portugal,Portugal,PT,209.8,292.76,47.88,41.26,entsoe.eu,false,
2022-10-14 12:00:00,Portugal,Portugal,PT,210.83,294.31,47.5,41.19,entsoe.eu,false,
2022-10-14 13:00:00,Portugal,Portugal,PT,212.67,296.12,47.16,40.86,entsoe.eu,false,
2022-10-14 14:00:00,Portugal,Portugal,PT,213.85,296.91,47.13,40.91,entsoe.eu,false,
2022-10-14 15:00:00,Portugal,Portugal,PT,219.8,303.84,46.05,39.85,entsoe.eu,false,
2022-10-14 16:00:00,Portugal,Portugal,PT,246.49,338.45,38.81,33.29,entsoe.eu,false,
2022-10-14 17:00:00,Portugal,Portugal,PT,238.68,314.96,48.31,46.79,entsoe.eu,false,
2022-10-14 18:00:00,Portugal,Portugal,PT,225.4,297.09,51.97,51.51,entsoe.eu,false,
2022-10-14 19:00:00,Portugal,Portugal,PT,217.48,288.74,52.79,52.63,entsoe.eu,false,
2022-10-14 20:00:00,Portugal,Portugal,PT,252.63,337.58,42.5,40.81,entsoe.eu,false,
2022-10-14 21:00:00,Portugal,Portugal,PT,274.66,373.53,32.46,28.52,entsoe.eu,false,
2022-10-14 22:00:00,Portugal,Portugal,PT,266.68,358.99,37.21,34.87,entsoe.eu,false,
2022-10-14 23:00:00,Portugal,Portugal,PT,276.97,380.67,30.68,27.94,entsoe.eu,false,
2022-10-15 00:00:00,Portugal,Portugal,PT,277.9,384.98,28.42,25.39,entsoe.eu,false,
2022-10-15 01:00:00,Portugal,Portugal,PT,277.71,385.51,27.71,24.53,entsoe.eu,false,
2022-10-15 02:00:00,Portugal,Portugal,PT,283.01,393.43,25.82,23.13,entsoe.eu,false,
2022-10-15 03:00:00,Portugal,Portugal,PT,282.82,393.56,25.92,23.11,entsoe.eu,false,
2022-10-15 04:00:00,Portugal,Portugal,PT,286.69,398.38,24.88,22.08,entsoe.eu,false,
2022-10-15 05:00:00,Portugal,Portugal,PT,285.55,395.33,25.24,22.44,entsoe.eu,false,
2022-10-15 06:00:00,Portugal,Portugal,PT,280.97,384.18,29.06,26.9,entsoe.eu,false,
2022-10-15 07:00:00,Portugal,Portugal,PT,274.67,379.66,28.56,25.11,entsoe.eu,false,
2022-10-15 08:00:00,Portugal,Portugal,PT,243.92,339.55,37.12,32.91,entsoe.eu,false,
2022-10-15 09:00:00,Portugal,Portugal,PT,207.55,292.91,47.55,41.86,entsoe.eu,false,
2022-10-15 10:00:00,Portugal,Portugal,PT,196.08,278.14,50.54,44.89,entsoe.eu,false,
2022-10-15 11:00:00,Portugal,Portugal,PT,193.98,275.43,50.83,45.51,entsoe.eu,false,
2022-10-15 12:00:00,Portugal,Portugal,PT,182.44,261.17,53.57,48.21,entsoe.eu,false,
2022-10-15 13:00:00,Portugal,Portugal,PT,171.38,245.82,56.95,50.56,entsoe.eu,false,
2022-10-15 14:00:00,Portugal,Portugal,PT,166.68,239.06,58.79,51.89,entsoe.eu,false,
2022-10-15 15:00:00,Portugal,Portugal,PT,185.78,263.04,53.52,47.22,entsoe.eu,false,
2022-10-15 16:00:00,Portugal,Portugal,PT,218.1,304.62,44.62,39.43,entsoe.eu,false,
2022-10-15 17:00:00,Portugal,Portugal,PT,234.12,317.42,44.85,41.81,entsoe.eu,false,
2022-10-15 18:00:00,Portugal,Portugal,PT,206.76,276.28,54.59,53.86,entsoe.eu,false,
2022-10-15 19:00:00,Portugal,Portugal,PT,208.66,282.75,51.69,51.02,entsoe.eu,false,
2022-10-15 20:00:00,Portugal,Portugal,PT,228.2,309.78,45.98,44.21,entsoe.eu,false,
2022-10-15 21:00:00,Portugal,Portugal,PT,239.84,331.88,38.98,35.49,entsoe.eu,false,
2022-10-15 22:00:00,Portugal,Portugal,PT,217.9,302.69,46.37,41.6,entsoe.eu,false,
2022-10-15 23:00:00,Portugal,Portugal,PT,192.3,268.79,54.53,48.36,entsoe.eu,false,
2022-10-16 00:00:00,Portugal,Portugal,PT,179.35,250.71,59.43,53.94,entsoe.eu,false,
2022-10-16 01:00:00,Portugal,Portugal,PT,173.79,246.42,59.66,53.7,entsoe.eu,false,
2022-10-16 02:00:00,Portugal,Portugal,PT,163.74,238.3,58.83,49.52,entsoe.eu,false,
2022-10-16 03:00:00,Portugal,Portugal,PT,155.71,226.59,61.08,50.95,entsoe.eu,false,
2022-10-16 04:00:00,Portugal,Portugal,PT,146.53,216.25,62.76,55.93,entsoe.eu,false,
2022-10-16 05:00:00,Portugal,Portugal,PT,139.26,206.38,64.26,59.46,entsoe.eu,false,
2022-10-16 06:00:00,Portugal,Portugal,PT,129.95,194.03,66.59,62.52,entsoe.eu,false,
2022-10-16 07:00:00,Portugal,Portugal,PT,129.36,194.06,66.53,63.06,entsoe.eu,false,
2022-10-16 08:00:00,Portugal,Portugal,PT,128.93,193.79,66.76,62.8,entsoe.eu,false,
2022-10-16 09:00:00,Portugal,Portugal,PT,118.08,178.29,70.16,64.38,entsoe.eu,false,
2022-10-16 10:00:00,Portugal,Portugal,PT,112.4,170.42,72.04,64.75,entsoe.eu,false,
2022-10-16 11:00:00,Portugal,Portugal,PT,110.83,167.77,72.65,64.84,entsoe.eu,false,
2022-10-16 12:00:00,Portugal,Portugal,PT,104.01,159.28,74.61,66.77,entsoe.eu,false,
2022-10-16 13:00:00,Portugal,Portugal,PT,114.26,171.84,71.75,64.0,entsoe.eu,false,
2022-10-16 14:00:00,Portugal,Portugal,PT,113.61,170.95,71.89,64.51,entsoe.eu,false,
2022-10-16 15:00:00,Portugal,Portugal,PT,107.7,162.12,73.31,66.71,entsoe.eu,false,
2022-10-16 16:00:00,Portugal,Portugal,PT,111.77,167.65,71.55,67.44,entsoe.eu,false,
2022-10-16 17:00:00,Portugal,Portugal,PT,117.96,176.68,69.22,67.29,entsoe.eu,false,
2022-10-16 18:00:00,Portugal,Portugal,PT,112.84,163.81,73.67,73.67,entsoe.eu,false,
2022-10-16 19:00:00,Portugal,Portugal,PT,126.6,178.51,72.32,72.32,entsoe.eu,false,
2022-10-16 20:00:00,Portugal,Portugal,PT,145.56,200.98,69.26,68.11,entsoe.eu,false,
2022-10-16 21:00:00,Portugal,Portugal,PT,165.52,232.36,61.66,58.05,entsoe.eu,false,
2022-10-16 22:00:00,Portugal,Portugal,PT,154.75,224.75,60.33,56.89,entsoe.eu,false,
2022-10-16 23:00:00,Portugal,Portugal,PT,145.22,211.52,62.86,58.56,entsoe.eu,false,
2022-10-17 00:00:00,Portugal,Portugal,PT,131.23,192.52,66.98,61.6,entsoe.eu,false,
2022-10-17 01:00:00,Portugal,Portugal,PT,117.66,174.97,70.53,64.68,entsoe.eu,false,
2022-10-17 02:00:00,Portugal,Portugal,PT,127.58,187.83,67.58,62.25,entsoe.eu,false,
2022-10-17 03:00:00,Portugal,Portugal,PT,143.32,209.79,62.89,59.93,entsoe.eu,false,
2022-10-17 04:00:00,Portugal,Portugal,PT,160.78,234.78,57.18,57.17,entsoe.eu,false,
2022-10-17 05:00:00,Portugal,Portugal,PT,172.04,233.54,63.24,63.24,entsoe.eu,false,
2022-10-17 06:00:00,Portugal,Portugal,PT,173.76,234.55,63.88,63.88,entsoe.eu,false,
2022-10-17 07:00:00,Portugal,Portugal,PT,176.05,237.17,63.44,62.29,entsoe.eu,false,
2022-10-17 08:00:00,Portugal,Portugal,PT,172.41,235.68,62.48,59.78,entsoe.eu,false,
2022-10-17 09:00:00,Portugal,Portugal,PT,160.33,229.34,60.36,55.28,entsoe.eu,false,
2022-10-17 10:00:00,Portugal,Portugal,PT,149.49,214.76,63.33,57.64,entsoe.eu,false,
2022-10-17 11:00:00,Portugal,Portugal,PT,142.19,205.48,65.2,59.41,entsoe.eu,false,
2022-10-17 12:00:00,Portugal,Portugal,PT,140.38,203.32,65.7,59.72,entsoe.eu,false,
2022-10-17 13:00:00,Portugal,Portugal,PT,134.48,195.83,67.28,61.17,entsoe.eu,false,
2022-10-17 14:00:00,Portugal,Portugal,PT,145.43,209.39,64.35,58.41,entsoe.eu,false,
2022-10-17 15:00:00,Portugal,Portugal,PT,158.58,225.45,61.14,54.93,entsoe.eu,false,
2022-10-17 16:00:00,Portugal,Portugal,PT,183.49,253.56,57.32,52.13,entsoe.eu,false,
2022-10-17 17:00:00,Portugal,Portugal,PT,190.55,251.45,61.96,59.41,entsoe.eu,false,
2022-10-17 18:00:00,Portugal,Portugal,PT,171.28,226.86,65.95,64.23,entsoe.eu,false,
2022-10-17 19:00:00,Portugal,Portugal,PT,161.98,219.35,65.42,63.65,entsoe.eu,false,
2022-10-17 20:00:00,Portugal,Portugal,PT,171.65,232.46,63.1,61.08,entsoe.eu,false,
2022-10-17 21:00:00,Portugal,Portugal,PT,167.97,238.09,57.76,54.58,entsoe.eu,false,
2022-10-17 22:00:00,Portugal,Portugal,PT,165.35,235.62,57.96,54.37,entsoe.eu,false,
2022-10-17 23:00:00,Portugal,Portugal,PT,155.45,224.64,59.38,57.37,entsoe.eu,false,
2022-10-18 00:00:00,Portugal,Portugal,PT,135.54,199.44,64.18,63.06,entsoe.eu,false,
2022-10-18 01:00:00,Portugal,Portugal,PT,126.77,187.65,66.53,65.35,entsoe.eu,false,
2022-10-18 02:00:00,Portugal,Portugal,PT,124.67,185.28,66.64,66.64,entsoe.eu,false,
2022-10-18 03:00:00,Portugal,Portugal,PT,119.69,178.4,67.98,67.98,entsoe.eu,false,
2022-10-18 04:00:00,Portugal,Portugal,PT,125.07,184.66,66.52,66.52,entsoe.eu,false,
2022-10-18 05:00:00,Portugal,Portugal,PT,126.75,180.93,69.63,69.63,entsoe.eu,false,
2022-10-18 06:00:00,Portugal,Portugal,PT,123.53,171.68,73.4,73.4,entsoe.eu,false,
2022-10-18 07:00:00,Portugal,Portugal,PT,109.93,160.22,72.95,72.95,entsoe.eu,false,
2022-10-18 08:00:00,Portugal,Portugal,PT,112.93,168.95,70.14,69.31,entsoe.eu,false,
2022-10-18 09:00:00,Portugal,Portugal,PT,92.58,142.05,76.42,73.46,entsoe.eu,false,
2022-10-18 10:00:00,Portugal,Portugal,PT,78.35,123.74,80.33,76.97,entsoe.eu,false,
2022-10-18 11:00:00,Portugal,Portugal,PT,71.61,115.6,81.89,79.05,entsoe.eu,false,
2022-10-18 12:00:00,Portugal,Portugal,PT,75.03,119.56,80.95,77.96,entsoe.eu,false,
2022-10-18 13:00:00,Portugal,Portugal,PT,71.83,115.94,81.99,78.6,entsoe.eu,false,
2022-10-18 14:00:00,Portugal,Portugal,PT,76.84,122.5,80.64,77.29,entsoe.eu,false,
2022-10-18 15:00:00,Portugal,Portugal,PT,95.84,146.36,75.76,72.24,entsoe.eu,false,
2022-10-18 16:00:00,Portugal,Portugal,PT,109.57,160.51,74.37,71.77,entsoe.eu,false,
2022-10-18 17:00:00,Portugal,Portugal,PT,127.06,179.59,71.55,69.88,entsoe.eu,false,
2022-10-18 18:00:00,Portugal,Portugal,PT,115.3,157.75,78.37,78.37,entsoe.eu,false,
2022-10-18 19:00:00,Portugal,Portugal,PT,119.89,165.57,76.37,76.37,entsoe.eu,false,
2022-10-18 20:00:00,Portugal,Portugal,PT,122.99,180.33,69.03,67.21,entsoe.eu,false,
2022-10-18 21:00:00,Portugal,Portugal,PT,119.96,177.98,68.93,66.84,entsoe.eu,false,
2022-10-18 22:00:00,Portugal,Portugal,PT,113.95,165.56,73.57,73.57,entsoe.eu,false,
2022-10-18 23:00:00,Portugal,Portugal,PT,107.98,158.79,74.19,74.19,entsoe.eu,false,
2022-10-19 00:00:00,Portugal,Portugal,PT,96.78,149.07,74.13,74.13,entsoe.eu,false,
2022-10-19 01:00:00,Portugal,Portugal,PT,92.7,143.51,75.21,75.21,entsoe.eu,false,
2022-10-19 02:00:00,Portugal,Portugal,PT,94.58,145.63,74.72,74.72,entsoe.eu,false,
2022-10-19 03:00:00,Portugal,Portugal,PT,103.58,156.77,72.31,72.31,entsoe.eu,false,
2022-10-19 04:00:00,Portugal,Portugal,PT,111.68,166.53,70.12,70.12,entsoe.eu,false,
2022-10-19 05:00:00,Portugal,Portugal,PT,116.12,172.19,68.93,68.93,entsoe.eu,false,
2022-10-19 06:00:00,Portugal,Portugal,PT,116.39,171.81,69.16,69.16,entsoe.eu,false,
2022-10-19 07:00:00,Portugal,Portugal,PT,117.19,172.57,69.48,69.48,entsoe.eu,false,
2022-10-19 08:00:00,Portugal,Portugal,PT,124.33,180.59,68.41,68.41,entsoe.eu,false,
2022-10-19 09:00:00,Portugal,Portugal,PT,124.47,183.99,66.71,66.71,entsoe.eu,false,
2022-10-19 10:00:00,Portugal,Portugal,PT,124.29,183.38,67.17,66.0,entsoe.eu,false,
2022-10-19 11:00:00,Portugal,Portugal,PT,136.4,199.05,64.27,62.15,entsoe.eu,false,
2022-10-19 12:00:00,Portugal,Portugal,PT,137.76,200.97,64.27,61.25,entsoe.eu,false,
2022-10-19 13:00:00,Portugal,Portugal,PT,139.66,202.76,64.05,60.32,entsoe.eu,false,
2022-10-19 14:00:00,Portugal,Portugal,PT,150.43,217.16,60.87,58.11,entsoe.eu,false,
2022-10-19 15:00:00,Portugal,Portugal,PT,164.93,234.34,58.0,55.86,entsoe.eu,false,
2022-10-19 16:00:00,Portugal,Portugal,PT,167.25,229.5,62.18,62.18,entsoe.eu,false,
2022-10-19 17:00:00,Portugal,Portugal,PT,157.87,217.5,63.99,63.99,entsoe.eu,false,
2022-10-19 18:00:00,Portugal,Portugal,PT,147.25,197.75,69.89,69.89,entsoe.eu,false,
2022-10-19 19:00:00,Portugal,Portugal,PT,138.52,192.67,68.68,68.68,entsoe.eu,false,
2022-10-19 20:00:00,Portugal,Portugal,PT,135.61,198.93,63.87,63.81,entsoe.eu,false,
2022-10-19 21:00:00,Portugal,Portugal,PT,139.5,202.46,64.03,63.95,entsoe.eu,false,
2022-10-19 22:00:00,Portugal,Portugal,PT,145.22,208.91,64.29,64.29,entsoe.eu,false,
2022-10-19 23:00:00,Portugal,Portugal,PT,133.75,194.45,68.02,67.33,entsoe.eu,false,
2022-10-20 00:00:00,Portugal,Portugal,PT,124.41,187.28,68.03,67.12,entsoe.eu,false,
2022-10-20 01:00:00,Portugal,Portugal,PT,113.85,173.83,70.3,68.59,entsoe.eu,false,
2022-10-20 02:00:00,Portugal,Portugal,PT,109.21,167.87,71.48,69.88,entsoe.eu,false,
2022-10-20 03:00:00,Portugal,Portugal,PT,101.01,157.82,73.17,72.95,entsoe.eu,false,
2022-10-20 04:00:00,Portugal,Portugal,PT,98.54,152.22,74.83,74.83,entsoe.eu,false,
2022-10-20 05:00:00,Portugal,Portugal,PT,97.99,150.87,74.68,74.68,entsoe.eu,false,
2022-10-20 06:00:00,Portugal,Portugal,PT,94.95,136.24,81.08,81.08,entsoe.eu,false,
2022-10-20 07:00:00,Portugal,Portugal,PT,90.85,132.56,81.06,81.06,entsoe.eu,false,
2022-10-20 08:00:00,Portugal,Portugal,PT,86.67,134.05,78.25,78.22,entsoe.eu,false,
2022-10-20 09:00:00,Portugal,Portugal,PT,87.45,136.08,77.22,76.01,entsoe.eu,false,
2022-10-20 10:00:00,Portugal,Portugal,PT,87.1,135.44,77.47,75.7,entsoe.eu,false,
2022-10-20 11:00:00,Portugal,Portugal,PT,86.43,133.37,78.62,77.32,entsoe.eu,false,
2022-10-20 12:00:00,Portugal,Portugal,PT,83.55,131.87,78.3,76.86,entsoe.eu,false,
2022-10-20 13:00:00,Portugal,Portugal,PT,88.96,138.33,77.02,75.12,entsoe.eu,false,
2022-10-20 14:00:00,Portugal,Portugal,PT,89.69,138.94,76.84,74.92,entsoe.eu,false,
2022-10-20 15:00:00,Portugal,Portugal,PT,98.41,149.42,74.69,72.3,entsoe.eu,false,
2022-10-20 16:00:00,Portugal,Portugal,PT,106.19,159.2,73.02,69.88,entsoe.eu,false,
2022-10-20 17:00:00,Portugal,Portugal,PT,113.47,167.0,72.39,69.45,entsoe.eu,false,
2022-10-20 18:00:00,Portugal,Portugal,PT,113.24,152.51,81.01,80.9,entsoe.eu,false,
2022-10-20 19:00:00,Portugal,Portugal,PT,114.66,159.61,77.68,77.09,entsoe.eu,false,
2022-10-20 20:00:00,Portugal,Portugal,PT,129.2,187.09,68.9,65.34,entsoe.eu,false,
2022-10-20 21:00:00,Portugal,Portugal,PT,125.08,184.87,68.51,63.76,entsoe.eu,false,
2022-10-20 22:00:00,Portugal,Portugal,PT,121.64,179.26,70.34,67.07,entsoe.eu,false,
2022-10-20 23:00:00,Portugal,Portugal,PT,117.84,177.57,69.75,67.54,entsoe.eu,false,
2022-10-21 00:00:00,Portugal,Portugal,PT,116.18,176.73,69.57,67.87,entsoe.eu,false,
2022-10-21 01:00:00,Portugal,Portugal,PT,115.83,176.82,69.68,68.01,entsoe.eu,false,
2022-10-21 02:00:00,Portugal,Portugal,PT,112.05,172.32,70.49,69.48,entsoe.eu,false,
2022-10-21 03:00:00,Portugal,Portugal,PT,117.6,179.43,68.85,68.28,entsoe.eu,false,
2022-10-21 04:00:00,Portugal,Portugal,PT,118.94,180.77,68.26,68.26,entsoe.eu,false,
2022-10-21 05:00:00,Portugal,Portugal,PT,129.83,193.82,65.31,65.31,entsoe.eu,false,
2022-10-21 06:00:00,Portugal,Portugal,PT,125.23,178.21,72.25,72.25,entsoe.eu,false,
2022-10-21 07:00:00,Portugal,Portugal,PT,127.38,179.6,72.21,72.21,entsoe.eu,false,
2022-10-21 08:00:00,Portugal,Portugal,PT,132.7,187.66,70.4,69.39,entsoe.eu,false,
2022-10-21 09:00:00,Portugal,Portugal,PT,127.24,184.57,69.14,66.82,entsoe.eu,false,
2022-10-21 10:00:00,Portugal,Portugal,PT,127.31,186.65,67.64,64.03,entsoe.eu,false,
2022-10-21 11:00:00,Portugal,Portugal,PT,119.91,177.07,69.73,65.91,entsoe.eu,false,
2022-10-21 12:00:00,Portugal,Portugal,PT,117.28,174.37,70.01,66.97,entsoe.eu,false,
2022-10-21 13:00:00,Portugal,Portugal,PT,121.7,179.93,69.23,66.73,entsoe.eu,false,
2022-10-21 14:00:00,Portugal,Portugal,PT,124.27,182.43,69.44,67.03,entsoe.eu,false,
2022-10-21 15:00:00,Portugal,Portugal,PT,132.99,195.09,66.23,62.66,entsoe.eu,false,
2022-10-21 16:00:00,Portugal,Portugal,PT,138.14,199.38,66.3,63.13,entsoe.eu,false,
2022-10-21 17:00:00,Portugal,Portugal,PT,135.34,188.28,71.64,70.57,entsoe.eu,false,
2022-10-21 18:00:00,Portugal,Portugal,PT,122.61,166.38,77.46,77.46,entsoe.eu,false,
2022-10-21 19:00:00,Portugal,Portugal,PT,120.2,169.62,74.49,74.49,entsoe.eu,false,
2022-10-21 20:00:00,Portugal,Portugal,PT,132.06,193.75,66.6,64.6,entsoe.eu,false,
2022-10-21 21:00:00,Portugal,Portugal,PT,127.64,189.52,66.99,64.25,entsoe.eu,false,
2022-10-21 22:00:00,Portugal,Portugal,PT,118.33,172.46,72.63,72.63,entsoe.eu,false,
2022-10-21 23:00:00,Portugal,Portugal,PT,115.0,169.9,72.37,72.37,entsoe.eu,false,
2022-10-22 00:00:00,Portugal,Portugal,PT,110.76,168.65,70.41,70.41,entsoe.eu,false,
2022-10-22 01:00:00,Portugal,Portugal,PT,110.3,167.89,70.53,70.53,entsoe.eu,false,
2022-10-22 02:00:00,Portugal,Portugal,PT,103.2,158.76,72.43,72.43,entsoe.eu,false,
2022-10-22 03:00:00,Portugal,Portugal,PT,103.0,158.32,72.48,72.48,entsoe.eu,false,
2022-10-22 04:00:00,Portugal,Portugal,PT,103.85,159.02,72.24,72.24,entsoe.eu,false,
2022-10-22 05:00:00,Portugal,Portugal,PT,97.75,151.32,73.91,73.91,entsoe.eu,false,
2022-10-22 06:00:00,Portugal,Portugal,PT,96.01,148.63,74.37,74.37,entsoe.eu,false,
2022-10-22 07:00:00,Portugal,Portugal,PT,90.41,141.11,75.88,75.88,entsoe.eu,false,
2022-10-22 08:00:00,Portugal,Portugal,PT,80.52,128.47,78.54,78.54,entsoe.eu,false,
2022-10-22 09:00:00,Portugal,Portugal,PT,58.18,100.28,84.56,84.56,entsoe.eu,false,
2022-10-22 10:00:00,Portugal,Portugal,PT,50.09,89.74,86.87,86.3,entsoe.eu,false,
2022-10-22 11:00:00,Portugal,Portugal,PT,52.25,92.47,86.45,85.21,entsoe.eu,false,
2022-10-22 12:00:00,Portugal,Portugal,PT,49.07,88.16,87.46,85.6,entsoe.eu,false,
2022-10-22 13:00:00,Portugal,Portugal,PT,51.72,91.35,86.8,84.63,entsoe.eu,false,
2022-10-22 14:00:00,Portugal,Portugal,PT,59.27,102.3,84.8,82.51,entsoe.eu,false,
2022-10-22 15:00:00,Portugal,Portugal,PT,65.06,110.12,83.25,81.04,entsoe.eu,false,
2022-10-22 16:00:00,Portugal,Portugal,PT,67.43,113.41,82.87,81.29,entsoe.eu,false,
2022-10-22 17:00:00,Portugal,Portugal,PT,80.86,122.24,84.14,84.08,entsoe.eu,false,
2022-10-22 18:00:00,Portugal,Portugal,PT,79.66,116.34,86.22,86.22,entsoe.eu,false,
2022-10-22 19:00:00,Portugal,Portugal,PT,72.96,110.77,86.05,86.05,entsoe.eu,false,
2022-10-22 20:00:00,Portugal,Portugal,PT,65.25,107.78,84.22,84.22,entsoe.eu,false,
2022-10-22 21:00:00,Portugal,Portugal,PT,59.79,103.41,84.16,84.16,entsoe.eu,false,
2022-10-22 22:00:00,Portugal,Portugal,PT,43.92,83.15,88.45,88.45,entsoe.eu,false,
2022-10-22 23:00:00,Portugal,Portugal,PT,40.17,78.04,89.45,89.45,entsoe.eu,false,
2022-10-23 00:00:00,Portugal,Portugal,PT,42.02,80.09,88.95,88.95,entsoe.eu,false,
2022-10-23 01:00:00,Portugal,Portugal,PT,37.92,74.93,90.06,90.06,entsoe.eu,false,
2022-10-23 02:00:00,Portugal,Portugal,PT,36.36,72.62,90.46,90.46,entsoe.eu,false,
2022-10-23 03:00:00,Portugal,Portugal,PT,37.5,74.05,90.14,90.14,entsoe.eu,false,
2022-10-23 04:00:00,Portugal,Portugal,PT,36.65,73.01,90.36,90.36,entsoe.eu,false,
2022-10-23 05:00:00,Portugal,Portugal,PT,37.54,74.58,90.13,90.13,entsoe.eu,false,
2022-10-23 06:00:00,Portugal,Portugal,PT,37.13,74.65,90.3,90.19,entsoe.eu,false,
2022-10-23 07:00:00,Portugal,Portugal,PT,40.52,77.85,89.59,88.37,entsoe.eu,false,
2022-10-23 08:00:00,Portugal,Portugal,PT,40.78,78.72,89.51,88.44,entsoe.eu,false,
2022-10-23 09:00:00,Portugal,Portugal,PT,37.81,75.03,90.33,89.18,entsoe.eu,false,
2022-10-23 10:00:00,Portugal,Portugal,PT,39.64,77.01,89.93,88.32,entsoe.eu,false,
2022-10-23 11:00:00,Portugal,Portugal,PT,37.13,73.64,90.61,88.92,entsoe.eu,false,
2022-10-23 12:00:00,Portugal,Portugal,PT,36.24,72.46,90.91,88.95,entsoe.eu,false,
2022-10-23 13:00:00,Portugal,Portugal,PT,41.83,79.38,89.51,87.14,entsoe.eu,false,
2022-10-23 14:00:00,Portugal,Portugal,PT,49.92,90.0,87.42,84.72,entsoe.eu,false,
2022-10-23 15:00:00,Portugal,Portugal,PT,55.23,96.82,86.14,83.09,entsoe.eu,false,
2022-10-23 16:00:00,Portugal,Portugal,PT,72.85,119.59,81.55,78.13,entsoe.eu,false,
2022-10-23 17:00:00,Portugal,Portugal,PT,74.22,120.99,81.23,77.8,entsoe.eu,false,
2022-10-23 18:00:00,Portugal,Portugal,PT,79.0,125.34,80.82,75.69,entsoe.eu,false,
2022-10-23 19:00:00,Portugal,Portugal,PT,89.79,137.59,79.25,74.0,entsoe.eu,false,
2022-10-23 20:00:00,Portugal,Portugal,PT,97.41,149.51,76.63,69.78,entsoe.eu,false,
2022-10-23 21:00:00,Portugal,Portugal,PT,94.29,147.16,76.56,68.62,entsoe.eu,false,
2022-10-23 22:00:00,Portugal,Portugal,PT,93.46,145.96,76.74,68.63,entsoe.eu,false,
2022-10-23 23:00:00,Portugal,Portugal,PT,93.74,145.63,76.98,66.85,entsoe.eu,false,
2022-10-24 00:00:00,Portugal,Portugal,PT,97.28,150.53,76.08,65.85,entsoe.eu,false,
2022-10-24 01:00:00,Portugal,Portugal,PT,97.74,151.54,75.96,65.38,entsoe.eu,false,
2022-10-24 02:00:00,Portugal,Portugal,PT,104.07,159.43,74.41,63.11,entsoe.eu,false,
2022-10-24 03:00:00,Portugal,Portugal,PT,103.41,158.78,74.72,63.06,entsoe.eu,false,
2022-10-24 04:00:00,Portugal,Portugal,PT,120.77,182.14,69.69,60.8,entsoe.eu,false,
2022-10-24 05:00:00,Portugal,Portugal,PT,141.89,209.26,63.48,58.33,entsoe.eu,false,
2022-10-24 06:00:00,Portugal,Portugal,PT,152.24,210.45,67.74,67.05,entsoe.eu,false,
2022-10-24 07:00:00,Portugal,Portugal,PT,152.41,206.63,69.79,69.12,entsoe.eu,false,
2022-10-24 08:00:00,Portugal,Portugal,PT,143.74,205.79,65.51,60.06,entsoe.eu,false,
2022-10-24 09:00:00,Portugal,Portugal,PT,143.79,208.65,63.9,56.28,entsoe.eu,false,
2022-10-24 10:00:00,Portugal,Portugal,PT,133.12,195.29,66.8,58.48,entsoe.eu,false,
2022-10-24 11:00:00,Portugal,Portugal,PT,129.89,192.1,67.51,59.09,entsoe.eu,false,
2022-10-24 12:00:00,Portugal,Portugal,PT,130.32,192.25,67.43,58.66,entsoe.eu,false,
2022-10-24 13:00:00,Portugal,Portugal,PT,136.17,199.29,66.05,56.55,entsoe.eu,false,
2022-10-24 14:00:00,Portugal,Portugal,PT,149.54,215.89,63.33,53.89,entsoe.eu,false,
2022-10-24 15:00:00,Portugal,Portugal,PT,160.54,227.98,61.53,52.79,entsoe.eu,false,
2022-10-24 16:00:00,Portugal,Portugal,PT,161.22,219.16,66.94,61.89,entsoe.eu,false,
2022-10-24 17:00:00,Portugal,Portugal,PT,154.36,205.59,71.47,69.76,entsoe.eu,false,
2022-10-24 18:00:00,Portugal,Portugal,PT,139.09,186.71,74.32,73.35,entsoe.eu,false,
2022-10-24 19:00:00,Portugal,Portugal,PT,132.65,181.82,73.93,73.07,entsoe.eu,false,
2022-10-24 20:00:00,Portugal,Portugal,PT,137.83,190.0,72.11,71.13,entsoe.eu,false,
2022-10-24 21:00:00,Portugal,Portugal,PT,137.83,196.63,68.26,66.45,entsoe.eu,false,
2022-10-24 22:00:00,Portugal,Portugal,PT,130.4,187.84,70.01,69.81,entsoe.eu,false,
2022-10-24 23:00:00,Portugal,Portugal,PT,116.11,177.64,69.44,67.92,entsoe.eu,false,
2022-10-25 00:00:00,Portugal,Portugal,PT,110.36,169.19,71.31,68.38,entsoe.eu,false,
2022-10-25 01:00:00,Portugal,Portugal,PT,114.45,173.1,70.76,65.59,entsoe.eu,false,
2022-10-25 02:00:00,Portugal,Portugal,PT,116.6,175.55,70.21,64.85,entsoe.eu,false,
2022-10-25 03:00:00,Portugal,Portugal,PT,112.22,169.54,71.44,65.88,entsoe.eu,false,
2022-10-25 04:00:00,Portugal,Portugal,PT,111.26,168.68,71.36,67.38,entsoe.eu,false,
2022-10-25 05:00:00,Portugal,Portugal,PT,108.86,158.19,76.35,76.35,entsoe.eu,false,
2022-10-25 06:00:00,Portugal,Portugal,PT,101.76,143.29,80.67,80.67,entsoe.eu,false,
2022-10-25 07:00:00,Portugal,Portugal,PT,103.57,145.54,80.29,80.29,entsoe.eu,false,
2022-10-25 08:00:00,Portugal,Portugal,PT,97.75,142.02,79.86,79.86,entsoe.eu,false,
2022-10-25 09:00:00,Portugal,Portugal,PT,88.1,138.15,77.14,75.54,entsoe.eu,false,
2022-10-25 10:00:00,Portugal,Portugal,PT,86.04,134.45,78.04,75.45,entsoe.eu,false,
2022-10-25 11:00:00,Portugal,Portugal,PT,79.91,126.23,79.81,76.39,entsoe.eu,false,
2022-10-25 12:00:00,Portugal,Portugal,PT,84.63,132.1,78.55,75.06,entsoe.eu,false,
2022-10-25 13:00:00,Portugal,Portugal,PT,81.97,129.07,79.27,75.57,entsoe.eu,false,
2022-10-25 14:00:00,Portugal,Portugal,PT,90.74,140.62,77.08,73.27,entsoe.eu,false,
2022-10-25 15:00:00,Portugal,Portugal,PT,102.65,155.71,74.23,69.78,entsoe.eu,false,
2022-10-25 16:00:00,Portugal,Portugal,PT,121.51,177.65,70.46,67.29,entsoe.eu,false,
2022-10-25 17:00:00,Portugal,Portugal,PT,122.15,171.07,75.12,74.81,entsoe.eu,false,
2022-10-25 18:00:00,Portugal,Portugal,PT,118.09,163.42,77.26,77.26,entsoe.eu,false,
2022-10-25 19:00:00,Portugal,Portugal,PT,126.75,182.04,70.76,68.59,entsoe.eu,false,
2022-10-25 20:00:00,Portugal,Portugal,PT,126.33,186.31,67.88,63.73,entsoe.eu,false,
2022-10-25 21:00:00,Portugal,Portugal,PT,125.44,185.65,68.06,64.15,entsoe.eu,false,
2022-10-25 22:00:00,Portugal,Portugal,PT,120.31,178.16,69.51,63.64,entsoe.eu,false,
2022-10-25 23:00:00,Portugal,Portugal,PT,123.12,181.53,68.86,62.15,entsoe.eu,false,
2022-10-26 00:00:00,Portugal,Portugal,PT,130.19,190.76,67.16,59.48,entsoe.eu,false,
2022-10-26 01:00:00,Portugal,Portugal,PT,130.16,191.13,67.24,59.08,entsoe.eu,false,
2022-10-26 02:00:00,Portugal,Portugal,PT,133.41,195.61,66.43,57.74,entsoe.eu,false,
2022-10-26 03:00:00,Portugal,Portugal,PT,141.74,206.69,64.15,55.72,entsoe.eu,false,
2022-10-26 04:00:00,Portugal,Portugal,PT,157.69,227.94,59.62,53.66,entsoe.eu,false,
2022-10-26 05:00:00,Portugal,Portugal,PT,158.27,221.43,63.95,63.95,entsoe.eu,false,
2022-10-26 06:00:00,Portugal,Portugal,PT,143.86,198.32,69.41,69.41,entsoe.eu,false,
2022-10-26 07:00:00,Portugal,Portugal,PT,154.9,212.36,66.55,66.55,entsoe.eu,false,
2022-10-26 08:00:00,Portugal,Portugal,PT,156.91,224.4,60.48,59.43,entsoe.eu,false,
2022-10-26 09:00:00,Portugal,Portugal,PT,144.74,210.77,62.22,60.1,entsoe.eu,false,
2022-10-26 10:00:00,Portugal,Portugal,PT,129.44,190.41,66.5,63.65,entsoe.eu,false,
2022-10-26 11:00:00,Portugal,Portugal,PT,129.29,190.39,66.6,63.29,entsoe.eu,false,
2022-10-26 12:00:00,Portugal,Portugal,PT,123.01,183.03,68.02,65.59,entsoe.eu,false,
2022-10-26 13:00:00,Portugal,Portugal,PT,114.42,171.25,70.36,68.08,entsoe.eu,false,
2022-10-26 14:00:00,Portugal,Portugal,PT,132.68,195.08,65.23,63.62,entsoe.eu,false,
2022-10-26 15:00:00,Portugal,Portugal,PT,130.89,191.26,66.56,66.56,entsoe.eu,false,
2022-10-26 16:00:00,Portugal,Portugal,PT,131.3,185.45,69.98,69.98,entsoe.eu,false,
2022-10-26 17:00:00,Portugal,Portugal,PT,127.99,175.89,73.47,73.47,entsoe.eu,false,
2022-10-26 18:00:00,Portugal,Portugal,PT,126.35,178.41,70.99,70.99,entsoe.eu,false,
2022-10-26 19:00:00,Portugal,Portugal,PT,112.57,169.0,70.17,69.53,entsoe.eu,false,
2022-10-26 20:00:00,Portugal,Portugal,PT,110.28,164.91,71.45,69.07,entsoe.eu,false,
2022-10-26 21:00:00,Portugal,Portugal,PT,110.49,164.69,71.64,68.27,entsoe.eu,false,
2022-10-26 22:00:00,Portugal,Portugal,PT,105.87,160.59,72.34,69.23,entsoe.eu,false,
2022-10-26 23:00:00,Portugal,Portugal,PT,106.88,163.7,71.71,70.32,entsoe.eu,false,
2022-10-27 00:00:00,Portugal,Portugal,PT,105.1,162.32,72.12,71.21,entsoe.eu,false,
2022-10-27 01:00:00,Portugal,Portugal,PT,97.31,151.52,74.47,71.75,entsoe.eu,false,
2022-10-27 02:00:00,Portugal,Portugal,PT,91.91,143.82,76.13,71.97,entsoe.eu,false,
2022-10-27 03:00:00,Portugal,Portugal,PT,97.89,151.07,74.65,71.01,entsoe.eu,false,
2022-10-27 04:00:00,Portugal,Portugal,PT,111.12,168.14,70.96,68.23,entsoe.eu,false,
2022-10-27 05:00:00,Portugal,Portugal,PT,120.26,176.28,71.15,71.15,entsoe.eu,false,
2022-10-27 06:00:00,Portugal,Portugal,PT,110.17,155.84,77.05,77.05,entsoe.eu,false,
2022-10-27 07:00:00,Portugal,Portugal,PT,106.54,151.09,77.98,77.98,entsoe.eu,false,
2022-10-27 08:00:00,Portugal,Portugal,PT,107.75,162.44,72.75,72.33,entsoe.eu,false,
2022-10-27 09:00:00,Portugal,Portugal,PT,103.2,157.11,73.04,70.54,entsoe.eu,false,
2022-10-27 10:00:00,Portugal,Portugal,PT,95.35,146.06,75.56,71.22,entsoe.eu,false,
2022-10-27 11:00:00,Portugal,Portugal,PT,87.87,136.31,77.72,72.89,entsoe.eu,false,
2022-10-27 12:00:00,Portugal,Portugal,PT,83.31,130.9,78.85,74.51,entsoe.eu,false,
2022-10-27 13:00:00,Portugal,Portugal,PT,83.53,131.32,78.65,74.95,entsoe.eu,false,
2022-10-27 14:00:00,Portugal,Portugal,PT,85.75,134.25,77.92,74.92,entsoe.eu,false,
2022-10-27 15:00:00,Portugal,Portugal,PT,94.45,145.62,75.18,73.6,entsoe.eu,false,
2022-10-27 16:00:00,Portugal,Portugal,PT,107.03,149.33,79.35,79.35,entsoe.eu,false,
2022-10-27 17:00:00,Portugal,Portugal,PT,105.99,145.14,81.17,81.17,entsoe.eu,false,
2022-10-27 18:00:00,Portugal,Portugal,PT,104.68,145.28,80.47,80.47,entsoe.eu,false,
2022-10-27 19:00:00,Portugal,Portugal,PT,104.12,150.26,77.43,77.43,entsoe.eu,false,
2022-10-27 20:00:00,Portugal,Portugal,PT,101.13,154.42,73.56,72.82,entsoe.eu,false,
2022-10-27 21:00:00,Portugal,Portugal,PT,95.26,147.2,75.1,72.85,entsoe.eu,false,
2022-10-27 22:00:00,Portugal,Portugal,PT,101.2,154.83,73.7,70.83,entsoe.eu,false,
2022-10-27 23:00:00,Portugal,Portugal,PT,102.24,156.69,73.49,70.29,entsoe.eu,false,
2022-10-28 00:00:00,Portugal,Portugal,PT,104.88,159.78,73.04,68.44,entsoe.eu,false,
2022-10-28 01:00:00,Portugal,Portugal,PT,109.48,165.29,71.95,66.22,entsoe.eu,false,
2022-10-28 02:00:00,Portugal,Portugal,PT,112.14,169.18,71.25,65.52,entsoe.eu,false,
2022-10-28 03:00:00,Portugal,Portugal,PT,110.17,167.76,71.6,67.01,entsoe.eu,false,
2022-10-28 04:00:00,Portugal,Portugal,PT,117.83,179.5,68.81,67.7,entsoe.eu,false,
2022-10-28 05:00:00,Portugal,Portugal,PT,126.18,180.59,71.77,71.77,entsoe.eu,false,
2022-10-28 06:00:00,Portugal,Portugal,PT,117.7,163.27,76.96,76.96,entsoe.eu,false,
2022-10-28 07:00:00,Portugal,Portugal,PT,118.75,165.99,75.79,75.79,entsoe.eu,false,
2022-10-28 08:00:00,Portugal,Portugal,PT,114.72,165.16,74.75,73.93,entsoe.eu,false,
2022-10-28 09:00:00,Portugal,Portugal,PT,106.11,159.97,73.37,70.21,entsoe.eu,false,
2022-10-28 10:00:00,Portugal,Portugal,PT,95.16,146.57,75.64,71.51,entsoe.eu,false,
2022-10-28 11:00:00,Portugal,Portugal,PT,90.0,140.41,76.78,73.83,entsoe.eu,false,
2022-10-28 12:00:00,Portugal,Portugal,PT,89.66,140.38,76.77,74.31,entsoe.eu,false,
2022-10-28 13:00:00,Portugal,Portugal,PT,101.36,153.75,74.97,72.81,entsoe.eu,false,
2022-10-28 14:00:00,Portugal,Portugal,PT,105.94,157.34,75.26,73.36,entsoe.eu,false,
2022-10-28 15:00:00,Portugal,Portugal,PT,112.29,162.75,75.2,74.07,entsoe.eu,false,
2022-10-28 16:00:00,Portugal,Portugal,PT,119.13,163.83,77.79,77.79,entsoe.eu,false,
2022-10-28 17:00:00,Portugal,Portugal,PT,121.01,167.87,76.2,76.2,entsoe.eu,false,
2022-10-28 18:00:00,Portugal,Portugal,PT,118.44,165.98,76.02,76.0,entsoe.eu,false,
2022-10-28 19:00:00,Portugal,Portugal,PT,110.99,163.67,73.38,71.57,entsoe.eu,false,
2022-10-28 20:00:00,Portugal,Portugal,PT,104.11,156.56,74.01,73.01,entsoe.eu,false,
2022-10-28 21:00:00,Portugal,Portugal,PT,95.44,147.98,74.75,73.96,entsoe.eu,false,
2022-10-28 22:00:00,Portugal,Portugal,PT,71.43,118.28,81.19,80.52,entsoe.eu,false,
2022-10-28 23:00:00,Portugal,Portugal,PT,64.94,110.9,82.92,82.34,entsoe.eu,false,
2022-10-29 00:00:00,Portugal,Portugal,PT,69.29,116.67,81.75,81.07,entsoe.eu,false,
2022-10-29 01:00:00,Portugal,Portugal,PT,73.54,122.12,80.58,79.8,entsoe.eu,false,
2022-10-29 02:00:00,Portugal,Portugal,PT,78.56,129.04,79.27,78.24,entsoe.eu,false,
2022-10-29 03:00:00,Portugal,Portugal,PT,78.79,129.93,79.22,78.2,entsoe.eu,false,
2022-10-29 04:00:00,Portugal,Portugal,PT,76.73,127.6,79.59,79.34,entsoe.eu,false,
2022-10-29 05:00:00,Portugal,Portugal,PT,83.16,131.98,80.23,80.23,entsoe.eu,false,
2022-10-29 06:00:00,Portugal,Portugal,PT,94.63,134.89,83.71,83.71,entsoe.eu,false,
2022-10-29 07:00:00,Portugal,Portugal,PT,102.76,147.58,81.24,81.24,entsoe.eu,false,
2022-10-29 08:00:00,Portugal,Portugal,PT,90.46,136.97,81.12,79.05,entsoe.eu,false,
2022-10-29 09:00:00,Portugal,Portugal,PT,91.83,142.21,79.13,75.05,entsoe.eu,false,
2022-10-29 10:00:00,Portugal,Portugal,PT,85.38,137.57,78.77,71.74,entsoe.eu,false,
2022-10-29 11:00:00,Portugal,Portugal,PT,78.96,128.46,80.62,73.11,entsoe.eu,false,
2022-10-29 12:00:00,Portugal,Portugal,PT,88.13,139.77,78.36,70.54,entsoe.eu,false,
2022-10-29 13:00:00,Portugal,Portugal,PT,94.48,149.03,76.74,68.32,entsoe.eu,false,
2022-10-29 14:00:00,Portugal,Portugal,PT,104.62,162.96,74.27,65.7,entsoe.eu,false,
2022-10-29 15:00:00,Portugal,Portugal,PT,111.24,170.24,73.26,64.46,entsoe.eu,false,
2022-10-29 16:00:00,Portugal,Portugal,PT,128.01,175.03,78.09,73.73,entsoe.eu,false,
2022-10-29 17:00:00,Portugal,Portugal,PT,124.67,168.55,79.84,76.86,entsoe.eu,false,
2022-10-29 18:00:00,Portugal,Portugal,PT,124.79,168.06,79.82,75.61,entsoe.eu,false,
2022-10-29 19:00:00,Portugal,Portugal,PT,121.64,166.41,79.42,74.4,entsoe.eu,false,
2022-10-29 20:00:00,Portugal,Portugal,PT,133.47,186.67,74.25,64.85,entsoe.eu,false,
2022-10-29 21:00:00,Portugal,Portugal,PT,132.05,193.03,69.99,56.25,entsoe.eu,false,
2022-10-29 22:00:00,Portugal,Portugal,PT,132.96,198.33,67.94,52.88,entsoe.eu,false,
2022-10-29 23:00:00,Portugal,Portugal,PT,126.15,190.11,68.68,50.86,entsoe.eu,false,
2022-10-30 00:00:00,Portugal,Portugal,PT,125.15,187.36,69.6,55.21,entsoe.eu,false,
2022-10-30 01:00:00,Portugal,Portugal,PT,128.79,191.54,68.69,50.88,entsoe.eu,false,
2022-10-30 02:00:00,Portugal,Portugal,PT,129.73,192.61,68.61,50.68,entsoe.eu,false,
2022-10-30 03:00:00,Portugal,Portugal,PT,135.6,199.41,67.68,49.2,entsoe.eu,false,
2022-10-30 04:00:00,Portugal,Portugal,PT,144.39,210.09,65.92,47.16,entsoe.eu,false,
2022-10-30 05:00:00,Portugal,Portugal,PT,150.26,217.17,64.76,45.79,entsoe.eu,false,
2022-10-30 06:00:00,Portugal,Portugal,PT,179.12,256.94,57.07,36.87,entsoe.eu,false,
2022-10-30 07:00:00,Portugal,Portugal,PT,182.53,262.6,56.11,36.72,entsoe.eu,false,
2022-10-30 08:00:00,Portugal,Portugal,PT,167.8,243.82,59.85,42.67,entsoe.eu,false,
2022-10-30 09:00:00,Portugal,Portugal,PT,147.65,218.51,64.58,49.57,entsoe.eu,false,
2022-10-30 10:00:00,Portugal,Portugal,PT,131.93,198.84,68.28,54.25,entsoe.eu,false,
2022-10-30 11:00:00,Portugal,Portugal,PT,123.02,187.22,70.31,57.7,entsoe.eu,false,
2022-10-30 12:00:00,Portugal,Portugal,PT,122.0,184.59,70.55,57.67,entsoe.eu,false,
2022-10-30 13:00:00,Portugal,Portugal,PT,120.59,183.18,70.94,57.86,entsoe.eu,false,
2022-10-30 14:00:00,Portugal,Portugal,PT,127.15,192.37,69.07,56.1,entsoe.eu,false,
2022-10-30 15:00:00,Portugal,Portugal,PT,142.32,211.22,65.48,52.17,entsoe.eu,false,
2022-10-30 16:00:00,Portugal,Portugal,PT,169.66,232.33,66.81,58.23,entsoe.eu,false,
2022-10-30 17:00:00,Portugal,Portugal,PT,167.06,221.79,71.02,67.04,entsoe.eu,false,
2022-10-30 18:00:00,Portugal,Portugal,PT,159.99,211.18,72.64,70.35,entsoe.eu,false,
2022-10-30 19:00:00,Portugal,Portugal,PT,151.4,200.9,74.07,72.84,entsoe.eu,false,
2022-10-30 20:00:00,Portugal,Portugal,PT,137.66,189.95,73.14,71.2,entsoe.eu,false,
2022-10-30 21:00:00,Portugal,Portugal,PT,120.67,178.5,71.05,67.02,entsoe.eu,false,
2022-10-30 22:00:00,Portugal,Portugal,PT,121.48,181.75,69.5,61.83,entsoe.eu,false,
2022-10-30 23:00:00,Portugal,Portugal,PT,96.31,151.26,75.7,69.66,entsoe.eu,false,
2022-10-31 00:00:00,Portugal,Portugal,PT,91.86,146.67,77.08,69.54,entsoe.eu,false,
2022-10-31 01:00:00,Portugal,Portugal,PT,102.67,158.54,74.74,64.28,entsoe.eu,false,
2022-10-31 02:00:00,Portugal,Portugal,PT,95.22,148.94,76.47,67.71,entsoe.eu,false,
2022-10-31 03:00:00,Portugal,Portugal,PT,89.47,141.1,77.51,72.17,entsoe.eu,false,
2022-10-31 04:00:00,Portugal,Portugal,PT,88.57,140.12,77.18,74.46,entsoe.eu,false,
2022-10-31 05:00:00,Portugal,Portugal,PT,86.71,139.87,76.94,76.94,entsoe.eu,false,
2022-10-31 06:00:00,Portugal,Portugal,PT,89.04,141.01,76.29,76.29,entsoe.eu,false,
2022-10-31 07:00:00,Portugal,Portugal,PT,89.17,140.74,76.26,76.26,entsoe.eu,false,
2022-10-31 08:00:00,Portugal,Portugal,PT,88.01,138.26,77.03,75.21,entsoe.eu,false,
2022-10-31 09:00:00,Portugal,Portugal,PT,91.87,142.06,76.61,72.33,entsoe.eu,false,
2022-10-31 10:00:00,Portugal,Portugal,PT,97.85,149.2,75.38,70.11,entsoe.eu,false,
2022-10-31 11:00:00,Portugal,Portugal,PT,98.75,150.53,75.16,69.76,entsoe.eu,false,
2022-10-31 12:00:00,Portugal,Portugal,PT,100.63,152.48,74.94,68.51,entsoe.eu,false,
2022-10-31 13:00:00,Portugal,Portugal,PT,111.93,167.65,71.91,65.26,entsoe.eu,false,
2022-10-31 14:00:00,Portugal,Portugal,PT,124.38,183.86,68.87,60.87,entsoe.eu,false,
2022-10-31 15:00:00,Portugal,Portugal,PT,139.84,202.47,65.87,56.86,entsoe.eu,false,
2022-10-31 16:00:00,Portugal,Portugal,PT,166.07,231.92,61.38,53.14,entsoe.eu,false,
2022-10-31 17:00:00,Portugal,Portugal,PT,187.62,252.18,60.27,54.55,entsoe.eu,false,
2022-10-31 18:00:00,Portugal,Portugal,PT,183.63,242.15,64.37,60.93,entsoe.eu,false,
2022-10-31 19:00:00,Portugal,Portugal,PT,174.28,232.18,64.86,63.13,entsoe.eu,false,
2022-10-31 20:00:00,Portugal,Portugal,PT,184.85,247.68,61.17,59.87,entsoe.eu,false,
2022-10-31 21:00:00,Portugal,Portugal,PT,190.18,258.1,57.6,55.87,entsoe.eu,false,
2022-10-31 22:00:00,Portugal,Portugal,PT,202.03,274.53,54.85,51.16,entsoe.eu,false,
2022-10-31 23:00:00,Portugal,Portugal,PT,209.99,292.52,48.46,42.44,entsoe.eu,false,
2022-11-01 00:00:00,Portugal,Portugal,PT,217.79,306.84,44.88,33.8,entsoe.eu,false,
2022-11-01 01:00:00,Portugal,Portugal,PT,219.41,308.96,44.65,32.81,entsoe.eu,false,
2022-11-01 02:00:00,Portugal,Portugal,PT,217.5,306.91,45.42,32.5,entsoe.eu,false,
2022-11-01 03:00:00,Portugal,Portugal,PT,219.3,308.3,45.01,31.58,entsoe.eu,false,
2022-11-01 04:00:00,Portugal,Portugal,PT,224.18,314.13,43.28,31.35,entsoe.eu,false,
2022-11-01 05:00:00,Portugal,Portugal,PT,229.72,322.23,41.6,30.24,entsoe.eu,false,
2022-11-01 06:00:00,Portugal,Portugal,PT,224.55,315.47,43.14,31.67,entsoe.eu,false,
2022-11-01 07:00:00,Portugal,Portugal,PT,234.62,328.09,40.48,29.68,entsoe.eu,false,
2022-11-01 08:00:00,Portugal,Portugal,PT,224.51,315.77,42.62,34.55,entsoe.eu,false,
2022-11-01 09:00:00,Portugal,Portugal,PT,203.23,288.25,48.19,39.69,entsoe.eu,false,
2022-11-01 10:00:00,Portugal,Portugal,PT,187.44,267.47,52.34,43.23,entsoe.eu,false,
2022-11-01 11:00:00,Portugal,Portugal,PT,181.58,259.54,54.03,44.78,entsoe.eu,false,
2022-11-01 12:00:00,Portugal,Portugal,PT,177.0,253.32,55.26,45.71,entsoe.eu,false,
2022-11-01 13:00:00,Portugal,Portugal,PT,178.89,256.21,54.7,45.6,entsoe.eu,false,
2022-11-01 14:00:00,Portugal,Portugal,PT,191.04,272.13,51.48,43.14,entsoe.eu,false,
2022-11-01 15:00:00,Portugal,Portugal,PT,208.44,295.02,46.56,39.96,entsoe.eu,false,
2022-11-01 16:00:00,Portugal,Portugal,PT,237.8,332.87,38.46,32.58,entsoe.eu,false,
2022-11-01 17:00:00,Portugal,Portugal,PT,239.43,326.1,43.15,40.38,entsoe.eu,false,
2022-11-01 18:00:00,Portugal,Portugal,PT,217.94,293.38,51.14,50.84,entsoe.eu,false,
2022-11-01 19:00:00,Portugal,Portugal,PT,197.02,266.02,56.19,56.19,entsoe.eu,false,
2022-11-01 20:00:00,Portugal,Portugal,PT,201.09,275.18,52.87,52.87,entsoe.eu,false,
2022-11-01 21:00:00,Portugal,Portugal,PT,222.29,308.28,44.33,42.96,entsoe.eu,false,
2022-11-01 22:00:00,Portugal,Portugal,PT,241.31,336.94,37.03,32.18,entsoe.eu,false,
2022-11-01 23:00:00,Portugal,Portugal,PT,245.57,343.68,35.71,30.78,entsoe.eu,false,
2022-11-02 00:00:00,Portugal,Portugal,PT,243.58,341.09,36.61,30.29,entsoe.eu,false,
2022-11-02 01:00:00,Portugal,Portugal,PT,252.38,352.22,34.1,28.01,entsoe.eu,false,
2022-11-02 02:00:00,Portugal,Portugal,PT,246.36,345.18,35.63,29.78,entsoe.eu,false,
2022-11-02 03:00:00,Portugal,Portugal,PT,254.62,355.88,33.37,27.64,entsoe.eu,false,
2022-11-02 04:00:00,Portugal,Portugal,PT,269.08,375.08,29.11,24.72,entsoe.eu,false,
2022-11-02 05:00:00,Portugal,Portugal,PT,279.72,388.92,26.02,22.66,entsoe.eu,false,
2022-11-02 06:00:00,Portugal,Portugal,PT,250.58,338.61,40.66,40.66,entsoe.eu,false,
2022-11-02 07:00:00,Portugal,Portugal,PT,235.69,317.41,45.45,45.45,entsoe.eu,false,
2022-11-02 08:00:00,Portugal,Portugal,PT,222.37,311.43,42.13,40.28,entsoe.eu,false,
2022-11-02 09:00:00,Portugal,Portugal,PT,202.47,286.22,47.42,43.82,entsoe.eu,false,
2022-11-02 10:00:00,Portugal,Portugal,PT,203.02,286.78,47.63,43.73,entsoe.eu,false,
2022-11-02 11:00:00,Portugal,Portugal,PT,208.56,293.46,46.88,41.74,entsoe.eu,false,
2022-11-02 12:00:00,Portugal,Portugal,PT,209.67,294.38,46.9,40.82,entsoe.eu,false,
2022-11-02 13:00:00,Portugal,Portugal,PT,220.46,307.66,43.93,38.31,entsoe.eu,false,
2022-11-02 14:00:00,Portugal,Portugal,PT,223.34,311.21,43.35,37.72,entsoe.eu,false,
2022-11-02 15:00:00,Portugal,Portugal,PT,228.25,316.51,42.29,35.96,entsoe.eu,false,
2022-11-02 16:00:00,Portugal,Portugal,PT,234.17,316.91,44.33,39.96,entsoe.eu,false,
2022-11-02 17:00:00,Portugal,Portugal,PT,216.96,289.1,51.92,50.21,entsoe.eu,false,
2022-11-02 18:00:00,Portugal,Portugal,PT,209.55,280.49,52.98,52.06,entsoe.eu,false,
2022-11-02 19:00:00,Portugal,Portugal,PT,204.56,278.13,51.55,50.14,entsoe.eu,false,
2022-11-02 20:00:00,Portugal,Portugal,PT,217.49,302.51,43.91,39.68,entsoe.eu,false,
2022-11-02 21:00:00,Portugal,Portugal,PT,219.09,303.74,43.87,38.39,entsoe.eu,false,
2022-11-02 22:00:00,Portugal,Portugal,PT,215.0,298.86,44.84,39.57,entsoe.eu,false,
2022-11-02 23:00:00,Portugal,Portugal,PT,190.77,269.02,50.81,45.1,entsoe.eu,false,
2022-11-03 00:00:00,Portugal,Portugal,PT,172.44,246.68,55.09,50.23,entsoe.eu,false,
2022-11-03 01:00:00,Portugal,Portugal,PT,145.93,212.7,62.36,57.04,entsoe.eu,false,
2022-11-03 02:00:00,Portugal,Portugal,PT,145.6,211.26,62.69,56.14,entsoe.eu,false,
2022-11-03 03:00:00,Portugal,Portugal,PT,136.01,197.94,65.72,57.52,entsoe.eu,false,
2022-11-03 04:00:00,Portugal,Portugal,PT,132.14,193.02,66.85,58.69,entsoe.eu,false,
2022-11-03 05:00:00,Portugal,Portugal,PT,147.76,214.83,61.65,57.18,entsoe.eu,false,
2022-11-03 06:00:00,Portugal,Portugal,PT,167.45,238.44,57.87,57.87,entsoe.eu,false,
2022-11-03 07:00:00,Portugal,Portugal,PT,168.36,234.41,60.57,60.57,entsoe.eu,false,
2022-11-03 08:00:00,Portugal,Portugal,PT,164.88,231.97,60.02,58.87,entsoe.eu,false,
2022-11-03 09:00:00,Portugal,Portugal,PT,160.82,224.2,62.69,61.0,entsoe.eu,false,
2022-11-03 10:00:00,Portugal,Portugal,PT,161.21,230.17,59.51,56.08,entsoe.eu,false,
2022-11-03 11:00:00,Portugal,Portugal,PT,159.53,220.01,64.66,62.68,entsoe.eu,false,
2022-11-03 12:00:00,Portugal,Portugal,PT,159.31,222.04,63.44,62.17,entsoe.eu,false,
2022-11-03 13:00:00,Portugal,Portugal,PT,172.18,235.78,61.79,60.99,entsoe.eu,false,
2022-11-03 14:00:00,Portugal,Portugal,PT,178.2,241.18,61.86,60.82,entsoe.eu,false,
2022-11-03 15:00:00,Portugal,Portugal,PT,181.93,241.95,63.43,62.43,entsoe.eu,false,
2022-11-03 16:00:00,Portugal,Portugal,PT,190.28,249.19,63.36,63.36,entsoe.eu,false,
2022-11-03 17:00:00,Portugal,Portugal,PT,187.61,249.1,61.41,61.41,entsoe.eu,false,
2022-11-03 18:00:00,Portugal,Portugal,PT,186.33,248.48,60.74,60.74,entsoe.eu,false,
2022-11-03 19:00:00,Portugal,Portugal,PT,189.0,252.61,59.71,58.9,entsoe.eu,false,
2022-11-03 20:00:00,Portugal,Portugal,PT,203.59,276.35,53.2,49.9,entsoe.eu,false,
2022-11-03 21:00:00,Portugal,Portugal,PT,210.46,289.85,48.94,43.25,entsoe.eu,false,
2022-11-03 22:00:00,Portugal,Portugal,PT,223.59,309.72,44.18,37.52,entsoe.eu,false,
2022-11-03 23:00:00,Portugal,Portugal,PT,226.58,312.91,44.01,39.23,entsoe.eu,false,
2022-11-04 00:00:00,Portugal,Portugal,PT,224.22,312.89,43.21,39.97,entsoe.eu,false,
2022-11-04 01:00:00,Portugal,Portugal,PT,229.08,322.42,40.18,36.74,entsoe.eu,false,
2022-11-04 02:00:00,Portugal,Portugal,PT,220.01,309.46,43.01,38.7,entsoe.eu,false,
2022-11-04 03:00:00,Portugal,Portugal,PT,212.28,297.77,45.67,39.38,entsoe.eu,false,
2022-11-04 04:00:00,Portugal,Portugal,PT,219.41,307.9,43.14,38.75,entsoe.eu,false,
2022-11-04 05:00:00,Portugal,Portugal,PT,225.94,317.77,40.44,38.22,entsoe.eu,false,
2022-11-04 06:00:00,Portugal,Portugal,PT,200.9,278.82,50.26,50.26,entsoe.eu,false,
2022-11-04 07:00:00,Portugal,Portugal,PT,190.69,259.23,56.46,56.46,entsoe.eu,false,
2022-11-04 08:00:00,Portugal,Portugal,PT,190.76,269.04,51.12,50.5,entsoe.eu,false,
2022-11-04 09:00:00,Portugal,Portugal,PT,177.21,252.62,54.22,50.73,entsoe.eu,false,
2022-11-04 10:00:00,Portugal,Portugal,PT,170.92,243.58,56.69,51.73,entsoe.eu,false,
2022-11-04 11:00:00,Portugal,Portugal,PT,171.31,243.84,56.74,51.31,entsoe.eu,false,
2022-11-04 12:00:00,Portugal,Portugal,PT,173.79,247.25,56.3,50.6,entsoe.eu,false,
2022-11-04 13:00:00,Portugal,Portugal,PT,174.42,247.91,56.24,50.2,entsoe.eu,false,
2022-11-04 14:00:00,Portugal,Portugal,PT,177.1,251.15,55.63,49.19,entsoe.eu,false,
2022-11-04 15:00:00,Portugal,Portugal,PT,198.14,278.74,49.98,43.91,entsoe.eu,false,
2022-11-04 16:00:00,Portugal,Portugal,PT,220.34,297.57,50.0,46.17,entsoe.eu,false,
2022-11-04 17:00:00,Portugal,Portugal,PT,216.2,284.75,55.2,53.79,entsoe.eu,false,
2022-11-04 18:00:00,Portugal,Portugal,PT,199.74,260.96,60.51,60.51,entsoe.eu,false,
2022-11-04 19:00:00,Portugal,Portugal,PT,193.02,252.66,61.71,61.71,entsoe.eu,false,
2022-11-04 20:00:00,Portugal,Portugal,PT,205.09,269.11,58.61,58.61,entsoe.eu,false,
2022-11-04 21:00:00,Portugal,Portugal,PT,221.68,296.13,51.15,49.88,entsoe.eu,false,
2022-11-04 22:00:00,Portugal,Portugal,PT,240.18,326.21,43.08,39.57,entsoe.eu,false,
2022-11-04 23:00:00,Portugal,Portugal,PT,247.9,336.71,40.9,37.29,entsoe.eu,false,
2022-11-05 00:00:00,Portugal,Portugal,PT,259.44,357.94,34.81,30.57,entsoe.eu,false,
2022-11-05 01:00:00,Portugal,Portugal,PT,264.8,367.86,31.79,26.87,entsoe.eu,false,
2022-11-05 02:00:00,Portugal,Portugal,PT,265.0,368.59,31.53,26.36,entsoe.eu,false,
2022-11-05 03:00:00,Portugal,Portugal,PT,269.84,374.88,30.42,25.07,entsoe.eu,false,
2022-11-05 04:00:00,Portugal,Portugal,PT,275.5,382.23,29.02,23.57,entsoe.eu,false,
2022-11-05 05:00:00,Portugal,Portugal,PT,274.59,381.35,29.11,24.62,entsoe.eu,false,
2022-11-05 06:00:00,Portugal,Portugal,PT,275.24,381.0,29.76,26.07,entsoe.eu,false,
2022-11-05 07:00:00,Portugal,Portugal,PT,266.37,369.63,31.98,28.5,entsoe.eu,false,
2022-11-05 08:00:00,Portugal,Portugal,PT,235.42,329.39,39.81,34.43,entsoe.eu,false,
2022-11-05 09:00:00,Portugal,Portugal,PT,203.53,287.29,48.89,42.53,entsoe.eu,false,
2022-11-05 10:00:00,Portugal,Portugal,PT,195.8,276.62,51.14,44.59,entsoe.eu,false,
2022-11-05 11:00:00,Portugal,Portugal,PT,195.58,276.18,51.31,44.77,entsoe.eu,false,
2022-11-05 12:00:00,Portugal,Portugal,PT,199.43,281.89,49.93,44.01,entsoe.eu,false,
2022-11-05 13:00:00,Portugal,Portugal,PT,197.0,278.69,50.94,44.52,entsoe.eu,false,
2022-11-05 14:00:00,Portugal,Portugal,PT,205.03,288.73,48.79,42.22,entsoe.eu,false,
2022-11-05 15:00:00,Portugal,Portugal,PT,225.34,316.32,42.79,36.96,entsoe.eu,false,
2022-11-05 16:00:00,Portugal,Portugal,PT,229.79,307.89,49.4,48.16,entsoe.eu,false,
2022-11-05 17:00:00,Portugal,Portugal,PT,207.81,272.04,58.47,58.47,entsoe.eu,false,
2022-11-05 18:00:00,Portugal,Portugal,PT,202.3,266.62,58.61,58.61,entsoe.eu,false,
2022-11-05 19:00:00,Portugal,Portugal,PT,242.89,325.64,45.04,41.89,entsoe.eu,false,
2022-11-05 20:00:00,Portugal,Portugal,PT,255.24,348.83,37.19,29.66,entsoe.eu,false,
2022-11-05 21:00:00,Portugal,Portugal,PT,255.46,350.3,36.45,28.81,entsoe.eu,false,
2022-11-05 22:00:00,Portugal,Portugal,PT,251.22,345.58,37.81,30.83,entsoe.eu,false,
2022-11-05 23:00:00,Portugal,Portugal,PT,236.02,328.91,40.95,32.02,entsoe.eu,false,
2022-11-06 00:00:00,Portugal,Portugal,PT,208.52,295.43,47.56,35.42,entsoe.eu,false,
2022-11-06 01:00:00,Portugal,Portugal,PT,181.86,260.9,54.72,41.34,entsoe.eu,false,
2022-11-06 02:00:00,Portugal,Portugal,PT,153.75,224.49,62.31,48.26,entsoe.eu,false,
2022-11-06 03:00:00,Portugal,Portugal,PT,146.4,214.08,64.18,50.24,entsoe.eu,false,
2022-11-06 04:00:00,Portugal,Portugal,PT,145.51,213.23,64.17,51.16,entsoe.eu,false,
2022-11-06 05:00:00,Portugal,Portugal,PT,149.47,218.98,63.14,49.59,entsoe.eu,false,
2022-11-06 06:00:00,Portugal,Portugal,PT,159.63,232.1,60.45,47.87,entsoe.eu,false,
2022-11-06 07:00:00,Portugal,Portugal,PT,152.92,223.12,62.13,50.07,entsoe.eu,false,
2022-11-06 08:00:00,Portugal,Portugal,PT,129.24,193.21,68.16,57.02,entsoe.eu,false,
2022-11-06 09:00:00,Portugal,Portugal,PT,122.03,184.34,70.09,60.1,entsoe.eu,false,
2022-11-06 10:00:00,Portugal,Portugal,PT,121.53,183.65,70.01,60.95,entsoe.eu,false,
2022-11-06 11:00:00,Portugal,Portugal,PT,123.29,185.39,69.74,60.26,entsoe.eu,false,
2022-11-06 12:00:00,Portugal,Portugal,PT,127.05,190.05,68.94,59.44,entsoe.eu,false,
2022-11-06 13:00:00,Portugal,Portugal,PT,123.06,185.47,69.95,60.82,entsoe.eu,false,
2022-11-06 14:00:00,Portugal,Portugal,PT,141.06,210.73,64.13,57.12,entsoe.eu,false,
2022-11-06 15:00:00,Portugal,Portugal,PT,163.33,239.73,58.01,51.5,entsoe.eu,false,
2022-11-06 16:00:00,Portugal,Portugal,PT,190.31,271.38,52.15,44.87,entsoe.eu,false,
2022-11-06 17:00:00,Portugal,Portugal,PT,194.51,259.87,60.23,58.52,entsoe.eu,false,
2022-11-06 18:00:00,Portugal,Portugal,PT,187.9,257.14,57.68,55.51,entsoe.eu,false,
2022-11-06 19:00:00,Portugal,Portugal,PT,178.12,244.85,59.96,55.34,entsoe.eu,false,
2022-11-06 20:00:00,Portugal,Portugal,PT,184.39,252.95,58.27,52.64,entsoe.eu,false,
2022-11-06 21:00:00,Portugal,Portugal,PT,192.91,267.85,54.02,46.91,entsoe.eu,false,
2022-11-06 22:00:00,Portugal,Portugal,PT,196.71,277.57,50.33,39.17,entsoe.eu,false,
2022-11-06 23:00:00,Portugal,Portugal,PT,205.7,289.6,48.01,37.81,entsoe.eu,false,
2022-11-07 00:00:00,Portugal,Portugal,PT,207.78,292.28,47.61,36.86,entsoe.eu,false,
2022-11-07 01:00:00,Portugal,Portugal,PT,214.95,301.77,45.65,34.82,entsoe.eu,false,
2022-11-07 02:00:00,Portugal,Portugal,PT,217.03,303.9,45.43,33.5,entsoe.eu,false,
2022-11-07 03:00:00,Portugal,Portugal,PT,216.15,302.12,45.97,32.66,entsoe.eu,false,
2022-11-07 04:00:00,Portugal,Portugal,PT,231.81,323.53,41.03,30.7,entsoe.eu,false,
2022-11-07 05:00:00,Portugal,Portugal,PT,248.08,345.94,35.51,28.87,entsoe.eu,false,
2022-11-07 06:00:00,Portugal,Portugal,PT,221.82,292.87,52.97,52.97,entsoe.eu,false,
2022-11-07 07:00:00,Portugal,Portugal,PT,208.68,275.2,56.45,56.45,entsoe.eu,false,
2022-11-07 08:00:00,Portugal,Portugal,PT,203.03,279.83,50.88,49.44,entsoe.eu,false,
2022-11-07 09:00:00,Portugal,Portugal,PT,175.64,250.96,54.4,49.77,entsoe.eu,false,
2022-11-07 10:00:00,Portugal,Portugal,PT,163.8,234.67,57.82,52.47,entsoe.eu,false,
2022-11-07 11:00:00,Portugal,Portugal,PT,154.89,222.7,60.16,54.82,entsoe.eu,false,
2022-11-07 12:00:00,Portugal,Portugal,PT,156.11,223.77,59.69,54.6,entsoe.eu,false,
2022-11-07 13:00:00,Portugal,Portugal,PT,158.26,226.62,59.13,54.05,entsoe.eu,false,
2022-11-07 14:00:00,Portugal,Portugal,PT,170.44,242.18,55.83,50.99,entsoe.eu,false,
2022-11-07 15:00:00,Portugal,Portugal,PT,175.31,248.38,54.5,50.11,entsoe.eu,false,
2022-11-07 16:00:00,Portugal,Portugal,PT,176.32,243.27,57.65,55.3,entsoe.eu,false,
2022-11-07 17:00:00,Portugal,Portugal,PT,163.34,220.1,64.22,64.22,entsoe.eu,false,
2022-11-07 18:00:00,Portugal,Portugal,PT,151.01,202.77,68.17,68.17,entsoe.eu,false,
2022-11-07 19:00:00,Portugal,Portugal,PT,151.3,205.16,66.82,66.82,entsoe.eu,false,
2022-11-07 20:00:00,Portugal,Portugal,PT,149.79,214.9,59.9,59.85,entsoe.eu,false,
2022-11-07 21:00:00,Portugal,Portugal,PT,148.69,213.51,60.57,59.46,entsoe.eu,false,
2022-11-07 22:00:00,Portugal,Portugal,PT,141.18,204.61,62.45,61.71,entsoe.eu,false,
2022-11-07 23:00:00,Portugal,Portugal,PT,143.45,208.0,61.6,61.6,entsoe.eu,false,
2022-11-08 00:00:00,Portugal,Portugal,PT,122.39,182.57,67.54,66.57,entsoe.eu,false,
2022-11-08 01:00:00,Portugal,Portugal,PT,119.73,177.66,68.63,65.66,entsoe.eu,false,
2022-11-08 02:00:00,Portugal,Portugal,PT,121.86,180.18,68.18,64.56,entsoe.eu,false,
2022-11-08 03:00:00,Portugal,Portugal,PT,124.5,183.31,67.45,63.64,entsoe.eu,false,
2022-11-08 04:00:00,Portugal,Portugal,PT,126.72,186.57,66.77,63.42,entsoe.eu,false,
2022-11-08 05:00:00,Portugal,Portugal,PT,143.54,209.69,61.47,61.47,entsoe.eu,false,
2022-11-08 06:00:00,Portugal,Portugal,PT,153.73,216.86,62.01,62.01,entsoe.eu,false,
2022-11-08 07:00:00,Portugal,Portugal,PT,149.96,206.83,66.21,66.21,entsoe.eu,false,
2022-11-08 08:00:00,Portugal,Portugal,PT,138.67,201.43,63.75,63.75,entsoe.eu,false,
2022-11-08 09:00:00,Portugal,Portugal,PT,131.79,193.82,64.95,63.89,entsoe.eu,false,
2022-11-08 10:00:00,Portugal,Portugal,PT,131.93,193.6,65.24,63.03,entsoe.eu,false,
2022-11-08 11:00:00,Portugal,Portugal,PT,136.11,199.36,64.23,61.59,entsoe.eu,false,
2022-11-08 12:00:00,Portugal,Portugal,PT,134.81,197.18,64.67,61.84,entsoe.eu,false,
2022-11-08 13:00:00,Portugal,Portugal,PT,142.52,205.05,62.69,59.63,entsoe.eu,false,
2022-11-08 14:00:00,Portugal,Portugal,PT,143.97,206.87,62.18,59.78,entsoe.eu,false,
2022-11-08 15:00:00,Portugal,Portugal,PT,155.75,222.17,59.07,56.49,entsoe.eu,false,
2022-11-08 16:00:00,Portugal,Portugal,PT,172.04,238.31,57.75,55.98,entsoe.eu,false,
2022-11-08 17:00:00,Portugal,Portugal,PT,163.16,218.84,64.74,64.74,entsoe.eu,false,
2022-11-08 18:00:00,Portugal,Portugal,PT,162.4,217.21,65.35,65.35,entsoe.eu,false,
2022-11-08 19:00:00,Portugal,Portugal,PT,170.78,230.35,61.84,61.84,entsoe.eu,false,
2022-11-08 20:00:00,Portugal,Portugal,PT,184.61,256.2,53.46,49.54,entsoe.eu,false,
2022-11-08 21:00:00,Portugal,Portugal,PT,191.6,267.73,50.41,44.16,entsoe.eu,false,
2022-11-08 22:00:00,Portugal,Portugal,PT,192.51,269.69,50.21,44.16,entsoe.eu,false,
2022-11-08 23:00:00,Portugal,Portugal,PT,195.53,273.74,49.42,43.58,entsoe.eu,false,
2022-11-09 00:00:00,Portugal,Portugal,PT,188.93,264.85,51.58,44.07,entsoe.eu,false,
2022-11-09 01:00:00,Portugal,Portugal,PT,194.2,271.34,50.28,41.65,entsoe.eu,false,
2022-11-09 02:00:00,Portugal,Portugal,PT,196.48,274.07,49.88,39.54,entsoe.eu,false,
2022-11-09 03:00:00,Portugal,Portugal,PT,198.06,275.65,49.62,38.33,entsoe.eu,false,
2022-11-09 04:00:00,Portugal,Portugal,PT,202.07,281.13,48.4,38.21,entsoe.eu,false,
2022-11-09 05:00:00,Portugal,Portugal,PT,233.22,324.19,38.85,34.76,entsoe.eu,false,
2022-11-09 06:00:00,Portugal,Portugal,PT,226.51,312.36,42.14,41.94,entsoe.eu,false,
2022-11-09 07:00:00,Portugal,Portugal,PT,228.05,308.42,45.04,45.04,entsoe.eu,false,
2022-11-09 08:00:00,Portugal,Portugal,PT,233.95,317.13,42.59,41.66,entsoe.eu,false,
2022-11-09 09:00:00,Portugal,Portugal,PT,241.87,334.13,36.98,32.95,entsoe.eu,false,
2022-11-09 10:00:00,Portugal,Portugal,PT,226.51,313.93,41.36,36.65,entsoe.eu,false,
2022-11-09 11:00:00,Portugal,Portugal,PT,225.41,311.73,42.1,36.51,entsoe.eu,false,
2022-11-09 12:00:00,Portugal,Portugal,PT,226.92,313.6,41.65,36.02,entsoe.eu,false,
2022-11-09 13:00:00,Portugal,Portugal,PT,238.56,328.16,38.66,32.97,entsoe.eu,false,
2022-11-09 14:00:00,Portugal,Portugal,PT,241.76,331.89,38.07,31.97,entsoe.eu,false,
2022-11-09 15:00:00,Portugal,Portugal,PT,240.72,329.35,39.37,33.67,entsoe.eu,false,
2022-11-09 16:00:00,Portugal,Portugal,PT,242.77,326.4,41.67,38.0,entsoe.eu,false,
2022-11-09 17:00:00,Portugal,Portugal,PT,226.5,296.05,51.49,51.35,entsoe.eu,false,
2022-11-09 18:00:00,Portugal,Portugal,PT,210.68,274.02,56.15,56.15,entsoe.eu,false,
2022-11-09 19:00:00,Portugal,Portugal,PT,215.63,284.71,52.23,52.23,entsoe.eu,false,
2022-11-09 20:00:00,Portugal,Portugal,PT,240.19,326.47,39.58,36.55,entsoe.eu,false,
2022-11-09 21:00:00,Portugal,Portugal,PT,266.0,361.51,32.26,26.42,entsoe.eu,false,
2022-11-09 22:00:00,Portugal,Portugal,PT,275.04,373.4,30.38,23.44,entsoe.eu,false,
2022-11-09 23:00:00,Portugal,Portugal,PT,280.24,382.3,28.11,21.13,entsoe.eu,false,
2022-11-10 00:00:00,Portugal,Portugal,PT,275.66,377.46,29.27,22.0,entsoe.eu,false,
2022-11-10 01:00:00,Portugal,Portugal,PT,275.27,377.19,29.19,22.11,entsoe.eu,false,
2022-11-10 02:00:00,Portugal,Portugal,PT,270.0,368.89,31.34,22.51,entsoe.eu,false,
2022-11-10 03:00:00,Portugal,Portugal,PT,271.67,370.46,31.19,21.81,entsoe.eu,false,
2022-11-10 04:00:00,Portugal,Portugal,PT,278.72,381.24,28.58,21.07,entsoe.eu,false,
2022-11-10 05:00:00,Portugal,Portugal,PT,288.72,394.53,25.37,21.11,entsoe.eu,false,
2022-11-10 06:00:00,Portugal,Portugal,PT,267.85,361.62,33.8,33.8,entsoe.eu,false,
2022-11-10 07:00:00,Portugal,Portugal,PT,249.52,336.15,39.31,39.31,entsoe.eu,false,
2022-11-10 08:00:00,Portugal,Portugal,PT,247.96,339.75,36.89,34.41,entsoe.eu,false,
2022-11-10 09:00:00,Portugal,Portugal,PT,232.42,322.52,39.79,34.85,entsoe.eu,false,
2022-11-10 10:00:00,Portugal,Portugal,PT,213.01,296.93,45.55,39.42,entsoe.eu,false,
2022-11-10 11:00:00,Portugal,Portugal,PT,212.09,295.4,45.71,39.66,entsoe.eu,false,
2022-11-10 12:00:00,Portugal,Portugal,PT,214.78,299.46,44.93,39.55,entsoe.eu,false,
2022-11-10 13:00:00,Portugal,Portugal,PT,216.38,301.65,44.64,39.23,entsoe.eu,false,
2022-11-10 14:00:00,Portugal,Portugal,PT,230.63,319.44,40.77,35.46,entsoe.eu,false,
2022-11-10 15:00:00,Portugal,Portugal,PT,248.19,341.81,36.18,31.4,entsoe.eu,false,
2022-11-10 16:00:00,Portugal,Portugal,PT,256.14,341.01,40.38,37.49,entsoe.eu,false,
2022-11-10 17:00:00,Portugal,Portugal,PT,221.1,287.89,53.49,53.49,entsoe.eu,false,
2022-11-10 18:00:00,Portugal,Portugal,PT,199.42,260.71,58.09,58.09,entsoe.eu,false,
2022-11-10 19:00:00,Portugal,Portugal,PT,207.21,272.94,54.82,54.82,entsoe.eu,false,
2022-11-10 20:00:00,Portugal,Portugal,PT,209.8,275.47,54.69,54.69,entsoe.eu,false,
2022-11-10 21:00:00,Portugal,Portugal,PT,240.23,320.87,43.69,43.69,entsoe.eu,false,
2022-11-10 22:00:00,Portugal,Portugal,PT,246.84,337.9,36.74,34.45,entsoe.eu,false,
2022-11-10 23:00:00,Portugal,Portugal,PT,210.25,284.96,49.89,49.89,entsoe.eu,false,
2022-11-11 00:00:00,Portugal,Portugal,PT,198.52,276.16,48.75,48.75,entsoe.eu,false,
2022-11-11 01:00:00,Portugal,Portugal,PT,200.39,282.08,46.15,46.15,entsoe.eu,false,
2022-11-11 02:00:00,Portugal,Portugal,PT,197.03,278.03,47.06,47.06,entsoe.eu,false,
2022-11-11 03:00:00,Portugal,Portugal,PT,182.42,258.98,50.99,50.99,entsoe.eu,false,
2022-11-11 04:00:00,Portugal,Portugal,PT,179.33,254.28,51.81,51.81,entsoe.eu,false,
2022-11-11 05:00:00,Portugal,Portugal,PT,185.09,261.22,50.26,50.26,entsoe.eu,false,
2022-11-11 06:00:00,Portugal,Portugal,PT,185.72,252.91,55.36,55.36,entsoe.eu,false,
2022-11-11 07:00:00,Portugal,Portugal,PT,180.31,242.64,58.76,58.76,entsoe.eu,false,
2022-11-11 08:00:00,Portugal,Portugal,PT,179.03,250.16,53.84,53.84,entsoe.eu,false,
2022-11-11 09:00:00,Portugal,Portugal,PT,175.9,249.74,52.73,52.73,entsoe.eu,false,
2022-11-11 10:00:00,Portugal,Portugal,PT,175.02,249.02,52.98,52.95,entsoe.eu,false,
2022-11-11 11:00:00,Portugal,Portugal,PT,176.04,250.41,52.77,52.53,entsoe.eu,false,
2022-11-11 12:00:00,Portugal,Portugal,PT,168.33,240.34,55.27,53.82,entsoe.eu,false,
2022-11-11 13:00:00,Portugal,Portugal,PT,178.83,254.13,52.57,50.72,entsoe.eu,false,
2022-11-11 14:00:00,Portugal,Portugal,PT,191.6,271.01,49.29,47.11,entsoe.eu,false,
2022-11-11 15:00:00,Portugal,Portugal,PT,213.0,298.34,43.6,41.23,entsoe.eu,false,
2022-11-11 16:00:00,Portugal,Portugal,PT,218.82,291.68,50.39,50.39,entsoe.eu,false,
2022-11-11 17:00:00,Portugal,Portugal,PT,187.21,246.77,60.48,60.48,entsoe.eu,false,
2022-11-11 18:00:00,Portugal,Portugal,PT,177.79,233.95,62.87,62.87,entsoe.eu,false,
2022-11-11 19:00:00,Portugal,Portugal,PT,177.41,233.28,63.13,63.13,entsoe.eu,false,
2022-11-11 20:00:00,Portugal,Portugal,PT,181.41,241.88,60.13,60.13,entsoe.eu,false,
2022-11-11 21:00:00,Portugal,Portugal,PT,173.55,244.58,54.34,54.34,entsoe.eu,false,
2022-11-11 22:00:00,Portugal,Portugal,PT,150.59,216.06,60.3,58.09,entsoe.eu,false,
2022-11-11 23:00:00,Portugal,Portugal,PT,150.54,216.13,60.57,59.4,entsoe.eu,false,
2022-11-12 00:00:00,Portugal,Portugal,PT,143.85,209.1,63.77,61.88,entsoe.eu,false,
2022-11-12 01:00:00,Portugal,Portugal,PT,137.1,204.3,64.29,60.06,entsoe.eu,false,
2022-11-12 02:00:00,Portugal,Portugal,PT,133.18,198.96,65.78,59.95,entsoe.eu,false,
2022-11-12 03:00:00,Portugal,Portugal,PT,133.89,199.09,65.88,58.79,entsoe.eu,false,
2022-11-12 04:00:00,Portugal,Portugal,PT,132.11,196.09,66.5,59.02,entsoe.eu,false,
2022-11-12 05:00:00,Portugal,Portugal,PT,137.09,200.53,65.16,57.85,entsoe.eu,false,
2022-11-12 06:00:00,Portugal,Portugal,PT,132.58,195.36,65.99,60.27,entsoe.eu,false,
2022-11-12 07:00:00,Portugal,Portugal,PT,129.32,190.87,67.33,63.76,entsoe.eu,false,
2022-11-12 08:00:00,Portugal,Portugal,PT,106.34,162.41,72.26,70.95,entsoe.eu,false,
2022-11-12 09:00:00,Portugal,Portugal,PT,111.51,169.88,71.05,67.0,entsoe.eu,false,
2022-11-12 10:00:00,Portugal,Portugal,PT,115.14,174.24,70.54,64.38,entsoe.eu,false,
2022-11-12 11:00:00,Portugal,Portugal,PT,109.43,166.05,72.53,64.36,entsoe.eu,false,
2022-11-12 12:00:00,Portugal,Portugal,PT,113.71,171.86,71.39,63.22,entsoe.eu,false,
2022-11-12 13:00:00,Portugal,Portugal,PT,120.5,180.35,69.7,61.46,entsoe.eu,false,
2022-11-12 14:00:00,Portugal,Portugal,PT,135.53,199.33,65.87,56.84,entsoe.eu,false,
2022-11-12 15:00:00,Portugal,Portugal,PT,147.3,213.45,63.1,52.99,entsoe.eu,false,
2022-11-12 16:00:00,Portugal,Portugal,PT,173.29,241.61,58.83,52.11,entsoe.eu,false,
2022-11-12 17:00:00,Portugal,Portugal,PT,167.92,223.93,65.89,65.15,entsoe.eu,false,
2022-11-12 18:00:00,Portugal,Portugal,PT,160.24,209.09,70.53,70.53,entsoe.eu,false,
2022-11-12 19:00:00,Portugal,Portugal,PT,154.57,201.94,71.87,71.87,entsoe.eu,false,
2022-11-12 20:00:00,Portugal,Portugal,PT,152.91,203.84,69.34,69.34,entsoe.eu,false,
2022-11-12 21:00:00,Portugal,Portugal,PT,170.59,232.92,61.21,61.21,entsoe.eu,false,
2022-11-12 22:00:00,Portugal,Portugal,PT,191.22,263.64,54.07,54.0,entsoe.eu,false,
2022-11-12 23:00:00,Portugal,Portugal,PT,184.33,259.62,53.44,51.95,entsoe.eu,false,
2022-11-13 00:00:00,Portugal,Portugal,PT,177.7,255.0,53.22,49.81,entsoe.eu,false,
2022-11-13 01:00:00,Portugal,Portugal,PT,184.81,264.48,51.55,47.34,entsoe.eu,false,
2022-11-13 02:00:00,Portugal,Portugal,PT,188.1,268.94,50.6,46.65,entsoe.eu,false,
2022-11-13 03:00:00,Portugal,Portugal,PT,187.8,269.07,50.51,47.29,entsoe.eu,false,
2022-11-13 04:00:00,Portugal,Portugal,PT,179.41,258.55,51.92,51.62,entsoe.eu,false,
2022-11-13 05:00:00,Portugal,Portugal,PT,174.42,250.24,54.02,54.02,entsoe.eu,false,
2022-11-13 06:00:00,Portugal,Portugal,PT,172.93,249.1,53.99,53.99,entsoe.eu,false,
2022-11-13 07:00:00,Portugal,Portugal,PT,163.17,237.02,56.45,56.45,entsoe.eu,false,
2022-11-13 08:00:00,Portugal,Portugal,PT,156.5,227.69,58.65,56.32,entsoe.eu,false,
2022-11-13 09:00:00,Portugal,Portugal,PT,138.74,202.42,64.19,59.1,entsoe.eu,false,
2022-11-13 10:00:00,Portugal,Portugal,PT,120.52,178.59,69.4,63.07,entsoe.eu,false,
2022-11-13 11:00:00,Portugal,Portugal,PT,114.88,171.26,70.76,64.61,entsoe.eu,false,
2022-11-13 12:00:00,Portugal,Portugal,PT,123.7,182.66,68.37,62.22,entsoe.eu,false,
2022-11-13 13:00:00,Portugal,Portugal,PT,129.88,190.64,66.77,60.5,entsoe.eu,false,
2022-11-13 14:00:00,Portugal,Portugal,PT,127.99,188.1,67.37,60.63,entsoe.eu,false,
2022-11-13 15:00:00,Portugal,Portugal,PT,141.76,205.69,63.52,57.77,entsoe.eu,false,
2022-11-13 16:00:00,Portugal,Portugal,PT,146.45,212.21,61.27,59.44,entsoe.eu,false,
2022-11-13 17:00:00,Portugal,Portugal,PT,125.32,178.59,69.6,69.6,entsoe.eu,false,
2022-11-13 18:00:00,Portugal,Portugal,PT,116.56,163.07,74.36,74.36,entsoe.eu,false,
2022-11-13 19:00:00,Portugal,Portugal,PT,121.84,167.71,74.16,74.16,entsoe.eu,false,
2022-11-13 20:00:00,Portugal,Portugal,PT,126.02,174.65,72.38,72.38,entsoe.eu,false,
2022-11-13 21:00:00,Portugal,Portugal,PT,134.48,191.81,66.84,66.84,entsoe.eu,false,
2022-11-13 22:00:00,Portugal,Portugal,PT,159.96,231.85,57.13,57.11,entsoe.eu,false,
2022-11-13 23:00:00,Portugal,Portugal,PT,163.91,235.95,56.58,56.58,entsoe.eu,false,
2022-11-14 00:00:00,Portugal,Portugal,PT,185.57,265.55,50.64,50.64,entsoe.eu,false,
2022-11-14 01:00:00,Portugal,Portugal,PT,197.83,282.67,47.38,46.14,entsoe.eu,false,
2022-11-14 02:00:00,Portugal,Portugal,PT,213.67,303.29,43.33,41.48,entsoe.eu,false,
2022-11-14 03:00:00,Portugal,Portugal,PT,229.35,322.51,39.89,35.77,entsoe.eu,false,
2022-11-14 04:00:00,Portugal,Portugal,PT,247.68,347.4,34.88,31.17,entsoe.eu,false,
2022-11-14 05:00:00,Portugal,Portugal,PT,251.23,350.98,34.04,31.35,entsoe.eu,false,
2022-11-14 06:00:00,Portugal,Portugal,PT,221.67,309.43,42.4,42.2,entsoe.eu,false,
2022-11-14 07:00:00,Portugal,Portugal,PT,189.66,263.39,52.31,52.31,entsoe.eu,false,
2022-11-14 08:00:00,Portugal,Portugal,PT,197.72,273.08,50.75,50.75,entsoe.eu,false,
2022-11-14 09:00:00,Portugal,Portugal,PT,200.24,274.69,51.25,50.46,entsoe.eu,false,
2022-11-14 10:00:00,Portugal,Portugal,PT,190.05,265.47,52.0,49.9,entsoe.eu,false,
2022-11-14 11:00:00,Portugal,Portugal,PT,184.42,259.77,52.66,49.32,entsoe.eu,false,
2022-11-14 12:00:00,Portugal,Portugal,PT,177.42,250.62,54.42,50.59,entsoe.eu,false,
2022-11-14 13:00:00,Portugal,Portugal,PT,181.98,256.33,53.01,48.22,entsoe.eu,false,
2022-11-14 14:00:00,Portugal,Portugal,PT,183.81,258.43,52.82,47.65,entsoe.eu,false,
2022-11-14 15:00:00,Portugal,Portugal,PT,180.4,251.89,54.94,51.2,entsoe.eu,false,
2022-11-14 16:00:00,Portugal,Portugal,PT,179.62,248.02,56.83,54.67,entsoe.eu,false,
2022-11-14 17:00:00,Portugal,Portugal,PT,169.25,231.68,60.53,60.09,entsoe.eu,false,
2022-11-14 18:00:00,Portugal,Portugal,PT,152.97,211.03,64.0,64.0,entsoe.eu,false,
2022-11-14 19:00:00,Portugal,Portugal,PT,145.22,199.69,66.6,66.6,entsoe.eu,false,
2022-11-14 20:00:00,Portugal,Portugal,PT,149.03,213.25,60.6,60.6,entsoe.eu,false,
2022-11-14 21:00:00,Portugal,Portugal,PT,154.06,221.12,59.63,57.42,entsoe.eu,false,
2022-11-14 22:00:00,Portugal,Portugal,PT,146.54,211.87,61.38,59.62,entsoe.eu,false,
2022-11-14 23:00:00,Portugal,Portugal,PT,132.11,193.51,65.19,65.19,entsoe.eu,false,
2022-11-15 00:00:00,Portugal,Portugal,PT,113.9,170.81,69.59,69.59,entsoe.eu,false,
2022-11-15 01:00:00,Portugal,Portugal,PT,111.53,168.21,70.24,70.24,entsoe.eu,false,
2022-11-15 02:00:00,Portugal,Portugal,PT,111.7,168.17,70.19,70.19,entsoe.eu,false,
2022-11-15 03:00:00,Portugal,Portugal,PT,111.7,168.22,70.2,70.2,entsoe.eu,false,
2022-11-15 04:00:00,Portugal,Portugal,PT,108.23,163.43,71.12,71.12,entsoe.eu,false,
2022-11-15 05:00:00,Portugal,Portugal,PT,108.96,163.9,70.92,70.92,entsoe.eu,false,
2022-11-15 06:00:00,Portugal,Portugal,PT,110.69,164.67,70.7,70.7,entsoe.eu,false,
2022-11-15 07:00:00,Portugal,Portugal,PT,104.34,155.59,72.78,72.78,entsoe.eu,false,
2022-11-15 08:00:00,Portugal,Portugal,PT,106.82,159.62,71.8,71.8,entsoe.eu,false,
2022-11-15 09:00:00,Portugal,Portugal,PT,95.2,145.74,74.6,74.6,entsoe.eu,false,
2022-11-15 10:00:00,Portugal,Portugal,PT,102.8,154.82,72.9,71.43,entsoe.eu,false,
2022-11-15 11:00:00,Portugal,Portugal,PT,101.12,152.07,73.53,71.47,entsoe.eu,false,
2022-11-15 12:00:00,Portugal,Portugal,PT,101.09,151.94,73.58,71.4,entsoe.eu,false,
2022-11-15 13:00:00,Portugal,Portugal,PT,99.45,149.8,74.12,71.57,entsoe.eu,false,
2022-11-15 14:00:00,Portugal,Portugal,PT,102.62,153.07,73.34,70.35,entsoe.eu,false,
2022-11-15 15:00:00,Portugal,Portugal,PT,108.0,160.28,71.93,68.85,entsoe.eu,false,
2022-11-15 16:00:00,Portugal,Portugal,PT,114.22,168.65,70.27,67.36,entsoe.eu,false,
2022-11-15 17:00:00,Portugal,Portugal,PT,108.32,160.89,71.52,69.92,entsoe.eu,false,
2022-11-15 18:00:00,Portugal,Portugal,PT,110.97,161.68,72.22,72.22,entsoe.eu,false,
2022-11-15 19:00:00,Portugal,Portugal,PT,106.28,155.55,73.42,73.42,entsoe.eu,false,
2022-11-15 20:00:00,Portugal,Portugal,PT,121.39,175.11,69.96,69.64,entsoe.eu,false,
2022-11-15 21:00:00,Portugal,Portugal,PT,126.81,182.22,69.11,68.21,entsoe.eu,false,
2022-11-15 22:00:00,Portugal,Portugal,PT,121.11,179.15,68.69,66.09,entsoe.eu,false,
2022-11-15 23:00:00,Portugal,Portugal,PT,100.3,153.26,74.02,71.05,entsoe.eu,false,
2022-11-16 00:00:00,Portugal,Portugal,PT,92.37,143.46,76.42,72.46,entsoe.eu,false,
2022-11-16 01:00:00,Portugal,Portugal,PT,86.52,136.34,77.94,74.02,entsoe.eu,false,
2022-11-16 02:00:00,Portugal,Portugal,PT,88.82,139.66,77.2,73.68,entsoe.eu,false,
2022-11-16 03:00:00,Portugal,Portugal,PT,91.54,142.16,76.64,72.46,entsoe.eu,false,
2022-11-16 04:00:00,Portugal,Portugal,PT,88.32,138.84,77.39,73.65,entsoe.eu,false,
2022-11-16 05:00:00,Portugal,Portugal,PT,90.26,142.08,76.59,74.09,entsoe.eu,false,
2022-11-16 06:00:00,Portugal,Portugal,PT,87.37,136.83,77.94,77.94,entsoe.eu,false,
2022-11-16 07:00:00,Portugal,Portugal,PT,85.78,128.96,80.76,80.76,entsoe.eu,false,
2022-11-16 08:00:00,Portugal,Portugal,PT,82.0,123.75,81.78,81.78,entsoe.eu,false,
2022-11-16 09:00:00,Portugal,Portugal,PT,75.85,118.71,81.87,80.81,entsoe.eu,false,
2022-11-16 10:00:00,Portugal,Portugal,PT,74.21,116.51,81.83,81.02,entsoe.eu,false,
2022-11-16 11:00:00,Portugal,Portugal,PT,72.86,115.59,81.66,80.6,entsoe.eu,false,
2022-11-16 12:00:00,Portugal,Portugal,PT,71.61,114.66,81.59,80.6,entsoe.eu,false,
2022-11-16 13:00:00,Portugal,Portugal,PT,76.62,121.77,80.0,78.59,entsoe.eu,false,
2022-11-16 14:00:00,Portugal,Portugal,PT,77.93,121.79,80.77,79.08,entsoe.eu,false,
2022-11-16 15:00:00,Portugal,Portugal,PT,74.1,116.24,82.22,80.57,entsoe.eu,false,
2022-11-16 16:00:00,Portugal,Portugal,PT,76.87,120.87,80.64,78.62,entsoe.eu,false,
2022-11-16 17:00:00,Portugal,Portugal,PT,81.95,122.3,82.42,81.4,entsoe.eu,false,
2022-11-16 18:00:00,Portugal,Portugal,PT,82.63,119.11,84.31,84.31,entsoe.eu,false,
2022-11-16 19:00:00,Portugal,Portugal,PT,74.36,109.61,85.82,85.82,entsoe.eu,false,
2022-11-16 20:00:00,Portugal,Portugal,PT,74.2,108.88,86.11,86.11,entsoe.eu,false,
2022-11-16 21:00:00,Portugal,Portugal,PT,68.38,111.55,82.05,81.1,entsoe.eu,false,
2022-11-16 22:00:00,Portugal,Portugal,PT,67.12,109.85,82.79,79.99,entsoe.eu,false,
2022-11-16 23:00:00,Portugal,Portugal,PT,49.18,87.43,87.98,86.31,entsoe.eu,false,
2022-11-17 00:00:00,Portugal,Portugal,PT,41.29,79.5,89.56,87.56,entsoe.eu,false,
2022-11-17 01:00:00,Portugal,Portugal,PT,44.81,83.58,88.78,85.98,entsoe.eu,false,
2022-11-17 02:00:00,Portugal,Portugal,PT,39.77,76.4,90.14,87.19,entsoe.eu,false,
2022-11-17 03:00:00,Portugal,Portugal,PT,39.8,76.09,89.96,87.83,entsoe.eu,false,
2022-11-17 04:00:00,Portugal,Portugal,PT,35.89,71.96,90.65,90.45,entsoe.eu,false,
2022-11-17 05:00:00,Portugal,Portugal,PT,42.07,79.61,88.94,88.94,entsoe.eu,false,
2022-11-17 06:00:00,Portugal,Portugal,PT,55.24,93.74,86.81,86.81,entsoe.eu,false,
2022-11-17 07:00:00,Portugal,Portugal,PT,73.9,109.94,86.46,86.46,entsoe.eu,false,
2022-11-17 08:00:00,Portugal,Portugal,PT,67.72,106.65,85.76,85.76,entsoe.eu,false,
2022-11-17 09:00:00,Portugal,Portugal,PT,62.24,101.16,86.11,84.79,entsoe.eu,false,
2022-11-17 10:00:00,Portugal,Portugal,PT,50.43,88.67,87.16,85.15,entsoe.eu,false,
2022-11-17 11:00:00,Portugal,Portugal,PT,56.7,96.21,86.1,83.78,entsoe.eu,false,
2022-11-17 12:00:00,Portugal,Portugal,PT,52.49,91.23,86.9,84.99,entsoe.eu,false,
2022-11-17 13:00:00,Portugal,Portugal,PT,58.65,98.77,85.67,83.89,entsoe.eu,false,
2022-11-17 14:00:00,Portugal,Portugal,PT,55.73,95.49,86.14,83.88,entsoe.eu,false,
2022-11-17 15:00:00,Portugal,Portugal,PT,66.24,107.61,84.03,81.79,entsoe.eu,false,
2022-11-17 16:00:00,Portugal,Portugal,PT,72.35,112.77,83.63,82.4,entsoe.eu,false,
2022-11-17 17:00:00,Portugal,Portugal,PT,84.28,124.68,82.32,82.32,entsoe.eu,false,
2022-11-17 18:00:00,Portugal,Portugal,PT,95.52,136.32,81.16,81.16,entsoe.eu,false,
2022-11-17 19:00:00,Portugal,Portugal,PT,102.3,142.35,80.67,80.67,entsoe.eu,false,
2022-11-17 20:00:00,Portugal,Portugal,PT,106.14,146.99,80.02,80.02,entsoe.eu,false,
2022-11-17 21:00:00,Portugal,Portugal,PT,101.84,145.55,79.2,79.2,entsoe.eu,false,
2022-11-17 22:00:00,Portugal,Portugal,PT,109.05,157.45,76.41,76.41,entsoe.eu,false,
2022-11-17 23:00:00,Portugal,Portugal,PT,109.91,163.99,72.93,72.93,entsoe.eu,false,
2022-11-18 00:00:00,Portugal,Portugal,PT,119.5,179.03,69.33,69.33,entsoe.eu,false,
2022-11-18 01:00:00,Portugal,Portugal,PT,121.44,181.52,68.99,68.99,entsoe.eu,false,
2022-11-18 02:00:00,Portugal,Portugal,PT,120.38,178.05,70.34,70.34,entsoe.eu,false,
2022-11-18 03:00:00,Portugal,Portugal,PT,111.92,165.19,73.68,73.68,entsoe.eu,false,
2022-11-18 04:00:00,Portugal,Portugal,PT,94.55,142.48,77.75,77.75,entsoe.eu,false,
2022-11-18 05:00:00,Portugal,Portugal,PT,94.01,141.22,77.88,77.88,entsoe.eu,false,
2022-11-18 06:00:00,Portugal,Portugal,PT,100.06,142.02,80.31,80.31,entsoe.eu,false,
2022-11-18 07:00:00,Portugal,Portugal,PT,93.19,132.43,82.06,82.06,entsoe.eu,false,
2022-11-18 08:00:00,Portugal,Portugal,PT,98.17,137.3,81.72,81.72,entsoe.eu,false,
2022-11-18 09:00:00,Portugal,Portugal,PT,99.69,141.6,80.08,80.08,entsoe.eu,false,
2022-11-18 10:00:00,Portugal,Portugal,PT,91.56,138.03,78.03,78.03,entsoe.eu,false,
2022-11-18 11:00:00,Portugal,Portugal,PT,85.98,131.92,79.0,79.0,entsoe.eu,false,
2022-11-18 12:00:00,Portugal,Portugal,PT,88.01,136.86,77.87,77.87,entsoe.eu,false,
2022-11-18 13:00:00,Portugal,Portugal,PT,86.69,136.61,76.9,76.9,entsoe.eu,false,
2022-11-18 14:00:00,Portugal,Portugal,PT,87.54,136.85,76.81,76.25,entsoe.eu,false,
2022-11-18 15:00:00,Portugal,Portugal,PT,84.28,132.11,77.81,76.75,entsoe.eu,false,
2022-11-18 16:00:00,Portugal,Portugal,PT,101.15,149.07,76.05,76.05,entsoe.eu,false,
2022-11-18 17:00:00,Portugal,Portugal,PT,105.54,150.16,77.79,77.79,entsoe.eu,false,
2022-11-18 18:00:00,Portugal,Portugal,PT,105.36,147.46,79.23,79.23,entsoe.eu,false,
2022-11-18 19:00:00,Portugal,Portugal,PT,102.62,143.88,80.05,80.05,entsoe.eu,false,
2022-11-18 20:00:00,Portugal,Portugal,PT,101.15,142.93,80.25,80.25,entsoe.eu,false,
2022-11-18 21:00:00,Portugal,Portugal,PT,90.47,136.93,78.65,78.29,entsoe.eu,false,
2022-11-18 22:00:00,Portugal,Portugal,PT,76.42,121.77,81.37,78.86,entsoe.eu,false,
2022-11-18 23:00:00,Portugal,Portugal,PT,62.32,98.2,89.2,87.37,entsoe.eu,false,
2022-11-19 00:00:00,Portugal,Portugal,PT,32.64,68.26,92.18,90.65,entsoe.eu,false,
2022-11-19 01:00:00,Portugal,Portugal,PT,31.19,65.83,92.3,90.55,entsoe.eu,false,
2022-11-19 02:00:00,Portugal,Portugal,PT,34.9,70.7,91.51,88.88,entsoe.eu,false,
2022-11-19 03:00:00,Portugal,Portugal,PT,36.84,74.42,91.02,88.34,entsoe.eu,false,
2022-11-19 04:00:00,Portugal,Portugal,PT,42.0,81.75,89.88,86.04,entsoe.eu,false,
2022-11-19 05:00:00,Portugal,Portugal,PT,43.0,83.66,89.68,86.21,entsoe.eu,false,
2022-11-19 06:00:00,Portugal,Portugal,PT,54.41,94.8,89.58,86.03,entsoe.eu,false,
2022-11-19 07:00:00,Portugal,Portugal,PT,60.26,100.31,89.05,85.07,entsoe.eu,false,
2022-11-19 08:00:00,Portugal,Portugal,PT,55.27,96.05,89.03,84.01,entsoe.eu,false,
2022-11-19 09:00:00,Portugal,Portugal,PT,46.76,87.66,89.19,82.2,entsoe.eu,false,
2022-11-19 10:00:00,Portugal,Portugal,PT,45.01,85.03,89.63,82.34,entsoe.eu,false,
2022-11-19 11:00:00,Portugal,Portugal,PT,46.99,86.44,89.29,80.99,entsoe.eu,false,
2022-11-19 12:00:00,Portugal,Portugal,PT,49.61,89.25,88.75,80.12,entsoe.eu,false,
2022-11-19 13:00:00,Portugal,Portugal,PT,50.87,90.41,88.53,80.12,entsoe.eu,false,
2022-11-19 14:00:00,Portugal,Portugal,PT,54.61,94.7,87.68,78.87,entsoe.eu,false,
2022-11-19 15:00:00,Portugal,Portugal,PT,63.79,107.34,85.22,76.7,entsoe.eu,false,
2022-11-19 16:00:00,Portugal,Portugal,PT,89.22,131.46,83.89,77.19,entsoe.eu,false,
2022-11-19 17:00:00,Portugal,Portugal,PT,88.32,126.19,85.55,81.8,entsoe.eu,false,
2022-11-19 18:00:00,Portugal,Portugal,PT,86.57,122.7,86.81,84.35,entsoe.eu,false,
2022-11-19 19:00:00,Portugal,Portugal,PT,87.08,121.01,88.13,85.99,entsoe.eu,false,
2022-11-19 20:00:00,Portugal,Portugal,PT,84.24,118.87,88.1,86.32,entsoe.eu,false,
2022-11-19 21:00:00,Portugal,Portugal,PT,79.57,118.1,86.26,83.47,entsoe.eu,false,
2022-11-19 22:00:00,Portugal,Portugal,PT,69.74,105.98,88.75,85.8,entsoe.eu,false,
2022-11-19 23:00:00,Portugal,Portugal,PT,62.85,100.83,89.68,85.49,entsoe.eu,false,
2022-11-20 00:00:00,Portugal,Portugal,PT,55.78,95.94,89.1,84.68,entsoe.eu,false,
2022-11-20 01:00:00,Portugal,Portugal,PT,52.82,96.2,88.09,83.06,entsoe.eu,false,
2022-11-20 02:00:00,Portugal,Portugal,PT,58.21,102.29,87.66,82.29,entsoe.eu,false,
2022-11-20 03:00:00,Portugal,Portugal,PT,55.17,100.69,87.26,81.88,entsoe.eu,false,
2022-11-20 04:00:00,Portugal,Portugal,PT,57.42,101.8,87.64,82.82,entsoe.eu,false,
2022-11-20 05:00:00,Portugal,Portugal,PT,53.23,98.98,87.27,81.92,entsoe.eu,false,
2022-11-20 06:00:00,Portugal,Portugal,PT,55.35,101.08,87.05,81.6,entsoe.eu,false,
2022-11-20 07:00:00,Portugal,Portugal,PT,57.73,100.83,88.06,83.94,entsoe.eu,false,
2022-11-20 08:00:00,Portugal,Portugal,PT,61.95,104.85,88.21,83.67,entsoe.eu,false,
2022-11-20 09:00:00,Portugal,Portugal,PT,58.11,100.11,88.8,83.47,entsoe.eu,false,
2022-11-20 10:00:00,Portugal,Portugal,PT,57.22,100.31,88.02,81.38,entsoe.eu,false,
2022-11-20 11:00:00,Portugal,Portugal,PT,54.83,98.69,87.34,79.6,entsoe.eu,false,
2022-11-20 12:00:00,Portugal,Portugal,PT,58.16,101.29,87.02,78.75,entsoe.eu,false,
2022-11-20 13:00:00,Portugal,Portugal,PT,66.72,110.03,86.05,78.73,entsoe.eu,false,
2022-11-20 14:00:00,Portugal,Portugal,PT,75.21,122.7,82.7,75.79,entsoe.eu,false,
2022-11-20 15:00:00,Portugal,Portugal,PT,83.27,131.02,81.34,75.6,entsoe.eu,false,
2022-11-20 16:00:00,Portugal,Portugal,PT,103.58,151.2,79.23,75.86,entsoe.eu,false,
2022-11-20 17:00:00,Portugal,Portugal,PT,105.42,143.21,83.66,83.66,entsoe.eu,false,
2022-11-20 18:00:00,Portugal,Portugal,PT,91.93,125.18,86.39,86.39,entsoe.eu,false,
2022-11-20 19:00:00,Portugal,Portugal,PT,85.85,117.67,87.3,87.3,entsoe.eu,false,
2022-11-20 20:00:00,Portugal,Portugal,PT,84.9,117.29,87.34,87.34,entsoe.eu,false,
2022-11-20 21:00:00,Portugal,Portugal,PT,77.62,115.12,85.23,85.23,entsoe.eu,false,
2022-11-20 22:00:00,Portugal,Portugal,PT,71.1,109.78,85.69,85.69,entsoe.eu,false,
2022-11-20 23:00:00,Portugal,Portugal,PT,46.98,83.02,89.74,89.74,entsoe.eu,false,
2022-11-21 00:00:00,Portugal,Portugal,PT,25.22,58.54,93.52,93.52,entsoe.eu,false,
2022-11-21 01:00:00,Portugal,Portugal,PT,24.96,57.9,93.6,93.52,entsoe.eu,false,
2022-11-21 02:00:00,Portugal,Portugal,PT,26.38,58.75,93.47,92.05,entsoe.eu,false,
2022-11-21 03:00:00,Portugal,Portugal,PT,26.52,58.49,93.49,91.65,entsoe.eu,false,
2022-11-21 04:00:00,Portugal,Portugal,PT,26.68,59.1,93.42,91.71,entsoe.eu,false,
2022-11-21 05:00:00,Portugal,Portugal,PT,24.17,56.9,93.83,93.59,entsoe.eu,false,
2022-11-21 06:00:00,Portugal,Portugal,PT,24.92,57.25,93.86,93.86,entsoe.eu,false,
2022-11-21 07:00:00,Portugal,Portugal,PT,37.43,67.07,94.2,94.2,entsoe.eu,false,
2022-11-21 08:00:00,Portugal,Portugal,PT,35.98,63.7,94.63,94.63,entsoe.eu,false,
2022-11-21 09:00:00,Portugal,Portugal,PT,32.53,61.1,94.58,94.58,entsoe.eu,false,
2022-11-21 10:00:00,Portugal,Portugal,PT,33.14,61.49,94.67,94.58,entsoe.eu,false,
2022-11-21 11:00:00,Portugal,Portugal,PT,33.18,63.29,93.92,92.77,entsoe.eu,false,
2022-11-21 12:00:00,Portugal,Portugal,PT,31.58,61.25,94.19,93.3,entsoe.eu,false,
2022-11-21 13:00:00,Portugal,Portugal,PT,24.65,55.61,93.98,92.97,entsoe.eu,false,
2022-11-21 14:00:00,Portugal,Portugal,PT,25.71,56.03,93.72,92.0,entsoe.eu,false,
2022-11-21 15:00:00,Portugal,Portugal,PT,27.47,58.33,93.36,91.05,entsoe.eu,false,
2022-11-21 16:00:00,Portugal,Portugal,PT,28.58,59.56,93.07,90.77,entsoe.eu,false,
2022-11-21 17:00:00,Portugal,Portugal,PT,35.17,64.44,93.45,91.78,entsoe.eu,false,
2022-11-21 18:00:00,Portugal,Portugal,PT,41.33,67.88,94.56,93.95,entsoe.eu,false,
2022-11-21 19:00:00,Portugal,Portugal,PT,47.04,74.78,93.91,92.87,entsoe.eu,false,
2022-11-21 20:00:00,Portugal,Portugal,PT,49.39,78.67,93.24,91.48,entsoe.eu,false,
2022-11-21 21:00:00,Portugal,Portugal,PT,39.66,72.1,92.25,89.02,entsoe.eu,false,
2022-11-21 22:00:00,Portugal,Portugal,PT,36.22,70.55,91.44,86.46,entsoe.eu,false,
2022-11-21 23:00:00,Portugal,Portugal,PT,40.49,76.78,90.54,84.6,entsoe.eu,false,
2022-11-22 00:00:00,Portugal,Portugal,PT,40.94,78.14,90.46,84.14,entsoe.eu,false,
2022-11-22 01:00:00,Portugal,Portugal,PT,40.15,76.82,90.64,84.53,entsoe.eu,false,
2022-11-22 02:00:00,Portugal,Portugal,PT,39.63,75.99,90.76,84.74,entsoe.eu,false,
2022-11-22 03:00:00,Portugal,Portugal,PT,37.55,73.54,91.18,85.87,entsoe.eu,false,
2022-11-22 04:00:00,Portugal,Portugal,PT,35.94,71.33,91.49,87.02,entsoe.eu,false,
2022-11-22 05:00:00,Portugal,Portugal,PT,32.87,67.87,92.01,89.17,entsoe.eu,false,
2022-11-22 06:00:00,Portugal,Portugal,PT,39.34,69.41,94.16,94.16,entsoe.eu,false,
2022-11-22 07:00:00,Portugal,Portugal,PT,48.02,74.24,94.77,94.77,entsoe.eu,false,
2022-11-22 08:00:00,Portugal,Portugal,PT,47.47,73.58,94.84,94.84,entsoe.eu,false,
2022-11-22 09:00:00,Portugal,Portugal,PT,41.68,72.12,93.2,91.42,entsoe.eu,false,
2022-11-22 10:00:00,Portugal,Portugal,PT,33.53,64.58,92.86,90.26,entsoe.eu,false,
2022-11-22 11:00:00,Portugal,Portugal,PT,29.73,60.52,92.94,90.11,entsoe.eu,false,
2022-11-22 12:00:00,Portugal,Portugal,PT,27.66,56.95,93.78,91.64,entsoe.eu,false,
2022-11-22 13:00:00,Portugal,Portugal,PT,30.45,61.2,92.58,90.42,entsoe.eu,false,
2022-11-22 14:00:00,Portugal,Portugal,PT,39.24,71.92,90.5,88.26,entsoe.eu,false,
2022-11-22 15:00:00,Portugal,Portugal,PT,43.68,75.07,90.99,89.31,entsoe.eu,false,
2022-11-22 16:00:00,Portugal,Portugal,PT,47.66,78.16,91.14,91.12,entsoe.eu,false,
2022-11-22 17:00:00,Portugal,Portugal,PT,57.27,84.26,92.3,92.3,entsoe.eu,false,
2022-11-22 18:00:00,Portugal,Portugal,PT,62.05,88.96,91.98,91.98,entsoe.eu,false,
2022-11-22 19:00:00,Portugal,Portugal,PT,59.63,86.22,92.12,92.12,entsoe.eu,false,
2022-11-22 20:00:00,Portugal,Portugal,PT,56.97,83.57,92.49,92.49,entsoe.eu,false,
2022-11-22 21:00:00,Portugal,Portugal,PT,40.12,70.8,91.98,91.14,entsoe.eu,false,
2022-11-22 22:00:00,Portugal,Portugal,PT,28.63,59.52,93.0,90.82,entsoe.eu,false,
2022-11-22 23:00:00,Portugal,Portugal,PT,25.79,56.03,93.62,91.95,entsoe.eu,false,
2022-11-23 00:00:00,Portugal,Portugal,PT,22.82,53.01,94.26,93.49,entsoe.eu,false,
2022-11-23 01:00:00,Portugal,Portugal,PT,22.96,53.0,94.23,93.27,entsoe.eu,false,
2022-11-23 02:00:00,Portugal,Portugal,PT,22.77,53.16,94.24,93.56,entsoe.eu,false,
2022-11-23 03:00:00,Portugal,Portugal,PT,22.2,52.47,94.32,94.05,entsoe.eu,false,
2022-11-23 04:00:00,Portugal,Portugal,PT,23.13,53.44,94.13,93.46,entsoe.eu,false,
2022-11-23 05:00:00,Portugal,Portugal,PT,26.36,58.15,93.16,93.04,entsoe.eu,false,
2022-11-23 06:00:00,Portugal,Portugal,PT,45.43,81.04,88.89,88.89,entsoe.eu,false,
2022-11-23 07:00:00,Portugal,Portugal,PT,73.65,109.86,85.25,85.25,entsoe.eu,false,
2022-11-23 08:00:00,Portugal,Portugal,PT,90.56,130.33,81.67,81.67,entsoe.eu,false,
2022-11-23 09:00:00,Portugal,Portugal,PT,83.36,123.73,81.91,81.91,entsoe.eu,false,
2022-11-23 10:00:00,Portugal,Portugal,PT,88.78,132.38,80.08,79.09,entsoe.eu,false,
2022-11-23 11:00:00,Portugal,Portugal,PT,100.67,147.66,76.82,75.28,entsoe.eu,false,
2022-11-23 12:00:00,Portugal,Portugal,PT,94.42,140.38,78.46,76.23,entsoe.eu,false,
2022-11-23 13:00:00,Portugal,Portugal,PT,97.55,145.06,77.36,74.66,entsoe.eu,false,
2022-11-23 14:00:00,Portugal,Portugal,PT,120.91,174.8,71.04,67.95,entsoe.eu,false,
2022-11-23 15:00:00,Portugal,Portugal,PT,145.18,204.69,65.33,62.03,entsoe.eu,false,
2022-11-23 16:00:00,Portugal,Portugal,PT,163.85,225.25,62.2,59.86,entsoe.eu,false,
2022-11-23 17:00:00,Portugal,Portugal,PT,164.89,224.81,62.5,61.4,entsoe.eu,false,
2022-11-23 18:00:00,Portugal,Portugal,PT,156.8,211.46,66.21,66.21,entsoe.eu,false,
2022-11-23 19:00:00,Portugal,Portugal,PT,152.64,203.64,68.74,68.74,entsoe.eu,false,
2022-11-23 20:00:00,Portugal,Portugal,PT,145.3,197.29,69.17,69.17,entsoe.eu,false,
2022-11-23 21:00:00,Portugal,Portugal,PT,154.92,216.81,62.78,61.8,entsoe.eu,false,
2022-11-23 22:00:00,Portugal,Portugal,PT,171.39,240.2,57.94,54.35,entsoe.eu,false,
2022-11-23 23:00:00,Portugal,Portugal,PT,164.53,231.39,60.02,57.45,entsoe.eu,false,
2022-11-24 00:00:00,Portugal,Portugal,PT,157.45,223.92,61.59,60.9,entsoe.eu,false,
2022-11-24 01:00:00,Portugal,Portugal,PT,146.89,209.47,64.83,64.83,entsoe.eu,false,
2022-11-24 02:00:00,Portugal,Portugal,PT,146.09,207.39,64.8,64.8,entsoe.eu,false,
2022-11-24 03:00:00,Portugal,Portugal,PT,144.47,204.58,65.0,65.0,entsoe.eu,false,
2022-11-24 04:00:00,Portugal,Portugal,PT,139.78,197.65,66.08,66.08,entsoe.eu,false,
2022-11-24 05:00:00,Portugal,Portugal,PT,138.26,193.24,67.8,67.8,entsoe.eu,false,
2022-11-24 06:00:00,Portugal,Portugal,PT,134.55,186.25,69.56,69.56,entsoe.eu,false,
2022-11-24 07:00:00,Portugal,Portugal,PT,123.89,174.86,70.7,70.7,entsoe.eu,false,
2022-11-24 08:00:00,Portugal,Portugal,PT,122.84,174.01,70.59,70.59,entsoe.eu,false,
2022-11-24 09:00:00,Portugal,Portugal,PT,126.1,174.51,72.14,72.14,entsoe.eu,false,
2022-11-24 10:00:00,Portugal,Portugal,PT,124.8,176.05,70.44,70.44,entsoe.eu,false,
2022-11-24 11:00:00,Portugal,Portugal,PT,126.59,176.69,71.03,71.03,entsoe.eu,false,
2022-11-24 12:00:00,Portugal,Portugal,PT,124.91,177.76,69.35,69.35,entsoe.eu,false,
2022-11-24 13:00:00,Portugal,Portugal,PT,126.81,183.48,66.59,66.59,entsoe.eu,false,
2022-11-24 14:00:00,Portugal,Portugal,PT,134.04,193.59,64.86,64.86,entsoe.eu,false,
2022-11-24 15:00:00,Portugal,Portugal,PT,145.59,206.87,62.95,62.95,entsoe.eu,false,
2022-11-24 16:00:00,Portugal,Portugal,PT,146.68,204.2,65.14,65.14,entsoe.eu,false,
2022-11-24 17:00:00,Portugal,Portugal,PT,147.29,203.07,65.98,65.98,entsoe.eu,false,
2022-11-24 18:00:00,Portugal,Portugal,PT,145.64,198.52,67.75,67.75,entsoe.eu,false,
2022-11-24 19:00:00,Portugal,Portugal,PT,141.01,190.75,69.97,69.97,entsoe.eu,false,
2022-11-24 20:00:00,Portugal,Portugal,PT,146.76,199.01,68.03,68.03,entsoe.eu,false,
2022-11-24 21:00:00,Portugal,Portugal,PT,150.41,207.66,64.91,64.91,entsoe.eu,false,
2022-11-24 22:00:00,Portugal,Portugal,PT,155.24,216.74,61.92,61.92,entsoe.eu,false,
2022-11-24 23:00:00,Portugal,Portugal,PT,152.99,216.17,61.45,61.45,entsoe.eu,false,
2022-11-25 00:00:00,Portugal,Portugal,PT,156.34,222.59,59.94,59.94,entsoe.eu,false,
2022-11-25 01:00:00,Portugal,Portugal,PT,138.05,201.55,63.08,63.08,entsoe.eu,false,
2022-11-25 02:00:00,Portugal,Portugal,PT,146.82,210.53,62.28,62.28,entsoe.eu,false,
2022-11-25 03:00:00,Portugal,Portugal,PT,155.09,219.3,61.49,61.49,entsoe.eu,false,
2022-11-25 04:00:00,Portugal,Portugal,PT,173.56,239.81,59.3,59.3,entsoe.eu,false,
2022-11-25 05:00:00,Portugal,Portugal,PT,179.64,247.04,58.19,58.19,entsoe.eu,false,
2022-11-25 06:00:00,Portugal,Portugal,PT,170.75,229.07,63.93,63.93,entsoe.eu,false,
2022-11-25 07:00:00,Portugal,Portugal,PT,149.39,199.69,69.99,69.99,entsoe.eu,false,
2022-11-25 08:00:00,Portugal,Portugal,PT,144.9,193.72,71.53,71.53,entsoe.eu,false,
2022-11-25 09:00:00,Portugal,Portugal,PT,140.59,195.98,68.46,68.46,entsoe.eu,false,
2022-11-25 10:00:00,Portugal,Portugal,PT,132.2,194.61,65.55,63.51,entsoe.eu,false,
2022-11-25 11:00:00,Portugal,Portugal,PT,138.73,202.65,64.45,60.83,entsoe.eu,false,
2022-11-25 12:00:00,Portugal,Portugal,PT,140.24,205.08,64.36,59.88,entsoe.eu,false,
2022-11-25 13:00:00,Portugal,Portugal,PT,139.44,204.4,64.63,59.79,entsoe.eu,false,
2022-11-25 14:00:00,Portugal,Portugal,PT,144.8,210.51,63.33,58.24,entsoe.eu,false,
2022-11-25 15:00:00,Portugal,Portugal,PT,158.73,225.16,60.96,56.9,entsoe.eu,false,
2022-11-25 16:00:00,Portugal,Portugal,PT,169.89,228.84,63.99,63.5,entsoe.eu,false,
2022-11-25 17:00:00,Portugal,Portugal,PT,161.24,212.55,68.57,68.57,entsoe.eu,false,
2022-11-25 18:00:00,Portugal,Portugal,PT,158.48,207.67,70.13,70.13,entsoe.eu,false,
2022-11-25 19:00:00,Portugal,Portugal,PT,154.01,202.64,70.5,70.5,entsoe.eu,false,
2022-11-25 20:00:00,Portugal,Portugal,PT,161.59,212.63,68.57,68.57,entsoe.eu,false,
2022-11-25 21:00:00,Portugal,Portugal,PT,157.38,209.83,68.24,68.24,entsoe.eu,false,
2022-11-25 22:00:00,Portugal,Portugal,PT,146.78,205.05,65.61,65.61,entsoe.eu,false,
2022-11-25 23:00:00,Portugal,Portugal,PT,155.41,215.38,63.99,63.99,entsoe.eu,false,
2022-11-26 00:00:00,Portugal,Portugal,PT,151.98,214.24,63.74,63.74,entsoe.eu,false,
2022-11-26 01:00:00,Portugal,Portugal,PT,165.39,235.13,58.16,58.16,entsoe.eu,false,
2022-11-26 02:00:00,Portugal,Portugal,PT,147.43,215.18,60.6,60.6,entsoe.eu,false,
2022-11-26 03:00:00,Portugal,Portugal,PT,155.56,225.86,58.42,58.42,entsoe.eu,false,
2022-11-26 04:00:00,Portugal,Portugal,PT,161.83,232.73,57.7,57.7,entsoe.eu,false,
2022-11-26 05:00:00,Portugal,Portugal,PT,152.18,218.15,60.72,60.72,entsoe.eu,false,
2022-11-26 06:00:00,Portugal,Portugal,PT,164.77,230.33,59.54,59.54,entsoe.eu,false,
2022-11-26 07:00:00,Portugal,Portugal,PT,157.94,220.06,62.28,62.28,entsoe.eu,false,
2022-11-26 08:00:00,Portugal,Portugal,PT,148.75,209.42,64.26,64.26,entsoe.eu,false,
2022-11-26 09:00:00,Portugal,Portugal,PT,154.34,220.84,61.57,61.57,entsoe.eu,false,
2022-11-26 10:00:00,Portugal,Portugal,PT,152.55,224.05,59.2,59.2,entsoe.eu,false,
2022-11-26 11:00:00,Portugal,Portugal,PT,157.27,229.93,58.12,57.73,entsoe.eu,false,
2022-11-26 12:00:00,Portugal,Portugal,PT,161.32,232.63,58.74,58.54,entsoe.eu,false,
2022-11-26 13:00:00,Portugal,Portugal,PT,163.57,235.72,58.26,57.92,entsoe.eu,false,
2022-11-26 14:00:00,Portugal,Portugal,PT,183.11,259.33,54.44,53.06,entsoe.eu,false,
2022-11-26 15:00:00,Portugal,Portugal,PT,189.7,266.2,53.36,51.2,entsoe.eu,false,
2022-11-26 16:00:00,Portugal,Portugal,PT,179.64,242.69,61.24,61.24,entsoe.eu,false,
2022-11-26 17:00:00,Portugal,Portugal,PT,165.93,221.12,66.29,66.29,entsoe.eu,false,
2022-11-26 18:00:00,Portugal,Portugal,PT,159.93,211.47,68.91,68.91,entsoe.eu,false,
2022-11-26 19:00:00,Portugal,Portugal,PT,156.45,207.46,69.23,69.23,entsoe.eu,false,
2022-11-26 20:00:00,Portugal,Portugal,PT,154.3,204.85,69.76,69.76,entsoe.eu,false,
2022-11-26 21:00:00,Portugal,Portugal,PT,157.74,211.2,67.78,67.78,entsoe.eu,false,
2022-11-26 22:00:00,Portugal,Portugal,PT,162.1,226.21,61.34,61.34,entsoe.eu,false,
2022-11-26 23:00:00,Portugal,Portugal,PT,156.71,223.05,60.77,60.77,entsoe.eu,false,
2022-11-27 00:00:00,Portugal,Portugal,PT,155.89,223.59,60.13,60.13,entsoe.eu,false,
2022-11-27 01:00:00,Portugal,Portugal,PT,156.83,226.31,59.04,59.04,entsoe.eu,false,
2022-11-27 02:00:00,Portugal,Portugal,PT,163.23,236.7,56.34,56.34,entsoe.eu,false,
2022-11-27 03:00:00,Portugal,Portugal,PT,179.33,257.75,52.02,52.02,entsoe.eu,false,
2022-11-27 04:00:00,Portugal,Portugal,PT,186.81,267.4,50.01,50.01,entsoe.eu,false,
2022-11-27 05:00:00,Portugal,Portugal,PT,181.74,261.03,51.37,51.37,entsoe.eu,false,
2022-11-27 06:00:00,Portugal,Portugal,PT,163.45,232.1,58.65,58.65,entsoe.eu,false,
2022-11-27 07:00:00,Portugal,Portugal,PT,165.6,237.05,56.88,56.88,entsoe.eu,false,
2022-11-27 08:00:00,Portugal,Portugal,PT,158.68,230.53,57.54,57.54,entsoe.eu,false,
2022-11-27 09:00:00,Portugal,Portugal,PT,158.02,230.19,57.73,57.73,entsoe.eu,false,
2022-11-27 10:00:00,Portugal,Portugal,PT,153.08,223.49,59.2,58.88,entsoe.eu,false,
2022-11-27 11:00:00,Portugal,Portugal,PT,141.12,207.24,62.24,62.24,entsoe.eu,false,
2022-11-27 12:00:00,Portugal,Portugal,PT,133.07,196.52,64.39,64.39,entsoe.eu,false,
2022-11-27 13:00:00,Portugal,Portugal,PT,138.73,204.1,62.9,62.9,entsoe.eu,false,
2022-11-27 14:00:00,Portugal,Portugal,PT,156.77,228.3,58.25,58.25,entsoe.eu,false,
2022-11-27 15:00:00,Portugal,Portugal,PT,155.13,219.0,62.47,62.47,entsoe.eu,false,
2022-11-27 16:00:00,Portugal,Portugal,PT,136.46,189.65,69.34,69.34,entsoe.eu,false,
2022-11-27 17:00:00,Portugal,Portugal,PT,123.0,169.21,74.0,74.0,entsoe.eu,false,
2022-11-27 18:00:00,Portugal,Portugal,PT,116.38,160.38,75.68,75.68,entsoe.eu,false,
2022-11-27 19:00:00,Portugal,Portugal,PT,115.76,158.91,76.13,76.13,entsoe.eu,false,
2022-11-27 20:00:00,Portugal,Portugal,PT,116.36,162.97,74.1,74.1,entsoe.eu,false,
2022-11-27 21:00:00,Portugal,Portugal,PT,119.79,169.02,72.36,72.36,entsoe.eu,false,
2022-11-27 22:00:00,Portugal,Portugal,PT,125.15,180.58,68.4,68.4,entsoe.eu,false,
2022-11-27 23:00:00,Portugal,Portugal,PT,112.86,168.53,69.85,69.85,entsoe.eu,false,
2022-11-28 00:00:00,Portugal,Portugal,PT,107.29,162.13,71.38,71.38,entsoe.eu,false,
2022-11-28 01:00:00,Portugal,Portugal,PT,104.01,158.25,72.27,72.27,entsoe.eu,false,
2022-11-28 02:00:00,Portugal,Portugal,PT,115.28,173.46,69.66,68.63,entsoe.eu,false,
2022-11-28 03:00:00,Portugal,Portugal,PT,119.37,178.71,69.03,66.81,entsoe.eu,false,
2022-11-28 04:00:00,Portugal,Portugal,PT,115.26,172.9,70.22,67.85,entsoe.eu,false,
2022-11-28 05:00:00,Portugal,Portugal,PT,108.63,164.28,71.6,70.27,entsoe.eu,false,
2022-11-28 06:00:00,Portugal,Portugal,PT,130.02,191.85,65.26,65.26,entsoe.eu,false,
2022-11-28 07:00:00,Portugal,Portugal,PT,122.44,176.97,69.77,69.77,entsoe.eu,false,
2022-11-28 08:00:00,Portugal,Portugal,PT,131.72,192.44,66.21,65.86,entsoe.eu,false,
2022-11-28 09:00:00,Portugal,Portugal,PT,111.41,166.6,71.74,68.43,entsoe.eu,false,
2022-11-28 10:00:00,Portugal,Portugal,PT,103.72,156.72,74.09,70.11,entsoe.eu,false,
2022-11-28 11:00:00,Portugal,Portugal,PT,98.8,149.75,75.91,70.82,entsoe.eu,false,
2022-11-28 12:00:00,Portugal,Portugal,PT,95.73,146.22,76.3,71.35,entsoe.eu,false,
2022-11-28 13:00:00,Portugal,Portugal,PT,88.25,136.8,77.93,72.63,entsoe.eu,false,
2022-11-28 14:00:00,Portugal,Portugal,PT,98.47,149.57,75.3,70.04,entsoe.eu,false,
2022-11-28 15:00:00,Portugal,Portugal,PT,116.37,172.13,70.45,65.64,entsoe.eu,false,
2022-11-28 16:00:00,Portugal,Portugal,PT,146.45,205.4,65.43,63.11,entsoe.eu,false,
2022-11-28 17:00:00,Portugal,Portugal,PT,150.27,202.35,68.58,68.58,entsoe.eu,false,
2022-11-28 18:00:00,Portugal,Portugal,PT,140.55,186.57,72.68,72.68,entsoe.eu,false,
2022-11-28 19:00:00,Portugal,Portugal,PT,133.85,180.09,73.07,73.07,entsoe.eu,false,
2022-11-28 20:00:00,Portugal,Portugal,PT,131.09,178.51,72.49,72.49,entsoe.eu,false,
2022-11-28 21:00:00,Portugal,Portugal,PT,139.74,196.9,66.14,66.14,entsoe.eu,false,
2022-11-28 22:00:00,Portugal,Portugal,PT,136.19,193.11,67.0,67.0,entsoe.eu,false,
2022-11-28 23:00:00,Portugal,Portugal,PT,151.59,219.6,59.47,59.44,entsoe.eu,false,
2022-11-29 00:00:00,Portugal,Portugal,PT,162.74,234.04,57.4,55.49,entsoe.eu,false,
2022-11-29 01:00:00,Portugal,Portugal,PT,184.41,262.59,52.16,49.07,entsoe.eu,false,
2022-11-29 02:00:00,Portugal,Portugal,PT,185.76,264.35,51.78,48.7,entsoe.eu,false,
2022-11-29 03:00:00,Portugal,Portugal,PT,185.65,263.66,52.3,48.19,entsoe.eu,false,
2022-11-29 04:00:00,Portugal,Portugal,PT,189.8,270.22,50.6,47.69,entsoe.eu,false,
2022-11-29 05:00:00,Portugal,Portugal,PT,195.36,277.8,48.61,46.82,entsoe.eu,false,
2022-11-29 06:00:00,Portugal,Portugal,PT,172.67,241.43,56.94,56.94,entsoe.eu,false,
2022-11-29 07:00:00,Portugal,Portugal,PT,166.64,225.23,63.35,63.35,entsoe.eu,false,
2022-11-29 08:00:00,Portugal,Portugal,PT,173.04,239.02,59.12,59.12,entsoe.eu,false,
2022-11-29 09:00:00,Portugal,Portugal,PT,180.69,256.06,53.76,49.44,entsoe.eu,false,
2022-11-29 10:00:00,Portugal,Portugal,PT,166.27,236.67,57.88,52.93,entsoe.eu,false,
2022-11-29 11:00:00,Portugal,Portugal,PT,166.49,236.63,57.97,52.53,entsoe.eu,false,
2022-11-29 12:00:00,Portugal,Portugal,PT,171.58,243.53,56.53,51.28,entsoe.eu,false,
2022-11-29 13:00:00,Portugal,Portugal,PT,175.98,248.81,55.32,50.12,entsoe.eu,false,
2022-11-29 14:00:00,Portugal,Portugal,PT,184.3,259.45,53.32,47.85,entsoe.eu,false,
2022-11-29 15:00:00,Portugal,Portugal,PT,194.56,269.1,52.26,48.26,entsoe.eu,false,
2022-11-29 16:00:00,Portugal,Portugal,PT,188.92,253.96,57.63,57.11,entsoe.eu,false,
2022-11-29 17:00:00,Portugal,Portugal,PT,171.03,226.73,64.07,64.07,entsoe.eu,false,
2022-11-29 18:00:00,Portugal,Portugal,PT,162.38,213.74,67.6,67.6,entsoe.eu,false,
2022-11-29 19:00:00,Portugal,Portugal,PT,163.71,214.45,67.67,67.67,entsoe.eu,false,
2022-11-29 20:00:00,Portugal,Portugal,PT,167.81,221.16,66.02,66.02,entsoe.eu,false,
2022-11-29 21:00:00,Portugal,Portugal,PT,174.16,236.4,60.63,60.53,entsoe.eu,false,
2022-11-29 22:00:00,Portugal,Portugal,PT,192.85,269.28,50.73,46.53,entsoe.eu,false,
2022-11-29 23:00:00,Portugal,Portugal,PT,202.04,281.54,48.43,43.81,entsoe.eu,false,
2022-11-30 00:00:00,Portugal,Portugal,PT,210.55,293.61,45.89,41.69,entsoe.eu,false,
2022-11-30 01:00:00,Portugal,Portugal,PT,213.0,298.03,44.3,41.68,entsoe.eu,false,
2022-11-30 02:00:00,Portugal,Portugal,PT,216.66,304.01,42.79,41.09,entsoe.eu,false,
2022-11-30 03:00:00,Portugal,Portugal,PT,221.74,310.25,41.65,39.56,entsoe.eu,false,
2022-11-30 04:00:00,Portugal,Portugal,PT,216.78,305.02,41.77,41.77,entsoe.eu,false,
2022-11-30 05:00:00,Portugal,Portugal,PT,221.96,310.99,40.37,40.37,entsoe.eu,false,
2022-11-30 06:00:00,Portugal,Portugal,PT,214.15,298.63,43.0,43.0,entsoe.eu,false,
2022-11-30 07:00:00,Portugal,Portugal,PT,193.59,260.15,55.44,55.44,entsoe.eu,false,
2022-11-30 08:00:00,Portugal,Portugal,PT,188.64,256.63,54.96,54.96,entsoe.eu,false,
2022-11-30 09:00:00,Portugal,Portugal,PT,183.02,254.89,52.99,52.99,entsoe.eu,false,
2022-11-30 10:00:00,Portugal,Portugal,PT,173.16,242.3,55.7,55.7,entsoe.eu,false,
2022-11-30 11:00:00,Portugal,Portugal,PT,169.46,237.52,56.25,56.25,entsoe.eu,false,
2022-11-30 12:00:00,Portugal,Portugal,PT,165.68,230.42,58.84,58.84,entsoe.eu,false,
2022-11-30 13:00:00,Portugal,Portugal,PT,182.08,255.52,52.01,52.01,entsoe.eu,false,
2022-11-30 14:00:00,Portugal,Portugal,PT,186.53,258.02,52.52,52.28,entsoe.eu,false,
2022-11-30 15:00:00,Portugal,Portugal,PT,177.53,244.06,56.27,56.27,entsoe.eu,false,
2022-11-30 16:00:00,Portugal,Portugal,PT,169.87,228.43,61.77,61.77,entsoe.eu,false,
2022-11-30 17:00:00,Portugal,Portugal,PT,168.68,227.39,61.6,61.6,entsoe.eu,false,
2022-11-30 18:00:00,Portugal,Portugal,PT,163.96,220.35,63.4,63.4,entsoe.eu,false,
2022-11-30 19:00:00,Portugal,Portugal,PT,161.19,216.44,64.36,64.36,entsoe.eu,false,
2022-11-30 20:00:00,Portugal,Portugal,PT,162.39,218.12,64.02,64.02,entsoe.eu,false,
2022-11-30 21:00:00,Portugal,Portugal,PT,164.36,230.24,57.51,57.51,entsoe.eu,false,
2022-11-30 22:00:00,Portugal,Portugal,PT,174.61,247.2,53.14,53.07,entsoe.eu,false,
2022-11-30 23:00:00,Portugal,Portugal,PT,167.51,237.53,56.11,56.11,entsoe.eu,false,
2022-12-01 00:00:00,Portugal,Portugal,PT,162.48,232.16,57.13,57.13,entsoe.eu,false,
2022-12-01 01:00:00,Portugal,Portugal,PT,158.43,227.04,58.23,58.23,entsoe.eu,false,
2022-12-01 02:00:00,Portugal,Portugal,PT,144.53,208.8,61.97,61.97,entsoe.eu,false,
2022-12-01 03:00:00,Portugal,Portugal,PT,142.12,205.55,62.6,62.6,entsoe.eu,false,
2022-12-01 04:00:00,Portugal,Portugal,PT,141.63,204.11,63.22,63.22,entsoe.eu,false,
2022-12-01 05:00:00,Portugal,Portugal,PT,135.31,196.26,64.44,64.44,entsoe.eu,false,
2022-12-01 06:00:00,Portugal,Portugal,PT,133.36,190.85,66.31,66.31,entsoe.eu,false,
2022-12-01 07:00:00,Portugal,Portugal,PT,127.43,178.26,70.74,70.74,entsoe.eu,false,
2022-12-01 08:00:00,Portugal,Portugal,PT,133.2,186.04,69.41,69.41,entsoe.eu,false,
2022-12-01 09:00:00,Portugal,Portugal,PT,139.06,200.42,64.34,64.34,entsoe.eu,false,
2022-12-01 10:00:00,Portugal,Portugal,PT,152.69,221.2,59.27,59.27,entsoe.eu,false,
2022-12-01 11:00:00,Portugal,Portugal,PT,151.42,220.39,59.56,59.56,entsoe.eu,false,
2022-12-01 12:00:00,Portugal,Portugal,PT,153.11,222.35,59.35,58.88,entsoe.eu,false,
2022-12-01 13:00:00,Portugal,Portugal,PT,150.67,219.38,59.89,59.69,entsoe.eu,false,
2022-12-01 14:00:00,Portugal,Portugal,PT,150.75,220.11,59.52,59.52,entsoe.eu,false,
2022-12-01 15:00:00,Portugal,Portugal,PT,156.66,227.32,58.06,57.87,entsoe.eu,false,
2022-12-01 16:00:00,Portugal,Portugal,PT,149.6,212.57,62.62,62.62,entsoe.eu,false,
2022-12-01 17:00:00,Portugal,Portugal,PT,141.48,197.52,66.95,66.95,entsoe.eu,false,
2022-12-01 18:00:00,Portugal,Portugal,PT,125.63,176.15,71.33,71.33,entsoe.eu,false,
2022-12-01 19:00:00,Portugal,Portugal,PT,118.07,166.93,72.66,72.66,entsoe.eu,false,
2022-12-01 20:00:00,Portugal,Portugal,PT,123.29,175.08,70.64,70.64,entsoe.eu,false,
2022-12-01 21:00:00,Portugal,Portugal,PT,134.17,196.05,64.13,63.97,entsoe.eu,false,
2022-12-01 22:00:00,Portugal,Portugal,PT,146.18,210.58,62.02,59.78,entsoe.eu,false,
2022-12-01 23:00:00,Portugal,Portugal,PT,144.19,207.91,63.19,59.83,entsoe.eu,false,
2022-12-02 00:00:00,Portugal,Portugal,PT,152.37,218.71,61.42,57.41,entsoe.eu,false,
2022-12-02 01:00:00,Portugal,Portugal,PT,152.93,219.41,61.14,57.3,entsoe.eu,false,
2022-12-02 02:00:00,Portugal,Portugal,PT,147.32,212.38,62.45,58.93,entsoe.eu,false,
2022-12-02 03:00:00,Portugal,Portugal,PT,144.86,209.67,62.96,59.75,entsoe.eu,false,
2022-12-02 04:00:00,Portugal,Portugal,PT,140.74,204.77,63.62,61.28,entsoe.eu,false,
2022-12-02 05:00:00,Portugal,Portugal,PT,136.62,199.9,63.4,63.4,entsoe.eu,false,
2022-12-02 06:00:00,Portugal,Portugal,PT,143.67,206.04,62.71,62.71,entsoe.eu,false,
2022-12-02 07:00:00,Portugal,Portugal,PT,139.85,197.95,65.15,65.15,entsoe.eu,false,
2022-12-02 08:00:00,Portugal,Portugal,PT,133.08,192.87,64.94,64.94,entsoe.eu,false,
2022-12-02 09:00:00,Portugal,Portugal,PT,135.96,197.67,64.17,63.15,entsoe.eu,false,
2022-12-02 10:00:00,Portugal,Portugal,PT,144.61,207.11,63.22,59.84,entsoe.eu,false,
2022-12-02 11:00:00,Portugal,Portugal,PT,157.86,223.91,60.57,55.8,entsoe.eu,false,
2022-12-02 12:00:00,Portugal,Portugal,PT,173.36,245.07,56.14,51.92,entsoe.eu,false,
2022-12-02 13:00:00,Portugal,Portugal,PT,179.93,253.73,54.71,49.98,entsoe.eu,false,
2022-12-02 14:00:00,Portugal,Portugal,PT,185.4,259.18,54.41,48.03,entsoe.eu,false,
2022-12-02 15:00:00,Portugal,Portugal,PT,192.41,267.36,52.03,46.67,entsoe.eu,false,
2022-12-02 16:00:00,Portugal,Portugal,PT,167.39,231.98,59.41,57.81,entsoe.eu,false,
2022-12-02 17:00:00,Portugal,Portugal,PT,142.82,194.8,68.43,68.43,entsoe.eu,false,
2022-12-02 18:00:00,Portugal,Portugal,PT,130.52,177.92,72.22,72.22,entsoe.eu,false,
2022-12-02 19:00:00,Portugal,Portugal,PT,126.52,173.59,72.56,72.56,entsoe.eu,false,
2022-12-02 20:00:00,Portugal,Portugal,PT,128.62,178.97,70.31,70.31,entsoe.eu,false,
2022-12-02 21:00:00,Portugal,Portugal,PT,133.37,193.48,64.25,64.25,entsoe.eu,false,
2022-12-02 22:00:00,Portugal,Portugal,PT,133.49,193.89,64.64,64.06,entsoe.eu,false,
2022-12-02 23:00:00,Portugal,Portugal,PT,121.37,175.78,69.45,69.45,entsoe.eu,false,
2022-12-03 00:00:00,Portugal,Portugal,PT,130.38,189.63,66.85,66.85,entsoe.eu,false,
2022-12-03 01:00:00,Portugal,Portugal,PT,152.75,221.75,60.15,58.47,entsoe.eu,false,
2022-12-03 02:00:00,Portugal,Portugal,PT,163.26,234.58,57.93,54.98,entsoe.eu,false,
2022-12-03 03:00:00,Portugal,Portugal,PT,169.01,242.56,56.08,53.47,entsoe.eu,false,
2022-12-03 04:00:00,Portugal,Portugal,PT,179.91,255.81,53.58,50.2,entsoe.eu,false,
2022-12-03 05:00:00,Portugal,Portugal,PT,161.09,233.61,57.51,56.47,entsoe.eu,false,
2022-12-03 06:00:00,Portugal,Portugal,PT,145.23,210.46,62.85,62.85,entsoe.eu,false,
2022-12-03 07:00:00,Portugal,Portugal,PT,142.15,203.55,65.22,65.22,entsoe.eu,false,
2022-12-03 08:00:00,Portugal,Portugal,PT,150.02,206.03,68.0,68.0,entsoe.eu,false,
2022-12-03 09:00:00,Portugal,Portugal,PT,161.31,224.3,63.65,63.65,entsoe.eu,false,
2022-12-03 10:00:00,Portugal,Portugal,PT,168.53,236.25,60.57,58.01,entsoe.eu,false,
2022-12-03 11:00:00,Portugal,Portugal,PT,165.53,236.45,59.05,54.22,entsoe.eu,false,
2022-12-03 12:00:00,Portugal,Portugal,PT,174.96,242.69,60.42,55.98,entsoe.eu,false,
2022-12-03 13:00:00,Portugal,Portugal,PT,171.18,238.57,60.94,56.65,entsoe.eu,false,
2022-12-03 14:00:00,Portugal,Portugal,PT,187.71,258.69,57.55,52.34,entsoe.eu,false,
2022-12-03 15:00:00,Portugal,Portugal,PT,195.15,272.77,52.14,45.67,entsoe.eu,false,
2022-12-03 16:00:00,Portugal,Portugal,PT,185.13,249.72,60.17,56.98,entsoe.eu,false,
2022-12-03 17:00:00,Portugal,Portugal,PT,161.97,217.58,66.89,66.31,entsoe.eu,false,
2022-12-03 18:00:00,Portugal,Portugal,PT,151.96,200.95,71.45,71.45,entsoe.eu,false,
2022-12-03 19:00:00,Portugal,Portugal,PT,153.6,203.86,70.31,70.31,entsoe.eu,false,
2022-12-03 20:00:00,Portugal,Portugal,PT,149.6,201.21,69.58,69.58,entsoe.eu,false,
2022-12-03 21:00:00,Portugal,Portugal,PT,155.25,211.5,66.76,66.76,entsoe.eu,false,
2022-12-03 22:00:00,Portugal,Portugal,PT,168.14,237.08,58.13,55.78,entsoe.eu,false,
2022-12-03 23:00:00,Portugal,Portugal,PT,147.31,209.45,64.08,63.32,entsoe.eu,false,
2022-12-04 00:00:00,Portugal,Portugal,PT,146.8,210.78,63.74,63.74,entsoe.eu,false,
2022-12-04 01:00:00,Portugal,Portugal,PT,157.03,225.91,60.28,60.28,entsoe.eu,false,
2022-12-04 02:00:00,Portugal,Portugal,PT,159.17,230.78,58.59,58.59,entsoe.eu,false,
2022-12-04 03:00:00,Portugal,Portugal,PT,166.06,240.42,56.52,56.52,entsoe.eu,false,
2022-12-04 04:00:00,Portugal,Portugal,PT,171.67,248.79,54.61,54.61,entsoe.eu,false,
2022-12-04 05:00:00,Portugal,Portugal,PT,175.8,251.31,55.45,55.45,entsoe.eu,false,
2022-12-04 06:00:00,Portugal,Portugal,PT,175.83,246.31,58.4,58.4,entsoe.eu,false,
2022-12-04 07:00:00,Portugal,Portugal,PT,170.6,239.23,59.86,59.86,entsoe.eu,false,
2022-12-04 08:00:00,Portugal,Portugal,PT,160.34,225.02,62.68,62.68,entsoe.eu,false,
2022-12-04 09:00:00,Portugal,Portugal,PT,138.23,196.4,68.18,68.18,entsoe.eu,false,
2022-12-04 10:00:00,Portugal,Portugal,PT,134.11,193.51,67.92,67.92,entsoe.eu,false,
2022-12-04 11:00:00,Portugal,Portugal,PT,143.73,210.15,63.42,60.66,entsoe.eu,false,
2022-12-04 12:00:00,Portugal,Portugal,PT,147.64,213.2,62.88,59.77,entsoe.eu,false,
2022-12-04 13:00:00,Portugal,Portugal,PT,146.57,212.13,62.8,60.41,entsoe.eu,false,
2022-12-04 14:00:00,Portugal,Portugal,PT,168.63,241.6,56.85,53.22,entsoe.eu,false,
2022-12-04 15:00:00,Portugal,Portugal,PT,177.37,251.12,55.28,51.53,entsoe.eu,false,
2022-12-04 16:00:00,Portugal,Portugal,PT,174.98,245.36,56.85,54.84,entsoe.eu,false,
2022-12-04 17:00:00,Portugal,Portugal,PT,153.74,213.73,64.08,64.08,entsoe.eu,false,
2022-12-04 18:00:00,Portugal,Portugal,PT,140.24,191.31,70.05,70.05,entsoe.eu,false,
2022-12-04 19:00:00,Portugal,Portugal,PT,136.65,186.57,70.75,70.75,entsoe.eu,false,
2022-12-04 20:00:00,Portugal,Portugal,PT,131.83,180.37,71.98,71.98,entsoe.eu,false,
2022-12-04 21:00:00,Portugal,Portugal,PT,127.99,179.47,70.62,70.62,entsoe.eu,false,
2022-12-04 22:00:00,Portugal,Portugal,PT,126.42,184.93,66.96,66.96,entsoe.eu,false,
2022-12-04 23:00:00,Portugal,Portugal,PT,134.34,196.93,64.09,64.09,entsoe.eu,false,
2022-12-05 00:00:00,Portugal,Portugal,PT,137.3,200.38,63.29,63.29,entsoe.eu,false,
2022-12-05 01:00:00,Portugal,Portugal,PT,141.7,207.44,62.12,62.12,entsoe.eu,false,
2022-12-05 02:00:00,Portugal,Portugal,PT,144.95,211.26,61.24,61.24,entsoe.eu,false,
2022-12-05 03:00:00,Portugal,Portugal,PT,142.74,208.18,61.82,61.82,entsoe.eu,false,
2022-12-05 04:00:00,Portugal,Portugal,PT,144.71,210.59,61.29,61.29,entsoe.eu,false,
2022-12-05 05:00:00,Portugal,Portugal,PT,145.03,210.83,61.21,61.21,entsoe.eu,false,
2022-12-05 06:00:00,Portugal,Portugal,PT,138.7,201.97,62.9,62.9,entsoe.eu,false,
2022-12-05 07:00:00,Portugal,Portugal,PT,126.0,182.17,67.7,67.7,entsoe.eu,false,
2022-12-05 08:00:00,Portugal,Portugal,PT,122.48,175.98,69.35,69.35,entsoe.eu,false,
2022-12-05 09:00:00,Portugal,Portugal,PT,123.8,178.13,68.68,68.68,entsoe.eu,false,
2022-12-05 10:00:00,Portugal,Portugal,PT,127.27,182.27,68.07,68.07,entsoe.eu,false,
2022-12-05 11:00:00,Portugal,Portugal,PT,126.44,183.7,66.86,66.86,entsoe.eu,false,
2022-12-05 12:00:00,Portugal,Portugal,PT,136.99,194.55,65.95,65.95,entsoe.eu,false,
2022-12-05 13:00:00,Portugal,Portugal,PT,150.99,215.57,60.99,60.97,entsoe.eu,false,
2022-12-05 14:00:00,Portugal,Portugal,PT,159.13,226.51,58.77,56.59,entsoe.eu,false,
2022-12-05 15:00:00,Portugal,Portugal,PT,162.81,229.41,59.2,56.71,entsoe.eu,false,
2022-12-05 16:00:00,Portugal,Portugal,PT,167.57,234.76,58.16,56.0,entsoe.eu,false,
2022-12-05 17:00:00,Portugal,Portugal,PT,163.95,225.96,61.13,60.31,entsoe.eu,false,
2022-12-05 18:00:00,Portugal,Portugal,PT,164.38,225.67,61.42,61.42,entsoe.eu,false,
2022-12-05 19:00:00,Portugal,Portugal,PT,166.43,227.48,61.39,61.34,entsoe.eu,false,
2022-12-05 20:00:00,Portugal,Portugal,PT,169.47,232.36,60.12,59.52,entsoe.eu,false,
2022-12-05 21:00:00,Portugal,Portugal,PT,182.81,255.19,53.41,50.79,entsoe.eu,false,
2022-12-05 22:00:00,Portugal,Portugal,PT,180.07,252.74,53.8,50.54,entsoe.eu,false,
2022-12-05 23:00:00,Portugal,Portugal,PT,185.51,256.53,55.57,53.94,entsoe.eu,false,
2022-12-06 00:00:00,Portugal,Portugal,PT,202.05,284.03,47.88,46.39,entsoe.eu,false,
2022-12-06 01:00:00,Portugal,Portugal,PT,220.77,310.15,42.28,40.11,entsoe.eu,false,
2022-12-06 02:00:00,Portugal,Portugal,PT,228.84,321.34,39.94,37.73,entsoe.eu,false,
2022-12-06 03:00:00,Portugal,Portugal,PT,229.77,320.83,40.97,40.08,entsoe.eu,false,
2022-12-06 04:00:00,Portugal,Portugal,PT,233.0,324.72,40.37,40.28,entsoe.eu,false,
2022-12-06 05:00:00,Portugal,Portugal,PT,253.76,350.98,35.4,33.83,entsoe.eu,false,
2022-12-06 06:00:00,Portugal,Portugal,PT,260.2,360.15,32.41,29.22,entsoe.eu,false,
2022-12-06 07:00:00,Portugal,Portugal,PT,262.52,359.57,33.66,27.79,entsoe.eu,false,
2022-12-06 08:00:00,Portugal,Portugal,PT,244.22,332.02,40.37,34.32,entsoe.eu,false,
2022-12-06 09:00:00,Portugal,Portugal,PT,220.46,300.46,46.55,41.55,entsoe.eu,false,
2022-12-06 10:00:00,Portugal,Portugal,PT,220.69,301.68,45.8,41.12,entsoe.eu,false,
2022-12-06 11:00:00,Portugal,Portugal,PT,215.26,295.07,46.84,43.0,entsoe.eu,false,
2022-12-06 12:00:00,Portugal,Portugal,PT,205.07,279.94,50.51,48.42,entsoe.eu,false,
2022-12-06 13:00:00,Portugal,Portugal,PT,224.1,307.98,44.08,40.55,entsoe.eu,false,
2022-12-06 14:00:00,Portugal,Portugal,PT,232.81,317.92,42.64,38.04,entsoe.eu,false,
2022-12-06 15:00:00,Portugal,Portugal,PT,233.23,315.87,43.92,39.59,entsoe.eu,false,
2022-12-06 16:00:00,Portugal,Portugal,PT,232.75,315.24,44.11,39.91,entsoe.eu,false,
2022-12-06 17:00:00,Portugal,Portugal,PT,210.24,284.65,50.31,47.45,entsoe.eu,false,
2022-12-06 18:00:00,Portugal,Portugal,PT,185.55,248.43,59.13,58.55,entsoe.eu,false,
2022-12-06 19:00:00,Portugal,Portugal,PT,183.78,245.37,60.2,60.2,entsoe.eu,false,
2022-12-06 20:00:00,Portugal,Portugal,PT,197.75,268.43,53.48,52.03,entsoe.eu,false,
2022-12-06 21:00:00,Portugal,Portugal,PT,207.65,283.45,49.62,47.22,entsoe.eu,false,
2022-12-06 22:00:00,Portugal,Portugal,PT,228.87,313.2,43.44,39.58,entsoe.eu,false,
2022-12-06 23:00:00,Portugal,Portugal,PT,215.23,297.47,45.82,43.78,entsoe.eu,false,
2022-12-07 00:00:00,Portugal,Portugal,PT,237.25,329.39,38.01,35.78,entsoe.eu,false,
2022-12-07 01:00:00,Portugal,Portugal,PT,246.1,340.52,35.78,33.38,entsoe.eu,false,
2022-12-07 02:00:00,Portugal,Portugal,PT,246.66,341.87,35.52,33.26,entsoe.eu,false,
2022-12-07 03:00:00,Portugal,Portugal,PT,245.18,340.04,35.75,33.69,entsoe.eu,false,
2022-12-07 04:00:00,Portugal,Portugal,PT,230.38,320.67,39.37,37.78,entsoe.eu,false,
2022-12-07 05:00:00,Portugal,Portugal,PT,211.94,296.71,43.61,42.95,entsoe.eu,false,
2022-12-07 06:00:00,Portugal,Portugal,PT,208.55,292.93,44.41,44.41,entsoe.eu,false,
2022-12-07 07:00:00,Portugal,Portugal,PT,162.35,225.98,59.99,59.99,entsoe.eu,false,
2022-12-07 08:00:00,Portugal,Portugal,PT,147.78,207.66,63.14,63.14,entsoe.eu,false,
2022-12-07 09:00:00,Portugal,Portugal,PT,144.01,205.07,62.83,62.83,entsoe.eu,false,
2022-12-07 10:00:00,Portugal,Portugal,PT,147.46,211.06,61.24,61.24,entsoe.eu,false,
2022-12-07 11:00:00,Portugal,Portugal,PT,146.15,210.3,60.83,60.83,entsoe.eu,false,
2022-12-07 12:00:00,Portugal,Portugal,PT,144.43,207.42,61.69,61.69,entsoe.eu,false,
2022-12-07 13:00:00,Portugal,Portugal,PT,152.49,218.91,59.13,59.13,entsoe.eu,false,
2022-12-07 14:00:00,Portugal,Portugal,PT,148.91,213.95,60.09,60.09,entsoe.eu,false,
2022-12-07 15:00:00,Portugal,Portugal,PT,149.54,215.03,59.91,59.91,entsoe.eu,false,
2022-12-07 16:00:00,Portugal,Portugal,PT,138.74,197.8,64.11,64.11,entsoe.eu,false,
2022-12-07 17:00:00,Portugal,Portugal,PT,124.48,178.48,67.9,67.9,entsoe.eu,false,
2022-12-07 18:00:00,Portugal,Portugal,PT,121.87,175.16,68.5,68.5,entsoe.eu,false,
2022-12-07 19:00:00,Portugal,Portugal,PT,114.66,166.82,69.87,69.87,entsoe.eu,false,
2022-12-07 20:00:00,Portugal,Portugal,PT,115.34,169.52,69.13,69.13,entsoe.eu,false,
2022-12-07 21:00:00,Portugal,Portugal,PT,114.01,167.55,69.5,69.5,entsoe.eu,false,
2022-12-07 22:00:00,Portugal,Portugal,PT,115.52,169.73,69.09,69.09,entsoe.eu,false,
2022-12-07 23:00:00,Portugal,Portugal,PT,113.83,167.98,69.55,69.55,entsoe.eu,false,
2022-12-08 00:00:00,Portugal,Portugal,PT,112.87,167.53,69.82,69.82,entsoe.eu,false,
2022-12-08 01:00:00,Portugal,Portugal,PT,115.47,172.02,69.15,69.15,entsoe.eu,false,
2022-12-08 02:00:00,Portugal,Portugal,PT,120.1,179.27,67.93,67.93,entsoe.eu,false,
2022-12-08 03:00:00,Portugal,Portugal,PT,128.8,191.4,65.81,65.48,entsoe.eu,false,
2022-12-08 04:00:00,Portugal,Portugal,PT,135.67,198.85,64.94,63.01,entsoe.eu,false,
2022-12-08 05:00:00,Portugal,Portugal,PT,145.43,211.03,62.53,60.23,entsoe.eu,false,
2022-12-08 06:00:00,Portugal,Portugal,PT,140.1,206.55,62.59,62.59,entsoe.eu,false,
2022-12-08 07:00:00,Portugal,Portugal,PT,139.49,205.06,63.18,62.44,entsoe.eu,false,
2022-12-08 08:00:00,Portugal,Portugal,PT,126.83,188.39,66.14,66.14,entsoe.eu,false,
2022-12-08 09:00:00,Portugal,Portugal,PT,113.05,168.93,69.82,69.82,entsoe.eu,false,
2022-12-08 10:00:00,Portugal,Portugal,PT,114.52,170.88,69.42,69.42,entsoe.eu,false,
2022-12-08 11:00:00,Portugal,Portugal,PT,108.08,160.83,71.86,71.86,entsoe.eu,false,
2022-12-08 12:00:00,Portugal,Portugal,PT,112.64,164.17,72.09,72.09,entsoe.eu,false,
2022-12-08 13:00:00,Portugal,Portugal,PT,102.97,153.37,73.85,73.85,entsoe.eu,false,
2022-12-08 14:00:00,Portugal,Portugal,PT,109.12,162.76,71.54,71.54,entsoe.eu,false,
2022-12-08 15:00:00,Portugal,Portugal,PT,117.17,170.55,71.36,71.36,entsoe.eu,false,
2022-12-08 16:00:00,Portugal,Portugal,PT,115.74,163.54,74.37,74.37,entsoe.eu,false,
2022-12-08 17:00:00,Portugal,Portugal,PT,114.57,164.41,72.84,72.84,entsoe.eu,false,
2022-12-08 18:00:00,Portugal,Portugal,PT,120.14,167.31,74.23,74.23,entsoe.eu,false,
2022-12-08 19:00:00,Portugal,Portugal,PT,116.63,162.57,75.44,75.44,entsoe.eu,false,
2022-12-08 20:00:00,Portugal,Portugal,PT,110.57,159.61,73.97,73.97,entsoe.eu,false,
2022-12-08 21:00:00,Portugal,Portugal,PT,125.72,183.7,67.79,65.44,entsoe.eu,false,
2022-12-08 22:00:00,Portugal,Portugal,PT,139.69,200.1,65.47,60.61,entsoe.eu,false,
2022-12-08 23:00:00,Portugal,Portugal,PT,140.22,201.89,64.88,60.77,entsoe.eu,false,
2022-12-09 00:00:00,Portugal,Portugal,PT,139.47,201.33,65.22,60.52,entsoe.eu,false,
2022-12-09 01:00:00,Portugal,Portugal,PT,146.52,210.75,63.27,58.49,entsoe.eu,false,
2022-12-09 02:00:00,Portugal,Portugal,PT,146.47,211.57,62.83,58.83,entsoe.eu,false,
2022-12-09 03:00:00,Portugal,Portugal,PT,141.93,206.43,63.39,60.68,entsoe.eu,false,
2022-12-09 04:00:00,Portugal,Portugal,PT,152.41,220.33,60.12,58.44,entsoe.eu,false,
2022-12-09 05:00:00,Portugal,Portugal,PT,150.97,220.23,59.65,59.65,entsoe.eu,false,
2022-12-09 06:00:00,Portugal,Portugal,PT,140.16,202.25,64.07,64.07,entsoe.eu,false,
2022-12-09 07:00:00,Portugal,Portugal,PT,146.69,207.33,64.06,64.06,entsoe.eu,false,
2022-12-09 08:00:00,Portugal,Portugal,PT,147.44,205.11,65.6,65.6,entsoe.eu,false,
2022-12-09 09:00:00,Portugal,Portugal,PT,156.33,217.93,62.7,62.7,entsoe.eu,false,
2022-12-09 10:00:00,Portugal,Portugal,PT,150.13,212.39,62.76,62.76,entsoe.eu,false,
2022-12-09 11:00:00,Portugal,Portugal,PT,159.62,226.41,59.44,58.06,entsoe.eu,false,
2022-12-09 12:00:00,Portugal,Portugal,PT,159.37,224.82,60.39,59.62,entsoe.eu,false,
2022-12-09 13:00:00,Portugal,Portugal,PT,160.21,228.62,58.8,58.25,entsoe.eu,false,
2022-12-09 14:00:00,Portugal,Portugal,PT,154.52,219.41,61.0,61.0,entsoe.eu,false,
2022-12-09 15:00:00,Portugal,Portugal,PT,154.95,218.63,61.47,61.47,entsoe.eu,false,
2022-12-09 16:00:00,Portugal,Portugal,PT,158.08,220.54,61.67,61.67,entsoe.eu,false,
2022-12-09 17:00:00,Portugal,Portugal,PT,156.39,216.08,63.36,63.36,entsoe.eu,false,
2022-12-09 18:00:00,Portugal,Portugal,PT,155.77,211.52,65.81,65.81,entsoe.eu,false,
2022-12-09 19:00:00,Portugal,Portugal,PT,156.0,213.26,65.1,65.1,entsoe.eu,false,
2022-12-09 20:00:00,Portugal,Portugal,PT,155.9,216.61,63.08,63.08,entsoe.eu,false,
2022-12-09 21:00:00,Portugal,Portugal,PT,161.95,230.48,57.79,55.76,entsoe.eu,false,
2022-12-09 22:00:00,Portugal,Portugal,PT,163.88,232.39,57.86,54.69,entsoe.eu,false,
2022-12-09 23:00:00,Portugal,Portugal,PT,160.17,227.99,58.97,55.5,entsoe.eu,false,
2022-12-10 00:00:00,Portugal,Portugal,PT,141.17,203.22,65.09,59.59,entsoe.eu,false,
2022-12-10 01:00:00,Portugal,Portugal,PT,132.28,191.01,68.71,60.9,entsoe.eu,false,
2022-12-10 02:00:00,Portugal,Portugal,PT,135.16,195.1,68.03,59.75,entsoe.eu,false,
2022-12-10 03:00:00,Portugal,Portugal,PT,137.44,197.72,67.51,58.85,entsoe.eu,false,
2022-12-10 04:00:00,Portugal,Portugal,PT,153.56,218.71,62.94,54.82,entsoe.eu,false,
2022-12-10 05:00:00,Portugal,Portugal,PT,147.9,211.29,64.31,56.97,entsoe.eu,false,
2022-12-10 06:00:00,Portugal,Portugal,PT,143.57,207.8,63.87,59.61,entsoe.eu,false,
2022-12-10 07:00:00,Portugal,Portugal,PT,150.85,218.24,61.16,58.32,entsoe.eu,false,
2022-12-10 08:00:00,Portugal,Portugal,PT,144.73,210.74,62.31,60.39,entsoe.eu,false,
2022-12-10 09:00:00,Portugal,Portugal,PT,135.86,198.51,65.14,62.32,entsoe.eu,false,
2022-12-10 10:00:00,Portugal,Portugal,PT,131.24,192.97,66.29,63.59,entsoe.eu,false,
2022-12-10 11:00:00,Portugal,Portugal,PT,141.45,204.99,64.2,60.1,entsoe.eu,false,
2022-12-10 12:00:00,Portugal,Portugal,PT,137.87,200.08,65.21,61.01,entsoe.eu,false,
2022-12-10 13:00:00,Portugal,Portugal,PT,144.4,208.56,63.16,59.54,entsoe.eu,false,
2022-12-10 14:00:00,Portugal,Portugal,PT,149.71,214.83,62.07,57.93,entsoe.eu,false,
2022-12-10 15:00:00,Portugal,Portugal,PT,151.27,216.54,61.67,57.63,entsoe.eu,false,
2022-12-10 16:00:00,Portugal,Portugal,PT,143.79,203.92,65.53,63.37,entsoe.eu,false,
2022-12-10 17:00:00,Portugal,Portugal,PT,136.98,187.14,71.62,71.62,entsoe.eu,false,
2022-12-10 18:00:00,Portugal,Portugal,PT,140.7,190.85,71.56,71.56,entsoe.eu,false,
2022-12-10 19:00:00,Portugal,Portugal,PT,138.81,188.51,72.04,72.04,entsoe.eu,false,
2022-12-10 20:00:00,Portugal,Portugal,PT,133.45,181.84,73.08,73.08,entsoe.eu,false,
2022-12-10 21:00:00,Portugal,Portugal,PT,129.89,180.67,71.83,71.83,entsoe.eu,false,
2022-12-10 22:00:00,Portugal,Portugal,PT,134.65,189.49,69.09,69.09,entsoe.eu,false,
2022-12-10 23:00:00,Portugal,Portugal,PT,135.9,194.33,67.19,67.19,entsoe.eu,false,
2022-12-11 00:00:00,Portugal,Portugal,PT,125.79,186.09,66.35,66.35,entsoe.eu,false,
2022-12-11 01:00:00,Portugal,Portugal,PT,113.28,169.39,69.72,69.72,entsoe.eu,false,
2022-12-11 02:00:00,Portugal,Portugal,PT,110.87,166.2,70.38,70.38,entsoe.eu,false,
2022-12-11 03:00:00,Portugal,Portugal,PT,120.19,178.72,67.88,67.88,entsoe.eu,false,
2022-12-11 04:00:00,Portugal,Portugal,PT,125.41,185.96,66.47,66.47,entsoe.eu,false,
2022-12-11 05:00:00,Portugal,Portugal,PT,132.62,195.63,64.53,64.53,entsoe.eu,false,
2022-12-11 06:00:00,Portugal,Portugal,PT,133.24,196.86,64.37,64.37,entsoe.eu,false,
2022-12-11 07:00:00,Portugal,Portugal,PT,128.26,190.35,65.72,65.72,entsoe.eu,false,
2022-12-11 08:00:00,Portugal,Portugal,PT,122.82,178.59,69.4,69.4,entsoe.eu,false,
2022-12-11 09:00:00,Portugal,Portugal,PT,115.13,167.72,71.73,71.73,entsoe.eu,false,
2022-12-11 10:00:00,Portugal,Portugal,PT,110.63,162.37,72.84,72.84,entsoe.eu,false,
2022-12-11 11:00:00,Portugal,Portugal,PT,105.49,158.41,72.46,72.46,entsoe.eu,false,
2022-12-11 12:00:00,Portugal,Portugal,PT,102.1,152.8,73.95,73.95,entsoe.eu,false,
2022-12-11 13:00:00,Portugal,Portugal,PT,101.38,148.88,75.76,75.76,entsoe.eu,false,
2022-12-11 14:00:00,Portugal,Portugal,PT,103.23,149.13,76.53,76.53,entsoe.eu,false,
2022-12-11 15:00:00,Portugal,Portugal,PT,96.75,146.94,74.31,74.31,entsoe.eu,false,
2022-12-11 16:00:00,Portugal,Portugal,PT,98.99,150.31,73.71,73.71,entsoe.eu,false,
2022-12-11 17:00:00,Portugal,Portugal,PT,108.21,154.48,76.35,76.35,entsoe.eu,false,
2022-12-11 18:00:00,Portugal,Portugal,PT,111.7,155.21,77.8,77.8,entsoe.eu,false,
2022-12-11 19:00:00,Portugal,Portugal,PT,104.96,149.28,77.58,77.58,entsoe.eu,false,
2022-12-11 20:00:00,Portugal,Portugal,PT,107.09,152.49,76.84,76.84,entsoe.eu,false,
2022-12-11 21:00:00,Portugal,Portugal,PT,111.49,158.89,75.51,75.51,entsoe.eu,false,
2022-12-11 22:00:00,Portugal,Portugal,PT,117.31,170.68,71.97,71.97,entsoe.eu,false,
2022-12-11 23:00:00,Portugal,Portugal,PT,88.67,139.02,76.99,75.99,entsoe.eu,false,
2022-12-12 00:00:00,Portugal,Portugal,PT,77.26,124.34,80.55,78.68,entsoe.eu,false,
2022-12-12 01:00:00,Portugal,Portugal,PT,57.72,100.15,85.22,84.35,entsoe.eu,false,
2022-12-12 02:00:00,Portugal,Portugal,PT,59.24,101.95,84.31,84.31,entsoe.eu,false,
2022-12-12 03:00:00,Portugal,Portugal,PT,50.7,89.98,86.59,86.59,entsoe.eu,false,
2022-12-12 04:00:00,Portugal,Portugal,PT,45.3,81.6,88.0,88.0,entsoe.eu,false,
2022-12-12 05:00:00,Portugal,Portugal,PT,37.67,70.97,90.05,90.05,entsoe.eu,false,
2022-12-12 06:00:00,Portugal,Portugal,PT,37.68,70.07,90.21,90.21,entsoe.eu,false,
2022-12-12 07:00:00,Portugal,Portugal,PT,46.99,77.89,89.61,89.61,entsoe.eu,false,
2022-12-12 08:00:00,Portugal,Portugal,PT,51.09,81.68,89.55,89.55,entsoe.eu,false,
2022-12-12 09:00:00,Portugal,Portugal,PT,51.8,84.13,88.53,88.53,entsoe.eu,false,
2022-12-12 10:00:00,Portugal,Portugal,PT,48.27,83.67,87.46,87.46,entsoe.eu,false,
2022-12-12 11:00:00,Portugal,Portugal,PT,47.83,83.43,87.3,87.3,entsoe.eu,false,
2022-12-12 12:00:00,Portugal,Portugal,PT,40.16,72.13,89.96,89.96,entsoe.eu,false,
2022-12-12 13:00:00,Portugal,Portugal,PT,49.18,79.63,89.87,89.87,entsoe.eu,false,
2022-12-12 14:00:00,Portugal,Portugal,PT,48.03,81.76,88.1,88.1,entsoe.eu,false,
2022-12-12 15:00:00,Portugal,Portugal,PT,52.55,85.33,88.57,88.57,entsoe.eu,false,
2022-12-12 16:00:00,Portugal,Portugal,PT,48.0,78.43,90.64,90.64,entsoe.eu,false,
2022-12-12 17:00:00,Portugal,Portugal,PT,57.48,87.57,89.73,89.73,entsoe.eu,false,
2022-12-12 18:00:00,Portugal,Portugal,PT,52.51,84.22,89.17,89.17,entsoe.eu,false,
2022-12-12 19:00:00,Portugal,Portugal,PT,57.63,88.11,89.36,89.36,entsoe.eu,false,
2022-12-12 20:00:00,Portugal,Portugal,PT,65.2,98.27,87.69,87.69,entsoe.eu,false,
2022-12-12 21:00:00,Portugal,Portugal,PT,58.79,96.16,85.91,85.91,entsoe.eu,false,
2022-12-12 22:00:00,Portugal,Portugal,PT,55.07,93.57,85.7,85.05,entsoe.eu,false,
2022-12-12 23:00:00,Portugal,Portugal,PT,56.56,91.31,88.23,88.23,entsoe.eu,false,
2022-12-13 00:00:00,Portugal,Portugal,PT,52.41,91.64,86.27,86.27,entsoe.eu,false,
2022-12-13 01:00:00,Portugal,Portugal,PT,48.82,86.36,87.11,87.11,entsoe.eu,false,
2022-12-13 02:00:00,Portugal,Portugal,PT,48.96,86.86,87.07,87.07,entsoe.eu,false,
2022-12-13 03:00:00,Portugal,Portugal,PT,46.8,84.2,87.65,87.65,entsoe.eu,false,
2022-12-13 04:00:00,Portugal,Portugal,PT,49.84,88.63,86.85,86.85,entsoe.eu,false,
2022-12-13 05:00:00,Portugal,Portugal,PT,63.82,105.13,83.78,83.78,entsoe.eu,false,
2022-12-13 06:00:00,Portugal,Portugal,PT,92.43,131.26,82.47,82.47,entsoe.eu,false,
2022-12-13 07:00:00,Portugal,Portugal,PT,107.17,148.18,79.58,79.58,entsoe.eu,false,
2022-12-13 08:00:00,Portugal,Portugal,PT,112.84,159.45,75.4,75.4,entsoe.eu,false,
2022-12-13 09:00:00,Portugal,Portugal,PT,113.32,158.59,76.01,76.01,entsoe.eu,false,
2022-12-13 10:00:00,Portugal,Portugal,PT,118.83,164.21,75.59,75.59,entsoe.eu,false,
2022-12-13 11:00:00,Portugal,Portugal,PT,115.43,161.75,75.36,75.36,entsoe.eu,false,
2022-12-13 12:00:00,Portugal,Portugal,PT,112.88,157.33,76.54,76.54,entsoe.eu,false,
2022-12-13 13:00:00,Portugal,Portugal,PT,115.46,159.02,76.72,76.72,entsoe.eu,false,
2022-12-13 14:00:00,Portugal,Portugal,PT,106.26,146.8,79.09,79.09,entsoe.eu,false,
2022-12-13 15:00:00,Portugal,Portugal,PT,100.36,140.94,79.27,79.27,entsoe.eu,false,
2022-12-13 16:00:00,Portugal,Portugal,PT,98.12,137.96,79.74,79.74,entsoe.eu,false,
2022-12-13 17:00:00,Portugal,Portugal,PT,99.39,137.84,80.58,80.58,entsoe.eu,false,
2022-12-13 18:00:00,Portugal,Portugal,PT,94.76,133.57,80.51,80.51,entsoe.eu,false,
2022-12-13 19:00:00,Portugal,Portugal,PT,93.35,132.84,80.12,80.12,entsoe.eu,false,
2022-12-13 20:00:00,Portugal,Portugal,PT,94.44,133.67,80.4,80.4,entsoe.eu,false,
2022-12-13 21:00:00,Portugal,Portugal,PT,72.7,108.62,84.83,84.83,entsoe.eu,false,
2022-12-13 22:00:00,Portugal,Portugal,PT,52.84,89.0,87.08,87.08,entsoe.eu,false,
2022-12-13 23:00:00,Portugal,Portugal,PT,46.24,80.45,89.19,89.19,entsoe.eu,false,
2022-12-14 00:00:00,Portugal,Portugal,PT,48.71,86.0,88.0,88.0,entsoe.eu,false,
2022-12-14 01:00:00,Portugal,Portugal,PT,51.54,89.53,87.57,87.57,entsoe.eu,false,
2022-12-14 02:00:00,Portugal,Portugal,PT,48.87,88.2,87.1,87.1,entsoe.eu,false,
2022-12-14 03:00:00,Portugal,Portugal,PT,49.45,88.47,87.13,87.13,entsoe.eu,false,
2022-12-14 04:00:00,Portugal,Portugal,PT,54.75,93.55,86.45,86.45,entsoe.eu,false,
2022-12-14 05:00:00,Portugal,Portugal,PT,59.03,96.24,87.15,87.15,entsoe.eu,false,
2022-12-14 06:00:00,Portugal,Portugal,PT,66.78,101.37,87.97,87.97,entsoe.eu,false,
2022-12-14 07:00:00,Portugal,Portugal,PT,76.73,109.67,87.52,87.52,entsoe.eu,false,
2022-12-14 08:00:00,Portugal,Portugal,PT,76.05,107.5,88.35,88.35,entsoe.eu,false,
2022-12-14 09:00:00,Portugal,Portugal,PT,73.84,105.06,88.55,88.55,entsoe.eu,false,
2022-12-14 10:00:00,Portugal,Portugal,PT,70.42,101.55,88.7,88.7,entsoe.eu,false,
2022-12-14 11:00:00,Portugal,Portugal,PT,73.73,105.66,88.22,88.22,entsoe.eu,false,
2022-12-14 12:00:00,Portugal,Portugal,PT,77.76,109.79,87.62,87.62,entsoe.eu,false,
2022-12-14 13:00:00,Portugal,Portugal,PT,77.91,111.77,86.31,86.31,entsoe.eu,false,
2022-12-14 14:00:00,Portugal,Portugal,PT,84.08,118.26,85.45,85.45,entsoe.eu,false,
2022-12-14 15:00:00,Portugal,Portugal,PT,91.79,127.75,83.59,83.59,entsoe.eu,false,
2022-12-14 16:00:00,Portugal,Portugal,PT,96.76,134.03,82.08,82.08,entsoe.eu,false,
2022-12-14 17:00:00,Portugal,Portugal,PT,101.45,139.31,81.27,81.27,entsoe.eu,false,
2022-12-14 18:00:00,Portugal,Portugal,PT,107.4,146.4,79.93,79.93,entsoe.eu,false,
2022-12-14 19:00:00,Portugal,Portugal,PT,109.64,149.75,78.97,78.97,entsoe.eu,false,
2022-12-14 20:00:00,Portugal,Portugal,PT,98.69,135.51,82.19,82.19,entsoe.eu,false,
2022-12-14 21:00:00,Portugal,Portugal,PT,93.13,130.73,82.76,82.76,entsoe.eu,false,
2022-12-14 22:00:00,Portugal,Portugal,PT,83.65,123.51,82.54,82.54,entsoe.eu,false,
2022-12-14 23:00:00,Portugal,Portugal,PT,79.14,119.41,82.69,82.69,entsoe.eu,false,
2022-12-15 00:00:00,Portugal,Portugal,PT,68.05,112.32,81.9,81.9,entsoe.eu,false,
2022-12-15 01:00:00,Portugal,Portugal,PT,71.84,117.83,80.92,80.92,entsoe.eu,false,
2022-12-15 02:00:00,Portugal,Portugal,PT,67.97,112.35,81.94,81.94,entsoe.eu,false,
2022-12-15 03:00:00,Portugal,Portugal,PT,67.9,112.0,81.95,81.95,entsoe.eu,false,
2022-12-15 04:00:00,Portugal,Portugal,PT,72.74,118.17,80.64,80.64,entsoe.eu,false,
2022-12-15 05:00:00,Portugal,Portugal,PT,88.38,132.67,79.72,79.72,entsoe.eu,false,
2022-12-15 06:00:00,Portugal,Portugal,PT,103.05,146.13,79.04,79.04,entsoe.eu,false,
2022-12-15 07:00:00,Portugal,Portugal,PT,108.15,151.98,78.02,78.02,entsoe.eu,false,
2022-12-15 08:00:00,Portugal,Portugal,PT,113.62,157.18,77.8,77.8,entsoe.eu,false,
2022-12-15 09:00:00,Portugal,Portugal,PT,111.84,159.16,76.04,76.04,entsoe.eu,false,
2022-12-15 10:00:00,Portugal,Portugal,PT,108.07,155.06,76.92,76.89,entsoe.eu,false,
2022-12-15 11:00:00,Portugal,Portugal,PT,101.12,152.18,74.97,73.11,entsoe.eu,false,
2022-12-15 12:00:00,Portugal,Portugal,PT,93.91,143.01,76.79,74.05,entsoe.eu,false,
2022-12-15 13:00:00,Portugal,Portugal,PT,87.2,134.65,78.71,75.79,entsoe.eu,false,
2022-12-15 14:00:00,Portugal,Portugal,PT,98.52,148.74,75.61,72.81,entsoe.eu,false,
2022-12-15 15:00:00,Portugal,Portugal,PT,113.46,167.63,71.77,69.21,entsoe.eu,false,
2022-12-15 16:00:00,Portugal,Portugal,PT,115.54,170.36,70.76,68.74,entsoe.eu,false,
2022-12-15 17:00:00,Portugal,Portugal,PT,110.48,159.56,74.42,73.15,entsoe.eu,false,
2022-12-15 18:00:00,Portugal,Portugal,PT,104.2,150.75,76.21,75.58,entsoe.eu,false,
2022-12-15 19:00:00,Portugal,Portugal,PT,100.81,148.32,75.85,74.93,entsoe.eu,false,
2022-12-15 20:00:00,Portugal,Portugal,PT,101.93,148.77,76.4,75.76,entsoe.eu,false,
2022-12-15 21:00:00,Portugal,Portugal,PT,96.93,147.01,74.84,73.87,entsoe.eu,false,
2022-12-15 22:00:00,Portugal,Portugal,PT,91.44,140.55,75.77,75.48,entsoe.eu,false,
2022-12-15 23:00:00,Portugal,Portugal,PT,92.0,138.18,77.37,77.37,entsoe.eu,false,
2022-12-16 00:00:00,Portugal,Portugal,PT,84.83,128.95,78.84,78.84,entsoe.eu,false,
2022-12-16 01:00:00,Portugal,Portugal,PT,81.32,127.34,78.34,78.34,entsoe.eu,false,
2022-12-16 02:00:00,Portugal,Portugal,PT,82.59,128.56,78.31,78.31,entsoe.eu,false,
2022-12-16 03:00:00,Portugal,Portugal,PT,84.66,131.4,77.44,77.44,entsoe.eu,false,
2022-12-16 04:00:00,Portugal,Portugal,PT,88.69,135.07,76.92,76.92,entsoe.eu,false,
2022-12-16 05:00:00,Portugal,Portugal,PT,90.07,136.8,76.53,76.53,entsoe.eu,false,
2022-12-16 06:00:00,Portugal,Portugal,PT,92.76,137.04,77.49,77.49,entsoe.eu,false,
2022-12-16 07:00:00,Portugal,Portugal,PT,98.03,139.77,78.71,78.71,entsoe.eu,false,
2022-12-16 08:00:00,Portugal,Portugal,PT,97.73,139.6,78.71,78.71,entsoe.eu,false,
2022-12-16 09:00:00,Portugal,Portugal,PT,99.13,140.64,79.22,79.22,entsoe.eu,false,
2022-12-16 10:00:00,Portugal,Portugal,PT,95.38,138.38,78.59,78.59,entsoe.eu,false,
2022-12-16 11:00:00,Portugal,Portugal,PT,93.65,138.95,77.41,77.41,entsoe.eu,false,
2022-12-16 12:00:00,Portugal,Portugal,PT,94.96,140.76,76.94,76.94,entsoe.eu,false,
2022-12-16 13:00:00,Portugal,Portugal,PT,107.23,154.52,75.46,75.46,entsoe.eu,false,
2022-12-16 14:00:00,Portugal,Portugal,PT,119.1,169.27,73.07,73.07,entsoe.eu,false,
2022-12-16 15:00:00,Portugal,Portugal,PT,129.2,182.79,70.25,70.25,entsoe.eu,false,
2022-12-16 16:00:00,Portugal,Portugal,PT,138.06,192.68,68.83,68.83,entsoe.eu,false,
2022-12-16 17:00:00,Portugal,Portugal,PT,134.5,185.51,70.7,70.7,entsoe.eu,false,
2022-12-16 18:00:00,Portugal,Portugal,PT,131.16,181.29,71.36,71.36,entsoe.eu,false,
2022-12-16 19:00:00,Portugal,Portugal,PT,131.92,182.2,71.26,71.26,entsoe.eu,false,
2022-12-16 20:00:00,Portugal,Portugal,PT,132.54,184.03,70.62,70.62,entsoe.eu,false,
2022-12-16 21:00:00,Portugal,Portugal,PT,138.41,194.6,67.51,67.51,entsoe.eu,false,
2022-12-16 22:00:00,Portugal,Portugal,PT,137.89,198.81,64.78,64.78,entsoe.eu,false,
2022-12-16 23:00:00,Portugal,Portugal,PT,131.16,180.31,73.0,73.0,entsoe.eu,false,
2022-12-17 00:00:00,Portugal,Portugal,PT,126.8,171.88,76.05,76.05,entsoe.eu,false,
2022-12-17 01:00:00,Portugal,Portugal,PT,131.5,176.88,75.73,75.73,entsoe.eu,false,
2022-12-17 02:00:00,Portugal,Portugal,PT,129.39,176.54,74.84,74.84,entsoe.eu,false,
2022-12-17 03:00:00,Portugal,Portugal,PT,131.34,178.84,74.52,74.52,entsoe.eu,false,
2022-12-17 04:00:00,Portugal,Portugal,PT,128.52,176.89,74.37,74.37,entsoe.eu,false,
2022-12-17 05:00:00,Portugal,Portugal,PT,132.23,181.78,73.54,73.54,entsoe.eu,false,
2022-12-17 06:00:00,Portugal,Portugal,PT,114.72,170.88,71.59,71.59,entsoe.eu,false,
2022-12-17 07:00:00,Portugal,Portugal,PT,111.34,163.58,74.43,74.43,entsoe.eu,false,
2022-12-17 08:00:00,Portugal,Portugal,PT,112.36,158.64,77.54,77.54,entsoe.eu,false,
2022-12-17 09:00:00,Portugal,Portugal,PT,105.9,152.66,77.8,77.8,entsoe.eu,false,
2022-12-17 10:00:00,Portugal,Portugal,PT,99.59,145.38,78.96,78.96,entsoe.eu,false,
2022-12-17 11:00:00,Portugal,Portugal,PT,90.18,137.82,78.6,78.6,entsoe.eu,false,
2022-12-17 12:00:00,Portugal,Portugal,PT,89.93,140.85,76.58,76.58,entsoe.eu,false,
2022-12-17 13:00:00,Portugal,Portugal,PT,95.99,148.71,75.53,74.17,entsoe.eu,false,
2022-12-17 14:00:00,Portugal,Portugal,PT,107.93,162.81,73.27,70.15,entsoe.eu,false,
2022-12-17 15:00:00,Portugal,Portugal,PT,108.24,159.82,74.74,73.23,entsoe.eu,false,
2022-12-17 16:00:00,Portugal,Portugal,PT,113.68,161.21,76.31,76.31,entsoe.eu,false,
2022-12-17 17:00:00,Portugal,Portugal,PT,124.69,169.82,75.95,75.95,entsoe.eu,false,
2022-12-17 18:00:00,Portugal,Portugal,PT,116.54,158.11,78.43,78.43,entsoe.eu,false,
2022-12-17 19:00:00,Portugal,Portugal,PT,110.73,150.84,79.56,79.56,entsoe.eu,false,
2022-12-17 20:00:00,Portugal,Portugal,PT,111.61,152.47,79.08,79.08,entsoe.eu,false,
2022-12-17 21:00:00,Portugal,Portugal,PT,90.6,133.74,79.61,79.61,entsoe.eu,false,
2022-12-17 22:00:00,Portugal,Portugal,PT,74.99,116.6,81.86,81.86,entsoe.eu,false,
2022-12-17 23:00:00,Portugal,Portugal,PT,48.84,79.96,90.84,90.84,entsoe.eu,false,
2022-12-18 00:00:00,Portugal,Portugal,PT,27.17,55.02,95.71,95.71,entsoe.eu,false,
2022-12-18 01:00:00,Portugal,Portugal,PT,26.48,53.55,95.88,95.88,entsoe.eu,false,
2022-12-18 02:00:00,Portugal,Portugal,PT,21.88,50.23,95.49,95.49,entsoe.eu,false,
2022-12-18 03:00:00,Portugal,Portugal,PT,17.79,46.63,95.45,95.45,entsoe.eu,false,
2022-12-18 04:00:00,Portugal,Portugal,PT,19.6,48.39,95.23,95.23,entsoe.eu,false,
2022-12-18 05:00:00,Portugal,Portugal,PT,18.13,46.4,95.41,95.41,entsoe.eu,false,
2022-12-18 06:00:00,Portugal,Portugal,PT,24.86,51.79,95.5,95.5,entsoe.eu,false,
2022-12-18 07:00:00,Portugal,Portugal,PT,24.43,51.32,95.54,95.54,entsoe.eu,false,
2022-12-18 08:00:00,Portugal,Portugal,PT,24.21,50.63,95.74,95.74,entsoe.eu,false,
2022-12-18 09:00:00,Portugal,Portugal,PT,17.13,45.11,95.59,95.59,entsoe.eu,false,
2022-12-18 10:00:00,Portugal,Portugal,PT,16.01,43.62,95.88,95.88,entsoe.eu,false,
2022-12-18 11:00:00,Portugal,Portugal,PT,16.22,44.49,95.83,95.83,entsoe.eu,false,
2022-12-18 12:00:00,Portugal,Portugal,PT,16.79,45.12,95.77,95.58,entsoe.eu,false,
2022-12-18 13:00:00,Portugal,Portugal,PT,15.91,44.28,95.91,95.91,entsoe.eu,false,
2022-12-18 14:00:00,Portugal,Portugal,PT,16.71,45.0,95.76,95.6,entsoe.eu,false,
2022-12-18 15:00:00,Portugal,Portugal,PT,16.43,44.28,95.77,95.77,entsoe.eu,false,
2022-12-18 16:00:00,Portugal,Portugal,PT,28.17,52.8,96.14,96.14,entsoe.eu,false,
2022-12-18 17:00:00,Portugal,Portugal,PT,30.83,55.03,96.23,96.23,entsoe.eu,false,
2022-12-18 18:00:00,Portugal,Portugal,PT,31.64,55.82,96.23,96.23,entsoe.eu,false,
2022-12-18 19:00:00,Portugal,Portugal,PT,34.24,57.75,96.38,96.38,entsoe.eu,false,
2022-12-18 20:00:00,Portugal,Portugal,PT,30.4,54.28,96.38,96.38,entsoe.eu,false,
2022-12-18 21:00:00,Portugal,Portugal,PT,24.6,49.42,96.19,96.19,entsoe.eu,false,
2022-12-18 22:00:00,Portugal,Portugal,PT,20.85,45.92,96.24,96.24,entsoe.eu,false,
2022-12-18 23:00:00,Portugal,Portugal,PT,15.9,42.89,95.9,95.9,entsoe.eu,false,
2022-12-19 00:00:00,Portugal,Portugal,PT,16.07,43.15,95.86,95.86,entsoe.eu,false,
2022-12-19 01:00:00,Portugal,Portugal,PT,16.55,44.07,95.74,95.74,entsoe.eu,false,
2022-12-19 02:00:00,Portugal,Portugal,PT,16.84,44.63,95.67,95.67,entsoe.eu,false,
2022-12-19 03:00:00,Portugal,Portugal,PT,15.66,43.04,95.98,95.98,entsoe.eu,false,
2022-12-19 04:00:00,Portugal,Portugal,PT,19.2,47.29,95.02,95.02,entsoe.eu,false,
2022-12-19 05:00:00,Portugal,Portugal,PT,29.22,59.69,92.33,92.33,entsoe.eu,false,
2022-12-19 06:00:00,Portugal,Portugal,PT,39.25,71.14,90.15,90.15,entsoe.eu,false,
2022-12-19 07:00:00,Portugal,Portugal,PT,53.98,84.29,89.63,89.63,entsoe.eu,false,
2022-12-19 08:00:00,Portugal,Portugal,PT,51.02,81.35,89.65,89.65,entsoe.eu,false,
2022-12-19 09:00:00,Portugal,Portugal,PT,44.39,76.44,89.33,89.33,entsoe.eu,false,
2022-12-19 10:00:00,Portugal,Portugal,PT,44.0,76.43,89.3,89.3,entsoe.eu,false,
2022-12-19 11:00:00,Portugal,Portugal,PT,41.93,73.99,89.51,89.51,entsoe.eu,false,
2022-12-19 12:00:00,Portugal,Portugal,PT,40.59,73.36,89.25,89.25,entsoe.eu,false,
2022-12-19 13:00:00,Portugal,Portugal,PT,39.36,71.94,89.57,89.57,entsoe.eu,false,
2022-12-19 14:00:00,Portugal,Portugal,PT,39.91,72.9,89.42,89.42,entsoe.eu,false,
2022-12-19 15:00:00,Portugal,Portugal,PT,41.69,72.7,90.22,90.22,entsoe.eu,false,
2022-12-19 16:00:00,Portugal,Portugal,PT,49.45,78.81,90.4,90.4,entsoe.eu,false,
2022-12-19 17:00:00,Portugal,Portugal,PT,58.33,85.25,91.15,91.15,entsoe.eu,false,
2022-12-19 18:00:00,Portugal,Portugal,PT,56.53,83.66,91.1,91.1,entsoe.eu,false,
2022-12-19 19:00:00,Portugal,Portugal,PT,56.82,83.96,91.08,91.08,entsoe.eu,false,
2022-12-19 20:00:00,Portugal,Portugal,PT,52.72,80.69,90.83,90.83,entsoe.eu,false,
2022-12-19 21:00:00,Portugal,Portugal,PT,45.99,76.47,89.88,89.88,entsoe.eu,false,
2022-12-19 22:00:00,Portugal,Portugal,PT,33.71,64.29,91.14,91.14,entsoe.eu,false,
2022-12-19 23:00:00,Portugal,Portugal,PT,44.49,73.06,91.52,91.52,entsoe.eu,false,
2022-12-20 00:00:00,Portugal,Portugal,PT,34.62,64.04,91.9,91.9,entsoe.eu,false,
2022-12-20 01:00:00,Portugal,Portugal,PT,31.76,62.19,91.64,91.64,entsoe.eu,false,
2022-12-20 02:00:00,Portugal,Portugal,PT,33.04,64.6,91.3,91.3,entsoe.eu,false,
2022-12-20 03:00:00,Portugal,Portugal,PT,32.45,64.09,91.46,91.46,entsoe.eu,false,
2022-12-20 04:00:00,Portugal,Portugal,PT,32.87,65.07,91.35,91.35,entsoe.eu,false,
2022-12-20 05:00:00,Portugal,Portugal,PT,38.31,70.34,90.86,90.86,entsoe.eu,false,
2022-12-20 06:00:00,Portugal,Portugal,PT,41.87,73.2,90.91,90.91,entsoe.eu,false,
2022-12-20 07:00:00,Portugal,Portugal,PT,60.76,90.55,89.99,89.99,entsoe.eu,false,
2022-12-20 08:00:00,Portugal,Portugal,PT,60.6,90.97,89.73,89.73,entsoe.eu,false,
2022-12-20 09:00:00,Portugal,Portugal,PT,60.68,91.51,89.46,89.46,entsoe.eu,false,
2022-12-20 10:00:00,Portugal,Portugal,PT,62.39,93.29,89.42,89.42,entsoe.eu,false,
2022-12-20 11:00:00,Portugal,Portugal,PT,52.15,85.29,88.96,88.96,entsoe.eu,false,
2022-12-20 12:00:00,Portugal,Portugal,PT,38.67,69.97,91.33,91.33,entsoe.eu,false,
2022-12-20 13:00:00,Portugal,Portugal,PT,38.16,69.02,91.52,91.52,entsoe.eu,false,
2022-12-20 14:00:00,Portugal,Portugal,PT,36.33,68.4,90.97,90.97,entsoe.eu,false,
2022-12-20 15:00:00,Portugal,Portugal,PT,48.43,77.65,91.56,91.56,entsoe.eu,false,
2022-12-20 16:00:00,Portugal,Portugal,PT,54.53,85.42,89.93,89.93,entsoe.eu,false,
2022-12-20 17:00:00,Portugal,Portugal,PT,68.03,99.39,88.44,88.44,entsoe.eu,false,
2022-12-20 18:00:00,Portugal,Portugal,PT,71.91,103.9,87.66,87.66,entsoe.eu,false,
2022-12-20 19:00:00,Portugal,Portugal,PT,73.45,103.85,88.36,88.36,entsoe.eu,false,
2022-12-20 20:00:00,Portugal,Portugal,PT,74.13,105.57,87.87,87.87,entsoe.eu,false,
2022-12-20 21:00:00,Portugal,Portugal,PT,64.61,97.55,88.1,88.1,entsoe.eu,false,
2022-12-20 22:00:00,Portugal,Portugal,PT,60.35,93.17,89.19,89.19,entsoe.eu,false,
2022-12-20 23:00:00,Portugal,Portugal,PT,52.51,84.53,90.75,90.75,entsoe.eu,false,
2022-12-21 00:00:00,Portugal,Portugal,PT,36.91,68.11,92.79,92.79,entsoe.eu,false,
2022-12-21 01:00:00,Portugal,Portugal,PT,28.52,61.29,92.54,92.54,entsoe.eu,false,
2022-12-21 02:00:00,Portugal,Portugal,PT,28.68,61.52,92.5,92.5,entsoe.eu,false,
2022-12-21 03:00:00,Portugal,Portugal,PT,28.12,60.85,92.66,92.66,entsoe.eu,false,
2022-12-21 04:00:00,Portugal,Portugal,PT,27.75,60.12,92.75,92.75,entsoe.eu,false,
2022-12-21 05:00:00,Portugal,Portugal,PT,29.97,61.54,92.82,92.82,entsoe.eu,false,
2022-12-21 06:00:00,Portugal,Portugal,PT,57.85,87.7,91.07,91.07,entsoe.eu,false,
2022-12-21 07:00:00,Portugal,Portugal,PT,68.48,97.25,90.13,90.13,entsoe.eu,false,
2022-12-21 08:00:00,Portugal,Portugal,PT,65.99,94.33,90.47,90.47,entsoe.eu,false,
2022-12-21 09:00:00,Portugal,Portugal,PT,64.8,93.32,90.44,90.44,entsoe.eu,false,
2022-12-21 10:00:00,Portugal,Portugal,PT,52.93,84.09,90.31,90.31,entsoe.eu,false,
2022-12-21 11:00:00,Portugal,Portugal,PT,52.94,85.01,90.03,90.03,entsoe.eu,false,
2022-12-21 12:00:00,Portugal,Portugal,PT,48.44,82.71,89.11,89.11,entsoe.eu,false,
2022-12-21 13:00:00,Portugal,Portugal,PT,45.43,79.11,89.84,89.84,entsoe.eu,false,
2022-12-21 14:00:00,Portugal,Portugal,PT,49.26,82.54,89.1,89.1,entsoe.eu,false,
2022-12-21 15:00:00,Portugal,Portugal,PT,54.35,88.13,88.29,88.29,entsoe.eu,false,
2022-12-21 16:00:00,Portugal,Portugal,PT,67.86,102.54,86.51,86.51,entsoe.eu,false,
2022-12-21 17:00:00,Portugal,Portugal,PT,77.29,110.05,87.06,87.06,entsoe.eu,false,
2022-12-21 18:00:00,Portugal,Portugal,PT,82.07,113.61,87.4,87.4,entsoe.eu,false,
2022-12-21 19:00:00,Portugal,Portugal,PT,85.33,116.91,87.23,87.23,entsoe.eu,false,
2022-12-21 20:00:00,Portugal,Portugal,PT,77.86,109.28,88.05,88.05,entsoe.eu,false,
2022-12-21 21:00:00,Portugal,Portugal,PT,74.53,108.76,87.17,87.17,entsoe.eu,false,
2022-12-21 22:00:00,Portugal,Portugal,PT,54.57,91.1,87.72,86.34,entsoe.eu,false,
2022-12-21 23:00:00,Portugal,Portugal,PT,39.14,73.17,90.64,87.32,entsoe.eu,false,
2022-12-22 00:00:00,Portugal,Portugal,PT,33.33,67.26,91.67,90.1,entsoe.eu,false,
2022-12-22 01:00:00,Portugal,Portugal,PT,33.56,68.16,91.5,90.31,entsoe.eu,false,
2022-12-22 02:00:00,Portugal,Portugal,PT,35.17,70.91,91.09,89.95,entsoe.eu,false,
2022-12-22 03:00:00,Portugal,Portugal,PT,32.26,67.65,91.56,91.56,entsoe.eu,false,
2022-12-22 04:00:00,Portugal,Portugal,PT,31.93,66.93,91.67,91.67,entsoe.eu,false,
2022-12-22 05:00:00,Portugal,Portugal,PT,33.98,70.22,91.13,91.13,entsoe.eu,false,
2022-12-22 06:00:00,Portugal,Portugal,PT,52.0,82.01,92.42,92.42,entsoe.eu,false,
2022-12-22 07:00:00,Portugal,Portugal,PT,59.91,86.46,92.74,92.74,entsoe.eu,false,
2022-12-22 08:00:00,Portugal,Portugal,PT,59.99,88.14,91.81,91.81,entsoe.eu,false,
2022-12-22 09:00:00,Portugal,Portugal,PT,46.29,75.06,92.68,92.64,entsoe.eu,false,
2022-12-22 10:00:00,Portugal,Portugal,PT,45.06,74.79,92.05,90.6,entsoe.eu,false,
2022-12-22 11:00:00,Portugal,Portugal,PT,38.15,69.11,91.57,88.99,entsoe.eu,false,
2022-12-22 12:00:00,Portugal,Portugal,PT,42.52,74.48,90.58,87.78,entsoe.eu,false,
2022-12-22 13:00:00,Portugal,Portugal,PT,38.17,70.36,90.84,88.05,entsoe.eu,false,
2022-12-22 14:00:00,Portugal,Portugal,PT,41.21,73.88,90.26,86.57,entsoe.eu,false,
2022-12-22 15:00:00,Portugal,Portugal,PT,46.65,78.36,90.58,87.21,entsoe.eu,false,
2022-12-22 16:00:00,Portugal,Portugal,PT,64.25,96.8,88.45,86.35,entsoe.eu,false,
2022-12-22 17:00:00,Portugal,Portugal,PT,72.6,103.43,88.62,88.62,entsoe.eu,false,
2022-12-22 18:00:00,Portugal,Portugal,PT,76.73,106.61,89.05,89.05,entsoe.eu,false,
2022-12-22 19:00:00,Portugal,Portugal,PT,80.77,109.35,89.54,89.54,entsoe.eu,false,
2022-12-22 20:00:00,Portugal,Portugal,PT,68.54,96.99,90.82,90.82,entsoe.eu,false,
2022-12-22 21:00:00,Portugal,Portugal,PT,51.12,82.39,90.86,89.02,entsoe.eu,false,
2022-12-22 22:00:00,Portugal,Portugal,PT,43.75,76.84,90.34,87.7,entsoe.eu,false,
2022-12-22 23:00:00,Portugal,Portugal,PT,42.54,72.71,93.22,93.22,entsoe.eu,false,
2022-12-23 00:00:00,Portugal,Portugal,PT,30.2,58.13,95.99,95.99,entsoe.eu,false,
2022-12-23 01:00:00,Portugal,Portugal,PT,20.23,49.55,95.83,95.83,entsoe.eu,false,
2022-12-23 02:00:00,Portugal,Portugal,PT,18.26,48.77,95.55,95.55,entsoe.eu,false,
2022-12-23 03:00:00,Portugal,Portugal,PT,24.76,55.37,95.48,95.48,entsoe.eu,false,
2022-12-23 04:00:00,Portugal,Portugal,PT,28.15,57.39,95.75,95.75,entsoe.eu,false,
2022-12-23 05:00:00,Portugal,Portugal,PT,33.16,60.14,96.32,96.32,entsoe.eu,false,
2022-12-23 06:00:00,Portugal,Portugal,PT,27.85,55.14,96.34,96.34,entsoe.eu,false,
2022-12-23 07:00:00,Portugal,Portugal,PT,31.74,57.61,96.5,96.5,entsoe.eu,false,
2022-12-23 08:00:00,Portugal,Portugal,PT,26.87,53.43,96.42,96.42,entsoe.eu,false,
2022-12-23 09:00:00,Portugal,Portugal,PT,31.12,57.8,96.24,96.24,entsoe.eu,false,
2022-12-23 10:00:00,Portugal,Portugal,PT,22.98,53.3,94.56,94.02,entsoe.eu,false,
2022-12-23 11:00:00,Portugal,Portugal,PT,24.79,55.61,93.85,92.54,entsoe.eu,false,
2022-12-23 12:00:00,Portugal,Portugal,PT,26.68,58.01,93.91,93.15,entsoe.eu,false,
2022-12-23 13:00:00,Portugal,Portugal,PT,27.19,58.0,94.17,94.0,entsoe.eu,false,
2022-12-23 14:00:00,Portugal,Portugal,PT,33.84,67.1,91.72,91.17,entsoe.eu,false,
2022-12-23 15:00:00,Portugal,Portugal,PT,54.75,85.64,91.33,91.33,entsoe.eu,false,
2022-12-23 16:00:00,Portugal,Portugal,PT,55.67,85.11,91.91,91.91,entsoe.eu,false,
2022-12-23 17:00:00,Portugal,Portugal,PT,63.8,90.69,92.54,92.54,entsoe.eu,false,
2022-12-23 18:00:00,Portugal,Portugal,PT,63.38,90.05,92.62,92.62,entsoe.eu,false,
2022-12-23 19:00:00,Portugal,Portugal,PT,63.26,89.84,92.62,92.62,entsoe.eu,false,
2022-12-23 20:00:00,Portugal,Portugal,PT,60.15,87.14,92.47,92.47,entsoe.eu,false,
2022-12-23 21:00:00,Portugal,Portugal,PT,51.67,78.34,93.57,93.57,entsoe.eu,false,
2022-12-23 22:00:00,Portugal,Portugal,PT,34.89,60.13,96.55,96.55,entsoe.eu,false,
2022-12-23 23:00:00,Portugal,Portugal,PT,40.78,63.99,96.89,96.89,entsoe.eu,false,
2022-12-24 00:00:00,Portugal,Portugal,PT,43.1,67.12,95.95,95.95,entsoe.eu,false,
2022-12-24 01:00:00,Portugal,Portugal,PT,33.58,59.53,95.66,95.66,entsoe.eu,false,
2022-12-24 02:00:00,Portugal,Portugal,PT,28.41,55.49,95.47,95.47,entsoe.eu,false,
2022-12-24 03:00:00,Portugal,Portugal,PT,27.15,54.6,95.42,95.42,entsoe.eu,false,
2022-12-24 04:00:00,Portugal,Portugal,PT,27.52,55.08,95.43,95.43,entsoe.eu,false,
2022-12-24 05:00:00,Portugal,Portugal,PT,29.76,56.98,95.45,95.45,entsoe.eu,false,
2022-12-24 06:00:00,Portugal,Portugal,PT,31.99,58.91,95.43,95.43,entsoe.eu,false,
2022-12-24 07:00:00,Portugal,Portugal,PT,30.54,56.14,96.99,96.99,entsoe.eu,false,
2022-12-24 08:00:00,Portugal,Portugal,PT,33.42,58.96,97.01,97.01,entsoe.eu,false,
2022-12-24 09:00:00,Portugal,Portugal,PT,30.18,56.05,97.01,97.01,entsoe.eu,false,
2022-12-24 10:00:00,Portugal,Portugal,PT,33.63,58.34,97.19,97.19,entsoe.eu,false,
2022-12-24 11:00:00,Portugal,Portugal,PT,29.34,54.24,97.23,97.23,entsoe.eu,false,
2022-12-24 12:00:00,Portugal,Portugal,PT,29.48,54.71,97.18,97.18,entsoe.eu,false,
2022-12-24 13:00:00,Portugal,Portugal,PT,28.9,54.79,97.07,97.07,entsoe.eu,false,
2022-12-24 14:00:00,Portugal,Portugal,PT,31.73,57.4,97.09,97.09,entsoe.eu,false,
2022-12-24 15:00:00,Portugal,Portugal,PT,29.46,54.42,97.18,97.18,entsoe.eu,false,
2022-12-24 16:00:00,Portugal,Portugal,PT,29.94,54.29,97.24,97.24,entsoe.eu,false,
2022-12-24 17:00:00,Portugal,Portugal,PT,37.76,59.31,97.59,97.59,entsoe.eu,false,
2022-12-24 18:00:00,Portugal,Portugal,PT,39.69,60.2,97.79,97.79,entsoe.eu,false,
2022-12-24 19:00:00,Portugal,Portugal,PT,37.38,58.43,97.7,97.7,entsoe.eu,false,
2022-12-24 20:00:00,Portugal,Portugal,PT,21.08,45.02,97.4,97.4,entsoe.eu,false,
2022-12-24 21:00:00,Portugal,Portugal,PT,22.15,45.5,97.49,97.49,entsoe.eu,false,
2022-12-24 22:00:00,Portugal,Portugal,PT,24.0,47.82,97.4,97.4,entsoe.eu,false,
2022-12-24 23:00:00,Portugal,Portugal,PT,17.37,42.98,97.23,97.23,entsoe.eu,false,
2022-12-25 00:00:00,Portugal,Portugal,PT,15.72,42.13,97.26,97.26,entsoe.eu,false,
2022-12-25 01:00:00,Portugal,Portugal,PT,17.29,43.72,97.22,97.22,entsoe.eu,false,
2022-12-25 02:00:00,Portugal,Portugal,PT,20.97,47.37,97.16,97.16,entsoe.eu,false,
2022-12-25 03:00:00,Portugal,Portugal,PT,12.56,41.53,96.84,96.84,entsoe.eu,false,
2022-12-25 04:00:00,Portugal,Portugal,PT,13.25,42.74,96.66,96.66,entsoe.eu,false,
2022-12-25 05:00:00,Portugal,Portugal,PT,13.76,43.98,96.53,96.53,entsoe.eu,false,
2022-12-25 06:00:00,Portugal,Portugal,PT,14.4,45.65,96.36,96.36,entsoe.eu,false,
2022-12-25 07:00:00,Portugal,Portugal,PT,13.91,44.43,96.5,96.5,entsoe.eu,false,
2022-12-25 08:00:00,Portugal,Portugal,PT,13.29,43.07,96.65,96.65,entsoe.eu,false,
2022-12-25 09:00:00,Portugal,Portugal,PT,13.79,44.08,96.53,96.53,entsoe.eu,false,
2022-12-25 10:00:00,Portugal,Portugal,PT,13.95,44.49,96.49,96.49,entsoe.eu,false,
2022-12-25 11:00:00,Portugal,Portugal,PT,14.18,44.81,96.42,96.42,entsoe.eu,false,
2022-12-25 12:00:00,Portugal,Portugal,PT,14.74,45.92,96.31,96.09,entsoe.eu,false,
2022-12-25 13:00:00,Portugal,Portugal,PT,19.41,51.49,95.36,93.1,entsoe.eu,false,
2022-12-25 14:00:00,Portugal,Portugal,PT,22.65,55.11,94.71,91.04,entsoe.eu,false,
2022-12-25 15:00:00,Portugal,Portugal,PT,22.46,55.81,94.69,91.66,entsoe.eu,false,
2022-12-25 16:00:00,Portugal,Portugal,PT,19.86,50.78,96.08,96.08,entsoe.eu,false,
2022-12-25 17:00:00,Portugal,Portugal,PT,44.78,70.04,96.75,96.75,entsoe.eu,false,
2022-12-25 18:00:00,Portugal,Portugal,PT,52.97,76.69,96.91,96.91,entsoe.eu,false,
2022-12-25 19:00:00,Portugal,Portugal,PT,56.34,79.73,96.9,96.9,entsoe.eu,false,
2022-12-25 20:00:00,Portugal,Portugal,PT,54.26,77.63,96.88,96.88,entsoe.eu,false,
2022-12-25 21:00:00,Portugal,Portugal,PT,55.87,80.28,96.7,96.7,entsoe.eu,false,
2022-12-25 22:00:00,Portugal,Portugal,PT,49.69,75.6,96.49,96.49,entsoe.eu,false,
2022-12-25 23:00:00,Portugal,Portugal,PT,19.66,55.35,95.07,94.86,entsoe.eu,false,
2022-12-26 00:00:00,Portugal,Portugal,PT,35.75,72.7,91.86,84.9,entsoe.eu,false,
2022-12-26 01:00:00,Portugal,Portugal,PT,40.86,78.71,90.77,81.59,entsoe.eu,false,
2022-12-26 02:00:00,Portugal,Portugal,PT,45.93,84.71,89.68,77.85,entsoe.eu,false,
2022-12-26 03:00:00,Portugal,Portugal,PT,46.82,86.51,89.53,76.45,entsoe.eu,false,
2022-12-26 04:00:00,Portugal,Portugal,PT,45.12,85.92,89.82,77.8,entsoe.eu,false,
2022-12-26 05:00:00,Portugal,Portugal,PT,43.25,84.47,90.25,79.12,entsoe.eu,false,
2022-12-26 06:00:00,Portugal,Portugal,PT,35.56,75.05,91.81,84.61,entsoe.eu,false,
2022-12-26 07:00:00,Portugal,Portugal,PT,39.12,75.83,93.23,89.15,entsoe.eu,false,
2022-12-26 08:00:00,Portugal,Portugal,PT,46.4,78.25,94.97,93.44,entsoe.eu,false,
2022-12-26 09:00:00,Portugal,Portugal,PT,48.32,78.25,95.66,94.91,entsoe.eu,false,
2022-12-26 10:00:00,Portugal,Portugal,PT,43.61,73.45,95.8,94.68,entsoe.eu,false,
2022-12-26 11:00:00,Portugal,Portugal,PT,46.42,78.25,94.46,92.57,entsoe.eu,false,
2022-12-26 12:00:00,Portugal,Portugal,PT,49.26,82.18,93.72,91.35,entsoe.eu,false,
2022-12-26 13:00:00,Portugal,Portugal,PT,49.28,81.93,93.78,91.79,entsoe.eu,false,
2022-12-26 14:00:00,Portugal,Portugal,PT,54.79,90.94,91.17,88.4,entsoe.eu,false,
2022-12-26 15:00:00,Portugal,Portugal,PT,77.66,118.63,85.8,83.18,entsoe.eu,false,
2022-12-26 16:00:00,Portugal,Portugal,PT,89.98,126.47,86.6,86.6,entsoe.eu,false,
2022-12-26 17:00:00,Portugal,Portugal,PT,91.38,126.67,86.91,86.91,entsoe.eu,false,
2022-12-26 18:00:00,Portugal,Portugal,PT,88.98,122.08,88.03,88.03,entsoe.eu,false,
2022-12-26 19:00:00,Portugal,Portugal,PT,89.38,122.55,87.83,87.83,entsoe.eu,false,
2022-12-26 20:00:00,Portugal,Portugal,PT,90.76,123.92,87.89,87.89,entsoe.eu,false,
2022-12-26 21:00:00,Portugal,Portugal,PT,79.32,111.69,89.89,89.89,entsoe.eu,false,
2022-12-26 22:00:00,Portugal,Portugal,PT,75.72,106.31,91.82,91.82,entsoe.eu,false,
2022-12-26 23:00:00,Portugal,Portugal,PT,68.9,104.71,90.11,90.11,entsoe.eu,false,
2022-12-27 00:00:00,Portugal,Portugal,PT,67.71,104.19,89.95,89.95,entsoe.eu,false,
2022-12-27 01:00:00,Portugal,Portugal,PT,58.18,98.86,89.63,89.63,entsoe.eu,false,
2022-12-27 02:00:00,Portugal,Portugal,PT,61.5,108.03,85.58,79.02,entsoe.eu,false,
2022-12-27 03:00:00,Portugal,Portugal,PT,62.33,108.06,85.54,77.8,entsoe.eu,false,
2022-12-27 04:00:00,Portugal,Portugal,PT,62.08,106.29,86.74,86.4,entsoe.eu,false,
2022-12-27 05:00:00,Portugal,Portugal,PT,71.77,112.99,85.41,85.41,entsoe.eu,false,
2022-12-27 06:00:00,Portugal,Portugal,PT,93.24,134.78,82.32,82.32,entsoe.eu,false,
2022-12-27 07:00:00,Portugal,Portugal,PT,96.97,138.95,81.61,81.61,entsoe.eu,false,
2022-12-27 08:00:00,Portugal,Portugal,PT,103.19,147.59,79.48,79.48,entsoe.eu,false,
2022-12-27 09:00:00,Portugal,Portugal,PT,98.23,141.96,80.37,80.37,entsoe.eu,false,
2022-12-27 10:00:00,Portugal,Portugal,PT,93.42,140.97,79.03,79.03,entsoe.eu,false,
2022-12-27 11:00:00,Portugal,Portugal,PT,89.35,138.69,78.78,78.53,entsoe.eu,false,
2022-12-27 12:00:00,Portugal,Portugal,PT,93.53,141.61,79.48,79.41,entsoe.eu,false,
2022-12-27 13:00:00,Portugal,Portugal,PT,84.34,130.92,81.62,80.73,entsoe.eu,false,
2022-12-27 14:00:00,Portugal,Portugal,PT,90.02,137.11,80.49,79.55,entsoe.eu,false,
2022-12-27 15:00:00,Portugal,Portugal,PT,102.94,146.18,80.65,80.65,entsoe.eu,false,
2022-12-27 16:00:00,Portugal,Portugal,PT,113.54,155.11,80.43,80.43,entsoe.eu,false,
2022-12-27 17:00:00,Portugal,Portugal,PT,114.13,154.73,80.63,80.63,entsoe.eu,false,
2022-12-27 18:00:00,Portugal,Portugal,PT,114.02,153.98,81.16,81.16,entsoe.eu,false,
2022-12-27 19:00:00,Portugal,Portugal,PT,113.5,153.08,81.48,81.48,entsoe.eu,false,
2022-12-27 20:00:00,Portugal,Portugal,PT,109.26,147.19,83.0,83.0,entsoe.eu,false,
2022-12-27 21:00:00,Portugal,Portugal,PT,101.72,138.84,84.07,84.07,entsoe.eu,false,
2022-12-27 22:00:00,Portugal,Portugal,PT,93.03,133.79,82.4,82.4,entsoe.eu,false,
2022-12-27 23:00:00,Portugal,Portugal,PT,63.05,107.33,84.11,79.85,entsoe.eu,false,
2022-12-28 00:00:00,Portugal,Portugal,PT,34.47,70.41,92.16,83.6,entsoe.eu,false,
2022-12-28 01:00:00,Portugal,Portugal,PT,33.63,69.31,92.28,83.8,entsoe.eu,false,
2022-12-28 02:00:00,Portugal,Portugal,PT,33.59,70.16,92.25,84.36,entsoe.eu,false,
2022-12-28 03:00:00,Portugal,Portugal,PT,35.85,72.4,91.81,82.21,entsoe.eu,false,
2022-12-28 04:00:00,Portugal,Portugal,PT,34.54,70.32,92.09,82.92,entsoe.eu,false,
2022-12-28 05:00:00,Portugal,Portugal,PT,29.08,64.56,93.19,87.09,entsoe.eu,false,
2022-12-28 06:00:00,Portugal,Portugal,PT,25.43,59.33,93.94,90.42,entsoe.eu,false,
2022-12-28 07:00:00,Portugal,Portugal,PT,27.69,56.8,95.93,95.93,entsoe.eu,false,
2022-12-28 08:00:00,Portugal,Portugal,PT,19.45,50.31,95.76,95.76,entsoe.eu,false,
2022-12-28 09:00:00,Portugal,Portugal,PT,21.1,53.76,95.03,93.28,entsoe.eu,false,
2022-12-28 10:00:00,Portugal,Portugal,PT,20.33,52.13,95.28,92.86,entsoe.eu,false,
2022-12-28 11:00:00,Portugal,Portugal,PT,20.71,52.3,95.3,91.88,entsoe.eu,false,
2022-12-28 12:00:00,Portugal,Portugal,PT,19.85,50.83,95.47,92.37,entsoe.eu,false,
2022-12-28 13:00:00,Portugal,Portugal,PT,18.35,48.93,95.73,93.31,entsoe.eu,false,
2022-12-28 14:00:00,Portugal,Portugal,PT,20.6,51.49,95.3,92.0,entsoe.eu,false,
2022-12-28 15:00:00,Portugal,Portugal,PT,28.9,61.68,93.35,89.04,entsoe.eu,false,
2022-12-28 16:00:00,Portugal,Portugal,PT,29.42,62.11,92.78,90.95,entsoe.eu,false,
2022-12-28 17:00:00,Portugal,Portugal,PT,58.57,82.28,95.47,95.47,entsoe.eu,false,
2022-12-28 18:00:00,Portugal,Portugal,PT,61.21,83.46,95.93,95.93,entsoe.eu,false,
2022-12-28 19:00:00,Portugal,Portugal,PT,58.81,82.67,95.51,95.51,entsoe.eu,false,
2022-12-28 20:00:00,Portugal,Portugal,PT,45.44,72.63,95.51,95.34,entsoe.eu,false,
2022-12-28 21:00:00,Portugal,Portugal,PT,35.45,65.23,94.74,90.24,entsoe.eu,false,
2022-12-28 22:00:00,Portugal,Portugal,PT,26.81,59.11,93.97,86.81,entsoe.eu,false,
2022-12-28 23:00:00,Portugal,Portugal,PT,23.99,57.09,94.47,89.03,entsoe.eu,false,
2022-12-29 00:00:00,Portugal,Portugal,PT,19.85,53.31,95.32,92.48,entsoe.eu,false,
2022-12-29 01:00:00,Portugal,Portugal,PT,16.45,49.21,96.0,94.9,entsoe.eu,false,
2022-12-29 02:00:00,Portugal,Portugal,PT,20.53,52.97,95.23,91.39,entsoe.eu,false,
2022-12-29 03:00:00,Portugal,Portugal,PT,24.01,56.39,94.55,88.41,entsoe.eu,false,
2022-12-29 04:00:00,Portugal,Portugal,PT,22.27,54.45,94.9,89.76,entsoe.eu,false,
2022-12-29 05:00:00,Portugal,Portugal,PT,19.3,52.4,95.43,92.45,entsoe.eu,false,
2022-12-29 06:00:00,Portugal,Portugal,PT,31.64,63.86,96.26,96.26,entsoe.eu,false,
2022-12-29 07:00:00,Portugal,Portugal,PT,53.1,79.34,96.87,96.87,entsoe.eu,false,
2022-12-29 08:00:00,Portugal,Portugal,PT,60.97,82.62,97.54,97.54,entsoe.eu,false,
2022-12-29 09:00:00,Portugal,Portugal,PT,58.5,80.12,97.57,97.57,entsoe.eu,false,
2022-12-29 10:00:00,Portugal,Portugal,PT,48.97,72.41,97.44,97.44,entsoe.eu,false,
2022-12-29 11:00:00,Portugal,Portugal,PT,42.07,65.64,97.55,97.55,entsoe.eu,false,
2022-12-29 12:00:00,Portugal,Portugal,PT,28.31,53.02,97.58,97.58,entsoe.eu,false,
2022-12-29 13:00:00,Portugal,Portugal,PT,30.53,54.28,97.7,97.7,entsoe.eu,false,
2022-12-29 14:00:00,Portugal,Portugal,PT,29.09,52.77,97.69,97.69,entsoe.eu,false,
2022-12-29 15:00:00,Portugal,Portugal,PT,36.52,59.51,97.01,97.01,entsoe.eu,false,
2022-12-29 16:00:00,Portugal,Portugal,PT,48.08,70.23,96.21,96.21,entsoe.eu,false,
2022-12-29 17:00:00,Portugal,Portugal,PT,49.78,71.14,96.37,96.37,entsoe.eu,false,
2022-12-29 18:00:00,Portugal,Portugal,PT,44.73,66.65,96.3,96.3,entsoe.eu,false,
2022-12-29 19:00:00,Portugal,Portugal,PT,42.86,64.77,96.43,96.43,entsoe.eu,false,
2022-12-29 20:00:00,Portugal,Portugal,PT,32.81,54.25,97.76,97.76,entsoe.eu,false,
2022-12-29 21:00:00,Portugal,Portugal,PT,24.06,47.06,97.61,97.61,entsoe.eu,false,
2022-12-29 22:00:00,Portugal,Portugal,PT,21.68,45.8,97.53,97.53,entsoe.eu,false,
2022-12-29 23:00:00,Portugal,Portugal,PT,10.86,37.69,97.29,97.29,entsoe.eu,false,
2022-12-30 00:00:00,Portugal,Portugal,PT,10.29,36.95,97.43,97.43,entsoe.eu,false,
2022-12-30 01:00:00,Portugal,Portugal,PT,10.68,37.89,97.33,97.33,entsoe.eu,false,
2022-12-30 02:00:00,Portugal,Portugal,PT,10.76,38.33,97.32,97.32,entsoe.eu,false,
2022-12-30 03:00:00,Portugal,Portugal,PT,11.16,39.37,97.22,97.22,entsoe.eu,false,
2022-12-30 04:00:00,Portugal,Portugal,PT,10.96,38.94,97.26,97.26,entsoe.eu,false,
2022-12-30 05:00:00,Portugal,Portugal,PT,10.77,38.52,97.31,97.31,entsoe.eu,false,
2022-12-30 06:00:00,Portugal,Portugal,PT,23.17,48.47,97.52,97.52,entsoe.eu,false,
2022-12-30 07:00:00,Portugal,Portugal,PT,35.38,58.28,97.74,97.74,entsoe.eu,false,
2022-12-30 08:00:00,Portugal,Portugal,PT,34.07,57.02,97.78,97.78,entsoe.eu,false,
2022-12-30 09:00:00,Portugal,Portugal,PT,30.13,54.54,97.6,97.6,entsoe.eu,false,
2022-12-30 10:00:00,Portugal,Portugal,PT,28.61,53.4,97.58,97.58,entsoe.eu,false,
2022-12-30 11:00:00,Portugal,Portugal,PT,26.94,52.05,97.57,97.57,entsoe.eu,false,
2022-12-30 12:00:00,Portugal,Portugal,PT,24.47,50.13,97.58,97.58,entsoe.eu,false,
2022-12-30 13:00:00,Portugal,Portugal,PT,25.67,51.34,97.61,97.61,entsoe.eu,false,
2022-12-30 14:00:00,Portugal,Portugal,PT,27.34,52.31,97.7,97.7,entsoe.eu,false,
2022-12-30 15:00:00,Portugal,Portugal,PT,33.98,56.98,97.79,97.79,entsoe.eu,false,
2022-12-30 16:00:00,Portugal,Portugal,PT,39.42,60.89,97.88,97.88,entsoe.eu,false,
2022-12-30 17:00:00,Portugal,Portugal,PT,37.55,58.68,97.87,97.87,entsoe.eu,false,
2022-12-30 18:00:00,Portugal,Portugal,PT,37.5,58.3,97.92,97.92,entsoe.eu,false,
2022-12-30 19:00:00,Portugal,Portugal,PT,43.38,63.86,97.9,97.9,entsoe.eu,false,
2022-12-30 20:00:00,Portugal,Portugal,PT,48.92,69.15,97.84,97.84,entsoe.eu,false,
2022-12-30 21:00:00,Portugal,Portugal,PT,42.6,63.97,97.73,97.73,entsoe.eu,false,
2022-12-30 22:00:00,Portugal,Portugal,PT,34.62,57.7,97.53,97.53,entsoe.eu,false,
2022-12-30 23:00:00,Portugal,Portugal,PT,39.55,61.61,97.69,97.69,entsoe.eu,false,
2022-12-31 00:00:00,Portugal,Portugal,PT,22.74,48.44,97.0,97.0,entsoe.eu,false,
2022-12-31 01:00:00,Portugal,Portugal,PT,20.83,47.82,96.81,96.81,entsoe.eu,false,
2022-12-31 02:00:00,Portugal,Portugal,PT,13.88,43.22,96.5,96.5,entsoe.eu,false,
2022-12-31 03:00:00,Portugal,Portugal,PT,14.2,43.9,96.41,96.41,entsoe.eu,false,
2022-12-31 04:00:00,Portugal,Portugal,PT,14.43,44.38,96.36,96.36,entsoe.eu,false,
2022-12-31 05:00:00,Portugal,Portugal,PT,14.69,44.8,96.31,96.31,entsoe.eu,false,
2022-12-31 06:00:00,Portugal,Portugal,PT,21.75,49.36,96.69,96.69,entsoe.eu,false,
2022-12-31 07:00:00,Portugal,Portugal,PT,40.19,62.61,97.69,97.69,entsoe.eu,false,
2022-12-31 08:00:00,Portugal,Portugal,PT,42.56,64.45,97.81,97.81,entsoe.eu,false,
2022-12-31 09:00:00,Portugal,Portugal,PT,41.62,63.48,97.84,97.84,entsoe.eu,false,
2022-12-31 10:00:00,Portugal,Portugal,PT,32.69,56.12,97.7,97.7,entsoe.eu,false,
2022-12-31 11:00:00,Portugal,Portugal,PT,25.97,50.63,97.64,97.64,entsoe.eu,false,
2022-12-31 12:00:00,Portugal,Portugal,PT,26.5,51.12,97.62,97.62,entsoe.eu,false,
2022-12-31 13:00:00,Portugal,Portugal,PT,28.57,52.69,97.69,97.69,entsoe.eu,false,
2022-12-31 14:00:00,Portugal,Portugal,PT,26.75,51.71,97.61,97.61,entsoe.eu,false,
2022-12-31 15:00:00,Portugal,Portugal,PT,34.45,58.02,97.68,97.68,entsoe.eu,false,
2022-12-31 16:00:00,Portugal,Portugal,PT,42.82,64.41,97.42,97.42,entsoe.eu,false,
2022-12-31 17:00:00,Portugal,Portugal,PT,48.36,69.75,96.76,96.76,entsoe.eu,false,
2022-12-31 18:00:00,Portugal,Portugal,PT,56.79,78.75,95.69,95.69,entsoe.eu,false,
2022-12-31 19:00:00,Portugal,Portugal,PT,57.21,79.7,95.33,95.33,entsoe.eu,false,
2022-12-31 20:00:00,Portugal,Portugal,PT,53.13,76.26,95.71,95.71,entsoe.eu,false,
2022-12-31 21:00:00,Portugal,Portugal,PT,50.9,73.09,96.72,96.72,entsoe.eu,false,
2022-12-31 22:00:00,Portugal,Portugal,PT,44.72,66.92,97.78,97.78,entsoe.eu,false,
2022-12-31 23:00:00,Portugal,Portugal,PT,20.61,48.14,97.3,97.3,entsoe.eu,false,
