Datetime (UTC),Country,Zone Name,Zone Id,Carbon Intensity gCO₂eq/kWh (direct),Carbon Intensity gCO₂eq/kWh (LCA),Low Carbon Percentage,Renewable Percentage,Data Source,Data Estimated,Data Estimation Method
2022-01-01 00:00:00,Slovakia,Slovakia,SK,229.74,266.24,72.25,22.87,entsoe.eu,false,
2022-01-01 01:00:00,Slovakia,Slovakia,SK,223.45,260.54,72.87,23.35,entsoe.eu,false,
2022-01-01 02:00:00,Slovakia,Slovakia,SK,219.0,256.23,73.3,23.31,entsoe.eu,false,
2022-01-01 03:00:00,Slovakia,Slovakia,SK,215.15,252.2,73.64,23.62,entsoe.eu,false,
2022-01-01 04:00:00,Slovakia,Slovakia,SK,204.97,241.74,74.55,23.98,entsoe.eu,false,
2022-01-01 05:00:00,Slovakia,Slovakia,SK,188.43,224.02,76.15,24.03,entsoe.eu,false,
2022-01-01 06:00:00,Slovakia,Slovakia,SK,166.41,200.57,78.42,25.86,entsoe.eu,false,
2022-01-01 07:00:00,Slovakia,Slovakia,SK,176.18,210.82,77.8,26.74,entsoe.eu,false,
2022-01-01 08:00:00,Slovakia,Slovakia,SK,170.46,205.1,78.23,27.7,entsoe.eu,false,
2022-01-01 09:00:00,Slovakia,Slovakia,SK,135.95,167.69,81.4,27.94,entsoe.eu,false,
2022-01-01 10:00:00,Slovakia,Slovakia,SK,128.32,158.82,81.73,27.05,entsoe.eu,false,
2022-01-01 11:00:00,Slovakia,Slovakia,SK,127.01,157.38,81.85,27.66,entsoe.eu,false,
2022-01-01 12:00:00,Slovakia,Slovakia,SK,127.74,157.82,81.74,27.26,entsoe.eu,false,
2022-01-01 13:00:00,Slovakia,Slovakia,SK,132.89,162.5,82.32,29.67,entsoe.eu,false,
2022-01-01 14:00:00,Slovakia,Slovakia,SK,145.13,174.39,81.93,31.14,entsoe.eu,false,
2022-01-01 15:00:00,Slovakia,Slovakia,SK,163.67,192.08,80.63,31.73,entsoe.eu,false,
2022-01-01 16:00:00,Slovakia,Slovakia,SK,191.91,221.49,79.0,32.03,entsoe.eu,false,
2022-01-01 17:00:00,Slovakia,Slovakia,SK,198.32,227.97,78.43,31.19,entsoe.eu,false,
2022-01-01 18:00:00,Slovakia,Slovakia,SK,219.08,251.37,75.46,28.02,entsoe.eu,false,
2022-01-01 19:00:00,Slovakia,Slovakia,SK,224.67,258.18,74.23,25.98,entsoe.eu,false,
2022-01-01 20:00:00,Slovakia,Slovakia,SK,234.01,268.63,73.04,24.8,entsoe.eu,false,
2022-01-01 21:00:00,Slovakia,Slovakia,SK,221.1,255.37,74.09,25.15,entsoe.eu,false,
2022-01-01 22:00:00,Slovakia,Slovakia,SK,182.96,214.91,76.84,25.14,entsoe.eu,false,
2022-01-01 23:00:00,Slovakia,Slovakia,SK,236.06,271.74,71.89,23.33,entsoe.eu,false,
2022-01-02 00:00:00,Slovakia,Slovakia,SK,240.97,277.07,71.44,23.4,entsoe.eu,false,
2022-01-02 01:00:00,Slovakia,Slovakia,SK,221.96,257.92,73.2,24.75,entsoe.eu,false,
2022-01-02 02:00:00,Slovakia,Slovakia,SK,211.47,247.0,74.31,25.75,entsoe.eu,false,
2022-01-02 03:00:00,Slovakia,Slovakia,SK,205.26,240.53,74.8,25.62,entsoe.eu,false,
2022-01-02 04:00:00,Slovakia,Slovakia,SK,202.06,237.1,74.95,25.45,entsoe.eu,false,
2022-01-02 05:00:00,Slovakia,Slovakia,SK,203.86,239.24,74.74,24.85,entsoe.eu,false,
2022-01-02 06:00:00,Slovakia,Slovakia,SK,213.41,249.4,73.91,25.37,entsoe.eu,false,
2022-01-02 07:00:00,Slovakia,Slovakia,SK,233.19,269.96,72.27,26.27,entsoe.eu,false,
2022-01-02 08:00:00,Slovakia,Slovakia,SK,232.45,268.81,72.5,27.03,entsoe.eu,false,
2022-01-02 09:00:00,Slovakia,Slovakia,SK,226.35,262.28,73.34,28.98,entsoe.eu,false,
2022-01-02 10:00:00,Slovakia,Slovakia,SK,224.73,260.6,73.41,29.1,entsoe.eu,false,
2022-01-02 11:00:00,Slovakia,Slovakia,SK,223.94,259.73,73.42,28.79,entsoe.eu,false,
2022-01-02 12:00:00,Slovakia,Slovakia,SK,225.89,261.37,73.15,28.36,entsoe.eu,false,
2022-01-02 13:00:00,Slovakia,Slovakia,SK,244.64,281.46,71.3,27.87,entsoe.eu,false,
2022-01-02 14:00:00,Slovakia,Slovakia,SK,244.07,280.08,71.83,28.25,entsoe.eu,false,
2022-01-02 15:00:00,Slovakia,Slovakia,SK,261.03,296.66,71.35,29.53,entsoe.eu,false,
2022-01-02 16:00:00,Slovakia,Slovakia,SK,269.02,304.08,71.58,31.06,entsoe.eu,false,
2022-01-02 17:00:00,Slovakia,Slovakia,SK,255.03,289.21,72.84,31.89,entsoe.eu,false,
2022-01-02 18:00:00,Slovakia,Slovakia,SK,258.28,294.27,71.28,29.93,entsoe.eu,false,
2022-01-02 19:00:00,Slovakia,Slovakia,SK,249.76,286.12,71.21,28.52,entsoe.eu,false,
2022-01-02 20:00:00,Slovakia,Slovakia,SK,238.5,274.35,71.74,26.83,entsoe.eu,false,
2022-01-02 21:00:00,Slovakia,Slovakia,SK,241.27,277.66,71.69,26.67,entsoe.eu,false,
2022-01-02 22:00:00,Slovakia,Slovakia,SK,226.69,262.16,72.74,24.77,entsoe.eu,false,
2022-01-02 23:00:00,Slovakia,Slovakia,SK,209.33,243.36,74.25,23.73,entsoe.eu,false,
2022-01-03 00:00:00,Slovakia,Slovakia,SK,195.92,229.82,75.65,23.32,entsoe.eu,false,
2022-01-03 01:00:00,Slovakia,Slovakia,SK,196.33,230.5,75.46,23.05,entsoe.eu,false,
2022-01-03 02:00:00,Slovakia,Slovakia,SK,192.81,226.39,76.0,22.72,entsoe.eu,false,
2022-01-03 03:00:00,Slovakia,Slovakia,SK,202.68,237.01,74.87,22.57,entsoe.eu,false,
2022-01-03 04:00:00,Slovakia,Slovakia,SK,244.54,280.93,71.11,22.67,entsoe.eu,false,
2022-01-03 05:00:00,Slovakia,Slovakia,SK,277.84,316.1,68.03,24.08,entsoe.eu,false,
2022-01-03 06:00:00,Slovakia,Slovakia,SK,297.67,337.92,65.83,23.75,entsoe.eu,false,
2022-01-03 07:00:00,Slovakia,Slovakia,SK,309.86,349.55,65.58,25.06,entsoe.eu,false,
2022-01-03 08:00:00,Slovakia,Slovakia,SK,305.29,344.64,65.58,25.74,entsoe.eu,false,
2022-01-03 09:00:00,Slovakia,Slovakia,SK,276.2,316.69,66.01,25.05,entsoe.eu,false,
2022-01-03 10:00:00,Slovakia,Slovakia,SK,273.0,312.14,67.09,26.64,entsoe.eu,false,
2022-01-03 11:00:00,Slovakia,Slovakia,SK,273.78,313.39,66.87,26.32,entsoe.eu,false,
2022-01-03 12:00:00,Slovakia,Slovakia,SK,272.87,312.71,66.54,25.39,entsoe.eu,false,
2022-01-03 13:00:00,Slovakia,Slovakia,SK,287.17,327.86,65.08,23.97,entsoe.eu,false,
2022-01-03 14:00:00,Slovakia,Slovakia,SK,292.11,333.14,64.71,23.23,entsoe.eu,false,
2022-01-03 15:00:00,Slovakia,Slovakia,SK,311.58,352.19,64.22,24.93,entsoe.eu,false,
2022-01-03 16:00:00,Slovakia,Slovakia,SK,309.92,350.11,64.8,27.2,entsoe.eu,false,
2022-01-03 17:00:00,Slovakia,Slovakia,SK,316.59,356.65,64.68,26.99,entsoe.eu,false,
2022-01-03 18:00:00,Slovakia,Slovakia,SK,327.78,367.9,63.64,25.15,entsoe.eu,false,
2022-01-03 19:00:00,Slovakia,Slovakia,SK,331.21,373.39,61.43,21.74,entsoe.eu,false,
2022-01-03 20:00:00,Slovakia,Slovakia,SK,318.06,359.41,62.29,21.25,entsoe.eu,false,
2022-01-03 21:00:00,Slovakia,Slovakia,SK,303.4,344.67,63.37,20.84,entsoe.eu,false,
2022-01-03 22:00:00,Slovakia,Slovakia,SK,304.05,342.24,65.73,21.01,entsoe.eu,false,
2022-01-03 23:00:00,Slovakia,Slovakia,SK,343.73,383.67,62.52,19.7,entsoe.eu,false,
2022-01-04 00:00:00,Slovakia,Slovakia,SK,339.71,379.91,62.99,19.5,entsoe.eu,false,
2022-01-04 01:00:00,Slovakia,Slovakia,SK,332.44,372.33,63.59,19.06,entsoe.eu,false,
2022-01-04 02:00:00,Slovakia,Slovakia,SK,324.28,363.8,64.35,19.08,entsoe.eu,false,
2022-01-04 03:00:00,Slovakia,Slovakia,SK,326.21,366.27,63.91,18.88,entsoe.eu,false,
2022-01-04 04:00:00,Slovakia,Slovakia,SK,350.76,391.63,61.53,18.25,entsoe.eu,false,
2022-01-04 05:00:00,Slovakia,Slovakia,SK,362.08,403.91,59.41,18.29,entsoe.eu,false,
2022-01-04 06:00:00,Slovakia,Slovakia,SK,361.59,405.3,57.68,17.66,entsoe.eu,false,
2022-01-04 07:00:00,Slovakia,Slovakia,SK,345.53,388.84,59.22,20.82,entsoe.eu,false,
2022-01-04 08:00:00,Slovakia,Slovakia,SK,325.72,367.82,61.31,22.95,entsoe.eu,false,
2022-01-04 09:00:00,Slovakia,Slovakia,SK,327.01,369.71,60.49,21.37,entsoe.eu,false,
2022-01-04 10:00:00,Slovakia,Slovakia,SK,335.94,380.23,59.07,19.98,entsoe.eu,false,
2022-01-04 11:00:00,Slovakia,Slovakia,SK,334.02,378.72,58.54,19.25,entsoe.eu,false,
2022-01-04 12:00:00,Slovakia,Slovakia,SK,331.9,376.6,58.57,18.96,entsoe.eu,false,
2022-01-04 13:00:00,Slovakia,Slovakia,SK,332.17,377.16,58.46,18.14,entsoe.eu,false,
2022-01-04 14:00:00,Slovakia,Slovakia,SK,326.02,371.32,58.86,18.26,entsoe.eu,false,
2022-01-04 15:00:00,Slovakia,Slovakia,SK,325.98,368.32,60.5,20.56,entsoe.eu,false,
2022-01-04 16:00:00,Slovakia,Slovakia,SK,310.11,350.73,63.0,23.85,entsoe.eu,false,
2022-01-04 17:00:00,Slovakia,Slovakia,SK,325.25,367.29,61.61,23.06,entsoe.eu,false,
2022-01-04 18:00:00,Slovakia,Slovakia,SK,324.21,366.74,60.59,20.66,entsoe.eu,false,
2022-01-04 19:00:00,Slovakia,Slovakia,SK,325.09,367.38,60.65,19.61,entsoe.eu,false,
2022-01-04 20:00:00,Slovakia,Slovakia,SK,326.37,368.41,61.25,19.24,entsoe.eu,false,
2022-01-04 21:00:00,Slovakia,Slovakia,SK,320.12,362.41,61.58,18.68,entsoe.eu,false,
2022-01-04 22:00:00,Slovakia,Slovakia,SK,322.7,362.21,63.68,19.22,entsoe.eu,false,
2022-01-04 23:00:00,Slovakia,Slovakia,SK,304.37,343.98,65.5,20.35,entsoe.eu,false,
2022-01-05 00:00:00,Slovakia,Slovakia,SK,288.4,327.08,66.84,19.51,entsoe.eu,false,
2022-01-05 01:00:00,Slovakia,Slovakia,SK,272.87,310.89,68.3,19.7,entsoe.eu,false,
2022-01-05 02:00:00,Slovakia,Slovakia,SK,264.17,301.63,69.05,19.52,entsoe.eu,false,
2022-01-05 03:00:00,Slovakia,Slovakia,SK,268.13,305.42,68.67,19.4,entsoe.eu,false,
2022-01-05 04:00:00,Slovakia,Slovakia,SK,287.19,324.41,67.0,19.2,entsoe.eu,false,
2022-01-05 05:00:00,Slovakia,Slovakia,SK,300.7,337.37,65.98,21.0,entsoe.eu,false,
2022-01-05 06:00:00,Slovakia,Slovakia,SK,311.48,349.44,65.21,21.35,entsoe.eu,false,
2022-01-05 07:00:00,Slovakia,Slovakia,SK,323.91,361.93,65.17,23.36,entsoe.eu,false,
2022-01-05 08:00:00,Slovakia,Slovakia,SK,309.51,347.63,65.76,22.59,entsoe.eu,false,
2022-01-05 09:00:00,Slovakia,Slovakia,SK,296.88,334.7,66.66,23.11,entsoe.eu,false,
2022-01-05 10:00:00,Slovakia,Slovakia,SK,281.7,317.99,67.86,24.32,entsoe.eu,false,
2022-01-05 11:00:00,Slovakia,Slovakia,SK,281.45,317.93,67.94,24.01,entsoe.eu,false,
2022-01-05 12:00:00,Slovakia,Slovakia,SK,280.24,316.35,68.12,23.79,entsoe.eu,false,
2022-01-05 13:00:00,Slovakia,Slovakia,SK,301.4,338.64,66.33,23.38,entsoe.eu,false,
2022-01-05 14:00:00,Slovakia,Slovakia,SK,308.92,346.0,65.96,23.3,entsoe.eu,false,
2022-01-05 15:00:00,Slovakia,Slovakia,SK,325.99,362.59,65.16,24.22,entsoe.eu,false,
2022-01-05 16:00:00,Slovakia,Slovakia,SK,322.64,358.75,66.57,26.48,entsoe.eu,false,
2022-01-05 17:00:00,Slovakia,Slovakia,SK,322.63,359.26,66.11,25.13,entsoe.eu,false,
2022-01-05 18:00:00,Slovakia,Slovakia,SK,328.34,366.08,65.36,24.63,entsoe.eu,false,
2022-01-05 19:00:00,Slovakia,Slovakia,SK,329.97,369.56,63.79,21.64,entsoe.eu,false,
2022-01-05 20:00:00,Slovakia,Slovakia,SK,305.36,343.97,65.65,21.33,entsoe.eu,false,
2022-01-05 21:00:00,Slovakia,Slovakia,SK,304.87,344.35,65.75,21.32,entsoe.eu,false,
2022-01-05 22:00:00,Slovakia,Slovakia,SK,267.93,307.03,68.85,22.3,entsoe.eu,false,
2022-01-05 23:00:00,Slovakia,Slovakia,SK,272.71,312.2,68.07,22.27,entsoe.eu,false,
2022-01-06 00:00:00,Slovakia,Slovakia,SK,271.01,310.18,68.47,22.6,entsoe.eu,false,
2022-01-06 01:00:00,Slovakia,Slovakia,SK,259.28,298.01,69.59,22.43,entsoe.eu,false,
2022-01-06 02:00:00,Slovakia,Slovakia,SK,258.53,297.2,69.42,21.93,entsoe.eu,false,
2022-01-06 03:00:00,Slovakia,Slovakia,SK,244.86,282.84,70.9,22.56,entsoe.eu,false,
2022-01-06 04:00:00,Slovakia,Slovakia,SK,238.89,277.09,71.23,22.03,entsoe.eu,false,
2022-01-06 05:00:00,Slovakia,Slovakia,SK,237.09,277.17,70.03,22.97,entsoe.eu,false,
2022-01-06 06:00:00,Slovakia,Slovakia,SK,228.16,271.09,68.77,22.95,entsoe.eu,false,
2022-01-06 07:00:00,Slovakia,Slovakia,SK,219.62,262.25,69.61,26.06,entsoe.eu,false,
2022-01-06 08:00:00,Slovakia,Slovakia,SK,224.21,268.37,68.44,25.64,entsoe.eu,false,
2022-01-06 09:00:00,Slovakia,Slovakia,SK,225.13,270.27,67.71,24.38,entsoe.eu,false,
2022-01-06 10:00:00,Slovakia,Slovakia,SK,222.58,267.6,67.81,24.87,entsoe.eu,false,
2022-01-06 11:00:00,Slovakia,Slovakia,SK,233.58,278.77,66.83,24.34,entsoe.eu,false,
2022-01-06 12:00:00,Slovakia,Slovakia,SK,219.5,264.19,67.79,23.17,entsoe.eu,false,
2022-01-06 13:00:00,Slovakia,Slovakia,SK,217.56,262.5,67.8,23.27,entsoe.eu,false,
2022-01-06 14:00:00,Slovakia,Slovakia,SK,215.28,260.18,67.8,22.62,entsoe.eu,false,
2022-01-06 15:00:00,Slovakia,Slovakia,SK,231.81,274.74,69.15,27.49,entsoe.eu,false,
2022-01-06 16:00:00,Slovakia,Slovakia,SK,246.97,290.16,68.18,27.71,entsoe.eu,false,
2022-01-06 17:00:00,Slovakia,Slovakia,SK,264.73,307.95,66.56,26.7,entsoe.eu,false,
2022-01-06 18:00:00,Slovakia,Slovakia,SK,269.57,313.48,66.08,26.06,entsoe.eu,false,
2022-01-06 19:00:00,Slovakia,Slovakia,SK,297.61,343.03,62.29,21.68,entsoe.eu,false,
2022-01-06 20:00:00,Slovakia,Slovakia,SK,307.84,352.6,62.0,19.95,entsoe.eu,false,
2022-01-06 21:00:00,Slovakia,Slovakia,SK,331.62,372.83,62.78,20.02,entsoe.eu,false,
2022-01-06 22:00:00,Slovakia,Slovakia,SK,316.13,356.25,64.42,20.19,entsoe.eu,false,
2022-01-06 23:00:00,Slovakia,Slovakia,SK,316.86,357.25,64.22,18.36,entsoe.eu,false,
2022-01-07 00:00:00,Slovakia,Slovakia,SK,306.55,347.78,65.17,18.71,entsoe.eu,false,
2022-01-07 01:00:00,Slovakia,Slovakia,SK,322.73,364.61,63.71,18.84,entsoe.eu,false,
2022-01-07 02:00:00,Slovakia,Slovakia,SK,329.45,371.45,63.15,18.77,entsoe.eu,false,
2022-01-07 03:00:00,Slovakia,Slovakia,SK,341.22,383.84,61.98,18.87,entsoe.eu,false,
2022-01-07 04:00:00,Slovakia,Slovakia,SK,350.62,393.15,61.12,18.63,entsoe.eu,false,
2022-01-07 05:00:00,Slovakia,Slovakia,SK,343.46,386.25,60.82,20.3,entsoe.eu,false,
2022-01-07 06:00:00,Slovakia,Slovakia,SK,334.35,378.0,60.35,20.28,entsoe.eu,false,
2022-01-07 07:00:00,Slovakia,Slovakia,SK,333.65,378.33,59.66,20.99,entsoe.eu,false,
2022-01-07 08:00:00,Slovakia,Slovakia,SK,309.68,354.02,61.77,23.49,entsoe.eu,false,
2022-01-07 09:00:00,Slovakia,Slovakia,SK,292.02,335.53,63.1,23.43,entsoe.eu,false,
2022-01-07 10:00:00,Slovakia,Slovakia,SK,294.1,338.42,62.72,23.82,entsoe.eu,false,
2022-01-07 11:00:00,Slovakia,Slovakia,SK,291.45,335.74,62.78,23.49,entsoe.eu,false,
2022-01-07 12:00:00,Slovakia,Slovakia,SK,286.06,329.57,63.31,22.96,entsoe.eu,false,
2022-01-07 13:00:00,Slovakia,Slovakia,SK,315.17,359.38,61.03,21.46,entsoe.eu,false,
2022-01-07 14:00:00,Slovakia,Slovakia,SK,330.78,375.09,59.85,20.53,entsoe.eu,false,
2022-01-07 15:00:00,Slovakia,Slovakia,SK,334.41,377.31,60.94,23.14,entsoe.eu,false,
2022-01-07 16:00:00,Slovakia,Slovakia,SK,322.31,364.57,61.88,23.58,entsoe.eu,false,
2022-01-07 17:00:00,Slovakia,Slovakia,SK,319.98,361.86,62.2,23.38,entsoe.eu,false,
2022-01-07 18:00:00,Slovakia,Slovakia,SK,314.5,356.56,62.32,22.92,entsoe.eu,false,
2022-01-07 19:00:00,Slovakia,Slovakia,SK,311.12,353.9,61.84,20.17,entsoe.eu,false,
2022-01-07 20:00:00,Slovakia,Slovakia,SK,321.43,363.63,61.63,19.11,entsoe.eu,false,
2022-01-07 21:00:00,Slovakia,Slovakia,SK,335.78,375.2,62.56,18.25,entsoe.eu,false,
2022-01-07 22:00:00,Slovakia,Slovakia,SK,341.72,382.67,62.14,17.67,entsoe.eu,false,
2022-01-07 23:00:00,Slovakia,Slovakia,SK,350.8,393.76,61.14,17.0,entsoe.eu,false,
2022-01-08 00:00:00,Slovakia,Slovakia,SK,365.75,410.29,59.83,16.53,entsoe.eu,false,
2022-01-08 01:00:00,Slovakia,Slovakia,SK,361.32,405.83,60.12,16.48,entsoe.eu,false,
2022-01-08 02:00:00,Slovakia,Slovakia,SK,356.13,400.4,60.72,16.6,entsoe.eu,false,
2022-01-08 03:00:00,Slovakia,Slovakia,SK,367.48,412.21,59.69,16.19,entsoe.eu,false,
2022-01-08 04:00:00,Slovakia,Slovakia,SK,366.51,411.36,59.64,16.15,entsoe.eu,false,
2022-01-08 05:00:00,Slovakia,Slovakia,SK,346.55,389.17,61.53,16.84,entsoe.eu,false,
2022-01-08 06:00:00,Slovakia,Slovakia,SK,353.94,395.35,61.51,17.73,entsoe.eu,false,
2022-01-08 07:00:00,Slovakia,Slovakia,SK,340.27,379.71,63.35,20.1,entsoe.eu,false,
2022-01-08 08:00:00,Slovakia,Slovakia,SK,337.14,376.47,64.14,22.51,entsoe.eu,false,
2022-01-08 09:00:00,Slovakia,Slovakia,SK,339.21,379.34,63.98,22.93,entsoe.eu,false,
2022-01-08 10:00:00,Slovakia,Slovakia,SK,331.83,371.34,64.4,23.1,entsoe.eu,false,
2022-01-08 11:00:00,Slovakia,Slovakia,SK,326.46,365.75,64.62,22.49,entsoe.eu,false,
2022-01-08 12:00:00,Slovakia,Slovakia,SK,293.81,331.34,66.96,21.77,entsoe.eu,false,
2022-01-08 13:00:00,Slovakia,Slovakia,SK,302.29,340.61,65.84,20.45,entsoe.eu,false,
2022-01-08 14:00:00,Slovakia,Slovakia,SK,314.19,353.72,64.52,19.49,entsoe.eu,false,
2022-01-08 15:00:00,Slovakia,Slovakia,SK,320.13,359.66,64.05,19.93,entsoe.eu,false,
2022-01-08 16:00:00,Slovakia,Slovakia,SK,318.82,358.13,64.28,20.36,entsoe.eu,false,
2022-01-08 17:00:00,Slovakia,Slovakia,SK,321.98,361.48,63.99,20.08,entsoe.eu,false,
2022-01-08 18:00:00,Slovakia,Slovakia,SK,319.03,358.43,64.16,19.58,entsoe.eu,false,
2022-01-08 19:00:00,Slovakia,Slovakia,SK,315.54,354.76,64.3,19.03,entsoe.eu,false,
2022-01-08 20:00:00,Slovakia,Slovakia,SK,310.07,348.89,64.84,18.56,entsoe.eu,false,
2022-01-08 21:00:00,Slovakia,Slovakia,SK,299.5,337.87,65.83,18.46,entsoe.eu,false,
2022-01-08 22:00:00,Slovakia,Slovakia,SK,325.85,366.24,63.5,17.44,entsoe.eu,false,
2022-01-08 23:00:00,Slovakia,Slovakia,SK,281.94,320.27,67.41,19.54,entsoe.eu,false,
2022-01-09 00:00:00,Slovakia,Slovakia,SK,290.96,331.02,66.26,18.9,entsoe.eu,false,
2022-01-09 01:00:00,Slovakia,Slovakia,SK,286.66,327.16,66.61,19.3,entsoe.eu,false,
2022-01-09 02:00:00,Slovakia,Slovakia,SK,285.59,326.36,66.49,19.36,entsoe.eu,false,
2022-01-09 03:00:00,Slovakia,Slovakia,SK,296.03,337.29,65.49,19.36,entsoe.eu,false,
2022-01-09 04:00:00,Slovakia,Slovakia,SK,293.15,334.0,65.97,19.36,entsoe.eu,false,
2022-01-09 05:00:00,Slovakia,Slovakia,SK,295.75,335.93,66.0,19.82,entsoe.eu,false,
2022-01-09 06:00:00,Slovakia,Slovakia,SK,291.04,330.67,66.52,19.51,entsoe.eu,false,
2022-01-09 07:00:00,Slovakia,Slovakia,SK,295.97,334.9,66.06,20.21,entsoe.eu,false,
2022-01-09 08:00:00,Slovakia,Slovakia,SK,319.03,359.23,64.37,21.51,entsoe.eu,false,
2022-01-09 09:00:00,Slovakia,Slovakia,SK,341.03,383.07,62.57,22.12,entsoe.eu,false,
2022-01-09 10:00:00,Slovakia,Slovakia,SK,341.64,383.83,62.34,22.04,entsoe.eu,false,
2022-01-09 11:00:00,Slovakia,Slovakia,SK,340.5,382.53,62.38,21.75,entsoe.eu,false,
2022-01-09 12:00:00,Slovakia,Slovakia,SK,348.12,390.51,61.75,20.94,entsoe.eu,false,
2022-01-09 13:00:00,Slovakia,Slovakia,SK,355.24,397.81,61.08,19.9,entsoe.eu,false,
2022-01-09 14:00:00,Slovakia,Slovakia,SK,365.66,408.51,60.29,19.14,entsoe.eu,false,
2022-01-09 15:00:00,Slovakia,Slovakia,SK,371.03,413.91,60.0,20.46,entsoe.eu,false,
2022-01-09 16:00:00,Slovakia,Slovakia,SK,364.12,405.43,61.63,22.91,entsoe.eu,false,
2022-01-09 17:00:00,Slovakia,Slovakia,SK,358.57,398.58,62.89,24.17,entsoe.eu,false,
2022-01-09 18:00:00,Slovakia,Slovakia,SK,360.67,401.57,62.05,22.87,entsoe.eu,false,
2022-01-09 19:00:00,Slovakia,Slovakia,SK,375.37,419.03,59.19,18.47,entsoe.eu,false,
2022-01-09 20:00:00,Slovakia,Slovakia,SK,371.55,415.29,58.98,16.02,entsoe.eu,false,
2022-01-09 21:00:00,Slovakia,Slovakia,SK,349.28,391.5,61.07,15.68,entsoe.eu,false,
2022-01-09 22:00:00,Slovakia,Slovakia,SK,319.32,360.39,63.77,15.23,entsoe.eu,false,
2022-01-09 23:00:00,Slovakia,Slovakia,SK,335.47,378.13,62.26,14.44,entsoe.eu,false,
2022-01-10 00:00:00,Slovakia,Slovakia,SK,330.83,373.66,62.69,14.4,entsoe.eu,false,
2022-01-10 01:00:00,Slovakia,Slovakia,SK,332.52,375.49,62.62,14.2,entsoe.eu,false,
2022-01-10 02:00:00,Slovakia,Slovakia,SK,330.24,373.24,62.71,14.24,entsoe.eu,false,
2022-01-10 03:00:00,Slovakia,Slovakia,SK,340.42,385.44,60.51,13.74,entsoe.eu,false,
2022-01-10 04:00:00,Slovakia,Slovakia,SK,343.65,389.22,59.84,13.87,entsoe.eu,false,
2022-01-10 05:00:00,Slovakia,Slovakia,SK,312.51,357.38,60.33,14.72,entsoe.eu,false,
2022-01-10 06:00:00,Slovakia,Slovakia,SK,328.47,374.7,58.24,15.67,entsoe.eu,false,
2022-01-10 07:00:00,Slovakia,Slovakia,SK,301.95,346.2,62.13,21.09,entsoe.eu,false,
2022-01-10 08:00:00,Slovakia,Slovakia,SK,291.45,336.93,62.12,20.07,entsoe.eu,false,
2022-01-10 09:00:00,Slovakia,Slovakia,SK,270.99,316.88,63.09,19.13,entsoe.eu,false,
2022-01-10 10:00:00,Slovakia,Slovakia,SK,263.05,307.21,63.89,19.48,entsoe.eu,false,
2022-01-10 11:00:00,Slovakia,Slovakia,SK,257.63,301.17,64.58,19.59,entsoe.eu,false,
2022-01-10 12:00:00,Slovakia,Slovakia,SK,229.53,271.19,66.92,19.4,entsoe.eu,false,
2022-01-10 13:00:00,Slovakia,Slovakia,SK,235.34,277.29,66.36,18.91,entsoe.eu,false,
2022-01-10 14:00:00,Slovakia,Slovakia,SK,222.6,262.66,68.45,19.93,entsoe.eu,false,
2022-01-10 15:00:00,Slovakia,Slovakia,SK,255.75,296.7,66.55,21.11,entsoe.eu,false,
2022-01-10 16:00:00,Slovakia,Slovakia,SK,230.35,269.55,69.47,24.76,entsoe.eu,false,
2022-01-10 17:00:00,Slovakia,Slovakia,SK,252.49,292.13,68.07,24.57,entsoe.eu,false,
2022-01-10 18:00:00,Slovakia,Slovakia,SK,257.79,297.29,67.71,23.87,entsoe.eu,false,
2022-01-10 19:00:00,Slovakia,Slovakia,SK,312.04,356.83,60.25,16.26,entsoe.eu,false,
2022-01-10 20:00:00,Slovakia,Slovakia,SK,315.27,361.03,59.21,13.92,entsoe.eu,false,
2022-01-10 21:00:00,Slovakia,Slovakia,SK,322.27,365.84,60.07,13.72,entsoe.eu,false,
2022-01-10 22:00:00,Slovakia,Slovakia,SK,339.16,380.38,61.4,13.8,entsoe.eu,false,
2022-01-10 23:00:00,Slovakia,Slovakia,SK,331.82,374.3,62.25,13.94,entsoe.eu,false,
2022-01-11 00:00:00,Slovakia,Slovakia,SK,333.33,377.23,62.09,14.16,entsoe.eu,false,
2022-01-11 01:00:00,Slovakia,Slovakia,SK,334.34,378.39,61.84,14.05,entsoe.eu,false,
2022-01-11 02:00:00,Slovakia,Slovakia,SK,333.98,377.96,62.04,13.7,entsoe.eu,false,
2022-01-11 03:00:00,Slovakia,Slovakia,SK,349.55,394.45,60.64,13.41,entsoe.eu,false,
2022-01-11 04:00:00,Slovakia,Slovakia,SK,336.78,382.33,60.28,13.17,entsoe.eu,false,
2022-01-11 05:00:00,Slovakia,Slovakia,SK,292.05,337.5,62.22,15.39,entsoe.eu,false,
2022-01-11 06:00:00,Slovakia,Slovakia,SK,266.96,311.53,63.92,17.58,entsoe.eu,false,
2022-01-11 07:00:00,Slovakia,Slovakia,SK,219.34,258.7,70.4,25.13,entsoe.eu,false,
2022-01-11 08:00:00,Slovakia,Slovakia,SK,210.65,249.28,70.66,25.52,entsoe.eu,false,
2022-01-11 09:00:00,Slovakia,Slovakia,SK,209.92,250.71,69.35,22.78,entsoe.eu,false,
2022-01-11 10:00:00,Slovakia,Slovakia,SK,204.61,245.75,68.87,21.33,entsoe.eu,false,
2022-01-11 11:00:00,Slovakia,Slovakia,SK,190.74,230.4,70.03,21.25,entsoe.eu,false,
2022-01-11 12:00:00,Slovakia,Slovakia,SK,192.09,231.71,69.84,20.64,entsoe.eu,false,
2022-01-11 13:00:00,Slovakia,Slovakia,SK,205.67,247.17,68.45,19.37,entsoe.eu,false,
2022-01-11 14:00:00,Slovakia,Slovakia,SK,224.77,267.38,66.68,17.59,entsoe.eu,false,
2022-01-11 15:00:00,Slovakia,Slovakia,SK,243.45,284.47,66.88,20.43,entsoe.eu,false,
2022-01-11 16:00:00,Slovakia,Slovakia,SK,250.88,291.59,67.25,22.94,entsoe.eu,false,
2022-01-11 17:00:00,Slovakia,Slovakia,SK,246.44,287.08,67.73,23.74,entsoe.eu,false,
2022-01-11 18:00:00,Slovakia,Slovakia,SK,252.86,293.9,67.06,22.71,entsoe.eu,false,
2022-01-11 19:00:00,Slovakia,Slovakia,SK,275.98,320.04,62.59,16.06,entsoe.eu,false,
2022-01-11 20:00:00,Slovakia,Slovakia,SK,311.88,358.48,58.81,12.96,entsoe.eu,false,
2022-01-11 21:00:00,Slovakia,Slovakia,SK,314.56,359.51,59.2,12.45,entsoe.eu,false,
2022-01-11 22:00:00,Slovakia,Slovakia,SK,313.54,356.74,60.16,12.27,entsoe.eu,false,
2022-01-11 23:00:00,Slovakia,Slovakia,SK,332.3,379.07,56.97,11.0,entsoe.eu,false,
2022-01-12 00:00:00,Slovakia,Slovakia,SK,319.97,366.31,58.59,11.33,entsoe.eu,false,
2022-01-12 01:00:00,Slovakia,Slovakia,SK,323.69,371.08,58.41,11.46,entsoe.eu,false,
2022-01-12 02:00:00,Slovakia,Slovakia,SK,329.8,377.31,58.17,11.51,entsoe.eu,false,
2022-01-12 03:00:00,Slovakia,Slovakia,SK,339.74,387.99,57.1,11.32,entsoe.eu,false,
2022-01-12 04:00:00,Slovakia,Slovakia,SK,343.45,393.02,55.87,11.25,entsoe.eu,false,
2022-01-12 05:00:00,Slovakia,Slovakia,SK,308.31,354.66,59.31,14.56,entsoe.eu,false,
2022-01-12 06:00:00,Slovakia,Slovakia,SK,293.66,336.57,62.86,20.77,entsoe.eu,false,
2022-01-12 07:00:00,Slovakia,Slovakia,SK,261.77,303.5,66.34,25.02,entsoe.eu,false,
2022-01-12 08:00:00,Slovakia,Slovakia,SK,240.53,280.34,69.17,27.45,entsoe.eu,false,
2022-01-12 09:00:00,Slovakia,Slovakia,SK,235.53,276.65,67.78,23.68,entsoe.eu,false,
2022-01-12 10:00:00,Slovakia,Slovakia,SK,250.46,291.09,65.7,21.13,entsoe.eu,false,
2022-01-12 11:00:00,Slovakia,Slovakia,SK,240.4,279.1,67.02,21.71,entsoe.eu,false,
2022-01-12 12:00:00,Slovakia,Slovakia,SK,242.86,282.37,66.57,20.75,entsoe.eu,false,
2022-01-12 13:00:00,Slovakia,Slovakia,SK,279.69,324.13,62.38,18.18,entsoe.eu,false,
2022-01-12 14:00:00,Slovakia,Slovakia,SK,318.22,364.58,58.83,16.65,entsoe.eu,false,
2022-01-12 15:00:00,Slovakia,Slovakia,SK,329.82,375.37,58.76,18.21,entsoe.eu,false,
2022-01-12 16:00:00,Slovakia,Slovakia,SK,336.89,381.53,59.19,20.57,entsoe.eu,false,
2022-01-12 17:00:00,Slovakia,Slovakia,SK,344.5,389.53,59.02,21.38,entsoe.eu,false,
2022-01-12 18:00:00,Slovakia,Slovakia,SK,354.32,401.65,56.27,16.83,entsoe.eu,false,
2022-01-12 19:00:00,Slovakia,Slovakia,SK,366.38,413.41,54.97,14.45,entsoe.eu,false,
2022-01-12 20:00:00,Slovakia,Slovakia,SK,373.12,420.14,55.03,13.91,entsoe.eu,false,
2022-01-12 21:00:00,Slovakia,Slovakia,SK,375.25,421.8,55.47,13.52,entsoe.eu,false,
2022-01-12 22:00:00,Slovakia,Slovakia,SK,374.56,419.1,56.56,14.15,entsoe.eu,false,
2022-01-12 23:00:00,Slovakia,Slovakia,SK,397.5,439.05,56.75,14.28,entsoe.eu,false,
2022-01-13 00:00:00,Slovakia,Slovakia,SK,390.74,432.18,57.64,14.83,entsoe.eu,false,
2022-01-13 01:00:00,Slovakia,Slovakia,SK,384.13,425.29,58.19,15.39,entsoe.eu,false,
2022-01-13 02:00:00,Slovakia,Slovakia,SK,381.49,422.59,58.45,15.47,entsoe.eu,false,
2022-01-13 03:00:00,Slovakia,Slovakia,SK,383.78,425.24,58.16,15.68,entsoe.eu,false,
2022-01-13 04:00:00,Slovakia,Slovakia,SK,403.78,446.9,55.54,15.46,entsoe.eu,false,
2022-01-13 05:00:00,Slovakia,Slovakia,SK,388.86,433.62,55.25,17.12,entsoe.eu,false,
2022-01-13 06:00:00,Slovakia,Slovakia,SK,387.08,432.14,55.06,18.83,entsoe.eu,false,
2022-01-13 07:00:00,Slovakia,Slovakia,SK,371.65,415.59,56.96,21.54,entsoe.eu,false,
2022-01-13 08:00:00,Slovakia,Slovakia,SK,361.04,404.53,58.11,22.29,entsoe.eu,false,
2022-01-13 09:00:00,Slovakia,Slovakia,SK,351.3,395.19,58.41,21.7,entsoe.eu,false,
2022-01-13 10:00:00,Slovakia,Slovakia,SK,354.99,400.31,56.79,19.42,entsoe.eu,false,
2022-01-13 11:00:00,Slovakia,Slovakia,SK,355.71,401.04,56.77,19.37,entsoe.eu,false,
2022-01-13 12:00:00,Slovakia,Slovakia,SK,354.63,399.37,57.17,19.05,entsoe.eu,false,
2022-01-13 13:00:00,Slovakia,Slovakia,SK,360.7,406.19,56.37,18.23,entsoe.eu,false,
2022-01-13 14:00:00,Slovakia,Slovakia,SK,370.77,415.92,56.79,20.32,entsoe.eu,false,
2022-01-13 15:00:00,Slovakia,Slovakia,SK,377.92,422.35,57.13,21.95,entsoe.eu,false,
2022-01-13 16:00:00,Slovakia,Slovakia,SK,363.07,406.68,58.63,23.39,entsoe.eu,false,
2022-01-13 17:00:00,Slovakia,Slovakia,SK,352.13,395.25,59.23,22.86,entsoe.eu,false,
2022-01-13 18:00:00,Slovakia,Slovakia,SK,360.98,405.43,57.08,19.15,entsoe.eu,false,
2022-01-13 19:00:00,Slovakia,Slovakia,SK,377.29,421.17,56.16,17.09,entsoe.eu,false,
2022-01-13 20:00:00,Slovakia,Slovakia,SK,395.76,437.12,57.4,17.06,entsoe.eu,false,
2022-01-13 21:00:00,Slovakia,Slovakia,SK,393.58,433.99,58.03,17.88,entsoe.eu,false,
2022-01-13 22:00:00,Slovakia,Slovakia,SK,390.89,431.15,58.17,17.9,entsoe.eu,false,
2022-01-13 23:00:00,Slovakia,Slovakia,SK,374.6,414.56,59.66,18.97,entsoe.eu,false,
2022-01-14 00:00:00,Slovakia,Slovakia,SK,363.11,403.01,60.65,18.89,entsoe.eu,false,
2022-01-14 01:00:00,Slovakia,Slovakia,SK,359.8,399.7,60.87,18.51,entsoe.eu,false,
2022-01-14 02:00:00,Slovakia,Slovakia,SK,357.31,397.53,61.03,18.47,entsoe.eu,false,
2022-01-14 03:00:00,Slovakia,Slovakia,SK,365.05,405.68,60.29,18.63,entsoe.eu,false,
2022-01-14 04:00:00,Slovakia,Slovakia,SK,378.17,419.59,58.18,18.13,entsoe.eu,false,
2022-01-14 05:00:00,Slovakia,Slovakia,SK,377.91,421.41,56.84,18.96,entsoe.eu,false,
2022-01-14 06:00:00,Slovakia,Slovakia,SK,377.03,421.48,56.5,20.29,entsoe.eu,false,
2022-01-14 07:00:00,Slovakia,Slovakia,SK,371.36,415.59,56.98,20.71,entsoe.eu,false,
2022-01-14 08:00:00,Slovakia,Slovakia,SK,362.49,407.59,56.96,20.4,entsoe.eu,false,
2022-01-14 09:00:00,Slovakia,Slovakia,SK,352.68,397.03,58.11,20.24,entsoe.eu,false,
2022-01-14 10:00:00,Slovakia,Slovakia,SK,337.63,382.38,58.49,20.4,entsoe.eu,false,
2022-01-14 11:00:00,Slovakia,Slovakia,SK,337.65,382.59,58.4,19.77,entsoe.eu,false,
2022-01-14 12:00:00,Slovakia,Slovakia,SK,347.51,392.92,57.55,18.73,entsoe.eu,false,
2022-01-14 13:00:00,Slovakia,Slovakia,SK,360.5,406.08,56.15,17.39,entsoe.eu,false,
2022-01-14 14:00:00,Slovakia,Slovakia,SK,354.01,398.97,56.98,17.75,entsoe.eu,false,
2022-01-14 15:00:00,Slovakia,Slovakia,SK,351.56,395.45,57.41,17.48,entsoe.eu,false,
2022-01-14 16:00:00,Slovakia,Slovakia,SK,330.52,371.88,61.86,24.14,entsoe.eu,false,
2022-01-14 17:00:00,Slovakia,Slovakia,SK,323.38,365.1,62.0,23.79,entsoe.eu,false,
2022-01-14 18:00:00,Slovakia,Slovakia,SK,322.72,364.99,61.27,21.72,entsoe.eu,false,
2022-01-14 19:00:00,Slovakia,Slovakia,SK,332.21,375.81,59.57,18.53,entsoe.eu,false,
2022-01-14 20:00:00,Slovakia,Slovakia,SK,321.29,364.76,59.65,16.63,entsoe.eu,false,
2022-01-14 21:00:00,Slovakia,Slovakia,SK,325.82,369.14,59.48,15.62,entsoe.eu,false,
2022-01-14 22:00:00,Slovakia,Slovakia,SK,314.83,357.31,61.49,15.16,entsoe.eu,false,
2022-01-14 23:00:00,Slovakia,Slovakia,SK,323.92,364.54,63.38,15.09,entsoe.eu,false,
2022-01-15 00:00:00,Slovakia,Slovakia,SK,318.56,359.24,64.06,15.42,entsoe.eu,false,
2022-01-15 01:00:00,Slovakia,Slovakia,SK,319.92,361.17,64.0,15.59,entsoe.eu,false,
2022-01-15 02:00:00,Slovakia,Slovakia,SK,309.73,351.28,64.87,15.49,entsoe.eu,false,
2022-01-15 03:00:00,Slovakia,Slovakia,SK,304.29,345.67,65.23,15.02,entsoe.eu,false,
2022-01-15 04:00:00,Slovakia,Slovakia,SK,312.96,356.28,62.99,14.43,entsoe.eu,false,
2022-01-15 05:00:00,Slovakia,Slovakia,SK,321.06,366.19,60.64,15.6,entsoe.eu,false,
2022-01-15 06:00:00,Slovakia,Slovakia,SK,318.06,364.49,59.71,15.19,entsoe.eu,false,
2022-01-15 07:00:00,Slovakia,Slovakia,SK,297.01,343.81,61.22,17.34,entsoe.eu,false,
2022-01-15 08:00:00,Slovakia,Slovakia,SK,254.15,300.23,64.62,19.18,entsoe.eu,false,
2022-01-15 09:00:00,Slovakia,Slovakia,SK,250.38,295.2,65.77,20.25,entsoe.eu,false,
2022-01-15 10:00:00,Slovakia,Slovakia,SK,240.62,283.57,66.98,20.91,entsoe.eu,false,
2022-01-15 11:00:00,Slovakia,Slovakia,SK,233.55,276.72,67.14,20.57,entsoe.eu,false,
2022-01-15 12:00:00,Slovakia,Slovakia,SK,216.54,256.96,69.42,20.22,entsoe.eu,false,
2022-01-15 13:00:00,Slovakia,Slovakia,SK,248.1,291.7,65.55,18.37,entsoe.eu,false,
2022-01-15 14:00:00,Slovakia,Slovakia,SK,312.88,358.48,59.74,15.74,entsoe.eu,false,
2022-01-15 15:00:00,Slovakia,Slovakia,SK,352.3,397.42,57.35,15.36,entsoe.eu,false,
2022-01-15 16:00:00,Slovakia,Slovakia,SK,335.01,379.76,58.48,16.37,entsoe.eu,false,
2022-01-15 17:00:00,Slovakia,Slovakia,SK,329.83,373.49,59.97,19.42,entsoe.eu,false,
2022-01-15 18:00:00,Slovakia,Slovakia,SK,337.31,382.22,58.09,16.72,entsoe.eu,false,
2022-01-15 19:00:00,Slovakia,Slovakia,SK,363.39,410.95,55.53,14.2,entsoe.eu,false,
2022-01-15 20:00:00,Slovakia,Slovakia,SK,366.58,414.59,54.99,12.16,entsoe.eu,false,
2022-01-15 21:00:00,Slovakia,Slovakia,SK,361.34,409.21,55.49,11.6,entsoe.eu,false,
2022-01-15 22:00:00,Slovakia,Slovakia,SK,349.94,395.99,58.0,11.95,entsoe.eu,false,
2022-01-15 23:00:00,Slovakia,Slovakia,SK,350.38,392.66,61.03,12.91,entsoe.eu,false,
2022-01-16 00:00:00,Slovakia,Slovakia,SK,344.4,386.71,61.7,13.64,entsoe.eu,false,
2022-01-16 01:00:00,Slovakia,Slovakia,SK,352.05,394.33,61.28,14.04,entsoe.eu,false,
2022-01-16 02:00:00,Slovakia,Slovakia,SK,359.69,401.99,60.72,13.84,entsoe.eu,false,
2022-01-16 03:00:00,Slovakia,Slovakia,SK,362.89,405.75,60.17,13.1,entsoe.eu,false,
2022-01-16 04:00:00,Slovakia,Slovakia,SK,383.68,427.53,58.16,12.44,entsoe.eu,false,
2022-01-16 05:00:00,Slovakia,Slovakia,SK,389.85,433.41,57.62,13.44,entsoe.eu,false,
2022-01-16 06:00:00,Slovakia,Slovakia,SK,394.45,438.28,57.19,13.73,entsoe.eu,false,
2022-01-16 07:00:00,Slovakia,Slovakia,SK,400.88,444.79,56.79,15.0,entsoe.eu,false,
2022-01-16 08:00:00,Slovakia,Slovakia,SK,370.97,413.49,59.71,18.45,entsoe.eu,false,
2022-01-16 09:00:00,Slovakia,Slovakia,SK,355.57,397.87,61.34,20.3,entsoe.eu,false,
2022-01-16 10:00:00,Slovakia,Slovakia,SK,349.23,390.85,61.88,20.65,entsoe.eu,false,
2022-01-16 11:00:00,Slovakia,Slovakia,SK,348.98,390.65,62.02,20.48,entsoe.eu,false,
2022-01-16 12:00:00,Slovakia,Slovakia,SK,344.56,385.48,62.31,18.46,entsoe.eu,false,
2022-01-16 13:00:00,Slovakia,Slovakia,SK,367.08,408.97,60.13,16.93,entsoe.eu,false,
2022-01-16 14:00:00,Slovakia,Slovakia,SK,384.93,427.5,58.56,16.49,entsoe.eu,false,
2022-01-16 15:00:00,Slovakia,Slovakia,SK,389.48,431.88,58.59,17.67,entsoe.eu,false,
2022-01-16 16:00:00,Slovakia,Slovakia,SK,366.5,406.89,60.73,19.6,entsoe.eu,false,
2022-01-16 17:00:00,Slovakia,Slovakia,SK,356.6,396.64,61.6,20.48,entsoe.eu,false,
2022-01-16 18:00:00,Slovakia,Slovakia,SK,357.75,398.03,61.36,19.73,entsoe.eu,false,
2022-01-16 19:00:00,Slovakia,Slovakia,SK,353.14,393.53,61.44,19.7,entsoe.eu,false,
2022-01-16 20:00:00,Slovakia,Slovakia,SK,362.05,402.48,60.85,18.94,entsoe.eu,false,
2022-01-16 21:00:00,Slovakia,Slovakia,SK,355.78,395.93,61.16,18.04,entsoe.eu,false,
2022-01-16 22:00:00,Slovakia,Slovakia,SK,344.21,384.41,62.14,17.97,entsoe.eu,false,
2022-01-16 23:00:00,Slovakia,Slovakia,SK,335.41,375.9,63.04,19.7,entsoe.eu,false,
2022-01-17 00:00:00,Slovakia,Slovakia,SK,326.98,367.83,63.81,20.1,entsoe.eu,false,
2022-01-17 01:00:00,Slovakia,Slovakia,SK,327.63,368.5,63.66,19.64,entsoe.eu,false,
2022-01-17 02:00:00,Slovakia,Slovakia,SK,323.12,363.99,64.0,19.37,entsoe.eu,false,
2022-01-17 03:00:00,Slovakia,Slovakia,SK,335.16,376.36,62.83,18.88,entsoe.eu,false,
2022-01-17 04:00:00,Slovakia,Slovakia,SK,351.76,394.03,60.36,17.78,entsoe.eu,false,
2022-01-17 05:00:00,Slovakia,Slovakia,SK,374.1,419.07,56.97,17.86,entsoe.eu,false,
2022-01-17 06:00:00,Slovakia,Slovakia,SK,363.0,407.73,58.01,19.54,entsoe.eu,false,
2022-01-17 07:00:00,Slovakia,Slovakia,SK,356.3,400.49,58.75,21.6,entsoe.eu,false,
2022-01-17 08:00:00,Slovakia,Slovakia,SK,357.98,402.39,58.79,22.37,entsoe.eu,false,
2022-01-17 09:00:00,Slovakia,Slovakia,SK,369.09,415.46,56.92,20.37,entsoe.eu,false,
2022-01-17 10:00:00,Slovakia,Slovakia,SK,373.38,419.95,56.49,20.53,entsoe.eu,false,
2022-01-17 11:00:00,Slovakia,Slovakia,SK,364.84,410.76,57.25,20.65,entsoe.eu,false,
2022-01-17 12:00:00,Slovakia,Slovakia,SK,362.94,408.68,57.4,20.29,entsoe.eu,false,
2022-01-17 13:00:00,Slovakia,Slovakia,SK,369.35,415.53,56.6,19.22,entsoe.eu,false,
2022-01-17 14:00:00,Slovakia,Slovakia,SK,371.84,418.08,56.49,18.83,entsoe.eu,false,
2022-01-17 15:00:00,Slovakia,Slovakia,SK,356.19,401.92,57.57,19.38,entsoe.eu,false,
2022-01-17 16:00:00,Slovakia,Slovakia,SK,347.1,390.92,59.97,22.65,entsoe.eu,false,
2022-01-17 17:00:00,Slovakia,Slovakia,SK,334.28,377.95,61.13,23.3,entsoe.eu,false,
2022-01-17 18:00:00,Slovakia,Slovakia,SK,337.11,381.53,60.38,20.46,entsoe.eu,false,
2022-01-17 19:00:00,Slovakia,Slovakia,SK,373.35,419.88,56.87,17.12,entsoe.eu,false,
2022-01-17 20:00:00,Slovakia,Slovakia,SK,381.72,427.83,56.45,15.43,entsoe.eu,false,
2022-01-17 21:00:00,Slovakia,Slovakia,SK,384.07,427.45,58.18,14.78,entsoe.eu,false,
2022-01-17 22:00:00,Slovakia,Slovakia,SK,372.1,415.0,59.39,15.01,entsoe.eu,false,
2022-01-17 23:00:00,Slovakia,Slovakia,SK,369.38,411.46,59.53,14.59,entsoe.eu,false,
2022-01-18 00:00:00,Slovakia,Slovakia,SK,360.87,403.32,60.24,14.9,entsoe.eu,false,
2022-01-18 01:00:00,Slovakia,Slovakia,SK,353.67,396.38,60.96,15.07,entsoe.eu,false,
2022-01-18 02:00:00,Slovakia,Slovakia,SK,359.71,402.47,60.55,14.68,entsoe.eu,false,
2022-01-18 03:00:00,Slovakia,Slovakia,SK,371.09,414.05,59.72,13.83,entsoe.eu,false,
2022-01-18 04:00:00,Slovakia,Slovakia,SK,385.21,429.8,57.29,12.97,entsoe.eu,false,
2022-01-18 05:00:00,Slovakia,Slovakia,SK,381.91,428.34,55.9,13.88,entsoe.eu,false,
2022-01-18 06:00:00,Slovakia,Slovakia,SK,360.51,406.69,57.53,15.86,entsoe.eu,false,
2022-01-18 07:00:00,Slovakia,Slovakia,SK,298.33,341.33,64.18,21.19,entsoe.eu,false,
2022-01-18 08:00:00,Slovakia,Slovakia,SK,244.01,283.92,67.99,21.33,entsoe.eu,false,
2022-01-18 09:00:00,Slovakia,Slovakia,SK,241.56,283.5,66.2,17.52,entsoe.eu,false,
2022-01-18 10:00:00,Slovakia,Slovakia,SK,248.92,291.27,65.69,17.91,entsoe.eu,false,
2022-01-18 11:00:00,Slovakia,Slovakia,SK,259.76,302.95,64.93,17.82,entsoe.eu,false,
2022-01-18 12:00:00,Slovakia,Slovakia,SK,264.31,308.02,64.59,17.28,entsoe.eu,false,
2022-01-18 13:00:00,Slovakia,Slovakia,SK,298.43,344.67,61.4,16.11,entsoe.eu,false,
2022-01-18 14:00:00,Slovakia,Slovakia,SK,352.96,399.97,56.64,14.41,entsoe.eu,false,
2022-01-18 15:00:00,Slovakia,Slovakia,SK,379.76,426.9,54.43,14.16,entsoe.eu,false,
2022-01-18 16:00:00,Slovakia,Slovakia,SK,354.82,398.26,58.67,20.08,entsoe.eu,false,
2022-01-18 17:00:00,Slovakia,Slovakia,SK,352.16,395.21,59.74,22.15,entsoe.eu,false,
2022-01-18 18:00:00,Slovakia,Slovakia,SK,377.78,424.8,54.62,15.16,entsoe.eu,false,
2022-01-18 19:00:00,Slovakia,Slovakia,SK,404.42,453.05,51.84,12.55,entsoe.eu,false,
2022-01-18 20:00:00,Slovakia,Slovakia,SK,420.49,469.9,50.65,11.64,entsoe.eu,false,
2022-01-18 21:00:00,Slovakia,Slovakia,SK,416.14,463.25,52.75,11.88,entsoe.eu,false,
2022-01-18 22:00:00,Slovakia,Slovakia,SK,425.76,469.33,54.51,12.38,entsoe.eu,false,
2022-01-18 23:00:00,Slovakia,Slovakia,SK,425.31,469.84,54.67,13.36,entsoe.eu,false,
2022-01-19 00:00:00,Slovakia,Slovakia,SK,427.83,472.93,54.46,13.89,entsoe.eu,false,
2022-01-19 01:00:00,Slovakia,Slovakia,SK,423.21,468.08,54.83,14.06,entsoe.eu,false,
2022-01-19 02:00:00,Slovakia,Slovakia,SK,425.35,470.42,54.78,14.16,entsoe.eu,false,
2022-01-19 03:00:00,Slovakia,Slovakia,SK,436.43,482.33,53.7,14.16,entsoe.eu,false,
2022-01-19 04:00:00,Slovakia,Slovakia,SK,437.54,484.92,52.63,13.71,entsoe.eu,false,
2022-01-19 05:00:00,Slovakia,Slovakia,SK,408.26,455.31,53.57,15.07,entsoe.eu,false,
2022-01-19 06:00:00,Slovakia,Slovakia,SK,406.37,454.26,52.94,15.11,entsoe.eu,false,
2022-01-19 07:00:00,Slovakia,Slovakia,SK,393.88,439.71,55.43,19.15,entsoe.eu,false,
2022-01-19 08:00:00,Slovakia,Slovakia,SK,353.99,398.74,59.22,21.85,entsoe.eu,false,
2022-01-19 09:00:00,Slovakia,Slovakia,SK,351.96,398.37,58.1,19.12,entsoe.eu,false,
2022-01-19 10:00:00,Slovakia,Slovakia,SK,353.28,399.99,57.42,18.2,entsoe.eu,false,
2022-01-19 11:00:00,Slovakia,Slovakia,SK,357.39,404.0,57.15,17.86,entsoe.eu,false,
2022-01-19 12:00:00,Slovakia,Slovakia,SK,362.84,409.56,56.74,17.64,entsoe.eu,false,
2022-01-19 13:00:00,Slovakia,Slovakia,SK,387.54,435.15,54.64,16.83,entsoe.eu,false,
2022-01-19 14:00:00,Slovakia,Slovakia,SK,411.39,459.52,52.68,15.98,entsoe.eu,false,
2022-01-19 15:00:00,Slovakia,Slovakia,SK,420.12,468.01,51.97,15.62,entsoe.eu,false,
2022-01-19 16:00:00,Slovakia,Slovakia,SK,409.04,455.18,54.14,18.7,entsoe.eu,false,
2022-01-19 17:00:00,Slovakia,Slovakia,SK,404.55,451.49,53.29,16.95,entsoe.eu,false,
2022-01-19 18:00:00,Slovakia,Slovakia,SK,391.19,437.28,54.51,17.61,entsoe.eu,false,
2022-01-19 19:00:00,Slovakia,Slovakia,SK,389.17,434.26,55.08,17.03,entsoe.eu,false,
2022-01-19 20:00:00,Slovakia,Slovakia,SK,398.27,442.62,55.34,16.71,entsoe.eu,false,
2022-01-19 21:00:00,Slovakia,Slovakia,SK,394.32,435.42,57.68,17.35,entsoe.eu,false,
2022-01-19 22:00:00,Slovakia,Slovakia,SK,385.82,426.87,58.6,18.24,entsoe.eu,false,
2022-01-19 23:00:00,Slovakia,Slovakia,SK,378.67,420.68,59.31,19.17,entsoe.eu,false,
2022-01-20 00:00:00,Slovakia,Slovakia,SK,365.52,406.72,60.43,18.75,entsoe.eu,false,
2022-01-20 01:00:00,Slovakia,Slovakia,SK,365.08,406.36,60.46,18.33,entsoe.eu,false,
2022-01-20 02:00:00,Slovakia,Slovakia,SK,357.76,398.82,61.1,18.07,entsoe.eu,false,
2022-01-20 03:00:00,Slovakia,Slovakia,SK,362.61,403.51,60.56,17.81,entsoe.eu,false,
2022-01-20 04:00:00,Slovakia,Slovakia,SK,381.0,423.11,57.87,17.17,entsoe.eu,false,
2022-01-20 05:00:00,Slovakia,Slovakia,SK,394.19,437.93,55.38,17.02,entsoe.eu,false,
2022-01-20 06:00:00,Slovakia,Slovakia,SK,391.72,435.39,55.38,18.53,entsoe.eu,false,
2022-01-20 07:00:00,Slovakia,Slovakia,SK,389.36,432.06,57.02,22.55,entsoe.eu,false,
2022-01-20 08:00:00,Slovakia,Slovakia,SK,398.39,443.78,54.86,20.03,entsoe.eu,false,
2022-01-20 09:00:00,Slovakia,Slovakia,SK,393.37,439.78,54.41,19.36,entsoe.eu,false,
2022-01-20 10:00:00,Slovakia,Slovakia,SK,392.5,438.83,54.32,19.54,entsoe.eu,false,
2022-01-20 11:00:00,Slovakia,Slovakia,SK,386.98,432.92,54.94,19.14,entsoe.eu,false,
2022-01-20 12:00:00,Slovakia,Slovakia,SK,382.68,429.25,55.02,18.88,entsoe.eu,false,
2022-01-20 13:00:00,Slovakia,Slovakia,SK,385.1,430.95,54.66,17.82,entsoe.eu,false,
2022-01-20 14:00:00,Slovakia,Slovakia,SK,379.02,424.42,55.04,16.77,entsoe.eu,false,
2022-01-20 15:00:00,Slovakia,Slovakia,SK,383.64,428.51,55.21,17.53,entsoe.eu,false,
2022-01-20 16:00:00,Slovakia,Slovakia,SK,380.48,423.65,57.35,21.73,entsoe.eu,false,
2022-01-20 17:00:00,Slovakia,Slovakia,SK,380.48,424.07,56.99,21.58,entsoe.eu,false,
2022-01-20 18:00:00,Slovakia,Slovakia,SK,374.26,417.89,56.58,19.9,entsoe.eu,false,
2022-01-20 19:00:00,Slovakia,Slovakia,SK,384.9,428.47,55.99,17.8,entsoe.eu,false,
2022-01-20 20:00:00,Slovakia,Slovakia,SK,384.59,427.49,56.01,16.61,entsoe.eu,false,
2022-01-20 21:00:00,Slovakia,Slovakia,SK,384.06,423.72,58.41,15.72,entsoe.eu,false,
2022-01-20 22:00:00,Slovakia,Slovakia,SK,381.86,421.34,58.7,15.7,entsoe.eu,false,
2022-01-20 23:00:00,Slovakia,Slovakia,SK,383.19,424.17,58.7,16.86,entsoe.eu,false,
2022-01-21 00:00:00,Slovakia,Slovakia,SK,374.9,415.96,59.37,16.74,entsoe.eu,false,
2022-01-21 01:00:00,Slovakia,Slovakia,SK,376.49,417.71,59.18,16.65,entsoe.eu,false,
2022-01-21 02:00:00,Slovakia,Slovakia,SK,373.38,414.66,59.4,16.5,entsoe.eu,false,
2022-01-21 03:00:00,Slovakia,Slovakia,SK,381.35,423.2,58.71,16.39,entsoe.eu,false,
2022-01-21 04:00:00,Slovakia,Slovakia,SK,390.04,433.49,56.62,16.17,entsoe.eu,false,
2022-01-21 05:00:00,Slovakia,Slovakia,SK,395.95,441.62,54.57,16.55,entsoe.eu,false,
2022-01-21 06:00:00,Slovakia,Slovakia,SK,376.68,420.84,57.02,21.47,entsoe.eu,false,
2022-01-21 07:00:00,Slovakia,Slovakia,SK,363.3,407.1,58.28,22.88,entsoe.eu,false,
2022-01-21 08:00:00,Slovakia,Slovakia,SK,353.17,397.82,58.18,21.33,entsoe.eu,false,
2022-01-21 09:00:00,Slovakia,Slovakia,SK,357.11,402.87,57.0,19.4,entsoe.eu,false,
2022-01-21 10:00:00,Slovakia,Slovakia,SK,360.2,406.26,57.02,20.27,entsoe.eu,false,
2022-01-21 11:00:00,Slovakia,Slovakia,SK,365.52,412.32,56.01,18.72,entsoe.eu,false,
2022-01-21 12:00:00,Slovakia,Slovakia,SK,373.73,420.49,55.46,18.44,entsoe.eu,false,
2022-01-21 13:00:00,Slovakia,Slovakia,SK,386.12,432.83,54.48,17.63,entsoe.eu,false,
2022-01-21 14:00:00,Slovakia,Slovakia,SK,394.41,441.53,53.47,16.5,entsoe.eu,false,
2022-01-21 15:00:00,Slovakia,Slovakia,SK,404.51,452.17,52.55,16.21,entsoe.eu,false,
2022-01-21 16:00:00,Slovakia,Slovakia,SK,395.09,440.67,55.09,19.82,entsoe.eu,false,
2022-01-21 17:00:00,Slovakia,Slovakia,SK,388.02,433.43,55.56,19.19,entsoe.eu,false,
2022-01-21 18:00:00,Slovakia,Slovakia,SK,392.58,438.14,54.85,17.04,entsoe.eu,false,
2022-01-21 19:00:00,Slovakia,Slovakia,SK,394.18,440.77,53.9,15.34,entsoe.eu,false,
2022-01-21 20:00:00,Slovakia,Slovakia,SK,400.06,445.02,54.45,13.38,entsoe.eu,false,
2022-01-21 21:00:00,Slovakia,Slovakia,SK,420.86,464.1,55.03,13.61,entsoe.eu,false,
2022-01-21 22:00:00,Slovakia,Slovakia,SK,416.57,459.79,55.76,13.76,entsoe.eu,false,
2022-01-21 23:00:00,Slovakia,Slovakia,SK,402.51,446.02,56.75,13.15,entsoe.eu,false,
2022-01-22 00:00:00,Slovakia,Slovakia,SK,401.84,445.39,56.84,13.06,entsoe.eu,false,
2022-01-22 01:00:00,Slovakia,Slovakia,SK,399.26,443.11,57.11,13.07,entsoe.eu,false,
2022-01-22 02:00:00,Slovakia,Slovakia,SK,396.45,440.06,57.32,13.09,entsoe.eu,false,
2022-01-22 03:00:00,Slovakia,Slovakia,SK,410.47,454.61,56.1,13.21,entsoe.eu,false,
2022-01-22 04:00:00,Slovakia,Slovakia,SK,405.37,449.39,56.49,12.98,entsoe.eu,false,
2022-01-22 05:00:00,Slovakia,Slovakia,SK,399.41,444.62,55.9,13.84,entsoe.eu,false,
2022-01-22 06:00:00,Slovakia,Slovakia,SK,392.57,438.53,54.67,13.51,entsoe.eu,false,
2022-01-22 07:00:00,Slovakia,Slovakia,SK,364.4,410.43,55.59,14.99,entsoe.eu,false,
2022-01-22 08:00:00,Slovakia,Slovakia,SK,350.92,397.56,56.64,17.0,entsoe.eu,false,
2022-01-22 09:00:00,Slovakia,Slovakia,SK,321.49,367.08,59.22,17.99,entsoe.eu,false,
2022-01-22 10:00:00,Slovakia,Slovakia,SK,338.37,385.62,57.7,17.99,entsoe.eu,false,
2022-01-22 11:00:00,Slovakia,Slovakia,SK,327.63,373.56,58.76,18.35,entsoe.eu,false,
2022-01-22 12:00:00,Slovakia,Slovakia,SK,344.49,391.14,57.06,17.36,entsoe.eu,false,
2022-01-22 13:00:00,Slovakia,Slovakia,SK,373.13,421.02,54.81,15.98,entsoe.eu,false,
2022-01-22 14:00:00,Slovakia,Slovakia,SK,395.74,445.3,52.38,14.17,entsoe.eu,false,
2022-01-22 15:00:00,Slovakia,Slovakia,SK,397.09,445.32,52.94,15.19,entsoe.eu,false,
2022-01-22 16:00:00,Slovakia,Slovakia,SK,394.15,441.63,54.04,16.32,entsoe.eu,false,
2022-01-22 17:00:00,Slovakia,Slovakia,SK,386.71,432.94,55.68,18.7,entsoe.eu,false,
2022-01-22 18:00:00,Slovakia,Slovakia,SK,390.06,437.84,53.78,15.72,entsoe.eu,false,
2022-01-22 19:00:00,Slovakia,Slovakia,SK,404.3,453.21,52.11,12.85,entsoe.eu,false,
2022-01-22 20:00:00,Slovakia,Slovakia,SK,414.65,463.14,51.81,11.21,entsoe.eu,false,
2022-01-22 21:00:00,Slovakia,Slovakia,SK,424.42,472.7,51.84,10.57,entsoe.eu,false,
2022-01-22 22:00:00,Slovakia,Slovakia,SK,429.53,475.04,53.82,10.8,entsoe.eu,false,
2022-01-22 23:00:00,Slovakia,Slovakia,SK,395.69,439.18,57.04,10.69,entsoe.eu,false,
2022-01-23 00:00:00,Slovakia,Slovakia,SK,378.94,422.56,58.67,10.66,entsoe.eu,false,
2022-01-23 01:00:00,Slovakia,Slovakia,SK,383.21,426.97,58.23,10.61,entsoe.eu,false,
2022-01-23 02:00:00,Slovakia,Slovakia,SK,382.47,426.36,58.34,10.58,entsoe.eu,false,
2022-01-23 03:00:00,Slovakia,Slovakia,SK,377.69,421.39,58.75,10.47,entsoe.eu,false,
2022-01-23 04:00:00,Slovakia,Slovakia,SK,383.8,427.98,58.16,10.28,entsoe.eu,false,
2022-01-23 05:00:00,Slovakia,Slovakia,SK,390.86,434.72,57.49,10.56,entsoe.eu,false,
2022-01-23 06:00:00,Slovakia,Slovakia,SK,398.83,443.61,56.58,10.55,entsoe.eu,false,
2022-01-23 07:00:00,Slovakia,Slovakia,SK,406.13,451.95,55.11,10.9,entsoe.eu,false,
2022-01-23 08:00:00,Slovakia,Slovakia,SK,376.2,420.47,58.1,13.16,entsoe.eu,false,
2022-01-23 09:00:00,Slovakia,Slovakia,SK,344.37,386.9,61.27,14.69,entsoe.eu,false,
2022-01-23 10:00:00,Slovakia,Slovakia,SK,330.81,372.16,62.6,15.95,entsoe.eu,false,
2022-01-23 11:00:00,Slovakia,Slovakia,SK,328.18,369.13,62.66,15.23,entsoe.eu,false,
2022-01-23 12:00:00,Slovakia,Slovakia,SK,322.87,362.96,63.04,14.32,entsoe.eu,false,
2022-01-23 13:00:00,Slovakia,Slovakia,SK,341.87,383.39,60.08,13.28,entsoe.eu,false,
2022-01-23 14:00:00,Slovakia,Slovakia,SK,371.42,417.78,55.34,11.71,entsoe.eu,false,
2022-01-23 15:00:00,Slovakia,Slovakia,SK,374.44,421.87,54.01,11.44,entsoe.eu,false,
2022-01-23 16:00:00,Slovakia,Slovakia,SK,370.43,418.4,54.23,12.79,entsoe.eu,false,
2022-01-23 17:00:00,Slovakia,Slovakia,SK,374.91,422.05,55.79,16.3,entsoe.eu,false,
2022-01-23 18:00:00,Slovakia,Slovakia,SK,368.43,416.06,55.35,15.07,entsoe.eu,false,
2022-01-23 19:00:00,Slovakia,Slovakia,SK,396.21,446.56,52.21,12.03,entsoe.eu,false,
2022-01-23 20:00:00,Slovakia,Slovakia,SK,400.93,452.0,51.23,10.14,entsoe.eu,false,
2022-01-23 21:00:00,Slovakia,Slovakia,SK,406.83,457.7,51.41,9.37,entsoe.eu,false,
2022-01-23 22:00:00,Slovakia,Slovakia,SK,417.53,467.7,51.97,9.76,entsoe.eu,false,
2022-01-23 23:00:00,Slovakia,Slovakia,SK,378.96,426.94,55.3,9.79,entsoe.eu,false,
2022-01-24 00:00:00,Slovakia,Slovakia,SK,371.31,419.08,56.0,9.84,entsoe.eu,false,
2022-01-24 01:00:00,Slovakia,Slovakia,SK,374.78,422.18,55.81,9.87,entsoe.eu,false,
2022-01-24 02:00:00,Slovakia,Slovakia,SK,378.71,426.55,55.47,10.08,entsoe.eu,false,
2022-01-24 03:00:00,Slovakia,Slovakia,SK,381.75,430.21,55.01,10.37,entsoe.eu,false,
2022-01-24 04:00:00,Slovakia,Slovakia,SK,410.81,459.39,52.53,9.93,entsoe.eu,false,
2022-01-24 05:00:00,Slovakia,Slovakia,SK,393.45,442.58,52.41,10.99,entsoe.eu,false,
2022-01-24 06:00:00,Slovakia,Slovakia,SK,398.56,448.06,51.84,12.86,entsoe.eu,false,
2022-01-24 07:00:00,Slovakia,Slovakia,SK,371.84,418.09,56.72,18.78,entsoe.eu,false,
2022-01-24 08:00:00,Slovakia,Slovakia,SK,325.95,371.55,60.36,20.34,entsoe.eu,false,
2022-01-24 09:00:00,Slovakia,Slovakia,SK,294.83,341.22,61.25,18.03,entsoe.eu,false,
2022-01-24 10:00:00,Slovakia,Slovakia,SK,298.06,344.53,60.95,18.17,entsoe.eu,false,
2022-01-24 11:00:00,Slovakia,Slovakia,SK,310.26,358.44,59.58,17.27,entsoe.eu,false,
2022-01-24 12:00:00,Slovakia,Slovakia,SK,322.03,370.73,58.71,16.76,entsoe.eu,false,
2022-01-24 13:00:00,Slovakia,Slovakia,SK,336.91,385.65,57.36,15.32,entsoe.eu,false,
2022-01-24 14:00:00,Slovakia,Slovakia,SK,353.02,401.69,55.96,14.66,entsoe.eu,false,
2022-01-24 15:00:00,Slovakia,Slovakia,SK,373.74,421.81,54.61,14.73,entsoe.eu,false,
2022-01-24 16:00:00,Slovakia,Slovakia,SK,360.0,405.6,57.84,19.74,entsoe.eu,false,
2022-01-24 17:00:00,Slovakia,Slovakia,SK,352.74,397.97,58.64,20.42,entsoe.eu,false,
2022-01-24 18:00:00,Slovakia,Slovakia,SK,351.36,396.49,58.58,19.54,entsoe.eu,false,
2022-01-24 19:00:00,Slovakia,Slovakia,SK,363.77,411.34,55.26,13.91,entsoe.eu,false,
2022-01-24 20:00:00,Slovakia,Slovakia,SK,369.97,418.11,53.96,11.44,entsoe.eu,false,
2022-01-24 21:00:00,Slovakia,Slovakia,SK,378.87,426.49,53.87,11.57,entsoe.eu,false,
2022-01-24 22:00:00,Slovakia,Slovakia,SK,378.18,425.18,54.98,11.84,entsoe.eu,false,
2022-01-24 23:00:00,Slovakia,Slovakia,SK,398.71,446.56,53.5,10.95,entsoe.eu,false,
2022-01-25 00:00:00,Slovakia,Slovakia,SK,409.68,458.9,52.7,11.22,entsoe.eu,false,
2022-01-25 01:00:00,Slovakia,Slovakia,SK,405.9,455.16,52.97,11.26,entsoe.eu,false,
2022-01-25 02:00:00,Slovakia,Slovakia,SK,405.11,454.46,53.04,11.28,entsoe.eu,false,
2022-01-25 03:00:00,Slovakia,Slovakia,SK,402.52,452.22,53.13,11.43,entsoe.eu,false,
2022-01-25 04:00:00,Slovakia,Slovakia,SK,417.18,466.7,51.81,11.23,entsoe.eu,false,
2022-01-25 05:00:00,Slovakia,Slovakia,SK,395.03,444.13,52.69,13.13,entsoe.eu,false,
2022-01-25 06:00:00,Slovakia,Slovakia,SK,377.43,425.09,54.86,16.84,entsoe.eu,false,
2022-01-25 07:00:00,Slovakia,Slovakia,SK,349.43,395.52,58.04,20.8,entsoe.eu,false,
2022-01-25 08:00:00,Slovakia,Slovakia,SK,340.14,387.49,57.6,19.25,entsoe.eu,false,
2022-01-25 09:00:00,Slovakia,Slovakia,SK,342.4,389.83,57.6,18.45,entsoe.eu,false,
2022-01-25 10:00:00,Slovakia,Slovakia,SK,343.34,390.51,57.65,18.55,entsoe.eu,false,
2022-01-25 11:00:00,Slovakia,Slovakia,SK,359.73,407.7,55.84,17.11,entsoe.eu,false,
2022-01-25 12:00:00,Slovakia,Slovakia,SK,360.43,408.41,55.58,16.03,entsoe.eu,false,
2022-01-25 13:00:00,Slovakia,Slovakia,SK,384.3,432.7,53.64,14.86,entsoe.eu,false,
2022-01-25 14:00:00,Slovakia,Slovakia,SK,405.22,454.16,51.87,13.81,entsoe.eu,false,
2022-01-25 15:00:00,Slovakia,Slovakia,SK,420.39,469.7,51.01,14.25,entsoe.eu,false,
2022-01-25 16:00:00,Slovakia,Slovakia,SK,387.79,433.67,56.08,19.51,entsoe.eu,false,
2022-01-25 17:00:00,Slovakia,Slovakia,SK,350.08,394.64,59.93,23.16,entsoe.eu,false,
2022-01-25 18:00:00,Slovakia,Slovakia,SK,375.7,421.92,56.34,18.38,entsoe.eu,false,
2022-01-25 19:00:00,Slovakia,Slovakia,SK,384.08,431.7,54.28,14.75,entsoe.eu,false,
2022-01-25 20:00:00,Slovakia,Slovakia,SK,402.46,450.89,51.87,12.11,entsoe.eu,false,
2022-01-25 21:00:00,Slovakia,Slovakia,SK,416.45,464.31,51.34,11.53,entsoe.eu,false,
2022-01-25 22:00:00,Slovakia,Slovakia,SK,430.62,478.72,50.75,11.45,entsoe.eu,false,
2022-01-25 23:00:00,Slovakia,Slovakia,SK,441.8,491.23,49.76,10.73,entsoe.eu,false,
2022-01-26 00:00:00,Slovakia,Slovakia,SK,441.06,490.78,50.04,10.89,entsoe.eu,false,
2022-01-26 01:00:00,Slovakia,Slovakia,SK,442.47,492.79,49.88,11.03,entsoe.eu,false,
2022-01-26 02:00:00,Slovakia,Slovakia,SK,433.94,483.75,50.65,11.32,entsoe.eu,false,
2022-01-26 03:00:00,Slovakia,Slovakia,SK,441.87,491.75,50.1,11.31,entsoe.eu,false,
2022-01-26 04:00:00,Slovakia,Slovakia,SK,446.46,496.21,49.77,11.17,entsoe.eu,false,
2022-01-26 05:00:00,Slovakia,Slovakia,SK,416.14,463.06,52.46,13.4,entsoe.eu,false,
2022-01-26 06:00:00,Slovakia,Slovakia,SK,401.02,449.05,52.93,15.78,entsoe.eu,false,
2022-01-26 07:00:00,Slovakia,Slovakia,SK,406.36,453.1,53.8,18.35,entsoe.eu,false,
2022-01-26 08:00:00,Slovakia,Slovakia,SK,402.97,449.61,54.24,19.45,entsoe.eu,false,
2022-01-26 09:00:00,Slovakia,Slovakia,SK,398.17,444.93,54.3,18.9,entsoe.eu,false,
2022-01-26 10:00:00,Slovakia,Slovakia,SK,387.59,434.42,54.43,18.07,entsoe.eu,false,
2022-01-26 11:00:00,Slovakia,Slovakia,SK,388.35,435.54,54.24,18.3,entsoe.eu,false,
2022-01-26 12:00:00,Slovakia,Slovakia,SK,391.05,438.58,53.94,17.8,entsoe.eu,false,
2022-01-26 13:00:00,Slovakia,Slovakia,SK,401.06,448.58,53.06,17.15,entsoe.eu,false,
2022-01-26 14:00:00,Slovakia,Slovakia,SK,404.39,452.31,52.47,16.42,entsoe.eu,false,
2022-01-26 15:00:00,Slovakia,Slovakia,SK,404.01,451.47,52.6,16.73,entsoe.eu,false,
2022-01-26 16:00:00,Slovakia,Slovakia,SK,398.32,445.05,53.26,17.22,entsoe.eu,false,
2022-01-26 17:00:00,Slovakia,Slovakia,SK,387.2,431.86,55.56,20.17,entsoe.eu,false,
2022-01-26 18:00:00,Slovakia,Slovakia,SK,386.17,432.36,53.95,16.79,entsoe.eu,false,
2022-01-26 19:00:00,Slovakia,Slovakia,SK,386.32,431.97,54.2,16.35,entsoe.eu,false,
2022-01-26 20:00:00,Slovakia,Slovakia,SK,394.04,439.8,54.47,16.0,entsoe.eu,false,
2022-01-26 21:00:00,Slovakia,Slovakia,SK,395.63,440.11,55.43,15.84,entsoe.eu,false,
2022-01-26 22:00:00,Slovakia,Slovakia,SK,388.69,429.13,58.1,15.77,entsoe.eu,false,
2022-01-26 23:00:00,Slovakia,Slovakia,SK,384.79,426.28,58.45,16.89,entsoe.eu,false,
2022-01-27 00:00:00,Slovakia,Slovakia,SK,389.48,431.59,58.05,17.12,entsoe.eu,false,
2022-01-27 01:00:00,Slovakia,Slovakia,SK,392.13,434.11,57.84,16.95,entsoe.eu,false,
2022-01-27 02:00:00,Slovakia,Slovakia,SK,392.29,434.36,57.85,17.17,entsoe.eu,false,
2022-01-27 03:00:00,Slovakia,Slovakia,SK,389.84,432.26,58.03,17.57,entsoe.eu,false,
2022-01-27 04:00:00,Slovakia,Slovakia,SK,395.06,438.73,56.48,17.12,entsoe.eu,false,
2022-01-27 05:00:00,Slovakia,Slovakia,SK,396.11,440.54,55.61,17.87,entsoe.eu,false,
2022-01-27 06:00:00,Slovakia,Slovakia,SK,382.83,427.48,56.23,20.2,entsoe.eu,false,
2022-01-27 07:00:00,Slovakia,Slovakia,SK,378.71,423.47,56.19,20.81,entsoe.eu,false,
2022-01-27 08:00:00,Slovakia,Slovakia,SK,367.65,413.01,56.46,20.74,entsoe.eu,false,
2022-01-27 09:00:00,Slovakia,Slovakia,SK,348.45,393.63,57.7,21.4,entsoe.eu,false,
2022-01-27 10:00:00,Slovakia,Slovakia,SK,344.16,389.67,57.85,21.35,entsoe.eu,false,
2022-01-27 11:00:00,Slovakia,Slovakia,SK,338.55,383.28,58.77,21.59,entsoe.eu,false,
2022-01-27 12:00:00,Slovakia,Slovakia,SK,338.15,382.07,59.57,21.91,entsoe.eu,false,
2022-01-27 13:00:00,Slovakia,Slovakia,SK,350.7,395.33,58.32,21.16,entsoe.eu,false,
2022-01-27 14:00:00,Slovakia,Slovakia,SK,359.13,404.2,57.49,20.55,entsoe.eu,false,
2022-01-27 15:00:00,Slovakia,Slovakia,SK,362.32,406.72,57.73,20.88,entsoe.eu,false,
2022-01-27 16:00:00,Slovakia,Slovakia,SK,364.4,408.51,58.16,21.9,entsoe.eu,false,
2022-01-27 17:00:00,Slovakia,Slovakia,SK,363.65,408.85,57.59,21.43,entsoe.eu,false,
2022-01-27 18:00:00,Slovakia,Slovakia,SK,357.7,403.53,57.18,20.19,entsoe.eu,false,
2022-01-27 19:00:00,Slovakia,Slovakia,SK,350.05,394.37,58.49,20.11,entsoe.eu,false,
2022-01-27 20:00:00,Slovakia,Slovakia,SK,352.9,396.15,59.05,19.75,entsoe.eu,false,
2022-01-27 21:00:00,Slovakia,Slovakia,SK,347.94,387.83,61.46,19.8,entsoe.eu,false,
2022-01-27 22:00:00,Slovakia,Slovakia,SK,350.64,390.99,60.94,19.35,entsoe.eu,false,
2022-01-27 23:00:00,Slovakia,Slovakia,SK,337.78,377.24,62.41,18.37,entsoe.eu,false,
2022-01-28 00:00:00,Slovakia,Slovakia,SK,333.75,373.33,62.72,18.24,entsoe.eu,false,
2022-01-28 01:00:00,Slovakia,Slovakia,SK,323.52,362.88,63.6,17.94,entsoe.eu,false,
2022-01-28 02:00:00,Slovakia,Slovakia,SK,321.72,361.0,63.8,17.83,entsoe.eu,false,
2022-01-28 03:00:00,Slovakia,Slovakia,SK,329.16,368.74,63.09,17.94,entsoe.eu,false,
2022-01-28 04:00:00,Slovakia,Slovakia,SK,340.81,382.11,61.03,17.77,entsoe.eu,false,
2022-01-28 05:00:00,Slovakia,Slovakia,SK,343.63,386.74,59.45,18.57,entsoe.eu,false,
2022-01-28 06:00:00,Slovakia,Slovakia,SK,335.65,379.53,59.01,18.91,entsoe.eu,false,
2022-01-28 07:00:00,Slovakia,Slovakia,SK,331.24,374.97,59.26,19.84,entsoe.eu,false,
2022-01-28 08:00:00,Slovakia,Slovakia,SK,328.34,373.34,58.81,19.48,entsoe.eu,false,
2022-01-28 09:00:00,Slovakia,Slovakia,SK,320.71,365.83,59.3,19.2,entsoe.eu,false,
2022-01-28 10:00:00,Slovakia,Slovakia,SK,321.6,366.8,59.14,19.38,entsoe.eu,false,
2022-01-28 11:00:00,Slovakia,Slovakia,SK,324.55,369.38,59.25,19.56,entsoe.eu,false,
2022-01-28 12:00:00,Slovakia,Slovakia,SK,326.85,372.15,58.64,18.58,entsoe.eu,false,
2022-01-28 13:00:00,Slovakia,Slovakia,SK,333.99,379.49,58.14,18.59,entsoe.eu,false,
2022-01-28 14:00:00,Slovakia,Slovakia,SK,336.04,381.73,57.98,18.25,entsoe.eu,false,
2022-01-28 15:00:00,Slovakia,Slovakia,SK,346.28,390.66,59.02,21.34,entsoe.eu,false,
2022-01-28 16:00:00,Slovakia,Slovakia,SK,345.25,388.57,60.07,22.99,entsoe.eu,false,
2022-01-28 17:00:00,Slovakia,Slovakia,SK,350.12,393.15,59.74,22.73,entsoe.eu,false,
2022-01-28 18:00:00,Slovakia,Slovakia,SK,341.04,384.25,60.3,22.57,entsoe.eu,false,
2022-01-28 19:00:00,Slovakia,Slovakia,SK,369.06,414.4,56.34,16.19,entsoe.eu,false,
2022-01-28 20:00:00,Slovakia,Slovakia,SK,378.42,423.08,56.29,14.67,entsoe.eu,false,
2022-01-28 21:00:00,Slovakia,Slovakia,SK,381.48,423.53,58.28,14.83,entsoe.eu,false,
2022-01-28 22:00:00,Slovakia,Slovakia,SK,378.72,421.0,58.82,15.1,entsoe.eu,false,
2022-01-28 23:00:00,Slovakia,Slovakia,SK,356.7,398.79,60.53,14.68,entsoe.eu,false,
2022-01-29 00:00:00,Slovakia,Slovakia,SK,326.33,368.92,63.14,15.79,entsoe.eu,false,
2022-01-29 01:00:00,Slovakia,Slovakia,SK,330.92,373.91,62.78,16.13,entsoe.eu,false,
2022-01-29 02:00:00,Slovakia,Slovakia,SK,332.44,375.5,62.6,15.28,entsoe.eu,false,
2022-01-29 03:00:00,Slovakia,Slovakia,SK,343.98,386.95,61.58,14.9,entsoe.eu,false,
2022-01-29 04:00:00,Slovakia,Slovakia,SK,359.51,402.92,60.23,15.32,entsoe.eu,false,
2022-01-29 05:00:00,Slovakia,Slovakia,SK,359.95,402.7,60.29,16.44,entsoe.eu,false,
2022-01-29 06:00:00,Slovakia,Slovakia,SK,365.63,408.25,60.19,18.47,entsoe.eu,false,
2022-01-29 07:00:00,Slovakia,Slovakia,SK,341.58,382.86,62.47,20.89,entsoe.eu,false,
2022-01-29 08:00:00,Slovakia,Slovakia,SK,325.57,365.44,64.55,22.74,entsoe.eu,false,
2022-01-29 09:00:00,Slovakia,Slovakia,SK,322.37,362.39,65.01,24.22,entsoe.eu,false,
2022-01-29 10:00:00,Slovakia,Slovakia,SK,311.24,351.6,65.3,23.87,entsoe.eu,false,
2022-01-29 11:00:00,Slovakia,Slovakia,SK,302.78,342.44,65.97,23.29,entsoe.eu,false,
2022-01-29 12:00:00,Slovakia,Slovakia,SK,301.37,340.61,66.01,22.35,entsoe.eu,false,
2022-01-29 13:00:00,Slovakia,Slovakia,SK,311.02,350.18,65.06,21.89,entsoe.eu,false,
2022-01-29 14:00:00,Slovakia,Slovakia,SK,329.6,370.04,63.31,21.96,entsoe.eu,false,
2022-01-29 15:00:00,Slovakia,Slovakia,SK,330.54,370.5,63.47,22.9,entsoe.eu,false,
2022-01-29 16:00:00,Slovakia,Slovakia,SK,314.64,352.93,65.66,25.13,entsoe.eu,false,
2022-01-29 17:00:00,Slovakia,Slovakia,SK,317.48,356.11,65.69,25.59,entsoe.eu,false,
2022-01-29 18:00:00,Slovakia,Slovakia,SK,326.57,366.98,64.04,23.23,entsoe.eu,false,
2022-01-29 19:00:00,Slovakia,Slovakia,SK,315.75,356.13,64.7,22.59,entsoe.eu,false,
2022-01-29 20:00:00,Slovakia,Slovakia,SK,316.17,357.07,64.32,20.58,entsoe.eu,false,
2022-01-29 21:00:00,Slovakia,Slovakia,SK,323.85,365.8,63.83,20.35,entsoe.eu,false,
2022-01-29 22:00:00,Slovakia,Slovakia,SK,320.87,362.8,63.8,19.24,entsoe.eu,false,
2022-01-29 23:00:00,Slovakia,Slovakia,SK,328.27,370.32,63.05,17.71,entsoe.eu,false,
2022-01-30 00:00:00,Slovakia,Slovakia,SK,320.04,361.53,63.76,16.59,entsoe.eu,false,
2022-01-30 01:00:00,Slovakia,Slovakia,SK,308.8,349.51,64.71,16.42,entsoe.eu,false,
2022-01-30 02:00:00,Slovakia,Slovakia,SK,313.64,355.09,64.25,15.84,entsoe.eu,false,
2022-01-30 03:00:00,Slovakia,Slovakia,SK,323.78,365.98,63.37,15.62,entsoe.eu,false,
2022-01-30 04:00:00,Slovakia,Slovakia,SK,326.08,368.0,63.22,15.9,entsoe.eu,false,
2022-01-30 05:00:00,Slovakia,Slovakia,SK,311.85,353.64,64.48,17.55,entsoe.eu,false,
2022-01-30 06:00:00,Slovakia,Slovakia,SK,324.63,367.21,63.59,19.32,entsoe.eu,false,
2022-01-30 07:00:00,Slovakia,Slovakia,SK,317.56,359.23,64.27,19.8,entsoe.eu,false,
2022-01-30 08:00:00,Slovakia,Slovakia,SK,297.61,338.24,66.19,21.37,entsoe.eu,false,
2022-01-30 09:00:00,Slovakia,Slovakia,SK,291.41,332.29,66.82,21.4,entsoe.eu,false,
2022-01-30 10:00:00,Slovakia,Slovakia,SK,296.26,336.93,66.49,21.48,entsoe.eu,false,
2022-01-30 11:00:00,Slovakia,Slovakia,SK,279.37,319.2,67.71,20.25,entsoe.eu,false,
2022-01-30 12:00:00,Slovakia,Slovakia,SK,266.68,305.55,68.81,19.82,entsoe.eu,false,
2022-01-30 13:00:00,Slovakia,Slovakia,SK,296.54,336.52,66.3,19.7,entsoe.eu,false,
2022-01-30 14:00:00,Slovakia,Slovakia,SK,334.41,376.06,62.97,19.68,entsoe.eu,false,
2022-01-30 15:00:00,Slovakia,Slovakia,SK,346.55,388.17,62.17,20.43,entsoe.eu,false,
2022-01-30 16:00:00,Slovakia,Slovakia,SK,349.62,391.06,62.67,21.45,entsoe.eu,false,
2022-01-30 17:00:00,Slovakia,Slovakia,SK,346.41,386.53,64.34,24.67,entsoe.eu,false,
2022-01-30 18:00:00,Slovakia,Slovakia,SK,345.37,384.89,64.39,24.29,entsoe.eu,false,
2022-01-30 19:00:00,Slovakia,Slovakia,SK,330.66,369.56,65.21,23.23,entsoe.eu,false,
2022-01-30 20:00:00,Slovakia,Slovakia,SK,332.58,372.49,63.4,18.91,entsoe.eu,false,
2022-01-30 21:00:00,Slovakia,Slovakia,SK,328.52,368.99,63.56,18.08,entsoe.eu,false,
2022-01-30 22:00:00,Slovakia,Slovakia,SK,330.69,371.25,63.12,17.46,entsoe.eu,false,
2022-01-30 23:00:00,Slovakia,Slovakia,SK,325.99,366.35,63.37,16.77,entsoe.eu,false,
2022-01-31 00:00:00,Slovakia,Slovakia,SK,328.43,368.97,63.14,16.07,entsoe.eu,false,
2022-01-31 01:00:00,Slovakia,Slovakia,SK,335.42,376.89,62.44,15.72,entsoe.eu,false,
2022-01-31 02:00:00,Slovakia,Slovakia,SK,328.25,370.53,63.12,15.57,entsoe.eu,false,
2022-01-31 03:00:00,Slovakia,Slovakia,SK,342.89,386.55,61.79,15.41,entsoe.eu,false,
2022-01-31 04:00:00,Slovakia,Slovakia,SK,382.51,427.84,57.58,14.4,entsoe.eu,false,
2022-01-31 05:00:00,Slovakia,Slovakia,SK,380.61,425.03,57.39,15.53,entsoe.eu,false,
2022-01-31 06:00:00,Slovakia,Slovakia,SK,377.68,423.32,56.31,16.29,entsoe.eu,false,
2022-01-31 07:00:00,Slovakia,Slovakia,SK,357.63,401.74,58.29,19.83,entsoe.eu,false,
2022-01-31 08:00:00,Slovakia,Slovakia,SK,331.82,375.21,60.03,20.58,entsoe.eu,false,
2022-01-31 09:00:00,Slovakia,Slovakia,SK,321.94,366.14,60.25,19.27,entsoe.eu,false,
2022-01-31 10:00:00,Slovakia,Slovakia,SK,324.02,370.52,58.29,16.08,entsoe.eu,false,
2022-01-31 11:00:00,Slovakia,Slovakia,SK,322.72,368.97,58.25,15.58,entsoe.eu,false,
2022-01-31 12:00:00,Slovakia,Slovakia,SK,321.62,366.75,58.22,15.33,entsoe.eu,false,
2022-01-31 13:00:00,Slovakia,Slovakia,SK,334.76,380.18,57.18,14.59,entsoe.eu,false,
2022-01-31 14:00:00,Slovakia,Slovakia,SK,348.63,394.3,55.71,13.77,entsoe.eu,false,
2022-01-31 15:00:00,Slovakia,Slovakia,SK,344.03,388.21,56.94,14.98,entsoe.eu,false,
2022-01-31 16:00:00,Slovakia,Slovakia,SK,324.85,366.19,60.46,20.1,entsoe.eu,false,
2022-01-31 17:00:00,Slovakia,Slovakia,SK,334.86,376.86,59.53,19.56,entsoe.eu,false,
2022-01-31 18:00:00,Slovakia,Slovakia,SK,323.16,364.02,60.74,19.62,entsoe.eu,false,
2022-01-31 19:00:00,Slovakia,Slovakia,SK,347.64,391.64,56.36,13.38,entsoe.eu,false,
2022-01-31 20:00:00,Slovakia,Slovakia,SK,402.19,449.98,52.13,11.75,entsoe.eu,false,
2022-01-31 21:00:00,Slovakia,Slovakia,SK,403.03,449.72,53.16,11.34,entsoe.eu,false,
2022-01-31 22:00:00,Slovakia,Slovakia,SK,408.29,451.06,55.78,12.05,entsoe.eu,false,
2022-01-31 23:00:00,Slovakia,Slovakia,SK,419.87,465.17,54.87,11.63,entsoe.eu,false,
2022-02-01 00:00:00,Slovakia,Slovakia,SK,427.46,473.92,54.3,11.84,entsoe.eu,false,
2022-02-01 01:00:00,Slovakia,Slovakia,SK,412.54,458.23,55.59,11.65,entsoe.eu,false,
2022-02-01 02:00:00,Slovakia,Slovakia,SK,404.5,449.88,56.17,11.59,entsoe.eu,false,
2022-02-01 03:00:00,Slovakia,Slovakia,SK,408.2,453.85,55.82,11.92,entsoe.eu,false,
2022-02-01 04:00:00,Slovakia,Slovakia,SK,405.44,451.89,54.89,13.84,entsoe.eu,false,
2022-02-01 05:00:00,Slovakia,Slovakia,SK,400.95,449.42,53.44,16.45,entsoe.eu,false,
2022-02-01 06:00:00,Slovakia,Slovakia,SK,380.14,426.49,56.31,21.31,entsoe.eu,false,
2022-02-01 07:00:00,Slovakia,Slovakia,SK,369.71,414.76,58.25,24.12,entsoe.eu,false,
2022-02-01 08:00:00,Slovakia,Slovakia,SK,368.45,413.88,58.26,24.75,entsoe.eu,false,
2022-02-01 09:00:00,Slovakia,Slovakia,SK,356.16,402.03,58.34,23.17,entsoe.eu,false,
2022-02-01 10:00:00,Slovakia,Slovakia,SK,349.24,396.69,57.37,21.17,entsoe.eu,false,
2022-02-01 11:00:00,Slovakia,Slovakia,SK,342.87,390.51,57.56,20.32,entsoe.eu,false,
2022-02-01 12:00:00,Slovakia,Slovakia,SK,346.99,395.06,57.29,20.13,entsoe.eu,false,
2022-02-01 13:00:00,Slovakia,Slovakia,SK,357.12,405.75,56.3,19.17,entsoe.eu,false,
2022-02-01 14:00:00,Slovakia,Slovakia,SK,365.13,413.57,55.46,18.23,entsoe.eu,false,
2022-02-01 15:00:00,Slovakia,Slovakia,SK,368.85,416.48,55.32,17.92,entsoe.eu,false,
2022-02-01 16:00:00,Slovakia,Slovakia,SK,367.02,413.63,55.95,19.18,entsoe.eu,false,
2022-02-01 17:00:00,Slovakia,Slovakia,SK,368.9,414.69,56.52,21.29,entsoe.eu,false,
2022-02-01 18:00:00,Slovakia,Slovakia,SK,366.1,410.86,57.8,22.54,entsoe.eu,false,
2022-02-01 19:00:00,Slovakia,Slovakia,SK,371.04,418.48,55.15,18.63,entsoe.eu,false,
2022-02-01 20:00:00,Slovakia,Slovakia,SK,374.58,419.77,56.82,18.43,entsoe.eu,false,
2022-02-01 21:00:00,Slovakia,Slovakia,SK,376.79,418.46,59.2,18.74,entsoe.eu,false,
2022-02-01 22:00:00,Slovakia,Slovakia,SK,378.97,420.65,59.07,18.63,entsoe.eu,false,
2022-02-01 23:00:00,Slovakia,Slovakia,SK,372.82,415.01,59.61,17.97,entsoe.eu,false,
2022-02-02 00:00:00,Slovakia,Slovakia,SK,377.73,420.35,59.22,17.4,entsoe.eu,false,
2022-02-02 01:00:00,Slovakia,Slovakia,SK,371.95,414.18,59.66,17.45,entsoe.eu,false,
2022-02-02 02:00:00,Slovakia,Slovakia,SK,375.39,417.99,59.31,17.39,entsoe.eu,false,
2022-02-02 03:00:00,Slovakia,Slovakia,SK,378.09,420.98,59.03,17.12,entsoe.eu,false,
2022-02-02 04:00:00,Slovakia,Slovakia,SK,394.43,439.32,56.73,17.03,entsoe.eu,false,
2022-02-02 05:00:00,Slovakia,Slovakia,SK,387.33,433.73,55.74,17.58,entsoe.eu,false,
2022-02-02 06:00:00,Slovakia,Slovakia,SK,395.17,443.72,53.67,17.62,entsoe.eu,false,
2022-02-02 07:00:00,Slovakia,Slovakia,SK,376.9,423.32,56.54,20.86,entsoe.eu,false,
2022-02-02 08:00:00,Slovakia,Slovakia,SK,374.79,422.09,55.85,19.6,entsoe.eu,false,
2022-02-02 09:00:00,Slovakia,Slovakia,SK,364.55,411.91,56.27,18.79,entsoe.eu,false,
2022-02-02 10:00:00,Slovakia,Slovakia,SK,365.09,412.57,56.23,19.16,entsoe.eu,false,
2022-02-02 11:00:00,Slovakia,Slovakia,SK,356.43,403.45,56.85,19.05,entsoe.eu,false,
2022-02-02 12:00:00,Slovakia,Slovakia,SK,365.33,412.79,56.24,18.82,entsoe.eu,false,
2022-02-02 13:00:00,Slovakia,Slovakia,SK,367.41,414.07,56.37,18.6,entsoe.eu,false,
2022-02-02 14:00:00,Slovakia,Slovakia,SK,359.26,406.52,56.21,17.55,entsoe.eu,false,
2022-02-02 15:00:00,Slovakia,Slovakia,SK,353.77,399.98,57.05,18.67,entsoe.eu,false,
2022-02-02 16:00:00,Slovakia,Slovakia,SK,333.68,377.0,59.95,21.66,entsoe.eu,false,
2022-02-02 17:00:00,Slovakia,Slovakia,SK,325.95,368.58,61.87,24.27,entsoe.eu,false,
2022-02-02 18:00:00,Slovakia,Slovakia,SK,336.02,379.76,60.61,23.38,entsoe.eu,false,
2022-02-02 19:00:00,Slovakia,Slovakia,SK,333.31,379.17,58.65,18.83,entsoe.eu,false,
2022-02-02 20:00:00,Slovakia,Slovakia,SK,354.9,400.78,57.38,15.34,entsoe.eu,false,
2022-02-02 21:00:00,Slovakia,Slovakia,SK,371.56,414.52,58.49,14.35,entsoe.eu,false,
2022-02-02 22:00:00,Slovakia,Slovakia,SK,369.04,411.03,59.57,14.06,entsoe.eu,false,
2022-02-02 23:00:00,Slovakia,Slovakia,SK,411.78,456.17,55.85,12.1,entsoe.eu,false,
2022-02-03 00:00:00,Slovakia,Slovakia,SK,407.84,452.89,56.2,12.22,entsoe.eu,false,
2022-02-03 01:00:00,Slovakia,Slovakia,SK,398.69,443.64,57.01,12.04,entsoe.eu,false,
2022-02-03 02:00:00,Slovakia,Slovakia,SK,396.47,441.97,57.14,11.85,entsoe.eu,false,
2022-02-03 03:00:00,Slovakia,Slovakia,SK,408.63,454.9,55.86,12.07,entsoe.eu,false,
2022-02-03 04:00:00,Slovakia,Slovakia,SK,426.88,474.54,53.03,12.02,entsoe.eu,false,
2022-02-03 05:00:00,Slovakia,Slovakia,SK,380.72,427.28,55.35,14.76,entsoe.eu,false,
2022-02-03 06:00:00,Slovakia,Slovakia,SK,360.26,407.47,55.36,15.98,entsoe.eu,false,
2022-02-03 07:00:00,Slovakia,Slovakia,SK,339.59,383.21,60.21,23.52,entsoe.eu,false,
2022-02-03 08:00:00,Slovakia,Slovakia,SK,327.18,372.83,59.85,22.0,entsoe.eu,false,
2022-02-03 09:00:00,Slovakia,Slovakia,SK,332.1,379.23,58.67,19.62,entsoe.eu,false,
2022-02-03 10:00:00,Slovakia,Slovakia,SK,302.59,348.67,60.88,20.27,entsoe.eu,false,
2022-02-03 11:00:00,Slovakia,Slovakia,SK,295.14,339.79,61.71,20.28,entsoe.eu,false,
2022-02-03 12:00:00,Slovakia,Slovakia,SK,296.13,340.91,61.29,19.48,entsoe.eu,false,
2022-02-03 13:00:00,Slovakia,Slovakia,SK,322.51,368.87,58.59,17.86,entsoe.eu,false,
2022-02-03 14:00:00,Slovakia,Slovakia,SK,362.44,410.45,55.16,15.82,entsoe.eu,false,
2022-02-03 15:00:00,Slovakia,Slovakia,SK,371.32,418.28,55.75,18.38,entsoe.eu,false,
2022-02-03 16:00:00,Slovakia,Slovakia,SK,381.24,427.69,55.33,18.84,entsoe.eu,false,
2022-02-03 17:00:00,Slovakia,Slovakia,SK,370.19,415.04,57.12,20.65,entsoe.eu,false,
2022-02-03 18:00:00,Slovakia,Slovakia,SK,371.41,417.7,56.15,19.37,entsoe.eu,false,
2022-02-03 19:00:00,Slovakia,Slovakia,SK,381.15,428.47,53.96,14.51,entsoe.eu,false,
2022-02-03 20:00:00,Slovakia,Slovakia,SK,378.99,426.47,54.06,13.43,entsoe.eu,false,
2022-02-03 21:00:00,Slovakia,Slovakia,SK,398.08,445.06,54.2,13.44,entsoe.eu,false,
2022-02-03 22:00:00,Slovakia,Slovakia,SK,415.59,458.92,55.19,12.98,entsoe.eu,false,
2022-02-03 23:00:00,Slovakia,Slovakia,SK,396.38,439.1,56.74,13.24,entsoe.eu,false,
2022-02-04 00:00:00,Slovakia,Slovakia,SK,391.94,435.54,57.14,13.41,entsoe.eu,false,
2022-02-04 01:00:00,Slovakia,Slovakia,SK,391.18,434.87,57.22,13.21,entsoe.eu,false,
2022-02-04 02:00:00,Slovakia,Slovakia,SK,394.75,439.09,56.88,13.02,entsoe.eu,false,
2022-02-04 03:00:00,Slovakia,Slovakia,SK,393.24,437.43,57.1,13.5,entsoe.eu,false,
2022-02-04 04:00:00,Slovakia,Slovakia,SK,400.58,446.1,55.14,13.21,entsoe.eu,false,
2022-02-04 05:00:00,Slovakia,Slovakia,SK,402.68,450.09,53.63,15.37,entsoe.eu,false,
2022-02-04 06:00:00,Slovakia,Slovakia,SK,383.82,429.62,56.11,20.37,entsoe.eu,false,
2022-02-04 07:00:00,Slovakia,Slovakia,SK,378.65,424.17,56.92,22.06,entsoe.eu,false,
2022-02-04 08:00:00,Slovakia,Slovakia,SK,364.88,410.68,57.45,21.48,entsoe.eu,false,
2022-02-04 09:00:00,Slovakia,Slovakia,SK,344.38,390.37,58.15,19.54,entsoe.eu,false,
2022-02-04 10:00:00,Slovakia,Slovakia,SK,341.12,387.25,58.15,19.51,entsoe.eu,false,
2022-02-04 11:00:00,Slovakia,Slovakia,SK,347.75,395.15,57.1,18.53,entsoe.eu,false,
2022-02-04 12:00:00,Slovakia,Slovakia,SK,336.93,384.02,57.61,17.4,entsoe.eu,false,
2022-02-04 13:00:00,Slovakia,Slovakia,SK,361.79,409.35,55.61,16.49,entsoe.eu,false,
2022-02-04 14:00:00,Slovakia,Slovakia,SK,370.62,417.46,55.5,17.64,entsoe.eu,false,
2022-02-04 15:00:00,Slovakia,Slovakia,SK,378.8,425.73,55.27,18.63,entsoe.eu,false,
2022-02-04 16:00:00,Slovakia,Slovakia,SK,364.56,408.92,58.32,22.64,entsoe.eu,false,
2022-02-04 17:00:00,Slovakia,Slovakia,SK,369.45,414.24,57.37,20.87,entsoe.eu,false,
2022-02-04 18:00:00,Slovakia,Slovakia,SK,374.15,418.66,57.0,18.94,entsoe.eu,false,
2022-02-04 19:00:00,Slovakia,Slovakia,SK,355.0,399.06,57.95,18.36,entsoe.eu,false,
2022-02-04 20:00:00,Slovakia,Slovakia,SK,361.89,405.56,58.08,17.23,entsoe.eu,false,
2022-02-04 21:00:00,Slovakia,Slovakia,SK,363.25,404.81,59.94,17.94,entsoe.eu,false,
2022-02-04 22:00:00,Slovakia,Slovakia,SK,349.28,389.5,61.28,18.22,entsoe.eu,false,
2022-02-04 23:00:00,Slovakia,Slovakia,SK,333.67,375.02,62.91,20.21,entsoe.eu,false,
2022-02-05 00:00:00,Slovakia,Slovakia,SK,323.79,364.99,63.8,20.39,entsoe.eu,false,
2022-02-05 01:00:00,Slovakia,Slovakia,SK,320.45,361.67,64.0,20.24,entsoe.eu,false,
2022-02-05 02:00:00,Slovakia,Slovakia,SK,316.08,357.3,64.46,20.41,entsoe.eu,false,
2022-02-05 03:00:00,Slovakia,Slovakia,SK,323.63,365.06,63.81,20.5,entsoe.eu,false,
2022-02-05 04:00:00,Slovakia,Slovakia,SK,328.96,370.01,63.33,19.77,entsoe.eu,false,
2022-02-05 05:00:00,Slovakia,Slovakia,SK,326.14,367.42,63.63,20.65,entsoe.eu,false,
2022-02-05 06:00:00,Slovakia,Slovakia,SK,329.2,369.48,63.46,20.39,entsoe.eu,false,
2022-02-05 07:00:00,Slovakia,Slovakia,SK,309.56,347.71,66.03,24.2,entsoe.eu,false,
2022-02-05 08:00:00,Slovakia,Slovakia,SK,295.14,333.04,67.39,26.3,entsoe.eu,false,
2022-02-05 09:00:00,Slovakia,Slovakia,SK,286.85,325.19,67.63,25.88,entsoe.eu,false,
2022-02-05 10:00:00,Slovakia,Slovakia,SK,288.99,327.45,67.41,25.25,entsoe.eu,false,
2022-02-05 11:00:00,Slovakia,Slovakia,SK,281.91,320.62,67.97,26.17,entsoe.eu,false,
2022-02-05 12:00:00,Slovakia,Slovakia,SK,282.78,320.98,68.07,26.1,entsoe.eu,false,
2022-02-05 13:00:00,Slovakia,Slovakia,SK,292.2,330.73,67.35,25.01,entsoe.eu,false,
2022-02-05 14:00:00,Slovakia,Slovakia,SK,300.34,338.44,66.95,24.4,entsoe.eu,false,
2022-02-05 15:00:00,Slovakia,Slovakia,SK,322.46,360.2,66.1,24.8,entsoe.eu,false,
2022-02-05 16:00:00,Slovakia,Slovakia,SK,316.1,353.96,66.74,25.02,entsoe.eu,false,
2022-02-05 17:00:00,Slovakia,Slovakia,SK,311.85,348.24,68.45,28.82,entsoe.eu,false,
2022-02-05 18:00:00,Slovakia,Slovakia,SK,301.75,339.22,67.22,25.33,entsoe.eu,false,
2022-02-05 19:00:00,Slovakia,Slovakia,SK,314.64,353.63,65.04,22.25,entsoe.eu,false,
2022-02-05 20:00:00,Slovakia,Slovakia,SK,314.0,353.74,64.54,21.05,entsoe.eu,false,
2022-02-05 21:00:00,Slovakia,Slovakia,SK,314.19,354.54,64.43,19.7,entsoe.eu,false,
2022-02-05 22:00:00,Slovakia,Slovakia,SK,308.5,348.92,64.89,20.35,entsoe.eu,false,
2022-02-05 23:00:00,Slovakia,Slovakia,SK,300.57,340.88,65.74,21.09,entsoe.eu,false,
2022-02-06 00:00:00,Slovakia,Slovakia,SK,297.1,337.22,66.06,21.14,entsoe.eu,false,
2022-02-06 01:00:00,Slovakia,Slovakia,SK,295.12,335.28,66.27,21.01,entsoe.eu,false,
2022-02-06 02:00:00,Slovakia,Slovakia,SK,294.62,334.83,66.29,21.01,entsoe.eu,false,
2022-02-06 03:00:00,Slovakia,Slovakia,SK,294.51,334.84,66.27,21.51,entsoe.eu,false,
2022-02-06 04:00:00,Slovakia,Slovakia,SK,298.35,338.98,65.95,21.78,entsoe.eu,false,
2022-02-06 05:00:00,Slovakia,Slovakia,SK,299.12,339.85,65.87,22.56,entsoe.eu,false,
2022-02-06 06:00:00,Slovakia,Slovakia,SK,297.25,337.76,66.15,23.32,entsoe.eu,false,
2022-02-06 07:00:00,Slovakia,Slovakia,SK,292.85,332.31,66.71,24.89,entsoe.eu,false,
2022-02-06 08:00:00,Slovakia,Slovakia,SK,288.25,327.14,67.24,26.06,entsoe.eu,false,
2022-02-06 09:00:00,Slovakia,Slovakia,SK,279.25,317.56,68.29,26.35,entsoe.eu,false,
2022-02-06 10:00:00,Slovakia,Slovakia,SK,273.0,310.76,68.83,25.49,entsoe.eu,false,
2022-02-06 11:00:00,Slovakia,Slovakia,SK,272.26,309.81,68.71,24.28,entsoe.eu,false,
2022-02-06 12:00:00,Slovakia,Slovakia,SK,272.79,310.73,68.5,23.33,entsoe.eu,false,
2022-02-06 13:00:00,Slovakia,Slovakia,SK,281.31,320.01,67.75,23.17,entsoe.eu,false,
2022-02-06 14:00:00,Slovakia,Slovakia,SK,288.9,328.19,67.2,22.71,entsoe.eu,false,
2022-02-06 15:00:00,Slovakia,Slovakia,SK,295.88,335.22,66.78,23.81,entsoe.eu,false,
2022-02-06 16:00:00,Slovakia,Slovakia,SK,294.1,331.43,68.58,27.43,entsoe.eu,false,
2022-02-06 17:00:00,Slovakia,Slovakia,SK,291.36,327.96,69.51,29.31,entsoe.eu,false,
2022-02-06 18:00:00,Slovakia,Slovakia,SK,295.52,332.59,68.64,27.94,entsoe.eu,false,
2022-02-06 19:00:00,Slovakia,Slovakia,SK,300.76,340.17,66.04,22.97,entsoe.eu,false,
2022-02-06 20:00:00,Slovakia,Slovakia,SK,297.38,336.7,65.92,20.78,entsoe.eu,false,
2022-02-06 21:00:00,Slovakia,Slovakia,SK,307.99,348.19,64.94,20.25,entsoe.eu,false,
2022-02-06 22:00:00,Slovakia,Slovakia,SK,299.95,339.81,65.59,20.2,entsoe.eu,false,
2022-02-06 23:00:00,Slovakia,Slovakia,SK,296.47,337.35,65.78,18.07,entsoe.eu,false,
2022-02-07 00:00:00,Slovakia,Slovakia,SK,293.34,334.41,66.04,17.86,entsoe.eu,false,
2022-02-07 01:00:00,Slovakia,Slovakia,SK,301.97,343.4,65.22,16.93,entsoe.eu,false,
2022-02-07 02:00:00,Slovakia,Slovakia,SK,299.12,340.92,65.44,16.5,entsoe.eu,false,
2022-02-07 03:00:00,Slovakia,Slovakia,SK,319.82,361.78,63.54,16.04,entsoe.eu,false,
2022-02-07 04:00:00,Slovakia,Slovakia,SK,321.83,364.84,62.38,15.64,entsoe.eu,false,
2022-02-07 05:00:00,Slovakia,Slovakia,SK,321.62,364.09,62.45,18.73,entsoe.eu,false,
2022-02-07 06:00:00,Slovakia,Slovakia,SK,297.83,341.52,62.93,20.41,entsoe.eu,false,
2022-02-07 07:00:00,Slovakia,Slovakia,SK,297.34,341.08,63.33,22.63,entsoe.eu,false,
2022-02-07 08:00:00,Slovakia,Slovakia,SK,293.42,337.83,63.05,22.21,entsoe.eu,false,
2022-02-07 09:00:00,Slovakia,Slovakia,SK,300.03,345.64,61.67,21.15,entsoe.eu,false,
2022-02-07 10:00:00,Slovakia,Slovakia,SK,299.73,345.48,61.52,21.65,entsoe.eu,false,
2022-02-07 11:00:00,Slovakia,Slovakia,SK,296.67,342.49,61.74,21.62,entsoe.eu,false,
2022-02-07 12:00:00,Slovakia,Slovakia,SK,291.59,337.36,61.98,21.22,entsoe.eu,false,
2022-02-07 13:00:00,Slovakia,Slovakia,SK,282.48,327.7,62.55,20.37,entsoe.eu,false,
2022-02-07 14:00:00,Slovakia,Slovakia,SK,281.21,326.33,62.44,19.32,entsoe.eu,false,
2022-02-07 15:00:00,Slovakia,Slovakia,SK,288.5,332.14,63.2,21.24,entsoe.eu,false,
2022-02-07 16:00:00,Slovakia,Slovakia,SK,289.06,331.4,64.06,23.08,entsoe.eu,false,
2022-02-07 17:00:00,Slovakia,Slovakia,SK,292.76,334.97,64.1,24.58,entsoe.eu,false,
2022-02-07 18:00:00,Slovakia,Slovakia,SK,289.66,333.02,62.92,22.05,entsoe.eu,false,
2022-02-07 19:00:00,Slovakia,Slovakia,SK,295.37,338.7,62.75,19.77,entsoe.eu,false,
2022-02-07 20:00:00,Slovakia,Slovakia,SK,294.31,336.65,63.55,19.74,entsoe.eu,false,
2022-02-07 21:00:00,Slovakia,Slovakia,SK,299.15,337.83,65.87,19.85,entsoe.eu,false,
2022-02-07 22:00:00,Slovakia,Slovakia,SK,292.82,332.81,66.26,20.11,entsoe.eu,false,
2022-02-07 23:00:00,Slovakia,Slovakia,SK,317.11,359.64,64.08,20.17,entsoe.eu,false,
2022-02-08 00:00:00,Slovakia,Slovakia,SK,324.32,367.31,63.41,20.1,entsoe.eu,false,
2022-02-08 01:00:00,Slovakia,Slovakia,SK,316.83,359.6,64.08,19.96,entsoe.eu,false,
2022-02-08 02:00:00,Slovakia,Slovakia,SK,308.24,350.41,64.85,19.69,entsoe.eu,false,
2022-02-08 03:00:00,Slovakia,Slovakia,SK,310.38,353.1,64.59,19.6,entsoe.eu,false,
2022-02-08 04:00:00,Slovakia,Slovakia,SK,327.42,372.15,62.03,19.3,entsoe.eu,false,
2022-02-08 05:00:00,Slovakia,Slovakia,SK,347.96,394.57,58.84,18.84,entsoe.eu,false,
2022-02-08 06:00:00,Slovakia,Slovakia,SK,356.67,404.99,57.31,19.08,entsoe.eu,false,
2022-02-08 07:00:00,Slovakia,Slovakia,SK,341.98,389.35,58.69,20.78,entsoe.eu,false,
2022-02-08 08:00:00,Slovakia,Slovakia,SK,326.71,372.38,60.66,21.86,entsoe.eu,false,
2022-02-08 09:00:00,Slovakia,Slovakia,SK,302.43,347.42,62.81,23.17,entsoe.eu,false,
2022-02-08 10:00:00,Slovakia,Slovakia,SK,295.76,340.17,63.56,23.69,entsoe.eu,false,
2022-02-08 11:00:00,Slovakia,Slovakia,SK,294.63,338.28,64.46,22.91,entsoe.eu,false,
2022-02-08 12:00:00,Slovakia,Slovakia,SK,309.85,354.96,62.94,22.38,entsoe.eu,false,
2022-02-08 13:00:00,Slovakia,Slovakia,SK,328.32,373.93,60.72,20.9,entsoe.eu,false,
2022-02-08 14:00:00,Slovakia,Slovakia,SK,336.08,382.37,59.6,20.49,entsoe.eu,false,
2022-02-08 15:00:00,Slovakia,Slovakia,SK,335.55,381.15,59.86,20.88,entsoe.eu,false,
2022-02-08 16:00:00,Slovakia,Slovakia,SK,327.34,371.43,61.76,24.46,entsoe.eu,false,
2022-02-08 17:00:00,Slovakia,Slovakia,SK,316.72,359.1,63.47,26.74,entsoe.eu,false,
2022-02-08 18:00:00,Slovakia,Slovakia,SK,320.79,363.5,63.09,26.23,entsoe.eu,false,
2022-02-08 19:00:00,Slovakia,Slovakia,SK,334.84,380.16,59.79,20.1,entsoe.eu,false,
2022-02-08 20:00:00,Slovakia,Slovakia,SK,327.9,372.25,60.92,19.61,entsoe.eu,false,
2022-02-08 21:00:00,Slovakia,Slovakia,SK,322.41,363.72,63.66,19.88,entsoe.eu,false,
2022-02-08 22:00:00,Slovakia,Slovakia,SK,334.74,376.46,62.74,19.76,entsoe.eu,false,
2022-02-08 23:00:00,Slovakia,Slovakia,SK,314.92,356.15,64.48,19.51,entsoe.eu,false,
2022-02-09 00:00:00,Slovakia,Slovakia,SK,323.76,365.62,63.73,19.67,entsoe.eu,false,
2022-02-09 01:00:00,Slovakia,Slovakia,SK,329.54,371.62,63.17,19.0,entsoe.eu,false,
2022-02-09 02:00:00,Slovakia,Slovakia,SK,330.51,372.81,63.03,18.6,entsoe.eu,false,
2022-02-09 03:00:00,Slovakia,Slovakia,SK,337.26,379.78,62.36,18.05,entsoe.eu,false,
2022-02-09 04:00:00,Slovakia,Slovakia,SK,355.47,400.15,59.62,17.04,entsoe.eu,false,
2022-02-09 05:00:00,Slovakia,Slovakia,SK,371.95,418.94,56.83,17.37,entsoe.eu,false,
2022-02-09 06:00:00,Slovakia,Slovakia,SK,362.14,409.38,57.12,18.92,entsoe.eu,false,
2022-02-09 07:00:00,Slovakia,Slovakia,SK,357.93,404.49,58.21,20.09,entsoe.eu,false,
2022-02-09 08:00:00,Slovakia,Slovakia,SK,344.15,390.93,58.76,20.17,entsoe.eu,false,
2022-02-09 09:00:00,Slovakia,Slovakia,SK,336.7,383.41,59.15,20.43,entsoe.eu,false,
2022-02-09 10:00:00,Slovakia,Slovakia,SK,324.27,370.46,60.14,20.58,entsoe.eu,false,
2022-02-09 11:00:00,Slovakia,Slovakia,SK,312.05,357.59,61.26,21.06,entsoe.eu,false,
2022-02-09 12:00:00,Slovakia,Slovakia,SK,296.61,342.02,62.05,20.85,entsoe.eu,false,
2022-02-09 13:00:00,Slovakia,Slovakia,SK,309.64,355.25,60.96,20.77,entsoe.eu,false,
2022-02-09 14:00:00,Slovakia,Slovakia,SK,333.85,380.45,59.06,20.15,entsoe.eu,false,
2022-02-09 15:00:00,Slovakia,Slovakia,SK,353.23,400.01,57.68,19.58,entsoe.eu,false,
2022-02-09 16:00:00,Slovakia,Slovakia,SK,351.8,396.39,59.64,23.26,entsoe.eu,false,
2022-02-09 17:00:00,Slovakia,Slovakia,SK,360.54,404.6,60.25,25.81,entsoe.eu,false,
2022-02-09 18:00:00,Slovakia,Slovakia,SK,363.84,408.04,59.98,25.08,entsoe.eu,false,
2022-02-09 19:00:00,Slovakia,Slovakia,SK,359.74,405.44,58.01,20.38,entsoe.eu,false,
2022-02-09 20:00:00,Slovakia,Slovakia,SK,352.92,399.22,57.75,18.9,entsoe.eu,false,
2022-02-09 21:00:00,Slovakia,Slovakia,SK,357.39,403.31,57.47,17.68,entsoe.eu,false,
2022-02-09 22:00:00,Slovakia,Slovakia,SK,355.75,400.0,58.43,17.09,entsoe.eu,false,
2022-02-09 23:00:00,Slovakia,Slovakia,SK,336.62,376.92,62.35,17.07,entsoe.eu,false,
2022-02-10 00:00:00,Slovakia,Slovakia,SK,334.58,374.57,62.66,16.82,entsoe.eu,false,
2022-02-10 01:00:00,Slovakia,Slovakia,SK,338.82,379.95,62.23,16.9,entsoe.eu,false,
2022-02-10 02:00:00,Slovakia,Slovakia,SK,347.44,389.32,61.39,16.63,entsoe.eu,false,
2022-02-10 03:00:00,Slovakia,Slovakia,SK,357.06,400.07,60.3,16.47,entsoe.eu,false,
2022-02-10 04:00:00,Slovakia,Slovakia,SK,373.98,418.56,57.42,15.68,entsoe.eu,false,
2022-02-10 05:00:00,Slovakia,Slovakia,SK,372.38,419.65,55.63,16.99,entsoe.eu,false,
2022-02-10 06:00:00,Slovakia,Slovakia,SK,365.56,411.89,56.74,19.08,entsoe.eu,false,
2022-02-10 07:00:00,Slovakia,Slovakia,SK,345.84,391.77,58.48,20.73,entsoe.eu,false,
2022-02-10 08:00:00,Slovakia,Slovakia,SK,306.33,350.47,62.2,24.06,entsoe.eu,false,
2022-02-10 09:00:00,Slovakia,Slovakia,SK,291.96,336.89,62.36,22.14,entsoe.eu,false,
2022-02-10 10:00:00,Slovakia,Slovakia,SK,301.43,346.97,61.3,21.82,entsoe.eu,false,
2022-02-10 11:00:00,Slovakia,Slovakia,SK,315.91,361.91,60.28,21.11,entsoe.eu,false,
2022-02-10 12:00:00,Slovakia,Slovakia,SK,325.89,372.73,59.26,20.43,entsoe.eu,false,
2022-02-10 13:00:00,Slovakia,Slovakia,SK,334.83,381.77,58.33,19.11,entsoe.eu,false,
2022-02-10 14:00:00,Slovakia,Slovakia,SK,350.69,398.33,56.64,18.0,entsoe.eu,false,
2022-02-10 15:00:00,Slovakia,Slovakia,SK,365.37,413.63,55.57,17.59,entsoe.eu,false,
2022-02-10 16:00:00,Slovakia,Slovakia,SK,361.18,408.54,56.78,19.13,entsoe.eu,false,
2022-02-10 17:00:00,Slovakia,Slovakia,SK,360.86,407.33,57.13,19.97,entsoe.eu,false,
2022-02-10 18:00:00,Slovakia,Slovakia,SK,346.03,392.24,57.64,19.45,entsoe.eu,false,
2022-02-10 19:00:00,Slovakia,Slovakia,SK,356.64,403.57,56.74,17.2,entsoe.eu,false,
2022-02-10 20:00:00,Slovakia,Slovakia,SK,372.43,419.21,56.43,16.62,entsoe.eu,false,
2022-02-10 21:00:00,Slovakia,Slovakia,SK,385.52,429.62,57.74,16.38,entsoe.eu,false,
2022-02-10 22:00:00,Slovakia,Slovakia,SK,388.92,432.31,57.65,15.95,entsoe.eu,false,
2022-02-10 23:00:00,Slovakia,Slovakia,SK,362.29,405.29,60.03,16.37,entsoe.eu,false,
2022-02-11 00:00:00,Slovakia,Slovakia,SK,353.52,396.94,60.79,16.71,entsoe.eu,false,
2022-02-11 01:00:00,Slovakia,Slovakia,SK,348.44,391.63,61.34,16.69,entsoe.eu,false,
2022-02-11 02:00:00,Slovakia,Slovakia,SK,360.74,404.46,60.11,16.17,entsoe.eu,false,
2022-02-11 03:00:00,Slovakia,Slovakia,SK,373.35,417.78,58.9,15.82,entsoe.eu,false,
2022-02-11 04:00:00,Slovakia,Slovakia,SK,376.52,422.07,57.31,15.92,entsoe.eu,false,
2022-02-11 05:00:00,Slovakia,Slovakia,SK,383.25,431.45,54.67,16.99,entsoe.eu,false,
2022-02-11 06:00:00,Slovakia,Slovakia,SK,376.4,425.05,54.62,17.63,entsoe.eu,false,
2022-02-11 07:00:00,Slovakia,Slovakia,SK,376.14,425.43,54.42,18.0,entsoe.eu,false,
2022-02-11 08:00:00,Slovakia,Slovakia,SK,363.45,412.87,55.53,19.27,entsoe.eu,false,
2022-02-11 09:00:00,Slovakia,Slovakia,SK,361.76,410.67,56.38,19.39,entsoe.eu,false,
2022-02-11 10:00:00,Slovakia,Slovakia,SK,359.44,408.81,55.92,19.02,entsoe.eu,false,
2022-02-11 11:00:00,Slovakia,Slovakia,SK,347.68,396.77,56.35,18.37,entsoe.eu,false,
2022-02-11 12:00:00,Slovakia,Slovakia,SK,353.07,401.11,56.71,18.51,entsoe.eu,false,
2022-02-11 13:00:00,Slovakia,Slovakia,SK,364.05,412.2,55.91,17.95,entsoe.eu,false,
2022-02-11 14:00:00,Slovakia,Slovakia,SK,362.51,411.41,54.96,16.94,entsoe.eu,false,
2022-02-11 15:00:00,Slovakia,Slovakia,SK,345.53,392.74,56.5,17.91,entsoe.eu,false,
2022-02-11 16:00:00,Slovakia,Slovakia,SK,349.93,394.72,59.01,23.31,entsoe.eu,false,
2022-02-11 17:00:00,Slovakia,Slovakia,SK,348.83,393.91,58.65,22.23,entsoe.eu,false,
2022-02-11 18:00:00,Slovakia,Slovakia,SK,346.97,392.36,58.52,22.11,entsoe.eu,false,
2022-02-11 19:00:00,Slovakia,Slovakia,SK,346.92,393.8,57.24,18.98,entsoe.eu,false,
2022-02-11 20:00:00,Slovakia,Slovakia,SK,325.42,370.4,59.44,18.25,entsoe.eu,false,
2022-02-11 21:00:00,Slovakia,Slovakia,SK,313.12,357.19,60.49,16.87,entsoe.eu,false,
2022-02-11 22:00:00,Slovakia,Slovakia,SK,315.71,359.28,61.47,17.09,entsoe.eu,false,
2022-02-11 23:00:00,Slovakia,Slovakia,SK,301.62,341.06,65.22,16.69,entsoe.eu,false,
2022-02-12 00:00:00,Slovakia,Slovakia,SK,302.71,342.64,65.4,17.0,entsoe.eu,false,
2022-02-12 01:00:00,Slovakia,Slovakia,SK,297.64,338.16,65.64,16.76,entsoe.eu,false,
2022-02-12 02:00:00,Slovakia,Slovakia,SK,305.6,346.8,64.89,16.59,entsoe.eu,false,
2022-02-12 03:00:00,Slovakia,Slovakia,SK,315.59,357.33,63.91,16.04,entsoe.eu,false,
2022-02-12 04:00:00,Slovakia,Slovakia,SK,339.54,382.18,61.72,15.62,entsoe.eu,false,
2022-02-12 05:00:00,Slovakia,Slovakia,SK,340.39,382.38,61.79,16.11,entsoe.eu,false,
2022-02-12 06:00:00,Slovakia,Slovakia,SK,332.42,373.9,62.71,18.39,entsoe.eu,false,
2022-02-12 07:00:00,Slovakia,Slovakia,SK,316.28,357.23,64.43,20.72,entsoe.eu,false,
2022-02-12 08:00:00,Slovakia,Slovakia,SK,252.25,289.14,70.45,24.05,entsoe.eu,false,
2022-02-12 09:00:00,Slovakia,Slovakia,SK,241.45,278.22,71.57,25.55,entsoe.eu,false,
2022-02-12 10:00:00,Slovakia,Slovakia,SK,253.71,291.3,70.52,25.62,entsoe.eu,false,
2022-02-12 11:00:00,Slovakia,Slovakia,SK,236.05,273.19,72.09,25.89,entsoe.eu,false,
2022-02-12 12:00:00,Slovakia,Slovakia,SK,229.25,265.72,72.61,25.52,entsoe.eu,false,
2022-02-12 13:00:00,Slovakia,Slovakia,SK,251.35,288.91,70.4,24.31,entsoe.eu,false,
2022-02-12 14:00:00,Slovakia,Slovakia,SK,279.19,317.3,67.62,21.57,entsoe.eu,false,
2022-02-12 15:00:00,Slovakia,Slovakia,SK,322.62,361.5,63.97,19.67,entsoe.eu,false,
2022-02-12 16:00:00,Slovakia,Slovakia,SK,330.31,368.52,64.44,21.86,entsoe.eu,false,
2022-02-12 17:00:00,Slovakia,Slovakia,SK,330.57,368.74,64.67,22.44,entsoe.eu,false,
2022-02-12 18:00:00,Slovakia,Slovakia,SK,325.0,363.75,64.46,21.35,entsoe.eu,false,
2022-02-12 19:00:00,Slovakia,Slovakia,SK,317.89,357.07,64.63,21.32,entsoe.eu,false,
2022-02-12 20:00:00,Slovakia,Slovakia,SK,316.08,356.26,64.44,19.74,entsoe.eu,false,
2022-02-12 21:00:00,Slovakia,Slovakia,SK,321.88,362.67,63.55,18.23,entsoe.eu,false,
2022-02-12 22:00:00,Slovakia,Slovakia,SK,313.3,354.61,64.21,18.72,entsoe.eu,false,
2022-02-12 23:00:00,Slovakia,Slovakia,SK,302.56,343.65,65.2,18.94,entsoe.eu,false,
2022-02-13 00:00:00,Slovakia,Slovakia,SK,302.38,343.91,65.21,19.01,entsoe.eu,false,
2022-02-13 01:00:00,Slovakia,Slovakia,SK,302.03,343.48,65.2,18.97,entsoe.eu,false,
2022-02-13 02:00:00,Slovakia,Slovakia,SK,298.8,340.08,65.45,18.89,entsoe.eu,false,
2022-02-13 03:00:00,Slovakia,Slovakia,SK,300.56,341.75,65.29,18.86,entsoe.eu,false,
2022-02-13 04:00:00,Slovakia,Slovakia,SK,302.14,343.8,65.15,19.27,entsoe.eu,false,
2022-02-13 05:00:00,Slovakia,Slovakia,SK,302.71,344.48,65.17,19.93,entsoe.eu,false,
2022-02-13 06:00:00,Slovakia,Slovakia,SK,285.94,326.75,66.9,22.14,entsoe.eu,false,
2022-02-13 07:00:00,Slovakia,Slovakia,SK,278.1,318.6,67.97,25.22,entsoe.eu,false,
2022-02-13 08:00:00,Slovakia,Slovakia,SK,260.18,300.27,69.79,27.81,entsoe.eu,false,
2022-02-13 09:00:00,Slovakia,Slovakia,SK,250.29,289.83,70.78,28.77,entsoe.eu,false,
2022-02-13 10:00:00,Slovakia,Slovakia,SK,243.54,282.43,71.4,29.24,entsoe.eu,false,
2022-02-13 11:00:00,Slovakia,Slovakia,SK,235.0,273.38,72.19,29.2,entsoe.eu,false,
2022-02-13 12:00:00,Slovakia,Slovakia,SK,230.23,268.47,72.57,28.68,entsoe.eu,false,
2022-02-13 13:00:00,Slovakia,Slovakia,SK,238.38,277.09,71.71,27.51,entsoe.eu,false,
2022-02-13 14:00:00,Slovakia,Slovakia,SK,263.14,303.23,69.4,24.98,entsoe.eu,false,
2022-02-13 15:00:00,Slovakia,Slovakia,SK,296.31,337.01,66.77,23.49,entsoe.eu,false,
2022-02-13 16:00:00,Slovakia,Slovakia,SK,310.76,350.72,66.81,26.3,entsoe.eu,false,
2022-02-13 17:00:00,Slovakia,Slovakia,SK,299.27,337.52,68.7,29.66,entsoe.eu,false,
2022-02-13 18:00:00,Slovakia,Slovakia,SK,295.74,335.31,67.64,27.11,entsoe.eu,false,
2022-02-13 19:00:00,Slovakia,Slovakia,SK,293.19,333.64,67.03,25.58,entsoe.eu,false,
2022-02-13 20:00:00,Slovakia,Slovakia,SK,294.96,335.85,66.57,23.67,entsoe.eu,false,
2022-02-13 21:00:00,Slovakia,Slovakia,SK,294.87,335.7,66.24,21.81,entsoe.eu,false,
2022-02-13 22:00:00,Slovakia,Slovakia,SK,296.61,337.8,65.92,21.32,entsoe.eu,false,
2022-02-13 23:00:00,Slovakia,Slovakia,SK,287.89,328.37,66.73,20.31,entsoe.eu,false,
2022-02-14 00:00:00,Slovakia,Slovakia,SK,288.42,329.09,66.66,20.67,entsoe.eu,false,
2022-02-14 01:00:00,Slovakia,Slovakia,SK,293.22,333.7,66.23,20.34,entsoe.eu,false,
2022-02-14 02:00:00,Slovakia,Slovakia,SK,299.84,340.24,65.67,20.17,entsoe.eu,false,
2022-02-14 03:00:00,Slovakia,Slovakia,SK,308.65,350.19,64.08,19.63,entsoe.eu,false,
2022-02-14 04:00:00,Slovakia,Slovakia,SK,319.64,361.49,63.14,20.01,entsoe.eu,false,
2022-02-14 05:00:00,Slovakia,Slovakia,SK,315.73,358.49,62.24,21.51,entsoe.eu,false,
2022-02-14 06:00:00,Slovakia,Slovakia,SK,334.67,377.44,61.57,24.56,entsoe.eu,false,
2022-02-14 07:00:00,Slovakia,Slovakia,SK,321.3,363.76,62.6,25.88,entsoe.eu,false,
2022-02-14 08:00:00,Slovakia,Slovakia,SK,298.62,341.7,63.16,25.6,entsoe.eu,false,
2022-02-14 09:00:00,Slovakia,Slovakia,SK,287.27,329.76,64.25,26.33,entsoe.eu,false,
2022-02-14 10:00:00,Slovakia,Slovakia,SK,287.04,329.63,64.0,25.85,entsoe.eu,false,
2022-02-14 11:00:00,Slovakia,Slovakia,SK,288.82,331.85,63.91,26.06,entsoe.eu,false,
2022-02-14 12:00:00,Slovakia,Slovakia,SK,293.63,337.12,63.27,24.77,entsoe.eu,false,
2022-02-14 13:00:00,Slovakia,Slovakia,SK,305.19,348.67,62.41,23.61,entsoe.eu,false,
2022-02-14 14:00:00,Slovakia,Slovakia,SK,318.39,362.24,60.93,21.47,entsoe.eu,false,
2022-02-14 15:00:00,Slovakia,Slovakia,SK,329.62,372.78,60.79,21.53,entsoe.eu,false,
2022-02-14 16:00:00,Slovakia,Slovakia,SK,335.21,377.77,61.64,24.58,entsoe.eu,false,
2022-02-14 17:00:00,Slovakia,Slovakia,SK,342.73,385.57,61.29,25.59,entsoe.eu,false,
2022-02-14 18:00:00,Slovakia,Slovakia,SK,343.48,386.88,61.03,24.92,entsoe.eu,false,
2022-02-14 19:00:00,Slovakia,Slovakia,SK,351.23,396.82,58.67,20.62,entsoe.eu,false,
2022-02-14 20:00:00,Slovakia,Slovakia,SK,355.57,400.39,58.67,19.0,entsoe.eu,false,
2022-02-14 21:00:00,Slovakia,Slovakia,SK,365.08,407.67,59.84,18.05,entsoe.eu,false,
2022-02-14 22:00:00,Slovakia,Slovakia,SK,365.44,407.99,60.16,18.37,entsoe.eu,false,
2022-02-14 23:00:00,Slovakia,Slovakia,SK,347.79,390.33,61.63,18.75,entsoe.eu,false,
2022-02-15 00:00:00,Slovakia,Slovakia,SK,353.3,396.26,61.11,18.6,entsoe.eu,false,
2022-02-15 01:00:00,Slovakia,Slovakia,SK,362.7,406.39,60.24,18.41,entsoe.eu,false,
2022-02-15 02:00:00,Slovakia,Slovakia,SK,358.84,401.63,60.59,17.93,entsoe.eu,false,
2022-02-15 03:00:00,Slovakia,Slovakia,SK,353.24,395.52,61.0,17.84,entsoe.eu,false,
2022-02-15 04:00:00,Slovakia,Slovakia,SK,352.47,395.17,60.11,17.13,entsoe.eu,false,
2022-02-15 05:00:00,Slovakia,Slovakia,SK,349.75,394.81,58.64,18.41,entsoe.eu,false,
2022-02-15 06:00:00,Slovakia,Slovakia,SK,345.42,390.19,59.38,21.01,entsoe.eu,false,
2022-02-15 07:00:00,Slovakia,Slovakia,SK,336.22,378.82,61.68,24.3,entsoe.eu,false,
2022-02-15 08:00:00,Slovakia,Slovakia,SK,328.78,373.14,60.8,21.86,entsoe.eu,false,
2022-02-15 09:00:00,Slovakia,Slovakia,SK,312.78,357.37,61.56,21.21,entsoe.eu,false,
2022-02-15 10:00:00,Slovakia,Slovakia,SK,318.66,364.33,60.81,21.13,entsoe.eu,false,
2022-02-15 11:00:00,Slovakia,Slovakia,SK,320.97,366.95,60.54,20.72,entsoe.eu,false,
2022-02-15 12:00:00,Slovakia,Slovakia,SK,314.67,360.66,60.93,20.68,entsoe.eu,false,
2022-02-15 13:00:00,Slovakia,Slovakia,SK,326.91,373.45,59.68,19.46,entsoe.eu,false,
2022-02-15 14:00:00,Slovakia,Slovakia,SK,353.4,400.77,57.43,18.45,entsoe.eu,false,
2022-02-15 15:00:00,Slovakia,Slovakia,SK,365.54,412.02,57.5,19.57,entsoe.eu,false,
2022-02-15 16:00:00,Slovakia,Slovakia,SK,356.71,402.07,59.09,22.06,entsoe.eu,false,
2022-02-15 17:00:00,Slovakia,Slovakia,SK,362.93,409.18,57.96,21.12,entsoe.eu,false,
2022-02-15 18:00:00,Slovakia,Slovakia,SK,349.34,394.86,59.43,22.02,entsoe.eu,false,
2022-02-15 19:00:00,Slovakia,Slovakia,SK,348.98,393.35,59.68,19.53,entsoe.eu,false,
2022-02-15 20:00:00,Slovakia,Slovakia,SK,354.91,396.66,61.53,19.15,entsoe.eu,false,
2022-02-15 21:00:00,Slovakia,Slovakia,SK,353.14,394.56,61.59,19.09,entsoe.eu,false,
2022-02-15 22:00:00,Slovakia,Slovakia,SK,343.84,384.91,62.25,19.58,entsoe.eu,false,
2022-02-15 23:00:00,Slovakia,Slovakia,SK,328.61,368.1,63.65,19.97,entsoe.eu,false,
2022-02-16 00:00:00,Slovakia,Slovakia,SK,320.28,359.5,64.46,20.23,entsoe.eu,false,
2022-02-16 01:00:00,Slovakia,Slovakia,SK,316.28,354.85,64.8,20.01,entsoe.eu,false,
2022-02-16 02:00:00,Slovakia,Slovakia,SK,310.16,348.61,65.25,19.92,entsoe.eu,false,
2022-02-16 03:00:00,Slovakia,Slovakia,SK,315.85,355.87,63.66,19.73,entsoe.eu,false,
2022-02-16 04:00:00,Slovakia,Slovakia,SK,317.96,359.74,62.08,20.45,entsoe.eu,false,
2022-02-16 05:00:00,Slovakia,Slovakia,SK,321.21,363.14,61.82,22.82,entsoe.eu,false,
2022-02-16 06:00:00,Slovakia,Slovakia,SK,326.6,367.77,63.0,26.7,entsoe.eu,false,
2022-02-16 07:00:00,Slovakia,Slovakia,SK,320.02,360.76,63.83,28.08,entsoe.eu,false,
2022-02-16 08:00:00,Slovakia,Slovakia,SK,321.56,364.77,62.5,26.7,entsoe.eu,false,
2022-02-16 09:00:00,Slovakia,Slovakia,SK,315.86,359.03,62.56,24.55,entsoe.eu,false,
2022-02-16 10:00:00,Slovakia,Slovakia,SK,309.78,353.83,62.2,24.34,entsoe.eu,false,
2022-02-16 11:00:00,Slovakia,Slovakia,SK,309.85,353.76,62.35,24.74,entsoe.eu,false,
2022-02-16 12:00:00,Slovakia,Slovakia,SK,303.35,346.92,62.65,24.71,entsoe.eu,false,
2022-02-16 13:00:00,Slovakia,Slovakia,SK,305.36,348.65,62.38,23.92,entsoe.eu,false,
2022-02-16 14:00:00,Slovakia,Slovakia,SK,312.46,355.33,62.0,24.04,entsoe.eu,false,
2022-02-16 15:00:00,Slovakia,Slovakia,SK,333.23,376.41,60.6,23.56,entsoe.eu,false,
2022-02-16 16:00:00,Slovakia,Slovakia,SK,334.59,377.03,60.78,23.37,entsoe.eu,false,
2022-02-16 17:00:00,Slovakia,Slovakia,SK,339.3,381.85,60.28,22.54,entsoe.eu,false,
2022-02-16 18:00:00,Slovakia,Slovakia,SK,332.89,374.34,61.26,22.58,entsoe.eu,false,
2022-02-16 19:00:00,Slovakia,Slovakia,SK,328.53,369.34,62.08,22.64,entsoe.eu,false,
2022-02-16 20:00:00,Slovakia,Slovakia,SK,315.83,356.94,62.64,21.65,entsoe.eu,false,
2022-02-16 21:00:00,Slovakia,Slovakia,SK,319.68,357.82,64.42,22.01,entsoe.eu,false,
2022-02-16 22:00:00,Slovakia,Slovakia,SK,297.43,335.14,66.54,22.56,entsoe.eu,false,
2022-02-16 23:00:00,Slovakia,Slovakia,SK,282.88,320.27,67.88,22.91,entsoe.eu,false,
2022-02-17 00:00:00,Slovakia,Slovakia,SK,281.44,318.95,68.01,22.68,entsoe.eu,false,
2022-02-17 01:00:00,Slovakia,Slovakia,SK,284.83,322.59,67.64,22.15,entsoe.eu,false,
2022-02-17 02:00:00,Slovakia,Slovakia,SK,277.38,314.55,68.2,20.99,entsoe.eu,false,
2022-02-17 03:00:00,Slovakia,Slovakia,SK,279.93,317.16,67.77,20.64,entsoe.eu,false,
2022-02-17 04:00:00,Slovakia,Slovakia,SK,291.21,330.13,65.7,20.59,entsoe.eu,false,
2022-02-17 05:00:00,Slovakia,Slovakia,SK,319.41,361.03,62.2,21.53,entsoe.eu,false,
2022-02-17 06:00:00,Slovakia,Slovakia,SK,318.38,359.11,62.85,23.44,entsoe.eu,false,
2022-02-17 07:00:00,Slovakia,Slovakia,SK,312.17,352.78,63.05,23.19,entsoe.eu,false,
2022-02-17 08:00:00,Slovakia,Slovakia,SK,298.74,338.24,64.57,24.76,entsoe.eu,false,
2022-02-17 09:00:00,Slovakia,Slovakia,SK,294.36,334.82,64.43,22.98,entsoe.eu,false,
2022-02-17 10:00:00,Slovakia,Slovakia,SK,291.3,332.81,64.34,24.01,entsoe.eu,false,
2022-02-17 11:00:00,Slovakia,Slovakia,SK,280.64,321.01,65.55,24.29,entsoe.eu,false,
2022-02-17 12:00:00,Slovakia,Slovakia,SK,281.69,321.35,66.03,24.99,entsoe.eu,false,
2022-02-17 13:00:00,Slovakia,Slovakia,SK,285.02,324.56,65.79,25.12,entsoe.eu,false,
2022-02-17 14:00:00,Slovakia,Slovakia,SK,296.16,337.14,64.0,23.81,entsoe.eu,false,
2022-02-17 15:00:00,Slovakia,Slovakia,SK,305.17,346.1,63.29,23.01,entsoe.eu,false,
2022-02-17 16:00:00,Slovakia,Slovakia,SK,304.87,346.29,62.83,22.68,entsoe.eu,false,
2022-02-17 17:00:00,Slovakia,Slovakia,SK,305.3,346.28,63.29,22.72,entsoe.eu,false,
2022-02-17 18:00:00,Slovakia,Slovakia,SK,300.32,341.17,63.82,22.83,entsoe.eu,false,
2022-02-17 19:00:00,Slovakia,Slovakia,SK,297.3,337.58,64.42,23.13,entsoe.eu,false,
2022-02-17 20:00:00,Slovakia,Slovakia,SK,290.37,329.97,64.91,22.77,entsoe.eu,false,
2022-02-17 21:00:00,Slovakia,Slovakia,SK,281.74,318.12,68.1,24.32,entsoe.eu,false,
2022-02-17 22:00:00,Slovakia,Slovakia,SK,270.87,306.82,69.21,24.45,entsoe.eu,false,
2022-02-17 23:00:00,Slovakia,Slovakia,SK,264.12,300.71,69.88,24.65,entsoe.eu,false,
2022-02-18 00:00:00,Slovakia,Slovakia,SK,275.03,312.4,68.84,24.58,entsoe.eu,false,
2022-02-18 01:00:00,Slovakia,Slovakia,SK,272.6,309.89,69.07,24.22,entsoe.eu,false,
2022-02-18 02:00:00,Slovakia,Slovakia,SK,268.98,305.7,69.42,23.99,entsoe.eu,false,
2022-02-18 03:00:00,Slovakia,Slovakia,SK,264.34,300.46,69.81,23.71,entsoe.eu,false,
2022-02-18 04:00:00,Slovakia,Slovakia,SK,297.02,334.12,66.62,23.08,entsoe.eu,false,
2022-02-18 05:00:00,Slovakia,Slovakia,SK,317.32,355.92,64.63,24.41,entsoe.eu,false,
2022-02-18 06:00:00,Slovakia,Slovakia,SK,302.42,340.7,66.23,28.37,entsoe.eu,false,
2022-02-18 07:00:00,Slovakia,Slovakia,SK,287.16,325.98,66.97,29.5,entsoe.eu,false,
2022-02-18 08:00:00,Slovakia,Slovakia,SK,272.87,313.67,66.31,27.78,entsoe.eu,false,
2022-02-18 09:00:00,Slovakia,Slovakia,SK,274.56,316.22,65.87,27.64,entsoe.eu,false,
2022-02-18 10:00:00,Slovakia,Slovakia,SK,270.35,311.15,66.97,28.05,entsoe.eu,false,
2022-02-18 11:00:00,Slovakia,Slovakia,SK,282.12,323.15,66.47,29.3,entsoe.eu,false,
2022-02-18 12:00:00,Slovakia,Slovakia,SK,295.61,337.51,65.49,28.39,entsoe.eu,false,
2022-02-18 13:00:00,Slovakia,Slovakia,SK,302.38,344.1,64.73,27.01,entsoe.eu,false,
2022-02-18 14:00:00,Slovakia,Slovakia,SK,315.75,357.76,63.38,25.96,entsoe.eu,false,
2022-02-18 15:00:00,Slovakia,Slovakia,SK,332.6,375.28,61.89,24.7,entsoe.eu,false,
2022-02-18 16:00:00,Slovakia,Slovakia,SK,332.25,374.07,62.15,24.8,entsoe.eu,false,
2022-02-18 17:00:00,Slovakia,Slovakia,SK,333.6,375.18,61.81,24.79,entsoe.eu,false,
2022-02-18 18:00:00,Slovakia,Slovakia,SK,325.11,366.8,61.83,24.28,entsoe.eu,false,
2022-02-18 19:00:00,Slovakia,Slovakia,SK,321.92,362.66,62.58,24.16,entsoe.eu,false,
2022-02-18 20:00:00,Slovakia,Slovakia,SK,316.43,353.84,65.2,24.39,entsoe.eu,false,
2022-02-18 21:00:00,Slovakia,Slovakia,SK,314.55,351.46,65.46,24.12,entsoe.eu,false,
2022-02-18 22:00:00,Slovakia,Slovakia,SK,300.5,337.48,66.64,24.48,entsoe.eu,false,
2022-02-18 23:00:00,Slovakia,Slovakia,SK,301.53,339.94,66.52,24.39,entsoe.eu,false,
2022-02-19 00:00:00,Slovakia,Slovakia,SK,310.36,349.49,65.71,24.21,entsoe.eu,false,
2022-02-19 01:00:00,Slovakia,Slovakia,SK,305.49,344.58,66.28,24.49,entsoe.eu,false,
2022-02-19 02:00:00,Slovakia,Slovakia,SK,286.18,324.16,68.02,24.29,entsoe.eu,false,
2022-02-19 03:00:00,Slovakia,Slovakia,SK,284.38,322.97,68.08,24.29,entsoe.eu,false,
2022-02-19 04:00:00,Slovakia,Slovakia,SK,307.72,347.98,65.86,24.59,entsoe.eu,false,
2022-02-19 05:00:00,Slovakia,Slovakia,SK,320.68,361.52,64.8,25.12,entsoe.eu,false,
2022-02-19 06:00:00,Slovakia,Slovakia,SK,308.16,345.64,67.74,28.95,entsoe.eu,false,
2022-02-19 07:00:00,Slovakia,Slovakia,SK,292.44,329.01,69.18,30.79,entsoe.eu,false,
2022-02-19 08:00:00,Slovakia,Slovakia,SK,298.32,335.58,69.02,31.48,entsoe.eu,false,
2022-02-19 09:00:00,Slovakia,Slovakia,SK,305.91,346.17,65.93,28.24,entsoe.eu,false,
2022-02-19 10:00:00,Slovakia,Slovakia,SK,292.39,331.62,67.44,29.52,entsoe.eu,false,
2022-02-19 11:00:00,Slovakia,Slovakia,SK,279.17,317.5,68.96,30.33,entsoe.eu,false,
2022-02-19 12:00:00,Slovakia,Slovakia,SK,281.07,319.63,68.81,30.08,entsoe.eu,false,
2022-02-19 13:00:00,Slovakia,Slovakia,SK,292.72,331.62,67.7,28.41,entsoe.eu,false,
2022-02-19 14:00:00,Slovakia,Slovakia,SK,305.61,345.14,66.34,27.75,entsoe.eu,false,
2022-02-19 15:00:00,Slovakia,Slovakia,SK,319.22,358.47,65.24,26.52,entsoe.eu,false,
2022-02-19 16:00:00,Slovakia,Slovakia,SK,321.76,359.32,66.55,27.9,entsoe.eu,false,
2022-02-19 17:00:00,Slovakia,Slovakia,SK,327.93,365.99,65.9,27.15,entsoe.eu,false,
2022-02-19 18:00:00,Slovakia,Slovakia,SK,329.8,367.32,66.57,28.92,entsoe.eu,false,
2022-02-19 19:00:00,Slovakia,Slovakia,SK,315.21,352.94,67.27,29.65,entsoe.eu,false,
2022-02-19 20:00:00,Slovakia,Slovakia,SK,316.15,355.8,65.32,25.89,entsoe.eu,false,
2022-02-19 21:00:00,Slovakia,Slovakia,SK,322.78,362.89,64.66,25.53,entsoe.eu,false,
2022-02-19 22:00:00,Slovakia,Slovakia,SK,322.91,363.42,64.36,25.17,entsoe.eu,false,
2022-02-19 23:00:00,Slovakia,Slovakia,SK,335.28,375.87,63.36,23.48,entsoe.eu,false,
2022-02-20 00:00:00,Slovakia,Slovakia,SK,337.69,378.46,63.14,23.3,entsoe.eu,false,
2022-02-20 01:00:00,Slovakia,Slovakia,SK,330.6,371.17,63.74,22.99,entsoe.eu,false,
2022-02-20 02:00:00,Slovakia,Slovakia,SK,329.93,370.43,63.83,22.88,entsoe.eu,false,
2022-02-20 03:00:00,Slovakia,Slovakia,SK,320.13,361.21,64.57,23.24,entsoe.eu,false,
2022-02-20 04:00:00,Slovakia,Slovakia,SK,320.36,361.36,64.46,22.93,entsoe.eu,false,
2022-02-20 05:00:00,Slovakia,Slovakia,SK,311.87,352.08,65.34,24.03,entsoe.eu,false,
2022-02-20 06:00:00,Slovakia,Slovakia,SK,309.46,349.35,65.51,25.02,entsoe.eu,false,
2022-02-20 07:00:00,Slovakia,Slovakia,SK,294.08,332.58,66.97,26.1,entsoe.eu,false,
2022-02-20 08:00:00,Slovakia,Slovakia,SK,291.41,329.45,67.28,26.89,entsoe.eu,false,
2022-02-20 09:00:00,Slovakia,Slovakia,SK,288.88,327.15,67.59,27.0,entsoe.eu,false,
2022-02-20 10:00:00,Slovakia,Slovakia,SK,273.42,310.87,68.69,27.67,entsoe.eu,false,
2022-02-20 11:00:00,Slovakia,Slovakia,SK,273.3,311.07,68.84,27.92,entsoe.eu,false,
2022-02-20 12:00:00,Slovakia,Slovakia,SK,265.11,302.17,69.51,27.63,entsoe.eu,false,
2022-02-20 13:00:00,Slovakia,Slovakia,SK,277.22,315.28,68.28,27.12,entsoe.eu,false,
2022-02-20 14:00:00,Slovakia,Slovakia,SK,297.47,336.05,66.98,26.45,entsoe.eu,false,
2022-02-20 15:00:00,Slovakia,Slovakia,SK,313.72,352.55,66.18,26.55,entsoe.eu,false,
2022-02-20 16:00:00,Slovakia,Slovakia,SK,319.25,358.78,65.68,27.07,entsoe.eu,false,
2022-02-20 17:00:00,Slovakia,Slovakia,SK,320.92,360.33,65.82,27.77,entsoe.eu,false,
2022-02-20 18:00:00,Slovakia,Slovakia,SK,312.54,350.86,67.08,29.09,entsoe.eu,false,
2022-02-20 19:00:00,Slovakia,Slovakia,SK,308.84,348.04,66.57,28.56,entsoe.eu,false,
2022-02-20 20:00:00,Slovakia,Slovakia,SK,304.2,342.81,66.81,27.25,entsoe.eu,false,
2022-02-20 21:00:00,Slovakia,Slovakia,SK,287.26,324.82,68.11,27.5,entsoe.eu,false,
2022-02-20 22:00:00,Slovakia,Slovakia,SK,276.96,314.03,68.93,26.61,entsoe.eu,false,
2022-02-20 23:00:00,Slovakia,Slovakia,SK,265.98,302.59,69.84,24.91,entsoe.eu,false,
2022-02-21 00:00:00,Slovakia,Slovakia,SK,269.46,306.43,69.57,25.16,entsoe.eu,false,
2022-02-21 01:00:00,Slovakia,Slovakia,SK,264.53,300.92,70.05,24.94,entsoe.eu,false,
2022-02-21 02:00:00,Slovakia,Slovakia,SK,266.34,302.76,69.84,24.61,entsoe.eu,false,
2022-02-21 03:00:00,Slovakia,Slovakia,SK,281.46,318.17,68.35,24.24,entsoe.eu,false,
2022-02-21 04:00:00,Slovakia,Slovakia,SK,298.54,337.09,65.98,24.04,entsoe.eu,false,
2022-02-21 05:00:00,Slovakia,Slovakia,SK,308.17,346.42,65.53,24.42,entsoe.eu,false,
2022-02-21 06:00:00,Slovakia,Slovakia,SK,316.12,355.47,63.63,24.1,entsoe.eu,false,
2022-02-21 07:00:00,Slovakia,Slovakia,SK,314.03,353.26,63.55,24.31,entsoe.eu,false,
2022-02-21 08:00:00,Slovakia,Slovakia,SK,322.81,364.34,62.04,24.42,entsoe.eu,false,
2022-02-21 09:00:00,Slovakia,Slovakia,SK,314.79,355.58,62.97,24.95,entsoe.eu,false,
2022-02-21 10:00:00,Slovakia,Slovakia,SK,304.45,346.06,62.59,24.87,entsoe.eu,false,
2022-02-21 11:00:00,Slovakia,Slovakia,SK,306.85,347.64,63.4,25.9,entsoe.eu,false,
2022-02-21 12:00:00,Slovakia,Slovakia,SK,308.45,348.62,63.64,26.0,entsoe.eu,false,
2022-02-21 13:00:00,Slovakia,Slovakia,SK,314.75,354.71,63.52,26.51,entsoe.eu,false,
2022-02-21 14:00:00,Slovakia,Slovakia,SK,325.18,365.71,62.88,27.12,entsoe.eu,false,
2022-02-21 15:00:00,Slovakia,Slovakia,SK,332.23,373.82,61.65,26.39,entsoe.eu,false,
2022-02-21 16:00:00,Slovakia,Slovakia,SK,331.46,372.27,62.55,26.83,entsoe.eu,false,
2022-02-21 17:00:00,Slovakia,Slovakia,SK,329.24,370.22,62.96,28.25,entsoe.eu,false,
2022-02-21 18:00:00,Slovakia,Slovakia,SK,331.01,371.57,63.45,28.37,entsoe.eu,false,
2022-02-21 19:00:00,Slovakia,Slovakia,SK,329.32,369.74,62.97,26.75,entsoe.eu,false,
2022-02-21 20:00:00,Slovakia,Slovakia,SK,332.19,374.17,61.14,23.17,entsoe.eu,false,
2022-02-21 21:00:00,Slovakia,Slovakia,SK,323.82,361.85,64.13,23.85,entsoe.eu,false,
2022-02-21 22:00:00,Slovakia,Slovakia,SK,309.67,346.89,65.49,24.14,entsoe.eu,false,
2022-02-21 23:00:00,Slovakia,Slovakia,SK,322.22,360.7,64.45,24.34,entsoe.eu,false,
2022-02-22 00:00:00,Slovakia,Slovakia,SK,313.07,350.39,65.19,23.44,entsoe.eu,false,
2022-02-22 01:00:00,Slovakia,Slovakia,SK,301.89,338.95,66.19,23.83,entsoe.eu,false,
2022-02-22 02:00:00,Slovakia,Slovakia,SK,305.76,343.2,65.77,23.15,entsoe.eu,false,
2022-02-22 03:00:00,Slovakia,Slovakia,SK,327.64,365.55,63.79,22.99,entsoe.eu,false,
2022-02-22 04:00:00,Slovakia,Slovakia,SK,358.01,396.71,61.13,22.73,entsoe.eu,false,
2022-02-22 05:00:00,Slovakia,Slovakia,SK,372.93,413.01,60.02,24.99,entsoe.eu,false,
2022-02-22 06:00:00,Slovakia,Slovakia,SK,350.3,389.78,60.88,25.37,entsoe.eu,false,
2022-02-22 07:00:00,Slovakia,Slovakia,SK,314.43,354.6,63.06,27.18,entsoe.eu,false,
2022-02-22 08:00:00,Slovakia,Slovakia,SK,316.42,358.19,61.89,25.62,entsoe.eu,false,
2022-02-22 09:00:00,Slovakia,Slovakia,SK,311.56,353.25,62.23,25.04,entsoe.eu,false,
2022-02-22 10:00:00,Slovakia,Slovakia,SK,319.77,361.45,61.57,25.62,entsoe.eu,false,
2022-02-22 11:00:00,Slovakia,Slovakia,SK,324.59,364.72,62.54,26.07,entsoe.eu,false,
2022-02-22 12:00:00,Slovakia,Slovakia,SK,312.38,351.9,63.51,26.44,entsoe.eu,false,
2022-02-22 13:00:00,Slovakia,Slovakia,SK,327.81,367.5,62.04,24.96,entsoe.eu,false,
2022-02-22 14:00:00,Slovakia,Slovakia,SK,358.13,399.82,58.73,22.16,entsoe.eu,false,
2022-02-22 15:00:00,Slovakia,Slovakia,SK,375.27,417.68,57.03,20.8,entsoe.eu,false,
2022-02-22 16:00:00,Slovakia,Slovakia,SK,357.3,398.24,58.45,21.86,entsoe.eu,false,
2022-02-22 17:00:00,Slovakia,Slovakia,SK,356.77,397.26,59.28,23.37,entsoe.eu,false,
2022-02-22 18:00:00,Slovakia,Slovakia,SK,369.46,411.89,57.97,21.64,entsoe.eu,false,
2022-02-22 19:00:00,Slovakia,Slovakia,SK,356.85,398.08,59.05,21.37,entsoe.eu,false,
2022-02-22 20:00:00,Slovakia,Slovakia,SK,340.02,380.08,59.85,19.48,entsoe.eu,false,
2022-02-22 21:00:00,Slovakia,Slovakia,SK,346.21,382.97,61.92,20.04,entsoe.eu,false,
2022-02-22 22:00:00,Slovakia,Slovakia,SK,336.4,372.97,62.79,20.01,entsoe.eu,false,
2022-02-22 23:00:00,Slovakia,Slovakia,SK,342.64,381.2,62.42,21.13,entsoe.eu,false,
2022-02-23 00:00:00,Slovakia,Slovakia,SK,345.06,383.83,62.22,20.99,entsoe.eu,false,
2022-02-23 01:00:00,Slovakia,Slovakia,SK,347.81,386.76,62.07,20.65,entsoe.eu,false,
2022-02-23 02:00:00,Slovakia,Slovakia,SK,348.38,387.46,62.01,20.94,entsoe.eu,false,
2022-02-23 03:00:00,Slovakia,Slovakia,SK,366.97,407.07,60.41,21.24,entsoe.eu,false,
2022-02-23 04:00:00,Slovakia,Slovakia,SK,368.29,408.57,59.82,21.16,entsoe.eu,false,
2022-02-23 05:00:00,Slovakia,Slovakia,SK,365.99,407.03,59.05,21.77,entsoe.eu,false,
2022-02-23 06:00:00,Slovakia,Slovakia,SK,367.02,407.75,58.76,23.27,entsoe.eu,false,
2022-02-23 07:00:00,Slovakia,Slovakia,SK,359.75,401.6,58.58,23.9,entsoe.eu,false,
2022-02-23 08:00:00,Slovakia,Slovakia,SK,348.03,390.9,58.62,23.75,entsoe.eu,false,
2022-02-23 09:00:00,Slovakia,Slovakia,SK,317.52,359.97,60.99,25.08,entsoe.eu,false,
2022-02-23 10:00:00,Slovakia,Slovakia,SK,322.9,366.08,60.59,25.88,entsoe.eu,false,
2022-02-23 11:00:00,Slovakia,Slovakia,SK,322.26,366.03,60.78,26.35,entsoe.eu,false,
2022-02-23 12:00:00,Slovakia,Slovakia,SK,313.92,357.5,61.55,26.85,entsoe.eu,false,
2022-02-23 13:00:00,Slovakia,Slovakia,SK,307.9,351.9,61.74,26.35,entsoe.eu,false,
2022-02-23 14:00:00,Slovakia,Slovakia,SK,335.17,379.62,59.32,24.33,entsoe.eu,false,
2022-02-23 15:00:00,Slovakia,Slovakia,SK,365.15,409.27,56.86,21.35,entsoe.eu,false,
2022-02-23 16:00:00,Slovakia,Slovakia,SK,368.24,410.92,58.06,22.83,entsoe.eu,false,
2022-02-23 17:00:00,Slovakia,Slovakia,SK,390.2,433.8,56.83,23.64,entsoe.eu,false,
2022-02-23 18:00:00,Slovakia,Slovakia,SK,393.11,437.32,56.53,23.52,entsoe.eu,false,
2022-02-23 19:00:00,Slovakia,Slovakia,SK,400.0,445.58,54.59,19.76,entsoe.eu,false,
2022-02-23 20:00:00,Slovakia,Slovakia,SK,403.61,449.45,54.06,18.48,entsoe.eu,false,
2022-02-23 21:00:00,Slovakia,Slovakia,SK,410.6,453.09,55.64,17.23,entsoe.eu,false,
2022-02-23 22:00:00,Slovakia,Slovakia,SK,398.59,440.0,56.98,17.62,entsoe.eu,false,
2022-02-23 23:00:00,Slovakia,Slovakia,SK,390.65,431.51,57.6,18.05,entsoe.eu,false,
2022-02-24 00:00:00,Slovakia,Slovakia,SK,381.94,422.82,58.43,19.07,entsoe.eu,false,
2022-02-24 01:00:00,Slovakia,Slovakia,SK,369.42,410.49,59.56,19.93,entsoe.eu,false,
2022-02-24 02:00:00,Slovakia,Slovakia,SK,361.66,402.09,60.15,19.65,entsoe.eu,false,
2022-02-24 03:00:00,Slovakia,Slovakia,SK,368.9,409.38,59.42,19.63,entsoe.eu,false,
2022-02-24 04:00:00,Slovakia,Slovakia,SK,376.9,417.45,58.51,19.44,entsoe.eu,false,
2022-02-24 05:00:00,Slovakia,Slovakia,SK,382.99,423.0,59.12,21.93,entsoe.eu,false,
2022-02-24 06:00:00,Slovakia,Slovakia,SK,367.36,405.5,62.29,26.14,entsoe.eu,false,
2022-02-24 07:00:00,Slovakia,Slovakia,SK,333.28,370.49,65.2,28.13,entsoe.eu,false,
2022-02-24 08:00:00,Slovakia,Slovakia,SK,307.01,343.61,67.38,29.82,entsoe.eu,false,
2022-02-24 09:00:00,Slovakia,Slovakia,SK,307.22,346.19,65.85,27.48,entsoe.eu,false,
2022-02-24 10:00:00,Slovakia,Slovakia,SK,302.48,341.01,66.43,28.23,entsoe.eu,false,
2022-02-24 11:00:00,Slovakia,Slovakia,SK,294.57,333.71,67.29,29.32,entsoe.eu,false,
2022-02-24 12:00:00,Slovakia,Slovakia,SK,288.68,328.16,67.79,28.99,entsoe.eu,false,
2022-02-24 13:00:00,Slovakia,Slovakia,SK,308.97,348.81,65.93,27.7,entsoe.eu,false,
2022-02-24 14:00:00,Slovakia,Slovakia,SK,339.79,379.76,62.87,25.0,entsoe.eu,false,
2022-02-24 15:00:00,Slovakia,Slovakia,SK,355.58,394.95,61.93,24.79,entsoe.eu,false,
2022-02-24 16:00:00,Slovakia,Slovakia,SK,368.01,407.56,61.19,24.88,entsoe.eu,false,
2022-02-24 17:00:00,Slovakia,Slovakia,SK,370.8,408.34,62.45,27.66,entsoe.eu,false,
2022-02-24 18:00:00,Slovakia,Slovakia,SK,357.11,394.25,63.53,28.33,entsoe.eu,false,
2022-02-24 19:00:00,Slovakia,Slovakia,SK,354.13,392.46,61.54,23.96,entsoe.eu,false,
2022-02-24 20:00:00,Slovakia,Slovakia,SK,356.58,395.27,61.22,23.48,entsoe.eu,false,
2022-02-24 21:00:00,Slovakia,Slovakia,SK,357.64,396.71,60.98,22.68,entsoe.eu,false,
2022-02-24 22:00:00,Slovakia,Slovakia,SK,350.59,389.63,61.5,22.67,entsoe.eu,false,
2022-02-24 23:00:00,Slovakia,Slovakia,SK,356.1,394.9,60.93,21.79,entsoe.eu,false,
2022-02-25 00:00:00,Slovakia,Slovakia,SK,351.91,391.17,61.34,22.23,entsoe.eu,false,
2022-02-25 01:00:00,Slovakia,Slovakia,SK,351.43,391.3,61.39,22.43,entsoe.eu,false,
2022-02-25 02:00:00,Slovakia,Slovakia,SK,353.34,393.64,61.14,22.49,entsoe.eu,false,
2022-02-25 03:00:00,Slovakia,Slovakia,SK,361.69,401.97,60.21,21.74,entsoe.eu,false,
2022-02-25 04:00:00,Slovakia,Slovakia,SK,364.22,404.79,60.01,21.77,entsoe.eu,false,
2022-02-25 05:00:00,Slovakia,Slovakia,SK,358.82,398.68,60.98,23.49,entsoe.eu,false,
2022-02-25 06:00:00,Slovakia,Slovakia,SK,364.74,403.76,61.82,25.93,entsoe.eu,false,
2022-02-25 07:00:00,Slovakia,Slovakia,SK,345.31,384.59,62.85,26.58,entsoe.eu,false,
2022-02-25 08:00:00,Slovakia,Slovakia,SK,322.65,361.47,64.41,27.11,entsoe.eu,false,
2022-02-25 09:00:00,Slovakia,Slovakia,SK,301.24,339.21,66.32,28.41,entsoe.eu,false,
2022-02-25 10:00:00,Slovakia,Slovakia,SK,290.23,328.44,67.36,29.68,entsoe.eu,false,
2022-02-25 11:00:00,Slovakia,Slovakia,SK,297.15,334.81,67.38,30.15,entsoe.eu,false,
2022-02-25 12:00:00,Slovakia,Slovakia,SK,307.27,345.18,66.29,29.41,entsoe.eu,false,
2022-02-25 13:00:00,Slovakia,Slovakia,SK,320.79,360.02,64.64,28.24,entsoe.eu,false,
2022-02-25 14:00:00,Slovakia,Slovakia,SK,348.35,388.04,62.5,27.14,entsoe.eu,false,
2022-02-25 15:00:00,Slovakia,Slovakia,SK,375.04,414.59,61.31,26.01,entsoe.eu,false,
2022-02-25 16:00:00,Slovakia,Slovakia,SK,373.56,412.3,62.35,27.13,entsoe.eu,false,
2022-02-25 17:00:00,Slovakia,Slovakia,SK,373.34,411.6,62.55,27.22,entsoe.eu,false,
2022-02-25 18:00:00,Slovakia,Slovakia,SK,366.63,403.83,63.28,26.18,entsoe.eu,false,
2022-02-25 19:00:00,Slovakia,Slovakia,SK,375.33,414.41,60.81,21.43,entsoe.eu,false,
2022-02-25 20:00:00,Slovakia,Slovakia,SK,381.72,422.12,58.86,18.03,entsoe.eu,false,
2022-02-25 21:00:00,Slovakia,Slovakia,SK,376.05,415.65,59.29,17.13,entsoe.eu,false,
2022-02-25 22:00:00,Slovakia,Slovakia,SK,373.74,413.25,59.43,16.21,entsoe.eu,false,
2022-02-25 23:00:00,Slovakia,Slovakia,SK,406.35,448.68,56.5,15.03,entsoe.eu,false,
2022-02-26 00:00:00,Slovakia,Slovakia,SK,396.27,438.42,57.44,14.32,entsoe.eu,false,
2022-02-26 01:00:00,Slovakia,Slovakia,SK,394.12,437.06,57.72,14.43,entsoe.eu,false,
2022-02-26 02:00:00,Slovakia,Slovakia,SK,387.58,431.03,58.07,14.16,entsoe.eu,false,
2022-02-26 03:00:00,Slovakia,Slovakia,SK,384.95,428.45,58.14,13.97,entsoe.eu,false,
2022-02-26 04:00:00,Slovakia,Slovakia,SK,380.17,423.19,58.61,13.82,entsoe.eu,false,
2022-02-26 05:00:00,Slovakia,Slovakia,SK,374.51,417.01,59.16,15.3,entsoe.eu,false,
2022-02-26 06:00:00,Slovakia,Slovakia,SK,344.07,384.69,62.18,17.94,entsoe.eu,false,
2022-02-26 07:00:00,Slovakia,Slovakia,SK,324.24,363.92,64.52,20.22,entsoe.eu,false,
2022-02-26 08:00:00,Slovakia,Slovakia,SK,304.48,343.68,66.81,22.82,entsoe.eu,false,
2022-02-26 09:00:00,Slovakia,Slovakia,SK,286.35,324.8,68.39,23.6,entsoe.eu,false,
2022-02-26 10:00:00,Slovakia,Slovakia,SK,306.0,345.91,66.3,23.03,entsoe.eu,false,
2022-02-26 11:00:00,Slovakia,Slovakia,SK,319.31,360.5,65.12,22.2,entsoe.eu,false,
2022-02-26 12:00:00,Slovakia,Slovakia,SK,331.71,373.42,63.79,21.13,entsoe.eu,false,
2022-02-26 13:00:00,Slovakia,Slovakia,SK,337.58,378.53,63.05,19.59,entsoe.eu,false,
2022-02-26 14:00:00,Slovakia,Slovakia,SK,355.99,397.46,61.37,17.82,entsoe.eu,false,
2022-02-26 15:00:00,Slovakia,Slovakia,SK,360.72,402.05,60.92,17.62,entsoe.eu,false,
2022-02-26 16:00:00,Slovakia,Slovakia,SK,371.18,412.19,61.01,18.45,entsoe.eu,false,
2022-02-26 17:00:00,Slovakia,Slovakia,SK,352.29,391.99,62.75,19.43,entsoe.eu,false,
2022-02-26 18:00:00,Slovakia,Slovakia,SK,336.05,373.91,65.25,22.3,entsoe.eu,false,
2022-02-26 19:00:00,Slovakia,Slovakia,SK,334.24,373.38,63.87,18.95,entsoe.eu,false,
2022-02-26 20:00:00,Slovakia,Slovakia,SK,334.35,374.48,62.83,16.26,entsoe.eu,false,
2022-02-26 21:00:00,Slovakia,Slovakia,SK,339.85,380.62,62.18,14.92,entsoe.eu,false,
2022-02-26 22:00:00,Slovakia,Slovakia,SK,338.99,379.58,62.29,14.78,entsoe.eu,false,
2022-02-26 23:00:00,Slovakia,Slovakia,SK,345.83,386.71,61.77,13.74,entsoe.eu,false,
2022-02-27 00:00:00,Slovakia,Slovakia,SK,354.71,396.2,61.04,13.63,entsoe.eu,false,
2022-02-27 01:00:00,Slovakia,Slovakia,SK,350.31,391.87,61.28,13.75,entsoe.eu,false,
2022-02-27 02:00:00,Slovakia,Slovakia,SK,354.5,396.48,60.89,13.69,entsoe.eu,false,
2022-02-27 03:00:00,Slovakia,Slovakia,SK,347.48,389.24,61.44,13.77,entsoe.eu,false,
2022-02-27 04:00:00,Slovakia,Slovakia,SK,351.05,392.88,61.16,13.53,entsoe.eu,false,
2022-02-27 05:00:00,Slovakia,Slovakia,SK,326.1,366.45,63.52,16.16,entsoe.eu,false,
2022-02-27 06:00:00,Slovakia,Slovakia,SK,333.15,373.69,63.1,17.5,entsoe.eu,false,
2022-02-27 07:00:00,Slovakia,Slovakia,SK,343.85,385.06,62.5,19.57,entsoe.eu,false,
2022-02-27 08:00:00,Slovakia,Slovakia,SK,343.29,384.55,62.74,21.72,entsoe.eu,false,
2022-02-27 09:00:00,Slovakia,Slovakia,SK,333.0,374.17,63.86,23.37,entsoe.eu,false,
2022-02-27 10:00:00,Slovakia,Slovakia,SK,322.18,363.65,64.88,24.63,entsoe.eu,false,
2022-02-27 11:00:00,Slovakia,Slovakia,SK,306.9,347.31,66.2,23.8,entsoe.eu,false,
2022-02-27 12:00:00,Slovakia,Slovakia,SK,305.57,345.77,66.28,23.44,entsoe.eu,false,
2022-02-27 13:00:00,Slovakia,Slovakia,SK,310.56,350.81,65.61,22.1,entsoe.eu,false,
2022-02-27 14:00:00,Slovakia,Slovakia,SK,331.02,371.71,63.61,20.05,entsoe.eu,false,
2022-02-27 15:00:00,Slovakia,Slovakia,SK,354.6,395.21,61.35,17.85,entsoe.eu,false,
2022-02-27 16:00:00,Slovakia,Slovakia,SK,372.82,414.05,59.91,16.98,entsoe.eu,false,
2022-02-27 17:00:00,Slovakia,Slovakia,SK,363.86,404.0,61.26,18.48,entsoe.eu,false,
2022-02-27 18:00:00,Slovakia,Slovakia,SK,343.55,383.24,62.5,18.48,entsoe.eu,false,
2022-02-27 19:00:00,Slovakia,Slovakia,SK,349.18,388.93,61.81,17.71,entsoe.eu,false,
2022-02-27 20:00:00,Slovakia,Slovakia,SK,347.76,387.62,61.65,16.29,entsoe.eu,false,
2022-02-27 21:00:00,Slovakia,Slovakia,SK,338.44,378.43,62.41,15.88,entsoe.eu,false,
2022-02-27 22:00:00,Slovakia,Slovakia,SK,337.41,377.46,62.41,14.89,entsoe.eu,false,
2022-02-27 23:00:00,Slovakia,Slovakia,SK,337.46,377.53,62.43,13.96,entsoe.eu,false,
2022-02-28 00:00:00,Slovakia,Slovakia,SK,330.08,370.27,63.06,13.77,entsoe.eu,false,
2022-02-28 01:00:00,Slovakia,Slovakia,SK,321.15,361.64,63.79,13.9,entsoe.eu,false,
2022-02-28 02:00:00,Slovakia,Slovakia,SK,330.32,371.11,62.85,13.83,entsoe.eu,false,
2022-02-28 03:00:00,Slovakia,Slovakia,SK,321.32,361.56,63.59,14.55,entsoe.eu,false,
2022-02-28 04:00:00,Slovakia,Slovakia,SK,339.16,380.07,62.19,15.13,entsoe.eu,false,
2022-02-28 05:00:00,Slovakia,Slovakia,SK,323.69,363.72,63.94,18.28,entsoe.eu,false,
2022-02-28 06:00:00,Slovakia,Slovakia,SK,318.26,356.7,65.18,20.86,entsoe.eu,false,
2022-02-28 07:00:00,Slovakia,Slovakia,SK,313.52,350.68,66.65,24.26,entsoe.eu,false,
2022-02-28 08:00:00,Slovakia,Slovakia,SK,314.43,353.32,65.19,22.39,entsoe.eu,false,
2022-02-28 09:00:00,Slovakia,Slovakia,SK,327.13,366.87,63.95,22.28,entsoe.eu,false,
2022-02-28 10:00:00,Slovakia,Slovakia,SK,332.75,372.75,63.63,22.47,entsoe.eu,false,
2022-02-28 11:00:00,Slovakia,Slovakia,SK,343.97,384.32,63.01,22.43,entsoe.eu,false,
2022-02-28 12:00:00,Slovakia,Slovakia,SK,354.09,395.13,62.17,22.1,entsoe.eu,false,
2022-02-28 13:00:00,Slovakia,Slovakia,SK,360.68,401.88,61.46,20.96,entsoe.eu,false,
2022-02-28 14:00:00,Slovakia,Slovakia,SK,374.15,415.77,60.47,22.86,entsoe.eu,false,
2022-02-28 15:00:00,Slovakia,Slovakia,SK,380.01,420.76,60.81,26.16,entsoe.eu,false,
2022-02-28 16:00:00,Slovakia,Slovakia,SK,386.45,426.89,60.93,25.77,entsoe.eu,false,
2022-02-28 17:00:00,Slovakia,Slovakia,SK,377.14,416.88,61.95,27.76,entsoe.eu,false,
2022-02-28 18:00:00,Slovakia,Slovakia,SK,381.01,419.88,62.34,27.04,entsoe.eu,false,
2022-02-28 19:00:00,Slovakia,Slovakia,SK,399.62,440.76,58.65,20.87,entsoe.eu,false,
2022-02-28 20:00:00,Slovakia,Slovakia,SK,404.82,446.96,56.96,16.81,entsoe.eu,false,
2022-02-28 21:00:00,Slovakia,Slovakia,SK,391.04,432.18,57.97,16.18,entsoe.eu,false,
2022-02-28 22:00:00,Slovakia,Slovakia,SK,398.88,440.77,57.17,15.73,entsoe.eu,false,
2022-02-28 23:00:00,Slovakia,Slovakia,SK,407.98,452.02,56.27,15.58,entsoe.eu,false,
2022-03-01 00:00:00,Slovakia,Slovakia,SK,420.17,465.36,55.13,15.21,entsoe.eu,false,
2022-03-01 01:00:00,Slovakia,Slovakia,SK,419.31,464.53,55.17,14.97,entsoe.eu,false,
2022-03-01 02:00:00,Slovakia,Slovakia,SK,423.36,469.1,54.65,14.75,entsoe.eu,false,
2022-03-01 03:00:00,Slovakia,Slovakia,SK,430.26,476.12,54.13,14.34,entsoe.eu,false,
2022-03-01 04:00:00,Slovakia,Slovakia,SK,439.6,486.95,52.82,13.27,entsoe.eu,false,
2022-03-01 05:00:00,Slovakia,Slovakia,SK,387.95,429.78,58.5,18.22,entsoe.eu,false,
2022-03-01 06:00:00,Slovakia,Slovakia,SK,385.97,427.27,58.91,20.07,entsoe.eu,false,
2022-03-01 07:00:00,Slovakia,Slovakia,SK,351.06,391.28,61.77,22.21,entsoe.eu,false,
2022-03-01 08:00:00,Slovakia,Slovakia,SK,339.13,379.45,62.26,22.59,entsoe.eu,false,
2022-03-01 09:00:00,Slovakia,Slovakia,SK,352.45,393.9,61.07,22.29,entsoe.eu,false,
2022-03-01 10:00:00,Slovakia,Slovakia,SK,331.84,371.69,62.99,22.5,entsoe.eu,false,
2022-03-01 11:00:00,Slovakia,Slovakia,SK,320.9,360.12,63.86,22.58,entsoe.eu,false,
2022-03-01 12:00:00,Slovakia,Slovakia,SK,316.27,355.18,64.24,21.92,entsoe.eu,false,
2022-03-01 13:00:00,Slovakia,Slovakia,SK,331.82,371.17,62.55,20.61,entsoe.eu,false,
2022-03-01 14:00:00,Slovakia,Slovakia,SK,348.21,388.24,60.68,18.52,entsoe.eu,false,
2022-03-01 15:00:00,Slovakia,Slovakia,SK,354.96,394.56,60.19,18.43,entsoe.eu,false,
2022-03-01 16:00:00,Slovakia,Slovakia,SK,354.39,390.69,63.63,23.82,entsoe.eu,false,
2022-03-01 17:00:00,Slovakia,Slovakia,SK,363.11,399.33,63.29,25.0,entsoe.eu,false,
2022-03-01 18:00:00,Slovakia,Slovakia,SK,355.62,390.93,64.65,26.47,entsoe.eu,false,
2022-03-01 19:00:00,Slovakia,Slovakia,SK,354.59,390.59,63.69,24.75,entsoe.eu,false,
2022-03-01 20:00:00,Slovakia,Slovakia,SK,369.32,408.97,58.52,14.19,entsoe.eu,false,
2022-03-01 21:00:00,Slovakia,Slovakia,SK,370.32,409.09,59.65,16.63,entsoe.eu,false,
2022-03-01 22:00:00,Slovakia,Slovakia,SK,377.18,416.21,59.26,15.58,entsoe.eu,false,
2022-03-01 23:00:00,Slovakia,Slovakia,SK,376.49,418.34,57.16,12.34,entsoe.eu,false,
2022-03-02 00:00:00,Slovakia,Slovakia,SK,365.31,406.92,58.07,12.07,entsoe.eu,false,
2022-03-02 01:00:00,Slovakia,Slovakia,SK,360.01,402.39,58.59,12.3,entsoe.eu,false,
2022-03-02 02:00:00,Slovakia,Slovakia,SK,357.68,399.78,59.11,12.5,entsoe.eu,false,
2022-03-02 03:00:00,Slovakia,Slovakia,SK,362.2,404.82,58.26,12.22,entsoe.eu,false,
2022-03-02 04:00:00,Slovakia,Slovakia,SK,369.64,412.71,57.6,13.66,entsoe.eu,false,
2022-03-02 05:00:00,Slovakia,Slovakia,SK,368.93,412.38,58.03,15.54,entsoe.eu,false,
2022-03-02 06:00:00,Slovakia,Slovakia,SK,340.04,381.21,61.06,18.82,entsoe.eu,false,
2022-03-02 07:00:00,Slovakia,Slovakia,SK,336.81,377.53,62.29,21.39,entsoe.eu,false,
2022-03-02 08:00:00,Slovakia,Slovakia,SK,297.9,337.58,65.04,22.14,entsoe.eu,false,
2022-03-02 09:00:00,Slovakia,Slovakia,SK,286.51,325.85,66.28,22.96,entsoe.eu,false,
2022-03-02 10:00:00,Slovakia,Slovakia,SK,303.66,344.25,65.4,22.97,entsoe.eu,false,
2022-03-02 11:00:00,Slovakia,Slovakia,SK,297.11,337.28,66.2,23.08,entsoe.eu,false,
2022-03-02 12:00:00,Slovakia,Slovakia,SK,303.57,344.58,65.63,23.19,entsoe.eu,false,
2022-03-02 13:00:00,Slovakia,Slovakia,SK,315.21,356.58,64.35,22.68,entsoe.eu,false,
2022-03-02 14:00:00,Slovakia,Slovakia,SK,313.37,353.32,64.4,20.88,entsoe.eu,false,
2022-03-02 15:00:00,Slovakia,Slovakia,SK,327.14,368.45,62.72,19.54,entsoe.eu,false,
2022-03-02 16:00:00,Slovakia,Slovakia,SK,332.44,373.13,63.27,21.22,entsoe.eu,false,
2022-03-02 17:00:00,Slovakia,Slovakia,SK,344.38,382.21,65.18,26.49,entsoe.eu,false,
2022-03-02 18:00:00,Slovakia,Slovakia,SK,351.84,390.12,64.5,25.88,entsoe.eu,false,
2022-03-02 19:00:00,Slovakia,Slovakia,SK,373.49,415.17,59.62,19.64,entsoe.eu,false,
2022-03-02 20:00:00,Slovakia,Slovakia,SK,379.58,421.78,58.27,16.54,entsoe.eu,false,
2022-03-02 21:00:00,Slovakia,Slovakia,SK,404.38,447.23,56.15,13.8,entsoe.eu,false,
2022-03-02 22:00:00,Slovakia,Slovakia,SK,410.51,453.56,55.53,13.45,entsoe.eu,false,
2022-03-02 23:00:00,Slovakia,Slovakia,SK,401.97,444.62,56.27,12.54,entsoe.eu,false,
2022-03-03 00:00:00,Slovakia,Slovakia,SK,403.81,447.27,56.09,12.7,entsoe.eu,false,
2022-03-03 01:00:00,Slovakia,Slovakia,SK,400.31,443.92,56.47,12.7,entsoe.eu,false,
2022-03-03 02:00:00,Slovakia,Slovakia,SK,405.11,449.72,56.02,12.78,entsoe.eu,false,
2022-03-03 03:00:00,Slovakia,Slovakia,SK,406.51,450.4,55.8,12.7,entsoe.eu,false,
2022-03-03 04:00:00,Slovakia,Slovakia,SK,408.73,453.22,55.36,14.28,entsoe.eu,false,
2022-03-03 05:00:00,Slovakia,Slovakia,SK,375.68,418.7,58.85,18.06,entsoe.eu,false,
2022-03-03 06:00:00,Slovakia,Slovakia,SK,349.8,390.47,62.38,22.77,entsoe.eu,false,
2022-03-03 07:00:00,Slovakia,Slovakia,SK,329.6,369.05,64.54,25.29,entsoe.eu,false,
2022-03-03 08:00:00,Slovakia,Slovakia,SK,321.52,362.18,64.33,25.28,entsoe.eu,false,
2022-03-03 09:00:00,Slovakia,Slovakia,SK,325.55,366.6,63.98,24.82,entsoe.eu,false,
2022-03-03 10:00:00,Slovakia,Slovakia,SK,334.89,375.54,63.56,24.45,entsoe.eu,false,
2022-03-03 11:00:00,Slovakia,Slovakia,SK,334.54,375.12,63.46,24.26,entsoe.eu,false,
2022-03-03 12:00:00,Slovakia,Slovakia,SK,323.12,362.59,64.84,25.19,entsoe.eu,false,
2022-03-03 13:00:00,Slovakia,Slovakia,SK,333.54,373.74,63.02,21.91,entsoe.eu,false,
2022-03-03 14:00:00,Slovakia,Slovakia,SK,360.53,401.82,60.75,20.94,entsoe.eu,false,
2022-03-03 15:00:00,Slovakia,Slovakia,SK,373.73,415.25,59.41,19.44,entsoe.eu,false,
2022-03-03 16:00:00,Slovakia,Slovakia,SK,375.43,417.14,58.78,17.56,entsoe.eu,false,
2022-03-03 17:00:00,Slovakia,Slovakia,SK,375.1,415.07,60.64,21.07,entsoe.eu,false,
2022-03-03 18:00:00,Slovakia,Slovakia,SK,375.74,415.62,60.71,21.21,entsoe.eu,false,
2022-03-03 19:00:00,Slovakia,Slovakia,SK,376.88,418.85,58.28,16.51,entsoe.eu,false,
2022-03-03 20:00:00,Slovakia,Slovakia,SK,382.29,424.33,57.54,14.71,entsoe.eu,false,
2022-03-03 21:00:00,Slovakia,Slovakia,SK,394.94,437.22,57.17,13.86,entsoe.eu,false,
2022-03-03 22:00:00,Slovakia,Slovakia,SK,375.53,416.13,59.15,13.59,entsoe.eu,false,
2022-03-03 23:00:00,Slovakia,Slovakia,SK,381.7,423.44,58.48,12.67,entsoe.eu,false,
2022-03-04 00:00:00,Slovakia,Slovakia,SK,374.48,416.23,59.13,12.73,entsoe.eu,false,
2022-03-04 01:00:00,Slovakia,Slovakia,SK,368.51,409.95,59.77,12.62,entsoe.eu,false,
2022-03-04 02:00:00,Slovakia,Slovakia,SK,372.39,414.78,59.42,12.63,entsoe.eu,false,
2022-03-04 03:00:00,Slovakia,Slovakia,SK,383.83,426.3,58.02,12.25,entsoe.eu,false,
2022-03-04 04:00:00,Slovakia,Slovakia,SK,372.23,414.49,58.48,14.02,entsoe.eu,false,
2022-03-04 05:00:00,Slovakia,Slovakia,SK,353.09,394.24,60.36,16.02,entsoe.eu,false,
2022-03-04 06:00:00,Slovakia,Slovakia,SK,329.57,369.5,62.55,17.61,entsoe.eu,false,
2022-03-04 07:00:00,Slovakia,Slovakia,SK,309.07,348.15,64.54,19.59,entsoe.eu,false,
2022-03-04 08:00:00,Slovakia,Slovakia,SK,319.55,358.53,64.19,20.75,entsoe.eu,false,
2022-03-04 09:00:00,Slovakia,Slovakia,SK,340.05,379.62,63.08,21.27,entsoe.eu,false,
2022-03-04 10:00:00,Slovakia,Slovakia,SK,344.43,385.27,62.43,20.78,entsoe.eu,false,
2022-03-04 11:00:00,Slovakia,Slovakia,SK,333.15,373.26,63.77,20.97,entsoe.eu,false,
2022-03-04 12:00:00,Slovakia,Slovakia,SK,331.73,371.32,64.02,21.25,entsoe.eu,false,
2022-03-04 13:00:00,Slovakia,Slovakia,SK,350.65,390.97,62.04,20.07,entsoe.eu,false,
2022-03-04 14:00:00,Slovakia,Slovakia,SK,356.88,397.12,61.13,18.77,entsoe.eu,false,
2022-03-04 15:00:00,Slovakia,Slovakia,SK,348.94,388.25,61.5,17.56,entsoe.eu,false,
2022-03-04 16:00:00,Slovakia,Slovakia,SK,345.15,384.41,61.2,16.69,entsoe.eu,false,
2022-03-04 17:00:00,Slovakia,Slovakia,SK,339.43,377.76,62.08,17.3,entsoe.eu,false,
2022-03-04 18:00:00,Slovakia,Slovakia,SK,330.0,367.79,62.74,17.25,entsoe.eu,false,
2022-03-04 19:00:00,Slovakia,Slovakia,SK,332.99,370.95,62.6,16.96,entsoe.eu,false,
2022-03-04 20:00:00,Slovakia,Slovakia,SK,340.31,379.7,61.56,15.62,entsoe.eu,false,
2022-03-04 21:00:00,Slovakia,Slovakia,SK,342.88,381.22,61.42,14.44,entsoe.eu,false,
2022-03-04 22:00:00,Slovakia,Slovakia,SK,359.75,399.09,60.89,14.25,entsoe.eu,false,
2022-03-04 23:00:00,Slovakia,Slovakia,SK,378.47,419.92,59.2,12.34,entsoe.eu,false,
2022-03-05 00:00:00,Slovakia,Slovakia,SK,376.84,419.11,59.4,12.34,entsoe.eu,false,
2022-03-05 01:00:00,Slovakia,Slovakia,SK,380.07,423.5,59.05,12.21,entsoe.eu,false,
2022-03-05 02:00:00,Slovakia,Slovakia,SK,382.05,426.07,59.01,12.07,entsoe.eu,false,
2022-03-05 03:00:00,Slovakia,Slovakia,SK,387.52,431.86,58.51,11.92,entsoe.eu,false,
2022-03-05 04:00:00,Slovakia,Slovakia,SK,405.3,450.16,56.98,11.75,entsoe.eu,false,
2022-03-05 05:00:00,Slovakia,Slovakia,SK,383.23,426.86,59.05,13.95,entsoe.eu,false,
2022-03-05 06:00:00,Slovakia,Slovakia,SK,358.72,401.11,61.22,15.82,entsoe.eu,false,
2022-03-05 07:00:00,Slovakia,Slovakia,SK,343.51,384.18,62.58,17.71,entsoe.eu,false,
2022-03-05 08:00:00,Slovakia,Slovakia,SK,355.43,396.94,61.34,18.64,entsoe.eu,false,
2022-03-05 09:00:00,Slovakia,Slovakia,SK,352.24,394.03,61.82,19.45,entsoe.eu,false,
2022-03-05 10:00:00,Slovakia,Slovakia,SK,369.17,412.73,60.54,20.19,entsoe.eu,false,
2022-03-05 11:00:00,Slovakia,Slovakia,SK,370.12,413.89,60.05,19.62,entsoe.eu,false,
2022-03-05 12:00:00,Slovakia,Slovakia,SK,368.75,412.28,60.08,18.5,entsoe.eu,false,
2022-03-05 13:00:00,Slovakia,Slovakia,SK,378.21,422.85,59.02,17.33,entsoe.eu,false,
2022-03-05 14:00:00,Slovakia,Slovakia,SK,392.48,436.43,57.74,16.22,entsoe.eu,false,
2022-03-05 15:00:00,Slovakia,Slovakia,SK,398.93,441.96,58.17,17.0,entsoe.eu,false,
2022-03-05 16:00:00,Slovakia,Slovakia,SK,379.88,421.37,59.9,16.31,entsoe.eu,false,
2022-03-05 17:00:00,Slovakia,Slovakia,SK,374.86,415.88,60.63,16.69,entsoe.eu,false,
2022-03-05 18:00:00,Slovakia,Slovakia,SK,360.81,401.0,61.75,16.59,entsoe.eu,false,
2022-03-05 19:00:00,Slovakia,Slovakia,SK,357.1,397.65,61.68,16.03,entsoe.eu,false,
2022-03-05 20:00:00,Slovakia,Slovakia,SK,352.12,393.59,61.9,15.19,entsoe.eu,false,
2022-03-05 21:00:00,Slovakia,Slovakia,SK,353.29,395.92,61.92,14.85,entsoe.eu,false,
2022-03-05 22:00:00,Slovakia,Slovakia,SK,347.63,390.89,62.15,14.17,entsoe.eu,false,
2022-03-05 23:00:00,Slovakia,Slovakia,SK,341.84,386.45,62.46,14.06,entsoe.eu,false,
2022-03-06 00:00:00,Slovakia,Slovakia,SK,330.65,375.08,63.25,13.56,entsoe.eu,false,
2022-03-06 01:00:00,Slovakia,Slovakia,SK,336.27,380.92,62.75,13.43,entsoe.eu,false,
2022-03-06 02:00:00,Slovakia,Slovakia,SK,338.84,383.85,62.45,13.43,entsoe.eu,false,
2022-03-06 03:00:00,Slovakia,Slovakia,SK,343.0,388.01,62.0,13.32,entsoe.eu,false,
2022-03-06 04:00:00,Slovakia,Slovakia,SK,339.54,383.68,62.29,13.37,entsoe.eu,false,
2022-03-06 05:00:00,Slovakia,Slovakia,SK,323.15,365.81,63.84,15.16,entsoe.eu,false,
2022-03-06 06:00:00,Slovakia,Slovakia,SK,305.83,347.02,65.47,17.61,entsoe.eu,false,
2022-03-06 07:00:00,Slovakia,Slovakia,SK,304.75,345.74,65.88,19.51,entsoe.eu,false,
2022-03-06 08:00:00,Slovakia,Slovakia,SK,318.95,361.3,64.45,19.73,entsoe.eu,false,
2022-03-06 09:00:00,Slovakia,Slovakia,SK,309.27,350.57,65.69,20.68,entsoe.eu,false,
2022-03-06 10:00:00,Slovakia,Slovakia,SK,316.71,358.03,64.99,20.85,entsoe.eu,false,
2022-03-06 11:00:00,Slovakia,Slovakia,SK,319.82,362.78,64.73,20.24,entsoe.eu,false,
2022-03-06 12:00:00,Slovakia,Slovakia,SK,316.25,359.26,65.11,19.95,entsoe.eu,false,
2022-03-06 13:00:00,Slovakia,Slovakia,SK,334.3,377.44,63.3,18.5,entsoe.eu,false,
2022-03-06 14:00:00,Slovakia,Slovakia,SK,357.18,401.26,61.2,17.37,entsoe.eu,false,
2022-03-06 15:00:00,Slovakia,Slovakia,SK,372.09,416.65,59.76,16.28,entsoe.eu,false,
2022-03-06 16:00:00,Slovakia,Slovakia,SK,348.02,390.58,61.8,16.52,entsoe.eu,false,
2022-03-06 17:00:00,Slovakia,Slovakia,SK,345.55,387.83,62.36,17.22,entsoe.eu,false,
2022-03-06 18:00:00,Slovakia,Slovakia,SK,321.01,362.57,64.45,18.21,entsoe.eu,false,
2022-03-06 19:00:00,Slovakia,Slovakia,SK,312.98,353.78,65.03,17.42,entsoe.eu,false,
2022-03-06 20:00:00,Slovakia,Slovakia,SK,320.72,362.1,64.29,15.94,entsoe.eu,false,
2022-03-06 21:00:00,Slovakia,Slovakia,SK,301.99,343.1,66.18,16.43,entsoe.eu,false,
2022-03-06 22:00:00,Slovakia,Slovakia,SK,287.88,328.39,67.3,15.16,entsoe.eu,false,
2022-03-06 23:00:00,Slovakia,Slovakia,SK,319.94,361.79,64.33,13.13,entsoe.eu,false,
2022-03-07 00:00:00,Slovakia,Slovakia,SK,309.03,350.91,65.37,13.52,entsoe.eu,false,
2022-03-07 01:00:00,Slovakia,Slovakia,SK,287.37,328.84,67.27,13.78,entsoe.eu,false,
2022-03-07 02:00:00,Slovakia,Slovakia,SK,279.64,320.96,67.85,13.91,entsoe.eu,false,
2022-03-07 03:00:00,Slovakia,Slovakia,SK,313.16,355.55,64.8,13.4,entsoe.eu,false,
2022-03-07 04:00:00,Slovakia,Slovakia,SK,337.65,380.42,62.54,14.64,entsoe.eu,false,
2022-03-07 05:00:00,Slovakia,Slovakia,SK,319.28,360.24,63.83,16.8,entsoe.eu,false,
2022-03-07 06:00:00,Slovakia,Slovakia,SK,313.08,352.62,64.3,18.54,entsoe.eu,false,
2022-03-07 07:00:00,Slovakia,Slovakia,SK,329.72,368.82,64.07,20.95,entsoe.eu,false,
2022-03-07 08:00:00,Slovakia,Slovakia,SK,346.05,386.42,62.08,20.44,entsoe.eu,false,
2022-03-07 09:00:00,Slovakia,Slovakia,SK,351.39,393.04,60.94,19.55,entsoe.eu,false,
2022-03-07 10:00:00,Slovakia,Slovakia,SK,339.77,380.92,61.74,20.25,entsoe.eu,false,
2022-03-07 11:00:00,Slovakia,Slovakia,SK,334.87,375.04,62.32,19.96,entsoe.eu,false,
2022-03-07 12:00:00,Slovakia,Slovakia,SK,329.2,368.98,62.72,19.77,entsoe.eu,false,
2022-03-07 13:00:00,Slovakia,Slovakia,SK,334.38,374.02,62.24,18.44,entsoe.eu,false,
2022-03-07 14:00:00,Slovakia,Slovakia,SK,332.4,371.86,62.44,18.49,entsoe.eu,false,
2022-03-07 15:00:00,Slovakia,Slovakia,SK,346.25,386.33,61.13,16.91,entsoe.eu,false,
2022-03-07 16:00:00,Slovakia,Slovakia,SK,341.98,380.68,62.84,19.21,entsoe.eu,false,
2022-03-07 17:00:00,Slovakia,Slovakia,SK,336.21,373.33,64.67,21.73,entsoe.eu,false,
2022-03-07 18:00:00,Slovakia,Slovakia,SK,339.06,376.36,64.47,21.5,entsoe.eu,false,
2022-03-07 19:00:00,Slovakia,Slovakia,SK,342.91,381.51,62.53,18.4,entsoe.eu,false,
2022-03-07 20:00:00,Slovakia,Slovakia,SK,347.84,387.64,61.14,15.08,entsoe.eu,false,
2022-03-07 21:00:00,Slovakia,Slovakia,SK,351.9,391.57,61.16,14.08,entsoe.eu,false,
2022-03-07 22:00:00,Slovakia,Slovakia,SK,368.86,409.67,60.07,13.13,entsoe.eu,false,
2022-03-07 23:00:00,Slovakia,Slovakia,SK,409.57,453.57,56.35,10.49,entsoe.eu,false,
2022-03-08 00:00:00,Slovakia,Slovakia,SK,410.6,454.7,56.24,10.0,entsoe.eu,false,
2022-03-08 01:00:00,Slovakia,Slovakia,SK,411.24,455.57,56.15,9.89,entsoe.eu,false,
2022-03-08 02:00:00,Slovakia,Slovakia,SK,405.06,449.49,56.77,9.86,entsoe.eu,false,
2022-03-08 03:00:00,Slovakia,Slovakia,SK,421.23,466.46,55.15,9.65,entsoe.eu,false,
2022-03-08 04:00:00,Slovakia,Slovakia,SK,412.61,456.59,55.91,11.29,entsoe.eu,false,
2022-03-08 05:00:00,Slovakia,Slovakia,SK,365.57,405.88,60.82,15.36,entsoe.eu,false,
2022-03-08 06:00:00,Slovakia,Slovakia,SK,361.61,401.39,61.43,17.48,entsoe.eu,false,
2022-03-08 07:00:00,Slovakia,Slovakia,SK,348.78,388.25,62.65,19.53,entsoe.eu,false,
2022-03-08 08:00:00,Slovakia,Slovakia,SK,338.32,377.88,63.52,21.07,entsoe.eu,false,
2022-03-08 09:00:00,Slovakia,Slovakia,SK,329.2,369.01,64.22,21.4,entsoe.eu,false,
2022-03-08 10:00:00,Slovakia,Slovakia,SK,308.62,346.84,66.04,21.58,entsoe.eu,false,
2022-03-08 11:00:00,Slovakia,Slovakia,SK,309.62,348.06,66.01,22.11,entsoe.eu,false,
2022-03-08 12:00:00,Slovakia,Slovakia,SK,304.15,341.73,66.49,22.04,entsoe.eu,false,
2022-03-08 13:00:00,Slovakia,Slovakia,SK,314.88,352.25,65.69,21.17,entsoe.eu,false,
2022-03-08 14:00:00,Slovakia,Slovakia,SK,339.91,378.4,63.22,18.41,entsoe.eu,false,
2022-03-08 15:00:00,Slovakia,Slovakia,SK,375.07,414.82,59.47,16.02,entsoe.eu,false,
2022-03-08 16:00:00,Slovakia,Slovakia,SK,382.83,422.84,58.18,14.31,entsoe.eu,false,
2022-03-08 17:00:00,Slovakia,Slovakia,SK,367.92,405.53,60.8,17.91,entsoe.eu,false,
2022-03-08 18:00:00,Slovakia,Slovakia,SK,358.77,394.34,63.43,22.05,entsoe.eu,false,
2022-03-08 19:00:00,Slovakia,Slovakia,SK,371.89,410.02,60.72,17.59,entsoe.eu,false,
2022-03-08 20:00:00,Slovakia,Slovakia,SK,396.6,437.59,56.91,12.97,entsoe.eu,false,
2022-03-08 21:00:00,Slovakia,Slovakia,SK,399.78,441.09,56.65,11.84,entsoe.eu,false,
2022-03-08 22:00:00,Slovakia,Slovakia,SK,414.53,456.62,55.9,11.15,entsoe.eu,false,
2022-03-08 23:00:00,Slovakia,Slovakia,SK,400.06,441.82,57.07,10.69,entsoe.eu,false,
2022-03-09 00:00:00,Slovakia,Slovakia,SK,390.23,431.94,57.88,10.55,entsoe.eu,false,
2022-03-09 01:00:00,Slovakia,Slovakia,SK,375.34,417.16,59.24,10.49,entsoe.eu,false,
2022-03-09 02:00:00,Slovakia,Slovakia,SK,373.84,415.69,59.34,11.0,entsoe.eu,false,
2022-03-09 03:00:00,Slovakia,Slovakia,SK,387.78,430.35,57.84,11.2,entsoe.eu,false,
2022-03-09 04:00:00,Slovakia,Slovakia,SK,419.18,463.18,54.69,11.28,entsoe.eu,false,
2022-03-09 05:00:00,Slovakia,Slovakia,SK,406.75,448.65,56.32,14.58,entsoe.eu,false,
2022-03-09 06:00:00,Slovakia,Slovakia,SK,390.2,430.01,58.51,17.11,entsoe.eu,false,
2022-03-09 07:00:00,Slovakia,Slovakia,SK,388.42,429.09,58.1,17.13,entsoe.eu,false,
2022-03-09 08:00:00,Slovakia,Slovakia,SK,380.46,421.23,58.54,18.06,entsoe.eu,false,
2022-03-09 09:00:00,Slovakia,Slovakia,SK,367.54,407.2,60.36,18.84,entsoe.eu,false,
2022-03-09 10:00:00,Slovakia,Slovakia,SK,358.93,397.74,61.46,19.84,entsoe.eu,false,
2022-03-09 11:00:00,Slovakia,Slovakia,SK,361.93,400.98,61.27,19.68,entsoe.eu,false,
2022-03-09 12:00:00,Slovakia,Slovakia,SK,355.37,394.2,61.86,19.89,entsoe.eu,false,
2022-03-09 13:00:00,Slovakia,Slovakia,SK,372.29,411.66,60.27,18.42,entsoe.eu,false,
2022-03-09 14:00:00,Slovakia,Slovakia,SK,378.32,417.79,59.26,16.82,entsoe.eu,false,
2022-03-09 15:00:00,Slovakia,Slovakia,SK,388.54,428.66,57.6,15.11,entsoe.eu,false,
2022-03-09 16:00:00,Slovakia,Slovakia,SK,385.5,424.69,58.08,14.78,entsoe.eu,false,
2022-03-09 17:00:00,Slovakia,Slovakia,SK,373.15,409.97,61.0,19.78,entsoe.eu,false,
2022-03-09 18:00:00,Slovakia,Slovakia,SK,387.65,426.18,59.63,19.69,entsoe.eu,false,
2022-03-09 19:00:00,Slovakia,Slovakia,SK,400.74,441.0,57.1,16.39,entsoe.eu,false,
2022-03-09 20:00:00,Slovakia,Slovakia,SK,384.89,424.9,58.02,15.73,entsoe.eu,false,
2022-03-09 21:00:00,Slovakia,Slovakia,SK,381.23,420.59,59.05,15.4,entsoe.eu,false,
2022-03-09 22:00:00,Slovakia,Slovakia,SK,386.12,425.02,59.0,14.31,entsoe.eu,false,
2022-03-09 23:00:00,Slovakia,Slovakia,SK,393.51,433.69,58.12,12.4,entsoe.eu,false,
2022-03-10 00:00:00,Slovakia,Slovakia,SK,385.53,426.31,58.83,11.8,entsoe.eu,false,
2022-03-10 01:00:00,Slovakia,Slovakia,SK,379.95,420.94,59.33,11.56,entsoe.eu,false,
2022-03-10 02:00:00,Slovakia,Slovakia,SK,368.87,410.11,60.06,11.55,entsoe.eu,false,
2022-03-10 03:00:00,Slovakia,Slovakia,SK,378.49,419.85,59.12,12.9,entsoe.eu,false,
2022-03-10 04:00:00,Slovakia,Slovakia,SK,390.73,431.69,58.08,14.8,entsoe.eu,false,
2022-03-10 05:00:00,Slovakia,Slovakia,SK,371.45,410.75,60.77,18.18,entsoe.eu,false,
2022-03-10 06:00:00,Slovakia,Slovakia,SK,365.63,404.06,61.61,20.37,entsoe.eu,false,
2022-03-10 07:00:00,Slovakia,Slovakia,SK,356.38,395.43,62.11,21.42,entsoe.eu,false,
2022-03-10 08:00:00,Slovakia,Slovakia,SK,316.89,354.22,65.63,23.35,entsoe.eu,false,
2022-03-10 09:00:00,Slovakia,Slovakia,SK,294.15,331.69,67.28,25.0,entsoe.eu,false,
2022-03-10 10:00:00,Slovakia,Slovakia,SK,303.1,341.47,66.35,24.6,entsoe.eu,false,
2022-03-10 11:00:00,Slovakia,Slovakia,SK,298.54,336.97,66.86,24.65,entsoe.eu,false,
2022-03-10 12:00:00,Slovakia,Slovakia,SK,300.33,338.99,66.54,22.63,entsoe.eu,false,
2022-03-10 13:00:00,Slovakia,Slovakia,SK,311.68,350.37,65.53,22.86,entsoe.eu,false,
2022-03-10 14:00:00,Slovakia,Slovakia,SK,349.77,388.79,62.67,21.11,entsoe.eu,false,
2022-03-10 15:00:00,Slovakia,Slovakia,SK,370.59,409.61,60.99,20.29,entsoe.eu,false,
2022-03-10 16:00:00,Slovakia,Slovakia,SK,395.58,434.7,59.07,18.81,entsoe.eu,false,
2022-03-10 17:00:00,Slovakia,Slovakia,SK,392.1,431.44,59.12,18.97,entsoe.eu,false,
2022-03-10 18:00:00,Slovakia,Slovakia,SK,389.16,428.71,59.02,18.94,entsoe.eu,false,
2022-03-10 19:00:00,Slovakia,Slovakia,SK,384.35,424.1,59.01,17.75,entsoe.eu,false,
2022-03-10 20:00:00,Slovakia,Slovakia,SK,388.01,428.15,58.61,15.92,entsoe.eu,false,
2022-03-10 21:00:00,Slovakia,Slovakia,SK,403.97,445.12,56.89,14.31,entsoe.eu,false,
2022-03-10 22:00:00,Slovakia,Slovakia,SK,395.35,435.76,57.65,14.25,entsoe.eu,false,
2022-03-10 23:00:00,Slovakia,Slovakia,SK,396.88,437.45,57.48,14.05,entsoe.eu,false,
2022-03-11 00:00:00,Slovakia,Slovakia,SK,400.88,442.17,57.12,13.93,entsoe.eu,false,
2022-03-11 01:00:00,Slovakia,Slovakia,SK,398.73,440.08,57.26,13.13,entsoe.eu,false,
2022-03-11 02:00:00,Slovakia,Slovakia,SK,395.8,436.91,57.51,12.87,entsoe.eu,false,
2022-03-11 03:00:00,Slovakia,Slovakia,SK,400.41,441.71,57.05,13.28,entsoe.eu,false,
2022-03-11 04:00:00,Slovakia,Slovakia,SK,404.01,445.64,56.77,14.6,entsoe.eu,false,
2022-03-11 05:00:00,Slovakia,Slovakia,SK,394.86,435.98,58.02,17.48,entsoe.eu,false,
2022-03-11 06:00:00,Slovakia,Slovakia,SK,368.98,408.5,60.92,19.7,entsoe.eu,false,
2022-03-11 07:00:00,Slovakia,Slovakia,SK,339.78,378.88,63.29,21.32,entsoe.eu,false,
2022-03-11 08:00:00,Slovakia,Slovakia,SK,310.95,349.34,65.74,22.23,entsoe.eu,false,
2022-03-11 09:00:00,Slovakia,Slovakia,SK,294.05,332.19,67.32,23.51,entsoe.eu,false,
2022-03-11 10:00:00,Slovakia,Slovakia,SK,277.74,315.56,68.76,24.4,entsoe.eu,false,
2022-03-11 11:00:00,Slovakia,Slovakia,SK,279.23,317.04,68.7,24.52,entsoe.eu,false,
2022-03-11 12:00:00,Slovakia,Slovakia,SK,288.1,326.28,67.92,23.71,entsoe.eu,false,
2022-03-11 13:00:00,Slovakia,Slovakia,SK,308.04,346.84,66.02,21.93,entsoe.eu,false,
2022-03-11 14:00:00,Slovakia,Slovakia,SK,337.08,376.85,63.35,20.45,entsoe.eu,false,
2022-03-11 15:00:00,Slovakia,Slovakia,SK,375.47,416.37,60.28,18.81,entsoe.eu,false,
2022-03-11 16:00:00,Slovakia,Slovakia,SK,398.94,440.8,58.3,18.18,entsoe.eu,false,
2022-03-11 17:00:00,Slovakia,Slovakia,SK,391.92,431.5,60.77,22.91,entsoe.eu,false,
2022-03-11 18:00:00,Slovakia,Slovakia,SK,387.23,426.52,60.99,23.11,entsoe.eu,false,
2022-03-11 19:00:00,Slovakia,Slovakia,SK,389.16,428.91,59.52,20.43,entsoe.eu,false,
2022-03-11 20:00:00,Slovakia,Slovakia,SK,393.22,434.05,58.04,17.91,entsoe.eu,false,
2022-03-11 21:00:00,Slovakia,Slovakia,SK,395.01,436.04,57.76,16.08,entsoe.eu,false,
2022-03-11 22:00:00,Slovakia,Slovakia,SK,384.11,425.22,58.71,15.53,entsoe.eu,false,
2022-03-11 23:00:00,Slovakia,Slovakia,SK,383.93,426.23,58.59,15.26,entsoe.eu,false,
2022-03-12 00:00:00,Slovakia,Slovakia,SK,395.93,438.58,57.33,15.22,entsoe.eu,false,
2022-03-12 01:00:00,Slovakia,Slovakia,SK,402.25,446.03,56.46,15.22,entsoe.eu,false,
2022-03-12 02:00:00,Slovakia,Slovakia,SK,387.68,430.83,57.52,14.52,entsoe.eu,false,
2022-03-12 03:00:00,Slovakia,Slovakia,SK,385.39,428.43,57.61,13.97,entsoe.eu,false,
2022-03-12 04:00:00,Slovakia,Slovakia,SK,381.16,424.44,57.83,14.17,entsoe.eu,false,
2022-03-12 05:00:00,Slovakia,Slovakia,SK,379.61,422.8,58.39,16.41,entsoe.eu,false,
2022-03-12 06:00:00,Slovakia,Slovakia,SK,366.06,408.84,59.87,19.31,entsoe.eu,false,
2022-03-12 07:00:00,Slovakia,Slovakia,SK,349.74,391.93,61.5,20.95,entsoe.eu,false,
2022-03-12 08:00:00,Slovakia,Slovakia,SK,321.35,362.59,64.22,23.25,entsoe.eu,false,
2022-03-12 09:00:00,Slovakia,Slovakia,SK,302.62,343.49,65.96,24.21,entsoe.eu,false,
2022-03-12 10:00:00,Slovakia,Slovakia,SK,298.99,339.77,66.47,24.59,entsoe.eu,false,
2022-03-12 11:00:00,Slovakia,Slovakia,SK,285.5,325.49,67.63,24.5,entsoe.eu,false,
2022-03-12 12:00:00,Slovakia,Slovakia,SK,294.49,334.87,66.83,23.61,entsoe.eu,false,
2022-03-12 13:00:00,Slovakia,Slovakia,SK,314.87,355.53,64.95,21.9,entsoe.eu,false,
2022-03-12 14:00:00,Slovakia,Slovakia,SK,342.93,383.97,62.36,19.9,entsoe.eu,false,
2022-03-12 15:00:00,Slovakia,Slovakia,SK,388.61,430.87,58.81,18.11,entsoe.eu,false,
2022-03-12 16:00:00,Slovakia,Slovakia,SK,411.6,454.53,57.0,17.83,entsoe.eu,false,
2022-03-12 17:00:00,Slovakia,Slovakia,SK,400.83,441.9,59.41,22.27,entsoe.eu,false,
2022-03-12 18:00:00,Slovakia,Slovakia,SK,400.9,441.98,59.34,22.42,entsoe.eu,false,
2022-03-12 19:00:00,Slovakia,Slovakia,SK,413.05,455.95,56.93,18.96,entsoe.eu,false,
2022-03-12 20:00:00,Slovakia,Slovakia,SK,401.96,444.66,57.25,18.08,entsoe.eu,false,
2022-03-12 21:00:00,Slovakia,Slovakia,SK,411.79,455.29,56.13,15.88,entsoe.eu,false,
2022-03-12 22:00:00,Slovakia,Slovakia,SK,406.22,449.9,56.63,15.4,entsoe.eu,false,
2022-03-12 23:00:00,Slovakia,Slovakia,SK,404.39,449.66,56.24,14.03,entsoe.eu,false,
2022-03-13 00:00:00,Slovakia,Slovakia,SK,392.32,437.0,57.25,13.62,entsoe.eu,false,
2022-03-13 01:00:00,Slovakia,Slovakia,SK,395.25,440.29,56.86,13.49,entsoe.eu,false,
2022-03-13 02:00:00,Slovakia,Slovakia,SK,397.55,442.85,56.69,13.32,entsoe.eu,false,
2022-03-13 03:00:00,Slovakia,Slovakia,SK,403.34,448.66,56.29,13.57,entsoe.eu,false,
2022-03-13 04:00:00,Slovakia,Slovakia,SK,399.18,444.51,56.58,13.72,entsoe.eu,false,
2022-03-13 05:00:00,Slovakia,Slovakia,SK,393.72,438.75,57.1,15.45,entsoe.eu,false,
2022-03-13 06:00:00,Slovakia,Slovakia,SK,368.83,412.77,59.54,18.59,entsoe.eu,false,
2022-03-13 07:00:00,Slovakia,Slovakia,SK,336.27,379.13,62.66,21.71,entsoe.eu,false,
2022-03-13 08:00:00,Slovakia,Slovakia,SK,313.87,356.26,64.94,23.82,entsoe.eu,false,
2022-03-13 09:00:00,Slovakia,Slovakia,SK,300.87,342.95,66.21,25.13,entsoe.eu,false,
2022-03-13 10:00:00,Slovakia,Slovakia,SK,283.45,325.06,67.87,25.96,entsoe.eu,false,
2022-03-13 11:00:00,Slovakia,Slovakia,SK,262.35,302.69,69.69,25.9,entsoe.eu,false,
2022-03-13 12:00:00,Slovakia,Slovakia,SK,270.22,310.86,68.99,25.11,entsoe.eu,false,
2022-03-13 13:00:00,Slovakia,Slovakia,SK,289.94,331.28,67.17,23.93,entsoe.eu,false,
2022-03-13 14:00:00,Slovakia,Slovakia,SK,309.29,350.5,65.32,21.93,entsoe.eu,false,
2022-03-13 15:00:00,Slovakia,Slovakia,SK,368.53,411.81,59.98,19.11,entsoe.eu,false,
2022-03-13 16:00:00,Slovakia,Slovakia,SK,395.37,438.92,57.72,17.91,entsoe.eu,false,
2022-03-13 17:00:00,Slovakia,Slovakia,SK,385.54,426.94,59.62,21.6,entsoe.eu,false,
2022-03-13 18:00:00,Slovakia,Slovakia,SK,369.28,409.19,61.18,22.81,entsoe.eu,false,
2022-03-13 19:00:00,Slovakia,Slovakia,SK,373.66,415.3,59.48,20.21,entsoe.eu,false,
2022-03-13 20:00:00,Slovakia,Slovakia,SK,376.28,418.16,59.05,18.96,entsoe.eu,false,
2022-03-13 21:00:00,Slovakia,Slovakia,SK,376.55,418.28,59.05,17.99,entsoe.eu,false,
2022-03-13 22:00:00,Slovakia,Slovakia,SK,377.89,419.81,58.85,16.54,entsoe.eu,false,
2022-03-13 23:00:00,Slovakia,Slovakia,SK,389.47,431.79,58.55,16.29,entsoe.eu,false,
2022-03-14 00:00:00,Slovakia,Slovakia,SK,388.85,430.79,58.78,15.43,entsoe.eu,false,
2022-03-14 01:00:00,Slovakia,Slovakia,SK,401.36,443.69,57.65,15.31,entsoe.eu,false,
2022-03-14 02:00:00,Slovakia,Slovakia,SK,399.73,442.13,57.66,14.85,entsoe.eu,false,
2022-03-14 03:00:00,Slovakia,Slovakia,SK,401.32,444.12,57.17,14.69,entsoe.eu,false,
2022-03-14 04:00:00,Slovakia,Slovakia,SK,420.37,465.04,54.73,14.9,entsoe.eu,false,
2022-03-14 05:00:00,Slovakia,Slovakia,SK,409.78,453.76,56.02,18.17,entsoe.eu,false,
2022-03-14 06:00:00,Slovakia,Slovakia,SK,388.1,430.75,58.82,21.32,entsoe.eu,false,
2022-03-14 07:00:00,Slovakia,Slovakia,SK,367.91,410.57,60.59,22.17,entsoe.eu,false,
2022-03-14 08:00:00,Slovakia,Slovakia,SK,361.05,403.42,61.8,23.79,entsoe.eu,false,
2022-03-14 09:00:00,Slovakia,Slovakia,SK,353.13,394.92,62.77,24.51,entsoe.eu,false,
2022-03-14 10:00:00,Slovakia,Slovakia,SK,353.42,395.12,62.82,24.97,entsoe.eu,false,
2022-03-14 11:00:00,Slovakia,Slovakia,SK,341.86,382.75,63.75,24.82,entsoe.eu,false,
2022-03-14 12:00:00,Slovakia,Slovakia,SK,354.45,395.26,62.52,23.67,entsoe.eu,false,
2022-03-14 13:00:00,Slovakia,Slovakia,SK,370.08,411.44,61.1,22.46,entsoe.eu,false,
2022-03-14 14:00:00,Slovakia,Slovakia,SK,371.58,412.41,60.62,21.61,entsoe.eu,false,
2022-03-14 15:00:00,Slovakia,Slovakia,SK,407.37,450.11,56.68,17.91,entsoe.eu,false,
2022-03-14 16:00:00,Slovakia,Slovakia,SK,417.35,459.33,56.5,18.08,entsoe.eu,false,
2022-03-14 17:00:00,Slovakia,Slovakia,SK,425.26,466.94,56.9,21.05,entsoe.eu,false,
2022-03-14 18:00:00,Slovakia,Slovakia,SK,412.6,452.95,58.6,23.42,entsoe.eu,false,
2022-03-14 19:00:00,Slovakia,Slovakia,SK,431.46,474.54,55.25,19.02,entsoe.eu,false,
2022-03-14 20:00:00,Slovakia,Slovakia,SK,426.11,470.0,54.45,17.0,entsoe.eu,false,
2022-03-14 21:00:00,Slovakia,Slovakia,SK,431.42,475.61,54.04,15.92,entsoe.eu,false,
2022-03-14 22:00:00,Slovakia,Slovakia,SK,442.22,487.08,52.89,13.82,entsoe.eu,false,
2022-03-14 23:00:00,Slovakia,Slovakia,SK,451.0,496.64,52.03,12.52,entsoe.eu,false,
2022-03-15 00:00:00,Slovakia,Slovakia,SK,453.49,500.09,52.0,12.46,entsoe.eu,false,
2022-03-15 01:00:00,Slovakia,Slovakia,SK,456.11,502.93,51.98,12.12,entsoe.eu,false,
2022-03-15 02:00:00,Slovakia,Slovakia,SK,469.39,516.92,50.83,11.73,entsoe.eu,false,
2022-03-15 03:00:00,Slovakia,Slovakia,SK,477.57,525.47,49.92,11.57,entsoe.eu,false,
2022-03-15 04:00:00,Slovakia,Slovakia,SK,468.57,516.01,50.53,12.4,entsoe.eu,false,
2022-03-15 05:00:00,Slovakia,Slovakia,SK,405.61,448.61,56.84,16.08,entsoe.eu,false,
2022-03-15 06:00:00,Slovakia,Slovakia,SK,359.33,400.06,61.42,18.37,entsoe.eu,false,
2022-03-15 07:00:00,Slovakia,Slovakia,SK,333.4,373.43,64.0,20.69,entsoe.eu,false,
2022-03-15 08:00:00,Slovakia,Slovakia,SK,336.47,377.16,64.06,21.23,entsoe.eu,false,
2022-03-15 09:00:00,Slovakia,Slovakia,SK,322.36,363.13,65.04,21.51,entsoe.eu,false,
2022-03-15 10:00:00,Slovakia,Slovakia,SK,322.67,363.87,64.82,21.12,entsoe.eu,false,
2022-03-15 11:00:00,Slovakia,Slovakia,SK,325.16,366.29,64.72,19.84,entsoe.eu,false,
2022-03-15 12:00:00,Slovakia,Slovakia,SK,306.78,347.2,66.42,19.72,entsoe.eu,false,
2022-03-15 13:00:00,Slovakia,Slovakia,SK,313.33,353.66,65.64,18.92,entsoe.eu,false,
2022-03-15 14:00:00,Slovakia,Slovakia,SK,323.82,364.02,64.58,18.66,entsoe.eu,false,
2022-03-15 15:00:00,Slovakia,Slovakia,SK,374.13,415.86,59.87,17.1,entsoe.eu,false,
2022-03-15 16:00:00,Slovakia,Slovakia,SK,385.27,426.76,59.17,17.64,entsoe.eu,false,
2022-03-15 17:00:00,Slovakia,Slovakia,SK,345.4,381.66,65.28,25.28,entsoe.eu,false,
2022-03-15 18:00:00,Slovakia,Slovakia,SK,346.92,383.32,65.28,26.12,entsoe.eu,false,
2022-03-15 19:00:00,Slovakia,Slovakia,SK,385.32,425.1,60.36,19.77,entsoe.eu,false,
2022-03-15 20:00:00,Slovakia,Slovakia,SK,402.35,444.65,57.31,15.26,entsoe.eu,false,
2022-03-15 21:00:00,Slovakia,Slovakia,SK,399.54,442.37,57.17,13.82,entsoe.eu,false,
2022-03-15 22:00:00,Slovakia,Slovakia,SK,422.09,466.42,55.11,12.65,entsoe.eu,false,
2022-03-15 23:00:00,Slovakia,Slovakia,SK,443.11,487.45,54.32,11.47,entsoe.eu,false,
2022-03-16 00:00:00,Slovakia,Slovakia,SK,434.19,478.66,54.88,10.95,entsoe.eu,false,
2022-03-16 01:00:00,Slovakia,Slovakia,SK,426.47,471.22,55.27,10.61,entsoe.eu,false,
2022-03-16 02:00:00,Slovakia,Slovakia,SK,411.28,455.8,56.8,11.22,entsoe.eu,false,
2022-03-16 03:00:00,Slovakia,Slovakia,SK,423.45,468.83,55.65,11.18,entsoe.eu,false,
2022-03-16 04:00:00,Slovakia,Slovakia,SK,447.08,493.81,53.28,11.44,entsoe.eu,false,
2022-03-16 05:00:00,Slovakia,Slovakia,SK,405.56,449.95,56.35,14.58,entsoe.eu,false,
2022-03-16 06:00:00,Slovakia,Slovakia,SK,377.87,419.73,59.14,17.15,entsoe.eu,false,
2022-03-16 07:00:00,Slovakia,Slovakia,SK,374.1,415.58,59.88,19.04,entsoe.eu,false,
2022-03-16 08:00:00,Slovakia,Slovakia,SK,370.44,412.06,60.2,19.26,entsoe.eu,false,
2022-03-16 09:00:00,Slovakia,Slovakia,SK,373.22,414.77,59.73,18.65,entsoe.eu,false,
2022-03-16 10:00:00,Slovakia,Slovakia,SK,365.09,407.5,60.18,19.02,entsoe.eu,false,
2022-03-16 11:00:00,Slovakia,Slovakia,SK,348.52,388.34,62.59,19.97,entsoe.eu,false,
2022-03-16 12:00:00,Slovakia,Slovakia,SK,345.18,385.35,62.74,19.96,entsoe.eu,false,
2022-03-16 13:00:00,Slovakia,Slovakia,SK,354.11,394.75,61.8,19.21,entsoe.eu,false,
2022-03-16 14:00:00,Slovakia,Slovakia,SK,360.4,400.85,61.22,18.25,entsoe.eu,false,
2022-03-16 15:00:00,Slovakia,Slovakia,SK,385.63,427.93,58.16,16.63,entsoe.eu,false,
2022-03-16 16:00:00,Slovakia,Slovakia,SK,387.85,430.3,58.3,16.67,entsoe.eu,false,
2022-03-16 17:00:00,Slovakia,Slovakia,SK,389.47,432.13,58.93,18.2,entsoe.eu,false,
2022-03-16 18:00:00,Slovakia,Slovakia,SK,398.86,441.64,59.16,20.72,entsoe.eu,false,
2022-03-16 19:00:00,Slovakia,Slovakia,SK,403.93,447.8,56.94,17.0,entsoe.eu,false,
2022-03-16 20:00:00,Slovakia,Slovakia,SK,410.37,454.13,56.81,15.68,entsoe.eu,false,
2022-03-16 21:00:00,Slovakia,Slovakia,SK,438.31,483.93,54.56,14.04,entsoe.eu,false,
2022-03-16 22:00:00,Slovakia,Slovakia,SK,434.21,479.33,54.99,14.13,entsoe.eu,false,
2022-03-16 23:00:00,Slovakia,Slovakia,SK,451.75,497.81,53.52,12.69,entsoe.eu,false,
2022-03-17 00:00:00,Slovakia,Slovakia,SK,445.5,491.91,54.11,13.5,entsoe.eu,false,
2022-03-17 01:00:00,Slovakia,Slovakia,SK,420.95,465.49,56.19,13.61,entsoe.eu,false,
2022-03-17 02:00:00,Slovakia,Slovakia,SK,421.38,465.94,56.15,13.38,entsoe.eu,false,
2022-03-17 03:00:00,Slovakia,Slovakia,SK,429.79,474.89,55.23,13.37,entsoe.eu,false,
2022-03-17 04:00:00,Slovakia,Slovakia,SK,441.48,486.9,54.31,14.11,entsoe.eu,false,
2022-03-17 05:00:00,Slovakia,Slovakia,SK,413.63,457.93,56.73,15.8,entsoe.eu,false,
2022-03-17 06:00:00,Slovakia,Slovakia,SK,380.95,422.16,60.34,18.6,entsoe.eu,false,
2022-03-17 07:00:00,Slovakia,Slovakia,SK,364.36,404.61,62.34,21.09,entsoe.eu,false,
2022-03-17 08:00:00,Slovakia,Slovakia,SK,350.61,390.51,64.0,23.65,entsoe.eu,false,
2022-03-17 09:00:00,Slovakia,Slovakia,SK,342.48,382.33,64.29,23.03,entsoe.eu,false,
2022-03-17 10:00:00,Slovakia,Slovakia,SK,329.8,368.84,64.96,23.48,entsoe.eu,false,
2022-03-17 11:00:00,Slovakia,Slovakia,SK,326.65,366.01,65.01,23.27,entsoe.eu,false,
2022-03-17 12:00:00,Slovakia,Slovakia,SK,334.46,374.39,64.23,22.19,entsoe.eu,false,
2022-03-17 13:00:00,Slovakia,Slovakia,SK,355.88,396.74,61.55,19.56,entsoe.eu,false,
2022-03-17 14:00:00,Slovakia,Slovakia,SK,380.72,422.57,59.45,18.33,entsoe.eu,false,
2022-03-17 15:00:00,Slovakia,Slovakia,SK,381.58,422.65,59.25,17.67,entsoe.eu,false,
2022-03-17 16:00:00,Slovakia,Slovakia,SK,378.67,418.6,59.96,18.21,entsoe.eu,false,
2022-03-17 17:00:00,Slovakia,Slovakia,SK,380.44,420.13,60.73,21.1,entsoe.eu,false,
2022-03-17 18:00:00,Slovakia,Slovakia,SK,369.71,407.53,62.84,23.76,entsoe.eu,false,
2022-03-17 19:00:00,Slovakia,Slovakia,SK,384.2,424.96,59.42,18.94,entsoe.eu,false,
2022-03-17 20:00:00,Slovakia,Slovakia,SK,398.61,441.6,57.33,16.37,entsoe.eu,false,
2022-03-17 21:00:00,Slovakia,Slovakia,SK,391.17,433.68,57.98,15.57,entsoe.eu,false,
2022-03-17 22:00:00,Slovakia,Slovakia,SK,383.54,424.87,59.25,14.85,entsoe.eu,false,
2022-03-17 23:00:00,Slovakia,Slovakia,SK,390.12,432.9,58.9,13.53,entsoe.eu,false,
2022-03-18 00:00:00,Slovakia,Slovakia,SK,376.9,420.19,60.1,13.06,entsoe.eu,false,
2022-03-18 01:00:00,Slovakia,Slovakia,SK,379.02,422.75,59.85,12.82,entsoe.eu,false,
2022-03-18 02:00:00,Slovakia,Slovakia,SK,371.96,416.21,60.37,12.64,entsoe.eu,false,
2022-03-18 03:00:00,Slovakia,Slovakia,SK,385.05,429.81,59.19,12.23,entsoe.eu,false,
2022-03-18 04:00:00,Slovakia,Slovakia,SK,422.03,467.55,55.63,12.18,entsoe.eu,false,
2022-03-18 05:00:00,Slovakia,Slovakia,SK,400.09,444.3,57.25,14.69,entsoe.eu,false,
2022-03-18 06:00:00,Slovakia,Slovakia,SK,358.72,399.98,60.99,16.92,entsoe.eu,false,
2022-03-18 07:00:00,Slovakia,Slovakia,SK,338.53,379.2,63.3,19.1,entsoe.eu,false,
2022-03-18 08:00:00,Slovakia,Slovakia,SK,341.52,382.9,62.97,20.65,entsoe.eu,false,
2022-03-18 09:00:00,Slovakia,Slovakia,SK,326.12,366.85,64.47,21.15,entsoe.eu,false,
2022-03-18 10:00:00,Slovakia,Slovakia,SK,327.44,367.58,64.91,21.87,entsoe.eu,false,
2022-03-18 11:00:00,Slovakia,Slovakia,SK,320.6,359.69,65.78,21.82,entsoe.eu,false,
2022-03-18 12:00:00,Slovakia,Slovakia,SK,319.3,359.05,65.81,21.47,entsoe.eu,false,
2022-03-18 13:00:00,Slovakia,Slovakia,SK,334.58,375.08,64.33,20.23,entsoe.eu,false,
2022-03-18 14:00:00,Slovakia,Slovakia,SK,352.56,392.55,62.42,18.07,entsoe.eu,false,
2022-03-18 15:00:00,Slovakia,Slovakia,SK,389.67,430.98,58.66,15.07,entsoe.eu,false,
2022-03-18 16:00:00,Slovakia,Slovakia,SK,408.98,451.67,56.71,14.91,entsoe.eu,false,
2022-03-18 17:00:00,Slovakia,Slovakia,SK,411.66,454.63,56.8,16.49,entsoe.eu,false,
2022-03-18 18:00:00,Slovakia,Slovakia,SK,415.11,457.85,57.5,18.54,entsoe.eu,false,
2022-03-18 19:00:00,Slovakia,Slovakia,SK,420.24,463.8,55.97,15.75,entsoe.eu,false,
2022-03-18 20:00:00,Slovakia,Slovakia,SK,430.76,474.44,54.9,12.89,entsoe.eu,false,
2022-03-18 21:00:00,Slovakia,Slovakia,SK,437.09,480.58,54.57,11.58,entsoe.eu,false,
2022-03-18 22:00:00,Slovakia,Slovakia,SK,443.73,489.16,53.63,11.15,entsoe.eu,false,
2022-03-18 23:00:00,Slovakia,Slovakia,SK,422.32,466.68,55.59,12.71,entsoe.eu,false,
2022-03-19 00:00:00,Slovakia,Slovakia,SK,408.18,451.94,56.81,12.9,entsoe.eu,false,
2022-03-19 01:00:00,Slovakia,Slovakia,SK,392.63,435.68,58.26,13.0,entsoe.eu,false,
2022-03-19 02:00:00,Slovakia,Slovakia,SK,387.32,430.54,58.59,12.06,entsoe.eu,false,
2022-03-19 03:00:00,Slovakia,Slovakia,SK,396.13,439.97,57.74,12.2,entsoe.eu,false,
2022-03-19 04:00:00,Slovakia,Slovakia,SK,403.8,448.0,57.09,12.2,entsoe.eu,false,
2022-03-19 05:00:00,Slovakia,Slovakia,SK,400.0,443.16,57.47,12.99,entsoe.eu,false,
2022-03-19 06:00:00,Slovakia,Slovakia,SK,355.27,395.72,61.61,15.94,entsoe.eu,false,
2022-03-19 07:00:00,Slovakia,Slovakia,SK,333.8,374.2,63.65,18.64,entsoe.eu,false,
2022-03-19 08:00:00,Slovakia,Slovakia,SK,303.97,343.29,66.65,21.23,entsoe.eu,false,
2022-03-19 09:00:00,Slovakia,Slovakia,SK,260.71,297.57,70.65,23.18,entsoe.eu,false,
2022-03-19 10:00:00,Slovakia,Slovakia,SK,248.06,284.97,71.99,25.35,entsoe.eu,false,
2022-03-19 11:00:00,Slovakia,Slovakia,SK,248.65,286.25,71.92,25.19,entsoe.eu,false,
2022-03-19 12:00:00,Slovakia,Slovakia,SK,238.31,275.23,72.75,24.03,entsoe.eu,false,
2022-03-19 13:00:00,Slovakia,Slovakia,SK,246.7,283.47,71.92,23.19,entsoe.eu,false,
2022-03-19 14:00:00,Slovakia,Slovakia,SK,269.74,307.11,69.6,21.46,entsoe.eu,false,
2022-03-19 15:00:00,Slovakia,Slovakia,SK,298.03,335.11,66.96,20.84,entsoe.eu,false,
2022-03-19 16:00:00,Slovakia,Slovakia,SK,333.1,371.33,64.55,19.84,entsoe.eu,false,
2022-03-19 17:00:00,Slovakia,Slovakia,SK,358.13,396.08,63.4,21.99,entsoe.eu,false,
2022-03-19 18:00:00,Slovakia,Slovakia,SK,343.61,380.2,64.76,22.29,entsoe.eu,false,
2022-03-19 19:00:00,Slovakia,Slovakia,SK,322.65,359.65,65.65,20.57,entsoe.eu,false,
2022-03-19 20:00:00,Slovakia,Slovakia,SK,310.14,347.91,65.99,18.33,entsoe.eu,false,
2022-03-19 21:00:00,Slovakia,Slovakia,SK,312.22,350.68,65.54,16.41,entsoe.eu,false,
2022-03-19 22:00:00,Slovakia,Slovakia,SK,291.63,329.12,67.22,15.81,entsoe.eu,false,
2022-03-19 23:00:00,Slovakia,Slovakia,SK,275.78,312.86,68.5,15.47,entsoe.eu,false,
2022-03-20 00:00:00,Slovakia,Slovakia,SK,270.9,308.38,68.95,15.33,entsoe.eu,false,
2022-03-20 01:00:00,Slovakia,Slovakia,SK,283.56,322.02,67.82,15.81,entsoe.eu,false,
2022-03-20 02:00:00,Slovakia,Slovakia,SK,288.6,327.76,67.42,15.59,entsoe.eu,false,
2022-03-20 03:00:00,Slovakia,Slovakia,SK,289.3,328.5,67.22,15.47,entsoe.eu,false,
2022-03-20 04:00:00,Slovakia,Slovakia,SK,291.89,331.37,67.03,15.94,entsoe.eu,false,
2022-03-20 05:00:00,Slovakia,Slovakia,SK,280.09,318.55,68.27,17.9,entsoe.eu,false,
2022-03-20 06:00:00,Slovakia,Slovakia,SK,257.93,295.63,70.38,20.56,entsoe.eu,false,
2022-03-20 07:00:00,Slovakia,Slovakia,SK,237.68,275.07,72.11,21.9,entsoe.eu,false,
2022-03-20 08:00:00,Slovakia,Slovakia,SK,229.4,267.19,72.68,23.9,entsoe.eu,false,
2022-03-20 09:00:00,Slovakia,Slovakia,SK,218.01,256.01,73.72,25.07,entsoe.eu,false,
2022-03-20 10:00:00,Slovakia,Slovakia,SK,215.02,252.91,74.06,25.28,entsoe.eu,false,
2022-03-20 11:00:00,Slovakia,Slovakia,SK,212.09,249.83,74.29,24.51,entsoe.eu,false,
2022-03-20 12:00:00,Slovakia,Slovakia,SK,216.14,253.41,73.67,22.88,entsoe.eu,false,
2022-03-20 13:00:00,Slovakia,Slovakia,SK,235.87,274.16,71.75,21.47,entsoe.eu,false,
2022-03-20 14:00:00,Slovakia,Slovakia,SK,269.94,309.82,68.5,20.49,entsoe.eu,false,
2022-03-20 15:00:00,Slovakia,Slovakia,SK,316.75,358.38,64.31,20.43,entsoe.eu,false,
2022-03-20 16:00:00,Slovakia,Slovakia,SK,344.84,386.11,62.68,19.55,entsoe.eu,false,
2022-03-20 17:00:00,Slovakia,Slovakia,SK,346.83,387.33,62.99,21.12,entsoe.eu,false,
2022-03-20 18:00:00,Slovakia,Slovakia,SK,350.75,389.98,63.98,23.83,entsoe.eu,false,
2022-03-20 19:00:00,Slovakia,Slovakia,SK,345.88,385.75,62.72,20.54,entsoe.eu,false,
2022-03-20 20:00:00,Slovakia,Slovakia,SK,343.45,383.74,62.44,19.2,entsoe.eu,false,
2022-03-20 21:00:00,Slovakia,Slovakia,SK,345.8,386.91,61.97,18.34,entsoe.eu,false,
2022-03-20 22:00:00,Slovakia,Slovakia,SK,363.86,405.83,60.2,15.75,entsoe.eu,false,
2022-03-20 23:00:00,Slovakia,Slovakia,SK,383.14,426.91,58.36,13.02,entsoe.eu,false,
2022-03-21 00:00:00,Slovakia,Slovakia,SK,397.72,443.17,56.94,12.81,entsoe.eu,false,
2022-03-21 01:00:00,Slovakia,Slovakia,SK,391.32,436.51,57.36,12.05,entsoe.eu,false,
2022-03-21 02:00:00,Slovakia,Slovakia,SK,387.07,432.23,57.38,11.61,entsoe.eu,false,
2022-03-21 03:00:00,Slovakia,Slovakia,SK,394.65,440.29,57.07,12.5,entsoe.eu,false,
2022-03-21 04:00:00,Slovakia,Slovakia,SK,420.05,466.44,54.68,13.51,entsoe.eu,false,
2022-03-21 05:00:00,Slovakia,Slovakia,SK,380.56,424.67,57.73,16.33,entsoe.eu,false,
2022-03-21 06:00:00,Slovakia,Slovakia,SK,332.47,372.92,63.29,20.57,entsoe.eu,false,
2022-03-21 07:00:00,Slovakia,Slovakia,SK,300.06,338.83,67.18,24.72,entsoe.eu,false,
2022-03-21 08:00:00,Slovakia,Slovakia,SK,302.11,342.41,65.87,22.52,entsoe.eu,false,
2022-03-21 09:00:00,Slovakia,Slovakia,SK,308.26,348.89,65.62,23.22,entsoe.eu,false,
2022-03-21 10:00:00,Slovakia,Slovakia,SK,296.72,336.28,66.92,24.25,entsoe.eu,false,
2022-03-21 11:00:00,Slovakia,Slovakia,SK,283.79,322.35,68.5,25.32,entsoe.eu,false,
2022-03-21 12:00:00,Slovakia,Slovakia,SK,285.47,323.5,69.15,26.97,entsoe.eu,false,
2022-03-21 13:00:00,Slovakia,Slovakia,SK,302.06,341.76,67.23,25.8,entsoe.eu,false,
2022-03-21 14:00:00,Slovakia,Slovakia,SK,328.47,369.55,64.41,23.61,entsoe.eu,false,
2022-03-21 15:00:00,Slovakia,Slovakia,SK,373.03,416.62,59.6,20.25,entsoe.eu,false,
2022-03-21 16:00:00,Slovakia,Slovakia,SK,378.2,421.47,59.11,18.78,entsoe.eu,false,
2022-03-21 17:00:00,Slovakia,Slovakia,SK,380.56,422.19,60.53,22.25,entsoe.eu,false,
2022-03-21 18:00:00,Slovakia,Slovakia,SK,385.62,427.39,60.2,23.27,entsoe.eu,false,
2022-03-21 19:00:00,Slovakia,Slovakia,SK,392.21,434.4,59.17,20.9,entsoe.eu,false,
2022-03-21 20:00:00,Slovakia,Slovakia,SK,402.35,446.85,55.96,15.37,entsoe.eu,false,
2022-03-21 21:00:00,Slovakia,Slovakia,SK,402.15,447.31,55.45,14.54,entsoe.eu,false,
2022-03-21 22:00:00,Slovakia,Slovakia,SK,407.34,453.32,55.17,13.24,entsoe.eu,false,
2022-03-21 23:00:00,Slovakia,Slovakia,SK,407.64,453.31,55.47,11.99,entsoe.eu,false,
2022-03-22 00:00:00,Slovakia,Slovakia,SK,398.74,443.89,56.56,11.85,entsoe.eu,false,
2022-03-22 01:00:00,Slovakia,Slovakia,SK,400.81,446.53,56.07,11.5,entsoe.eu,false,
2022-03-22 02:00:00,Slovakia,Slovakia,SK,392.61,438.57,56.97,11.4,entsoe.eu,false,
2022-03-22 03:00:00,Slovakia,Slovakia,SK,406.67,453.58,55.22,10.97,entsoe.eu,false,
2022-03-22 04:00:00,Slovakia,Slovakia,SK,422.89,470.89,53.73,11.01,entsoe.eu,false,
2022-03-22 05:00:00,Slovakia,Slovakia,SK,373.2,418.11,58.34,14.72,entsoe.eu,false,
2022-03-22 06:00:00,Slovakia,Slovakia,SK,319.26,360.22,63.95,18.51,entsoe.eu,false,
2022-03-22 07:00:00,Slovakia,Slovakia,SK,267.45,305.03,68.86,21.45,entsoe.eu,false,
2022-03-22 08:00:00,Slovakia,Slovakia,SK,279.19,318.29,68.01,22.17,entsoe.eu,false,
2022-03-22 09:00:00,Slovakia,Slovakia,SK,302.03,342.7,66.56,22.28,entsoe.eu,false,
2022-03-22 10:00:00,Slovakia,Slovakia,SK,292.95,333.09,67.58,22.9,entsoe.eu,false,
2022-03-22 11:00:00,Slovakia,Slovakia,SK,293.59,333.47,67.48,23.15,entsoe.eu,false,
2022-03-22 12:00:00,Slovakia,Slovakia,SK,279.93,319.89,68.43,23.79,entsoe.eu,false,
2022-03-22 13:00:00,Slovakia,Slovakia,SK,279.27,318.96,68.28,22.74,entsoe.eu,false,
2022-03-22 14:00:00,Slovakia,Slovakia,SK,295.03,334.49,66.9,20.42,entsoe.eu,false,
2022-03-22 15:00:00,Slovakia,Slovakia,SK,324.52,365.34,63.5,16.68,entsoe.eu,false,
2022-03-22 16:00:00,Slovakia,Slovakia,SK,326.6,367.43,63.15,15.86,entsoe.eu,false,
2022-03-22 17:00:00,Slovakia,Slovakia,SK,349.33,389.14,63.15,20.39,entsoe.eu,false,
2022-03-22 18:00:00,Slovakia,Slovakia,SK,353.29,392.55,63.94,22.6,entsoe.eu,false,
2022-03-22 19:00:00,Slovakia,Slovakia,SK,367.39,409.59,60.13,16.82,entsoe.eu,false,
2022-03-22 20:00:00,Slovakia,Slovakia,SK,376.67,420.75,58.09,14.4,entsoe.eu,false,
2022-03-22 21:00:00,Slovakia,Slovakia,SK,385.89,431.1,57.05,13.08,entsoe.eu,false,
2022-03-22 22:00:00,Slovakia,Slovakia,SK,394.46,440.12,56.7,12.7,entsoe.eu,false,
2022-03-22 23:00:00,Slovakia,Slovakia,SK,404.59,450.69,55.93,11.08,entsoe.eu,false,
2022-03-23 00:00:00,Slovakia,Slovakia,SK,407.32,454.2,55.78,10.8,entsoe.eu,false,
2022-03-23 01:00:00,Slovakia,Slovakia,SK,402.61,449.53,56.09,10.58,entsoe.eu,false,
2022-03-23 02:00:00,Slovakia,Slovakia,SK,392.53,439.22,56.95,10.72,entsoe.eu,false,
2022-03-23 03:00:00,Slovakia,Slovakia,SK,411.17,459.46,54.99,10.44,entsoe.eu,false,
2022-03-23 04:00:00,Slovakia,Slovakia,SK,417.46,466.3,54.14,10.68,entsoe.eu,false,
2022-03-23 05:00:00,Slovakia,Slovakia,SK,341.41,385.16,61.37,15.17,entsoe.eu,false,
2022-03-23 06:00:00,Slovakia,Slovakia,SK,299.96,340.14,65.92,19.34,entsoe.eu,false,
2022-03-23 07:00:00,Slovakia,Slovakia,SK,270.16,308.26,68.84,20.75,entsoe.eu,false,
2022-03-23 08:00:00,Slovakia,Slovakia,SK,268.42,306.55,69.14,21.47,entsoe.eu,false,
2022-03-23 09:00:00,Slovakia,Slovakia,SK,274.22,313.64,69.26,22.34,entsoe.eu,false,
2022-03-23 10:00:00,Slovakia,Slovakia,SK,290.0,329.07,68.05,22.82,entsoe.eu,false,
2022-03-23 11:00:00,Slovakia,Slovakia,SK,285.99,324.73,68.41,22.96,entsoe.eu,false,
2022-03-23 12:00:00,Slovakia,Slovakia,SK,292.68,331.77,67.73,22.24,entsoe.eu,false,
2022-03-23 13:00:00,Slovakia,Slovakia,SK,301.84,341.26,66.71,21.07,entsoe.eu,false,
2022-03-23 14:00:00,Slovakia,Slovakia,SK,306.94,345.15,66.16,19.87,entsoe.eu,false,
2022-03-23 15:00:00,Slovakia,Slovakia,SK,363.38,403.67,60.77,17.21,entsoe.eu,false,
2022-03-23 16:00:00,Slovakia,Slovakia,SK,364.13,405.05,60.1,16.08,entsoe.eu,false,
2022-03-23 17:00:00,Slovakia,Slovakia,SK,352.87,391.23,63.51,22.65,entsoe.eu,false,
2022-03-23 18:00:00,Slovakia,Slovakia,SK,355.89,394.62,63.95,24.62,entsoe.eu,false,
2022-03-23 19:00:00,Slovakia,Slovakia,SK,360.44,401.69,60.85,18.17,entsoe.eu,false,
2022-03-23 20:00:00,Slovakia,Slovakia,SK,362.25,404.22,59.85,15.55,entsoe.eu,false,
2022-03-23 21:00:00,Slovakia,Slovakia,SK,388.0,432.47,57.2,13.35,entsoe.eu,false,
2022-03-23 22:00:00,Slovakia,Slovakia,SK,396.29,441.88,56.57,12.47,entsoe.eu,false,
2022-03-23 23:00:00,Slovakia,Slovakia,SK,409.68,456.61,55.42,11.31,entsoe.eu,false,
2022-03-24 00:00:00,Slovakia,Slovakia,SK,409.88,457.43,55.46,11.12,entsoe.eu,false,
2022-03-24 01:00:00,Slovakia,Slovakia,SK,407.62,455.09,55.66,10.62,entsoe.eu,false,
2022-03-24 02:00:00,Slovakia,Slovakia,SK,414.81,463.17,54.81,10.43,entsoe.eu,false,
2022-03-24 03:00:00,Slovakia,Slovakia,SK,414.61,463.23,54.6,10.26,entsoe.eu,false,
2022-03-24 04:00:00,Slovakia,Slovakia,SK,423.77,472.72,53.7,10.61,entsoe.eu,false,
2022-03-24 05:00:00,Slovakia,Slovakia,SK,343.14,386.38,61.45,15.73,entsoe.eu,false,
2022-03-24 06:00:00,Slovakia,Slovakia,SK,310.13,350.29,65.66,20.5,entsoe.eu,false,
2022-03-24 07:00:00,Slovakia,Slovakia,SK,283.26,322.92,67.85,21.73,entsoe.eu,false,
2022-03-24 08:00:00,Slovakia,Slovakia,SK,311.24,352.57,65.7,21.99,entsoe.eu,false,
2022-03-24 09:00:00,Slovakia,Slovakia,SK,301.56,342.86,66.93,22.74,entsoe.eu,false,
2022-03-24 10:00:00,Slovakia,Slovakia,SK,295.37,335.8,67.44,22.83,entsoe.eu,false,
2022-03-24 11:00:00,Slovakia,Slovakia,SK,290.84,330.92,67.89,23.2,entsoe.eu,false,
2022-03-24 12:00:00,Slovakia,Slovakia,SK,294.64,334.5,67.49,23.49,entsoe.eu,false,
2022-03-24 13:00:00,Slovakia,Slovakia,SK,297.91,337.85,67.06,22.33,entsoe.eu,false,
2022-03-24 14:00:00,Slovakia,Slovakia,SK,307.13,347.11,65.81,20.76,entsoe.eu,false,
2022-03-24 15:00:00,Slovakia,Slovakia,SK,328.27,369.34,63.02,18.19,entsoe.eu,false,
2022-03-24 16:00:00,Slovakia,Slovakia,SK,333.61,375.01,62.71,17.36,entsoe.eu,false,
2022-03-24 17:00:00,Slovakia,Slovakia,SK,349.74,388.67,64.49,23.92,entsoe.eu,false,
2022-03-24 18:00:00,Slovakia,Slovakia,SK,334.29,372.13,66.25,26.35,entsoe.eu,false,
2022-03-24 19:00:00,Slovakia,Slovakia,SK,347.45,388.35,62.49,19.36,entsoe.eu,false,
2022-03-24 20:00:00,Slovakia,Slovakia,SK,339.07,380.98,62.0,16.85,entsoe.eu,false,
2022-03-24 21:00:00,Slovakia,Slovakia,SK,382.45,427.94,57.77,13.76,entsoe.eu,false,
2022-03-24 22:00:00,Slovakia,Slovakia,SK,401.57,448.67,56.35,13.44,entsoe.eu,false,
2022-03-24 23:00:00,Slovakia,Slovakia,SK,376.07,421.86,58.55,12.71,entsoe.eu,false,
2022-03-25 00:00:00,Slovakia,Slovakia,SK,364.84,410.68,59.67,13.06,entsoe.eu,false,
2022-03-25 01:00:00,Slovakia,Slovakia,SK,367.06,413.6,59.5,13.06,entsoe.eu,false,
2022-03-25 02:00:00,Slovakia,Slovakia,SK,352.39,398.37,60.77,13.34,entsoe.eu,false,
2022-03-25 03:00:00,Slovakia,Slovakia,SK,370.26,417.17,59.08,13.06,entsoe.eu,false,
2022-03-25 04:00:00,Slovakia,Slovakia,SK,381.48,428.75,57.92,14.12,entsoe.eu,false,
2022-03-25 05:00:00,Slovakia,Slovakia,SK,318.93,360.69,64.75,19.58,entsoe.eu,false,
2022-03-25 06:00:00,Slovakia,Slovakia,SK,285.22,322.85,69.62,25.71,entsoe.eu,false,
2022-03-25 07:00:00,Slovakia,Slovakia,SK,266.2,305.08,69.43,23.4,entsoe.eu,false,
2022-03-25 08:00:00,Slovakia,Slovakia,SK,255.54,293.95,70.9,24.08,entsoe.eu,false,
2022-03-25 09:00:00,Slovakia,Slovakia,SK,239.66,277.1,72.61,25.01,entsoe.eu,false,
2022-03-25 10:00:00,Slovakia,Slovakia,SK,246.48,283.97,72.07,25.6,entsoe.eu,false,
2022-03-25 11:00:00,Slovakia,Slovakia,SK,247.35,284.69,71.91,25.53,entsoe.eu,false,
2022-03-25 12:00:00,Slovakia,Slovakia,SK,260.09,297.84,70.73,25.29,entsoe.eu,false,
2022-03-25 13:00:00,Slovakia,Slovakia,SK,265.57,303.8,70.13,23.68,entsoe.eu,false,
2022-03-25 14:00:00,Slovakia,Slovakia,SK,288.47,327.12,68.0,21.99,entsoe.eu,false,
2022-03-25 15:00:00,Slovakia,Slovakia,SK,300.66,339.18,66.85,20.6,entsoe.eu,false,
2022-03-25 16:00:00,Slovakia,Slovakia,SK,317.07,356.71,64.69,18.95,entsoe.eu,false,
2022-03-25 17:00:00,Slovakia,Slovakia,SK,339.08,378.21,64.25,22.21,entsoe.eu,false,
2022-03-25 18:00:00,Slovakia,Slovakia,SK,352.35,392.17,63.1,22.49,entsoe.eu,false,
2022-03-25 19:00:00,Slovakia,Slovakia,SK,352.78,393.76,61.62,19.76,entsoe.eu,false,
2022-03-25 20:00:00,Slovakia,Slovakia,SK,351.67,392.2,62.08,19.75,entsoe.eu,false,
2022-03-25 21:00:00,Slovakia,Slovakia,SK,364.3,404.93,61.38,18.78,entsoe.eu,false,
2022-03-25 22:00:00,Slovakia,Slovakia,SK,351.43,391.69,62.11,18.34,entsoe.eu,false,
2022-03-25 23:00:00,Slovakia,Slovakia,SK,321.88,361.58,64.57,18.21,entsoe.eu,false,
2022-03-26 00:00:00,Slovakia,Slovakia,SK,320.64,361.08,64.74,18.61,entsoe.eu,false,
2022-03-26 01:00:00,Slovakia,Slovakia,SK,313.94,354.66,65.25,19.33,entsoe.eu,false,
2022-03-26 02:00:00,Slovakia,Slovakia,SK,315.58,356.52,65.08,19.53,entsoe.eu,false,
2022-03-26 03:00:00,Slovakia,Slovakia,SK,316.24,356.84,65.0,19.88,entsoe.eu,false,
2022-03-26 04:00:00,Slovakia,Slovakia,SK,322.56,363.21,64.45,20.58,entsoe.eu,false,
2022-03-26 05:00:00,Slovakia,Slovakia,SK,312.67,352.72,65.42,21.95,entsoe.eu,false,
2022-03-26 06:00:00,Slovakia,Slovakia,SK,305.11,344.8,66.35,23.69,entsoe.eu,false,
2022-03-26 07:00:00,Slovakia,Slovakia,SK,278.67,317.83,68.93,26.08,entsoe.eu,false,
2022-03-26 08:00:00,Slovakia,Slovakia,SK,267.08,305.93,70.38,27.68,entsoe.eu,false,
2022-03-26 09:00:00,Slovakia,Slovakia,SK,259.49,298.44,71.16,28.34,entsoe.eu,false,
2022-03-26 10:00:00,Slovakia,Slovakia,SK,246.39,284.54,72.2,27.62,entsoe.eu,false,
2022-03-26 11:00:00,Slovakia,Slovakia,SK,233.54,271.82,73.4,28.23,entsoe.eu,false,
2022-03-26 12:00:00,Slovakia,Slovakia,SK,229.79,267.52,73.65,26.79,entsoe.eu,false,
2022-03-26 13:00:00,Slovakia,Slovakia,SK,252.59,290.99,71.48,24.96,entsoe.eu,false,
2022-03-26 14:00:00,Slovakia,Slovakia,SK,263.22,301.37,70.32,22.81,entsoe.eu,false,
2022-03-26 15:00:00,Slovakia,Slovakia,SK,292.31,330.65,67.82,21.53,entsoe.eu,false,
2022-03-26 16:00:00,Slovakia,Slovakia,SK,320.01,358.35,65.92,21.21,entsoe.eu,false,
2022-03-26 17:00:00,Slovakia,Slovakia,SK,322.7,360.89,65.48,20.52,entsoe.eu,false,
2022-03-26 18:00:00,Slovakia,Slovakia,SK,303.79,339.41,68.92,24.83,entsoe.eu,false,
2022-03-26 19:00:00,Slovakia,Slovakia,SK,296.71,334.45,67.78,20.66,entsoe.eu,false,
2022-03-26 20:00:00,Slovakia,Slovakia,SK,315.36,354.58,66.11,19.99,entsoe.eu,false,
2022-03-26 21:00:00,Slovakia,Slovakia,SK,325.53,366.29,65.05,18.52,entsoe.eu,false,
2022-03-26 22:00:00,Slovakia,Slovakia,SK,333.52,375.39,63.96,16.59,entsoe.eu,false,
2022-03-26 23:00:00,Slovakia,Slovakia,SK,329.6,372.18,63.93,16.36,entsoe.eu,false,
2022-03-27 00:00:00,Slovakia,Slovakia,SK,323.98,367.0,64.24,16.41,entsoe.eu,false,
2022-03-27 01:00:00,Slovakia,Slovakia,SK,314.96,357.72,64.85,15.65,entsoe.eu,false,
2022-03-27 02:00:00,Slovakia,Slovakia,SK,304.03,345.72,65.83,16.23,entsoe.eu,false,
2022-03-27 03:00:00,Slovakia,Slovakia,SK,284.37,324.91,67.62,16.68,entsoe.eu,false,
2022-03-27 04:00:00,Slovakia,Slovakia,SK,284.69,325.46,67.6,16.92,entsoe.eu,false,
2022-03-27 05:00:00,Slovakia,Slovakia,SK,289.87,330.26,67.44,18.78,entsoe.eu,false,
2022-03-27 06:00:00,Slovakia,Slovakia,SK,281.08,320.55,68.62,21.6,entsoe.eu,false,
2022-03-27 07:00:00,Slovakia,Slovakia,SK,269.92,309.07,69.81,23.47,entsoe.eu,false,
2022-03-27 08:00:00,Slovakia,Slovakia,SK,266.13,305.68,70.14,24.7,entsoe.eu,false,
2022-03-27 09:00:00,Slovakia,Slovakia,SK,266.93,306.52,70.26,25.86,entsoe.eu,false,
2022-03-27 10:00:00,Slovakia,Slovakia,SK,258.02,297.33,71.2,26.17,entsoe.eu,false,
2022-03-27 11:00:00,Slovakia,Slovakia,SK,246.5,286.58,72.16,26.53,entsoe.eu,false,
2022-03-27 12:00:00,Slovakia,Slovakia,SK,240.91,280.23,72.63,26.17,entsoe.eu,false,
2022-03-27 13:00:00,Slovakia,Slovakia,SK,256.68,296.53,71.23,25.19,entsoe.eu,false,
2022-03-27 14:00:00,Slovakia,Slovakia,SK,260.9,300.33,70.67,24.5,entsoe.eu,false,
2022-03-27 15:00:00,Slovakia,Slovakia,SK,292.97,332.03,67.86,22.28,entsoe.eu,false,
2022-03-27 16:00:00,Slovakia,Slovakia,SK,332.4,372.48,63.96,19.6,entsoe.eu,false,
2022-03-27 17:00:00,Slovakia,Slovakia,SK,329.79,369.96,64.16,21.45,entsoe.eu,false,
2022-03-27 18:00:00,Slovakia,Slovakia,SK,332.32,371.61,64.24,21.84,entsoe.eu,false,
2022-03-27 19:00:00,Slovakia,Slovakia,SK,336.51,376.55,62.92,20.09,entsoe.eu,false,
2022-03-27 20:00:00,Slovakia,Slovakia,SK,337.29,377.11,62.93,19.5,entsoe.eu,false,
2022-03-27 21:00:00,Slovakia,Slovakia,SK,338.8,378.93,62.72,19.05,entsoe.eu,false,
2022-03-27 22:00:00,Slovakia,Slovakia,SK,343.88,385.62,62.36,18.74,entsoe.eu,false,
2022-03-27 23:00:00,Slovakia,Slovakia,SK,349.46,391.42,62.11,18.93,entsoe.eu,false,
2022-03-28 00:00:00,Slovakia,Slovakia,SK,341.19,382.7,62.96,18.73,entsoe.eu,false,
2022-03-28 01:00:00,Slovakia,Slovakia,SK,334.39,376.11,63.36,18.65,entsoe.eu,false,
2022-03-28 02:00:00,Slovakia,Slovakia,SK,343.63,386.23,62.19,18.76,entsoe.eu,false,
2022-03-28 03:00:00,Slovakia,Slovakia,SK,357.81,401.69,60.25,18.6,entsoe.eu,false,
2022-03-28 04:00:00,Slovakia,Slovakia,SK,358.6,402.0,60.15,19.4,entsoe.eu,false,
2022-03-28 05:00:00,Slovakia,Slovakia,SK,351.86,393.88,61.59,21.15,entsoe.eu,false,
2022-03-28 06:00:00,Slovakia,Slovakia,SK,317.37,357.42,65.7,24.33,entsoe.eu,false,
2022-03-28 07:00:00,Slovakia,Slovakia,SK,300.45,340.75,66.89,25.32,entsoe.eu,false,
2022-03-28 08:00:00,Slovakia,Slovakia,SK,289.62,329.78,67.87,26.24,entsoe.eu,false,
2022-03-28 09:00:00,Slovakia,Slovakia,SK,274.55,313.85,69.24,26.35,entsoe.eu,false,
2022-03-28 10:00:00,Slovakia,Slovakia,SK,258.96,297.94,70.62,27.39,entsoe.eu,false,
2022-03-28 11:00:00,Slovakia,Slovakia,SK,260.09,299.09,70.67,27.83,entsoe.eu,false,
2022-03-28 12:00:00,Slovakia,Slovakia,SK,261.52,300.31,70.45,28.11,entsoe.eu,false,
2022-03-28 13:00:00,Slovakia,Slovakia,SK,264.79,302.87,70.05,27.1,entsoe.eu,false,
2022-03-28 14:00:00,Slovakia,Slovakia,SK,284.05,321.98,68.12,25.94,entsoe.eu,false,
2022-03-28 15:00:00,Slovakia,Slovakia,SK,289.95,327.49,66.87,22.54,entsoe.eu,false,
2022-03-28 16:00:00,Slovakia,Slovakia,SK,289.09,325.58,67.57,22.36,entsoe.eu,false,
2022-03-28 17:00:00,Slovakia,Slovakia,SK,305.27,340.27,68.04,26.02,entsoe.eu,false,
2022-03-28 18:00:00,Slovakia,Slovakia,SK,306.4,341.93,68.13,26.26,entsoe.eu,false,
2022-03-28 19:00:00,Slovakia,Slovakia,SK,306.18,344.21,66.23,22.38,entsoe.eu,false,
2022-03-28 20:00:00,Slovakia,Slovakia,SK,335.06,374.77,63.1,18.67,entsoe.eu,false,
2022-03-28 21:00:00,Slovakia,Slovakia,SK,327.11,365.43,63.99,17.13,entsoe.eu,false,
2022-03-28 22:00:00,Slovakia,Slovakia,SK,344.58,384.76,62.5,17.2,entsoe.eu,false,
2022-03-28 23:00:00,Slovakia,Slovakia,SK,334.35,374.71,63.26,16.73,entsoe.eu,false,
2022-03-29 00:00:00,Slovakia,Slovakia,SK,343.51,384.89,62.44,16.37,entsoe.eu,false,
2022-03-29 01:00:00,Slovakia,Slovakia,SK,338.24,380.08,62.83,16.51,entsoe.eu,false,
2022-03-29 02:00:00,Slovakia,Slovakia,SK,353.83,396.49,61.31,15.74,entsoe.eu,false,
2022-03-29 03:00:00,Slovakia,Slovakia,SK,369.7,413.02,59.53,15.19,entsoe.eu,false,
2022-03-29 04:00:00,Slovakia,Slovakia,SK,341.07,383.25,61.39,16.13,entsoe.eu,false,
2022-03-29 05:00:00,Slovakia,Slovakia,SK,344.33,384.03,63.7,21.03,entsoe.eu,false,
2022-03-29 06:00:00,Slovakia,Slovakia,SK,315.94,354.43,66.82,22.86,entsoe.eu,false,
2022-03-29 07:00:00,Slovakia,Slovakia,SK,287.26,326.23,68.19,21.95,entsoe.eu,false,
2022-03-29 08:00:00,Slovakia,Slovakia,SK,273.1,312.45,68.57,21.21,entsoe.eu,false,
2022-03-29 09:00:00,Slovakia,Slovakia,SK,286.62,326.78,67.36,21.39,entsoe.eu,false,
2022-03-29 10:00:00,Slovakia,Slovakia,SK,286.23,326.8,67.5,22.23,entsoe.eu,false,
2022-03-29 11:00:00,Slovakia,Slovakia,SK,286.37,327.07,67.48,22.36,entsoe.eu,false,
2022-03-29 12:00:00,Slovakia,Slovakia,SK,294.69,335.22,66.88,22.27,entsoe.eu,false,
2022-03-29 13:00:00,Slovakia,Slovakia,SK,305.44,346.18,65.68,21.01,entsoe.eu,false,
2022-03-29 14:00:00,Slovakia,Slovakia,SK,312.49,353.48,64.75,19.86,entsoe.eu,false,
2022-03-29 15:00:00,Slovakia,Slovakia,SK,327.7,369.46,63.23,18.96,entsoe.eu,false,
2022-03-29 16:00:00,Slovakia,Slovakia,SK,340.45,382.22,62.19,18.24,entsoe.eu,false,
2022-03-29 17:00:00,Slovakia,Slovakia,SK,328.81,368.61,64.22,20.63,entsoe.eu,false,
2022-03-29 18:00:00,Slovakia,Slovakia,SK,313.86,353.19,65.66,20.94,entsoe.eu,false,
2022-03-29 19:00:00,Slovakia,Slovakia,SK,310.74,351.95,64.5,17.97,entsoe.eu,false,
2022-03-29 20:00:00,Slovakia,Slovakia,SK,334.72,376.98,62.28,16.51,entsoe.eu,false,
2022-03-29 21:00:00,Slovakia,Slovakia,SK,354.43,398.33,60.51,15.27,entsoe.eu,false,
2022-03-29 22:00:00,Slovakia,Slovakia,SK,360.92,405.66,60.56,13.4,entsoe.eu,false,
2022-03-29 23:00:00,Slovakia,Slovakia,SK,331.65,374.94,63.44,13.87,entsoe.eu,false,
2022-03-30 00:00:00,Slovakia,Slovakia,SK,318.88,362.82,64.56,13.96,entsoe.eu,false,
2022-03-30 01:00:00,Slovakia,Slovakia,SK,307.84,352.24,65.52,14.13,entsoe.eu,false,
2022-03-30 02:00:00,Slovakia,Slovakia,SK,311.16,355.73,65.09,14.08,entsoe.eu,false,
2022-03-30 03:00:00,Slovakia,Slovakia,SK,344.88,389.36,62.0,14.55,entsoe.eu,false,
2022-03-30 04:00:00,Slovakia,Slovakia,SK,276.28,317.17,68.8,18.93,entsoe.eu,false,
2022-03-30 05:00:00,Slovakia,Slovakia,SK,274.81,314.55,68.97,19.65,entsoe.eu,false,
2022-03-30 06:00:00,Slovakia,Slovakia,SK,242.71,279.15,73.19,24.39,entsoe.eu,false,
2022-03-30 07:00:00,Slovakia,Slovakia,SK,239.37,275.82,72.57,23.01,entsoe.eu,false,
2022-03-30 08:00:00,Slovakia,Slovakia,SK,229.07,263.34,73.7,23.1,entsoe.eu,false,
2022-03-30 09:00:00,Slovakia,Slovakia,SK,220.74,254.55,74.42,23.65,entsoe.eu,false,
2022-03-30 10:00:00,Slovakia,Slovakia,SK,217.95,251.87,74.69,23.37,entsoe.eu,false,
2022-03-30 11:00:00,Slovakia,Slovakia,SK,214.86,248.44,74.98,23.32,entsoe.eu,false,
2022-03-30 12:00:00,Slovakia,Slovakia,SK,226.43,261.19,73.69,22.44,entsoe.eu,false,
2022-03-30 13:00:00,Slovakia,Slovakia,SK,229.99,265.56,73.37,22.28,entsoe.eu,false,
2022-03-30 14:00:00,Slovakia,Slovakia,SK,257.59,294.89,70.79,21.63,entsoe.eu,false,
2022-03-30 15:00:00,Slovakia,Slovakia,SK,253.32,290.64,71.28,22.3,entsoe.eu,false,
2022-03-30 16:00:00,Slovakia,Slovakia,SK,267.06,305.48,69.94,21.77,entsoe.eu,false,
2022-03-30 17:00:00,Slovakia,Slovakia,SK,272.38,310.41,69.44,21.49,entsoe.eu,false,
2022-03-30 18:00:00,Slovakia,Slovakia,SK,251.55,288.66,71.18,21.61,entsoe.eu,false,
2022-03-30 19:00:00,Slovakia,Slovakia,SK,243.79,280.9,72.02,20.91,entsoe.eu,false,
2022-03-30 20:00:00,Slovakia,Slovakia,SK,276.07,315.62,69.03,18.88,entsoe.eu,false,
2022-03-30 21:00:00,Slovakia,Slovakia,SK,323.99,365.3,64.93,17.16,entsoe.eu,false,
2022-03-30 22:00:00,Slovakia,Slovakia,SK,332.68,375.54,63.79,17.37,entsoe.eu,false,
2022-03-30 23:00:00,Slovakia,Slovakia,SK,320.56,364.19,64.69,17.58,entsoe.eu,false,
2022-03-31 00:00:00,Slovakia,Slovakia,SK,311.58,355.75,65.28,17.76,entsoe.eu,false,
2022-03-31 01:00:00,Slovakia,Slovakia,SK,310.18,354.45,65.51,17.7,entsoe.eu,false,
2022-03-31 02:00:00,Slovakia,Slovakia,SK,308.18,351.08,66.08,19.29,entsoe.eu,false,
2022-03-31 03:00:00,Slovakia,Slovakia,SK,339.41,382.04,63.29,19.73,entsoe.eu,false,
2022-03-31 04:00:00,Slovakia,Slovakia,SK,316.88,357.28,65.62,22.78,entsoe.eu,false,
2022-03-31 05:00:00,Slovakia,Slovakia,SK,308.87,346.97,66.8,23.96,entsoe.eu,false,
2022-03-31 06:00:00,Slovakia,Slovakia,SK,319.73,358.54,65.89,23.95,entsoe.eu,false,
2022-03-31 07:00:00,Slovakia,Slovakia,SK,320.0,359.08,65.63,24.72,entsoe.eu,false,
2022-03-31 08:00:00,Slovakia,Slovakia,SK,326.4,365.69,64.75,24.0,entsoe.eu,false,
2022-03-31 09:00:00,Slovakia,Slovakia,SK,333.87,374.21,63.82,23.49,entsoe.eu,false,
2022-03-31 10:00:00,Slovakia,Slovakia,SK,343.46,384.65,63.0,23.47,entsoe.eu,false,
2022-03-31 11:00:00,Slovakia,Slovakia,SK,337.28,378.97,63.15,23.21,entsoe.eu,false,
2022-03-31 12:00:00,Slovakia,Slovakia,SK,328.68,369.35,64.07,24.42,entsoe.eu,false,
2022-03-31 13:00:00,Slovakia,Slovakia,SK,320.96,361.11,64.8,24.29,entsoe.eu,false,
2022-03-31 14:00:00,Slovakia,Slovakia,SK,325.65,365.58,64.36,23.32,entsoe.eu,false,
2022-03-31 15:00:00,Slovakia,Slovakia,SK,327.35,367.35,64.07,22.13,entsoe.eu,false,
2022-03-31 16:00:00,Slovakia,Slovakia,SK,320.89,360.19,64.73,21.48,entsoe.eu,false,
2022-03-31 17:00:00,Slovakia,Slovakia,SK,304.11,340.79,67.2,23.11,entsoe.eu,false,
2022-03-31 18:00:00,Slovakia,Slovakia,SK,294.9,331.94,67.08,21.39,entsoe.eu,false,
2022-03-31 19:00:00,Slovakia,Slovakia,SK,314.14,352.41,65.49,21.21,entsoe.eu,false,
2022-03-31 20:00:00,Slovakia,Slovakia,SK,319.67,358.97,64.91,20.99,entsoe.eu,false,
2022-03-31 21:00:00,Slovakia,Slovakia,SK,303.0,341.73,66.28,20.4,entsoe.eu,false,
2022-03-31 22:00:00,Slovakia,Slovakia,SK,259.0,297.51,70.07,20.06,entsoe.eu,false,
2022-03-31 23:00:00,Slovakia,Slovakia,SK,257.39,295.73,70.16,20.05,entsoe.eu,false,
2022-04-01 00:00:00,Slovakia,Slovakia,SK,232.89,270.94,72.18,20.3,entsoe.eu,false,
2022-04-01 01:00:00,Slovakia,Slovakia,SK,228.04,265.9,72.54,20.28,entsoe.eu,false,
2022-04-01 02:00:00,Slovakia,Slovakia,SK,242.92,282.71,71.17,20.46,entsoe.eu,false,
2022-04-01 03:00:00,Slovakia,Slovakia,SK,303.12,344.46,66.1,19.77,entsoe.eu,false,
2022-04-01 04:00:00,Slovakia,Slovakia,SK,275.13,313.46,68.67,21.32,entsoe.eu,false,
2022-04-01 05:00:00,Slovakia,Slovakia,SK,282.5,320.3,68.33,21.69,entsoe.eu,false,
2022-04-01 06:00:00,Slovakia,Slovakia,SK,282.91,319.09,69.28,23.41,entsoe.eu,false,
2022-04-01 07:00:00,Slovakia,Slovakia,SK,283.36,318.96,70.05,25.87,entsoe.eu,false,
2022-04-01 08:00:00,Slovakia,Slovakia,SK,285.13,322.6,68.58,23.46,entsoe.eu,false,
2022-04-01 09:00:00,Slovakia,Slovakia,SK,291.26,328.86,68.13,23.81,entsoe.eu,false,
2022-04-01 10:00:00,Slovakia,Slovakia,SK,277.33,315.08,68.91,24.22,entsoe.eu,false,
2022-04-01 11:00:00,Slovakia,Slovakia,SK,270.48,308.26,69.4,23.99,entsoe.eu,false,
2022-04-01 12:00:00,Slovakia,Slovakia,SK,272.68,310.39,69.24,23.64,entsoe.eu,false,
2022-04-01 13:00:00,Slovakia,Slovakia,SK,275.16,313.48,68.87,23.19,entsoe.eu,false,
2022-04-01 14:00:00,Slovakia,Slovakia,SK,277.09,315.46,68.82,23.59,entsoe.eu,false,
2022-04-01 15:00:00,Slovakia,Slovakia,SK,281.82,320.2,68.58,23.3,entsoe.eu,false,
2022-04-01 16:00:00,Slovakia,Slovakia,SK,288.11,325.93,68.13,23.36,entsoe.eu,false,
2022-04-01 17:00:00,Slovakia,Slovakia,SK,288.8,326.16,68.5,23.84,entsoe.eu,false,
2022-04-01 18:00:00,Slovakia,Slovakia,SK,279.17,317.25,68.49,22.28,entsoe.eu,false,
2022-04-01 19:00:00,Slovakia,Slovakia,SK,267.01,304.88,69.37,21.41,entsoe.eu,false,
2022-04-01 20:00:00,Slovakia,Slovakia,SK,279.3,318.08,68.29,21.08,entsoe.eu,false,
2022-04-01 21:00:00,Slovakia,Slovakia,SK,265.2,303.39,69.48,20.87,entsoe.eu,false,
2022-04-01 22:00:00,Slovakia,Slovakia,SK,257.04,295.93,70.21,19.92,entsoe.eu,false,
2022-04-01 23:00:00,Slovakia,Slovakia,SK,237.82,276.75,71.96,19.99,entsoe.eu,false,
2022-04-02 00:00:00,Slovakia,Slovakia,SK,213.33,251.86,73.91,20.11,entsoe.eu,false,
2022-04-02 01:00:00,Slovakia,Slovakia,SK,209.93,248.78,74.3,20.31,entsoe.eu,false,
2022-04-02 02:00:00,Slovakia,Slovakia,SK,203.36,242.12,74.72,20.24,entsoe.eu,false,
2022-04-02 03:00:00,Slovakia,Slovakia,SK,216.21,255.22,73.73,20.15,entsoe.eu,false,
2022-04-02 04:00:00,Slovakia,Slovakia,SK,242.79,281.84,71.72,21.51,entsoe.eu,false,
2022-04-02 05:00:00,Slovakia,Slovakia,SK,220.22,258.14,73.74,21.9,entsoe.eu,false,
2022-04-02 06:00:00,Slovakia,Slovakia,SK,228.84,267.05,72.86,23.02,entsoe.eu,false,
2022-04-02 07:00:00,Slovakia,Slovakia,SK,252.56,291.61,71.25,24.19,entsoe.eu,false,
2022-04-02 08:00:00,Slovakia,Slovakia,SK,245.8,285.0,71.59,24.45,entsoe.eu,false,
2022-04-02 09:00:00,Slovakia,Slovakia,SK,258.51,298.24,69.94,24.46,entsoe.eu,false,
2022-04-02 10:00:00,Slovakia,Slovakia,SK,256.64,295.26,70.37,24.81,entsoe.eu,false,
2022-04-02 11:00:00,Slovakia,Slovakia,SK,259.29,297.95,70.2,24.28,entsoe.eu,false,
2022-04-02 12:00:00,Slovakia,Slovakia,SK,250.23,288.66,70.88,23.6,entsoe.eu,false,
2022-04-02 13:00:00,Slovakia,Slovakia,SK,239.35,277.54,71.54,22.96,entsoe.eu,false,
2022-04-02 14:00:00,Slovakia,Slovakia,SK,261.91,300.44,69.84,23.61,entsoe.eu,false,
2022-04-02 15:00:00,Slovakia,Slovakia,SK,254.18,292.63,70.71,23.97,entsoe.eu,false,
2022-04-02 16:00:00,Slovakia,Slovakia,SK,260.36,298.16,70.99,24.69,entsoe.eu,false,
2022-04-02 17:00:00,Slovakia,Slovakia,SK,283.65,321.34,70.4,26.28,entsoe.eu,false,
2022-04-02 18:00:00,Slovakia,Slovakia,SK,291.22,330.04,69.38,25.07,entsoe.eu,false,
2022-04-02 19:00:00,Slovakia,Slovakia,SK,278.63,317.4,70.0,24.37,entsoe.eu,false,
2022-04-02 20:00:00,Slovakia,Slovakia,SK,252.26,291.19,70.78,21.38,entsoe.eu,false,
2022-04-02 21:00:00,Slovakia,Slovakia,SK,197.43,235.75,75.22,21.22,entsoe.eu,false,
2022-04-02 22:00:00,Slovakia,Slovakia,SK,170.75,207.58,77.26,21.12,entsoe.eu,false,
2022-04-02 23:00:00,Slovakia,Slovakia,SK,167.47,204.1,77.72,23.55,entsoe.eu,false,
2022-04-03 00:00:00,Slovakia,Slovakia,SK,168.65,204.87,78.09,24.06,entsoe.eu,false,
2022-04-03 01:00:00,Slovakia,Slovakia,SK,166.54,202.51,78.33,23.93,entsoe.eu,false,
2022-04-03 02:00:00,Slovakia,Slovakia,SK,168.91,206.49,76.84,21.41,entsoe.eu,false,
2022-04-03 03:00:00,Slovakia,Slovakia,SK,173.13,210.97,76.59,21.35,entsoe.eu,false,
2022-04-03 04:00:00,Slovakia,Slovakia,SK,166.77,203.98,77.0,21.68,entsoe.eu,false,
2022-04-03 05:00:00,Slovakia,Slovakia,SK,163.27,199.85,77.47,22.59,entsoe.eu,false,
2022-04-03 06:00:00,Slovakia,Slovakia,SK,211.24,250.38,73.9,22.62,entsoe.eu,false,
2022-04-03 07:00:00,Slovakia,Slovakia,SK,247.86,288.23,70.96,23.93,entsoe.eu,false,
2022-04-03 08:00:00,Slovakia,Slovakia,SK,259.55,300.23,70.11,24.46,entsoe.eu,false,
2022-04-03 09:00:00,Slovakia,Slovakia,SK,269.94,310.79,69.43,25.53,entsoe.eu,false,
2022-04-03 10:00:00,Slovakia,Slovakia,SK,264.27,305.69,69.92,25.51,entsoe.eu,false,
2022-04-03 11:00:00,Slovakia,Slovakia,SK,262.14,303.63,70.06,25.36,entsoe.eu,false,
2022-04-03 12:00:00,Slovakia,Slovakia,SK,268.06,310.09,69.46,25.22,entsoe.eu,false,
2022-04-03 13:00:00,Slovakia,Slovakia,SK,267.55,308.96,69.51,24.05,entsoe.eu,false,
2022-04-03 14:00:00,Slovakia,Slovakia,SK,281.58,322.77,68.0,21.54,entsoe.eu,false,
2022-04-03 15:00:00,Slovakia,Slovakia,SK,298.54,339.0,67.61,22.61,entsoe.eu,false,
2022-04-03 16:00:00,Slovakia,Slovakia,SK,301.97,342.15,67.58,22.08,entsoe.eu,false,
2022-04-03 17:00:00,Slovakia,Slovakia,SK,337.05,376.73,66.6,24.83,entsoe.eu,false,
2022-04-03 18:00:00,Slovakia,Slovakia,SK,347.7,387.64,66.13,25.37,entsoe.eu,false,
2022-04-03 19:00:00,Slovakia,Slovakia,SK,335.61,376.19,64.83,20.98,entsoe.eu,false,
2022-04-03 20:00:00,Slovakia,Slovakia,SK,326.06,366.25,64.9,20.7,entsoe.eu,false,
2022-04-03 21:00:00,Slovakia,Slovakia,SK,325.51,366.06,64.74,20.07,entsoe.eu,false,
2022-04-03 22:00:00,Slovakia,Slovakia,SK,319.42,360.91,64.41,18.25,entsoe.eu,false,
2022-04-03 23:00:00,Slovakia,Slovakia,SK,316.57,358.84,64.69,18.36,entsoe.eu,false,
2022-04-04 00:00:00,Slovakia,Slovakia,SK,318.72,361.32,64.56,18.4,entsoe.eu,false,
2022-04-04 01:00:00,Slovakia,Slovakia,SK,326.74,369.78,63.96,19.15,entsoe.eu,false,
2022-04-04 02:00:00,Slovakia,Slovakia,SK,344.52,388.07,62.31,19.78,entsoe.eu,false,
2022-04-04 03:00:00,Slovakia,Slovakia,SK,365.69,409.53,60.55,20.96,entsoe.eu,false,
2022-04-04 04:00:00,Slovakia,Slovakia,SK,376.19,419.31,60.12,23.43,entsoe.eu,false,
2022-04-04 05:00:00,Slovakia,Slovakia,SK,354.55,395.89,62.93,25.55,entsoe.eu,false,
2022-04-04 06:00:00,Slovakia,Slovakia,SK,324.55,364.07,65.55,27.01,entsoe.eu,false,
2022-04-04 07:00:00,Slovakia,Slovakia,SK,319.3,358.69,66.03,29.14,entsoe.eu,false,
2022-04-04 08:00:00,Slovakia,Slovakia,SK,298.74,337.17,67.73,30.06,entsoe.eu,false,
2022-04-04 09:00:00,Slovakia,Slovakia,SK,290.67,328.89,68.42,30.5,entsoe.eu,false,
2022-04-04 10:00:00,Slovakia,Slovakia,SK,301.15,339.17,67.78,30.25,entsoe.eu,false,
2022-04-04 11:00:00,Slovakia,Slovakia,SK,302.07,340.56,67.51,29.78,entsoe.eu,false,
2022-04-04 12:00:00,Slovakia,Slovakia,SK,301.43,340.13,67.34,28.75,entsoe.eu,false,
2022-04-04 13:00:00,Slovakia,Slovakia,SK,293.79,331.88,68.01,28.13,entsoe.eu,false,
2022-04-04 14:00:00,Slovakia,Slovakia,SK,306.88,345.18,66.94,26.82,entsoe.eu,false,
2022-04-04 15:00:00,Slovakia,Slovakia,SK,322.29,360.51,65.69,26.04,entsoe.eu,false,
2022-04-04 16:00:00,Slovakia,Slovakia,SK,332.44,371.44,64.73,24.65,entsoe.eu,false,
2022-04-04 17:00:00,Slovakia,Slovakia,SK,334.05,372.7,64.89,25.29,entsoe.eu,false,
2022-04-04 18:00:00,Slovakia,Slovakia,SK,337.03,376.09,64.66,24.67,entsoe.eu,false,
2022-04-04 19:00:00,Slovakia,Slovakia,SK,309.56,348.55,66.01,23.78,entsoe.eu,false,
2022-04-04 20:00:00,Slovakia,Slovakia,SK,309.79,348.35,65.69,21.82,entsoe.eu,false,
2022-04-04 21:00:00,Slovakia,Slovakia,SK,304.86,343.71,65.93,21.56,entsoe.eu,false,
2022-04-04 22:00:00,Slovakia,Slovakia,SK,297.29,336.93,66.5,20.94,entsoe.eu,false,
2022-04-04 23:00:00,Slovakia,Slovakia,SK,305.98,345.76,65.71,20.1,entsoe.eu,false,
2022-04-05 00:00:00,Slovakia,Slovakia,SK,295.96,335.91,66.52,20.04,entsoe.eu,false,
2022-04-05 01:00:00,Slovakia,Slovakia,SK,289.95,329.41,66.97,19.55,entsoe.eu,false,
2022-04-05 02:00:00,Slovakia,Slovakia,SK,309.26,350.13,65.15,19.64,entsoe.eu,false,
2022-04-05 03:00:00,Slovakia,Slovakia,SK,329.13,370.22,63.56,19.59,entsoe.eu,false,
2022-04-05 04:00:00,Slovakia,Slovakia,SK,324.56,364.69,64.31,21.33,entsoe.eu,false,
2022-04-05 05:00:00,Slovakia,Slovakia,SK,336.83,376.28,64.66,24.42,entsoe.eu,false,
2022-04-05 06:00:00,Slovakia,Slovakia,SK,325.35,363.59,66.66,26.67,entsoe.eu,false,
2022-04-05 07:00:00,Slovakia,Slovakia,SK,307.12,344.88,68.57,27.08,entsoe.eu,false,
2022-04-05 08:00:00,Slovakia,Slovakia,SK,292.72,331.96,67.78,22.55,entsoe.eu,false,
2022-04-05 09:00:00,Slovakia,Slovakia,SK,284.26,323.35,68.26,23.04,entsoe.eu,false,
2022-04-05 10:00:00,Slovakia,Slovakia,SK,271.3,309.79,69.67,23.13,entsoe.eu,false,
2022-04-05 11:00:00,Slovakia,Slovakia,SK,257.31,294.81,70.83,22.68,entsoe.eu,false,
2022-04-05 12:00:00,Slovakia,Slovakia,SK,263.85,301.46,70.12,22.06,entsoe.eu,false,
2022-04-05 13:00:00,Slovakia,Slovakia,SK,269.08,307.12,69.61,21.49,entsoe.eu,false,
2022-04-05 14:00:00,Slovakia,Slovakia,SK,291.06,329.73,67.71,20.74,entsoe.eu,false,
2022-04-05 15:00:00,Slovakia,Slovakia,SK,295.75,333.35,68.87,23.93,entsoe.eu,false,
2022-04-05 16:00:00,Slovakia,Slovakia,SK,320.91,359.42,66.84,22.93,entsoe.eu,false,
2022-04-05 17:00:00,Slovakia,Slovakia,SK,355.74,395.21,64.51,23.59,entsoe.eu,false,
2022-04-05 18:00:00,Slovakia,Slovakia,SK,363.93,404.27,63.45,22.33,entsoe.eu,false,
2022-04-05 19:00:00,Slovakia,Slovakia,SK,353.5,394.62,62.5,18.33,entsoe.eu,false,
2022-04-05 20:00:00,Slovakia,Slovakia,SK,365.09,407.27,60.92,16.82,entsoe.eu,false,
2022-04-05 21:00:00,Slovakia,Slovakia,SK,355.8,396.63,61.64,16.81,entsoe.eu,false,
2022-04-05 22:00:00,Slovakia,Slovakia,SK,381.33,424.69,59.25,15.61,entsoe.eu,false,
2022-04-05 23:00:00,Slovakia,Slovakia,SK,380.9,424.14,59.14,14.32,entsoe.eu,false,
2022-04-06 00:00:00,Slovakia,Slovakia,SK,375.3,418.76,59.52,13.94,entsoe.eu,false,
2022-04-06 01:00:00,Slovakia,Slovakia,SK,372.97,416.64,59.72,13.9,entsoe.eu,false,
2022-04-06 02:00:00,Slovakia,Slovakia,SK,385.18,429.65,58.8,14.73,entsoe.eu,false,
2022-04-06 03:00:00,Slovakia,Slovakia,SK,398.07,442.88,57.7,14.83,entsoe.eu,false,
2022-04-06 04:00:00,Slovakia,Slovakia,SK,376.02,418.6,60.02,17.16,entsoe.eu,false,
2022-04-06 05:00:00,Slovakia,Slovakia,SK,351.6,389.75,64.71,23.54,entsoe.eu,false,
2022-04-06 06:00:00,Slovakia,Slovakia,SK,346.22,384.96,64.81,23.35,entsoe.eu,false,
2022-04-06 07:00:00,Slovakia,Slovakia,SK,318.94,357.07,66.56,22.79,entsoe.eu,false,
2022-04-06 08:00:00,Slovakia,Slovakia,SK,310.79,349.98,66.79,23.42,entsoe.eu,false,
2022-04-06 09:00:00,Slovakia,Slovakia,SK,300.74,340.73,67.29,23.65,entsoe.eu,false,
2022-04-06 10:00:00,Slovakia,Slovakia,SK,297.74,337.11,67.78,24.62,entsoe.eu,false,
2022-04-06 11:00:00,Slovakia,Slovakia,SK,288.34,327.15,68.43,24.67,entsoe.eu,false,
2022-04-06 12:00:00,Slovakia,Slovakia,SK,291.29,330.6,68.01,24.52,entsoe.eu,false,
2022-04-06 13:00:00,Slovakia,Slovakia,SK,292.18,331.39,67.93,24.61,entsoe.eu,false,
2022-04-06 14:00:00,Slovakia,Slovakia,SK,297.25,336.21,67.43,23.78,entsoe.eu,false,
2022-04-06 15:00:00,Slovakia,Slovakia,SK,313.0,351.88,66.21,22.79,entsoe.eu,false,
2022-04-06 16:00:00,Slovakia,Slovakia,SK,330.07,369.31,65.13,22.15,entsoe.eu,false,
2022-04-06 17:00:00,Slovakia,Slovakia,SK,343.52,382.71,64.79,22.91,entsoe.eu,false,
2022-04-06 18:00:00,Slovakia,Slovakia,SK,330.36,367.99,65.89,23.06,entsoe.eu,false,
2022-04-06 19:00:00,Slovakia,Slovakia,SK,325.06,364.05,65.15,20.86,entsoe.eu,false,
2022-04-06 20:00:00,Slovakia,Slovakia,SK,320.87,359.58,65.19,20.16,entsoe.eu,false,
2022-04-06 21:00:00,Slovakia,Slovakia,SK,303.3,341.79,66.41,20.59,entsoe.eu,false,
2022-04-06 22:00:00,Slovakia,Slovakia,SK,286.29,324.43,68.07,20.88,entsoe.eu,false,
2022-04-06 23:00:00,Slovakia,Slovakia,SK,282.64,320.97,68.37,20.55,entsoe.eu,false,
2022-04-07 00:00:00,Slovakia,Slovakia,SK,283.65,322.3,68.3,20.0,entsoe.eu,false,
2022-04-07 01:00:00,Slovakia,Slovakia,SK,287.71,326.63,67.88,20.03,entsoe.eu,false,
2022-04-07 02:00:00,Slovakia,Slovakia,SK,289.23,328.29,67.65,20.17,entsoe.eu,false,
2022-04-07 03:00:00,Slovakia,Slovakia,SK,294.33,332.98,67.19,20.39,entsoe.eu,false,
2022-04-07 04:00:00,Slovakia,Slovakia,SK,307.41,345.55,66.9,23.67,entsoe.eu,false,
2022-04-07 05:00:00,Slovakia,Slovakia,SK,294.98,331.84,69.03,26.92,entsoe.eu,false,
2022-04-07 06:00:00,Slovakia,Slovakia,SK,286.13,323.16,69.4,27.8,entsoe.eu,false,
2022-04-07 07:00:00,Slovakia,Slovakia,SK,276.91,314.45,69.51,27.99,entsoe.eu,false,
2022-04-07 08:00:00,Slovakia,Slovakia,SK,263.08,300.17,70.75,29.07,entsoe.eu,false,
2022-04-07 09:00:00,Slovakia,Slovakia,SK,245.33,281.89,72.47,29.56,entsoe.eu,false,
2022-04-07 10:00:00,Slovakia,Slovakia,SK,238.62,275.18,72.96,29.66,entsoe.eu,false,
2022-04-07 11:00:00,Slovakia,Slovakia,SK,232.86,268.93,73.47,30.25,entsoe.eu,false,
2022-04-07 12:00:00,Slovakia,Slovakia,SK,239.51,276.19,72.87,30.66,entsoe.eu,false,
2022-04-07 13:00:00,Slovakia,Slovakia,SK,244.89,281.31,72.38,29.45,entsoe.eu,false,
2022-04-07 14:00:00,Slovakia,Slovakia,SK,257.84,294.38,71.26,28.27,entsoe.eu,false,
2022-04-07 15:00:00,Slovakia,Slovakia,SK,272.63,309.4,70.38,27.6,entsoe.eu,false,
2022-04-07 16:00:00,Slovakia,Slovakia,SK,279.1,314.56,70.46,27.43,entsoe.eu,false,
2022-04-07 17:00:00,Slovakia,Slovakia,SK,295.6,330.7,70.21,28.96,entsoe.eu,false,
2022-04-07 18:00:00,Slovakia,Slovakia,SK,299.61,336.56,68.85,26.89,entsoe.eu,false,
2022-04-07 19:00:00,Slovakia,Slovakia,SK,297.97,335.44,67.95,24.33,entsoe.eu,false,
2022-04-07 20:00:00,Slovakia,Slovakia,SK,286.96,324.07,68.56,23.92,entsoe.eu,false,
2022-04-07 21:00:00,Slovakia,Slovakia,SK,271.44,307.48,69.54,22.84,entsoe.eu,false,
2022-04-07 22:00:00,Slovakia,Slovakia,SK,271.94,308.5,69.39,23.63,entsoe.eu,false,
2022-04-07 23:00:00,Slovakia,Slovakia,SK,268.13,304.77,69.76,24.51,entsoe.eu,false,
2022-04-08 00:00:00,Slovakia,Slovakia,SK,264.26,300.7,70.17,23.83,entsoe.eu,false,
2022-04-08 01:00:00,Slovakia,Slovakia,SK,261.67,298.23,70.32,23.56,entsoe.eu,false,
2022-04-08 02:00:00,Slovakia,Slovakia,SK,268.78,305.64,69.68,23.71,entsoe.eu,false,
2022-04-08 03:00:00,Slovakia,Slovakia,SK,278.79,316.26,68.84,24.08,entsoe.eu,false,
2022-04-08 04:00:00,Slovakia,Slovakia,SK,299.23,337.59,67.27,25.09,entsoe.eu,false,
2022-04-08 05:00:00,Slovakia,Slovakia,SK,300.0,337.58,67.74,25.91,entsoe.eu,false,
2022-04-08 06:00:00,Slovakia,Slovakia,SK,276.16,312.84,69.61,27.09,entsoe.eu,false,
2022-04-08 07:00:00,Slovakia,Slovakia,SK,255.76,291.84,71.33,28.03,entsoe.eu,false,
2022-04-08 08:00:00,Slovakia,Slovakia,SK,252.94,289.42,71.66,28.98,entsoe.eu,false,
2022-04-08 09:00:00,Slovakia,Slovakia,SK,242.51,278.51,72.64,29.21,entsoe.eu,false,
2022-04-08 10:00:00,Slovakia,Slovakia,SK,240.38,275.58,73.14,30.08,entsoe.eu,false,
2022-04-08 11:00:00,Slovakia,Slovakia,SK,234.69,269.64,73.5,29.63,entsoe.eu,false,
2022-04-08 12:00:00,Slovakia,Slovakia,SK,215.07,249.25,74.94,28.31,entsoe.eu,false,
2022-04-08 13:00:00,Slovakia,Slovakia,SK,217.41,252.36,74.56,26.96,entsoe.eu,false,
2022-04-08 14:00:00,Slovakia,Slovakia,SK,244.89,281.05,72.12,26.11,entsoe.eu,false,
2022-04-08 15:00:00,Slovakia,Slovakia,SK,254.25,290.59,71.5,26.43,entsoe.eu,false,
2022-04-08 16:00:00,Slovakia,Slovakia,SK,274.84,309.55,72.31,30.22,entsoe.eu,false,
2022-04-08 17:00:00,Slovakia,Slovakia,SK,287.31,322.25,71.2,30.53,entsoe.eu,false,
2022-04-08 18:00:00,Slovakia,Slovakia,SK,290.17,325.37,70.85,28.63,entsoe.eu,false,
2022-04-08 19:00:00,Slovakia,Slovakia,SK,287.33,324.85,69.08,24.16,entsoe.eu,false,
2022-04-08 20:00:00,Slovakia,Slovakia,SK,315.0,354.89,65.66,19.83,entsoe.eu,false,
2022-04-08 21:00:00,Slovakia,Slovakia,SK,324.79,365.1,64.57,19.32,entsoe.eu,false,
2022-04-08 22:00:00,Slovakia,Slovakia,SK,336.0,377.91,63.44,20.44,entsoe.eu,false,
2022-04-08 23:00:00,Slovakia,Slovakia,SK,320.39,362.43,64.71,20.64,entsoe.eu,false,
2022-04-09 00:00:00,Slovakia,Slovakia,SK,318.32,360.91,64.86,21.09,entsoe.eu,false,
2022-04-09 01:00:00,Slovakia,Slovakia,SK,283.08,323.56,67.69,22.33,entsoe.eu,false,
2022-04-09 02:00:00,Slovakia,Slovakia,SK,275.25,315.26,68.33,23.02,entsoe.eu,false,
2022-04-09 03:00:00,Slovakia,Slovakia,SK,276.58,316.8,68.22,23.45,entsoe.eu,false,
2022-04-09 04:00:00,Slovakia,Slovakia,SK,277.98,318.21,68.18,25.16,entsoe.eu,false,
2022-04-09 05:00:00,Slovakia,Slovakia,SK,275.69,315.56,68.37,26.32,entsoe.eu,false,
2022-04-09 06:00:00,Slovakia,Slovakia,SK,273.96,313.47,68.71,28.06,entsoe.eu,false,
2022-04-09 07:00:00,Slovakia,Slovakia,SK,268.27,307.51,69.43,29.87,entsoe.eu,false,
2022-04-09 08:00:00,Slovakia,Slovakia,SK,244.45,282.35,71.46,31.24,entsoe.eu,false,
2022-04-09 09:00:00,Slovakia,Slovakia,SK,237.31,274.1,72.77,33.4,entsoe.eu,false,
2022-04-09 10:00:00,Slovakia,Slovakia,SK,233.36,270.98,72.34,32.41,entsoe.eu,false,
2022-04-09 11:00:00,Slovakia,Slovakia,SK,234.22,271.86,72.43,31.91,entsoe.eu,false,
2022-04-09 12:00:00,Slovakia,Slovakia,SK,229.24,266.94,72.97,32.22,entsoe.eu,false,
2022-04-09 13:00:00,Slovakia,Slovakia,SK,235.41,273.19,72.43,31.62,entsoe.eu,false,
2022-04-09 14:00:00,Slovakia,Slovakia,SK,237.87,275.83,72.08,30.7,entsoe.eu,false,
2022-04-09 15:00:00,Slovakia,Slovakia,SK,252.52,291.3,70.81,30.7,entsoe.eu,false,
2022-04-09 16:00:00,Slovakia,Slovakia,SK,276.79,315.29,69.34,29.59,entsoe.eu,false,
2022-04-09 17:00:00,Slovakia,Slovakia,SK,289.4,327.22,69.09,29.91,entsoe.eu,false,
2022-04-09 18:00:00,Slovakia,Slovakia,SK,298.41,337.17,68.59,30.61,entsoe.eu,false,
2022-04-09 19:00:00,Slovakia,Slovakia,SK,286.53,324.55,69.41,31.06,entsoe.eu,false,
2022-04-09 20:00:00,Slovakia,Slovakia,SK,279.67,318.5,69.07,30.72,entsoe.eu,false,
2022-04-09 21:00:00,Slovakia,Slovakia,SK,276.37,315.86,68.63,28.06,entsoe.eu,false,
2022-04-09 22:00:00,Slovakia,Slovakia,SK,252.57,291.18,70.39,26.42,entsoe.eu,false,
2022-04-09 23:00:00,Slovakia,Slovakia,SK,253.3,291.91,70.34,26.23,entsoe.eu,false,
2022-04-10 00:00:00,Slovakia,Slovakia,SK,244.5,282.75,71.1,26.62,entsoe.eu,false,
2022-04-10 01:00:00,Slovakia,Slovakia,SK,243.08,281.51,71.12,26.42,entsoe.eu,false,
2022-04-10 02:00:00,Slovakia,Slovakia,SK,240.55,279.19,71.23,26.42,entsoe.eu,false,
2022-04-10 03:00:00,Slovakia,Slovakia,SK,237.3,275.84,71.51,26.36,entsoe.eu,false,
2022-04-10 04:00:00,Slovakia,Slovakia,SK,240.15,279.2,71.29,27.13,entsoe.eu,false,
2022-04-10 05:00:00,Slovakia,Slovakia,SK,230.93,269.51,72.02,28.15,entsoe.eu,false,
2022-04-10 06:00:00,Slovakia,Slovakia,SK,227.31,265.88,72.77,30.95,entsoe.eu,false,
2022-04-10 07:00:00,Slovakia,Slovakia,SK,218.37,256.27,74.11,33.59,entsoe.eu,false,
2022-04-10 08:00:00,Slovakia,Slovakia,SK,202.08,239.2,75.61,34.84,entsoe.eu,false,
2022-04-10 09:00:00,Slovakia,Slovakia,SK,214.43,252.07,74.36,34.2,entsoe.eu,false,
2022-04-10 10:00:00,Slovakia,Slovakia,SK,215.61,253.59,74.32,34.27,entsoe.eu,false,
2022-04-10 11:00:00,Slovakia,Slovakia,SK,190.69,228.03,76.26,33.88,entsoe.eu,false,
2022-04-10 12:00:00,Slovakia,Slovakia,SK,175.71,211.61,77.48,33.22,entsoe.eu,false,
2022-04-10 13:00:00,Slovakia,Slovakia,SK,181.2,216.37,76.88,32.28,entsoe.eu,false,
2022-04-10 14:00:00,Slovakia,Slovakia,SK,213.93,251.9,74.04,31.93,entsoe.eu,false,
2022-04-10 15:00:00,Slovakia,Slovakia,SK,242.3,280.86,71.3,29.56,entsoe.eu,false,
2022-04-10 16:00:00,Slovakia,Slovakia,SK,260.98,301.04,69.73,28.12,entsoe.eu,false,
2022-04-10 17:00:00,Slovakia,Slovakia,SK,290.17,331.77,67.54,27.18,entsoe.eu,false,
2022-04-10 18:00:00,Slovakia,Slovakia,SK,292.1,332.2,69.27,31.17,entsoe.eu,false,
2022-04-10 19:00:00,Slovakia,Slovakia,SK,266.87,307.05,70.38,30.4,entsoe.eu,false,
2022-04-10 20:00:00,Slovakia,Slovakia,SK,271.9,313.06,68.83,27.47,entsoe.eu,false,
2022-04-10 21:00:00,Slovakia,Slovakia,SK,291.94,334.44,66.78,24.96,entsoe.eu,false,
2022-04-10 22:00:00,Slovakia,Slovakia,SK,289.36,331.97,66.61,23.65,entsoe.eu,false,
2022-04-10 23:00:00,Slovakia,Slovakia,SK,289.42,332.63,66.66,23.63,entsoe.eu,false,
2022-04-11 00:00:00,Slovakia,Slovakia,SK,288.03,331.07,66.72,23.27,entsoe.eu,false,
2022-04-11 01:00:00,Slovakia,Slovakia,SK,292.14,335.44,66.38,23.34,entsoe.eu,false,
2022-04-11 02:00:00,Slovakia,Slovakia,SK,300.21,343.99,65.41,22.58,entsoe.eu,false,
2022-04-11 03:00:00,Slovakia,Slovakia,SK,329.67,374.49,63.0,22.04,entsoe.eu,false,
2022-04-11 04:00:00,Slovakia,Slovakia,SK,323.6,366.88,63.77,22.86,entsoe.eu,false,
2022-04-11 05:00:00,Slovakia,Slovakia,SK,308.41,347.3,68.19,30.74,entsoe.eu,false,
2022-04-11 06:00:00,Slovakia,Slovakia,SK,275.76,313.35,70.83,31.89,entsoe.eu,false,
2022-04-11 07:00:00,Slovakia,Slovakia,SK,267.4,306.62,69.49,29.69,entsoe.eu,false,
2022-04-11 08:00:00,Slovakia,Slovakia,SK,261.96,301.16,70.1,30.47,entsoe.eu,false,
2022-04-11 09:00:00,Slovakia,Slovakia,SK,276.72,316.79,68.79,30.19,entsoe.eu,false,
2022-04-11 10:00:00,Slovakia,Slovakia,SK,283.45,323.93,68.38,30.48,entsoe.eu,false,
2022-04-11 11:00:00,Slovakia,Slovakia,SK,297.63,338.8,67.02,29.28,entsoe.eu,false,
2022-04-11 12:00:00,Slovakia,Slovakia,SK,294.87,336.06,67.17,29.29,entsoe.eu,false,
2022-04-11 13:00:00,Slovakia,Slovakia,SK,303.64,345.72,66.32,28.36,entsoe.eu,false,
2022-04-11 14:00:00,Slovakia,Slovakia,SK,321.64,364.28,64.63,26.43,entsoe.eu,false,
2022-04-11 15:00:00,Slovakia,Slovakia,SK,328.57,371.17,63.85,24.27,entsoe.eu,false,
2022-04-11 16:00:00,Slovakia,Slovakia,SK,338.56,379.6,64.21,25.42,entsoe.eu,false,
2022-04-11 17:00:00,Slovakia,Slovakia,SK,352.29,392.36,64.58,27.74,entsoe.eu,false,
2022-04-11 18:00:00,Slovakia,Slovakia,SK,337.05,375.66,66.0,28.74,entsoe.eu,false,
2022-04-11 19:00:00,Slovakia,Slovakia,SK,357.99,400.3,62.17,22.57,entsoe.eu,false,
2022-04-11 20:00:00,Slovakia,Slovakia,SK,384.63,429.04,59.09,18.4,entsoe.eu,false,
2022-04-11 21:00:00,Slovakia,Slovakia,SK,394.69,440.72,57.54,17.01,entsoe.eu,false,
2022-04-11 22:00:00,Slovakia,Slovakia,SK,406.53,453.7,56.35,15.36,entsoe.eu,false,
2022-04-11 23:00:00,Slovakia,Slovakia,SK,409.57,457.2,56.03,15.07,entsoe.eu,false,
2022-04-12 00:00:00,Slovakia,Slovakia,SK,406.77,454.61,56.24,15.4,entsoe.eu,false,
2022-04-12 01:00:00,Slovakia,Slovakia,SK,402.17,449.87,56.56,15.47,entsoe.eu,false,
2022-04-12 02:00:00,Slovakia,Slovakia,SK,411.73,459.96,55.47,15.18,entsoe.eu,false,
2022-04-12 03:00:00,Slovakia,Slovakia,SK,418.01,466.89,54.89,15.6,entsoe.eu,false,
2022-04-12 04:00:00,Slovakia,Slovakia,SK,383.71,429.4,58.71,19.97,entsoe.eu,false,
2022-04-12 05:00:00,Slovakia,Slovakia,SK,362.75,405.35,62.47,26.2,entsoe.eu,false,
2022-04-12 06:00:00,Slovakia,Slovakia,SK,324.85,365.86,65.32,27.78,entsoe.eu,false,
2022-04-12 07:00:00,Slovakia,Slovakia,SK,292.14,332.8,67.51,28.26,entsoe.eu,false,
2022-04-12 08:00:00,Slovakia,Slovakia,SK,262.37,301.75,70.03,28.68,entsoe.eu,false,
2022-04-12 09:00:00,Slovakia,Slovakia,SK,246.06,283.64,71.52,29.53,entsoe.eu,false,
2022-04-12 10:00:00,Slovakia,Slovakia,SK,253.02,291.22,71.08,30.5,entsoe.eu,false,
2022-04-12 11:00:00,Slovakia,Slovakia,SK,261.95,300.79,70.42,30.84,entsoe.eu,false,
2022-04-12 12:00:00,Slovakia,Slovakia,SK,259.91,299.06,70.53,30.51,entsoe.eu,false,
2022-04-12 13:00:00,Slovakia,Slovakia,SK,270.64,310.02,69.53,29.37,entsoe.eu,false,
2022-04-12 14:00:00,Slovakia,Slovakia,SK,305.23,345.73,66.24,26.51,entsoe.eu,false,
2022-04-12 15:00:00,Slovakia,Slovakia,SK,337.49,379.22,63.26,23.62,entsoe.eu,false,
2022-04-12 16:00:00,Slovakia,Slovakia,SK,365.01,406.96,61.68,23.8,entsoe.eu,false,
2022-04-12 17:00:00,Slovakia,Slovakia,SK,381.29,421.93,62.24,27.7,entsoe.eu,false,
2022-04-12 18:00:00,Slovakia,Slovakia,SK,383.98,424.72,62.03,28.04,entsoe.eu,false,
2022-04-12 19:00:00,Slovakia,Slovakia,SK,379.44,421.37,60.41,22.66,entsoe.eu,false,
2022-04-12 20:00:00,Slovakia,Slovakia,SK,366.57,408.04,60.79,21.19,entsoe.eu,false,
2022-04-12 21:00:00,Slovakia,Slovakia,SK,381.67,424.58,58.86,19.01,entsoe.eu,false,
2022-04-12 22:00:00,Slovakia,Slovakia,SK,390.89,435.28,58.21,18.76,entsoe.eu,false,
2022-04-12 23:00:00,Slovakia,Slovakia,SK,372.6,416.28,59.75,18.68,entsoe.eu,false,
2022-04-13 00:00:00,Slovakia,Slovakia,SK,351.44,394.66,61.56,18.95,entsoe.eu,false,
2022-04-13 01:00:00,Slovakia,Slovakia,SK,356.67,400.04,61.0,18.64,entsoe.eu,false,
2022-04-13 02:00:00,Slovakia,Slovakia,SK,354.89,397.89,61.11,18.83,entsoe.eu,false,
2022-04-13 03:00:00,Slovakia,Slovakia,SK,355.19,398.46,61.03,19.41,entsoe.eu,false,
2022-04-13 04:00:00,Slovakia,Slovakia,SK,342.31,383.41,62.8,22.44,entsoe.eu,false,
2022-04-13 05:00:00,Slovakia,Slovakia,SK,324.55,362.68,66.25,27.8,entsoe.eu,false,
2022-04-13 06:00:00,Slovakia,Slovakia,SK,283.96,320.81,70.84,31.5,entsoe.eu,false,
2022-04-13 07:00:00,Slovakia,Slovakia,SK,268.46,307.54,69.96,28.58,entsoe.eu,false,
2022-04-13 08:00:00,Slovakia,Slovakia,SK,253.08,291.61,70.92,28.47,entsoe.eu,false,
2022-04-13 09:00:00,Slovakia,Slovakia,SK,237.13,273.93,72.29,29.3,entsoe.eu,false,
2022-04-13 10:00:00,Slovakia,Slovakia,SK,236.66,273.6,72.31,29.27,entsoe.eu,false,
2022-04-13 11:00:00,Slovakia,Slovakia,SK,233.8,270.27,72.49,29.02,entsoe.eu,false,
2022-04-13 12:00:00,Slovakia,Slovakia,SK,245.06,282.86,71.4,28.19,entsoe.eu,false,
2022-04-13 13:00:00,Slovakia,Slovakia,SK,240.16,277.86,71.7,27.95,entsoe.eu,false,
2022-04-13 14:00:00,Slovakia,Slovakia,SK,261.17,300.87,69.74,26.07,entsoe.eu,false,
2022-04-13 15:00:00,Slovakia,Slovakia,SK,267.24,307.14,69.06,24.2,entsoe.eu,false,
2022-04-13 16:00:00,Slovakia,Slovakia,SK,283.64,323.88,68.46,25.75,entsoe.eu,false,
2022-04-13 17:00:00,Slovakia,Slovakia,SK,304.07,341.02,69.94,31.05,entsoe.eu,false,
2022-04-13 18:00:00,Slovakia,Slovakia,SK,303.28,339.45,69.78,31.12,entsoe.eu,false,
2022-04-13 19:00:00,Slovakia,Slovakia,SK,287.55,326.98,67.44,24.08,entsoe.eu,false,
2022-04-13 20:00:00,Slovakia,Slovakia,SK,284.29,323.45,67.38,22.18,entsoe.eu,false,
2022-04-13 21:00:00,Slovakia,Slovakia,SK,294.12,334.05,66.27,20.69,entsoe.eu,false,
2022-04-13 22:00:00,Slovakia,Slovakia,SK,310.67,350.99,64.68,17.38,entsoe.eu,false,
2022-04-13 23:00:00,Slovakia,Slovakia,SK,317.35,358.16,64.14,17.01,entsoe.eu,false,
2022-04-14 00:00:00,Slovakia,Slovakia,SK,318.01,359.48,64.08,17.03,entsoe.eu,false,
2022-04-14 01:00:00,Slovakia,Slovakia,SK,325.04,367.27,63.44,17.12,entsoe.eu,false,
2022-04-14 02:00:00,Slovakia,Slovakia,SK,327.78,370.59,63.02,17.03,entsoe.eu,false,
2022-04-14 03:00:00,Slovakia,Slovakia,SK,343.55,386.46,61.85,17.45,entsoe.eu,false,
2022-04-14 04:00:00,Slovakia,Slovakia,SK,335.82,379.13,62.62,18.8,entsoe.eu,false,
2022-04-14 05:00:00,Slovakia,Slovakia,SK,322.62,364.48,64.4,22.66,entsoe.eu,false,
2022-04-14 06:00:00,Slovakia,Slovakia,SK,268.54,307.06,70.86,29.14,entsoe.eu,false,
2022-04-14 07:00:00,Slovakia,Slovakia,SK,255.98,295.1,70.34,26.63,entsoe.eu,false,
2022-04-14 08:00:00,Slovakia,Slovakia,SK,262.64,302.26,69.7,26.27,entsoe.eu,false,
2022-04-14 09:00:00,Slovakia,Slovakia,SK,281.61,322.25,68.33,26.74,entsoe.eu,false,
2022-04-14 10:00:00,Slovakia,Slovakia,SK,273.74,312.87,69.1,27.29,entsoe.eu,false,
2022-04-14 11:00:00,Slovakia,Slovakia,SK,263.9,301.99,69.86,27.31,entsoe.eu,false,
2022-04-14 12:00:00,Slovakia,Slovakia,SK,269.43,308.45,69.24,25.91,entsoe.eu,false,
2022-04-14 13:00:00,Slovakia,Slovakia,SK,271.48,311.86,69.1,26.46,entsoe.eu,false,
2022-04-14 14:00:00,Slovakia,Slovakia,SK,307.22,348.03,65.85,24.0,entsoe.eu,false,
2022-04-14 15:00:00,Slovakia,Slovakia,SK,338.32,380.19,63.08,22.04,entsoe.eu,false,
2022-04-14 16:00:00,Slovakia,Slovakia,SK,368.79,410.65,61.12,21.94,entsoe.eu,false,
2022-04-14 17:00:00,Slovakia,Slovakia,SK,366.54,405.13,63.45,26.91,entsoe.eu,false,
2022-04-14 18:00:00,Slovakia,Slovakia,SK,343.83,380.48,65.54,28.12,entsoe.eu,false,
2022-04-14 19:00:00,Slovakia,Slovakia,SK,367.06,408.01,61.48,22.23,entsoe.eu,false,
2022-04-14 20:00:00,Slovakia,Slovakia,SK,372.08,414.2,59.88,19.6,entsoe.eu,false,
2022-04-14 21:00:00,Slovakia,Slovakia,SK,408.77,453.98,56.49,16.54,entsoe.eu,false,
2022-04-14 22:00:00,Slovakia,Slovakia,SK,391.05,436.34,57.94,16.56,entsoe.eu,false,
2022-04-14 23:00:00,Slovakia,Slovakia,SK,382.61,427.6,58.73,16.45,entsoe.eu,false,
2022-04-15 00:00:00,Slovakia,Slovakia,SK,367.95,412.34,59.97,16.73,entsoe.eu,false,
2022-04-15 01:00:00,Slovakia,Slovakia,SK,364.73,408.71,60.21,16.37,entsoe.eu,false,
2022-04-15 02:00:00,Slovakia,Slovakia,SK,374.07,418.49,59.36,16.07,entsoe.eu,false,
2022-04-15 03:00:00,Slovakia,Slovakia,SK,386.27,431.51,58.44,16.42,entsoe.eu,false,
2022-04-15 04:00:00,Slovakia,Slovakia,SK,348.66,391.29,61.84,19.01,entsoe.eu,false,
2022-04-15 05:00:00,Slovakia,Slovakia,SK,326.18,367.01,64.32,21.66,entsoe.eu,false,
2022-04-15 06:00:00,Slovakia,Slovakia,SK,309.83,350.46,65.78,23.42,entsoe.eu,false,
2022-04-15 07:00:00,Slovakia,Slovakia,SK,281.21,320.53,68.06,24.4,entsoe.eu,false,
2022-04-15 08:00:00,Slovakia,Slovakia,SK,280.27,319.9,67.71,23.08,entsoe.eu,false,
2022-04-15 09:00:00,Slovakia,Slovakia,SK,285.32,324.36,67.41,23.11,entsoe.eu,false,
2022-04-15 10:00:00,Slovakia,Slovakia,SK,289.74,328.67,67.31,23.9,entsoe.eu,false,
2022-04-15 11:00:00,Slovakia,Slovakia,SK,288.84,327.83,67.14,23.86,entsoe.eu,false,
2022-04-15 12:00:00,Slovakia,Slovakia,SK,294.5,333.44,67.1,24.08,entsoe.eu,false,
2022-04-15 13:00:00,Slovakia,Slovakia,SK,310.85,351.45,65.9,24.16,entsoe.eu,false,
2022-04-15 14:00:00,Slovakia,Slovakia,SK,328.17,369.22,64.5,24.25,entsoe.eu,false,
2022-04-15 15:00:00,Slovakia,Slovakia,SK,324.75,365.27,64.67,23.89,entsoe.eu,false,
2022-04-15 16:00:00,Slovakia,Slovakia,SK,312.05,351.64,66.12,26.14,entsoe.eu,false,
2022-04-15 17:00:00,Slovakia,Slovakia,SK,326.14,365.94,65.59,26.96,entsoe.eu,false,
2022-04-15 18:00:00,Slovakia,Slovakia,SK,326.0,365.56,65.75,27.29,entsoe.eu,false,
2022-04-15 19:00:00,Slovakia,Slovakia,SK,301.84,342.33,66.77,26.4,entsoe.eu,false,
2022-04-15 20:00:00,Slovakia,Slovakia,SK,298.54,338.8,66.76,25.29,entsoe.eu,false,
2022-04-15 21:00:00,Slovakia,Slovakia,SK,298.09,338.88,66.51,23.06,entsoe.eu,false,
2022-04-15 22:00:00,Slovakia,Slovakia,SK,301.95,342.71,66.04,23.37,entsoe.eu,false,
2022-04-15 23:00:00,Slovakia,Slovakia,SK,296.99,338.34,66.47,23.63,entsoe.eu,false,
2022-04-16 00:00:00,Slovakia,Slovakia,SK,294.79,336.59,66.65,23.21,entsoe.eu,false,
2022-04-16 01:00:00,Slovakia,Slovakia,SK,303.05,345.33,65.9,22.71,entsoe.eu,false,
2022-04-16 02:00:00,Slovakia,Slovakia,SK,311.6,354.57,65.2,23.08,entsoe.eu,false,
2022-04-16 03:00:00,Slovakia,Slovakia,SK,325.91,369.15,63.91,22.65,entsoe.eu,false,
2022-04-16 04:00:00,Slovakia,Slovakia,SK,331.92,375.17,63.41,23.2,entsoe.eu,false,
2022-04-16 05:00:00,Slovakia,Slovakia,SK,335.21,378.36,63.37,25.58,entsoe.eu,false,
2022-04-16 06:00:00,Slovakia,Slovakia,SK,327.52,370.23,64.38,27.84,entsoe.eu,false,
2022-04-16 07:00:00,Slovakia,Slovakia,SK,323.42,365.59,64.93,28.82,entsoe.eu,false,
2022-04-16 08:00:00,Slovakia,Slovakia,SK,332.78,375.37,64.23,28.79,entsoe.eu,false,
2022-04-16 09:00:00,Slovakia,Slovakia,SK,334.18,377.47,64.19,30.03,entsoe.eu,false,
2022-04-16 10:00:00,Slovakia,Slovakia,SK,304.02,346.57,66.56,31.06,entsoe.eu,false,
2022-04-16 11:00:00,Slovakia,Slovakia,SK,290.36,332.3,67.64,30.88,entsoe.eu,false,
2022-04-16 12:00:00,Slovakia,Slovakia,SK,285.68,327.16,68.05,30.91,entsoe.eu,false,
2022-04-16 13:00:00,Slovakia,Slovakia,SK,286.46,328.19,67.6,30.04,entsoe.eu,false,
2022-04-16 14:00:00,Slovakia,Slovakia,SK,302.94,345.3,66.13,28.3,entsoe.eu,false,
2022-04-16 15:00:00,Slovakia,Slovakia,SK,362.23,406.05,61.03,24.76,entsoe.eu,false,
2022-04-16 16:00:00,Slovakia,Slovakia,SK,344.24,386.45,63.8,27.21,entsoe.eu,false,
2022-04-16 17:00:00,Slovakia,Slovakia,SK,349.01,390.46,64.29,27.33,entsoe.eu,false,
2022-04-16 18:00:00,Slovakia,Slovakia,SK,333.11,373.25,65.53,27.82,entsoe.eu,false,
2022-04-16 19:00:00,Slovakia,Slovakia,SK,336.12,378.11,64.44,25.65,entsoe.eu,false,
2022-04-16 20:00:00,Slovakia,Slovakia,SK,326.05,368.98,64.74,24.82,entsoe.eu,false,
2022-04-16 21:00:00,Slovakia,Slovakia,SK,311.1,353.82,65.48,23.37,entsoe.eu,false,
2022-04-16 22:00:00,Slovakia,Slovakia,SK,295.53,338.02,66.51,21.82,entsoe.eu,false,
2022-04-16 23:00:00,Slovakia,Slovakia,SK,294.59,337.32,66.59,21.71,entsoe.eu,false,
2022-04-17 00:00:00,Slovakia,Slovakia,SK,282.07,324.99,67.46,21.61,entsoe.eu,false,
2022-04-17 01:00:00,Slovakia,Slovakia,SK,253.09,295.09,69.82,21.55,entsoe.eu,false,
2022-04-17 02:00:00,Slovakia,Slovakia,SK,262.3,305.3,68.83,21.42,entsoe.eu,false,
2022-04-17 03:00:00,Slovakia,Slovakia,SK,263.91,306.58,68.66,21.29,entsoe.eu,false,
2022-04-17 04:00:00,Slovakia,Slovakia,SK,266.25,309.25,68.69,22.74,entsoe.eu,false,
2022-04-17 05:00:00,Slovakia,Slovakia,SK,278.61,322.16,68.14,25.57,entsoe.eu,false,
2022-04-17 06:00:00,Slovakia,Slovakia,SK,274.57,318.01,68.68,27.8,entsoe.eu,false,
2022-04-17 07:00:00,Slovakia,Slovakia,SK,279.36,322.9,68.48,28.9,entsoe.eu,false,
2022-04-17 08:00:00,Slovakia,Slovakia,SK,229.34,269.07,72.9,29.51,entsoe.eu,false,
2022-04-17 09:00:00,Slovakia,Slovakia,SK,211.7,249.91,74.44,29.25,entsoe.eu,false,
2022-04-17 10:00:00,Slovakia,Slovakia,SK,216.46,255.15,74.28,29.87,entsoe.eu,false,
2022-04-17 11:00:00,Slovakia,Slovakia,SK,196.82,232.95,75.93,29.56,entsoe.eu,false,
2022-04-17 12:00:00,Slovakia,Slovakia,SK,212.85,249.11,74.51,29.88,entsoe.eu,false,
2022-04-17 13:00:00,Slovakia,Slovakia,SK,223.35,259.83,73.45,28.65,entsoe.eu,false,
2022-04-17 14:00:00,Slovakia,Slovakia,SK,225.62,264.11,72.82,27.53,entsoe.eu,false,
2022-04-17 15:00:00,Slovakia,Slovakia,SK,235.04,273.99,71.84,25.13,entsoe.eu,false,
2022-04-17 16:00:00,Slovakia,Slovakia,SK,290.0,331.26,67.87,24.91,entsoe.eu,false,
2022-04-17 17:00:00,Slovakia,Slovakia,SK,312.89,353.04,67.79,28.56,entsoe.eu,false,
2022-04-17 18:00:00,Slovakia,Slovakia,SK,318.41,357.67,68.31,31.74,entsoe.eu,false,
2022-04-17 19:00:00,Slovakia,Slovakia,SK,322.41,362.69,66.51,27.93,entsoe.eu,false,
2022-04-17 20:00:00,Slovakia,Slovakia,SK,332.82,374.78,64.57,24.28,entsoe.eu,false,
2022-04-17 21:00:00,Slovakia,Slovakia,SK,336.4,378.71,63.77,21.89,entsoe.eu,false,
2022-04-17 22:00:00,Slovakia,Slovakia,SK,351.04,396.16,61.47,19.18,entsoe.eu,false,
2022-04-17 23:00:00,Slovakia,Slovakia,SK,308.81,351.82,64.95,19.58,entsoe.eu,false,
2022-04-18 00:00:00,Slovakia,Slovakia,SK,302.01,345.06,65.46,19.48,entsoe.eu,false,
2022-04-18 01:00:00,Slovakia,Slovakia,SK,301.6,344.5,65.41,19.52,entsoe.eu,false,
2022-04-18 02:00:00,Slovakia,Slovakia,SK,323.88,368.32,63.4,19.05,entsoe.eu,false,
2022-04-18 03:00:00,Slovakia,Slovakia,SK,360.45,407.33,60.23,18.72,entsoe.eu,false,
2022-04-18 04:00:00,Slovakia,Slovakia,SK,368.52,415.51,59.85,19.67,entsoe.eu,false,
2022-04-18 05:00:00,Slovakia,Slovakia,SK,378.08,423.97,60.53,24.28,entsoe.eu,false,
2022-04-18 06:00:00,Slovakia,Slovakia,SK,374.74,421.55,60.45,24.36,entsoe.eu,false,
2022-04-18 07:00:00,Slovakia,Slovakia,SK,345.74,391.98,63.0,26.99,entsoe.eu,false,
2022-04-18 08:00:00,Slovakia,Slovakia,SK,316.62,361.2,65.57,28.69,entsoe.eu,false,
2022-04-18 09:00:00,Slovakia,Slovakia,SK,300.61,345.02,66.9,30.18,entsoe.eu,false,
2022-04-18 10:00:00,Slovakia,Slovakia,SK,293.51,337.41,67.6,30.44,entsoe.eu,false,
2022-04-18 11:00:00,Slovakia,Slovakia,SK,277.77,320.23,68.86,30.49,entsoe.eu,false,
2022-04-18 12:00:00,Slovakia,Slovakia,SK,280.13,322.4,68.6,29.74,entsoe.eu,false,
2022-04-18 13:00:00,Slovakia,Slovakia,SK,286.61,329.38,67.76,28.53,entsoe.eu,false,
2022-04-18 14:00:00,Slovakia,Slovakia,SK,310.43,353.35,65.34,25.7,entsoe.eu,false,
2022-04-18 15:00:00,Slovakia,Slovakia,SK,369.55,414.96,60.45,23.52,entsoe.eu,false,
2022-04-18 16:00:00,Slovakia,Slovakia,SK,391.79,437.34,59.45,24.32,entsoe.eu,false,
2022-04-18 17:00:00,Slovakia,Slovakia,SK,382.59,425.11,61.99,27.77,entsoe.eu,false,
2022-04-18 18:00:00,Slovakia,Slovakia,SK,385.0,427.02,61.93,28.24,entsoe.eu,false,
2022-04-18 19:00:00,Slovakia,Slovakia,SK,391.87,434.71,61.19,27.16,entsoe.eu,false,
2022-04-18 20:00:00,Slovakia,Slovakia,SK,415.72,461.57,56.97,21.34,entsoe.eu,false,
2022-04-18 21:00:00,Slovakia,Slovakia,SK,421.33,467.6,56.04,19.09,entsoe.eu,false,
2022-04-18 22:00:00,Slovakia,Slovakia,SK,432.21,479.79,54.55,15.25,entsoe.eu,false,
2022-04-18 23:00:00,Slovakia,Slovakia,SK,430.23,478.3,54.59,15.08,entsoe.eu,false,
2022-04-19 00:00:00,Slovakia,Slovakia,SK,419.67,467.77,55.35,15.43,entsoe.eu,false,
2022-04-19 01:00:00,Slovakia,Slovakia,SK,417.56,466.32,55.43,15.47,entsoe.eu,false,
2022-04-19 02:00:00,Slovakia,Slovakia,SK,431.36,480.63,54.14,15.46,entsoe.eu,false,
2022-04-19 03:00:00,Slovakia,Slovakia,SK,451.17,500.9,52.55,16.01,entsoe.eu,false,
2022-04-19 04:00:00,Slovakia,Slovakia,SK,436.26,484.69,54.49,20.32,entsoe.eu,false,
2022-04-19 05:00:00,Slovakia,Slovakia,SK,404.44,450.24,58.15,24.77,entsoe.eu,false,
2022-04-19 06:00:00,Slovakia,Slovakia,SK,386.45,430.92,60.5,27.99,entsoe.eu,false,
2022-04-19 07:00:00,Slovakia,Slovakia,SK,368.41,413.46,60.85,26.99,entsoe.eu,false,
2022-04-19 08:00:00,Slovakia,Slovakia,SK,366.6,412.45,60.63,26.78,entsoe.eu,false,
2022-04-19 09:00:00,Slovakia,Slovakia,SK,366.56,412.32,60.66,26.83,entsoe.eu,false,
2022-04-19 10:00:00,Slovakia,Slovakia,SK,368.57,414.62,60.51,26.43,entsoe.eu,false,
2022-04-19 11:00:00,Slovakia,Slovakia,SK,366.23,412.36,60.62,26.56,entsoe.eu,false,
2022-04-19 12:00:00,Slovakia,Slovakia,SK,372.71,419.03,60.03,25.78,entsoe.eu,false,
2022-04-19 13:00:00,Slovakia,Slovakia,SK,375.68,422.32,59.71,25.75,entsoe.eu,false,
2022-04-19 14:00:00,Slovakia,Slovakia,SK,392.97,439.84,58.08,24.61,entsoe.eu,false,
2022-04-19 15:00:00,Slovakia,Slovakia,SK,407.66,453.77,57.25,24.09,entsoe.eu,false,
2022-04-19 16:00:00,Slovakia,Slovakia,SK,415.7,461.63,56.68,23.26,entsoe.eu,false,
2022-04-19 17:00:00,Slovakia,Slovakia,SK,413.17,457.12,58.52,25.95,entsoe.eu,false,
2022-04-19 18:00:00,Slovakia,Slovakia,SK,406.86,450.34,59.12,25.93,entsoe.eu,false,
2022-04-19 19:00:00,Slovakia,Slovakia,SK,414.41,459.35,57.48,23.16,entsoe.eu,false,
2022-04-19 20:00:00,Slovakia,Slovakia,SK,423.76,470.87,54.91,18.44,entsoe.eu,false,
2022-04-19 21:00:00,Slovakia,Slovakia,SK,460.42,509.46,51.5,14.96,entsoe.eu,false,
2022-04-19 22:00:00,Slovakia,Slovakia,SK,483.95,534.95,49.32,12.41,entsoe.eu,false,
2022-04-19 23:00:00,Slovakia,Slovakia,SK,466.49,516.36,50.88,12.79,entsoe.eu,false,
2022-04-20 00:00:00,Slovakia,Slovakia,SK,461.93,510.77,51.44,12.95,entsoe.eu,false,
2022-04-20 01:00:00,Slovakia,Slovakia,SK,447.97,495.83,52.66,13.07,entsoe.eu,false,
2022-04-20 02:00:00,Slovakia,Slovakia,SK,468.26,516.84,50.91,13.26,entsoe.eu,false,
2022-04-20 03:00:00,Slovakia,Slovakia,SK,477.43,527.18,50.11,14.08,entsoe.eu,false,
2022-04-20 04:00:00,Slovakia,Slovakia,SK,440.73,487.88,53.61,19.04,entsoe.eu,false,
2022-04-20 05:00:00,Slovakia,Slovakia,SK,417.48,462.1,57.2,23.56,entsoe.eu,false,
2022-04-20 06:00:00,Slovakia,Slovakia,SK,383.85,427.0,59.64,24.11,entsoe.eu,false,
2022-04-20 07:00:00,Slovakia,Slovakia,SK,351.49,393.34,62.28,25.45,entsoe.eu,false,
2022-04-20 08:00:00,Slovakia,Slovakia,SK,352.17,394.07,62.27,25.47,entsoe.eu,false,
2022-04-20 09:00:00,Slovakia,Slovakia,SK,365.88,408.55,61.16,25.4,entsoe.eu,false,
2022-04-20 10:00:00,Slovakia,Slovakia,SK,357.45,399.06,61.89,25.11,entsoe.eu,false,
2022-04-20 11:00:00,Slovakia,Slovakia,SK,369.5,412.3,60.39,24.04,entsoe.eu,false,
2022-04-20 12:00:00,Slovakia,Slovakia,SK,369.73,412.34,60.5,23.82,entsoe.eu,false,
2022-04-20 13:00:00,Slovakia,Slovakia,SK,371.51,414.08,60.28,22.9,entsoe.eu,false,
2022-04-20 14:00:00,Slovakia,Slovakia,SK,384.72,427.9,59.05,22.6,entsoe.eu,false,
2022-04-20 15:00:00,Slovakia,Slovakia,SK,390.77,433.92,58.36,21.72,entsoe.eu,false,
2022-04-20 16:00:00,Slovakia,Slovakia,SK,402.72,446.37,57.7,22.1,entsoe.eu,false,
2022-04-20 17:00:00,Slovakia,Slovakia,SK,405.81,448.52,59.3,25.24,entsoe.eu,false,
2022-04-20 18:00:00,Slovakia,Slovakia,SK,401.26,442.8,61.04,27.97,entsoe.eu,false,
2022-04-20 19:00:00,Slovakia,Slovakia,SK,419.66,464.65,56.8,21.56,entsoe.eu,false,
2022-04-20 20:00:00,Slovakia,Slovakia,SK,428.35,475.0,54.7,18.15,entsoe.eu,false,
2022-04-20 21:00:00,Slovakia,Slovakia,SK,438.96,485.78,53.81,16.86,entsoe.eu,false,
2022-04-20 22:00:00,Slovakia,Slovakia,SK,465.67,515.08,51.48,14.95,entsoe.eu,false,
2022-04-20 23:00:00,Slovakia,Slovakia,SK,459.68,509.45,51.88,14.29,entsoe.eu,false,
2022-04-21 00:00:00,Slovakia,Slovakia,SK,470.06,520.7,51.01,13.81,entsoe.eu,false,
2022-04-21 01:00:00,Slovakia,Slovakia,SK,462.89,514.09,51.3,14.41,entsoe.eu,false,
2022-04-21 02:00:00,Slovakia,Slovakia,SK,466.98,518.4,50.92,14.5,entsoe.eu,false,
2022-04-21 03:00:00,Slovakia,Slovakia,SK,466.54,517.43,51.03,15.15,entsoe.eu,false,
2022-04-21 04:00:00,Slovakia,Slovakia,SK,436.46,484.79,54.09,18.97,entsoe.eu,false,
2022-04-21 05:00:00,Slovakia,Slovakia,SK,410.44,455.73,57.92,23.38,entsoe.eu,false,
2022-04-21 06:00:00,Slovakia,Slovakia,SK,390.54,435.07,59.75,24.58,entsoe.eu,false,
2022-04-21 07:00:00,Slovakia,Slovakia,SK,362.16,406.41,61.25,24.44,entsoe.eu,false,
2022-04-21 08:00:00,Slovakia,Slovakia,SK,349.52,393.22,62.58,25.52,entsoe.eu,false,
2022-04-21 09:00:00,Slovakia,Slovakia,SK,342.73,385.56,63.47,26.92,entsoe.eu,false,
2022-04-21 10:00:00,Slovakia,Slovakia,SK,341.21,384.89,63.31,27.28,entsoe.eu,false,
2022-04-21 11:00:00,Slovakia,Slovakia,SK,346.08,389.36,62.82,25.52,entsoe.eu,false,
2022-04-21 12:00:00,Slovakia,Slovakia,SK,352.29,395.68,62.06,24.06,entsoe.eu,false,
2022-04-21 13:00:00,Slovakia,Slovakia,SK,355.1,398.67,61.68,23.12,entsoe.eu,false,
2022-04-21 14:00:00,Slovakia,Slovakia,SK,362.77,406.23,60.81,23.05,entsoe.eu,false,
2022-04-21 15:00:00,Slovakia,Slovakia,SK,379.84,423.91,59.49,23.02,entsoe.eu,false,
2022-04-21 16:00:00,Slovakia,Slovakia,SK,386.13,429.97,58.79,22.22,entsoe.eu,false,
2022-04-21 17:00:00,Slovakia,Slovakia,SK,395.11,436.9,60.5,26.2,entsoe.eu,false,
2022-04-21 18:00:00,Slovakia,Slovakia,SK,401.61,443.95,60.25,26.39,entsoe.eu,false,
2022-04-21 19:00:00,Slovakia,Slovakia,SK,405.52,450.9,56.84,20.36,entsoe.eu,false,
2022-04-21 20:00:00,Slovakia,Slovakia,SK,429.4,476.68,54.54,18.5,entsoe.eu,false,
2022-04-21 21:00:00,Slovakia,Slovakia,SK,433.2,480.63,54.14,16.8,entsoe.eu,false,
2022-04-21 22:00:00,Slovakia,Slovakia,SK,434.12,481.9,54.04,16.63,entsoe.eu,false,
2022-04-21 23:00:00,Slovakia,Slovakia,SK,430.89,478.76,54.42,16.79,entsoe.eu,false,
2022-04-22 00:00:00,Slovakia,Slovakia,SK,425.55,473.19,54.82,16.41,entsoe.eu,false,
2022-04-22 01:00:00,Slovakia,Slovakia,SK,420.98,468.67,55.29,16.8,entsoe.eu,false,
2022-04-22 02:00:00,Slovakia,Slovakia,SK,418.63,466.05,55.39,17.02,entsoe.eu,false,
2022-04-22 03:00:00,Slovakia,Slovakia,SK,418.13,465.42,55.54,17.83,entsoe.eu,false,
2022-04-22 04:00:00,Slovakia,Slovakia,SK,387.05,432.65,58.47,20.83,entsoe.eu,false,
2022-04-22 05:00:00,Slovakia,Slovakia,SK,386.07,430.91,59.05,23.0,entsoe.eu,false,
2022-04-22 06:00:00,Slovakia,Slovakia,SK,375.19,418.03,60.71,25.68,entsoe.eu,false,
2022-04-22 07:00:00,Slovakia,Slovakia,SK,374.97,418.24,60.6,25.96,entsoe.eu,false,
2022-04-22 08:00:00,Slovakia,Slovakia,SK,370.92,414.51,60.65,26.49,entsoe.eu,false,
2022-04-22 09:00:00,Slovakia,Slovakia,SK,361.49,405.08,61.38,25.87,entsoe.eu,false,
2022-04-22 10:00:00,Slovakia,Slovakia,SK,357.46,400.95,61.68,25.08,entsoe.eu,false,
2022-04-22 11:00:00,Slovakia,Slovakia,SK,365.45,409.66,60.72,23.53,entsoe.eu,false,
2022-04-22 12:00:00,Slovakia,Slovakia,SK,369.48,413.83,60.37,22.93,entsoe.eu,false,
2022-04-22 13:00:00,Slovakia,Slovakia,SK,373.59,418.08,60.0,22.58,entsoe.eu,false,
2022-04-22 14:00:00,Slovakia,Slovakia,SK,378.82,423.4,59.61,23.1,entsoe.eu,false,
2022-04-22 15:00:00,Slovakia,Slovakia,SK,369.82,412.9,60.7,24.86,entsoe.eu,false,
2022-04-22 16:00:00,Slovakia,Slovakia,SK,383.04,427.63,59.34,24.05,entsoe.eu,false,
2022-04-22 17:00:00,Slovakia,Slovakia,SK,392.03,436.65,59.06,24.54,entsoe.eu,false,
2022-04-22 18:00:00,Slovakia,Slovakia,SK,393.46,437.61,59.33,24.41,entsoe.eu,false,
2022-04-22 19:00:00,Slovakia,Slovakia,SK,404.99,450.16,57.95,22.42,entsoe.eu,false,
2022-04-22 20:00:00,Slovakia,Slovakia,SK,415.85,461.72,56.25,20.3,entsoe.eu,false,
2022-04-22 21:00:00,Slovakia,Slovakia,SK,428.43,475.53,55.13,19.68,entsoe.eu,false,
2022-04-22 22:00:00,Slovakia,Slovakia,SK,428.1,477.2,54.6,17.83,entsoe.eu,false,
2022-04-22 23:00:00,Slovakia,Slovakia,SK,393.93,441.66,57.42,18.26,entsoe.eu,false,
2022-04-23 00:00:00,Slovakia,Slovakia,SK,406.64,455.23,56.34,18.01,entsoe.eu,false,
2022-04-23 01:00:00,Slovakia,Slovakia,SK,422.67,472.31,55.0,17.51,entsoe.eu,false,
2022-04-23 02:00:00,Slovakia,Slovakia,SK,419.23,468.74,55.18,17.46,entsoe.eu,false,
2022-04-23 03:00:00,Slovakia,Slovakia,SK,412.83,461.81,55.78,17.75,entsoe.eu,false,
2022-04-23 04:00:00,Slovakia,Slovakia,SK,415.81,464.66,55.56,18.47,entsoe.eu,false,
2022-04-23 05:00:00,Slovakia,Slovakia,SK,400.69,448.82,57.13,20.13,entsoe.eu,false,
2022-04-23 06:00:00,Slovakia,Slovakia,SK,381.87,429.16,58.97,22.94,entsoe.eu,false,
2022-04-23 07:00:00,Slovakia,Slovakia,SK,365.4,412.21,60.68,26.44,entsoe.eu,false,
2022-04-23 08:00:00,Slovakia,Slovakia,SK,336.48,381.89,63.15,27.58,entsoe.eu,false,
2022-04-23 09:00:00,Slovakia,Slovakia,SK,313.0,357.25,65.41,28.91,entsoe.eu,false,
2022-04-23 10:00:00,Slovakia,Slovakia,SK,289.23,332.13,67.4,28.95,entsoe.eu,false,
2022-04-23 11:00:00,Slovakia,Slovakia,SK,284.78,327.2,67.95,28.88,entsoe.eu,false,
2022-04-23 12:00:00,Slovakia,Slovakia,SK,290.29,333.41,67.63,29.41,entsoe.eu,false,
2022-04-23 13:00:00,Slovakia,Slovakia,SK,305.96,349.54,66.08,28.22,entsoe.eu,false,
2022-04-23 14:00:00,Slovakia,Slovakia,SK,318.21,361.83,65.03,26.92,entsoe.eu,false,
2022-04-23 15:00:00,Slovakia,Slovakia,SK,348.38,393.26,62.23,24.62,entsoe.eu,false,
2022-04-23 16:00:00,Slovakia,Slovakia,SK,357.35,400.44,62.48,25.12,entsoe.eu,false,
2022-04-23 17:00:00,Slovakia,Slovakia,SK,368.72,411.1,62.81,26.87,entsoe.eu,false,
2022-04-23 18:00:00,Slovakia,Slovakia,SK,358.84,399.94,64.48,28.91,entsoe.eu,false,
2022-04-23 19:00:00,Slovakia,Slovakia,SK,339.45,381.31,64.54,26.6,entsoe.eu,false,
2022-04-23 20:00:00,Slovakia,Slovakia,SK,339.55,383.48,63.07,23.83,entsoe.eu,false,
2022-04-23 21:00:00,Slovakia,Slovakia,SK,350.53,395.58,61.5,22.17,entsoe.eu,false,
2022-04-23 22:00:00,Slovakia,Slovakia,SK,365.59,412.37,59.94,21.38,entsoe.eu,false,
2022-04-23 23:00:00,Slovakia,Slovakia,SK,354.53,401.17,60.84,21.28,entsoe.eu,false,
2022-04-24 00:00:00,Slovakia,Slovakia,SK,367.15,414.36,59.62,20.01,entsoe.eu,false,
2022-04-24 01:00:00,Slovakia,Slovakia,SK,361.68,408.86,60.02,19.84,entsoe.eu,false,
2022-04-24 02:00:00,Slovakia,Slovakia,SK,351.66,398.4,60.81,19.89,entsoe.eu,false,
2022-04-24 03:00:00,Slovakia,Slovakia,SK,349.04,395.76,60.95,18.98,entsoe.eu,false,
2022-04-24 04:00:00,Slovakia,Slovakia,SK,357.11,404.35,60.33,19.5,entsoe.eu,false,
2022-04-24 05:00:00,Slovakia,Slovakia,SK,346.24,392.84,61.48,20.92,entsoe.eu,false,
2022-04-24 06:00:00,Slovakia,Slovakia,SK,328.82,374.36,63.08,22.85,entsoe.eu,false,
2022-04-24 07:00:00,Slovakia,Slovakia,SK,325.14,370.69,63.71,24.61,entsoe.eu,false,
2022-04-24 08:00:00,Slovakia,Slovakia,SK,265.76,308.08,68.74,25.12,entsoe.eu,false,
2022-04-24 09:00:00,Slovakia,Slovakia,SK,265.93,309.65,68.71,25.92,entsoe.eu,false,
2022-04-24 10:00:00,Slovakia,Slovakia,SK,268.83,311.69,68.98,26.85,entsoe.eu,false,
2022-04-24 11:00:00,Slovakia,Slovakia,SK,241.97,283.11,71.2,25.93,entsoe.eu,false,
2022-04-24 12:00:00,Slovakia,Slovakia,SK,235.72,276.43,71.62,25.38,entsoe.eu,false,
2022-04-24 13:00:00,Slovakia,Slovakia,SK,259.36,302.03,69.47,26.07,entsoe.eu,false,
2022-04-24 14:00:00,Slovakia,Slovakia,SK,296.18,339.76,66.38,26.23,entsoe.eu,false,
2022-04-24 15:00:00,Slovakia,Slovakia,SK,336.74,381.19,63.13,26.7,entsoe.eu,false,
2022-04-24 16:00:00,Slovakia,Slovakia,SK,339.68,383.37,63.33,25.98,entsoe.eu,false,
2022-04-24 17:00:00,Slovakia,Slovakia,SK,350.01,392.8,62.88,25.4,entsoe.eu,false,
2022-04-24 18:00:00,Slovakia,Slovakia,SK,366.83,409.92,61.89,26.48,entsoe.eu,false,
2022-04-24 19:00:00,Slovakia,Slovakia,SK,363.54,406.81,61.83,25.88,entsoe.eu,false,
2022-04-24 20:00:00,Slovakia,Slovakia,SK,356.67,400.35,61.65,23.9,entsoe.eu,false,
2022-04-24 21:00:00,Slovakia,Slovakia,SK,362.09,406.72,60.73,22.05,entsoe.eu,false,
2022-04-24 22:00:00,Slovakia,Slovakia,SK,343.65,388.17,61.74,18.39,entsoe.eu,false,
2022-04-24 23:00:00,Slovakia,Slovakia,SK,325.43,369.76,63.51,18.23,entsoe.eu,false,
2022-04-25 00:00:00,Slovakia,Slovakia,SK,325.69,369.81,63.61,17.89,entsoe.eu,false,
2022-04-25 01:00:00,Slovakia,Slovakia,SK,315.63,359.64,64.39,17.82,entsoe.eu,false,
2022-04-25 02:00:00,Slovakia,Slovakia,SK,334.7,379.37,62.62,17.82,entsoe.eu,false,
2022-04-25 03:00:00,Slovakia,Slovakia,SK,359.31,404.98,60.55,17.35,entsoe.eu,false,
2022-04-25 04:00:00,Slovakia,Slovakia,SK,340.19,384.41,62.24,19.81,entsoe.eu,false,
2022-04-25 05:00:00,Slovakia,Slovakia,SK,323.62,364.05,66.49,26.62,entsoe.eu,false,
2022-04-25 06:00:00,Slovakia,Slovakia,SK,299.27,339.58,68.14,26.73,entsoe.eu,false,
2022-04-25 07:00:00,Slovakia,Slovakia,SK,254.15,293.13,70.41,24.95,entsoe.eu,false,
2022-04-25 08:00:00,Slovakia,Slovakia,SK,234.16,271.2,71.99,25.66,entsoe.eu,false,
2022-04-25 09:00:00,Slovakia,Slovakia,SK,234.39,271.66,72.03,25.8,entsoe.eu,false,
2022-04-25 10:00:00,Slovakia,Slovakia,SK,247.21,285.56,71.07,25.35,entsoe.eu,false,
2022-04-25 11:00:00,Slovakia,Slovakia,SK,237.38,275.03,71.68,24.86,entsoe.eu,false,
2022-04-25 12:00:00,Slovakia,Slovakia,SK,228.38,265.04,72.48,24.95,entsoe.eu,false,
2022-04-25 13:00:00,Slovakia,Slovakia,SK,238.06,275.71,71.6,24.31,entsoe.eu,false,
2022-04-25 14:00:00,Slovakia,Slovakia,SK,266.74,307.13,69.02,23.02,entsoe.eu,false,
2022-04-25 15:00:00,Slovakia,Slovakia,SK,299.53,342.46,66.24,22.86,entsoe.eu,false,
2022-04-25 16:00:00,Slovakia,Slovakia,SK,285.73,326.53,68.45,25.45,entsoe.eu,false,
2022-04-25 17:00:00,Slovakia,Slovakia,SK,308.49,347.41,68.56,29.13,entsoe.eu,false,
2022-04-25 18:00:00,Slovakia,Slovakia,SK,339.54,379.54,65.82,27.99,entsoe.eu,false,
2022-04-25 19:00:00,Slovakia,Slovakia,SK,357.66,400.86,62.22,23.08,entsoe.eu,false,
2022-04-25 20:00:00,Slovakia,Slovakia,SK,393.08,438.54,58.38,19.56,entsoe.eu,false,
2022-04-25 21:00:00,Slovakia,Slovakia,SK,392.08,439.15,57.58,17.16,entsoe.eu,false,
2022-04-25 22:00:00,Slovakia,Slovakia,SK,425.58,476.23,54.5,14.04,entsoe.eu,false,
2022-04-25 23:00:00,Slovakia,Slovakia,SK,423.12,473.8,54.61,13.38,entsoe.eu,false,
2022-04-26 00:00:00,Slovakia,Slovakia,SK,427.08,478.59,54.3,13.39,entsoe.eu,false,
2022-04-26 01:00:00,Slovakia,Slovakia,SK,434.96,486.84,53.7,13.35,entsoe.eu,false,
2022-04-26 02:00:00,Slovakia,Slovakia,SK,441.16,493.81,53.12,13.25,entsoe.eu,false,
2022-04-26 03:00:00,Slovakia,Slovakia,SK,446.6,499.13,52.64,13.83,entsoe.eu,false,
2022-04-26 04:00:00,Slovakia,Slovakia,SK,362.66,409.66,60.26,20.68,entsoe.eu,false,
2022-04-26 05:00:00,Slovakia,Slovakia,SK,334.82,380.0,63.42,24.08,entsoe.eu,false,
2022-04-26 06:00:00,Slovakia,Slovakia,SK,316.38,360.07,65.25,25.64,entsoe.eu,false,
2022-04-26 07:00:00,Slovakia,Slovakia,SK,331.34,376.46,63.7,26.32,entsoe.eu,false,
2022-04-26 08:00:00,Slovakia,Slovakia,SK,328.55,374.41,64.01,27.04,entsoe.eu,false,
2022-04-26 09:00:00,Slovakia,Slovakia,SK,331.99,378.17,63.77,27.41,entsoe.eu,false,
2022-04-26 10:00:00,Slovakia,Slovakia,SK,326.78,372.44,64.29,27.83,entsoe.eu,false,
2022-04-26 11:00:00,Slovakia,Slovakia,SK,317.59,362.66,64.98,27.45,entsoe.eu,false,
2022-04-26 12:00:00,Slovakia,Slovakia,SK,315.96,361.0,65.11,27.19,entsoe.eu,false,
2022-04-26 13:00:00,Slovakia,Slovakia,SK,343.35,389.17,62.67,25.31,entsoe.eu,false,
2022-04-26 14:00:00,Slovakia,Slovakia,SK,374.25,420.96,59.69,22.73,entsoe.eu,false,
2022-04-26 15:00:00,Slovakia,Slovakia,SK,390.99,438.13,57.88,20.71,entsoe.eu,false,
2022-04-26 16:00:00,Slovakia,Slovakia,SK,389.17,435.24,58.11,20.88,entsoe.eu,false,
2022-04-26 17:00:00,Slovakia,Slovakia,SK,394.09,438.87,58.96,23.34,entsoe.eu,false,
2022-04-26 18:00:00,Slovakia,Slovakia,SK,393.97,437.44,60.29,25.91,entsoe.eu,false,
2022-04-26 19:00:00,Slovakia,Slovakia,SK,395.59,441.06,57.89,20.63,entsoe.eu,false,
2022-04-26 20:00:00,Slovakia,Slovakia,SK,387.59,432.91,57.92,18.95,entsoe.eu,false,
2022-04-26 21:00:00,Slovakia,Slovakia,SK,415.51,462.56,55.55,16.49,entsoe.eu,false,
2022-04-26 22:00:00,Slovakia,Slovakia,SK,421.48,469.37,54.85,15.13,entsoe.eu,false,
2022-04-26 23:00:00,Slovakia,Slovakia,SK,395.93,443.67,56.83,15.39,entsoe.eu,false,
2022-04-27 00:00:00,Slovakia,Slovakia,SK,383.37,430.94,57.98,15.44,entsoe.eu,false,
2022-04-27 01:00:00,Slovakia,Slovakia,SK,384.88,431.83,58.08,15.39,entsoe.eu,false,
2022-04-27 02:00:00,Slovakia,Slovakia,SK,402.67,450.54,56.37,15.07,entsoe.eu,false,
2022-04-27 03:00:00,Slovakia,Slovakia,SK,411.48,459.21,55.7,15.23,entsoe.eu,false,
2022-04-27 04:00:00,Slovakia,Slovakia,SK,366.41,410.48,59.94,20.04,entsoe.eu,false,
2022-04-27 05:00:00,Slovakia,Slovakia,SK,363.83,406.06,61.33,23.44,entsoe.eu,false,
2022-04-27 06:00:00,Slovakia,Slovakia,SK,353.41,395.47,62.6,24.95,entsoe.eu,false,
2022-04-27 07:00:00,Slovakia,Slovakia,SK,347.76,390.73,62.76,25.53,entsoe.eu,false,
2022-04-27 08:00:00,Slovakia,Slovakia,SK,344.01,387.95,63.0,26.7,entsoe.eu,false,
2022-04-27 09:00:00,Slovakia,Slovakia,SK,349.32,393.59,62.38,26.82,entsoe.eu,false,
2022-04-27 10:00:00,Slovakia,Slovakia,SK,341.92,385.28,62.88,26.49,entsoe.eu,false,
2022-04-27 11:00:00,Slovakia,Slovakia,SK,349.48,394.13,62.03,25.99,entsoe.eu,false,
2022-04-27 12:00:00,Slovakia,Slovakia,SK,348.24,392.82,62.09,25.65,entsoe.eu,false,
2022-04-27 13:00:00,Slovakia,Slovakia,SK,352.5,397.37,61.7,25.65,entsoe.eu,false,
2022-04-27 14:00:00,Slovakia,Slovakia,SK,365.6,411.56,60.39,24.31,entsoe.eu,false,
2022-04-27 15:00:00,Slovakia,Slovakia,SK,376.7,422.32,59.17,22.47,entsoe.eu,false,
2022-04-27 16:00:00,Slovakia,Slovakia,SK,374.1,418.55,59.63,22.47,entsoe.eu,false,
2022-04-27 17:00:00,Slovakia,Slovakia,SK,369.93,412.56,61.49,25.37,entsoe.eu,false,
2022-04-27 18:00:00,Slovakia,Slovakia,SK,350.11,391.21,63.16,25.57,entsoe.eu,false,
2022-04-27 19:00:00,Slovakia,Slovakia,SK,340.06,382.45,62.51,22.54,entsoe.eu,false,
2022-04-27 20:00:00,Slovakia,Slovakia,SK,351.73,396.43,61.39,20.34,entsoe.eu,false,
2022-04-27 21:00:00,Slovakia,Slovakia,SK,357.1,402.16,60.89,19.07,entsoe.eu,false,
2022-04-27 22:00:00,Slovakia,Slovakia,SK,382.5,429.87,58.4,17.24,entsoe.eu,false,
2022-04-27 23:00:00,Slovakia,Slovakia,SK,350.29,397.21,61.1,17.4,entsoe.eu,false,
2022-04-28 00:00:00,Slovakia,Slovakia,SK,341.51,388.21,62.03,17.29,entsoe.eu,false,
2022-04-28 01:00:00,Slovakia,Slovakia,SK,320.65,366.45,63.75,17.97,entsoe.eu,false,
2022-04-28 02:00:00,Slovakia,Slovakia,SK,348.21,395.32,61.21,17.49,entsoe.eu,false,
2022-04-28 03:00:00,Slovakia,Slovakia,SK,364.54,412.08,59.99,18.02,entsoe.eu,false,
2022-04-28 04:00:00,Slovakia,Slovakia,SK,322.38,366.43,64.04,23.07,entsoe.eu,false,
2022-04-28 05:00:00,Slovakia,Slovakia,SK,291.13,332.58,66.8,24.57,entsoe.eu,false,
2022-04-28 06:00:00,Slovakia,Slovakia,SK,278.6,319.04,68.43,27.32,entsoe.eu,false,
2022-04-28 07:00:00,Slovakia,Slovakia,SK,307.3,350.08,66.04,28.42,entsoe.eu,false,
2022-04-28 08:00:00,Slovakia,Slovakia,SK,311.01,354.88,65.42,28.4,entsoe.eu,false,
2022-04-28 09:00:00,Slovakia,Slovakia,SK,294.8,337.8,66.95,29.33,entsoe.eu,false,
2022-04-28 10:00:00,Slovakia,Slovakia,SK,293.58,336.36,67.26,29.57,entsoe.eu,false,
2022-04-28 11:00:00,Slovakia,Slovakia,SK,292.22,334.98,67.19,28.5,entsoe.eu,false,
2022-04-28 12:00:00,Slovakia,Slovakia,SK,307.92,352.01,65.98,28.73,entsoe.eu,false,
2022-04-28 13:00:00,Slovakia,Slovakia,SK,327.1,372.57,64.07,27.24,entsoe.eu,false,
2022-04-28 14:00:00,Slovakia,Slovakia,SK,342.04,386.96,62.88,25.6,entsoe.eu,false,
2022-04-28 15:00:00,Slovakia,Slovakia,SK,338.95,383.28,62.95,24.07,entsoe.eu,false,
2022-04-28 16:00:00,Slovakia,Slovakia,SK,342.47,386.71,62.74,22.82,entsoe.eu,false,
2022-04-28 17:00:00,Slovakia,Slovakia,SK,326.73,369.03,64.48,22.71,entsoe.eu,false,
2022-04-28 18:00:00,Slovakia,Slovakia,SK,336.09,377.52,64.39,24.6,entsoe.eu,false,
2022-04-28 19:00:00,Slovakia,Slovakia,SK,344.75,388.62,62.14,21.82,entsoe.eu,false,
2022-04-28 20:00:00,Slovakia,Slovakia,SK,352.58,397.33,61.05,20.16,entsoe.eu,false,
2022-04-28 21:00:00,Slovakia,Slovakia,SK,380.32,426.73,58.54,17.87,entsoe.eu,false,
2022-04-28 22:00:00,Slovakia,Slovakia,SK,397.28,445.79,57.2,16.33,entsoe.eu,false,
2022-04-28 23:00:00,Slovakia,Slovakia,SK,392.9,442.12,57.48,15.82,entsoe.eu,false,
2022-04-29 00:00:00,Slovakia,Slovakia,SK,382.11,431.07,58.48,15.99,entsoe.eu,false,
2022-04-29 01:00:00,Slovakia,Slovakia,SK,371.92,420.34,59.4,16.2,entsoe.eu,false,
2022-04-29 02:00:00,Slovakia,Slovakia,SK,372.09,420.55,59.21,16.57,entsoe.eu,false,
2022-04-29 03:00:00,Slovakia,Slovakia,SK,382.01,430.89,58.53,17.06,entsoe.eu,false,
2022-04-29 04:00:00,Slovakia,Slovakia,SK,322.22,366.72,64.12,21.26,entsoe.eu,false,
2022-04-29 05:00:00,Slovakia,Slovakia,SK,289.89,331.32,67.18,23.39,entsoe.eu,false,
2022-04-29 06:00:00,Slovakia,Slovakia,SK,236.66,273.93,72.06,26.0,entsoe.eu,false,
2022-04-29 07:00:00,Slovakia,Slovakia,SK,241.77,280.86,71.8,27.54,entsoe.eu,false,
2022-04-29 08:00:00,Slovakia,Slovakia,SK,232.03,270.95,72.76,28.84,entsoe.eu,false,
2022-04-29 09:00:00,Slovakia,Slovakia,SK,227.83,266.68,73.28,30.48,entsoe.eu,false,
2022-04-29 10:00:00,Slovakia,Slovakia,SK,269.38,311.56,69.39,29.15,entsoe.eu,false,
2022-04-29 11:00:00,Slovakia,Slovakia,SK,259.48,300.78,70.37,29.36,entsoe.eu,false,
2022-04-29 12:00:00,Slovakia,Slovakia,SK,277.58,319.8,68.83,28.76,entsoe.eu,false,
2022-04-29 13:00:00,Slovakia,Slovakia,SK,275.98,317.82,68.68,27.69,entsoe.eu,false,
2022-04-29 14:00:00,Slovakia,Slovakia,SK,290.97,333.1,67.11,25.4,entsoe.eu,false,
2022-04-29 15:00:00,Slovakia,Slovakia,SK,295.65,337.99,66.47,23.79,entsoe.eu,false,
2022-04-29 16:00:00,Slovakia,Slovakia,SK,319.8,362.77,64.6,22.14,entsoe.eu,false,
2022-04-29 17:00:00,Slovakia,Slovakia,SK,324.41,366.38,64.71,22.68,entsoe.eu,false,
2022-04-29 18:00:00,Slovakia,Slovakia,SK,337.67,379.45,64.14,23.92,entsoe.eu,false,
2022-04-29 19:00:00,Slovakia,Slovakia,SK,344.32,387.27,63.03,22.54,entsoe.eu,false,
2022-04-29 20:00:00,Slovakia,Slovakia,SK,348.7,392.78,62.0,20.31,entsoe.eu,false,
2022-04-29 21:00:00,Slovakia,Slovakia,SK,372.18,418.75,59.35,18.16,entsoe.eu,false,
2022-04-29 22:00:00,Slovakia,Slovakia,SK,353.51,399.04,60.63,15.09,entsoe.eu,false,
2022-04-29 23:00:00,Slovakia,Slovakia,SK,325.5,369.54,63.08,15.19,entsoe.eu,false,
2022-04-30 00:00:00,Slovakia,Slovakia,SK,314.93,358.51,63.99,15.08,entsoe.eu,false,
2022-04-30 01:00:00,Slovakia,Slovakia,SK,317.26,361.35,63.75,15.0,entsoe.eu,false,
2022-04-30 02:00:00,Slovakia,Slovakia,SK,318.34,362.72,63.65,14.9,entsoe.eu,false,
2022-04-30 03:00:00,Slovakia,Slovakia,SK,322.29,367.13,63.42,15.45,entsoe.eu,false,
2022-04-30 04:00:00,Slovakia,Slovakia,SK,295.1,337.62,65.98,18.61,entsoe.eu,false,
2022-04-30 05:00:00,Slovakia,Slovakia,SK,252.15,291.59,70.15,22.35,entsoe.eu,false,
2022-04-30 06:00:00,Slovakia,Slovakia,SK,239.86,278.38,71.76,25.3,entsoe.eu,false,
2022-04-30 07:00:00,Slovakia,Slovakia,SK,234.67,273.38,72.14,25.69,entsoe.eu,false,
2022-04-30 08:00:00,Slovakia,Slovakia,SK,236.52,276.2,72.18,24.96,entsoe.eu,false,
2022-04-30 09:00:00,Slovakia,Slovakia,SK,245.61,286.1,71.53,26.17,entsoe.eu,false,
2022-04-30 10:00:00,Slovakia,Slovakia,SK,231.3,270.99,72.66,26.28,entsoe.eu,false,
2022-04-30 11:00:00,Slovakia,Slovakia,SK,241.16,281.9,71.7,24.86,entsoe.eu,false,
2022-04-30 12:00:00,Slovakia,Slovakia,SK,251.37,292.65,70.88,23.78,entsoe.eu,false,
2022-04-30 13:00:00,Slovakia,Slovakia,SK,264.45,305.92,69.68,23.27,entsoe.eu,false,
2022-04-30 14:00:00,Slovakia,Slovakia,SK,300.82,343.7,66.32,21.21,entsoe.eu,false,
2022-04-30 15:00:00,Slovakia,Slovakia,SK,304.78,346.26,66.04,19.41,entsoe.eu,false,
2022-04-30 16:00:00,Slovakia,Slovakia,SK,291.61,331.02,67.63,20.73,entsoe.eu,false,
2022-04-30 17:00:00,Slovakia,Slovakia,SK,333.58,373.58,64.92,20.81,entsoe.eu,false,
2022-04-30 18:00:00,Slovakia,Slovakia,SK,339.03,379.04,64.57,21.26,entsoe.eu,false,
2022-04-30 19:00:00,Slovakia,Slovakia,SK,328.78,368.93,65.09,20.7,entsoe.eu,false,
2022-04-30 20:00:00,Slovakia,Slovakia,SK,308.06,347.53,66.47,19.84,entsoe.eu,false,
2022-04-30 21:00:00,Slovakia,Slovakia,SK,300.76,340.77,66.93,18.7,entsoe.eu,false,
2022-04-30 22:00:00,Slovakia,Slovakia,SK,298.24,337.86,66.94,16.01,entsoe.eu,false,
2022-04-30 23:00:00,Slovakia,Slovakia,SK,280.1,318.83,68.64,15.94,entsoe.eu,false,
2022-05-01 00:00:00,Slovakia,Slovakia,SK,264.66,302.54,69.99,15.6,entsoe.eu,false,
2022-05-01 01:00:00,Slovakia,Slovakia,SK,272.52,311.12,69.3,15.3,entsoe.eu,false,
2022-05-01 02:00:00,Slovakia,Slovakia,SK,255.54,293.96,70.8,15.37,entsoe.eu,false,
2022-05-01 03:00:00,Slovakia,Slovakia,SK,240.26,278.47,72.19,15.6,entsoe.eu,false,
2022-05-01 04:00:00,Slovakia,Slovakia,SK,254.46,293.55,71.13,16.27,entsoe.eu,false,
2022-05-01 05:00:00,Slovakia,Slovakia,SK,223.79,260.65,74.07,18.88,entsoe.eu,false,
2022-05-01 06:00:00,Slovakia,Slovakia,SK,211.32,247.54,75.22,21.14,entsoe.eu,false,
2022-05-01 07:00:00,Slovakia,Slovakia,SK,222.2,258.99,74.51,22.58,entsoe.eu,false,
2022-05-01 08:00:00,Slovakia,Slovakia,SK,219.76,256.6,74.76,23.61,entsoe.eu,false,
2022-05-01 09:00:00,Slovakia,Slovakia,SK,214.74,251.18,75.1,23.33,entsoe.eu,false,
2022-05-01 10:00:00,Slovakia,Slovakia,SK,208.86,244.32,75.54,23.17,entsoe.eu,false,
2022-05-01 11:00:00,Slovakia,Slovakia,SK,199.68,234.8,76.28,22.34,entsoe.eu,false,
2022-05-01 12:00:00,Slovakia,Slovakia,SK,204.08,239.41,75.68,20.68,entsoe.eu,false,
2022-05-01 13:00:00,Slovakia,Slovakia,SK,223.62,260.6,74.03,20.06,entsoe.eu,false,
2022-05-01 14:00:00,Slovakia,Slovakia,SK,248.05,286.17,71.88,19.65,entsoe.eu,false,
2022-05-01 15:00:00,Slovakia,Slovakia,SK,257.94,295.85,70.96,18.41,entsoe.eu,false,
2022-05-01 16:00:00,Slovakia,Slovakia,SK,266.09,303.72,70.41,19.92,entsoe.eu,false,
2022-05-01 17:00:00,Slovakia,Slovakia,SK,303.77,342.53,67.38,19.97,entsoe.eu,false,
2022-05-01 18:00:00,Slovakia,Slovakia,SK,310.81,348.13,68.11,23.19,entsoe.eu,false,
2022-05-01 19:00:00,Slovakia,Slovakia,SK,286.81,323.13,69.72,23.3,entsoe.eu,false,
2022-05-01 20:00:00,Slovakia,Slovakia,SK,282.32,319.99,69.0,20.69,entsoe.eu,false,
2022-05-01 21:00:00,Slovakia,Slovakia,SK,278.77,316.84,68.94,18.36,entsoe.eu,false,
2022-05-01 22:00:00,Slovakia,Slovakia,SK,261.07,298.15,70.34,15.43,entsoe.eu,false,
2022-05-01 23:00:00,Slovakia,Slovakia,SK,262.58,300.61,69.96,13.98,entsoe.eu,false,
2022-05-02 00:00:00,Slovakia,Slovakia,SK,245.49,283.2,71.49,14.02,entsoe.eu,false,
2022-05-02 01:00:00,Slovakia,Slovakia,SK,241.25,278.67,71.97,13.95,entsoe.eu,false,
2022-05-02 02:00:00,Slovakia,Slovakia,SK,250.18,288.34,71.05,13.92,entsoe.eu,false,
2022-05-02 03:00:00,Slovakia,Slovakia,SK,261.26,299.95,69.9,13.85,entsoe.eu,false,
2022-05-02 04:00:00,Slovakia,Slovakia,SK,208.84,244.28,74.73,20.32,entsoe.eu,false,
2022-05-02 05:00:00,Slovakia,Slovakia,SK,220.94,256.28,74.3,22.03,entsoe.eu,false,
2022-05-02 06:00:00,Slovakia,Slovakia,SK,203.45,235.8,77.91,28.59,entsoe.eu,false,
2022-05-02 07:00:00,Slovakia,Slovakia,SK,219.5,255.62,74.76,25.85,entsoe.eu,false,
2022-05-02 08:00:00,Slovakia,Slovakia,SK,216.92,253.38,75.0,27.13,entsoe.eu,false,
2022-05-02 09:00:00,Slovakia,Slovakia,SK,220.36,257.54,74.9,28.31,entsoe.eu,false,
2022-05-02 10:00:00,Slovakia,Slovakia,SK,222.53,259.82,74.48,27.58,entsoe.eu,false,
2022-05-02 11:00:00,Slovakia,Slovakia,SK,229.07,266.01,73.78,26.63,entsoe.eu,false,
2022-05-02 12:00:00,Slovakia,Slovakia,SK,228.85,266.36,73.63,26.13,entsoe.eu,false,
2022-05-02 13:00:00,Slovakia,Slovakia,SK,231.23,268.74,73.42,25.53,entsoe.eu,false,
2022-05-02 14:00:00,Slovakia,Slovakia,SK,255.8,294.28,71.25,24.05,entsoe.eu,false,
2022-05-02 15:00:00,Slovakia,Slovakia,SK,246.02,283.5,72.07,22.7,entsoe.eu,false,
2022-05-02 16:00:00,Slovakia,Slovakia,SK,255.27,291.81,72.02,23.67,entsoe.eu,false,
2022-05-02 17:00:00,Slovakia,Slovakia,SK,263.73,298.55,73.71,27.63,entsoe.eu,false,
2022-05-02 18:00:00,Slovakia,Slovakia,SK,292.09,328.27,71.2,26.3,entsoe.eu,false,
2022-05-02 19:00:00,Slovakia,Slovakia,SK,300.95,340.18,68.0,21.04,entsoe.eu,false,
2022-05-02 20:00:00,Slovakia,Slovakia,SK,288.49,327.64,68.23,19.28,entsoe.eu,false,
2022-05-02 21:00:00,Slovakia,Slovakia,SK,310.9,351.07,66.04,17.24,entsoe.eu,false,
2022-05-02 22:00:00,Slovakia,Slovakia,SK,318.17,359.9,65.36,15.94,entsoe.eu,false,
2022-05-02 23:00:00,Slovakia,Slovakia,SK,313.67,355.3,65.58,14.04,entsoe.eu,false,
2022-05-03 00:00:00,Slovakia,Slovakia,SK,295.93,336.62,67.24,14.14,entsoe.eu,false,
2022-05-03 01:00:00,Slovakia,Slovakia,SK,296.86,337.26,67.23,14.04,entsoe.eu,false,
2022-05-03 02:00:00,Slovakia,Slovakia,SK,301.6,342.37,66.7,14.21,entsoe.eu,false,
2022-05-03 03:00:00,Slovakia,Slovakia,SK,295.63,335.99,67.41,18.18,entsoe.eu,false,
2022-05-03 04:00:00,Slovakia,Slovakia,SK,303.21,344.43,66.68,19.19,entsoe.eu,false,
2022-05-03 05:00:00,Slovakia,Slovakia,SK,299.02,339.09,67.83,22.42,entsoe.eu,false,
2022-05-03 06:00:00,Slovakia,Slovakia,SK,285.39,324.84,69.24,24.47,entsoe.eu,false,
2022-05-03 07:00:00,Slovakia,Slovakia,SK,266.26,305.13,70.75,25.62,entsoe.eu,false,
2022-05-03 08:00:00,Slovakia,Slovakia,SK,246.83,284.94,72.51,27.01,entsoe.eu,false,
2022-05-03 09:00:00,Slovakia,Slovakia,SK,245.0,283.45,72.77,27.51,entsoe.eu,false,
2022-05-03 10:00:00,Slovakia,Slovakia,SK,242.96,281.26,72.85,27.51,entsoe.eu,false,
2022-05-03 11:00:00,Slovakia,Slovakia,SK,252.11,291.08,71.91,26.77,entsoe.eu,false,
2022-05-03 12:00:00,Slovakia,Slovakia,SK,272.44,312.3,69.84,25.57,entsoe.eu,false,
2022-05-03 13:00:00,Slovakia,Slovakia,SK,285.02,325.22,68.8,24.78,entsoe.eu,false,
2022-05-03 14:00:00,Slovakia,Slovakia,SK,298.46,339.21,67.53,23.33,entsoe.eu,false,
2022-05-03 15:00:00,Slovakia,Slovakia,SK,305.02,346.02,66.85,21.35,entsoe.eu,false,
2022-05-03 16:00:00,Slovakia,Slovakia,SK,313.97,355.74,65.41,19.89,entsoe.eu,false,
2022-05-03 17:00:00,Slovakia,Slovakia,SK,315.69,354.58,67.48,24.36,entsoe.eu,false,
2022-05-03 18:00:00,Slovakia,Slovakia,SK,323.95,362.99,67.19,24.65,entsoe.eu,false,
2022-05-03 19:00:00,Slovakia,Slovakia,SK,301.73,342.16,66.56,19.13,entsoe.eu,false,
2022-05-03 20:00:00,Slovakia,Slovakia,SK,296.22,337.26,66.42,17.68,entsoe.eu,false,
2022-05-03 21:00:00,Slovakia,Slovakia,SK,308.23,349.66,65.21,15.38,entsoe.eu,false,
2022-05-03 22:00:00,Slovakia,Slovakia,SK,331.71,375.2,63.16,14.84,entsoe.eu,false,
2022-05-03 23:00:00,Slovakia,Slovakia,SK,314.47,357.54,64.79,14.74,entsoe.eu,false,
2022-05-04 00:00:00,Slovakia,Slovakia,SK,314.59,357.79,65.06,14.98,entsoe.eu,false,
2022-05-04 01:00:00,Slovakia,Slovakia,SK,311.77,354.73,65.24,14.95,entsoe.eu,false,
2022-05-04 02:00:00,Slovakia,Slovakia,SK,311.31,353.95,64.88,14.76,entsoe.eu,false,
2022-05-04 03:00:00,Slovakia,Slovakia,SK,318.54,361.44,64.32,15.66,entsoe.eu,false,
2022-05-04 04:00:00,Slovakia,Slovakia,SK,275.57,315.75,68.29,18.21,entsoe.eu,false,
2022-05-04 05:00:00,Slovakia,Slovakia,SK,234.88,271.83,72.28,20.6,entsoe.eu,false,
2022-05-04 06:00:00,Slovakia,Slovakia,SK,232.59,267.63,74.36,25.03,entsoe.eu,false,
2022-05-04 07:00:00,Slovakia,Slovakia,SK,260.52,299.69,70.45,23.46,entsoe.eu,false,
2022-05-04 08:00:00,Slovakia,Slovakia,SK,266.06,307.13,69.58,25.5,entsoe.eu,false,
2022-05-04 09:00:00,Slovakia,Slovakia,SK,255.9,296.42,70.64,25.36,entsoe.eu,false,
2022-05-04 10:00:00,Slovakia,Slovakia,SK,250.53,290.9,71.03,25.26,entsoe.eu,false,
2022-05-04 11:00:00,Slovakia,Slovakia,SK,258.87,299.75,70.17,24.76,entsoe.eu,false,
2022-05-04 12:00:00,Slovakia,Slovakia,SK,268.51,309.55,69.44,23.68,entsoe.eu,false,
2022-05-04 13:00:00,Slovakia,Slovakia,SK,285.08,327.11,67.86,22.59,entsoe.eu,false,
2022-05-04 14:00:00,Slovakia,Slovakia,SK,299.78,342.49,66.34,21.31,entsoe.eu,false,
2022-05-04 15:00:00,Slovakia,Slovakia,SK,311.5,355.13,64.83,20.18,entsoe.eu,false,
2022-05-04 16:00:00,Slovakia,Slovakia,SK,307.64,349.99,65.55,20.78,entsoe.eu,false,
2022-05-04 17:00:00,Slovakia,Slovakia,SK,311.5,352.68,65.87,21.7,entsoe.eu,false,
2022-05-04 18:00:00,Slovakia,Slovakia,SK,311.61,351.87,66.51,22.76,entsoe.eu,false,
2022-05-04 19:00:00,Slovakia,Slovakia,SK,295.38,335.55,67.09,20.78,entsoe.eu,false,
2022-05-04 20:00:00,Slovakia,Slovakia,SK,291.57,332.37,66.93,19.69,entsoe.eu,false,
2022-05-04 21:00:00,Slovakia,Slovakia,SK,290.45,330.81,66.92,18.58,entsoe.eu,false,
2022-05-04 22:00:00,Slovakia,Slovakia,SK,297.38,338.83,66.37,17.44,entsoe.eu,false,
2022-05-04 23:00:00,Slovakia,Slovakia,SK,250.33,289.29,71.05,17.72,entsoe.eu,false,
2022-05-05 00:00:00,Slovakia,Slovakia,SK,223.46,261.57,73.49,17.84,entsoe.eu,false,
2022-05-05 01:00:00,Slovakia,Slovakia,SK,218.4,256.83,73.94,17.6,entsoe.eu,false,
2022-05-05 02:00:00,Slovakia,Slovakia,SK,241.61,281.07,71.86,17.13,entsoe.eu,false,
2022-05-05 03:00:00,Slovakia,Slovakia,SK,281.12,322.18,68.1,17.54,entsoe.eu,false,
2022-05-05 04:00:00,Slovakia,Slovakia,SK,274.0,315.49,68.1,19.06,entsoe.eu,false,
2022-05-05 05:00:00,Slovakia,Slovakia,SK,253.24,293.02,70.0,21.92,entsoe.eu,false,
2022-05-05 06:00:00,Slovakia,Slovakia,SK,243.51,282.45,71.77,24.53,entsoe.eu,false,
2022-05-05 07:00:00,Slovakia,Slovakia,SK,202.26,238.97,75.95,26.22,entsoe.eu,false,
2022-05-05 08:00:00,Slovakia,Slovakia,SK,200.87,237.94,76.19,27.09,entsoe.eu,false,
2022-05-05 09:00:00,Slovakia,Slovakia,SK,207.3,245.35,75.46,27.42,entsoe.eu,false,
2022-05-05 10:00:00,Slovakia,Slovakia,SK,204.08,241.28,76.1,27.82,entsoe.eu,false,
2022-05-05 11:00:00,Slovakia,Slovakia,SK,203.26,240.24,76.16,27.93,entsoe.eu,false,
2022-05-05 12:00:00,Slovakia,Slovakia,SK,217.36,254.73,74.78,26.54,entsoe.eu,false,
2022-05-05 13:00:00,Slovakia,Slovakia,SK,249.4,288.75,71.66,25.21,entsoe.eu,false,
2022-05-05 14:00:00,Slovakia,Slovakia,SK,291.48,333.46,67.36,23.3,entsoe.eu,false,
2022-05-05 15:00:00,Slovakia,Slovakia,SK,305.59,348.89,65.19,20.94,entsoe.eu,false,
2022-05-05 16:00:00,Slovakia,Slovakia,SK,303.48,346.36,65.49,20.78,entsoe.eu,false,
2022-05-05 17:00:00,Slovakia,Slovakia,SK,306.15,347.87,65.98,21.41,entsoe.eu,false,
2022-05-05 18:00:00,Slovakia,Slovakia,SK,297.04,336.43,67.91,23.95,entsoe.eu,false,
2022-05-05 19:00:00,Slovakia,Slovakia,SK,304.65,346.25,65.78,20.78,entsoe.eu,false,
2022-05-05 20:00:00,Slovakia,Slovakia,SK,309.72,352.06,64.69,18.91,entsoe.eu,false,
2022-05-05 21:00:00,Slovakia,Slovakia,SK,332.72,376.3,62.62,16.35,entsoe.eu,false,
2022-05-05 22:00:00,Slovakia,Slovakia,SK,339.27,381.68,63.31,15.71,entsoe.eu,false,
2022-05-05 23:00:00,Slovakia,Slovakia,SK,315.28,356.31,65.88,15.98,entsoe.eu,false,
2022-05-06 00:00:00,Slovakia,Slovakia,SK,292.36,332.25,67.97,15.82,entsoe.eu,false,
2022-05-06 01:00:00,Slovakia,Slovakia,SK,280.19,319.85,68.89,16.13,entsoe.eu,false,
2022-05-06 02:00:00,Slovakia,Slovakia,SK,294.1,334.12,67.68,15.7,entsoe.eu,false,
2022-05-06 03:00:00,Slovakia,Slovakia,SK,297.28,337.38,67.43,17.04,entsoe.eu,false,
2022-05-06 04:00:00,Slovakia,Slovakia,SK,272.09,311.16,69.39,18.81,entsoe.eu,false,
2022-05-06 05:00:00,Slovakia,Slovakia,SK,254.24,291.16,71.54,21.31,entsoe.eu,false,
2022-05-06 06:00:00,Slovakia,Slovakia,SK,241.11,277.27,72.76,22.76,entsoe.eu,false,
2022-05-06 07:00:00,Slovakia,Slovakia,SK,263.62,302.37,70.5,23.3,entsoe.eu,false,
2022-05-06 08:00:00,Slovakia,Slovakia,SK,271.37,310.62,69.89,23.51,entsoe.eu,false,
2022-05-06 09:00:00,Slovakia,Slovakia,SK,275.07,314.84,69.63,24.77,entsoe.eu,false,
2022-05-06 10:00:00,Slovakia,Slovakia,SK,280.6,321.16,69.08,25.13,entsoe.eu,false,
2022-05-06 11:00:00,Slovakia,Slovakia,SK,282.11,322.73,68.95,24.37,entsoe.eu,false,
2022-05-06 12:00:00,Slovakia,Slovakia,SK,273.47,313.38,69.75,23.84,entsoe.eu,false,
2022-05-06 13:00:00,Slovakia,Slovakia,SK,277.74,317.61,69.3,23.47,entsoe.eu,false,
2022-05-06 14:00:00,Slovakia,Slovakia,SK,305.86,347.48,66.64,21.82,entsoe.eu,false,
2022-05-06 15:00:00,Slovakia,Slovakia,SK,303.43,344.61,66.74,20.64,entsoe.eu,false,
2022-05-06 16:00:00,Slovakia,Slovakia,SK,290.9,330.84,68.11,19.91,entsoe.eu,false,
2022-05-06 17:00:00,Slovakia,Slovakia,SK,302.9,343.22,67.09,19.94,entsoe.eu,false,
2022-05-06 18:00:00,Slovakia,Slovakia,SK,281.73,320.18,69.0,21.31,entsoe.eu,false,
2022-05-06 19:00:00,Slovakia,Slovakia,SK,234.17,269.97,73.19,21.69,entsoe.eu,false,
2022-05-06 20:00:00,Slovakia,Slovakia,SK,242.14,278.47,72.39,19.93,entsoe.eu,false,
2022-05-06 21:00:00,Slovakia,Slovakia,SK,261.1,298.82,70.58,17.5,entsoe.eu,false,
2022-05-06 22:00:00,Slovakia,Slovakia,SK,290.51,330.28,67.65,16.74,entsoe.eu,false,
2022-05-06 23:00:00,Slovakia,Slovakia,SK,286.27,325.86,68.04,15.98,entsoe.eu,false,
2022-05-07 00:00:00,Slovakia,Slovakia,SK,266.69,305.71,69.86,16.39,entsoe.eu,false,
2022-05-07 01:00:00,Slovakia,Slovakia,SK,255.44,294.21,70.89,16.45,entsoe.eu,false,
2022-05-07 02:00:00,Slovakia,Slovakia,SK,257.06,296.14,70.66,16.47,entsoe.eu,false,
2022-05-07 03:00:00,Slovakia,Slovakia,SK,248.14,286.39,71.57,17.28,entsoe.eu,false,
2022-05-07 04:00:00,Slovakia,Slovakia,SK,241.32,278.94,72.27,19.04,entsoe.eu,false,
2022-05-07 05:00:00,Slovakia,Slovakia,SK,226.9,262.88,73.61,21.59,entsoe.eu,false,
2022-05-07 06:00:00,Slovakia,Slovakia,SK,246.29,284.01,72.05,22.02,entsoe.eu,false,
2022-05-07 07:00:00,Slovakia,Slovakia,SK,254.98,293.82,71.31,22.7,entsoe.eu,false,
2022-05-07 08:00:00,Slovakia,Slovakia,SK,260.39,300.05,70.95,24.85,entsoe.eu,false,
2022-05-07 09:00:00,Slovakia,Slovakia,SK,264.81,304.9,70.64,25.44,entsoe.eu,false,
2022-05-07 10:00:00,Slovakia,Slovakia,SK,262.68,302.57,70.65,24.99,entsoe.eu,false,
2022-05-07 11:00:00,Slovakia,Slovakia,SK,250.69,289.79,71.73,25.04,entsoe.eu,false,
2022-05-07 12:00:00,Slovakia,Slovakia,SK,256.68,296.57,71.06,24.22,entsoe.eu,false,
2022-05-07 13:00:00,Slovakia,Slovakia,SK,278.58,319.77,69.04,23.44,entsoe.eu,false,
2022-05-07 14:00:00,Slovakia,Slovakia,SK,294.52,336.18,67.26,21.97,entsoe.eu,false,
2022-05-07 15:00:00,Slovakia,Slovakia,SK,283.77,323.65,68.39,21.19,entsoe.eu,false,
2022-05-07 16:00:00,Slovakia,Slovakia,SK,281.57,320.97,68.76,21.25,entsoe.eu,false,
2022-05-07 17:00:00,Slovakia,Slovakia,SK,293.92,332.6,68.62,22.46,entsoe.eu,false,
2022-05-07 18:00:00,Slovakia,Slovakia,SK,307.44,346.2,68.13,23.06,entsoe.eu,false,
2022-05-07 19:00:00,Slovakia,Slovakia,SK,288.61,327.14,69.05,21.37,entsoe.eu,false,
2022-05-07 20:00:00,Slovakia,Slovakia,SK,303.82,343.89,67.02,18.99,entsoe.eu,false,
2022-05-07 21:00:00,Slovakia,Slovakia,SK,311.18,351.95,66.1,17.61,entsoe.eu,false,
2022-05-07 22:00:00,Slovakia,Slovakia,SK,311.29,352.11,65.96,16.7,entsoe.eu,false,
2022-05-07 23:00:00,Slovakia,Slovakia,SK,299.95,340.39,66.94,16.93,entsoe.eu,false,
2022-05-08 00:00:00,Slovakia,Slovakia,SK,293.62,333.69,67.55,16.76,entsoe.eu,false,
2022-05-08 01:00:00,Slovakia,Slovakia,SK,287.09,327.04,68.04,16.88,entsoe.eu,false,
2022-05-08 02:00:00,Slovakia,Slovakia,SK,285.43,325.4,68.12,16.66,entsoe.eu,false,
2022-05-08 03:00:00,Slovakia,Slovakia,SK,281.32,320.62,68.45,16.83,entsoe.eu,false,
2022-05-08 04:00:00,Slovakia,Slovakia,SK,274.99,314.04,69.09,17.96,entsoe.eu,false,
2022-05-08 05:00:00,Slovakia,Slovakia,SK,272.88,311.49,69.39,20.21,entsoe.eu,false,
2022-05-08 06:00:00,Slovakia,Slovakia,SK,267.84,306.32,69.87,21.71,entsoe.eu,false,
2022-05-08 07:00:00,Slovakia,Slovakia,SK,273.26,312.1,69.53,23.52,entsoe.eu,false,
2022-05-08 08:00:00,Slovakia,Slovakia,SK,268.83,307.98,69.96,25.45,entsoe.eu,false,
2022-05-08 09:00:00,Slovakia,Slovakia,SK,272.5,312.44,69.81,26.44,entsoe.eu,false,
2022-05-08 10:00:00,Slovakia,Slovakia,SK,269.15,309.54,70.08,26.45,entsoe.eu,false,
2022-05-08 11:00:00,Slovakia,Slovakia,SK,254.08,294.06,71.39,26.19,entsoe.eu,false,
2022-05-08 12:00:00,Slovakia,Slovakia,SK,236.37,274.89,72.84,25.13,entsoe.eu,false,
2022-05-08 13:00:00,Slovakia,Slovakia,SK,264.11,303.94,70.29,24.31,entsoe.eu,false,
2022-05-08 14:00:00,Slovakia,Slovakia,SK,295.35,336.47,67.42,22.36,entsoe.eu,false,
2022-05-08 15:00:00,Slovakia,Slovakia,SK,305.92,346.0,66.56,21.7,entsoe.eu,false,
2022-05-08 16:00:00,Slovakia,Slovakia,SK,291.73,330.45,68.02,21.2,entsoe.eu,false,
2022-05-08 17:00:00,Slovakia,Slovakia,SK,299.01,336.49,68.14,22.49,entsoe.eu,false,
2022-05-08 18:00:00,Slovakia,Slovakia,SK,308.85,345.0,68.69,25.41,entsoe.eu,false,
2022-05-08 19:00:00,Slovakia,Slovakia,SK,316.8,354.3,67.28,23.66,entsoe.eu,false,
2022-05-08 20:00:00,Slovakia,Slovakia,SK,309.67,347.44,67.03,21.53,entsoe.eu,false,
2022-05-08 21:00:00,Slovakia,Slovakia,SK,279.39,316.6,69.0,20.12,entsoe.eu,false,
2022-05-08 22:00:00,Slovakia,Slovakia,SK,295.57,333.53,67.22,16.49,entsoe.eu,false,
2022-05-08 23:00:00,Slovakia,Slovakia,SK,289.43,327.21,67.79,16.16,entsoe.eu,false,
2022-05-09 00:00:00,Slovakia,Slovakia,SK,285.16,322.98,68.08,16.25,entsoe.eu,false,
2022-05-09 01:00:00,Slovakia,Slovakia,SK,272.27,309.77,69.12,16.26,entsoe.eu,false,
2022-05-09 02:00:00,Slovakia,Slovakia,SK,285.76,324.22,67.64,15.97,entsoe.eu,false,
2022-05-09 03:00:00,Slovakia,Slovakia,SK,320.56,360.94,64.13,16.06,entsoe.eu,false,
2022-05-09 04:00:00,Slovakia,Slovakia,SK,282.5,319.96,67.93,20.79,entsoe.eu,false,
2022-05-09 05:00:00,Slovakia,Slovakia,SK,264.93,300.22,70.99,26.39,entsoe.eu,false,
2022-05-09 06:00:00,Slovakia,Slovakia,SK,267.9,305.2,69.69,25.75,entsoe.eu,false,
2022-05-09 07:00:00,Slovakia,Slovakia,SK,269.12,307.36,69.77,27.37,entsoe.eu,false,
2022-05-09 08:00:00,Slovakia,Slovakia,SK,247.04,284.65,71.52,26.93,entsoe.eu,false,
2022-05-09 09:00:00,Slovakia,Slovakia,SK,258.38,296.77,70.46,26.75,entsoe.eu,false,
2022-05-09 10:00:00,Slovakia,Slovakia,SK,258.7,297.16,70.5,26.99,entsoe.eu,false,
2022-05-09 11:00:00,Slovakia,Slovakia,SK,267.46,306.47,69.58,26.63,entsoe.eu,false,
2022-05-09 12:00:00,Slovakia,Slovakia,SK,280.77,320.5,68.39,25.99,entsoe.eu,false,
2022-05-09 13:00:00,Slovakia,Slovakia,SK,286.96,327.39,67.5,25.19,entsoe.eu,false,
2022-05-09 14:00:00,Slovakia,Slovakia,SK,298.09,339.08,66.27,22.99,entsoe.eu,false,
2022-05-09 15:00:00,Slovakia,Slovakia,SK,308.06,348.94,65.16,20.38,entsoe.eu,false,
2022-05-09 16:00:00,Slovakia,Slovakia,SK,306.49,346.35,65.86,20.71,entsoe.eu,false,
2022-05-09 17:00:00,Slovakia,Slovakia,SK,280.26,316.54,70.32,25.29,entsoe.eu,false,
2022-05-09 18:00:00,Slovakia,Slovakia,SK,300.28,337.19,68.33,24.57,entsoe.eu,false,
2022-05-09 19:00:00,Slovakia,Slovakia,SK,297.66,336.27,66.8,20.78,entsoe.eu,false,
2022-05-09 20:00:00,Slovakia,Slovakia,SK,317.14,357.31,64.33,19.06,entsoe.eu,false,
2022-05-09 21:00:00,Slovakia,Slovakia,SK,320.17,360.64,63.98,18.49,entsoe.eu,false,
2022-05-09 22:00:00,Slovakia,Slovakia,SK,322.62,362.05,64.58,18.72,entsoe.eu,false,
2022-05-09 23:00:00,Slovakia,Slovakia,SK,317.86,356.85,65.37,19.22,entsoe.eu,false,
2022-05-10 00:00:00,Slovakia,Slovakia,SK,320.17,359.36,65.13,18.66,entsoe.eu,false,
2022-05-10 01:00:00,Slovakia,Slovakia,SK,323.32,362.89,64.85,18.47,entsoe.eu,false,
2022-05-10 02:00:00,Slovakia,Slovakia,SK,333.14,373.22,63.9,18.49,entsoe.eu,false,
2022-05-10 03:00:00,Slovakia,Slovakia,SK,323.06,362.5,64.92,20.25,entsoe.eu,false,
2022-05-10 04:00:00,Slovakia,Slovakia,SK,310.4,349.35,66.36,22.29,entsoe.eu,false,
2022-05-10 05:00:00,Slovakia,Slovakia,SK,292.48,329.84,68.73,24.87,entsoe.eu,false,
2022-05-10 06:00:00,Slovakia,Slovakia,SK,280.87,319.42,69.35,25.73,entsoe.eu,false,
2022-05-10 07:00:00,Slovakia,Slovakia,SK,278.97,317.57,69.76,27.24,entsoe.eu,false,
2022-05-10 08:00:00,Slovakia,Slovakia,SK,279.71,318.2,69.86,28.33,entsoe.eu,false,
2022-05-10 09:00:00,Slovakia,Slovakia,SK,274.97,313.13,70.23,29.24,entsoe.eu,false,
2022-05-10 10:00:00,Slovakia,Slovakia,SK,265.05,302.99,71.27,29.79,entsoe.eu,false,
2022-05-10 11:00:00,Slovakia,Slovakia,SK,255.57,293.36,72.12,30.17,entsoe.eu,false,
2022-05-10 12:00:00,Slovakia,Slovakia,SK,265.61,303.89,71.12,29.71,entsoe.eu,false,
2022-05-10 13:00:00,Slovakia,Slovakia,SK,292.22,331.36,68.53,27.84,entsoe.eu,false,
2022-05-10 14:00:00,Slovakia,Slovakia,SK,303.83,343.1,67.38,26.27,entsoe.eu,false,
2022-05-10 15:00:00,Slovakia,Slovakia,SK,311.21,350.26,66.52,23.98,entsoe.eu,false,
2022-05-10 16:00:00,Slovakia,Slovakia,SK,332.43,371.85,65.14,22.97,entsoe.eu,false,
2022-05-10 17:00:00,Slovakia,Slovakia,SK,330.64,368.14,66.66,26.07,entsoe.eu,false,
2022-05-10 18:00:00,Slovakia,Slovakia,SK,334.32,371.44,66.55,25.9,entsoe.eu,false,
2022-05-10 19:00:00,Slovakia,Slovakia,SK,325.11,362.25,66.12,23.25,entsoe.eu,false,
2022-05-10 20:00:00,Slovakia,Slovakia,SK,335.39,374.04,64.45,21.83,entsoe.eu,false,
2022-05-10 21:00:00,Slovakia,Slovakia,SK,317.9,355.34,65.79,21.12,entsoe.eu,false,
2022-05-10 22:00:00,Slovakia,Slovakia,SK,279.34,314.17,69.15,19.55,entsoe.eu,false,
2022-05-10 23:00:00,Slovakia,Slovakia,SK,289.45,325.29,68.37,19.46,entsoe.eu,false,
2022-05-11 00:00:00,Slovakia,Slovakia,SK,288.33,324.24,68.45,18.65,entsoe.eu,false,
2022-05-11 01:00:00,Slovakia,Slovakia,SK,301.77,338.64,67.15,17.63,entsoe.eu,false,
2022-05-11 02:00:00,Slovakia,Slovakia,SK,297.47,334.39,67.48,18.45,entsoe.eu,false,
2022-05-11 03:00:00,Slovakia,Slovakia,SK,309.05,346.64,66.49,18.68,entsoe.eu,false,
2022-05-11 04:00:00,Slovakia,Slovakia,SK,316.0,355.08,66.09,20.8,entsoe.eu,false,
2022-05-11 05:00:00,Slovakia,Slovakia,SK,310.89,348.92,67.34,23.8,entsoe.eu,false,
2022-05-11 06:00:00,Slovakia,Slovakia,SK,285.72,323.6,69.26,25.5,entsoe.eu,false,
2022-05-11 07:00:00,Slovakia,Slovakia,SK,263.05,300.06,71.17,27.1,entsoe.eu,false,
2022-05-11 08:00:00,Slovakia,Slovakia,SK,267.1,304.74,71.03,27.43,entsoe.eu,false,
2022-05-11 09:00:00,Slovakia,Slovakia,SK,259.32,297.3,71.74,29.33,entsoe.eu,false,
2022-05-11 10:00:00,Slovakia,Slovakia,SK,250.61,287.93,72.38,29.67,entsoe.eu,false,
2022-05-11 11:00:00,Slovakia,Slovakia,SK,248.25,285.53,72.67,30.36,entsoe.eu,false,
2022-05-11 12:00:00,Slovakia,Slovakia,SK,245.13,282.15,72.87,30.05,entsoe.eu,false,
2022-05-11 13:00:00,Slovakia,Slovakia,SK,260.56,297.98,71.47,29.05,entsoe.eu,false,
2022-05-11 14:00:00,Slovakia,Slovakia,SK,281.38,319.3,69.48,27.49,entsoe.eu,false,
2022-05-11 15:00:00,Slovakia,Slovakia,SK,300.65,338.84,67.7,24.93,entsoe.eu,false,
2022-05-11 16:00:00,Slovakia,Slovakia,SK,312.43,350.6,67.08,23.47,entsoe.eu,false,
2022-05-11 17:00:00,Slovakia,Slovakia,SK,308.6,344.58,68.74,26.51,entsoe.eu,false,
2022-05-11 18:00:00,Slovakia,Slovakia,SK,311.57,347.98,68.45,26.76,entsoe.eu,false,
2022-05-11 19:00:00,Slovakia,Slovakia,SK,299.76,336.65,68.25,24.11,entsoe.eu,false,
2022-05-11 20:00:00,Slovakia,Slovakia,SK,307.42,344.37,66.79,21.69,entsoe.eu,false,
2022-05-11 21:00:00,Slovakia,Slovakia,SK,294.48,330.58,67.83,20.28,entsoe.eu,false,
2022-05-11 22:00:00,Slovakia,Slovakia,SK,293.36,329.99,67.82,20.36,entsoe.eu,false,
2022-05-11 23:00:00,Slovakia,Slovakia,SK,304.2,342.19,66.91,20.07,entsoe.eu,false,
2022-05-12 00:00:00,Slovakia,Slovakia,SK,311.6,350.11,66.3,19.96,entsoe.eu,false,
2022-05-12 01:00:00,Slovakia,Slovakia,SK,319.48,358.7,65.43,18.93,entsoe.eu,false,
2022-05-12 02:00:00,Slovakia,Slovakia,SK,328.87,368.69,64.65,19.14,entsoe.eu,false,
2022-05-12 03:00:00,Slovakia,Slovakia,SK,335.18,374.77,64.2,20.01,entsoe.eu,false,
2022-05-12 04:00:00,Slovakia,Slovakia,SK,314.69,352.83,66.47,23.07,entsoe.eu,false,
2022-05-12 05:00:00,Slovakia,Slovakia,SK,301.14,338.3,68.4,26.55,entsoe.eu,false,
2022-05-12 06:00:00,Slovakia,Slovakia,SK,268.4,304.19,71.12,28.94,entsoe.eu,false,
2022-05-12 07:00:00,Slovakia,Slovakia,SK,255.56,291.31,71.92,29.73,entsoe.eu,false,
2022-05-12 08:00:00,Slovakia,Slovakia,SK,240.82,275.66,73.28,31.01,entsoe.eu,false,
2022-05-12 09:00:00,Slovakia,Slovakia,SK,232.78,267.56,74.05,31.4,entsoe.eu,false,
2022-05-12 10:00:00,Slovakia,Slovakia,SK,225.16,259.9,74.77,32.1,entsoe.eu,false,
2022-05-12 11:00:00,Slovakia,Slovakia,SK,229.32,264.37,74.34,31.44,entsoe.eu,false,
2022-05-12 12:00:00,Slovakia,Slovakia,SK,233.24,268.52,73.88,30.8,entsoe.eu,false,
2022-05-12 13:00:00,Slovakia,Slovakia,SK,243.52,279.02,72.89,29.6,entsoe.eu,false,
2022-05-12 14:00:00,Slovakia,Slovakia,SK,255.95,291.62,71.68,27.96,entsoe.eu,false,
2022-05-12 15:00:00,Slovakia,Slovakia,SK,279.91,316.72,69.29,26.06,entsoe.eu,false,
2022-05-12 16:00:00,Slovakia,Slovakia,SK,305.99,343.09,67.35,24.11,entsoe.eu,false,
2022-05-12 17:00:00,Slovakia,Slovakia,SK,309.87,345.54,68.49,25.85,entsoe.eu,false,
2022-05-12 18:00:00,Slovakia,Slovakia,SK,322.22,358.5,67.6,25.46,entsoe.eu,false,
2022-05-12 19:00:00,Slovakia,Slovakia,SK,316.67,352.93,68.13,25.33,entsoe.eu,false,
2022-05-12 20:00:00,Slovakia,Slovakia,SK,335.21,374.39,64.65,20.15,entsoe.eu,false,
2022-05-12 21:00:00,Slovakia,Slovakia,SK,324.13,363.43,65.02,18.38,entsoe.eu,false,
2022-05-12 22:00:00,Slovakia,Slovakia,SK,317.62,357.97,65.71,17.77,entsoe.eu,false,
2022-05-12 23:00:00,Slovakia,Slovakia,SK,295.38,334.91,67.76,18.14,entsoe.eu,false,
2022-05-13 00:00:00,Slovakia,Slovakia,SK,290.73,329.67,68.23,17.83,entsoe.eu,false,
2022-05-13 01:00:00,Slovakia,Slovakia,SK,278.29,316.21,69.24,17.47,entsoe.eu,false,
2022-05-13 02:00:00,Slovakia,Slovakia,SK,294.32,333.05,67.75,17.32,entsoe.eu,false,
2022-05-13 03:00:00,Slovakia,Slovakia,SK,330.4,370.7,64.46,17.01,entsoe.eu,false,
2022-05-13 04:00:00,Slovakia,Slovakia,SK,317.07,355.95,65.99,20.19,entsoe.eu,false,
2022-05-13 05:00:00,Slovakia,Slovakia,SK,309.71,346.87,67.9,24.01,entsoe.eu,false,
2022-05-13 06:00:00,Slovakia,Slovakia,SK,308.46,346.4,67.59,24.24,entsoe.eu,false,
2022-05-13 07:00:00,Slovakia,Slovakia,SK,302.0,340.32,67.55,24.18,entsoe.eu,false,
2022-05-13 08:00:00,Slovakia,Slovakia,SK,294.78,333.63,67.96,24.61,entsoe.eu,false,
2022-05-13 09:00:00,Slovakia,Slovakia,SK,298.35,337.94,67.6,25.87,entsoe.eu,false,
2022-05-13 10:00:00,Slovakia,Slovakia,SK,293.33,332.72,68.02,26.1,entsoe.eu,false,
2022-05-13 11:00:00,Slovakia,Slovakia,SK,281.98,321.05,68.99,26.73,entsoe.eu,false,
2022-05-13 12:00:00,Slovakia,Slovakia,SK,279.28,317.94,69.43,26.95,entsoe.eu,false,
2022-05-13 13:00:00,Slovakia,Slovakia,SK,276.76,314.79,69.68,26.68,entsoe.eu,false,
2022-05-13 14:00:00,Slovakia,Slovakia,SK,280.22,317.79,69.24,24.92,entsoe.eu,false,
2022-05-13 15:00:00,Slovakia,Slovakia,SK,295.78,334.04,67.72,23.24,entsoe.eu,false,
2022-05-13 16:00:00,Slovakia,Slovakia,SK,290.36,326.72,68.4,22.28,entsoe.eu,false,
2022-05-13 17:00:00,Slovakia,Slovakia,SK,284.03,319.57,69.53,21.72,entsoe.eu,false,
2022-05-13 18:00:00,Slovakia,Slovakia,SK,296.87,331.72,69.63,24.35,entsoe.eu,false,
2022-05-13 19:00:00,Slovakia,Slovakia,SK,277.57,312.64,70.62,24.33,entsoe.eu,false,
2022-05-13 20:00:00,Slovakia,Slovakia,SK,298.1,335.56,67.9,22.57,entsoe.eu,false,
2022-05-13 21:00:00,Slovakia,Slovakia,SK,324.5,364.25,64.84,21.43,entsoe.eu,false,
2022-05-13 22:00:00,Slovakia,Slovakia,SK,334.01,375.16,63.71,21.42,entsoe.eu,false,
2022-05-13 23:00:00,Slovakia,Slovakia,SK,319.07,360.01,64.94,22.0,entsoe.eu,false,
2022-05-14 00:00:00,Slovakia,Slovakia,SK,324.74,365.84,64.49,21.77,entsoe.eu,false,
2022-05-14 01:00:00,Slovakia,Slovakia,SK,344.23,386.35,62.67,21.46,entsoe.eu,false,
2022-05-14 02:00:00,Slovakia,Slovakia,SK,336.1,377.87,63.36,21.61,entsoe.eu,false,
2022-05-14 03:00:00,Slovakia,Slovakia,SK,324.23,365.24,64.49,22.17,entsoe.eu,false,
2022-05-14 04:00:00,Slovakia,Slovakia,SK,298.78,338.77,66.86,24.06,entsoe.eu,false,
2022-05-14 05:00:00,Slovakia,Slovakia,SK,309.91,350.32,66.0,25.55,entsoe.eu,false,
2022-05-14 06:00:00,Slovakia,Slovakia,SK,295.25,335.64,67.55,28.64,entsoe.eu,false,
2022-05-14 07:00:00,Slovakia,Slovakia,SK,281.33,320.96,69.15,32.33,entsoe.eu,false,
2022-05-14 08:00:00,Slovakia,Slovakia,SK,259.42,298.18,71.2,33.95,entsoe.eu,false,
2022-05-14 09:00:00,Slovakia,Slovakia,SK,248.73,287.36,72.06,33.56,entsoe.eu,false,
2022-05-14 10:00:00,Slovakia,Slovakia,SK,237.06,275.21,72.99,33.69,entsoe.eu,false,
2022-05-14 11:00:00,Slovakia,Slovakia,SK,237.47,275.54,72.86,33.77,entsoe.eu,false,
2022-05-14 12:00:00,Slovakia,Slovakia,SK,242.85,280.98,72.37,32.99,entsoe.eu,false,
2022-05-14 13:00:00,Slovakia,Slovakia,SK,256.8,295.5,71.03,31.91,entsoe.eu,false,
2022-05-14 14:00:00,Slovakia,Slovakia,SK,263.73,302.26,70.33,31.42,entsoe.eu,false,
2022-05-14 15:00:00,Slovakia,Slovakia,SK,299.74,338.45,67.13,28.56,entsoe.eu,false,
2022-05-14 16:00:00,Slovakia,Slovakia,SK,332.82,373.16,64.17,26.26,entsoe.eu,false,
2022-05-14 17:00:00,Slovakia,Slovakia,SK,342.51,381.84,64.67,27.14,entsoe.eu,false,
2022-05-14 18:00:00,Slovakia,Slovakia,SK,342.75,381.29,65.36,27.09,entsoe.eu,false,
2022-05-14 19:00:00,Slovakia,Slovakia,SK,340.36,380.04,64.69,25.57,entsoe.eu,false,
2022-05-14 20:00:00,Slovakia,Slovakia,SK,341.54,382.06,64.08,24.35,entsoe.eu,false,
2022-05-14 21:00:00,Slovakia,Slovakia,SK,339.18,379.5,63.78,23.05,entsoe.eu,false,
2022-05-14 22:00:00,Slovakia,Slovakia,SK,333.4,374.01,64.12,21.7,entsoe.eu,false,
2022-05-14 23:00:00,Slovakia,Slovakia,SK,331.2,372.32,64.25,21.12,entsoe.eu,false,
2022-05-15 00:00:00,Slovakia,Slovakia,SK,326.23,367.42,64.7,20.49,entsoe.eu,false,
2022-05-15 01:00:00,Slovakia,Slovakia,SK,318.42,359.75,65.28,20.4,entsoe.eu,false,
2022-05-15 02:00:00,Slovakia,Slovakia,SK,318.51,359.83,65.18,20.5,entsoe.eu,false,
2022-05-15 03:00:00,Slovakia,Slovakia,SK,311.01,352.16,65.82,20.57,entsoe.eu,false,
2022-05-15 04:00:00,Slovakia,Slovakia,SK,292.64,332.8,67.4,21.6,entsoe.eu,false,
2022-05-15 05:00:00,Slovakia,Slovakia,SK,296.16,336.45,67.25,24.03,entsoe.eu,false,
2022-05-15 06:00:00,Slovakia,Slovakia,SK,280.72,320.81,69.06,27.7,entsoe.eu,false,
2022-05-15 07:00:00,Slovakia,Slovakia,SK,268.29,308.85,70.26,30.23,entsoe.eu,false,
2022-05-15 08:00:00,Slovakia,Slovakia,SK,247.69,287.36,72.41,32.77,entsoe.eu,false,
2022-05-15 09:00:00,Slovakia,Slovakia,SK,245.69,286.38,71.86,33.49,entsoe.eu,false,
2022-05-15 10:00:00,Slovakia,Slovakia,SK,239.69,279.04,72.84,32.77,entsoe.eu,false,
2022-05-15 11:00:00,Slovakia,Slovakia,SK,225.28,263.22,74.47,32.74,entsoe.eu,false,
2022-05-15 12:00:00,Slovakia,Slovakia,SK,223.59,261.25,74.75,32.18,entsoe.eu,false,
2022-05-15 13:00:00,Slovakia,Slovakia,SK,238.28,277.28,73.12,30.86,entsoe.eu,false,
2022-05-15 14:00:00,Slovakia,Slovakia,SK,264.08,303.61,70.78,29.64,entsoe.eu,false,
2022-05-15 15:00:00,Slovakia,Slovakia,SK,300.31,341.55,67.16,27.19,entsoe.eu,false,
2022-05-15 16:00:00,Slovakia,Slovakia,SK,341.72,384.65,63.35,24.39,entsoe.eu,false,
2022-05-15 17:00:00,Slovakia,Slovakia,SK,347.7,389.64,64.0,26.11,entsoe.eu,false,
2022-05-15 18:00:00,Slovakia,Slovakia,SK,351.74,392.84,64.48,26.94,entsoe.eu,false,
2022-05-15 19:00:00,Slovakia,Slovakia,SK,361.92,404.4,62.73,24.37,entsoe.eu,false,
2022-05-15 20:00:00,Slovakia,Slovakia,SK,383.15,428.19,60.13,22.15,entsoe.eu,false,
2022-05-15 21:00:00,Slovakia,Slovakia,SK,403.57,449.67,57.69,19.3,entsoe.eu,false,
2022-05-15 22:00:00,Slovakia,Slovakia,SK,406.7,453.0,57.24,17.62,entsoe.eu,false,
2022-05-15 23:00:00,Slovakia,Slovakia,SK,412.59,459.74,56.47,16.78,entsoe.eu,false,
2022-05-16 00:00:00,Slovakia,Slovakia,SK,418.94,466.2,56.13,16.31,entsoe.eu,false,
2022-05-16 01:00:00,Slovakia,Slovakia,SK,424.03,471.64,55.55,15.88,entsoe.eu,false,
2022-05-16 02:00:00,Slovakia,Slovakia,SK,429.44,477.35,55.17,15.84,entsoe.eu,false,
2022-05-16 03:00:00,Slovakia,Slovakia,SK,428.99,476.48,55.46,16.94,entsoe.eu,false,
2022-05-16 04:00:00,Slovakia,Slovakia,SK,369.14,413.22,60.41,21.09,entsoe.eu,false,
2022-05-16 05:00:00,Slovakia,Slovakia,SK,347.54,389.53,63.78,26.85,entsoe.eu,false,
2022-05-16 06:00:00,Slovakia,Slovakia,SK,327.38,369.07,65.67,29.02,entsoe.eu,false,
2022-05-16 07:00:00,Slovakia,Slovakia,SK,311.33,352.85,66.49,29.73,entsoe.eu,false,
2022-05-16 08:00:00,Slovakia,Slovakia,SK,310.51,352.55,66.42,30.52,entsoe.eu,false,
2022-05-16 09:00:00,Slovakia,Slovakia,SK,310.24,352.33,66.47,30.4,entsoe.eu,false,
2022-05-16 10:00:00,Slovakia,Slovakia,SK,310.29,352.66,66.4,30.51,entsoe.eu,false,
2022-05-16 11:00:00,Slovakia,Slovakia,SK,312.88,356.15,65.35,29.65,entsoe.eu,false,
2022-05-16 12:00:00,Slovakia,Slovakia,SK,324.52,368.37,64.01,28.62,entsoe.eu,false,
2022-05-16 13:00:00,Slovakia,Slovakia,SK,346.9,392.23,61.72,27.39,entsoe.eu,false,
2022-05-16 14:00:00,Slovakia,Slovakia,SK,367.37,413.26,60.02,27.19,entsoe.eu,false,
2022-05-16 15:00:00,Slovakia,Slovakia,SK,370.23,414.93,60.06,25.27,entsoe.eu,false,
2022-05-16 16:00:00,Slovakia,Slovakia,SK,391.36,436.27,58.68,25.49,entsoe.eu,false,
2022-05-16 17:00:00,Slovakia,Slovakia,SK,396.2,439.64,59.36,26.66,entsoe.eu,false,
2022-05-16 18:00:00,Slovakia,Slovakia,SK,404.99,447.9,59.2,26.55,entsoe.eu,false,
2022-05-16 19:00:00,Slovakia,Slovakia,SK,407.31,450.4,58.8,24.57,entsoe.eu,false,
2022-05-16 20:00:00,Slovakia,Slovakia,SK,396.3,440.91,58.26,22.02,entsoe.eu,false,
2022-05-16 21:00:00,Slovakia,Slovakia,SK,413.43,459.36,56.81,20.16,entsoe.eu,false,
2022-05-16 22:00:00,Slovakia,Slovakia,SK,437.95,485.95,53.97,16.62,entsoe.eu,false,
2022-05-16 23:00:00,Slovakia,Slovakia,SK,424.03,471.27,55.14,16.47,entsoe.eu,false,
2022-05-17 00:00:00,Slovakia,Slovakia,SK,421.8,469.54,55.41,16.23,entsoe.eu,false,
2022-05-17 01:00:00,Slovakia,Slovakia,SK,424.51,473.34,55.02,16.29,entsoe.eu,false,
2022-05-17 02:00:00,Slovakia,Slovakia,SK,421.42,470.13,55.01,16.56,entsoe.eu,false,
2022-05-17 03:00:00,Slovakia,Slovakia,SK,416.03,464.6,54.88,16.53,entsoe.eu,false,
2022-05-17 04:00:00,Slovakia,Slovakia,SK,356.96,402.26,59.78,20.3,entsoe.eu,false,
2022-05-17 05:00:00,Slovakia,Slovakia,SK,334.82,376.69,63.55,27.08,entsoe.eu,false,
2022-05-17 06:00:00,Slovakia,Slovakia,SK,336.76,380.45,62.1,24.73,entsoe.eu,false,
2022-05-17 07:00:00,Slovakia,Slovakia,SK,343.1,387.24,61.38,24.08,entsoe.eu,false,
2022-05-17 08:00:00,Slovakia,Slovakia,SK,346.37,393.05,59.3,23.01,entsoe.eu,false,
2022-05-17 09:00:00,Slovakia,Slovakia,SK,342.61,389.63,59.11,23.2,entsoe.eu,false,
2022-05-17 10:00:00,Slovakia,Slovakia,SK,347.35,395.13,58.68,23.75,entsoe.eu,false,
2022-05-17 11:00:00,Slovakia,Slovakia,SK,334.97,379.15,61.72,24.8,entsoe.eu,false,
2022-05-17 12:00:00,Slovakia,Slovakia,SK,341.25,385.46,61.13,24.26,entsoe.eu,false,
2022-05-17 13:00:00,Slovakia,Slovakia,SK,337.11,380.59,61.16,24.0,entsoe.eu,false,
2022-05-17 14:00:00,Slovakia,Slovakia,SK,339.58,384.56,59.65,23.15,entsoe.eu,false,
2022-05-17 15:00:00,Slovakia,Slovakia,SK,333.67,379.2,59.01,21.25,entsoe.eu,false,
2022-05-17 16:00:00,Slovakia,Slovakia,SK,318.97,364.94,59.56,21.71,entsoe.eu,false,
2022-05-17 17:00:00,Slovakia,Slovakia,SK,310.94,355.02,62.08,26.57,entsoe.eu,false,
2022-05-17 18:00:00,Slovakia,Slovakia,SK,330.32,375.28,60.44,25.44,entsoe.eu,false,
2022-05-17 19:00:00,Slovakia,Slovakia,SK,337.92,382.59,60.4,22.08,entsoe.eu,false,
2022-05-17 20:00:00,Slovakia,Slovakia,SK,361.8,405.99,59.63,21.2,entsoe.eu,false,
2022-05-17 21:00:00,Slovakia,Slovakia,SK,391.51,438.13,56.59,18.82,entsoe.eu,false,
2022-05-17 22:00:00,Slovakia,Slovakia,SK,386.67,432.39,58.47,19.86,entsoe.eu,false,
2022-05-17 23:00:00,Slovakia,Slovakia,SK,377.72,424.04,59.49,19.23,entsoe.eu,false,
2022-05-18 00:00:00,Slovakia,Slovakia,SK,392.23,439.76,58.22,18.53,entsoe.eu,false,
2022-05-18 01:00:00,Slovakia,Slovakia,SK,394.97,443.31,57.88,18.41,entsoe.eu,false,
2022-05-18 02:00:00,Slovakia,Slovakia,SK,394.09,442.26,57.79,18.26,entsoe.eu,false,
2022-05-18 03:00:00,Slovakia,Slovakia,SK,384.63,432.25,58.69,20.45,entsoe.eu,false,
2022-05-18 04:00:00,Slovakia,Slovakia,SK,330.84,374.6,63.52,24.02,entsoe.eu,false,
2022-05-18 05:00:00,Slovakia,Slovakia,SK,289.8,331.23,67.66,28.31,entsoe.eu,false,
2022-05-18 06:00:00,Slovakia,Slovakia,SK,264.87,307.36,68.44,29.65,entsoe.eu,false,
2022-05-18 07:00:00,Slovakia,Slovakia,SK,258.96,302.08,68.88,31.12,entsoe.eu,false,
2022-05-18 08:00:00,Slovakia,Slovakia,SK,268.74,316.87,65.84,31.03,entsoe.eu,false,
2022-05-18 09:00:00,Slovakia,Slovakia,SK,274.21,323.72,64.96,31.35,entsoe.eu,false,
2022-05-18 10:00:00,Slovakia,Slovakia,SK,277.45,326.05,65.22,31.87,entsoe.eu,false,
2022-05-18 11:00:00,Slovakia,Slovakia,SK,275.0,323.62,65.35,31.49,entsoe.eu,false,
2022-05-18 12:00:00,Slovakia,Slovakia,SK,279.82,329.15,64.89,30.76,entsoe.eu,false,
2022-05-18 13:00:00,Slovakia,Slovakia,SK,286.98,336.54,63.92,29.32,entsoe.eu,false,
2022-05-18 14:00:00,Slovakia,Slovakia,SK,286.8,335.16,63.33,27.0,entsoe.eu,false,
2022-05-18 15:00:00,Slovakia,Slovakia,SK,292.47,341.28,61.43,23.79,entsoe.eu,false,
2022-05-18 16:00:00,Slovakia,Slovakia,SK,293.29,341.72,61.5,23.17,entsoe.eu,false,
2022-05-18 17:00:00,Slovakia,Slovakia,SK,300.09,341.45,67.41,28.35,entsoe.eu,false,
2022-05-18 18:00:00,Slovakia,Slovakia,SK,313.26,353.94,66.35,27.39,entsoe.eu,false,
2022-05-18 19:00:00,Slovakia,Slovakia,SK,312.57,355.32,64.5,23.44,entsoe.eu,false,
2022-05-18 20:00:00,Slovakia,Slovakia,SK,339.39,384.06,61.86,21.8,entsoe.eu,false,
2022-05-18 21:00:00,Slovakia,Slovakia,SK,379.37,425.96,58.65,19.17,entsoe.eu,false,
2022-05-18 22:00:00,Slovakia,Slovakia,SK,398.72,446.51,57.49,18.22,entsoe.eu,false,
2022-05-18 23:00:00,Slovakia,Slovakia,SK,383.75,431.45,58.97,19.01,entsoe.eu,false,
2022-05-19 00:00:00,Slovakia,Slovakia,SK,381.26,429.04,59.27,19.39,entsoe.eu,false,
2022-05-19 01:00:00,Slovakia,Slovakia,SK,367.94,414.86,60.18,19.59,entsoe.eu,false,
2022-05-19 02:00:00,Slovakia,Slovakia,SK,360.04,406.63,60.74,19.86,entsoe.eu,false,
2022-05-19 03:00:00,Slovakia,Slovakia,SK,353.97,400.32,61.19,20.2,entsoe.eu,false,
2022-05-19 04:00:00,Slovakia,Slovakia,SK,306.19,349.14,65.66,23.49,entsoe.eu,false,
2022-05-19 05:00:00,Slovakia,Slovakia,SK,249.79,289.04,70.81,28.15,entsoe.eu,false,
2022-05-19 06:00:00,Slovakia,Slovakia,SK,207.22,246.11,74.12,31.42,entsoe.eu,false,
2022-05-19 07:00:00,Slovakia,Slovakia,SK,232.07,273.39,72.43,32.28,entsoe.eu,false,
2022-05-19 08:00:00,Slovakia,Slovakia,SK,265.75,310.2,70.23,35.61,entsoe.eu,false,
2022-05-19 09:00:00,Slovakia,Slovakia,SK,278.33,321.73,70.48,39.53,entsoe.eu,false,
2022-05-19 10:00:00,Slovakia,Slovakia,SK,281.43,325.07,69.85,39.49,entsoe.eu,false,
2022-05-19 11:00:00,Slovakia,Slovakia,SK,278.26,322.77,69.94,38.99,entsoe.eu,false,
2022-05-19 12:00:00,Slovakia,Slovakia,SK,264.05,309.24,70.1,36.57,entsoe.eu,false,
2022-05-19 13:00:00,Slovakia,Slovakia,SK,269.0,316.84,67.03,30.84,entsoe.eu,false,
2022-05-19 14:00:00,Slovakia,Slovakia,SK,281.68,332.69,63.17,27.06,entsoe.eu,false,
2022-05-19 15:00:00,Slovakia,Slovakia,SK,318.82,372.35,58.34,23.22,entsoe.eu,false,
2022-05-19 16:00:00,Slovakia,Slovakia,SK,310.93,361.42,60.38,25.35,entsoe.eu,false,
2022-05-19 17:00:00,Slovakia,Slovakia,SK,316.02,359.35,66.03,31.25,entsoe.eu,false,
2022-05-19 18:00:00,Slovakia,Slovakia,SK,345.73,389.88,63.35,29.52,entsoe.eu,false,
2022-05-19 19:00:00,Slovakia,Slovakia,SK,351.95,398.68,61.06,25.86,entsoe.eu,false,
2022-05-19 20:00:00,Slovakia,Slovakia,SK,374.15,419.6,59.85,25.14,entsoe.eu,false,
2022-05-19 21:00:00,Slovakia,Slovakia,SK,405.75,454.15,55.6,20.25,entsoe.eu,false,
2022-05-19 22:00:00,Slovakia,Slovakia,SK,416.98,465.06,55.51,19.47,entsoe.eu,false,
2022-05-19 23:00:00,Slovakia,Slovakia,SK,414.32,461.8,56.13,19.67,entsoe.eu,false,
2022-05-20 00:00:00,Slovakia,Slovakia,SK,409.73,457.46,56.39,19.81,entsoe.eu,false,
2022-05-20 01:00:00,Slovakia,Slovakia,SK,411.94,459.95,56.1,19.61,entsoe.eu,false,
2022-05-20 02:00:00,Slovakia,Slovakia,SK,417.07,464.74,55.58,19.51,entsoe.eu,false,
2022-05-20 03:00:00,Slovakia,Slovakia,SK,413.71,461.53,55.41,19.3,entsoe.eu,false,
2022-05-20 04:00:00,Slovakia,Slovakia,SK,329.95,374.09,62.07,23.43,entsoe.eu,false,
2022-05-20 05:00:00,Slovakia,Slovakia,SK,306.88,348.53,65.63,27.36,entsoe.eu,false,
2022-05-20 06:00:00,Slovakia,Slovakia,SK,286.31,328.6,66.84,28.04,entsoe.eu,false,
2022-05-20 07:00:00,Slovakia,Slovakia,SK,299.58,342.79,65.56,29.44,entsoe.eu,false,
2022-05-20 08:00:00,Slovakia,Slovakia,SK,288.69,331.65,66.61,29.96,entsoe.eu,false,
2022-05-20 09:00:00,Slovakia,Slovakia,SK,288.37,331.94,66.68,30.43,entsoe.eu,false,
2022-05-20 10:00:00,Slovakia,Slovakia,SK,274.65,314.29,68.75,31.89,entsoe.eu,false,
2022-05-20 11:00:00,Slovakia,Slovakia,SK,283.69,323.71,68.14,31.96,entsoe.eu,false,
2022-05-20 12:00:00,Slovakia,Slovakia,SK,280.26,320.44,68.32,32.03,entsoe.eu,false,
2022-05-20 13:00:00,Slovakia,Slovakia,SK,288.6,328.59,67.67,30.9,entsoe.eu,false,
2022-05-20 14:00:00,Slovakia,Slovakia,SK,307.12,348.06,65.95,28.62,entsoe.eu,false,
2022-05-20 15:00:00,Slovakia,Slovakia,SK,323.31,364.85,64.36,26.66,entsoe.eu,false,
2022-05-20 16:00:00,Slovakia,Slovakia,SK,331.74,372.77,64.21,25.73,entsoe.eu,false,
2022-05-20 17:00:00,Slovakia,Slovakia,SK,326.63,366.16,64.81,26.25,entsoe.eu,false,
2022-05-20 18:00:00,Slovakia,Slovakia,SK,319.21,357.32,65.45,25.61,entsoe.eu,false,
2022-05-20 19:00:00,Slovakia,Slovakia,SK,330.18,370.94,63.57,20.95,entsoe.eu,false,
2022-05-20 20:00:00,Slovakia,Slovakia,SK,347.65,388.98,62.12,19.44,entsoe.eu,false,
2022-05-20 21:00:00,Slovakia,Slovakia,SK,383.68,426.58,58.95,18.55,entsoe.eu,false,
2022-05-20 22:00:00,Slovakia,Slovakia,SK,370.5,414.47,59.91,20.36,entsoe.eu,false,
2022-05-20 23:00:00,Slovakia,Slovakia,SK,356.31,400.66,61.1,21.16,entsoe.eu,false,
2022-05-21 00:00:00,Slovakia,Slovakia,SK,352.64,397.1,61.56,21.26,entsoe.eu,false,
2022-05-21 01:00:00,Slovakia,Slovakia,SK,338.66,382.79,62.4,21.24,entsoe.eu,false,
2022-05-21 02:00:00,Slovakia,Slovakia,SK,337.38,381.46,62.65,22.3,entsoe.eu,false,
2022-05-21 03:00:00,Slovakia,Slovakia,SK,337.69,381.47,63.01,22.83,entsoe.eu,false,
2022-05-21 04:00:00,Slovakia,Slovakia,SK,325.45,368.87,64.14,24.47,entsoe.eu,false,
2022-05-21 05:00:00,Slovakia,Slovakia,SK,313.4,355.82,65.75,27.09,entsoe.eu,false,
2022-05-21 06:00:00,Slovakia,Slovakia,SK,291.28,332.41,68.02,30.13,entsoe.eu,false,
2022-05-21 07:00:00,Slovakia,Slovakia,SK,251.97,291.73,70.94,32.29,entsoe.eu,false,
2022-05-21 08:00:00,Slovakia,Slovakia,SK,232.19,271.4,72.81,33.43,entsoe.eu,false,
2022-05-21 09:00:00,Slovakia,Slovakia,SK,221.77,260.95,73.81,34.39,entsoe.eu,false,
2022-05-21 10:00:00,Slovakia,Slovakia,SK,218.34,257.37,74.34,34.24,entsoe.eu,false,
2022-05-21 11:00:00,Slovakia,Slovakia,SK,216.63,255.74,74.43,33.4,entsoe.eu,false,
2022-05-21 12:00:00,Slovakia,Slovakia,SK,210.22,248.93,74.91,32.44,entsoe.eu,false,
2022-05-21 13:00:00,Slovakia,Slovakia,SK,230.54,270.12,73.16,31.81,entsoe.eu,false,
2022-05-21 14:00:00,Slovakia,Slovakia,SK,247.32,287.46,71.39,31.32,entsoe.eu,false,
2022-05-21 15:00:00,Slovakia,Slovakia,SK,275.51,316.4,68.83,29.22,entsoe.eu,false,
2022-05-21 16:00:00,Slovakia,Slovakia,SK,311.87,353.3,65.98,26.74,entsoe.eu,false,
2022-05-21 17:00:00,Slovakia,Slovakia,SK,335.54,376.65,64.51,26.19,entsoe.eu,false,
2022-05-21 18:00:00,Slovakia,Slovakia,SK,349.37,390.89,63.3,25.42,entsoe.eu,false,
2022-05-21 19:00:00,Slovakia,Slovakia,SK,348.39,388.19,64.31,27.22,entsoe.eu,false,
2022-05-21 20:00:00,Slovakia,Slovakia,SK,365.66,408.04,61.52,23.94,entsoe.eu,false,
2022-05-21 21:00:00,Slovakia,Slovakia,SK,365.57,408.33,61.33,22.49,entsoe.eu,false,
2022-05-21 22:00:00,Slovakia,Slovakia,SK,346.39,389.14,62.34,21.69,entsoe.eu,false,
2022-05-21 23:00:00,Slovakia,Slovakia,SK,319.75,362.07,64.74,22.09,entsoe.eu,false,
2022-05-22 00:00:00,Slovakia,Slovakia,SK,325.93,368.76,64.29,22.16,entsoe.eu,false,
2022-05-22 01:00:00,Slovakia,Slovakia,SK,338.4,382.53,63.11,21.3,entsoe.eu,false,
2022-05-22 02:00:00,Slovakia,Slovakia,SK,310.93,354.81,65.38,21.59,entsoe.eu,false,
2022-05-22 03:00:00,Slovakia,Slovakia,SK,306.13,350.06,65.8,21.34,entsoe.eu,false,
2022-05-22 04:00:00,Slovakia,Slovakia,SK,308.65,352.52,65.57,22.4,entsoe.eu,false,
2022-05-22 05:00:00,Slovakia,Slovakia,SK,297.34,340.13,66.69,24.06,entsoe.eu,false,
2022-05-22 06:00:00,Slovakia,Slovakia,SK,293.76,336.29,67.4,25.39,entsoe.eu,false,
2022-05-22 07:00:00,Slovakia,Slovakia,SK,289.22,330.57,68.13,27.58,entsoe.eu,false,
2022-05-22 08:00:00,Slovakia,Slovakia,SK,308.31,350.36,66.43,27.7,entsoe.eu,false,
2022-05-22 09:00:00,Slovakia,Slovakia,SK,303.38,345.19,66.8,28.45,entsoe.eu,false,
2022-05-22 10:00:00,Slovakia,Slovakia,SK,291.66,333.15,67.82,28.5,entsoe.eu,false,
2022-05-22 11:00:00,Slovakia,Slovakia,SK,272.58,312.97,69.58,28.3,entsoe.eu,false,
2022-05-22 12:00:00,Slovakia,Slovakia,SK,267.38,307.64,69.86,27.64,entsoe.eu,false,
2022-05-22 13:00:00,Slovakia,Slovakia,SK,291.16,332.2,67.69,26.51,entsoe.eu,false,
2022-05-22 14:00:00,Slovakia,Slovakia,SK,324.47,367.51,64.65,25.0,entsoe.eu,false,
2022-05-22 15:00:00,Slovakia,Slovakia,SK,335.31,378.76,63.56,23.56,entsoe.eu,false,
2022-05-22 16:00:00,Slovakia,Slovakia,SK,353.64,397.66,61.64,21.9,entsoe.eu,false,
2022-05-22 17:00:00,Slovakia,Slovakia,SK,360.85,404.68,61.25,21.55,entsoe.eu,false,
2022-05-22 18:00:00,Slovakia,Slovakia,SK,351.5,394.21,63.7,25.35,entsoe.eu,false,
2022-05-22 19:00:00,Slovakia,Slovakia,SK,347.24,390.54,63.24,23.44,Electricity Maps Estimation,true,ESTIMATED_TIME_SLICER_AVERAGE
2022-05-22 20:00:00,Slovakia,Slovakia,SK,350.11,395.8,61.79,21.05,entsoe.eu,false,
2022-05-22 21:00:00,Slovakia,Slovakia,SK,345.79,392.04,61.9,18.88,entsoe.eu,false,
2022-05-22 22:00:00,Slovakia,Slovakia,SK,336.86,382.65,62.83,17.44,entsoe.eu,false,
2022-05-22 23:00:00,Slovakia,Slovakia,SK,355.28,402.93,61.2,16.42,entsoe.eu,false,
2022-05-23 00:00:00,Slovakia,Slovakia,SK,362.99,411.14,60.53,16.64,entsoe.eu,false,
2022-05-23 01:00:00,Slovakia,Slovakia,SK,374.49,423.54,59.28,15.68,entsoe.eu,false,
2022-05-23 02:00:00,Slovakia,Slovakia,SK,394.46,444.19,57.33,15.91,entsoe.eu,false,
2022-05-23 03:00:00,Slovakia,Slovakia,SK,402.67,452.22,56.24,15.98,entsoe.eu,false,
2022-05-23 04:00:00,Slovakia,Slovakia,SK,347.91,394.54,60.85,20.83,entsoe.eu,false,
2022-05-23 05:00:00,Slovakia,Slovakia,SK,321.56,364.46,65.46,27.63,entsoe.eu,false,
2022-05-23 06:00:00,Slovakia,Slovakia,SK,303.89,346.07,66.61,28.71,entsoe.eu,false,
2022-05-23 07:00:00,Slovakia,Slovakia,SK,301.54,344.25,66.34,28.69,entsoe.eu,false,
2022-05-23 08:00:00,Slovakia,Slovakia,SK,298.41,341.3,66.5,29.38,entsoe.eu,false,
2022-05-23 09:00:00,Slovakia,Slovakia,SK,295.18,338.26,66.62,29.84,entsoe.eu,false,
2022-05-23 10:00:00,Slovakia,Slovakia,SK,294.04,337.07,67.07,29.95,entsoe.eu,false,
2022-05-23 11:00:00,Slovakia,Slovakia,SK,283.87,327.37,67.64,29.68,entsoe.eu,false,
2022-05-23 12:00:00,Slovakia,Slovakia,SK,289.11,333.0,66.89,29.35,entsoe.eu,false,
2022-05-23 13:00:00,Slovakia,Slovakia,SK,303.11,347.81,65.66,27.37,entsoe.eu,false,
2022-05-23 14:00:00,Slovakia,Slovakia,SK,314.16,359.9,64.21,26.67,entsoe.eu,false,
2022-05-23 15:00:00,Slovakia,Slovakia,SK,325.57,371.73,63.35,25.2,entsoe.eu,false,
2022-05-23 16:00:00,Slovakia,Slovakia,SK,330.09,373.37,65.0,27.87,entsoe.eu,false,
2022-05-23 17:00:00,Slovakia,Slovakia,SK,329.63,372.24,64.93,28.2,entsoe.eu,false,
2022-05-23 18:00:00,Slovakia,Slovakia,SK,347.38,390.87,63.15,27.09,entsoe.eu,false,
2022-05-23 19:00:00,Slovakia,Slovakia,SK,333.21,376.5,63.61,25.4,entsoe.eu,false,
2022-05-23 20:00:00,Slovakia,Slovakia,SK,337.32,379.9,63.74,25.16,entsoe.eu,false,
2022-05-23 21:00:00,Slovakia,Slovakia,SK,353.69,397.76,61.82,22.85,entsoe.eu,false,
2022-05-23 22:00:00,Slovakia,Slovakia,SK,369.3,414.49,60.77,20.46,entsoe.eu,false,
2022-05-23 23:00:00,Slovakia,Slovakia,SK,368.0,413.24,61.0,20.94,entsoe.eu,false,
2022-05-24 00:00:00,Slovakia,Slovakia,SK,362.02,406.94,61.5,20.25,entsoe.eu,false,
2022-05-24 01:00:00,Slovakia,Slovakia,SK,359.95,404.71,61.62,20.1,entsoe.eu,false,
2022-05-24 02:00:00,Slovakia,Slovakia,SK,368.51,413.3,60.77,19.62,entsoe.eu,false,
2022-05-24 03:00:00,Slovakia,Slovakia,SK,375.29,420.49,60.22,19.67,entsoe.eu,false,
2022-05-24 04:00:00,Slovakia,Slovakia,SK,343.22,386.74,63.45,23.45,entsoe.eu,false,
2022-05-24 05:00:00,Slovakia,Slovakia,SK,301.78,342.71,67.44,26.4,entsoe.eu,false,
2022-05-24 06:00:00,Slovakia,Slovakia,SK,287.51,327.93,69.14,28.53,entsoe.eu,false,
2022-05-24 07:00:00,Slovakia,Slovakia,SK,286.03,327.21,68.79,28.39,entsoe.eu,false,
2022-05-24 08:00:00,Slovakia,Slovakia,SK,296.56,339.89,66.8,27.5,entsoe.eu,false,
2022-05-24 09:00:00,Slovakia,Slovakia,SK,294.67,338.26,66.86,27.49,entsoe.eu,false,
2022-05-24 10:00:00,Slovakia,Slovakia,SK,302.72,346.89,66.21,26.97,entsoe.eu,false,
2022-05-24 11:00:00,Slovakia,Slovakia,SK,299.23,343.29,66.66,27.07,entsoe.eu,false,
2022-05-24 12:00:00,Slovakia,Slovakia,SK,300.11,344.26,66.4,26.7,entsoe.eu,false,
2022-05-24 13:00:00,Slovakia,Slovakia,SK,301.05,345.65,65.93,25.59,entsoe.eu,false,
2022-05-24 14:00:00,Slovakia,Slovakia,SK,298.33,342.52,65.77,25.0,entsoe.eu,false,
2022-05-24 15:00:00,Slovakia,Slovakia,SK,322.28,367.87,63.66,24.77,entsoe.eu,false,
2022-05-24 16:00:00,Slovakia,Slovakia,SK,330.34,376.57,62.58,23.34,entsoe.eu,false,
2022-05-24 17:00:00,Slovakia,Slovakia,SK,316.26,360.41,64.32,25.22,entsoe.eu,false,
2022-05-24 18:00:00,Slovakia,Slovakia,SK,312.41,354.07,66.24,28.18,entsoe.eu,false,
2022-05-24 19:00:00,Slovakia,Slovakia,SK,309.86,353.25,64.66,23.61,entsoe.eu,false,
2022-05-24 20:00:00,Slovakia,Slovakia,SK,349.59,396.46,60.21,19.94,entsoe.eu,false,
2022-05-24 21:00:00,Slovakia,Slovakia,SK,364.81,412.59,58.88,18.36,entsoe.eu,false,
2022-05-24 22:00:00,Slovakia,Slovakia,SK,365.61,413.13,59.45,16.87,entsoe.eu,false,
2022-05-24 23:00:00,Slovakia,Slovakia,SK,355.81,402.42,61.09,17.61,entsoe.eu,false,
2022-05-25 00:00:00,Slovakia,Slovakia,SK,348.45,395.25,61.76,17.41,entsoe.eu,false,
2022-05-25 01:00:00,Slovakia,Slovakia,SK,351.14,397.9,61.42,17.0,entsoe.eu,false,
2022-05-25 02:00:00,Slovakia,Slovakia,SK,360.88,408.22,60.56,16.95,entsoe.eu,false,
2022-05-25 03:00:00,Slovakia,Slovakia,SK,379.47,427.76,58.54,17.05,entsoe.eu,false,
2022-05-25 04:00:00,Slovakia,Slovakia,SK,365.57,412.51,60.14,21.99,entsoe.eu,false,
2022-05-25 05:00:00,Slovakia,Slovakia,SK,340.26,384.25,63.98,27.41,entsoe.eu,false,
2022-05-25 06:00:00,Slovakia,Slovakia,SK,304.32,347.65,66.0,26.94,entsoe.eu,false,
2022-05-25 07:00:00,Slovakia,Slovakia,SK,293.46,336.47,66.8,27.86,entsoe.eu,false,
2022-05-25 08:00:00,Slovakia,Slovakia,SK,282.08,325.64,66.86,26.1,entsoe.eu,false,
2022-05-25 09:00:00,Slovakia,Slovakia,SK,286.71,330.97,66.46,26.68,entsoe.eu,false,
2022-05-25 10:00:00,Slovakia,Slovakia,SK,303.6,349.49,65.22,26.66,entsoe.eu,false,
2022-05-25 11:00:00,Slovakia,Slovakia,SK,301.02,345.68,65.75,26.93,entsoe.eu,false,
2022-05-25 12:00:00,Slovakia,Slovakia,SK,295.5,339.16,66.5,27.02,entsoe.eu,false,
2022-05-25 13:00:00,Slovakia,Slovakia,SK,292.93,335.73,67.22,27.27,entsoe.eu,false,
2022-05-25 14:00:00,Slovakia,Slovakia,SK,311.83,355.33,65.66,26.5,entsoe.eu,false,
2022-05-25 15:00:00,Slovakia,Slovakia,SK,313.48,357.06,65.25,25.73,entsoe.eu,false,
2022-05-25 16:00:00,Slovakia,Slovakia,SK,293.51,334.54,68.08,28.82,entsoe.eu,false,
2022-05-25 17:00:00,Slovakia,Slovakia,SK,279.93,319.7,68.73,27.27,entsoe.eu,false,
2022-05-25 18:00:00,Slovakia,Slovakia,SK,300.28,338.99,68.96,29.89,entsoe.eu,false,
2022-05-25 19:00:00,Slovakia,Slovakia,SK,302.16,342.4,67.33,26.26,entsoe.eu,false,
2022-05-25 20:00:00,Slovakia,Slovakia,SK,324.99,367.21,64.38,23.03,entsoe.eu,false,
2022-05-25 21:00:00,Slovakia,Slovakia,SK,322.18,364.47,64.41,21.63,entsoe.eu,false,
2022-05-25 22:00:00,Slovakia,Slovakia,SK,307.19,349.14,65.85,20.53,entsoe.eu,false,
2022-05-25 23:00:00,Slovakia,Slovakia,SK,280.02,321.02,68.22,21.6,entsoe.eu,false,
2022-05-26 00:00:00,Slovakia,Slovakia,SK,282.06,323.67,67.82,21.71,entsoe.eu,false,
2022-05-26 01:00:00,Slovakia,Slovakia,SK,282.05,323.83,67.96,21.89,entsoe.eu,false,
2022-05-26 02:00:00,Slovakia,Slovakia,SK,299.06,341.43,66.54,22.54,entsoe.eu,false,
2022-05-26 03:00:00,Slovakia,Slovakia,SK,299.13,341.48,66.51,23.18,entsoe.eu,false,
2022-05-26 04:00:00,Slovakia,Slovakia,SK,294.2,336.33,67.32,27.73,entsoe.eu,false,
2022-05-26 05:00:00,Slovakia,Slovakia,SK,304.85,347.97,67.07,30.13,entsoe.eu,false,
2022-05-26 06:00:00,Slovakia,Slovakia,SK,273.82,315.71,70.1,33.32,entsoe.eu,false,
2022-05-26 07:00:00,Slovakia,Slovakia,SK,241.33,281.86,72.87,36.01,entsoe.eu,false,
2022-05-26 08:00:00,Slovakia,Slovakia,SK,215.65,254.7,75.08,37.7,entsoe.eu,false,
2022-05-26 09:00:00,Slovakia,Slovakia,SK,212.1,250.84,75.47,38.22,entsoe.eu,false,
2022-05-26 10:00:00,Slovakia,Slovakia,SK,219.59,258.06,74.83,37.91,entsoe.eu,false,
2022-05-26 11:00:00,Slovakia,Slovakia,SK,227.63,267.36,73.74,37.24,entsoe.eu,false,
2022-05-26 12:00:00,Slovakia,Slovakia,SK,227.82,268.37,73.71,36.6,entsoe.eu,false,
2022-05-26 13:00:00,Slovakia,Slovakia,SK,231.36,272.16,73.3,35.05,entsoe.eu,false,
2022-05-26 14:00:00,Slovakia,Slovakia,SK,237.26,278.11,72.63,34.32,entsoe.eu,false,
2022-05-26 15:00:00,Slovakia,Slovakia,SK,257.95,298.92,71.41,34.75,entsoe.eu,false,
2022-05-26 16:00:00,Slovakia,Slovakia,SK,279.61,322.43,68.76,33.07,entsoe.eu,false,
2022-05-26 17:00:00,Slovakia,Slovakia,SK,313.86,356.28,67.56,33.62,entsoe.eu,false,
2022-05-26 18:00:00,Slovakia,Slovakia,SK,324.37,367.67,66.51,32.08,entsoe.eu,false,
2022-05-26 19:00:00,Slovakia,Slovakia,SK,334.14,379.22,64.59,29.54,entsoe.eu,false,
2022-05-26 20:00:00,Slovakia,Slovakia,SK,329.46,375.15,63.76,26.65,entsoe.eu,false,
2022-05-26 21:00:00,Slovakia,Slovakia,SK,315.8,360.99,64.78,25.92,entsoe.eu,false,
2022-05-26 22:00:00,Slovakia,Slovakia,SK,308.17,352.73,65.56,24.2,entsoe.eu,false,
2022-05-26 23:00:00,Slovakia,Slovakia,SK,300.47,344.62,66.33,23.79,entsoe.eu,false,
2022-05-27 00:00:00,Slovakia,Slovakia,SK,316.82,362.04,64.93,23.39,entsoe.eu,false,
2022-05-27 01:00:00,Slovakia,Slovakia,SK,332.74,378.74,63.58,22.91,entsoe.eu,false,
2022-05-27 02:00:00,Slovakia,Slovakia,SK,333.23,379.62,63.49,23.04,entsoe.eu,false,
2022-05-27 03:00:00,Slovakia,Slovakia,SK,329.51,375.79,63.39,23.18,entsoe.eu,false,
2022-05-27 04:00:00,Slovakia,Slovakia,SK,322.66,368.45,63.71,25.92,entsoe.eu,false,
2022-05-27 05:00:00,Slovakia,Slovakia,SK,294.96,339.38,66.28,29.28,entsoe.eu,false,
2022-05-27 06:00:00,Slovakia,Slovakia,SK,275.54,317.57,69.51,34.0,entsoe.eu,false,
2022-05-27 07:00:00,Slovakia,Slovakia,SK,281.32,325.13,67.9,32.88,entsoe.eu,false,
2022-05-27 08:00:00,Slovakia,Slovakia,SK,268.79,311.92,69.02,33.89,entsoe.eu,false,
2022-05-27 09:00:00,Slovakia,Slovakia,SK,259.57,302.28,69.85,34.29,entsoe.eu,false,
2022-05-27 10:00:00,Slovakia,Slovakia,SK,263.36,306.05,69.88,35.34,entsoe.eu,false,
2022-05-27 11:00:00,Slovakia,Slovakia,SK,256.28,298.78,70.27,34.81,entsoe.eu,false,
2022-05-27 12:00:00,Slovakia,Slovakia,SK,264.44,307.06,69.31,33.76,entsoe.eu,false,
2022-05-27 13:00:00,Slovakia,Slovakia,SK,278.15,321.61,67.84,32.42,entsoe.eu,false,
2022-05-27 14:00:00,Slovakia,Slovakia,SK,294.37,338.23,66.39,31.18,entsoe.eu,false,
2022-05-27 15:00:00,Slovakia,Slovakia,SK,301.43,345.55,66.02,30.52,entsoe.eu,false,
2022-05-27 16:00:00,Slovakia,Slovakia,SK,319.38,362.95,65.56,31.66,entsoe.eu,false,
2022-05-27 17:00:00,Slovakia,Slovakia,SK,321.75,365.13,65.35,30.94,entsoe.eu,false,
2022-05-27 18:00:00,Slovakia,Slovakia,SK,331.1,374.75,64.83,29.88,entsoe.eu,false,
2022-05-27 19:00:00,Slovakia,Slovakia,SK,330.91,375.3,64.43,27.51,entsoe.eu,false,
2022-05-27 20:00:00,Slovakia,Slovakia,SK,314.5,357.84,65.95,26.9,entsoe.eu,false,
2022-05-27 21:00:00,Slovakia,Slovakia,SK,294.12,336.8,67.14,25.36,entsoe.eu,false,
2022-05-27 22:00:00,Slovakia,Slovakia,SK,300.76,344.34,66.59,24.94,entsoe.eu,false,
2022-05-27 23:00:00,Slovakia,Slovakia,SK,291.85,335.35,67.2,25.11,entsoe.eu,false,
2022-05-28 00:00:00,Slovakia,Slovakia,SK,285.95,329.19,67.8,24.95,entsoe.eu,false,
2022-05-28 01:00:00,Slovakia,Slovakia,SK,282.97,326.19,67.95,24.73,entsoe.eu,false,
2022-05-28 02:00:00,Slovakia,Slovakia,SK,283.18,326.61,67.89,24.87,entsoe.eu,false,
2022-05-28 03:00:00,Slovakia,Slovakia,SK,275.9,318.78,68.44,25.24,entsoe.eu,false,
2022-05-28 04:00:00,Slovakia,Slovakia,SK,268.12,310.9,69.31,26.95,entsoe.eu,false,
2022-05-28 05:00:00,Slovakia,Slovakia,SK,260.0,302.55,70.32,29.93,entsoe.eu,false,
2022-05-28 06:00:00,Slovakia,Slovakia,SK,236.9,278.73,72.49,32.2,entsoe.eu,false,
2022-05-28 07:00:00,Slovakia,Slovakia,SK,241.38,283.44,72.33,34.17,entsoe.eu,false,
2022-05-28 08:00:00,Slovakia,Slovakia,SK,246.01,288.47,72.05,35.11,entsoe.eu,false,
2022-05-28 09:00:00,Slovakia,Slovakia,SK,230.9,272.68,73.44,35.98,entsoe.eu,false,
2022-05-28 10:00:00,Slovakia,Slovakia,SK,220.43,261.62,74.26,35.86,entsoe.eu,false,
2022-05-28 11:00:00,Slovakia,Slovakia,SK,223.02,264.13,74.26,35.57,entsoe.eu,false,
2022-05-28 12:00:00,Slovakia,Slovakia,SK,212.58,253.06,75.15,35.05,entsoe.eu,false,
2022-05-28 13:00:00,Slovakia,Slovakia,SK,228.85,270.43,73.51,34.28,entsoe.eu,false,
2022-05-28 14:00:00,Slovakia,Slovakia,SK,246.61,288.76,71.78,32.34,entsoe.eu,false,
2022-05-28 15:00:00,Slovakia,Slovakia,SK,263.15,305.64,70.14,29.93,entsoe.eu,false,
2022-05-28 16:00:00,Slovakia,Slovakia,SK,284.69,328.07,68.17,28.23,entsoe.eu,false,
2022-05-28 17:00:00,Slovakia,Slovakia,SK,318.98,363.24,65.18,26.32,entsoe.eu,false,
2022-05-28 18:00:00,Slovakia,Slovakia,SK,331.98,375.29,65.22,27.75,entsoe.eu,false,
2022-05-28 19:00:00,Slovakia,Slovakia,SK,332.84,375.58,65.09,27.42,entsoe.eu,false,
2022-05-28 20:00:00,Slovakia,Slovakia,SK,336.17,378.75,64.44,26.22,entsoe.eu,false,
2022-05-28 21:00:00,Slovakia,Slovakia,SK,353.5,397.82,61.77,21.7,entsoe.eu,false,
2022-05-28 22:00:00,Slovakia,Slovakia,SK,368.89,414.14,60.27,19.62,entsoe.eu,false,
2022-05-28 23:00:00,Slovakia,Slovakia,SK,358.63,403.81,61.09,19.28,entsoe.eu,false,
2022-05-29 00:00:00,Slovakia,Slovakia,SK,360.46,406.29,60.9,18.99,entsoe.eu,false,
2022-05-29 01:00:00,Slovakia,Slovakia,SK,383.37,429.75,58.83,17.71,entsoe.eu,false,
2022-05-29 02:00:00,Slovakia,Slovakia,SK,392.12,439.36,57.96,17.49,entsoe.eu,false,
2022-05-29 03:00:00,Slovakia,Slovakia,SK,381.83,428.93,58.77,17.14,entsoe.eu,false,
2022-05-29 04:00:00,Slovakia,Slovakia,SK,376.38,422.67,59.25,17.34,entsoe.eu,false,
2022-05-29 05:00:00,Slovakia,Slovakia,SK,378.08,424.34,59.26,19.1,entsoe.eu,false,
2022-05-29 06:00:00,Slovakia,Slovakia,SK,366.73,412.83,60.63,22.35,entsoe.eu,false,
2022-05-29 07:00:00,Slovakia,Slovakia,SK,353.16,398.69,62.04,25.49,entsoe.eu,false,
2022-05-29 08:00:00,Slovakia,Slovakia,SK,342.6,387.62,63.23,27.32,entsoe.eu,false,
2022-05-29 09:00:00,Slovakia,Slovakia,SK,345.02,389.81,62.97,26.94,entsoe.eu,false,
2022-05-29 10:00:00,Slovakia,Slovakia,SK,351.83,396.59,62.33,26.02,entsoe.eu,false,
2022-05-29 11:00:00,Slovakia,Slovakia,SK,359.41,405.08,61.37,24.08,entsoe.eu,false,
2022-05-29 12:00:00,Slovakia,Slovakia,SK,371.66,418.25,60.37,23.36,entsoe.eu,false,
2022-05-29 13:00:00,Slovakia,Slovakia,SK,383.37,430.65,59.21,22.2,entsoe.eu,false,
2022-05-29 14:00:00,Slovakia,Slovakia,SK,395.99,443.77,57.86,20.06,entsoe.eu,false,
2022-05-29 15:00:00,Slovakia,Slovakia,SK,386.38,433.01,58.5,19.14,entsoe.eu,false,
2022-05-29 16:00:00,Slovakia,Slovakia,SK,356.97,401.38,61.22,20.86,entsoe.eu,false,
2022-05-29 17:00:00,Slovakia,Slovakia,SK,340.6,383.59,62.75,21.62,entsoe.eu,false,
2022-05-29 18:00:00,Slovakia,Slovakia,SK,323.34,363.98,65.19,24.2,entsoe.eu,false,
2022-05-29 19:00:00,Slovakia,Slovakia,SK,294.0,333.12,67.74,25.08,entsoe.eu,false,
2022-05-29 20:00:00,Slovakia,Slovakia,SK,303.5,345.07,65.84,22.04,entsoe.eu,false,
2022-05-29 21:00:00,Slovakia,Slovakia,SK,320.05,362.92,64.36,19.69,entsoe.eu,false,
2022-05-29 22:00:00,Slovakia,Slovakia,SK,356.78,402.18,60.97,14.59,entsoe.eu,false,
2022-05-29 23:00:00,Slovakia,Slovakia,SK,356.44,402.72,60.82,14.23,entsoe.eu,false,
2022-05-30 00:00:00,Slovakia,Slovakia,SK,334.36,379.89,62.69,14.81,entsoe.eu,false,
2022-05-30 01:00:00,Slovakia,Slovakia,SK,353.89,400.22,60.83,14.44,entsoe.eu,false,
2022-05-30 02:00:00,Slovakia,Slovakia,SK,367.92,415.14,59.41,14.78,entsoe.eu,false,
2022-05-30 03:00:00,Slovakia,Slovakia,SK,353.52,400.29,60.35,14.55,entsoe.eu,false,
2022-05-30 04:00:00,Slovakia,Slovakia,SK,300.03,341.73,65.31,21.46,entsoe.eu,false,
2022-05-30 05:00:00,Slovakia,Slovakia,SK,242.5,279.17,71.66,28.68,entsoe.eu,false,
2022-05-30 06:00:00,Slovakia,Slovakia,SK,237.49,273.21,72.52,29.81,entsoe.eu,false,
2022-05-30 07:00:00,Slovakia,Slovakia,SK,259.0,296.3,70.78,30.18,entsoe.eu,false,
2022-05-30 08:00:00,Slovakia,Slovakia,SK,272.93,311.98,68.98,27.97,entsoe.eu,false,
2022-05-30 09:00:00,Slovakia,Slovakia,SK,314.78,356.52,64.54,24.14,entsoe.eu,false,
2022-05-30 10:00:00,Slovakia,Slovakia,SK,339.24,382.8,61.92,23.34,entsoe.eu,false,
2022-05-30 11:00:00,Slovakia,Slovakia,SK,350.43,394.79,60.95,23.25,entsoe.eu,false,
2022-05-30 12:00:00,Slovakia,Slovakia,SK,359.69,404.67,60.17,23.11,entsoe.eu,false,
2022-05-30 13:00:00,Slovakia,Slovakia,SK,364.26,409.32,59.64,22.12,entsoe.eu,false,
2022-05-30 14:00:00,Slovakia,Slovakia,SK,366.08,411.21,59.42,21.87,entsoe.eu,false,
2022-05-30 15:00:00,Slovakia,Slovakia,SK,351.83,396.0,60.96,22.1,entsoe.eu,false,
2022-05-30 16:00:00,Slovakia,Slovakia,SK,331.4,374.04,62.76,21.65,entsoe.eu,false,
2022-05-30 17:00:00,Slovakia,Slovakia,SK,320.93,360.73,65.41,24.43,entsoe.eu,false,
2022-05-30 18:00:00,Slovakia,Slovakia,SK,339.92,380.7,63.64,23.84,entsoe.eu,false,
2022-05-30 19:00:00,Slovakia,Slovakia,SK,319.51,359.35,65.54,24.26,entsoe.eu,false,
2022-05-30 20:00:00,Slovakia,Slovakia,SK,346.05,389.14,61.57,19.93,entsoe.eu,false,
2022-05-30 21:00:00,Slovakia,Slovakia,SK,370.03,414.93,58.72,16.89,entsoe.eu,false,
2022-05-30 22:00:00,Slovakia,Slovakia,SK,391.29,436.18,57.53,12.94,entsoe.eu,false,
2022-05-30 23:00:00,Slovakia,Slovakia,SK,403.12,449.53,56.76,13.04,entsoe.eu,false,
2022-05-31 00:00:00,Slovakia,Slovakia,SK,411.95,459.06,55.91,12.67,entsoe.eu,false,
2022-05-31 01:00:00,Slovakia,Slovakia,SK,416.29,463.46,55.55,12.54,entsoe.eu,false,
2022-05-31 02:00:00,Slovakia,Slovakia,SK,416.5,464.65,55.35,12.57,entsoe.eu,false,
2022-05-31 03:00:00,Slovakia,Slovakia,SK,390.97,437.27,57.21,12.68,entsoe.eu,false,
2022-05-31 04:00:00,Slovakia,Slovakia,SK,365.52,411.57,58.83,16.33,entsoe.eu,false,
2022-05-31 05:00:00,Slovakia,Slovakia,SK,331.78,374.79,62.44,20.27,entsoe.eu,false,
2022-05-31 06:00:00,Slovakia,Slovakia,SK,325.29,367.9,63.77,23.09,entsoe.eu,false,
2022-05-31 07:00:00,Slovakia,Slovakia,SK,344.93,389.22,61.92,24.41,entsoe.eu,false,
2022-05-31 08:00:00,Slovakia,Slovakia,SK,338.21,382.38,62.45,25.55,entsoe.eu,false,
2022-05-31 09:00:00,Slovakia,Slovakia,SK,334.54,377.9,63.62,26.5,entsoe.eu,false,
2022-05-31 10:00:00,Slovakia,Slovakia,SK,335.11,378.14,63.77,26.87,entsoe.eu,false,
2022-05-31 11:00:00,Slovakia,Slovakia,SK,341.31,385.06,63.15,26.06,entsoe.eu,false,
2022-05-31 12:00:00,Slovakia,Slovakia,SK,352.37,397.23,62.16,25.25,entsoe.eu,false,
2022-05-31 13:00:00,Slovakia,Slovakia,SK,363.59,409.27,60.84,23.79,entsoe.eu,false,
2022-05-31 14:00:00,Slovakia,Slovakia,SK,362.69,407.73,60.44,21.5,entsoe.eu,false,
2022-05-31 15:00:00,Slovakia,Slovakia,SK,379.67,425.93,57.78,18.85,entsoe.eu,false,
2022-05-31 16:00:00,Slovakia,Slovakia,SK,389.12,435.02,57.26,18.2,entsoe.eu,false,
2022-05-31 17:00:00,Slovakia,Slovakia,SK,366.24,410.09,59.65,19.5,entsoe.eu,false,
2022-05-31 18:00:00,Slovakia,Slovakia,SK,368.87,411.49,60.26,20.74,entsoe.eu,false,
2022-05-31 19:00:00,Slovakia,Slovakia,SK,368.61,412.32,59.41,18.76,entsoe.eu,false,
2022-05-31 20:00:00,Slovakia,Slovakia,SK,365.39,410.07,59.1,16.8,entsoe.eu,false,
2022-05-31 21:00:00,Slovakia,Slovakia,SK,411.13,458.77,54.57,13.83,entsoe.eu,false,
2022-05-31 22:00:00,Slovakia,Slovakia,SK,434.59,482.71,53.73,14.47,entsoe.eu,false,
2022-05-31 23:00:00,Slovakia,Slovakia,SK,423.53,469.86,55.91,15.11,entsoe.eu,false,
2022-06-01 00:00:00,Slovakia,Slovakia,SK,429.46,476.58,55.34,14.9,entsoe.eu,false,
2022-06-01 01:00:00,Slovakia,Slovakia,SK,438.0,485.68,54.63,14.77,entsoe.eu,false,
2022-06-01 02:00:00,Slovakia,Slovakia,SK,446.0,493.9,53.8,14.87,entsoe.eu,false,
2022-06-01 03:00:00,Slovakia,Slovakia,SK,448.6,496.74,53.04,14.01,entsoe.eu,false,
2022-06-01 04:00:00,Slovakia,Slovakia,SK,389.17,433.21,57.51,17.52,entsoe.eu,false,
2022-06-01 05:00:00,Slovakia,Slovakia,SK,372.21,413.96,59.39,19.66,entsoe.eu,false,
2022-06-01 06:00:00,Slovakia,Slovakia,SK,358.16,399.16,61.09,22.39,entsoe.eu,false,
2022-06-01 07:00:00,Slovakia,Slovakia,SK,341.12,380.78,63.1,25.16,entsoe.eu,false,
2022-06-01 08:00:00,Slovakia,Slovakia,SK,338.55,378.59,63.45,26.69,entsoe.eu,false,
2022-06-01 09:00:00,Slovakia,Slovakia,SK,327.47,368.52,64.34,27.54,entsoe.eu,false,
2022-06-01 10:00:00,Slovakia,Slovakia,SK,326.49,367.43,64.43,27.92,entsoe.eu,false,
2022-06-01 11:00:00,Slovakia,Slovakia,SK,327.64,367.87,65.0,28.81,entsoe.eu,false,
2022-06-01 12:00:00,Slovakia,Slovakia,SK,337.32,379.05,63.17,27.15,entsoe.eu,false,
2022-06-01 13:00:00,Slovakia,Slovakia,SK,331.34,373.49,63.93,27.61,entsoe.eu,false,
2022-06-01 14:00:00,Slovakia,Slovakia,SK,351.02,393.75,62.4,26.22,entsoe.eu,false,
2022-06-01 15:00:00,Slovakia,Slovakia,SK,376.2,420.09,59.43,22.94,entsoe.eu,false,
2022-06-01 16:00:00,Slovakia,Slovakia,SK,397.75,442.77,57.23,20.55,entsoe.eu,false,
2022-06-01 17:00:00,Slovakia,Slovakia,SK,403.05,448.11,57.88,21.37,entsoe.eu,false,
2022-06-01 18:00:00,Slovakia,Slovakia,SK,411.45,456.15,57.55,22.0,entsoe.eu,false,
2022-06-01 19:00:00,Slovakia,Slovakia,SK,405.94,450.92,56.85,20.26,entsoe.eu,false,
2022-06-01 20:00:00,Slovakia,Slovakia,SK,421.63,467.92,55.0,17.41,entsoe.eu,false,
2022-06-01 21:00:00,Slovakia,Slovakia,SK,442.72,491.01,52.56,15.02,entsoe.eu,false,
2022-06-01 22:00:00,Slovakia,Slovakia,SK,444.61,492.09,53.17,14.12,entsoe.eu,false,
2022-06-01 23:00:00,Slovakia,Slovakia,SK,440.22,486.84,54.09,14.08,entsoe.eu,false,
2022-06-02 00:00:00,Slovakia,Slovakia,SK,438.64,485.14,54.39,13.77,entsoe.eu,false,
2022-06-02 01:00:00,Slovakia,Slovakia,SK,443.55,490.63,53.88,13.84,entsoe.eu,false,
2022-06-02 02:00:00,Slovakia,Slovakia,SK,442.64,490.01,53.9,14.14,entsoe.eu,false,
2022-06-02 03:00:00,Slovakia,Slovakia,SK,446.34,494.32,53.08,14.37,entsoe.eu,false,
2022-06-02 04:00:00,Slovakia,Slovakia,SK,411.51,458.83,55.45,16.92,entsoe.eu,false,
2022-06-02 05:00:00,Slovakia,Slovakia,SK,377.99,422.85,58.81,19.89,entsoe.eu,false,
2022-06-02 06:00:00,Slovakia,Slovakia,SK,352.56,396.2,61.39,22.75,entsoe.eu,false,
2022-06-02 07:00:00,Slovakia,Slovakia,SK,333.9,375.48,63.19,25.19,entsoe.eu,false,
2022-06-02 08:00:00,Slovakia,Slovakia,SK,323.37,363.52,64.8,25.93,entsoe.eu,false,
2022-06-02 09:00:00,Slovakia,Slovakia,SK,332.34,372.92,64.95,27.03,entsoe.eu,false,
2022-06-02 10:00:00,Slovakia,Slovakia,SK,321.32,361.85,65.84,27.48,entsoe.eu,false,
2022-06-02 11:00:00,Slovakia,Slovakia,SK,320.63,360.95,65.82,28.3,entsoe.eu,false,
2022-06-02 12:00:00,Slovakia,Slovakia,SK,337.89,379.07,64.15,28.15,entsoe.eu,false,
2022-06-02 13:00:00,Slovakia,Slovakia,SK,336.97,377.82,64.23,27.3,entsoe.eu,false,
2022-06-02 14:00:00,Slovakia,Slovakia,SK,351.48,393.32,62.61,25.84,entsoe.eu,false,
2022-06-02 15:00:00,Slovakia,Slovakia,SK,370.88,414.33,59.86,22.64,entsoe.eu,false,
2022-06-02 16:00:00,Slovakia,Slovakia,SK,393.62,437.98,57.72,21.05,entsoe.eu,false,
2022-06-02 17:00:00,Slovakia,Slovakia,SK,401.34,444.87,58.13,21.92,entsoe.eu,false,
2022-06-02 18:00:00,Slovakia,Slovakia,SK,390.08,432.05,59.26,21.74,entsoe.eu,false,
2022-06-02 19:00:00,Slovakia,Slovakia,SK,397.42,441.29,57.46,19.02,entsoe.eu,false,
2022-06-02 20:00:00,Slovakia,Slovakia,SK,411.1,455.54,56.11,17.18,entsoe.eu,false,
2022-06-02 21:00:00,Slovakia,Slovakia,SK,441.08,486.79,53.24,13.3,entsoe.eu,false,
2022-06-02 22:00:00,Slovakia,Slovakia,SK,446.81,491.97,53.22,12.37,entsoe.eu,false,
2022-06-02 23:00:00,Slovakia,Slovakia,SK,438.24,483.31,54.32,12.91,entsoe.eu,false,
2022-06-03 00:00:00,Slovakia,Slovakia,SK,434.76,480.0,54.69,12.3,entsoe.eu,false,
2022-06-03 01:00:00,Slovakia,Slovakia,SK,419.54,464.42,55.98,12.14,entsoe.eu,false,
2022-06-03 02:00:00,Slovakia,Slovakia,SK,419.87,465.34,55.76,12.14,entsoe.eu,false,
2022-06-03 03:00:00,Slovakia,Slovakia,SK,412.96,458.67,55.95,12.36,entsoe.eu,false,
2022-06-03 04:00:00,Slovakia,Slovakia,SK,377.34,421.55,58.8,16.23,entsoe.eu,false,
2022-06-03 05:00:00,Slovakia,Slovakia,SK,349.13,391.93,61.8,20.95,entsoe.eu,false,
2022-06-03 06:00:00,Slovakia,Slovakia,SK,303.51,345.08,65.89,24.53,entsoe.eu,false,
2022-06-03 07:00:00,Slovakia,Slovakia,SK,310.13,351.06,65.59,25.81,entsoe.eu,false,
2022-06-03 08:00:00,Slovakia,Slovakia,SK,329.79,372.4,63.92,25.28,entsoe.eu,false,
2022-06-03 09:00:00,Slovakia,Slovakia,SK,321.66,363.77,65.07,26.84,entsoe.eu,false,
2022-06-03 10:00:00,Slovakia,Slovakia,SK,328.05,369.42,65.23,28.53,entsoe.eu,false,
2022-06-03 11:00:00,Slovakia,Slovakia,SK,318.91,359.33,65.93,28.26,entsoe.eu,false,
2022-06-03 12:00:00,Slovakia,Slovakia,SK,336.41,377.74,64.41,27.46,entsoe.eu,false,
2022-06-03 13:00:00,Slovakia,Slovakia,SK,341.74,383.16,63.76,26.34,entsoe.eu,false,
2022-06-03 14:00:00,Slovakia,Slovakia,SK,369.82,412.79,60.93,24.07,entsoe.eu,false,
2022-06-03 15:00:00,Slovakia,Slovakia,SK,382.2,425.21,59.46,21.89,entsoe.eu,false,
2022-06-03 16:00:00,Slovakia,Slovakia,SK,374.79,416.31,60.01,20.68,entsoe.eu,false,
2022-06-03 17:00:00,Slovakia,Slovakia,SK,344.35,383.15,63.12,22.55,entsoe.eu,false,
2022-06-03 18:00:00,Slovakia,Slovakia,SK,355.99,395.1,62.12,22.76,entsoe.eu,false,
2022-06-03 19:00:00,Slovakia,Slovakia,SK,363.0,403.5,60.21,19.16,entsoe.eu,false,
2022-06-03 20:00:00,Slovakia,Slovakia,SK,351.44,391.61,60.51,18.17,entsoe.eu,false,
2022-06-03 21:00:00,Slovakia,Slovakia,SK,380.14,420.89,59.04,16.22,entsoe.eu,false,
2022-06-03 22:00:00,Slovakia,Slovakia,SK,372.62,413.32,60.06,15.81,entsoe.eu,false,
2022-06-03 23:00:00,Slovakia,Slovakia,SK,369.56,411.76,60.58,16.16,entsoe.eu,false,
2022-06-04 00:00:00,Slovakia,Slovakia,SK,391.73,435.02,58.56,14.85,entsoe.eu,false,
2022-06-04 01:00:00,Slovakia,Slovakia,SK,369.73,412.48,60.5,14.9,entsoe.eu,false,
2022-06-04 02:00:00,Slovakia,Slovakia,SK,373.16,417.21,59.96,14.77,entsoe.eu,false,
2022-06-04 03:00:00,Slovakia,Slovakia,SK,390.02,435.37,58.58,14.75,entsoe.eu,false,
2022-06-04 04:00:00,Slovakia,Slovakia,SK,352.22,394.46,61.96,16.93,entsoe.eu,false,
2022-06-04 05:00:00,Slovakia,Slovakia,SK,310.08,348.45,65.79,18.45,entsoe.eu,false,
2022-06-04 06:00:00,Slovakia,Slovakia,SK,296.43,333.24,67.35,20.89,entsoe.eu,false,
2022-06-04 07:00:00,Slovakia,Slovakia,SK,291.09,328.0,67.9,22.26,entsoe.eu,false,
2022-06-04 08:00:00,Slovakia,Slovakia,SK,308.66,347.51,66.61,23.91,entsoe.eu,false,
2022-06-04 09:00:00,Slovakia,Slovakia,SK,312.01,351.85,66.25,26.03,entsoe.eu,false,
2022-06-04 10:00:00,Slovakia,Slovakia,SK,316.47,356.6,65.61,25.56,entsoe.eu,false,
2022-06-04 11:00:00,Slovakia,Slovakia,SK,316.66,357.71,65.58,25.88,entsoe.eu,false,
2022-06-04 12:00:00,Slovakia,Slovakia,SK,314.85,355.81,65.78,25.71,entsoe.eu,false,
2022-06-04 13:00:00,Slovakia,Slovakia,SK,332.12,374.38,64.22,25.34,entsoe.eu,false,
2022-06-04 14:00:00,Slovakia,Slovakia,SK,336.66,378.74,63.78,24.7,entsoe.eu,false,
2022-06-04 15:00:00,Slovakia,Slovakia,SK,353.01,394.88,62.09,22.88,entsoe.eu,false,
2022-06-04 16:00:00,Slovakia,Slovakia,SK,347.27,388.14,62.5,21.89,entsoe.eu,false,
2022-06-04 17:00:00,Slovakia,Slovakia,SK,361.97,403.39,61.53,21.63,entsoe.eu,false,
2022-06-04 18:00:00,Slovakia,Slovakia,SK,355.23,394.88,63.03,22.51,entsoe.eu,false,
2022-06-04 19:00:00,Slovakia,Slovakia,SK,346.94,386.03,63.93,22.33,entsoe.eu,false,
2022-06-04 20:00:00,Slovakia,Slovakia,SK,355.99,396.82,62.06,21.03,entsoe.eu,false,
2022-06-04 21:00:00,Slovakia,Slovakia,SK,387.23,429.98,59.1,17.33,entsoe.eu,false,
2022-06-04 22:00:00,Slovakia,Slovakia,SK,403.57,447.24,57.58,15.11,entsoe.eu,false,
2022-06-04 23:00:00,Slovakia,Slovakia,SK,405.12,449.63,57.5,15.08,entsoe.eu,false,
2022-06-05 00:00:00,Slovakia,Slovakia,SK,415.74,461.23,56.38,13.82,entsoe.eu,false,
2022-06-05 01:00:00,Slovakia,Slovakia,SK,417.14,463.07,56.18,13.63,entsoe.eu,false,
2022-06-05 02:00:00,Slovakia,Slovakia,SK,415.44,461.98,56.4,13.79,entsoe.eu,false,
2022-06-05 03:00:00,Slovakia,Slovakia,SK,404.81,450.64,57.34,14.29,entsoe.eu,false,
2022-06-05 04:00:00,Slovakia,Slovakia,SK,391.32,435.75,58.76,16.45,entsoe.eu,false,
2022-06-05 05:00:00,Slovakia,Slovakia,SK,386.34,431.14,59.57,20.22,entsoe.eu,false,
2022-06-05 06:00:00,Slovakia,Slovakia,SK,362.73,406.58,61.89,23.67,entsoe.eu,false,
2022-06-05 07:00:00,Slovakia,Slovakia,SK,347.85,391.82,63.09,25.93,entsoe.eu,false,
2022-06-05 08:00:00,Slovakia,Slovakia,SK,326.58,369.69,65.13,28.41,entsoe.eu,false,
2022-06-05 09:00:00,Slovakia,Slovakia,SK,306.33,348.92,66.85,29.38,entsoe.eu,false,
2022-06-05 10:00:00,Slovakia,Slovakia,SK,300.15,342.58,67.36,29.67,entsoe.eu,false,
2022-06-05 11:00:00,Slovakia,Slovakia,SK,302.04,345.18,67.04,29.4,entsoe.eu,false,
2022-06-05 12:00:00,Slovakia,Slovakia,SK,306.97,350.08,66.46,28.29,entsoe.eu,false,
2022-06-05 13:00:00,Slovakia,Slovakia,SK,326.04,368.92,64.64,26.76,entsoe.eu,false,
2022-06-05 14:00:00,Slovakia,Slovakia,SK,340.41,383.41,63.49,25.61,entsoe.eu,false,
2022-06-05 15:00:00,Slovakia,Slovakia,SK,371.6,415.27,60.81,23.21,entsoe.eu,false,
2022-06-05 16:00:00,Slovakia,Slovakia,SK,376.5,419.03,60.38,21.44,entsoe.eu,false,
2022-06-05 17:00:00,Slovakia,Slovakia,SK,368.23,409.18,61.23,21.62,entsoe.eu,false,
2022-06-05 18:00:00,Slovakia,Slovakia,SK,363.61,403.57,62.24,23.06,entsoe.eu,false,
2022-06-05 19:00:00,Slovakia,Slovakia,SK,361.5,401.94,61.71,22.38,entsoe.eu,false,
2022-06-05 20:00:00,Slovakia,Slovakia,SK,354.57,395.35,62.1,21.66,entsoe.eu,false,
2022-06-05 21:00:00,Slovakia,Slovakia,SK,370.69,412.66,60.64,19.27,entsoe.eu,false,
2022-06-05 22:00:00,Slovakia,Slovakia,SK,359.09,399.72,61.79,17.57,entsoe.eu,false,
2022-06-05 23:00:00,Slovakia,Slovakia,SK,348.24,388.21,62.92,17.23,entsoe.eu,false,
2022-06-06 00:00:00,Slovakia,Slovakia,SK,335.26,374.94,64.09,16.59,entsoe.eu,false,
2022-06-06 01:00:00,Slovakia,Slovakia,SK,331.58,371.16,64.39,17.24,entsoe.eu,false,
2022-06-06 02:00:00,Slovakia,Slovakia,SK,327.45,368.39,64.74,19.59,entsoe.eu,false,
2022-06-06 03:00:00,Slovakia,Slovakia,SK,346.88,388.39,62.95,19.31,entsoe.eu,false,
2022-06-06 04:00:00,Slovakia,Slovakia,SK,340.59,380.52,63.65,21.04,entsoe.eu,false,
2022-06-06 05:00:00,Slovakia,Slovakia,SK,344.73,385.29,63.52,23.42,entsoe.eu,false,
2022-06-06 06:00:00,Slovakia,Slovakia,SK,329.85,369.9,65.06,24.97,entsoe.eu,false,
2022-06-06 07:00:00,Slovakia,Slovakia,SK,317.25,357.09,66.31,26.62,entsoe.eu,false,
2022-06-06 08:00:00,Slovakia,Slovakia,SK,304.34,343.88,67.62,27.43,entsoe.eu,false,
2022-06-06 09:00:00,Slovakia,Slovakia,SK,294.44,333.93,68.5,28.57,entsoe.eu,false,
2022-06-06 10:00:00,Slovakia,Slovakia,SK,294.22,333.76,68.48,28.54,entsoe.eu,false,
2022-06-06 11:00:00,Slovakia,Slovakia,SK,288.35,327.51,69.01,28.2,entsoe.eu,false,
2022-06-06 12:00:00,Slovakia,Slovakia,SK,293.72,332.67,68.63,27.83,entsoe.eu,false,
2022-06-06 13:00:00,Slovakia,Slovakia,SK,306.98,346.51,67.31,27.24,entsoe.eu,false,
2022-06-06 14:00:00,Slovakia,Slovakia,SK,314.49,353.89,66.33,26.1,entsoe.eu,false,
2022-06-06 15:00:00,Slovakia,Slovakia,SK,333.7,373.84,64.72,24.82,entsoe.eu,false,
2022-06-06 16:00:00,Slovakia,Slovakia,SK,358.14,398.77,62.9,24.15,entsoe.eu,false,
2022-06-06 17:00:00,Slovakia,Slovakia,SK,358.48,397.27,64.28,27.51,entsoe.eu,false,
2022-06-06 18:00:00,Slovakia,Slovakia,SK,360.0,398.49,64.21,27.83,entsoe.eu,false,
2022-06-06 19:00:00,Slovakia,Slovakia,SK,358.47,397.07,64.34,27.61,entsoe.eu,false,
2022-06-06 20:00:00,Slovakia,Slovakia,SK,367.83,408.45,61.5,21.62,entsoe.eu,false,
2022-06-06 21:00:00,Slovakia,Slovakia,SK,371.21,411.44,60.73,18.5,entsoe.eu,false,
2022-06-06 22:00:00,Slovakia,Slovakia,SK,378.28,418.96,60.13,15.67,entsoe.eu,false,
2022-06-06 23:00:00,Slovakia,Slovakia,SK,383.71,424.99,59.82,15.73,entsoe.eu,false,
2022-06-07 00:00:00,Slovakia,Slovakia,SK,382.08,423.91,59.98,16.15,entsoe.eu,false,
2022-06-07 01:00:00,Slovakia,Slovakia,SK,372.76,414.22,60.79,16.48,entsoe.eu,false,
2022-06-07 02:00:00,Slovakia,Slovakia,SK,384.67,427.0,59.53,16.55,entsoe.eu,false,
2022-06-07 03:00:00,Slovakia,Slovakia,SK,400.03,443.83,57.66,16.62,entsoe.eu,false,
2022-06-07 04:00:00,Slovakia,Slovakia,SK,349.98,391.88,61.53,20.49,entsoe.eu,false,
2022-06-07 05:00:00,Slovakia,Slovakia,SK,347.25,389.24,62.02,23.24,entsoe.eu,false,
2022-06-07 06:00:00,Slovakia,Slovakia,SK,321.36,361.86,64.95,26.86,entsoe.eu,false,
2022-06-07 07:00:00,Slovakia,Slovakia,SK,317.17,358.84,65.13,28.31,entsoe.eu,false,
2022-06-07 08:00:00,Slovakia,Slovakia,SK,321.01,363.33,65.0,29.55,entsoe.eu,false,
2022-06-07 09:00:00,Slovakia,Slovakia,SK,330.41,373.3,64.09,28.67,entsoe.eu,false,
2022-06-07 10:00:00,Slovakia,Slovakia,SK,338.35,381.4,63.3,28.5,entsoe.eu,false,
2022-06-07 11:00:00,Slovakia,Slovakia,SK,339.9,383.24,63.03,28.1,entsoe.eu,false,
2022-06-07 12:00:00,Slovakia,Slovakia,SK,345.78,389.32,62.37,26.99,entsoe.eu,false,
2022-06-07 13:00:00,Slovakia,Slovakia,SK,342.1,386.55,62.2,26.1,entsoe.eu,false,
2022-06-07 14:00:00,Slovakia,Slovakia,SK,351.27,396.2,61.16,24.1,entsoe.eu,false,
2022-06-07 15:00:00,Slovakia,Slovakia,SK,361.88,405.86,60.4,22.06,entsoe.eu,false,
2022-06-07 16:00:00,Slovakia,Slovakia,SK,351.77,392.24,62.77,24.94,entsoe.eu,false,
2022-06-07 17:00:00,Slovakia,Slovakia,SK,334.14,372.37,64.36,25.07,entsoe.eu,false,
2022-06-07 18:00:00,Slovakia,Slovakia,SK,349.54,388.45,62.79,23.21,entsoe.eu,false,
2022-06-07 19:00:00,Slovakia,Slovakia,SK,345.35,383.75,63.09,22.08,entsoe.eu,false,
2022-06-07 20:00:00,Slovakia,Slovakia,SK,368.18,410.1,59.2,17.08,entsoe.eu,false,
2022-06-07 21:00:00,Slovakia,Slovakia,SK,395.81,438.98,57.1,15.18,entsoe.eu,false,
2022-06-07 22:00:00,Slovakia,Slovakia,SK,401.45,443.82,57.62,14.24,entsoe.eu,false,
2022-06-07 23:00:00,Slovakia,Slovakia,SK,391.41,432.71,58.72,14.02,entsoe.eu,false,
2022-06-08 00:00:00,Slovakia,Slovakia,SK,390.58,432.25,58.82,13.76,entsoe.eu,false,
2022-06-08 01:00:00,Slovakia,Slovakia,SK,380.16,421.67,59.81,13.87,entsoe.eu,false,
2022-06-08 02:00:00,Slovakia,Slovakia,SK,395.63,437.84,58.34,13.28,entsoe.eu,false,
2022-06-08 03:00:00,Slovakia,Slovakia,SK,399.38,441.99,57.38,13.39,entsoe.eu,false,
2022-06-08 04:00:00,Slovakia,Slovakia,SK,332.28,372.27,62.5,18.09,entsoe.eu,false,
2022-06-08 05:00:00,Slovakia,Slovakia,SK,328.11,366.71,64.22,22.05,entsoe.eu,false,
2022-06-08 06:00:00,Slovakia,Slovakia,SK,322.88,360.25,65.61,25.24,entsoe.eu,false,
2022-06-08 07:00:00,Slovakia,Slovakia,SK,326.08,364.14,65.15,25.02,entsoe.eu,false,
2022-06-08 08:00:00,Slovakia,Slovakia,SK,306.06,344.23,65.78,23.31,entsoe.eu,false,
2022-06-08 09:00:00,Slovakia,Slovakia,SK,298.87,336.86,66.86,25.11,entsoe.eu,false,
2022-06-08 10:00:00,Slovakia,Slovakia,SK,306.49,345.37,65.88,24.84,entsoe.eu,false,
2022-06-08 11:00:00,Slovakia,Slovakia,SK,295.4,333.34,66.87,24.84,entsoe.eu,false,
2022-06-08 12:00:00,Slovakia,Slovakia,SK,287.09,324.3,67.59,24.34,entsoe.eu,false,
2022-06-08 13:00:00,Slovakia,Slovakia,SK,289.8,325.77,68.34,26.34,entsoe.eu,false,
2022-06-08 14:00:00,Slovakia,Slovakia,SK,295.77,332.16,67.67,25.54,entsoe.eu,false,
2022-06-08 15:00:00,Slovakia,Slovakia,SK,295.66,331.42,67.8,25.6,entsoe.eu,false,
2022-06-08 16:00:00,Slovakia,Slovakia,SK,277.5,311.78,69.28,25.62,entsoe.eu,false,
2022-06-08 17:00:00,Slovakia,Slovakia,SK,291.21,326.96,67.55,23.37,entsoe.eu,false,
2022-06-08 18:00:00,Slovakia,Slovakia,SK,327.5,365.78,63.92,20.69,entsoe.eu,false,
2022-06-08 19:00:00,Slovakia,Slovakia,SK,321.87,359.65,64.27,19.58,entsoe.eu,false,
2022-06-08 20:00:00,Slovakia,Slovakia,SK,312.84,349.7,64.88,19.03,entsoe.eu,false,
2022-06-08 21:00:00,Slovakia,Slovakia,SK,321.74,359.16,64.04,17.71,entsoe.eu,false,
2022-06-08 22:00:00,Slovakia,Slovakia,SK,358.25,397.81,61.56,15.64,entsoe.eu,false,
2022-06-08 23:00:00,Slovakia,Slovakia,SK,350.33,388.99,63.15,15.98,entsoe.eu,false,
2022-06-09 00:00:00,Slovakia,Slovakia,SK,358.72,398.57,62.5,15.34,entsoe.eu,false,
2022-06-09 01:00:00,Slovakia,Slovakia,SK,361.85,402.21,62.17,14.5,entsoe.eu,false,
2022-06-09 02:00:00,Slovakia,Slovakia,SK,364.32,405.5,61.94,14.34,entsoe.eu,false,
2022-06-09 03:00:00,Slovakia,Slovakia,SK,351.82,391.66,63.17,14.75,entsoe.eu,false,
2022-06-09 04:00:00,Slovakia,Slovakia,SK,253.4,286.91,71.74,18.38,entsoe.eu,false,
2022-06-09 05:00:00,Slovakia,Slovakia,SK,241.22,275.54,72.57,20.03,entsoe.eu,false,
2022-06-09 06:00:00,Slovakia,Slovakia,SK,254.01,288.89,72.16,23.51,entsoe.eu,false,
2022-06-09 07:00:00,Slovakia,Slovakia,SK,278.98,316.13,69.38,22.95,entsoe.eu,false,
2022-06-09 08:00:00,Slovakia,Slovakia,SK,290.99,329.92,68.16,24.23,entsoe.eu,false,
2022-06-09 09:00:00,Slovakia,Slovakia,SK,294.29,333.62,67.85,24.44,entsoe.eu,false,
2022-06-09 10:00:00,Slovakia,Slovakia,SK,298.23,337.58,67.28,22.85,entsoe.eu,false,
2022-06-09 11:00:00,Slovakia,Slovakia,SK,304.42,343.33,66.79,22.39,entsoe.eu,false,
2022-06-09 12:00:00,Slovakia,Slovakia,SK,299.07,336.97,67.25,21.09,entsoe.eu,false,
2022-06-09 13:00:00,Slovakia,Slovakia,SK,295.7,333.21,67.48,20.4,entsoe.eu,false,
2022-06-09 14:00:00,Slovakia,Slovakia,SK,312.7,350.86,65.66,18.66,entsoe.eu,false,
2022-06-09 15:00:00,Slovakia,Slovakia,SK,300.84,337.86,66.78,18.78,entsoe.eu,false,
2022-06-09 16:00:00,Slovakia,Slovakia,SK,276.59,311.54,69.14,19.34,entsoe.eu,false,
2022-06-09 17:00:00,Slovakia,Slovakia,SK,269.72,303.71,70.52,20.98,entsoe.eu,false,
2022-06-09 18:00:00,Slovakia,Slovakia,SK,275.73,309.04,71.54,24.05,entsoe.eu,false,
2022-06-09 19:00:00,Slovakia,Slovakia,SK,229.74,261.91,73.5,19.74,entsoe.eu,false,
2022-06-09 20:00:00,Slovakia,Slovakia,SK,231.54,264.2,73.19,19.12,entsoe.eu,false,
2022-06-09 21:00:00,Slovakia,Slovakia,SK,245.09,278.31,72.27,16.82,entsoe.eu,false,
2022-06-09 22:00:00,Slovakia,Slovakia,SK,287.84,323.65,69.27,16.0,entsoe.eu,false,
2022-06-09 23:00:00,Slovakia,Slovakia,SK,280.6,317.6,70.03,16.72,entsoe.eu,false,
2022-06-10 00:00:00,Slovakia,Slovakia,SK,272.9,310.27,70.85,17.24,entsoe.eu,false,
2022-06-10 01:00:00,Slovakia,Slovakia,SK,275.46,313.47,70.19,17.27,entsoe.eu,false,
2022-06-10 02:00:00,Slovakia,Slovakia,SK,275.9,313.59,70.26,17.79,entsoe.eu,false,
2022-06-10 03:00:00,Slovakia,Slovakia,SK,273.71,311.01,70.6,18.19,entsoe.eu,false,
2022-06-10 04:00:00,Slovakia,Slovakia,SK,221.14,255.06,74.88,21.66,entsoe.eu,false,
2022-06-10 05:00:00,Slovakia,Slovakia,SK,217.31,250.82,75.4,23.75,entsoe.eu,false,
2022-06-10 06:00:00,Slovakia,Slovakia,SK,221.83,255.51,75.0,24.27,entsoe.eu,false,
2022-06-10 07:00:00,Slovakia,Slovakia,SK,234.13,268.63,73.85,25.02,entsoe.eu,false,
2022-06-10 08:00:00,Slovakia,Slovakia,SK,234.99,269.43,73.91,26.32,entsoe.eu,false,
2022-06-10 09:00:00,Slovakia,Slovakia,SK,229.28,263.52,74.45,27.04,entsoe.eu,false,
2022-06-10 10:00:00,Slovakia,Slovakia,SK,223.86,257.79,75.19,28.28,entsoe.eu,false,
2022-06-10 11:00:00,Slovakia,Slovakia,SK,230.74,265.14,74.9,28.44,entsoe.eu,false,
2022-06-10 12:00:00,Slovakia,Slovakia,SK,232.58,267.03,74.62,27.23,entsoe.eu,false,
2022-06-10 13:00:00,Slovakia,Slovakia,SK,237.34,271.72,74.24,26.66,entsoe.eu,false,
2022-06-10 14:00:00,Slovakia,Slovakia,SK,254.69,289.6,72.56,25.81,entsoe.eu,false,
2022-06-10 15:00:00,Slovakia,Slovakia,SK,246.03,280.01,73.26,25.22,entsoe.eu,false,
2022-06-10 16:00:00,Slovakia,Slovakia,SK,226.29,259.07,75.02,25.02,entsoe.eu,false,
2022-06-10 17:00:00,Slovakia,Slovakia,SK,177.08,206.87,79.47,24.3,entsoe.eu,false,
2022-06-10 18:00:00,Slovakia,Slovakia,SK,168.78,196.49,82.15,30.83,entsoe.eu,false,
2022-06-10 19:00:00,Slovakia,Slovakia,SK,185.65,216.91,78.84,24.79,entsoe.eu,false,
2022-06-10 20:00:00,Slovakia,Slovakia,SK,223.1,256.55,75.16,23.42,entsoe.eu,false,
2022-06-10 21:00:00,Slovakia,Slovakia,SK,262.32,298.49,71.6,20.51,entsoe.eu,false,
2022-06-10 22:00:00,Slovakia,Slovakia,SK,245.07,281.63,72.96,19.36,entsoe.eu,false,
2022-06-10 23:00:00,Slovakia,Slovakia,SK,209.52,245.34,76.12,20.45,entsoe.eu,false,
2022-06-11 00:00:00,Slovakia,Slovakia,SK,208.09,244.2,76.24,19.66,entsoe.eu,false,
2022-06-11 01:00:00,Slovakia,Slovakia,SK,217.74,254.45,75.32,19.41,entsoe.eu,false,
2022-06-11 02:00:00,Slovakia,Slovakia,SK,220.75,258.27,74.89,19.14,entsoe.eu,false,
2022-06-11 03:00:00,Slovakia,Slovakia,SK,216.08,252.99,75.38,18.85,entsoe.eu,false,
2022-06-11 04:00:00,Slovakia,Slovakia,SK,218.31,254.61,75.28,21.73,entsoe.eu,false,
2022-06-11 05:00:00,Slovakia,Slovakia,SK,219.54,254.16,75.1,22.82,entsoe.eu,false,
2022-06-11 06:00:00,Slovakia,Slovakia,SK,227.47,262.47,74.51,24.85,entsoe.eu,false,
2022-06-11 07:00:00,Slovakia,Slovakia,SK,229.41,265.02,74.47,27.14,entsoe.eu,false,
2022-06-11 08:00:00,Slovakia,Slovakia,SK,201.72,236.77,77.06,28.81,entsoe.eu,false,
2022-06-11 09:00:00,Slovakia,Slovakia,SK,185.01,219.07,78.55,29.03,entsoe.eu,false,
2022-06-11 10:00:00,Slovakia,Slovakia,SK,159.57,191.99,80.77,28.82,entsoe.eu,false,
2022-06-11 11:00:00,Slovakia,Slovakia,SK,156.41,188.91,81.01,28.19,entsoe.eu,false,
2022-06-11 12:00:00,Slovakia,Slovakia,SK,114.87,145.47,84.7,26.05,entsoe.eu,false,
2022-06-11 13:00:00,Slovakia,Slovakia,SK,185.58,220.1,78.33,26.3,entsoe.eu,false,
2022-06-11 14:00:00,Slovakia,Slovakia,SK,199.15,233.94,77.06,25.44,entsoe.eu,false,
2022-06-11 15:00:00,Slovakia,Slovakia,SK,229.18,264.9,74.24,23.41,entsoe.eu,false,
2022-06-11 16:00:00,Slovakia,Slovakia,SK,230.59,265.12,74.26,22.44,entsoe.eu,false,
2022-06-11 17:00:00,Slovakia,Slovakia,SK,223.22,256.46,75.24,22.9,entsoe.eu,false,
2022-06-11 18:00:00,Slovakia,Slovakia,SK,214.61,247.06,76.06,22.71,entsoe.eu,false,
2022-06-11 19:00:00,Slovakia,Slovakia,SK,196.74,228.43,77.53,23.53,entsoe.eu,false,
2022-06-11 20:00:00,Slovakia,Slovakia,SK,189.08,221.69,78.07,22.61,entsoe.eu,false,
2022-06-11 21:00:00,Slovakia,Slovakia,SK,186.02,219.46,78.25,21.56,entsoe.eu,false,
2022-06-11 22:00:00,Slovakia,Slovakia,SK,223.61,260.14,74.9,19.49,entsoe.eu,false,
2022-06-11 23:00:00,Slovakia,Slovakia,SK,225.4,262.93,74.75,19.12,entsoe.eu,false,
2022-06-12 00:00:00,Slovakia,Slovakia,SK,216.88,254.32,75.54,19.14,entsoe.eu,false,
2022-06-12 01:00:00,Slovakia,Slovakia,SK,219.27,256.83,75.31,18.79,entsoe.eu,false,
2022-06-12 02:00:00,Slovakia,Slovakia,SK,193.21,229.9,77.5,18.57,entsoe.eu,false,
2022-06-12 03:00:00,Slovakia,Slovakia,SK,183.52,219.38,78.32,18.12,entsoe.eu,false,
2022-06-12 04:00:00,Slovakia,Slovakia,SK,172.36,207.22,79.31,19.05,entsoe.eu,false,
2022-06-12 05:00:00,Slovakia,Slovakia,SK,191.48,228.7,77.7,20.01,entsoe.eu,false,
2022-06-12 06:00:00,Slovakia,Slovakia,SK,166.92,202.17,80.02,23.44,entsoe.eu,false,
2022-06-12 07:00:00,Slovakia,Slovakia,SK,157.45,191.6,80.9,25.42,entsoe.eu,false,
2022-06-12 08:00:00,Slovakia,Slovakia,SK,132.13,163.97,83.08,25.83,entsoe.eu,false,
2022-06-12 09:00:00,Slovakia,Slovakia,SK,123.42,154.4,83.79,25.98,entsoe.eu,false,
2022-06-12 10:00:00,Slovakia,Slovakia,SK,111.1,140.8,84.88,25.44,entsoe.eu,false,
2022-06-12 11:00:00,Slovakia,Slovakia,SK,113.88,144.01,84.51,25.77,entsoe.eu,false,
2022-06-12 12:00:00,Slovakia,Slovakia,SK,117.4,148.46,84.29,25.57,entsoe.eu,false,
2022-06-12 13:00:00,Slovakia,Slovakia,SK,130.59,162.96,83.04,25.3,entsoe.eu,false,
2022-06-12 14:00:00,Slovakia,Slovakia,SK,193.41,229.42,77.45,24.55,entsoe.eu,false,
2022-06-12 15:00:00,Slovakia,Slovakia,SK,211.37,247.54,75.82,22.88,entsoe.eu,false,
2022-06-12 16:00:00,Slovakia,Slovakia,SK,255.58,294.31,71.97,20.78,entsoe.eu,false,
2022-06-12 17:00:00,Slovakia,Slovakia,SK,260.38,298.32,71.84,21.38,entsoe.eu,false,
2022-06-12 18:00:00,Slovakia,Slovakia,SK,250.55,286.57,73.59,24.29,entsoe.eu,false,
2022-06-12 19:00:00,Slovakia,Slovakia,SK,233.4,267.56,74.97,24.55,entsoe.eu,false,
2022-06-12 20:00:00,Slovakia,Slovakia,SK,230.61,267.4,74.02,20.18,entsoe.eu,false,
2022-06-12 21:00:00,Slovakia,Slovakia,SK,260.72,299.81,71.13,17.24,entsoe.eu,false,
2022-06-12 22:00:00,Slovakia,Slovakia,SK,263.67,303.44,70.67,15.11,entsoe.eu,false,
2022-06-12 23:00:00,Slovakia,Slovakia,SK,255.33,295.72,71.44,15.1,entsoe.eu,false,
2022-06-13 00:00:00,Slovakia,Slovakia,SK,256.73,297.75,71.33,15.01,entsoe.eu,false,
2022-06-13 01:00:00,Slovakia,Slovakia,SK,254.42,295.45,71.53,15.02,entsoe.eu,false,
2022-06-13 02:00:00,Slovakia,Slovakia,SK,278.19,320.68,69.23,15.08,entsoe.eu,false,
2022-06-13 03:00:00,Slovakia,Slovakia,SK,277.36,319.57,69.19,15.46,entsoe.eu,false,
2022-06-13 04:00:00,Slovakia,Slovakia,SK,229.83,266.69,73.39,18.1,entsoe.eu,false,
2022-06-13 05:00:00,Slovakia,Slovakia,SK,230.18,265.74,75.91,26.3,entsoe.eu,false,
2022-06-13 06:00:00,Slovakia,Slovakia,SK,222.22,257.92,76.91,28.91,entsoe.eu,false,
2022-06-13 07:00:00,Slovakia,Slovakia,SK,225.92,262.01,76.41,29.4,entsoe.eu,false,
2022-06-13 08:00:00,Slovakia,Slovakia,SK,223.04,260.7,74.97,25.68,entsoe.eu,false,
2022-06-13 09:00:00,Slovakia,Slovakia,SK,216.83,253.31,75.51,25.36,entsoe.eu,false,
2022-06-13 10:00:00,Slovakia,Slovakia,SK,239.44,277.38,73.59,25.83,entsoe.eu,false,
2022-06-13 11:00:00,Slovakia,Slovakia,SK,243.78,281.6,73.13,25.43,entsoe.eu,false,
2022-06-13 12:00:00,Slovakia,Slovakia,SK,247.7,285.18,72.77,25.07,entsoe.eu,false,
2022-06-13 13:00:00,Slovakia,Slovakia,SK,247.09,284.19,72.76,24.52,entsoe.eu,false,
2022-06-13 14:00:00,Slovakia,Slovakia,SK,251.55,288.91,72.25,24.17,entsoe.eu,false,
2022-06-13 15:00:00,Slovakia,Slovakia,SK,262.41,298.32,72.4,26.81,entsoe.eu,false,
2022-06-13 16:00:00,Slovakia,Slovakia,SK,275.64,313.77,69.07,20.93,entsoe.eu,false,
2022-06-13 17:00:00,Slovakia,Slovakia,SK,280.57,317.34,70.51,24.62,entsoe.eu,false,
2022-06-13 18:00:00,Slovakia,Slovakia,SK,274.27,310.28,71.11,23.83,entsoe.eu,false,
2022-06-13 19:00:00,Slovakia,Slovakia,SK,289.86,327.58,69.49,22.64,entsoe.eu,false,
2022-06-13 20:00:00,Slovakia,Slovakia,SK,296.34,335.9,68.08,19.19,entsoe.eu,false,
2022-06-13 21:00:00,Slovakia,Slovakia,SK,290.37,328.85,68.54,17.53,entsoe.eu,false,
2022-06-13 22:00:00,Slovakia,Slovakia,SK,291.12,329.44,69.24,16.71,entsoe.eu,false,
2022-06-13 23:00:00,Slovakia,Slovakia,SK,285.59,325.23,69.55,16.09,entsoe.eu,false,
2022-06-14 00:00:00,Slovakia,Slovakia,SK,275.97,315.56,70.43,16.37,entsoe.eu,false,
2022-06-14 01:00:00,Slovakia,Slovakia,SK,266.0,305.54,71.3,16.75,entsoe.eu,false,
2022-06-14 02:00:00,Slovakia,Slovakia,SK,277.43,317.84,70.07,16.74,entsoe.eu,false,
2022-06-14 03:00:00,Slovakia,Slovakia,SK,284.85,325.29,69.17,17.09,entsoe.eu,false,
2022-06-14 04:00:00,Slovakia,Slovakia,SK,253.23,291.4,71.45,18.75,entsoe.eu,false,
2022-06-14 05:00:00,Slovakia,Slovakia,SK,246.33,283.82,72.13,20.75,entsoe.eu,false,
2022-06-14 06:00:00,Slovakia,Slovakia,SK,220.96,257.0,74.67,23.19,entsoe.eu,false,
2022-06-14 07:00:00,Slovakia,Slovakia,SK,208.5,244.28,75.83,24.86,entsoe.eu,false,
2022-06-14 08:00:00,Slovakia,Slovakia,SK,209.24,244.81,75.75,24.44,entsoe.eu,false,
2022-06-14 09:00:00,Slovakia,Slovakia,SK,228.48,265.64,73.89,24.78,entsoe.eu,false,
2022-06-14 10:00:00,Slovakia,Slovakia,SK,236.61,274.04,73.34,25.41,entsoe.eu,false,
2022-06-14 11:00:00,Slovakia,Slovakia,SK,219.23,255.26,74.65,24.34,entsoe.eu,false,
2022-06-14 12:00:00,Slovakia,Slovakia,SK,236.05,273.14,73.12,24.84,entsoe.eu,false,
2022-06-14 13:00:00,Slovakia,Slovakia,SK,248.16,285.81,71.76,24.17,entsoe.eu,false,
2022-06-14 14:00:00,Slovakia,Slovakia,SK,250.8,288.41,71.46,22.63,entsoe.eu,false,
2022-06-14 15:00:00,Slovakia,Slovakia,SK,260.27,298.35,70.68,21.58,entsoe.eu,false,
2022-06-14 16:00:00,Slovakia,Slovakia,SK,273.59,312.24,69.64,19.98,entsoe.eu,false,
2022-06-14 17:00:00,Slovakia,Slovakia,SK,279.87,318.86,69.19,18.94,entsoe.eu,false,
2022-06-14 18:00:00,Slovakia,Slovakia,SK,278.57,317.9,69.72,18.59,entsoe.eu,false,
2022-06-14 19:00:00,Slovakia,Slovakia,SK,278.4,317.75,69.34,19.24,entsoe.eu,false,
2022-06-14 20:00:00,Slovakia,Slovakia,SK,276.88,316.16,69.06,16.94,entsoe.eu,false,
2022-06-14 21:00:00,Slovakia,Slovakia,SK,257.97,295.61,71.04,16.05,entsoe.eu,false,
2022-06-14 22:00:00,Slovakia,Slovakia,SK,285.34,325.23,68.19,14.53,entsoe.eu,false,
2022-06-14 23:00:00,Slovakia,Slovakia,SK,266.55,306.23,70.25,14.3,entsoe.eu,false,
2022-06-15 00:00:00,Slovakia,Slovakia,SK,255.81,295.16,71.38,14.29,entsoe.eu,false,
2022-06-15 01:00:00,Slovakia,Slovakia,SK,256.2,295.81,71.11,14.12,entsoe.eu,false,
2022-06-15 02:00:00,Slovakia,Slovakia,SK,273.03,314.09,69.48,13.74,entsoe.eu,false,
2022-06-15 03:00:00,Slovakia,Slovakia,SK,311.58,354.62,65.78,13.51,entsoe.eu,false,
2022-06-15 04:00:00,Slovakia,Slovakia,SK,259.89,298.81,70.65,17.12,entsoe.eu,false,
2022-06-15 05:00:00,Slovakia,Slovakia,SK,244.29,281.94,72.21,19.5,entsoe.eu,false,
2022-06-15 06:00:00,Slovakia,Slovakia,SK,221.7,258.06,74.63,22.54,entsoe.eu,false,
2022-06-15 07:00:00,Slovakia,Slovakia,SK,205.74,240.31,76.2,24.34,entsoe.eu,false,
2022-06-15 08:00:00,Slovakia,Slovakia,SK,219.93,255.19,75.52,24.45,entsoe.eu,false,
2022-06-15 09:00:00,Slovakia,Slovakia,SK,235.38,271.97,74.1,24.86,entsoe.eu,false,
2022-06-15 10:00:00,Slovakia,Slovakia,SK,240.96,277.51,73.58,25.0,entsoe.eu,false,
2022-06-15 11:00:00,Slovakia,Slovakia,SK,238.3,273.99,73.81,24.93,entsoe.eu,false,
2022-06-15 12:00:00,Slovakia,Slovakia,SK,239.78,275.64,73.67,24.57,entsoe.eu,false,
2022-06-15 13:00:00,Slovakia,Slovakia,SK,250.13,287.14,72.69,23.8,entsoe.eu,false,
2022-06-15 14:00:00,Slovakia,Slovakia,SK,264.99,303.41,70.6,21.54,entsoe.eu,false,
2022-06-15 15:00:00,Slovakia,Slovakia,SK,257.92,295.95,70.28,19.0,entsoe.eu,false,
2022-06-15 16:00:00,Slovakia,Slovakia,SK,312.55,354.61,65.54,18.72,entsoe.eu,false,
2022-06-15 17:00:00,Slovakia,Slovakia,SK,319.06,361.27,65.46,18.63,entsoe.eu,false,
2022-06-15 18:00:00,Slovakia,Slovakia,SK,310.95,352.4,66.11,18.2,entsoe.eu,false,
2022-06-15 19:00:00,Slovakia,Slovakia,SK,295.22,335.18,67.17,18.47,entsoe.eu,false,
2022-06-15 20:00:00,Slovakia,Slovakia,SK,306.47,347.56,66.03,16.83,entsoe.eu,false,
2022-06-15 21:00:00,Slovakia,Slovakia,SK,319.16,360.71,64.5,13.36,entsoe.eu,false,
2022-06-15 22:00:00,Slovakia,Slovakia,SK,304.65,344.78,65.77,12.88,entsoe.eu,false,
2022-06-15 23:00:00,Slovakia,Slovakia,SK,290.8,330.5,67.41,12.82,entsoe.eu,false,
2022-06-16 00:00:00,Slovakia,Slovakia,SK,302.44,343.25,66.71,13.02,entsoe.eu,false,
2022-06-16 01:00:00,Slovakia,Slovakia,SK,283.41,323.33,68.42,12.79,entsoe.eu,false,
2022-06-16 02:00:00,Slovakia,Slovakia,SK,303.69,345.23,66.47,13.27,entsoe.eu,false,
2022-06-16 03:00:00,Slovakia,Slovakia,SK,341.28,384.66,62.99,13.12,entsoe.eu,false,
2022-06-16 04:00:00,Slovakia,Slovakia,SK,299.54,341.11,66.9,16.95,entsoe.eu,false,
2022-06-16 05:00:00,Slovakia,Slovakia,SK,265.37,305.14,70.28,20.31,entsoe.eu,false,
2022-06-16 06:00:00,Slovakia,Slovakia,SK,219.42,256.35,74.6,23.59,entsoe.eu,false,
2022-06-16 07:00:00,Slovakia,Slovakia,SK,229.06,266.66,74.07,23.25,entsoe.eu,false,
2022-06-16 08:00:00,Slovakia,Slovakia,SK,223.84,260.65,74.94,24.63,entsoe.eu,false,
2022-06-16 09:00:00,Slovakia,Slovakia,SK,250.59,289.01,72.6,25.59,entsoe.eu,false,
2022-06-16 10:00:00,Slovakia,Slovakia,SK,231.75,269.42,74.22,26.24,entsoe.eu,false,
2022-06-16 11:00:00,Slovakia,Slovakia,SK,230.96,268.82,74.28,26.59,entsoe.eu,false,
2022-06-16 12:00:00,Slovakia,Slovakia,SK,244.46,282.27,73.4,26.35,entsoe.eu,false,
2022-06-16 13:00:00,Slovakia,Slovakia,SK,255.66,294.25,72.25,24.17,entsoe.eu,false,
2022-06-16 14:00:00,Slovakia,Slovakia,SK,266.7,305.41,71.23,23.03,entsoe.eu,false,
2022-06-16 15:00:00,Slovakia,Slovakia,SK,275.56,312.64,71.11,22.8,entsoe.eu,false,
2022-06-16 16:00:00,Slovakia,Slovakia,SK,289.05,327.13,68.54,20.14,entsoe.eu,false,
2022-06-16 17:00:00,Slovakia,Slovakia,SK,288.6,326.91,68.27,19.59,entsoe.eu,false,
2022-06-16 18:00:00,Slovakia,Slovakia,SK,290.95,329.44,68.37,19.45,entsoe.eu,false,
2022-06-16 19:00:00,Slovakia,Slovakia,SK,282.13,319.54,70.17,20.7,entsoe.eu,false,
2022-06-16 20:00:00,Slovakia,Slovakia,SK,282.46,321.05,69.27,17.11,entsoe.eu,false,
2022-06-16 21:00:00,Slovakia,Slovakia,SK,287.19,324.78,68.91,15.37,entsoe.eu,false,
2022-06-16 22:00:00,Slovakia,Slovakia,SK,277.68,316.36,70.19,14.11,entsoe.eu,false,
2022-06-16 23:00:00,Slovakia,Slovakia,SK,279.14,319.11,70.39,14.35,entsoe.eu,false,
2022-06-17 00:00:00,Slovakia,Slovakia,SK,288.21,329.37,69.43,14.29,entsoe.eu,false,
2022-06-17 01:00:00,Slovakia,Slovakia,SK,291.09,332.81,68.99,14.32,entsoe.eu,false,
2022-06-17 02:00:00,Slovakia,Slovakia,SK,298.55,340.49,68.13,14.44,entsoe.eu,false,
2022-06-17 03:00:00,Slovakia,Slovakia,SK,267.64,307.03,71.04,14.4,entsoe.eu,false,
2022-06-17 04:00:00,Slovakia,Slovakia,SK,214.74,249.32,75.62,16.72,entsoe.eu,false,
2022-06-17 05:00:00,Slovakia,Slovakia,SK,231.05,266.1,74.27,19.87,entsoe.eu,false,
2022-06-17 06:00:00,Slovakia,Slovakia,SK,221.46,256.41,75.26,22.92,entsoe.eu,false,
2022-06-17 07:00:00,Slovakia,Slovakia,SK,227.87,263.2,74.83,22.42,entsoe.eu,false,
2022-06-17 08:00:00,Slovakia,Slovakia,SK,211.86,245.69,76.23,23.39,entsoe.eu,false,
2022-06-17 09:00:00,Slovakia,Slovakia,SK,212.94,247.41,76.18,24.37,entsoe.eu,false,
2022-06-17 10:00:00,Slovakia,Slovakia,SK,222.93,257.87,75.34,24.84,entsoe.eu,false,
2022-06-17 11:00:00,Slovakia,Slovakia,SK,217.24,251.82,75.67,24.48,entsoe.eu,false,
2022-06-17 12:00:00,Slovakia,Slovakia,SK,212.55,247.0,76.27,23.65,entsoe.eu,false,
2022-06-17 13:00:00,Slovakia,Slovakia,SK,231.77,266.7,74.46,22.67,entsoe.eu,false,
2022-06-17 14:00:00,Slovakia,Slovakia,SK,210.15,244.17,76.41,21.16,entsoe.eu,false,
2022-06-17 15:00:00,Slovakia,Slovakia,SK,234.49,269.33,74.07,19.02,entsoe.eu,false,
2022-06-17 16:00:00,Slovakia,Slovakia,SK,234.75,269.37,73.82,18.88,entsoe.eu,false,
2022-06-17 17:00:00,Slovakia,Slovakia,SK,244.51,279.8,72.89,19.14,entsoe.eu,false,
2022-06-17 18:00:00,Slovakia,Slovakia,SK,252.46,286.63,73.68,22.22,entsoe.eu,false,
2022-06-17 19:00:00,Slovakia,Slovakia,SK,254.53,289.3,72.21,17.32,entsoe.eu,false,
2022-06-17 20:00:00,Slovakia,Slovakia,SK,240.6,273.09,73.15,16.0,entsoe.eu,false,
2022-06-17 21:00:00,Slovakia,Slovakia,SK,252.08,285.85,71.67,13.63,entsoe.eu,false,
2022-06-17 22:00:00,Slovakia,Slovakia,SK,308.76,347.64,66.25,13.18,entsoe.eu,false,
2022-06-17 23:00:00,Slovakia,Slovakia,SK,310.33,350.41,65.94,12.51,entsoe.eu,false,
2022-06-18 00:00:00,Slovakia,Slovakia,SK,328.55,370.58,64.18,12.92,entsoe.eu,false,
2022-06-18 01:00:00,Slovakia,Slovakia,SK,332.44,375.56,63.6,13.89,entsoe.eu,false,
2022-06-18 02:00:00,Slovakia,Slovakia,SK,334.04,377.28,63.54,14.47,entsoe.eu,false,
2022-06-18 03:00:00,Slovakia,Slovakia,SK,333.75,376.6,63.77,15.51,entsoe.eu,false,
2022-06-18 04:00:00,Slovakia,Slovakia,SK,291.67,331.33,67.76,17.65,entsoe.eu,false,
2022-06-18 05:00:00,Slovakia,Slovakia,SK,257.87,295.91,70.75,22.34,entsoe.eu,false,
2022-06-18 06:00:00,Slovakia,Slovakia,SK,251.37,290.07,71.61,24.51,entsoe.eu,false,
2022-06-18 07:00:00,Slovakia,Slovakia,SK,266.12,305.65,70.6,26.88,entsoe.eu,false,
2022-06-18 08:00:00,Slovakia,Slovakia,SK,259.21,298.25,71.19,28.33,entsoe.eu,false,
2022-06-18 09:00:00,Slovakia,Slovakia,SK,246.18,284.93,72.51,30.2,entsoe.eu,false,
2022-06-18 10:00:00,Slovakia,Slovakia,SK,235.61,274.06,73.58,31.61,entsoe.eu,false,
2022-06-18 11:00:00,Slovakia,Slovakia,SK,220.77,258.47,74.77,31.5,entsoe.eu,false,
2022-06-18 12:00:00,Slovakia,Slovakia,SK,222.95,260.78,74.5,31.26,entsoe.eu,false,
2022-06-18 13:00:00,Slovakia,Slovakia,SK,260.42,300.14,71.2,30.14,entsoe.eu,false,
2022-06-18 14:00:00,Slovakia,Slovakia,SK,284.7,325.19,68.76,27.56,entsoe.eu,false,
2022-06-18 15:00:00,Slovakia,Slovakia,SK,301.04,340.75,67.66,24.77,entsoe.eu,false,
2022-06-18 16:00:00,Slovakia,Slovakia,SK,286.36,325.52,68.49,22.01,entsoe.eu,false,
2022-06-18 17:00:00,Slovakia,Slovakia,SK,285.35,324.35,68.92,21.93,entsoe.eu,false,
2022-06-18 18:00:00,Slovakia,Slovakia,SK,281.14,317.96,70.14,23.48,entsoe.eu,false,
2022-06-18 19:00:00,Slovakia,Slovakia,SK,287.95,325.54,68.76,20.9,entsoe.eu,false,
2022-06-18 20:00:00,Slovakia,Slovakia,SK,272.51,310.9,69.87,19.31,entsoe.eu,false,
2022-06-18 21:00:00,Slovakia,Slovakia,SK,280.14,319.38,69.02,17.83,entsoe.eu,false,
2022-06-18 22:00:00,Slovakia,Slovakia,SK,324.3,366.74,65.09,16.96,entsoe.eu,false,
2022-06-18 23:00:00,Slovakia,Slovakia,SK,336.35,379.27,63.92,16.09,entsoe.eu,false,
2022-06-19 00:00:00,Slovakia,Slovakia,SK,349.34,393.15,62.67,14.46,entsoe.eu,false,
2022-06-19 01:00:00,Slovakia,Slovakia,SK,348.99,392.44,62.64,13.7,entsoe.eu,false,
2022-06-19 02:00:00,Slovakia,Slovakia,SK,324.66,367.51,64.5,13.93,entsoe.eu,false,
2022-06-19 03:00:00,Slovakia,Slovakia,SK,316.68,360.45,65.24,14.77,entsoe.eu,false,
2022-06-19 04:00:00,Slovakia,Slovakia,SK,331.84,375.79,64.11,16.11,entsoe.eu,false,
2022-06-19 05:00:00,Slovakia,Slovakia,SK,276.22,316.74,69.4,20.58,entsoe.eu,false,
2022-06-19 06:00:00,Slovakia,Slovakia,SK,223.05,260.73,74.05,23.14,entsoe.eu,false,
2022-06-19 07:00:00,Slovakia,Slovakia,SK,235.44,274.03,73.21,26.37,entsoe.eu,false,
2022-06-19 08:00:00,Slovakia,Slovakia,SK,218.43,256.34,74.69,27.84,entsoe.eu,false,
2022-06-19 09:00:00,Slovakia,Slovakia,SK,215.92,254.25,75.01,30.43,entsoe.eu,false,
2022-06-19 10:00:00,Slovakia,Slovakia,SK,206.15,244.13,75.89,30.88,entsoe.eu,false,
2022-06-19 11:00:00,Slovakia,Slovakia,SK,196.94,234.87,76.74,30.53,entsoe.eu,false,
2022-06-19 12:00:00,Slovakia,Slovakia,SK,194.82,232.77,76.88,29.84,entsoe.eu,false,
2022-06-19 13:00:00,Slovakia,Slovakia,SK,215.5,253.41,75.09,29.04,entsoe.eu,false,
2022-06-19 14:00:00,Slovakia,Slovakia,SK,249.87,288.72,72.09,28.81,entsoe.eu,false,
2022-06-19 15:00:00,Slovakia,Slovakia,SK,280.25,319.69,69.25,26.55,entsoe.eu,false,
2022-06-19 16:00:00,Slovakia,Slovakia,SK,281.33,320.63,68.81,22.9,entsoe.eu,false,
2022-06-19 17:00:00,Slovakia,Slovakia,SK,278.13,316.27,69.13,22.34,entsoe.eu,false,
2022-06-19 18:00:00,Slovakia,Slovakia,SK,302.01,341.87,67.37,22.06,entsoe.eu,false,
2022-06-19 19:00:00,Slovakia,Slovakia,SK,319.84,359.47,65.56,20.4,entsoe.eu,false,
2022-06-19 20:00:00,Slovakia,Slovakia,SK,290.86,330.79,67.68,19.02,entsoe.eu,false,
2022-06-19 21:00:00,Slovakia,Slovakia,SK,320.38,362.23,65.21,16.54,entsoe.eu,false,
2022-06-19 22:00:00,Slovakia,Slovakia,SK,360.24,406.23,62.04,15.53,entsoe.eu,false,
2022-06-19 23:00:00,Slovakia,Slovakia,SK,369.52,416.88,60.37,14.34,entsoe.eu,false,
2022-06-20 00:00:00,Slovakia,Slovakia,SK,385.43,434.48,58.11,13.62,entsoe.eu,false,
2022-06-20 01:00:00,Slovakia,Slovakia,SK,382.71,432.1,58.2,13.17,entsoe.eu,false,
2022-06-20 02:00:00,Slovakia,Slovakia,SK,386.81,436.31,57.72,12.59,entsoe.eu,false,
2022-06-20 03:00:00,Slovakia,Slovakia,SK,372.21,419.45,58.95,12.72,entsoe.eu,false,
2022-06-20 04:00:00,Slovakia,Slovakia,SK,330.37,374.48,62.62,16.93,entsoe.eu,false,
2022-06-20 05:00:00,Slovakia,Slovakia,SK,260.82,300.61,69.17,22.36,entsoe.eu,false,
2022-06-20 06:00:00,Slovakia,Slovakia,SK,229.33,265.63,72.58,25.65,entsoe.eu,false,
2022-06-20 07:00:00,Slovakia,Slovakia,SK,268.58,309.54,69.11,24.79,entsoe.eu,false,
2022-06-20 08:00:00,Slovakia,Slovakia,SK,235.33,272.15,71.77,24.02,entsoe.eu,false,
2022-06-20 09:00:00,Slovakia,Slovakia,SK,226.58,261.68,72.82,24.58,entsoe.eu,false,
2022-06-20 10:00:00,Slovakia,Slovakia,SK,239.16,275.73,71.73,24.49,entsoe.eu,false,
2022-06-20 11:00:00,Slovakia,Slovakia,SK,266.89,305.71,69.64,23.85,entsoe.eu,false,
2022-06-20 12:00:00,Slovakia,Slovakia,SK,288.05,331.48,67.03,22.38,entsoe.eu,false,
2022-06-20 13:00:00,Slovakia,Slovakia,SK,317.06,364.99,63.71,21.17,entsoe.eu,false,
2022-06-20 14:00:00,Slovakia,Slovakia,SK,340.14,385.31,61.9,20.62,entsoe.eu,false,
2022-06-20 15:00:00,Slovakia,Slovakia,SK,379.01,425.18,58.59,19.4,entsoe.eu,false,
2022-06-20 16:00:00,Slovakia,Slovakia,SK,371.51,416.35,59.41,20.42,entsoe.eu,false,
2022-06-20 17:00:00,Slovakia,Slovakia,SK,356.52,397.62,62.82,24.81,entsoe.eu,false,
2022-06-20 18:00:00,Slovakia,Slovakia,SK,369.4,412.77,59.87,20.04,entsoe.eu,false,
2022-06-20 19:00:00,Slovakia,Slovakia,SK,363.16,406.88,59.57,17.37,entsoe.eu,false,
2022-06-20 20:00:00,Slovakia,Slovakia,SK,360.48,403.98,60.2,17.13,entsoe.eu,false,
2022-06-20 21:00:00,Slovakia,Slovakia,SK,376.21,421.11,58.79,15.29,entsoe.eu,false,
2022-06-20 22:00:00,Slovakia,Slovakia,SK,415.3,463.2,55.78,14.11,entsoe.eu,false,
2022-06-20 23:00:00,Slovakia,Slovakia,SK,415.76,463.16,56.23,14.2,entsoe.eu,false,
2022-06-21 00:00:00,Slovakia,Slovakia,SK,413.96,461.71,56.37,14.61,entsoe.eu,false,
2022-06-21 01:00:00,Slovakia,Slovakia,SK,403.81,451.27,57.48,15.04,entsoe.eu,false,
2022-06-21 02:00:00,Slovakia,Slovakia,SK,391.09,438.26,58.74,15.67,entsoe.eu,false,
2022-06-21 03:00:00,Slovakia,Slovakia,SK,395.63,443.04,58.08,16.1,entsoe.eu,false,
2022-06-21 04:00:00,Slovakia,Slovakia,SK,347.92,392.42,61.98,19.74,entsoe.eu,false,
2022-06-21 05:00:00,Slovakia,Slovakia,SK,307.58,349.36,65.48,22.2,entsoe.eu,false,
2022-06-21 06:00:00,Slovakia,Slovakia,SK,285.2,325.23,67.78,24.92,entsoe.eu,false,
2022-06-21 07:00:00,Slovakia,Slovakia,SK,275.4,313.98,68.97,26.44,entsoe.eu,false,
2022-06-21 08:00:00,Slovakia,Slovakia,SK,286.37,326.42,68.13,27.11,entsoe.eu,false,
2022-06-21 09:00:00,Slovakia,Slovakia,SK,289.06,329.66,68.42,27.58,entsoe.eu,false,
2022-06-21 10:00:00,Slovakia,Slovakia,SK,281.27,321.03,69.07,28.15,entsoe.eu,false,
2022-06-21 11:00:00,Slovakia,Slovakia,SK,284.3,323.11,69.44,28.71,entsoe.eu,false,
2022-06-21 12:00:00,Slovakia,Slovakia,SK,292.47,332.23,67.96,26.68,entsoe.eu,false,
2022-06-21 13:00:00,Slovakia,Slovakia,SK,297.16,336.57,67.85,26.34,entsoe.eu,false,
2022-06-21 14:00:00,Slovakia,Slovakia,SK,306.68,347.08,66.53,24.43,entsoe.eu,false,
2022-06-21 15:00:00,Slovakia,Slovakia,SK,311.92,352.83,65.38,22.82,entsoe.eu,false,
2022-06-21 16:00:00,Slovakia,Slovakia,SK,333.08,375.28,62.69,20.98,entsoe.eu,false,
2022-06-21 17:00:00,Slovakia,Slovakia,SK,343.63,384.55,63.75,23.48,entsoe.eu,false,
2022-06-21 18:00:00,Slovakia,Slovakia,SK,337.67,378.27,64.69,24.53,entsoe.eu,false,
2022-06-21 19:00:00,Slovakia,Slovakia,SK,349.89,393.8,61.03,18.99,entsoe.eu,false,
2022-06-21 20:00:00,Slovakia,Slovakia,SK,341.59,385.11,61.76,18.02,entsoe.eu,false,
2022-06-21 21:00:00,Slovakia,Slovakia,SK,347.45,391.19,61.38,16.15,entsoe.eu,false,
2022-06-21 22:00:00,Slovakia,Slovakia,SK,367.37,412.42,60.04,14.06,entsoe.eu,false,
2022-06-21 23:00:00,Slovakia,Slovakia,SK,365.42,410.5,60.58,13.78,entsoe.eu,false,
2022-06-22 00:00:00,Slovakia,Slovakia,SK,382.47,428.69,59.04,13.21,entsoe.eu,false,
2022-06-22 01:00:00,Slovakia,Slovakia,SK,401.93,448.82,57.23,12.85,entsoe.eu,false,
2022-06-22 02:00:00,Slovakia,Slovakia,SK,421.27,469.8,55.34,13.01,entsoe.eu,false,
2022-06-22 03:00:00,Slovakia,Slovakia,SK,409.76,457.22,56.0,12.66,entsoe.eu,false,
2022-06-22 04:00:00,Slovakia,Slovakia,SK,352.2,397.66,60.62,16.17,entsoe.eu,false,
2022-06-22 05:00:00,Slovakia,Slovakia,SK,348.11,393.12,61.22,20.17,entsoe.eu,false,
2022-06-22 06:00:00,Slovakia,Slovakia,SK,340.15,384.42,62.28,22.56,entsoe.eu,false,
2022-06-22 07:00:00,Slovakia,Slovakia,SK,324.76,368.59,64.26,24.94,entsoe.eu,false,
2022-06-22 08:00:00,Slovakia,Slovakia,SK,311.54,355.29,65.54,25.57,entsoe.eu,false,
2022-06-22 09:00:00,Slovakia,Slovakia,SK,302.75,346.37,66.36,26.64,entsoe.eu,false,
2022-06-22 10:00:00,Slovakia,Slovakia,SK,291.52,334.5,67.36,26.61,entsoe.eu,false,
2022-06-22 11:00:00,Slovakia,Slovakia,SK,293.93,337.05,67.2,26.49,entsoe.eu,false,
2022-06-22 12:00:00,Slovakia,Slovakia,SK,322.4,365.88,64.65,25.54,entsoe.eu,false,
2022-06-22 13:00:00,Slovakia,Slovakia,SK,338.93,383.08,62.95,23.75,entsoe.eu,false,
2022-06-22 14:00:00,Slovakia,Slovakia,SK,364.93,409.93,60.3,21.22,entsoe.eu,false,
2022-06-22 15:00:00,Slovakia,Slovakia,SK,363.27,408.3,60.3,19.69,entsoe.eu,false,
2022-06-22 16:00:00,Slovakia,Slovakia,SK,368.33,412.7,59.64,19.99,entsoe.eu,false,
2022-06-22 17:00:00,Slovakia,Slovakia,SK,370.07,411.96,61.85,24.64,entsoe.eu,false,
2022-06-22 18:00:00,Slovakia,Slovakia,SK,377.4,422.02,59.28,19.75,entsoe.eu,false,
2022-06-22 19:00:00,Slovakia,Slovakia,SK,376.52,421.41,58.81,16.89,entsoe.eu,false,
2022-06-22 20:00:00,Slovakia,Slovakia,SK,378.42,423.49,58.39,15.82,entsoe.eu,false,
2022-06-22 21:00:00,Slovakia,Slovakia,SK,394.25,439.73,56.88,13.66,entsoe.eu,false,
2022-06-22 22:00:00,Slovakia,Slovakia,SK,412.0,458.47,55.36,12.74,entsoe.eu,false,
2022-06-22 23:00:00,Slovakia,Slovakia,SK,426.62,474.07,54.13,11.67,entsoe.eu,false,
2022-06-23 00:00:00,Slovakia,Slovakia,SK,421.62,469.25,54.63,10.92,entsoe.eu,false,
2022-06-23 01:00:00,Slovakia,Slovakia,SK,423.24,471.07,54.59,10.82,entsoe.eu,false,
2022-06-23 02:00:00,Slovakia,Slovakia,SK,426.98,474.72,54.4,11.3,entsoe.eu,false,
2022-06-23 03:00:00,Slovakia,Slovakia,SK,423.46,470.02,55.18,12.26,entsoe.eu,false,
2022-06-23 04:00:00,Slovakia,Slovakia,SK,404.27,450.06,56.93,15.42,entsoe.eu,false,
2022-06-23 05:00:00,Slovakia,Slovakia,SK,373.79,417.58,60.12,20.49,entsoe.eu,false,
2022-06-23 06:00:00,Slovakia,Slovakia,SK,356.61,400.37,61.93,22.82,entsoe.eu,false,
2022-06-23 07:00:00,Slovakia,Slovakia,SK,358.32,401.21,62.33,24.68,entsoe.eu,false,
2022-06-23 08:00:00,Slovakia,Slovakia,SK,333.69,374.17,64.92,24.99,entsoe.eu,false,
2022-06-23 09:00:00,Slovakia,Slovakia,SK,322.66,362.84,65.56,25.18,entsoe.eu,false,
2022-06-23 10:00:00,Slovakia,Slovakia,SK,333.23,374.04,64.45,25.48,entsoe.eu,false,
2022-06-23 11:00:00,Slovakia,Slovakia,SK,327.76,367.98,65.03,25.69,entsoe.eu,false,
2022-06-23 12:00:00,Slovakia,Slovakia,SK,332.89,373.49,64.46,24.71,entsoe.eu,false,
2022-06-23 13:00:00,Slovakia,Slovakia,SK,340.03,380.92,63.76,23.65,entsoe.eu,false,
2022-06-23 14:00:00,Slovakia,Slovakia,SK,357.28,399.77,61.6,21.13,entsoe.eu,false,
2022-06-23 15:00:00,Slovakia,Slovakia,SK,361.04,404.01,60.5,19.35,entsoe.eu,false,
2022-06-23 16:00:00,Slovakia,Slovakia,SK,373.94,416.4,61.15,22.83,entsoe.eu,false,
2022-06-23 17:00:00,Slovakia,Slovakia,SK,361.94,402.1,64.01,26.42,entsoe.eu,false,
2022-06-23 18:00:00,Slovakia,Slovakia,SK,352.99,390.89,64.73,26.3,entsoe.eu,false,
2022-06-23 19:00:00,Slovakia,Slovakia,SK,392.38,435.26,57.8,16.91,entsoe.eu,false,
2022-06-23 20:00:00,Slovakia,Slovakia,SK,390.79,435.18,57.75,17.13,entsoe.eu,false,
2022-06-23 21:00:00,Slovakia,Slovakia,SK,407.42,452.14,56.03,15.09,entsoe.eu,false,
2022-06-23 22:00:00,Slovakia,Slovakia,SK,397.45,440.94,57.65,14.49,entsoe.eu,false,
2022-06-23 23:00:00,Slovakia,Slovakia,SK,397.5,440.91,57.59,14.33,entsoe.eu,false,
2022-06-24 00:00:00,Slovakia,Slovakia,SK,394.84,438.62,57.92,14.83,entsoe.eu,false,
2022-06-24 01:00:00,Slovakia,Slovakia,SK,361.25,404.64,60.6,15.35,entsoe.eu,false,
2022-06-24 02:00:00,Slovakia,Slovakia,SK,376.51,420.45,59.48,15.36,entsoe.eu,false,
2022-06-24 03:00:00,Slovakia,Slovakia,SK,364.78,408.5,60.55,16.12,entsoe.eu,false,
2022-06-24 04:00:00,Slovakia,Slovakia,SK,337.59,379.65,63.02,19.17,entsoe.eu,false,
2022-06-24 05:00:00,Slovakia,Slovakia,SK,328.37,370.4,64.21,22.05,entsoe.eu,false,
2022-06-24 06:00:00,Slovakia,Slovakia,SK,289.21,327.89,70.33,30.13,entsoe.eu,false,
2022-06-24 07:00:00,Slovakia,Slovakia,SK,292.73,334.24,67.77,27.19,entsoe.eu,false,
2022-06-24 08:00:00,Slovakia,Slovakia,SK,283.26,323.84,68.63,28.02,entsoe.eu,false,
2022-06-24 09:00:00,Slovakia,Slovakia,SK,275.45,315.06,69.35,28.68,entsoe.eu,false,
2022-06-24 10:00:00,Slovakia,Slovakia,SK,279.39,318.7,69.02,28.06,entsoe.eu,false,
2022-06-24 11:00:00,Slovakia,Slovakia,SK,282.59,322.23,68.73,27.65,entsoe.eu,false,
2022-06-24 12:00:00,Slovakia,Slovakia,SK,287.17,327.18,68.07,26.33,entsoe.eu,false,
2022-06-24 13:00:00,Slovakia,Slovakia,SK,305.97,346.3,66.27,24.94,entsoe.eu,false,
2022-06-24 14:00:00,Slovakia,Slovakia,SK,321.0,361.22,64.91,23.75,entsoe.eu,false,
2022-06-24 15:00:00,Slovakia,Slovakia,SK,337.09,376.97,64.06,22.83,entsoe.eu,false,
2022-06-24 16:00:00,Slovakia,Slovakia,SK,353.56,392.72,63.44,23.56,entsoe.eu,false,
2022-06-24 17:00:00,Slovakia,Slovakia,SK,351.77,390.5,63.85,24.41,entsoe.eu,false,
2022-06-24 18:00:00,Slovakia,Slovakia,SK,362.67,401.72,63.46,24.35,entsoe.eu,false,
2022-06-24 19:00:00,Slovakia,Slovakia,SK,375.01,415.84,60.28,19.37,entsoe.eu,false,
2022-06-24 20:00:00,Slovakia,Slovakia,SK,368.27,409.94,60.59,18.9,entsoe.eu,false,
2022-06-24 21:00:00,Slovakia,Slovakia,SK,387.26,430.43,58.91,17.85,entsoe.eu,false,
2022-06-24 22:00:00,Slovakia,Slovakia,SK,384.2,427.81,59.23,16.9,entsoe.eu,false,
2022-06-24 23:00:00,Slovakia,Slovakia,SK,387.8,432.64,58.97,16.76,entsoe.eu,false,
2022-06-25 00:00:00,Slovakia,Slovakia,SK,384.57,430.81,59.17,16.91,entsoe.eu,false,
2022-06-25 01:00:00,Slovakia,Slovakia,SK,381.37,428.69,59.27,16.61,entsoe.eu,false,
2022-06-25 02:00:00,Slovakia,Slovakia,SK,380.8,429.18,58.96,16.57,entsoe.eu,false,
2022-06-25 03:00:00,Slovakia,Slovakia,SK,376.31,424.37,59.5,16.83,entsoe.eu,false,
2022-06-25 04:00:00,Slovakia,Slovakia,SK,356.55,402.65,61.54,17.25,entsoe.eu,false,
2022-06-25 05:00:00,Slovakia,Slovakia,SK,331.58,375.95,63.71,18.14,entsoe.eu,false,
2022-06-25 06:00:00,Slovakia,Slovakia,SK,298.97,340.91,66.94,20.41,entsoe.eu,false,
2022-06-25 07:00:00,Slovakia,Slovakia,SK,301.81,345.26,66.64,22.52,entsoe.eu,false,
2022-06-25 08:00:00,Slovakia,Slovakia,SK,294.05,337.03,67.43,23.92,entsoe.eu,false,
2022-06-25 09:00:00,Slovakia,Slovakia,SK,285.82,328.38,68.1,24.54,entsoe.eu,false,
2022-06-25 10:00:00,Slovakia,Slovakia,SK,283.39,325.57,68.25,24.76,entsoe.eu,false,
2022-06-25 11:00:00,Slovakia,Slovakia,SK,291.09,333.17,67.67,24.47,entsoe.eu,false,
2022-06-25 12:00:00,Slovakia,Slovakia,SK,303.46,346.6,66.74,24.15,entsoe.eu,false,
2022-06-25 13:00:00,Slovakia,Slovakia,SK,320.24,363.36,65.2,22.7,entsoe.eu,false,
2022-06-25 14:00:00,Slovakia,Slovakia,SK,327.54,369.65,64.34,20.19,entsoe.eu,false,
2022-06-25 15:00:00,Slovakia,Slovakia,SK,343.77,386.76,62.83,18.96,entsoe.eu,false,
2022-06-25 16:00:00,Slovakia,Slovakia,SK,347.54,389.89,63.07,19.18,entsoe.eu,false,
2022-06-25 17:00:00,Slovakia,Slovakia,SK,353.16,394.86,63.18,19.23,entsoe.eu,false,
2022-06-25 18:00:00,Slovakia,Slovakia,SK,368.84,410.58,62.98,24.62,entsoe.eu,false,
2022-06-25 19:00:00,Slovakia,Slovakia,SK,393.98,437.37,60.04,22.78,entsoe.eu,false,
2022-06-25 20:00:00,Slovakia,Slovakia,SK,394.96,439.49,58.62,19.25,entsoe.eu,false,
2022-06-25 21:00:00,Slovakia,Slovakia,SK,389.05,433.45,58.64,16.66,entsoe.eu,false,
2022-06-25 22:00:00,Slovakia,Slovakia,SK,376.59,421.61,59.79,16.03,entsoe.eu,false,
2022-06-25 23:00:00,Slovakia,Slovakia,SK,370.29,416.39,60.32,16.7,entsoe.eu,false,
2022-06-26 00:00:00,Slovakia,Slovakia,SK,376.36,422.68,59.71,16.37,entsoe.eu,false,
2022-06-26 01:00:00,Slovakia,Slovakia,SK,387.72,434.78,58.54,16.2,entsoe.eu,false,
2022-06-26 02:00:00,Slovakia,Slovakia,SK,383.48,430.64,58.86,16.09,entsoe.eu,false,
2022-06-26 03:00:00,Slovakia,Slovakia,SK,388.56,436.08,58.41,15.49,entsoe.eu,false,
2022-06-26 04:00:00,Slovakia,Slovakia,SK,388.95,436.58,58.56,16.1,entsoe.eu,false,
2022-06-26 05:00:00,Slovakia,Slovakia,SK,356.37,402.47,61.6,19.05,entsoe.eu,false,
2022-06-26 06:00:00,Slovakia,Slovakia,SK,334.65,379.58,63.73,22.57,entsoe.eu,false,
2022-06-26 07:00:00,Slovakia,Slovakia,SK,329.62,374.45,64.47,25.14,entsoe.eu,false,
2022-06-26 08:00:00,Slovakia,Slovakia,SK,316.15,360.02,66.26,27.69,entsoe.eu,false,
2022-06-26 09:00:00,Slovakia,Slovakia,SK,308.51,351.89,66.89,28.79,entsoe.eu,false,
2022-06-26 10:00:00,Slovakia,Slovakia,SK,287.81,330.98,68.33,29.16,entsoe.eu,false,
2022-06-26 11:00:00,Slovakia,Slovakia,SK,293.04,336.01,67.93,28.44,entsoe.eu,false,
2022-06-26 12:00:00,Slovakia,Slovakia,SK,305.8,349.09,66.79,26.97,entsoe.eu,false,
2022-06-26 13:00:00,Slovakia,Slovakia,SK,322.15,365.49,65.23,25.4,entsoe.eu,false,
2022-06-26 14:00:00,Slovakia,Slovakia,SK,346.59,389.97,62.86,22.85,entsoe.eu,false,
2022-06-26 15:00:00,Slovakia,Slovakia,SK,344.78,386.59,63.04,21.44,entsoe.eu,false,
2022-06-26 16:00:00,Slovakia,Slovakia,SK,385.82,426.9,59.57,19.09,entsoe.eu,false,
2022-06-26 17:00:00,Slovakia,Slovakia,SK,392.12,433.88,59.06,18.26,entsoe.eu,false,
2022-06-26 18:00:00,Slovakia,Slovakia,SK,402.8,444.18,58.93,19.81,entsoe.eu,false,
2022-06-26 19:00:00,Slovakia,Slovakia,SK,385.42,424.61,60.6,19.8,entsoe.eu,false,
2022-06-26 20:00:00,Slovakia,Slovakia,SK,385.1,425.76,59.75,17.79,entsoe.eu,false,
2022-06-26 21:00:00,Slovakia,Slovakia,SK,387.7,429.76,58.8,16.42,entsoe.eu,false,
2022-06-26 22:00:00,Slovakia,Slovakia,SK,410.86,454.34,56.98,14.87,entsoe.eu,false,
2022-06-26 23:00:00,Slovakia,Slovakia,SK,397.21,440.48,58.24,14.65,entsoe.eu,false,
2022-06-27 00:00:00,Slovakia,Slovakia,SK,392.38,436.53,58.48,14.54,entsoe.eu,false,
2022-06-27 01:00:00,Slovakia,Slovakia,SK,406.21,450.91,57.38,13.99,entsoe.eu,false,
2022-06-27 02:00:00,Slovakia,Slovakia,SK,404.95,450.12,57.2,13.81,entsoe.eu,false,
2022-06-27 03:00:00,Slovakia,Slovakia,SK,398.36,442.99,57.52,13.54,entsoe.eu,false,
2022-06-27 04:00:00,Slovakia,Slovakia,SK,341.39,382.43,61.83,15.78,entsoe.eu,false,
2022-06-27 05:00:00,Slovakia,Slovakia,SK,323.1,363.42,63.72,19.66,entsoe.eu,false,
2022-06-27 06:00:00,Slovakia,Slovakia,SK,303.56,342.46,66.77,24.84,entsoe.eu,false,
2022-06-27 07:00:00,Slovakia,Slovakia,SK,309.93,349.08,65.33,23.65,entsoe.eu,false,
2022-06-27 08:00:00,Slovakia,Slovakia,SK,298.21,336.21,67.02,25.42,entsoe.eu,false,
2022-06-27 09:00:00,Slovakia,Slovakia,SK,270.56,308.62,68.87,27.3,entsoe.eu,false,
2022-06-27 10:00:00,Slovakia,Slovakia,SK,268.95,305.9,69.55,28.17,entsoe.eu,false,
2022-06-27 11:00:00,Slovakia,Slovakia,SK,281.44,318.96,68.18,27.0,entsoe.eu,false,
2022-06-27 12:00:00,Slovakia,Slovakia,SK,289.4,327.1,67.57,26.53,entsoe.eu,false,
2022-06-27 13:00:00,Slovakia,Slovakia,SK,301.97,340.79,66.22,25.55,entsoe.eu,false,
2022-06-27 14:00:00,Slovakia,Slovakia,SK,330.51,370.52,63.52,23.16,entsoe.eu,false,
2022-06-27 15:00:00,Slovakia,Slovakia,SK,367.14,408.36,60.48,21.17,entsoe.eu,false,
2022-06-27 16:00:00,Slovakia,Slovakia,SK,374.23,414.87,60.17,21.17,entsoe.eu,false,
2022-06-27 17:00:00,Slovakia,Slovakia,SK,361.0,399.06,63.18,25.08,entsoe.eu,false,
2022-06-27 18:00:00,Slovakia,Slovakia,SK,366.42,405.07,62.17,24.54,entsoe.eu,false,
2022-06-27 19:00:00,Slovakia,Slovakia,SK,386.72,426.81,59.82,22.58,entsoe.eu,false,
2022-06-27 20:00:00,Slovakia,Slovakia,SK,396.83,439.22,56.57,17.57,entsoe.eu,false,
2022-06-27 21:00:00,Slovakia,Slovakia,SK,395.38,436.98,56.67,14.64,entsoe.eu,false,
2022-06-27 22:00:00,Slovakia,Slovakia,SK,412.21,455.73,55.28,12.33,entsoe.eu,false,
2022-06-27 23:00:00,Slovakia,Slovakia,SK,404.1,448.66,56.47,12.27,entsoe.eu,false,
2022-06-28 00:00:00,Slovakia,Slovakia,SK,409.92,454.98,55.97,12.07,entsoe.eu,false,
2022-06-28 01:00:00,Slovakia,Slovakia,SK,393.47,437.9,57.41,11.46,entsoe.eu,false,
2022-06-28 02:00:00,Slovakia,Slovakia,SK,401.29,446.98,56.58,11.41,entsoe.eu,false,
2022-06-28 03:00:00,Slovakia,Slovakia,SK,400.71,445.25,56.44,11.83,entsoe.eu,false,
2022-06-28 04:00:00,Slovakia,Slovakia,SK,380.77,423.73,58.16,14.56,entsoe.eu,false,
2022-06-28 05:00:00,Slovakia,Slovakia,SK,367.52,409.51,59.48,18.11,entsoe.eu,false,
2022-06-28 06:00:00,Slovakia,Slovakia,SK,341.6,381.94,62.25,20.37,entsoe.eu,false,
2022-06-28 07:00:00,Slovakia,Slovakia,SK,338.2,378.69,62.62,21.19,entsoe.eu,false,
2022-06-28 08:00:00,Slovakia,Slovakia,SK,322.84,362.95,64.0,21.95,entsoe.eu,false,
2022-06-28 09:00:00,Slovakia,Slovakia,SK,325.71,365.67,63.92,22.83,entsoe.eu,false,
2022-06-28 10:00:00,Slovakia,Slovakia,SK,313.94,352.64,65.28,23.39,entsoe.eu,false,
2022-06-28 11:00:00,Slovakia,Slovakia,SK,322.04,360.93,64.55,23.16,entsoe.eu,false,
2022-06-28 12:00:00,Slovakia,Slovakia,SK,326.51,365.57,63.75,22.41,entsoe.eu,false,
2022-06-28 13:00:00,Slovakia,Slovakia,SK,333.32,372.29,62.99,21.42,entsoe.eu,false,
2022-06-28 14:00:00,Slovakia,Slovakia,SK,343.1,381.73,62.9,22.17,entsoe.eu,false,
2022-06-28 15:00:00,Slovakia,Slovakia,SK,363.08,403.24,60.14,20.15,entsoe.eu,false,
2022-06-28 16:00:00,Slovakia,Slovakia,SK,370.29,409.42,60.13,20.35,entsoe.eu,false,
2022-06-28 17:00:00,Slovakia,Slovakia,SK,378.87,417.74,61.0,22.01,entsoe.eu,false,
2022-06-28 18:00:00,Slovakia,Slovakia,SK,379.1,418.19,60.55,20.36,entsoe.eu,false,
2022-06-28 19:00:00,Slovakia,Slovakia,SK,391.77,432.77,57.7,16.13,entsoe.eu,false,
2022-06-28 20:00:00,Slovakia,Slovakia,SK,367.74,406.23,59.52,14.15,entsoe.eu,false,
2022-06-28 21:00:00,Slovakia,Slovakia,SK,429.32,471.81,53.92,11.2,entsoe.eu,false,
2022-06-28 22:00:00,Slovakia,Slovakia,SK,446.65,490.33,52.86,10.1,entsoe.eu,false,
2022-06-28 23:00:00,Slovakia,Slovakia,SK,439.91,484.15,54.02,10.41,entsoe.eu,false,
2022-06-29 00:00:00,Slovakia,Slovakia,SK,442.6,488.14,53.77,10.54,entsoe.eu,false,
2022-06-29 01:00:00,Slovakia,Slovakia,SK,442.19,488.06,53.49,10.77,entsoe.eu,false,
2022-06-29 02:00:00,Slovakia,Slovakia,SK,445.43,491.66,53.13,12.6,entsoe.eu,false,
2022-06-29 03:00:00,Slovakia,Slovakia,SK,450.75,497.51,52.45,12.88,entsoe.eu,false,
2022-06-29 04:00:00,Slovakia,Slovakia,SK,433.72,479.11,55.13,19.07,entsoe.eu,false,
2022-06-29 05:00:00,Slovakia,Slovakia,SK,393.14,435.28,59.13,23.16,entsoe.eu,false,
2022-06-29 06:00:00,Slovakia,Slovakia,SK,395.01,438.84,56.99,20.46,entsoe.eu,false,
2022-06-29 07:00:00,Slovakia,Slovakia,SK,369.75,412.52,59.84,22.57,entsoe.eu,false,
2022-06-29 08:00:00,Slovakia,Slovakia,SK,360.05,402.43,60.98,22.49,entsoe.eu,false,
2022-06-29 09:00:00,Slovakia,Slovakia,SK,361.83,404.36,60.91,22.21,entsoe.eu,false,
2022-06-29 10:00:00,Slovakia,Slovakia,SK,345.65,387.34,62.37,23.05,entsoe.eu,false,
2022-06-29 11:00:00,Slovakia,Slovakia,SK,348.62,390.13,62.26,23.34,entsoe.eu,false,
2022-06-29 12:00:00,Slovakia,Slovakia,SK,351.76,393.13,61.6,22.04,entsoe.eu,false,
2022-06-29 13:00:00,Slovakia,Slovakia,SK,354.21,395.76,61.14,21.46,entsoe.eu,false,
2022-06-29 14:00:00,Slovakia,Slovakia,SK,362.34,404.03,60.41,20.46,entsoe.eu,false,
2022-06-29 15:00:00,Slovakia,Slovakia,SK,376.78,417.68,59.43,21.06,entsoe.eu,false,
2022-06-29 16:00:00,Slovakia,Slovakia,SK,382.75,423.44,59.3,21.45,entsoe.eu,false,
2022-06-29 17:00:00,Slovakia,Slovakia,SK,379.03,418.49,60.53,23.77,entsoe.eu,false,
2022-06-29 18:00:00,Slovakia,Slovakia,SK,385.53,425.25,59.42,21.77,entsoe.eu,false,
2022-06-29 19:00:00,Slovakia,Slovakia,SK,395.78,436.99,57.28,18.28,entsoe.eu,false,
2022-06-29 20:00:00,Slovakia,Slovakia,SK,402.41,444.41,56.58,16.91,entsoe.eu,false,
2022-06-29 21:00:00,Slovakia,Slovakia,SK,424.15,467.86,54.14,12.98,entsoe.eu,false,
2022-06-29 22:00:00,Slovakia,Slovakia,SK,414.08,457.41,55.3,12.38,entsoe.eu,false,
2022-06-29 23:00:00,Slovakia,Slovakia,SK,405.64,449.18,56.07,12.65,entsoe.eu,false,
2022-06-30 00:00:00,Slovakia,Slovakia,SK,395.18,438.95,57.23,12.81,entsoe.eu,false,
2022-06-30 01:00:00,Slovakia,Slovakia,SK,369.35,411.22,59.8,13.3,entsoe.eu,false,
2022-06-30 02:00:00,Slovakia,Slovakia,SK,375.66,418.84,59.31,14.14,entsoe.eu,false,
2022-06-30 03:00:00,Slovakia,Slovakia,SK,370.82,414.15,59.69,14.1,entsoe.eu,false,
2022-06-30 04:00:00,Slovakia,Slovakia,SK,390.46,434.0,57.98,16.38,entsoe.eu,false,
2022-06-30 05:00:00,Slovakia,Slovakia,SK,367.8,409.01,60.24,20.46,entsoe.eu,false,
2022-06-30 06:00:00,Slovakia,Slovakia,SK,346.26,386.21,62.39,23.22,entsoe.eu,false,
2022-06-30 07:00:00,Slovakia,Slovakia,SK,313.06,350.8,65.56,26.15,entsoe.eu,false,
2022-06-30 08:00:00,Slovakia,Slovakia,SK,306.23,343.67,66.42,27.0,entsoe.eu,false,
2022-06-30 09:00:00,Slovakia,Slovakia,SK,313.75,352.0,65.67,26.8,entsoe.eu,false,
2022-06-30 10:00:00,Slovakia,Slovakia,SK,312.15,349.13,66.46,28.21,entsoe.eu,false,
2022-06-30 11:00:00,Slovakia,Slovakia,SK,312.04,349.52,65.75,27.07,entsoe.eu,false,
2022-06-30 12:00:00,Slovakia,Slovakia,SK,332.81,371.51,63.91,26.04,entsoe.eu,false,
2022-06-30 13:00:00,Slovakia,Slovakia,SK,342.0,380.34,63.28,25.99,entsoe.eu,false,
2022-06-30 14:00:00,Slovakia,Slovakia,SK,358.23,398.51,61.16,24.15,entsoe.eu,false,
2022-06-30 15:00:00,Slovakia,Slovakia,SK,368.22,407.41,61.22,24.27,entsoe.eu,false,
2022-06-30 16:00:00,Slovakia,Slovakia,SK,362.79,400.6,62.51,25.94,entsoe.eu,false,
2022-06-30 17:00:00,Slovakia,Slovakia,SK,352.76,388.01,65.53,29.67,entsoe.eu,false,
2022-06-30 18:00:00,Slovakia,Slovakia,SK,347.08,382.33,64.51,26.34,entsoe.eu,false,
2022-06-30 19:00:00,Slovakia,Slovakia,SK,388.53,428.78,58.33,20.72,entsoe.eu,false,
2022-06-30 20:00:00,Slovakia,Slovakia,SK,380.25,420.08,58.46,18.31,entsoe.eu,false,
2022-06-30 21:00:00,Slovakia,Slovakia,SK,423.16,466.76,54.27,14.97,entsoe.eu,false,
2022-06-30 22:00:00,Slovakia,Slovakia,SK,440.19,483.3,53.57,14.49,entsoe.eu,false,
2022-06-30 23:00:00,Slovakia,Slovakia,SK,441.96,485.69,54.39,14.74,entsoe.eu,false,
2022-07-01 00:00:00,Slovakia,Slovakia,SK,455.77,501.46,52.69,14.22,entsoe.eu,false,
2022-07-01 01:00:00,Slovakia,Slovakia,SK,452.23,498.13,53.16,14.49,entsoe.eu,false,
2022-07-01 02:00:00,Slovakia,Slovakia,SK,449.96,495.04,53.26,14.07,entsoe.eu,false,
2022-07-01 03:00:00,Slovakia,Slovakia,SK,431.18,475.03,55.02,14.69,entsoe.eu,false,
2022-07-01 04:00:00,Slovakia,Slovakia,SK,404.1,447.01,57.42,18.63,entsoe.eu,false,
2022-07-01 05:00:00,Slovakia,Slovakia,SK,390.63,433.32,58.76,21.9,entsoe.eu,false,
2022-07-01 06:00:00,Slovakia,Slovakia,SK,357.3,398.25,62.22,25.17,entsoe.eu,false,
2022-07-01 07:00:00,Slovakia,Slovakia,SK,330.46,370.86,64.34,26.7,entsoe.eu,false,
2022-07-01 08:00:00,Slovakia,Slovakia,SK,320.66,360.52,65.5,26.69,entsoe.eu,false,
2022-07-01 09:00:00,Slovakia,Slovakia,SK,333.9,374.18,64.28,26.65,entsoe.eu,false,
2022-07-01 10:00:00,Slovakia,Slovakia,SK,338.79,378.68,64.26,27.54,entsoe.eu,false,
2022-07-01 11:00:00,Slovakia,Slovakia,SK,345.67,386.07,63.82,27.18,entsoe.eu,false,
2022-07-01 12:00:00,Slovakia,Slovakia,SK,352.82,393.78,63.03,26.46,entsoe.eu,false,
2022-07-01 13:00:00,Slovakia,Slovakia,SK,347.66,388.27,63.42,25.63,entsoe.eu,false,
2022-07-01 14:00:00,Slovakia,Slovakia,SK,350.02,389.08,63.71,25.26,entsoe.eu,false,
2022-07-01 15:00:00,Slovakia,Slovakia,SK,353.51,390.65,64.59,27.56,entsoe.eu,false,
2022-07-01 16:00:00,Slovakia,Slovakia,SK,349.81,385.85,64.11,24.66,entsoe.eu,false,
2022-07-01 17:00:00,Slovakia,Slovakia,SK,335.41,369.21,65.87,24.8,entsoe.eu,false,
2022-07-01 18:00:00,Slovakia,Slovakia,SK,346.99,381.54,65.21,24.18,entsoe.eu,false,
2022-07-01 19:00:00,Slovakia,Slovakia,SK,363.92,403.08,61.63,17.93,entsoe.eu,false,
2022-07-01 20:00:00,Slovakia,Slovakia,SK,374.24,413.61,60.74,16.66,entsoe.eu,false,
2022-07-01 21:00:00,Slovakia,Slovakia,SK,366.35,406.38,61.33,15.39,entsoe.eu,false,
2022-07-01 22:00:00,Slovakia,Slovakia,SK,399.35,440.76,58.92,17.06,entsoe.eu,false,
2022-07-01 23:00:00,Slovakia,Slovakia,SK,405.11,449.02,58.09,17.27,entsoe.eu,false,
2022-07-02 00:00:00,Slovakia,Slovakia,SK,391.96,436.04,58.89,16.61,entsoe.eu,false,
2022-07-02 01:00:00,Slovakia,Slovakia,SK,381.55,425.83,59.32,16.07,entsoe.eu,false,
2022-07-02 02:00:00,Slovakia,Slovakia,SK,380.77,425.19,59.39,16.0,entsoe.eu,false,
2022-07-02 03:00:00,Slovakia,Slovakia,SK,377.82,422.28,59.72,16.03,entsoe.eu,false,
2022-07-02 04:00:00,Slovakia,Slovakia,SK,368.82,411.4,60.82,16.95,entsoe.eu,false,
2022-07-02 05:00:00,Slovakia,Slovakia,SK,340.54,380.33,63.61,19.26,entsoe.eu,false,
2022-07-02 06:00:00,Slovakia,Slovakia,SK,318.26,356.21,65.58,20.94,entsoe.eu,false,
2022-07-02 07:00:00,Slovakia,Slovakia,SK,286.36,321.44,68.44,21.8,entsoe.eu,false,
2022-07-02 08:00:00,Slovakia,Slovakia,SK,296.79,331.76,67.71,22.63,entsoe.eu,false,
2022-07-02 09:00:00,Slovakia,Slovakia,SK,277.23,313.55,69.66,25.51,entsoe.eu,false,
2022-07-02 10:00:00,Slovakia,Slovakia,SK,260.86,296.32,71.11,25.81,entsoe.eu,false,
2022-07-02 11:00:00,Slovakia,Slovakia,SK,277.86,312.48,69.69,25.33,entsoe.eu,false,
2022-07-02 12:00:00,Slovakia,Slovakia,SK,283.85,318.93,68.99,24.53,entsoe.eu,false,
2022-07-02 13:00:00,Slovakia,Slovakia,SK,305.17,339.74,67.29,22.15,entsoe.eu,false,
2022-07-02 14:00:00,Slovakia,Slovakia,SK,332.42,368.73,64.6,21.48,entsoe.eu,false,
2022-07-02 15:00:00,Slovakia,Slovakia,SK,348.96,385.97,63.02,19.86,entsoe.eu,false,
2022-07-02 16:00:00,Slovakia,Slovakia,SK,360.7,398.51,62.37,20.18,entsoe.eu,false,
2022-07-02 17:00:00,Slovakia,Slovakia,SK,363.17,401.34,62.6,20.3,entsoe.eu,false,
2022-07-02 18:00:00,Slovakia,Slovakia,SK,353.01,390.56,64.38,22.69,entsoe.eu,false,
2022-07-02 19:00:00,Slovakia,Slovakia,SK,366.06,404.52,62.52,19.18,entsoe.eu,false,
2022-07-02 20:00:00,Slovakia,Slovakia,SK,377.69,417.85,61.28,17.53,entsoe.eu,false,
2022-07-02 21:00:00,Slovakia,Slovakia,SK,379.52,420.69,60.39,14.99,entsoe.eu,false,
2022-07-02 22:00:00,Slovakia,Slovakia,SK,385.98,427.45,59.42,15.15,entsoe.eu,false,
2022-07-02 23:00:00,Slovakia,Slovakia,SK,362.83,402.34,61.67,15.07,entsoe.eu,false,
2022-07-03 00:00:00,Slovakia,Slovakia,SK,368.93,409.44,61.06,14.95,entsoe.eu,false,
2022-07-03 01:00:00,Slovakia,Slovakia,SK,377.41,418.97,60.19,14.62,entsoe.eu,false,
2022-07-03 02:00:00,Slovakia,Slovakia,SK,381.75,424.9,59.58,14.73,entsoe.eu,false,
2022-07-03 03:00:00,Slovakia,Slovakia,SK,379.16,422.09,60.06,14.86,entsoe.eu,false,
2022-07-03 04:00:00,Slovakia,Slovakia,SK,375.72,417.82,60.49,16.02,entsoe.eu,false,
2022-07-03 05:00:00,Slovakia,Slovakia,SK,313.39,351.72,65.96,19.46,entsoe.eu,false,
2022-07-03 06:00:00,Slovakia,Slovakia,SK,300.32,337.42,67.34,22.07,entsoe.eu,false,
2022-07-03 07:00:00,Slovakia,Slovakia,SK,317.07,355.15,66.04,23.17,entsoe.eu,false,
2022-07-03 08:00:00,Slovakia,Slovakia,SK,319.14,357.34,66.15,25.19,entsoe.eu,false,
2022-07-03 09:00:00,Slovakia,Slovakia,SK,311.43,349.39,66.93,26.34,entsoe.eu,false,
2022-07-03 10:00:00,Slovakia,Slovakia,SK,298.94,337.16,68.02,26.96,entsoe.eu,false,
2022-07-03 11:00:00,Slovakia,Slovakia,SK,285.01,323.14,69.2,26.96,entsoe.eu,false,
2022-07-03 12:00:00,Slovakia,Slovakia,SK,281.73,320.07,69.29,26.71,entsoe.eu,false,
2022-07-03 13:00:00,Slovakia,Slovakia,SK,311.99,350.51,66.47,24.69,entsoe.eu,false,
2022-07-03 14:00:00,Slovakia,Slovakia,SK,344.43,383.56,63.51,22.13,entsoe.eu,false,
2022-07-03 15:00:00,Slovakia,Slovakia,SK,363.45,401.93,61.42,19.21,entsoe.eu,false,
2022-07-03 16:00:00,Slovakia,Slovakia,SK,386.08,425.96,59.46,18.72,entsoe.eu,false,
2022-07-03 17:00:00,Slovakia,Slovakia,SK,389.61,429.12,60.61,21.0,entsoe.eu,false,
2022-07-03 18:00:00,Slovakia,Slovakia,SK,395.35,434.6,60.31,20.4,entsoe.eu,false,
2022-07-03 19:00:00,Slovakia,Slovakia,SK,406.62,447.99,57.84,17.39,entsoe.eu,false,
2022-07-03 20:00:00,Slovakia,Slovakia,SK,413.64,456.5,56.84,16.65,entsoe.eu,false,
2022-07-03 21:00:00,Slovakia,Slovakia,SK,412.63,454.71,56.99,15.55,entsoe.eu,false,
2022-07-03 22:00:00,Slovakia,Slovakia,SK,391.63,433.63,58.88,13.12,entsoe.eu,false,
2022-07-03 23:00:00,Slovakia,Slovakia,SK,390.71,433.24,59.13,13.28,entsoe.eu,false,
2022-07-04 00:00:00,Slovakia,Slovakia,SK,391.5,435.22,58.96,12.99,entsoe.eu,false,
2022-07-04 01:00:00,Slovakia,Slovakia,SK,381.16,424.58,59.72,12.53,entsoe.eu,false,
2022-07-04 02:00:00,Slovakia,Slovakia,SK,384.47,428.54,59.3,12.19,entsoe.eu,false,
2022-07-04 03:00:00,Slovakia,Slovakia,SK,385.74,429.19,59.34,12.41,entsoe.eu,false,
2022-07-04 04:00:00,Slovakia,Slovakia,SK,372.79,414.26,60.45,14.35,entsoe.eu,false,
2022-07-04 05:00:00,Slovakia,Slovakia,SK,359.29,398.89,62.34,19.14,entsoe.eu,false,
2022-07-04 06:00:00,Slovakia,Slovakia,SK,347.52,386.4,64.32,23.7,entsoe.eu,false,
2022-07-04 07:00:00,Slovakia,Slovakia,SK,341.77,380.83,64.29,23.04,entsoe.eu,false,
2022-07-04 08:00:00,Slovakia,Slovakia,SK,343.66,383.05,63.83,23.47,entsoe.eu,false,
2022-07-04 09:00:00,Slovakia,Slovakia,SK,334.84,374.51,64.56,23.77,entsoe.eu,false,
2022-07-04 10:00:00,Slovakia,Slovakia,SK,343.38,383.55,63.95,24.33,entsoe.eu,false,
2022-07-04 11:00:00,Slovakia,Slovakia,SK,338.58,377.56,64.51,24.16,entsoe.eu,false,
2022-07-04 12:00:00,Slovakia,Slovakia,SK,337.38,376.18,64.49,23.23,entsoe.eu,false,
2022-07-04 13:00:00,Slovakia,Slovakia,SK,340.83,380.15,64.1,22.7,entsoe.eu,false,
2022-07-04 14:00:00,Slovakia,Slovakia,SK,352.59,392.14,63.13,21.33,entsoe.eu,false,
2022-07-04 15:00:00,Slovakia,Slovakia,SK,343.04,381.16,63.61,21.69,entsoe.eu,false,
2022-07-04 16:00:00,Slovakia,Slovakia,SK,348.12,385.65,63.16,21.12,entsoe.eu,false,
2022-07-04 17:00:00,Slovakia,Slovakia,SK,327.06,360.04,68.33,28.01,entsoe.eu,false,
2022-07-04 18:00:00,Slovakia,Slovakia,SK,319.07,350.13,69.93,29.3,entsoe.eu,false,
2022-07-04 19:00:00,Slovakia,Slovakia,SK,356.56,392.27,63.13,18.68,entsoe.eu,false,
2022-07-04 20:00:00,Slovakia,Slovakia,SK,359.96,396.35,62.33,16.93,entsoe.eu,false,
2022-07-04 21:00:00,Slovakia,Slovakia,SK,421.27,462.8,56.34,13.13,entsoe.eu,false,
2022-07-04 22:00:00,Slovakia,Slovakia,SK,441.63,484.5,53.97,11.49,entsoe.eu,false,
2022-07-04 23:00:00,Slovakia,Slovakia,SK,434.39,477.69,54.64,11.3,entsoe.eu,false,
2022-07-05 00:00:00,Slovakia,Slovakia,SK,426.79,470.93,55.11,11.49,entsoe.eu,false,
2022-07-05 01:00:00,Slovakia,Slovakia,SK,423.94,468.51,55.29,11.57,entsoe.eu,false,
2022-07-05 02:00:00,Slovakia,Slovakia,SK,432.28,477.0,54.52,11.55,entsoe.eu,false,
2022-07-05 03:00:00,Slovakia,Slovakia,SK,427.91,471.86,54.97,11.49,entsoe.eu,false,
2022-07-05 04:00:00,Slovakia,Slovakia,SK,401.44,443.02,57.74,15.54,entsoe.eu,false,
2022-07-05 05:00:00,Slovakia,Slovakia,SK,362.35,399.84,61.86,19.03,entsoe.eu,false,
2022-07-05 06:00:00,Slovakia,Slovakia,SK,339.28,373.84,65.45,22.95,entsoe.eu,false,
2022-07-05 07:00:00,Slovakia,Slovakia,SK,369.56,406.61,61.05,18.9,entsoe.eu,false,
2022-07-05 08:00:00,Slovakia,Slovakia,SK,372.81,410.44,60.85,19.07,entsoe.eu,false,
2022-07-05 09:00:00,Slovakia,Slovakia,SK,370.19,407.71,61.11,19.49,entsoe.eu,false,
2022-07-05 10:00:00,Slovakia,Slovakia,SK,345.58,382.22,63.39,19.99,entsoe.eu,false,
2022-07-05 11:00:00,Slovakia,Slovakia,SK,342.64,379.89,63.65,19.81,entsoe.eu,false,
2022-07-05 12:00:00,Slovakia,Slovakia,SK,344.69,381.94,63.44,19.28,entsoe.eu,false,
2022-07-05 13:00:00,Slovakia,Slovakia,SK,338.28,374.59,65.2,22.13,entsoe.eu,false,
2022-07-05 14:00:00,Slovakia,Slovakia,SK,361.79,398.5,61.83,17.22,entsoe.eu,false,
2022-07-05 15:00:00,Slovakia,Slovakia,SK,362.41,398.94,61.72,17.7,entsoe.eu,false,
2022-07-05 16:00:00,Slovakia,Slovakia,SK,326.9,361.08,65.8,21.61,entsoe.eu,false,
2022-07-05 17:00:00,Slovakia,Slovakia,SK,337.75,372.82,65.99,23.76,entsoe.eu,false,
2022-07-05 18:00:00,Slovakia,Slovakia,SK,347.95,383.19,65.25,23.26,entsoe.eu,false,
2022-07-05 19:00:00,Slovakia,Slovakia,SK,369.85,407.09,62.06,19.43,entsoe.eu,false,
2022-07-05 20:00:00,Slovakia,Slovakia,SK,382.2,420.68,60.47,16.93,entsoe.eu,false,
2022-07-05 21:00:00,Slovakia,Slovakia,SK,416.22,457.41,56.7,13.4,entsoe.eu,false,
2022-07-05 22:00:00,Slovakia,Slovakia,SK,385.43,427.24,59.18,12.4,entsoe.eu,false,
2022-07-05 23:00:00,Slovakia,Slovakia,SK,364.12,405.72,61.11,13.0,entsoe.eu,false,
2022-07-06 00:00:00,Slovakia,Slovakia,SK,358.62,399.67,61.82,13.0,entsoe.eu,false,
2022-07-06 01:00:00,Slovakia,Slovakia,SK,359.34,401.31,61.66,13.35,entsoe.eu,false,
2022-07-06 02:00:00,Slovakia,Slovakia,SK,357.66,400.13,61.8,14.46,entsoe.eu,false,
2022-07-06 03:00:00,Slovakia,Slovakia,SK,375.85,417.97,60.32,14.15,entsoe.eu,false,
2022-07-06 04:00:00,Slovakia,Slovakia,SK,382.96,423.53,60.43,17.57,entsoe.eu,false,
2022-07-06 05:00:00,Slovakia,Slovakia,SK,361.61,400.08,62.68,20.81,entsoe.eu,false,
2022-07-06 06:00:00,Slovakia,Slovakia,SK,349.48,388.27,63.92,23.65,entsoe.eu,false,
2022-07-06 07:00:00,Slovakia,Slovakia,SK,341.13,379.35,64.3,23.83,entsoe.eu,false,
2022-07-06 08:00:00,Slovakia,Slovakia,SK,326.78,364.19,65.36,24.08,entsoe.eu,false,
2022-07-06 09:00:00,Slovakia,Slovakia,SK,323.91,361.36,65.71,25.12,entsoe.eu,false,
2022-07-06 10:00:00,Slovakia,Slovakia,SK,304.92,340.97,67.54,26.49,entsoe.eu,false,
2022-07-06 11:00:00,Slovakia,Slovakia,SK,290.76,326.12,68.89,26.91,entsoe.eu,false,
2022-07-06 12:00:00,Slovakia,Slovakia,SK,299.52,335.78,68.28,26.34,entsoe.eu,false,
2022-07-06 13:00:00,Slovakia,Slovakia,SK,326.42,362.97,65.59,24.6,entsoe.eu,false,
2022-07-06 14:00:00,Slovakia,Slovakia,SK,322.35,358.75,65.88,24.34,entsoe.eu,false,
2022-07-06 15:00:00,Slovakia,Slovakia,SK,339.42,375.3,64.78,23.44,entsoe.eu,false,
2022-07-06 16:00:00,Slovakia,Slovakia,SK,360.56,396.87,63.23,22.13,entsoe.eu,false,
2022-07-06 17:00:00,Slovakia,Slovakia,SK,367.61,403.52,63.2,23.43,entsoe.eu,false,
2022-07-06 18:00:00,Slovakia,Slovakia,SK,378.14,413.98,62.54,22.43,entsoe.eu,false,
2022-07-06 19:00:00,Slovakia,Slovakia,SK,374.98,411.07,61.88,19.58,entsoe.eu,false,
2022-07-06 20:00:00,Slovakia,Slovakia,SK,391.22,428.64,60.11,17.35,entsoe.eu,false,
2022-07-06 21:00:00,Slovakia,Slovakia,SK,397.33,435.57,58.86,13.76,entsoe.eu,false,
2022-07-06 22:00:00,Slovakia,Slovakia,SK,403.48,442.75,58.17,13.03,entsoe.eu,false,
2022-07-06 23:00:00,Slovakia,Slovakia,SK,389.9,428.29,59.24,12.43,entsoe.eu,false,
2022-07-07 00:00:00,Slovakia,Slovakia,SK,381.31,419.24,60.04,12.39,entsoe.eu,false,
2022-07-07 01:00:00,Slovakia,Slovakia,SK,384.28,423.32,59.88,12.49,entsoe.eu,false,
2022-07-07 02:00:00,Slovakia,Slovakia,SK,391.39,431.88,59.11,12.59,entsoe.eu,false,
2022-07-07 03:00:00,Slovakia,Slovakia,SK,387.58,428.62,59.64,13.4,entsoe.eu,false,
2022-07-07 04:00:00,Slovakia,Slovakia,SK,392.54,433.39,59.37,16.06,entsoe.eu,false,
2022-07-07 05:00:00,Slovakia,Slovakia,SK,366.28,405.25,62.08,19.95,entsoe.eu,false,
2022-07-07 06:00:00,Slovakia,Slovakia,SK,356.28,394.84,64.09,24.47,entsoe.eu,false,
2022-07-07 07:00:00,Slovakia,Slovakia,SK,342.93,381.88,64.7,24.87,entsoe.eu,false,
2022-07-07 08:00:00,Slovakia,Slovakia,SK,332.0,370.32,65.65,25.17,entsoe.eu,false,
2022-07-07 09:00:00,Slovakia,Slovakia,SK,350.69,390.78,63.86,24.15,entsoe.eu,false,
2022-07-07 10:00:00,Slovakia,Slovakia,SK,356.39,397.2,62.98,23.34,entsoe.eu,false,
2022-07-07 11:00:00,Slovakia,Slovakia,SK,359.92,400.31,62.81,23.22,entsoe.eu,false,
2022-07-07 12:00:00,Slovakia,Slovakia,SK,358.8,399.24,62.61,21.93,entsoe.eu,false,
2022-07-07 13:00:00,Slovakia,Slovakia,SK,365.42,406.43,61.86,21.06,entsoe.eu,false,
2022-07-07 14:00:00,Slovakia,Slovakia,SK,368.66,407.64,63.13,23.2,entsoe.eu,false,
2022-07-07 15:00:00,Slovakia,Slovakia,SK,353.13,390.58,64.62,23.78,entsoe.eu,false,
2022-07-07 16:00:00,Slovakia,Slovakia,SK,347.27,383.74,65.39,24.55,entsoe.eu,false,
2022-07-07 17:00:00,Slovakia,Slovakia,SK,342.8,378.41,65.96,26.45,entsoe.eu,false,
2022-07-07 18:00:00,Slovakia,Slovakia,SK,352.93,388.88,65.05,25.69,entsoe.eu,false,
2022-07-07 19:00:00,Slovakia,Slovakia,SK,363.96,400.95,63.5,22.58,entsoe.eu,false,
2022-07-07 20:00:00,Slovakia,Slovakia,SK,379.67,418.13,61.47,19.08,entsoe.eu,false,
2022-07-07 21:00:00,Slovakia,Slovakia,SK,401.64,441.79,58.68,15.22,entsoe.eu,false,
2022-07-07 22:00:00,Slovakia,Slovakia,SK,411.74,451.75,57.13,12.29,entsoe.eu,false,
2022-07-07 23:00:00,Slovakia,Slovakia,SK,399.25,439.03,58.06,12.42,entsoe.eu,false,
2022-07-08 00:00:00,Slovakia,Slovakia,SK,398.78,439.45,58.12,12.03,entsoe.eu,false,
2022-07-08 01:00:00,Slovakia,Slovakia,SK,398.27,439.81,58.13,12.46,entsoe.eu,false,
2022-07-08 02:00:00,Slovakia,Slovakia,SK,402.81,444.89,57.76,12.81,entsoe.eu,false,
2022-07-08 03:00:00,Slovakia,Slovakia,SK,391.93,434.17,58.8,12.98,entsoe.eu,false,
2022-07-08 04:00:00,Slovakia,Slovakia,SK,378.01,421.25,60.31,16.42,entsoe.eu,false,
2022-07-08 05:00:00,Slovakia,Slovakia,SK,340.24,381.34,63.94,20.14,entsoe.eu,false,
2022-07-08 06:00:00,Slovakia,Slovakia,SK,340.07,381.08,64.18,21.86,entsoe.eu,false,
2022-07-08 07:00:00,Slovakia,Slovakia,SK,342.83,383.85,63.79,21.83,entsoe.eu,false,
2022-07-08 08:00:00,Slovakia,Slovakia,SK,335.82,376.34,64.89,23.06,entsoe.eu,false,
2022-07-08 09:00:00,Slovakia,Slovakia,SK,335.23,375.43,64.42,23.24,entsoe.eu,false,
2022-07-08 10:00:00,Slovakia,Slovakia,SK,317.23,354.74,65.94,23.38,entsoe.eu,false,
2022-07-08 11:00:00,Slovakia,Slovakia,SK,313.53,351.84,65.94,23.31,entsoe.eu,false,
2022-07-08 12:00:00,Slovakia,Slovakia,SK,310.43,348.95,66.44,23.56,entsoe.eu,false,
2022-07-08 13:00:00,Slovakia,Slovakia,SK,298.8,335.67,67.54,22.97,entsoe.eu,false,
2022-07-08 14:00:00,Slovakia,Slovakia,SK,315.91,353.25,66.05,22.7,entsoe.eu,false,
2022-07-08 15:00:00,Slovakia,Slovakia,SK,309.92,346.31,67.28,24.02,entsoe.eu,false,
2022-07-08 16:00:00,Slovakia,Slovakia,SK,324.22,361.79,66.05,23.29,entsoe.eu,false,
2022-07-08 17:00:00,Slovakia,Slovakia,SK,324.8,362.44,66.49,23.88,entsoe.eu,false,
2022-07-08 18:00:00,Slovakia,Slovakia,SK,330.04,369.7,65.49,21.23,entsoe.eu,false,
2022-07-08 19:00:00,Slovakia,Slovakia,SK,323.32,362.16,66.9,22.93,entsoe.eu,false,
2022-07-08 20:00:00,Slovakia,Slovakia,SK,361.31,402.33,62.57,18.76,entsoe.eu,false,
2022-07-08 21:00:00,Slovakia,Slovakia,SK,345.84,387.05,63.31,16.37,entsoe.eu,false,
2022-07-08 22:00:00,Slovakia,Slovakia,SK,363.13,403.44,63.36,19.86,entsoe.eu,false,
2022-07-08 23:00:00,Slovakia,Slovakia,SK,349.32,390.51,63.34,18.2,entsoe.eu,false,
2022-07-09 00:00:00,Slovakia,Slovakia,SK,324.41,365.27,64.96,17.75,entsoe.eu,false,
2022-07-09 01:00:00,Slovakia,Slovakia,SK,328.32,369.36,64.63,17.63,entsoe.eu,false,
2022-07-09 02:00:00,Slovakia,Slovakia,SK,327.8,368.95,64.57,17.57,entsoe.eu,false,
2022-07-09 03:00:00,Slovakia,Slovakia,SK,322.76,363.27,65.06,17.71,entsoe.eu,false,
2022-07-09 04:00:00,Slovakia,Slovakia,SK,338.82,379.84,63.82,17.77,entsoe.eu,false,
2022-07-09 05:00:00,Slovakia,Slovakia,SK,324.26,364.3,65.26,20.13,entsoe.eu,false,
2022-07-09 06:00:00,Slovakia,Slovakia,SK,295.94,334.89,68.04,23.77,entsoe.eu,false,
2022-07-09 07:00:00,Slovakia,Slovakia,SK,285.33,323.02,69.17,25.42,entsoe.eu,false,
2022-07-09 08:00:00,Slovakia,Slovakia,SK,256.19,292.87,71.8,26.46,entsoe.eu,false,
2022-07-09 09:00:00,Slovakia,Slovakia,SK,230.92,265.47,74.03,25.81,entsoe.eu,false,
2022-07-09 10:00:00,Slovakia,Slovakia,SK,229.52,264.36,74.39,26.36,entsoe.eu,false,
2022-07-09 11:00:00,Slovakia,Slovakia,SK,220.4,254.93,75.34,26.89,entsoe.eu,false,
2022-07-09 12:00:00,Slovakia,Slovakia,SK,223.61,259.16,74.99,26.85,entsoe.eu,false,
2022-07-09 13:00:00,Slovakia,Slovakia,SK,242.59,279.16,73.27,26.95,entsoe.eu,false,
2022-07-09 14:00:00,Slovakia,Slovakia,SK,265.46,302.87,71.2,26.16,entsoe.eu,false,
2022-07-09 15:00:00,Slovakia,Slovakia,SK,288.35,325.75,69.0,23.07,entsoe.eu,false,
2022-07-09 16:00:00,Slovakia,Slovakia,SK,295.03,331.05,69.35,23.9,entsoe.eu,false,
2022-07-09 17:00:00,Slovakia,Slovakia,SK,293.01,328.53,69.7,23.7,entsoe.eu,false,
2022-07-09 18:00:00,Slovakia,Slovakia,SK,305.0,340.65,68.9,22.75,entsoe.eu,false,
2022-07-09 19:00:00,Slovakia,Slovakia,SK,303.38,339.51,69.27,23.33,entsoe.eu,false,
2022-07-09 20:00:00,Slovakia,Slovakia,SK,304.05,340.1,68.93,21.9,entsoe.eu,false,
2022-07-09 21:00:00,Slovakia,Slovakia,SK,288.83,324.45,69.57,18.12,entsoe.eu,false,
2022-07-09 22:00:00,Slovakia,Slovakia,SK,262.0,296.37,71.12,15.15,entsoe.eu,false,
2022-07-09 23:00:00,Slovakia,Slovakia,SK,224.39,258.74,74.23,15.73,entsoe.eu,false,
2022-07-10 00:00:00,Slovakia,Slovakia,SK,211.72,245.82,75.47,15.68,entsoe.eu,false,
2022-07-10 01:00:00,Slovakia,Slovakia,SK,221.97,257.66,74.49,16.6,entsoe.eu,false,
2022-07-10 02:00:00,Slovakia,Slovakia,SK,215.15,250.89,74.92,15.36,entsoe.eu,false,
2022-07-10 03:00:00,Slovakia,Slovakia,SK,211.41,247.62,74.97,15.26,entsoe.eu,false,
2022-07-10 04:00:00,Slovakia,Slovakia,SK,217.74,254.01,74.41,16.89,entsoe.eu,false,
2022-07-10 05:00:00,Slovakia,Slovakia,SK,217.19,253.34,74.78,19.0,entsoe.eu,false,
2022-07-10 06:00:00,Slovakia,Slovakia,SK,216.87,252.85,75.0,21.69,entsoe.eu,false,
2022-07-10 07:00:00,Slovakia,Slovakia,SK,207.89,243.23,75.8,23.2,entsoe.eu,false,
2022-07-10 08:00:00,Slovakia,Slovakia,SK,203.2,238.4,76.25,22.33,entsoe.eu,false,
2022-07-10 09:00:00,Slovakia,Slovakia,SK,201.21,236.64,76.17,22.23,entsoe.eu,false,
2022-07-10 10:00:00,Slovakia,Slovakia,SK,210.28,246.05,75.54,22.46,entsoe.eu,false,
2022-07-10 11:00:00,Slovakia,Slovakia,SK,202.83,237.97,76.34,22.53,entsoe.eu,false,
2022-07-10 12:00:00,Slovakia,Slovakia,SK,196.73,231.31,76.97,22.32,entsoe.eu,false,
2022-07-10 13:00:00,Slovakia,Slovakia,SK,192.64,227.93,76.85,21.5,entsoe.eu,false,
2022-07-10 14:00:00,Slovakia,Slovakia,SK,218.47,254.0,74.72,20.91,entsoe.eu,false,
2022-07-10 15:00:00,Slovakia,Slovakia,SK,243.33,278.48,72.64,18.82,entsoe.eu,false,
2022-07-10 16:00:00,Slovakia,Slovakia,SK,263.37,299.19,70.95,18.81,entsoe.eu,false,
2022-07-10 17:00:00,Slovakia,Slovakia,SK,273.7,311.7,70.29,18.83,entsoe.eu,false,
2022-07-10 18:00:00,Slovakia,Slovakia,SK,286.46,323.54,70.54,21.91,entsoe.eu,false,
2022-07-10 19:00:00,Slovakia,Slovakia,SK,304.45,342.96,69.26,21.03,entsoe.eu,false,
2022-07-10 20:00:00,Slovakia,Slovakia,SK,288.9,327.96,69.64,19.36,entsoe.eu,false,
2022-07-10 21:00:00,Slovakia,Slovakia,SK,263.55,301.86,71.02,15.63,entsoe.eu,false,
2022-07-10 22:00:00,Slovakia,Slovakia,SK,259.52,298.4,71.34,13.09,entsoe.eu,false,
2022-07-10 23:00:00,Slovakia,Slovakia,SK,212.71,250.43,75.49,12.68,entsoe.eu,false,
2022-07-11 00:00:00,Slovakia,Slovakia,SK,200.48,237.96,76.57,12.66,entsoe.eu,false,
2022-07-11 01:00:00,Slovakia,Slovakia,SK,208.78,246.97,75.72,12.56,entsoe.eu,false,
2022-07-11 02:00:00,Slovakia,Slovakia,SK,229.07,268.7,73.79,12.65,entsoe.eu,false,
2022-07-11 03:00:00,Slovakia,Slovakia,SK,269.92,309.21,70.19,12.81,entsoe.eu,false,
2022-07-11 04:00:00,Slovakia,Slovakia,SK,285.27,325.07,68.67,16.24,entsoe.eu,false,
2022-07-11 05:00:00,Slovakia,Slovakia,SK,272.84,311.66,69.31,18.11,entsoe.eu,false,
2022-07-11 06:00:00,Slovakia,Slovakia,SK,239.3,275.9,73.32,22.84,entsoe.eu,false,
2022-07-11 07:00:00,Slovakia,Slovakia,SK,218.67,255.28,74.44,20.28,entsoe.eu,false,
2022-07-11 08:00:00,Slovakia,Slovakia,SK,226.95,264.14,73.89,20.98,entsoe.eu,false,
2022-07-11 09:00:00,Slovakia,Slovakia,SK,225.72,262.74,74.21,21.94,entsoe.eu,false,
2022-07-11 10:00:00,Slovakia,Slovakia,SK,241.56,279.14,72.63,22.79,entsoe.eu,false,
2022-07-11 11:00:00,Slovakia,Slovakia,SK,240.89,277.53,73.35,23.89,entsoe.eu,false,
2022-07-11 12:00:00,Slovakia,Slovakia,SK,245.12,282.27,72.32,23.25,entsoe.eu,false,
2022-07-11 13:00:00,Slovakia,Slovakia,SK,237.16,273.74,72.62,21.69,entsoe.eu,false,
2022-07-11 14:00:00,Slovakia,Slovakia,SK,272.18,310.31,69.99,21.06,entsoe.eu,false,
2022-07-11 15:00:00,Slovakia,Slovakia,SK,292.3,331.68,67.63,18.32,entsoe.eu,false,
2022-07-11 16:00:00,Slovakia,Slovakia,SK,299.14,336.98,68.71,21.29,entsoe.eu,false,
2022-07-11 17:00:00,Slovakia,Slovakia,SK,289.75,326.39,70.64,23.84,entsoe.eu,false,
2022-07-11 18:00:00,Slovakia,Slovakia,SK,293.55,330.37,70.47,23.63,entsoe.eu,false,
2022-07-11 19:00:00,Slovakia,Slovakia,SK,310.29,348.58,68.48,21.39,entsoe.eu,false,
2022-07-11 20:00:00,Slovakia,Slovakia,SK,309.1,349.06,67.07,17.74,entsoe.eu,false,
2022-07-11 21:00:00,Slovakia,Slovakia,SK,312.65,353.26,66.07,15.31,entsoe.eu,false,
2022-07-11 22:00:00,Slovakia,Slovakia,SK,303.9,344.16,67.12,13.34,entsoe.eu,false,
2022-07-11 23:00:00,Slovakia,Slovakia,SK,257.83,296.4,71.29,13.12,entsoe.eu,false,
2022-07-12 00:00:00,Slovakia,Slovakia,SK,235.06,273.57,73.32,12.62,entsoe.eu,false,
2022-07-12 01:00:00,Slovakia,Slovakia,SK,226.22,264.94,73.96,12.45,entsoe.eu,false,
2022-07-12 02:00:00,Slovakia,Slovakia,SK,239.01,278.08,72.68,12.32,entsoe.eu,false,
2022-07-12 03:00:00,Slovakia,Slovakia,SK,258.06,297.67,71.07,12.59,entsoe.eu,false,
2022-07-12 04:00:00,Slovakia,Slovakia,SK,253.78,292.91,71.76,16.12,entsoe.eu,false,
2022-07-12 05:00:00,Slovakia,Slovakia,SK,241.48,278.92,73.32,18.61,entsoe.eu,false,
2022-07-12 06:00:00,Slovakia,Slovakia,SK,245.86,282.92,73.19,20.8,entsoe.eu,false,
2022-07-12 07:00:00,Slovakia,Slovakia,SK,231.48,266.91,74.64,22.85,entsoe.eu,false,
2022-07-12 08:00:00,Slovakia,Slovakia,SK,220.15,255.06,75.42,23.66,entsoe.eu,false,
2022-07-12 09:00:00,Slovakia,Slovakia,SK,223.18,258.2,75.11,24.7,entsoe.eu,false,
2022-07-12 10:00:00,Slovakia,Slovakia,SK,221.95,257.1,75.22,24.22,entsoe.eu,false,
2022-07-12 11:00:00,Slovakia,Slovakia,SK,226.54,262.03,74.87,24.43,entsoe.eu,false,
2022-07-12 12:00:00,Slovakia,Slovakia,SK,222.17,257.4,75.26,24.64,entsoe.eu,false,
2022-07-12 13:00:00,Slovakia,Slovakia,SK,211.34,245.96,76.0,23.87,entsoe.eu,false,
2022-07-12 14:00:00,Slovakia,Slovakia,SK,228.06,262.83,74.5,22.74,entsoe.eu,false,
2022-07-12 15:00:00,Slovakia,Slovakia,SK,244.22,278.87,72.98,21.1,entsoe.eu,false,
2022-07-12 16:00:00,Slovakia,Slovakia,SK,244.74,278.98,73.19,21.11,entsoe.eu,false,
2022-07-12 17:00:00,Slovakia,Slovakia,SK,247.63,282.29,73.16,22.2,entsoe.eu,false,
2022-07-12 18:00:00,Slovakia,Slovakia,SK,241.9,274.51,76.03,26.92,entsoe.eu,false,
2022-07-12 19:00:00,Slovakia,Slovakia,SK,247.1,282.08,73.69,22.01,entsoe.eu,false,
2022-07-12 20:00:00,Slovakia,Slovakia,SK,232.92,268.13,74.19,21.55,entsoe.eu,false,
2022-07-12 21:00:00,Slovakia,Slovakia,SK,240.93,277.61,73.22,18.91,entsoe.eu,false,
2022-07-12 22:00:00,Slovakia,Slovakia,SK,272.28,310.65,70.46,16.51,entsoe.eu,false,
2022-07-12 23:00:00,Slovakia,Slovakia,SK,262.91,302.35,71.12,16.54,entsoe.eu,false,
2022-07-13 00:00:00,Slovakia,Slovakia,SK,264.44,303.95,71.14,16.23,entsoe.eu,false,
2022-07-13 01:00:00,Slovakia,Slovakia,SK,260.88,301.17,71.38,15.95,entsoe.eu,false,
2022-07-13 02:00:00,Slovakia,Slovakia,SK,272.16,313.02,70.36,15.87,entsoe.eu,false,
2022-07-13 03:00:00,Slovakia,Slovakia,SK,249.23,287.63,72.35,15.48,entsoe.eu,false,
2022-07-13 04:00:00,Slovakia,Slovakia,SK,234.37,270.28,73.66,16.7,entsoe.eu,false,
2022-07-13 05:00:00,Slovakia,Slovakia,SK,221.44,255.64,75.74,21.23,entsoe.eu,false,
2022-07-13 06:00:00,Slovakia,Slovakia,SK,195.44,227.48,79.11,25.26,entsoe.eu,false,
2022-07-13 07:00:00,Slovakia,Slovakia,SK,193.82,227.25,77.66,21.97,entsoe.eu,false,
2022-07-13 08:00:00,Slovakia,Slovakia,SK,184.39,218.07,78.43,23.08,entsoe.eu,false,
2022-07-13 09:00:00,Slovakia,Slovakia,SK,168.01,201.58,79.91,24.04,entsoe.eu,false,
2022-07-13 10:00:00,Slovakia,Slovakia,SK,178.95,212.79,78.99,23.67,entsoe.eu,false,
2022-07-13 11:00:00,Slovakia,Slovakia,SK,186.65,221.08,78.41,24.15,entsoe.eu,false,
2022-07-13 12:00:00,Slovakia,Slovakia,SK,203.61,238.41,76.88,24.66,entsoe.eu,false,
2022-07-13 13:00:00,Slovakia,Slovakia,SK,209.96,244.78,76.23,24.51,entsoe.eu,false,
2022-07-13 14:00:00,Slovakia,Slovakia,SK,223.91,259.65,74.99,22.59,entsoe.eu,false,
2022-07-13 15:00:00,Slovakia,Slovakia,SK,246.79,282.97,72.67,19.81,entsoe.eu,false,
2022-07-13 16:00:00,Slovakia,Slovakia,SK,270.23,306.92,70.7,18.92,entsoe.eu,false,
2022-07-13 17:00:00,Slovakia,Slovakia,SK,263.09,298.05,72.57,22.54,entsoe.eu,false,
2022-07-13 18:00:00,Slovakia,Slovakia,SK,289.52,325.94,70.6,22.0,entsoe.eu,false,
2022-07-13 19:00:00,Slovakia,Slovakia,SK,289.67,327.24,69.94,20.58,entsoe.eu,false,
2022-07-13 20:00:00,Slovakia,Slovakia,SK,291.98,330.77,68.63,17.73,entsoe.eu,false,
2022-07-13 21:00:00,Slovakia,Slovakia,SK,282.47,320.63,69.04,15.23,Electricity Maps Estimation,true,ESTIMATED_TIME_SLICER_AVERAGE
2022-07-13 22:00:00,Slovakia,Slovakia,SK,277.3,315.27,69.41,12.81,entsoe.eu,false,
2022-07-13 23:00:00,Slovakia,Slovakia,SK,257.89,296.3,71.33,13.08,entsoe.eu,false,
2022-07-14 00:00:00,Slovakia,Slovakia,SK,244.29,282.56,72.56,13.08,entsoe.eu,false,
2022-07-14 01:00:00,Slovakia,Slovakia,SK,242.27,280.56,72.69,12.85,entsoe.eu,false,
2022-07-14 02:00:00,Slovakia,Slovakia,SK,238.6,276.76,72.75,12.66,entsoe.eu,false,
2022-07-14 03:00:00,Slovakia,Slovakia,SK,245.4,283.37,72.12,12.39,entsoe.eu,false,
2022-07-14 04:00:00,Slovakia,Slovakia,SK,283.17,322.35,69.18,15.82,entsoe.eu,false,
2022-07-14 05:00:00,Slovakia,Slovakia,SK,290.78,329.38,68.74,18.44,entsoe.eu,false,
2022-07-14 06:00:00,Slovakia,Slovakia,SK,267.86,304.3,71.48,22.22,entsoe.eu,false,
2022-07-14 07:00:00,Slovakia,Slovakia,SK,255.04,291.14,72.26,22.61,entsoe.eu,false,
2022-07-14 08:00:00,Slovakia,Slovakia,SK,239.34,275.51,73.48,24.07,entsoe.eu,false,
2022-07-14 09:00:00,Slovakia,Slovakia,SK,228.78,264.56,74.3,24.91,entsoe.eu,false,
2022-07-14 10:00:00,Slovakia,Slovakia,SK,226.32,261.76,74.56,25.11,entsoe.eu,false,
2022-07-14 11:00:00,Slovakia,Slovakia,SK,233.04,269.11,73.96,24.58,entsoe.eu,false,
2022-07-14 12:00:00,Slovakia,Slovakia,SK,241.88,278.49,73.08,23.74,entsoe.eu,false,
2022-07-14 13:00:00,Slovakia,Slovakia,SK,265.84,303.8,70.82,22.85,entsoe.eu,false,
2022-07-14 14:00:00,Slovakia,Slovakia,SK,276.75,314.98,69.87,21.94,entsoe.eu,false,
2022-07-14 15:00:00,Slovakia,Slovakia,SK,290.92,329.2,68.48,19.33,entsoe.eu,false,
2022-07-14 16:00:00,Slovakia,Slovakia,SK,310.93,347.78,68.84,22.95,entsoe.eu,false,
2022-07-14 17:00:00,Slovakia,Slovakia,SK,329.58,367.88,66.57,20.24,entsoe.eu,false,
2022-07-14 18:00:00,Slovakia,Slovakia,SK,330.71,368.97,66.59,20.18,entsoe.eu,false,
2022-07-14 19:00:00,Slovakia,Slovakia,SK,325.76,364.63,66.78,20.23,entsoe.eu,false,
2022-07-14 20:00:00,Slovakia,Slovakia,SK,322.88,362.54,66.09,17.47,entsoe.eu,false,
2022-07-14 21:00:00,Slovakia,Slovakia,SK,320.25,360.52,65.68,14.3,entsoe.eu,false,
2022-07-14 22:00:00,Slovakia,Slovakia,SK,312.59,353.09,66.34,11.93,entsoe.eu,false,
2022-07-14 23:00:00,Slovakia,Slovakia,SK,310.21,351.01,66.5,12.06,entsoe.eu,false,
2022-07-15 00:00:00,Slovakia,Slovakia,SK,295.13,335.45,67.58,11.85,entsoe.eu,false,
2022-07-15 01:00:00,Slovakia,Slovakia,SK,281.15,320.81,68.98,11.91,entsoe.eu,false,
2022-07-15 02:00:00,Slovakia,Slovakia,SK,276.37,316.45,69.26,12.25,entsoe.eu,false,
2022-07-15 03:00:00,Slovakia,Slovakia,SK,283.16,322.66,68.67,12.63,entsoe.eu,false,
2022-07-15 04:00:00,Slovakia,Slovakia,SK,289.79,329.52,68.19,15.3,entsoe.eu,false,
2022-07-15 05:00:00,Slovakia,Slovakia,SK,284.08,322.21,69.15,18.17,entsoe.eu,false,
2022-07-15 06:00:00,Slovakia,Slovakia,SK,277.8,315.29,70.11,21.24,entsoe.eu,false,
2022-07-15 07:00:00,Slovakia,Slovakia,SK,260.15,296.72,71.48,23.11,entsoe.eu,false,
2022-07-15 08:00:00,Slovakia,Slovakia,SK,243.98,279.57,73.14,25.08,entsoe.eu,false,
2022-07-15 09:00:00,Slovakia,Slovakia,SK,248.44,284.76,72.9,26.14,entsoe.eu,false,
2022-07-15 10:00:00,Slovakia,Slovakia,SK,252.34,288.61,72.47,25.39,entsoe.eu,false,
2022-07-15 11:00:00,Slovakia,Slovakia,SK,245.5,281.7,72.95,25.08,entsoe.eu,false,
2022-07-15 12:00:00,Slovakia,Slovakia,SK,236.31,272.19,73.66,24.36,entsoe.eu,false,
2022-07-15 13:00:00,Slovakia,Slovakia,SK,227.41,261.86,74.43,23.8,entsoe.eu,false,
2022-07-15 14:00:00,Slovakia,Slovakia,SK,239.38,273.84,73.17,23.03,entsoe.eu,false,
2022-07-15 15:00:00,Slovakia,Slovakia,SK,253.97,288.67,72.19,22.89,entsoe.eu,false,
2022-07-15 16:00:00,Slovakia,Slovakia,SK,276.31,311.94,70.25,21.3,entsoe.eu,false,
2022-07-15 17:00:00,Slovakia,Slovakia,SK,295.15,330.58,69.74,22.55,entsoe.eu,false,
2022-07-15 18:00:00,Slovakia,Slovakia,SK,307.2,342.72,69.93,22.93,entsoe.eu,false,
2022-07-15 19:00:00,Slovakia,Slovakia,SK,319.61,357.78,67.06,18.11,entsoe.eu,false,
2022-07-15 20:00:00,Slovakia,Slovakia,SK,326.14,365.0,66.01,15.99,entsoe.eu,false,
2022-07-15 21:00:00,Slovakia,Slovakia,SK,326.32,365.74,65.18,12.89,entsoe.eu,false,
2022-07-15 22:00:00,Slovakia,Slovakia,SK,308.38,345.54,68.4,16.44,entsoe.eu,false,
2022-07-15 23:00:00,Slovakia,Slovakia,SK,290.09,327.56,68.73,13.81,entsoe.eu,false,
2022-07-16 00:00:00,Slovakia,Slovakia,SK,298.32,336.65,67.57,11.22,entsoe.eu,false,
2022-07-16 01:00:00,Slovakia,Slovakia,SK,301.3,339.08,67.39,11.15,entsoe.eu,false,
2022-07-16 02:00:00,Slovakia,Slovakia,SK,300.59,338.38,67.21,10.77,entsoe.eu,false,
2022-07-16 03:00:00,Slovakia,Slovakia,SK,264.34,300.41,70.39,10.63,entsoe.eu,false,
2022-07-16 04:00:00,Slovakia,Slovakia,SK,263.03,298.62,70.63,12.37,entsoe.eu,false,
2022-07-16 05:00:00,Slovakia,Slovakia,SK,275.19,311.9,69.7,16.15,entsoe.eu,false,
2022-07-16 06:00:00,Slovakia,Slovakia,SK,255.4,291.73,71.73,19.43,entsoe.eu,false,
2022-07-16 07:00:00,Slovakia,Slovakia,SK,216.19,251.83,75.41,22.45,entsoe.eu,false,
2022-07-16 08:00:00,Slovakia,Slovakia,SK,204.53,239.77,76.6,24.36,entsoe.eu,false,
2022-07-16 09:00:00,Slovakia,Slovakia,SK,196.26,231.08,77.36,25.09,entsoe.eu,false,
2022-07-16 10:00:00,Slovakia,Slovakia,SK,204.62,239.5,76.57,25.23,entsoe.eu,false,
2022-07-16 11:00:00,Slovakia,Slovakia,SK,207.84,242.05,76.02,22.98,entsoe.eu,false,
2022-07-16 12:00:00,Slovakia,Slovakia,SK,212.01,246.1,75.63,22.26,entsoe.eu,false,
2022-07-16 13:00:00,Slovakia,Slovakia,SK,212.94,246.73,75.49,21.34,entsoe.eu,false,
2022-07-16 14:00:00,Slovakia,Slovakia,SK,233.23,268.04,73.8,21.47,entsoe.eu,false,
2022-07-16 15:00:00,Slovakia,Slovakia,SK,248.16,282.68,72.28,19.83,entsoe.eu,false,
2022-07-16 16:00:00,Slovakia,Slovakia,SK,273.82,307.72,70.21,18.73,entsoe.eu,false,
2022-07-16 17:00:00,Slovakia,Slovakia,SK,295.37,329.92,68.37,19.1,entsoe.eu,false,
2022-07-16 18:00:00,Slovakia,Slovakia,SK,312.74,348.37,67.42,20.27,entsoe.eu,false,
2022-07-16 19:00:00,Slovakia,Slovakia,SK,312.09,347.74,67.71,20.62,entsoe.eu,false,
2022-07-16 20:00:00,Slovakia,Slovakia,SK,299.74,335.05,68.87,19.6,entsoe.eu,false,
2022-07-16 21:00:00,Slovakia,Slovakia,SK,293.8,328.84,69.24,16.93,entsoe.eu,false,
2022-07-16 22:00:00,Slovakia,Slovakia,SK,295.76,332.0,68.85,15.66,entsoe.eu,false,
2022-07-16 23:00:00,Slovakia,Slovakia,SK,303.85,342.12,67.67,13.79,entsoe.eu,false,
2022-07-17 00:00:00,Slovakia,Slovakia,SK,303.34,342.24,67.52,13.07,entsoe.eu,false,
2022-07-17 01:00:00,Slovakia,Slovakia,SK,301.15,340.5,67.5,11.93,entsoe.eu,false,
2022-07-17 02:00:00,Slovakia,Slovakia,SK,289.29,328.82,68.38,11.67,entsoe.eu,false,
2022-07-17 03:00:00,Slovakia,Slovakia,SK,267.16,306.22,70.31,11.58,entsoe.eu,false,
2022-07-17 04:00:00,Slovakia,Slovakia,SK,262.39,301.31,70.69,14.11,entsoe.eu,false,
2022-07-17 05:00:00,Slovakia,Slovakia,SK,213.88,249.78,75.08,16.08,entsoe.eu,false,
2022-07-17 06:00:00,Slovakia,Slovakia,SK,200.68,234.86,76.57,18.9,entsoe.eu,false,
2022-07-17 07:00:00,Slovakia,Slovakia,SK,199.34,233.34,76.76,21.5,entsoe.eu,false,
2022-07-17 08:00:00,Slovakia,Slovakia,SK,203.4,238.2,76.71,23.54,entsoe.eu,false,
2022-07-17 09:00:00,Slovakia,Slovakia,SK,205.3,240.37,76.51,24.42,entsoe.eu,false,
2022-07-17 10:00:00,Slovakia,Slovakia,SK,198.42,233.47,77.06,24.69,entsoe.eu,false,
2022-07-17 11:00:00,Slovakia,Slovakia,SK,177.72,210.71,79.04,23.77,entsoe.eu,false,
2022-07-17 12:00:00,Slovakia,Slovakia,SK,188.6,222.5,77.97,24.11,entsoe.eu,false,
2022-07-17 13:00:00,Slovakia,Slovakia,SK,214.45,249.34,75.52,23.5,entsoe.eu,false,
2022-07-17 14:00:00,Slovakia,Slovakia,SK,247.83,283.43,72.35,21.08,entsoe.eu,false,
2022-07-17 15:00:00,Slovakia,Slovakia,SK,281.71,318.5,69.25,18.03,entsoe.eu,false,
2022-07-17 16:00:00,Slovakia,Slovakia,SK,300.4,337.99,67.5,17.27,entsoe.eu,false,
2022-07-17 17:00:00,Slovakia,Slovakia,SK,301.75,339.12,67.73,17.62,entsoe.eu,false,
2022-07-17 18:00:00,Slovakia,Slovakia,SK,300.16,335.89,69.75,20.87,entsoe.eu,false,
2022-07-17 19:00:00,Slovakia,Slovakia,SK,297.0,332.67,70.08,20.44,entsoe.eu,false,
2022-07-17 20:00:00,Slovakia,Slovakia,SK,284.47,321.17,70.12,16.87,entsoe.eu,false,
2022-07-17 21:00:00,Slovakia,Slovakia,SK,261.9,298.75,70.9,13.02,entsoe.eu,false,
2022-07-17 22:00:00,Slovakia,Slovakia,SK,241.3,278.94,72.14,9.31,entsoe.eu,false,
2022-07-17 23:00:00,Slovakia,Slovakia,SK,235.23,274.76,72.92,9.44,entsoe.eu,false,
2022-07-18 00:00:00,Slovakia,Slovakia,SK,240.89,280.87,72.46,9.45,entsoe.eu,false,
2022-07-18 01:00:00,Slovakia,Slovakia,SK,239.97,279.81,72.44,9.34,entsoe.eu,false,
2022-07-18 02:00:00,Slovakia,Slovakia,SK,271.97,313.63,69.37,9.48,entsoe.eu,false,
2022-07-18 03:00:00,Slovakia,Slovakia,SK,272.16,311.85,69.55,9.54,entsoe.eu,false,
2022-07-18 04:00:00,Slovakia,Slovakia,SK,277.81,317.6,69.21,13.19,entsoe.eu,false,
2022-07-18 05:00:00,Slovakia,Slovakia,SK,271.86,311.49,70.03,16.78,entsoe.eu,false,
2022-07-18 06:00:00,Slovakia,Slovakia,SK,267.29,304.96,72.18,22.91,entsoe.eu,false,
2022-07-18 07:00:00,Slovakia,Slovakia,SK,279.74,319.41,69.77,20.28,entsoe.eu,false,
2022-07-18 08:00:00,Slovakia,Slovakia,SK,250.75,287.71,72.31,21.36,entsoe.eu,false,
2022-07-18 09:00:00,Slovakia,Slovakia,SK,234.85,270.97,73.65,21.53,entsoe.eu,false,
2022-07-18 10:00:00,Slovakia,Slovakia,SK,235.37,271.45,73.71,21.6,entsoe.eu,false,
2022-07-18 11:00:00,Slovakia,Slovakia,SK,231.0,267.07,74.02,21.4,entsoe.eu,false,
2022-07-18 12:00:00,Slovakia,Slovakia,SK,240.19,277.09,73.28,21.04,entsoe.eu,false,
2022-07-18 13:00:00,Slovakia,Slovakia,SK,256.82,294.02,71.62,19.66,entsoe.eu,false,
2022-07-18 14:00:00,Slovakia,Slovakia,SK,303.38,342.34,67.3,17.39,entsoe.eu,false,
2022-07-18 15:00:00,Slovakia,Slovakia,SK,315.52,355.98,65.71,15.94,entsoe.eu,false,
2022-07-18 16:00:00,Slovakia,Slovakia,SK,325.47,364.86,65.91,17.63,entsoe.eu,false,
2022-07-18 17:00:00,Slovakia,Slovakia,SK,282.59,317.28,72.55,24.38,entsoe.eu,false,
2022-07-18 18:00:00,Slovakia,Slovakia,SK,270.23,303.91,73.94,24.91,entsoe.eu,false,
2022-07-18 19:00:00,Slovakia,Slovakia,SK,252.5,285.28,74.53,23.23,entsoe.eu,false,
2022-07-18 20:00:00,Slovakia,Slovakia,SK,293.54,331.5,68.27,15.26,entsoe.eu,false,
2022-07-18 21:00:00,Slovakia,Slovakia,SK,301.52,340.41,66.99,12.41,entsoe.eu,false,
2022-07-18 22:00:00,Slovakia,Slovakia,SK,323.88,364.48,64.5,8.53,entsoe.eu,false,
2022-07-18 23:00:00,Slovakia,Slovakia,SK,322.99,363.29,64.63,8.41,entsoe.eu,false,
2022-07-19 00:00:00,Slovakia,Slovakia,SK,319.16,359.36,64.82,8.41,entsoe.eu,false,
2022-07-19 01:00:00,Slovakia,Slovakia,SK,304.22,343.99,66.38,8.55,entsoe.eu,false,
2022-07-19 02:00:00,Slovakia,Slovakia,SK,317.97,358.71,64.92,8.76,entsoe.eu,false,
2022-07-19 03:00:00,Slovakia,Slovakia,SK,312.98,353.27,65.5,8.98,entsoe.eu,false,
2022-07-19 04:00:00,Slovakia,Slovakia,SK,321.92,363.05,64.73,11.34,entsoe.eu,false,
2022-07-19 05:00:00,Slovakia,Slovakia,SK,310.47,350.42,66.0,15.37,entsoe.eu,false,
2022-07-19 06:00:00,Slovakia,Slovakia,SK,292.98,332.06,67.8,18.43,entsoe.eu,false,
2022-07-19 07:00:00,Slovakia,Slovakia,SK,280.52,318.87,68.91,19.6,entsoe.eu,false,
2022-07-19 08:00:00,Slovakia,Slovakia,SK,267.38,304.61,70.72,20.95,entsoe.eu,false,
2022-07-19 09:00:00,Slovakia,Slovakia,SK,254.7,290.93,72.17,22.31,entsoe.eu,false,
2022-07-19 10:00:00,Slovakia,Slovakia,SK,247.29,282.74,72.8,22.56,entsoe.eu,false,
2022-07-19 11:00:00,Slovakia,Slovakia,SK,244.94,280.8,72.92,22.15,entsoe.eu,false,
2022-07-19 12:00:00,Slovakia,Slovakia,SK,235.54,271.55,73.73,20.9,entsoe.eu,false,
2022-07-19 13:00:00,Slovakia,Slovakia,SK,243.59,279.79,72.78,19.41,entsoe.eu,false,
2022-07-19 14:00:00,Slovakia,Slovakia,SK,267.06,304.4,70.44,17.68,entsoe.eu,false,
2022-07-19 15:00:00,Slovakia,Slovakia,SK,294.05,331.74,68.52,17.53,entsoe.eu,false,
2022-07-19 16:00:00,Slovakia,Slovakia,SK,297.23,333.27,69.99,21.36,entsoe.eu,false,
2022-07-19 17:00:00,Slovakia,Slovakia,SK,318.71,355.33,69.07,22.86,entsoe.eu,false,
2022-07-19 18:00:00,Slovakia,Slovakia,SK,326.81,365.22,66.77,19.44,entsoe.eu,false,
2022-07-19 19:00:00,Slovakia,Slovakia,SK,337.15,376.63,65.14,16.41,entsoe.eu,false,
2022-07-19 20:00:00,Slovakia,Slovakia,SK,349.99,391.46,62.55,12.78,entsoe.eu,false,
2022-07-19 21:00:00,Slovakia,Slovakia,SK,381.17,423.32,59.7,8.71,entsoe.eu,false,
2022-07-19 22:00:00,Slovakia,Slovakia,SK,360.65,401.09,61.83,9.11,entsoe.eu,false,
2022-07-19 23:00:00,Slovakia,Slovakia,SK,340.73,381.03,63.74,9.19,entsoe.eu,false,
2022-07-20 00:00:00,Slovakia,Slovakia,SK,361.13,401.93,62.09,9.2,entsoe.eu,false,
2022-07-20 01:00:00,Slovakia,Slovakia,SK,350.57,391.62,62.71,9.23,entsoe.eu,false,
2022-07-20 02:00:00,Slovakia,Slovakia,SK,363.26,405.09,61.62,9.03,entsoe.eu,false,
2022-07-20 03:00:00,Slovakia,Slovakia,SK,366.12,407.67,61.53,9.02,entsoe.eu,false,
2022-07-20 04:00:00,Slovakia,Slovakia,SK,358.64,400.23,62.44,11.49,entsoe.eu,false,
2022-07-20 05:00:00,Slovakia,Slovakia,SK,325.54,364.41,66.04,15.99,entsoe.eu,false,
2022-07-20 06:00:00,Slovakia,Slovakia,SK,295.75,333.6,68.52,18.78,entsoe.eu,false,
2022-07-20 07:00:00,Slovakia,Slovakia,SK,268.3,305.22,70.97,20.56,entsoe.eu,false,
2022-07-20 08:00:00,Slovakia,Slovakia,SK,264.77,301.73,71.3,20.73,entsoe.eu,false,
2022-07-20 09:00:00,Slovakia,Slovakia,SK,260.41,297.62,71.64,22.05,entsoe.eu,false,
2022-07-20 10:00:00,Slovakia,Slovakia,SK,243.43,279.24,73.13,22.48,entsoe.eu,false,
2022-07-20 11:00:00,Slovakia,Slovakia,SK,246.22,282.3,72.99,22.53,entsoe.eu,false,
2022-07-20 12:00:00,Slovakia,Slovakia,SK,250.51,286.51,72.52,21.88,entsoe.eu,false,
2022-07-20 13:00:00,Slovakia,Slovakia,SK,278.73,316.3,69.92,20.69,entsoe.eu,false,
2022-07-20 14:00:00,Slovakia,Slovakia,SK,291.07,328.38,68.74,19.2,entsoe.eu,false,
2022-07-20 15:00:00,Slovakia,Slovakia,SK,280.15,314.2,71.02,21.41,entsoe.eu,false,
2022-07-20 16:00:00,Slovakia,Slovakia,SK,290.66,325.19,69.75,20.32,entsoe.eu,false,
2022-07-20 17:00:00,Slovakia,Slovakia,SK,291.4,324.6,71.31,23.26,entsoe.eu,false,
2022-07-20 18:00:00,Slovakia,Slovakia,SK,300.01,333.68,70.43,22.97,entsoe.eu,false,
2022-07-20 19:00:00,Slovakia,Slovakia,SK,309.98,345.67,66.46,14.77,entsoe.eu,false,
2022-07-20 20:00:00,Slovakia,Slovakia,SK,317.78,355.23,65.04,12.87,entsoe.eu,false,
2022-07-20 21:00:00,Slovakia,Slovakia,SK,304.05,340.96,65.93,10.11,entsoe.eu,false,
2022-07-20 22:00:00,Slovakia,Slovakia,SK,269.98,305.57,69.97,10.81,entsoe.eu,false,
2022-07-20 23:00:00,Slovakia,Slovakia,SK,296.47,333.66,67.98,11.43,entsoe.eu,false,
2022-07-21 00:00:00,Slovakia,Slovakia,SK,290.39,327.47,68.68,11.46,entsoe.eu,false,
2022-07-21 01:00:00,Slovakia,Slovakia,SK,280.57,317.62,69.57,11.74,entsoe.eu,false,
2022-07-21 02:00:00,Slovakia,Slovakia,SK,296.49,334.31,67.91,11.82,entsoe.eu,false,
2022-07-21 03:00:00,Slovakia,Slovakia,SK,302.21,340.65,67.13,12.01,entsoe.eu,false,
2022-07-21 04:00:00,Slovakia,Slovakia,SK,291.7,330.02,67.33,12.54,entsoe.eu,false,
2022-07-21 05:00:00,Slovakia,Slovakia,SK,276.54,313.83,69.23,15.67,entsoe.eu,false,
2022-07-21 06:00:00,Slovakia,Slovakia,SK,272.03,309.96,70.05,18.05,entsoe.eu,false,
2022-07-21 07:00:00,Slovakia,Slovakia,SK,256.45,294.47,71.31,20.27,entsoe.eu,false,
2022-07-21 08:00:00,Slovakia,Slovakia,SK,252.44,289.82,71.67,20.76,entsoe.eu,false,
2022-07-21 09:00:00,Slovakia,Slovakia,SK,243.39,279.75,72.43,21.68,entsoe.eu,false,
2022-07-21 10:00:00,Slovakia,Slovakia,SK,246.81,283.02,72.07,22.21,entsoe.eu,false,
2022-07-21 11:00:00,Slovakia,Slovakia,SK,243.2,279.26,72.28,21.79,entsoe.eu,false,
2022-07-21 12:00:00,Slovakia,Slovakia,SK,237.35,273.02,72.82,21.16,entsoe.eu,false,
2022-07-21 13:00:00,Slovakia,Slovakia,SK,257.17,293.33,70.73,19.84,entsoe.eu,false,
2022-07-21 14:00:00,Slovakia,Slovakia,SK,294.26,332.47,67.21,18.47,entsoe.eu,false,
2022-07-21 15:00:00,Slovakia,Slovakia,SK,283.65,318.75,69.48,19.85,entsoe.eu,false,
2022-07-21 16:00:00,Slovakia,Slovakia,SK,285.4,318.23,70.83,22.27,entsoe.eu,false,
2022-07-21 17:00:00,Slovakia,Slovakia,SK,316.72,351.15,68.37,22.66,entsoe.eu,false,
2022-07-21 18:00:00,Slovakia,Slovakia,SK,341.06,378.19,64.74,18.94,entsoe.eu,false,
2022-07-21 19:00:00,Slovakia,Slovakia,SK,328.23,364.65,65.23,16.45,entsoe.eu,false,
2022-07-21 20:00:00,Slovakia,Slovakia,SK,358.9,398.18,61.75,12.94,entsoe.eu,false,
2022-07-21 21:00:00,Slovakia,Slovakia,SK,362.98,403.11,60.93,10.06,entsoe.eu,false,
2022-07-21 22:00:00,Slovakia,Slovakia,SK,359.47,400.61,61.37,9.33,entsoe.eu,false,
2022-07-21 23:00:00,Slovakia,Slovakia,SK,350.46,391.7,62.14,8.55,entsoe.eu,false,
2022-07-22 00:00:00,Slovakia,Slovakia,SK,343.29,384.38,63.01,8.45,entsoe.eu,false,
2022-07-22 01:00:00,Slovakia,Slovakia,SK,336.92,377.54,63.74,8.73,entsoe.eu,false,
2022-07-22 02:00:00,Slovakia,Slovakia,SK,335.03,375.96,63.64,8.67,entsoe.eu,false,
2022-07-22 03:00:00,Slovakia,Slovakia,SK,333.3,374.47,63.72,8.76,entsoe.eu,false,
2022-07-22 04:00:00,Slovakia,Slovakia,SK,354.27,396.67,61.77,10.76,entsoe.eu,false,
2022-07-22 05:00:00,Slovakia,Slovakia,SK,338.78,379.74,63.45,14.51,entsoe.eu,false,
2022-07-22 06:00:00,Slovakia,Slovakia,SK,313.99,354.01,65.58,17.38,entsoe.eu,false,
2022-07-22 07:00:00,Slovakia,Slovakia,SK,297.98,337.37,67.1,19.35,entsoe.eu,false,
2022-07-22 08:00:00,Slovakia,Slovakia,SK,286.49,325.33,68.32,20.01,entsoe.eu,false,
2022-07-22 09:00:00,Slovakia,Slovakia,SK,274.05,312.05,69.52,21.34,entsoe.eu,false,
2022-07-22 10:00:00,Slovakia,Slovakia,SK,269.31,307.11,70.14,21.81,entsoe.eu,false,
2022-07-22 11:00:00,Slovakia,Slovakia,SK,262.07,299.97,70.94,21.51,entsoe.eu,false,
2022-07-22 12:00:00,Slovakia,Slovakia,SK,272.1,310.65,69.95,20.31,entsoe.eu,false,
2022-07-22 13:00:00,Slovakia,Slovakia,SK,280.82,319.95,68.64,19.0,entsoe.eu,false,
2022-07-22 14:00:00,Slovakia,Slovakia,SK,303.35,342.02,66.95,19.24,entsoe.eu,false,
2022-07-22 15:00:00,Slovakia,Slovakia,SK,308.82,348.55,65.45,17.09,entsoe.eu,false,
2022-07-22 16:00:00,Slovakia,Slovakia,SK,312.2,349.65,66.7,19.33,entsoe.eu,false,
2022-07-22 17:00:00,Slovakia,Slovakia,SK,324.4,361.19,66.94,21.57,entsoe.eu,false,
2022-07-22 18:00:00,Slovakia,Slovakia,SK,332.38,369.97,66.26,21.17,entsoe.eu,false,
2022-07-22 19:00:00,Slovakia,Slovakia,SK,347.11,386.87,63.22,17.03,entsoe.eu,false,
2022-07-22 20:00:00,Slovakia,Slovakia,SK,358.02,399.6,60.93,13.97,entsoe.eu,false,
2022-07-22 21:00:00,Slovakia,Slovakia,SK,375.86,419.55,58.47,9.94,entsoe.eu,false,
2022-07-22 22:00:00,Slovakia,Slovakia,SK,376.26,418.73,59.09,10.68,entsoe.eu,false,
2022-07-22 23:00:00,Slovakia,Slovakia,SK,366.86,408.99,60.42,9.97,entsoe.eu,false,
2022-07-23 00:00:00,Slovakia,Slovakia,SK,361.04,403.23,61.32,9.67,entsoe.eu,false,
2022-07-23 01:00:00,Slovakia,Slovakia,SK,361.22,403.58,61.41,9.2,entsoe.eu,false,
2022-07-23 02:00:00,Slovakia,Slovakia,SK,342.17,383.85,62.8,9.1,entsoe.eu,false,
2022-07-23 03:00:00,Slovakia,Slovakia,SK,344.83,386.59,62.63,8.96,entsoe.eu,false,
2022-07-23 04:00:00,Slovakia,Slovakia,SK,345.93,387.6,62.7,10.13,entsoe.eu,false,
2022-07-23 05:00:00,Slovakia,Slovakia,SK,311.84,351.87,65.87,15.04,entsoe.eu,false,
2022-07-23 06:00:00,Slovakia,Slovakia,SK,285.17,323.9,68.3,17.67,entsoe.eu,false,
2022-07-23 07:00:00,Slovakia,Slovakia,SK,298.77,338.93,67.15,20.05,entsoe.eu,false,
2022-07-23 08:00:00,Slovakia,Slovakia,SK,289.85,329.98,68.42,22.24,entsoe.eu,false,
2022-07-23 09:00:00,Slovakia,Slovakia,SK,292.39,332.58,68.35,23.45,entsoe.eu,false,
2022-07-23 10:00:00,Slovakia,Slovakia,SK,284.13,323.67,68.97,23.54,entsoe.eu,false,
2022-07-23 11:00:00,Slovakia,Slovakia,SK,281.45,320.61,69.28,23.33,entsoe.eu,false,
2022-07-23 12:00:00,Slovakia,Slovakia,SK,292.08,331.51,68.14,22.0,entsoe.eu,false,
2022-07-23 13:00:00,Slovakia,Slovakia,SK,278.61,316.61,68.99,20.64,entsoe.eu,false,
2022-07-23 14:00:00,Slovakia,Slovakia,SK,319.63,359.53,65.26,19.14,entsoe.eu,false,
2022-07-23 15:00:00,Slovakia,Slovakia,SK,339.74,380.29,63.36,16.9,entsoe.eu,false,
2022-07-23 16:00:00,Slovakia,Slovakia,SK,358.73,400.41,61.7,16.66,entsoe.eu,false,
2022-07-23 17:00:00,Slovakia,Slovakia,SK,367.28,408.44,61.42,16.91,entsoe.eu,false,
2022-07-23 18:00:00,Slovakia,Slovakia,SK,359.41,399.07,62.91,17.32,entsoe.eu,false,
2022-07-23 19:00:00,Slovakia,Slovakia,SK,350.14,389.25,64.04,17.21,entsoe.eu,false,
2022-07-23 20:00:00,Slovakia,Slovakia,SK,357.86,398.75,62.51,15.13,entsoe.eu,false,
2022-07-23 21:00:00,Slovakia,Slovakia,SK,340.4,380.18,63.92,13.67,entsoe.eu,false,
2022-07-23 22:00:00,Slovakia,Slovakia,SK,314.1,353.31,65.94,12.97,entsoe.eu,false,
2022-07-23 23:00:00,Slovakia,Slovakia,SK,271.33,309.78,69.52,12.63,entsoe.eu,false,
2022-07-24 00:00:00,Slovakia,Slovakia,SK,284.43,323.13,68.22,10.75,entsoe.eu,false,
2022-07-24 01:00:00,Slovakia,Slovakia,SK,282.74,321.96,68.09,10.68,entsoe.eu,false,
2022-07-24 02:00:00,Slovakia,Slovakia,SK,285.72,326.58,67.58,11.17,entsoe.eu,false,
2022-07-24 03:00:00,Slovakia,Slovakia,SK,284.7,325.71,68.04,11.55,entsoe.eu,false,
2022-07-24 04:00:00,Slovakia,Slovakia,SK,290.25,330.09,67.72,12.23,entsoe.eu,false,
2022-07-24 05:00:00,Slovakia,Slovakia,SK,281.88,320.5,68.55,14.97,entsoe.eu,false,
2022-07-24 06:00:00,Slovakia,Slovakia,SK,287.58,325.94,68.4,18.4,entsoe.eu,false,
2022-07-24 07:00:00,Slovakia,Slovakia,SK,261.41,299.13,70.85,21.51,entsoe.eu,false,
2022-07-24 08:00:00,Slovakia,Slovakia,SK,260.21,298.62,71.25,24.36,entsoe.eu,false,
2022-07-24 09:00:00,Slovakia,Slovakia,SK,247.56,285.87,72.4,25.75,entsoe.eu,false,
2022-07-24 10:00:00,Slovakia,Slovakia,SK,239.05,277.3,73.15,26.66,entsoe.eu,false,
2022-07-24 11:00:00,Slovakia,Slovakia,SK,234.04,271.62,73.66,26.48,entsoe.eu,false,
2022-07-24 12:00:00,Slovakia,Slovakia,SK,228.69,265.64,74.12,25.58,entsoe.eu,false,
2022-07-24 13:00:00,Slovakia,Slovakia,SK,237.36,275.28,73.04,24.82,entsoe.eu,false,
2022-07-24 14:00:00,Slovakia,Slovakia,SK,286.74,326.05,68.64,22.57,entsoe.eu,false,
2022-07-24 15:00:00,Slovakia,Slovakia,SK,327.28,368.51,64.83,19.88,entsoe.eu,false,
2022-07-24 16:00:00,Slovakia,Slovakia,SK,352.9,395.96,61.64,16.0,entsoe.eu,false,
2022-07-24 17:00:00,Slovakia,Slovakia,SK,373.32,417.42,59.58,14.69,entsoe.eu,false,
2022-07-24 18:00:00,Slovakia,Slovakia,SK,377.37,419.63,61.61,19.1,entsoe.eu,false,
2022-07-24 19:00:00,Slovakia,Slovakia,SK,351.31,391.82,63.55,18.83,entsoe.eu,false,
2022-07-24 20:00:00,Slovakia,Slovakia,SK,367.75,411.09,61.04,15.1,entsoe.eu,false,
2022-07-24 21:00:00,Slovakia,Slovakia,SK,364.7,408.39,60.34,13.06,entsoe.eu,false,
2022-07-24 22:00:00,Slovakia,Slovakia,SK,365.25,409.08,61.04,10.42,entsoe.eu,false,
2022-07-24 23:00:00,Slovakia,Slovakia,SK,343.22,385.51,63.24,10.58,entsoe.eu,false,
2022-07-25 00:00:00,Slovakia,Slovakia,SK,321.88,363.3,65.25,11.0,entsoe.eu,false,
2022-07-25 01:00:00,Slovakia,Slovakia,SK,317.83,359.07,65.53,11.22,entsoe.eu,false,
2022-07-25 02:00:00,Slovakia,Slovakia,SK,317.95,358.49,65.4,11.19,entsoe.eu,false,
2022-07-25 03:00:00,Slovakia,Slovakia,SK,335.08,376.41,63.97,11.87,entsoe.eu,false,
2022-07-25 04:00:00,Slovakia,Slovakia,SK,334.01,375.29,64.34,14.5,entsoe.eu,false,
2022-07-25 05:00:00,Slovakia,Slovakia,SK,313.86,354.71,66.27,17.45,entsoe.eu,false,
2022-07-25 06:00:00,Slovakia,Slovakia,SK,285.4,324.8,69.13,20.49,entsoe.eu,false,
2022-07-25 07:00:00,Slovakia,Slovakia,SK,261.98,300.42,71.16,22.21,entsoe.eu,false,
2022-07-25 08:00:00,Slovakia,Slovakia,SK,239.11,276.14,73.47,23.19,entsoe.eu,false,
2022-07-25 09:00:00,Slovakia,Slovakia,SK,225.85,262.76,74.62,24.85,entsoe.eu,false,
2022-07-25 10:00:00,Slovakia,Slovakia,SK,218.84,255.97,75.07,25.33,entsoe.eu,false,
2022-07-25 11:00:00,Slovakia,Slovakia,SK,227.24,264.97,74.32,25.6,entsoe.eu,false,
2022-07-25 12:00:00,Slovakia,Slovakia,SK,237.05,275.44,73.51,25.25,entsoe.eu,false,
2022-07-25 13:00:00,Slovakia,Slovakia,SK,244.99,283.19,72.66,23.88,entsoe.eu,false,
2022-07-25 14:00:00,Slovakia,Slovakia,SK,267.19,306.19,70.53,21.65,entsoe.eu,false,
2022-07-25 15:00:00,Slovakia,Slovakia,SK,278.7,317.61,69.25,21.72,entsoe.eu,false,
2022-07-25 16:00:00,Slovakia,Slovakia,SK,310.16,349.65,66.11,20.68,entsoe.eu,false,
2022-07-25 17:00:00,Slovakia,Slovakia,SK,327.95,365.87,66.59,24.51,entsoe.eu,false,
2022-07-25 18:00:00,Slovakia,Slovakia,SK,333.99,371.42,66.19,23.84,entsoe.eu,false,
2022-07-25 19:00:00,Slovakia,Slovakia,SK,307.35,342.63,68.47,23.78,entsoe.eu,false,
2022-07-25 20:00:00,Slovakia,Slovakia,SK,322.33,360.52,64.39,15.52,entsoe.eu,false,
2022-07-25 21:00:00,Slovakia,Slovakia,SK,313.1,350.45,65.31,13.89,entsoe.eu,false,
2022-07-25 22:00:00,Slovakia,Slovakia,SK,346.66,386.88,62.53,12.94,entsoe.eu,false,
2022-07-25 23:00:00,Slovakia,Slovakia,SK,353.56,394.18,62.31,14.31,entsoe.eu,false,
2022-07-26 00:00:00,Slovakia,Slovakia,SK,345.26,384.96,62.96,13.35,entsoe.eu,false,
2022-07-26 01:00:00,Slovakia,Slovakia,SK,340.3,379.53,63.41,12.27,entsoe.eu,false,
2022-07-26 02:00:00,Slovakia,Slovakia,SK,330.3,369.64,64.23,11.87,entsoe.eu,false,
2022-07-26 03:00:00,Slovakia,Slovakia,SK,331.15,371.36,64.08,12.05,entsoe.eu,false,
2022-07-26 04:00:00,Slovakia,Slovakia,SK,310.97,350.48,66.18,13.97,entsoe.eu,false,
2022-07-26 05:00:00,Slovakia,Slovakia,SK,311.76,350.73,66.71,16.65,entsoe.eu,false,
2022-07-26 06:00:00,Slovakia,Slovakia,SK,315.45,354.84,66.83,20.22,entsoe.eu,false,
2022-07-26 07:00:00,Slovakia,Slovakia,SK,301.75,340.64,67.79,19.71,entsoe.eu,false,
2022-07-26 08:00:00,Slovakia,Slovakia,SK,293.25,332.36,68.61,21.84,entsoe.eu,false,
2022-07-26 09:00:00,Slovakia,Slovakia,SK,286.07,325.02,68.87,20.53,entsoe.eu,false,
2022-07-26 10:00:00,Slovakia,Slovakia,SK,285.64,324.94,68.34,20.34,entsoe.eu,false,
2022-07-26 11:00:00,Slovakia,Slovakia,SK,289.27,328.92,67.9,19.1,entsoe.eu,false,
2022-07-26 12:00:00,Slovakia,Slovakia,SK,294.21,333.92,67.57,19.24,entsoe.eu,false,
2022-07-26 13:00:00,Slovakia,Slovakia,SK,292.3,331.06,68.09,19.94,entsoe.eu,false,
2022-07-26 14:00:00,Slovakia,Slovakia,SK,303.25,341.6,67.6,19.62,entsoe.eu,false,
2022-07-26 15:00:00,Slovakia,Slovakia,SK,303.56,342.32,66.63,17.35,entsoe.eu,false,
2022-07-26 16:00:00,Slovakia,Slovakia,SK,306.71,344.1,67.33,21.06,entsoe.eu,false,
2022-07-26 17:00:00,Slovakia,Slovakia,SK,321.57,358.84,66.61,21.72,entsoe.eu,false,
2022-07-26 18:00:00,Slovakia,Slovakia,SK,340.74,378.95,64.89,20.14,entsoe.eu,false,
2022-07-26 19:00:00,Slovakia,Slovakia,SK,338.58,376.99,65.05,19.9,entsoe.eu,false,
2022-07-26 20:00:00,Slovakia,Slovakia,SK,362.14,404.0,61.01,15.09,entsoe.eu,false,
2022-07-26 21:00:00,Slovakia,Slovakia,SK,372.69,414.45,60.07,12.61,entsoe.eu,false,
2022-07-26 22:00:00,Slovakia,Slovakia,SK,343.2,383.67,63.08,10.66,entsoe.eu,false,
2022-07-26 23:00:00,Slovakia,Slovakia,SK,298.55,338.24,67.03,10.39,entsoe.eu,false,
2022-07-27 00:00:00,Slovakia,Slovakia,SK,327.39,369.03,64.53,10.42,entsoe.eu,false,
2022-07-27 01:00:00,Slovakia,Slovakia,SK,328.83,370.78,64.37,10.36,entsoe.eu,false,
2022-07-27 02:00:00,Slovakia,Slovakia,SK,337.89,380.21,63.35,10.55,entsoe.eu,false,
2022-07-27 03:00:00,Slovakia,Slovakia,SK,327.83,369.65,63.5,10.51,entsoe.eu,false,
2022-07-27 04:00:00,Slovakia,Slovakia,SK,320.54,362.63,64.37,11.36,entsoe.eu,false,
2022-07-27 05:00:00,Slovakia,Slovakia,SK,324.2,366.47,63.86,13.4,entsoe.eu,false,
2022-07-27 06:00:00,Slovakia,Slovakia,SK,298.79,338.62,67.14,17.68,entsoe.eu,false,
2022-07-27 07:00:00,Slovakia,Slovakia,SK,301.65,342.41,66.43,18.99,entsoe.eu,false,
2022-07-27 08:00:00,Slovakia,Slovakia,SK,263.8,301.86,70.59,21.64,entsoe.eu,false,
2022-07-27 09:00:00,Slovakia,Slovakia,SK,241.56,276.41,74.23,25.66,entsoe.eu,false,
2022-07-27 10:00:00,Slovakia,Slovakia,SK,261.68,299.36,71.08,23.66,entsoe.eu,false,
2022-07-27 11:00:00,Slovakia,Slovakia,SK,261.41,300.18,70.93,25.07,entsoe.eu,false,
2022-07-27 12:00:00,Slovakia,Slovakia,SK,267.18,306.1,70.53,23.97,entsoe.eu,false,
2022-07-27 13:00:00,Slovakia,Slovakia,SK,278.01,316.52,69.57,23.53,entsoe.eu,false,
2022-07-27 14:00:00,Slovakia,Slovakia,SK,284.71,322.81,69.4,22.66,entsoe.eu,false,
2022-07-27 15:00:00,Slovakia,Slovakia,SK,282.25,319.25,70.05,24.02,entsoe.eu,false,
2022-07-27 16:00:00,Slovakia,Slovakia,SK,293.8,331.24,68.26,22.1,entsoe.eu,false,
2022-07-27 17:00:00,Slovakia,Slovakia,SK,309.09,346.32,68.07,23.15,entsoe.eu,false,
2022-07-27 18:00:00,Slovakia,Slovakia,SK,322.71,360.03,67.61,22.84,entsoe.eu,false,
2022-07-27 19:00:00,Slovakia,Slovakia,SK,328.38,368.3,65.24,17.28,entsoe.eu,false,
2022-07-27 20:00:00,Slovakia,Slovakia,SK,327.64,368.5,63.81,13.86,entsoe.eu,false,
2022-07-27 21:00:00,Slovakia,Slovakia,SK,330.28,372.15,63.68,12.17,entsoe.eu,false,
2022-07-27 22:00:00,Slovakia,Slovakia,SK,341.96,383.6,62.87,10.28,entsoe.eu,false,
2022-07-27 23:00:00,Slovakia,Slovakia,SK,306.37,346.09,66.38,10.23,entsoe.eu,false,
2022-07-28 00:00:00,Slovakia,Slovakia,SK,279.03,318.43,68.84,9.96,entsoe.eu,false,
2022-07-28 01:00:00,Slovakia,Slovakia,SK,275.91,315.9,68.93,9.6,entsoe.eu,false,
2022-07-28 02:00:00,Slovakia,Slovakia,SK,281.14,321.64,68.3,9.72,entsoe.eu,false,
2022-07-28 03:00:00,Slovakia,Slovakia,SK,278.33,319.0,68.48,9.54,entsoe.eu,false,
2022-07-28 04:00:00,Slovakia,Slovakia,SK,294.57,335.76,66.87,10.92,entsoe.eu,false,
2022-07-28 05:00:00,Slovakia,Slovakia,SK,290.8,330.55,67.52,13.49,entsoe.eu,false,
2022-07-28 06:00:00,Slovakia,Slovakia,SK,258.14,295.8,71.22,19.0,entsoe.eu,false,
2022-07-28 07:00:00,Slovakia,Slovakia,SK,249.09,285.84,71.4,20.2,entsoe.eu,false,
2022-07-28 08:00:00,Slovakia,Slovakia,SK,249.8,286.8,71.39,21.42,entsoe.eu,false,
2022-07-28 09:00:00,Slovakia,Slovakia,SK,252.32,289.3,70.96,21.51,entsoe.eu,false,
2022-07-28 10:00:00,Slovakia,Slovakia,SK,256.33,293.79,70.66,21.62,entsoe.eu,false,
2022-07-28 11:00:00,Slovakia,Slovakia,SK,240.31,277.05,72.11,21.32,entsoe.eu,false,
2022-07-28 12:00:00,Slovakia,Slovakia,SK,249.59,286.74,71.25,20.69,entsoe.eu,false,
2022-07-28 13:00:00,Slovakia,Slovakia,SK,271.36,309.07,69.19,20.62,entsoe.eu,false,
2022-07-28 14:00:00,Slovakia,Slovakia,SK,280.93,319.31,67.98,18.71,entsoe.eu,false,
2022-07-28 15:00:00,Slovakia,Slovakia,SK,285.15,321.54,70.01,21.86,entsoe.eu,false,
2022-07-28 16:00:00,Slovakia,Slovakia,SK,305.36,341.88,68.81,23.22,entsoe.eu,false,
2022-07-28 17:00:00,Slovakia,Slovakia,SK,315.74,351.74,68.56,23.64,entsoe.eu,false,
2022-07-28 18:00:00,Slovakia,Slovakia,SK,320.39,357.33,67.08,21.66,entsoe.eu,false,
2022-07-28 19:00:00,Slovakia,Slovakia,SK,324.88,363.84,65.16,17.63,entsoe.eu,false,
2022-07-28 20:00:00,Slovakia,Slovakia,SK,332.32,372.48,63.7,14.74,entsoe.eu,false,
2022-07-28 21:00:00,Slovakia,Slovakia,SK,326.77,366.52,64.4,12.01,entsoe.eu,false,
2022-07-28 22:00:00,Slovakia,Slovakia,SK,337.73,377.38,63.6,10.45,entsoe.eu,false,
2022-07-28 23:00:00,Slovakia,Slovakia,SK,327.55,366.41,64.53,10.41,entsoe.eu,false,
2022-07-29 00:00:00,Slovakia,Slovakia,SK,345.18,384.67,62.95,10.72,entsoe.eu,false,
2022-07-29 01:00:00,Slovakia,Slovakia,SK,334.96,374.41,63.78,10.72,entsoe.eu,false,
2022-07-29 02:00:00,Slovakia,Slovakia,SK,329.72,369.45,64.06,10.84,entsoe.eu,false,
2022-07-29 03:00:00,Slovakia,Slovakia,SK,323.12,362.32,64.39,10.61,entsoe.eu,false,
2022-07-29 04:00:00,Slovakia,Slovakia,SK,315.97,356.07,64.35,11.11,entsoe.eu,false,
2022-07-29 05:00:00,Slovakia,Slovakia,SK,316.39,355.89,65.03,15.69,entsoe.eu,false,
2022-07-29 06:00:00,Slovakia,Slovakia,SK,302.87,342.73,66.35,18.79,entsoe.eu,false,
2022-07-29 07:00:00,Slovakia,Slovakia,SK,296.11,335.35,66.87,19.22,entsoe.eu,false,
2022-07-29 08:00:00,Slovakia,Slovakia,SK,294.4,333.83,67.3,21.05,entsoe.eu,false,
2022-07-29 09:00:00,Slovakia,Slovakia,SK,298.12,337.55,67.15,21.88,entsoe.eu,false,
2022-07-29 10:00:00,Slovakia,Slovakia,SK,282.56,320.95,68.54,21.6,entsoe.eu,false,
2022-07-29 11:00:00,Slovakia,Slovakia,SK,277.36,315.42,69.09,21.48,entsoe.eu,false,
2022-07-29 12:00:00,Slovakia,Slovakia,SK,279.14,316.82,68.57,20.3,entsoe.eu,false,
2022-07-29 13:00:00,Slovakia,Slovakia,SK,266.59,302.54,70.12,20.41,entsoe.eu,false,
2022-07-29 14:00:00,Slovakia,Slovakia,SK,268.72,305.11,69.0,18.55,entsoe.eu,false,
2022-07-29 15:00:00,Slovakia,Slovakia,SK,282.34,319.17,67.91,18.9,entsoe.eu,false,
2022-07-29 16:00:00,Slovakia,Slovakia,SK,290.82,325.71,68.91,21.85,entsoe.eu,false,
2022-07-29 17:00:00,Slovakia,Slovakia,SK,310.22,346.29,67.66,21.54,entsoe.eu,false,
2022-07-29 18:00:00,Slovakia,Slovakia,SK,319.35,356.61,65.67,19.41,entsoe.eu,false,
2022-07-29 19:00:00,Slovakia,Slovakia,SK,309.75,346.25,67.44,20.51,entsoe.eu,false,
2022-07-29 20:00:00,Slovakia,Slovakia,SK,348.97,388.52,62.14,15.05,entsoe.eu,false,
2022-07-29 21:00:00,Slovakia,Slovakia,SK,342.14,382.05,62.14,12.89,entsoe.eu,false,
2022-07-29 22:00:00,Slovakia,Slovakia,SK,321.94,360.79,64.44,13.56,entsoe.eu,false,
2022-07-29 23:00:00,Slovakia,Slovakia,SK,297.52,334.63,67.51,13.56,entsoe.eu,false,
2022-07-30 00:00:00,Slovakia,Slovakia,SK,259.98,295.93,70.9,12.39,entsoe.eu,false,
2022-07-30 01:00:00,Slovakia,Slovakia,SK,227.35,261.85,73.67,12.09,entsoe.eu,false,
2022-07-30 02:00:00,Slovakia,Slovakia,SK,202.3,237.25,75.49,12.29,entsoe.eu,false,
2022-07-30 03:00:00,Slovakia,Slovakia,SK,206.22,242.34,75.23,12.89,entsoe.eu,false,
2022-07-30 04:00:00,Slovakia,Slovakia,SK,242.54,277.72,72.49,12.52,entsoe.eu,false,
2022-07-30 05:00:00,Slovakia,Slovakia,SK,275.24,311.31,69.92,13.38,entsoe.eu,false,
2022-07-30 06:00:00,Slovakia,Slovakia,SK,304.81,341.87,67.34,14.22,entsoe.eu,false,
2022-07-30 07:00:00,Slovakia,Slovakia,SK,314.54,352.67,66.35,15.8,entsoe.eu,false,
2022-07-30 08:00:00,Slovakia,Slovakia,SK,314.64,352.73,66.46,17.81,entsoe.eu,false,
2022-07-30 09:00:00,Slovakia,Slovakia,SK,308.63,346.63,67.02,18.71,entsoe.eu,false,
2022-07-30 10:00:00,Slovakia,Slovakia,SK,307.5,345.33,66.94,17.98,entsoe.eu,false,
2022-07-30 11:00:00,Slovakia,Slovakia,SK,293.35,330.16,68.05,15.92,entsoe.eu,false,
2022-07-30 12:00:00,Slovakia,Slovakia,SK,279.19,314.93,69.4,15.78,entsoe.eu,false,
2022-07-30 13:00:00,Slovakia,Slovakia,SK,273.39,308.23,69.9,15.55,entsoe.eu,false,
2022-07-30 14:00:00,Slovakia,Slovakia,SK,291.53,327.7,67.82,14.98,entsoe.eu,false,
2022-07-30 15:00:00,Slovakia,Slovakia,SK,285.51,320.61,68.73,14.04,entsoe.eu,false,
2022-07-30 16:00:00,Slovakia,Slovakia,SK,279.72,315.31,69.2,16.48,entsoe.eu,false,
2022-07-30 17:00:00,Slovakia,Slovakia,SK,303.85,341.29,66.54,16.2,entsoe.eu,false,
2022-07-30 18:00:00,Slovakia,Slovakia,SK,323.58,361.7,64.88,16.25,entsoe.eu,false,
2022-07-30 19:00:00,Slovakia,Slovakia,SK,313.18,350.85,65.5,15.5,entsoe.eu,false,
2022-07-30 20:00:00,Slovakia,Slovakia,SK,285.09,320.86,68.45,15.78,entsoe.eu,false,
2022-07-30 21:00:00,Slovakia,Slovakia,SK,245.02,279.41,72.08,14.83,entsoe.eu,false,
2022-07-30 22:00:00,Slovakia,Slovakia,SK,188.17,220.78,77.44,15.75,entsoe.eu,false,
2022-07-30 23:00:00,Slovakia,Slovakia,SK,172.65,205.68,78.86,15.7,entsoe.eu,false,
2022-07-31 00:00:00,Slovakia,Slovakia,SK,149.77,182.76,80.91,15.47,entsoe.eu,false,
2022-07-31 01:00:00,Slovakia,Slovakia,SK,155.31,188.37,80.39,15.15,entsoe.eu,false,
2022-07-31 02:00:00,Slovakia,Slovakia,SK,167.46,202.16,79.02,15.35,entsoe.eu,false,
2022-07-31 03:00:00,Slovakia,Slovakia,SK,167.78,202.47,78.92,15.35,entsoe.eu,false,
2022-07-31 04:00:00,Slovakia,Slovakia,SK,190.65,225.59,76.94,15.5,entsoe.eu,false,
2022-07-31 05:00:00,Slovakia,Slovakia,SK,149.97,182.44,80.72,16.49,entsoe.eu,false,
2022-07-31 06:00:00,Slovakia,Slovakia,SK,161.97,193.58,79.77,17.07,entsoe.eu,false,
2022-07-31 07:00:00,Slovakia,Slovakia,SK,186.41,219.04,77.56,18.18,entsoe.eu,false,
2022-07-31 08:00:00,Slovakia,Slovakia,SK,201.07,234.66,76.09,17.43,entsoe.eu,false,
2022-07-31 09:00:00,Slovakia,Slovakia,SK,205.11,239.02,75.76,18.78,entsoe.eu,false,
2022-07-31 10:00:00,Slovakia,Slovakia,SK,184.28,217.0,77.48,18.57,entsoe.eu,false,
2022-07-31 11:00:00,Slovakia,Slovakia,SK,144.9,175.69,80.98,17.93,entsoe.eu,false,
2022-07-31 12:00:00,Slovakia,Slovakia,SK,112.33,142.9,83.72,16.88,entsoe.eu,false,
2022-07-31 13:00:00,Slovakia,Slovakia,SK,160.09,192.35,79.59,17.43,entsoe.eu,false,
2022-07-31 14:00:00,Slovakia,Slovakia,SK,196.3,229.74,76.58,18.6,entsoe.eu,false,
2022-07-31 15:00:00,Slovakia,Slovakia,SK,236.61,270.93,73.0,17.99,entsoe.eu,false,
2022-07-31 16:00:00,Slovakia,Slovakia,SK,285.21,321.68,68.9,17.28,entsoe.eu,false,
2022-07-31 17:00:00,Slovakia,Slovakia,SK,308.47,346.02,66.82,16.38,entsoe.eu,false,
2022-07-31 18:00:00,Slovakia,Slovakia,SK,334.28,371.85,65.89,20.4,entsoe.eu,false,
2022-07-31 19:00:00,Slovakia,Slovakia,SK,347.89,386.11,64.94,19.76,entsoe.eu,false,
2022-07-31 20:00:00,Slovakia,Slovakia,SK,326.94,365.19,66.03,17.45,entsoe.eu,false,
2022-07-31 21:00:00,Slovakia,Slovakia,SK,310.45,348.2,66.95,15.31,entsoe.eu,false,
2022-07-31 22:00:00,Slovakia,Slovakia,SK,239.99,275.97,72.94,13.47,entsoe.eu,false,
2022-07-31 23:00:00,Slovakia,Slovakia,SK,219.76,256.03,74.71,12.36,entsoe.eu,false,
2022-08-01 00:00:00,Slovakia,Slovakia,SK,209.98,247.02,75.4,12.08,entsoe.eu,false,
2022-08-01 01:00:00,Slovakia,Slovakia,SK,195.63,231.79,76.65,11.76,entsoe.eu,false,
2022-08-01 02:00:00,Slovakia,Slovakia,SK,214.49,251.94,74.81,11.65,entsoe.eu,false,
2022-08-01 03:00:00,Slovakia,Slovakia,SK,220.48,257.05,74.03,11.57,entsoe.eu,false,
2022-08-01 04:00:00,Slovakia,Slovakia,SK,242.62,279.38,71.95,13.58,entsoe.eu,false,
2022-08-01 05:00:00,Slovakia,Slovakia,SK,247.39,283.73,72.4,17.83,entsoe.eu,false,
2022-08-01 06:00:00,Slovakia,Slovakia,SK,226.7,262.31,73.66,20.42,entsoe.eu,false,
2022-08-01 07:00:00,Slovakia,Slovakia,SK,225.3,261.29,74.09,22.31,entsoe.eu,false,
2022-08-01 08:00:00,Slovakia,Slovakia,SK,206.82,242.33,75.9,22.65,entsoe.eu,false,
2022-08-01 09:00:00,Slovakia,Slovakia,SK,208.89,244.74,75.73,23.04,entsoe.eu,false,
2022-08-01 10:00:00,Slovakia,Slovakia,SK,220.09,256.39,74.45,23.14,entsoe.eu,false,
2022-08-01 11:00:00,Slovakia,Slovakia,SK,242.47,280.56,72.5,22.66,entsoe.eu,false,
2022-08-01 12:00:00,Slovakia,Slovakia,SK,268.38,308.05,70.14,21.06,entsoe.eu,false,
2022-08-01 13:00:00,Slovakia,Slovakia,SK,274.15,313.52,69.29,19.97,entsoe.eu,false,
2022-08-01 14:00:00,Slovakia,Slovakia,SK,292.03,332.35,67.73,19.69,entsoe.eu,false,
2022-08-01 15:00:00,Slovakia,Slovakia,SK,305.98,346.51,66.58,18.03,entsoe.eu,false,
2022-08-01 16:00:00,Slovakia,Slovakia,SK,322.99,363.13,65.75,19.29,entsoe.eu,false,
2022-08-01 17:00:00,Slovakia,Slovakia,SK,314.65,352.23,68.93,24.22,entsoe.eu,false,
2022-08-01 18:00:00,Slovakia,Slovakia,SK,322.76,360.55,68.08,23.28,entsoe.eu,false,
2022-08-01 19:00:00,Slovakia,Slovakia,SK,322.9,363.33,65.92,18.67,entsoe.eu,false,
2022-08-01 20:00:00,Slovakia,Slovakia,SK,336.08,377.62,64.03,15.7,entsoe.eu,false,
2022-08-01 21:00:00,Slovakia,Slovakia,SK,321.82,363.18,64.71,12.74,entsoe.eu,false,
2022-08-01 22:00:00,Slovakia,Slovakia,SK,306.36,347.38,66.12,11.09,entsoe.eu,false,
2022-08-01 23:00:00,Slovakia,Slovakia,SK,267.15,306.9,69.98,10.93,entsoe.eu,false,
2022-08-02 00:00:00,Slovakia,Slovakia,SK,268.64,308.72,70.09,10.73,entsoe.eu,false,
2022-08-02 01:00:00,Slovakia,Slovakia,SK,263.98,303.92,70.45,10.81,entsoe.eu,false,
2022-08-02 02:00:00,Slovakia,Slovakia,SK,266.65,306.51,69.82,10.67,entsoe.eu,false,
2022-08-02 03:00:00,Slovakia,Slovakia,SK,251.83,291.02,71.23,11.55,entsoe.eu,false,
2022-08-02 04:00:00,Slovakia,Slovakia,SK,241.97,280.32,72.13,14.65,entsoe.eu,false,
2022-08-02 05:00:00,Slovakia,Slovakia,SK,257.12,295.08,70.95,17.38,entsoe.eu,false,
2022-08-02 06:00:00,Slovakia,Slovakia,SK,271.33,310.08,69.85,19.48,entsoe.eu,false,
2022-08-02 07:00:00,Slovakia,Slovakia,SK,265.74,304.23,70.77,21.74,entsoe.eu,false,
2022-08-02 08:00:00,Slovakia,Slovakia,SK,252.31,290.12,72.26,22.77,entsoe.eu,false,
2022-08-02 09:00:00,Slovakia,Slovakia,SK,228.8,265.39,74.33,23.13,entsoe.eu,false,
2022-08-02 10:00:00,Slovakia,Slovakia,SK,235.22,272.15,73.76,23.1,entsoe.eu,false,
2022-08-02 11:00:00,Slovakia,Slovakia,SK,249.52,287.25,72.48,23.22,entsoe.eu,false,
2022-08-02 12:00:00,Slovakia,Slovakia,SK,249.65,286.9,72.56,22.91,entsoe.eu,false,
2022-08-02 13:00:00,Slovakia,Slovakia,SK,267.89,305.89,70.77,22.09,entsoe.eu,false,
2022-08-02 14:00:00,Slovakia,Slovakia,SK,273.49,311.44,70.08,20.8,entsoe.eu,false,
2022-08-02 15:00:00,Slovakia,Slovakia,SK,269.12,306.5,70.21,18.4,entsoe.eu,false,
2022-08-02 16:00:00,Slovakia,Slovakia,SK,297.03,336.11,67.48,17.11,entsoe.eu,false,
2022-08-02 17:00:00,Slovakia,Slovakia,SK,289.17,325.9,70.4,21.98,entsoe.eu,false,
2022-08-02 18:00:00,Slovakia,Slovakia,SK,282.59,318.16,71.76,23.5,entsoe.eu,false,
2022-08-02 19:00:00,Slovakia,Slovakia,SK,272.59,310.65,70.27,19.15,entsoe.eu,false,
2022-08-02 20:00:00,Slovakia,Slovakia,SK,288.14,327.88,68.09,16.09,entsoe.eu,false,
2022-08-02 21:00:00,Slovakia,Slovakia,SK,294.8,335.23,67.31,13.68,entsoe.eu,false,
2022-08-02 22:00:00,Slovakia,Slovakia,SK,292.5,333.12,67.45,9.31,entsoe.eu,false,
2022-08-02 23:00:00,Slovakia,Slovakia,SK,265.05,304.88,70.22,9.65,entsoe.eu,false,
2022-08-03 00:00:00,Slovakia,Slovakia,SK,299.65,340.66,67.16,9.51,entsoe.eu,false,
2022-08-03 01:00:00,Slovakia,Slovakia,SK,313.13,354.53,65.99,9.26,entsoe.eu,false,
2022-08-03 02:00:00,Slovakia,Slovakia,SK,332.55,375.24,64.01,9.27,entsoe.eu,false,
2022-08-03 03:00:00,Slovakia,Slovakia,SK,295.88,337.47,67.4,9.26,entsoe.eu,false,
2022-08-03 04:00:00,Slovakia,Slovakia,SK,303.64,345.02,66.79,11.65,entsoe.eu,false,
2022-08-03 05:00:00,Slovakia,Slovakia,SK,252.9,291.23,71.54,16.7,entsoe.eu,false,
2022-08-03 06:00:00,Slovakia,Slovakia,SK,257.84,296.2,71.6,19.43,entsoe.eu,false,
2022-08-03 07:00:00,Slovakia,Slovakia,SK,246.28,284.45,72.57,20.48,entsoe.eu,false,
2022-08-03 08:00:00,Slovakia,Slovakia,SK,258.41,296.95,71.38,23.12,entsoe.eu,false,
2022-08-03 09:00:00,Slovakia,Slovakia,SK,241.46,279.32,72.88,24.13,entsoe.eu,false,
2022-08-03 10:00:00,Slovakia,Slovakia,SK,261.58,299.75,71.56,25.13,entsoe.eu,false,
2022-08-03 11:00:00,Slovakia,Slovakia,SK,252.74,290.59,72.43,25.51,entsoe.eu,false,
2022-08-03 12:00:00,Slovakia,Slovakia,SK,264.13,302.19,71.43,24.57,entsoe.eu,false,
2022-08-03 13:00:00,Slovakia,Slovakia,SK,282.25,320.27,69.66,21.95,entsoe.eu,false,
2022-08-03 14:00:00,Slovakia,Slovakia,SK,309.83,348.5,67.13,20.33,entsoe.eu,false,
2022-08-03 15:00:00,Slovakia,Slovakia,SK,300.84,339.51,67.06,17.8,entsoe.eu,false,
2022-08-03 16:00:00,Slovakia,Slovakia,SK,300.53,338.63,68.4,19.48,entsoe.eu,false,
2022-08-03 17:00:00,Slovakia,Slovakia,SK,312.29,348.82,69.68,23.05,entsoe.eu,false,
2022-08-03 18:00:00,Slovakia,Slovakia,SK,291.2,326.63,71.51,23.14,entsoe.eu,false,
2022-08-03 19:00:00,Slovakia,Slovakia,SK,279.59,315.2,71.47,20.57,entsoe.eu,false,
2022-08-03 20:00:00,Slovakia,Slovakia,SK,284.09,321.22,68.89,14.99,entsoe.eu,false,
2022-08-03 21:00:00,Slovakia,Slovakia,SK,274.63,312.41,69.48,13.82,entsoe.eu,false,
2022-08-03 22:00:00,Slovakia,Slovakia,SK,278.32,316.12,68.87,10.49,entsoe.eu,false,
2022-08-03 23:00:00,Slovakia,Slovakia,SK,259.23,296.74,71.12,10.48,entsoe.eu,false,
2022-08-04 00:00:00,Slovakia,Slovakia,SK,270.52,309.78,70.19,10.54,entsoe.eu,false,
2022-08-04 01:00:00,Slovakia,Slovakia,SK,311.7,351.78,66.66,10.43,entsoe.eu,false,
2022-08-04 02:00:00,Slovakia,Slovakia,SK,321.36,362.17,65.69,10.24,entsoe.eu,false,
2022-08-04 03:00:00,Slovakia,Slovakia,SK,308.6,349.02,66.68,9.98,entsoe.eu,false,
2022-08-04 04:00:00,Slovakia,Slovakia,SK,306.15,346.03,66.99,13.66,entsoe.eu,false,
2022-08-04 05:00:00,Slovakia,Slovakia,SK,255.96,292.34,71.65,17.11,entsoe.eu,false,
2022-08-04 06:00:00,Slovakia,Slovakia,SK,215.11,250.21,75.46,19.94,entsoe.eu,false,
2022-08-04 07:00:00,Slovakia,Slovakia,SK,238.76,275.56,73.63,21.6,entsoe.eu,false,
2022-08-04 08:00:00,Slovakia,Slovakia,SK,242.78,279.49,73.25,22.52,entsoe.eu,false,
2022-08-04 09:00:00,Slovakia,Slovakia,SK,224.65,260.58,75.02,23.95,entsoe.eu,false,
2022-08-04 10:00:00,Slovakia,Slovakia,SK,241.77,278.51,73.44,24.47,entsoe.eu,false,
2022-08-04 11:00:00,Slovakia,Slovakia,SK,237.71,274.12,73.75,24.56,entsoe.eu,false,
2022-08-04 12:00:00,Slovakia,Slovakia,SK,253.88,290.94,72.19,23.68,entsoe.eu,false,
2022-08-04 13:00:00,Slovakia,Slovakia,SK,269.2,305.93,70.74,22.07,entsoe.eu,false,
2022-08-04 14:00:00,Slovakia,Slovakia,SK,289.62,327.43,68.69,20.2,entsoe.eu,false,
2022-08-04 15:00:00,Slovakia,Slovakia,SK,303.25,341.26,67.6,19.43,entsoe.eu,false,
2022-08-04 16:00:00,Slovakia,Slovakia,SK,306.37,343.86,67.98,18.04,entsoe.eu,false,
2022-08-04 17:00:00,Slovakia,Slovakia,SK,333.66,370.85,67.13,19.93,entsoe.eu,false,
2022-08-04 18:00:00,Slovakia,Slovakia,SK,331.65,368.58,67.15,19.96,entsoe.eu,false,
2022-08-04 19:00:00,Slovakia,Slovakia,SK,301.91,338.88,68.0,17.58,entsoe.eu,false,
2022-08-04 20:00:00,Slovakia,Slovakia,SK,307.07,344.34,67.08,16.59,entsoe.eu,false,
2022-08-04 21:00:00,Slovakia,Slovakia,SK,315.18,353.71,66.23,15.07,entsoe.eu,false,
2022-08-04 22:00:00,Slovakia,Slovakia,SK,297.86,337.03,67.63,12.95,entsoe.eu,false,
2022-08-04 23:00:00,Slovakia,Slovakia,SK,285.15,324.83,69.0,12.88,entsoe.eu,false,
2022-08-05 00:00:00,Slovakia,Slovakia,SK,286.28,326.71,68.86,12.38,entsoe.eu,false,
2022-08-05 01:00:00,Slovakia,Slovakia,SK,272.96,313.26,70.09,11.88,entsoe.eu,false,
2022-08-05 02:00:00,Slovakia,Slovakia,SK,276.11,316.8,69.58,11.61,entsoe.eu,false,
2022-08-05 03:00:00,Slovakia,Slovakia,SK,238.86,277.58,72.7,10.96,entsoe.eu,false,
2022-08-05 04:00:00,Slovakia,Slovakia,SK,253.68,292.88,71.22,12.51,entsoe.eu,false,
2022-08-05 05:00:00,Slovakia,Slovakia,SK,256.19,294.7,71.24,16.05,entsoe.eu,false,
2022-08-05 06:00:00,Slovakia,Slovakia,SK,228.85,266.0,74.13,18.87,entsoe.eu,false,
2022-08-05 07:00:00,Slovakia,Slovakia,SK,238.24,276.37,73.39,20.59,entsoe.eu,false,
2022-08-05 08:00:00,Slovakia,Slovakia,SK,219.82,255.85,75.2,22.29,entsoe.eu,false,
2022-08-05 09:00:00,Slovakia,Slovakia,SK,218.01,252.67,75.37,23.68,entsoe.eu,false,
2022-08-05 10:00:00,Slovakia,Slovakia,SK,232.99,267.88,74.02,24.33,entsoe.eu,false,
2022-08-05 11:00:00,Slovakia,Slovakia,SK,247.07,283.0,72.52,23.48,entsoe.eu,false,
2022-08-05 12:00:00,Slovakia,Slovakia,SK,252.89,288.59,72.25,22.76,entsoe.eu,false,
2022-08-05 13:00:00,Slovakia,Slovakia,SK,283.96,321.09,69.45,21.65,entsoe.eu,false,
2022-08-05 14:00:00,Slovakia,Slovakia,SK,300.2,338.02,67.77,20.5,entsoe.eu,false,
2022-08-05 15:00:00,Slovakia,Slovakia,SK,320.09,358.32,66.04,19.55,entsoe.eu,false,
2022-08-05 16:00:00,Slovakia,Slovakia,SK,343.9,381.68,65.49,20.96,entsoe.eu,false,
2022-08-05 17:00:00,Slovakia,Slovakia,SK,343.86,381.44,64.63,18.23,entsoe.eu,false,
2022-08-05 18:00:00,Slovakia,Slovakia,SK,337.75,374.55,65.49,19.16,entsoe.eu,false,
2022-08-05 19:00:00,Slovakia,Slovakia,SK,347.82,385.6,64.47,16.97,entsoe.eu,false,
2022-08-05 20:00:00,Slovakia,Slovakia,SK,366.05,405.16,62.53,16.06,entsoe.eu,false,
2022-08-05 21:00:00,Slovakia,Slovakia,SK,365.44,405.1,62.08,13.91,entsoe.eu,false,
2022-08-05 22:00:00,Slovakia,Slovakia,SK,358.41,399.01,62.41,12.73,entsoe.eu,false,
2022-08-05 23:00:00,Slovakia,Slovakia,SK,349.63,390.24,63.04,12.52,entsoe.eu,false,
2022-08-06 00:00:00,Slovakia,Slovakia,SK,333.98,373.66,64.46,12.48,entsoe.eu,false,
2022-08-06 01:00:00,Slovakia,Slovakia,SK,317.17,356.14,66.53,13.6,entsoe.eu,false,
2022-08-06 02:00:00,Slovakia,Slovakia,SK,298.24,336.9,68.19,13.56,entsoe.eu,false,
2022-08-06 03:00:00,Slovakia,Slovakia,SK,305.55,345.12,67.02,12.64,entsoe.eu,false,
2022-08-06 04:00:00,Slovakia,Slovakia,SK,271.72,309.72,69.98,13.2,entsoe.eu,false,
2022-08-06 05:00:00,Slovakia,Slovakia,SK,259.34,296.4,71.29,16.81,entsoe.eu,false,
2022-08-06 06:00:00,Slovakia,Slovakia,SK,263.16,300.3,71.1,18.74,entsoe.eu,false,
2022-08-06 07:00:00,Slovakia,Slovakia,SK,275.98,314.56,69.94,20.43,entsoe.eu,false,
2022-08-06 08:00:00,Slovakia,Slovakia,SK,260.69,298.58,71.46,21.4,entsoe.eu,false,
2022-08-06 09:00:00,Slovakia,Slovakia,SK,251.97,289.14,72.31,22.39,entsoe.eu,false,
2022-08-06 10:00:00,Slovakia,Slovakia,SK,245.59,282.46,72.89,23.03,entsoe.eu,false,
2022-08-06 11:00:00,Slovakia,Slovakia,SK,240.34,276.84,73.36,23.1,entsoe.eu,false,
2022-08-06 12:00:00,Slovakia,Slovakia,SK,242.59,279.33,72.94,21.85,entsoe.eu,false,
2022-08-06 13:00:00,Slovakia,Slovakia,SK,245.09,281.53,72.89,21.52,entsoe.eu,false,
2022-08-06 14:00:00,Slovakia,Slovakia,SK,258.5,293.88,71.63,20.46,entsoe.eu,false,
2022-08-06 15:00:00,Slovakia,Slovakia,SK,278.56,314.27,70.03,19.91,entsoe.eu,false,
2022-08-06 16:00:00,Slovakia,Slovakia,SK,300.59,336.48,68.09,18.5,entsoe.eu,false,
2022-08-06 17:00:00,Slovakia,Slovakia,SK,313.18,348.3,68.92,21.13,entsoe.eu,false,
2022-08-06 18:00:00,Slovakia,Slovakia,SK,327.96,363.28,69.26,23.43,entsoe.eu,false,
2022-08-06 19:00:00,Slovakia,Slovakia,SK,327.81,365.12,67.33,18.46,entsoe.eu,false,
2022-08-06 20:00:00,Slovakia,Slovakia,SK,335.53,373.65,65.81,16.18,entsoe.eu,false,
2022-08-06 21:00:00,Slovakia,Slovakia,SK,331.31,370.48,65.69,13.52,entsoe.eu,false,
2022-08-06 22:00:00,Slovakia,Slovakia,SK,320.68,359.9,65.88,12.24,entsoe.eu,false,
2022-08-06 23:00:00,Slovakia,Slovakia,SK,274.72,312.24,69.86,11.75,entsoe.eu,false,
2022-08-07 00:00:00,Slovakia,Slovakia,SK,254.71,292.75,71.57,11.69,entsoe.eu,false,
2022-08-07 01:00:00,Slovakia,Slovakia,SK,216.63,254.27,74.95,11.38,entsoe.eu,false,
2022-08-07 02:00:00,Slovakia,Slovakia,SK,220.88,259.61,74.37,10.85,entsoe.eu,false,
2022-08-07 03:00:00,Slovakia,Slovakia,SK,220.97,260.17,74.4,10.75,entsoe.eu,false,
2022-08-07 04:00:00,Slovakia,Slovakia,SK,225.78,265.01,74.23,11.53,entsoe.eu,false,
2022-08-07 05:00:00,Slovakia,Slovakia,SK,226.44,264.07,74.6,14.69,entsoe.eu,false,
2022-08-07 06:00:00,Slovakia,Slovakia,SK,228.32,265.06,74.37,18.8,entsoe.eu,false,
2022-08-07 07:00:00,Slovakia,Slovakia,SK,240.41,277.53,73.33,21.55,entsoe.eu,false,
2022-08-07 08:00:00,Slovakia,Slovakia,SK,248.9,286.19,72.92,22.34,entsoe.eu,false,
2022-08-07 09:00:00,Slovakia,Slovakia,SK,241.52,278.65,73.64,24.26,entsoe.eu,false,
2022-08-07 10:00:00,Slovakia,Slovakia,SK,241.08,278.03,73.58,24.63,entsoe.eu,false,
2022-08-07 11:00:00,Slovakia,Slovakia,SK,222.68,258.81,75.29,25.01,entsoe.eu,false,
2022-08-07 12:00:00,Slovakia,Slovakia,SK,230.51,267.19,74.46,24.82,entsoe.eu,false,
2022-08-07 13:00:00,Slovakia,Slovakia,SK,262.2,300.47,71.48,23.96,entsoe.eu,false,
2022-08-07 14:00:00,Slovakia,Slovakia,SK,297.83,336.78,68.06,20.63,entsoe.eu,false,
2022-08-07 15:00:00,Slovakia,Slovakia,SK,325.31,365.62,65.62,18.69,entsoe.eu,false,
2022-08-07 16:00:00,Slovakia,Slovakia,SK,341.7,381.78,64.52,17.14,entsoe.eu,false,
2022-08-07 17:00:00,Slovakia,Slovakia,SK,331.51,368.92,66.88,17.2,entsoe.eu,false,
2022-08-07 18:00:00,Slovakia,Slovakia,SK,325.59,362.66,67.71,18.91,entsoe.eu,false,
2022-08-07 19:00:00,Slovakia,Slovakia,SK,307.0,343.13,69.34,19.22,entsoe.eu,false,
2022-08-07 20:00:00,Slovakia,Slovakia,SK,290.9,327.72,69.51,15.3,entsoe.eu,false,
2022-08-07 21:00:00,Slovakia,Slovakia,SK,299.9,337.78,68.03,13.37,entsoe.eu,false,
2022-08-07 22:00:00,Slovakia,Slovakia,SK,283.03,321.34,69.21,8.66,entsoe.eu,false,
2022-08-07 23:00:00,Slovakia,Slovakia,SK,277.86,316.27,69.72,8.44,entsoe.eu,false,
2022-08-08 00:00:00,Slovakia,Slovakia,SK,281.02,321.07,69.47,8.38,entsoe.eu,false,
2022-08-08 01:00:00,Slovakia,Slovakia,SK,273.37,312.86,70.1,8.24,entsoe.eu,false,
2022-08-08 02:00:00,Slovakia,Slovakia,SK,263.94,303.33,70.66,8.09,entsoe.eu,false,
2022-08-08 03:00:00,Slovakia,Slovakia,SK,252.43,289.88,71.56,7.87,entsoe.eu,false,
2022-08-08 04:00:00,Slovakia,Slovakia,SK,267.32,303.6,70.46,12.26,entsoe.eu,false,
2022-08-08 05:00:00,Slovakia,Slovakia,SK,277.65,313.65,69.75,15.93,entsoe.eu,false,
2022-08-08 06:00:00,Slovakia,Slovakia,SK,282.47,318.84,69.58,18.93,entsoe.eu,false,
2022-08-08 07:00:00,Slovakia,Slovakia,SK,291.04,327.5,68.87,20.68,entsoe.eu,false,
2022-08-08 08:00:00,Slovakia,Slovakia,SK,296.56,333.97,68.46,21.9,entsoe.eu,false,
2022-08-08 09:00:00,Slovakia,Slovakia,SK,294.85,331.8,68.63,22.55,entsoe.eu,false,
2022-08-08 10:00:00,Slovakia,Slovakia,SK,301.18,338.1,67.98,22.54,entsoe.eu,false,
2022-08-08 11:00:00,Slovakia,Slovakia,SK,316.26,354.36,66.76,21.69,entsoe.eu,false,
2022-08-08 12:00:00,Slovakia,Slovakia,SK,313.14,350.79,66.87,20.47,entsoe.eu,false,
2022-08-08 13:00:00,Slovakia,Slovakia,SK,322.2,360.4,66.09,19.1,entsoe.eu,false,
2022-08-08 14:00:00,Slovakia,Slovakia,SK,330.72,369.43,65.23,18.33,entsoe.eu,false,
2022-08-08 15:00:00,Slovakia,Slovakia,SK,343.95,382.71,63.93,17.38,entsoe.eu,false,
2022-08-08 16:00:00,Slovakia,Slovakia,SK,348.11,385.51,64.3,17.56,entsoe.eu,false,
2022-08-08 17:00:00,Slovakia,Slovakia,SK,329.75,363.34,68.23,22.03,entsoe.eu,false,
2022-08-08 18:00:00,Slovakia,Slovakia,SK,345.81,380.12,66.85,21.6,entsoe.eu,false,
2022-08-08 19:00:00,Slovakia,Slovakia,SK,357.66,393.62,65.17,18.74,entsoe.eu,false,
2022-08-08 20:00:00,Slovakia,Slovakia,SK,377.71,416.03,61.76,14.07,entsoe.eu,false,
2022-08-08 21:00:00,Slovakia,Slovakia,SK,368.25,407.35,61.74,11.31,entsoe.eu,false,
2022-08-08 22:00:00,Slovakia,Slovakia,SK,349.13,387.46,63.22,8.29,entsoe.eu,false,
2022-08-08 23:00:00,Slovakia,Slovakia,SK,323.47,361.47,65.56,7.81,entsoe.eu,false,
2022-08-09 00:00:00,Slovakia,Slovakia,SK,311.84,350.88,66.63,7.69,entsoe.eu,false,
2022-08-09 01:00:00,Slovakia,Slovakia,SK,289.46,327.54,68.71,7.53,entsoe.eu,false,
2022-08-09 02:00:00,Slovakia,Slovakia,SK,289.36,327.28,68.54,7.56,entsoe.eu,false,
2022-08-09 03:00:00,Slovakia,Slovakia,SK,282.5,318.85,68.98,7.56,entsoe.eu,false,
2022-08-09 04:00:00,Slovakia,Slovakia,SK,249.43,285.18,72.1,10.54,entsoe.eu,false,
2022-08-09 05:00:00,Slovakia,Slovakia,SK,256.61,290.7,71.69,14.69,entsoe.eu,false,
2022-08-09 06:00:00,Slovakia,Slovakia,SK,238.79,272.14,73.69,18.03,entsoe.eu,false,
2022-08-09 07:00:00,Slovakia,Slovakia,SK,268.18,303.31,70.97,18.08,entsoe.eu,false,
2022-08-09 08:00:00,Slovakia,Slovakia,SK,269.22,304.31,71.06,20.71,entsoe.eu,false,
2022-08-09 09:00:00,Slovakia,Slovakia,SK,270.6,306.1,70.95,22.31,entsoe.eu,false,
2022-08-09 10:00:00,Slovakia,Slovakia,SK,283.8,319.76,69.67,22.04,entsoe.eu,false,
2022-08-09 11:00:00,Slovakia,Slovakia,SK,285.03,321.0,69.51,20.99,entsoe.eu,false,
2022-08-09 12:00:00,Slovakia,Slovakia,SK,299.38,336.37,68.27,20.5,entsoe.eu,false,
2022-08-09 13:00:00,Slovakia,Slovakia,SK,299.09,335.65,68.16,19.73,entsoe.eu,false,
2022-08-09 14:00:00,Slovakia,Slovakia,SK,302.4,338.54,67.85,18.31,entsoe.eu,false,
2022-08-09 15:00:00,Slovakia,Slovakia,SK,331.72,369.25,65.01,16.9,entsoe.eu,false,
2022-08-09 16:00:00,Slovakia,Slovakia,SK,336.05,371.07,66.11,18.47,entsoe.eu,false,
2022-08-09 17:00:00,Slovakia,Slovakia,SK,307.45,339.4,70.68,23.27,entsoe.eu,false,
2022-08-09 18:00:00,Slovakia,Slovakia,SK,292.94,324.25,71.79,22.46,entsoe.eu,false,
2022-08-09 19:00:00,Slovakia,Slovakia,SK,293.57,326.78,70.25,18.14,entsoe.eu,false,
2022-08-09 20:00:00,Slovakia,Slovakia,SK,319.56,355.08,66.61,13.02,entsoe.eu,false,
2022-08-09 21:00:00,Slovakia,Slovakia,SK,319.04,355.71,65.92,8.97,entsoe.eu,false,
2022-08-09 22:00:00,Slovakia,Slovakia,SK,323.73,360.04,65.43,8.01,entsoe.eu,false,
2022-08-09 23:00:00,Slovakia,Slovakia,SK,286.13,321.07,68.89,7.88,entsoe.eu,false,
2022-08-10 00:00:00,Slovakia,Slovakia,SK,266.2,301.03,70.54,7.77,entsoe.eu,false,
2022-08-10 01:00:00,Slovakia,Slovakia,SK,287.06,323.48,68.63,7.52,entsoe.eu,false,
2022-08-10 02:00:00,Slovakia,Slovakia,SK,315.88,353.31,65.75,7.54,entsoe.eu,false,
2022-08-10 03:00:00,Slovakia,Slovakia,SK,308.55,346.45,66.46,7.59,entsoe.eu,false,
2022-08-10 04:00:00,Slovakia,Slovakia,SK,294.04,331.6,67.96,10.09,entsoe.eu,false,
2022-08-10 05:00:00,Slovakia,Slovakia,SK,266.01,302.02,70.98,15.0,entsoe.eu,false,
2022-08-10 06:00:00,Slovakia,Slovakia,SK,234.47,269.07,74.19,18.55,entsoe.eu,false,
2022-08-10 07:00:00,Slovakia,Slovakia,SK,228.92,263.72,74.39,19.42,entsoe.eu,false,
2022-08-10 08:00:00,Slovakia,Slovakia,SK,240.81,276.14,73.46,20.84,entsoe.eu,false,
2022-08-10 09:00:00,Slovakia,Slovakia,SK,253.17,288.61,72.51,21.09,entsoe.eu,false,
2022-08-10 10:00:00,Slovakia,Slovakia,SK,262.06,298.25,71.63,21.27,entsoe.eu,false,
2022-08-10 11:00:00,Slovakia,Slovakia,SK,256.91,293.19,72.05,20.99,entsoe.eu,false,
2022-08-10 12:00:00,Slovakia,Slovakia,SK,256.75,292.86,72.12,21.35,entsoe.eu,false,
2022-08-10 13:00:00,Slovakia,Slovakia,SK,273.84,310.3,70.47,20.08,entsoe.eu,false,
2022-08-10 14:00:00,Slovakia,Slovakia,SK,288.34,324.39,69.03,18.33,entsoe.eu,false,
2022-08-10 15:00:00,Slovakia,Slovakia,SK,299.89,336.17,67.84,16.15,entsoe.eu,false,
2022-08-10 16:00:00,Slovakia,Slovakia,SK,259.69,292.25,71.92,15.27,entsoe.eu,false,
2022-08-10 17:00:00,Slovakia,Slovakia,SK,216.39,244.29,78.97,24.62,entsoe.eu,false,
2022-08-10 18:00:00,Slovakia,Slovakia,SK,235.98,265.15,77.15,23.74,entsoe.eu,false,
2022-08-10 19:00:00,Slovakia,Slovakia,SK,223.27,254.53,75.81,17.14,entsoe.eu,false,
2022-08-10 20:00:00,Slovakia,Slovakia,SK,261.5,295.55,71.68,13.53,entsoe.eu,false,
2022-08-10 21:00:00,Slovakia,Slovakia,SK,271.86,306.62,70.31,10.13,entsoe.eu,false,
2022-08-10 22:00:00,Slovakia,Slovakia,SK,285.87,321.42,68.88,8.42,entsoe.eu,false,
2022-08-10 23:00:00,Slovakia,Slovakia,SK,277.82,313.5,69.78,8.36,entsoe.eu,false,
2022-08-11 00:00:00,Slovakia,Slovakia,SK,271.23,307.62,70.32,8.01,entsoe.eu,false,
2022-08-11 01:00:00,Slovakia,Slovakia,SK,257.85,293.72,71.29,7.59,entsoe.eu,false,
2022-08-11 02:00:00,Slovakia,Slovakia,SK,270.72,306.21,70.13,7.49,entsoe.eu,false,
2022-08-11 03:00:00,Slovakia,Slovakia,SK,269.03,305.3,70.29,7.57,entsoe.eu,false,
2022-08-11 04:00:00,Slovakia,Slovakia,SK,274.77,311.45,69.93,10.63,entsoe.eu,false,
2022-08-11 05:00:00,Slovakia,Slovakia,SK,213.5,247.2,75.6,15.9,entsoe.eu,false,
2022-08-11 06:00:00,Slovakia,Slovakia,SK,207.67,240.99,76.36,17.79,entsoe.eu,false,
2022-08-11 07:00:00,Slovakia,Slovakia,SK,191.6,224.45,77.72,18.28,entsoe.eu,false,
2022-08-11 08:00:00,Slovakia,Slovakia,SK,207.98,241.01,76.16,18.26,entsoe.eu,false,
2022-08-11 09:00:00,Slovakia,Slovakia,SK,240.01,273.65,73.41,19.2,entsoe.eu,false,
2022-08-11 10:00:00,Slovakia,Slovakia,SK,266.0,301.32,71.03,20.08,entsoe.eu,false,
2022-08-11 11:00:00,Slovakia,Slovakia,SK,284.53,321.03,69.49,20.12,entsoe.eu,false,
2022-08-11 12:00:00,Slovakia,Slovakia,SK,286.68,323.7,69.48,20.43,entsoe.eu,false,
2022-08-11 13:00:00,Slovakia,Slovakia,SK,298.69,336.59,68.26,19.65,entsoe.eu,false,
2022-08-11 14:00:00,Slovakia,Slovakia,SK,307.27,345.15,67.23,17.78,entsoe.eu,false,
2022-08-11 15:00:00,Slovakia,Slovakia,SK,314.71,351.96,66.77,16.57,entsoe.eu,false,
2022-08-11 16:00:00,Slovakia,Slovakia,SK,321.11,356.87,67.11,16.62,entsoe.eu,false,
2022-08-11 17:00:00,Slovakia,Slovakia,SK,296.41,328.74,71.8,22.67,entsoe.eu,false,
2022-08-11 18:00:00,Slovakia,Slovakia,SK,305.33,337.78,71.0,22.16,entsoe.eu,false,
2022-08-11 19:00:00,Slovakia,Slovakia,SK,312.17,348.38,67.28,14.01,entsoe.eu,false,
2022-08-11 20:00:00,Slovakia,Slovakia,SK,325.95,362.9,65.4,11.8,entsoe.eu,false,
2022-08-11 21:00:00,Slovakia,Slovakia,SK,321.66,358.38,65.71,9.9,entsoe.eu,false,
2022-08-11 22:00:00,Slovakia,Slovakia,SK,291.0,326.82,68.39,8.44,entsoe.eu,false,
2022-08-11 23:00:00,Slovakia,Slovakia,SK,291.61,327.46,68.51,8.16,entsoe.eu,false,
2022-08-12 00:00:00,Slovakia,Slovakia,SK,288.03,324.47,68.71,8.03,entsoe.eu,false,
2022-08-12 01:00:00,Slovakia,Slovakia,SK,286.58,323.0,68.76,7.83,entsoe.eu,false,
2022-08-12 02:00:00,Slovakia,Slovakia,SK,272.68,308.23,69.69,7.55,entsoe.eu,false,
2022-08-12 03:00:00,Slovakia,Slovakia,SK,258.81,294.6,70.64,7.7,entsoe.eu,false,
2022-08-12 04:00:00,Slovakia,Slovakia,SK,283.82,321.04,68.0,10.54,entsoe.eu,false,
2022-08-12 05:00:00,Slovakia,Slovakia,SK,264.29,299.47,70.32,14.31,entsoe.eu,false,
2022-08-12 06:00:00,Slovakia,Slovakia,SK,259.69,294.6,70.76,17.45,entsoe.eu,false,
2022-08-12 07:00:00,Slovakia,Slovakia,SK,254.86,290.07,70.87,18.44,entsoe.eu,false,
2022-08-12 08:00:00,Slovakia,Slovakia,SK,263.47,299.13,70.37,19.81,entsoe.eu,false,
2022-08-12 09:00:00,Slovakia,Slovakia,SK,263.9,300.07,70.58,21.81,entsoe.eu,false,
2022-08-12 10:00:00,Slovakia,Slovakia,SK,270.35,306.44,69.98,21.65,entsoe.eu,false,
2022-08-12 11:00:00,Slovakia,Slovakia,SK,276.94,313.25,69.42,21.5,entsoe.eu,false,
2022-08-12 12:00:00,Slovakia,Slovakia,SK,285.12,321.44,68.87,20.65,entsoe.eu,false,
2022-08-12 13:00:00,Slovakia,Slovakia,SK,303.39,340.81,66.98,19.97,entsoe.eu,false,
2022-08-12 14:00:00,Slovakia,Slovakia,SK,321.88,360.79,64.81,18.48,entsoe.eu,false,
2022-08-12 15:00:00,Slovakia,Slovakia,SK,337.36,376.35,63.26,16.8,entsoe.eu,false,
2022-08-12 16:00:00,Slovakia,Slovakia,SK,335.98,371.53,65.57,19.8,entsoe.eu,false,
2022-08-12 17:00:00,Slovakia,Slovakia,SK,325.08,358.73,67.95,22.07,entsoe.eu,false,
2022-08-12 18:00:00,Slovakia,Slovakia,SK,328.87,362.76,67.58,22.07,entsoe.eu,false,
2022-08-12 19:00:00,Slovakia,Slovakia,SK,336.47,371.51,66.12,18.98,entsoe.eu,false,
2022-08-12 20:00:00,Slovakia,Slovakia,SK,344.71,381.41,63.32,13.06,entsoe.eu,false,
2022-08-12 21:00:00,Slovakia,Slovakia,SK,335.02,370.44,64.79,11.27,entsoe.eu,false,
2022-08-12 22:00:00,Slovakia,Slovakia,SK,351.32,387.6,63.24,10.69,entsoe.eu,false,
2022-08-12 23:00:00,Slovakia,Slovakia,SK,327.15,363.47,65.45,10.38,entsoe.eu,false,
2022-08-13 00:00:00,Slovakia,Slovakia,SK,342.6,380.5,63.99,8.65,entsoe.eu,false,
2022-08-13 01:00:00,Slovakia,Slovakia,SK,338.22,375.63,64.28,8.2,entsoe.eu,false,
2022-08-13 02:00:00,Slovakia,Slovakia,SK,346.03,384.52,63.22,8.1,entsoe.eu,false,
2022-08-13 03:00:00,Slovakia,Slovakia,SK,328.86,366.37,64.72,8.13,entsoe.eu,false,
2022-08-13 04:00:00,Slovakia,Slovakia,SK,331.02,368.29,64.9,9.95,entsoe.eu,false,
2022-08-13 05:00:00,Slovakia,Slovakia,SK,315.41,351.72,66.45,12.91,entsoe.eu,false,
2022-08-13 06:00:00,Slovakia,Slovakia,SK,304.11,340.18,67.55,16.25,entsoe.eu,false,
2022-08-13 07:00:00,Slovakia,Slovakia,SK,313.56,351.18,66.68,18.17,entsoe.eu,false,
2022-08-13 08:00:00,Slovakia,Slovakia,SK,307.4,344.69,67.55,19.64,entsoe.eu,false,
2022-08-13 09:00:00,Slovakia,Slovakia,SK,297.94,335.27,68.48,21.13,entsoe.eu,false,
2022-08-13 10:00:00,Slovakia,Slovakia,SK,285.5,322.53,69.57,21.28,entsoe.eu,false,
2022-08-13 11:00:00,Slovakia,Slovakia,SK,285.57,322.47,69.62,21.04,entsoe.eu,false,
2022-08-13 12:00:00,Slovakia,Slovakia,SK,296.42,333.96,68.67,20.63,entsoe.eu,false,
2022-08-13 13:00:00,Slovakia,Slovakia,SK,317.45,355.37,66.69,19.75,entsoe.eu,false,
2022-08-13 14:00:00,Slovakia,Slovakia,SK,333.71,371.94,65.08,19.1,entsoe.eu,false,
2022-08-13 15:00:00,Slovakia,Slovakia,SK,334.94,372.54,64.83,17.14,entsoe.eu,false,
2022-08-13 16:00:00,Slovakia,Slovakia,SK,339.53,375.18,65.62,17.88,entsoe.eu,false,
2022-08-13 17:00:00,Slovakia,Slovakia,SK,344.84,380.3,65.43,18.04,entsoe.eu,false,
2022-08-13 18:00:00,Slovakia,Slovakia,SK,347.4,382.24,66.28,20.76,entsoe.eu,false,
2022-08-13 19:00:00,Slovakia,Slovakia,SK,347.63,383.48,65.01,16.8,entsoe.eu,false,
2022-08-13 20:00:00,Slovakia,Slovakia,SK,342.66,378.03,65.26,15.41,entsoe.eu,false,
2022-08-13 21:00:00,Slovakia,Slovakia,SK,338.41,374.42,64.68,11.66,entsoe.eu,false,
2022-08-13 22:00:00,Slovakia,Slovakia,SK,333.82,369.6,65.35,11.65,entsoe.eu,false,
2022-08-13 23:00:00,Slovakia,Slovakia,SK,310.27,345.75,67.33,10.91,entsoe.eu,false,
2022-08-14 00:00:00,Slovakia,Slovakia,SK,322.39,359.05,65.98,9.27,entsoe.eu,false,
2022-08-14 01:00:00,Slovakia,Slovakia,SK,322.41,359.51,65.87,8.99,entsoe.eu,false,
2022-08-14 02:00:00,Slovakia,Slovakia,SK,335.75,373.78,64.5,8.73,entsoe.eu,false,
2022-08-14 03:00:00,Slovakia,Slovakia,SK,344.09,382.82,63.71,8.82,entsoe.eu,false,
2022-08-14 04:00:00,Slovakia,Slovakia,SK,325.9,363.2,65.44,10.32,entsoe.eu,false,
2022-08-14 05:00:00,Slovakia,Slovakia,SK,304.5,340.39,67.48,13.1,entsoe.eu,false,
2022-08-14 06:00:00,Slovakia,Slovakia,SK,278.42,312.8,69.88,15.47,entsoe.eu,false,
2022-08-14 07:00:00,Slovakia,Slovakia,SK,283.94,319.68,69.41,17.97,entsoe.eu,false,
2022-08-14 08:00:00,Slovakia,Slovakia,SK,280.92,317.37,69.89,19.56,entsoe.eu,false,
2022-08-14 09:00:00,Slovakia,Slovakia,SK,248.21,283.8,72.82,21.46,entsoe.eu,false,
2022-08-14 10:00:00,Slovakia,Slovakia,SK,237.88,273.35,73.72,21.89,entsoe.eu,false,
2022-08-14 11:00:00,Slovakia,Slovakia,SK,245.81,281.66,73.16,22.75,entsoe.eu,false,
2022-08-14 12:00:00,Slovakia,Slovakia,SK,249.13,284.99,72.79,21.98,entsoe.eu,false,
2022-08-14 13:00:00,Slovakia,Slovakia,SK,273.17,309.85,70.5,20.8,entsoe.eu,false,
2022-08-14 14:00:00,Slovakia,Slovakia,SK,303.74,340.06,67.8,20.11,entsoe.eu,false,
2022-08-14 15:00:00,Slovakia,Slovakia,SK,320.01,356.71,66.13,17.66,entsoe.eu,false,
2022-08-14 16:00:00,Slovakia,Slovakia,SK,328.59,365.12,65.27,16.49,entsoe.eu,false,
2022-08-14 17:00:00,Slovakia,Slovakia,SK,349.93,386.75,64.43,17.93,entsoe.eu,false,
2022-08-14 18:00:00,Slovakia,Slovakia,SK,348.36,383.86,65.97,21.56,entsoe.eu,false,
2022-08-14 19:00:00,Slovakia,Slovakia,SK,343.18,378.85,66.14,20.27,entsoe.eu,false,
2022-08-14 20:00:00,Slovakia,Slovakia,SK,356.64,394.59,63.57,15.73,entsoe.eu,false,
2022-08-14 21:00:00,Slovakia,Slovakia,SK,354.96,393.07,63.19,12.81,entsoe.eu,false,
2022-08-14 22:00:00,Slovakia,Slovakia,SK,366.55,406.5,61.97,9.65,entsoe.eu,false,
2022-08-14 23:00:00,Slovakia,Slovakia,SK,368.71,409.76,61.85,9.53,entsoe.eu,false,
2022-08-15 00:00:00,Slovakia,Slovakia,SK,366.61,408.48,62.19,9.77,entsoe.eu,false,
2022-08-15 01:00:00,Slovakia,Slovakia,SK,365.79,407.84,62.25,9.67,entsoe.eu,false,
2022-08-15 02:00:00,Slovakia,Slovakia,SK,362.29,404.48,62.39,9.34,entsoe.eu,false,
2022-08-15 03:00:00,Slovakia,Slovakia,SK,369.67,411.98,61.59,8.96,entsoe.eu,false,
2022-08-15 04:00:00,Slovakia,Slovakia,SK,364.46,406.4,61.89,10.73,entsoe.eu,false,
2022-08-15 05:00:00,Slovakia,Slovakia,SK,286.83,324.13,68.51,14.32,entsoe.eu,false,
2022-08-15 06:00:00,Slovakia,Slovakia,SK,231.36,264.14,74.83,19.14,entsoe.eu,false,
2022-08-15 07:00:00,Slovakia,Slovakia,SK,233.73,268.39,73.43,18.12,entsoe.eu,false,
2022-08-15 08:00:00,Slovakia,Slovakia,SK,239.41,274.85,73.23,19.77,entsoe.eu,false,
2022-08-15 09:00:00,Slovakia,Slovakia,SK,253.97,290.46,72.14,22.17,entsoe.eu,false,
2022-08-15 10:00:00,Slovakia,Slovakia,SK,258.52,295.41,71.47,22.83,entsoe.eu,false,
2022-08-15 11:00:00,Slovakia,Slovakia,SK,258.66,295.39,71.36,22.2,entsoe.eu,false,
2022-08-15 12:00:00,Slovakia,Slovakia,SK,268.69,305.52,70.48,21.73,entsoe.eu,false,
2022-08-15 13:00:00,Slovakia,Slovakia,SK,277.42,314.07,69.47,20.13,entsoe.eu,false,
2022-08-15 14:00:00,Slovakia,Slovakia,SK,303.23,341.18,66.55,19.16,entsoe.eu,false,
2022-08-15 15:00:00,Slovakia,Slovakia,SK,291.29,328.81,66.77,16.33,entsoe.eu,false,
2022-08-15 16:00:00,Slovakia,Slovakia,SK,307.34,343.65,67.24,17.96,entsoe.eu,false,
2022-08-15 17:00:00,Slovakia,Slovakia,SK,313.62,348.88,68.41,20.89,entsoe.eu,false,
2022-08-15 18:00:00,Slovakia,Slovakia,SK,315.41,350.31,68.97,22.93,entsoe.eu,false,
2022-08-15 19:00:00,Slovakia,Slovakia,SK,298.53,333.44,69.64,20.52,entsoe.eu,false,
2022-08-15 20:00:00,Slovakia,Slovakia,SK,300.24,337.63,66.37,13.12,entsoe.eu,false,
2022-08-15 21:00:00,Slovakia,Slovakia,SK,308.25,345.64,65.85,11.23,entsoe.eu,false,
2022-08-15 22:00:00,Slovakia,Slovakia,SK,332.55,371.55,64.26,8.95,entsoe.eu,false,
2022-08-15 23:00:00,Slovakia,Slovakia,SK,335.07,374.97,64.12,8.79,entsoe.eu,false,
2022-08-16 00:00:00,Slovakia,Slovakia,SK,343.6,383.31,63.77,8.59,entsoe.eu,false,
2022-08-16 01:00:00,Slovakia,Slovakia,SK,318.92,356.77,65.8,8.14,entsoe.eu,false,
2022-08-16 02:00:00,Slovakia,Slovakia,SK,321.96,360.45,65.49,8.04,entsoe.eu,false,
2022-08-16 03:00:00,Slovakia,Slovakia,SK,308.57,346.31,66.06,7.68,entsoe.eu,false,
2022-08-16 04:00:00,Slovakia,Slovakia,SK,265.91,302.81,69.11,9.9,entsoe.eu,false,
2022-08-16 05:00:00,Slovakia,Slovakia,SK,247.26,282.69,71.09,13.58,entsoe.eu,false,
2022-08-16 06:00:00,Slovakia,Slovakia,SK,242.48,277.81,71.86,16.97,entsoe.eu,false,
2022-08-16 07:00:00,Slovakia,Slovakia,SK,261.12,297.55,70.49,18.18,entsoe.eu,false,
2022-08-16 08:00:00,Slovakia,Slovakia,SK,252.31,288.86,71.05,18.08,entsoe.eu,false,
2022-08-16 09:00:00,Slovakia,Slovakia,SK,249.12,285.14,72.13,19.72,entsoe.eu,false,
2022-08-16 10:00:00,Slovakia,Slovakia,SK,252.49,287.82,72.07,20.39,entsoe.eu,false,
2022-08-16 11:00:00,Slovakia,Slovakia,SK,262.13,298.41,70.72,19.34,entsoe.eu,false,
2022-08-16 12:00:00,Slovakia,Slovakia,SK,278.79,315.66,69.42,18.0,entsoe.eu,false,
2022-08-16 13:00:00,Slovakia,Slovakia,SK,282.22,318.48,69.02,16.5,entsoe.eu,false,
2022-08-16 14:00:00,Slovakia,Slovakia,SK,307.24,345.43,66.42,15.28,entsoe.eu,false,
2022-08-16 15:00:00,Slovakia,Slovakia,SK,317.24,355.87,64.66,14.01,entsoe.eu,false,
2022-08-16 16:00:00,Slovakia,Slovakia,SK,303.98,341.38,65.94,13.33,entsoe.eu,false,
2022-08-16 17:00:00,Slovakia,Slovakia,SK,277.57,310.33,71.73,21.8,entsoe.eu,false,
2022-08-16 18:00:00,Slovakia,Slovakia,SK,259.89,290.71,74.02,24.05,entsoe.eu,false,
2022-08-16 19:00:00,Slovakia,Slovakia,SK,264.56,298.86,71.0,16.46,entsoe.eu,false,
2022-08-16 20:00:00,Slovakia,Slovakia,SK,304.23,341.54,65.73,9.96,entsoe.eu,false,
2022-08-16 21:00:00,Slovakia,Slovakia,SK,320.37,358.23,64.74,6.71,entsoe.eu,false,
2022-08-16 22:00:00,Slovakia,Slovakia,SK,339.89,379.24,62.47,6.75,entsoe.eu,false,
2022-08-16 23:00:00,Slovakia,Slovakia,SK,347.16,387.1,62.16,6.32,entsoe.eu,false,
2022-08-17 00:00:00,Slovakia,Slovakia,SK,331.84,371.18,63.5,6.32,entsoe.eu,false,
2022-08-17 01:00:00,Slovakia,Slovakia,SK,346.86,387.77,62.01,6.24,entsoe.eu,false,
2022-08-17 02:00:00,Slovakia,Slovakia,SK,334.06,374.17,63.03,6.27,entsoe.eu,false,
2022-08-17 03:00:00,Slovakia,Slovakia,SK,304.52,342.75,65.51,6.31,entsoe.eu,false,
2022-08-17 04:00:00,Slovakia,Slovakia,SK,253.98,290.25,70.02,8.89,entsoe.eu,false,
2022-08-17 05:00:00,Slovakia,Slovakia,SK,250.52,285.37,70.65,12.11,entsoe.eu,false,
2022-08-17 06:00:00,Slovakia,Slovakia,SK,250.43,286.12,70.7,15.0,entsoe.eu,false,
2022-08-17 07:00:00,Slovakia,Slovakia,SK,247.63,282.83,71.61,18.29,entsoe.eu,false,
2022-08-17 08:00:00,Slovakia,Slovakia,SK,255.02,291.43,70.75,18.02,entsoe.eu,false,
2022-08-17 09:00:00,Slovakia,Slovakia,SK,260.45,297.47,70.12,19.0,entsoe.eu,false,
2022-08-17 10:00:00,Slovakia,Slovakia,SK,266.37,303.75,69.41,19.2,entsoe.eu,false,
2022-08-17 11:00:00,Slovakia,Slovakia,SK,275.13,312.56,68.74,19.43,entsoe.eu,false,
2022-08-17 12:00:00,Slovakia,Slovakia,SK,289.79,327.78,67.59,19.22,entsoe.eu,false,
2022-08-17 13:00:00,Slovakia,Slovakia,SK,298.61,337.13,66.45,17.74,entsoe.eu,false,
2022-08-17 14:00:00,Slovakia,Slovakia,SK,319.22,358.43,64.5,15.68,entsoe.eu,false,
2022-08-17 15:00:00,Slovakia,Slovakia,SK,326.96,366.67,63.42,14.2,entsoe.eu,false,
2022-08-17 16:00:00,Slovakia,Slovakia,SK,332.87,369.99,64.9,16.91,entsoe.eu,false,
2022-08-17 17:00:00,Slovakia,Slovakia,SK,316.61,351.6,67.25,18.91,entsoe.eu,false,
2022-08-17 18:00:00,Slovakia,Slovakia,SK,304.94,337.98,68.28,19.49,entsoe.eu,false,
2022-08-17 19:00:00,Slovakia,Slovakia,SK,314.93,350.25,66.2,15.31,entsoe.eu,false,
2022-08-17 20:00:00,Slovakia,Slovakia,SK,351.34,390.74,61.54,11.25,entsoe.eu,false,
2022-08-17 21:00:00,Slovakia,Slovakia,SK,373.05,414.3,59.32,8.17,entsoe.eu,false,
2022-08-17 22:00:00,Slovakia,Slovakia,SK,387.93,430.02,57.77,7.79,entsoe.eu,false,
2022-08-17 23:00:00,Slovakia,Slovakia,SK,354.5,394.12,61.09,7.32,entsoe.eu,false,
2022-08-18 00:00:00,Slovakia,Slovakia,SK,356.15,396.59,61.01,7.38,entsoe.eu,false,
2022-08-18 01:00:00,Slovakia,Slovakia,SK,348.59,388.97,61.85,7.26,entsoe.eu,false,
2022-08-18 02:00:00,Slovakia,Slovakia,SK,340.74,380.87,62.43,7.18,entsoe.eu,false,
2022-08-18 03:00:00,Slovakia,Slovakia,SK,330.01,368.85,63.16,7.33,entsoe.eu,false,
2022-08-18 04:00:00,Slovakia,Slovakia,SK,336.73,376.55,62.39,8.17,entsoe.eu,false,
2022-08-18 05:00:00,Slovakia,Slovakia,SK,308.57,346.75,65.15,12.16,entsoe.eu,false,
2022-08-18 06:00:00,Slovakia,Slovakia,SK,277.75,314.51,68.36,15.98,entsoe.eu,false,
2022-08-18 07:00:00,Slovakia,Slovakia,SK,281.23,318.19,68.22,17.15,entsoe.eu,false,
2022-08-18 08:00:00,Slovakia,Slovakia,SK,282.6,320.07,68.05,17.99,entsoe.eu,false,
2022-08-18 09:00:00,Slovakia,Slovakia,SK,295.9,333.88,66.96,19.37,entsoe.eu,false,
2022-08-18 10:00:00,Slovakia,Slovakia,SK,300.48,338.81,66.48,20.2,entsoe.eu,false,
2022-08-18 11:00:00,Slovakia,Slovakia,SK,301.72,339.68,66.54,20.12,entsoe.eu,false,
2022-08-18 12:00:00,Slovakia,Slovakia,SK,312.39,351.29,65.39,19.4,entsoe.eu,false,
2022-08-18 13:00:00,Slovakia,Slovakia,SK,327.96,367.35,64.0,17.98,entsoe.eu,false,
2022-08-18 14:00:00,Slovakia,Slovakia,SK,345.14,385.09,62.2,15.63,entsoe.eu,false,
2022-08-18 15:00:00,Slovakia,Slovakia,SK,355.69,395.67,61.28,15.61,entsoe.eu,false,
2022-08-18 16:00:00,Slovakia,Slovakia,SK,360.45,400.01,60.57,15.36,entsoe.eu,false,
2022-08-18 17:00:00,Slovakia,Slovakia,SK,347.4,384.69,63.26,19.04,entsoe.eu,false,
2022-08-18 18:00:00,Slovakia,Slovakia,SK,363.66,402.61,61.03,17.39,entsoe.eu,false,
2022-08-18 19:00:00,Slovakia,Slovakia,SK,376.44,416.11,60.02,15.19,entsoe.eu,false,
2022-08-18 20:00:00,Slovakia,Slovakia,SK,383.5,424.24,58.61,11.87,entsoe.eu,false,
2022-08-18 21:00:00,Slovakia,Slovakia,SK,371.62,410.84,59.9,9.22,entsoe.eu,false,
2022-08-18 22:00:00,Slovakia,Slovakia,SK,353.86,390.85,62.39,8.98,entsoe.eu,false,
2022-08-18 23:00:00,Slovakia,Slovakia,SK,310.81,346.01,66.36,8.34,entsoe.eu,false,
2022-08-19 00:00:00,Slovakia,Slovakia,SK,306.19,341.42,66.75,8.32,entsoe.eu,false,
2022-08-19 01:00:00,Slovakia,Slovakia,SK,292.73,327.7,68.05,8.13,entsoe.eu,false,
2022-08-19 02:00:00,Slovakia,Slovakia,SK,305.92,341.67,66.63,8.27,entsoe.eu,false,
2022-08-19 03:00:00,Slovakia,Slovakia,SK,309.29,345.31,65.79,8.49,entsoe.eu,false,
2022-08-19 04:00:00,Slovakia,Slovakia,SK,337.1,376.34,62.58,9.28,entsoe.eu,false,
2022-08-19 05:00:00,Slovakia,Slovakia,SK,297.62,335.71,66.6,12.42,entsoe.eu,false,
2022-08-19 06:00:00,Slovakia,Slovakia,SK,269.86,304.17,71.43,20.17,entsoe.eu,false,
2022-08-19 07:00:00,Slovakia,Slovakia,SK,236.62,271.36,72.78,17.76,entsoe.eu,false,
2022-08-19 08:00:00,Slovakia,Slovakia,SK,249.51,284.83,71.87,19.14,entsoe.eu,false,
2022-08-19 09:00:00,Slovakia,Slovakia,SK,277.87,314.62,69.16,20.41,entsoe.eu,false,
2022-08-19 10:00:00,Slovakia,Slovakia,SK,306.55,345.46,65.97,19.64,entsoe.eu,false,
2022-08-19 11:00:00,Slovakia,Slovakia,SK,319.99,359.13,64.58,19.76,entsoe.eu,false,
2022-08-19 12:00:00,Slovakia,Slovakia,SK,331.63,371.2,63.39,18.61,entsoe.eu,false,
2022-08-19 13:00:00,Slovakia,Slovakia,SK,349.58,389.76,61.52,16.81,entsoe.eu,false,
2022-08-19 14:00:00,Slovakia,Slovakia,SK,373.72,414.88,59.46,15.58,entsoe.eu,false,
2022-08-19 15:00:00,Slovakia,Slovakia,SK,369.35,409.99,60.04,14.56,entsoe.eu,false,
2022-08-19 16:00:00,Slovakia,Slovakia,SK,333.84,371.64,63.31,14.4,entsoe.eu,false,
2022-08-19 17:00:00,Slovakia,Slovakia,SK,322.34,358.63,64.57,14.49,entsoe.eu,false,
2022-08-19 18:00:00,Slovakia,Slovakia,SK,338.02,375.24,62.73,14.64,entsoe.eu,false,
2022-08-19 19:00:00,Slovakia,Slovakia,SK,340.9,379.18,62.54,12.68,entsoe.eu,false,
2022-08-19 20:00:00,Slovakia,Slovakia,SK,366.47,406.77,59.77,9.93,entsoe.eu,false,
2022-08-19 21:00:00,Slovakia,Slovakia,SK,380.44,420.74,59.03,9.18,entsoe.eu,false,
2022-08-19 22:00:00,Slovakia,Slovakia,SK,347.07,384.5,62.85,10.23,entsoe.eu,false,
2022-08-19 23:00:00,Slovakia,Slovakia,SK,339.88,378.74,63.63,10.85,entsoe.eu,false,
2022-08-20 00:00:00,Slovakia,Slovakia,SK,332.03,371.72,63.81,8.54,entsoe.eu,false,
2022-08-20 01:00:00,Slovakia,Slovakia,SK,317.01,356.43,65.02,8.29,entsoe.eu,false,
2022-08-20 02:00:00,Slovakia,Slovakia,SK,322.15,361.94,64.54,8.07,entsoe.eu,false,
2022-08-20 03:00:00,Slovakia,Slovakia,SK,334.59,374.98,63.56,8.49,entsoe.eu,false,
2022-08-20 04:00:00,Slovakia,Slovakia,SK,346.64,387.56,62.85,8.55,entsoe.eu,false,
2022-08-20 05:00:00,Slovakia,Slovakia,SK,329.38,369.0,64.56,10.46,entsoe.eu,false,
2022-08-20 06:00:00,Slovakia,Slovakia,SK,316.49,355.27,65.83,12.56,entsoe.eu,false,
2022-08-20 07:00:00,Slovakia,Slovakia,SK,329.74,369.71,64.79,13.7,entsoe.eu,false,
2022-08-20 08:00:00,Slovakia,Slovakia,SK,336.45,377.34,64.18,15.75,entsoe.eu,false,
2022-08-20 09:00:00,Slovakia,Slovakia,SK,349.02,390.9,63.18,17.24,entsoe.eu,false,
2022-08-20 10:00:00,Slovakia,Slovakia,SK,350.34,392.88,62.91,17.77,entsoe.eu,false,
2022-08-20 11:00:00,Slovakia,Slovakia,SK,343.14,384.17,63.57,16.87,entsoe.eu,false,
2022-08-20 12:00:00,Slovakia,Slovakia,SK,334.64,374.91,64.48,16.11,entsoe.eu,false,
2022-08-20 13:00:00,Slovakia,Slovakia,SK,339.49,380.0,64.15,15.82,entsoe.eu,false,
2022-08-20 14:00:00,Slovakia,Slovakia,SK,360.38,401.17,62.21,14.24,entsoe.eu,false,
2022-08-20 15:00:00,Slovakia,Slovakia,SK,372.35,413.02,61.12,12.32,entsoe.eu,false,
2022-08-20 16:00:00,Slovakia,Slovakia,SK,340.54,378.74,64.03,13.05,entsoe.eu,false,
2022-08-20 17:00:00,Slovakia,Slovakia,SK,324.79,361.51,65.51,13.56,entsoe.eu,false,
2022-08-20 18:00:00,Slovakia,Slovakia,SK,317.68,353.54,66.12,13.79,entsoe.eu,false,
2022-08-20 19:00:00,Slovakia,Slovakia,SK,313.48,350.56,66.47,13.42,entsoe.eu,false,
2022-08-20 20:00:00,Slovakia,Slovakia,SK,277.78,314.06,69.39,12.16,entsoe.eu,false,
2022-08-20 21:00:00,Slovakia,Slovakia,SK,300.18,337.82,67.44,10.19,entsoe.eu,false,
2022-08-20 22:00:00,Slovakia,Slovakia,SK,256.87,293.2,71.27,11.01,entsoe.eu,false,
2022-08-20 23:00:00,Slovakia,Slovakia,SK,283.85,321.09,68.87,11.04,entsoe.eu,false,
2022-08-21 00:00:00,Slovakia,Slovakia,SK,264.82,301.76,70.56,11.15,entsoe.eu,false,
2022-08-21 01:00:00,Slovakia,Slovakia,SK,261.99,298.4,70.83,10.91,entsoe.eu,false,
2022-08-21 02:00:00,Slovakia,Slovakia,SK,253.77,290.18,71.48,11.26,entsoe.eu,false,
2022-08-21 03:00:00,Slovakia,Slovakia,SK,269.27,306.87,70.01,11.32,entsoe.eu,false,
2022-08-21 04:00:00,Slovakia,Slovakia,SK,256.91,293.28,71.06,11.28,entsoe.eu,false,
2022-08-21 05:00:00,Slovakia,Slovakia,SK,276.84,313.8,69.44,12.62,entsoe.eu,false,
2022-08-21 06:00:00,Slovakia,Slovakia,SK,289.78,326.75,68.51,14.43,entsoe.eu,false,
2022-08-21 07:00:00,Slovakia,Slovakia,SK,284.93,321.02,68.82,14.17,entsoe.eu,false,
2022-08-21 08:00:00,Slovakia,Slovakia,SK,306.76,343.47,66.93,15.27,entsoe.eu,false,
2022-08-21 09:00:00,Slovakia,Slovakia,SK,295.74,331.7,67.95,16.48,entsoe.eu,false,
2022-08-21 10:00:00,Slovakia,Slovakia,SK,280.08,316.19,69.21,17.06,entsoe.eu,false,
2022-08-21 11:00:00,Slovakia,Slovakia,SK,274.39,310.86,69.79,16.79,entsoe.eu,false,
2022-08-21 12:00:00,Slovakia,Slovakia,SK,280.83,317.1,69.22,16.99,entsoe.eu,false,
2022-08-21 13:00:00,Slovakia,Slovakia,SK,297.92,335.04,67.69,15.92,entsoe.eu,false,
2022-08-21 14:00:00,Slovakia,Slovakia,SK,306.82,343.63,67.07,15.67,entsoe.eu,false,
2022-08-21 15:00:00,Slovakia,Slovakia,SK,279.06,314.43,69.65,14.92,entsoe.eu,false,
2022-08-21 16:00:00,Slovakia,Slovakia,SK,262.68,297.49,71.16,16.79,entsoe.eu,false,
2022-08-21 17:00:00,Slovakia,Slovakia,SK,259.3,293.44,71.57,18.33,entsoe.eu,false,
2022-08-21 18:00:00,Slovakia,Slovakia,SK,239.53,270.93,74.8,22.72,entsoe.eu,false,
2022-08-21 19:00:00,Slovakia,Slovakia,SK,217.54,249.06,76.0,20.42,entsoe.eu,false,
2022-08-21 20:00:00,Slovakia,Slovakia,SK,184.57,216.1,78.2,18.1,entsoe.eu,false,
2022-08-21 21:00:00,Slovakia,Slovakia,SK,156.82,188.29,80.58,18.55,entsoe.eu,false,
2022-08-21 22:00:00,Slovakia,Slovakia,SK,115.51,146.1,84.42,20.42,entsoe.eu,false,
2022-08-21 23:00:00,Slovakia,Slovakia,SK,153.96,186.97,81.15,19.53,entsoe.eu,false,
2022-08-22 00:00:00,Slovakia,Slovakia,SK,167.36,201.46,79.9,20.29,entsoe.eu,false,
2022-08-22 01:00:00,Slovakia,Slovakia,SK,170.59,204.48,79.57,20.79,entsoe.eu,false,
2022-08-22 02:00:00,Slovakia,Slovakia,SK,169.3,202.33,79.79,19.76,entsoe.eu,false,
2022-08-22 03:00:00,Slovakia,Slovakia,SK,145.98,176.73,81.93,20.03,entsoe.eu,false,
2022-08-22 04:00:00,Slovakia,Slovakia,SK,150.22,180.97,81.15,19.4,entsoe.eu,false,
2022-08-22 05:00:00,Slovakia,Slovakia,SK,195.29,226.96,77.07,19.7,entsoe.eu,false,
2022-08-22 06:00:00,Slovakia,Slovakia,SK,189.48,220.48,78.56,21.74,entsoe.eu,false,
2022-08-22 07:00:00,Slovakia,Slovakia,SK,232.51,266.34,73.64,19.11,entsoe.eu,false,
2022-08-22 08:00:00,Slovakia,Slovakia,SK,260.0,295.45,71.05,18.33,entsoe.eu,false,
2022-08-22 09:00:00,Slovakia,Slovakia,SK,276.56,313.01,69.46,17.97,entsoe.eu,false,
2022-08-22 10:00:00,Slovakia,Slovakia,SK,312.31,350.6,66.18,17.91,entsoe.eu,false,
2022-08-22 11:00:00,Slovakia,Slovakia,SK,323.81,362.98,65.04,17.93,entsoe.eu,false,
2022-08-22 12:00:00,Slovakia,Slovakia,SK,315.14,353.59,66.01,17.59,entsoe.eu,false,
2022-08-22 13:00:00,Slovakia,Slovakia,SK,309.98,347.92,66.35,17.08,entsoe.eu,false,
2022-08-22 14:00:00,Slovakia,Slovakia,SK,307.84,346.31,66.43,16.62,entsoe.eu,false,
2022-08-22 15:00:00,Slovakia,Slovakia,SK,300.91,338.67,67.06,17.32,entsoe.eu,false,
2022-08-22 16:00:00,Slovakia,Slovakia,SK,264.07,299.55,70.79,18.56,entsoe.eu,false,
2022-08-22 17:00:00,Slovakia,Slovakia,SK,252.66,284.72,74.19,25.61,entsoe.eu,false,
2022-08-22 18:00:00,Slovakia,Slovakia,SK,261.8,294.05,73.28,25.07,entsoe.eu,false,
2022-08-22 19:00:00,Slovakia,Slovakia,SK,248.59,280.43,74.69,23.86,entsoe.eu,false,
2022-08-22 20:00:00,Slovakia,Slovakia,SK,269.65,304.83,70.26,16.61,entsoe.eu,false,
2022-08-22 21:00:00,Slovakia,Slovakia,SK,277.84,313.96,69.13,13.5,entsoe.eu,false,
2022-08-22 22:00:00,Slovakia,Slovakia,SK,286.24,322.67,69.06,13.59,entsoe.eu,false,
2022-08-22 23:00:00,Slovakia,Slovakia,SK,263.95,299.58,71.36,13.52,entsoe.eu,false,
2022-08-23 00:00:00,Slovakia,Slovakia,SK,275.05,311.12,70.39,13.19,entsoe.eu,false,
2022-08-23 01:00:00,Slovakia,Slovakia,SK,273.82,310.2,70.39,13.24,entsoe.eu,false,
2022-08-23 02:00:00,Slovakia,Slovakia,SK,286.48,323.59,69.07,12.67,entsoe.eu,false,
2022-08-23 03:00:00,Slovakia,Slovakia,SK,265.43,301.62,70.62,13.04,entsoe.eu,false,
2022-08-23 04:00:00,Slovakia,Slovakia,SK,226.96,262.67,73.94,14.77,entsoe.eu,false,
2022-08-23 05:00:00,Slovakia,Slovakia,SK,249.64,286.01,71.83,17.27,entsoe.eu,false,
2022-08-23 06:00:00,Slovakia,Slovakia,SK,260.49,296.94,70.99,17.78,entsoe.eu,false,
2022-08-23 07:00:00,Slovakia,Slovakia,SK,264.31,301.17,70.77,19.11,entsoe.eu,false,
2022-08-23 08:00:00,Slovakia,Slovakia,SK,287.91,326.23,68.57,19.6,entsoe.eu,false,
2022-08-23 09:00:00,Slovakia,Slovakia,SK,288.55,327.54,68.67,19.78,entsoe.eu,false,
2022-08-23 10:00:00,Slovakia,Slovakia,SK,305.49,345.43,67.04,20.03,entsoe.eu,false,
2022-08-23 11:00:00,Slovakia,Slovakia,SK,313.15,353.23,66.19,20.01,entsoe.eu,false,
2022-08-23 12:00:00,Slovakia,Slovakia,SK,312.1,352.16,66.2,19.66,entsoe.eu,false,
2022-08-23 13:00:00,Slovakia,Slovakia,SK,315.08,354.8,65.76,18.55,entsoe.eu,false,
2022-08-23 14:00:00,Slovakia,Slovakia,SK,322.43,363.05,65.21,17.72,entsoe.eu,false,
2022-08-23 15:00:00,Slovakia,Slovakia,SK,302.62,341.81,66.94,16.76,entsoe.eu,false,
2022-08-23 16:00:00,Slovakia,Slovakia,SK,249.01,283.52,73.42,21.78,entsoe.eu,false,
2022-08-23 17:00:00,Slovakia,Slovakia,SK,237.02,268.68,76.54,27.3,entsoe.eu,false,
2022-08-23 18:00:00,Slovakia,Slovakia,SK,230.24,261.24,77.29,27.91,entsoe.eu,false,
2022-08-23 19:00:00,Slovakia,Slovakia,SK,229.7,264.33,74.27,19.83,entsoe.eu,false,
2022-08-23 20:00:00,Slovakia,Slovakia,SK,231.54,267.26,73.34,15.78,entsoe.eu,false,
2022-08-23 21:00:00,Slovakia,Slovakia,SK,283.33,321.64,68.45,12.95,entsoe.eu,false,
2022-08-23 22:00:00,Slovakia,Slovakia,SK,265.17,302.05,70.54,10.94,entsoe.eu,false,
2022-08-23 23:00:00,Slovakia,Slovakia,SK,265.2,302.77,70.94,11.17,entsoe.eu,false,
2022-08-24 00:00:00,Slovakia,Slovakia,SK,260.58,298.33,71.41,11.04,entsoe.eu,false,
2022-08-24 01:00:00,Slovakia,Slovakia,SK,258.11,295.52,71.57,10.85,entsoe.eu,false,
2022-08-24 02:00:00,Slovakia,Slovakia,SK,284.06,322.22,69.12,10.3,entsoe.eu,false,
2022-08-24 03:00:00,Slovakia,Slovakia,SK,264.16,301.83,70.69,10.7,entsoe.eu,false,
2022-08-24 04:00:00,Slovakia,Slovakia,SK,204.31,240.61,75.93,14.38,entsoe.eu,false,
2022-08-24 05:00:00,Slovakia,Slovakia,SK,219.71,255.89,74.63,16.81,entsoe.eu,false,
2022-08-24 06:00:00,Slovakia,Slovakia,SK,218.83,254.53,74.88,18.55,entsoe.eu,false,
2022-08-24 07:00:00,Slovakia,Slovakia,SK,236.28,272.74,73.1,19.45,entsoe.eu,false,
2022-08-24 08:00:00,Slovakia,Slovakia,SK,247.38,284.28,72.04,20.1,entsoe.eu,false,
2022-08-24 09:00:00,Slovakia,Slovakia,SK,243.36,279.79,72.32,21.03,entsoe.eu,false,
2022-08-24 10:00:00,Slovakia,Slovakia,SK,253.08,289.23,71.94,21.47,entsoe.eu,false,
2022-08-24 11:00:00,Slovakia,Slovakia,SK,283.26,320.38,69.01,20.28,entsoe.eu,false,
2022-08-24 12:00:00,Slovakia,Slovakia,SK,290.36,328.56,67.62,18.6,entsoe.eu,false,
2022-08-24 13:00:00,Slovakia,Slovakia,SK,276.41,314.36,68.91,17.77,entsoe.eu,false,
2022-08-24 14:00:00,Slovakia,Slovakia,SK,270.09,307.69,69.45,16.61,entsoe.eu,false,
2022-08-24 15:00:00,Slovakia,Slovakia,SK,255.62,292.14,71.14,15.91,entsoe.eu,false,
2022-08-24 16:00:00,Slovakia,Slovakia,SK,202.03,233.02,79.26,24.98,entsoe.eu,false,
2022-08-24 17:00:00,Slovakia,Slovakia,SK,189.58,219.72,80.57,26.27,entsoe.eu,false,
2022-08-24 18:00:00,Slovakia,Slovakia,SK,208.78,239.25,78.73,26.05,entsoe.eu,false,
2022-08-24 19:00:00,Slovakia,Slovakia,SK,235.51,270.89,73.19,17.87,entsoe.eu,false,
2022-08-24 20:00:00,Slovakia,Slovakia,SK,278.93,316.27,68.61,14.72,entsoe.eu,false,
2022-08-24 21:00:00,Slovakia,Slovakia,SK,289.18,326.93,67.4,12.49,entsoe.eu,false,
2022-08-24 22:00:00,Slovakia,Slovakia,SK,320.16,358.89,65.42,10.48,entsoe.eu,false,
2022-08-24 23:00:00,Slovakia,Slovakia,SK,288.23,326.39,68.74,10.43,entsoe.eu,false,
2022-08-25 00:00:00,Slovakia,Slovakia,SK,299.68,338.6,67.59,10.33,entsoe.eu,false,
2022-08-25 01:00:00,Slovakia,Slovakia,SK,288.27,326.31,68.77,10.29,entsoe.eu,false,
2022-08-25 02:00:00,Slovakia,Slovakia,SK,275.85,313.89,69.57,10.18,entsoe.eu,false,
2022-08-25 03:00:00,Slovakia,Slovakia,SK,270.07,307.6,70.09,9.87,entsoe.eu,false,
2022-08-25 04:00:00,Slovakia,Slovakia,SK,276.46,313.89,69.71,13.94,entsoe.eu,false,
2022-08-25 05:00:00,Slovakia,Slovakia,SK,282.69,320.62,68.63,16.27,entsoe.eu,false,
2022-08-25 06:00:00,Slovakia,Slovakia,SK,253.28,289.88,71.78,18.98,entsoe.eu,false,
2022-08-25 07:00:00,Slovakia,Slovakia,SK,247.75,284.24,72.13,20.42,entsoe.eu,false,
2022-08-25 08:00:00,Slovakia,Slovakia,SK,260.13,297.68,70.92,19.97,entsoe.eu,false,
2022-08-25 09:00:00,Slovakia,Slovakia,SK,263.21,300.92,70.56,21.14,entsoe.eu,false,
2022-08-25 10:00:00,Slovakia,Slovakia,SK,254.91,292.18,71.37,21.75,entsoe.eu,false,
2022-08-25 11:00:00,Slovakia,Slovakia,SK,266.85,304.77,70.29,21.98,entsoe.eu,false,
2022-08-25 12:00:00,Slovakia,Slovakia,SK,265.14,302.58,70.49,21.67,entsoe.eu,false,
2022-08-25 13:00:00,Slovakia,Slovakia,SK,287.08,324.59,68.38,20.65,entsoe.eu,false,
2022-08-25 14:00:00,Slovakia,Slovakia,SK,314.83,353.71,65.65,18.09,entsoe.eu,false,
2022-08-25 15:00:00,Slovakia,Slovakia,SK,307.62,346.69,66.01,16.24,entsoe.eu,false,
2022-08-25 16:00:00,Slovakia,Slovakia,SK,307.44,345.67,66.6,17.58,entsoe.eu,false,
2022-08-25 17:00:00,Slovakia,Slovakia,SK,308.1,343.25,69.31,23.54,entsoe.eu,false,
2022-08-25 18:00:00,Slovakia,Slovakia,SK,318.76,354.57,68.1,22.81,entsoe.eu,false,
2022-08-25 19:00:00,Slovakia,Slovakia,SK,339.65,378.63,63.6,15.86,entsoe.eu,false,
2022-08-25 20:00:00,Slovakia,Slovakia,SK,368.05,409.37,59.98,12.07,entsoe.eu,false,
2022-08-25 21:00:00,Slovakia,Slovakia,SK,354.18,394.23,62.22,11.47,entsoe.eu,false,
2022-08-25 22:00:00,Slovakia,Slovakia,SK,358.71,398.39,62.42,10.35,entsoe.eu,false,
2022-08-25 23:00:00,Slovakia,Slovakia,SK,341.12,380.64,64.01,9.4,entsoe.eu,false,
2022-08-26 00:00:00,Slovakia,Slovakia,SK,336.71,376.51,64.22,8.81,entsoe.eu,false,
2022-08-26 01:00:00,Slovakia,Slovakia,SK,345.55,385.79,63.45,8.55,entsoe.eu,false,
2022-08-26 02:00:00,Slovakia,Slovakia,SK,357.02,397.65,62.2,8.49,entsoe.eu,false,
2022-08-26 03:00:00,Slovakia,Slovakia,SK,355.7,396.98,61.98,8.4,entsoe.eu,false,
2022-08-26 04:00:00,Slovakia,Slovakia,SK,317.1,357.95,65.02,11.08,entsoe.eu,false,
2022-08-26 05:00:00,Slovakia,Slovakia,SK,319.0,359.68,65.39,14.96,entsoe.eu,false,
2022-08-26 06:00:00,Slovakia,Slovakia,SK,278.38,315.55,71.05,21.86,entsoe.eu,false,
2022-08-26 07:00:00,Slovakia,Slovakia,SK,260.09,298.15,71.16,20.45,entsoe.eu,false,
2022-08-26 08:00:00,Slovakia,Slovakia,SK,273.5,312.32,69.84,21.32,entsoe.eu,false,
2022-08-26 09:00:00,Slovakia,Slovakia,SK,269.49,307.66,69.88,21.85,entsoe.eu,false,
2022-08-26 10:00:00,Slovakia,Slovakia,SK,286.72,326.43,68.08,21.61,entsoe.eu,false,
2022-08-26 11:00:00,Slovakia,Slovakia,SK,284.75,323.76,68.39,21.89,entsoe.eu,false,
2022-08-26 12:00:00,Slovakia,Slovakia,SK,298.1,337.46,67.19,21.13,entsoe.eu,false,
2022-08-26 13:00:00,Slovakia,Slovakia,SK,321.56,361.56,64.9,19.2,entsoe.eu,false,
2022-08-26 14:00:00,Slovakia,Slovakia,SK,336.54,376.24,63.25,16.73,entsoe.eu,false,
2022-08-26 15:00:00,Slovakia,Slovakia,SK,358.41,398.85,61.35,15.4,entsoe.eu,false,
2022-08-26 16:00:00,Slovakia,Slovakia,SK,363.48,403.73,61.46,14.96,entsoe.eu,false,
2022-08-26 17:00:00,Slovakia,Slovakia,SK,377.15,416.6,61.5,17.82,entsoe.eu,false,
2022-08-26 18:00:00,Slovakia,Slovakia,SK,374.02,413.53,61.68,17.78,entsoe.eu,false,
2022-08-26 19:00:00,Slovakia,Slovakia,SK,369.27,409.96,60.66,14.36,entsoe.eu,false,
2022-08-26 20:00:00,Slovakia,Slovakia,SK,362.69,402.29,60.8,12.8,entsoe.eu,false,
2022-08-26 21:00:00,Slovakia,Slovakia,SK,344.62,383.32,62.67,12.5,entsoe.eu,false,
2022-08-26 22:00:00,Slovakia,Slovakia,SK,354.62,394.28,61.45,10.79,entsoe.eu,false,
2022-08-26 23:00:00,Slovakia,Slovakia,SK,322.45,361.33,64.72,10.27,entsoe.eu,false,
2022-08-27 00:00:00,Slovakia,Slovakia,SK,304.19,341.33,67.36,10.01,entsoe.eu,false,
2022-08-27 01:00:00,Slovakia,Slovakia,SK,313.61,351.04,66.41,9.66,entsoe.eu,false,
2022-08-27 02:00:00,Slovakia,Slovakia,SK,337.17,375.93,64.09,9.29,entsoe.eu,false,
2022-08-27 03:00:00,Slovakia,Slovakia,SK,339.69,378.58,63.83,9.31,entsoe.eu,false,
2022-08-27 04:00:00,Slovakia,Slovakia,SK,329.95,368.57,64.84,11.58,entsoe.eu,false,
2022-08-27 05:00:00,Slovakia,Slovakia,SK,303.68,340.67,67.34,13.61,entsoe.eu,false,
2022-08-27 06:00:00,Slovakia,Slovakia,SK,301.06,339.22,67.74,16.38,entsoe.eu,false,
2022-08-27 07:00:00,Slovakia,Slovakia,SK,281.07,318.9,69.6,17.86,entsoe.eu,false,
2022-08-27 08:00:00,Slovakia,Slovakia,SK,272.2,309.94,70.62,19.87,entsoe.eu,false,
2022-08-27 09:00:00,Slovakia,Slovakia,SK,275.18,312.87,70.39,21.4,entsoe.eu,false,
2022-08-27 10:00:00,Slovakia,Slovakia,SK,279.26,317.0,69.98,22.13,entsoe.eu,false,
2022-08-27 11:00:00,Slovakia,Slovakia,SK,284.82,323.06,69.27,21.89,entsoe.eu,false,
2022-08-27 12:00:00,Slovakia,Slovakia,SK,296.62,335.22,68.04,21.44,entsoe.eu,false,
2022-08-27 13:00:00,Slovakia,Slovakia,SK,309.24,348.29,66.67,19.61,entsoe.eu,false,
2022-08-27 14:00:00,Slovakia,Slovakia,SK,343.0,384.23,63.51,17.89,entsoe.eu,false,
2022-08-27 15:00:00,Slovakia,Slovakia,SK,357.32,398.64,62.47,16.75,entsoe.eu,false,
2022-08-27 16:00:00,Slovakia,Slovakia,SK,367.5,407.97,62.27,16.78,entsoe.eu,false,
2022-08-27 17:00:00,Slovakia,Slovakia,SK,378.28,418.53,61.94,16.79,entsoe.eu,false,
2022-08-27 18:00:00,Slovakia,Slovakia,SK,368.67,408.38,62.49,16.74,entsoe.eu,false,
2022-08-27 19:00:00,Slovakia,Slovakia,SK,372.73,413.48,61.7,15.15,entsoe.eu,false,
2022-08-27 20:00:00,Slovakia,Slovakia,SK,360.63,401.45,62.58,14.9,entsoe.eu,false,
2022-08-27 21:00:00,Slovakia,Slovakia,SK,351.24,391.97,62.73,12.25,entsoe.eu,false,
2022-08-27 22:00:00,Slovakia,Slovakia,SK,374.24,415.96,60.72,10.14,entsoe.eu,false,
2022-08-27 23:00:00,Slovakia,Slovakia,SK,376.32,418.27,60.5,9.87,entsoe.eu,false,
2022-08-28 00:00:00,Slovakia,Slovakia,SK,370.94,412.87,60.88,9.76,entsoe.eu,false,
2022-08-28 01:00:00,Slovakia,Slovakia,SK,370.39,412.09,60.95,9.73,entsoe.eu,false,
2022-08-28 02:00:00,Slovakia,Slovakia,SK,370.66,412.57,60.82,9.66,entsoe.eu,false,
2022-08-28 03:00:00,Slovakia,Slovakia,SK,366.08,407.63,61.27,9.69,entsoe.eu,false,
2022-08-28 04:00:00,Slovakia,Slovakia,SK,354.11,395.09,62.55,11.75,entsoe.eu,false,
2022-08-28 05:00:00,Slovakia,Slovakia,SK,331.46,371.46,64.67,13.78,entsoe.eu,false,
2022-08-28 06:00:00,Slovakia,Slovakia,SK,303.25,341.38,67.53,15.62,entsoe.eu,false,
2022-08-28 07:00:00,Slovakia,Slovakia,SK,319.16,358.71,66.25,17.95,entsoe.eu,false,
2022-08-28 08:00:00,Slovakia,Slovakia,SK,308.42,347.99,67.37,19.89,entsoe.eu,false,
2022-08-28 09:00:00,Slovakia,Slovakia,SK,306.83,346.87,67.76,22.38,entsoe.eu,false,
2022-08-28 10:00:00,Slovakia,Slovakia,SK,298.09,337.8,68.51,22.96,entsoe.eu,false,
2022-08-28 11:00:00,Slovakia,Slovakia,SK,293.6,333.15,68.9,22.75,entsoe.eu,false,
2022-08-28 12:00:00,Slovakia,Slovakia,SK,304.54,344.71,67.46,21.74,entsoe.eu,false,
2022-08-28 13:00:00,Slovakia,Slovakia,SK,312.13,352.42,66.64,20.91,entsoe.eu,false,
2022-08-28 14:00:00,Slovakia,Slovakia,SK,331.97,373.06,64.53,18.97,entsoe.eu,false,
2022-08-28 15:00:00,Slovakia,Slovakia,SK,351.04,392.19,62.05,16.57,entsoe.eu,false,
2022-08-28 16:00:00,Slovakia,Slovakia,SK,341.7,381.91,62.36,15.95,entsoe.eu,false,
2022-08-28 17:00:00,Slovakia,Slovakia,SK,331.67,370.03,64.24,19.05,entsoe.eu,false,
2022-08-28 18:00:00,Slovakia,Slovakia,SK,339.68,377.62,64.55,20.97,entsoe.eu,false,
2022-08-28 19:00:00,Slovakia,Slovakia,SK,352.89,393.05,62.81,18.47,entsoe.eu,false,
2022-08-28 20:00:00,Slovakia,Slovakia,SK,354.92,395.87,61.77,15.31,entsoe.eu,false,
2022-08-28 21:00:00,Slovakia,Slovakia,SK,357.29,398.87,61.17,12.28,entsoe.eu,false,
2022-08-28 22:00:00,Slovakia,Slovakia,SK,362.07,404.01,60.53,11.65,entsoe.eu,false,
2022-08-28 23:00:00,Slovakia,Slovakia,SK,341.99,383.04,62.49,11.24,entsoe.eu,false,
2022-08-29 00:00:00,Slovakia,Slovakia,SK,339.24,380.38,63.04,11.05,entsoe.eu,false,
2022-08-29 01:00:00,Slovakia,Slovakia,SK,343.65,384.93,62.52,10.73,entsoe.eu,false,
2022-08-29 02:00:00,Slovakia,Slovakia,SK,352.43,394.0,61.53,10.72,entsoe.eu,false,
2022-08-29 03:00:00,Slovakia,Slovakia,SK,360.37,402.28,60.57,10.99,entsoe.eu,false,
2022-08-29 04:00:00,Slovakia,Slovakia,SK,348.08,389.85,61.95,12.6,entsoe.eu,false,
2022-08-29 05:00:00,Slovakia,Slovakia,SK,343.35,385.35,62.83,15.01,entsoe.eu,false,
2022-08-29 06:00:00,Slovakia,Slovakia,SK,316.06,356.97,65.96,17.55,entsoe.eu,false,
2022-08-29 07:00:00,Slovakia,Slovakia,SK,296.85,336.35,67.89,19.09,entsoe.eu,false,
2022-08-29 08:00:00,Slovakia,Slovakia,SK,280.0,317.8,69.14,20.53,entsoe.eu,false,
2022-08-29 09:00:00,Slovakia,Slovakia,SK,266.57,304.18,70.42,21.72,entsoe.eu,false,
2022-08-29 10:00:00,Slovakia,Slovakia,SK,260.96,298.31,70.88,22.07,entsoe.eu,false,
2022-08-29 11:00:00,Slovakia,Slovakia,SK,252.5,289.53,71.56,21.69,entsoe.eu,false,
2022-08-29 12:00:00,Slovakia,Slovakia,SK,260.68,298.02,70.51,21.0,entsoe.eu,false,
2022-08-29 13:00:00,Slovakia,Slovakia,SK,276.3,314.3,68.89,19.88,entsoe.eu,false,
2022-08-29 14:00:00,Slovakia,Slovakia,SK,303.73,343.06,66.48,18.56,entsoe.eu,false,
2022-08-29 15:00:00,Slovakia,Slovakia,SK,330.27,370.4,64.0,17.55,entsoe.eu,false,
2022-08-29 16:00:00,Slovakia,Slovakia,SK,340.45,378.87,65.55,21.58,entsoe.eu,false,
2022-08-29 17:00:00,Slovakia,Slovakia,SK,337.66,375.46,66.23,21.98,entsoe.eu,false,
2022-08-29 18:00:00,Slovakia,Slovakia,SK,347.0,384.99,65.32,21.79,entsoe.eu,false,
2022-08-29 19:00:00,Slovakia,Slovakia,SK,362.74,403.63,61.48,16.18,entsoe.eu,false,
2022-08-29 20:00:00,Slovakia,Slovakia,SK,351.62,392.17,61.82,14.49,entsoe.eu,false,
2022-08-29 21:00:00,Slovakia,Slovakia,SK,330.41,370.04,63.56,12.47,entsoe.eu,false,
2022-08-29 22:00:00,Slovakia,Slovakia,SK,350.49,391.0,61.8,10.82,entsoe.eu,false,
2022-08-29 23:00:00,Slovakia,Slovakia,SK,333.22,372.44,63.58,10.29,entsoe.eu,false,
2022-08-30 00:00:00,Slovakia,Slovakia,SK,324.63,363.31,64.58,10.88,entsoe.eu,false,
2022-08-30 01:00:00,Slovakia,Slovakia,SK,312.09,350.12,65.94,10.65,entsoe.eu,false,
2022-08-30 02:00:00,Slovakia,Slovakia,SK,315.93,354.14,65.35,9.95,entsoe.eu,false,
2022-08-30 03:00:00,Slovakia,Slovakia,SK,342.03,381.76,62.96,9.84,entsoe.eu,false,
2022-08-30 04:00:00,Slovakia,Slovakia,SK,340.01,380.96,63.63,12.69,entsoe.eu,false,
2022-08-30 05:00:00,Slovakia,Slovakia,SK,338.24,378.73,64.02,15.05,entsoe.eu,false,
2022-08-30 06:00:00,Slovakia,Slovakia,SK,325.49,365.4,65.2,17.32,entsoe.eu,false,
2022-08-30 07:00:00,Slovakia,Slovakia,SK,317.59,357.33,66.19,19.23,entsoe.eu,false,
2022-08-30 08:00:00,Slovakia,Slovakia,SK,299.24,337.84,68.02,20.72,entsoe.eu,false,
2022-08-30 09:00:00,Slovakia,Slovakia,SK,283.89,321.88,69.28,21.5,entsoe.eu,false,
2022-08-30 10:00:00,Slovakia,Slovakia,SK,290.56,328.96,68.43,21.44,entsoe.eu,false,
2022-08-30 11:00:00,Slovakia,Slovakia,SK,293.28,331.71,68.37,21.81,entsoe.eu,false,
2022-08-30 12:00:00,Slovakia,Slovakia,SK,317.72,356.85,66.19,21.21,entsoe.eu,false,
2022-08-30 13:00:00,Slovakia,Slovakia,SK,323.54,362.93,65.6,19.99,entsoe.eu,false,
2022-08-30 14:00:00,Slovakia,Slovakia,SK,352.33,392.77,62.91,17.84,entsoe.eu,false,
2022-08-30 15:00:00,Slovakia,Slovakia,SK,389.76,431.8,59.0,16.13,entsoe.eu,false,
2022-08-30 16:00:00,Slovakia,Slovakia,SK,361.79,400.23,63.73,21.58,entsoe.eu,false,
2022-08-30 17:00:00,Slovakia,Slovakia,SK,359.16,397.51,63.9,21.26,entsoe.eu,false,
2022-08-30 18:00:00,Slovakia,Slovakia,SK,356.03,393.97,64.65,22.36,entsoe.eu,false,
2022-08-30 19:00:00,Slovakia,Slovakia,SK,365.33,405.88,61.6,14.78,entsoe.eu,false,
2022-08-30 20:00:00,Slovakia,Slovakia,SK,411.23,453.91,56.7,13.0,entsoe.eu,false,
2022-08-30 21:00:00,Slovakia,Slovakia,SK,389.02,430.74,58.83,11.62,entsoe.eu,false,
2022-08-30 22:00:00,Slovakia,Slovakia,SK,400.02,441.97,57.85,10.52,entsoe.eu,false,
2022-08-30 23:00:00,Slovakia,Slovakia,SK,388.65,430.24,59.08,10.55,entsoe.eu,false,
2022-08-31 00:00:00,Slovakia,Slovakia,SK,381.59,422.37,59.89,10.15,entsoe.eu,false,
2022-08-31 01:00:00,Slovakia,Slovakia,SK,387.36,428.28,59.52,8.62,entsoe.eu,false,
2022-08-31 02:00:00,Slovakia,Slovakia,SK,383.84,425.25,59.6,8.83,entsoe.eu,false,
2022-08-31 03:00:00,Slovakia,Slovakia,SK,394.09,435.69,58.59,9.01,entsoe.eu,false,
2022-08-31 04:00:00,Slovakia,Slovakia,SK,401.26,444.39,57.42,10.17,entsoe.eu,false,
2022-08-31 05:00:00,Slovakia,Slovakia,SK,369.61,410.62,60.76,13.98,entsoe.eu,false,
2022-08-31 06:00:00,Slovakia,Slovakia,SK,344.42,383.84,63.67,16.52,entsoe.eu,false,
2022-08-31 07:00:00,Slovakia,Slovakia,SK,321.0,359.82,65.3,16.42,entsoe.eu,false,
2022-08-31 08:00:00,Slovakia,Slovakia,SK,312.94,352.0,66.2,18.49,entsoe.eu,false,
2022-08-31 09:00:00,Slovakia,Slovakia,SK,322.91,362.41,65.44,19.62,entsoe.eu,false,
2022-08-31 10:00:00,Slovakia,Slovakia,SK,328.89,368.21,64.85,19.7,entsoe.eu,false,
2022-08-31 11:00:00,Slovakia,Slovakia,SK,337.3,377.11,64.01,19.16,entsoe.eu,false,
2022-08-31 12:00:00,Slovakia,Slovakia,SK,340.05,380.07,63.8,18.36,entsoe.eu,false,
2022-08-31 13:00:00,Slovakia,Slovakia,SK,369.83,411.21,60.77,16.77,entsoe.eu,false,
2022-08-31 14:00:00,Slovakia,Slovakia,SK,374.8,416.01,60.26,15.42,entsoe.eu,false,
2022-08-31 15:00:00,Slovakia,Slovakia,SK,376.68,417.05,59.87,14.2,entsoe.eu,false,
2022-08-31 16:00:00,Slovakia,Slovakia,SK,380.89,420.28,60.71,16.07,entsoe.eu,false,
2022-08-31 17:00:00,Slovakia,Slovakia,SK,367.1,404.84,63.1,20.03,entsoe.eu,false,
2022-08-31 18:00:00,Slovakia,Slovakia,SK,374.52,412.19,63.21,21.39,entsoe.eu,false,
2022-08-31 19:00:00,Slovakia,Slovakia,SK,407.16,448.6,57.54,13.24,entsoe.eu,false,
2022-08-31 20:00:00,Slovakia,Slovakia,SK,399.03,439.5,57.89,11.36,entsoe.eu,false,
2022-08-31 21:00:00,Slovakia,Slovakia,SK,393.55,432.78,59.19,10.48,entsoe.eu,false,
2022-08-31 22:00:00,Slovakia,Slovakia,SK,379.04,418.64,60.38,9.6,entsoe.eu,false,
2022-08-31 23:00:00,Slovakia,Slovakia,SK,372.24,413.39,60.89,9.46,entsoe.eu,false,
2022-09-01 00:00:00,Slovakia,Slovakia,SK,370.42,412.24,61.1,9.52,entsoe.eu,false,
2022-09-01 01:00:00,Slovakia,Slovakia,SK,370.86,412.81,61.06,9.63,entsoe.eu,false,
2022-09-01 02:00:00,Slovakia,Slovakia,SK,381.49,424.57,59.19,9.84,entsoe.eu,false,
2022-09-01 03:00:00,Slovakia,Slovakia,SK,379.28,422.28,59.11,9.93,entsoe.eu,false,
2022-09-01 04:00:00,Slovakia,Slovakia,SK,387.11,431.73,57.94,10.64,entsoe.eu,false,
2022-09-01 05:00:00,Slovakia,Slovakia,SK,362.09,405.21,60.28,15.16,entsoe.eu,false,
2022-09-01 06:00:00,Slovakia,Slovakia,SK,341.1,383.31,62.55,17.14,entsoe.eu,false,
2022-09-01 07:00:00,Slovakia,Slovakia,SK,342.92,385.43,62.24,18.41,entsoe.eu,false,
2022-09-01 08:00:00,Slovakia,Slovakia,SK,335.57,377.06,63.23,20.73,entsoe.eu,false,
2022-09-01 09:00:00,Slovakia,Slovakia,SK,321.06,361.65,64.53,20.92,entsoe.eu,false,
2022-09-01 10:00:00,Slovakia,Slovakia,SK,317.3,357.61,64.9,21.17,entsoe.eu,false,
2022-09-01 11:00:00,Slovakia,Slovakia,SK,326.75,368.34,64.11,20.71,entsoe.eu,false,
2022-09-01 12:00:00,Slovakia,Slovakia,SK,326.11,367.43,64.22,19.78,entsoe.eu,false,
2022-09-01 13:00:00,Slovakia,Slovakia,SK,352.23,394.23,61.77,19.44,entsoe.eu,false,
2022-09-01 14:00:00,Slovakia,Slovakia,SK,369.48,412.08,60.02,17.91,entsoe.eu,false,
2022-09-01 15:00:00,Slovakia,Slovakia,SK,371.06,412.78,60.03,16.65,entsoe.eu,false,
2022-09-01 16:00:00,Slovakia,Slovakia,SK,350.14,389.57,62.7,18.65,entsoe.eu,false,
2022-09-01 17:00:00,Slovakia,Slovakia,SK,346.28,382.98,65.74,26.32,entsoe.eu,false,
2022-09-01 18:00:00,Slovakia,Slovakia,SK,327.26,363.21,66.6,24.81,entsoe.eu,false,
2022-09-01 19:00:00,Slovakia,Slovakia,SK,360.75,401.51,60.98,16.3,entsoe.eu,false,
2022-09-01 20:00:00,Slovakia,Slovakia,SK,376.91,417.65,59.72,13.5,entsoe.eu,false,
2022-09-01 21:00:00,Slovakia,Slovakia,SK,387.96,428.51,59.23,11.77,entsoe.eu,false,
2022-09-01 22:00:00,Slovakia,Slovakia,SK,392.1,433.99,59.03,11.82,entsoe.eu,false,
2022-09-01 23:00:00,Slovakia,Slovakia,SK,373.67,415.43,60.91,11.82,entsoe.eu,false,
2022-09-02 00:00:00,Slovakia,Slovakia,SK,347.84,389.37,63.14,11.88,entsoe.eu,false,
2022-09-02 01:00:00,Slovakia,Slovakia,SK,349.32,391.08,62.9,11.73,entsoe.eu,false,
2022-09-02 02:00:00,Slovakia,Slovakia,SK,365.13,407.66,61.01,11.46,entsoe.eu,false,
2022-09-02 03:00:00,Slovakia,Slovakia,SK,371.97,415.53,59.69,11.04,entsoe.eu,false,
2022-09-02 04:00:00,Slovakia,Slovakia,SK,383.47,427.09,58.69,11.45,entsoe.eu,false,
2022-09-02 05:00:00,Slovakia,Slovakia,SK,356.24,397.85,61.86,16.35,entsoe.eu,false,
2022-09-02 06:00:00,Slovakia,Slovakia,SK,343.41,384.42,62.99,18.75,entsoe.eu,false,
2022-09-02 07:00:00,Slovakia,Slovakia,SK,327.91,367.53,64.56,20.77,entsoe.eu,false,
2022-09-02 08:00:00,Slovakia,Slovakia,SK,306.42,344.78,67.24,21.3,entsoe.eu,false,
2022-09-02 09:00:00,Slovakia,Slovakia,SK,278.9,316.93,69.61,22.03,entsoe.eu,false,
2022-09-02 10:00:00,Slovakia,Slovakia,SK,275.34,314.21,69.86,22.0,entsoe.eu,false,
2022-09-02 11:00:00,Slovakia,Slovakia,SK,290.85,330.11,68.51,21.41,entsoe.eu,false,
2022-09-02 12:00:00,Slovakia,Slovakia,SK,305.58,345.9,67.08,20.28,entsoe.eu,false,
2022-09-02 13:00:00,Slovakia,Slovakia,SK,331.29,370.8,64.48,18.23,entsoe.eu,false,
2022-09-02 14:00:00,Slovakia,Slovakia,SK,345.57,386.05,63.14,17.44,entsoe.eu,false,
2022-09-02 15:00:00,Slovakia,Slovakia,SK,365.8,406.27,61.54,16.65,entsoe.eu,false,
2022-09-02 16:00:00,Slovakia,Slovakia,SK,370.53,410.32,62.31,20.42,entsoe.eu,false,
2022-09-02 17:00:00,Slovakia,Slovakia,SK,356.07,393.4,65.06,25.89,entsoe.eu,false,
2022-09-02 18:00:00,Slovakia,Slovakia,SK,389.99,431.07,60.04,20.01,entsoe.eu,false,
2022-09-02 19:00:00,Slovakia,Slovakia,SK,399.0,440.32,59.15,16.6,entsoe.eu,false,
2022-09-02 20:00:00,Slovakia,Slovakia,SK,416.15,458.04,57.32,14.09,entsoe.eu,false,
2022-09-02 21:00:00,Slovakia,Slovakia,SK,415.58,457.3,57.09,13.49,entsoe.eu,false,
2022-09-02 22:00:00,Slovakia,Slovakia,SK,392.03,434.13,58.9,13.63,entsoe.eu,false,
2022-09-02 23:00:00,Slovakia,Slovakia,SK,383.35,424.79,59.53,13.44,entsoe.eu,false,
2022-09-03 00:00:00,Slovakia,Slovakia,SK,369.15,411.32,60.81,13.27,entsoe.eu,false,
2022-09-03 01:00:00,Slovakia,Slovakia,SK,385.69,428.12,59.39,13.21,entsoe.eu,false,
2022-09-03 02:00:00,Slovakia,Slovakia,SK,377.3,419.76,59.85,12.77,entsoe.eu,false,
2022-09-03 03:00:00,Slovakia,Slovakia,SK,384.08,427.07,59.25,12.81,entsoe.eu,false,
2022-09-03 04:00:00,Slovakia,Slovakia,SK,389.2,432.35,58.87,12.96,entsoe.eu,false,
2022-09-03 05:00:00,Slovakia,Slovakia,SK,357.18,397.98,62.6,17.97,entsoe.eu,false,
2022-09-03 06:00:00,Slovakia,Slovakia,SK,324.78,363.87,65.83,20.79,entsoe.eu,false,
2022-09-03 07:00:00,Slovakia,Slovakia,SK,296.45,333.91,67.98,21.78,entsoe.eu,false,
2022-09-03 08:00:00,Slovakia,Slovakia,SK,287.01,324.79,68.45,23.46,entsoe.eu,false,
2022-09-03 09:00:00,Slovakia,Slovakia,SK,267.35,304.15,70.13,24.1,entsoe.eu,false,
2022-09-03 10:00:00,Slovakia,Slovakia,SK,247.76,284.2,71.61,24.21,entsoe.eu,false,
2022-09-03 11:00:00,Slovakia,Slovakia,SK,243.49,279.85,72.14,23.39,entsoe.eu,false,
2022-09-03 12:00:00,Slovakia,Slovakia,SK,242.1,279.08,72.11,22.22,entsoe.eu,false,
2022-09-03 13:00:00,Slovakia,Slovakia,SK,276.21,313.55,69.1,21.76,entsoe.eu,false,
2022-09-03 14:00:00,Slovakia,Slovakia,SK,327.34,366.0,64.44,19.15,entsoe.eu,false,
2022-09-03 15:00:00,Slovakia,Slovakia,SK,358.56,399.21,61.15,17.29,entsoe.eu,false,
2022-09-03 16:00:00,Slovakia,Slovakia,SK,360.67,400.32,61.35,19.07,entsoe.eu,false,
2022-09-03 17:00:00,Slovakia,Slovakia,SK,361.77,398.88,64.01,25.23,entsoe.eu,false,
2022-09-03 18:00:00,Slovakia,Slovakia,SK,380.43,419.01,61.61,22.09,entsoe.eu,false,
2022-09-03 19:00:00,Slovakia,Slovakia,SK,377.05,416.34,60.58,18.86,entsoe.eu,false,
2022-09-03 20:00:00,Slovakia,Slovakia,SK,375.49,414.39,60.41,16.39,entsoe.eu,false,
2022-09-03 21:00:00,Slovakia,Slovakia,SK,377.01,417.23,59.69,13.66,entsoe.eu,false,
2022-09-03 22:00:00,Slovakia,Slovakia,SK,377.13,417.81,59.47,12.73,entsoe.eu,false,
2022-09-03 23:00:00,Slovakia,Slovakia,SK,374.95,414.86,60.1,12.37,entsoe.eu,false,
2022-09-04 00:00:00,Slovakia,Slovakia,SK,374.23,413.88,60.5,12.28,entsoe.eu,false,
2022-09-04 01:00:00,Slovakia,Slovakia,SK,376.29,416.16,60.12,11.77,entsoe.eu,false,
2022-09-04 02:00:00,Slovakia,Slovakia,SK,384.14,424.22,59.29,11.38,entsoe.eu,false,
2022-09-04 03:00:00,Slovakia,Slovakia,SK,388.97,429.51,58.66,11.38,entsoe.eu,false,
2022-09-04 04:00:00,Slovakia,Slovakia,SK,403.34,445.22,57.6,13.02,entsoe.eu,false,
2022-09-04 05:00:00,Slovakia,Slovakia,SK,376.12,415.87,60.08,15.47,entsoe.eu,false,
2022-09-04 06:00:00,Slovakia,Slovakia,SK,369.32,409.01,60.91,17.17,entsoe.eu,false,
2022-09-04 07:00:00,Slovakia,Slovakia,SK,373.72,414.55,60.55,18.37,entsoe.eu,false,
2022-09-04 08:00:00,Slovakia,Slovakia,SK,360.06,400.69,62.01,20.86,entsoe.eu,false,
2022-09-04 09:00:00,Slovakia,Slovakia,SK,335.43,375.46,64.12,22.35,entsoe.eu,false,
2022-09-04 10:00:00,Slovakia,Slovakia,SK,320.66,360.67,65.34,22.07,entsoe.eu,false,
2022-09-04 11:00:00,Slovakia,Slovakia,SK,306.19,345.55,66.78,21.34,entsoe.eu,false,
2022-09-04 12:00:00,Slovakia,Slovakia,SK,334.87,376.2,64.19,20.84,entsoe.eu,false,
2022-09-04 13:00:00,Slovakia,Slovakia,SK,353.31,394.25,62.57,20.06,entsoe.eu,false,
2022-09-04 14:00:00,Slovakia,Slovakia,SK,374.43,414.58,60.44,18.85,entsoe.eu,false,
2022-09-04 15:00:00,Slovakia,Slovakia,SK,390.3,430.33,58.87,15.93,entsoe.eu,false,
2022-09-04 16:00:00,Slovakia,Slovakia,SK,387.58,426.75,59.52,17.13,entsoe.eu,false,
2022-09-04 17:00:00,Slovakia,Slovakia,SK,397.31,435.19,60.87,21.83,entsoe.eu,false,
2022-09-04 18:00:00,Slovakia,Slovakia,SK,411.1,449.6,59.24,20.31,entsoe.eu,false,
2022-09-04 19:00:00,Slovakia,Slovakia,SK,402.06,441.13,58.48,18.31,entsoe.eu,false,
2022-09-04 20:00:00,Slovakia,Slovakia,SK,410.35,449.21,57.86,15.83,entsoe.eu,false,
2022-09-04 21:00:00,Slovakia,Slovakia,SK,411.69,451.68,57.18,13.81,entsoe.eu,false,
2022-09-04 22:00:00,Slovakia,Slovakia,SK,409.61,451.34,57.14,13.31,entsoe.eu,false,
2022-09-04 23:00:00,Slovakia,Slovakia,SK,406.59,448.87,57.71,12.4,entsoe.eu,false,
2022-09-05 00:00:00,Slovakia,Slovakia,SK,390.58,433.58,58.75,11.59,entsoe.eu,false,
2022-09-05 01:00:00,Slovakia,Slovakia,SK,377.8,420.19,59.83,11.1,entsoe.eu,false,
2022-09-05 02:00:00,Slovakia,Slovakia,SK,364.83,405.78,60.89,10.43,entsoe.eu,false,
2022-09-05 03:00:00,Slovakia,Slovakia,SK,368.14,406.99,61.02,11.48,entsoe.eu,false,
2022-09-05 04:00:00,Slovakia,Slovakia,SK,343.75,381.85,63.39,13.45,entsoe.eu,false,
2022-09-05 05:00:00,Slovakia,Slovakia,SK,320.07,357.28,65.17,15.93,entsoe.eu,false,
2022-09-05 06:00:00,Slovakia,Slovakia,SK,272.07,306.21,68.82,15.92,entsoe.eu,false,
2022-09-05 07:00:00,Slovakia,Slovakia,SK,236.19,267.91,72.06,15.44,entsoe.eu,false,
2022-09-05 08:00:00,Slovakia,Slovakia,SK,217.34,249.09,73.68,16.2,entsoe.eu,false,
2022-09-05 09:00:00,Slovakia,Slovakia,SK,213.39,245.36,73.89,17.19,entsoe.eu,false,
2022-09-05 10:00:00,Slovakia,Slovakia,SK,210.6,242.7,73.92,17.58,entsoe.eu,false,
2022-09-05 11:00:00,Slovakia,Slovakia,SK,192.87,223.92,75.93,18.06,entsoe.eu,false,
2022-09-05 12:00:00,Slovakia,Slovakia,SK,222.51,254.21,73.2,17.51,entsoe.eu,false,
2022-09-05 13:00:00,Slovakia,Slovakia,SK,244.04,276.52,70.86,16.57,entsoe.eu,false,
2022-09-05 14:00:00,Slovakia,Slovakia,SK,264.89,298.17,68.69,15.7,entsoe.eu,false,
2022-09-05 15:00:00,Slovakia,Slovakia,SK,263.57,296.45,68.58,13.47,entsoe.eu,false,
2022-09-05 16:00:00,Slovakia,Slovakia,SK,268.08,300.51,68.68,14.4,entsoe.eu,false,
2022-09-05 17:00:00,Slovakia,Slovakia,SK,284.3,315.87,68.78,19.3,entsoe.eu,false,
2022-09-05 18:00:00,Slovakia,Slovakia,SK,272.17,303.02,70.23,20.03,entsoe.eu,false,
2022-09-05 19:00:00,Slovakia,Slovakia,SK,266.69,297.68,69.93,15.68,entsoe.eu,false,
2022-09-05 20:00:00,Slovakia,Slovakia,SK,292.01,323.82,67.34,11.8,entsoe.eu,false,
2022-09-05 21:00:00,Slovakia,Slovakia,SK,283.6,314.64,68.28,10.29,entsoe.eu,false,
2022-09-05 22:00:00,Slovakia,Slovakia,SK,286.34,318.57,67.89,8.95,entsoe.eu,false,
2022-09-05 23:00:00,Slovakia,Slovakia,SK,263.52,295.99,69.98,9.02,entsoe.eu,false,
2022-09-06 00:00:00,Slovakia,Slovakia,SK,264.28,296.69,69.94,8.87,entsoe.eu,false,
2022-09-06 01:00:00,Slovakia,Slovakia,SK,274.69,306.51,68.99,8.35,entsoe.eu,false,
2022-09-06 02:00:00,Slovakia,Slovakia,SK,291.78,324.19,67.19,8.19,entsoe.eu,false,
2022-09-06 03:00:00,Slovakia,Slovakia,SK,284.12,316.88,67.73,8.47,entsoe.eu,false,
2022-09-06 04:00:00,Slovakia,Slovakia,SK,266.22,298.65,69.52,10.93,entsoe.eu,false,
2022-09-06 05:00:00,Slovakia,Slovakia,SK,252.44,283.63,71.2,14.34,entsoe.eu,false,
2022-09-06 06:00:00,Slovakia,Slovakia,SK,226.79,256.12,74.59,17.48,entsoe.eu,false,
2022-09-06 07:00:00,Slovakia,Slovakia,SK,221.44,251.57,74.2,16.11,entsoe.eu,false,
2022-09-06 08:00:00,Slovakia,Slovakia,SK,219.52,249.36,74.77,17.6,entsoe.eu,false,
2022-09-06 09:00:00,Slovakia,Slovakia,SK,210.84,240.67,75.54,18.62,entsoe.eu,false,
2022-09-06 10:00:00,Slovakia,Slovakia,SK,202.33,232.27,76.17,18.62,entsoe.eu,false,
2022-09-06 11:00:00,Slovakia,Slovakia,SK,207.69,237.59,75.63,18.15,entsoe.eu,false,
2022-09-06 12:00:00,Slovakia,Slovakia,SK,222.8,253.22,74.02,16.6,entsoe.eu,false,
2022-09-06 13:00:00,Slovakia,Slovakia,SK,242.39,273.77,71.88,15.2,entsoe.eu,false,
2022-09-06 14:00:00,Slovakia,Slovakia,SK,270.05,302.13,69.36,14.06,entsoe.eu,false,
2022-09-06 15:00:00,Slovakia,Slovakia,SK,283.91,316.17,68.11,13.59,entsoe.eu,false,
2022-09-06 16:00:00,Slovakia,Slovakia,SK,283.46,312.96,70.39,18.21,entsoe.eu,false,
2022-09-06 17:00:00,Slovakia,Slovakia,SK,286.7,315.28,71.45,22.48,entsoe.eu,false,
2022-09-06 18:00:00,Slovakia,Slovakia,SK,277.63,305.57,72.44,22.42,entsoe.eu,false,
2022-09-06 19:00:00,Slovakia,Slovakia,SK,287.79,318.95,68.14,12.74,entsoe.eu,false,
2022-09-06 20:00:00,Slovakia,Slovakia,SK,278.22,309.49,68.43,8.76,entsoe.eu,false,
2022-09-06 21:00:00,Slovakia,Slovakia,SK,246.83,277.34,71.35,7.97,entsoe.eu,false,
2022-09-06 22:00:00,Slovakia,Slovakia,SK,296.32,327.98,66.96,8.71,entsoe.eu,false,
2022-09-06 23:00:00,Slovakia,Slovakia,SK,287.76,319.43,67.55,8.21,entsoe.eu,false,
2022-09-07 00:00:00,Slovakia,Slovakia,SK,265.3,296.83,69.45,7.78,entsoe.eu,false,
2022-09-07 01:00:00,Slovakia,Slovakia,SK,277.15,309.19,68.35,7.74,entsoe.eu,false,
2022-09-07 02:00:00,Slovakia,Slovakia,SK,290.3,322.93,66.86,7.57,entsoe.eu,false,
2022-09-07 03:00:00,Slovakia,Slovakia,SK,292.02,326.12,65.66,7.42,entsoe.eu,false,
2022-09-07 04:00:00,Slovakia,Slovakia,SK,262.5,296.45,67.95,9.44,entsoe.eu,false,
2022-09-07 05:00:00,Slovakia,Slovakia,SK,272.03,305.81,67.78,13.94,entsoe.eu,false,
2022-09-07 06:00:00,Slovakia,Slovakia,SK,241.81,274.6,70.84,16.12,entsoe.eu,false,
2022-09-07 07:00:00,Slovakia,Slovakia,SK,218.81,251.59,72.81,16.85,entsoe.eu,false,
2022-09-07 08:00:00,Slovakia,Slovakia,SK,215.88,247.52,74.0,18.59,entsoe.eu,false,
2022-09-07 09:00:00,Slovakia,Slovakia,SK,224.24,256.01,73.14,19.15,entsoe.eu,false,
2022-09-07 10:00:00,Slovakia,Slovakia,SK,206.18,237.78,74.72,18.61,entsoe.eu,false,
2022-09-07 11:00:00,Slovakia,Slovakia,SK,202.9,234.6,74.94,18.17,entsoe.eu,false,
2022-09-07 12:00:00,Slovakia,Slovakia,SK,237.19,269.59,71.79,17.6,entsoe.eu,false,
2022-09-07 13:00:00,Slovakia,Slovakia,SK,260.46,294.15,69.13,16.01,entsoe.eu,false,
2022-09-07 14:00:00,Slovakia,Slovakia,SK,276.62,311.43,67.03,14.7,entsoe.eu,false,
2022-09-07 15:00:00,Slovakia,Slovakia,SK,288.97,323.21,66.47,14.73,entsoe.eu,false,
2022-09-07 16:00:00,Slovakia,Slovakia,SK,279.8,312.89,67.92,16.11,entsoe.eu,false,
2022-09-07 17:00:00,Slovakia,Slovakia,SK,266.2,295.85,72.3,23.06,entsoe.eu,false,
2022-09-07 18:00:00,Slovakia,Slovakia,SK,261.17,290.85,72.53,22.65,entsoe.eu,false,
2022-09-07 19:00:00,Slovakia,Slovakia,SK,260.34,292.82,69.1,14.26,entsoe.eu,false,
2022-09-07 20:00:00,Slovakia,Slovakia,SK,264.58,297.13,68.49,11.68,entsoe.eu,false,
2022-09-07 21:00:00,Slovakia,Slovakia,SK,283.36,315.46,67.25,9.05,entsoe.eu,false,
2022-09-07 22:00:00,Slovakia,Slovakia,SK,295.28,325.87,67.55,8.04,entsoe.eu,false,
2022-09-07 23:00:00,Slovakia,Slovakia,SK,287.78,318.4,68.39,8.09,entsoe.eu,false,
2022-09-08 00:00:00,Slovakia,Slovakia,SK,279.36,310.27,69.03,8.09,entsoe.eu,false,
2022-09-08 01:00:00,Slovakia,Slovakia,SK,294.32,325.95,67.51,8.14,entsoe.eu,false,
2022-09-08 02:00:00,Slovakia,Slovakia,SK,306.31,338.41,66.18,8.3,entsoe.eu,false,
2022-09-08 03:00:00,Slovakia,Slovakia,SK,310.24,342.92,65.28,8.3,entsoe.eu,false,
2022-09-08 04:00:00,Slovakia,Slovakia,SK,292.62,326.01,66.15,11.11,entsoe.eu,false,
2022-09-08 05:00:00,Slovakia,Slovakia,SK,261.83,294.02,69.22,14.28,entsoe.eu,false,
2022-09-08 06:00:00,Slovakia,Slovakia,SK,238.74,270.56,71.46,15.04,entsoe.eu,false,
2022-09-08 07:00:00,Slovakia,Slovakia,SK,226.58,258.79,72.54,15.5,entsoe.eu,false,
2022-09-08 08:00:00,Slovakia,Slovakia,SK,224.59,255.91,73.53,17.26,entsoe.eu,false,
2022-09-08 09:00:00,Slovakia,Slovakia,SK,222.34,254.1,73.55,17.7,entsoe.eu,false,
2022-09-08 10:00:00,Slovakia,Slovakia,SK,220.71,252.65,73.56,18.0,entsoe.eu,false,
2022-09-08 11:00:00,Slovakia,Slovakia,SK,237.2,269.45,71.85,17.05,entsoe.eu,false,
2022-09-08 12:00:00,Slovakia,Slovakia,SK,260.79,293.4,69.38,15.31,entsoe.eu,false,
2022-09-08 13:00:00,Slovakia,Slovakia,SK,276.19,309.67,67.43,14.63,entsoe.eu,false,
2022-09-08 14:00:00,Slovakia,Slovakia,SK,292.5,326.36,66.04,14.07,entsoe.eu,false,
2022-09-08 15:00:00,Slovakia,Slovakia,SK,296.08,329.38,65.98,14.09,entsoe.eu,false,
2022-09-08 16:00:00,Slovakia,Slovakia,SK,278.9,310.8,67.83,15.61,entsoe.eu,false,
2022-09-08 17:00:00,Slovakia,Slovakia,SK,279.81,309.33,70.25,20.35,entsoe.eu,false,
2022-09-08 18:00:00,Slovakia,Slovakia,SK,277.36,306.97,70.38,19.73,entsoe.eu,false,
2022-09-08 19:00:00,Slovakia,Slovakia,SK,273.26,305.12,68.37,12.93,entsoe.eu,false,
2022-09-08 20:00:00,Slovakia,Slovakia,SK,272.85,304.1,68.86,10.21,entsoe.eu,false,
2022-09-08 21:00:00,Slovakia,Slovakia,SK,277.81,308.42,68.88,9.02,entsoe.eu,false,
2022-09-08 22:00:00,Slovakia,Slovakia,SK,309.92,341.17,66.22,8.32,entsoe.eu,false,
2022-09-08 23:00:00,Slovakia,Slovakia,SK,315.89,347.7,65.59,8.11,entsoe.eu,false,
2022-09-09 00:00:00,Slovakia,Slovakia,SK,305.14,336.65,66.67,7.92,entsoe.eu,false,
2022-09-09 01:00:00,Slovakia,Slovakia,SK,310.05,341.95,66.25,7.97,entsoe.eu,false,
2022-09-09 02:00:00,Slovakia,Slovakia,SK,329.87,362.99,64.25,8.43,entsoe.eu,false,
2022-09-09 03:00:00,Slovakia,Slovakia,SK,334.91,367.79,63.78,8.22,entsoe.eu,false,
2022-09-09 04:00:00,Slovakia,Slovakia,SK,317.92,350.97,65.16,10.22,entsoe.eu,false,
2022-09-09 05:00:00,Slovakia,Slovakia,SK,318.59,351.56,65.56,13.37,entsoe.eu,false,
2022-09-09 06:00:00,Slovakia,Slovakia,SK,299.24,331.65,67.41,15.98,entsoe.eu,false,
2022-09-09 07:00:00,Slovakia,Slovakia,SK,288.75,321.51,68.06,15.85,entsoe.eu,false,
2022-09-09 08:00:00,Slovakia,Slovakia,SK,276.1,308.73,69.19,16.31,entsoe.eu,false,
2022-09-09 09:00:00,Slovakia,Slovakia,SK,275.88,308.45,69.57,18.14,entsoe.eu,false,
2022-09-09 10:00:00,Slovakia,Slovakia,SK,279.45,312.14,69.31,18.48,entsoe.eu,false,
2022-09-09 11:00:00,Slovakia,Slovakia,SK,314.68,352.06,66.24,18.41,entsoe.eu,false,
2022-09-09 12:00:00,Slovakia,Slovakia,SK,319.35,356.58,66.04,17.24,entsoe.eu,false,
2022-09-09 13:00:00,Slovakia,Slovakia,SK,323.75,360.77,65.33,15.62,entsoe.eu,false,
2022-09-09 14:00:00,Slovakia,Slovakia,SK,345.92,383.3,63.53,13.96,entsoe.eu,false,
2022-09-09 15:00:00,Slovakia,Slovakia,SK,354.41,393.33,62.11,13.12,entsoe.eu,false,
2022-09-09 16:00:00,Slovakia,Slovakia,SK,346.19,382.86,63.81,16.11,entsoe.eu,false,
2022-09-09 17:00:00,Slovakia,Slovakia,SK,348.53,385.89,63.74,17.4,entsoe.eu,false,
2022-09-09 18:00:00,Slovakia,Slovakia,SK,333.57,370.65,65.09,17.63,entsoe.eu,false,
2022-09-09 19:00:00,Slovakia,Slovakia,SK,334.18,370.8,64.56,12.72,entsoe.eu,false,
2022-09-09 20:00:00,Slovakia,Slovakia,SK,305.83,340.85,66.58,10.4,entsoe.eu,false,
2022-09-09 21:00:00,Slovakia,Slovakia,SK,321.06,357.5,64.82,8.84,entsoe.eu,false,
2022-09-09 22:00:00,Slovakia,Slovakia,SK,349.58,388.12,62.42,9.56,entsoe.eu,false,
2022-09-09 23:00:00,Slovakia,Slovakia,SK,341.53,380.68,63.0,9.44,entsoe.eu,false,
2022-09-10 00:00:00,Slovakia,Slovakia,SK,348.34,388.68,62.33,9.23,entsoe.eu,false,
2022-09-10 01:00:00,Slovakia,Slovakia,SK,368.07,410.84,60.2,9.63,entsoe.eu,false,
2022-09-10 02:00:00,Slovakia,Slovakia,SK,380.45,423.73,59.12,9.38,entsoe.eu,false,
2022-09-10 03:00:00,Slovakia,Slovakia,SK,384.26,426.61,58.8,9.4,entsoe.eu,false,
2022-09-10 04:00:00,Slovakia,Slovakia,SK,382.61,424.64,59.19,10.89,entsoe.eu,false,
2022-09-10 05:00:00,Slovakia,Slovakia,SK,367.33,408.49,60.54,13.67,entsoe.eu,false,
2022-09-10 06:00:00,Slovakia,Slovakia,SK,357.06,397.77,61.86,15.56,entsoe.eu,false,
2022-09-10 07:00:00,Slovakia,Slovakia,SK,320.91,360.12,65.11,17.21,entsoe.eu,false,
2022-09-10 08:00:00,Slovakia,Slovakia,SK,301.32,339.6,67.01,18.37,entsoe.eu,false,
2022-09-10 09:00:00,Slovakia,Slovakia,SK,277.58,314.58,69.03,19.56,entsoe.eu,false,
2022-09-10 10:00:00,Slovakia,Slovakia,SK,270.36,306.72,69.83,19.61,entsoe.eu,false,
2022-09-10 11:00:00,Slovakia,Slovakia,SK,239.1,274.68,72.36,19.46,entsoe.eu,false,
2022-09-10 12:00:00,Slovakia,Slovakia,SK,262.51,300.16,69.89,17.85,entsoe.eu,false,
2022-09-10 13:00:00,Slovakia,Slovakia,SK,296.07,334.13,67.22,16.82,entsoe.eu,false,
2022-09-10 14:00:00,Slovakia,Slovakia,SK,323.39,361.79,64.74,14.94,entsoe.eu,false,
2022-09-10 15:00:00,Slovakia,Slovakia,SK,339.12,377.98,63.42,15.82,entsoe.eu,false,
2022-09-10 16:00:00,Slovakia,Slovakia,SK,369.39,410.6,60.35,15.31,entsoe.eu,false,
2022-09-10 17:00:00,Slovakia,Slovakia,SK,367.26,408.3,60.3,15.84,entsoe.eu,false,
2022-09-10 18:00:00,Slovakia,Slovakia,SK,352.12,391.88,62.0,16.08,entsoe.eu,false,
2022-09-10 19:00:00,Slovakia,Slovakia,SK,348.66,388.45,61.92,15.42,entsoe.eu,false,
2022-09-10 20:00:00,Slovakia,Slovakia,SK,337.65,377.87,62.32,13.37,entsoe.eu,false,
2022-09-10 21:00:00,Slovakia,Slovakia,SK,353.27,395.17,60.68,11.04,entsoe.eu,false,
2022-09-10 22:00:00,Slovakia,Slovakia,SK,366.96,408.65,60.27,9.16,entsoe.eu,false,
2022-09-10 23:00:00,Slovakia,Slovakia,SK,369.21,411.0,60.54,9.33,entsoe.eu,false,
2022-09-11 00:00:00,Slovakia,Slovakia,SK,381.72,424.09,59.53,9.01,entsoe.eu,false,
2022-09-11 01:00:00,Slovakia,Slovakia,SK,384.16,427.05,59.3,9.19,entsoe.eu,false,
2022-09-11 02:00:00,Slovakia,Slovakia,SK,373.12,416.03,60.13,9.65,entsoe.eu,false,
2022-09-11 03:00:00,Slovakia,Slovakia,SK,372.95,415.91,60.17,9.83,entsoe.eu,false,
2022-09-11 04:00:00,Slovakia,Slovakia,SK,367.89,410.22,60.55,9.97,entsoe.eu,false,
2022-09-11 05:00:00,Slovakia,Slovakia,SK,356.46,397.61,61.71,13.12,entsoe.eu,false,
2022-09-11 06:00:00,Slovakia,Slovakia,SK,305.89,344.54,66.28,15.71,entsoe.eu,false,
2022-09-11 07:00:00,Slovakia,Slovakia,SK,264.31,302.17,70.06,18.21,entsoe.eu,false,
2022-09-11 08:00:00,Slovakia,Slovakia,SK,275.94,313.88,69.81,19.86,entsoe.eu,false,
2022-09-11 09:00:00,Slovakia,Slovakia,SK,266.18,302.96,70.77,21.63,entsoe.eu,false,
2022-09-11 10:00:00,Slovakia,Slovakia,SK,266.61,304.17,70.52,22.32,entsoe.eu,false,
2022-09-11 11:00:00,Slovakia,Slovakia,SK,268.3,306.27,70.56,23.08,entsoe.eu,false,
2022-09-11 12:00:00,Slovakia,Slovakia,SK,276.48,314.65,69.97,23.55,entsoe.eu,false,
2022-09-11 13:00:00,Slovakia,Slovakia,SK,298.77,337.62,67.8,22.35,entsoe.eu,false,
2022-09-11 14:00:00,Slovakia,Slovakia,SK,342.36,382.45,63.5,20.42,entsoe.eu,false,
2022-09-11 15:00:00,Slovakia,Slovakia,SK,356.26,396.67,61.17,17.4,entsoe.eu,false,
2022-09-11 16:00:00,Slovakia,Slovakia,SK,341.81,381.21,62.09,16.69,entsoe.eu,false,
2022-09-11 17:00:00,Slovakia,Slovakia,SK,369.63,409.93,60.48,18.96,entsoe.eu,false,
2022-09-11 18:00:00,Slovakia,Slovakia,SK,360.19,399.44,61.82,19.27,entsoe.eu,false,
2022-09-11 19:00:00,Slovakia,Slovakia,SK,353.78,393.39,61.61,16.96,entsoe.eu,false,
2022-09-11 20:00:00,Slovakia,Slovakia,SK,349.35,389.18,61.63,15.08,entsoe.eu,false,
2022-09-11 21:00:00,Slovakia,Slovakia,SK,331.15,370.26,63.25,12.88,entsoe.eu,false,
2022-09-11 22:00:00,Slovakia,Slovakia,SK,346.8,387.2,62.75,11.42,entsoe.eu,false,
2022-09-11 23:00:00,Slovakia,Slovakia,SK,345.34,386.88,63.18,11.78,entsoe.eu,false,
2022-09-12 00:00:00,Slovakia,Slovakia,SK,343.68,385.51,63.44,11.89,entsoe.eu,false,
2022-09-12 01:00:00,Slovakia,Slovakia,SK,358.77,400.65,62.01,11.73,entsoe.eu,false,
2022-09-12 02:00:00,Slovakia,Slovakia,SK,355.35,396.29,61.92,11.18,entsoe.eu,false,
2022-09-12 03:00:00,Slovakia,Slovakia,SK,361.29,401.02,60.82,10.02,entsoe.eu,false,
2022-09-12 04:00:00,Slovakia,Slovakia,SK,345.61,385.5,61.69,12.42,entsoe.eu,false,
2022-09-12 05:00:00,Slovakia,Slovakia,SK,298.43,334.35,67.51,18.33,entsoe.eu,false,
2022-09-12 06:00:00,Slovakia,Slovakia,SK,279.47,315.69,68.11,18.47,entsoe.eu,false,
2022-09-12 07:00:00,Slovakia,Slovakia,SK,287.08,324.29,67.19,19.33,entsoe.eu,false,
2022-09-12 08:00:00,Slovakia,Slovakia,SK,270.38,306.55,68.62,19.96,entsoe.eu,false,
2022-09-12 09:00:00,Slovakia,Slovakia,SK,282.23,318.74,67.5,20.29,entsoe.eu,false,
2022-09-12 10:00:00,Slovakia,Slovakia,SK,288.72,325.94,66.99,20.27,entsoe.eu,false,
2022-09-12 11:00:00,Slovakia,Slovakia,SK,288.54,325.53,67.08,20.78,entsoe.eu,false,
2022-09-12 12:00:00,Slovakia,Slovakia,SK,288.34,324.51,66.91,20.32,entsoe.eu,false,
2022-09-12 13:00:00,Slovakia,Slovakia,SK,286.71,322.17,66.98,18.97,entsoe.eu,false,
2022-09-12 14:00:00,Slovakia,Slovakia,SK,324.47,362.68,63.72,16.52,entsoe.eu,false,
2022-09-12 15:00:00,Slovakia,Slovakia,SK,367.64,405.95,60.69,16.79,entsoe.eu,false,
2022-09-12 16:00:00,Slovakia,Slovakia,SK,353.33,390.55,63.14,19.23,entsoe.eu,false,
2022-09-12 17:00:00,Slovakia,Slovakia,SK,354.5,392.11,64.71,23.75,entsoe.eu,false,
2022-09-12 18:00:00,Slovakia,Slovakia,SK,348.49,385.94,65.21,24.29,entsoe.eu,false,
2022-09-12 19:00:00,Slovakia,Slovakia,SK,378.33,417.75,60.07,15.78,entsoe.eu,false,
2022-09-12 20:00:00,Slovakia,Slovakia,SK,390.54,432.08,57.14,11.71,entsoe.eu,false,
2022-09-12 21:00:00,Slovakia,Slovakia,SK,397.48,437.81,57.89,9.81,entsoe.eu,false,
2022-09-12 22:00:00,Slovakia,Slovakia,SK,381.67,422.74,59.89,11.06,entsoe.eu,false,
2022-09-12 23:00:00,Slovakia,Slovakia,SK,374.78,415.74,60.65,11.41,entsoe.eu,false,
2022-09-13 00:00:00,Slovakia,Slovakia,SK,376.08,416.84,60.68,11.53,entsoe.eu,false,
2022-09-13 01:00:00,Slovakia,Slovakia,SK,378.85,419.41,60.35,11.88,entsoe.eu,false,
2022-09-13 02:00:00,Slovakia,Slovakia,SK,388.12,428.91,59.2,12.08,entsoe.eu,false,
2022-09-13 03:00:00,Slovakia,Slovakia,SK,404.77,446.19,57.01,11.73,entsoe.eu,false,
2022-09-13 04:00:00,Slovakia,Slovakia,SK,399.09,442.38,56.7,13.86,entsoe.eu,false,
2022-09-13 05:00:00,Slovakia,Slovakia,SK,346.62,386.05,62.21,17.79,entsoe.eu,false,
2022-09-13 06:00:00,Slovakia,Slovakia,SK,308.66,346.32,65.88,20.54,entsoe.eu,false,
2022-09-13 07:00:00,Slovakia,Slovakia,SK,244.03,278.77,71.5,22.87,entsoe.eu,false,
2022-09-13 08:00:00,Slovakia,Slovakia,SK,234.99,269.75,72.54,23.34,entsoe.eu,false,
2022-09-13 09:00:00,Slovakia,Slovakia,SK,244.02,279.36,71.88,24.14,entsoe.eu,false,
2022-09-13 10:00:00,Slovakia,Slovakia,SK,235.95,271.06,72.58,23.66,entsoe.eu,false,
2022-09-13 11:00:00,Slovakia,Slovakia,SK,257.77,294.05,70.79,23.05,entsoe.eu,false,
2022-09-13 12:00:00,Slovakia,Slovakia,SK,263.72,299.9,70.69,22.16,entsoe.eu,false,
2022-09-13 13:00:00,Slovakia,Slovakia,SK,292.0,329.8,67.85,20.65,entsoe.eu,false,
2022-09-13 14:00:00,Slovakia,Slovakia,SK,338.01,378.26,62.87,17.68,entsoe.eu,false,
2022-09-13 15:00:00,Slovakia,Slovakia,SK,361.93,401.44,61.46,17.04,entsoe.eu,false,
2022-09-13 16:00:00,Slovakia,Slovakia,SK,378.26,416.6,61.78,21.34,entsoe.eu,false,
2022-09-13 17:00:00,Slovakia,Slovakia,SK,372.2,410.03,62.52,23.59,entsoe.eu,false,
2022-09-13 18:00:00,Slovakia,Slovakia,SK,371.19,409.43,62.08,22.28,entsoe.eu,false,
2022-09-13 19:00:00,Slovakia,Slovakia,SK,389.32,429.9,58.59,15.9,entsoe.eu,false,
2022-09-13 20:00:00,Slovakia,Slovakia,SK,394.44,435.84,57.45,12.81,entsoe.eu,false,
2022-09-13 21:00:00,Slovakia,Slovakia,SK,393.44,433.72,58.57,12.22,entsoe.eu,false,
2022-09-13 22:00:00,Slovakia,Slovakia,SK,378.26,417.17,59.87,11.66,entsoe.eu,false,
2022-09-13 23:00:00,Slovakia,Slovakia,SK,367.85,406.47,60.7,11.5,entsoe.eu,false,
2022-09-14 00:00:00,Slovakia,Slovakia,SK,367.19,406.39,61.0,11.24,entsoe.eu,false,
2022-09-14 01:00:00,Slovakia,Slovakia,SK,375.44,415.23,60.19,11.29,entsoe.eu,false,
2022-09-14 02:00:00,Slovakia,Slovakia,SK,367.91,406.8,60.66,10.98,entsoe.eu,false,
2022-09-14 03:00:00,Slovakia,Slovakia,SK,389.63,429.91,58.08,11.11,entsoe.eu,false,
2022-09-14 04:00:00,Slovakia,Slovakia,SK,362.09,403.05,59.67,12.55,entsoe.eu,false,
2022-09-14 05:00:00,Slovakia,Slovakia,SK,333.0,372.32,62.51,15.25,entsoe.eu,false,
2022-09-14 06:00:00,Slovakia,Slovakia,SK,294.04,329.54,68.92,21.54,entsoe.eu,false,
2022-09-14 07:00:00,Slovakia,Slovakia,SK,255.31,291.4,69.99,16.84,entsoe.eu,false,
2022-09-14 08:00:00,Slovakia,Slovakia,SK,231.74,267.05,71.82,17.2,entsoe.eu,false,
2022-09-14 09:00:00,Slovakia,Slovakia,SK,234.5,268.89,72.01,17.35,entsoe.eu,false,
2022-09-14 10:00:00,Slovakia,Slovakia,SK,241.87,276.71,71.25,16.53,entsoe.eu,false,
2022-09-14 11:00:00,Slovakia,Slovakia,SK,260.6,296.51,69.59,16.0,entsoe.eu,false,
2022-09-14 12:00:00,Slovakia,Slovakia,SK,278.41,315.18,68.02,15.68,entsoe.eu,false,
2022-09-14 13:00:00,Slovakia,Slovakia,SK,298.61,335.99,66.17,15.21,entsoe.eu,false,
2022-09-14 14:00:00,Slovakia,Slovakia,SK,326.91,365.08,63.64,14.68,entsoe.eu,false,
2022-09-14 15:00:00,Slovakia,Slovakia,SK,339.64,378.24,62.47,13.89,entsoe.eu,false,
2022-09-14 16:00:00,Slovakia,Slovakia,SK,347.82,385.37,63.3,18.17,entsoe.eu,false,
2022-09-14 17:00:00,Slovakia,Slovakia,SK,328.85,363.72,66.65,23.55,entsoe.eu,false,
2022-09-14 18:00:00,Slovakia,Slovakia,SK,328.55,364.15,65.66,20.37,entsoe.eu,false,
2022-09-14 19:00:00,Slovakia,Slovakia,SK,357.01,396.26,60.38,12.58,entsoe.eu,false,
2022-09-14 20:00:00,Slovakia,Slovakia,SK,342.86,380.6,61.84,10.9,entsoe.eu,false,
2022-09-14 21:00:00,Slovakia,Slovakia,SK,354.31,391.7,62.01,10.87,entsoe.eu,false,
2022-09-14 22:00:00,Slovakia,Slovakia,SK,342.96,379.33,63.03,9.03,entsoe.eu,false,
2022-09-14 23:00:00,Slovakia,Slovakia,SK,355.33,393.61,61.99,9.23,entsoe.eu,false,
2022-09-15 00:00:00,Slovakia,Slovakia,SK,375.06,415.74,60.38,9.59,entsoe.eu,false,
2022-09-15 01:00:00,Slovakia,Slovakia,SK,383.86,425.18,59.65,9.83,entsoe.eu,false,
2022-09-15 02:00:00,Slovakia,Slovakia,SK,368.72,408.73,60.78,9.94,entsoe.eu,false,
2022-09-15 03:00:00,Slovakia,Slovakia,SK,366.56,404.42,60.93,10.57,entsoe.eu,false,
2022-09-15 04:00:00,Slovakia,Slovakia,SK,348.75,385.77,62.9,14.71,entsoe.eu,false,
2022-09-15 05:00:00,Slovakia,Slovakia,SK,328.75,364.67,64.99,16.84,entsoe.eu,false,
2022-09-15 06:00:00,Slovakia,Slovakia,SK,298.32,330.15,70.69,24.63,entsoe.eu,false,
2022-09-15 07:00:00,Slovakia,Slovakia,SK,296.74,331.89,67.76,19.74,entsoe.eu,false,
2022-09-15 08:00:00,Slovakia,Slovakia,SK,289.9,325.34,68.39,19.64,entsoe.eu,false,
2022-09-15 09:00:00,Slovakia,Slovakia,SK,285.33,320.53,68.85,21.07,entsoe.eu,false,
2022-09-15 10:00:00,Slovakia,Slovakia,SK,285.27,321.64,68.43,20.9,entsoe.eu,false,
2022-09-15 11:00:00,Slovakia,Slovakia,SK,296.05,332.97,67.39,20.65,entsoe.eu,false,
2022-09-15 12:00:00,Slovakia,Slovakia,SK,301.73,338.58,66.84,19.76,entsoe.eu,false,
2022-09-15 13:00:00,Slovakia,Slovakia,SK,313.59,350.25,65.8,18.84,entsoe.eu,false,
2022-09-15 14:00:00,Slovakia,Slovakia,SK,327.78,364.31,64.51,17.8,entsoe.eu,false,
2022-09-15 15:00:00,Slovakia,Slovakia,SK,329.65,365.2,64.58,17.43,entsoe.eu,false,
2022-09-15 16:00:00,Slovakia,Slovakia,SK,327.81,360.68,65.83,18.94,entsoe.eu,false,
2022-09-15 17:00:00,Slovakia,Slovakia,SK,334.2,366.35,66.96,22.92,entsoe.eu,false,
2022-09-15 18:00:00,Slovakia,Slovakia,SK,334.51,367.84,66.21,20.83,entsoe.eu,false,
2022-09-15 19:00:00,Slovakia,Slovakia,SK,328.07,361.39,65.52,16.64,entsoe.eu,false,
2022-09-15 20:00:00,Slovakia,Slovakia,SK,352.19,387.3,63.54,15.14,entsoe.eu,false,
2022-09-15 21:00:00,Slovakia,Slovakia,SK,354.33,391.26,63.22,15.4,entsoe.eu,false,
2022-09-15 22:00:00,Slovakia,Slovakia,SK,314.46,348.78,65.8,12.81,entsoe.eu,false,
2022-09-15 23:00:00,Slovakia,Slovakia,SK,323.62,359.26,65.27,13.79,entsoe.eu,false,
2022-09-16 00:00:00,Slovakia,Slovakia,SK,327.03,363.81,65.03,14.33,entsoe.eu,false,
2022-09-16 01:00:00,Slovakia,Slovakia,SK,323.34,360.8,65.33,14.7,entsoe.eu,false,
2022-09-16 02:00:00,Slovakia,Slovakia,SK,326.6,364.11,64.81,14.81,entsoe.eu,false,
2022-09-16 03:00:00,Slovakia,Slovakia,SK,343.13,379.29,63.3,14.47,entsoe.eu,false,
2022-09-16 04:00:00,Slovakia,Slovakia,SK,338.8,374.11,64.99,19.2,entsoe.eu,false,
2022-09-16 05:00:00,Slovakia,Slovakia,SK,334.23,369.26,65.49,21.12,entsoe.eu,false,
2022-09-16 06:00:00,Slovakia,Slovakia,SK,305.05,337.58,69.36,26.84,entsoe.eu,false,
2022-09-16 07:00:00,Slovakia,Slovakia,SK,299.22,334.32,68.4,25.27,entsoe.eu,false,
2022-09-16 08:00:00,Slovakia,Slovakia,SK,288.52,324.82,68.83,27.03,entsoe.eu,false,
2022-09-16 09:00:00,Slovakia,Slovakia,SK,299.08,336.29,68.0,27.85,entsoe.eu,false,
2022-09-16 10:00:00,Slovakia,Slovakia,SK,295.19,332.74,68.26,27.94,entsoe.eu,false,
2022-09-16 11:00:00,Slovakia,Slovakia,SK,291.32,328.9,68.58,27.71,entsoe.eu,false,
2022-09-16 12:00:00,Slovakia,Slovakia,SK,293.53,330.44,68.59,26.44,entsoe.eu,false,
2022-09-16 13:00:00,Slovakia,Slovakia,SK,295.62,332.45,68.25,24.67,entsoe.eu,false,
2022-09-16 14:00:00,Slovakia,Slovakia,SK,311.47,348.28,66.83,23.4,entsoe.eu,false,
2022-09-16 15:00:00,Slovakia,Slovakia,SK,344.09,381.5,64.22,21.57,entsoe.eu,false,
2022-09-16 16:00:00,Slovakia,Slovakia,SK,366.41,404.12,62.93,21.88,entsoe.eu,false,
2022-09-16 17:00:00,Slovakia,Slovakia,SK,372.64,408.87,64.05,25.74,entsoe.eu,false,
2022-09-16 18:00:00,Slovakia,Slovakia,SK,369.75,406.46,63.91,24.69,entsoe.eu,false,
2022-09-16 19:00:00,Slovakia,Slovakia,SK,353.12,389.11,64.08,20.09,entsoe.eu,false,
2022-09-16 20:00:00,Slovakia,Slovakia,SK,329.75,365.14,64.74,16.13,entsoe.eu,false,
2022-09-16 21:00:00,Slovakia,Slovakia,SK,341.37,378.48,63.98,16.94,entsoe.eu,false,
2022-09-16 22:00:00,Slovakia,Slovakia,SK,309.41,345.63,66.78,17.31,entsoe.eu,false,
2022-09-16 23:00:00,Slovakia,Slovakia,SK,293.83,329.61,68.11,17.15,entsoe.eu,false,
2022-09-17 00:00:00,Slovakia,Slovakia,SK,272.77,307.64,70.02,16.74,entsoe.eu,false,
2022-09-17 01:00:00,Slovakia,Slovakia,SK,282.49,318.43,69.17,17.19,entsoe.eu,false,
2022-09-17 02:00:00,Slovakia,Slovakia,SK,296.43,333.56,67.77,17.39,entsoe.eu,false,
2022-09-17 03:00:00,Slovakia,Slovakia,SK,298.78,336.73,67.42,17.66,entsoe.eu,false,
2022-09-17 04:00:00,Slovakia,Slovakia,SK,305.3,342.77,67.04,18.82,entsoe.eu,false,
2022-09-17 05:00:00,Slovakia,Slovakia,SK,297.48,333.81,67.69,18.75,entsoe.eu,false,
2022-09-17 06:00:00,Slovakia,Slovakia,SK,296.99,333.4,67.9,21.59,entsoe.eu,false,
2022-09-17 07:00:00,Slovakia,Slovakia,SK,304.62,341.53,67.55,22.81,entsoe.eu,false,
2022-09-17 08:00:00,Slovakia,Slovakia,SK,305.76,343.18,67.86,23.7,entsoe.eu,false,
2022-09-17 09:00:00,Slovakia,Slovakia,SK,294.04,331.18,68.6,23.71,entsoe.eu,false,
2022-09-17 10:00:00,Slovakia,Slovakia,SK,293.18,330.98,68.23,22.74,entsoe.eu,false,
2022-09-17 11:00:00,Slovakia,Slovakia,SK,246.03,281.29,72.37,22.36,entsoe.eu,false,
2022-09-17 12:00:00,Slovakia,Slovakia,SK,254.43,289.74,71.63,21.86,entsoe.eu,false,
2022-09-17 13:00:00,Slovakia,Slovakia,SK,263.85,299.27,70.71,20.8,entsoe.eu,false,
2022-09-17 14:00:00,Slovakia,Slovakia,SK,290.56,327.7,68.58,20.41,entsoe.eu,false,
2022-09-17 15:00:00,Slovakia,Slovakia,SK,294.05,330.67,68.39,19.27,entsoe.eu,false,
2022-09-17 16:00:00,Slovakia,Slovakia,SK,309.21,344.7,68.94,22.84,entsoe.eu,false,
2022-09-17 17:00:00,Slovakia,Slovakia,SK,311.29,346.01,69.6,24.53,entsoe.eu,false,
2022-09-17 18:00:00,Slovakia,Slovakia,SK,288.96,323.15,70.51,21.81,entsoe.eu,false,
2022-09-17 19:00:00,Slovakia,Slovakia,SK,287.67,322.96,69.68,19.5,entsoe.eu,false,
2022-09-17 20:00:00,Slovakia,Slovakia,SK,246.73,279.28,73.27,18.65,entsoe.eu,false,
2022-09-17 21:00:00,Slovakia,Slovakia,SK,236.02,269.13,73.15,15.87,entsoe.eu,false,
2022-09-17 22:00:00,Slovakia,Slovakia,SK,239.92,273.58,72.32,14.47,entsoe.eu,false,
2022-09-17 23:00:00,Slovakia,Slovakia,SK,240.41,273.83,72.01,12.25,entsoe.eu,false,
2022-09-18 00:00:00,Slovakia,Slovakia,SK,237.36,271.21,72.39,12.24,entsoe.eu,false,
2022-09-18 01:00:00,Slovakia,Slovakia,SK,241.78,276.06,71.9,12.03,entsoe.eu,false,
2022-09-18 02:00:00,Slovakia,Slovakia,SK,242.9,278.0,71.45,11.86,entsoe.eu,false,
2022-09-18 03:00:00,Slovakia,Slovakia,SK,199.41,232.93,75.18,13.56,entsoe.eu,false,
2022-09-18 04:00:00,Slovakia,Slovakia,SK,192.26,225.56,75.92,15.91,entsoe.eu,false,
2022-09-18 05:00:00,Slovakia,Slovakia,SK,161.47,192.91,78.57,17.06,entsoe.eu,false,
2022-09-18 06:00:00,Slovakia,Slovakia,SK,169.63,201.62,77.94,19.5,entsoe.eu,false,
2022-09-18 07:00:00,Slovakia,Slovakia,SK,141.43,172.69,80.33,20.61,entsoe.eu,false,
2022-09-18 08:00:00,Slovakia,Slovakia,SK,133.09,164.64,81.04,19.78,entsoe.eu,false,
2022-09-18 09:00:00,Slovakia,Slovakia,SK,122.66,154.25,82.2,22.2,entsoe.eu,false,
2022-09-18 10:00:00,Slovakia,Slovakia,SK,121.18,152.3,82.58,23.36,entsoe.eu,false,
2022-09-18 11:00:00,Slovakia,Slovakia,SK,120.34,152.06,82.46,22.35,entsoe.eu,false,
2022-09-18 12:00:00,Slovakia,Slovakia,SK,121.99,153.89,82.16,21.68,entsoe.eu,false,
2022-09-18 13:00:00,Slovakia,Slovakia,SK,168.37,201.07,78.56,21.42,entsoe.eu,false,
2022-09-18 14:00:00,Slovakia,Slovakia,SK,217.48,252.08,74.42,20.99,entsoe.eu,false,
2022-09-18 15:00:00,Slovakia,Slovakia,SK,236.77,269.64,72.73,18.39,entsoe.eu,false,
2022-09-18 16:00:00,Slovakia,Slovakia,SK,281.25,315.79,69.56,19.68,entsoe.eu,false,
2022-09-18 17:00:00,Slovakia,Slovakia,SK,296.47,330.02,70.05,25.89,entsoe.eu,false,
2022-09-18 18:00:00,Slovakia,Slovakia,SK,308.55,341.32,69.73,26.19,entsoe.eu,false,
2022-09-18 19:00:00,Slovakia,Slovakia,SK,327.01,362.7,66.03,18.67,entsoe.eu,false,
2022-09-18 20:00:00,Slovakia,Slovakia,SK,315.21,351.6,66.08,16.22,entsoe.eu,false,
2022-09-18 21:00:00,Slovakia,Slovakia,SK,318.26,354.58,65.51,14.74,entsoe.eu,false,
2022-09-18 22:00:00,Slovakia,Slovakia,SK,293.16,328.93,67.86,13.77,entsoe.eu,false,
2022-09-18 23:00:00,Slovakia,Slovakia,SK,286.22,322.97,68.34,14.03,entsoe.eu,false,
2022-09-19 00:00:00,Slovakia,Slovakia,SK,264.37,301.3,70.34,14.45,entsoe.eu,false,
2022-09-19 01:00:00,Slovakia,Slovakia,SK,294.03,331.53,67.8,13.97,entsoe.eu,false,
2022-09-19 02:00:00,Slovakia,Slovakia,SK,306.56,343.19,66.81,13.55,entsoe.eu,false,
2022-09-19 03:00:00,Slovakia,Slovakia,SK,353.08,389.65,62.76,13.17,entsoe.eu,false,
2022-09-19 04:00:00,Slovakia,Slovakia,SK,355.96,392.66,62.51,15.72,entsoe.eu,false,
2022-09-19 05:00:00,Slovakia,Slovakia,SK,338.01,372.74,64.59,18.55,entsoe.eu,false,
2022-09-19 06:00:00,Slovakia,Slovakia,SK,338.37,373.37,64.96,20.35,entsoe.eu,false,
2022-09-19 07:00:00,Slovakia,Slovakia,SK,316.64,351.05,66.56,21.15,entsoe.eu,false,
2022-09-19 08:00:00,Slovakia,Slovakia,SK,299.53,333.36,67.82,19.75,entsoe.eu,false,
2022-09-19 09:00:00,Slovakia,Slovakia,SK,293.34,327.05,68.53,20.08,entsoe.eu,false,
2022-09-19 10:00:00,Slovakia,Slovakia,SK,302.4,337.34,67.74,21.27,entsoe.eu,false,
2022-09-19 11:00:00,Slovakia,Slovakia,SK,293.56,327.21,68.89,21.66,entsoe.eu,false,
2022-09-19 12:00:00,Slovakia,Slovakia,SK,304.33,338.3,67.89,21.3,entsoe.eu,false,
2022-09-19 13:00:00,Slovakia,Slovakia,SK,305.54,338.65,67.75,20.07,entsoe.eu,false,
2022-09-19 14:00:00,Slovakia,Slovakia,SK,319.8,353.24,66.3,19.47,entsoe.eu,false,
2022-09-19 15:00:00,Slovakia,Slovakia,SK,349.53,384.42,63.44,18.38,entsoe.eu,false,
2022-09-19 16:00:00,Slovakia,Slovakia,SK,356.62,390.17,64.63,22.17,entsoe.eu,false,
2022-09-19 17:00:00,Slovakia,Slovakia,SK,356.19,388.39,66.06,25.88,entsoe.eu,false,
2022-09-19 18:00:00,Slovakia,Slovakia,SK,356.33,388.81,65.26,23.8,entsoe.eu,false,
2022-09-19 19:00:00,Slovakia,Slovakia,SK,336.87,369.94,64.71,17.87,entsoe.eu,false,
2022-09-19 20:00:00,Slovakia,Slovakia,SK,327.99,360.53,65.08,15.94,entsoe.eu,false,
2022-09-19 21:00:00,Slovakia,Slovakia,SK,280.91,311.88,69.38,16.47,entsoe.eu,false,
2022-09-19 22:00:00,Slovakia,Slovakia,SK,293.8,326.71,68.21,15.61,entsoe.eu,false,
2022-09-19 23:00:00,Slovakia,Slovakia,SK,280.47,312.74,69.57,15.72,entsoe.eu,false,
2022-09-20 00:00:00,Slovakia,Slovakia,SK,272.64,304.41,70.23,15.13,entsoe.eu,false,
2022-09-20 01:00:00,Slovakia,Slovakia,SK,262.51,294.25,70.94,15.07,entsoe.eu,false,
2022-09-20 02:00:00,Slovakia,Slovakia,SK,296.67,330.13,67.72,15.34,entsoe.eu,false,
2022-09-20 03:00:00,Slovakia,Slovakia,SK,325.17,359.74,65.18,15.75,entsoe.eu,false,
2022-09-20 04:00:00,Slovakia,Slovakia,SK,327.4,362.65,64.22,17.34,entsoe.eu,false,
2022-09-20 05:00:00,Slovakia,Slovakia,SK,333.91,370.22,63.3,19.12,entsoe.eu,false,
2022-09-20 06:00:00,Slovakia,Slovakia,SK,288.64,323.17,67.48,21.25,entsoe.eu,false,
2022-09-20 07:00:00,Slovakia,Slovakia,SK,243.6,275.93,71.38,23.65,entsoe.eu,false,
2022-09-20 08:00:00,Slovakia,Slovakia,SK,245.39,278.63,71.27,22.99,entsoe.eu,false,
2022-09-20 09:00:00,Slovakia,Slovakia,SK,267.58,302.84,69.1,22.69,entsoe.eu,false,
2022-09-20 10:00:00,Slovakia,Slovakia,SK,269.52,305.17,68.58,23.05,entsoe.eu,false,
2022-09-20 11:00:00,Slovakia,Slovakia,SK,273.38,308.5,68.78,23.68,entsoe.eu,false,
2022-09-20 12:00:00,Slovakia,Slovakia,SK,298.83,334.42,66.51,22.12,entsoe.eu,false,
2022-09-20 13:00:00,Slovakia,Slovakia,SK,321.53,357.97,64.28,20.83,entsoe.eu,false,
2022-09-20 14:00:00,Slovakia,Slovakia,SK,338.48,375.73,62.23,19.23,entsoe.eu,false,
2022-09-20 15:00:00,Slovakia,Slovakia,SK,354.11,392.62,61.09,18.55,entsoe.eu,false,
2022-09-20 16:00:00,Slovakia,Slovakia,SK,353.61,389.06,64.5,24.79,entsoe.eu,false,
2022-09-20 17:00:00,Slovakia,Slovakia,SK,329.9,363.76,67.4,27.7,entsoe.eu,false,
2022-09-20 18:00:00,Slovakia,Slovakia,SK,329.11,362.8,67.58,27.3,entsoe.eu,false,
2022-09-20 19:00:00,Slovakia,Slovakia,SK,317.21,353.01,65.42,20.11,entsoe.eu,false,
2022-09-20 20:00:00,Slovakia,Slovakia,SK,297.97,333.23,66.29,18.1,entsoe.eu,false,
2022-09-20 21:00:00,Slovakia,Slovakia,SK,268.22,300.98,70.09,18.6,entsoe.eu,false,
2022-09-20 22:00:00,Slovakia,Slovakia,SK,239.46,271.14,72.93,18.21,entsoe.eu,false,
2022-09-20 23:00:00,Slovakia,Slovakia,SK,228.26,260.55,73.85,18.03,entsoe.eu,false,
2022-09-21 00:00:00,Slovakia,Slovakia,SK,238.86,272.04,72.83,17.95,entsoe.eu,false,
2022-09-21 01:00:00,Slovakia,Slovakia,SK,244.27,277.12,72.29,17.49,entsoe.eu,false,
2022-09-21 02:00:00,Slovakia,Slovakia,SK,266.88,299.82,70.45,17.08,entsoe.eu,false,
2022-09-21 03:00:00,Slovakia,Slovakia,SK,311.41,346.66,66.04,16.73,entsoe.eu,false,
2022-09-21 04:00:00,Slovakia,Slovakia,SK,259.77,295.03,69.95,20.55,entsoe.eu,false,
2022-09-21 05:00:00,Slovakia,Slovakia,SK,269.31,302.7,70.47,25.39,entsoe.eu,false,
2022-09-21 06:00:00,Slovakia,Slovakia,SK,237.43,270.27,72.42,25.51,entsoe.eu,false,
2022-09-21 07:00:00,Slovakia,Slovakia,SK,260.37,294.28,70.21,25.15,entsoe.eu,false,
2022-09-21 08:00:00,Slovakia,Slovakia,SK,242.41,274.97,72.1,26.05,entsoe.eu,false,
2022-09-21 09:00:00,Slovakia,Slovakia,SK,272.53,305.78,70.31,25.68,entsoe.eu,false,
2022-09-21 10:00:00,Slovakia,Slovakia,SK,273.83,306.82,70.27,25.54,entsoe.eu,false,
2022-09-21 11:00:00,Slovakia,Slovakia,SK,284.94,318.54,69.24,25.29,entsoe.eu,false,
2022-09-21 12:00:00,Slovakia,Slovakia,SK,297.07,330.76,68.29,24.37,entsoe.eu,false,
2022-09-21 13:00:00,Slovakia,Slovakia,SK,308.07,341.57,67.24,23.39,entsoe.eu,false,
2022-09-21 14:00:00,Slovakia,Slovakia,SK,298.93,332.36,67.18,22.26,entsoe.eu,false,
2022-09-21 15:00:00,Slovakia,Slovakia,SK,293.71,328.04,67.0,22.36,entsoe.eu,false,
2022-09-21 16:00:00,Slovakia,Slovakia,SK,308.63,342.98,67.36,24.27,entsoe.eu,false,
2022-09-21 17:00:00,Slovakia,Slovakia,SK,320.98,354.73,68.06,27.61,entsoe.eu,false,
2022-09-21 18:00:00,Slovakia,Slovakia,SK,328.16,363.39,65.98,23.98,entsoe.eu,false,
2022-09-21 19:00:00,Slovakia,Slovakia,SK,291.24,326.85,67.29,20.23,entsoe.eu,false,
2022-09-21 20:00:00,Slovakia,Slovakia,SK,302.41,338.14,66.58,17.45,entsoe.eu,false,
2022-09-21 21:00:00,Slovakia,Slovakia,SK,279.84,314.32,68.81,17.09,entsoe.eu,false,
2022-09-21 22:00:00,Slovakia,Slovakia,SK,267.38,302.04,69.82,15.88,entsoe.eu,false,
2022-09-21 23:00:00,Slovakia,Slovakia,SK,262.91,298.51,70.19,16.1,entsoe.eu,false,
2022-09-22 00:00:00,Slovakia,Slovakia,SK,266.2,302.39,69.81,16.24,entsoe.eu,false,
2022-09-22 01:00:00,Slovakia,Slovakia,SK,273.43,309.37,69.15,16.18,entsoe.eu,false,
2022-09-22 02:00:00,Slovakia,Slovakia,SK,297.14,333.68,66.68,15.45,entsoe.eu,false,
2022-09-22 03:00:00,Slovakia,Slovakia,SK,305.79,343.65,65.34,16.49,entsoe.eu,false,
2022-09-22 04:00:00,Slovakia,Slovakia,SK,302.51,339.29,66.22,19.56,entsoe.eu,false,
2022-09-22 05:00:00,Slovakia,Slovakia,SK,311.83,347.56,66.74,22.62,entsoe.eu,false,
2022-09-22 06:00:00,Slovakia,Slovakia,SK,283.13,318.0,68.81,22.83,entsoe.eu,false,
2022-09-22 07:00:00,Slovakia,Slovakia,SK,241.33,275.38,71.91,24.7,entsoe.eu,false,
2022-09-22 08:00:00,Slovakia,Slovakia,SK,202.21,233.49,76.14,25.94,entsoe.eu,false,
2022-09-22 09:00:00,Slovakia,Slovakia,SK,223.75,257.0,74.51,25.53,entsoe.eu,false,
2022-09-22 10:00:00,Slovakia,Slovakia,SK,236.22,269.95,73.4,25.6,entsoe.eu,false,
2022-09-22 11:00:00,Slovakia,Slovakia,SK,237.89,272.04,73.22,25.17,entsoe.eu,false,
2022-09-22 12:00:00,Slovakia,Slovakia,SK,277.76,313.18,69.76,23.67,entsoe.eu,false,
2022-09-22 13:00:00,Slovakia,Slovakia,SK,312.95,349.19,66.68,22.01,entsoe.eu,false,
2022-09-22 14:00:00,Slovakia,Slovakia,SK,333.52,370.17,64.25,20.01,entsoe.eu,false,
2022-09-22 15:00:00,Slovakia,Slovakia,SK,356.69,394.69,61.73,18.76,entsoe.eu,false,
2022-09-22 16:00:00,Slovakia,Slovakia,SK,342.69,379.54,63.8,22.17,entsoe.eu,false,
2022-09-22 17:00:00,Slovakia,Slovakia,SK,333.65,370.24,66.77,28.34,entsoe.eu,false,
2022-09-22 18:00:00,Slovakia,Slovakia,SK,338.93,373.12,66.85,27.97,entsoe.eu,false,
2022-09-22 19:00:00,Slovakia,Slovakia,SK,364.72,404.06,60.14,16.54,entsoe.eu,false,
2022-09-22 20:00:00,Slovakia,Slovakia,SK,362.68,401.95,60.12,14.78,entsoe.eu,false,
2022-09-22 21:00:00,Slovakia,Slovakia,SK,350.48,388.0,62.15,13.91,entsoe.eu,false,
2022-09-22 22:00:00,Slovakia,Slovakia,SK,357.21,395.14,61.92,13.67,entsoe.eu,false,
2022-09-22 23:00:00,Slovakia,Slovakia,SK,368.91,408.08,60.89,13.63,entsoe.eu,false,
2022-09-23 00:00:00,Slovakia,Slovakia,SK,367.81,407.53,60.83,13.17,entsoe.eu,false,
2022-09-23 01:00:00,Slovakia,Slovakia,SK,373.57,413.47,60.35,12.84,entsoe.eu,false,
2022-09-23 02:00:00,Slovakia,Slovakia,SK,391.39,431.43,58.79,12.48,entsoe.eu,false,
2022-09-23 03:00:00,Slovakia,Slovakia,SK,394.86,434.56,57.96,12.58,entsoe.eu,false,
2022-09-23 04:00:00,Slovakia,Slovakia,SK,389.64,429.01,57.93,15.01,entsoe.eu,false,
2022-09-23 05:00:00,Slovakia,Slovakia,SK,362.66,399.9,61.51,20.58,entsoe.eu,false,
2022-09-23 06:00:00,Slovakia,Slovakia,SK,343.03,380.79,61.93,19.4,entsoe.eu,false,
2022-09-23 07:00:00,Slovakia,Slovakia,SK,299.19,335.83,65.98,21.75,entsoe.eu,false,
2022-09-23 08:00:00,Slovakia,Slovakia,SK,279.79,314.85,67.89,22.24,entsoe.eu,false,
2022-09-23 09:00:00,Slovakia,Slovakia,SK,260.9,294.06,70.47,23.1,entsoe.eu,false,
2022-09-23 10:00:00,Slovakia,Slovakia,SK,272.85,305.48,69.63,21.89,entsoe.eu,false,
2022-09-23 11:00:00,Slovakia,Slovakia,SK,293.15,327.13,67.89,20.9,entsoe.eu,false,
2022-09-23 12:00:00,Slovakia,Slovakia,SK,321.0,355.52,65.34,20.59,entsoe.eu,false,
2022-09-23 13:00:00,Slovakia,Slovakia,SK,339.05,374.05,63.86,19.94,entsoe.eu,false,
2022-09-23 14:00:00,Slovakia,Slovakia,SK,353.02,389.47,62.01,17.52,entsoe.eu,false,
2022-09-23 15:00:00,Slovakia,Slovakia,SK,364.66,402.6,59.91,16.33,entsoe.eu,false,
2022-09-23 16:00:00,Slovakia,Slovakia,SK,413.42,453.27,56.35,17.52,entsoe.eu,false,
2022-09-23 17:00:00,Slovakia,Slovakia,SK,421.28,460.15,57.73,22.4,entsoe.eu,false,
2022-09-23 18:00:00,Slovakia,Slovakia,SK,394.04,431.91,60.38,23.05,entsoe.eu,false,
2022-09-23 19:00:00,Slovakia,Slovakia,SK,387.21,425.7,57.89,14.87,entsoe.eu,false,
2022-09-23 20:00:00,Slovakia,Slovakia,SK,413.19,453.14,55.15,12.41,entsoe.eu,false,
2022-09-23 21:00:00,Slovakia,Slovakia,SK,409.46,447.39,56.53,11.98,entsoe.eu,false,
2022-09-23 22:00:00,Slovakia,Slovakia,SK,417.87,456.45,56.37,11.14,entsoe.eu,false,
2022-09-23 23:00:00,Slovakia,Slovakia,SK,411.12,449.78,56.95,11.06,entsoe.eu,false,
2022-09-24 00:00:00,Slovakia,Slovakia,SK,407.44,446.16,57.3,11.43,entsoe.eu,false,
2022-09-24 01:00:00,Slovakia,Slovakia,SK,409.77,448.45,57.11,11.2,entsoe.eu,false,
2022-09-24 02:00:00,Slovakia,Slovakia,SK,421.91,461.55,55.74,10.64,entsoe.eu,false,
2022-09-24 03:00:00,Slovakia,Slovakia,SK,426.91,466.31,55.63,11.04,entsoe.eu,false,
2022-09-24 04:00:00,Slovakia,Slovakia,SK,432.37,472.95,54.86,11.08,entsoe.eu,false,
2022-09-24 05:00:00,Slovakia,Slovakia,SK,399.21,437.72,58.02,14.23,entsoe.eu,false,
2022-09-24 06:00:00,Slovakia,Slovakia,SK,372.24,409.07,61.4,17.99,entsoe.eu,false,
2022-09-24 07:00:00,Slovakia,Slovakia,SK,338.06,374.51,64.38,20.57,entsoe.eu,false,
2022-09-24 08:00:00,Slovakia,Slovakia,SK,297.18,332.87,67.75,22.59,entsoe.eu,false,
2022-09-24 09:00:00,Slovakia,Slovakia,SK,294.25,329.49,67.89,22.12,entsoe.eu,false,
2022-09-24 10:00:00,Slovakia,Slovakia,SK,256.15,289.51,70.97,21.81,entsoe.eu,false,
2022-09-24 11:00:00,Slovakia,Slovakia,SK,266.52,300.32,70.01,20.97,entsoe.eu,false,
2022-09-24 12:00:00,Slovakia,Slovakia,SK,297.83,332.54,67.32,19.85,entsoe.eu,false,
2022-09-24 13:00:00,Slovakia,Slovakia,SK,342.28,378.76,63.26,18.04,entsoe.eu,false,
2022-09-24 14:00:00,Slovakia,Slovakia,SK,390.53,427.7,59.3,17.27,entsoe.eu,false,
2022-09-24 15:00:00,Slovakia,Slovakia,SK,405.11,442.56,58.18,15.84,entsoe.eu,false,
2022-09-24 16:00:00,Slovakia,Slovakia,SK,388.13,425.4,59.78,16.97,entsoe.eu,false,
2022-09-24 17:00:00,Slovakia,Slovakia,SK,388.95,424.58,61.34,20.6,entsoe.eu,false,
2022-09-24 18:00:00,Slovakia,Slovakia,SK,387.78,423.88,60.83,18.49,entsoe.eu,false,
2022-09-24 19:00:00,Slovakia,Slovakia,SK,405.08,442.9,58.45,14.35,entsoe.eu,false,
2022-09-24 20:00:00,Slovakia,Slovakia,SK,431.11,470.3,55.8,12.0,entsoe.eu,false,
2022-09-24 21:00:00,Slovakia,Slovakia,SK,412.68,451.73,56.88,11.52,entsoe.eu,false,
2022-09-24 22:00:00,Slovakia,Slovakia,SK,396.45,435.41,58.27,11.56,entsoe.eu,false,
2022-09-24 23:00:00,Slovakia,Slovakia,SK,398.23,438.57,58.13,11.2,entsoe.eu,false,
2022-09-25 00:00:00,Slovakia,Slovakia,SK,378.84,418.64,59.54,11.0,entsoe.eu,false,
2022-09-25 01:00:00,Slovakia,Slovakia,SK,387.27,427.5,58.91,10.84,entsoe.eu,false,
2022-09-25 02:00:00,Slovakia,Slovakia,SK,397.64,437.89,58.05,10.5,entsoe.eu,false,
2022-09-25 03:00:00,Slovakia,Slovakia,SK,396.98,436.91,57.87,10.61,entsoe.eu,false,
2022-09-25 04:00:00,Slovakia,Slovakia,SK,402.44,443.02,57.41,10.95,entsoe.eu,false,
2022-09-25 05:00:00,Slovakia,Slovakia,SK,384.63,423.18,59.3,13.8,entsoe.eu,false,
2022-09-25 06:00:00,Slovakia,Slovakia,SK,355.61,393.04,61.88,16.04,entsoe.eu,false,
2022-09-25 07:00:00,Slovakia,Slovakia,SK,356.66,394.64,61.94,16.93,entsoe.eu,false,
2022-09-25 08:00:00,Slovakia,Slovakia,SK,358.65,397.0,62.04,18.72,entsoe.eu,false,
2022-09-25 09:00:00,Slovakia,Slovakia,SK,347.21,384.85,63.09,19.81,entsoe.eu,false,
2022-09-25 10:00:00,Slovakia,Slovakia,SK,338.27,374.83,63.67,19.96,entsoe.eu,false,
2022-09-25 11:00:00,Slovakia,Slovakia,SK,337.99,375.19,63.6,18.15,entsoe.eu,false,
2022-09-25 12:00:00,Slovakia,Slovakia,SK,349.71,388.01,62.27,16.66,entsoe.eu,false,
2022-09-25 13:00:00,Slovakia,Slovakia,SK,372.9,411.88,60.17,15.22,entsoe.eu,false,
2022-09-25 14:00:00,Slovakia,Slovakia,SK,383.59,421.93,59.23,14.64,entsoe.eu,false,
2022-09-25 15:00:00,Slovakia,Slovakia,SK,386.17,424.15,59.11,15.1,entsoe.eu,false,
2022-09-25 16:00:00,Slovakia,Slovakia,SK,403.98,442.52,58.53,16.94,entsoe.eu,false,
2022-09-25 17:00:00,Slovakia,Slovakia,SK,382.78,418.94,61.91,21.44,entsoe.eu,false,
2022-09-25 18:00:00,Slovakia,Slovakia,SK,387.62,423.91,61.51,20.55,entsoe.eu,false,
2022-09-25 19:00:00,Slovakia,Slovakia,SK,393.49,431.1,59.28,15.96,entsoe.eu,false,
2022-09-25 20:00:00,Slovakia,Slovakia,SK,370.86,408.18,60.79,14.9,entsoe.eu,false,
2022-09-25 21:00:00,Slovakia,Slovakia,SK,364.09,401.4,60.94,12.6,entsoe.eu,false,
2022-09-25 22:00:00,Slovakia,Slovakia,SK,351.4,389.4,61.78,11.98,entsoe.eu,false,
2022-09-25 23:00:00,Slovakia,Slovakia,SK,333.46,370.76,63.49,12.27,entsoe.eu,false,
2022-09-26 00:00:00,Slovakia,Slovakia,SK,345.02,382.07,62.6,11.92,entsoe.eu,false,
2022-09-26 01:00:00,Slovakia,Slovakia,SK,364.67,402.36,60.95,11.74,entsoe.eu,false,
2022-09-26 02:00:00,Slovakia,Slovakia,SK,385.69,424.28,59.35,11.4,entsoe.eu,false,
2022-09-26 03:00:00,Slovakia,Slovakia,SK,432.56,472.52,55.33,11.08,entsoe.eu,false,
2022-09-26 04:00:00,Slovakia,Slovakia,SK,431.27,471.55,55.62,15.03,entsoe.eu,false,
2022-09-26 05:00:00,Slovakia,Slovakia,SK,430.65,470.18,56.15,17.53,entsoe.eu,false,
2022-09-26 06:00:00,Slovakia,Slovakia,SK,405.09,442.29,59.27,20.53,entsoe.eu,false,
2022-09-26 07:00:00,Slovakia,Slovakia,SK,394.43,431.26,60.14,20.4,entsoe.eu,false,
2022-09-26 08:00:00,Slovakia,Slovakia,SK,403.11,440.7,59.36,20.22,entsoe.eu,false,
2022-09-26 09:00:00,Slovakia,Slovakia,SK,389.92,426.66,60.35,20.38,entsoe.eu,false,
2022-09-26 10:00:00,Slovakia,Slovakia,SK,377.73,414.38,61.38,21.25,entsoe.eu,false,
2022-09-26 11:00:00,Slovakia,Slovakia,SK,378.44,416.18,60.63,20.32,entsoe.eu,false,
2022-09-26 12:00:00,Slovakia,Slovakia,SK,372.95,410.69,60.82,20.05,entsoe.eu,false,
2022-09-26 13:00:00,Slovakia,Slovakia,SK,375.15,412.17,61.21,20.27,entsoe.eu,false,
2022-09-26 14:00:00,Slovakia,Slovakia,SK,378.44,415.76,60.61,18.82,entsoe.eu,false,
2022-09-26 15:00:00,Slovakia,Slovakia,SK,391.54,428.0,59.86,18.36,entsoe.eu,false,
2022-09-26 16:00:00,Slovakia,Slovakia,SK,409.7,447.0,59.02,19.65,entsoe.eu,false,
2022-09-26 17:00:00,Slovakia,Slovakia,SK,411.71,448.61,60.35,23.86,entsoe.eu,false,
2022-09-26 18:00:00,Slovakia,Slovakia,SK,417.33,454.41,59.41,22.47,entsoe.eu,false,
2022-09-26 19:00:00,Slovakia,Slovakia,SK,416.55,454.01,57.9,17.54,entsoe.eu,false,
2022-09-26 20:00:00,Slovakia,Slovakia,SK,427.55,466.16,56.21,14.42,entsoe.eu,false,
2022-09-26 21:00:00,Slovakia,Slovakia,SK,419.43,457.29,56.47,12.15,entsoe.eu,false,
2022-09-26 22:00:00,Slovakia,Slovakia,SK,412.77,451.79,56.81,12.9,entsoe.eu,false,
2022-09-26 23:00:00,Slovakia,Slovakia,SK,401.9,441.04,57.79,12.95,entsoe.eu,false,
2022-09-27 00:00:00,Slovakia,Slovakia,SK,411.72,451.26,56.99,12.67,entsoe.eu,false,
2022-09-27 01:00:00,Slovakia,Slovakia,SK,408.73,448.01,57.24,12.41,entsoe.eu,false,
2022-09-27 02:00:00,Slovakia,Slovakia,SK,397.94,436.09,58.05,12.52,entsoe.eu,false,
2022-09-27 03:00:00,Slovakia,Slovakia,SK,413.43,451.34,56.8,13.43,entsoe.eu,false,
2022-09-27 04:00:00,Slovakia,Slovakia,SK,396.72,433.59,58.68,16.88,entsoe.eu,false,
2022-09-27 05:00:00,Slovakia,Slovakia,SK,388.48,423.96,59.99,18.6,entsoe.eu,false,
2022-09-27 06:00:00,Slovakia,Slovakia,SK,360.91,395.15,63.09,21.48,entsoe.eu,false,
2022-09-27 07:00:00,Slovakia,Slovakia,SK,333.14,366.99,64.65,20.93,entsoe.eu,false,
2022-09-27 08:00:00,Slovakia,Slovakia,SK,348.26,383.48,63.14,19.55,entsoe.eu,false,
2022-09-27 09:00:00,Slovakia,Slovakia,SK,337.7,371.85,64.61,20.47,entsoe.eu,false,
2022-09-27 10:00:00,Slovakia,Slovakia,SK,361.94,398.5,61.22,17.88,entsoe.eu,false,
2022-09-27 11:00:00,Slovakia,Slovakia,SK,361.3,398.36,61.13,17.77,entsoe.eu,false,
2022-09-27 12:00:00,Slovakia,Slovakia,SK,364.14,401.0,61.05,17.64,entsoe.eu,false,
2022-09-27 13:00:00,Slovakia,Slovakia,SK,368.32,404.92,60.46,16.95,entsoe.eu,false,
2022-09-27 14:00:00,Slovakia,Slovakia,SK,378.75,414.96,59.69,17.1,entsoe.eu,false,
2022-09-27 15:00:00,Slovakia,Slovakia,SK,385.0,421.25,59.16,17.16,entsoe.eu,false,
2022-09-27 16:00:00,Slovakia,Slovakia,SK,382.52,416.81,61.28,20.87,Electricity Maps Estimation,true,ESTIMATED_TIME_SLICER_AVERAGE
2022-09-27 17:00:00,Slovakia,Slovakia,SK,371.72,404.97,63.71,24.44,entsoe.eu,false,
2022-09-27 18:00:00,Slovakia,Slovakia,SK,380.41,414.47,61.68,20.83,entsoe.eu,false,
2022-09-27 19:00:00,Slovakia,Slovakia,SK,385.29,421.33,59.53,16.19,entsoe.eu,false,
2022-09-27 20:00:00,Slovakia,Slovakia,SK,381.94,418.3,59.22,13.72,entsoe.eu,false,
2022-09-27 21:00:00,Slovakia,Slovakia,SK,358.96,393.79,61.09,12.28,entsoe.eu,false,
2022-09-27 22:00:00,Slovakia,Slovakia,SK,367.52,404.74,60.36,12.08,entsoe.eu,false,
2022-09-27 23:00:00,Slovakia,Slovakia,SK,370.04,408.01,59.99,12.01,entsoe.eu,false,
2022-09-28 00:00:00,Slovakia,Slovakia,SK,357.65,395.24,60.94,11.43,entsoe.eu,false,
2022-09-28 01:00:00,Slovakia,Slovakia,SK,355.88,392.47,60.91,10.93,entsoe.eu,false,
2022-09-28 02:00:00,Slovakia,Slovakia,SK,371.99,408.86,59.14,10.31,entsoe.eu,false,
2022-09-28 03:00:00,Slovakia,Slovakia,SK,370.67,407.83,58.49,11.13,entsoe.eu,false,
2022-09-28 04:00:00,Slovakia,Slovakia,SK,358.96,395.3,59.53,13.46,entsoe.eu,false,
2022-09-28 05:00:00,Slovakia,Slovakia,SK,341.5,376.17,62.15,17.36,entsoe.eu,false,
2022-09-28 06:00:00,Slovakia,Slovakia,SK,268.35,299.88,68.91,20.87,entsoe.eu,false,
2022-09-28 07:00:00,Slovakia,Slovakia,SK,200.2,230.23,75.16,23.9,entsoe.eu,false,
2022-09-28 08:00:00,Slovakia,Slovakia,SK,171.24,196.05,77.95,24.18,entsoe.eu,false,
2022-09-28 09:00:00,Slovakia,Slovakia,SK,161.81,186.8,78.72,25.9,entsoe.eu,false,
2022-09-28 10:00:00,Slovakia,Slovakia,SK,166.23,192.06,77.8,26.32,entsoe.eu,false,
2022-09-28 11:00:00,Slovakia,Slovakia,SK,167.2,193.02,77.66,25.22,entsoe.eu,false,
2022-09-28 12:00:00,Slovakia,Slovakia,SK,167.29,192.78,77.79,23.83,entsoe.eu,false,
2022-09-28 13:00:00,Slovakia,Slovakia,SK,194.78,221.14,75.42,21.06,entsoe.eu,false,
2022-09-28 14:00:00,Slovakia,Slovakia,SK,253.37,282.8,69.58,18.29,entsoe.eu,false,
2022-09-28 15:00:00,Slovakia,Slovakia,SK,286.97,318.94,66.69,18.36,entsoe.eu,false,
2022-09-28 16:00:00,Slovakia,Slovakia,SK,314.27,345.09,67.13,23.74,entsoe.eu,false,
2022-09-28 17:00:00,Slovakia,Slovakia,SK,313.84,343.94,68.38,27.85,entsoe.eu,false,
2022-09-28 18:00:00,Slovakia,Slovakia,SK,333.09,364.9,65.46,23.99,entsoe.eu,false,
2022-09-28 19:00:00,Slovakia,Slovakia,SK,318.47,351.07,64.9,17.47,entsoe.eu,false,
2022-09-28 20:00:00,Slovakia,Slovakia,SK,316.98,348.59,65.11,13.63,entsoe.eu,false,
2022-09-28 21:00:00,Slovakia,Slovakia,SK,305.54,337.35,65.95,12.49,entsoe.eu,false,
2022-09-28 22:00:00,Slovakia,Slovakia,SK,300.68,333.37,65.96,11.97,entsoe.eu,false,
2022-09-28 23:00:00,Slovakia,Slovakia,SK,297.3,329.64,66.17,12.32,entsoe.eu,false,
2022-09-29 00:00:00,Slovakia,Slovakia,SK,298.61,331.86,65.91,11.82,entsoe.eu,false,
2022-09-29 01:00:00,Slovakia,Slovakia,SK,296.11,329.29,66.16,11.87,entsoe.eu,false,
2022-09-29 02:00:00,Slovakia,Slovakia,SK,313.37,347.29,64.6,11.7,entsoe.eu,false,
2022-09-29 03:00:00,Slovakia,Slovakia,SK,335.95,371.14,62.25,11.28,entsoe.eu,false,
2022-09-29 04:00:00,Slovakia,Slovakia,SK,338.8,374.99,61.85,13.78,entsoe.eu,false,
2022-09-29 05:00:00,Slovakia,Slovakia,SK,359.34,396.33,60.26,15.4,entsoe.eu,false,
2022-09-29 06:00:00,Slovakia,Slovakia,SK,324.94,359.5,63.02,15.47,entsoe.eu,false,
2022-09-29 07:00:00,Slovakia,Slovakia,SK,300.63,332.01,65.53,15.88,entsoe.eu,false,
2022-09-29 08:00:00,Slovakia,Slovakia,SK,281.54,311.48,68.04,18.06,entsoe.eu,false,
2022-09-29 09:00:00,Slovakia,Slovakia,SK,274.39,304.03,68.88,19.29,entsoe.eu,false,
2022-09-29 10:00:00,Slovakia,Slovakia,SK,283.78,315.37,67.75,19.5,entsoe.eu,false,
2022-09-29 11:00:00,Slovakia,Slovakia,SK,274.46,306.24,68.55,19.73,entsoe.eu,false,
2022-09-29 12:00:00,Slovakia,Slovakia,SK,255.44,286.47,69.94,20.3,entsoe.eu,false,
2022-09-29 13:00:00,Slovakia,Slovakia,SK,256.08,286.01,70.97,21.9,entsoe.eu,false,
2022-09-29 14:00:00,Slovakia,Slovakia,SK,272.75,304.56,69.08,20.34,entsoe.eu,false,
2022-09-29 15:00:00,Slovakia,Slovakia,SK,301.89,337.87,65.28,18.51,entsoe.eu,false,
2022-09-29 16:00:00,Slovakia,Slovakia,SK,310.91,343.94,67.97,26.03,entsoe.eu,false,
2022-09-29 17:00:00,Slovakia,Slovakia,SK,327.4,361.87,66.42,25.94,entsoe.eu,false,
2022-09-29 18:00:00,Slovakia,Slovakia,SK,316.93,351.58,66.47,22.89,entsoe.eu,false,
2022-09-29 19:00:00,Slovakia,Slovakia,SK,282.32,316.65,67.15,18.12,entsoe.eu,false,
2022-09-29 20:00:00,Slovakia,Slovakia,SK,264.41,297.1,68.67,15.89,entsoe.eu,false,
2022-09-29 21:00:00,Slovakia,Slovakia,SK,223.85,254.55,72.61,16.82,entsoe.eu,false,
2022-09-29 22:00:00,Slovakia,Slovakia,SK,276.86,310.48,67.97,12.61,entsoe.eu,false,
2022-09-29 23:00:00,Slovakia,Slovakia,SK,315.77,351.25,64.71,12.05,entsoe.eu,false,
2022-09-30 00:00:00,Slovakia,Slovakia,SK,291.1,325.46,66.67,12.5,entsoe.eu,false,
2022-09-30 01:00:00,Slovakia,Slovakia,SK,285.23,318.86,67.3,12.44,entsoe.eu,false,
2022-09-30 02:00:00,Slovakia,Slovakia,SK,306.48,341.93,65.32,12.14,entsoe.eu,false,
2022-09-30 03:00:00,Slovakia,Slovakia,SK,356.22,394.7,60.65,11.6,entsoe.eu,false,
2022-09-30 04:00:00,Slovakia,Slovakia,SK,330.06,366.94,62.84,16.6,entsoe.eu,false,
2022-09-30 05:00:00,Slovakia,Slovakia,SK,344.01,380.01,63.34,21.28,entsoe.eu,false,
2022-09-30 06:00:00,Slovakia,Slovakia,SK,321.67,357.14,65.27,22.08,entsoe.eu,false,
2022-09-30 07:00:00,Slovakia,Slovakia,SK,321.25,358.01,63.55,18.81,entsoe.eu,false,
2022-09-30 08:00:00,Slovakia,Slovakia,SK,302.61,337.65,65.05,18.93,entsoe.eu,false,
2022-09-30 09:00:00,Slovakia,Slovakia,SK,302.93,336.03,65.93,18.64,entsoe.eu,false,
2022-09-30 10:00:00,Slovakia,Slovakia,SK,302.59,335.38,66.39,18.97,entsoe.eu,false,
2022-09-30 11:00:00,Slovakia,Slovakia,SK,312.6,347.66,65.05,19.37,entsoe.eu,false,
2022-09-30 12:00:00,Slovakia,Slovakia,SK,308.83,344.64,65.47,19.95,entsoe.eu,false,
2022-09-30 13:00:00,Slovakia,Slovakia,SK,334.75,371.61,63.32,19.5,entsoe.eu,false,
2022-09-30 14:00:00,Slovakia,Slovakia,SK,373.37,410.79,60.47,18.36,entsoe.eu,false,
2022-09-30 15:00:00,Slovakia,Slovakia,SK,390.92,428.12,59.73,18.78,entsoe.eu,false,
2022-09-30 16:00:00,Slovakia,Slovakia,SK,389.28,424.73,61.09,21.63,entsoe.eu,false,
2022-09-30 17:00:00,Slovakia,Slovakia,SK,405.01,441.25,60.66,23.44,entsoe.eu,false,
2022-09-30 18:00:00,Slovakia,Slovakia,SK,396.28,432.85,59.8,19.43,entsoe.eu,false,
2022-09-30 19:00:00,Slovakia,Slovakia,SK,390.84,428.49,58.76,16.61,entsoe.eu,false,
2022-09-30 20:00:00,Slovakia,Slovakia,SK,382.04,420.65,59.11,15.12,entsoe.eu,false,
2022-09-30 21:00:00,Slovakia,Slovakia,SK,376.24,415.74,59.57,14.7,entsoe.eu,false,
2022-09-30 22:00:00,Slovakia,Slovakia,SK,378.55,418.27,59.51,14.79,entsoe.eu,false,
2022-09-30 23:00:00,Slovakia,Slovakia,SK,353.5,393.17,61.7,15.71,entsoe.eu,false,
2022-10-01 00:00:00,Slovakia,Slovakia,SK,357.6,396.86,61.29,15.51,entsoe.eu,false,
2022-10-01 01:00:00,Slovakia,Slovakia,SK,356.78,396.69,61.46,16.14,entsoe.eu,false,
2022-10-01 02:00:00,Slovakia,Slovakia,SK,354.53,394.25,61.65,16.31,entsoe.eu,false,
2022-10-01 03:00:00,Slovakia,Slovakia,SK,345.52,384.26,62.47,16.56,entsoe.eu,false,
2022-10-01 04:00:00,Slovakia,Slovakia,SK,368.04,407.86,60.62,17.95,entsoe.eu,false,
2022-10-01 05:00:00,Slovakia,Slovakia,SK,333.88,371.92,64.02,20.62,entsoe.eu,false,
2022-10-01 06:00:00,Slovakia,Slovakia,SK,331.81,369.27,63.88,20.86,entsoe.eu,false,
2022-10-01 07:00:00,Slovakia,Slovakia,SK,320.41,357.9,65.04,21.65,entsoe.eu,false,
2022-10-01 08:00:00,Slovakia,Slovakia,SK,314.61,352.1,65.65,22.61,entsoe.eu,false,
2022-10-01 09:00:00,Slovakia,Slovakia,SK,310.18,347.47,65.98,23.51,entsoe.eu,false,
2022-10-01 10:00:00,Slovakia,Slovakia,SK,312.81,350.01,65.71,23.24,entsoe.eu,false,
2022-10-01 11:00:00,Slovakia,Slovakia,SK,291.01,326.66,67.47,20.89,entsoe.eu,false,
2022-10-01 12:00:00,Slovakia,Slovakia,SK,295.86,331.71,67.13,21.07,entsoe.eu,false,
2022-10-01 13:00:00,Slovakia,Slovakia,SK,322.64,359.49,64.85,19.99,entsoe.eu,false,
2022-10-01 14:00:00,Slovakia,Slovakia,SK,324.11,360.62,64.82,19.93,entsoe.eu,false,
2022-10-01 15:00:00,Slovakia,Slovakia,SK,332.45,369.29,64.66,20.35,entsoe.eu,false,
2022-10-01 16:00:00,Slovakia,Slovakia,SK,338.08,374.26,64.92,20.98,entsoe.eu,false,
2022-10-01 17:00:00,Slovakia,Slovakia,SK,332.03,366.53,66.08,20.72,entsoe.eu,false,
2022-10-01 18:00:00,Slovakia,Slovakia,SK,307.62,340.82,67.83,19.7,entsoe.eu,false,
2022-10-01 19:00:00,Slovakia,Slovakia,SK,303.71,336.87,67.78,18.34,entsoe.eu,false,
2022-10-01 20:00:00,Slovakia,Slovakia,SK,310.18,345.09,67.1,17.67,entsoe.eu,false,
2022-10-01 21:00:00,Slovakia,Slovakia,SK,321.03,356.47,65.99,16.65,entsoe.eu,false,
2022-10-01 22:00:00,Slovakia,Slovakia,SK,272.7,306.22,70.19,16.21,entsoe.eu,false,
2022-10-01 23:00:00,Slovakia,Slovakia,SK,229.05,261.49,74.09,15.59,entsoe.eu,false,
2022-10-02 00:00:00,Slovakia,Slovakia,SK,245.31,279.17,72.59,15.25,entsoe.eu,false,
2022-10-02 01:00:00,Slovakia,Slovakia,SK,238.01,271.33,73.2,15.62,entsoe.eu,false,
2022-10-02 02:00:00,Slovakia,Slovakia,SK,240.33,273.81,72.92,15.77,entsoe.eu,false,
2022-10-02 03:00:00,Slovakia,Slovakia,SK,241.9,275.34,72.94,15.81,entsoe.eu,false,
2022-10-02 04:00:00,Slovakia,Slovakia,SK,237.41,270.55,73.26,17.99,entsoe.eu,false,
2022-10-02 05:00:00,Slovakia,Slovakia,SK,238.88,271.86,73.29,19.31,entsoe.eu,false,
2022-10-02 06:00:00,Slovakia,Slovakia,SK,208.78,240.6,76.33,22.94,entsoe.eu,false,
2022-10-02 07:00:00,Slovakia,Slovakia,SK,174.18,203.86,79.51,25.04,entsoe.eu,false,
2022-10-02 08:00:00,Slovakia,Slovakia,SK,150.57,178.09,81.57,25.13,entsoe.eu,false,
2022-10-02 09:00:00,Slovakia,Slovakia,SK,148.76,175.51,81.39,23.28,entsoe.eu,false,
2022-10-02 10:00:00,Slovakia,Slovakia,SK,144.88,171.03,81.77,21.45,entsoe.eu,false,
2022-10-02 11:00:00,Slovakia,Slovakia,SK,135.38,161.3,82.53,19.89,entsoe.eu,false,
2022-10-02 12:00:00,Slovakia,Slovakia,SK,141.63,168.68,82.06,19.27,entsoe.eu,false,
2022-10-02 13:00:00,Slovakia,Slovakia,SK,210.03,242.35,76.26,19.89,entsoe.eu,false,
2022-10-02 14:00:00,Slovakia,Slovakia,SK,275.1,309.81,70.57,19.36,entsoe.eu,false,
2022-10-02 15:00:00,Slovakia,Slovakia,SK,274.23,307.28,70.79,18.25,entsoe.eu,false,
2022-10-02 16:00:00,Slovakia,Slovakia,SK,264.91,295.73,72.09,21.68,entsoe.eu,false,
2022-10-02 17:00:00,Slovakia,Slovakia,SK,287.25,317.39,71.72,25.7,entsoe.eu,false,
2022-10-02 18:00:00,Slovakia,Slovakia,SK,274.49,303.69,72.28,24.71,entsoe.eu,false,
2022-10-02 19:00:00,Slovakia,Slovakia,SK,289.43,320.79,69.0,17.06,entsoe.eu,false,
2022-10-02 20:00:00,Slovakia,Slovakia,SK,286.41,319.31,69.07,16.08,entsoe.eu,false,
2022-10-02 21:00:00,Slovakia,Slovakia,SK,276.51,310.39,70.0,16.56,entsoe.eu,false,
2022-10-02 22:00:00,Slovakia,Slovakia,SK,270.79,305.05,70.6,16.99,entsoe.eu,false,
2022-10-02 23:00:00,Slovakia,Slovakia,SK,258.21,291.89,71.86,16.97,entsoe.eu,false,
2022-10-03 00:00:00,Slovakia,Slovakia,SK,233.81,267.21,73.96,16.85,entsoe.eu,false,
2022-10-03 01:00:00,Slovakia,Slovakia,SK,241.24,274.33,73.33,16.82,entsoe.eu,false,
2022-10-03 02:00:00,Slovakia,Slovakia,SK,271.18,305.38,70.52,17.65,entsoe.eu,false,
2022-10-03 03:00:00,Slovakia,Slovakia,SK,296.01,330.37,68.27,17.65,entsoe.eu,false,
2022-10-03 04:00:00,Slovakia,Slovakia,SK,307.26,340.96,67.43,19.72,entsoe.eu,false,
2022-10-03 05:00:00,Slovakia,Slovakia,SK,313.91,347.76,67.23,21.13,entsoe.eu,false,
2022-10-03 06:00:00,Slovakia,Slovakia,SK,293.77,327.24,69.18,21.86,entsoe.eu,false,
2022-10-03 07:00:00,Slovakia,Slovakia,SK,257.31,289.84,72.19,21.73,entsoe.eu,false,
2022-10-03 08:00:00,Slovakia,Slovakia,SK,219.59,250.49,75.34,20.98,entsoe.eu,false,
2022-10-03 09:00:00,Slovakia,Slovakia,SK,204.01,234.08,76.47,19.96,entsoe.eu,false,
2022-10-03 10:00:00,Slovakia,Slovakia,SK,207.69,237.92,76.08,19.66,entsoe.eu,false,
2022-10-03 11:00:00,Slovakia,Slovakia,SK,223.17,254.46,74.73,20.04,entsoe.eu,false,
2022-10-03 12:00:00,Slovakia,Slovakia,SK,217.65,248.69,75.34,19.74,entsoe.eu,false,
2022-10-03 13:00:00,Slovakia,Slovakia,SK,250.47,283.5,71.38,18.67,entsoe.eu,false,
2022-10-03 14:00:00,Slovakia,Slovakia,SK,258.47,291.24,70.54,17.07,entsoe.eu,false,
2022-10-03 15:00:00,Slovakia,Slovakia,SK,282.84,316.4,68.88,17.88,entsoe.eu,false,
2022-10-03 16:00:00,Slovakia,Slovakia,SK,290.32,322.56,70.08,22.6,entsoe.eu,false,
2022-10-03 17:00:00,Slovakia,Slovakia,SK,304.91,338.24,69.12,23.65,entsoe.eu,false,
2022-10-03 18:00:00,Slovakia,Slovakia,SK,297.24,330.58,69.25,22.06,entsoe.eu,false,
2022-10-03 19:00:00,Slovakia,Slovakia,SK,276.1,310.18,69.4,17.61,entsoe.eu,false,
2022-10-03 20:00:00,Slovakia,Slovakia,SK,259.66,293.47,70.43,16.69,entsoe.eu,false,
2022-10-03 21:00:00,Slovakia,Slovakia,SK,250.06,284.78,71.02,15.58,entsoe.eu,false,
2022-10-03 22:00:00,Slovakia,Slovakia,SK,234.88,270.08,72.56,16.63,entsoe.eu,false,
2022-10-03 23:00:00,Slovakia,Slovakia,SK,237.37,274.11,72.58,17.96,entsoe.eu,false,
2022-10-04 00:00:00,Slovakia,Slovakia,SK,253.96,291.56,70.98,18.0,entsoe.eu,false,
2022-10-04 01:00:00,Slovakia,Slovakia,SK,248.99,286.46,71.46,18.18,entsoe.eu,false,
2022-10-04 02:00:00,Slovakia,Slovakia,SK,247.02,283.27,71.73,18.13,entsoe.eu,false,
2022-10-04 03:00:00,Slovakia,Slovakia,SK,282.92,317.66,68.58,17.01,entsoe.eu,false,
2022-10-04 04:00:00,Slovakia,Slovakia,SK,306.31,341.88,66.48,18.14,entsoe.eu,false,
2022-10-04 05:00:00,Slovakia,Slovakia,SK,287.09,321.77,69.06,20.54,entsoe.eu,false,
2022-10-04 06:00:00,Slovakia,Slovakia,SK,260.6,293.92,71.76,21.74,entsoe.eu,false,
2022-10-04 07:00:00,Slovakia,Slovakia,SK,227.02,259.57,74.02,21.84,entsoe.eu,false,
2022-10-04 08:00:00,Slovakia,Slovakia,SK,217.21,250.08,74.73,22.57,entsoe.eu,false,
2022-10-04 09:00:00,Slovakia,Slovakia,SK,233.3,266.2,73.49,22.94,entsoe.eu,false,
2022-10-04 10:00:00,Slovakia,Slovakia,SK,222.24,254.41,74.33,24.4,entsoe.eu,false,
2022-10-04 11:00:00,Slovakia,Slovakia,SK,235.39,268.26,73.04,24.1,entsoe.eu,false,
2022-10-04 12:00:00,Slovakia,Slovakia,SK,233.78,265.96,72.95,22.66,entsoe.eu,false,
2022-10-04 13:00:00,Slovakia,Slovakia,SK,259.38,292.19,71.12,22.2,entsoe.eu,false,
2022-10-04 14:00:00,Slovakia,Slovakia,SK,281.21,315.23,69.09,20.61,entsoe.eu,false,
2022-10-04 15:00:00,Slovakia,Slovakia,SK,328.25,364.34,64.84,17.64,entsoe.eu,false,
2022-10-04 16:00:00,Slovakia,Slovakia,SK,338.08,372.36,66.51,22.41,entsoe.eu,false,
2022-10-04 17:00:00,Slovakia,Slovakia,SK,348.6,383.5,66.2,24.88,entsoe.eu,false,
2022-10-04 18:00:00,Slovakia,Slovakia,SK,372.53,410.36,62.11,19.13,entsoe.eu,false,
2022-10-04 19:00:00,Slovakia,Slovakia,SK,370.13,409.05,60.97,16.85,entsoe.eu,false,
2022-10-04 20:00:00,Slovakia,Slovakia,SK,353.4,391.27,62.49,16.64,entsoe.eu,false,
2022-10-04 21:00:00,Slovakia,Slovakia,SK,332.94,370.59,63.9,16.64,entsoe.eu,false,
2022-10-04 22:00:00,Slovakia,Slovakia,SK,301.71,340.05,66.52,17.84,entsoe.eu,false,
2022-10-04 23:00:00,Slovakia,Slovakia,SK,297.01,335.68,67.04,18.07,entsoe.eu,false,
2022-10-05 00:00:00,Slovakia,Slovakia,SK,307.39,346.22,66.17,17.91,entsoe.eu,false,
2022-10-05 01:00:00,Slovakia,Slovakia,SK,308.08,347.09,66.06,17.81,entsoe.eu,false,
2022-10-05 02:00:00,Slovakia,Slovakia,SK,306.3,345.01,66.11,18.02,entsoe.eu,false,
2022-10-05 03:00:00,Slovakia,Slovakia,SK,308.95,346.79,65.91,17.61,entsoe.eu,false,
2022-10-05 04:00:00,Slovakia,Slovakia,SK,319.69,357.89,65.27,19.49,entsoe.eu,false,
2022-10-05 05:00:00,Slovakia,Slovakia,SK,301.36,337.32,67.8,22.47,entsoe.eu,false,
2022-10-05 06:00:00,Slovakia,Slovakia,SK,275.16,309.33,70.86,25.37,entsoe.eu,false,
2022-10-05 07:00:00,Slovakia,Slovakia,SK,262.61,297.89,70.77,23.49,entsoe.eu,false,
2022-10-05 08:00:00,Slovakia,Slovakia,SK,234.63,269.02,73.07,24.05,entsoe.eu,false,
2022-10-05 09:00:00,Slovakia,Slovakia,SK,241.07,276.06,72.47,24.14,entsoe.eu,false,
2022-10-05 10:00:00,Slovakia,Slovakia,SK,233.37,267.95,73.17,23.48,entsoe.eu,false,
2022-10-05 11:00:00,Slovakia,Slovakia,SK,237.22,272.55,72.64,23.23,entsoe.eu,false,
2022-10-05 12:00:00,Slovakia,Slovakia,SK,266.19,302.06,70.2,22.03,entsoe.eu,false,
2022-10-05 13:00:00,Slovakia,Slovakia,SK,292.81,330.64,67.74,20.73,entsoe.eu,false,
2022-10-05 14:00:00,Slovakia,Slovakia,SK,301.95,339.57,66.97,20.05,entsoe.eu,false,
2022-10-05 15:00:00,Slovakia,Slovakia,SK,316.19,354.54,65.75,19.16,entsoe.eu,false,
2022-10-05 16:00:00,Slovakia,Slovakia,SK,332.05,369.94,65.58,21.75,entsoe.eu,false,
2022-10-05 17:00:00,Slovakia,Slovakia,SK,317.44,352.32,68.87,26.8,entsoe.eu,false,
2022-10-05 18:00:00,Slovakia,Slovakia,SK,312.17,347.84,68.05,24.84,entsoe.eu,false,
2022-10-05 19:00:00,Slovakia,Slovakia,SK,307.01,343.85,66.91,21.58,entsoe.eu,false,
2022-10-05 20:00:00,Slovakia,Slovakia,SK,297.05,333.88,67.1,20.26,entsoe.eu,false,
2022-10-05 21:00:00,Slovakia,Slovakia,SK,295.32,332.21,67.26,19.84,entsoe.eu,false,
2022-10-05 22:00:00,Slovakia,Slovakia,SK,299.62,337.12,66.75,17.0,entsoe.eu,false,
2022-10-05 23:00:00,Slovakia,Slovakia,SK,308.3,347.35,65.91,18.16,entsoe.eu,false,
2022-10-06 00:00:00,Slovakia,Slovakia,SK,308.46,347.44,66.11,18.77,entsoe.eu,false,
2022-10-06 01:00:00,Slovakia,Slovakia,SK,302.73,341.97,66.65,19.46,entsoe.eu,false,
2022-10-06 02:00:00,Slovakia,Slovakia,SK,320.88,359.46,64.87,17.98,entsoe.eu,false,
2022-10-06 03:00:00,Slovakia,Slovakia,SK,310.21,347.91,65.82,18.18,entsoe.eu,false,
2022-10-06 04:00:00,Slovakia,Slovakia,SK,308.45,346.09,66.32,20.27,entsoe.eu,false,
2022-10-06 05:00:00,Slovakia,Slovakia,SK,309.68,345.84,67.08,21.88,entsoe.eu,false,
2022-10-06 06:00:00,Slovakia,Slovakia,SK,285.24,320.93,68.54,22.21,entsoe.eu,false,
2022-10-06 07:00:00,Slovakia,Slovakia,SK,252.53,287.72,71.08,22.55,entsoe.eu,false,
2022-10-06 08:00:00,Slovakia,Slovakia,SK,234.21,269.11,72.74,23.33,entsoe.eu,false,
2022-10-06 09:00:00,Slovakia,Slovakia,SK,230.23,266.09,73.24,24.4,entsoe.eu,false,
2022-10-06 10:00:00,Slovakia,Slovakia,SK,253.7,290.43,71.24,25.56,entsoe.eu,false,
2022-10-06 11:00:00,Slovakia,Slovakia,SK,250.13,287.67,71.3,24.37,entsoe.eu,false,
2022-10-06 12:00:00,Slovakia,Slovakia,SK,254.43,290.19,70.99,23.84,entsoe.eu,false,
2022-10-06 13:00:00,Slovakia,Slovakia,SK,278.65,316.2,68.73,23.5,entsoe.eu,false,
2022-10-06 14:00:00,Slovakia,Slovakia,SK,298.43,335.82,67.05,20.99,entsoe.eu,false,
2022-10-06 15:00:00,Slovakia,Slovakia,SK,325.83,363.19,65.29,19.12,entsoe.eu,false,
2022-10-06 16:00:00,Slovakia,Slovakia,SK,329.77,366.61,66.82,24.2,entsoe.eu,false,
2022-10-06 17:00:00,Slovakia,Slovakia,SK,328.47,364.44,67.85,27.31,entsoe.eu,false,
2022-10-06 18:00:00,Slovakia,Slovakia,SK,325.58,361.46,67.93,25.56,entsoe.eu,false,
2022-10-06 19:00:00,Slovakia,Slovakia,SK,322.74,361.63,65.37,18.56,entsoe.eu,false,
2022-10-06 20:00:00,Slovakia,Slovakia,SK,327.98,367.19,64.3,17.07,entsoe.eu,false,
2022-10-06 21:00:00,Slovakia,Slovakia,SK,325.34,364.65,64.12,15.57,entsoe.eu,false,
2022-10-06 22:00:00,Slovakia,Slovakia,SK,327.91,367.33,63.92,13.78,entsoe.eu,false,
2022-10-06 23:00:00,Slovakia,Slovakia,SK,315.52,355.4,65.21,13.78,entsoe.eu,false,
2022-10-07 00:00:00,Slovakia,Slovakia,SK,330.33,370.64,64.05,13.34,entsoe.eu,false,
2022-10-07 01:00:00,Slovakia,Slovakia,SK,320.98,361.22,64.81,13.36,entsoe.eu,false,
2022-10-07 02:00:00,Slovakia,Slovakia,SK,321.07,361.23,64.64,13.39,entsoe.eu,false,
2022-10-07 03:00:00,Slovakia,Slovakia,SK,320.79,360.48,64.76,14.44,entsoe.eu,false,
2022-10-07 04:00:00,Slovakia,Slovakia,SK,309.82,349.44,65.95,17.2,entsoe.eu,false,
2022-10-07 05:00:00,Slovakia,Slovakia,SK,314.49,353.54,66.16,18.82,entsoe.eu,false,
2022-10-07 06:00:00,Slovakia,Slovakia,SK,289.17,327.38,68.72,21.35,entsoe.eu,false,
2022-10-07 07:00:00,Slovakia,Slovakia,SK,226.22,262.62,73.77,22.73,entsoe.eu,false,
2022-10-07 08:00:00,Slovakia,Slovakia,SK,203.19,238.76,75.9,23.56,entsoe.eu,false,
2022-10-07 09:00:00,Slovakia,Slovakia,SK,208.18,244.31,75.75,24.9,entsoe.eu,false,
2022-10-07 10:00:00,Slovakia,Slovakia,SK,205.47,241.73,75.91,26.04,entsoe.eu,false,
2022-10-07 11:00:00,Slovakia,Slovakia,SK,194.53,230.7,76.76,26.48,entsoe.eu,false,
2022-10-07 12:00:00,Slovakia,Slovakia,SK,197.51,233.48,76.32,25.51,entsoe.eu,false,
2022-10-07 13:00:00,Slovakia,Slovakia,SK,251.15,288.31,71.68,23.55,entsoe.eu,false,
2022-10-07 14:00:00,Slovakia,Slovakia,SK,276.85,313.5,69.09,21.14,entsoe.eu,false,
2022-10-07 15:00:00,Slovakia,Slovakia,SK,290.52,327.51,68.42,20.26,entsoe.eu,false,
2022-10-07 16:00:00,Slovakia,Slovakia,SK,320.77,358.01,66.17,19.83,entsoe.eu,false,
2022-10-07 17:00:00,Slovakia,Slovakia,SK,314.79,350.26,68.04,23.67,entsoe.eu,false,
2022-10-07 18:00:00,Slovakia,Slovakia,SK,308.03,343.31,68.38,23.03,entsoe.eu,false,
2022-10-07 19:00:00,Slovakia,Slovakia,SK,310.66,347.2,66.56,19.89,entsoe.eu,false,
2022-10-07 20:00:00,Slovakia,Slovakia,SK,309.56,346.15,66.56,18.69,entsoe.eu,false,
2022-10-07 21:00:00,Slovakia,Slovakia,SK,303.93,340.69,67.0,17.45,entsoe.eu,false,
2022-10-07 22:00:00,Slovakia,Slovakia,SK,305.31,342.49,67.13,16.64,entsoe.eu,false,
2022-10-07 23:00:00,Slovakia,Slovakia,SK,306.3,343.8,67.17,15.6,entsoe.eu,false,
2022-10-08 00:00:00,Slovakia,Slovakia,SK,305.34,342.81,67.3,15.03,entsoe.eu,false,
2022-10-08 01:00:00,Slovakia,Slovakia,SK,307.12,345.18,67.2,15.35,entsoe.eu,false,
2022-10-08 02:00:00,Slovakia,Slovakia,SK,314.24,352.86,66.44,15.35,entsoe.eu,false,
2022-10-08 03:00:00,Slovakia,Slovakia,SK,305.54,343.68,67.04,15.38,entsoe.eu,false,
2022-10-08 04:00:00,Slovakia,Slovakia,SK,305.5,343.99,67.3,17.13,entsoe.eu,false,
2022-10-08 05:00:00,Slovakia,Slovakia,SK,302.91,341.08,67.52,18.08,entsoe.eu,false,
2022-10-08 06:00:00,Slovakia,Slovakia,SK,277.81,314.91,69.91,20.34,entsoe.eu,false,
2022-10-08 07:00:00,Slovakia,Slovakia,SK,248.34,284.76,72.64,22.19,entsoe.eu,false,
2022-10-08 08:00:00,Slovakia,Slovakia,SK,229.16,265.76,74.35,22.5,entsoe.eu,false,
2022-10-08 09:00:00,Slovakia,Slovakia,SK,209.41,245.0,76.21,24.0,entsoe.eu,false,
2022-10-08 10:00:00,Slovakia,Slovakia,SK,218.92,255.02,75.47,24.96,entsoe.eu,false,
2022-10-08 11:00:00,Slovakia,Slovakia,SK,221.31,257.31,75.34,25.07,entsoe.eu,false,
2022-10-08 12:00:00,Slovakia,Slovakia,SK,240.39,277.21,73.58,24.06,entsoe.eu,false,
2022-10-08 13:00:00,Slovakia,Slovakia,SK,276.27,314.35,70.23,22.98,entsoe.eu,false,
2022-10-08 14:00:00,Slovakia,Slovakia,SK,290.46,328.86,68.95,23.2,entsoe.eu,false,
2022-10-08 15:00:00,Slovakia,Slovakia,SK,307.83,346.29,67.85,22.34,entsoe.eu,false,
2022-10-08 16:00:00,Slovakia,Slovakia,SK,308.88,345.12,69.49,25.36,entsoe.eu,false,
2022-10-08 17:00:00,Slovakia,Slovakia,SK,297.02,332.39,70.6,26.54,entsoe.eu,false,
2022-10-08 18:00:00,Slovakia,Slovakia,SK,300.54,336.8,69.38,23.77,entsoe.eu,false,
2022-10-08 19:00:00,Slovakia,Slovakia,SK,302.14,338.53,68.61,22.82,entsoe.eu,false,
2022-10-08 20:00:00,Slovakia,Slovakia,SK,288.19,324.67,68.82,19.14,entsoe.eu,false,
2022-10-08 21:00:00,Slovakia,Slovakia,SK,293.66,330.31,68.29,17.52,entsoe.eu,false,
2022-10-08 22:00:00,Slovakia,Slovakia,SK,273.71,308.81,70.32,16.96,entsoe.eu,false,
2022-10-08 23:00:00,Slovakia,Slovakia,SK,256.43,291.47,71.75,16.85,entsoe.eu,false,
2022-10-09 00:00:00,Slovakia,Slovakia,SK,268.93,305.4,70.44,16.04,entsoe.eu,false,
2022-10-09 01:00:00,Slovakia,Slovakia,SK,271.42,308.34,70.24,16.14,entsoe.eu,false,
2022-10-09 02:00:00,Slovakia,Slovakia,SK,269.15,306.11,70.17,15.75,entsoe.eu,false,
2022-10-09 03:00:00,Slovakia,Slovakia,SK,254.12,290.11,71.41,15.22,entsoe.eu,false,
2022-10-09 04:00:00,Slovakia,Slovakia,SK,237.89,272.98,72.87,16.67,entsoe.eu,false,
2022-10-09 05:00:00,Slovakia,Slovakia,SK,205.24,236.31,75.9,16.6,entsoe.eu,false,
2022-10-09 06:00:00,Slovakia,Slovakia,SK,188.35,218.99,77.44,18.85,entsoe.eu,false,
2022-10-09 07:00:00,Slovakia,Slovakia,SK,191.48,223.15,77.09,20.85,entsoe.eu,false,
2022-10-09 08:00:00,Slovakia,Slovakia,SK,183.08,215.63,78.07,23.28,entsoe.eu,false,
2022-10-09 09:00:00,Slovakia,Slovakia,SK,183.32,216.21,78.17,24.89,entsoe.eu,false,
2022-10-09 10:00:00,Slovakia,Slovakia,SK,172.65,204.82,79.14,24.17,entsoe.eu,false,
2022-10-09 11:00:00,Slovakia,Slovakia,SK,165.02,197.02,79.83,24.5,entsoe.eu,false,
2022-10-09 12:00:00,Slovakia,Slovakia,SK,170.81,203.51,79.41,24.14,entsoe.eu,false,
2022-10-09 13:00:00,Slovakia,Slovakia,SK,183.07,216.05,78.18,23.64,entsoe.eu,false,
2022-10-09 14:00:00,Slovakia,Slovakia,SK,213.84,246.98,75.17,21.03,entsoe.eu,false,
2022-10-09 15:00:00,Slovakia,Slovakia,SK,242.27,276.33,72.71,18.8,entsoe.eu,false,
2022-10-09 16:00:00,Slovakia,Slovakia,SK,263.11,297.41,72.2,20.65,entsoe.eu,false,
2022-10-09 17:00:00,Slovakia,Slovakia,SK,318.68,355.32,68.45,23.24,entsoe.eu,false,
2022-10-09 18:00:00,Slovakia,Slovakia,SK,325.27,362.37,67.82,23.07,entsoe.eu,false,
2022-10-09 19:00:00,Slovakia,Slovakia,SK,282.63,318.42,69.89,20.73,entsoe.eu,false,
2022-10-09 20:00:00,Slovakia,Slovakia,SK,296.66,334.68,67.83,17.59,entsoe.eu,false,
2022-10-09 21:00:00,Slovakia,Slovakia,SK,256.77,291.97,71.32,16.53,entsoe.eu,false,
2022-10-09 22:00:00,Slovakia,Slovakia,SK,252.44,288.7,71.92,16.11,entsoe.eu,false,
2022-10-09 23:00:00,Slovakia,Slovakia,SK,246.86,282.68,72.61,16.22,entsoe.eu,false,
2022-10-10 00:00:00,Slovakia,Slovakia,SK,252.75,288.54,72.14,15.61,entsoe.eu,false,
2022-10-10 01:00:00,Slovakia,Slovakia,SK,258.72,293.6,71.83,15.27,entsoe.eu,false,
2022-10-10 02:00:00,Slovakia,Slovakia,SK,277.46,312.65,69.94,14.93,entsoe.eu,false,
2022-10-10 03:00:00,Slovakia,Slovakia,SK,319.49,355.75,66.2,15.75,entsoe.eu,false,
2022-10-10 04:00:00,Slovakia,Slovakia,SK,345.2,383.96,63.72,18.6,entsoe.eu,false,
2022-10-10 05:00:00,Slovakia,Slovakia,SK,346.94,385.67,64.07,20.44,entsoe.eu,false,
2022-10-10 06:00:00,Slovakia,Slovakia,SK,304.29,340.23,68.5,23.31,entsoe.eu,false,
2022-10-10 07:00:00,Slovakia,Slovakia,SK,278.19,314.92,69.96,23.75,entsoe.eu,false,
2022-10-10 08:00:00,Slovakia,Slovakia,SK,263.88,300.28,71.32,24.63,entsoe.eu,false,
2022-10-10 09:00:00,Slovakia,Slovakia,SK,243.84,279.32,73.08,25.05,entsoe.eu,false,
2022-10-10 10:00:00,Slovakia,Slovakia,SK,250.63,286.8,72.62,26.76,entsoe.eu,false,
2022-10-10 11:00:00,Slovakia,Slovakia,SK,270.87,307.4,70.94,27.36,entsoe.eu,false,
2022-10-10 12:00:00,Slovakia,Slovakia,SK,280.46,317.53,69.92,26.74,entsoe.eu,false,
2022-10-10 13:00:00,Slovakia,Slovakia,SK,298.71,336.16,68.06,24.08,entsoe.eu,false,
2022-10-10 14:00:00,Slovakia,Slovakia,SK,337.37,376.46,64.48,20.49,entsoe.eu,false,
2022-10-10 15:00:00,Slovakia,Slovakia,SK,356.01,394.34,63.94,19.27,entsoe.eu,false,
2022-10-10 16:00:00,Slovakia,Slovakia,SK,342.76,379.71,66.28,23.75,entsoe.eu,false,
2022-10-10 17:00:00,Slovakia,Slovakia,SK,329.53,365.36,67.54,25.24,entsoe.eu,false,
2022-10-10 18:00:00,Slovakia,Slovakia,SK,344.92,381.85,65.51,22.06,entsoe.eu,false,
2022-10-10 19:00:00,Slovakia,Slovakia,SK,362.71,401.76,62.24,18.98,entsoe.eu,false,
2022-10-10 20:00:00,Slovakia,Slovakia,SK,367.6,406.91,61.51,17.6,entsoe.eu,false,
2022-10-10 21:00:00,Slovakia,Slovakia,SK,367.33,406.18,61.64,17.4,entsoe.eu,false,
2022-10-10 22:00:00,Slovakia,Slovakia,SK,356.07,394.36,62.55,17.17,entsoe.eu,false,
2022-10-10 23:00:00,Slovakia,Slovakia,SK,356.8,396.4,62.47,17.67,entsoe.eu,false,
2022-10-11 00:00:00,Slovakia,Slovakia,SK,356.87,396.32,62.59,17.44,entsoe.eu,false,
2022-10-11 01:00:00,Slovakia,Slovakia,SK,359.71,398.75,62.34,17.17,entsoe.eu,false,
2022-10-11 02:00:00,Slovakia,Slovakia,SK,379.72,420.13,60.37,16.57,entsoe.eu,false,
2022-10-11 03:00:00,Slovakia,Slovakia,SK,375.81,415.53,60.39,15.86,entsoe.eu,false,
2022-10-11 04:00:00,Slovakia,Slovakia,SK,371.4,412.3,60.32,17.12,entsoe.eu,false,
2022-10-11 05:00:00,Slovakia,Slovakia,SK,333.54,371.71,64.4,18.8,entsoe.eu,false,
2022-10-11 06:00:00,Slovakia,Slovakia,SK,338.83,375.59,65.28,22.51,entsoe.eu,false,
2022-10-11 07:00:00,Slovakia,Slovakia,SK,319.53,358.02,64.63,19.4,entsoe.eu,false,
2022-10-11 08:00:00,Slovakia,Slovakia,SK,308.07,346.18,65.68,20.36,entsoe.eu,false,
2022-10-11 09:00:00,Slovakia,Slovakia,SK,306.39,344.73,66.0,21.44,entsoe.eu,false,
2022-10-11 10:00:00,Slovakia,Slovakia,SK,312.81,351.03,66.1,22.54,entsoe.eu,false,
2022-10-11 11:00:00,Slovakia,Slovakia,SK,315.15,353.3,65.9,22.02,entsoe.eu,false,
2022-10-11 12:00:00,Slovakia,Slovakia,SK,333.28,372.29,64.22,21.4,entsoe.eu,false,
2022-10-11 13:00:00,Slovakia,Slovakia,SK,347.22,387.18,62.38,19.41,entsoe.eu,false,
2022-10-11 14:00:00,Slovakia,Slovakia,SK,367.26,408.04,60.27,16.91,entsoe.eu,false,
2022-10-11 15:00:00,Slovakia,Slovakia,SK,367.9,407.23,60.33,14.78,entsoe.eu,false,
2022-10-11 16:00:00,Slovakia,Slovakia,SK,349.32,385.79,64.5,20.12,entsoe.eu,false,
2022-10-11 17:00:00,Slovakia,Slovakia,SK,337.99,373.87,65.66,20.79,entsoe.eu,false,
2022-10-11 18:00:00,Slovakia,Slovakia,SK,306.35,341.48,68.02,19.62,entsoe.eu,false,
2022-10-11 19:00:00,Slovakia,Slovakia,SK,346.07,384.46,62.43,14.18,entsoe.eu,false,
2022-10-11 20:00:00,Slovakia,Slovakia,SK,357.61,396.68,60.92,12.71,entsoe.eu,false,
2022-10-11 21:00:00,Slovakia,Slovakia,SK,344.98,382.94,62.63,12.37,entsoe.eu,false,
2022-10-11 22:00:00,Slovakia,Slovakia,SK,363.86,403.4,61.81,12.22,entsoe.eu,false,
2022-10-11 23:00:00,Slovakia,Slovakia,SK,396.65,438.7,59.13,11.74,entsoe.eu,false,
2022-10-12 00:00:00,Slovakia,Slovakia,SK,404.12,447.38,58.65,11.69,entsoe.eu,false,
2022-10-12 01:00:00,Slovakia,Slovakia,SK,405.75,448.93,58.48,11.41,entsoe.eu,false,
2022-10-12 02:00:00,Slovakia,Slovakia,SK,406.35,448.75,58.21,11.09,entsoe.eu,false,
2022-10-12 03:00:00,Slovakia,Slovakia,SK,382.05,422.17,59.82,11.46,entsoe.eu,false,
2022-10-12 04:00:00,Slovakia,Slovakia,SK,392.38,434.01,58.33,13.17,entsoe.eu,false,
2022-10-12 05:00:00,Slovakia,Slovakia,SK,367.21,406.28,62.32,17.88,entsoe.eu,false,
2022-10-12 06:00:00,Slovakia,Slovakia,SK,356.26,394.36,63.46,19.33,entsoe.eu,false,
2022-10-12 07:00:00,Slovakia,Slovakia,SK,346.79,385.65,63.3,19.16,entsoe.eu,false,
2022-10-12 08:00:00,Slovakia,Slovakia,SK,329.9,368.88,64.11,18.46,entsoe.eu,false,
2022-10-12 09:00:00,Slovakia,Slovakia,SK,330.95,370.27,64.06,19.63,entsoe.eu,false,
2022-10-12 10:00:00,Slovakia,Slovakia,SK,342.88,382.89,62.84,20.21,entsoe.eu,false,
2022-10-12 11:00:00,Slovakia,Slovakia,SK,353.8,393.21,61.61,19.03,entsoe.eu,false,
2022-10-12 12:00:00,Slovakia,Slovakia,SK,370.82,410.53,60.18,17.54,entsoe.eu,false,
2022-10-12 13:00:00,Slovakia,Slovakia,SK,395.42,436.52,57.67,15.62,entsoe.eu,false,
2022-10-12 14:00:00,Slovakia,Slovakia,SK,399.49,440.09,57.1,13.2,entsoe.eu,false,
2022-10-12 15:00:00,Slovakia,Slovakia,SK,396.25,435.99,57.66,12.2,entsoe.eu,false,
2022-10-12 16:00:00,Slovakia,Slovakia,SK,366.54,402.65,62.45,18.48,entsoe.eu,false,
2022-10-12 17:00:00,Slovakia,Slovakia,SK,357.76,393.47,63.49,20.66,entsoe.eu,false,
2022-10-12 18:00:00,Slovakia,Slovakia,SK,372.82,410.18,60.73,16.87,entsoe.eu,false,
2022-10-12 19:00:00,Slovakia,Slovakia,SK,408.77,448.78,56.69,12.58,entsoe.eu,false,
2022-10-12 20:00:00,Slovakia,Slovakia,SK,421.88,462.24,55.54,10.77,entsoe.eu,false,
2022-10-12 21:00:00,Slovakia,Slovakia,SK,415.34,454.74,56.97,10.78,entsoe.eu,false,
2022-10-12 22:00:00,Slovakia,Slovakia,SK,412.03,450.64,57.38,10.89,entsoe.eu,false,
2022-10-12 23:00:00,Slovakia,Slovakia,SK,390.72,429.28,59.24,11.37,entsoe.eu,false,
2022-10-13 00:00:00,Slovakia,Slovakia,SK,382.89,422.12,59.77,11.72,entsoe.eu,false,
2022-10-13 01:00:00,Slovakia,Slovakia,SK,376.49,415.37,60.29,11.58,entsoe.eu,false,
2022-10-13 02:00:00,Slovakia,Slovakia,SK,383.36,422.3,59.54,11.58,entsoe.eu,false,
2022-10-13 03:00:00,Slovakia,Slovakia,SK,416.5,457.3,56.1,11.47,entsoe.eu,false,
2022-10-13 04:00:00,Slovakia,Slovakia,SK,407.19,449.14,56.06,13.8,entsoe.eu,false,
2022-10-13 05:00:00,Slovakia,Slovakia,SK,374.95,412.99,60.7,17.04,entsoe.eu,false,
2022-10-13 06:00:00,Slovakia,Slovakia,SK,365.15,401.87,62.37,20.01,entsoe.eu,false,
2022-10-13 07:00:00,Slovakia,Slovakia,SK,325.45,361.59,65.24,20.84,entsoe.eu,false,
2022-10-13 08:00:00,Slovakia,Slovakia,SK,299.9,336.31,66.7,20.01,entsoe.eu,false,
2022-10-13 09:00:00,Slovakia,Slovakia,SK,278.28,314.58,68.62,20.93,entsoe.eu,false,
2022-10-13 10:00:00,Slovakia,Slovakia,SK,270.36,305.57,69.72,21.61,entsoe.eu,false,
2022-10-13 11:00:00,Slovakia,Slovakia,SK,285.95,322.11,67.84,20.43,entsoe.eu,false,
2022-10-13 12:00:00,Slovakia,Slovakia,SK,302.75,339.17,66.49,19.47,entsoe.eu,false,
2022-10-13 13:00:00,Slovakia,Slovakia,SK,328.78,365.78,64.08,17.24,entsoe.eu,false,
2022-10-13 14:00:00,Slovakia,Slovakia,SK,353.82,392.19,61.16,14.0,entsoe.eu,false,
2022-10-13 15:00:00,Slovakia,Slovakia,SK,357.1,395.12,60.8,12.36,entsoe.eu,false,
2022-10-13 16:00:00,Slovakia,Slovakia,SK,384.71,422.8,59.84,16.85,entsoe.eu,false,
2022-10-13 17:00:00,Slovakia,Slovakia,SK,386.48,424.28,60.14,18.28,entsoe.eu,false,
2022-10-13 18:00:00,Slovakia,Slovakia,SK,380.98,419.73,58.68,13.91,entsoe.eu,false,
2022-10-13 19:00:00,Slovakia,Slovakia,SK,371.86,410.7,59.4,13.45,entsoe.eu,false,
2022-10-13 20:00:00,Slovakia,Slovakia,SK,379.69,418.11,59.14,12.15,entsoe.eu,false,
2022-10-13 21:00:00,Slovakia,Slovakia,SK,359.14,396.18,61.81,12.35,entsoe.eu,false,
2022-10-13 22:00:00,Slovakia,Slovakia,SK,364.35,402.5,61.21,11.75,entsoe.eu,false,
2022-10-13 23:00:00,Slovakia,Slovakia,SK,367.86,406.76,60.91,11.36,entsoe.eu,false,
2022-10-14 00:00:00,Slovakia,Slovakia,SK,359.2,398.5,61.78,11.17,entsoe.eu,false,
2022-10-14 01:00:00,Slovakia,Slovakia,SK,370.03,409.66,60.8,10.85,entsoe.eu,false,
2022-10-14 02:00:00,Slovakia,Slovakia,SK,381.48,421.42,59.56,10.68,entsoe.eu,false,
2022-10-14 03:00:00,Slovakia,Slovakia,SK,392.75,432.76,58.12,10.27,entsoe.eu,false,
2022-10-14 04:00:00,Slovakia,Slovakia,SK,389.52,431.42,57.61,12.26,entsoe.eu,false,
2022-10-14 05:00:00,Slovakia,Slovakia,SK,384.54,424.15,59.97,17.15,entsoe.eu,false,
2022-10-14 06:00:00,Slovakia,Slovakia,SK,318.17,353.45,66.29,19.66,entsoe.eu,false,
2022-10-14 07:00:00,Slovakia,Slovakia,SK,328.47,366.26,64.73,17.48,entsoe.eu,false,
2022-10-14 08:00:00,Slovakia,Slovakia,SK,295.76,333.5,66.81,16.9,entsoe.eu,false,
2022-10-14 09:00:00,Slovakia,Slovakia,SK,297.2,335.22,66.72,15.8,entsoe.eu,false,
2022-10-14 10:00:00,Slovakia,Slovakia,SK,297.05,334.89,66.74,15.76,entsoe.eu,false,
2022-10-14 11:00:00,Slovakia,Slovakia,SK,297.93,335.63,66.77,16.21,entsoe.eu,false,
2022-10-14 12:00:00,Slovakia,Slovakia,SK,311.53,349.67,65.16,15.02,entsoe.eu,false,
2022-10-14 13:00:00,Slovakia,Slovakia,SK,350.58,390.07,61.44,13.07,entsoe.eu,false,
2022-10-14 14:00:00,Slovakia,Slovakia,SK,355.38,394.46,60.71,12.48,entsoe.eu,false,
2022-10-14 15:00:00,Slovakia,Slovakia,SK,369.96,408.92,59.9,12.89,entsoe.eu,false,
2022-10-14 16:00:00,Slovakia,Slovakia,SK,367.77,405.35,61.71,17.99,entsoe.eu,false,
2022-10-14 17:00:00,Slovakia,Slovakia,SK,396.89,435.72,59.49,17.84,entsoe.eu,false,
2022-10-14 18:00:00,Slovakia,Slovakia,SK,399.73,440.1,57.57,14.94,entsoe.eu,false,
2022-10-14 19:00:00,Slovakia,Slovakia,SK,393.0,433.67,58.36,13.47,entsoe.eu,false,
2022-10-14 20:00:00,Slovakia,Slovakia,SK,391.68,432.08,58.72,12.57,entsoe.eu,false,
2022-10-14 21:00:00,Slovakia,Slovakia,SK,382.92,422.57,59.56,12.62,entsoe.eu,false,
2022-10-14 22:00:00,Slovakia,Slovakia,SK,355.74,393.72,61.9,12.35,entsoe.eu,false,
2022-10-14 23:00:00,Slovakia,Slovakia,SK,331.79,369.23,63.89,12.48,entsoe.eu,false,
2022-10-15 00:00:00,Slovakia,Slovakia,SK,329.13,367.35,64.19,12.62,entsoe.eu,false,
2022-10-15 01:00:00,Slovakia,Slovakia,SK,303.68,340.6,66.29,12.26,entsoe.eu,false,
2022-10-15 02:00:00,Slovakia,Slovakia,SK,313.33,350.3,65.48,12.37,entsoe.eu,false,
2022-10-15 03:00:00,Slovakia,Slovakia,SK,332.9,370.32,63.84,12.28,entsoe.eu,false,
2022-10-15 04:00:00,Slovakia,Slovakia,SK,344.64,382.71,62.81,13.51,entsoe.eu,false,
2022-10-15 05:00:00,Slovakia,Slovakia,SK,344.83,383.14,63.02,15.7,entsoe.eu,false,
2022-10-15 06:00:00,Slovakia,Slovakia,SK,326.26,363.99,64.58,17.27,entsoe.eu,false,
2022-10-15 07:00:00,Slovakia,Slovakia,SK,295.24,331.98,67.59,18.77,entsoe.eu,false,
2022-10-15 08:00:00,Slovakia,Slovakia,SK,295.66,333.83,67.59,18.98,entsoe.eu,false,
2022-10-15 09:00:00,Slovakia,Slovakia,SK,292.6,331.17,67.92,18.83,entsoe.eu,false,
2022-10-15 10:00:00,Slovakia,Slovakia,SK,290.03,327.86,68.19,19.03,entsoe.eu,false,
2022-10-15 11:00:00,Slovakia,Slovakia,SK,273.89,311.55,69.47,18.92,entsoe.eu,false,
2022-10-15 12:00:00,Slovakia,Slovakia,SK,296.56,334.97,67.33,18.23,entsoe.eu,false,
2022-10-15 13:00:00,Slovakia,Slovakia,SK,313.66,352.63,65.72,17.2,entsoe.eu,false,
2022-10-15 14:00:00,Slovakia,Slovakia,SK,360.04,399.85,61.85,16.41,entsoe.eu,false,
2022-10-15 15:00:00,Slovakia,Slovakia,SK,361.12,400.56,62.07,17.35,entsoe.eu,false,
2022-10-15 16:00:00,Slovakia,Slovakia,SK,355.24,393.27,63.89,20.08,entsoe.eu,false,
2022-10-15 17:00:00,Slovakia,Slovakia,SK,353.61,390.99,64.68,21.36,entsoe.eu,false,
2022-10-15 18:00:00,Slovakia,Slovakia,SK,346.98,384.44,64.6,21.07,entsoe.eu,false,
2022-10-15 19:00:00,Slovakia,Slovakia,SK,341.21,379.22,63.96,18.16,entsoe.eu,false,
2022-10-15 20:00:00,Slovakia,Slovakia,SK,346.55,385.64,63.08,16.38,entsoe.eu,false,
2022-10-15 21:00:00,Slovakia,Slovakia,SK,358.53,398.23,62.1,16.18,entsoe.eu,false,
2022-10-15 22:00:00,Slovakia,Slovakia,SK,343.05,382.84,63.18,16.04,entsoe.eu,false,
2022-10-15 23:00:00,Slovakia,Slovakia,SK,340.71,381.09,63.37,16.83,entsoe.eu,false,
2022-10-16 00:00:00,Slovakia,Slovakia,SK,332.35,371.86,64.05,16.29,entsoe.eu,false,
2022-10-16 01:00:00,Slovakia,Slovakia,SK,318.14,357.97,65.28,16.81,entsoe.eu,false,
2022-10-16 02:00:00,Slovakia,Slovakia,SK,327.84,367.59,64.4,16.34,entsoe.eu,false,
2022-10-16 03:00:00,Slovakia,Slovakia,SK,343.56,384.49,63.14,16.49,entsoe.eu,false,
2022-10-16 04:00:00,Slovakia,Slovakia,SK,335.12,375.43,63.86,17.36,entsoe.eu,false,
2022-10-16 05:00:00,Slovakia,Slovakia,SK,313.17,352.7,65.85,18.18,entsoe.eu,false,
2022-10-16 06:00:00,Slovakia,Slovakia,SK,298.97,337.53,67.3,19.9,entsoe.eu,false,
2022-10-16 07:00:00,Slovakia,Slovakia,SK,269.88,307.01,69.98,21.35,entsoe.eu,false,
2022-10-16 08:00:00,Slovakia,Slovakia,SK,240.04,276.37,72.6,21.74,entsoe.eu,false,
2022-10-16 09:00:00,Slovakia,Slovakia,SK,214.97,250.79,74.64,21.15,entsoe.eu,false,
2022-10-16 10:00:00,Slovakia,Slovakia,SK,212.18,248.77,75.02,22.19,entsoe.eu,false,
2022-10-16 11:00:00,Slovakia,Slovakia,SK,191.53,226.88,76.82,21.84,entsoe.eu,false,
2022-10-16 12:00:00,Slovakia,Slovakia,SK,211.96,248.42,75.0,21.94,entsoe.eu,false,
2022-10-16 13:00:00,Slovakia,Slovakia,SK,277.14,315.74,69.35,21.07,entsoe.eu,false,
2022-10-16 14:00:00,Slovakia,Slovakia,SK,331.95,372.42,64.31,18.77,entsoe.eu,false,
2022-10-16 15:00:00,Slovakia,Slovakia,SK,363.26,404.33,62.45,18.46,entsoe.eu,false,
2022-10-16 16:00:00,Slovakia,Slovakia,SK,369.12,410.12,62.58,20.24,entsoe.eu,false,
2022-10-16 17:00:00,Slovakia,Slovakia,SK,359.05,397.93,64.45,22.83,entsoe.eu,false,
2022-10-16 18:00:00,Slovakia,Slovakia,SK,350.5,389.06,64.84,22.92,entsoe.eu,false,
2022-10-16 19:00:00,Slovakia,Slovakia,SK,350.87,391.25,62.89,18.34,entsoe.eu,false,
2022-10-16 20:00:00,Slovakia,Slovakia,SK,330.68,370.19,64.31,16.16,entsoe.eu,false,
2022-10-16 21:00:00,Slovakia,Slovakia,SK,311.99,350.68,65.79,14.41,entsoe.eu,false,
2022-10-16 22:00:00,Slovakia,Slovakia,SK,289.61,328.02,67.91,14.0,entsoe.eu,false,
2022-10-16 23:00:00,Slovakia,Slovakia,SK,266.93,305.2,69.94,13.8,entsoe.eu,false,
2022-10-17 00:00:00,Slovakia,Slovakia,SK,261.94,300.44,70.51,13.66,entsoe.eu,false,
2022-10-17 01:00:00,Slovakia,Slovakia,SK,260.42,299.01,70.47,13.5,entsoe.eu,false,
2022-10-17 02:00:00,Slovakia,Slovakia,SK,272.84,311.11,68.84,12.9,entsoe.eu,false,
2022-10-17 03:00:00,Slovakia,Slovakia,SK,349.36,390.91,61.4,12.19,entsoe.eu,false,
2022-10-17 04:00:00,Slovakia,Slovakia,SK,364.54,407.45,59.82,15.19,entsoe.eu,false,
2022-10-17 05:00:00,Slovakia,Slovakia,SK,363.97,406.03,60.73,18.01,entsoe.eu,false,
2022-10-17 06:00:00,Slovakia,Slovakia,SK,319.15,359.14,65.37,20.84,entsoe.eu,false,
2022-10-17 07:00:00,Slovakia,Slovakia,SK,282.55,321.71,68.26,21.61,entsoe.eu,false,
2022-10-17 08:00:00,Slovakia,Slovakia,SK,245.23,283.31,71.73,22.17,entsoe.eu,false,
2022-10-17 09:00:00,Slovakia,Slovakia,SK,215.58,251.27,74.94,23.1,entsoe.eu,false,
2022-10-17 10:00:00,Slovakia,Slovakia,SK,175.59,208.34,78.64,22.59,entsoe.eu,false,
2022-10-17 11:00:00,Slovakia,Slovakia,SK,177.27,210.9,78.24,23.11,entsoe.eu,false,
2022-10-17 12:00:00,Slovakia,Slovakia,SK,200.82,235.71,76.34,22.58,entsoe.eu,false,
2022-10-17 13:00:00,Slovakia,Slovakia,SK,241.8,279.18,72.3,20.58,entsoe.eu,false,
2022-10-17 14:00:00,Slovakia,Slovakia,SK,291.41,330.24,67.53,18.9,entsoe.eu,false,
2022-10-17 15:00:00,Slovakia,Slovakia,SK,333.54,373.8,63.83,18.31,entsoe.eu,false,
2022-10-17 16:00:00,Slovakia,Slovakia,SK,323.16,360.22,66.5,23.09,entsoe.eu,false,
2022-10-17 17:00:00,Slovakia,Slovakia,SK,306.7,342.28,68.24,24.12,entsoe.eu,false,
2022-10-17 18:00:00,Slovakia,Slovakia,SK,313.42,349.27,67.53,23.64,entsoe.eu,false,
2022-10-17 19:00:00,Slovakia,Slovakia,SK,316.83,355.33,64.36,17.27,entsoe.eu,false,
2022-10-17 20:00:00,Slovakia,Slovakia,SK,325.41,364.53,63.5,16.35,entsoe.eu,false,
2022-10-17 21:00:00,Slovakia,Slovakia,SK,326.44,366.12,63.58,16.75,entsoe.eu,false,
2022-10-17 22:00:00,Slovakia,Slovakia,SK,327.0,366.51,64.25,15.45,entsoe.eu,false,
2022-10-17 23:00:00,Slovakia,Slovakia,SK,325.47,366.09,64.63,15.32,entsoe.eu,false,
2022-10-18 00:00:00,Slovakia,Slovakia,SK,313.85,354.09,65.76,14.99,entsoe.eu,false,
2022-10-18 01:00:00,Slovakia,Slovakia,SK,320.31,360.45,64.9,14.43,entsoe.eu,false,
2022-10-18 02:00:00,Slovakia,Slovakia,SK,325.72,364.38,64.4,13.5,entsoe.eu,false,
2022-10-18 03:00:00,Slovakia,Slovakia,SK,363.36,403.22,60.7,12.64,entsoe.eu,false,
2022-10-18 04:00:00,Slovakia,Slovakia,SK,390.14,433.17,57.61,14.25,entsoe.eu,false,
2022-10-18 05:00:00,Slovakia,Slovakia,SK,373.08,414.75,59.84,16.53,entsoe.eu,false,
2022-10-18 06:00:00,Slovakia,Slovakia,SK,327.96,366.32,65.52,21.44,entsoe.eu,false,
2022-10-18 07:00:00,Slovakia,Slovakia,SK,282.66,320.4,68.36,19.68,entsoe.eu,false,
2022-10-18 08:00:00,Slovakia,Slovakia,SK,227.16,261.94,73.55,20.87,entsoe.eu,false,
2022-10-18 09:00:00,Slovakia,Slovakia,SK,216.25,251.65,74.56,21.48,entsoe.eu,false,
2022-10-18 10:00:00,Slovakia,Slovakia,SK,210.77,246.01,74.86,20.8,entsoe.eu,false,
2022-10-18 11:00:00,Slovakia,Slovakia,SK,254.84,293.11,70.74,20.71,entsoe.eu,false,
2022-10-18 12:00:00,Slovakia,Slovakia,SK,298.46,337.95,66.69,19.33,entsoe.eu,false,
2022-10-18 13:00:00,Slovakia,Slovakia,SK,325.08,365.32,63.91,17.44,entsoe.eu,false,
2022-10-18 14:00:00,Slovakia,Slovakia,SK,344.42,385.0,61.78,15.84,entsoe.eu,false,
2022-10-18 15:00:00,Slovakia,Slovakia,SK,381.69,423.1,59.14,15.87,entsoe.eu,false,
2022-10-18 16:00:00,Slovakia,Slovakia,SK,392.08,432.35,59.86,20.26,entsoe.eu,false,
2022-10-18 17:00:00,Slovakia,Slovakia,SK,377.66,416.35,61.47,21.65,entsoe.eu,false,
2022-10-18 18:00:00,Slovakia,Slovakia,SK,383.05,422.68,60.8,20.57,entsoe.eu,false,
2022-10-18 19:00:00,Slovakia,Slovakia,SK,390.94,432.53,58.67,16.0,entsoe.eu,false,
2022-10-18 20:00:00,Slovakia,Slovakia,SK,385.66,426.02,59.25,14.46,entsoe.eu,false,
2022-10-18 21:00:00,Slovakia,Slovakia,SK,367.63,406.67,60.88,13.62,entsoe.eu,false,
2022-10-18 22:00:00,Slovakia,Slovakia,SK,364.45,403.89,61.2,14.02,entsoe.eu,false,
2022-10-18 23:00:00,Slovakia,Slovakia,SK,356.94,396.94,61.98,14.25,entsoe.eu,false,
2022-10-19 00:00:00,Slovakia,Slovakia,SK,358.06,398.8,62.0,14.38,entsoe.eu,false,
2022-10-19 01:00:00,Slovakia,Slovakia,SK,357.34,398.14,62.05,14.37,entsoe.eu,false,
2022-10-19 02:00:00,Slovakia,Slovakia,SK,349.96,389.61,62.57,13.94,entsoe.eu,false,
2022-10-19 03:00:00,Slovakia,Slovakia,SK,374.72,414.6,60.04,13.51,entsoe.eu,false,
2022-10-19 04:00:00,Slovakia,Slovakia,SK,386.37,428.92,57.88,14.72,entsoe.eu,false,
2022-10-19 05:00:00,Slovakia,Slovakia,SK,382.43,423.46,59.23,17.28,entsoe.eu,false,
2022-10-19 06:00:00,Slovakia,Slovakia,SK,343.41,381.55,64.1,21.66,entsoe.eu,false,
2022-10-19 07:00:00,Slovakia,Slovakia,SK,299.05,337.15,66.47,19.86,entsoe.eu,false,
2022-10-19 08:00:00,Slovakia,Slovakia,SK,276.04,313.52,68.45,20.56,entsoe.eu,false,
2022-10-19 09:00:00,Slovakia,Slovakia,SK,227.23,261.85,72.83,20.05,entsoe.eu,false,
2022-10-19 10:00:00,Slovakia,Slovakia,SK,242.62,278.21,71.23,19.17,entsoe.eu,false,
2022-10-19 11:00:00,Slovakia,Slovakia,SK,238.53,274.51,71.7,19.22,entsoe.eu,false,
2022-10-19 12:00:00,Slovakia,Slovakia,SK,271.74,309.56,68.76,19.07,entsoe.eu,false,
2022-10-19 13:00:00,Slovakia,Slovakia,SK,304.75,343.97,65.62,17.72,entsoe.eu,false,
2022-10-19 14:00:00,Slovakia,Slovakia,SK,346.75,387.29,61.51,16.11,entsoe.eu,false,
2022-10-19 15:00:00,Slovakia,Slovakia,SK,356.4,397.17,60.48,14.46,entsoe.eu,false,
2022-10-19 16:00:00,Slovakia,Slovakia,SK,360.63,399.55,62.01,18.75,entsoe.eu,false,
2022-10-19 17:00:00,Slovakia,Slovakia,SK,364.5,403.39,62.4,20.21,entsoe.eu,false,
2022-10-19 18:00:00,Slovakia,Slovakia,SK,386.77,429.0,58.81,16.38,entsoe.eu,false,
2022-10-19 19:00:00,Slovakia,Slovakia,SK,392.13,435.7,56.97,13.14,entsoe.eu,false,
2022-10-19 20:00:00,Slovakia,Slovakia,SK,384.91,427.3,58.18,12.61,entsoe.eu,false,
2022-10-19 21:00:00,Slovakia,Slovakia,SK,374.26,414.82,60.28,12.51,entsoe.eu,false,
2022-10-19 22:00:00,Slovakia,Slovakia,SK,351.68,391.88,62.08,12.6,entsoe.eu,false,
2022-10-19 23:00:00,Slovakia,Slovakia,SK,357.92,399.54,61.57,12.65,entsoe.eu,false,
2022-10-20 00:00:00,Slovakia,Slovakia,SK,351.17,393.46,62.18,12.62,entsoe.eu,false,
2022-10-20 01:00:00,Slovakia,Slovakia,SK,345.44,386.8,62.67,12.43,entsoe.eu,false,
2022-10-20 02:00:00,Slovakia,Slovakia,SK,344.03,384.51,62.79,12.31,entsoe.eu,false,
2022-10-20 03:00:00,Slovakia,Slovakia,SK,364.57,405.94,60.62,12.62,entsoe.eu,false,
2022-10-20 04:00:00,Slovakia,Slovakia,SK,376.67,420.28,58.96,14.58,entsoe.eu,false,
2022-10-20 05:00:00,Slovakia,Slovakia,SK,371.88,414.76,59.94,17.04,entsoe.eu,false,
2022-10-20 06:00:00,Slovakia,Slovakia,SK,332.25,371.81,64.79,20.85,entsoe.eu,false,
2022-10-20 07:00:00,Slovakia,Slovakia,SK,303.27,342.35,66.44,19.8,entsoe.eu,false,
2022-10-20 08:00:00,Slovakia,Slovakia,SK,271.07,308.21,69.61,20.05,entsoe.eu,false,
2022-10-20 09:00:00,Slovakia,Slovakia,SK,259.58,295.71,71.05,20.98,entsoe.eu,false,
2022-10-20 10:00:00,Slovakia,Slovakia,SK,253.14,289.45,71.7,21.74,entsoe.eu,false,
2022-10-20 11:00:00,Slovakia,Slovakia,SK,248.81,284.6,71.99,21.41,entsoe.eu,false,
2022-10-20 12:00:00,Slovakia,Slovakia,SK,257.89,294.35,71.14,20.4,entsoe.eu,false,
2022-10-20 13:00:00,Slovakia,Slovakia,SK,296.45,334.89,67.65,19.4,entsoe.eu,false,
2022-10-20 14:00:00,Slovakia,Slovakia,SK,341.47,381.8,63.06,17.48,entsoe.eu,false,
2022-10-20 15:00:00,Slovakia,Slovakia,SK,389.14,432.22,58.43,16.67,entsoe.eu,false,
2022-10-20 16:00:00,Slovakia,Slovakia,SK,384.16,425.79,60.54,21.13,entsoe.eu,false,
2022-10-20 17:00:00,Slovakia,Slovakia,SK,370.97,411.82,61.76,22.26,entsoe.eu,false,
2022-10-20 18:00:00,Slovakia,Slovakia,SK,353.6,393.79,62.45,20.39,entsoe.eu,false,
2022-10-20 19:00:00,Slovakia,Slovakia,SK,347.94,389.1,61.6,16.08,entsoe.eu,false,
2022-10-20 20:00:00,Slovakia,Slovakia,SK,350.88,390.58,62.02,16.09,entsoe.eu,false,
2022-10-20 21:00:00,Slovakia,Slovakia,SK,353.07,392.51,62.27,16.06,entsoe.eu,false,
2022-10-20 22:00:00,Slovakia,Slovakia,SK,358.55,399.78,61.87,15.71,entsoe.eu,false,
2022-10-20 23:00:00,Slovakia,Slovakia,SK,365.89,408.4,61.22,16.11,entsoe.eu,false,
2022-10-21 00:00:00,Slovakia,Slovakia,SK,361.39,403.89,61.52,15.61,entsoe.eu,false,
2022-10-21 01:00:00,Slovakia,Slovakia,SK,356.12,398.37,61.97,15.58,entsoe.eu,false,
2022-10-21 02:00:00,Slovakia,Slovakia,SK,364.35,406.51,61.14,14.82,entsoe.eu,false,
2022-10-21 03:00:00,Slovakia,Slovakia,SK,383.66,426.16,58.99,14.32,entsoe.eu,false,
2022-10-21 04:00:00,Slovakia,Slovakia,SK,357.41,399.56,60.19,14.54,entsoe.eu,false,
2022-10-21 05:00:00,Slovakia,Slovakia,SK,360.71,401.75,60.89,18.23,entsoe.eu,false,
2022-10-21 06:00:00,Slovakia,Slovakia,SK,342.53,382.87,62.33,18.76,entsoe.eu,false,
2022-10-21 07:00:00,Slovakia,Slovakia,SK,300.55,339.67,66.0,18.66,entsoe.eu,false,
2022-10-21 08:00:00,Slovakia,Slovakia,SK,264.57,302.27,69.17,17.93,entsoe.eu,false,
2022-10-21 09:00:00,Slovakia,Slovakia,SK,240.9,277.02,71.46,17.78,entsoe.eu,false,
2022-10-21 10:00:00,Slovakia,Slovakia,SK,238.82,275.25,71.79,17.4,entsoe.eu,false,
2022-10-21 11:00:00,Slovakia,Slovakia,SK,264.97,303.38,69.37,16.66,entsoe.eu,false,
2022-10-21 12:00:00,Slovakia,Slovakia,SK,289.03,328.06,66.95,15.36,entsoe.eu,false,
2022-10-21 13:00:00,Slovakia,Slovakia,SK,327.98,369.27,63.08,14.4,entsoe.eu,false,
2022-10-21 14:00:00,Slovakia,Slovakia,SK,363.53,406.24,60.11,14.34,entsoe.eu,false,
2022-10-21 15:00:00,Slovakia,Slovakia,SK,373.55,416.27,59.65,16.03,entsoe.eu,false,
2022-10-21 16:00:00,Slovakia,Slovakia,SK,377.76,420.48,59.38,17.62,entsoe.eu,false,
2022-10-21 17:00:00,Slovakia,Slovakia,SK,367.4,409.4,60.12,16.57,entsoe.eu,false,
2022-10-21 18:00:00,Slovakia,Slovakia,SK,375.23,418.36,58.72,14.65,entsoe.eu,false,
2022-10-21 19:00:00,Slovakia,Slovakia,SK,375.34,418.39,58.17,12.66,entsoe.eu,false,
2022-10-21 20:00:00,Slovakia,Slovakia,SK,371.93,414.14,59.02,12.39,entsoe.eu,false,
2022-10-21 21:00:00,Slovakia,Slovakia,SK,375.21,415.99,59.95,12.28,entsoe.eu,false,
2022-10-21 22:00:00,Slovakia,Slovakia,SK,355.81,395.16,61.8,11.87,entsoe.eu,false,
2022-10-21 23:00:00,Slovakia,Slovakia,SK,347.27,385.9,62.58,11.46,entsoe.eu,false,
2022-10-22 00:00:00,Slovakia,Slovakia,SK,342.26,381.92,63.11,11.48,entsoe.eu,false,
2022-10-22 01:00:00,Slovakia,Slovakia,SK,318.7,356.18,65.29,11.22,entsoe.eu,false,
2022-10-22 02:00:00,Slovakia,Slovakia,SK,328.29,367.38,64.27,11.35,entsoe.eu,false,
2022-10-22 03:00:00,Slovakia,Slovakia,SK,328.43,367.99,63.76,11.11,entsoe.eu,false,
2022-10-22 04:00:00,Slovakia,Slovakia,SK,320.73,360.07,63.28,10.89,entsoe.eu,false,
2022-10-22 05:00:00,Slovakia,Slovakia,SK,311.24,350.15,64.24,13.44,entsoe.eu,false,
2022-10-22 06:00:00,Slovakia,Slovakia,SK,288.55,326.08,66.55,15.77,entsoe.eu,false,
2022-10-22 07:00:00,Slovakia,Slovakia,SK,273.02,310.17,68.23,16.01,entsoe.eu,false,
2022-10-22 08:00:00,Slovakia,Slovakia,SK,262.94,300.17,69.27,15.75,entsoe.eu,false,
2022-10-22 09:00:00,Slovakia,Slovakia,SK,265.07,301.99,68.93,15.14,entsoe.eu,false,
2022-10-22 10:00:00,Slovakia,Slovakia,SK,254.91,290.73,69.74,14.26,entsoe.eu,false,
2022-10-22 11:00:00,Slovakia,Slovakia,SK,257.69,294.23,69.5,14.16,entsoe.eu,false,
2022-10-22 12:00:00,Slovakia,Slovakia,SK,282.42,320.92,67.11,13.91,entsoe.eu,false,
2022-10-22 13:00:00,Slovakia,Slovakia,SK,283.33,321.22,66.8,13.83,entsoe.eu,false,
2022-10-22 14:00:00,Slovakia,Slovakia,SK,314.45,353.37,64.02,14.91,entsoe.eu,false,
2022-10-22 15:00:00,Slovakia,Slovakia,SK,319.84,357.66,64.29,15.96,entsoe.eu,false,
2022-10-22 16:00:00,Slovakia,Slovakia,SK,316.75,353.46,65.77,18.44,entsoe.eu,false,
2022-10-22 17:00:00,Slovakia,Slovakia,SK,319.69,356.74,65.57,18.37,entsoe.eu,false,
2022-10-22 18:00:00,Slovakia,Slovakia,SK,304.28,341.27,65.78,16.25,entsoe.eu,false,
2022-10-22 19:00:00,Slovakia,Slovakia,SK,320.68,359.76,63.33,13.6,entsoe.eu,false,
2022-10-22 20:00:00,Slovakia,Slovakia,SK,339.54,380.35,61.47,12.23,entsoe.eu,false,
2022-10-22 21:00:00,Slovakia,Slovakia,SK,349.06,391.0,60.97,12.26,entsoe.eu,false,
2022-10-22 22:00:00,Slovakia,Slovakia,SK,350.86,391.74,61.68,12.93,entsoe.eu,false,
2022-10-22 23:00:00,Slovakia,Slovakia,SK,330.26,369.66,63.93,12.93,entsoe.eu,false,
2022-10-23 00:00:00,Slovakia,Slovakia,SK,314.92,353.78,65.36,12.41,entsoe.eu,false,
2022-10-23 01:00:00,Slovakia,Slovakia,SK,308.27,346.45,66.17,12.04,entsoe.eu,false,
2022-10-23 02:00:00,Slovakia,Slovakia,SK,313.18,351.16,65.65,11.69,entsoe.eu,false,
2022-10-23 03:00:00,Slovakia,Slovakia,SK,319.28,357.36,65.08,11.67,entsoe.eu,false,
2022-10-23 04:00:00,Slovakia,Slovakia,SK,335.55,374.84,63.56,11.88,entsoe.eu,false,
2022-10-23 05:00:00,Slovakia,Slovakia,SK,348.92,389.45,62.53,13.4,entsoe.eu,false,
2022-10-23 06:00:00,Slovakia,Slovakia,SK,329.08,368.46,64.28,16.07,entsoe.eu,false,
2022-10-23 07:00:00,Slovakia,Slovakia,SK,289.77,327.2,67.67,17.57,entsoe.eu,false,
2022-10-23 08:00:00,Slovakia,Slovakia,SK,259.92,295.81,70.09,17.35,entsoe.eu,false,
2022-10-23 09:00:00,Slovakia,Slovakia,SK,234.27,268.62,72.49,17.95,entsoe.eu,false,
2022-10-23 10:00:00,Slovakia,Slovakia,SK,239.88,275.63,72.2,18.7,entsoe.eu,false,
2022-10-23 11:00:00,Slovakia,Slovakia,SK,223.07,257.99,74.17,19.48,entsoe.eu,false,
2022-10-23 12:00:00,Slovakia,Slovakia,SK,216.83,251.22,74.81,18.46,entsoe.eu,false,
2022-10-23 13:00:00,Slovakia,Slovakia,SK,289.44,327.81,67.91,17.78,entsoe.eu,false,
2022-10-23 14:00:00,Slovakia,Slovakia,SK,352.16,392.88,61.78,16.05,entsoe.eu,false,
2022-10-23 15:00:00,Slovakia,Slovakia,SK,349.44,389.35,61.9,16.19,entsoe.eu,false,
2022-10-23 16:00:00,Slovakia,Slovakia,SK,354.13,394.74,61.99,19.32,entsoe.eu,false,
2022-10-23 17:00:00,Slovakia,Slovakia,SK,353.63,393.81,62.04,19.65,entsoe.eu,false,
2022-10-23 18:00:00,Slovakia,Slovakia,SK,349.64,390.07,61.57,17.82,entsoe.eu,false,
2022-10-23 19:00:00,Slovakia,Slovakia,SK,353.19,393.77,61.02,15.62,entsoe.eu,false,
2022-10-23 20:00:00,Slovakia,Slovakia,SK,358.98,400.94,59.83,14.47,entsoe.eu,false,
2022-10-23 21:00:00,Slovakia,Slovakia,SK,357.71,400.01,61.04,16.24,entsoe.eu,false,
2022-10-23 22:00:00,Slovakia,Slovakia,SK,341.67,382.4,63.37,16.48,entsoe.eu,false,
2022-10-23 23:00:00,Slovakia,Slovakia,SK,340.83,382.12,63.56,16.89,entsoe.eu,false,
2022-10-24 00:00:00,Slovakia,Slovakia,SK,338.98,380.47,63.86,17.02,entsoe.eu,false,
2022-10-24 01:00:00,Slovakia,Slovakia,SK,340.31,381.82,63.76,16.94,entsoe.eu,false,
2022-10-24 02:00:00,Slovakia,Slovakia,SK,348.4,389.77,62.93,16.98,entsoe.eu,false,
2022-10-24 03:00:00,Slovakia,Slovakia,SK,359.89,401.12,61.27,16.11,entsoe.eu,false,
2022-10-24 04:00:00,Slovakia,Slovakia,SK,362.65,404.44,60.21,16.56,entsoe.eu,false,
2022-10-24 05:00:00,Slovakia,Slovakia,SK,359.67,400.71,61.16,19.08,entsoe.eu,false,
2022-10-24 06:00:00,Slovakia,Slovakia,SK,357.81,398.18,61.74,20.1,entsoe.eu,false,
2022-10-24 07:00:00,Slovakia,Slovakia,SK,349.81,390.47,62.13,18.58,entsoe.eu,false,
2022-10-24 08:00:00,Slovakia,Slovakia,SK,350.22,391.9,61.79,18.47,entsoe.eu,false,
2022-10-24 09:00:00,Slovakia,Slovakia,SK,346.63,388.44,62.43,18.74,entsoe.eu,false,
2022-10-24 10:00:00,Slovakia,Slovakia,SK,348.11,389.97,62.2,19.11,entsoe.eu,false,
2022-10-24 11:00:00,Slovakia,Slovakia,SK,350.73,392.35,61.92,18.86,entsoe.eu,false,
2022-10-24 12:00:00,Slovakia,Slovakia,SK,357.16,399.25,61.12,17.99,entsoe.eu,false,
2022-10-24 13:00:00,Slovakia,Slovakia,SK,387.36,431.75,58.36,17.44,entsoe.eu,false,
2022-10-24 14:00:00,Slovakia,Slovakia,SK,403.64,448.15,57.73,17.93,entsoe.eu,false,
2022-10-24 15:00:00,Slovakia,Slovakia,SK,398.68,442.68,57.79,17.57,entsoe.eu,false,
2022-10-24 16:00:00,Slovakia,Slovakia,SK,397.39,438.79,60.29,22.62,entsoe.eu,false,
2022-10-24 17:00:00,Slovakia,Slovakia,SK,384.36,424.0,62.04,24.78,entsoe.eu,false,
2022-10-24 18:00:00,Slovakia,Slovakia,SK,372.35,412.37,62.39,23.09,entsoe.eu,false,
2022-10-24 19:00:00,Slovakia,Slovakia,SK,370.3,412.35,60.2,16.72,entsoe.eu,false,
2022-10-24 20:00:00,Slovakia,Slovakia,SK,370.44,412.42,60.16,16.68,entsoe.eu,false,
2022-10-24 21:00:00,Slovakia,Slovakia,SK,372.47,414.41,59.88,16.51,entsoe.eu,false,
2022-10-24 22:00:00,Slovakia,Slovakia,SK,351.98,393.24,62.42,17.19,entsoe.eu,false,
2022-10-24 23:00:00,Slovakia,Slovakia,SK,357.39,399.24,62.09,16.72,entsoe.eu,false,
2022-10-25 00:00:00,Slovakia,Slovakia,SK,343.18,384.25,63.48,16.23,entsoe.eu,false,
2022-10-25 01:00:00,Slovakia,Slovakia,SK,335.82,376.32,64.13,16.17,entsoe.eu,false,
2022-10-25 02:00:00,Slovakia,Slovakia,SK,353.13,394.79,62.39,16.08,entsoe.eu,false,
2022-10-25 03:00:00,Slovakia,Slovakia,SK,364.64,406.64,61.14,15.77,entsoe.eu,false,
2022-10-25 04:00:00,Slovakia,Slovakia,SK,371.88,414.06,60.11,17.0,entsoe.eu,false,
2022-10-25 05:00:00,Slovakia,Slovakia,SK,381.07,423.66,59.33,17.81,entsoe.eu,false,
2022-10-25 06:00:00,Slovakia,Slovakia,SK,373.09,415.08,60.4,18.39,entsoe.eu,false,
2022-10-25 07:00:00,Slovakia,Slovakia,SK,340.22,380.27,62.99,18.18,entsoe.eu,false,
2022-10-25 08:00:00,Slovakia,Slovakia,SK,324.4,364.38,64.37,19.56,entsoe.eu,false,
2022-10-25 09:00:00,Slovakia,Slovakia,SK,319.19,360.0,64.82,20.04,entsoe.eu,false,
2022-10-25 10:00:00,Slovakia,Slovakia,SK,339.58,381.8,63.06,19.84,entsoe.eu,false,
2022-10-25 11:00:00,Slovakia,Slovakia,SK,299.71,338.88,67.17,21.42,entsoe.eu,false,
2022-10-25 12:00:00,Slovakia,Slovakia,SK,295.9,334.89,67.41,20.01,entsoe.eu,false,
2022-10-25 13:00:00,Slovakia,Slovakia,SK,329.94,371.1,63.81,18.37,entsoe.eu,false,
2022-10-25 14:00:00,Slovakia,Slovakia,SK,342.8,383.85,62.46,16.86,entsoe.eu,false,
2022-10-25 15:00:00,Slovakia,Slovakia,SK,358.64,398.47,61.47,16.88,entsoe.eu,false,
2022-10-25 16:00:00,Slovakia,Slovakia,SK,364.71,403.78,62.75,21.21,entsoe.eu,false,
2022-10-25 17:00:00,Slovakia,Slovakia,SK,365.16,404.1,63.37,23.07,entsoe.eu,false,
2022-10-25 18:00:00,Slovakia,Slovakia,SK,352.99,393.09,62.28,18.71,entsoe.eu,false,
2022-10-25 19:00:00,Slovakia,Slovakia,SK,368.98,411.35,59.51,14.33,entsoe.eu,false,
2022-10-25 20:00:00,Slovakia,Slovakia,SK,354.79,396.37,60.74,13.12,entsoe.eu,false,
2022-10-25 21:00:00,Slovakia,Slovakia,SK,364.21,406.42,59.98,13.0,entsoe.eu,false,
2022-10-25 22:00:00,Slovakia,Slovakia,SK,324.14,364.22,64.69,13.29,entsoe.eu,false,
2022-10-25 23:00:00,Slovakia,Slovakia,SK,321.61,362.75,65.47,14.1,entsoe.eu,false,
2022-10-26 00:00:00,Slovakia,Slovakia,SK,307.25,348.16,66.82,14.09,entsoe.eu,false,
2022-10-26 01:00:00,Slovakia,Slovakia,SK,312.24,353.28,66.23,13.75,entsoe.eu,false,
2022-10-26 02:00:00,Slovakia,Slovakia,SK,299.84,338.59,67.23,13.1,entsoe.eu,false,
2022-10-26 03:00:00,Slovakia,Slovakia,SK,336.24,377.15,63.17,12.76,entsoe.eu,false,
2022-10-26 04:00:00,Slovakia,Slovakia,SK,333.05,374.25,62.7,14.34,entsoe.eu,false,
2022-10-26 05:00:00,Slovakia,Slovakia,SK,343.47,383.76,62.65,17.99,entsoe.eu,false,
2022-10-26 06:00:00,Slovakia,Slovakia,SK,336.01,376.02,63.6,18.4,entsoe.eu,false,
2022-10-26 07:00:00,Slovakia,Slovakia,SK,313.94,354.82,65.19,17.01,entsoe.eu,false,
2022-10-26 08:00:00,Slovakia,Slovakia,SK,309.34,351.27,65.27,17.65,entsoe.eu,false,
2022-10-26 09:00:00,Slovakia,Slovakia,SK,279.14,319.55,68.55,18.93,entsoe.eu,false,
2022-10-26 10:00:00,Slovakia,Slovakia,SK,259.84,298.91,70.26,19.16,entsoe.eu,false,
2022-10-26 11:00:00,Slovakia,Slovakia,SK,262.48,301.62,69.65,18.52,entsoe.eu,false,
2022-10-26 12:00:00,Slovakia,Slovakia,SK,276.34,316.05,68.22,17.61,entsoe.eu,false,
2022-10-26 13:00:00,Slovakia,Slovakia,SK,321.4,363.63,64.01,16.74,entsoe.eu,false,
2022-10-26 14:00:00,Slovakia,Slovakia,SK,347.25,390.4,61.35,15.76,entsoe.eu,false,
2022-10-26 15:00:00,Slovakia,Slovakia,SK,354.27,396.92,61.1,16.35,entsoe.eu,false,
2022-10-26 16:00:00,Slovakia,Slovakia,SK,359.59,400.1,62.98,20.98,entsoe.eu,false,
2022-10-26 17:00:00,Slovakia,Slovakia,SK,369.78,409.88,62.99,22.86,entsoe.eu,false,
2022-10-26 18:00:00,Slovakia,Slovakia,SK,361.01,402.06,62.44,20.2,entsoe.eu,false,
2022-10-26 19:00:00,Slovakia,Slovakia,SK,372.31,415.64,59.92,15.78,entsoe.eu,false,
2022-10-26 20:00:00,Slovakia,Slovakia,SK,374.01,417.36,59.45,14.44,entsoe.eu,false,
2022-10-26 21:00:00,Slovakia,Slovakia,SK,361.26,402.98,61.25,14.26,entsoe.eu,false,
2022-10-26 22:00:00,Slovakia,Slovakia,SK,369.86,412.44,60.63,14.11,entsoe.eu,false,
2022-10-26 23:00:00,Slovakia,Slovakia,SK,363.82,406.66,61.2,14.14,entsoe.eu,false,
2022-10-27 00:00:00,Slovakia,Slovakia,SK,354.54,397.4,61.98,13.87,entsoe.eu,false,
2022-10-27 01:00:00,Slovakia,Slovakia,SK,354.68,397.03,61.94,13.5,entsoe.eu,false,
2022-10-27 02:00:00,Slovakia,Slovakia,SK,351.82,393.42,62.2,13.07,entsoe.eu,false,
2022-10-27 03:00:00,Slovakia,Slovakia,SK,368.05,410.76,60.23,12.48,entsoe.eu,false,
2022-10-27 04:00:00,Slovakia,Slovakia,SK,365.64,408.4,60.23,14.1,entsoe.eu,false,
2022-10-27 05:00:00,Slovakia,Slovakia,SK,355.35,395.63,62.88,18.9,entsoe.eu,false,
2022-10-27 06:00:00,Slovakia,Slovakia,SK,338.24,377.77,64.32,19.22,entsoe.eu,false,
2022-10-27 07:00:00,Slovakia,Slovakia,SK,316.52,356.81,65.09,18.45,entsoe.eu,false,
2022-10-27 08:00:00,Slovakia,Slovakia,SK,314.88,355.63,65.41,19.71,entsoe.eu,false,
2022-10-27 09:00:00,Slovakia,Slovakia,SK,304.36,345.73,66.15,20.33,entsoe.eu,false,
2022-10-27 10:00:00,Slovakia,Slovakia,SK,298.77,339.08,66.79,21.16,entsoe.eu,false,
2022-10-27 11:00:00,Slovakia,Slovakia,SK,283.58,322.49,68.34,20.77,entsoe.eu,false,
2022-10-27 12:00:00,Slovakia,Slovakia,SK,290.87,330.85,67.22,19.68,entsoe.eu,false,
2022-10-27 13:00:00,Slovakia,Slovakia,SK,304.71,344.95,65.46,17.95,entsoe.eu,false,
2022-10-27 14:00:00,Slovakia,Slovakia,SK,325.39,366.06,63.45,16.45,entsoe.eu,false,
2022-10-27 15:00:00,Slovakia,Slovakia,SK,324.96,362.6,66.04,20.38,entsoe.eu,false,
2022-10-27 16:00:00,Slovakia,Slovakia,SK,341.69,379.59,65.2,22.91,entsoe.eu,false,
2022-10-27 17:00:00,Slovakia,Slovakia,SK,348.62,388.64,63.2,21.04,entsoe.eu,false,
2022-10-27 18:00:00,Slovakia,Slovakia,SK,346.85,386.88,62.97,19.39,entsoe.eu,false,
2022-10-27 19:00:00,Slovakia,Slovakia,SK,351.15,390.53,62.95,18.17,entsoe.eu,false,
2022-10-27 20:00:00,Slovakia,Slovakia,SK,351.38,391.08,62.4,15.9,entsoe.eu,false,
2022-10-27 21:00:00,Slovakia,Slovakia,SK,353.81,393.77,62.16,15.46,entsoe.eu,false,
2022-10-27 22:00:00,Slovakia,Slovakia,SK,341.79,382.28,63.25,15.73,entsoe.eu,false,
2022-10-27 23:00:00,Slovakia,Slovakia,SK,352.07,394.21,62.49,16.34,entsoe.eu,false,
2022-10-28 00:00:00,Slovakia,Slovakia,SK,354.27,396.78,62.31,16.13,entsoe.eu,false,
2022-10-28 01:00:00,Slovakia,Slovakia,SK,347.69,389.61,62.82,15.8,entsoe.eu,false,
2022-10-28 02:00:00,Slovakia,Slovakia,SK,343.83,385.28,63.15,15.93,entsoe.eu,false,
2022-10-28 03:00:00,Slovakia,Slovakia,SK,349.21,390.08,62.66,15.21,entsoe.eu,false,
2022-10-28 04:00:00,Slovakia,Slovakia,SK,340.9,380.87,63.42,16.53,entsoe.eu,false,
2022-10-28 05:00:00,Slovakia,Slovakia,SK,342.11,380.2,64.94,21.0,entsoe.eu,false,
2022-10-28 06:00:00,Slovakia,Slovakia,SK,324.27,360.59,67.04,22.38,entsoe.eu,false,
2022-10-28 07:00:00,Slovakia,Slovakia,SK,316.06,355.06,66.06,20.66,entsoe.eu,false,
2022-10-28 08:00:00,Slovakia,Slovakia,SK,312.95,352.6,66.23,20.33,entsoe.eu,false,
2022-10-28 09:00:00,Slovakia,Slovakia,SK,305.56,345.02,66.86,20.91,entsoe.eu,false,
2022-10-28 10:00:00,Slovakia,Slovakia,SK,306.53,345.65,66.6,19.43,entsoe.eu,false,
2022-10-28 11:00:00,Slovakia,Slovakia,SK,283.14,320.47,68.62,18.16,entsoe.eu,false,
2022-10-28 12:00:00,Slovakia,Slovakia,SK,307.89,347.42,65.68,17.77,entsoe.eu,false,
2022-10-28 13:00:00,Slovakia,Slovakia,SK,327.41,366.74,64.55,17.02,entsoe.eu,false,
2022-10-28 14:00:00,Slovakia,Slovakia,SK,337.42,376.93,63.38,17.43,entsoe.eu,false,
2022-10-28 15:00:00,Slovakia,Slovakia,SK,337.04,375.2,64.42,18.81,entsoe.eu,false,
2022-10-28 16:00:00,Slovakia,Slovakia,SK,320.07,355.47,67.78,24.48,entsoe.eu,false,
2022-10-28 17:00:00,Slovakia,Slovakia,SK,312.76,347.18,68.76,24.92,entsoe.eu,false,
2022-10-28 18:00:00,Slovakia,Slovakia,SK,314.18,351.19,66.45,20.1,entsoe.eu,false,
2022-10-28 19:00:00,Slovakia,Slovakia,SK,304.93,341.75,66.65,17.44,entsoe.eu,false,
2022-10-28 20:00:00,Slovakia,Slovakia,SK,315.85,353.55,65.65,16.31,entsoe.eu,false,
2022-10-28 21:00:00,Slovakia,Slovakia,SK,321.91,360.19,64.72,15.54,entsoe.eu,false,
2022-10-28 22:00:00,Slovakia,Slovakia,SK,355.92,397.35,61.72,17.64,entsoe.eu,false,
2022-10-28 23:00:00,Slovakia,Slovakia,SK,361.14,403.26,61.32,17.49,entsoe.eu,false,
2022-10-29 00:00:00,Slovakia,Slovakia,SK,347.25,388.87,62.59,17.26,entsoe.eu,false,
2022-10-29 01:00:00,Slovakia,Slovakia,SK,332.99,373.31,64.0,16.86,entsoe.eu,false,
2022-10-29 02:00:00,Slovakia,Slovakia,SK,338.22,378.59,63.4,17.14,entsoe.eu,false,
2022-10-29 03:00:00,Slovakia,Slovakia,SK,340.39,381.05,63.04,17.44,entsoe.eu,false,
2022-10-29 04:00:00,Slovakia,Slovakia,SK,343.15,383.75,62.81,17.29,entsoe.eu,false,
2022-10-29 05:00:00,Slovakia,Slovakia,SK,345.47,386.06,62.81,19.08,entsoe.eu,false,
2022-10-29 06:00:00,Slovakia,Slovakia,SK,330.86,370.15,64.43,19.36,entsoe.eu,false,
2022-10-29 07:00:00,Slovakia,Slovakia,SK,313.78,352.51,66.0,19.6,entsoe.eu,false,
2022-10-29 08:00:00,Slovakia,Slovakia,SK,307.79,347.72,66.2,20.17,entsoe.eu,false,
2022-10-29 09:00:00,Slovakia,Slovakia,SK,296.39,336.87,66.98,20.81,entsoe.eu,false,
2022-10-29 10:00:00,Slovakia,Slovakia,SK,291.72,332.15,67.44,20.07,entsoe.eu,false,
2022-10-29 11:00:00,Slovakia,Slovakia,SK,299.53,340.65,66.66,19.81,entsoe.eu,false,
2022-10-29 12:00:00,Slovakia,Slovakia,SK,308.17,349.18,65.79,18.14,entsoe.eu,false,
2022-10-29 13:00:00,Slovakia,Slovakia,SK,321.71,362.66,64.33,15.96,entsoe.eu,false,
2022-10-29 14:00:00,Slovakia,Slovakia,SK,332.75,373.55,63.48,15.85,entsoe.eu,false,
2022-10-29 15:00:00,Slovakia,Slovakia,SK,340.96,381.21,63.65,17.16,entsoe.eu,false,
2022-10-29 16:00:00,Slovakia,Slovakia,SK,329.45,367.37,65.64,20.15,entsoe.eu,false,
2022-10-29 17:00:00,Slovakia,Slovakia,SK,335.63,374.57,64.34,19.05,entsoe.eu,false,
2022-10-29 18:00:00,Slovakia,Slovakia,SK,350.72,391.62,61.88,17.22,entsoe.eu,false,
2022-10-29 19:00:00,Slovakia,Slovakia,SK,364.05,405.73,60.41,15.47,entsoe.eu,false,
2022-10-29 20:00:00,Slovakia,Slovakia,SK,348.95,390.06,61.69,14.01,entsoe.eu,false,
2022-10-29 21:00:00,Slovakia,Slovakia,SK,356.0,397.94,61.1,12.81,entsoe.eu,false,
2022-10-29 22:00:00,Slovakia,Slovakia,SK,347.54,390.68,62.01,13.13,entsoe.eu,false,
2022-10-29 23:00:00,Slovakia,Slovakia,SK,312.0,352.54,65.42,13.03,Electricity Maps Estimation,true,ESTIMATED_TIME_SLICER_AVERAGE
2022-10-30 00:00:00,Slovakia,Slovakia,SK,317.19,359.39,65.01,12.47,Electricity Maps Estimation,true,ESTIMATED_TIME_SLICER_AVERAGE
2022-10-30 01:00:00,Slovakia,Slovakia,SK,293.15,333.31,67.37,12.41,entsoe.eu,false,
2022-10-30 02:00:00,Slovakia,Slovakia,SK,301.82,342.89,66.31,12.14,entsoe.eu,false,
2022-10-30 03:00:00,Slovakia,Slovakia,SK,303.42,344.48,66.05,12.02,entsoe.eu,false,
2022-10-30 04:00:00,Slovakia,Slovakia,SK,312.33,353.17,65.43,11.89,entsoe.eu,false,
2022-10-30 05:00:00,Slovakia,Slovakia,SK,319.85,361.31,64.8,13.76,entsoe.eu,false,
2022-10-30 06:00:00,Slovakia,Slovakia,SK,304.0,344.63,66.04,14.73,entsoe.eu,false,
2022-10-30 07:00:00,Slovakia,Slovakia,SK,311.25,351.49,65.48,15.83,entsoe.eu,false,
2022-10-30 08:00:00,Slovakia,Slovakia,SK,296.49,336.29,66.84,16.88,entsoe.eu,false,
2022-10-30 09:00:00,Slovakia,Slovakia,SK,292.08,331.97,67.37,16.46,entsoe.eu,false,
2022-10-30 10:00:00,Slovakia,Slovakia,SK,285.44,324.79,68.26,16.77,entsoe.eu,false,
2022-10-30 11:00:00,Slovakia,Slovakia,SK,286.43,325.5,68.21,16.52,entsoe.eu,false,
2022-10-30 12:00:00,Slovakia,Slovakia,SK,280.9,319.54,68.63,15.11,entsoe.eu,false,
2022-10-30 13:00:00,Slovakia,Slovakia,SK,307.31,347.91,65.95,13.65,entsoe.eu,false,
2022-10-30 14:00:00,Slovakia,Slovakia,SK,332.44,374.43,63.35,15.74,entsoe.eu,false,
2022-10-30 15:00:00,Slovakia,Slovakia,SK,367.36,410.89,60.5,15.5,entsoe.eu,false,
2022-10-30 16:00:00,Slovakia,Slovakia,SK,388.93,433.7,59.17,16.53,entsoe.eu,false,
2022-10-30 17:00:00,Slovakia,Slovakia,SK,392.68,437.33,59.36,16.97,entsoe.eu,false,
2022-10-30 18:00:00,Slovakia,Slovakia,SK,388.09,432.23,59.89,18.33,entsoe.eu,false,
2022-10-30 19:00:00,Slovakia,Slovakia,SK,365.73,407.93,61.5,18.19,entsoe.eu,false,
2022-10-30 20:00:00,Slovakia,Slovakia,SK,369.83,412.53,60.46,15.13,entsoe.eu,false,
2022-10-30 21:00:00,Slovakia,Slovakia,SK,376.04,420.04,59.11,11.71,entsoe.eu,false,
2022-10-30 22:00:00,Slovakia,Slovakia,SK,340.3,381.43,62.91,11.59,entsoe.eu,false,
2022-10-30 23:00:00,Slovakia,Slovakia,SK,371.6,415.54,59.74,10.8,entsoe.eu,false,
2022-10-31 00:00:00,Slovakia,Slovakia,SK,350.09,393.15,61.85,10.23,entsoe.eu,false,
2022-10-31 01:00:00,Slovakia,Slovakia,SK,343.08,386.45,62.44,10.21,entsoe.eu,false,
2022-10-31 02:00:00,Slovakia,Slovakia,SK,356.51,400.64,61.21,10.44,entsoe.eu,false,
2022-10-31 03:00:00,Slovakia,Slovakia,SK,357.86,401.96,60.91,10.5,entsoe.eu,false,
2022-10-31 04:00:00,Slovakia,Slovakia,SK,343.08,384.32,62.26,10.45,entsoe.eu,false,
2022-10-31 05:00:00,Slovakia,Slovakia,SK,323.79,362.89,64.04,13.4,entsoe.eu,false,
2022-10-31 06:00:00,Slovakia,Slovakia,SK,324.09,362.49,65.3,15.08,entsoe.eu,false,
2022-10-31 07:00:00,Slovakia,Slovakia,SK,342.17,382.23,63.7,17.11,entsoe.eu,false,
2022-10-31 08:00:00,Slovakia,Slovakia,SK,323.07,362.87,64.83,15.71,entsoe.eu,false,
2022-10-31 09:00:00,Slovakia,Slovakia,SK,301.32,340.65,66.71,15.57,entsoe.eu,false,
2022-10-31 10:00:00,Slovakia,Slovakia,SK,301.36,341.73,66.38,17.1,entsoe.eu,false,
2022-10-31 11:00:00,Slovakia,Slovakia,SK,303.08,343.88,66.32,16.85,entsoe.eu,false,
2022-10-31 12:00:00,Slovakia,Slovakia,SK,302.16,341.66,66.35,16.22,entsoe.eu,false,
2022-10-31 13:00:00,Slovakia,Slovakia,SK,331.59,372.17,63.72,14.53,entsoe.eu,false,
2022-10-31 14:00:00,Slovakia,Slovakia,SK,367.16,409.67,60.35,13.86,entsoe.eu,false,
2022-10-31 15:00:00,Slovakia,Slovakia,SK,358.98,398.09,63.5,20.0,entsoe.eu,false,
2022-10-31 16:00:00,Slovakia,Slovakia,SK,352.13,391.37,64.32,21.78,entsoe.eu,false,
2022-10-31 17:00:00,Slovakia,Slovakia,SK,372.8,413.06,62.35,20.47,entsoe.eu,false,
2022-10-31 18:00:00,Slovakia,Slovakia,SK,377.71,419.1,61.2,18.41,entsoe.eu,false,
2022-10-31 19:00:00,Slovakia,Slovakia,SK,343.04,381.63,63.77,17.87,entsoe.eu,false,
2022-10-31 20:00:00,Slovakia,Slovakia,SK,361.39,402.21,60.65,13.82,entsoe.eu,false,
2022-10-31 21:00:00,Slovakia,Slovakia,SK,376.74,418.67,59.48,14.2,entsoe.eu,false,
2022-10-31 22:00:00,Slovakia,Slovakia,SK,379.05,421.81,59.27,13.64,entsoe.eu,false,
2022-10-31 23:00:00,Slovakia,Slovakia,SK,376.14,419.03,59.8,13.15,entsoe.eu,false,
2022-11-01 00:00:00,Slovakia,Slovakia,SK,357.01,400.24,61.54,14.03,entsoe.eu,false,
2022-11-01 01:00:00,Slovakia,Slovakia,SK,340.65,383.12,63.09,13.54,entsoe.eu,false,
2022-11-01 02:00:00,Slovakia,Slovakia,SK,345.4,388.18,62.66,13.58,entsoe.eu,false,
2022-11-01 03:00:00,Slovakia,Slovakia,SK,358.29,401.94,61.41,14.24,entsoe.eu,false,
2022-11-01 04:00:00,Slovakia,Slovakia,SK,352.97,394.85,61.84,15.2,entsoe.eu,false,
2022-11-01 05:00:00,Slovakia,Slovakia,SK,353.73,395.18,62.32,16.37,entsoe.eu,false,
2022-11-01 06:00:00,Slovakia,Slovakia,SK,339.13,380.07,63.87,18.19,entsoe.eu,false,
2022-11-01 07:00:00,Slovakia,Slovakia,SK,332.75,373.42,64.66,19.46,entsoe.eu,false,
2022-11-01 08:00:00,Slovakia,Slovakia,SK,329.96,370.8,65.06,19.36,entsoe.eu,false,
2022-11-01 09:00:00,Slovakia,Slovakia,SK,326.2,366.83,65.33,18.76,entsoe.eu,false,
2022-11-01 10:00:00,Slovakia,Slovakia,SK,323.27,364.37,65.22,18.81,entsoe.eu,false,
2022-11-01 11:00:00,Slovakia,Slovakia,SK,319.36,360.47,65.54,18.41,entsoe.eu,false,
2022-11-01 12:00:00,Slovakia,Slovakia,SK,321.47,362.59,65.33,17.31,entsoe.eu,false,
2022-11-01 13:00:00,Slovakia,Slovakia,SK,356.55,399.5,61.93,17.13,entsoe.eu,false,
2022-11-01 14:00:00,Slovakia,Slovakia,SK,364.8,406.75,61.9,18.54,entsoe.eu,false,
2022-11-01 15:00:00,Slovakia,Slovakia,SK,360.57,401.72,62.47,19.07,entsoe.eu,false,
2022-11-01 16:00:00,Slovakia,Slovakia,SK,345.0,384.0,64.93,22.39,entsoe.eu,false,
2022-11-01 17:00:00,Slovakia,Slovakia,SK,344.12,383.47,64.78,21.53,Electricity Maps Estimation,true,ESTIMATED_TIME_SLICER_AVERAGE
2022-11-01 18:00:00,Slovakia,Slovakia,SK,354.9,394.74,63.94,20.84,Electricity Maps Estimation,true,ESTIMATED_TIME_SLICER_AVERAGE
2022-11-01 19:00:00,Slovakia,Slovakia,SK,354.07,395.59,62.85,18.85,Electricity Maps Estimation,true,ESTIMATED_TIME_SLICER_AVERAGE
2022-11-01 20:00:00,Slovakia,Slovakia,SK,358.85,401.55,61.22,16.45,entsoe.eu,false,
2022-11-01 21:00:00,Slovakia,Slovakia,SK,352.73,394.4,62.21,15.95,entsoe.eu,false,
2022-11-01 22:00:00,Slovakia,Slovakia,SK,336.2,376.61,64.0,15.19,entsoe.eu,false,
2022-11-01 23:00:00,Slovakia,Slovakia,SK,344.3,386.47,63.19,15.53,entsoe.eu,false,
2022-11-02 00:00:00,Slovakia,Slovakia,SK,329.42,371.94,64.53,15.25,entsoe.eu,false,
2022-11-02 01:00:00,Slovakia,Slovakia,SK,331.67,373.8,64.5,15.11,entsoe.eu,false,
2022-11-02 02:00:00,Slovakia,Slovakia,SK,335.31,376.83,64.39,15.03,entsoe.eu,false,
2022-11-02 03:00:00,Slovakia,Slovakia,SK,359.0,401.16,61.96,14.52,entsoe.eu,false,
2022-11-02 04:00:00,Slovakia,Slovakia,SK,376.0,418.98,59.51,14.12,entsoe.eu,false,
2022-11-02 05:00:00,Slovakia,Slovakia,SK,372.08,415.75,59.37,16.06,entsoe.eu,false,
2022-11-02 06:00:00,Slovakia,Slovakia,SK,376.52,419.56,59.88,18.77,entsoe.eu,false,
2022-11-02 07:00:00,Slovakia,Slovakia,SK,342.76,383.71,62.97,19.87,entsoe.eu,false,
2022-11-02 08:00:00,Slovakia,Slovakia,SK,328.31,368.55,64.41,21.03,entsoe.eu,false,
2022-11-02 09:00:00,Slovakia,Slovakia,SK,299.12,337.33,66.96,21.54,entsoe.eu,false,
2022-11-02 10:00:00,Slovakia,Slovakia,SK,293.86,332.47,67.29,21.99,entsoe.eu,false,
2022-11-02 11:00:00,Slovakia,Slovakia,SK,297.12,335.98,66.92,21.99,entsoe.eu,false,
2022-11-02 12:00:00,Slovakia,Slovakia,SK,297.01,336.27,66.56,21.41,entsoe.eu,false,
2022-11-02 13:00:00,Slovakia,Slovakia,SK,323.55,363.91,64.14,20.16,entsoe.eu,false,
2022-11-02 14:00:00,Slovakia,Slovakia,SK,355.96,397.05,61.61,18.4,entsoe.eu,false,
2022-11-02 15:00:00,Slovakia,Slovakia,SK,375.85,418.56,59.65,18.92,entsoe.eu,false,
2022-11-02 16:00:00,Slovakia,Slovakia,SK,361.21,401.53,62.43,22.24,entsoe.eu,false,
2022-11-02 17:00:00,Slovakia,Slovakia,SK,344.37,383.23,64.53,24.35,entsoe.eu,false,
2022-11-02 18:00:00,Slovakia,Slovakia,SK,338.53,377.09,64.9,24.19,entsoe.eu,false,
2022-11-02 19:00:00,Slovakia,Slovakia,SK,352.48,393.73,61.82,18.92,entsoe.eu,false,
2022-11-02 20:00:00,Slovakia,Slovakia,SK,355.39,398.09,60.15,15.31,entsoe.eu,false,
2022-11-02 21:00:00,Slovakia,Slovakia,SK,350.47,391.98,61.55,15.65,entsoe.eu,false,
2022-11-02 22:00:00,Slovakia,Slovakia,SK,338.56,378.65,63.25,15.1,entsoe.eu,false,
2022-11-02 23:00:00,Slovakia,Slovakia,SK,355.26,397.77,61.8,16.04,entsoe.eu,false,
2022-11-03 00:00:00,Slovakia,Slovakia,SK,353.23,395.67,62.05,15.47,entsoe.eu,false,
2022-11-03 01:00:00,Slovakia,Slovakia,SK,351.44,394.1,62.15,15.14,entsoe.eu,false,
2022-11-03 02:00:00,Slovakia,Slovakia,SK,360.76,403.6,61.22,14.66,entsoe.eu,false,
2022-11-03 03:00:00,Slovakia,Slovakia,SK,366.47,409.8,60.5,14.98,entsoe.eu,false,
2022-11-03 04:00:00,Slovakia,Slovakia,SK,378.06,421.71,59.05,14.61,entsoe.eu,false,
2022-11-03 05:00:00,Slovakia,Slovakia,SK,381.34,425.76,58.32,16.03,entsoe.eu,false,
2022-11-03 06:00:00,Slovakia,Slovakia,SK,372.82,416.03,59.55,18.41,entsoe.eu,false,
2022-11-03 07:00:00,Slovakia,Slovakia,SK,343.98,384.53,62.48,20.48,entsoe.eu,false,
2022-11-03 08:00:00,Slovakia,Slovakia,SK,326.8,366.11,64.75,22.34,entsoe.eu,false,
2022-11-03 09:00:00,Slovakia,Slovakia,SK,321.78,361.21,65.13,22.22,entsoe.eu,false,
2022-11-03 10:00:00,Slovakia,Slovakia,SK,310.9,350.2,65.75,21.93,entsoe.eu,false,
2022-11-03 11:00:00,Slovakia,Slovakia,SK,310.19,349.45,65.45,21.13,entsoe.eu,false,
2022-11-03 12:00:00,Slovakia,Slovakia,SK,309.66,349.5,64.82,20.04,entsoe.eu,false,
2022-11-03 13:00:00,Slovakia,Slovakia,SK,339.96,380.66,62.24,17.3,entsoe.eu,false,
2022-11-03 14:00:00,Slovakia,Slovakia,SK,368.18,409.65,60.27,17.26,entsoe.eu,false,
2022-11-03 15:00:00,Slovakia,Slovakia,SK,368.34,409.12,61.05,20.1,entsoe.eu,false,
2022-11-03 16:00:00,Slovakia,Slovakia,SK,367.46,407.89,61.19,21.48,entsoe.eu,false,
2022-11-03 17:00:00,Slovakia,Slovakia,SK,344.39,381.21,64.79,24.84,entsoe.eu,false,
2022-11-03 18:00:00,Slovakia,Slovakia,SK,347.36,385.68,62.92,21.3,entsoe.eu,false,
2022-11-03 19:00:00,Slovakia,Slovakia,SK,361.51,400.81,61.63,18.39,entsoe.eu,false,
2022-11-03 20:00:00,Slovakia,Slovakia,SK,365.4,404.58,61.2,16.93,entsoe.eu,false,
2022-11-03 21:00:00,Slovakia,Slovakia,SK,364.45,403.75,61.12,16.04,entsoe.eu,false,
2022-11-03 22:00:00,Slovakia,Slovakia,SK,371.71,411.77,60.33,15.25,entsoe.eu,false,
2022-11-03 23:00:00,Slovakia,Slovakia,SK,368.65,409.62,60.78,16.54,entsoe.eu,false,
2022-11-04 00:00:00,Slovakia,Slovakia,SK,367.65,408.65,60.89,16.15,entsoe.eu,false,
2022-11-04 01:00:00,Slovakia,Slovakia,SK,368.47,409.57,60.74,15.77,entsoe.eu,false,
2022-11-04 02:00:00,Slovakia,Slovakia,SK,375.15,416.61,60.2,15.6,entsoe.eu,false,
2022-11-04 03:00:00,Slovakia,Slovakia,SK,375.32,416.52,60.15,14.77,entsoe.eu,false,
2022-11-04 04:00:00,Slovakia,Slovakia,SK,381.16,421.65,59.54,14.67,entsoe.eu,false,
2022-11-04 05:00:00,Slovakia,Slovakia,SK,386.44,427.65,58.92,16.2,entsoe.eu,false,
2022-11-04 06:00:00,Slovakia,Slovakia,SK,377.4,418.73,59.16,17.39,entsoe.eu,false,
2022-11-04 07:00:00,Slovakia,Slovakia,SK,347.53,387.85,62.05,18.41,entsoe.eu,false,
2022-11-04 08:00:00,Slovakia,Slovakia,SK,342.59,383.19,62.51,17.36,entsoe.eu,false,
2022-11-04 09:00:00,Slovakia,Slovakia,SK,349.82,391.48,61.81,14.89,entsoe.eu,false,
2022-11-04 10:00:00,Slovakia,Slovakia,SK,352.18,394.03,61.59,14.72,entsoe.eu,false,
2022-11-04 11:00:00,Slovakia,Slovakia,SK,346.72,387.97,62.09,14.37,entsoe.eu,false,
2022-11-04 12:00:00,Slovakia,Slovakia,SK,350.21,391.93,61.61,13.87,entsoe.eu,false,
2022-11-04 13:00:00,Slovakia,Slovakia,SK,378.85,421.85,58.87,13.04,entsoe.eu,false,
2022-11-04 14:00:00,Slovakia,Slovakia,SK,399.06,443.77,56.81,12.89,entsoe.eu,false,
2022-11-04 15:00:00,Slovakia,Slovakia,SK,395.94,439.83,57.27,14.76,entsoe.eu,false,
2022-11-04 16:00:00,Slovakia,Slovakia,SK,376.03,414.71,62.49,22.38,entsoe.eu,false,
2022-11-04 17:00:00,Slovakia,Slovakia,SK,364.79,401.75,63.75,22.8,entsoe.eu,false,
2022-11-04 18:00:00,Slovakia,Slovakia,SK,379.31,418.46,61.42,20.73,entsoe.eu,false,
2022-11-04 19:00:00,Slovakia,Slovakia,SK,382.31,423.81,58.58,13.84,entsoe.eu,false,
2022-11-04 20:00:00,Slovakia,Slovakia,SK,382.93,423.07,59.24,11.09,entsoe.eu,false,
2022-11-04 21:00:00,Slovakia,Slovakia,SK,344.74,380.91,63.04,10.39,entsoe.eu,false,
2022-11-04 22:00:00,Slovakia,Slovakia,SK,334.58,371.36,63.99,10.52,entsoe.eu,false,
2022-11-04 23:00:00,Slovakia,Slovakia,SK,359.87,398.33,61.7,11.05,entsoe.eu,false,
2022-11-05 00:00:00,Slovakia,Slovakia,SK,346.99,385.1,62.9,11.55,entsoe.eu,false,
2022-11-05 01:00:00,Slovakia,Slovakia,SK,352.25,391.82,62.45,12.19,entsoe.eu,false,
2022-11-05 02:00:00,Slovakia,Slovakia,SK,349.3,388.71,62.68,12.08,entsoe.eu,false,
2022-11-05 03:00:00,Slovakia,Slovakia,SK,346.98,386.19,62.77,12.04,entsoe.eu,false,
2022-11-05 04:00:00,Slovakia,Slovakia,SK,345.23,383.37,62.97,12.25,entsoe.eu,false,
2022-11-05 05:00:00,Slovakia,Slovakia,SK,357.04,395.07,62.01,13.19,entsoe.eu,false,
2022-11-05 06:00:00,Slovakia,Slovakia,SK,345.83,382.99,63.01,14.36,entsoe.eu,false,
2022-11-05 07:00:00,Slovakia,Slovakia,SK,337.08,373.37,63.81,15.32,entsoe.eu,false,
2022-11-05 08:00:00,Slovakia,Slovakia,SK,307.68,342.34,66.46,16.51,entsoe.eu,false,
2022-11-05 09:00:00,Slovakia,Slovakia,SK,299.23,333.57,67.49,17.13,entsoe.eu,false,
2022-11-05 10:00:00,Slovakia,Slovakia,SK,298.18,333.02,67.22,17.91,entsoe.eu,false,
2022-11-05 11:00:00,Slovakia,Slovakia,SK,287.19,321.09,68.14,17.9,entsoe.eu,false,
2022-11-05 12:00:00,Slovakia,Slovakia,SK,274.87,307.97,69.26,16.47,entsoe.eu,false,
2022-11-05 13:00:00,Slovakia,Slovakia,SK,280.82,313.38,68.91,15.54,entsoe.eu,false,
2022-11-05 14:00:00,Slovakia,Slovakia,SK,268.41,300.46,69.67,15.47,entsoe.eu,false,
2022-11-05 15:00:00,Slovakia,Slovakia,SK,299.01,332.72,67.21,15.61,entsoe.eu,false,
2022-11-05 16:00:00,Slovakia,Slovakia,SK,325.05,360.85,65.74,16.66,entsoe.eu,false,
2022-11-05 17:00:00,Slovakia,Slovakia,SK,325.33,361.4,65.31,16.75,entsoe.eu,false,
2022-11-05 18:00:00,Slovakia,Slovakia,SK,322.24,358.22,65.06,16.79,entsoe.eu,false,
2022-11-05 19:00:00,Slovakia,Slovakia,SK,328.61,364.7,64.68,16.05,entsoe.eu,false,
2022-11-05 20:00:00,Slovakia,Slovakia,SK,315.39,350.73,65.92,15.3,entsoe.eu,false,
2022-11-05 21:00:00,Slovakia,Slovakia,SK,305.34,340.0,66.92,15.01,entsoe.eu,false,
2022-11-05 22:00:00,Slovakia,Slovakia,SK,308.18,343.85,66.69,14.73,entsoe.eu,false,
2022-11-05 23:00:00,Slovakia,Slovakia,SK,316.14,353.06,66.02,14.43,entsoe.eu,false,
2022-11-06 00:00:00,Slovakia,Slovakia,SK,278.79,313.92,69.38,13.72,entsoe.eu,false,
2022-11-06 01:00:00,Slovakia,Slovakia,SK,249.54,284.01,72.19,14.06,entsoe.eu,false,
2022-11-06 02:00:00,Slovakia,Slovakia,SK,242.59,277.24,72.49,13.65,entsoe.eu,false,
2022-11-06 03:00:00,Slovakia,Slovakia,SK,253.34,288.27,71.47,13.48,entsoe.eu,false,
2022-11-06 04:00:00,Slovakia,Slovakia,SK,269.04,304.64,70.16,13.77,entsoe.eu,false,
2022-11-06 05:00:00,Slovakia,Slovakia,SK,286.38,322.86,68.81,15.22,entsoe.eu,false,
2022-11-06 06:00:00,Slovakia,Slovakia,SK,296.93,333.33,67.71,16.72,entsoe.eu,false,
2022-11-06 07:00:00,Slovakia,Slovakia,SK,289.8,325.62,68.38,18.25,entsoe.eu,false,
2022-11-06 08:00:00,Slovakia,Slovakia,SK,286.63,323.04,68.77,20.05,entsoe.eu,false,
2022-11-06 09:00:00,Slovakia,Slovakia,SK,272.31,307.85,70.14,20.11,entsoe.eu,false,
2022-11-06 10:00:00,Slovakia,Slovakia,SK,276.08,312.11,69.88,21.01,entsoe.eu,false,
2022-11-06 11:00:00,Slovakia,Slovakia,SK,277.36,313.28,69.66,21.11,entsoe.eu,false,
2022-11-06 12:00:00,Slovakia,Slovakia,SK,271.8,306.84,70.2,20.24,entsoe.eu,false,
2022-11-06 13:00:00,Slovakia,Slovakia,SK,291.18,326.59,68.48,18.65,entsoe.eu,false,
2022-11-06 14:00:00,Slovakia,Slovakia,SK,326.41,363.82,65.18,16.59,entsoe.eu,false,
2022-11-06 15:00:00,Slovakia,Slovakia,SK,337.35,374.94,64.68,17.47,entsoe.eu,false,
2022-11-06 16:00:00,Slovakia,Slovakia,SK,331.94,367.25,66.84,22.73,entsoe.eu,false,
2022-11-06 17:00:00,Slovakia,Slovakia,SK,317.77,351.61,68.68,24.94,entsoe.eu,false,
2022-11-06 18:00:00,Slovakia,Slovakia,SK,315.19,348.68,69.34,25.19,entsoe.eu,false,
2022-11-06 19:00:00,Slovakia,Slovakia,SK,300.64,333.82,70.19,23.8,entsoe.eu,false,
2022-11-06 20:00:00,Slovakia,Slovakia,SK,308.61,344.75,67.6,19.69,entsoe.eu,false,
2022-11-06 21:00:00,Slovakia,Slovakia,SK,298.1,334.33,68.23,18.88,entsoe.eu,false,
2022-11-06 22:00:00,Slovakia,Slovakia,SK,302.59,339.21,67.42,17.74,entsoe.eu,false,
2022-11-06 23:00:00,Slovakia,Slovakia,SK,281.28,316.7,69.12,16.27,entsoe.eu,false,
2022-11-07 00:00:00,Slovakia,Slovakia,SK,282.34,318.32,69.04,15.99,entsoe.eu,false,
2022-11-07 01:00:00,Slovakia,Slovakia,SK,287.1,323.47,68.53,15.88,entsoe.eu,false,
2022-11-07 02:00:00,Slovakia,Slovakia,SK,293.01,329.97,68.03,16.34,entsoe.eu,false,
2022-11-07 03:00:00,Slovakia,Slovakia,SK,302.92,339.94,67.02,16.2,entsoe.eu,false,
2022-11-07 04:00:00,Slovakia,Slovakia,SK,318.12,356.25,65.76,16.78,entsoe.eu,false,
2022-11-07 05:00:00,Slovakia,Slovakia,SK,334.8,372.92,64.39,17.43,entsoe.eu,false,
2022-11-07 06:00:00,Slovakia,Slovakia,SK,351.61,390.01,63.08,18.42,entsoe.eu,false,
2022-11-07 07:00:00,Slovakia,Slovakia,SK,335.98,372.48,64.69,19.23,entsoe.eu,false,
2022-11-07 08:00:00,Slovakia,Slovakia,SK,329.69,366.03,65.13,19.61,entsoe.eu,false,
2022-11-07 09:00:00,Slovakia,Slovakia,SK,313.69,349.15,66.47,19.32,entsoe.eu,false,
2022-11-07 10:00:00,Slovakia,Slovakia,SK,310.22,345.75,66.5,18.85,entsoe.eu,false,
2022-11-07 11:00:00,Slovakia,Slovakia,SK,314.78,351.13,66.11,18.12,entsoe.eu,false,
2022-11-07 12:00:00,Slovakia,Slovakia,SK,317.9,354.41,65.89,17.49,entsoe.eu,false,
2022-11-07 13:00:00,Slovakia,Slovakia,SK,335.85,371.91,64.93,16.9,entsoe.eu,false,
2022-11-07 14:00:00,Slovakia,Slovakia,SK,350.96,387.4,63.9,16.73,entsoe.eu,false,
2022-11-07 15:00:00,Slovakia,Slovakia,SK,375.66,413.24,62.2,18.83,entsoe.eu,false,
2022-11-07 16:00:00,Slovakia,Slovakia,SK,354.97,389.73,65.41,23.69,entsoe.eu,false,
2022-11-07 17:00:00,Slovakia,Slovakia,SK,346.01,380.04,66.27,24.29,entsoe.eu,false,
2022-11-07 18:00:00,Slovakia,Slovakia,SK,343.82,377.31,66.65,24.41,entsoe.eu,false,
2022-11-07 19:00:00,Slovakia,Slovakia,SK,353.85,389.45,64.34,20.62,entsoe.eu,false,
2022-11-07 20:00:00,Slovakia,Slovakia,SK,357.33,395.38,62.24,16.21,entsoe.eu,false,
2022-11-07 21:00:00,Slovakia,Slovakia,SK,351.64,389.41,62.68,15.83,entsoe.eu,false,
2022-11-07 22:00:00,Slovakia,Slovakia,SK,349.98,387.56,62.89,15.54,entsoe.eu,false,
2022-11-07 23:00:00,Slovakia,Slovakia,SK,371.93,411.16,60.84,14.47,entsoe.eu,false,
2022-11-08 00:00:00,Slovakia,Slovakia,SK,367.75,407.28,61.37,14.19,entsoe.eu,false,
2022-11-08 01:00:00,Slovakia,Slovakia,SK,361.17,400.47,62.13,13.83,entsoe.eu,false,
2022-11-08 02:00:00,Slovakia,Slovakia,SK,357.94,397.13,62.38,13.55,entsoe.eu,false,
2022-11-08 03:00:00,Slovakia,Slovakia,SK,352.53,391.75,62.57,13.64,entsoe.eu,false,
2022-11-08 04:00:00,Slovakia,Slovakia,SK,380.96,420.64,59.78,13.82,entsoe.eu,false,
2022-11-08 05:00:00,Slovakia,Slovakia,SK,386.88,428.56,58.45,14.89,entsoe.eu,false,
2022-11-08 06:00:00,Slovakia,Slovakia,SK,374.46,414.03,61.09,19.55,entsoe.eu,false,
2022-11-08 07:00:00,Slovakia,Slovakia,SK,358.4,398.28,61.18,18.02,entsoe.eu,false,
2022-11-08 08:00:00,Slovakia,Slovakia,SK,326.99,365.58,63.77,18.74,entsoe.eu,false,
2022-11-08 09:00:00,Slovakia,Slovakia,SK,320.77,359.25,64.43,18.52,entsoe.eu,false,
2022-11-08 10:00:00,Slovakia,Slovakia,SK,319.49,358.11,64.67,19.26,entsoe.eu,false,
2022-11-08 11:00:00,Slovakia,Slovakia,SK,324.59,363.24,64.27,19.35,entsoe.eu,false,
2022-11-08 12:00:00,Slovakia,Slovakia,SK,328.41,366.85,64.02,18.24,entsoe.eu,false,
2022-11-08 13:00:00,Slovakia,Slovakia,SK,350.61,390.14,61.89,16.1,entsoe.eu,false,
2022-11-08 14:00:00,Slovakia,Slovakia,SK,371.45,411.69,60.18,15.63,entsoe.eu,false,
2022-11-08 15:00:00,Slovakia,Slovakia,SK,397.1,438.97,58.21,17.61,entsoe.eu,false,
2022-11-08 16:00:00,Slovakia,Slovakia,SK,384.33,424.75,60.13,20.86,entsoe.eu,false,
2022-11-08 17:00:00,Slovakia,Slovakia,SK,372.22,410.89,61.38,21.5,Electricity Maps Estimation,true,ESTIMATED_TIME_SLICER_AVERAGE
2022-11-08 18:00:00,Slovakia,Slovakia,SK,361.16,398.53,62.68,22.01,entsoe.eu,false,
2022-11-08 19:00:00,Slovakia,Slovakia,SK,383.23,423.71,59.0,17.16,entsoe.eu,false,
2022-11-08 20:00:00,Slovakia,Slovakia,SK,382.35,421.99,59.39,15.52,entsoe.eu,false,
2022-11-08 21:00:00,Slovakia,Slovakia,SK,388.07,426.55,59.66,14.85,entsoe.eu,false,
2022-11-08 22:00:00,Slovakia,Slovakia,SK,382.89,421.74,59.95,14.86,entsoe.eu,false,
2022-11-08 23:00:00,Slovakia,Slovakia,SK,383.74,422.88,59.79,15.27,entsoe.eu,false,
2022-11-09 00:00:00,Slovakia,Slovakia,SK,373.64,413.39,60.69,15.4,entsoe.eu,false,
2022-11-09 01:00:00,Slovakia,Slovakia,SK,365.08,404.58,61.51,15.13,entsoe.eu,false,
2022-11-09 02:00:00,Slovakia,Slovakia,SK,365.64,404.88,61.43,14.74,entsoe.eu,false,
2022-11-09 03:00:00,Slovakia,Slovakia,SK,378.81,418.31,60.27,14.58,entsoe.eu,false,
2022-11-09 04:00:00,Slovakia,Slovakia,SK,396.2,436.06,58.93,15.05,entsoe.eu,false,
2022-11-09 05:00:00,Slovakia,Slovakia,SK,387.91,428.11,59.84,17.8,entsoe.eu,false,
2022-11-09 06:00:00,Slovakia,Slovakia,SK,391.14,430.42,60.86,20.52,entsoe.eu,false,
2022-11-09 07:00:00,Slovakia,Slovakia,SK,379.17,417.64,62.13,21.76,entsoe.eu,false,
2022-11-09 08:00:00,Slovakia,Slovakia,SK,363.25,401.78,63.23,20.55,entsoe.eu,false,
2022-11-09 09:00:00,Slovakia,Slovakia,SK,354.56,393.36,63.56,19.43,entsoe.eu,false,
2022-11-09 10:00:00,Slovakia,Slovakia,SK,357.99,397.81,62.44,17.9,entsoe.eu,false,
2022-11-09 11:00:00,Slovakia,Slovakia,SK,362.84,403.3,61.94,17.8,entsoe.eu,false,
2022-11-09 12:00:00,Slovakia,Slovakia,SK,359.37,398.82,62.51,17.8,entsoe.eu,false,
2022-11-09 13:00:00,Slovakia,Slovakia,SK,367.11,406.07,62.1,17.68,entsoe.eu,false,
2022-11-09 14:00:00,Slovakia,Slovakia,SK,387.73,427.45,60.75,19.05,entsoe.eu,false,
2022-11-09 15:00:00,Slovakia,Slovakia,SK,397.6,437.14,60.33,21.64,entsoe.eu,false,
2022-11-09 16:00:00,Slovakia,Slovakia,SK,409.03,448.44,59.76,21.32,entsoe.eu,false,
2022-11-09 17:00:00,Slovakia,Slovakia,SK,410.83,449.8,59.85,21.41,entsoe.eu,false,
2022-11-09 18:00:00,Slovakia,Slovakia,SK,396.18,433.4,61.75,24.37,entsoe.eu,false,
2022-11-09 19:00:00,Slovakia,Slovakia,SK,397.51,435.83,60.22,20.48,entsoe.eu,false,
2022-11-09 20:00:00,Slovakia,Slovakia,SK,399.75,439.35,58.64,15.87,entsoe.eu,false,
2022-11-09 21:00:00,Slovakia,Slovakia,SK,404.2,443.81,58.53,15.85,entsoe.eu,false,
2022-11-09 22:00:00,Slovakia,Slovakia,SK,402.53,442.22,58.93,15.6,entsoe.eu,false,
2022-11-09 23:00:00,Slovakia,Slovakia,SK,388.75,428.92,59.62,14.24,entsoe.eu,false,
2022-11-10 00:00:00,Slovakia,Slovakia,SK,386.59,426.71,59.75,13.53,entsoe.eu,false,
2022-11-10 01:00:00,Slovakia,Slovakia,SK,382.8,422.68,59.97,13.5,entsoe.eu,false,
2022-11-10 02:00:00,Slovakia,Slovakia,SK,381.54,421.54,60.13,13.66,entsoe.eu,false,
2022-11-10 03:00:00,Slovakia,Slovakia,SK,385.72,425.58,59.54,13.18,entsoe.eu,false,
2022-11-10 04:00:00,Slovakia,Slovakia,SK,389.81,429.34,59.28,13.71,entsoe.eu,false,
2022-11-10 05:00:00,Slovakia,Slovakia,SK,388.97,427.97,60.53,18.47,entsoe.eu,false,
2022-11-10 06:00:00,Slovakia,Slovakia,SK,390.84,429.56,60.22,18.54,entsoe.eu,false,
2022-11-10 07:00:00,Slovakia,Slovakia,SK,378.48,416.37,61.62,19.8,entsoe.eu,false,
2022-11-10 08:00:00,Slovakia,Slovakia,SK,359.7,396.86,63.0,18.07,entsoe.eu,false,
2022-11-10 09:00:00,Slovakia,Slovakia,SK,345.29,381.28,64.43,18.92,entsoe.eu,false,
2022-11-10 10:00:00,Slovakia,Slovakia,SK,350.49,387.81,63.18,17.3,entsoe.eu,false,
2022-11-10 11:00:00,Slovakia,Slovakia,SK,369.13,408.26,61.2,17.16,entsoe.eu,false,
2022-11-10 12:00:00,Slovakia,Slovakia,SK,366.84,405.05,62.03,18.36,entsoe.eu,false,
2022-11-10 13:00:00,Slovakia,Slovakia,SK,373.42,411.92,61.33,17.65,entsoe.eu,false,
2022-11-10 14:00:00,Slovakia,Slovakia,SK,384.7,423.76,60.49,17.98,entsoe.eu,false,
2022-11-10 15:00:00,Slovakia,Slovakia,SK,394.22,433.49,60.52,20.78,entsoe.eu,false,
2022-11-10 16:00:00,Slovakia,Slovakia,SK,398.94,438.94,59.81,19.07,entsoe.eu,false,
2022-11-10 17:00:00,Slovakia,Slovakia,SK,407.06,447.96,58.55,18.78,entsoe.eu,false,
2022-11-10 18:00:00,Slovakia,Slovakia,SK,384.83,423.84,61.19,21.75,entsoe.eu,false,
2022-11-10 19:00:00,Slovakia,Slovakia,SK,377.09,415.74,61.09,18.49,entsoe.eu,false,
2022-11-10 20:00:00,Slovakia,Slovakia,SK,383.92,423.94,59.35,14.48,entsoe.eu,false,
2022-11-10 21:00:00,Slovakia,Slovakia,SK,397.78,438.07,58.36,14.61,entsoe.eu,false,
2022-11-10 22:00:00,Slovakia,Slovakia,SK,388.07,427.54,59.14,14.5,entsoe.eu,false,
2022-11-10 23:00:00,Slovakia,Slovakia,SK,378.87,418.7,60.03,14.12,entsoe.eu,false,
2022-11-11 00:00:00,Slovakia,Slovakia,SK,379.3,419.55,60.01,13.98,entsoe.eu,false,
2022-11-11 01:00:00,Slovakia,Slovakia,SK,360.64,400.43,61.59,13.99,entsoe.eu,false,
2022-11-11 02:00:00,Slovakia,Slovakia,SK,369.52,409.28,60.93,13.97,entsoe.eu,false,
2022-11-11 03:00:00,Slovakia,Slovakia,SK,384.0,423.52,59.76,14.02,entsoe.eu,false,
2022-11-11 04:00:00,Slovakia,Slovakia,SK,389.34,428.2,59.32,14.08,entsoe.eu,false,
2022-11-11 05:00:00,Slovakia,Slovakia,SK,380.39,419.53,60.05,16.48,entsoe.eu,false,
2022-11-11 06:00:00,Slovakia,Slovakia,SK,360.61,397.74,62.68,19.49,entsoe.eu,false,
2022-11-11 07:00:00,Slovakia,Slovakia,SK,345.28,381.33,64.46,20.76,entsoe.eu,false,
2022-11-11 08:00:00,Slovakia,Slovakia,SK,335.73,372.02,64.93,19.46,entsoe.eu,false,
2022-11-11 09:00:00,Slovakia,Slovakia,SK,310.73,345.56,67.15,18.47,entsoe.eu,false,
2022-11-11 10:00:00,Slovakia,Slovakia,SK,311.88,347.8,66.58,18.14,entsoe.eu,false,
2022-11-11 11:00:00,Slovakia,Slovakia,SK,328.11,365.0,65.31,18.87,entsoe.eu,false,
2022-11-11 12:00:00,Slovakia,Slovakia,SK,331.72,367.39,65.6,19.18,entsoe.eu,false,
2022-11-11 13:00:00,Slovakia,Slovakia,SK,352.07,388.95,63.61,17.8,entsoe.eu,false,
2022-11-11 14:00:00,Slovakia,Slovakia,SK,375.52,413.6,61.47,17.55,entsoe.eu,false,
2022-11-11 15:00:00,Slovakia,Slovakia,SK,386.39,424.45,61.1,20.06,entsoe.eu,false,
2022-11-11 16:00:00,Slovakia,Slovakia,SK,391.54,430.87,59.98,18.69,entsoe.eu,false,
2022-11-11 17:00:00,Slovakia,Slovakia,SK,391.7,430.66,60.1,19.06,entsoe.eu,false,
2022-11-11 18:00:00,Slovakia,Slovakia,SK,387.76,426.6,60.51,19.92,entsoe.eu,false,
2022-11-11 19:00:00,Slovakia,Slovakia,SK,397.2,437.57,58.6,15.9,entsoe.eu,false,
2022-11-11 20:00:00,Slovakia,Slovakia,SK,396.88,436.83,58.35,13.9,entsoe.eu,false,
2022-11-11 21:00:00,Slovakia,Slovakia,SK,407.61,447.88,57.7,13.39,entsoe.eu,false,
2022-11-11 22:00:00,Slovakia,Slovakia,SK,417.42,458.48,56.79,12.96,entsoe.eu,false,
2022-11-11 23:00:00,Slovakia,Slovakia,SK,378.55,417.11,60.14,11.29,entsoe.eu,false,
2022-11-12 00:00:00,Slovakia,Slovakia,SK,374.95,413.96,60.44,10.8,entsoe.eu,false,
2022-11-12 01:00:00,Slovakia,Slovakia,SK,359.92,398.51,61.87,10.67,entsoe.eu,false,
2022-11-12 02:00:00,Slovakia,Slovakia,SK,362.67,401.98,61.62,11.02,entsoe.eu,false,
2022-11-12 03:00:00,Slovakia,Slovakia,SK,358.03,397.38,61.83,10.41,entsoe.eu,false,
2022-11-12 04:00:00,Slovakia,Slovakia,SK,358.81,396.78,61.77,10.72,entsoe.eu,false,
2022-11-12 05:00:00,Slovakia,Slovakia,SK,364.94,403.43,61.23,10.87,entsoe.eu,false,
2022-11-12 06:00:00,Slovakia,Slovakia,SK,358.48,395.79,62.17,13.53,entsoe.eu,false,
2022-11-12 07:00:00,Slovakia,Slovakia,SK,338.53,374.22,64.28,16.0,entsoe.eu,false,
2022-11-12 08:00:00,Slovakia,Slovakia,SK,326.55,363.14,64.87,16.58,entsoe.eu,false,
2022-11-12 09:00:00,Slovakia,Slovakia,SK,321.98,358.54,65.49,16.18,entsoe.eu,false,
2022-11-12 10:00:00,Slovakia,Slovakia,SK,329.07,366.18,64.91,16.72,entsoe.eu,false,
2022-11-12 11:00:00,Slovakia,Slovakia,SK,322.92,359.32,65.48,16.08,entsoe.eu,false,
2022-11-12 12:00:00,Slovakia,Slovakia,SK,339.31,376.34,64.04,15.05,entsoe.eu,false,
2022-11-12 13:00:00,Slovakia,Slovakia,SK,349.71,387.01,62.65,13.08,entsoe.eu,false,
2022-11-12 14:00:00,Slovakia,Slovakia,SK,385.91,425.92,58.55,11.65,entsoe.eu,false,
2022-11-12 15:00:00,Slovakia,Slovakia,SK,364.49,401.66,61.91,15.95,entsoe.eu,false,
2022-11-12 16:00:00,Slovakia,Slovakia,SK,356.11,393.35,62.4,16.82,entsoe.eu,false,
2022-11-12 17:00:00,Slovakia,Slovakia,SK,367.63,406.18,60.7,15.52,entsoe.eu,false,
2022-11-12 18:00:00,Slovakia,Slovakia,SK,371.88,410.73,60.08,14.85,entsoe.eu,false,
2022-11-12 19:00:00,Slovakia,Slovakia,SK,360.12,398.78,60.34,13.19,entsoe.eu,false,
2022-11-12 20:00:00,Slovakia,Slovakia,SK,378.43,418.48,58.45,11.01,entsoe.eu,false,
2022-11-12 21:00:00,Slovakia,Slovakia,SK,366.52,406.04,59.52,9.34,entsoe.eu,false,
2022-11-12 22:00:00,Slovakia,Slovakia,SK,352.18,390.16,61.85,8.98,entsoe.eu,false,
2022-11-12 23:00:00,Slovakia,Slovakia,SK,340.45,377.47,63.72,9.46,entsoe.eu,false,
2022-11-13 00:00:00,Slovakia,Slovakia,SK,351.86,390.85,62.29,7.97,entsoe.eu,false,
2022-11-13 01:00:00,Slovakia,Slovakia,SK,328.3,366.65,64.42,8.4,entsoe.eu,false,
2022-11-13 02:00:00,Slovakia,Slovakia,SK,336.48,375.25,63.78,8.66,entsoe.eu,false,
2022-11-13 03:00:00,Slovakia,Slovakia,SK,347.73,387.41,62.62,8.82,entsoe.eu,false,
2022-11-13 04:00:00,Slovakia,Slovakia,SK,356.36,396.09,61.89,8.94,entsoe.eu,false,
2022-11-13 05:00:00,Slovakia,Slovakia,SK,345.62,384.65,62.84,10.25,entsoe.eu,false,
2022-11-13 06:00:00,Slovakia,Slovakia,SK,361.52,400.75,61.53,11.31,entsoe.eu,false,
2022-11-13 07:00:00,Slovakia,Slovakia,SK,356.92,395.56,62.01,13.14,entsoe.eu,false,
2022-11-13 08:00:00,Slovakia,Slovakia,SK,348.58,387.29,62.96,15.19,entsoe.eu,false,
2022-11-13 09:00:00,Slovakia,Slovakia,SK,333.43,371.46,64.34,15.99,entsoe.eu,false,
2022-11-13 10:00:00,Slovakia,Slovakia,SK,314.91,351.78,65.97,16.88,entsoe.eu,false,
2022-11-13 11:00:00,Slovakia,Slovakia,SK,298.88,334.8,67.24,16.59,entsoe.eu,false,
2022-11-13 12:00:00,Slovakia,Slovakia,SK,312.98,349.2,66.1,15.44,entsoe.eu,false,
2022-11-13 13:00:00,Slovakia,Slovakia,SK,337.03,374.22,63.83,14.34,entsoe.eu,false,
2022-11-13 14:00:00,Slovakia,Slovakia,SK,354.37,392.23,62.52,14.31,entsoe.eu,false,
2022-11-13 15:00:00,Slovakia,Slovakia,SK,376.27,415.39,61.01,16.76,entsoe.eu,false,
2022-11-13 16:00:00,Slovakia,Slovakia,SK,398.88,439.61,59.66,18.46,entsoe.eu,false,
2022-11-13 17:00:00,Slovakia,Slovakia,SK,393.37,433.18,60.71,20.22,entsoe.eu,false,
2022-11-13 18:00:00,Slovakia,Slovakia,SK,398.21,438.44,59.96,19.17,entsoe.eu,false,
2022-11-13 19:00:00,Slovakia,Slovakia,SK,411.07,452.95,57.67,15.4,entsoe.eu,false,
2022-11-13 20:00:00,Slovakia,Slovakia,SK,412.5,454.4,57.03,13.04,entsoe.eu,false,
2022-11-13 21:00:00,Slovakia,Slovakia,SK,396.7,437.73,58.47,12.64,entsoe.eu,false,
2022-11-13 22:00:00,Slovakia,Slovakia,SK,399.27,440.54,58.38,11.59,entsoe.eu,false,
2022-11-13 23:00:00,Slovakia,Slovakia,SK,375.65,416.57,60.41,12.19,entsoe.eu,false,
2022-11-14 00:00:00,Slovakia,Slovakia,SK,364.95,405.6,61.37,12.42,entsoe.eu,false,
2022-11-14 01:00:00,Slovakia,Slovakia,SK,360.04,400.09,61.7,12.03,entsoe.eu,false,
2022-11-14 02:00:00,Slovakia,Slovakia,SK,367.78,407.98,61.06,12.07,entsoe.eu,false,
2022-11-14 03:00:00,Slovakia,Slovakia,SK,372.05,411.7,60.58,11.76,entsoe.eu,false,
2022-11-14 04:00:00,Slovakia,Slovakia,SK,405.63,446.78,57.33,11.8,entsoe.eu,false,
2022-11-14 05:00:00,Slovakia,Slovakia,SK,398.61,440.63,57.49,13.69,entsoe.eu,false,
2022-11-14 06:00:00,Slovakia,Slovakia,SK,381.43,421.31,60.26,17.55,entsoe.eu,false,
2022-11-14 07:00:00,Slovakia,Slovakia,SK,359.44,399.17,62.12,19.27,entsoe.eu,false,
2022-11-14 08:00:00,Slovakia,Slovakia,SK,342.86,382.73,62.94,18.69,entsoe.eu,false,
2022-11-14 09:00:00,Slovakia,Slovakia,SK,328.9,369.86,63.58,18.09,entsoe.eu,false,
2022-11-14 10:00:00,Slovakia,Slovakia,SK,318.91,358.73,63.78,17.53,entsoe.eu,false,
2022-11-14 11:00:00,Slovakia,Slovakia,SK,328.5,368.5,62.93,17.01,entsoe.eu,false,
2022-11-14 12:00:00,Slovakia,Slovakia,SK,352.63,394.26,60.34,15.91,entsoe.eu,false,
2022-11-14 13:00:00,Slovakia,Slovakia,SK,383.09,425.85,58.05,15.21,entsoe.eu,false,
2022-11-14 14:00:00,Slovakia,Slovakia,SK,392.39,435.44,57.38,15.27,entsoe.eu,false,
2022-11-14 15:00:00,Slovakia,Slovakia,SK,396.01,437.51,59.26,20.26,entsoe.eu,false,
2022-11-14 16:00:00,Slovakia,Slovakia,SK,392.96,433.45,60.08,21.92,entsoe.eu,false,
2022-11-14 17:00:00,Slovakia,Slovakia,SK,391.78,431.88,60.01,21.09,entsoe.eu,false,
2022-11-14 18:00:00,Slovakia,Slovakia,SK,399.39,441.32,58.0,18.0,entsoe.eu,false,
2022-11-14 19:00:00,Slovakia,Slovakia,SK,404.78,447.48,56.55,14.72,entsoe.eu,false,
2022-11-14 20:00:00,Slovakia,Slovakia,SK,402.19,443.67,57.6,12.94,entsoe.eu,false,
2022-11-14 21:00:00,Slovakia,Slovakia,SK,397.86,438.73,58.03,11.63,entsoe.eu,false,
2022-11-14 22:00:00,Slovakia,Slovakia,SK,394.13,434.61,58.39,11.11,entsoe.eu,false,
2022-11-14 23:00:00,Slovakia,Slovakia,SK,408.88,451.1,57.59,11.45,entsoe.eu,false,
2022-11-15 00:00:00,Slovakia,Slovakia,SK,400.57,442.63,58.36,11.31,entsoe.eu,false,
2022-11-15 01:00:00,Slovakia,Slovakia,SK,398.58,440.63,58.38,10.95,entsoe.eu,false,
2022-11-15 02:00:00,Slovakia,Slovakia,SK,404.05,446.39,57.82,10.99,entsoe.eu,false,
2022-11-15 03:00:00,Slovakia,Slovakia,SK,408.16,450.89,57.47,11.22,entsoe.eu,false,
2022-11-15 04:00:00,Slovakia,Slovakia,SK,410.32,452.68,57.22,11.3,entsoe.eu,false,
2022-11-15 05:00:00,Slovakia,Slovakia,SK,416.91,459.37,56.54,12.71,entsoe.eu,false,
2022-11-15 06:00:00,Slovakia,Slovakia,SK,403.96,444.92,58.37,15.59,entsoe.eu,false,
2022-11-15 07:00:00,Slovakia,Slovakia,SK,400.83,441.56,58.48,15.59,entsoe.eu,false,
2022-11-15 08:00:00,Slovakia,Slovakia,SK,394.68,437.5,58.42,15.36,entsoe.eu,false,
2022-11-15 09:00:00,Slovakia,Slovakia,SK,372.7,413.94,60.02,14.29,entsoe.eu,false,
2022-11-15 10:00:00,Slovakia,Slovakia,SK,382.62,422.75,60.02,14.09,entsoe.eu,false,
2022-11-15 11:00:00,Slovakia,Slovakia,SK,401.77,443.5,58.14,13.87,entsoe.eu,false,
2022-11-15 12:00:00,Slovakia,Slovakia,SK,411.0,453.28,57.07,13.16,entsoe.eu,false,
2022-11-15 13:00:00,Slovakia,Slovakia,SK,420.31,463.11,56.35,13.11,entsoe.eu,false,
2022-11-15 14:00:00,Slovakia,Slovakia,SK,389.76,432.09,59.25,14.8,entsoe.eu,false,
2022-11-15 15:00:00,Slovakia,Slovakia,SK,389.2,429.57,60.23,17.61,entsoe.eu,false,
2022-11-15 16:00:00,Slovakia,Slovakia,SK,394.32,434.93,59.92,18.13,entsoe.eu,false,
2022-11-15 17:00:00,Slovakia,Slovakia,SK,402.58,443.65,58.86,17.09,entsoe.eu,false,
2022-11-15 18:00:00,Slovakia,Slovakia,SK,411.18,452.21,58.44,17.3,entsoe.eu,false,
2022-11-15 19:00:00,Slovakia,Slovakia,SK,414.75,455.83,57.44,14.42,Electricity Maps Estimation,false,
2022-11-15 20:00:00,Slovakia,Slovakia,SK,407.94,448.92,57.15,11.18,entsoe.eu,false,
2022-11-15 21:00:00,Slovakia,Slovakia,SK,402.75,443.11,57.64,10.45,entsoe.eu,false,
2022-11-15 22:00:00,Slovakia,Slovakia,SK,395.41,435.21,58.48,10.3,entsoe.eu,false,
2022-11-15 23:00:00,Slovakia,Slovakia,SK,367.66,407.94,60.73,10.85,entsoe.eu,false,
2022-11-16 00:00:00,Slovakia,Slovakia,SK,361.3,401.66,61.37,11.35,entsoe.eu,false,
2022-11-16 01:00:00,Slovakia,Slovakia,SK,349.93,390.2,62.28,11.77,entsoe.eu,false,
2022-11-16 02:00:00,Slovakia,Slovakia,SK,344.46,384.12,62.96,11.51,entsoe.eu,false,
2022-11-16 03:00:00,Slovakia,Slovakia,SK,342.67,381.6,63.19,11.72,entsoe.eu,false,
2022-11-16 04:00:00,Slovakia,Slovakia,SK,372.96,412.35,60.51,12.27,entsoe.eu,false,
2022-11-16 05:00:00,Slovakia,Slovakia,SK,374.86,414.18,60.35,13.17,entsoe.eu,false,
2022-11-16 06:00:00,Slovakia,Slovakia,SK,366.15,403.12,62.11,16.61,entsoe.eu,false,
2022-11-16 07:00:00,Slovakia,Slovakia,SK,361.87,397.5,61.97,15.89,entsoe.eu,false,
2022-11-16 08:00:00,Slovakia,Slovakia,SK,371.76,407.82,60.89,15.66,entsoe.eu,false,
2022-11-16 09:00:00,Slovakia,Slovakia,SK,370.82,407.4,60.87,14.18,entsoe.eu,false,
2022-11-16 10:00:00,Slovakia,Slovakia,SK,372.32,408.94,61.03,14.81,entsoe.eu,false,
2022-11-16 11:00:00,Slovakia,Slovakia,SK,393.14,430.97,59.43,14.29,entsoe.eu,false,
2022-11-16 12:00:00,Slovakia,Slovakia,SK,390.08,427.77,59.57,13.77,entsoe.eu,false,
2022-11-16 13:00:00,Slovakia,Slovakia,SK,381.8,418.3,60.18,14.36,entsoe.eu,false,
2022-11-16 14:00:00,Slovakia,Slovakia,SK,395.1,431.29,59.57,15.3,entsoe.eu,false,
2022-11-16 15:00:00,Slovakia,Slovakia,SK,394.22,430.01,60.16,18.06,entsoe.eu,false,
2022-11-16 16:00:00,Slovakia,Slovakia,SK,401.05,437.22,59.71,18.12,entsoe.eu,false,
2022-11-16 17:00:00,Slovakia,Slovakia,SK,401.74,438.05,59.81,18.05,entsoe.eu,false,
2022-11-16 18:00:00,Slovakia,Slovakia,SK,405.09,442.53,58.7,16.16,entsoe.eu,false,
2022-11-16 19:00:00,Slovakia,Slovakia,SK,402.94,440.98,58.21,14.17,Electricity Maps Estimation,false,
2022-11-16 20:00:00,Slovakia,Slovakia,SK,396.29,434.68,58.46,13.38,entsoe.eu,false,
2022-11-16 21:00:00,Slovakia,Slovakia,SK,387.54,426.03,58.83,13.07,entsoe.eu,false,
2022-11-16 22:00:00,Slovakia,Slovakia,SK,359.07,397.1,61.31,12.91,entsoe.eu,false,
2022-11-16 23:00:00,Slovakia,Slovakia,SK,327.98,365.15,63.98,12.66,entsoe.eu,false,
2022-11-17 00:00:00,Slovakia,Slovakia,SK,317.38,355.46,64.93,13.1,entsoe.eu,false,
2022-11-17 01:00:00,Slovakia,Slovakia,SK,320.67,359.09,64.6,13.32,entsoe.eu,false,
2022-11-17 02:00:00,Slovakia,Slovakia,SK,319.74,357.74,64.72,13.28,entsoe.eu,false,
2022-11-17 03:00:00,Slovakia,Slovakia,SK,322.18,359.58,64.72,13.28,entsoe.eu,false,
2022-11-17 04:00:00,Slovakia,Slovakia,SK,327.68,364.68,64.23,13.46,entsoe.eu,false,
2022-11-17 05:00:00,Slovakia,Slovakia,SK,341.69,378.06,62.79,12.54,entsoe.eu,false,
2022-11-17 06:00:00,Slovakia,Slovakia,SK,365.07,401.57,61.3,14.81,entsoe.eu,false,
2022-11-17 07:00:00,Slovakia,Slovakia,SK,368.44,405.32,60.97,16.32,entsoe.eu,false,
2022-11-17 08:00:00,Slovakia,Slovakia,SK,353.7,389.3,62.69,17.18,entsoe.eu,false,
2022-11-17 09:00:00,Slovakia,Slovakia,SK,336.13,370.67,64.38,16.63,entsoe.eu,false,
2022-11-17 10:00:00,Slovakia,Slovakia,SK,330.6,365.71,64.4,16.09,entsoe.eu,false,
2022-11-17 11:00:00,Slovakia,Slovakia,SK,334.59,370.78,63.62,15.39,entsoe.eu,false,
2022-11-17 12:00:00,Slovakia,Slovakia,SK,329.01,364.65,64.14,14.51,entsoe.eu,false,
2022-11-17 13:00:00,Slovakia,Slovakia,SK,329.67,365.24,64.02,13.84,entsoe.eu,false,
2022-11-17 14:00:00,Slovakia,Slovakia,SK,346.53,383.3,62.47,13.96,entsoe.eu,false,
2022-11-17 15:00:00,Slovakia,Slovakia,SK,361.17,398.51,61.47,16.12,entsoe.eu,false,
2022-11-17 16:00:00,Slovakia,Slovakia,SK,358.02,393.89,62.5,17.48,entsoe.eu,false,
2022-11-17 17:00:00,Slovakia,Slovakia,SK,363.98,400.13,61.97,16.29,entsoe.eu,false,
2022-11-17 18:00:00,Slovakia,Slovakia,SK,379.68,416.63,60.49,15.64,entsoe.eu,false,
2022-11-17 19:00:00,Slovakia,Slovakia,SK,389.94,427.85,59.37,13.64,entsoe.eu,false,
2022-11-17 20:00:00,Slovakia,Slovakia,SK,384.51,422.04,59.36,11.68,entsoe.eu,false,
2022-11-17 21:00:00,Slovakia,Slovakia,SK,386.36,424.07,59.16,11.25,entsoe.eu,false,
2022-11-17 22:00:00,Slovakia,Slovakia,SK,360.45,397.07,61.08,9.79,entsoe.eu,false,
2022-11-17 23:00:00,Slovakia,Slovakia,SK,356.28,393.03,61.56,9.92,entsoe.eu,false,
2022-11-18 00:00:00,Slovakia,Slovakia,SK,361.82,399.38,61.15,9.92,entsoe.eu,false,
2022-11-18 01:00:00,Slovakia,Slovakia,SK,356.6,394.22,61.62,10.07,entsoe.eu,false,
2022-11-18 02:00:00,Slovakia,Slovakia,SK,364.7,402.08,60.97,10.09,entsoe.eu,false,
2022-11-18 03:00:00,Slovakia,Slovakia,SK,376.66,416.15,59.81,11.03,entsoe.eu,false,
2022-11-18 04:00:00,Slovakia,Slovakia,SK,391.16,429.44,58.44,10.35,entsoe.eu,false,
2022-11-18 05:00:00,Slovakia,Slovakia,SK,383.44,420.12,59.42,10.56,entsoe.eu,false,
2022-11-18 06:00:00,Slovakia,Slovakia,SK,384.51,421.1,59.82,13.57,entsoe.eu,false,
2022-11-18 07:00:00,Slovakia,Slovakia,SK,354.04,388.69,62.41,13.91,entsoe.eu,false,
2022-11-18 08:00:00,Slovakia,Slovakia,SK,364.1,400.06,61.35,13.79,entsoe.eu,false,
2022-11-18 09:00:00,Slovakia,Slovakia,SK,375.72,412.57,60.3,12.56,entsoe.eu,false,
2022-11-18 10:00:00,Slovakia,Slovakia,SK,371.4,408.28,60.41,12.68,entsoe.eu,false,
2022-11-18 11:00:00,Slovakia,Slovakia,SK,370.99,407.38,60.4,12.72,entsoe.eu,false,
2022-11-18 12:00:00,Slovakia,Slovakia,SK,367.1,403.96,60.57,12.69,entsoe.eu,false,
2022-11-18 13:00:00,Slovakia,Slovakia,SK,358.37,394.47,61.34,12.47,entsoe.eu,false,
2022-11-18 14:00:00,Slovakia,Slovakia,SK,330.76,365.85,64.12,14.55,entsoe.eu,false,
2022-11-18 15:00:00,Slovakia,Slovakia,SK,349.93,384.78,63.68,17.15,entsoe.eu,false,
2022-11-18 16:00:00,Slovakia,Slovakia,SK,336.83,370.39,65.9,20.1,entsoe.eu,false,
2022-11-18 17:00:00,Slovakia,Slovakia,SK,348.25,382.34,64.47,19.2,entsoe.eu,false,
2022-11-18 18:00:00,Slovakia,Slovakia,SK,347.47,382.29,63.34,15.67,entsoe.eu,false,
2022-11-18 19:00:00,Slovakia,Slovakia,SK,365.83,402.65,60.7,11.35,entsoe.eu,false,
2022-11-18 20:00:00,Slovakia,Slovakia,SK,364.97,402.08,60.63,9.59,entsoe.eu,false,
2022-11-18 21:00:00,Slovakia,Slovakia,SK,361.97,398.67,60.97,9.16,entsoe.eu,false,
2022-11-18 22:00:00,Slovakia,Slovakia,SK,301.49,335.8,66.36,9.18,entsoe.eu,false,
2022-11-18 23:00:00,Slovakia,Slovakia,SK,319.91,354.67,64.81,8.84,entsoe.eu,false,
2022-11-19 00:00:00,Slovakia,Slovakia,SK,292.56,326.21,67.29,9.11,entsoe.eu,false,
2022-11-19 01:00:00,Slovakia,Slovakia,SK,292.96,327.29,67.23,9.3,entsoe.eu,false,
2022-11-19 02:00:00,Slovakia,Slovakia,SK,295.89,330.34,66.99,9.32,entsoe.eu,false,
2022-11-19 03:00:00,Slovakia,Slovakia,SK,267.83,298.83,69.26,9.36,entsoe.eu,false,
2022-11-19 04:00:00,Slovakia,Slovakia,SK,262.09,292.65,69.67,9.42,entsoe.eu,false,
2022-11-19 05:00:00,Slovakia,Slovakia,SK,347.65,384.21,62.29,9.2,entsoe.eu,false,
2022-11-19 06:00:00,Slovakia,Slovakia,SK,348.89,384.01,62.08,10.11,entsoe.eu,false,
2022-11-19 07:00:00,Slovakia,Slovakia,SK,347.28,382.27,62.35,11.38,Electricity Maps Estimation,true,ESTIMATED_TIME_SLICER_AVERAGE
2022-11-19 08:00:00,Slovakia,Slovakia,SK,366.18,402.94,60.84,12.4,Electricity Maps Estimation,true,ESTIMATED_TIME_SLICER_AVERAGE
2022-11-19 09:00:00,Slovakia,Slovakia,SK,343.64,377.96,62.88,12.84,entsoe.eu,false,
2022-11-19 10:00:00,Slovakia,Slovakia,SK,353.85,389.25,61.65,12.9,entsoe.eu,false,
2022-11-19 11:00:00,Slovakia,Slovakia,SK,364.43,400.04,60.92,12.87,entsoe.eu,false,
2022-11-19 12:00:00,Slovakia,Slovakia,SK,363.13,397.68,61.17,12.37,entsoe.eu,false,
2022-11-19 13:00:00,Slovakia,Slovakia,SK,390.39,426.7,58.72,12.42,entsoe.eu,false,
2022-11-19 14:00:00,Slovakia,Slovakia,SK,390.11,425.96,59.11,13.72,entsoe.eu,false,
2022-11-19 15:00:00,Slovakia,Slovakia,SK,384.01,419.31,59.99,15.62,entsoe.eu,false,
2022-11-19 16:00:00,Slovakia,Slovakia,SK,341.41,373.4,65.07,18.92,entsoe.eu,false,
2022-11-19 17:00:00,Slovakia,Slovakia,SK,338.26,370.09,64.91,17.45,entsoe.eu,false,
2022-11-19 18:00:00,Slovakia,Slovakia,SK,336.99,369.8,64.15,15.37,entsoe.eu,false,
2022-11-19 19:00:00,Slovakia,Slovakia,SK,343.17,377.24,63.51,13.52,entsoe.eu,false,
2022-11-19 20:00:00,Slovakia,Slovakia,SK,292.05,323.56,67.75,12.13,entsoe.eu,false,
2022-11-19 21:00:00,Slovakia,Slovakia,SK,257.99,288.24,70.57,11.68,entsoe.eu,false,
2022-11-19 22:00:00,Slovakia,Slovakia,SK,207.19,235.19,75.07,11.96,entsoe.eu,false,
2022-11-19 23:00:00,Slovakia,Slovakia,SK,210.68,240.68,74.46,12.23,entsoe.eu,false,
2022-11-20 00:00:00,Slovakia,Slovakia,SK,209.49,241.07,74.63,11.3,entsoe.eu,false,
2022-11-20 01:00:00,Slovakia,Slovakia,SK,206.51,238.61,74.61,11.28,entsoe.eu,false,
2022-11-20 02:00:00,Slovakia,Slovakia,SK,211.3,243.36,74.54,11.07,entsoe.eu,false,
2022-11-20 03:00:00,Slovakia,Slovakia,SK,225.48,257.68,72.91,11.03,entsoe.eu,false,
2022-11-20 04:00:00,Slovakia,Slovakia,SK,244.8,278.2,71.09,10.99,entsoe.eu,false,
2022-11-20 05:00:00,Slovakia,Slovakia,SK,273.35,306.99,68.87,11.98,entsoe.eu,false,
2022-11-20 06:00:00,Slovakia,Slovakia,SK,333.72,370.72,63.77,11.87,entsoe.eu,false,
2022-11-20 07:00:00,Slovakia,Slovakia,SK,334.46,370.52,63.73,13.61,entsoe.eu,false,
2022-11-20 08:00:00,Slovakia,Slovakia,SK,378.51,416.98,59.72,13.88,entsoe.eu,false,
2022-11-20 09:00:00,Slovakia,Slovakia,SK,389.44,428.32,58.78,14.19,entsoe.eu,false,
2022-11-20 10:00:00,Slovakia,Slovakia,SK,378.57,416.84,59.77,14.81,entsoe.eu,false,
2022-11-20 11:00:00,Slovakia,Slovakia,SK,375.38,413.81,60.26,14.34,entsoe.eu,false,
2022-11-20 12:00:00,Slovakia,Slovakia,SK,330.63,365.83,63.95,13.7,entsoe.eu,false,
2022-11-20 13:00:00,Slovakia,Slovakia,SK,330.88,365.81,63.79,12.84,entsoe.eu,false,
2022-11-20 14:00:00,Slovakia,Slovakia,SK,336.87,372.07,63.44,13.83,entsoe.eu,false,
2022-11-20 15:00:00,Slovakia,Slovakia,SK,307.24,338.93,66.56,16.96,entsoe.eu,false,
2022-11-20 16:00:00,Slovakia,Slovakia,SK,295.01,324.87,69.14,21.01,entsoe.eu,false,
2022-11-20 17:00:00,Slovakia,Slovakia,SK,302.07,332.4,69.49,23.46,entsoe.eu,false,
2022-11-20 18:00:00,Slovakia,Slovakia,SK,321.45,353.46,66.44,18.65,entsoe.eu,false,
2022-11-20 19:00:00,Slovakia,Slovakia,SK,330.22,363.68,64.62,13.54,entsoe.eu,false,
2022-11-20 20:00:00,Slovakia,Slovakia,SK,288.55,320.72,67.49,12.06,entsoe.eu,false,
2022-11-20 21:00:00,Slovakia,Slovakia,SK,246.07,276.46,71.32,12.26,entsoe.eu,false,
2022-11-20 22:00:00,Slovakia,Slovakia,SK,211.81,240.85,74.33,12.23,entsoe.eu,false,
2022-11-20 23:00:00,Slovakia,Slovakia,SK,173.69,202.14,77.51,12.98,entsoe.eu,false,
2022-11-21 00:00:00,Slovakia,Slovakia,SK,176.81,204.91,77.13,12.98,entsoe.eu,false,
2022-11-21 01:00:00,Slovakia,Slovakia,SK,177.01,204.53,77.12,12.98,entsoe.eu,false,
2022-11-21 02:00:00,Slovakia,Slovakia,SK,176.54,203.5,77.15,12.91,entsoe.eu,false,
2022-11-21 03:00:00,Slovakia,Slovakia,SK,176.33,203.88,77.24,12.93,entsoe.eu,false,
2022-11-21 04:00:00,Slovakia,Slovakia,SK,175.01,202.96,77.56,12.89,entsoe.eu,false,
2022-11-21 05:00:00,Slovakia,Slovakia,SK,193.71,223.73,75.67,13.75,entsoe.eu,false,
2022-11-21 06:00:00,Slovakia,Slovakia,SK,179.4,208.1,77.06,16.87,entsoe.eu,false,
2022-11-21 07:00:00,Slovakia,Slovakia,SK,180.29,207.44,78.99,21.52,entsoe.eu,false,
2022-11-21 08:00:00,Slovakia,Slovakia,SK,228.14,258.96,73.06,16.69,entsoe.eu,false,
2022-11-21 09:00:00,Slovakia,Slovakia,SK,233.74,263.86,72.35,14.67,entsoe.eu,false,
2022-11-21 10:00:00,Slovakia,Slovakia,SK,268.6,302.41,69.11,15.27,entsoe.eu,false,
2022-11-21 11:00:00,Slovakia,Slovakia,SK,271.11,305.42,68.81,15.59,entsoe.eu,false,
2022-11-21 12:00:00,Slovakia,Slovakia,SK,281.4,319.44,67.64,15.32,entsoe.eu,false,
2022-11-21 13:00:00,Slovakia,Slovakia,SK,292.93,327.68,66.78,13.5,entsoe.eu,false,
2022-11-21 14:00:00,Slovakia,Slovakia,SK,271.42,302.41,70.26,18.86,entsoe.eu,false,
2022-11-21 15:00:00,Slovakia,Slovakia,SK,307.59,340.31,67.27,20.82,entsoe.eu,false,
2022-11-21 16:00:00,Slovakia,Slovakia,SK,295.16,326.64,68.51,20.91,entsoe.eu,false,
2022-11-21 17:00:00,Slovakia,Slovakia,SK,356.74,392.08,62.7,18.71,entsoe.eu,false,
2022-11-21 18:00:00,Slovakia,Slovakia,SK,358.15,394.07,61.99,17.24,entsoe.eu,false,
2022-11-21 19:00:00,Slovakia,Slovakia,SK,394.94,434.06,57.34,12.26,entsoe.eu,false,
2022-11-21 20:00:00,Slovakia,Slovakia,SK,407.26,445.78,56.4,9.81,entsoe.eu,false,
2022-11-21 21:00:00,Slovakia,Slovakia,SK,404.23,441.26,58.07,10.81,entsoe.eu,false,
2022-11-21 22:00:00,Slovakia,Slovakia,SK,359.66,394.4,61.59,10.31,entsoe.eu,false,
2022-11-21 23:00:00,Slovakia,Slovakia,SK,317.9,352.26,64.95,10.77,entsoe.eu,false,
2022-11-22 00:00:00,Slovakia,Slovakia,SK,304.89,339.37,66.14,11.01,entsoe.eu,false,
2022-11-22 01:00:00,Slovakia,Slovakia,SK,303.81,338.44,66.27,10.92,entsoe.eu,false,
2022-11-22 02:00:00,Slovakia,Slovakia,SK,282.39,316.66,68.17,11.1,entsoe.eu,false,
2022-11-22 03:00:00,Slovakia,Slovakia,SK,285.43,319.08,67.89,10.99,entsoe.eu,false,
2022-11-22 04:00:00,Slovakia,Slovakia,SK,318.27,353.13,64.79,10.92,entsoe.eu,false,
2022-11-22 05:00:00,Slovakia,Slovakia,SK,373.87,411.08,59.72,11.28,entsoe.eu,false,
2022-11-22 06:00:00,Slovakia,Slovakia,SK,371.0,408.0,60.34,14.29,entsoe.eu,false,
2022-11-22 07:00:00,Slovakia,Slovakia,SK,374.28,410.79,60.38,15.89,entsoe.eu,false,
2022-11-22 08:00:00,Slovakia,Slovakia,SK,360.05,396.73,61.64,15.92,entsoe.eu,false,
2022-11-22 09:00:00,Slovakia,Slovakia,SK,366.7,403.91,61.14,14.91,entsoe.eu,false,
2022-11-22 10:00:00,Slovakia,Slovakia,SK,367.82,405.75,60.62,14.56,entsoe.eu,false,
2022-11-22 11:00:00,Slovakia,Slovakia,SK,372.96,410.71,60.3,14.35,entsoe.eu,false,
2022-11-22 12:00:00,Slovakia,Slovakia,SK,373.14,410.5,60.42,14.33,entsoe.eu,false,
2022-11-22 13:00:00,Slovakia,Slovakia,SK,372.44,409.16,60.35,14.18,entsoe.eu,false,
2022-11-22 14:00:00,Slovakia,Slovakia,SK,363.25,398.56,61.88,16.39,entsoe.eu,false,
2022-11-22 15:00:00,Slovakia,Slovakia,SK,357.3,391.76,62.89,17.83,entsoe.eu,false,
2022-11-22 16:00:00,Slovakia,Slovakia,SK,345.12,377.99,64.8,19.14,entsoe.eu,false,
2022-11-22 17:00:00,Slovakia,Slovakia,SK,350.48,384.48,63.22,15.97,entsoe.eu,false,
2022-11-22 18:00:00,Slovakia,Slovakia,SK,363.69,398.69,61.62,14.72,entsoe.eu,false,
2022-11-22 19:00:00,Slovakia,Slovakia,SK,353.49,388.82,61.82,12.56,entsoe.eu,false,
2022-11-22 20:00:00,Slovakia,Slovakia,SK,345.71,380.74,62.29,11.05,entsoe.eu,false,
2022-11-22 21:00:00,Slovakia,Slovakia,SK,335.03,369.99,63.38,11.2,entsoe.eu,false,
2022-11-22 22:00:00,Slovakia,Slovakia,SK,293.2,325.94,67.06,11.07,entsoe.eu,false,
2022-11-22 23:00:00,Slovakia,Slovakia,SK,208.03,237.63,74.61,12.08,entsoe.eu,false,
2022-11-23 00:00:00,Slovakia,Slovakia,SK,183.47,212.07,76.74,12.43,entsoe.eu,false,
2022-11-23 01:00:00,Slovakia,Slovakia,SK,175.64,204.22,77.3,12.77,entsoe.eu,false,
2022-11-23 02:00:00,Slovakia,Slovakia,SK,176.53,205.1,77.22,12.51,entsoe.eu,false,
2022-11-23 03:00:00,Slovakia,Slovakia,SK,195.74,224.87,75.53,12.59,entsoe.eu,false,
2022-11-23 04:00:00,Slovakia,Slovakia,SK,242.42,272.95,71.66,12.03,entsoe.eu,false,
2022-11-23 05:00:00,Slovakia,Slovakia,SK,359.8,395.15,61.06,10.44,entsoe.eu,false,
2022-11-23 06:00:00,Slovakia,Slovakia,SK,349.0,382.5,62.33,13.11,entsoe.eu,false,
2022-11-23 07:00:00,Slovakia,Slovakia,SK,322.95,355.18,64.99,14.42,entsoe.eu,false,
2022-11-23 08:00:00,Slovakia,Slovakia,SK,337.52,370.27,63.62,14.18,entsoe.eu,false,
2022-11-23 09:00:00,Slovakia,Slovakia,SK,354.83,388.39,61.93,12.77,entsoe.eu,false,
2022-11-23 10:00:00,Slovakia,Slovakia,SK,361.94,396.07,61.11,12.8,entsoe.eu,false,
2022-11-23 11:00:00,Slovakia,Slovakia,SK,369.8,404.22,60.23,12.15,entsoe.eu,false,
2022-11-23 12:00:00,Slovakia,Slovakia,SK,349.23,381.95,62.02,12.46,entsoe.eu,false,
2022-11-23 13:00:00,Slovakia,Slovakia,SK,339.08,371.12,62.87,12.63,entsoe.eu,false,
2022-11-23 14:00:00,Slovakia,Slovakia,SK,363.71,396.27,61.14,13.64,entsoe.eu,false,
2022-11-23 15:00:00,Slovakia,Slovakia,SK,403.75,436.65,60.02,18.08,entsoe.eu,false,
2022-11-23 16:00:00,Slovakia,Slovakia,SK,403.49,436.09,60.3,18.82,entsoe.eu,false,
2022-11-23 17:00:00,Slovakia,Slovakia,SK,409.86,443.12,59.95,19.76,entsoe.eu,false,
2022-11-23 18:00:00,Slovakia,Slovakia,SK,405.4,437.63,60.5,19.26,entsoe.eu,false,
2022-11-23 19:00:00,Slovakia,Slovakia,SK,408.93,443.51,57.46,13.11,entsoe.eu,false,
2022-11-23 20:00:00,Slovakia,Slovakia,SK,417.94,452.83,55.97,9.8,entsoe.eu,false,
2022-11-23 21:00:00,Slovakia,Slovakia,SK,417.7,451.8,56.14,9.46,entsoe.eu,false,
2022-11-23 22:00:00,Slovakia,Slovakia,SK,373.71,405.35,60.02,9.21,entsoe.eu,false,
2022-11-23 23:00:00,Slovakia,Slovakia,SK,381.2,414.78,59.49,9.64,entsoe.eu,false,
2022-11-24 00:00:00,Slovakia,Slovakia,SK,378.19,412.23,59.88,9.59,entsoe.eu,false,
2022-11-24 01:00:00,Slovakia,Slovakia,SK,374.26,408.0,60.29,9.7,entsoe.eu,false,
2022-11-24 02:00:00,Slovakia,Slovakia,SK,339.39,372.05,63.37,10.26,entsoe.eu,false,
2022-11-24 03:00:00,Slovakia,Slovakia,SK,371.88,406.42,60.49,9.95,entsoe.eu,false,
2022-11-24 04:00:00,Slovakia,Slovakia,SK,415.25,452.37,56.53,10.27,entsoe.eu,false,
2022-11-24 05:00:00,Slovakia,Slovakia,SK,426.64,464.79,55.16,10.99,entsoe.eu,false,
2022-11-24 06:00:00,Slovakia,Slovakia,SK,413.53,452.37,55.89,13.6,entsoe.eu,false,
2022-11-24 07:00:00,Slovakia,Slovakia,SK,400.82,438.06,57.69,16.18,entsoe.eu,false,
2022-11-24 08:00:00,Slovakia,Slovakia,SK,342.75,376.44,62.83,18.19,entsoe.eu,false,
2022-11-24 09:00:00,Slovakia,Slovakia,SK,325.45,358.08,64.84,17.29,entsoe.eu,false,
2022-11-24 10:00:00,Slovakia,Slovakia,SK,346.03,381.48,62.26,15.44,entsoe.eu,false,
2022-11-24 11:00:00,Slovakia,Slovakia,SK,355.94,392.44,60.22,13.84,entsoe.eu,false,
2022-11-24 12:00:00,Slovakia,Slovakia,SK,350.44,384.69,61.57,13.88,entsoe.eu,false,
2022-11-24 13:00:00,Slovakia,Slovakia,SK,376.35,412.01,59.15,13.48,entsoe.eu,false,
2022-11-24 14:00:00,Slovakia,Slovakia,SK,388.73,424.98,58.44,14.61,entsoe.eu,false,
2022-11-24 15:00:00,Slovakia,Slovakia,SK,379.5,414.08,60.99,20.07,entsoe.eu,false,
2022-11-24 16:00:00,Slovakia,Slovakia,SK,387.74,422.44,60.77,20.56,entsoe.eu,false,
2022-11-24 17:00:00,Slovakia,Slovakia,SK,397.3,433.26,58.97,17.68,entsoe.eu,false,
2022-11-24 18:00:00,Slovakia,Slovakia,SK,401.16,438.24,57.44,14.5,entsoe.eu,false,
2022-11-24 19:00:00,Slovakia,Slovakia,SK,407.58,444.1,57.19,11.42,entsoe.eu,false,
2022-11-24 20:00:00,Slovakia,Slovakia,SK,393.22,427.75,58.44,10.0,entsoe.eu,false,
2022-11-24 21:00:00,Slovakia,Slovakia,SK,393.62,428.48,58.36,9.83,entsoe.eu,false,
2022-11-24 22:00:00,Slovakia,Slovakia,SK,368.63,402.24,60.75,9.7,entsoe.eu,false,
2022-11-24 23:00:00,Slovakia,Slovakia,SK,317.55,349.84,65.41,10.51,entsoe.eu,false,
2022-11-25 00:00:00,Slovakia,Slovakia,SK,278.19,309.16,68.91,11.32,entsoe.eu,false,
2022-11-25 01:00:00,Slovakia,Slovakia,SK,295.7,327.99,67.43,11.02,entsoe.eu,false,
2022-11-25 02:00:00,Slovakia,Slovakia,SK,291.11,322.51,67.75,10.96,entsoe.eu,false,
2022-11-25 03:00:00,Slovakia,Slovakia,SK,328.37,362.83,64.45,10.61,entsoe.eu,false,
2022-11-25 04:00:00,Slovakia,Slovakia,SK,352.53,387.66,62.29,10.61,entsoe.eu,false,
2022-11-25 05:00:00,Slovakia,Slovakia,SK,365.42,402.34,60.63,12.19,entsoe.eu,false,
2022-11-25 06:00:00,Slovakia,Slovakia,SK,362.42,399.58,60.68,13.64,entsoe.eu,false,
2022-11-25 07:00:00,Slovakia,Slovakia,SK,340.05,375.78,63.07,14.65,entsoe.eu,false,
2022-11-25 08:00:00,Slovakia,Slovakia,SK,282.72,315.35,68.08,16.0,entsoe.eu,false,
2022-11-25 09:00:00,Slovakia,Slovakia,SK,272.52,304.45,69.11,16.01,entsoe.eu,false,
2022-11-25 10:00:00,Slovakia,Slovakia,SK,257.82,288.96,70.36,16.31,entsoe.eu,false,
2022-11-25 11:00:00,Slovakia,Slovakia,SK,255.07,286.02,70.59,16.06,entsoe.eu,false,
2022-11-25 12:00:00,Slovakia,Slovakia,SK,268.77,300.22,69.22,15.11,entsoe.eu,false,
2022-11-25 13:00:00,Slovakia,Slovakia,SK,315.22,349.65,65.0,13.71,entsoe.eu,false,
2022-11-25 14:00:00,Slovakia,Slovakia,SK,321.03,354.84,64.81,14.12,entsoe.eu,false,
2022-11-25 15:00:00,Slovakia,Slovakia,SK,355.57,390.0,63.63,19.57,entsoe.eu,false,
2022-11-25 16:00:00,Slovakia,Slovakia,SK,366.52,400.94,63.28,21.14,entsoe.eu,false,
2022-11-25 17:00:00,Slovakia,Slovakia,SK,376.72,412.15,61.61,19.15,entsoe.eu,false,
2022-11-25 18:00:00,Slovakia,Slovakia,SK,385.52,422.44,59.86,16.99,entsoe.eu,false,
2022-11-25 19:00:00,Slovakia,Slovakia,SK,395.72,433.28,58.05,12.78,entsoe.eu,false,
2022-11-25 20:00:00,Slovakia,Slovakia,SK,376.38,411.6,60.12,11.07,entsoe.eu,false,
2022-11-25 21:00:00,Slovakia,Slovakia,SK,363.19,397.35,61.32,11.17,entsoe.eu,false,
2022-11-25 22:00:00,Slovakia,Slovakia,SK,341.71,377.38,62.93,11.52,entsoe.eu,false,
2022-11-25 23:00:00,Slovakia,Slovakia,SK,309.65,342.92,65.47,10.39,entsoe.eu,false,
2022-11-26 00:00:00,Slovakia,Slovakia,SK,304.97,339.0,66.22,10.5,entsoe.eu,false,
2022-11-26 01:00:00,Slovakia,Slovakia,SK,279.01,312.91,68.21,10.75,entsoe.eu,false,
2022-11-26 02:00:00,Slovakia,Slovakia,SK,266.62,300.05,69.28,10.87,entsoe.eu,false,
2022-11-26 03:00:00,Slovakia,Slovakia,SK,276.55,310.03,68.38,10.61,entsoe.eu,false,
2022-11-26 04:00:00,Slovakia,Slovakia,SK,294.8,329.18,66.83,10.27,entsoe.eu,false,
2022-11-26 05:00:00,Slovakia,Slovakia,SK,341.21,377.31,62.8,11.11,entsoe.eu,false,
2022-11-26 06:00:00,Slovakia,Slovakia,SK,329.62,364.05,63.93,12.83,entsoe.eu,false,
2022-11-26 07:00:00,Slovakia,Slovakia,SK,299.19,332.01,66.61,14.17,entsoe.eu,false,
2022-11-26 08:00:00,Slovakia,Slovakia,SK,287.37,319.35,68.08,15.24,entsoe.eu,false,
2022-11-26 09:00:00,Slovakia,Slovakia,SK,253.12,282.02,70.78,14.79,entsoe.eu,false,
2022-11-26 10:00:00,Slovakia,Slovakia,SK,255.42,284.61,70.52,15.26,entsoe.eu,false,
2022-11-26 11:00:00,Slovakia,Slovakia,SK,265.0,295.04,69.57,14.23,entsoe.eu,false,
2022-11-26 12:00:00,Slovakia,Slovakia,SK,259.73,288.99,70.08,13.67,entsoe.eu,false,
2022-11-26 13:00:00,Slovakia,Slovakia,SK,285.26,316.6,67.79,12.94,entsoe.eu,false,
2022-11-26 14:00:00,Slovakia,Slovakia,SK,311.74,344.38,65.99,14.24,entsoe.eu,false,
2022-11-26 15:00:00,Slovakia,Slovakia,SK,319.69,352.76,65.55,16.17,entsoe.eu,false,
2022-11-26 16:00:00,Slovakia,Slovakia,SK,325.23,356.64,67.82,21.42,entsoe.eu,false,
2022-11-26 17:00:00,Slovakia,Slovakia,SK,324.15,356.59,66.34,17.67,entsoe.eu,false,
2022-11-26 18:00:00,Slovakia,Slovakia,SK,339.61,374.22,63.7,14.62,entsoe.eu,false,
2022-11-26 19:00:00,Slovakia,Slovakia,SK,345.98,380.87,63.12,13.18,entsoe.eu,false,
2022-11-26 20:00:00,Slovakia,Slovakia,SK,346.37,381.92,62.4,11.03,entsoe.eu,false,
2022-11-26 21:00:00,Slovakia,Slovakia,SK,333.12,367.96,63.59,10.79,entsoe.eu,false,
2022-11-26 22:00:00,Slovakia,Slovakia,SK,316.45,350.39,65.06,9.34,entsoe.eu,false,
2022-11-26 23:00:00,Slovakia,Slovakia,SK,234.88,263.9,72.33,9.89,entsoe.eu,false,
2022-11-27 00:00:00,Slovakia,Slovakia,SK,247.91,279.54,71.27,10.05,entsoe.eu,false,
2022-11-27 01:00:00,Slovakia,Slovakia,SK,237.89,270.01,72.01,10.34,entsoe.eu,false,
2022-11-27 02:00:00,Slovakia,Slovakia,SK,216.34,247.64,73.84,10.68,entsoe.eu,false,
2022-11-27 03:00:00,Slovakia,Slovakia,SK,247.8,281.12,70.99,10.36,entsoe.eu,false,
2022-11-27 04:00:00,Slovakia,Slovakia,SK,270.6,304.27,68.93,9.92,entsoe.eu,false,
2022-11-27 05:00:00,Slovakia,Slovakia,SK,256.67,289.31,70.16,11.27,entsoe.eu,false,
2022-11-27 06:00:00,Slovakia,Slovakia,SK,289.1,323.11,67.48,11.53,entsoe.eu,false,
2022-11-27 07:00:00,Slovakia,Slovakia,SK,325.74,361.73,64.31,12.52,entsoe.eu,false,
2022-11-27 08:00:00,Slovakia,Slovakia,SK,340.45,377.57,63.16,13.68,entsoe.eu,false,
2022-11-27 09:00:00,Slovakia,Slovakia,SK,336.88,374.1,63.63,14.55,entsoe.eu,false,
2022-11-27 10:00:00,Slovakia,Slovakia,SK,332.26,369.1,64.05,15.29,entsoe.eu,false,
2022-11-27 11:00:00,Slovakia,Slovakia,SK,335.3,371.82,63.76,14.96,entsoe.eu,false,
2022-11-27 12:00:00,Slovakia,Slovakia,SK,316.74,351.89,65.31,14.14,entsoe.eu,false,
2022-11-27 13:00:00,Slovakia,Slovakia,SK,331.45,367.66,63.92,13.33,entsoe.eu,false,
2022-11-27 14:00:00,Slovakia,Slovakia,SK,332.78,369.1,63.43,14.11,entsoe.eu,false,
2022-11-27 15:00:00,Slovakia,Slovakia,SK,342.21,376.41,64.21,18.4,entsoe.eu,false,
2022-11-27 16:00:00,Slovakia,Slovakia,SK,348.55,382.16,64.9,20.81,entsoe.eu,false,
2022-11-27 17:00:00,Slovakia,Slovakia,SK,350.37,384.39,64.37,20.0,entsoe.eu,false,
2022-11-27 18:00:00,Slovakia,Slovakia,SK,353.55,388.48,62.66,16.5,entsoe.eu,false,
2022-11-27 19:00:00,Slovakia,Slovakia,SK,372.95,409.41,60.43,14.17,entsoe.eu,false,
2022-11-27 20:00:00,Slovakia,Slovakia,SK,367.15,402.94,60.5,11.59,entsoe.eu,false,
2022-11-27 21:00:00,Slovakia,Slovakia,SK,361.09,396.78,61.12,11.14,entsoe.eu,false,
2022-11-27 22:00:00,Slovakia,Slovakia,SK,338.76,372.5,63.09,10.75,entsoe.eu,false,
2022-11-27 23:00:00,Slovakia,Slovakia,SK,358.46,394.18,61.39,10.68,entsoe.eu,false,
2022-11-28 00:00:00,Slovakia,Slovakia,SK,326.38,360.9,64.23,11.0,entsoe.eu,false,
2022-11-28 01:00:00,Slovakia,Slovakia,SK,323.26,358.07,64.58,11.27,entsoe.eu,false,
2022-11-28 02:00:00,Slovakia,Slovakia,SK,318.21,353.1,65.02,11.42,entsoe.eu,false,
2022-11-28 03:00:00,Slovakia,Slovakia,SK,336.3,372.16,63.35,11.8,entsoe.eu,false,
2022-11-28 04:00:00,Slovakia,Slovakia,SK,371.11,407.93,60.13,11.43,entsoe.eu,false,
2022-11-28 05:00:00,Slovakia,Slovakia,SK,385.63,425.04,58.03,12.37,entsoe.eu,false,
2022-11-28 06:00:00,Slovakia,Slovakia,SK,390.68,430.26,57.31,13.82,entsoe.eu,false,
2022-11-28 07:00:00,Slovakia,Slovakia,SK,391.25,430.98,57.43,14.47,entsoe.eu,false,
2022-11-28 08:00:00,Slovakia,Slovakia,SK,374.32,412.77,59.28,15.15,entsoe.eu,false,
2022-11-28 09:00:00,Slovakia,Slovakia,SK,359.02,397.15,60.57,14.44,entsoe.eu,false,
2022-11-28 10:00:00,Slovakia,Slovakia,SK,339.56,377.3,61.75,15.52,entsoe.eu,false,
2022-11-28 11:00:00,Slovakia,Slovakia,SK,336.91,374.86,61.91,15.33,entsoe.eu,false,
2022-11-28 12:00:00,Slovakia,Slovakia,SK,342.24,379.37,61.79,14.74,entsoe.eu,false,
2022-11-28 13:00:00,Slovakia,Slovakia,SK,365.82,403.84,59.88,13.16,entsoe.eu,false,
2022-11-28 14:00:00,Slovakia,Slovakia,SK,376.28,414.35,59.4,14.54,entsoe.eu,false,
2022-11-28 15:00:00,Slovakia,Slovakia,SK,340.42,374.46,64.71,20.98,entsoe.eu,false,
2022-11-28 16:00:00,Slovakia,Slovakia,SK,336.55,370.44,65.05,21.27,entsoe.eu,false,
2022-11-28 17:00:00,Slovakia,Slovakia,SK,335.68,369.4,65.23,21.12,entsoe.eu,false,
2022-11-28 18:00:00,Slovakia,Slovakia,SK,325.72,359.03,65.81,20.39,entsoe.eu,false,
2022-11-28 19:00:00,Slovakia,Slovakia,SK,332.83,368.85,62.76,13.89,entsoe.eu,false,
2022-11-28 20:00:00,Slovakia,Slovakia,SK,321.93,357.52,63.27,11.7,entsoe.eu,false,
2022-11-28 21:00:00,Slovakia,Slovakia,SK,338.74,375.21,61.76,11.21,entsoe.eu,false,
2022-11-28 22:00:00,Slovakia,Slovakia,SK,337.05,373.4,62.95,12.01,entsoe.eu,false,
2022-11-28 23:00:00,Slovakia,Slovakia,SK,297.98,331.78,66.69,11.83,entsoe.eu,false,
2022-11-29 00:00:00,Slovakia,Slovakia,SK,260.23,291.91,70.12,11.75,entsoe.eu,false,
2022-11-29 01:00:00,Slovakia,Slovakia,SK,264.59,297.35,69.8,11.94,entsoe.eu,false,
2022-11-29 02:00:00,Slovakia,Slovakia,SK,262.92,295.13,70.17,11.86,entsoe.eu,false,
2022-11-29 03:00:00,Slovakia,Slovakia,SK,280.87,313.47,68.51,11.61,entsoe.eu,false,
2022-11-29 04:00:00,Slovakia,Slovakia,SK,324.79,359.45,64.23,11.28,entsoe.eu,false,
2022-11-29 05:00:00,Slovakia,Slovakia,SK,322.23,357.28,63.83,11.72,entsoe.eu,false,
2022-11-29 06:00:00,Slovakia,Slovakia,SK,322.06,357.93,63.77,13.51,entsoe.eu,false,
2022-11-29 07:00:00,Slovakia,Slovakia,SK,317.69,352.17,66.15,18.23,entsoe.eu,false,
2022-11-29 08:00:00,Slovakia,Slovakia,SK,309.07,344.15,65.8,15.85,entsoe.eu,false,
2022-11-29 09:00:00,Slovakia,Slovakia,SK,275.13,307.5,68.86,15.69,entsoe.eu,false,
2022-11-29 10:00:00,Slovakia,Slovakia,SK,269.31,301.3,69.52,15.77,entsoe.eu,false,
2022-11-29 11:00:00,Slovakia,Slovakia,SK,301.48,336.18,66.56,15.33,entsoe.eu,false,
2022-11-29 12:00:00,Slovakia,Slovakia,SK,302.96,337.07,66.54,14.74,entsoe.eu,false,
2022-11-29 13:00:00,Slovakia,Slovakia,SK,331.03,366.52,64.15,14.0,entsoe.eu,false,
2022-11-29 14:00:00,Slovakia,Slovakia,SK,355.0,391.18,61.77,13.57,entsoe.eu,false,
2022-11-29 15:00:00,Slovakia,Slovakia,SK,371.16,407.85,60.49,14.99,entsoe.eu,false,
2022-11-29 16:00:00,Slovakia,Slovakia,SK,331.25,367.02,64.16,16.51,entsoe.eu,false,
2022-11-29 17:00:00,Slovakia,Slovakia,SK,309.71,344.73,65.59,15.78,entsoe.eu,false,
2022-11-29 18:00:00,Slovakia,Slovakia,SK,317.09,351.21,64.91,15.12,entsoe.eu,false,
2022-11-29 19:00:00,Slovakia,Slovakia,SK,337.57,373.4,62.58,12.09,entsoe.eu,false,
2022-11-29 20:00:00,Slovakia,Slovakia,SK,327.56,362.98,63.47,10.97,entsoe.eu,false,
2022-11-29 21:00:00,Slovakia,Slovakia,SK,305.38,338.97,65.5,10.59,entsoe.eu,false,
2022-11-29 22:00:00,Slovakia,Slovakia,SK,350.58,387.11,61.39,10.22,entsoe.eu,false,
2022-11-29 23:00:00,Slovakia,Slovakia,SK,295.5,327.71,67.04,10.64,entsoe.eu,false,
2022-11-30 00:00:00,Slovakia,Slovakia,SK,306.69,339.79,66.29,10.71,entsoe.eu,false,
2022-11-30 01:00:00,Slovakia,Slovakia,SK,305.53,338.83,66.39,10.72,entsoe.eu,false,
2022-11-30 02:00:00,Slovakia,Slovakia,SK,317.67,351.64,65.29,10.39,entsoe.eu,false,
2022-11-30 03:00:00,Slovakia,Slovakia,SK,322.72,356.45,64.72,10.28,entsoe.eu,false,
2022-11-30 04:00:00,Slovakia,Slovakia,SK,372.42,409.31,59.83,9.74,entsoe.eu,false,
2022-11-30 05:00:00,Slovakia,Slovakia,SK,354.36,391.06,60.97,10.49,entsoe.eu,false,
2022-11-30 06:00:00,Slovakia,Slovakia,SK,346.7,383.13,61.84,12.86,entsoe.eu,false,
2022-11-30 07:00:00,Slovakia,Slovakia,SK,346.62,382.88,62.33,14.82,entsoe.eu,false,
2022-11-30 08:00:00,Slovakia,Slovakia,SK,346.11,382.11,62.34,14.16,entsoe.eu,false,
2022-11-30 09:00:00,Slovakia,Slovakia,SK,340.06,376.26,63.05,14.28,entsoe.eu,false,
2022-11-30 10:00:00,Slovakia,Slovakia,SK,341.94,377.73,63.04,14.33,entsoe.eu,false,
2022-11-30 11:00:00,Slovakia,Slovakia,SK,333.77,368.85,63.27,12.71,entsoe.eu,false,
2022-11-30 12:00:00,Slovakia,Slovakia,SK,334.23,370.61,62.72,13.13,entsoe.eu,false,
2022-11-30 13:00:00,Slovakia,Slovakia,SK,343.8,379.4,62.07,13.52,entsoe.eu,false,
2022-11-30 14:00:00,Slovakia,Slovakia,SK,339.2,373.94,62.93,15.25,entsoe.eu,false,
2022-11-30 15:00:00,Slovakia,Slovakia,SK,344.22,378.78,63.59,17.89,entsoe.eu,false,
2022-11-30 16:00:00,Slovakia,Slovakia,SK,329.43,362.92,66.96,22.27,entsoe.eu,false,
2022-11-30 17:00:00,Slovakia,Slovakia,SK,324.65,357.57,67.53,22.96,entsoe.eu,false,
2022-11-30 18:00:00,Slovakia,Slovakia,SK,361.05,398.33,61.39,15.23,entsoe.eu,false,
2022-11-30 19:00:00,Slovakia,Slovakia,SK,360.26,398.15,60.49,12.01,entsoe.eu,false,
2022-11-30 20:00:00,Slovakia,Slovakia,SK,358.91,397.22,60.06,9.74,entsoe.eu,false,
2022-11-30 21:00:00,Slovakia,Slovakia,SK,356.61,394.3,60.33,9.58,entsoe.eu,false,
2022-11-30 22:00:00,Slovakia,Slovakia,SK,321.06,355.98,63.96,9.79,entsoe.eu,false,
2022-11-30 23:00:00,Slovakia,Slovakia,SK,328.72,364.83,64.01,9.82,entsoe.eu,false,
2022-12-01 00:00:00,Slovakia,Slovakia,SK,331.79,367.89,63.77,9.71,entsoe.eu,false,
2022-12-01 01:00:00,Slovakia,Slovakia,SK,347.77,384.9,62.29,9.63,entsoe.eu,false,
2022-12-01 02:00:00,Slovakia,Slovakia,SK,351.61,388.46,61.91,9.44,entsoe.eu,false,
2022-12-01 03:00:00,Slovakia,Slovakia,SK,361.07,399.1,61.04,9.33,entsoe.eu,false,
2022-12-01 04:00:00,Slovakia,Slovakia,SK,358.53,396.87,60.97,9.42,entsoe.eu,false,
2022-12-01 05:00:00,Slovakia,Slovakia,SK,380.84,421.02,58.39,9.55,entsoe.eu,false,
2022-12-01 06:00:00,Slovakia,Slovakia,SK,365.47,404.27,59.99,11.69,entsoe.eu,false,
2022-12-01 07:00:00,Slovakia,Slovakia,SK,295.47,328.68,67.13,15.52,entsoe.eu,false,
2022-12-01 08:00:00,Slovakia,Slovakia,SK,269.1,300.51,69.89,17.4,entsoe.eu,false,
2022-12-01 09:00:00,Slovakia,Slovakia,SK,225.74,254.74,73.26,16.9,entsoe.eu,false,
2022-12-01 10:00:00,Slovakia,Slovakia,SK,254.37,286.81,70.67,17.0,entsoe.eu,false,
2022-12-01 11:00:00,Slovakia,Slovakia,SK,260.94,293.8,69.87,16.6,entsoe.eu,false,
2022-12-01 12:00:00,Slovakia,Slovakia,SK,303.43,338.95,66.01,14.91,entsoe.eu,false,
2022-12-01 13:00:00,Slovakia,Slovakia,SK,340.77,379.71,62.44,13.41,entsoe.eu,false,
2022-12-01 14:00:00,Slovakia,Slovakia,SK,343.13,380.28,62.85,14.56,entsoe.eu,false,
2022-12-01 15:00:00,Slovakia,Slovakia,SK,371.61,410.02,60.83,17.75,entsoe.eu,false,
2022-12-01 16:00:00,Slovakia,Slovakia,SK,351.74,388.04,63.66,20.27,entsoe.eu,false,
2022-12-01 17:00:00,Slovakia,Slovakia,SK,336.86,371.29,66.03,22.28,entsoe.eu,false,
2022-12-01 18:00:00,Slovakia,Slovakia,SK,352.61,390.78,62.03,15.57,entsoe.eu,false,
2022-12-01 19:00:00,Slovakia,Slovakia,SK,372.23,411.2,59.73,12.3,entsoe.eu,false,
2022-12-01 20:00:00,Slovakia,Slovakia,SK,379.76,419.91,58.21,9.69,entsoe.eu,false,
2022-12-01 21:00:00,Slovakia,Slovakia,SK,365.56,404.83,59.47,9.44,entsoe.eu,false,
2022-12-01 22:00:00,Slovakia,Slovakia,SK,359.81,398.05,60.93,9.69,entsoe.eu,false,
2022-12-01 23:00:00,Slovakia,Slovakia,SK,358.69,397.12,61.19,9.53,entsoe.eu,false,
2022-12-02 00:00:00,Slovakia,Slovakia,SK,353.46,393.1,61.74,9.85,entsoe.eu,false,
2022-12-02 01:00:00,Slovakia,Slovakia,SK,382.5,424.24,59.02,8.6,entsoe.eu,false,
2022-12-02 02:00:00,Slovakia,Slovakia,SK,390.06,431.69,58.4,8.51,entsoe.eu,false,
2022-12-02 03:00:00,Slovakia,Slovakia,SK,379.17,418.96,59.25,8.38,entsoe.eu,false,
2022-12-02 04:00:00,Slovakia,Slovakia,SK,394.06,432.92,57.59,9.04,entsoe.eu,false,
2022-12-02 05:00:00,Slovakia,Slovakia,SK,387.31,427.43,57.45,9.58,entsoe.eu,false,
2022-12-02 06:00:00,Slovakia,Slovakia,SK,425.44,466.83,54.59,12.31,entsoe.eu,false,
2022-12-02 07:00:00,Slovakia,Slovakia,SK,418.96,459.26,56.1,16.12,entsoe.eu,false,
2022-12-02 08:00:00,Slovakia,Slovakia,SK,408.42,448.04,57.12,16.19,entsoe.eu,false,
2022-12-02 09:00:00,Slovakia,Slovakia,SK,396.17,435.55,58.07,15.45,entsoe.eu,false,
2022-12-02 10:00:00,Slovakia,Slovakia,SK,399.37,440.01,56.89,14.62,entsoe.eu,false,
2022-12-02 11:00:00,Slovakia,Slovakia,SK,403.53,444.44,56.22,13.8,entsoe.eu,false,
2022-12-02 12:00:00,Slovakia,Slovakia,SK,403.86,444.92,56.3,13.59,entsoe.eu,false,
2022-12-02 13:00:00,Slovakia,Slovakia,SK,395.58,435.79,56.49,11.47,entsoe.eu,false,
2022-12-02 14:00:00,Slovakia,Slovakia,SK,381.63,421.55,57.66,12.16,entsoe.eu,false,
2022-12-02 15:00:00,Slovakia,Slovakia,SK,370.54,408.61,61.03,18.81,entsoe.eu,false,
2022-12-02 16:00:00,Slovakia,Slovakia,SK,378.28,416.61,60.28,18.58,entsoe.eu,false,
2022-12-02 17:00:00,Slovakia,Slovakia,SK,390.13,429.83,58.21,14.45,entsoe.eu,false,
2022-12-02 18:00:00,Slovakia,Slovakia,SK,417.15,458.83,54.99,11.02,entsoe.eu,false,
2022-12-02 19:00:00,Slovakia,Slovakia,SK,379.54,417.82,58.42,9.97,entsoe.eu,false,
2022-12-02 20:00:00,Slovakia,Slovakia,SK,411.19,451.34,55.33,9.14,entsoe.eu,false,
2022-12-02 21:00:00,Slovakia,Slovakia,SK,403.13,441.71,57.0,9.46,entsoe.eu,false,
2022-12-02 22:00:00,Slovakia,Slovakia,SK,417.4,456.54,56.18,9.37,entsoe.eu,false,
2022-12-02 23:00:00,Slovakia,Slovakia,SK,400.08,437.36,57.6,8.44,entsoe.eu,false,
2022-12-03 00:00:00,Slovakia,Slovakia,SK,398.08,436.26,57.8,8.44,entsoe.eu,false,
2022-12-03 01:00:00,Slovakia,Slovakia,SK,394.59,433.53,58.1,8.37,entsoe.eu,false,
2022-12-03 02:00:00,Slovakia,Slovakia,SK,395.39,435.16,58.14,8.5,entsoe.eu,false,
2022-12-03 03:00:00,Slovakia,Slovakia,SK,387.65,426.65,58.67,8.47,entsoe.eu,false,
2022-12-03 04:00:00,Slovakia,Slovakia,SK,385.23,422.9,58.84,8.41,entsoe.eu,false,
2022-12-03 05:00:00,Slovakia,Slovakia,SK,394.51,432.87,58.14,9.67,entsoe.eu,false,
2022-12-03 06:00:00,Slovakia,Slovakia,SK,400.62,440.29,57.14,10.02,entsoe.eu,false,
2022-12-03 07:00:00,Slovakia,Slovakia,SK,388.88,428.19,57.71,11.33,entsoe.eu,false,
2022-12-03 08:00:00,Slovakia,Slovakia,SK,365.1,402.65,60.73,14.49,entsoe.eu,false,
2022-12-03 09:00:00,Slovakia,Slovakia,SK,358.29,396.05,60.85,13.23,entsoe.eu,false,
2022-12-03 10:00:00,Slovakia,Slovakia,SK,355.43,393.48,60.95,12.94,entsoe.eu,false,
2022-12-03 11:00:00,Slovakia,Slovakia,SK,360.07,398.77,60.44,12.94,entsoe.eu,false,
2022-12-03 12:00:00,Slovakia,Slovakia,SK,359.2,397.31,60.28,12.28,entsoe.eu,false,
2022-12-03 13:00:00,Slovakia,Slovakia,SK,368.06,406.05,59.51,11.51,entsoe.eu,false,
2022-12-03 14:00:00,Slovakia,Slovakia,SK,375.73,414.49,58.81,12.57,entsoe.eu,false,
2022-12-03 15:00:00,Slovakia,Slovakia,SK,377.46,415.12,59.1,14.08,entsoe.eu,false,
2022-12-03 16:00:00,Slovakia,Slovakia,SK,356.67,391.68,62.45,17.13,entsoe.eu,false,
2022-12-03 17:00:00,Slovakia,Slovakia,SK,349.49,384.55,62.49,15.81,entsoe.eu,false,
2022-12-03 18:00:00,Slovakia,Slovakia,SK,374.97,412.48,59.06,13.17,entsoe.eu,false,
2022-12-03 19:00:00,Slovakia,Slovakia,SK,389.7,427.9,57.41,10.24,entsoe.eu,false,
2022-12-03 20:00:00,Slovakia,Slovakia,SK,377.95,415.84,58.41,9.63,entsoe.eu,false,
2022-12-03 21:00:00,Slovakia,Slovakia,SK,368.83,404.97,60.63,10.59,entsoe.eu,false,
2022-12-03 22:00:00,Slovakia,Slovakia,SK,361.25,398.28,60.94,8.79,entsoe.eu,false,
2022-12-03 23:00:00,Slovakia,Slovakia,SK,330.22,365.13,63.65,8.81,entsoe.eu,false,
2022-12-04 00:00:00,Slovakia,Slovakia,SK,325.97,361.29,64.19,8.93,entsoe.eu,false,
2022-12-04 01:00:00,Slovakia,Slovakia,SK,312.43,348.09,65.33,9.22,entsoe.eu,false,
2022-12-04 02:00:00,Slovakia,Slovakia,SK,317.5,353.73,64.79,9.35,entsoe.eu,false,
2022-12-04 03:00:00,Slovakia,Slovakia,SK,330.88,368.15,63.57,9.4,entsoe.eu,false,
2022-12-04 04:00:00,Slovakia,Slovakia,SK,330.84,367.89,63.67,9.42,entsoe.eu,false,
2022-12-04 05:00:00,Slovakia,Slovakia,SK,335.78,373.45,63.24,10.98,entsoe.eu,false,
2022-12-04 06:00:00,Slovakia,Slovakia,SK,345.91,382.99,62.27,11.12,entsoe.eu,false,
2022-12-04 07:00:00,Slovakia,Slovakia,SK,364.16,401.55,60.84,11.73,entsoe.eu,false,
2022-12-04 08:00:00,Slovakia,Slovakia,SK,332.9,369.79,63.65,13.18,entsoe.eu,false,
2022-12-04 09:00:00,Slovakia,Slovakia,SK,306.87,342.83,66.1,14.11,entsoe.eu,false,
2022-12-04 10:00:00,Slovakia,Slovakia,SK,306.01,341.83,66.31,15.44,entsoe.eu,false,
2022-12-04 11:00:00,Slovakia,Slovakia,SK,300.24,335.27,67.22,15.79,entsoe.eu,false,
2022-12-04 12:00:00,Slovakia,Slovakia,SK,304.08,338.53,66.79,14.96,entsoe.eu,false,
2022-12-04 13:00:00,Slovakia,Slovakia,SK,338.3,373.48,63.66,13.27,entsoe.eu,false,
2022-12-04 14:00:00,Slovakia,Slovakia,SK,353.7,389.61,62.15,12.98,entsoe.eu,false,
2022-12-04 15:00:00,Slovakia,Slovakia,SK,360.4,396.38,61.52,15.29,entsoe.eu,false,
2022-12-04 16:00:00,Slovakia,Slovakia,SK,332.75,365.16,65.95,20.02,entsoe.eu,false,
2022-12-04 17:00:00,Slovakia,Slovakia,SK,333.54,365.92,65.74,19.04,entsoe.eu,false,
2022-12-04 18:00:00,Slovakia,Slovakia,SK,351.59,385.99,62.76,15.7,entsoe.eu,false,
2022-12-04 19:00:00,Slovakia,Slovakia,SK,366.02,402.39,60.72,12.77,entsoe.eu,false,
2022-12-04 20:00:00,Slovakia,Slovakia,SK,356.91,392.92,61.39,11.71,entsoe.eu,false,
2022-12-04 21:00:00,Slovakia,Slovakia,SK,361.06,397.98,61.09,11.66,entsoe.eu,false,
2022-12-04 22:00:00,Slovakia,Slovakia,SK,335.3,371.78,63.26,11.1,entsoe.eu,false,
2022-12-04 23:00:00,Slovakia,Slovakia,SK,279.86,316.37,68.22,11.42,entsoe.eu,false,
2022-12-05 00:00:00,Slovakia,Slovakia,SK,253.97,288.36,70.84,11.18,entsoe.eu,false,
2022-12-05 01:00:00,Slovakia,Slovakia,SK,282.98,318.0,68.52,11.07,entsoe.eu,false,
2022-12-05 02:00:00,Slovakia,Slovakia,SK,257.37,290.69,70.78,11.05,entsoe.eu,false,
2022-12-05 03:00:00,Slovakia,Slovakia,SK,272.6,307.74,69.24,10.83,entsoe.eu,false,
2022-12-05 04:00:00,Slovakia,Slovakia,SK,329.59,365.41,64.04,10.44,entsoe.eu,false,
2022-12-05 05:00:00,Slovakia,Slovakia,SK,378.74,415.51,59.43,10.33,entsoe.eu,false,
2022-12-05 06:00:00,Slovakia,Slovakia,SK,380.26,417.01,58.95,11.86,entsoe.eu,false,
2022-12-05 07:00:00,Slovakia,Slovakia,SK,369.51,407.04,59.99,13.76,entsoe.eu,false,
2022-12-05 08:00:00,Slovakia,Slovakia,SK,348.19,384.9,62.59,15.85,entsoe.eu,false,
2022-12-05 09:00:00,Slovakia,Slovakia,SK,346.59,383.48,62.02,12.55,entsoe.eu,false,
2022-12-05 10:00:00,Slovakia,Slovakia,SK,348.47,385.89,61.76,12.81,entsoe.eu,false,
2022-12-05 11:00:00,Slovakia,Slovakia,SK,349.62,387.44,61.77,12.95,entsoe.eu,false,
2022-12-05 12:00:00,Slovakia,Slovakia,SK,357.18,394.85,61.06,12.31,entsoe.eu,false,
2022-12-05 13:00:00,Slovakia,Slovakia,SK,360.0,397.83,60.78,11.85,entsoe.eu,false,
2022-12-05 14:00:00,Slovakia,Slovakia,SK,397.78,436.65,57.73,12.04,entsoe.eu,false,
2022-12-05 15:00:00,Slovakia,Slovakia,SK,395.78,433.79,59.87,17.25,entsoe.eu,false,
2022-12-05 16:00:00,Slovakia,Slovakia,SK,372.92,409.19,62.54,18.77,entsoe.eu,false,
2022-12-05 17:00:00,Slovakia,Slovakia,SK,370.57,407.37,62.24,17.83,entsoe.eu,false,
2022-12-05 18:00:00,Slovakia,Slovakia,SK,386.69,424.75,58.83,12.42,entsoe.eu,false,
2022-12-05 19:00:00,Slovakia,Slovakia,SK,393.22,432.24,57.44,10.02,entsoe.eu,false,
2022-12-05 20:00:00,Slovakia,Slovakia,SK,396.94,436.3,57.0,8.59,entsoe.eu,false,
2022-12-05 21:00:00,Slovakia,Slovakia,SK,394.24,431.55,58.4,8.69,entsoe.eu,false,
2022-12-05 22:00:00,Slovakia,Slovakia,SK,352.89,389.06,62.51,9.19,entsoe.eu,false,
2022-12-05 23:00:00,Slovakia,Slovakia,SK,303.79,338.82,67.1,9.41,entsoe.eu,false,
2022-12-06 00:00:00,Slovakia,Slovakia,SK,298.64,334.51,67.42,9.41,entsoe.eu,false,
2022-12-06 01:00:00,Slovakia,Slovakia,SK,323.1,360.45,65.0,8.23,entsoe.eu,false,
2022-12-06 02:00:00,Slovakia,Slovakia,SK,303.88,340.2,66.59,8.27,entsoe.eu,false,
2022-12-06 03:00:00,Slovakia,Slovakia,SK,331.29,368.85,64.12,7.81,entsoe.eu,false,
2022-12-06 04:00:00,Slovakia,Slovakia,SK,353.97,391.36,61.87,8.79,entsoe.eu,false,
2022-12-06 05:00:00,Slovakia,Slovakia,SK,355.37,393.07,61.4,9.55,entsoe.eu,false,
2022-12-06 06:00:00,Slovakia,Slovakia,SK,355.18,390.48,63.56,15.65,entsoe.eu,false,
2022-12-06 07:00:00,Slovakia,Slovakia,SK,323.57,358.08,66.41,17.49,entsoe.eu,false,
2022-12-06 08:00:00,Slovakia,Slovakia,SK,316.04,351.37,65.97,13.99,entsoe.eu,false,
2022-12-06 09:00:00,Slovakia,Slovakia,SK,314.7,351.15,65.37,11.83,entsoe.eu,false,
2022-12-06 10:00:00,Slovakia,Slovakia,SK,309.76,344.59,65.71,12.11,entsoe.eu,false,
2022-12-06 11:00:00,Slovakia,Slovakia,SK,326.41,363.12,64.11,11.89,entsoe.eu,false,
2022-12-06 12:00:00,Slovakia,Slovakia,SK,331.31,368.77,63.51,11.42,entsoe.eu,false,
2022-12-06 13:00:00,Slovakia,Slovakia,SK,352.82,389.9,61.96,11.34,entsoe.eu,false,
2022-12-06 14:00:00,Slovakia,Slovakia,SK,348.18,384.51,62.29,11.4,entsoe.eu,false,
2022-12-06 15:00:00,Slovakia,Slovakia,SK,381.64,418.84,60.02,15.05,entsoe.eu,false,
2022-12-06 16:00:00,Slovakia,Slovakia,SK,379.35,415.42,60.87,17.05,entsoe.eu,false,
2022-12-06 17:00:00,Slovakia,Slovakia,SK,381.47,417.88,60.55,16.81,entsoe.eu,false,
2022-12-06 18:00:00,Slovakia,Slovakia,SK,415.19,453.78,56.09,11.82,entsoe.eu,false,
2022-12-06 19:00:00,Slovakia,Slovakia,SK,419.74,459.23,55.1,10.04,entsoe.eu,false,
2022-12-06 20:00:00,Slovakia,Slovakia,SK,405.42,443.99,56.4,9.47,entsoe.eu,false,
2022-12-06 21:00:00,Slovakia,Slovakia,SK,400.7,438.66,57.3,9.23,entsoe.eu,false,
2022-12-06 22:00:00,Slovakia,Slovakia,SK,360.59,396.18,61.58,9.69,entsoe.eu,false,
2022-12-06 23:00:00,Slovakia,Slovakia,SK,304.42,336.68,66.63,10.34,entsoe.eu,false,
2022-12-07 00:00:00,Slovakia,Slovakia,SK,312.17,345.75,66.02,10.44,entsoe.eu,false,
2022-12-07 01:00:00,Slovakia,Slovakia,SK,331.44,365.78,64.39,10.35,entsoe.eu,false,
2022-12-07 02:00:00,Slovakia,Slovakia,SK,332.47,366.95,64.23,10.45,entsoe.eu,false,
2022-12-07 03:00:00,Slovakia,Slovakia,SK,338.7,373.32,63.66,10.13,entsoe.eu,false,
2022-12-07 04:00:00,Slovakia,Slovakia,SK,363.82,399.15,60.92,10.08,entsoe.eu,false,
2022-12-07 05:00:00,Slovakia,Slovakia,SK,354.99,391.18,61.12,10.72,entsoe.eu,false,
2022-12-07 06:00:00,Slovakia,Slovakia,SK,395.82,433.5,57.74,12.68,entsoe.eu,false,
2022-12-07 07:00:00,Slovakia,Slovakia,SK,387.86,424.58,58.77,14.38,entsoe.eu,false,
2022-12-07 08:00:00,Slovakia,Slovakia,SK,362.36,398.3,60.99,14.96,entsoe.eu,false,
2022-12-07 09:00:00,Slovakia,Slovakia,SK,334.29,369.87,63.28,13.86,entsoe.eu,false,
2022-12-07 10:00:00,Slovakia,Slovakia,SK,326.99,362.27,64.02,14.1,entsoe.eu,false,
2022-12-07 11:00:00,Slovakia,Slovakia,SK,328.32,363.32,63.86,14.01,entsoe.eu,false,
2022-12-07 12:00:00,Slovakia,Slovakia,SK,339.4,374.43,62.81,13.91,entsoe.eu,false,
2022-12-07 13:00:00,Slovakia,Slovakia,SK,348.69,384.74,62.37,14.98,entsoe.eu,false,
2022-12-07 14:00:00,Slovakia,Slovakia,SK,354.91,390.48,61.91,15.57,entsoe.eu,false,
2022-12-07 15:00:00,Slovakia,Slovakia,SK,366.0,401.19,62.13,18.19,entsoe.eu,false,
2022-12-07 16:00:00,Slovakia,Slovakia,SK,359.62,394.84,63.38,20.28,entsoe.eu,false,
2022-12-07 17:00:00,Slovakia,Slovakia,SK,349.58,384.04,64.32,19.85,entsoe.eu,false,
2022-12-07 18:00:00,Slovakia,Slovakia,SK,369.42,405.78,61.48,17.83,entsoe.eu,false,
2022-12-07 19:00:00,Slovakia,Slovakia,SK,392.13,429.24,58.21,13.95,entsoe.eu,false,
2022-12-07 20:00:00,Slovakia,Slovakia,SK,381.56,418.98,58.5,11.85,entsoe.eu,false,
2022-12-07 21:00:00,Slovakia,Slovakia,SK,376.37,412.56,59.84,11.16,entsoe.eu,false,
2022-12-07 22:00:00,Slovakia,Slovakia,SK,353.4,389.46,62.52,11.62,entsoe.eu,false,
2022-12-07 23:00:00,Slovakia,Slovakia,SK,306.53,342.85,66.47,11.71,entsoe.eu,false,
2022-12-08 00:00:00,Slovakia,Slovakia,SK,314.55,351.61,65.82,11.78,entsoe.eu,false,
2022-12-08 01:00:00,Slovakia,Slovakia,SK,316.04,354.19,65.55,10.7,entsoe.eu,false,
2022-12-08 02:00:00,Slovakia,Slovakia,SK,319.52,357.79,65.22,10.47,entsoe.eu,false,
2022-12-08 03:00:00,Slovakia,Slovakia,SK,324.26,360.91,64.77,9.84,entsoe.eu,false,
2022-12-08 04:00:00,Slovakia,Slovakia,SK,365.16,403.56,60.91,10.36,entsoe.eu,false,
2022-12-08 05:00:00,Slovakia,Slovakia,SK,373.63,411.61,59.41,11.27,entsoe.eu,false,
2022-12-08 06:00:00,Slovakia,Slovakia,SK,379.12,417.11,59.16,12.38,entsoe.eu,false,
2022-12-08 07:00:00,Slovakia,Slovakia,SK,351.58,388.2,61.76,13.07,entsoe.eu,false,
2022-12-08 08:00:00,Slovakia,Slovakia,SK,324.82,360.19,64.17,14.11,entsoe.eu,false,
2022-12-08 09:00:00,Slovakia,Slovakia,SK,320.15,355.97,64.82,13.55,entsoe.eu,false,
2022-12-08 10:00:00,Slovakia,Slovakia,SK,334.13,371.3,63.4,13.65,entsoe.eu,false,
2022-12-08 11:00:00,Slovakia,Slovakia,SK,336.59,373.53,63.26,13.47,entsoe.eu,false,
2022-12-08 12:00:00,Slovakia,Slovakia,SK,336.79,373.76,63.16,13.14,entsoe.eu,false,
2022-12-08 13:00:00,Slovakia,Slovakia,SK,334.52,372.44,63.23,12.74,entsoe.eu,false,
2022-12-08 14:00:00,Slovakia,Slovakia,SK,340.56,378.04,62.82,13.5,entsoe.eu,false,
2022-12-08 15:00:00,Slovakia,Slovakia,SK,338.02,373.26,64.85,18.83,entsoe.eu,false,
2022-12-08 16:00:00,Slovakia,Slovakia,SK,307.99,341.88,68.4,21.0,entsoe.eu,false,
2022-12-08 17:00:00,Slovakia,Slovakia,SK,310.43,345.06,68.05,20.31,entsoe.eu,false,
2022-12-08 18:00:00,Slovakia,Slovakia,SK,336.78,372.64,64.67,16.69,entsoe.eu,false,
2022-12-08 19:00:00,Slovakia,Slovakia,SK,332.47,368.58,63.72,13.35,entsoe.eu,false,
2022-12-08 20:00:00,Slovakia,Slovakia,SK,334.22,371.78,63.32,11.26,entsoe.eu,false,
2022-12-08 21:00:00,Slovakia,Slovakia,SK,325.1,361.5,64.32,10.65,entsoe.eu,false,
2022-12-08 22:00:00,Slovakia,Slovakia,SK,246.04,277.33,71.67,11.28,entsoe.eu,false,
2022-12-08 23:00:00,Slovakia,Slovakia,SK,253.92,287.74,71.02,10.22,entsoe.eu,false,
2022-12-09 00:00:00,Slovakia,Slovakia,SK,246.12,279.82,71.65,9.11,entsoe.eu,false,
2022-12-09 01:00:00,Slovakia,Slovakia,SK,226.19,257.08,73.31,9.24,entsoe.eu,false,
2022-12-09 02:00:00,Slovakia,Slovakia,SK,229.73,259.84,72.98,9.13,entsoe.eu,false,
2022-12-09 03:00:00,Slovakia,Slovakia,SK,252.29,282.53,71.01,8.9,entsoe.eu,false,
2022-12-09 04:00:00,Slovakia,Slovakia,SK,266.44,299.6,69.69,10.15,entsoe.eu,false,
2022-12-09 05:00:00,Slovakia,Slovakia,SK,309.64,345.88,65.56,10.64,entsoe.eu,false,
2022-12-09 06:00:00,Slovakia,Slovakia,SK,327.46,364.01,64.2,12.06,entsoe.eu,false,
2022-12-09 07:00:00,Slovakia,Slovakia,SK,311.56,346.24,65.41,14.07,entsoe.eu,false,
2022-12-09 08:00:00,Slovakia,Slovakia,SK,338.87,378.29,62.91,14.63,entsoe.eu,false,
2022-12-09 09:00:00,Slovakia,Slovakia,SK,330.64,369.79,63.62,12.95,entsoe.eu,false,
2022-12-09 10:00:00,Slovakia,Slovakia,SK,339.67,379.1,62.87,12.56,entsoe.eu,false,
2022-12-09 11:00:00,Slovakia,Slovakia,SK,353.77,392.06,61.6,12.5,entsoe.eu,false,
2022-12-09 12:00:00,Slovakia,Slovakia,SK,338.94,375.95,63.16,12.11,entsoe.eu,false,
2022-12-09 13:00:00,Slovakia,Slovakia,SK,336.97,373.64,63.28,11.94,entsoe.eu,false,
2022-12-09 14:00:00,Slovakia,Slovakia,SK,314.13,351.2,66.61,16.82,entsoe.eu,false,
2022-12-09 15:00:00,Slovakia,Slovakia,SK,288.46,322.03,68.85,18.33,entsoe.eu,false,
2022-12-09 16:00:00,Slovakia,Slovakia,SK,282.28,315.83,71.59,23.13,entsoe.eu,false,
2022-12-09 17:00:00,Slovakia,Slovakia,SK,235.66,264.13,75.42,22.79,entsoe.eu,false,
2022-12-09 18:00:00,Slovakia,Slovakia,SK,248.64,278.69,72.16,16.52,entsoe.eu,false,
2022-12-09 19:00:00,Slovakia,Slovakia,SK,309.49,344.8,65.63,12.52,entsoe.eu,false,
2022-12-09 20:00:00,Slovakia,Slovakia,SK,248.2,280.06,71.21,11.42,entsoe.eu,false,
2022-12-09 21:00:00,Slovakia,Slovakia,SK,220.51,249.67,73.75,11.76,entsoe.eu,false,
2022-12-09 22:00:00,Slovakia,Slovakia,SK,224.52,253.91,73.48,11.56,entsoe.eu,false,
2022-12-09 23:00:00,Slovakia,Slovakia,SK,211.78,240.38,73.83,11.48,entsoe.eu,false,
2022-12-10 00:00:00,Slovakia,Slovakia,SK,213.79,242.73,73.25,10.63,entsoe.eu,false,
2022-12-10 01:00:00,Slovakia,Slovakia,SK,213.75,242.38,73.31,10.62,entsoe.eu,false,
2022-12-10 02:00:00,Slovakia,Slovakia,SK,213.0,241.99,73.24,10.67,entsoe.eu,false,
2022-12-10 03:00:00,Slovakia,Slovakia,SK,212.43,241.83,73.31,10.4,entsoe.eu,false,
2022-12-10 04:00:00,Slovakia,Slovakia,SK,202.3,231.58,75.04,11.55,entsoe.eu,false,
2022-12-10 05:00:00,Slovakia,Slovakia,SK,201.14,230.96,75.64,11.3,entsoe.eu,false,
2022-12-10 06:00:00,Slovakia,Slovakia,SK,216.85,246.54,74.28,12.49,entsoe.eu,false,
2022-12-10 07:00:00,Slovakia,Slovakia,SK,198.56,227.52,75.97,14.28,entsoe.eu,false,
2022-12-10 08:00:00,Slovakia,Slovakia,SK,209.52,241.69,74.91,14.39,entsoe.eu,false,
2022-12-10 09:00:00,Slovakia,Slovakia,SK,276.76,313.11,69.07,14.17,entsoe.eu,false,
2022-12-10 10:00:00,Slovakia,Slovakia,SK,295.28,332.76,67.12,12.86,entsoe.eu,false,
2022-12-10 11:00:00,Slovakia,Slovakia,SK,277.21,311.26,68.6,12.99,entsoe.eu,false,
2022-12-10 12:00:00,Slovakia,Slovakia,SK,265.9,299.95,69.54,12.71,entsoe.eu,false,
2022-12-10 13:00:00,Slovakia,Slovakia,SK,255.1,289.13,70.6,12.64,entsoe.eu,false,
2022-12-10 14:00:00,Slovakia,Slovakia,SK,253.13,286.91,71.11,14.38,entsoe.eu,false,
2022-12-10 15:00:00,Slovakia,Slovakia,SK,247.78,283.05,71.54,16.45,entsoe.eu,false,
2022-12-10 16:00:00,Slovakia,Slovakia,SK,227.74,260.15,76.34,23.54,entsoe.eu,false,
2022-12-10 17:00:00,Slovakia,Slovakia,SK,206.58,237.64,77.18,22.4,entsoe.eu,false,
2022-12-10 18:00:00,Slovakia,Slovakia,SK,196.97,226.04,76.07,16.76,entsoe.eu,false,
2022-12-10 19:00:00,Slovakia,Slovakia,SK,201.96,230.81,75.29,14.11,entsoe.eu,false,
2022-12-10 20:00:00,Slovakia,Slovakia,SK,203.52,232.97,74.62,12.59,entsoe.eu,false,
2022-12-10 21:00:00,Slovakia,Slovakia,SK,204.53,233.66,74.47,12.53,entsoe.eu,false,
2022-12-10 22:00:00,Slovakia,Slovakia,SK,208.84,237.12,73.68,13.56,entsoe.eu,false,
2022-12-10 23:00:00,Slovakia,Slovakia,SK,202.41,231.0,75.05,12.3,entsoe.eu,false,
2022-12-11 00:00:00,Slovakia,Slovakia,SK,205.17,234.12,74.65,11.05,entsoe.eu,false,
2022-12-11 01:00:00,Slovakia,Slovakia,SK,207.43,236.7,74.01,11.19,entsoe.eu,false,
2022-12-11 02:00:00,Slovakia,Slovakia,SK,209.05,238.64,73.67,11.11,entsoe.eu,false,
2022-12-11 03:00:00,Slovakia,Slovakia,SK,207.97,237.39,74.18,10.45,entsoe.eu,false,
2022-12-11 04:00:00,Slovakia,Slovakia,SK,208.08,236.99,74.3,10.12,entsoe.eu,false,
2022-12-11 05:00:00,Slovakia,Slovakia,SK,202.56,231.36,75.33,10.92,entsoe.eu,false,
2022-12-11 06:00:00,Slovakia,Slovakia,SK,199.8,228.72,75.53,13.29,entsoe.eu,false,
2022-12-11 07:00:00,Slovakia,Slovakia,SK,205.74,234.68,74.68,14.41,entsoe.eu,false,
2022-12-11 08:00:00,Slovakia,Slovakia,SK,205.64,234.8,74.3,15.25,entsoe.eu,false,
2022-12-11 09:00:00,Slovakia,Slovakia,SK,209.1,238.43,73.5,16.01,entsoe.eu,false,
2022-12-11 10:00:00,Slovakia,Slovakia,SK,205.89,235.37,74.15,15.77,entsoe.eu,false,
2022-12-11 11:00:00,Slovakia,Slovakia,SK,208.67,238.44,73.65,16.17,entsoe.eu,false,
2022-12-11 12:00:00,Slovakia,Slovakia,SK,207.74,237.6,73.78,16.27,entsoe.eu,false,
2022-12-11 13:00:00,Slovakia,Slovakia,SK,204.98,234.97,74.38,15.79,entsoe.eu,false,
2022-12-11 14:00:00,Slovakia,Slovakia,SK,200.35,230.19,75.6,14.9,entsoe.eu,false,
2022-12-11 15:00:00,Slovakia,Slovakia,SK,197.47,227.35,75.87,15.93,entsoe.eu,false,
2022-12-11 16:00:00,Slovakia,Slovakia,SK,211.8,241.32,74.78,16.94,entsoe.eu,false,
2022-12-11 17:00:00,Slovakia,Slovakia,SK,208.65,237.5,75.89,19.6,entsoe.eu,false,
2022-12-11 18:00:00,Slovakia,Slovakia,SK,212.41,243.23,74.33,16.84,entsoe.eu,false,
2022-12-11 19:00:00,Slovakia,Slovakia,SK,225.68,255.85,73.22,14.59,entsoe.eu,false,
2022-12-11 20:00:00,Slovakia,Slovakia,SK,225.15,256.24,73.22,13.6,entsoe.eu,false,
2022-12-11 21:00:00,Slovakia,Slovakia,SK,198.23,226.85,75.61,12.35,entsoe.eu,false,
2022-12-11 22:00:00,Slovakia,Slovakia,SK,238.23,270.41,72.08,12.5,entsoe.eu,false,
2022-12-11 23:00:00,Slovakia,Slovakia,SK,288.34,325.6,67.95,11.87,entsoe.eu,false,
2022-12-12 00:00:00,Slovakia,Slovakia,SK,269.53,305.75,69.55,11.66,entsoe.eu,false,
2022-12-12 01:00:00,Slovakia,Slovakia,SK,276.58,312.53,68.72,9.99,entsoe.eu,false,
2022-12-12 02:00:00,Slovakia,Slovakia,SK,272.1,307.96,69.17,9.98,entsoe.eu,false,
2022-12-12 03:00:00,Slovakia,Slovakia,SK,302.42,339.8,66.36,9.95,entsoe.eu,false,
2022-12-12 04:00:00,Slovakia,Slovakia,SK,315.13,352.05,64.84,9.79,entsoe.eu,false,
2022-12-12 05:00:00,Slovakia,Slovakia,SK,318.17,353.45,64.4,11.9,entsoe.eu,false,
2022-12-12 06:00:00,Slovakia,Slovakia,SK,309.09,343.79,65.31,14.64,entsoe.eu,false,
2022-12-12 07:00:00,Slovakia,Slovakia,SK,274.63,304.34,70.23,19.06,entsoe.eu,false,
2022-12-12 08:00:00,Slovakia,Slovakia,SK,272.93,302.77,70.55,19.19,entsoe.eu,false,
2022-12-12 09:00:00,Slovakia,Slovakia,SK,279.73,311.86,68.79,15.89,entsoe.eu,false,
2022-12-12 10:00:00,Slovakia,Slovakia,SK,248.57,278.18,71.22,15.17,entsoe.eu,false,
2022-12-12 11:00:00,Slovakia,Slovakia,SK,279.05,311.06,68.53,14.98,entsoe.eu,false,
2022-12-12 12:00:00,Slovakia,Slovakia,SK,292.88,325.93,67.24,14.66,entsoe.eu,false,
2022-12-12 13:00:00,Slovakia,Slovakia,SK,307.74,343.72,65.5,14.16,entsoe.eu,false,
2022-12-12 14:00:00,Slovakia,Slovakia,SK,305.34,341.28,65.8,15.6,entsoe.eu,false,
2022-12-12 15:00:00,Slovakia,Slovakia,SK,317.25,351.39,67.19,21.34,entsoe.eu,false,
2022-12-12 16:00:00,Slovakia,Slovakia,SK,321.29,355.47,66.94,22.19,entsoe.eu,false,
2022-12-12 17:00:00,Slovakia,Slovakia,SK,327.33,362.34,65.92,20.74,entsoe.eu,false,
2022-12-12 18:00:00,Slovakia,Slovakia,SK,349.47,387.44,61.63,14.98,entsoe.eu,false,
2022-12-12 19:00:00,Slovakia,Slovakia,SK,341.33,376.39,62.12,12.87,entsoe.eu,false,
2022-12-12 20:00:00,Slovakia,Slovakia,SK,327.25,361.9,64.24,13.36,entsoe.eu,false,
2022-12-12 21:00:00,Slovakia,Slovakia,SK,341.66,376.21,63.73,12.76,entsoe.eu,false,
2022-12-12 22:00:00,Slovakia,Slovakia,SK,336.5,371.53,63.96,12.7,entsoe.eu,false,
2022-12-12 23:00:00,Slovakia,Slovakia,SK,291.41,326.03,67.43,11.67,entsoe.eu,false,
2022-12-13 00:00:00,Slovakia,Slovakia,SK,287.58,322.84,67.73,11.68,entsoe.eu,false,
2022-12-13 01:00:00,Slovakia,Slovakia,SK,314.36,350.8,65.17,11.44,entsoe.eu,false,
2022-12-13 02:00:00,Slovakia,Slovakia,SK,294.52,329.15,66.99,11.34,entsoe.eu,false,
2022-12-13 03:00:00,Slovakia,Slovakia,SK,309.48,345.18,65.64,11.03,entsoe.eu,false,
2022-12-13 04:00:00,Slovakia,Slovakia,SK,333.04,369.66,63.31,10.88,entsoe.eu,false,
2022-12-13 05:00:00,Slovakia,Slovakia,SK,364.9,403.16,59.96,11.25,entsoe.eu,false,
2022-12-13 06:00:00,Slovakia,Slovakia,SK,352.84,389.77,61.42,12.92,entsoe.eu,false,
2022-12-13 07:00:00,Slovakia,Slovakia,SK,328.51,365.03,64.57,15.41,entsoe.eu,false,
2022-12-13 08:00:00,Slovakia,Slovakia,SK,290.58,324.25,67.46,15.17,entsoe.eu,false,
2022-12-13 09:00:00,Slovakia,Slovakia,SK,258.86,290.89,69.91,13.62,entsoe.eu,false,
2022-12-13 10:00:00,Slovakia,Slovakia,SK,264.01,295.66,69.64,13.43,entsoe.eu,false,
2022-12-13 11:00:00,Slovakia,Slovakia,SK,289.58,322.87,67.45,13.32,entsoe.eu,false,
2022-12-13 12:00:00,Slovakia,Slovakia,SK,285.42,316.78,67.73,12.52,entsoe.eu,false,
2022-12-13 13:00:00,Slovakia,Slovakia,SK,301.74,332.78,66.32,11.87,entsoe.eu,false,
2022-12-13 14:00:00,Slovakia,Slovakia,SK,348.48,383.73,61.89,13.08,entsoe.eu,false,
2022-12-13 15:00:00,Slovakia,Slovakia,SK,362.35,397.14,61.59,15.84,entsoe.eu,false,
2022-12-13 16:00:00,Slovakia,Slovakia,SK,367.82,402.64,62.58,18.84,entsoe.eu,false,
2022-12-13 17:00:00,Slovakia,Slovakia,SK,372.64,408.39,62.3,19.18,entsoe.eu,false,
2022-12-13 18:00:00,Slovakia,Slovakia,SK,391.86,428.89,57.84,12.19,entsoe.eu,false,
2022-12-13 19:00:00,Slovakia,Slovakia,SK,404.75,443.4,56.17,10.17,entsoe.eu,false,
2022-12-13 20:00:00,Slovakia,Slovakia,SK,399.83,438.17,56.78,10.22,entsoe.eu,false,
2022-12-13 21:00:00,Slovakia,Slovakia,SK,402.17,439.84,56.45,9.8,entsoe.eu,false,
2022-12-13 22:00:00,Slovakia,Slovakia,SK,374.83,409.23,59.12,8.28,entsoe.eu,false,
2022-12-13 23:00:00,Slovakia,Slovakia,SK,377.27,412.11,59.49,7.8,entsoe.eu,false,
2022-12-14 00:00:00,Slovakia,Slovakia,SK,368.7,403.93,60.25,7.87,entsoe.eu,false,
2022-12-14 01:00:00,Slovakia,Slovakia,SK,359.02,394.52,61.23,7.96,entsoe.eu,false,
2022-12-14 02:00:00,Slovakia,Slovakia,SK,348.75,384.15,62.21,8.08,entsoe.eu,false,
2022-12-14 03:00:00,Slovakia,Slovakia,SK,344.23,378.14,62.46,7.84,entsoe.eu,false,
2022-12-14 04:00:00,Slovakia,Slovakia,SK,375.96,411.0,59.4,8.02,entsoe.eu,false,
2022-12-14 05:00:00,Slovakia,Slovakia,SK,407.79,446.05,55.92,9.17,entsoe.eu,false,
2022-12-14 06:00:00,Slovakia,Slovakia,SK,408.56,446.62,55.67,11.5,entsoe.eu,false,
2022-12-14 07:00:00,Slovakia,Slovakia,SK,400.04,437.07,56.89,12.58,entsoe.eu,false,
2022-12-14 08:00:00,Slovakia,Slovakia,SK,395.17,433.21,58.21,14.95,entsoe.eu,false,
2022-12-14 09:00:00,Slovakia,Slovakia,SK,380.05,417.52,58.63,11.73,entsoe.eu,false,
2022-12-14 10:00:00,Slovakia,Slovakia,SK,386.49,425.02,58.07,11.83,entsoe.eu,false,
2022-12-14 11:00:00,Slovakia,Slovakia,SK,381.62,418.54,58.47,11.5,entsoe.eu,false,
2022-12-14 12:00:00,Slovakia,Slovakia,SK,390.05,427.53,57.59,10.66,entsoe.eu,false,
2022-12-14 13:00:00,Slovakia,Slovakia,SK,360.53,394.99,60.23,10.46,entsoe.eu,false,
2022-12-14 14:00:00,Slovakia,Slovakia,SK,341.27,374.39,62.66,12.67,entsoe.eu,false,
2022-12-14 15:00:00,Slovakia,Slovakia,SK,338.3,371.37,64.62,18.21,entsoe.eu,false,
2022-12-14 16:00:00,Slovakia,Slovakia,SK,294.89,325.31,69.4,21.2,entsoe.eu,false,
2022-12-14 17:00:00,Slovakia,Slovakia,SK,288.58,320.01,69.58,19.89,entsoe.eu,false,
2022-12-14 18:00:00,Slovakia,Slovakia,SK,293.21,325.39,66.53,13.81,entsoe.eu,false,
2022-12-14 19:00:00,Slovakia,Slovakia,SK,309.61,343.35,64.81,11.23,entsoe.eu,false,
2022-12-14 20:00:00,Slovakia,Slovakia,SK,275.83,307.1,68.18,10.95,entsoe.eu,false,
2022-12-14 21:00:00,Slovakia,Slovakia,SK,267.84,298.77,68.95,10.53,entsoe.eu,false,
2022-12-14 22:00:00,Slovakia,Slovakia,SK,242.61,271.67,71.44,9.22,entsoe.eu,false,
2022-12-14 23:00:00,Slovakia,Slovakia,SK,227.4,256.64,72.81,8.37,entsoe.eu,false,
2022-12-15 00:00:00,Slovakia,Slovakia,SK,221.47,252.08,73.35,8.68,entsoe.eu,false,
2022-12-15 01:00:00,Slovakia,Slovakia,SK,252.9,285.14,70.46,8.43,entsoe.eu,false,
2022-12-15 02:00:00,Slovakia,Slovakia,SK,242.26,273.81,71.26,8.53,entsoe.eu,false,
2022-12-15 03:00:00,Slovakia,Slovakia,SK,277.44,310.66,68.29,8.27,entsoe.eu,false,
2022-12-15 04:00:00,Slovakia,Slovakia,SK,348.46,386.16,61.86,7.6,entsoe.eu,false,
2022-12-15 05:00:00,Slovakia,Slovakia,SK,406.25,445.04,55.96,7.89,entsoe.eu,false,
2022-12-15 06:00:00,Slovakia,Slovakia,SK,435.74,476.34,53.19,9.22,entsoe.eu,false,
2022-12-15 07:00:00,Slovakia,Slovakia,SK,397.79,435.63,57.89,13.82,entsoe.eu,false,
2022-12-15 08:00:00,Slovakia,Slovakia,SK,381.49,418.9,59.35,14.23,entsoe.eu,false,
2022-12-15 09:00:00,Slovakia,Slovakia,SK,375.11,414.4,59.02,12.13,entsoe.eu,false,
2022-12-15 10:00:00,Slovakia,Slovakia,SK,380.33,418.1,58.5,11.47,entsoe.eu,false,
2022-12-15 11:00:00,Slovakia,Slovakia,SK,384.04,422.39,58.07,11.54,entsoe.eu,false,
2022-12-15 12:00:00,Slovakia,Slovakia,SK,381.76,419.85,58.37,11.51,entsoe.eu,false,
2022-12-15 13:00:00,Slovakia,Slovakia,SK,353.12,388.79,61.03,11.54,entsoe.eu,false,
2022-12-15 14:00:00,Slovakia,Slovakia,SK,328.48,361.07,64.33,13.9,entsoe.eu,false,
2022-12-15 15:00:00,Slovakia,Slovakia,SK,330.3,363.98,64.91,17.21,entsoe.eu,false,
2022-12-15 16:00:00,Slovakia,Slovakia,SK,330.61,365.54,64.87,17.22,entsoe.eu,false,
2022-12-15 17:00:00,Slovakia,Slovakia,SK,297.19,328.39,69.31,20.83,entsoe.eu,false,
2022-12-15 18:00:00,Slovakia,Slovakia,SK,322.12,354.68,65.72,16.49,entsoe.eu,false,
2022-12-15 19:00:00,Slovakia,Slovakia,SK,330.45,364.88,63.07,11.77,entsoe.eu,false,
2022-12-15 20:00:00,Slovakia,Slovakia,SK,336.25,371.75,62.39,9.21,entsoe.eu,false,
2022-12-15 21:00:00,Slovakia,Slovakia,SK,329.56,364.95,63.2,8.75,entsoe.eu,false,
2022-12-15 22:00:00,Slovakia,Slovakia,SK,317.79,353.1,64.41,8.76,entsoe.eu,false,
2022-12-15 23:00:00,Slovakia,Slovakia,SK,256.82,291.5,70.33,8.08,entsoe.eu,false,
2022-12-16 00:00:00,Slovakia,Slovakia,SK,233.1,264.56,72.44,8.28,entsoe.eu,false,
2022-12-16 01:00:00,Slovakia,Slovakia,SK,247.43,279.88,70.61,8.55,entsoe.eu,false,
2022-12-16 02:00:00,Slovakia,Slovakia,SK,249.01,281.35,70.71,8.49,entsoe.eu,false,
2022-12-16 03:00:00,Slovakia,Slovakia,SK,250.11,282.81,70.53,8.42,entsoe.eu,false,
2022-12-16 04:00:00,Slovakia,Slovakia,SK,250.03,283.65,70.87,8.25,entsoe.eu,false,
2022-12-16 05:00:00,Slovakia,Slovakia,SK,254.43,285.69,70.07,11.28,entsoe.eu,false,
2022-12-16 06:00:00,Slovakia,Slovakia,SK,255.64,285.0,70.96,16.4,entsoe.eu,false,
2022-12-16 07:00:00,Slovakia,Slovakia,SK,278.48,308.07,69.81,18.75,entsoe.eu,false,
2022-12-16 08:00:00,Slovakia,Slovakia,SK,246.19,276.3,72.86,19.23,entsoe.eu,false,
2022-12-16 09:00:00,Slovakia,Slovakia,SK,220.62,249.99,74.52,17.24,entsoe.eu,false,
2022-12-16 10:00:00,Slovakia,Slovakia,SK,238.64,268.66,73.01,16.24,entsoe.eu,false,
2022-12-16 11:00:00,Slovakia,Slovakia,SK,209.06,237.08,74.14,15.24,entsoe.eu,false,
2022-12-16 12:00:00,Slovakia,Slovakia,SK,212.22,240.58,74.16,14.65,entsoe.eu,false,
2022-12-16 13:00:00,Slovakia,Slovakia,SK,223.35,251.43,73.62,13.76,entsoe.eu,false,
2022-12-16 14:00:00,Slovakia,Slovakia,SK,227.65,255.96,73.27,14.01,entsoe.eu,false,
2022-12-16 15:00:00,Slovakia,Slovakia,SK,252.73,283.29,73.2,20.05,entsoe.eu,false,
2022-12-16 16:00:00,Slovakia,Slovakia,SK,245.63,276.37,73.8,21.01,entsoe.eu,false,
2022-12-16 17:00:00,Slovakia,Slovakia,SK,239.05,270.24,74.2,20.82,entsoe.eu,false,
2022-12-16 18:00:00,Slovakia,Slovakia,SK,252.09,281.77,71.05,14.67,entsoe.eu,false,
2022-12-16 19:00:00,Slovakia,Slovakia,SK,243.68,273.57,71.49,13.44,entsoe.eu,false,
2022-12-16 20:00:00,Slovakia,Slovakia,SK,236.67,266.13,71.98,10.86,entsoe.eu,false,
2022-12-16 21:00:00,Slovakia,Slovakia,SK,212.51,240.74,74.41,11.15,entsoe.eu,false,
2022-12-16 22:00:00,Slovakia,Slovakia,SK,205.76,232.97,74.47,11.81,entsoe.eu,false,
2022-12-16 23:00:00,Slovakia,Slovakia,SK,201.87,228.96,75.32,11.75,entsoe.eu,false,
2022-12-17 00:00:00,Slovakia,Slovakia,SK,205.86,233.2,74.91,10.05,entsoe.eu,false,
2022-12-17 01:00:00,Slovakia,Slovakia,SK,210.2,237.27,73.96,10.45,Electricity Maps Estimation,true,ESTIMATED_TIME_SLICER_AVERAGE
2022-12-17 02:00:00,Slovakia,Slovakia,SK,209.91,237.26,73.98,10.1,entsoe.eu,false,
2022-12-17 03:00:00,Slovakia,Slovakia,SK,211.31,239.13,73.71,9.94,entsoe.eu,false,
2022-12-17 04:00:00,Slovakia,Slovakia,SK,210.71,239.01,73.69,9.85,entsoe.eu,false,
2022-12-17 05:00:00,Slovakia,Slovakia,SK,213.42,242.97,73.94,10.28,entsoe.eu,false,
2022-12-17 06:00:00,Slovakia,Slovakia,SK,239.54,270.73,71.85,13.21,entsoe.eu,false,
2022-12-17 07:00:00,Slovakia,Slovakia,SK,263.24,295.59,69.87,14.45,entsoe.eu,false,
2022-12-17 08:00:00,Slovakia,Slovakia,SK,261.26,293.47,69.77,14.69,entsoe.eu,false,
2022-12-17 09:00:00,Slovakia,Slovakia,SK,250.34,281.66,70.96,15.02,entsoe.eu,false,
2022-12-17 10:00:00,Slovakia,Slovakia,SK,286.97,320.88,67.68,14.64,entsoe.eu,false,
2022-12-17 11:00:00,Slovakia,Slovakia,SK,292.05,326.27,66.54,13.06,entsoe.eu,false,
2022-12-17 12:00:00,Slovakia,Slovakia,SK,288.68,321.94,66.61,12.82,entsoe.eu,false,
2022-12-17 13:00:00,Slovakia,Slovakia,SK,279.7,312.74,67.54,12.75,entsoe.eu,false,
2022-12-17 14:00:00,Slovakia,Slovakia,SK,289.4,322.72,67.15,13.47,entsoe.eu,false,
2022-12-17 15:00:00,Slovakia,Slovakia,SK,309.92,344.01,65.62,14.63,entsoe.eu,false,
2022-12-17 16:00:00,Slovakia,Slovakia,SK,283.14,316.36,67.98,16.27,entsoe.eu,false,
2022-12-17 17:00:00,Slovakia,Slovakia,SK,269.15,301.49,69.2,16.15,entsoe.eu,false,
2022-12-17 18:00:00,Slovakia,Slovakia,SK,281.31,314.81,67.68,13.44,entsoe.eu,false,
2022-12-17 19:00:00,Slovakia,Slovakia,SK,263.0,295.26,69.74,13.26,entsoe.eu,false,
2022-12-17 20:00:00,Slovakia,Slovakia,SK,269.04,301.35,69.33,11.57,entsoe.eu,false,
2022-12-17 21:00:00,Slovakia,Slovakia,SK,243.02,273.34,71.38,10.44,entsoe.eu,false,
2022-12-17 22:00:00,Slovakia,Slovakia,SK,227.7,257.01,72.82,10.73,entsoe.eu,false,
2022-12-17 23:00:00,Slovakia,Slovakia,SK,241.72,273.16,71.6,9.32,entsoe.eu,false,
2022-12-18 00:00:00,Slovakia,Slovakia,SK,235.52,267.99,72.17,9.55,entsoe.eu,false,
2022-12-18 01:00:00,Slovakia,Slovakia,SK,254.04,288.09,70.64,9.41,entsoe.eu,false,
2022-12-18 02:00:00,Slovakia,Slovakia,SK,236.78,269.23,72.09,9.44,entsoe.eu,false,
2022-12-18 03:00:00,Slovakia,Slovakia,SK,256.07,290.45,70.1,9.38,entsoe.eu,false,
2022-12-18 04:00:00,Slovakia,Slovakia,SK,256.96,291.35,70.1,9.16,entsoe.eu,false,
2022-12-18 05:00:00,Slovakia,Slovakia,SK,296.14,333.02,66.57,9.19,entsoe.eu,false,
2022-12-18 06:00:00,Slovakia,Slovakia,SK,324.7,362.9,64.25,11.73,entsoe.eu,false,
2022-12-18 07:00:00,Slovakia,Slovakia,SK,298.64,334.04,66.84,14.14,entsoe.eu,false,
2022-12-18 08:00:00,Slovakia,Slovakia,SK,249.34,281.17,71.15,16.11,entsoe.eu,false,
2022-12-18 09:00:00,Slovakia,Slovakia,SK,231.92,263.94,72.74,17.09,entsoe.eu,false,
2022-12-18 10:00:00,Slovakia,Slovakia,SK,211.74,240.43,74.53,16.96,entsoe.eu,false,
2022-12-18 11:00:00,Slovakia,Slovakia,SK,246.3,278.84,71.69,16.09,entsoe.eu,false,
2022-12-18 12:00:00,Slovakia,Slovakia,SK,264.39,297.7,70.16,15.14,entsoe.eu,false,
2022-12-18 13:00:00,Slovakia,Slovakia,SK,300.55,335.0,67.34,14.06,entsoe.eu,false,
2022-12-18 14:00:00,Slovakia,Slovakia,SK,336.31,372.55,63.96,13.73,entsoe.eu,false,
2022-12-18 15:00:00,Slovakia,Slovakia,SK,341.73,378.0,63.26,14.71,entsoe.eu,false,
2022-12-18 16:00:00,Slovakia,Slovakia,SK,311.4,345.08,67.16,18.83,entsoe.eu,false,
2022-12-18 17:00:00,Slovakia,Slovakia,SK,311.87,346.18,66.22,16.52,entsoe.eu,false,
2022-12-18 18:00:00,Slovakia,Slovakia,SK,313.58,348.39,65.64,15.11,entsoe.eu,false,
2022-12-18 19:00:00,Slovakia,Slovakia,SK,308.84,342.69,65.84,13.97,entsoe.eu,false,
2022-12-18 20:00:00,Slovakia,Slovakia,SK,315.62,350.56,64.99,10.82,entsoe.eu,false,
2022-12-18 21:00:00,Slovakia,Slovakia,SK,293.61,326.52,66.87,9.33,entsoe.eu,false,
2022-12-18 22:00:00,Slovakia,Slovakia,SK,254.52,285.08,70.26,9.18,entsoe.eu,false,
2022-12-18 23:00:00,Slovakia,Slovakia,SK,222.66,252.3,73.05,8.84,entsoe.eu,false,
2022-12-19 00:00:00,Slovakia,Slovakia,SK,213.0,241.66,73.79,9.1,entsoe.eu,false,
2022-12-19 01:00:00,Slovakia,Slovakia,SK,214.58,243.17,73.5,9.23,entsoe.eu,false,
2022-12-19 02:00:00,Slovakia,Slovakia,SK,213.38,242.01,73.41,9.24,entsoe.eu,false,
2022-12-19 03:00:00,Slovakia,Slovakia,SK,214.98,243.88,73.44,8.86,entsoe.eu,false,
2022-12-19 04:00:00,Slovakia,Slovakia,SK,302.93,336.19,66.22,10.46,entsoe.eu,false,
2022-12-19 05:00:00,Slovakia,Slovakia,SK,367.67,404.22,60.45,12.03,entsoe.eu,false,
2022-12-19 06:00:00,Slovakia,Slovakia,SK,369.05,406.01,60.51,14.22,entsoe.eu,false,
2022-12-19 07:00:00,Slovakia,Slovakia,SK,353.26,388.83,62.51,17.99,entsoe.eu,false,
2022-12-19 08:00:00,Slovakia,Slovakia,SK,321.94,356.2,65.93,20.22,entsoe.eu,false,
2022-12-19 09:00:00,Slovakia,Slovakia,SK,293.01,326.08,68.1,19.41,entsoe.eu,false,
2022-12-19 10:00:00,Slovakia,Slovakia,SK,271.43,303.67,69.19,17.93,entsoe.eu,false,
2022-12-19 11:00:00,Slovakia,Slovakia,SK,304.02,338.41,66.33,16.7,entsoe.eu,false,
2022-12-19 12:00:00,Slovakia,Slovakia,SK,322.47,358.14,64.64,15.98,entsoe.eu,false,
2022-12-19 13:00:00,Slovakia,Slovakia,SK,347.15,383.6,62.45,15.42,entsoe.eu,false,
2022-12-19 14:00:00,Slovakia,Slovakia,SK,360.23,396.87,61.4,15.73,entsoe.eu,false,
2022-12-19 15:00:00,Slovakia,Slovakia,SK,358.31,394.16,62.16,18.46,entsoe.eu,false,
2022-12-19 16:00:00,Slovakia,Slovakia,SK,355.97,390.15,63.9,21.78,entsoe.eu,false,
2022-12-19 17:00:00,Slovakia,Slovakia,SK,347.64,381.16,64.22,20.18,entsoe.eu,false,
2022-12-19 18:00:00,Slovakia,Slovakia,SK,340.07,374.29,63.67,16.72,entsoe.eu,false,
2022-12-19 19:00:00,Slovakia,Slovakia,SK,338.41,373.27,63.21,15.56,entsoe.eu,false,
2022-12-19 20:00:00,Slovakia,Slovakia,SK,339.32,373.28,63.28,12.78,entsoe.eu,false,
2022-12-19 21:00:00,Slovakia,Slovakia,SK,358.38,393.6,61.66,12.36,entsoe.eu,false,
2022-12-19 22:00:00,Slovakia,Slovakia,SK,341.96,376.46,63.12,12.01,entsoe.eu,false,
2022-12-19 23:00:00,Slovakia,Slovakia,SK,323.28,357.9,64.84,13.24,entsoe.eu,false,
2022-12-20 00:00:00,Slovakia,Slovakia,SK,290.6,323.85,67.7,12.62,entsoe.eu,false,
2022-12-20 01:00:00,Slovakia,Slovakia,SK,284.32,316.72,68.17,12.36,entsoe.eu,false,
2022-12-20 02:00:00,Slovakia,Slovakia,SK,290.89,323.67,67.6,12.29,entsoe.eu,false,
2022-12-20 03:00:00,Slovakia,Slovakia,SK,325.09,359.96,64.61,13.2,entsoe.eu,false,
2022-12-20 04:00:00,Slovakia,Slovakia,SK,361.88,398.47,61.36,14.17,entsoe.eu,false,
2022-12-20 05:00:00,Slovakia,Slovakia,SK,390.81,428.31,58.72,14.33,entsoe.eu,false,
2022-12-20 06:00:00,Slovakia,Slovakia,SK,380.91,417.91,59.54,15.57,entsoe.eu,false,
2022-12-20 07:00:00,Slovakia,Slovakia,SK,376.72,413.26,60.36,16.18,Electricity Maps Estimation,true,ESTIMATED_TIME_SLICER_AVERAGE
2022-12-20 08:00:00,Slovakia,Slovakia,SK,351.84,387.42,62.51,16.47,entsoe.eu,false,
2022-12-20 09:00:00,Slovakia,Slovakia,SK,333.28,368.59,64.01,16.53,entsoe.eu,false,
2022-12-20 10:00:00,Slovakia,Slovakia,SK,338.82,374.42,63.46,16.52,entsoe.eu,false,
2022-12-20 11:00:00,Slovakia,Slovakia,SK,358.47,395.09,61.63,15.76,entsoe.eu,false,
2022-12-20 12:00:00,Slovakia,Slovakia,SK,356.38,392.36,61.82,15.4,entsoe.eu,false,
2022-12-20 13:00:00,Slovakia,Slovakia,SK,371.68,408.21,60.52,15.06,entsoe.eu,false,
2022-12-20 14:00:00,Slovakia,Slovakia,SK,391.2,427.98,59.63,16.93,entsoe.eu,false,
2022-12-20 15:00:00,Slovakia,Slovakia,SK,388.72,423.79,61.23,19.77,entsoe.eu,false,
2022-12-20 16:00:00,Slovakia,Slovakia,SK,378.08,412.14,62.39,21.12,entsoe.eu,false,
2022-12-20 17:00:00,Slovakia,Slovakia,SK,379.73,413.99,62.24,21.7,entsoe.eu,false,
2022-12-20 18:00:00,Slovakia,Slovakia,SK,383.83,419.25,60.99,20.15,entsoe.eu,false,
2022-12-20 19:00:00,Slovakia,Slovakia,SK,377.6,413.73,59.95,16.26,entsoe.eu,false,
2022-12-20 20:00:00,Slovakia,Slovakia,SK,366.09,401.15,60.97,13.9,entsoe.eu,false,
2022-12-20 21:00:00,Slovakia,Slovakia,SK,358.17,393.45,61.69,12.99,entsoe.eu,false,
2022-12-20 22:00:00,Slovakia,Slovakia,SK,355.41,391.89,61.98,12.65,entsoe.eu,false,
2022-12-20 23:00:00,Slovakia,Slovakia,SK,360.77,397.57,61.4,11.52,entsoe.eu,false,
2022-12-21 00:00:00,Slovakia,Slovakia,SK,355.66,393.74,61.94,11.77,entsoe.eu,false,
2022-12-21 01:00:00,Slovakia,Slovakia,SK,350.29,387.75,62.43,11.28,entsoe.eu,false,
2022-12-21 02:00:00,Slovakia,Slovakia,SK,361.98,400.0,61.47,11.26,entsoe.eu,false,
2022-12-21 03:00:00,Slovakia,Slovakia,SK,373.22,410.94,60.45,11.21,entsoe.eu,false,
2022-12-21 04:00:00,Slovakia,Slovakia,SK,375.06,410.96,60.12,11.03,entsoe.eu,false,
2022-12-21 05:00:00,Slovakia,Slovakia,SK,391.54,427.61,58.43,11.33,entsoe.eu,false,
2022-12-21 06:00:00,Slovakia,Slovakia,SK,398.55,435.18,57.82,12.42,entsoe.eu,false,
2022-12-21 07:00:00,Slovakia,Slovakia,SK,368.74,402.93,61.51,17.01,entsoe.eu,false,
2022-12-21 08:00:00,Slovakia,Slovakia,SK,354.96,388.8,62.37,15.03,entsoe.eu,false,
2022-12-21 09:00:00,Slovakia,Slovakia,SK,349.78,383.94,61.83,12.67,entsoe.eu,false,
2022-12-21 10:00:00,Slovakia,Slovakia,SK,368.26,403.73,59.84,11.3,entsoe.eu,false,
2022-12-21 11:00:00,Slovakia,Slovakia,SK,379.95,416.9,58.51,10.79,entsoe.eu,false,
2022-12-21 12:00:00,Slovakia,Slovakia,SK,381.04,418.32,58.28,10.68,entsoe.eu,false,
2022-12-21 13:00:00,Slovakia,Slovakia,SK,384.8,421.99,58.0,11.45,entsoe.eu,false,
2022-12-21 14:00:00,Slovakia,Slovakia,SK,399.3,436.54,57.6,13.92,entsoe.eu,false,
2022-12-21 15:00:00,Slovakia,Slovakia,SK,390.06,424.82,60.24,18.79,entsoe.eu,false,
2022-12-21 16:00:00,Slovakia,Slovakia,SK,388.96,423.6,60.34,18.29,entsoe.eu,false,
2022-12-21 17:00:00,Slovakia,Slovakia,SK,387.04,421.49,60.53,16.92,entsoe.eu,false,
2022-12-21 18:00:00,Slovakia,Slovakia,SK,398.52,433.74,59.04,14.85,entsoe.eu,false,
2022-12-21 19:00:00,Slovakia,Slovakia,SK,391.75,427.31,58.95,12.85,entsoe.eu,false,
2022-12-21 20:00:00,Slovakia,Slovakia,SK,371.44,405.4,60.62,11.84,entsoe.eu,false,
2022-12-21 21:00:00,Slovakia,Slovakia,SK,369.52,403.14,60.76,11.35,entsoe.eu,false,
2022-12-21 22:00:00,Slovakia,Slovakia,SK,377.86,412.94,60.04,10.93,entsoe.eu,false,
2022-12-21 23:00:00,Slovakia,Slovakia,SK,364.64,400.11,61.08,10.84,entsoe.eu,false,
2022-12-22 00:00:00,Slovakia,Slovakia,SK,360.42,397.32,61.26,9.71,entsoe.eu,false,
2022-12-22 01:00:00,Slovakia,Slovakia,SK,352.44,389.91,61.95,9.82,entsoe.eu,false,
2022-12-22 02:00:00,Slovakia,Slovakia,SK,331.84,368.1,63.72,9.36,entsoe.eu,false,
2022-12-22 03:00:00,Slovakia,Slovakia,SK,339.97,375.21,63.01,9.2,entsoe.eu,false,
2022-12-22 04:00:00,Slovakia,Slovakia,SK,347.88,382.25,62.29,9.37,entsoe.eu,false,
2022-12-22 05:00:00,Slovakia,Slovakia,SK,365.39,400.27,60.83,10.69,entsoe.eu,false,
2022-12-22 06:00:00,Slovakia,Slovakia,SK,371.57,407.14,61.09,15.54,entsoe.eu,false,
2022-12-22 07:00:00,Slovakia,Slovakia,SK,358.85,392.71,62.56,16.74,entsoe.eu,false,
2022-12-22 08:00:00,Slovakia,Slovakia,SK,356.69,391.2,62.33,16.46,entsoe.eu,false,
2022-12-22 09:00:00,Slovakia,Slovakia,SK,348.64,383.09,62.96,15.75,entsoe.eu,false,
2022-12-22 10:00:00,Slovakia,Slovakia,SK,341.95,375.51,63.38,14.78,entsoe.eu,false,
2022-12-22 11:00:00,Slovakia,Slovakia,SK,358.59,393.72,61.9,14.41,entsoe.eu,false,
2022-12-22 12:00:00,Slovakia,Slovakia,SK,368.3,404.13,60.95,14.08,entsoe.eu,false,
2022-12-22 13:00:00,Slovakia,Slovakia,SK,357.53,391.72,61.88,13.79,entsoe.eu,false,
2022-12-22 14:00:00,Slovakia,Slovakia,SK,355.03,388.32,62.17,14.74,entsoe.eu,false,
2022-12-22 15:00:00,Slovakia,Slovakia,SK,369.26,403.17,61.74,16.86,entsoe.eu,false,
2022-12-22 16:00:00,Slovakia,Slovakia,SK,357.96,391.25,63.27,18.86,entsoe.eu,false,
2022-12-22 17:00:00,Slovakia,Slovakia,SK,361.95,395.54,62.9,19.04,entsoe.eu,false,
2022-12-22 18:00:00,Slovakia,Slovakia,SK,363.99,397.35,62.44,17.39,entsoe.eu,false,
2022-12-22 19:00:00,Slovakia,Slovakia,SK,367.17,401.57,61.09,13.97,entsoe.eu,false,
2022-12-22 20:00:00,Slovakia,Slovakia,SK,349.85,383.75,62.28,12.85,entsoe.eu,false,
2022-12-22 21:00:00,Slovakia,Slovakia,SK,372.02,409.26,60.56,13.86,entsoe.eu,false,
2022-12-22 22:00:00,Slovakia,Slovakia,SK,386.39,425.12,59.19,12.22,entsoe.eu,false,
2022-12-22 23:00:00,Slovakia,Slovakia,SK,362.25,401.14,60.91,10.86,entsoe.eu,false,
2022-12-23 00:00:00,Slovakia,Slovakia,SK,328.06,367.23,63.9,10.74,entsoe.eu,false,
2022-12-23 01:00:00,Slovakia,Slovakia,SK,327.03,366.56,64.12,10.52,entsoe.eu,false,
2022-12-23 02:00:00,Slovakia,Slovakia,SK,319.58,358.18,64.76,10.25,entsoe.eu,false,
2022-12-23 03:00:00,Slovakia,Slovakia,SK,326.04,363.91,64.08,9.94,entsoe.eu,false,
2022-12-23 04:00:00,Slovakia,Slovakia,SK,353.0,390.24,61.7,10.85,entsoe.eu,false,
2022-12-23 05:00:00,Slovakia,Slovakia,SK,344.9,380.16,62.62,13.4,entsoe.eu,false,
2022-12-23 06:00:00,Slovakia,Slovakia,SK,354.04,389.44,62.46,16.01,entsoe.eu,false,
2022-12-23 07:00:00,Slovakia,Slovakia,SK,331.6,364.83,65.64,19.65,entsoe.eu,false,
2022-12-23 08:00:00,Slovakia,Slovakia,SK,328.87,363.08,65.48,19.13,entsoe.eu,false,
2022-12-23 09:00:00,Slovakia,Slovakia,SK,269.45,300.61,71.18,20.3,entsoe.eu,false,
2022-12-23 10:00:00,Slovakia,Slovakia,SK,266.55,297.47,70.15,17.57,Electricity Maps Estimation,true,ESTIMATED_TIME_SLICER_AVERAGE
2022-12-23 11:00:00,Slovakia,Slovakia,SK,255.45,286.6,70.54,16.28,entsoe.eu,false,
2022-12-23 12:00:00,Slovakia,Slovakia,SK,204.76,233.33,74.6,17.58,entsoe.eu,false,
2022-12-23 13:00:00,Slovakia,Slovakia,SK,285.51,317.51,67.76,16.04,entsoe.eu,false,
2022-12-23 14:00:00,Slovakia,Slovakia,SK,284.14,315.67,67.96,16.86,entsoe.eu,false,
2022-12-23 15:00:00,Slovakia,Slovakia,SK,323.22,355.91,64.99,17.42,entsoe.eu,false,
2022-12-23 16:00:00,Slovakia,Slovakia,SK,317.89,349.05,66.56,19.21,entsoe.eu,false,
2022-12-23 17:00:00,Slovakia,Slovakia,SK,330.69,362.71,65.37,18.78,entsoe.eu,false,
2022-12-23 18:00:00,Slovakia,Slovakia,SK,316.21,347.84,66.23,17.89,entsoe.eu,false,
2022-12-23 19:00:00,Slovakia,Slovakia,SK,296.14,327.03,66.84,14.92,entsoe.eu,false,
2022-12-23 20:00:00,Slovakia,Slovakia,SK,279.27,309.26,68.21,13.12,entsoe.eu,false,
2022-12-23 21:00:00,Slovakia,Slovakia,SK,266.78,295.15,69.68,13.5,entsoe.eu,false,
2022-12-23 22:00:00,Slovakia,Slovakia,SK,249.67,277.26,71.27,13.04,entsoe.eu,false,
2022-12-23 23:00:00,Slovakia,Slovakia,SK,273.49,303.45,68.87,12.85,entsoe.eu,false,
2022-12-24 00:00:00,Slovakia,Slovakia,SK,241.66,270.54,71.65,13.26,entsoe.eu,false,
2022-12-24 01:00:00,Slovakia,Slovakia,SK,211.6,240.24,74.34,13.79,entsoe.eu,false,
2022-12-24 02:00:00,Slovakia,Slovakia,SK,208.13,236.76,74.71,13.92,entsoe.eu,false,
2022-12-24 03:00:00,Slovakia,Slovakia,SK,218.56,247.22,73.78,13.95,entsoe.eu,false,
2022-12-24 04:00:00,Slovakia,Slovakia,SK,227.24,255.85,73.06,13.95,entsoe.eu,false,
2022-12-24 05:00:00,Slovakia,Slovakia,SK,252.29,281.78,70.76,13.74,entsoe.eu,false,
2022-12-24 06:00:00,Slovakia,Slovakia,SK,227.53,255.49,72.88,16.67,entsoe.eu,false,
2022-12-24 07:00:00,Slovakia,Slovakia,SK,226.48,253.97,73.19,18.98,entsoe.eu,false,
2022-12-24 08:00:00,Slovakia,Slovakia,SK,232.82,259.6,73.15,20.75,entsoe.eu,false,
2022-12-24 09:00:00,Slovakia,Slovakia,SK,224.71,251.92,73.87,21.03,entsoe.eu,false,
2022-12-24 10:00:00,Slovakia,Slovakia,SK,222.82,249.72,74.25,21.5,entsoe.eu,false,
2022-12-24 11:00:00,Slovakia,Slovakia,SK,218.17,244.9,74.48,21.48,entsoe.eu,false,
2022-12-24 12:00:00,Slovakia,Slovakia,SK,202.26,229.03,75.78,21.57,entsoe.eu,false,
2022-12-24 13:00:00,Slovakia,Slovakia,SK,202.36,228.55,76.03,21.59,entsoe.eu,false,
2022-12-24 14:00:00,Slovakia,Slovakia,SK,222.01,247.27,75.79,23.9,entsoe.eu,false,
2022-12-24 15:00:00,Slovakia,Slovakia,SK,261.06,287.73,73.16,25.73,entsoe.eu,false,
2022-12-24 16:00:00,Slovakia,Slovakia,SK,253.01,280.87,73.96,27.34,entsoe.eu,false,
2022-12-24 17:00:00,Slovakia,Slovakia,SK,207.66,233.56,76.5,24.48,entsoe.eu,false,
2022-12-24 18:00:00,Slovakia,Slovakia,SK,219.65,245.97,75.46,23.78,entsoe.eu,false,
2022-12-24 19:00:00,Slovakia,Slovakia,SK,269.75,300.91,70.32,20.71,entsoe.eu,false,
2022-12-24 20:00:00,Slovakia,Slovakia,SK,268.73,300.86,70.02,19.95,entsoe.eu,false,
2022-12-24 21:00:00,Slovakia,Slovakia,SK,239.59,270.62,72.64,21.37,entsoe.eu,false,
2022-12-24 22:00:00,Slovakia,Slovakia,SK,214.57,245.41,74.86,21.7,entsoe.eu,false,
2022-12-24 23:00:00,Slovakia,Slovakia,SK,239.02,271.68,72.61,20.98,entsoe.eu,false,
2022-12-25 00:00:00,Slovakia,Slovakia,SK,232.11,263.77,73.22,21.15,entsoe.eu,false,
2022-12-25 01:00:00,Slovakia,Slovakia,SK,227.95,260.11,73.53,21.5,entsoe.eu,false,
2022-12-25 02:00:00,Slovakia,Slovakia,SK,226.62,258.91,73.66,21.31,entsoe.eu,false,
2022-12-25 03:00:00,Slovakia,Slovakia,SK,233.37,266.24,73.03,20.84,entsoe.eu,false,
2022-12-25 04:00:00,Slovakia,Slovakia,SK,243.64,276.27,72.07,20.23,entsoe.eu,false,
2022-12-25 05:00:00,Slovakia,Slovakia,SK,232.65,265.28,73.08,21.72,entsoe.eu,false,
2022-12-25 06:00:00,Slovakia,Slovakia,SK,229.72,261.31,73.28,22.23,entsoe.eu,false,
2022-12-25 07:00:00,Slovakia,Slovakia,SK,205.32,235.65,75.73,23.75,entsoe.eu,false,
2022-12-25 08:00:00,Slovakia,Slovakia,SK,206.66,237.06,75.79,24.68,entsoe.eu,false,
2022-12-25 09:00:00,Slovakia,Slovakia,SK,159.61,187.09,80.07,27.12,entsoe.eu,false,
2022-12-25 10:00:00,Slovakia,Slovakia,SK,144.5,171.06,81.51,27.78,entsoe.eu,false,
2022-12-25 11:00:00,Slovakia,Slovakia,SK,133.11,159.21,82.52,27.59,entsoe.eu,false,
2022-12-25 12:00:00,Slovakia,Slovakia,SK,124.66,150.74,82.97,27.28,entsoe.eu,false,
2022-12-25 13:00:00,Slovakia,Slovakia,SK,159.35,185.9,79.85,24.08,entsoe.eu,false,
2022-12-25 14:00:00,Slovakia,Slovakia,SK,173.52,200.37,78.52,23.48,entsoe.eu,false,
2022-12-25 15:00:00,Slovakia,Slovakia,SK,209.17,236.6,76.18,24.59,entsoe.eu,false,
2022-12-25 16:00:00,Slovakia,Slovakia,SK,230.42,259.63,75.22,26.71,entsoe.eu,false,
2022-12-25 17:00:00,Slovakia,Slovakia,SK,205.43,233.24,77.37,27.9,entsoe.eu,false,
2022-12-25 18:00:00,Slovakia,Slovakia,SK,222.32,250.68,75.6,26.29,entsoe.eu,false,
2022-12-25 19:00:00,Slovakia,Slovakia,SK,217.1,247.36,74.79,23.74,entsoe.eu,false,
2022-12-25 20:00:00,Slovakia,Slovakia,SK,212.17,242.51,75.1,23.01,entsoe.eu,false,
2022-12-25 21:00:00,Slovakia,Slovakia,SK,230.22,261.62,73.47,22.88,entsoe.eu,false,
2022-12-25 22:00:00,Slovakia,Slovakia,SK,255.2,287.1,71.01,15.6,entsoe.eu,false,
2022-12-25 23:00:00,Slovakia,Slovakia,SK,248.67,281.85,71.7,18.96,entsoe.eu,false,
2022-12-26 00:00:00,Slovakia,Slovakia,SK,270.76,306.79,69.85,20.31,entsoe.eu,false,
2022-12-26 01:00:00,Slovakia,Slovakia,SK,270.83,306.02,69.89,19.49,entsoe.eu,false,
2022-12-26 02:00:00,Slovakia,Slovakia,SK,288.73,323.91,68.17,17.87,entsoe.eu,false,
2022-12-26 03:00:00,Slovakia,Slovakia,SK,279.46,313.51,68.94,18.21,entsoe.eu,false,
2022-12-26 04:00:00,Slovakia,Slovakia,SK,283.58,316.94,68.52,17.55,entsoe.eu,false,
2022-12-26 05:00:00,Slovakia,Slovakia,SK,280.37,313.96,68.7,18.8,entsoe.eu,false,
2022-12-26 06:00:00,Slovakia,Slovakia,SK,303.01,338.33,66.88,20.51,entsoe.eu,false,
2022-12-26 07:00:00,Slovakia,Slovakia,SK,311.92,348.02,66.13,22.16,entsoe.eu,false,
2022-12-26 08:00:00,Slovakia,Slovakia,SK,292.59,327.49,67.89,23.29,entsoe.eu,false,
2022-12-26 09:00:00,Slovakia,Slovakia,SK,271.46,304.98,69.94,24.72,entsoe.eu,false,
2022-12-26 10:00:00,Slovakia,Slovakia,SK,276.54,309.74,69.56,24.9,entsoe.eu,false,
2022-12-26 11:00:00,Slovakia,Slovakia,SK,275.7,309.16,69.57,24.38,entsoe.eu,false,
2022-12-26 12:00:00,Slovakia,Slovakia,SK,274.85,307.84,69.56,23.1,entsoe.eu,false,
2022-12-26 13:00:00,Slovakia,Slovakia,SK,287.11,320.37,68.39,22.89,entsoe.eu,false,
2022-12-26 14:00:00,Slovakia,Slovakia,SK,301.52,335.64,67.32,23.4,entsoe.eu,false,
2022-12-26 15:00:00,Slovakia,Slovakia,SK,312.52,346.51,67.78,25.51,entsoe.eu,false,
2022-12-26 16:00:00,Slovakia,Slovakia,SK,299.21,331.81,69.83,27.62,entsoe.eu,false,
2022-12-26 17:00:00,Slovakia,Slovakia,SK,291.6,324.09,70.35,27.72,entsoe.eu,false,
2022-12-26 18:00:00,Slovakia,Slovakia,SK,289.58,322.4,69.6,25.33,entsoe.eu,false,
2022-12-26 19:00:00,Slovakia,Slovakia,SK,285.37,317.97,69.34,23.06,entsoe.eu,false,
2022-12-26 20:00:00,Slovakia,Slovakia,SK,284.32,316.66,68.75,20.72,entsoe.eu,false,
2022-12-26 21:00:00,Slovakia,Slovakia,SK,292.99,325.78,67.86,19.04,entsoe.eu,false,
2022-12-26 22:00:00,Slovakia,Slovakia,SK,289.98,322.99,68.11,18.14,entsoe.eu,false,
2022-12-26 23:00:00,Slovakia,Slovakia,SK,280.71,313.63,68.98,18.33,entsoe.eu,false,
2022-12-27 00:00:00,Slovakia,Slovakia,SK,250.82,282.56,71.59,17.92,entsoe.eu,false,
2022-12-27 01:00:00,Slovakia,Slovakia,SK,240.56,272.43,72.53,17.86,entsoe.eu,false,
2022-12-27 02:00:00,Slovakia,Slovakia,SK,217.67,248.91,74.57,17.81,entsoe.eu,false,
2022-12-27 03:00:00,Slovakia,Slovakia,SK,231.46,262.65,73.26,17.64,entsoe.eu,false,
2022-12-27 04:00:00,Slovakia,Slovakia,SK,237.55,267.8,72.66,17.91,entsoe.eu,false,
2022-12-27 05:00:00,Slovakia,Slovakia,SK,230.86,260.48,73.16,18.83,entsoe.eu,false,
2022-12-27 06:00:00,Slovakia,Slovakia,SK,229.79,259.43,73.3,21.2,entsoe.eu,false,
2022-12-27 07:00:00,Slovakia,Slovakia,SK,235.27,265.15,73.05,23.29,entsoe.eu,false,
2022-12-27 08:00:00,Slovakia,Slovakia,SK,198.69,228.33,76.17,25.27,entsoe.eu,false,
2022-12-27 09:00:00,Slovakia,Slovakia,SK,187.48,217.25,77.26,26.79,entsoe.eu,false,
2022-12-27 10:00:00,Slovakia,Slovakia,SK,193.74,223.8,76.8,27.27,entsoe.eu,false,
2022-12-27 11:00:00,Slovakia,Slovakia,SK,193.84,223.85,76.63,25.67,entsoe.eu,false,
2022-12-27 12:00:00,Slovakia,Slovakia,SK,223.51,254.34,74.14,24.66,entsoe.eu,false,
2022-12-27 13:00:00,Slovakia,Slovakia,SK,271.39,303.56,70.64,23.62,entsoe.eu,false,
2022-12-27 14:00:00,Slovakia,Slovakia,SK,269.53,300.38,70.61,22.36,entsoe.eu,false,
2022-12-27 15:00:00,Slovakia,Slovakia,SK,289.43,320.94,69.67,24.31,entsoe.eu,false,
2022-12-27 16:00:00,Slovakia,Slovakia,SK,279.24,309.19,71.89,27.48,entsoe.eu,false,
2022-12-27 17:00:00,Slovakia,Slovakia,SK,257.48,286.48,73.89,28.17,entsoe.eu,false,
2022-12-27 18:00:00,Slovakia,Slovakia,SK,275.61,306.07,71.62,25.94,entsoe.eu,false,
2022-12-27 19:00:00,Slovakia,Slovakia,SK,283.86,316.26,69.46,23.17,entsoe.eu,false,
2022-12-27 20:00:00,Slovakia,Slovakia,SK,305.02,339.26,66.83,20.27,entsoe.eu,false,
2022-12-27 21:00:00,Slovakia,Slovakia,SK,307.25,341.35,66.93,20.12,entsoe.eu,false,
2022-12-27 22:00:00,Slovakia,Slovakia,SK,294.85,328.56,67.61,19.48,entsoe.eu,false,
2022-12-27 23:00:00,Slovakia,Slovakia,SK,263.78,296.81,70.29,19.64,entsoe.eu,false,
2022-12-28 00:00:00,Slovakia,Slovakia,SK,252.92,286.01,71.22,19.81,entsoe.eu,false,
2022-12-28 01:00:00,Slovakia,Slovakia,SK,261.09,294.71,70.54,20.01,entsoe.eu,false,
2022-12-28 02:00:00,Slovakia,Slovakia,SK,255.72,289.01,71.03,19.77,entsoe.eu,false,
2022-12-28 03:00:00,Slovakia,Slovakia,SK,271.44,305.69,69.63,20.33,entsoe.eu,false,
2022-12-28 04:00:00,Slovakia,Slovakia,SK,274.91,309.19,69.14,20.45,entsoe.eu,false,
2022-12-28 05:00:00,Slovakia,Slovakia,SK,290.48,324.59,67.74,20.12,entsoe.eu,false,
2022-12-28 06:00:00,Slovakia,Slovakia,SK,282.72,316.35,68.43,21.73,entsoe.eu,false,
2022-12-28 07:00:00,Slovakia,Slovakia,SK,272.46,305.88,69.75,23.64,entsoe.eu,false,
2022-12-28 08:00:00,Slovakia,Slovakia,SK,264.73,298.27,70.53,25.28,entsoe.eu,false,
2022-12-28 09:00:00,Slovakia,Slovakia,SK,240.81,273.47,72.5,25.64,entsoe.eu,false,
2022-12-28 10:00:00,Slovakia,Slovakia,SK,244.89,277.19,72.28,25.68,entsoe.eu,false,
2022-12-28 11:00:00,Slovakia,Slovakia,SK,234.84,265.84,73.1,24.44,entsoe.eu,false,
2022-12-28 12:00:00,Slovakia,Slovakia,SK,250.37,282.05,71.58,23.95,entsoe.eu,false,
2022-12-28 13:00:00,Slovakia,Slovakia,SK,249.25,280.01,71.52,24.04,entsoe.eu,false,
2022-12-28 14:00:00,Slovakia,Slovakia,SK,246.64,276.87,71.7,23.23,entsoe.eu,false,
2022-12-28 15:00:00,Slovakia,Slovakia,SK,258.28,288.22,72.41,27.11,entsoe.eu,false,
2022-12-28 16:00:00,Slovakia,Slovakia,SK,255.87,284.83,73.44,28.48,entsoe.eu,false,
2022-12-28 17:00:00,Slovakia,Slovakia,SK,257.12,286.11,73.72,28.74,entsoe.eu,false,
2022-12-28 18:00:00,Slovakia,Slovakia,SK,253.8,282.44,74.03,28.59,entsoe.eu,false,
2022-12-28 19:00:00,Slovakia,Slovakia,SK,271.52,304.1,70.52,25.01,entsoe.eu,false,
2022-12-28 20:00:00,Slovakia,Slovakia,SK,267.61,300.27,70.3,23.42,entsoe.eu,false,
2022-12-28 21:00:00,Slovakia,Slovakia,SK,281.59,314.95,68.85,22.35,entsoe.eu,false,
2022-12-28 22:00:00,Slovakia,Slovakia,SK,286.77,319.63,68.48,20.79,entsoe.eu,false,
2022-12-28 23:00:00,Slovakia,Slovakia,SK,274.96,306.92,68.67,16.41,entsoe.eu,false,
2022-12-29 00:00:00,Slovakia,Slovakia,SK,266.66,298.48,69.53,16.11,entsoe.eu,false,
2022-12-29 01:00:00,Slovakia,Slovakia,SK,267.12,299.67,69.46,16.69,entsoe.eu,false,
2022-12-29 02:00:00,Slovakia,Slovakia,SK,263.75,296.33,69.8,16.85,entsoe.eu,false,
2022-12-29 03:00:00,Slovakia,Slovakia,SK,270.25,302.99,69.24,17.05,entsoe.eu,false,
2022-12-29 04:00:00,Slovakia,Slovakia,SK,285.46,319.02,67.97,18.56,entsoe.eu,false,
2022-12-29 05:00:00,Slovakia,Slovakia,SK,283.62,316.51,68.27,21.05,entsoe.eu,false,
2022-12-29 06:00:00,Slovakia,Slovakia,SK,293.22,326.89,67.48,21.82,entsoe.eu,false,
2022-12-29 07:00:00,Slovakia,Slovakia,SK,285.6,318.87,68.29,22.19,entsoe.eu,false,
2022-12-29 08:00:00,Slovakia,Slovakia,SK,280.91,313.79,68.71,22.75,entsoe.eu,false,
2022-12-29 09:00:00,Slovakia,Slovakia,SK,277.26,310.21,68.95,23.27,entsoe.eu,false,
2022-12-29 10:00:00,Slovakia,Slovakia,SK,270.32,302.9,69.54,23.57,entsoe.eu,false,
2022-12-29 11:00:00,Slovakia,Slovakia,SK,269.22,301.86,69.65,24.25,entsoe.eu,false,
2022-12-29 12:00:00,Slovakia,Slovakia,SK,262.77,293.81,70.82,23.98,entsoe.eu,false,
2022-12-29 13:00:00,Slovakia,Slovakia,SK,279.43,311.99,68.76,22.92,entsoe.eu,false,
2022-12-29 14:00:00,Slovakia,Slovakia,SK,277.34,309.72,68.92,22.68,entsoe.eu,false,
2022-12-29 15:00:00,Slovakia,Slovakia,SK,284.37,317.01,68.71,23.98,entsoe.eu,false,
2022-12-29 16:00:00,Slovakia,Slovakia,SK,281.27,311.96,70.48,26.77,entsoe.eu,false,
2022-12-29 17:00:00,Slovakia,Slovakia,SK,268.66,298.36,71.79,27.15,entsoe.eu,false,
2022-12-29 18:00:00,Slovakia,Slovakia,SK,268.91,298.96,70.96,25.59,entsoe.eu,false,
2022-12-29 19:00:00,Slovakia,Slovakia,SK,291.73,324.96,67.94,22.16,entsoe.eu,false,
2022-12-29 20:00:00,Slovakia,Slovakia,SK,290.43,323.68,67.73,21.5,entsoe.eu,false,
2022-12-29 21:00:00,Slovakia,Slovakia,SK,316.55,351.63,65.21,19.61,entsoe.eu,false,
2022-12-29 22:00:00,Slovakia,Slovakia,SK,312.16,346.67,65.58,18.7,entsoe.eu,false,
2022-12-29 23:00:00,Slovakia,Slovakia,SK,306.52,339.91,65.89,16.27,entsoe.eu,false,
2022-12-30 00:00:00,Slovakia,Slovakia,SK,302.64,336.28,66.13,15.28,entsoe.eu,false,
2022-12-30 01:00:00,Slovakia,Slovakia,SK,297.87,331.29,66.46,14.82,entsoe.eu,false,
2022-12-30 02:00:00,Slovakia,Slovakia,SK,315.59,349.33,65.12,15.1,entsoe.eu,false,
2022-12-30 03:00:00,Slovakia,Slovakia,SK,316.35,350.11,65.05,15.63,entsoe.eu,false,
2022-12-30 04:00:00,Slovakia,Slovakia,SK,328.98,364.02,63.83,16.41,entsoe.eu,false,
2022-12-30 05:00:00,Slovakia,Slovakia,SK,317.53,352.45,64.86,17.15,entsoe.eu,false,
2022-12-30 06:00:00,Slovakia,Slovakia,SK,295.8,328.82,67.07,19.57,entsoe.eu,false,
2022-12-30 07:00:00,Slovakia,Slovakia,SK,281.22,312.87,69.04,22.03,entsoe.eu,false,
2022-12-30 08:00:00,Slovakia,Slovakia,SK,273.28,304.2,69.95,22.98,entsoe.eu,false,
2022-12-30 09:00:00,Slovakia,Slovakia,SK,267.88,298.84,70.16,23.69,entsoe.eu,false,
2022-12-30 10:00:00,Slovakia,Slovakia,SK,262.34,292.4,70.71,23.32,entsoe.eu,false,
2022-12-30 11:00:00,Slovakia,Slovakia,SK,262.75,293.1,70.65,23.33,entsoe.eu,false,
2022-12-30 12:00:00,Slovakia,Slovakia,SK,262.21,292.68,70.46,22.64,entsoe.eu,false,
2022-12-30 13:00:00,Slovakia,Slovakia,SK,271.18,302.52,69.54,21.88,entsoe.eu,false,
2022-12-30 14:00:00,Slovakia,Slovakia,SK,274.99,304.9,71.05,25.33,entsoe.eu,false,
2022-12-30 15:00:00,Slovakia,Slovakia,SK,285.1,316.26,70.64,27.78,entsoe.eu,false,
2022-12-30 16:00:00,Slovakia,Slovakia,SK,267.65,296.97,72.16,28.67,entsoe.eu,false,
2022-12-30 17:00:00,Slovakia,Slovakia,SK,268.72,297.73,72.04,28.18,entsoe.eu,false,
2022-12-30 18:00:00,Slovakia,Slovakia,SK,270.49,301.23,70.28,24.69,entsoe.eu,false,
2022-12-30 19:00:00,Slovakia,Slovakia,SK,284.44,316.14,68.83,23.61,entsoe.eu,false,
2022-12-30 20:00:00,Slovakia,Slovakia,SK,289.07,321.31,68.29,22.59,entsoe.eu,false,
2022-12-30 21:00:00,Slovakia,Slovakia,SK,306.29,339.91,66.59,20.85,entsoe.eu,false,
2022-12-30 22:00:00,Slovakia,Slovakia,SK,304.15,337.22,66.71,19.4,entsoe.eu,false,
2022-12-30 23:00:00,Slovakia,Slovakia,SK,296.89,329.26,66.84,16.68,entsoe.eu,false,
2022-12-31 00:00:00,Slovakia,Slovakia,SK,306.44,339.3,66.03,16.57,entsoe.eu,false,
2022-12-31 01:00:00,Slovakia,Slovakia,SK,299.52,332.03,66.64,16.55,entsoe.eu,false,
2022-12-31 02:00:00,Slovakia,Slovakia,SK,300.11,332.83,66.55,16.41,entsoe.eu,false,
2022-12-31 03:00:00,Slovakia,Slovakia,SK,300.31,333.88,66.51,17.4,entsoe.eu,false,
2022-12-31 04:00:00,Slovakia,Slovakia,SK,302.69,336.81,66.35,18.4,entsoe.eu,false,
2022-12-31 05:00:00,Slovakia,Slovakia,SK,306.14,341.11,65.79,19.13,entsoe.eu,false,
2022-12-31 06:00:00,Slovakia,Slovakia,SK,298.51,333.09,66.74,21.98,entsoe.eu,false,
2022-12-31 07:00:00,Slovakia,Slovakia,SK,290.34,324.09,67.71,23.79,entsoe.eu,false,
2022-12-31 08:00:00,Slovakia,Slovakia,SK,291.29,324.51,68.03,23.44,entsoe.eu,false,
2022-12-31 09:00:00,Slovakia,Slovakia,SK,284.5,317.32,68.76,23.36,entsoe.eu,false,
2022-12-31 10:00:00,Slovakia,Slovakia,SK,287.52,320.5,68.29,23.77,entsoe.eu,false,
2022-12-31 11:00:00,Slovakia,Slovakia,SK,289.04,321.85,68.13,24.13,entsoe.eu,false,
2022-12-31 12:00:00,Slovakia,Slovakia,SK,288.45,321.61,67.92,23.26,entsoe.eu,false,
2022-12-31 13:00:00,Slovakia,Slovakia,SK,293.84,326.21,67.77,22.78,entsoe.eu,false,
2022-12-31 14:00:00,Slovakia,Slovakia,SK,295.38,327.69,67.75,23.65,entsoe.eu,false,
2022-12-31 15:00:00,Slovakia,Slovakia,SK,296.17,328.58,68.75,26.97,entsoe.eu,false,
2022-12-31 16:00:00,Slovakia,Slovakia,SK,287.19,317.0,70.23,27.0,entsoe.eu,false,
2022-12-31 17:00:00,Slovakia,Slovakia,SK,290.41,321.97,69.05,25.68,entsoe.eu,false,
2022-12-31 18:00:00,Slovakia,Slovakia,SK,276.63,306.25,69.74,21.69,entsoe.eu,false,
2022-12-31 19:00:00,Slovakia,Slovakia,SK,277.49,307.55,69.02,19.92,entsoe.eu,false,
2022-12-31 20:00:00,Slovakia,Slovakia,SK,285.65,316.46,68.11,18.76,entsoe.eu,false,
2022-12-31 21:00:00,Slovakia,Slovakia,SK,286.05,316.92,68.12,18.62,entsoe.eu,false,
2022-12-31 22:00:00,Slovakia,Slovakia,SK,292.71,324.58,67.52,18.11,entsoe.eu,false,
2022-12-31 23:00:00,Slovakia,Slovakia,SK,291.07,325.54,67.64,19.07,entsoe.eu,false,
