Datetime (UTC),Country,Zone Name,Zone Id,Carbon Intensity gCO₂eq/kWh (direct),Carbon Intensity gCO₂eq/kWh (LCA),Low Carbon Percentage,Renewable Percentage,Data Source,Data Estimated,Data Estimation Method
2022-01-01 00:00:00,Turkey,Turkey,TR,464.62,536.57,25.25,24.49,epias.com.tr; ytbs.teias.gov.tr,false,
2022-01-01 01:00:00,Turkey,Turkey,TR,475.48,547.28,24.5,23.6,epias.com.tr; ytbs.teias.gov.tr,false,
2022-01-01 02:00:00,Turkey,Turkey,TR,482.77,555.44,23.34,22.28,epias.com.tr; ytbs.teias.gov.tr,false,
2022-01-01 03:00:00,Turkey,Turkey,TR,487.22,560.84,22.36,21.28,epias.com.tr; ytbs.teias.gov.tr,false,
2022-01-01 04:00:00,Turkey,Turkey,TR,488.84,562.77,21.86,20.99,epias.com.tr; ytbs.teias.gov.tr,false,
2022-01-01 05:00:00,Turkey,Turkey,TR,490.93,564.68,21.71,20.84,epias.com.tr; ytbs.teias.gov.tr,false,
2022-01-01 06:00:00,Turkey,Turkey,TR,488.79,563.6,21.09,20.28,epias.com.tr; ytbs.teias.gov.tr,false,
2022-01-01 07:00:00,Turkey,Turkey,TR,478.04,553.17,21.89,21.15,epias.com.tr; ytbs.teias.gov.tr,false,
2022-01-01 08:00:00,Turkey,Turkey,TR,476.46,550.71,22.58,21.88,epias.com.tr; ytbs.teias.gov.tr,false,
2022-01-01 09:00:00,Turkey,Turkey,TR,467.77,542.03,23.48,22.9,epias.com.tr; ytbs.teias.gov.tr,false,
2022-01-01 10:00:00,Turkey,Turkey,TR,456.33,529.71,25.1,24.54,epias.com.tr; ytbs.teias.gov.tr,false,
2022-01-01 11:00:00,Turkey,Turkey,TR,449.84,522.96,25.9,25.25,epias.com.tr; ytbs.teias.gov.tr,false,
2022-01-01 12:00:00,Turkey,Turkey,TR,452.72,526.53,25.14,24.5,epias.com.tr; ytbs.teias.gov.tr,false,
2022-01-01 13:00:00,Turkey,Turkey,TR,455.04,529.26,24.57,24.02,epias.com.tr; ytbs.teias.gov.tr,false,
2022-01-01 14:00:00,Turkey,Turkey,TR,451.25,526.45,24.25,23.82,epias.com.tr; ytbs.teias.gov.tr,false,
2022-01-01 15:00:00,Turkey,Turkey,TR,430.24,503.52,27.39,27.01,epias.com.tr; ytbs.teias.gov.tr,false,
2022-01-01 16:00:00,Turkey,Turkey,TR,415.13,487.1,29.58,29.17,epias.com.tr; ytbs.teias.gov.tr,false,
2022-01-01 17:00:00,Turkey,Turkey,TR,416.93,488.75,29.49,29.1,epias.com.tr; ytbs.teias.gov.tr,false,
2022-01-01 18:00:00,Turkey,Turkey,TR,421.61,493.21,29.22,28.82,epias.com.tr; ytbs.teias.gov.tr,false,
2022-01-01 19:00:00,Turkey,Turkey,TR,429.46,501.22,28.36,27.95,epias.com.tr; ytbs.teias.gov.tr,false,
2022-01-01 20:00:00,Turkey,Turkey,TR,416.43,484.79,31.91,31.47,epias.com.tr; ytbs.teias.gov.tr,false,
2022-01-01 21:00:00,Turkey,Turkey,TR,405.92,474.04,33.29,32.82,epias.com.tr,false,
2022-01-01 22:00:00,Turkey,Turkey,TR,413.08,477.72,34.84,34.26,epias.com.tr; ytbs.teias.gov.tr,false,
2022-01-01 23:00:00,Turkey,Turkey,TR,433.16,498.81,32.15,31.55,epias.com.tr; ytbs.teias.gov.tr,false,
2022-01-02 00:00:00,Turkey,Turkey,TR,448.25,514.57,30.27,29.28,epias.com.tr; ytbs.teias.gov.tr,false,
2022-01-02 01:00:00,Turkey,Turkey,TR,456.98,523.34,29.45,28.44,epias.com.tr; ytbs.teias.gov.tr,false,
2022-01-02 02:00:00,Turkey,Turkey,TR,454.25,519.86,30.24,29.16,epias.com.tr; ytbs.teias.gov.tr,false,
2022-01-02 03:00:00,Turkey,Turkey,TR,459.49,525.28,29.58,28.37,epias.com.tr; ytbs.teias.gov.tr,false,
2022-01-02 04:00:00,Turkey,Turkey,TR,461.51,529.61,27.95,26.96,epias.com.tr; ytbs.teias.gov.tr,false,
2022-01-02 05:00:00,Turkey,Turkey,TR,453.58,521.69,28.54,27.63,epias.com.tr; ytbs.teias.gov.tr,false,
2022-01-02 06:00:00,Turkey,Turkey,TR,455.56,524.16,28.03,27.15,epias.com.tr; ytbs.teias.gov.tr,false,
2022-01-02 07:00:00,Turkey,Turkey,TR,446.95,516.34,28.34,27.57,epias.com.tr; ytbs.teias.gov.tr,false,
2022-01-02 08:00:00,Turkey,Turkey,TR,428.76,497.74,30.34,29.66,epias.com.tr; ytbs.teias.gov.tr,false,
2022-01-02 09:00:00,Turkey,Turkey,TR,412.72,480.75,32.53,32.08,epias.com.tr; ytbs.teias.gov.tr,false,
2022-01-02 10:00:00,Turkey,Turkey,TR,411.16,478.66,32.86,32.52,epias.com.tr; ytbs.teias.gov.tr,false,
2022-01-02 11:00:00,Turkey,Turkey,TR,411.32,478.87,32.78,32.53,epias.com.tr; ytbs.teias.gov.tr,false,
2022-01-02 12:00:00,Turkey,Turkey,TR,409.72,477.46,32.71,32.44,epias.com.tr; ytbs.teias.gov.tr,false,
2022-01-02 13:00:00,Turkey,Turkey,TR,408.02,475.81,32.79,32.54,epias.com.tr; ytbs.teias.gov.tr,false,
2022-01-02 14:00:00,Turkey,Turkey,TR,405.2,472.41,33.33,32.99,epias.com.tr; ytbs.teias.gov.tr,false,
2022-01-02 15:00:00,Turkey,Turkey,TR,386.77,452.66,35.92,35.66,epias.com.tr; ytbs.teias.gov.tr,false,
2022-01-02 16:00:00,Turkey,Turkey,TR,372.15,436.82,38.04,37.8,epias.com.tr; ytbs.teias.gov.tr,false,
2022-01-02 17:00:00,Turkey,Turkey,TR,375.25,440.56,37.45,37.18,epias.com.tr; ytbs.teias.gov.tr,false,
2022-01-02 18:00:00,Turkey,Turkey,TR,382.78,449.1,36.17,35.85,epias.com.tr; ytbs.teias.gov.tr,false,
2022-01-02 19:00:00,Turkey,Turkey,TR,386.98,453.3,35.83,35.47,epias.com.tr; ytbs.teias.gov.tr,false,
2022-01-02 20:00:00,Turkey,Turkey,TR,381.4,445.4,37.96,37.54,epias.com.tr; ytbs.teias.gov.tr,false,
2022-01-02 21:00:00,Turkey,Turkey,TR,386.31,449.35,38.2,37.51,epias.com.tr,false,
2022-01-02 22:00:00,Turkey,Turkey,TR,407.34,472.25,34.94,34.17,epias.com.tr; ytbs.teias.gov.tr,false,
2022-01-02 23:00:00,Turkey,Turkey,TR,429.48,496.34,31.66,30.83,epias.com.tr; ytbs.teias.gov.tr,false,
2022-01-03 00:00:00,Turkey,Turkey,TR,447.46,515.94,28.91,28.1,epias.com.tr; ytbs.teias.gov.tr,false,
2022-01-03 01:00:00,Turkey,Turkey,TR,464.34,534.84,25.93,25.1,epias.com.tr; ytbs.teias.gov.tr,false,
2022-01-03 02:00:00,Turkey,Turkey,TR,470.04,541.24,24.97,24.11,epias.com.tr; ytbs.teias.gov.tr,false,
2022-01-03 03:00:00,Turkey,Turkey,TR,466.86,538.22,25.2,24.38,epias.com.tr; ytbs.teias.gov.tr,false,
2022-01-03 04:00:00,Turkey,Turkey,TR,447.01,517.72,27.44,26.7,epias.com.tr; ytbs.teias.gov.tr,false,
2022-01-03 05:00:00,Turkey,Turkey,TR,429.19,502.45,27.26,26.66,epias.com.tr; ytbs.teias.gov.tr,false,
2022-01-03 06:00:00,Turkey,Turkey,TR,397.98,471.64,29.82,29.42,epias.com.tr; ytbs.teias.gov.tr,false,
2022-01-03 07:00:00,Turkey,Turkey,TR,384.61,458.11,31.22,30.85,epias.com.tr; ytbs.teias.gov.tr,false,
2022-01-03 08:00:00,Turkey,Turkey,TR,395.21,470.66,28.94,28.59,epias.com.tr; ytbs.teias.gov.tr,false,
2022-01-03 09:00:00,Turkey,Turkey,TR,395.28,470.34,29.22,28.88,epias.com.tr; ytbs.teias.gov.tr,false,
2022-01-03 10:00:00,Turkey,Turkey,TR,406.27,481.1,28.37,27.98,epias.com.tr; ytbs.teias.gov.tr,false,
2022-01-03 11:00:00,Turkey,Turkey,TR,405.23,479.44,28.88,28.5,epias.com.tr; ytbs.teias.gov.tr,false,
2022-01-03 12:00:00,Turkey,Turkey,TR,399.12,473.68,29.24,28.87,epias.com.tr; ytbs.teias.gov.tr,false,
2022-01-03 13:00:00,Turkey,Turkey,TR,397.97,472.64,29.14,28.77,epias.com.tr; ytbs.teias.gov.tr,false,
2022-01-03 14:00:00,Turkey,Turkey,TR,389.31,463.19,30.43,30.05,epias.com.tr; ytbs.teias.gov.tr,false,
2022-01-03 15:00:00,Turkey,Turkey,TR,367.94,439.22,34.12,33.79,epias.com.tr; ytbs.teias.gov.tr,false,
2022-01-03 16:00:00,Turkey,Turkey,TR,368.54,439.11,34.36,34.05,epias.com.tr; ytbs.teias.gov.tr,false,
2022-01-03 17:00:00,Turkey,Turkey,TR,372.19,441.42,34.81,34.46,epias.com.tr; ytbs.teias.gov.tr,false,
2022-01-03 18:00:00,Turkey,Turkey,TR,380.49,450.25,33.65,33.29,epias.com.tr; ytbs.teias.gov.tr,false,
2022-01-03 19:00:00,Turkey,Turkey,TR,382.47,452.2,33.53,33.1,epias.com.tr; ytbs.teias.gov.tr,false,
2022-01-03 20:00:00,Turkey,Turkey,TR,373.62,440.74,36.14,35.71,epias.com.tr; ytbs.teias.gov.tr,false,
2022-01-03 21:00:00,Turkey,Turkey,TR,379.81,444.74,36.96,36.47,epias.com.tr,false,
2022-01-03 22:00:00,Turkey,Turkey,TR,404.79,472.1,33.09,32.55,epias.com.tr; ytbs.teias.gov.tr,false,
2022-01-03 23:00:00,Turkey,Turkey,TR,425.36,495.0,29.66,28.94,epias.com.tr; ytbs.teias.gov.tr,false,
2022-01-04 00:00:00,Turkey,Turkey,TR,443.71,515.04,26.9,26.17,epias.com.tr; ytbs.teias.gov.tr,false,
2022-01-04 01:00:00,Turkey,Turkey,TR,454.81,526.51,25.69,24.95,epias.com.tr; ytbs.teias.gov.tr,false,
2022-01-04 02:00:00,Turkey,Turkey,TR,459.57,531.39,25.27,24.48,epias.com.tr; ytbs.teias.gov.tr,false,
2022-01-04 03:00:00,Turkey,Turkey,TR,462.09,535.86,23.82,23.24,epias.com.tr; ytbs.teias.gov.tr,false,
2022-01-04 04:00:00,Turkey,Turkey,TR,457.73,533.57,22.81,22.29,epias.com.tr; ytbs.teias.gov.tr,false,
2022-01-04 05:00:00,Turkey,Turkey,TR,443.48,520.44,23.36,22.89,epias.com.tr; ytbs.teias.gov.tr,false,
2022-01-04 06:00:00,Turkey,Turkey,TR,412.18,488.45,26.7,26.42,epias.com.tr; ytbs.teias.gov.tr,false,
2022-01-04 07:00:00,Turkey,Turkey,TR,391.33,466.14,29.75,29.57,epias.com.tr; ytbs.teias.gov.tr,false,
2022-01-04 08:00:00,Turkey,Turkey,TR,390.17,464.54,30.22,30.03,epias.com.tr; ytbs.teias.gov.tr,false,
2022-01-04 09:00:00,Turkey,Turkey,TR,393.49,467.58,30.16,29.99,epias.com.tr; ytbs.teias.gov.tr,false,
2022-01-04 10:00:00,Turkey,Turkey,TR,417.33,494.12,26.16,25.99,epias.com.tr; ytbs.teias.gov.tr,false,
2022-01-04 11:00:00,Turkey,Turkey,TR,420.61,497.77,25.58,25.37,epias.com.tr; ytbs.teias.gov.tr,false,
2022-01-04 12:00:00,Turkey,Turkey,TR,415.12,491.36,26.61,26.42,epias.com.tr; ytbs.teias.gov.tr,false,
2022-01-04 13:00:00,Turkey,Turkey,TR,410.79,486.03,27.56,27.34,epias.com.tr; ytbs.teias.gov.tr,false,
2022-01-04 14:00:00,Turkey,Turkey,TR,403.14,477.73,28.73,28.55,epias.com.tr; ytbs.teias.gov.tr,false,
2022-01-04 15:00:00,Turkey,Turkey,TR,387.34,458.98,32.02,31.82,epias.com.tr; ytbs.teias.gov.tr,false,
2022-01-04 16:00:00,Turkey,Turkey,TR,376.66,445.46,34.77,34.54,epias.com.tr; ytbs.teias.gov.tr,false,
2022-01-04 17:00:00,Turkey,Turkey,TR,382.4,450.97,34.29,34.03,epias.com.tr; ytbs.teias.gov.tr,false,
2022-01-04 18:00:00,Turkey,Turkey,TR,390.59,459.47,33.23,32.92,epias.com.tr; ytbs.teias.gov.tr,false,
2022-01-04 19:00:00,Turkey,Turkey,TR,386.99,454.99,34.12,33.76,epias.com.tr; ytbs.teias.gov.tr,false,
2022-01-04 20:00:00,Turkey,Turkey,TR,378.68,443.83,36.8,36.4,epias.com.tr; ytbs.teias.gov.tr,false,
2022-01-04 21:00:00,Turkey,Turkey,TR,384.9,448.5,37.2,36.79,epias.com.tr,false,
2022-01-04 22:00:00,Turkey,Turkey,TR,400.69,464.57,35.4,34.97,epias.com.tr; ytbs.teias.gov.tr,false,
2022-01-04 23:00:00,Turkey,Turkey,TR,421.47,486.94,32.34,31.86,epias.com.tr; ytbs.teias.gov.tr,false,
2022-01-05 00:00:00,Turkey,Turkey,TR,440.33,507.34,29.56,29.01,epias.com.tr; ytbs.teias.gov.tr,false,
2022-01-05 01:00:00,Turkey,Turkey,TR,442.88,509.43,29.66,29.02,epias.com.tr; ytbs.teias.gov.tr,false,
2022-01-05 02:00:00,Turkey,Turkey,TR,430.05,496.38,31.07,30.5,epias.com.tr; ytbs.teias.gov.tr,false,
2022-01-05 03:00:00,Turkey,Turkey,TR,427.62,495.01,30.57,30.05,epias.com.tr; ytbs.teias.gov.tr,false,
2022-01-05 04:00:00,Turkey,Turkey,TR,431.36,499.41,29.67,29.23,epias.com.tr; ytbs.teias.gov.tr,false,
2022-01-05 05:00:00,Turkey,Turkey,TR,420.51,488.89,30.37,29.99,epias.com.tr; ytbs.teias.gov.tr,false,
2022-01-05 06:00:00,Turkey,Turkey,TR,389.32,456.14,34.35,34.07,epias.com.tr; ytbs.teias.gov.tr,false,
2022-01-05 07:00:00,Turkey,Turkey,TR,371.03,435.89,37.38,37.13,epias.com.tr; ytbs.teias.gov.tr,false,
2022-01-05 08:00:00,Turkey,Turkey,TR,373.38,438.22,37.18,36.95,epias.com.tr; ytbs.teias.gov.tr,false,
2022-01-05 09:00:00,Turkey,Turkey,TR,371.41,434.81,38.34,38.11,epias.com.tr; ytbs.teias.gov.tr,false,
2022-01-05 10:00:00,Turkey,Turkey,TR,383.52,446.52,37.4,37.16,epias.com.tr; ytbs.teias.gov.tr,false,
2022-01-05 11:00:00,Turkey,Turkey,TR,383.56,446.61,37.3,37.06,epias.com.tr; ytbs.teias.gov.tr,false,
2022-01-05 12:00:00,Turkey,Turkey,TR,380.14,442.84,37.84,37.62,epias.com.tr; ytbs.teias.gov.tr,false,
2022-01-05 13:00:00,Turkey,Turkey,TR,378.7,442.4,37.28,37.03,epias.com.tr; ytbs.teias.gov.tr,false,
2022-01-05 14:00:00,Turkey,Turkey,TR,372.16,436.23,37.66,37.42,epias.com.tr; ytbs.teias.gov.tr,false,
2022-01-05 15:00:00,Turkey,Turkey,TR,356.93,418.64,40.67,40.44,epias.com.tr; ytbs.teias.gov.tr,false,
2022-01-05 16:00:00,Turkey,Turkey,TR,354.12,415.33,41.21,40.96,epias.com.tr; ytbs.teias.gov.tr,false,
2022-01-05 17:00:00,Turkey,Turkey,TR,357.11,418.28,40.92,40.65,epias.com.tr; ytbs.teias.gov.tr,false,
2022-01-05 18:00:00,Turkey,Turkey,TR,365.39,427.93,39.21,38.95,epias.com.tr; ytbs.teias.gov.tr,false,
2022-01-05 19:00:00,Turkey,Turkey,TR,363.68,425.63,39.78,39.48,epias.com.tr; ytbs.teias.gov.tr,false,
2022-01-05 20:00:00,Turkey,Turkey,TR,352.81,411.32,43.1,42.73,epias.com.tr; ytbs.teias.gov.tr,false,
2022-01-05 21:00:00,Turkey,Turkey,TR,354.61,411.71,43.87,43.47,epias.com.tr,false,
2022-01-05 22:00:00,Turkey,Turkey,TR,375.08,433.28,41.12,40.7,epias.com.tr; ytbs.teias.gov.tr,false,
2022-01-05 23:00:00,Turkey,Turkey,TR,391.89,451.85,38.47,38.09,epias.com.tr; ytbs.teias.gov.tr,false,
2022-01-06 00:00:00,Turkey,Turkey,TR,401.64,462.51,36.95,36.54,epias.com.tr; ytbs.teias.gov.tr,false,
2022-01-06 01:00:00,Turkey,Turkey,TR,404.34,464.99,36.85,36.39,epias.com.tr; ytbs.teias.gov.tr,false,
2022-01-06 02:00:00,Turkey,Turkey,TR,399.28,459.17,37.82,37.44,epias.com.tr; ytbs.teias.gov.tr,false,
2022-01-06 03:00:00,Turkey,Turkey,TR,400.39,461.07,37.22,36.79,epias.com.tr; ytbs.teias.gov.tr,false,
2022-01-06 04:00:00,Turkey,Turkey,TR,396.34,459.24,36.21,35.93,epias.com.tr; ytbs.teias.gov.tr,false,
2022-01-06 05:00:00,Turkey,Turkey,TR,394.98,459.83,35.01,34.81,epias.com.tr; ytbs.teias.gov.tr,false,
2022-01-06 06:00:00,Turkey,Turkey,TR,373.01,438.12,36.99,36.88,epias.com.tr; ytbs.teias.gov.tr,false,
2022-01-06 07:00:00,Turkey,Turkey,TR,357.14,421.37,39.12,39.07,epias.com.tr; ytbs.teias.gov.tr,false,
2022-01-06 08:00:00,Turkey,Turkey,TR,356.09,420.12,39.42,39.32,epias.com.tr; ytbs.teias.gov.tr,false,
2022-01-06 09:00:00,Turkey,Turkey,TR,344.6,407.32,41.47,41.28,epias.com.tr; ytbs.teias.gov.tr,false,
2022-01-06 10:00:00,Turkey,Turkey,TR,357.91,421.82,39.4,39.18,epias.com.tr; ytbs.teias.gov.tr,false,
2022-01-06 11:00:00,Turkey,Turkey,TR,353.47,417.79,39.55,39.29,epias.com.tr; ytbs.teias.gov.tr,false,
2022-01-06 12:00:00,Turkey,Turkey,TR,348.58,412.64,40.23,39.99,epias.com.tr; ytbs.teias.gov.tr,false,
2022-01-06 13:00:00,Turkey,Turkey,TR,349.43,414.05,39.84,39.67,epias.com.tr; ytbs.teias.gov.tr,false,
2022-01-06 14:00:00,Turkey,Turkey,TR,347.44,412.83,39.56,39.47,epias.com.tr; ytbs.teias.gov.tr,false,
2022-01-06 15:00:00,Turkey,Turkey,TR,344.52,410.2,39.68,39.64,epias.com.tr; ytbs.teias.gov.tr,false,
2022-01-06 16:00:00,Turkey,Turkey,TR,338.89,404.05,40.56,40.47,epias.com.tr; ytbs.teias.gov.tr,false,
2022-01-06 17:00:00,Turkey,Turkey,TR,346.3,412.61,39.12,39.01,epias.com.tr; ytbs.teias.gov.tr,false,
2022-01-06 18:00:00,Turkey,Turkey,TR,359.02,427.18,36.72,36.59,epias.com.tr; ytbs.teias.gov.tr,false,
2022-01-06 19:00:00,Turkey,Turkey,TR,360.42,427.51,37.33,37.11,epias.com.tr; ytbs.teias.gov.tr,false,
2022-01-06 20:00:00,Turkey,Turkey,TR,365.4,430.87,37.93,37.7,epias.com.tr; ytbs.teias.gov.tr,false,
2022-01-06 21:00:00,Turkey,Turkey,TR,376.36,441.65,37.04,36.71,epias.com.tr,false,
2022-01-06 22:00:00,Turkey,Turkey,TR,401.51,469.27,32.99,32.58,epias.com.tr; ytbs.teias.gov.tr,false,
2022-01-06 23:00:00,Turkey,Turkey,TR,419.23,489.6,29.67,29.1,epias.com.tr; ytbs.teias.gov.tr,false,
2022-01-07 00:00:00,Turkey,Turkey,TR,433.86,505.73,27.39,26.77,epias.com.tr; ytbs.teias.gov.tr,false,
2022-01-07 01:00:00,Turkey,Turkey,TR,444.52,517.67,25.66,25.08,epias.com.tr; ytbs.teias.gov.tr,false,
2022-01-07 02:00:00,Turkey,Turkey,TR,451.76,526.28,24.19,23.61,epias.com.tr; ytbs.teias.gov.tr,false,
2022-01-07 03:00:00,Turkey,Turkey,TR,457.69,534.47,22.24,21.68,epias.com.tr; ytbs.teias.gov.tr,false,
2022-01-07 04:00:00,Turkey,Turkey,TR,460.43,539.51,20.49,19.96,epias.com.tr; ytbs.teias.gov.tr,false,
2022-01-07 05:00:00,Turkey,Turkey,TR,443.79,521.81,22.64,22.14,epias.com.tr; ytbs.teias.gov.tr,false,
2022-01-07 06:00:00,Turkey,Turkey,TR,402.52,477.35,28.59,28.21,epias.com.tr; ytbs.teias.gov.tr,false,
2022-01-07 07:00:00,Turkey,Turkey,TR,379.56,451.64,32.51,32.16,epias.com.tr; ytbs.teias.gov.tr,false,
2022-01-07 08:00:00,Turkey,Turkey,TR,376.45,448.1,33.05,32.69,epias.com.tr; ytbs.teias.gov.tr,false,
2022-01-07 09:00:00,Turkey,Turkey,TR,371.51,442.38,34.13,33.77,epias.com.tr; ytbs.teias.gov.tr,false,
2022-01-07 10:00:00,Turkey,Turkey,TR,388.05,461.26,31.13,30.82,epias.com.tr; ytbs.teias.gov.tr,false,
2022-01-07 11:00:00,Turkey,Turkey,TR,396.73,471.26,29.44,29.13,epias.com.tr; ytbs.teias.gov.tr,false,
2022-01-07 12:00:00,Turkey,Turkey,TR,383.73,456.69,31.69,31.42,epias.com.tr; ytbs.teias.gov.tr,false,
2022-01-07 13:00:00,Turkey,Turkey,TR,385.98,458.52,31.76,31.5,epias.com.tr; ytbs.teias.gov.tr,false,
2022-01-07 14:00:00,Turkey,Turkey,TR,387.17,460.13,31.31,31.06,epias.com.tr; ytbs.teias.gov.tr,false,
2022-01-07 15:00:00,Turkey,Turkey,TR,380.41,452.45,32.5,32.29,epias.com.tr; ytbs.teias.gov.tr,false,
2022-01-07 16:00:00,Turkey,Turkey,TR,377.32,448.83,33.17,32.95,epias.com.tr; ytbs.teias.gov.tr,false,
2022-01-07 17:00:00,Turkey,Turkey,TR,387.76,460.61,31.28,31.03,epias.com.tr; ytbs.teias.gov.tr,false,
2022-01-07 18:00:00,Turkey,Turkey,TR,398.14,471.88,29.73,29.43,epias.com.tr; ytbs.teias.gov.tr,false,
2022-01-07 19:00:00,Turkey,Turkey,TR,404.94,479.76,28.41,28.09,epias.com.tr; ytbs.teias.gov.tr,false,
2022-01-07 20:00:00,Turkey,Turkey,TR,405.06,477.81,29.76,29.39,epias.com.tr; ytbs.teias.gov.tr,false,
2022-01-07 21:00:00,Turkey,Turkey,TR,407.11,478.46,30.47,30.03,epias.com.tr,false,
2022-01-07 22:00:00,Turkey,Turkey,TR,425.92,498.47,27.98,27.47,epias.com.tr; ytbs.teias.gov.tr,false,
2022-01-07 23:00:00,Turkey,Turkey,TR,447.95,522.66,24.5,23.91,epias.com.tr; ytbs.teias.gov.tr,false,
2022-01-08 00:00:00,Turkey,Turkey,TR,466.51,543.8,21.09,20.49,epias.com.tr; ytbs.teias.gov.tr,false,
2022-01-08 01:00:00,Turkey,Turkey,TR,476.82,555.4,19.3,18.7,epias.com.tr; ytbs.teias.gov.tr,false,
2022-01-08 02:00:00,Turkey,Turkey,TR,474.28,552.78,19.62,19.03,epias.com.tr; ytbs.teias.gov.tr,false,
2022-01-08 03:00:00,Turkey,Turkey,TR,474.06,553.12,19.24,18.66,epias.com.tr; ytbs.teias.gov.tr,false,
2022-01-08 04:00:00,Turkey,Turkey,TR,470.52,549.62,19.55,18.96,epias.com.tr; ytbs.teias.gov.tr,false,
2022-01-08 05:00:00,Turkey,Turkey,TR,461.0,539.49,20.82,20.28,epias.com.tr; ytbs.teias.gov.tr,false,
2022-01-08 06:00:00,Turkey,Turkey,TR,435.07,511.39,24.67,24.22,epias.com.tr; ytbs.teias.gov.tr,false,
2022-01-08 07:00:00,Turkey,Turkey,TR,417.75,492.44,27.33,26.94,epias.com.tr; ytbs.teias.gov.tr,false,
2022-01-08 08:00:00,Turkey,Turkey,TR,410.65,484.2,28.75,28.37,epias.com.tr; ytbs.teias.gov.tr,false,
2022-01-08 09:00:00,Turkey,Turkey,TR,412.47,485.68,28.81,28.39,epias.com.tr; ytbs.teias.gov.tr,false,
2022-01-08 10:00:00,Turkey,Turkey,TR,420.65,493.64,28.2,27.74,epias.com.tr; ytbs.teias.gov.tr,false,
2022-01-08 11:00:00,Turkey,Turkey,TR,421.14,494.7,27.84,27.39,epias.com.tr; ytbs.teias.gov.tr,false,
2022-01-08 12:00:00,Turkey,Turkey,TR,419.95,493.01,28.17,27.69,epias.com.tr; ytbs.teias.gov.tr,false,
2022-01-08 13:00:00,Turkey,Turkey,TR,421.2,494.55,27.83,27.35,epias.com.tr; ytbs.teias.gov.tr,false,
2022-01-08 14:00:00,Turkey,Turkey,TR,415.6,488.48,28.71,28.26,epias.com.tr; ytbs.teias.gov.tr,false,
2022-01-08 15:00:00,Turkey,Turkey,TR,400.13,471.72,31.01,30.62,epias.com.tr; ytbs.teias.gov.tr,false,
2022-01-08 16:00:00,Turkey,Turkey,TR,391.13,462.36,32.06,31.71,epias.com.tr; ytbs.teias.gov.tr,false,
2022-01-08 17:00:00,Turkey,Turkey,TR,395.65,466.76,31.69,31.32,epias.com.tr; ytbs.teias.gov.tr,false,
2022-01-08 18:00:00,Turkey,Turkey,TR,404.51,476.11,30.52,30.12,epias.com.tr; ytbs.teias.gov.tr,false,
2022-01-08 19:00:00,Turkey,Turkey,TR,408.42,479.59,30.45,30.01,epias.com.tr; ytbs.teias.gov.tr,false,
2022-01-08 20:00:00,Turkey,Turkey,TR,401.64,469.61,33.21,32.76,epias.com.tr; ytbs.teias.gov.tr,false,
2022-01-08 21:00:00,Turkey,Turkey,TR,404.64,471.61,33.73,33.22,epias.com.tr,false,
2022-01-08 22:00:00,Turkey,Turkey,TR,431.93,502.77,28.59,28.02,epias.com.tr; ytbs.teias.gov.tr,false,
2022-01-08 23:00:00,Turkey,Turkey,TR,451.9,525.63,24.79,24.26,epias.com.tr; ytbs.teias.gov.tr,false,
2022-01-09 00:00:00,Turkey,Turkey,TR,465.24,538.39,23.66,23.02,epias.com.tr; ytbs.teias.gov.tr,false,
2022-01-09 01:00:00,Turkey,Turkey,TR,469.88,541.87,23.94,23.31,epias.com.tr; ytbs.teias.gov.tr,false,
2022-01-09 02:00:00,Turkey,Turkey,TR,467.5,540.5,23.72,23.17,epias.com.tr; ytbs.teias.gov.tr,false,
2022-01-09 03:00:00,Turkey,Turkey,TR,473.77,547.25,22.82,22.31,epias.com.tr; ytbs.teias.gov.tr,false,
2022-01-09 04:00:00,Turkey,Turkey,TR,475.99,548.44,23.16,22.66,epias.com.tr; ytbs.teias.gov.tr,false,
2022-01-09 05:00:00,Turkey,Turkey,TR,468.26,538.6,25.26,24.78,epias.com.tr; ytbs.teias.gov.tr,false,
2022-01-09 06:00:00,Turkey,Turkey,TR,451.23,520.9,27.45,26.94,epias.com.tr; ytbs.teias.gov.tr,false,
2022-01-09 07:00:00,Turkey,Turkey,TR,437.28,507.2,28.63,28.18,epias.com.tr; ytbs.teias.gov.tr,false,
2022-01-09 08:00:00,Turkey,Turkey,TR,432.23,501.65,29.39,28.97,epias.com.tr; ytbs.teias.gov.tr,false,
2022-01-09 09:00:00,Turkey,Turkey,TR,435.41,506.75,27.78,27.32,epias.com.tr; ytbs.teias.gov.tr,false,
2022-01-09 10:00:00,Turkey,Turkey,TR,440.59,513.66,26.22,25.78,epias.com.tr; ytbs.teias.gov.tr,false,
2022-01-09 11:00:00,Turkey,Turkey,TR,444.93,518.16,25.62,25.14,epias.com.tr; ytbs.teias.gov.tr,false,
2022-01-09 12:00:00,Turkey,Turkey,TR,448.97,522.64,24.9,24.45,epias.com.tr; ytbs.teias.gov.tr,false,
2022-01-09 13:00:00,Turkey,Turkey,TR,445.1,518.02,25.69,25.24,epias.com.tr; ytbs.teias.gov.tr,false,
2022-01-09 14:00:00,Turkey,Turkey,TR,435.44,507.56,27.11,26.7,epias.com.tr; ytbs.teias.gov.tr,false,
2022-01-09 15:00:00,Turkey,Turkey,TR,414.11,484.04,30.64,30.29,epias.com.tr; ytbs.teias.gov.tr,false,
2022-01-09 16:00:00,Turkey,Turkey,TR,401.23,470.62,32.21,31.9,epias.com.tr; ytbs.teias.gov.tr,false,
2022-01-09 17:00:00,Turkey,Turkey,TR,403.86,473.43,31.87,31.55,epias.com.tr; ytbs.teias.gov.tr,false,
2022-01-09 18:00:00,Turkey,Turkey,TR,409.75,479.89,31.0,30.67,epias.com.tr; ytbs.teias.gov.tr,false,
2022-01-09 19:00:00,Turkey,Turkey,TR,415.05,485.12,30.58,30.22,epias.com.tr; ytbs.teias.gov.tr,false,
2022-01-09 20:00:00,Turkey,Turkey,TR,420.99,490.26,30.6,30.21,epias.com.tr; ytbs.teias.gov.tr,false,
2022-01-09 21:00:00,Turkey,Turkey,TR,431.26,500.89,29.37,28.92,epias.com.tr,false,
2022-01-09 22:00:00,Turkey,Turkey,TR,447.59,519.59,26.29,25.75,epias.com.tr; ytbs.teias.gov.tr,false,
2022-01-09 23:00:00,Turkey,Turkey,TR,457.93,530.54,25.01,24.39,epias.com.tr; ytbs.teias.gov.tr,false,
2022-01-10 00:00:00,Turkey,Turkey,TR,463.39,535.8,24.76,24.15,epias.com.tr; ytbs.teias.gov.tr,false,
2022-01-10 01:00:00,Turkey,Turkey,TR,461.86,532.62,26.01,25.4,epias.com.tr; ytbs.teias.gov.tr,false,
2022-01-10 02:00:00,Turkey,Turkey,TR,464.14,534.73,25.93,25.3,epias.com.tr; ytbs.teias.gov.tr,false,
2022-01-10 03:00:00,Turkey,Turkey,TR,464.5,535.88,25.39,24.79,epias.com.tr; ytbs.teias.gov.tr,false,
2022-01-10 04:00:00,Turkey,Turkey,TR,458.44,531.27,24.91,24.37,epias.com.tr; ytbs.teias.gov.tr,false,
2022-01-10 05:00:00,Turkey,Turkey,TR,455.46,530.75,23.28,22.91,epias.com.tr; ytbs.teias.gov.tr,false,
2022-01-10 06:00:00,Turkey,Turkey,TR,421.91,496.87,26.47,26.22,epias.com.tr; ytbs.teias.gov.tr,false,
2022-01-10 07:00:00,Turkey,Turkey,TR,398.06,470.89,30.08,29.92,epias.com.tr; ytbs.teias.gov.tr,false,
2022-01-10 08:00:00,Turkey,Turkey,TR,392.51,464.33,31.21,31.05,epias.com.tr; ytbs.teias.gov.tr,false,
2022-01-10 09:00:00,Turkey,Turkey,TR,386.81,457.56,32.47,32.3,epias.com.tr; ytbs.teias.gov.tr,false,
2022-01-10 10:00:00,Turkey,Turkey,TR,402.57,474.83,29.99,29.73,epias.com.tr; ytbs.teias.gov.tr,false,
2022-01-10 11:00:00,Turkey,Turkey,TR,403.35,475.96,29.75,29.47,epias.com.tr; ytbs.teias.gov.tr,false,
2022-01-10 12:00:00,Turkey,Turkey,TR,396.01,467.87,30.9,30.63,epias.com.tr; ytbs.teias.gov.tr,false,
2022-01-10 13:00:00,Turkey,Turkey,TR,392.29,464.39,31.17,30.92,epias.com.tr; ytbs.teias.gov.tr,false,
2022-01-10 14:00:00,Turkey,Turkey,TR,385.77,456.89,32.38,32.12,epias.com.tr; ytbs.teias.gov.tr,false,
2022-01-10 15:00:00,Turkey,Turkey,TR,382.1,452.23,33.39,33.14,epias.com.tr; ytbs.teias.gov.tr,false,
2022-01-10 16:00:00,Turkey,Turkey,TR,385.23,455.29,33.1,32.86,epias.com.tr; ytbs.teias.gov.tr,false,
2022-01-10 17:00:00,Turkey,Turkey,TR,390.61,460.26,32.78,32.51,epias.com.tr; ytbs.teias.gov.tr,false,
2022-01-10 18:00:00,Turkey,Turkey,TR,396.98,466.78,31.95,31.66,epias.com.tr; ytbs.teias.gov.tr,false,
2022-01-10 19:00:00,Turkey,Turkey,TR,399.53,468.31,32.26,31.94,epias.com.tr; ytbs.teias.gov.tr,false,
2022-01-10 20:00:00,Turkey,Turkey,TR,405.18,473.42,32.06,31.74,epias.com.tr; ytbs.teias.gov.tr,false,
2022-01-10 21:00:00,Turkey,Turkey,TR,410.85,478.21,32.07,31.62,epias.com.tr,false,
2022-01-10 22:00:00,Turkey,Turkey,TR,415.23,481.42,32.49,31.85,epias.com.tr; ytbs.teias.gov.tr,false,
2022-01-10 23:00:00,Turkey,Turkey,TR,423.6,489.98,31.58,30.92,epias.com.tr; ytbs.teias.gov.tr,false,
2022-01-11 00:00:00,Turkey,Turkey,TR,426.03,490.37,32.72,31.97,epias.com.tr; ytbs.teias.gov.tr,false,
2022-01-11 01:00:00,Turkey,Turkey,TR,425.36,489.82,32.82,32.07,epias.com.tr; ytbs.teias.gov.tr,false,
2022-01-11 02:00:00,Turkey,Turkey,TR,417.4,481.56,33.8,33.05,epias.com.tr; ytbs.teias.gov.tr,false,
2022-01-11 03:00:00,Turkey,Turkey,TR,419.84,484.33,33.31,32.75,epias.com.tr; ytbs.teias.gov.tr,false,
2022-01-11 04:00:00,Turkey,Turkey,TR,411.27,475.7,34.09,33.72,epias.com.tr; ytbs.teias.gov.tr,false,
2022-01-11 05:00:00,Turkey,Turkey,TR,411.84,479.23,31.94,31.67,epias.com.tr; ytbs.teias.gov.tr,false,
2022-01-11 06:00:00,Turkey,Turkey,TR,390.5,458.8,33.31,33.08,epias.com.tr; ytbs.teias.gov.tr,false,
2022-01-11 07:00:00,Turkey,Turkey,TR,370.28,436.64,36.51,36.34,epias.com.tr; ytbs.teias.gov.tr,false,
2022-01-11 08:00:00,Turkey,Turkey,TR,365.7,431.96,37.03,36.85,epias.com.tr; ytbs.teias.gov.tr,false,
2022-01-11 09:00:00,Turkey,Turkey,TR,363.04,429.15,37.4,37.21,epias.com.tr; ytbs.teias.gov.tr,false,
2022-01-11 10:00:00,Turkey,Turkey,TR,375.34,442.49,35.48,35.24,epias.com.tr; ytbs.teias.gov.tr,false,
2022-01-11 11:00:00,Turkey,Turkey,TR,376.27,443.57,35.28,35.03,epias.com.tr; ytbs.teias.gov.tr,false,
2022-01-11 12:00:00,Turkey,Turkey,TR,371.35,437.93,36.19,35.95,epias.com.tr; ytbs.teias.gov.tr,false,
2022-01-11 13:00:00,Turkey,Turkey,TR,372.29,438.96,36.04,35.8,epias.com.tr; ytbs.teias.gov.tr,false,
2022-01-11 14:00:00,Turkey,Turkey,TR,368.47,434.34,36.92,36.69,epias.com.tr; ytbs.teias.gov.tr,false,
2022-01-11 15:00:00,Turkey,Turkey,TR,358.51,423.12,38.69,38.49,epias.com.tr; ytbs.teias.gov.tr,false,
2022-01-11 16:00:00,Turkey,Turkey,TR,357.48,420.85,39.65,39.45,epias.com.tr; ytbs.teias.gov.tr,false,
2022-01-11 17:00:00,Turkey,Turkey,TR,356.36,418.98,40.33,40.1,epias.com.tr; ytbs.teias.gov.tr,false,
2022-01-11 18:00:00,Turkey,Turkey,TR,364.35,427.31,39.33,39.05,epias.com.tr; ytbs.teias.gov.tr,false,
2022-01-11 19:00:00,Turkey,Turkey,TR,366.9,430.79,38.57,38.27,epias.com.tr; ytbs.teias.gov.tr,false,
2022-01-11 20:00:00,Turkey,Turkey,TR,371.29,435.45,38.0,37.61,epias.com.tr; ytbs.teias.gov.tr,false,
2022-01-11 21:00:00,Turkey,Turkey,TR,383.89,448.38,36.64,36.18,epias.com.tr,false,
2022-01-11 22:00:00,Turkey,Turkey,TR,397.17,462.22,35.14,34.61,epias.com.tr; ytbs.teias.gov.tr,false,
2022-01-11 23:00:00,Turkey,Turkey,TR,400.01,464.78,35.17,34.6,epias.com.tr; ytbs.teias.gov.tr,false,
2022-01-12 00:00:00,Turkey,Turkey,TR,408.32,473.02,34.43,33.81,epias.com.tr; ytbs.teias.gov.tr,false,
2022-01-12 01:00:00,Turkey,Turkey,TR,407.8,471.08,35.36,34.71,epias.com.tr; ytbs.teias.gov.tr,false,
2022-01-12 02:00:00,Turkey,Turkey,TR,405.91,468.67,35.85,35.27,epias.com.tr; ytbs.teias.gov.tr,false,
2022-01-12 03:00:00,Turkey,Turkey,TR,402.6,465.38,36.1,35.7,epias.com.tr; ytbs.teias.gov.tr,false,
2022-01-12 04:00:00,Turkey,Turkey,TR,394.84,458.54,36.13,35.85,epias.com.tr; ytbs.teias.gov.tr,false,
2022-01-12 05:00:00,Turkey,Turkey,TR,388.21,454.03,35.26,34.94,epias.com.tr; ytbs.teias.gov.tr,false,
2022-01-12 06:00:00,Turkey,Turkey,TR,375.98,445.22,34.04,33.82,epias.com.tr; ytbs.teias.gov.tr,false,
2022-01-12 07:00:00,Turkey,Turkey,TR,355.59,422.52,37.45,37.21,epias.com.tr; ytbs.teias.gov.tr,false,
2022-01-12 08:00:00,Turkey,Turkey,TR,347.05,412.47,39.28,38.99,epias.com.tr; ytbs.teias.gov.tr,false,
2022-01-12 09:00:00,Turkey,Turkey,TR,343.1,407.97,39.98,39.64,epias.com.tr; ytbs.teias.gov.tr,false,
2022-01-12 10:00:00,Turkey,Turkey,TR,354.63,420.96,37.93,37.57,epias.com.tr; ytbs.teias.gov.tr,false,
2022-01-12 11:00:00,Turkey,Turkey,TR,360.69,427.62,36.91,36.6,epias.com.tr; ytbs.teias.gov.tr,false,
2022-01-12 12:00:00,Turkey,Turkey,TR,367.15,433.72,36.5,36.21,epias.com.tr; ytbs.teias.gov.tr,false,
2022-01-12 13:00:00,Turkey,Turkey,TR,368.27,434.78,36.45,36.19,epias.com.tr; ytbs.teias.gov.tr,false,
2022-01-12 14:00:00,Turkey,Turkey,TR,366.86,433.51,36.53,36.39,epias.com.tr; ytbs.teias.gov.tr,false,
2022-01-12 15:00:00,Turkey,Turkey,TR,359.9,425.18,38.1,37.98,epias.com.tr; ytbs.teias.gov.tr,false,
2022-01-12 16:00:00,Turkey,Turkey,TR,362.76,428.2,37.75,37.6,epias.com.tr; ytbs.teias.gov.tr,false,
2022-01-12 17:00:00,Turkey,Turkey,TR,369.82,435.26,37.06,36.88,epias.com.tr; ytbs.teias.gov.tr,false,
2022-01-12 18:00:00,Turkey,Turkey,TR,372.44,437.55,37.01,36.78,epias.com.tr; ytbs.teias.gov.tr,false,
2022-01-12 19:00:00,Turkey,Turkey,TR,371.77,437.01,37.05,36.8,epias.com.tr; ytbs.teias.gov.tr,false,
2022-01-12 20:00:00,Turkey,Turkey,TR,369.39,433.46,38.04,37.76,epias.com.tr; ytbs.teias.gov.tr,false,
2022-01-12 21:00:00,Turkey,Turkey,TR,375.25,438.37,38.19,37.87,epias.com.tr,false,
2022-01-12 22:00:00,Turkey,Turkey,TR,394.27,457.75,36.22,35.85,epias.com.tr; ytbs.teias.gov.tr,false,
2022-01-12 23:00:00,Turkey,Turkey,TR,402.34,465.01,36.03,35.61,epias.com.tr; ytbs.teias.gov.tr,false,
2022-01-13 00:00:00,Turkey,Turkey,TR,410.69,473.17,35.4,34.92,epias.com.tr; ytbs.teias.gov.tr,false,
2022-01-13 01:00:00,Turkey,Turkey,TR,412.88,474.97,35.5,35.0,epias.com.tr; ytbs.teias.gov.tr,false,
2022-01-13 02:00:00,Turkey,Turkey,TR,406.83,468.83,36.2,35.74,epias.com.tr; ytbs.teias.gov.tr,false,
2022-01-13 03:00:00,Turkey,Turkey,TR,406.36,468.99,35.85,35.48,epias.com.tr; ytbs.teias.gov.tr,false,
2022-01-13 04:00:00,Turkey,Turkey,TR,406.28,470.55,34.8,34.52,epias.com.tr; ytbs.teias.gov.tr,false,
2022-01-13 05:00:00,Turkey,Turkey,TR,408.85,476.48,32.2,32.0,epias.com.tr; ytbs.teias.gov.tr,false,
2022-01-13 06:00:00,Turkey,Turkey,TR,397.3,467.62,31.35,31.22,epias.com.tr; ytbs.teias.gov.tr,false,
2022-01-13 07:00:00,Turkey,Turkey,TR,379.47,449.29,33.41,33.31,epias.com.tr; ytbs.teias.gov.tr,false,
2022-01-13 08:00:00,Turkey,Turkey,TR,374.81,444.28,33.98,33.89,epias.com.tr; ytbs.teias.gov.tr,false,
2022-01-13 09:00:00,Turkey,Turkey,TR,367.54,435.34,35.77,35.62,epias.com.tr; ytbs.teias.gov.tr,false,
2022-01-13 10:00:00,Turkey,Turkey,TR,376.36,444.19,34.88,34.72,epias.com.tr; ytbs.teias.gov.tr,false,
2022-01-13 11:00:00,Turkey,Turkey,TR,375.11,442.91,35.04,34.94,epias.com.tr; ytbs.teias.gov.tr,false,
2022-01-13 12:00:00,Turkey,Turkey,TR,370.78,438.4,35.55,35.45,epias.com.tr; ytbs.teias.gov.tr,false,
2022-01-13 13:00:00,Turkey,Turkey,TR,368.68,435.88,36.06,35.94,epias.com.tr; ytbs.teias.gov.tr,false,
2022-01-13 14:00:00,Turkey,Turkey,TR,367.55,434.97,36.01,35.9,epias.com.tr; ytbs.teias.gov.tr,false,
2022-01-13 15:00:00,Turkey,Turkey,TR,365.66,433.09,36.2,35.96,epias.com.tr; ytbs.teias.gov.tr,false,
2022-01-13 16:00:00,Turkey,Turkey,TR,362.66,429.57,36.93,36.78,epias.com.tr; ytbs.teias.gov.tr,false,
2022-01-13 17:00:00,Turkey,Turkey,TR,355.99,422.35,38.0,37.82,epias.com.tr; ytbs.teias.gov.tr,false,
2022-01-13 18:00:00,Turkey,Turkey,TR,371.42,439.83,35.17,34.94,epias.com.tr; ytbs.teias.gov.tr,false,
2022-01-13 19:00:00,Turkey,Turkey,TR,378.33,446.55,34.65,34.28,epias.com.tr; ytbs.teias.gov.tr,false,
2022-01-13 20:00:00,Turkey,Turkey,TR,379.5,446.31,35.52,35.09,epias.com.tr; ytbs.teias.gov.tr,false,
2022-01-13 21:00:00,Turkey,Turkey,TR,385.84,453.06,34.74,34.24,epias.com.tr,false,
2022-01-13 22:00:00,Turkey,Turkey,TR,396.87,463.69,34.06,33.48,epias.com.tr; ytbs.teias.gov.tr,false,
2022-01-13 23:00:00,Turkey,Turkey,TR,405.68,472.84,33.17,32.56,epias.com.tr; ytbs.teias.gov.tr,false,
2022-01-14 00:00:00,Turkey,Turkey,TR,413.53,480.94,32.34,31.74,epias.com.tr; ytbs.teias.gov.tr,false,
2022-01-14 01:00:00,Turkey,Turkey,TR,426.64,493.08,31.7,31.1,epias.com.tr; ytbs.teias.gov.tr,false,
2022-01-14 02:00:00,Turkey,Turkey,TR,430.31,497.31,30.95,30.33,epias.com.tr; ytbs.teias.gov.tr,false,
2022-01-14 03:00:00,Turkey,Turkey,TR,434.95,502.47,30.13,29.55,epias.com.tr; ytbs.teias.gov.tr,false,
2022-01-14 04:00:00,Turkey,Turkey,TR,438.35,508.8,27.91,27.39,epias.com.tr; ytbs.teias.gov.tr,false,
2022-01-14 05:00:00,Turkey,Turkey,TR,434.46,507.03,26.76,26.36,epias.com.tr; ytbs.teias.gov.tr,false,
2022-01-14 06:00:00,Turkey,Turkey,TR,416.61,491.59,26.81,26.54,epias.com.tr; ytbs.teias.gov.tr,false,
2022-01-14 07:00:00,Turkey,Turkey,TR,399.09,473.05,29.21,28.96,epias.com.tr; ytbs.teias.gov.tr,false,
2022-01-14 08:00:00,Turkey,Turkey,TR,402.29,476.84,28.6,28.28,epias.com.tr; ytbs.teias.gov.tr,false,
2022-01-14 09:00:00,Turkey,Turkey,TR,399.21,472.65,29.72,29.36,epias.com.tr; ytbs.teias.gov.tr,false,
2022-01-14 10:00:00,Turkey,Turkey,TR,413.58,487.08,28.36,27.96,epias.com.tr; ytbs.teias.gov.tr,false,
2022-01-14 11:00:00,Turkey,Turkey,TR,422.31,495.77,27.69,27.29,epias.com.tr; ytbs.teias.gov.tr,false,
2022-01-14 12:00:00,Turkey,Turkey,TR,411.51,484.89,28.67,28.28,epias.com.tr; ytbs.teias.gov.tr,false,
2022-01-14 13:00:00,Turkey,Turkey,TR,410.17,484.02,28.5,28.12,epias.com.tr; ytbs.teias.gov.tr,false,
2022-01-14 14:00:00,Turkey,Turkey,TR,406.67,481.49,28.15,27.81,epias.com.tr; ytbs.teias.gov.tr,false,
2022-01-14 15:00:00,Turkey,Turkey,TR,395.12,468.78,29.92,29.6,epias.com.tr; ytbs.teias.gov.tr,false,
2022-01-14 16:00:00,Turkey,Turkey,TR,391.43,464.54,30.59,30.3,epias.com.tr; ytbs.teias.gov.tr,false,
2022-01-14 17:00:00,Turkey,Turkey,TR,395.04,467.38,30.77,30.44,epias.com.tr; ytbs.teias.gov.tr,false,
2022-01-14 18:00:00,Turkey,Turkey,TR,407.12,480.85,28.71,28.35,epias.com.tr; ytbs.teias.gov.tr,false,
2022-01-14 19:00:00,Turkey,Turkey,TR,412.91,486.47,28.26,27.89,epias.com.tr; ytbs.teias.gov.tr,false,
2022-01-14 20:00:00,Turkey,Turkey,TR,417.24,490.52,28.05,27.62,epias.com.tr; ytbs.teias.gov.tr,false,
2022-01-14 21:00:00,Turkey,Turkey,TR,424.29,497.43,27.51,27.03,epias.com.tr,false,
2022-01-14 22:00:00,Turkey,Turkey,TR,440.49,515.39,24.82,24.26,epias.com.tr; ytbs.teias.gov.tr,false,
2022-01-14 23:00:00,Turkey,Turkey,TR,452.48,528.72,22.96,22.39,epias.com.tr; ytbs.teias.gov.tr,false,
2022-01-15 00:00:00,Turkey,Turkey,TR,459.0,534.73,22.82,22.23,epias.com.tr; ytbs.teias.gov.tr,false,
2022-01-15 01:00:00,Turkey,Turkey,TR,461.55,537.96,22.29,21.71,epias.com.tr; ytbs.teias.gov.tr,false,
2022-01-15 02:00:00,Turkey,Turkey,TR,460.24,535.83,22.95,22.4,epias.com.tr; ytbs.teias.gov.tr,false,
2022-01-15 03:00:00,Turkey,Turkey,TR,454.66,529.56,23.9,23.38,epias.com.tr; ytbs.teias.gov.tr,false,
2022-01-15 04:00:00,Turkey,Turkey,TR,453.23,527.19,24.49,23.95,epias.com.tr; ytbs.teias.gov.tr,false,
2022-01-15 05:00:00,Turkey,Turkey,TR,438.3,509.22,27.71,27.24,epias.com.tr; ytbs.teias.gov.tr,false,
2022-01-15 06:00:00,Turkey,Turkey,TR,423.54,493.42,29.51,29.13,epias.com.tr; ytbs.teias.gov.tr,false,
2022-01-15 07:00:00,Turkey,Turkey,TR,408.59,477.78,31.3,30.96,epias.com.tr; ytbs.teias.gov.tr,false,
2022-01-15 08:00:00,Turkey,Turkey,TR,401.71,470.32,32.23,31.96,epias.com.tr; ytbs.teias.gov.tr,false,
2022-01-15 09:00:00,Turkey,Turkey,TR,398.01,466.36,32.72,32.4,epias.com.tr; ytbs.teias.gov.tr,false,
2022-01-15 10:00:00,Turkey,Turkey,TR,398.77,466.15,33.37,33.03,epias.com.tr; ytbs.teias.gov.tr,false,
2022-01-15 11:00:00,Turkey,Turkey,TR,393.95,460.33,34.45,34.08,epias.com.tr; ytbs.teias.gov.tr,false,
2022-01-15 12:00:00,Turkey,Turkey,TR,392.03,457.78,35.08,34.71,epias.com.tr; ytbs.teias.gov.tr,false,
2022-01-15 13:00:00,Turkey,Turkey,TR,393.65,459.74,34.67,34.32,epias.com.tr; ytbs.teias.gov.tr,false,
2022-01-15 14:00:00,Turkey,Turkey,TR,393.89,460.32,34.38,33.99,epias.com.tr; ytbs.teias.gov.tr,false,
2022-01-15 15:00:00,Turkey,Turkey,TR,387.48,454.16,34.87,34.56,epias.com.tr; ytbs.teias.gov.tr,false,
2022-01-15 16:00:00,Turkey,Turkey,TR,376.68,442.62,36.38,36.11,epias.com.tr; ytbs.teias.gov.tr,false,
2022-01-15 17:00:00,Turkey,Turkey,TR,379.61,445.84,35.94,35.63,epias.com.tr; ytbs.teias.gov.tr,false,
2022-01-15 18:00:00,Turkey,Turkey,TR,387.24,454.2,34.79,34.45,epias.com.tr; ytbs.teias.gov.tr,false,
2022-01-15 19:00:00,Turkey,Turkey,TR,392.58,460.06,34.07,33.69,epias.com.tr; ytbs.teias.gov.tr,false,
2022-01-15 20:00:00,Turkey,Turkey,TR,397.37,464.59,33.77,33.37,epias.com.tr; ytbs.teias.gov.tr,false,
2022-01-15 21:00:00,Turkey,Turkey,TR,404.49,471.1,33.49,33.01,epias.com.tr,false,
2022-01-15 22:00:00,Turkey,Turkey,TR,422.63,491.24,30.5,30.0,epias.com.tr; ytbs.teias.gov.tr,false,
2022-01-15 23:00:00,Turkey,Turkey,TR,428.74,497.25,30.08,29.55,epias.com.tr; ytbs.teias.gov.tr,false,
2022-01-16 00:00:00,Turkey,Turkey,TR,433.83,501.79,29.97,29.42,epias.com.tr; ytbs.teias.gov.tr,false,
2022-01-16 01:00:00,Turkey,Turkey,TR,437.39,503.44,30.91,30.32,epias.com.tr; ytbs.teias.gov.tr,false,
2022-01-16 02:00:00,Turkey,Turkey,TR,428.23,491.78,33.48,32.88,epias.com.tr; ytbs.teias.gov.tr,false,
2022-01-16 03:00:00,Turkey,Turkey,TR,429.18,492.88,33.33,32.74,epias.com.tr; ytbs.teias.gov.tr,false,
2022-01-16 04:00:00,Turkey,Turkey,TR,427.64,490.87,33.74,33.16,epias.com.tr; ytbs.teias.gov.tr,false,
2022-01-16 05:00:00,Turkey,Turkey,TR,424.97,488.36,33.86,33.32,epias.com.tr; ytbs.teias.gov.tr,false,
2022-01-16 06:00:00,Turkey,Turkey,TR,423.06,486.49,34.03,33.55,epias.com.tr; ytbs.teias.gov.tr,false,
2022-01-16 07:00:00,Turkey,Turkey,TR,416.85,480.69,34.42,33.94,epias.com.tr; ytbs.teias.gov.tr,false,
2022-01-16 08:00:00,Turkey,Turkey,TR,408.9,473.68,34.66,34.16,epias.com.tr; ytbs.teias.gov.tr,false,
2022-01-16 09:00:00,Turkey,Turkey,TR,407.99,473.04,34.65,34.17,epias.com.tr; ytbs.teias.gov.tr,false,
2022-01-16 10:00:00,Turkey,Turkey,TR,404.92,469.16,35.47,35.01,epias.com.tr; ytbs.teias.gov.tr,false,
2022-01-16 11:00:00,Turkey,Turkey,TR,400.98,464.21,36.57,36.11,epias.com.tr; ytbs.teias.gov.tr,false,
2022-01-16 12:00:00,Turkey,Turkey,TR,404.53,468.14,36.0,35.61,epias.com.tr; ytbs.teias.gov.tr,false,
2022-01-16 13:00:00,Turkey,Turkey,TR,407.73,474.14,33.83,33.46,epias.com.tr; ytbs.teias.gov.tr,false,
2022-01-16 14:00:00,Turkey,Turkey,TR,419.67,489.21,30.52,30.21,epias.com.tr; ytbs.teias.gov.tr,false,
2022-01-16 15:00:00,Turkey,Turkey,TR,401.72,471.29,32.16,31.89,epias.com.tr; ytbs.teias.gov.tr,false,
2022-01-16 16:00:00,Turkey,Turkey,TR,384.98,453.68,34.29,34.07,epias.com.tr; ytbs.teias.gov.tr,false,
2022-01-16 17:00:00,Turkey,Turkey,TR,383.67,452.08,34.67,34.41,epias.com.tr; ytbs.teias.gov.tr,false,
2022-01-16 18:00:00,Turkey,Turkey,TR,393.66,463.63,32.76,32.49,epias.com.tr; ytbs.teias.gov.tr,false,
2022-01-16 19:00:00,Turkey,Turkey,TR,402.98,473.78,31.39,31.07,epias.com.tr; ytbs.teias.gov.tr,false,
2022-01-16 20:00:00,Turkey,Turkey,TR,409.73,480.66,30.74,30.36,epias.com.tr; ytbs.teias.gov.tr,false,
2022-01-16 21:00:00,Turkey,Turkey,TR,421.76,493.09,29.47,29.02,epias.com.tr,false,
2022-01-16 22:00:00,Turkey,Turkey,TR,438.63,511.83,26.67,26.14,epias.com.tr; ytbs.teias.gov.tr,false,
2022-01-16 23:00:00,Turkey,Turkey,TR,452.77,526.88,24.88,24.29,epias.com.tr; ytbs.teias.gov.tr,false,
2022-01-17 00:00:00,Turkey,Turkey,TR,461.09,536.6,23.17,22.53,epias.com.tr; ytbs.teias.gov.tr,false,
2022-01-17 01:00:00,Turkey,Turkey,TR,469.64,545.57,22.08,21.44,epias.com.tr; ytbs.teias.gov.tr,false,
2022-01-17 02:00:00,Turkey,Turkey,TR,470.54,545.98,22.28,21.59,epias.com.tr; ytbs.teias.gov.tr,false,
2022-01-17 03:00:00,Turkey,Turkey,TR,465.81,542.4,21.91,21.28,epias.com.tr; ytbs.teias.gov.tr,false,
2022-01-17 04:00:00,Turkey,Turkey,TR,458.33,535.28,22.28,21.74,epias.com.tr; ytbs.teias.gov.tr,false,
2022-01-17 05:00:00,Turkey,Turkey,TR,447.81,525.04,22.84,22.47,epias.com.tr; ytbs.teias.gov.tr,false,
2022-01-17 06:00:00,Turkey,Turkey,TR,416.45,492.95,26.11,25.9,epias.com.tr; ytbs.teias.gov.tr,false,
2022-01-17 07:00:00,Turkey,Turkey,TR,393.74,467.81,29.89,29.71,epias.com.tr; ytbs.teias.gov.tr,false,
2022-01-17 08:00:00,Turkey,Turkey,TR,396.73,471.08,29.47,29.25,epias.com.tr; ytbs.teias.gov.tr,false,
2022-01-17 09:00:00,Turkey,Turkey,TR,398.12,472.87,29.09,28.84,epias.com.tr; ytbs.teias.gov.tr,false,
2022-01-17 10:00:00,Turkey,Turkey,TR,410.38,485.91,27.49,27.23,epias.com.tr; ytbs.teias.gov.tr,false,
2022-01-17 11:00:00,Turkey,Turkey,TR,414.19,489.36,27.29,27.01,epias.com.tr; ytbs.teias.gov.tr,false,
2022-01-17 12:00:00,Turkey,Turkey,TR,408.6,483.08,28.23,27.96,epias.com.tr; ytbs.teias.gov.tr,false,
2022-01-17 13:00:00,Turkey,Turkey,TR,401.45,475.1,29.44,29.17,epias.com.tr; ytbs.teias.gov.tr,false,
2022-01-17 14:00:00,Turkey,Turkey,TR,393.02,465.77,30.76,30.46,epias.com.tr; ytbs.teias.gov.tr,false,
2022-01-17 15:00:00,Turkey,Turkey,TR,379.65,450.96,32.89,32.65,epias.com.tr; ytbs.teias.gov.tr,false,
2022-01-17 16:00:00,Turkey,Turkey,TR,377.25,447.42,33.71,33.43,epias.com.tr; ytbs.teias.gov.tr,false,
2022-01-17 17:00:00,Turkey,Turkey,TR,375.0,443.23,35.06,34.76,epias.com.tr; ytbs.teias.gov.tr,false,
2022-01-17 18:00:00,Turkey,Turkey,TR,384.8,454.12,33.34,33.01,epias.com.tr; ytbs.teias.gov.tr,false,
2022-01-17 19:00:00,Turkey,Turkey,TR,388.62,457.74,33.1,32.74,epias.com.tr; ytbs.teias.gov.tr,false,
2022-01-17 20:00:00,Turkey,Turkey,TR,395.67,465.34,32.15,31.75,epias.com.tr; ytbs.teias.gov.tr,false,
2022-01-17 21:00:00,Turkey,Turkey,TR,403.19,472.34,31.85,31.41,epias.com.tr,false,
2022-01-17 22:00:00,Turkey,Turkey,TR,425.98,496.61,28.73,28.22,epias.com.tr; ytbs.teias.gov.tr,false,
2022-01-17 23:00:00,Turkey,Turkey,TR,442.26,514.34,26.27,25.71,epias.com.tr; ytbs.teias.gov.tr,false,
2022-01-18 00:00:00,Turkey,Turkey,TR,451.26,523.45,25.46,24.87,epias.com.tr; ytbs.teias.gov.tr,false,
2022-01-18 01:00:00,Turkey,Turkey,TR,459.35,532.76,24.02,23.44,epias.com.tr; ytbs.teias.gov.tr,false,
2022-01-18 02:00:00,Turkey,Turkey,TR,457.41,531.27,23.97,23.41,epias.com.tr; ytbs.teias.gov.tr,false,
2022-01-18 03:00:00,Turkey,Turkey,TR,463.79,538.67,22.73,22.22,epias.com.tr; ytbs.teias.gov.tr,false,
2022-01-18 04:00:00,Turkey,Turkey,TR,460.76,536.6,22.27,21.79,epias.com.tr; ytbs.teias.gov.tr,false,
2022-01-18 05:00:00,Turkey,Turkey,TR,438.9,513.62,24.87,24.5,epias.com.tr; ytbs.teias.gov.tr,false,
2022-01-18 06:00:00,Turkey,Turkey,TR,410.31,484.67,27.53,27.26,epias.com.tr; ytbs.teias.gov.tr,false,
2022-01-18 07:00:00,Turkey,Turkey,TR,386.92,460.29,30.29,30.08,epias.com.tr; ytbs.teias.gov.tr,false,
2022-01-18 08:00:00,Turkey,Turkey,TR,378.63,450.34,32.13,31.91,epias.com.tr; ytbs.teias.gov.tr,false,
2022-01-18 09:00:00,Turkey,Turkey,TR,372.17,442.31,33.68,33.44,epias.com.tr; ytbs.teias.gov.tr,false,
2022-01-18 10:00:00,Turkey,Turkey,TR,378.1,448.53,32.93,32.68,epias.com.tr; ytbs.teias.gov.tr,false,
2022-01-18 11:00:00,Turkey,Turkey,TR,379.87,451.23,32.21,31.98,epias.com.tr; ytbs.teias.gov.tr,false,
2022-01-18 12:00:00,Turkey,Turkey,TR,376.7,448.05,32.57,32.36,epias.com.tr; ytbs.teias.gov.tr,false,
2022-01-18 13:00:00,Turkey,Turkey,TR,373.01,443.93,33.43,33.24,epias.com.tr; ytbs.teias.gov.tr,false,
2022-01-18 14:00:00,Turkey,Turkey,TR,376.45,447.88,32.86,32.67,epias.com.tr; ytbs.teias.gov.tr,false,
2022-01-18 15:00:00,Turkey,Turkey,TR,377.43,449.11,32.62,32.45,epias.com.tr; ytbs.teias.gov.tr,false,
2022-01-18 16:00:00,Turkey,Turkey,TR,378.75,450.45,32.49,32.3,epias.com.tr; ytbs.teias.gov.tr,false,
2022-01-18 17:00:00,Turkey,Turkey,TR,385.6,457.5,31.7,31.49,epias.com.tr; ytbs.teias.gov.tr,false,
2022-01-18 18:00:00,Turkey,Turkey,TR,395.26,468.34,29.99,29.75,epias.com.tr; ytbs.teias.gov.tr,false,
2022-01-18 19:00:00,Turkey,Turkey,TR,402.27,475.71,29.09,28.8,epias.com.tr; ytbs.teias.gov.tr,false,
2022-01-18 20:00:00,Turkey,Turkey,TR,407.82,480.91,28.82,28.46,epias.com.tr; ytbs.teias.gov.tr,false,
2022-01-18 21:00:00,Turkey,Turkey,TR,409.61,480.81,29.9,29.49,epias.com.tr,false,
2022-01-18 22:00:00,Turkey,Turkey,TR,418.03,488.82,29.37,28.9,epias.com.tr; ytbs.teias.gov.tr,false,
2022-01-18 23:00:00,Turkey,Turkey,TR,426.59,497.27,28.61,28.08,epias.com.tr; ytbs.teias.gov.tr,false,
2022-01-19 00:00:00,Turkey,Turkey,TR,428.19,496.37,30.03,29.51,epias.com.tr; ytbs.teias.gov.tr,false,
2022-01-19 01:00:00,Turkey,Turkey,TR,433.32,501.98,29.25,28.7,epias.com.tr; ytbs.teias.gov.tr,false,
2022-01-19 02:00:00,Turkey,Turkey,TR,423.99,492.0,30.63,30.04,epias.com.tr; ytbs.teias.gov.tr,false,
2022-01-19 03:00:00,Turkey,Turkey,TR,417.43,485.37,31.23,30.66,epias.com.tr; ytbs.teias.gov.tr,false,
2022-01-19 04:00:00,Turkey,Turkey,TR,418.63,487.38,30.45,29.88,epias.com.tr; ytbs.teias.gov.tr,false,
2022-01-19 05:00:00,Turkey,Turkey,TR,410.63,481.28,29.92,29.53,epias.com.tr; ytbs.teias.gov.tr,false,
2022-01-19 06:00:00,Turkey,Turkey,TR,401.3,474.41,29.07,28.83,epias.com.tr; ytbs.teias.gov.tr,false,
2022-01-19 07:00:00,Turkey,Turkey,TR,384.25,455.95,31.64,31.38,epias.com.tr; ytbs.teias.gov.tr,false,
2022-01-19 08:00:00,Turkey,Turkey,TR,379.58,450.65,32.46,32.18,epias.com.tr; ytbs.teias.gov.tr,false,
2022-01-19 09:00:00,Turkey,Turkey,TR,366.77,438.01,33.65,33.36,epias.com.tr; ytbs.teias.gov.tr,false,
2022-01-19 10:00:00,Turkey,Turkey,TR,369.56,440.78,33.34,33.01,epias.com.tr; ytbs.teias.gov.tr,false,
2022-01-19 11:00:00,Turkey,Turkey,TR,373.46,445.79,32.28,31.98,epias.com.tr; ytbs.teias.gov.tr,false,
2022-01-19 12:00:00,Turkey,Turkey,TR,373.27,445.94,32.16,31.87,epias.com.tr; ytbs.teias.gov.tr,false,
2022-01-19 13:00:00,Turkey,Turkey,TR,376.88,450.74,31.23,30.96,epias.com.tr; ytbs.teias.gov.tr,false,
2022-01-19 14:00:00,Turkey,Turkey,TR,384.39,457.83,30.84,30.64,epias.com.tr; ytbs.teias.gov.tr,false,
2022-01-19 15:00:00,Turkey,Turkey,TR,378.38,451.16,31.98,31.83,epias.com.tr; ytbs.teias.gov.tr,false,
2022-01-19 16:00:00,Turkey,Turkey,TR,382.66,456.28,31.16,31.0,epias.com.tr; ytbs.teias.gov.tr,false,
2022-01-19 17:00:00,Turkey,Turkey,TR,387.1,460.87,30.7,30.53,epias.com.tr; ytbs.teias.gov.tr,false,
2022-01-19 18:00:00,Turkey,Turkey,TR,395.11,469.62,29.46,29.27,epias.com.tr; ytbs.teias.gov.tr,false,
2022-01-19 19:00:00,Turkey,Turkey,TR,407.13,482.76,27.55,27.31,epias.com.tr; ytbs.teias.gov.tr,false,
2022-01-19 20:00:00,Turkey,Turkey,TR,411.7,486.09,27.96,27.67,epias.com.tr; ytbs.teias.gov.tr,false,
2022-01-19 21:00:00,Turkey,Turkey,TR,420.01,494.24,27.23,26.91,epias.com.tr,false,
2022-01-19 22:00:00,Turkey,Turkey,TR,439.4,515.85,23.97,23.56,epias.com.tr; ytbs.teias.gov.tr,false,
2022-01-19 23:00:00,Turkey,Turkey,TR,451.26,529.16,21.99,21.51,epias.com.tr; ytbs.teias.gov.tr,false,
2022-01-20 00:00:00,Turkey,Turkey,TR,459.91,537.37,21.44,20.93,epias.com.tr; ytbs.teias.gov.tr,false,
2022-01-20 01:00:00,Turkey,Turkey,TR,463.01,539.49,21.82,21.23,epias.com.tr; ytbs.teias.gov.tr,false,
2022-01-20 02:00:00,Turkey,Turkey,TR,458.92,534.21,23.0,22.44,epias.com.tr; ytbs.teias.gov.tr,false,
2022-01-20 03:00:00,Turkey,Turkey,TR,453.37,529.16,23.2,22.66,epias.com.tr; ytbs.teias.gov.tr,false,
2022-01-20 04:00:00,Turkey,Turkey,TR,454.63,531.0,22.66,22.24,epias.com.tr; ytbs.teias.gov.tr,false,
2022-01-20 05:00:00,Turkey,Turkey,TR,443.5,519.57,23.71,23.37,epias.com.tr; ytbs.teias.gov.tr,false,
2022-01-20 06:00:00,Turkey,Turkey,TR,417.56,493.41,26.08,25.86,epias.com.tr; ytbs.teias.gov.tr,false,
2022-01-20 07:00:00,Turkey,Turkey,TR,395.19,468.93,29.52,29.3,epias.com.tr; ytbs.teias.gov.tr,false,
2022-01-20 08:00:00,Turkey,Turkey,TR,385.5,457.89,31.37,31.14,epias.com.tr; ytbs.teias.gov.tr,false,
2022-01-20 09:00:00,Turkey,Turkey,TR,383.97,456.04,31.81,31.56,epias.com.tr; ytbs.teias.gov.tr,false,
2022-01-20 10:00:00,Turkey,Turkey,TR,394.77,467.96,29.95,29.66,epias.com.tr; ytbs.teias.gov.tr,false,
2022-01-20 11:00:00,Turkey,Turkey,TR,391.38,463.58,30.89,30.6,epias.com.tr; ytbs.teias.gov.tr,false,
2022-01-20 12:00:00,Turkey,Turkey,TR,385.28,456.69,31.97,31.68,epias.com.tr; ytbs.teias.gov.tr,false,
2022-01-20 13:00:00,Turkey,Turkey,TR,381.63,452.06,32.95,32.66,epias.com.tr; ytbs.teias.gov.tr,false,
2022-01-20 14:00:00,Turkey,Turkey,TR,377.85,447.93,33.5,33.28,epias.com.tr; ytbs.teias.gov.tr,false,
2022-01-20 15:00:00,Turkey,Turkey,TR,370.55,440.13,34.54,34.33,epias.com.tr; ytbs.teias.gov.tr,false,
2022-01-20 16:00:00,Turkey,Turkey,TR,367.19,436.45,34.98,34.73,epias.com.tr; ytbs.teias.gov.tr,false,
2022-01-20 17:00:00,Turkey,Turkey,TR,369.2,438.14,35.0,34.73,epias.com.tr; ytbs.teias.gov.tr,false,
2022-01-20 18:00:00,Turkey,Turkey,TR,373.22,442.21,34.55,34.27,epias.com.tr; ytbs.teias.gov.tr,false,
2022-01-20 19:00:00,Turkey,Turkey,TR,378.43,447.39,34.11,33.75,epias.com.tr; ytbs.teias.gov.tr,false,
2022-01-20 20:00:00,Turkey,Turkey,TR,388.05,457.08,33.13,32.73,epias.com.tr; ytbs.teias.gov.tr,false,
2022-01-20 21:00:00,Turkey,Turkey,TR,393.78,462.64,32.76,32.3,epias.com.tr,false,
2022-01-20 22:00:00,Turkey,Turkey,TR,400.59,466.94,33.78,33.28,epias.com.tr; ytbs.teias.gov.tr,false,
2022-01-20 23:00:00,Turkey,Turkey,TR,409.57,474.72,33.72,33.19,epias.com.tr; ytbs.teias.gov.tr,false,
2022-01-21 00:00:00,Turkey,Turkey,TR,411.05,474.23,34.96,34.39,epias.com.tr; ytbs.teias.gov.tr,false,
2022-01-21 01:00:00,Turkey,Turkey,TR,417.53,481.35,33.99,33.44,epias.com.tr; ytbs.teias.gov.tr,false,
2022-01-21 02:00:00,Turkey,Turkey,TR,417.16,481.45,33.81,33.27,epias.com.tr; ytbs.teias.gov.tr,false,
2022-01-21 03:00:00,Turkey,Turkey,TR,414.17,478.98,33.81,33.26,epias.com.tr; ytbs.teias.gov.tr,false,
2022-01-21 04:00:00,Turkey,Turkey,TR,419.18,486.23,31.93,31.51,epias.com.tr; ytbs.teias.gov.tr,false,
2022-01-21 05:00:00,Turkey,Turkey,TR,409.11,477.96,31.58,31.25,epias.com.tr; ytbs.teias.gov.tr,false,
2022-01-21 06:00:00,Turkey,Turkey,TR,358.17,422.79,39.21,39.11,epias.com.tr; ytbs.teias.gov.tr,false,
2022-01-21 07:00:00,Turkey,Turkey,TR,330.56,392.1,43.79,43.73,epias.com.tr; ytbs.teias.gov.tr,false,
2022-01-21 08:00:00,Turkey,Turkey,TR,325.28,386.06,44.75,44.67,epias.com.tr; ytbs.teias.gov.tr,false,
2022-01-21 09:00:00,Turkey,Turkey,TR,321.92,381.84,45.61,45.52,epias.com.tr; ytbs.teias.gov.tr,false,
2022-01-21 10:00:00,Turkey,Turkey,TR,337.58,399.05,43.0,42.93,epias.com.tr; ytbs.teias.gov.tr,false,
2022-01-21 11:00:00,Turkey,Turkey,TR,352.9,416.68,39.89,39.82,epias.com.tr; ytbs.teias.gov.tr,false,
2022-01-21 12:00:00,Turkey,Turkey,TR,354.05,418.68,39.15,39.08,epias.com.tr; ytbs.teias.gov.tr,false,
2022-01-21 13:00:00,Turkey,Turkey,TR,349.05,413.06,40.05,39.97,epias.com.tr; ytbs.teias.gov.tr,false,
2022-01-21 14:00:00,Turkey,Turkey,TR,343.66,407.18,40.93,40.84,epias.com.tr; ytbs.teias.gov.tr,false,
2022-01-21 15:00:00,Turkey,Turkey,TR,336.25,397.79,42.96,42.88,epias.com.tr; ytbs.teias.gov.tr,false,
2022-01-21 16:00:00,Turkey,Turkey,TR,335.61,396.49,43.51,43.39,epias.com.tr; ytbs.teias.gov.tr,false,
2022-01-21 17:00:00,Turkey,Turkey,TR,336.35,395.93,44.38,44.22,epias.com.tr; ytbs.teias.gov.tr,false,
2022-01-21 18:00:00,Turkey,Turkey,TR,340.36,398.95,44.7,44.51,epias.com.tr; ytbs.teias.gov.tr,false,
2022-01-21 19:00:00,Turkey,Turkey,TR,345.76,404.45,44.18,43.92,epias.com.tr; ytbs.teias.gov.tr,false,
2022-01-21 20:00:00,Turkey,Turkey,TR,344.12,400.7,45.88,45.59,epias.com.tr; ytbs.teias.gov.tr,false,
2022-01-21 21:00:00,Turkey,Turkey,TR,347.04,401.88,46.8,46.46,epias.com.tr,false,
2022-01-21 22:00:00,Turkey,Turkey,TR,359.12,413.76,45.87,45.48,epias.com.tr; ytbs.teias.gov.tr,false,
2022-01-21 23:00:00,Turkey,Turkey,TR,372.08,426.83,44.54,44.07,epias.com.tr; ytbs.teias.gov.tr,false,
2022-01-22 00:00:00,Turkey,Turkey,TR,383.66,439.24,42.91,42.41,epias.com.tr; ytbs.teias.gov.tr,false,
2022-01-22 01:00:00,Turkey,Turkey,TR,394.06,450.49,41.31,40.79,epias.com.tr; ytbs.teias.gov.tr,false,
2022-01-22 02:00:00,Turkey,Turkey,TR,398.15,454.86,40.65,40.15,epias.com.tr; ytbs.teias.gov.tr,false,
2022-01-22 03:00:00,Turkey,Turkey,TR,396.0,452.67,40.92,40.42,epias.com.tr; ytbs.teias.gov.tr,false,
2022-01-22 04:00:00,Turkey,Turkey,TR,390.62,448.0,41.07,40.64,epias.com.tr; ytbs.teias.gov.tr,false,
2022-01-22 05:00:00,Turkey,Turkey,TR,378.19,435.1,42.58,42.22,epias.com.tr; ytbs.teias.gov.tr,false,
2022-01-22 06:00:00,Turkey,Turkey,TR,362.27,420.22,43.22,42.9,epias.com.tr; ytbs.teias.gov.tr,false,
2022-01-22 07:00:00,Turkey,Turkey,TR,337.42,394.6,46.1,45.83,epias.com.tr; ytbs.teias.gov.tr,false,
2022-01-22 08:00:00,Turkey,Turkey,TR,329.6,388.28,46.01,45.75,epias.com.tr; ytbs.teias.gov.tr,false,
2022-01-22 09:00:00,Turkey,Turkey,TR,333.18,393.34,44.7,44.43,epias.com.tr; ytbs.teias.gov.tr,false,
2022-01-22 10:00:00,Turkey,Turkey,TR,340.28,401.05,43.65,43.36,epias.com.tr; ytbs.teias.gov.tr,false,
2022-01-22 11:00:00,Turkey,Turkey,TR,337.53,398.57,43.77,43.53,epias.com.tr; ytbs.teias.gov.tr,false,
2022-01-22 12:00:00,Turkey,Turkey,TR,343.36,405.58,42.49,42.26,epias.com.tr; ytbs.teias.gov.tr,false,
2022-01-22 13:00:00,Turkey,Turkey,TR,347.87,411.13,41.4,41.18,epias.com.tr; ytbs.teias.gov.tr,false,
2022-01-22 14:00:00,Turkey,Turkey,TR,355.07,419.76,39.75,39.55,epias.com.tr; ytbs.teias.gov.tr,false,
2022-01-22 15:00:00,Turkey,Turkey,TR,354.45,418.77,40.04,39.84,epias.com.tr; ytbs.teias.gov.tr,false,
2022-01-22 16:00:00,Turkey,Turkey,TR,352.51,416.65,40.31,40.13,epias.com.tr; ytbs.teias.gov.tr,false,
2022-01-22 17:00:00,Turkey,Turkey,TR,352.38,416.7,40.16,39.94,epias.com.tr; ytbs.teias.gov.tr,false,
2022-01-22 18:00:00,Turkey,Turkey,TR,358.1,422.63,39.46,39.23,epias.com.tr; ytbs.teias.gov.tr,false,
2022-01-22 19:00:00,Turkey,Turkey,TR,356.09,419.62,40.32,40.07,epias.com.tr; ytbs.teias.gov.tr,false,
2022-01-22 20:00:00,Turkey,Turkey,TR,361.92,424.65,40.26,39.93,epias.com.tr; ytbs.teias.gov.tr,false,
2022-01-22 21:00:00,Turkey,Turkey,TR,368.31,429.6,40.55,40.17,epias.com.tr,false,
2022-01-22 22:00:00,Turkey,Turkey,TR,365.93,425.14,42.27,41.81,epias.com.tr; ytbs.teias.gov.tr,false,
2022-01-22 23:00:00,Turkey,Turkey,TR,374.22,432.64,42.11,41.61,epias.com.tr; ytbs.teias.gov.tr,false,
2022-01-23 00:00:00,Turkey,Turkey,TR,392.31,452.2,39.51,38.95,epias.com.tr; ytbs.teias.gov.tr,false,
2022-01-23 01:00:00,Turkey,Turkey,TR,405.47,466.69,37.25,36.65,epias.com.tr; ytbs.teias.gov.tr,false,
2022-01-23 02:00:00,Turkey,Turkey,TR,407.36,467.91,37.39,36.79,epias.com.tr; ytbs.teias.gov.tr,false,
2022-01-23 03:00:00,Turkey,Turkey,TR,412.41,473.05,36.82,36.19,epias.com.tr; ytbs.teias.gov.tr,false,
2022-01-23 04:00:00,Turkey,Turkey,TR,414.95,475.88,36.26,35.66,epias.com.tr; ytbs.teias.gov.tr,false,
2022-01-23 05:00:00,Turkey,Turkey,TR,414.01,475.2,36.16,35.64,epias.com.tr; ytbs.teias.gov.tr,false,
2022-01-23 06:00:00,Turkey,Turkey,TR,409.23,470.53,36.53,36.08,epias.com.tr; ytbs.teias.gov.tr,false,
2022-01-23 07:00:00,Turkey,Turkey,TR,398.58,461.08,36.7,36.31,epias.com.tr; ytbs.teias.gov.tr,false,
2022-01-23 08:00:00,Turkey,Turkey,TR,388.35,451.38,37.32,36.94,epias.com.tr; ytbs.teias.gov.tr,false,
2022-01-23 09:00:00,Turkey,Turkey,TR,385.78,450.31,36.42,36.07,epias.com.tr; ytbs.teias.gov.tr,false,
2022-01-23 10:00:00,Turkey,Turkey,TR,381.31,445.77,36.92,36.55,epias.com.tr; ytbs.teias.gov.tr,false,
2022-01-23 11:00:00,Turkey,Turkey,TR,380.36,445.92,36.33,35.96,epias.com.tr; ytbs.teias.gov.tr,false,
2022-01-23 12:00:00,Turkey,Turkey,TR,377.9,443.7,36.51,36.16,epias.com.tr; ytbs.teias.gov.tr,false,
2022-01-23 13:00:00,Turkey,Turkey,TR,379.59,445.33,36.4,36.04,epias.com.tr; ytbs.teias.gov.tr,false,
2022-01-23 14:00:00,Turkey,Turkey,TR,379.37,445.51,36.18,35.85,epias.com.tr; ytbs.teias.gov.tr,false,
2022-01-23 15:00:00,Turkey,Turkey,TR,368.93,433.81,38.02,37.71,epias.com.tr; ytbs.teias.gov.tr,false,
2022-01-23 16:00:00,Turkey,Turkey,TR,358.58,423.59,39.02,38.76,epias.com.tr; ytbs.teias.gov.tr,false,
2022-01-23 17:00:00,Turkey,Turkey,TR,360.29,425.14,38.92,38.61,epias.com.tr; ytbs.teias.gov.tr,false,
2022-01-23 18:00:00,Turkey,Turkey,TR,364.42,429.61,38.37,38.05,epias.com.tr; ytbs.teias.gov.tr,false,
2022-01-23 19:00:00,Turkey,Turkey,TR,368.6,433.18,38.46,38.12,epias.com.tr; ytbs.teias.gov.tr,false,
2022-01-23 20:00:00,Turkey,Turkey,TR,377.53,441.79,37.81,37.4,epias.com.tr; ytbs.teias.gov.tr,false,
2022-01-23 21:00:00,Turkey,Turkey,TR,394.64,460.21,35.4,34.9,epias.com.tr,false,
2022-01-23 22:00:00,Turkey,Turkey,TR,411.19,475.46,34.92,34.31,epias.com.tr; ytbs.teias.gov.tr,false,
2022-01-23 23:00:00,Turkey,Turkey,TR,433.13,498.43,32.23,31.59,epias.com.tr; ytbs.teias.gov.tr,false,
2022-01-24 00:00:00,Turkey,Turkey,TR,454.26,521.55,29.02,28.37,epias.com.tr; ytbs.teias.gov.tr,false,
2022-01-24 01:00:00,Turkey,Turkey,TR,461.32,528.23,28.71,28.04,epias.com.tr; ytbs.teias.gov.tr,false,
2022-01-24 02:00:00,Turkey,Turkey,TR,467.45,534.21,28.32,27.67,epias.com.tr; ytbs.teias.gov.tr,false,
2022-01-24 03:00:00,Turkey,Turkey,TR,465.95,532.35,28.62,27.97,epias.com.tr; ytbs.teias.gov.tr,false,
2022-01-24 04:00:00,Turkey,Turkey,TR,462.53,529.44,28.44,27.89,epias.com.tr; ytbs.teias.gov.tr,false,
2022-01-24 05:00:00,Turkey,Turkey,TR,444.6,512.27,29.52,29.2,epias.com.tr; ytbs.teias.gov.tr,false,
2022-01-24 06:00:00,Turkey,Turkey,TR,398.51,464.02,35.19,34.97,epias.com.tr; ytbs.teias.gov.tr,false,
2022-01-24 07:00:00,Turkey,Turkey,TR,373.93,439.0,37.66,37.46,epias.com.tr; ytbs.teias.gov.tr,false,
2022-01-24 08:00:00,Turkey,Turkey,TR,367.4,432.85,37.99,37.81,epias.com.tr; ytbs.teias.gov.tr,false,
2022-01-24 09:00:00,Turkey,Turkey,TR,357.83,422.11,39.66,39.48,epias.com.tr; ytbs.teias.gov.tr,false,
2022-01-24 10:00:00,Turkey,Turkey,TR,361.48,425.33,39.55,39.37,epias.com.tr; ytbs.teias.gov.tr,false,
2022-01-24 11:00:00,Turkey,Turkey,TR,362.65,426.92,39.15,38.97,epias.com.tr; ytbs.teias.gov.tr,false,
2022-01-24 12:00:00,Turkey,Turkey,TR,356.81,420.77,39.83,39.66,epias.com.tr; ytbs.teias.gov.tr,false,
2022-01-24 13:00:00,Turkey,Turkey,TR,357.21,420.83,39.93,39.74,epias.com.tr; ytbs.teias.gov.tr,false,
2022-01-24 14:00:00,Turkey,Turkey,TR,360.83,424.95,39.1,38.95,epias.com.tr; ytbs.teias.gov.tr,false,
2022-01-24 15:00:00,Turkey,Turkey,TR,355.2,418.27,40.33,40.19,epias.com.tr; ytbs.teias.gov.tr,false,
2022-01-24 16:00:00,Turkey,Turkey,TR,347.31,408.11,42.49,42.35,epias.com.tr; ytbs.teias.gov.tr,false,
2022-01-24 17:00:00,Turkey,Turkey,TR,344.81,404.03,43.84,43.65,epias.com.tr; ytbs.teias.gov.tr,false,
2022-01-24 18:00:00,Turkey,Turkey,TR,354.6,414.09,42.73,42.51,epias.com.tr; ytbs.teias.gov.tr,false,
2022-01-24 19:00:00,Turkey,Turkey,TR,362.13,420.98,42.36,42.13,epias.com.tr; ytbs.teias.gov.tr,false,
2022-01-24 20:00:00,Turkey,Turkey,TR,368.66,426.59,42.46,42.15,epias.com.tr; ytbs.teias.gov.tr,false,
2022-01-24 21:00:00,Turkey,Turkey,TR,368.29,424.16,43.96,43.63,epias.com.tr,false,
2022-01-24 22:00:00,Turkey,Turkey,TR,379.67,436.04,42.67,42.26,epias.com.tr; ytbs.teias.gov.tr,false,
2022-01-24 23:00:00,Turkey,Turkey,TR,389.49,447.0,40.99,40.57,epias.com.tr; ytbs.teias.gov.tr,false,
2022-01-25 00:00:00,Turkey,Turkey,TR,397.88,456.19,39.63,39.15,epias.com.tr; ytbs.teias.gov.tr,false,
2022-01-25 01:00:00,Turkey,Turkey,TR,387.09,445.59,40.57,40.11,epias.com.tr; ytbs.teias.gov.tr,false,
2022-01-25 02:00:00,Turkey,Turkey,TR,382.61,440.19,41.53,41.04,epias.com.tr; ytbs.teias.gov.tr,false,
2022-01-25 03:00:00,Turkey,Turkey,TR,378.49,436.38,41.77,41.39,epias.com.tr; ytbs.teias.gov.tr,false,
2022-01-25 04:00:00,Turkey,Turkey,TR,385.04,444.28,40.25,39.95,epias.com.tr; ytbs.teias.gov.tr,false,
2022-01-25 05:00:00,Turkey,Turkey,TR,390.7,451.41,38.67,38.57,epias.com.tr; ytbs.teias.gov.tr,false,
2022-01-25 06:00:00,Turkey,Turkey,TR,382.65,444.27,38.68,38.65,epias.com.tr; ytbs.teias.gov.tr,false,
2022-01-25 07:00:00,Turkey,Turkey,TR,358.44,419.02,41.61,41.59,epias.com.tr; ytbs.teias.gov.tr,false,
2022-01-25 08:00:00,Turkey,Turkey,TR,349.81,410.7,42.23,42.21,epias.com.tr; ytbs.teias.gov.tr,false,
2022-01-25 09:00:00,Turkey,Turkey,TR,350.78,411.66,42.02,42.0,epias.com.tr; ytbs.teias.gov.tr,false,
2022-01-25 10:00:00,Turkey,Turkey,TR,352.77,413.45,41.97,41.95,epias.com.tr; ytbs.teias.gov.tr,false,
2022-01-25 11:00:00,Turkey,Turkey,TR,351.79,412.51,42.04,42.02,epias.com.tr; ytbs.teias.gov.tr,false,
2022-01-25 12:00:00,Turkey,Turkey,TR,345.76,405.77,42.99,42.97,epias.com.tr; ytbs.teias.gov.tr,false,
2022-01-25 13:00:00,Turkey,Turkey,TR,349.97,410.78,42.13,42.11,epias.com.tr; ytbs.teias.gov.tr,false,
2022-01-25 14:00:00,Turkey,Turkey,TR,350.02,410.78,42.17,42.16,epias.com.tr; ytbs.teias.gov.tr,false,
2022-01-25 15:00:00,Turkey,Turkey,TR,351.13,412.41,41.8,41.78,epias.com.tr; ytbs.teias.gov.tr,false,
2022-01-25 16:00:00,Turkey,Turkey,TR,345.38,405.99,42.87,42.84,epias.com.tr; ytbs.teias.gov.tr,false,
2022-01-25 17:00:00,Turkey,Turkey,TR,342.26,402.53,43.47,43.43,epias.com.tr; ytbs.teias.gov.tr,false,
2022-01-25 18:00:00,Turkey,Turkey,TR,357.66,419.68,40.87,40.83,epias.com.tr; ytbs.teias.gov.tr,false,
2022-01-25 19:00:00,Turkey,Turkey,TR,364.5,425.7,40.81,40.75,epias.com.tr; ytbs.teias.gov.tr,false,
2022-01-25 20:00:00,Turkey,Turkey,TR,370.94,430.24,41.47,41.3,epias.com.tr; ytbs.teias.gov.tr,false,
2022-01-25 21:00:00,Turkey,Turkey,TR,379.85,438.83,40.96,40.72,epias.com.tr,false,
2022-01-25 22:00:00,Turkey,Turkey,TR,383.7,442.57,40.83,40.45,epias.com.tr; ytbs.teias.gov.tr,false,
2022-01-25 23:00:00,Turkey,Turkey,TR,394.06,454.06,39.23,38.74,epias.com.tr; ytbs.teias.gov.tr,false,
2022-01-26 00:00:00,Turkey,Turkey,TR,405.52,465.87,37.89,37.28,epias.com.tr; ytbs.teias.gov.tr,false,
2022-01-26 01:00:00,Turkey,Turkey,TR,403.68,463.53,38.39,37.74,epias.com.tr; ytbs.teias.gov.tr,false,
2022-01-26 02:00:00,Turkey,Turkey,TR,401.09,461.09,38.59,37.92,epias.com.tr; ytbs.teias.gov.tr,false,
2022-01-26 03:00:00,Turkey,Turkey,TR,401.74,461.88,38.43,37.81,epias.com.tr; ytbs.teias.gov.tr,false,
2022-01-26 04:00:00,Turkey,Turkey,TR,411.93,474.32,36.0,35.62,epias.com.tr; ytbs.teias.gov.tr,false,
2022-01-26 05:00:00,Turkey,Turkey,TR,421.13,483.5,34.85,34.64,epias.com.tr; ytbs.teias.gov.tr,false,
2022-01-26 06:00:00,Turkey,Turkey,TR,400.14,464.45,35.57,35.49,epias.com.tr; ytbs.teias.gov.tr,false,
2022-01-26 07:00:00,Turkey,Turkey,TR,364.61,426.24,40.76,40.68,epias.com.tr; ytbs.teias.gov.tr,false,
2022-01-26 08:00:00,Turkey,Turkey,TR,351.38,412.29,42.49,42.42,epias.com.tr; ytbs.teias.gov.tr,false,
2022-01-26 09:00:00,Turkey,Turkey,TR,345.64,407.01,42.82,42.78,epias.com.tr; ytbs.teias.gov.tr,false,
2022-01-26 10:00:00,Turkey,Turkey,TR,359.13,422.73,40.02,39.97,epias.com.tr; ytbs.teias.gov.tr,false,
2022-01-26 11:00:00,Turkey,Turkey,TR,359.82,423.81,39.66,39.6,epias.com.tr; ytbs.teias.gov.tr,false,
2022-01-26 12:00:00,Turkey,Turkey,TR,353.03,415.64,41.23,41.14,epias.com.tr; ytbs.teias.gov.tr,false,
2022-01-26 13:00:00,Turkey,Turkey,TR,353.3,416.17,41.08,41.0,epias.com.tr; ytbs.teias.gov.tr,false,
2022-01-26 14:00:00,Turkey,Turkey,TR,356.38,420.17,40.24,40.13,epias.com.tr; ytbs.teias.gov.tr,false,
2022-01-26 15:00:00,Turkey,Turkey,TR,354.84,418.86,40.25,40.13,epias.com.tr; ytbs.teias.gov.tr,false,
2022-01-26 16:00:00,Turkey,Turkey,TR,351.81,414.56,41.37,41.21,epias.com.tr; ytbs.teias.gov.tr,false,
2022-01-26 17:00:00,Turkey,Turkey,TR,364.14,428.3,39.22,38.96,epias.com.tr; ytbs.teias.gov.tr,false,
2022-01-26 18:00:00,Turkey,Turkey,TR,373.01,438.25,37.7,37.43,epias.com.tr; ytbs.teias.gov.tr,false,
2022-01-26 19:00:00,Turkey,Turkey,TR,381.33,446.71,36.83,36.53,epias.com.tr; ytbs.teias.gov.tr,false,
2022-01-26 20:00:00,Turkey,Turkey,TR,392.78,459.03,35.22,34.87,epias.com.tr; ytbs.teias.gov.tr,false,
2022-01-26 21:00:00,Turkey,Turkey,TR,396.77,461.6,35.85,35.42,epias.com.tr,false,
2022-01-26 22:00:00,Turkey,Turkey,TR,406.57,470.2,35.87,35.35,epias.com.tr; ytbs.teias.gov.tr,false,
2022-01-26 23:00:00,Turkey,Turkey,TR,423.15,487.49,33.87,33.27,epias.com.tr; ytbs.teias.gov.tr,false,
2022-01-27 00:00:00,Turkey,Turkey,TR,440.05,505.65,31.51,30.89,epias.com.tr; ytbs.teias.gov.tr,false,
2022-01-27 01:00:00,Turkey,Turkey,TR,448.39,513.73,30.92,30.3,epias.com.tr; ytbs.teias.gov.tr,false,
2022-01-27 02:00:00,Turkey,Turkey,TR,452.11,517.48,30.63,30.06,epias.com.tr; ytbs.teias.gov.tr,false,
2022-01-27 03:00:00,Turkey,Turkey,TR,452.12,517.53,30.61,30.06,epias.com.tr; ytbs.teias.gov.tr,false,
2022-01-27 04:00:00,Turkey,Turkey,TR,441.62,506.71,31.84,31.45,epias.com.tr; ytbs.teias.gov.tr,false,
2022-01-27 05:00:00,Turkey,Turkey,TR,428.26,494.18,32.47,32.25,epias.com.tr; ytbs.teias.gov.tr,false,
2022-01-27 06:00:00,Turkey,Turkey,TR,401.23,468.48,33.92,33.79,epias.com.tr; ytbs.teias.gov.tr,false,
2022-01-27 07:00:00,Turkey,Turkey,TR,367.04,431.95,38.64,38.56,epias.com.tr; ytbs.teias.gov.tr,false,
2022-01-27 08:00:00,Turkey,Turkey,TR,361.85,427.22,38.82,38.74,epias.com.tr; ytbs.teias.gov.tr,false,
2022-01-27 09:00:00,Turkey,Turkey,TR,354.41,418.85,40.13,39.99,epias.com.tr; ytbs.teias.gov.tr,false,
2022-01-27 10:00:00,Turkey,Turkey,TR,363.34,428.75,38.66,38.49,epias.com.tr; ytbs.teias.gov.tr,false,
2022-01-27 11:00:00,Turkey,Turkey,TR,365.06,430.69,38.31,38.14,epias.com.tr; ytbs.teias.gov.tr,false,
2022-01-27 12:00:00,Turkey,Turkey,TR,363.1,428.51,38.63,38.47,epias.com.tr; ytbs.teias.gov.tr,false,
2022-01-27 13:00:00,Turkey,Turkey,TR,365.44,430.81,38.47,38.32,epias.com.tr; ytbs.teias.gov.tr,false,
2022-01-27 14:00:00,Turkey,Turkey,TR,365.52,431.49,38.1,37.98,epias.com.tr; ytbs.teias.gov.tr,false,
2022-01-27 15:00:00,Turkey,Turkey,TR,364.33,430.63,37.95,37.85,epias.com.tr; ytbs.teias.gov.tr,false,
2022-01-27 16:00:00,Turkey,Turkey,TR,357.2,421.81,39.82,39.66,epias.com.tr; ytbs.teias.gov.tr,false,
2022-01-27 17:00:00,Turkey,Turkey,TR,357.9,421.14,40.66,40.4,epias.com.tr; ytbs.teias.gov.tr,false,
2022-01-27 18:00:00,Turkey,Turkey,TR,359.58,421.96,41.14,40.86,epias.com.tr; ytbs.teias.gov.tr,false,
2022-01-27 19:00:00,Turkey,Turkey,TR,364.3,425.77,41.37,40.99,epias.com.tr; ytbs.teias.gov.tr,false,
2022-01-27 20:00:00,Turkey,Turkey,TR,366.75,427.0,42.02,41.6,epias.com.tr; ytbs.teias.gov.tr,false,
2022-01-27 21:00:00,Turkey,Turkey,TR,371.27,431.12,42.07,41.59,epias.com.tr,false,
2022-01-27 22:00:00,Turkey,Turkey,TR,382.67,440.85,42.23,41.67,epias.com.tr; ytbs.teias.gov.tr,false,
2022-01-27 23:00:00,Turkey,Turkey,TR,403.94,463.54,39.34,38.68,epias.com.tr; ytbs.teias.gov.tr,false,
2022-01-28 00:00:00,Turkey,Turkey,TR,421.68,483.46,36.3,35.58,epias.com.tr; ytbs.teias.gov.tr,false,
2022-01-28 01:00:00,Turkey,Turkey,TR,433.33,496.41,34.44,33.73,epias.com.tr; ytbs.teias.gov.tr,false,
2022-01-28 02:00:00,Turkey,Turkey,TR,433.9,497.07,34.37,33.69,epias.com.tr; ytbs.teias.gov.tr,false,
2022-01-28 03:00:00,Turkey,Turkey,TR,436.71,500.35,33.71,33.04,epias.com.tr; ytbs.teias.gov.tr,false,
2022-01-28 04:00:00,Turkey,Turkey,TR,433.11,497.84,33.2,32.64,epias.com.tr; ytbs.teias.gov.tr,false,
2022-01-28 05:00:00,Turkey,Turkey,TR,419.91,485.07,34.03,33.66,epias.com.tr; ytbs.teias.gov.tr,false,
2022-01-28 06:00:00,Turkey,Turkey,TR,386.26,451.37,37.03,36.89,epias.com.tr; ytbs.teias.gov.tr,false,
2022-01-28 07:00:00,Turkey,Turkey,TR,363.0,427.99,39.23,39.14,epias.com.tr; ytbs.teias.gov.tr,false,
2022-01-28 08:00:00,Turkey,Turkey,TR,358.98,425.24,38.77,38.66,epias.com.tr; ytbs.teias.gov.tr,false,
2022-01-28 09:00:00,Turkey,Turkey,TR,356.31,422.22,39.22,39.09,epias.com.tr; ytbs.teias.gov.tr,false,
2022-01-28 10:00:00,Turkey,Turkey,TR,364.87,431.32,38.09,37.95,epias.com.tr; ytbs.teias.gov.tr,false,
2022-01-28 11:00:00,Turkey,Turkey,TR,376.25,443.7,36.26,36.09,epias.com.tr; ytbs.teias.gov.tr,false,
2022-01-28 12:00:00,Turkey,Turkey,TR,371.4,438.82,36.78,36.6,epias.com.tr; ytbs.teias.gov.tr,false,
2022-01-28 13:00:00,Turkey,Turkey,TR,372.11,439.83,36.5,36.35,epias.com.tr; ytbs.teias.gov.tr,false,
2022-01-28 14:00:00,Turkey,Turkey,TR,365.43,431.88,37.96,37.81,epias.com.tr; ytbs.teias.gov.tr,false,
2022-01-28 15:00:00,Turkey,Turkey,TR,359.15,423.94,39.61,39.39,epias.com.tr; ytbs.teias.gov.tr,false,
2022-01-28 16:00:00,Turkey,Turkey,TR,350.94,414.16,41.4,41.15,epias.com.tr; ytbs.teias.gov.tr,false,
2022-01-28 17:00:00,Turkey,Turkey,TR,351.76,413.69,42.19,41.85,epias.com.tr; ytbs.teias.gov.tr,false,
2022-01-28 18:00:00,Turkey,Turkey,TR,354.74,415.3,42.84,42.5,epias.com.tr; ytbs.teias.gov.tr,false,
2022-01-28 19:00:00,Turkey,Turkey,TR,355.54,414.76,43.71,43.3,epias.com.tr; ytbs.teias.gov.tr,false,
2022-01-28 20:00:00,Turkey,Turkey,TR,361.99,421.87,42.76,42.32,epias.com.tr; ytbs.teias.gov.tr,false,
2022-01-28 21:00:00,Turkey,Turkey,TR,370.11,430.47,41.74,41.18,epias.com.tr,false,
2022-01-28 22:00:00,Turkey,Turkey,TR,364.94,421.81,44.68,44.09,epias.com.tr; ytbs.teias.gov.tr,false,
2022-01-28 23:00:00,Turkey,Turkey,TR,376.12,433.24,43.67,43.02,epias.com.tr; ytbs.teias.gov.tr,false,
2022-01-29 00:00:00,Turkey,Turkey,TR,396.29,455.59,40.44,39.78,epias.com.tr; ytbs.teias.gov.tr,false,
2022-01-29 01:00:00,Turkey,Turkey,TR,405.06,465.37,39.04,38.42,epias.com.tr; ytbs.teias.gov.tr,false,
2022-01-29 02:00:00,Turkey,Turkey,TR,405.39,465.71,38.98,38.3,epias.com.tr; ytbs.teias.gov.tr,false,
2022-01-29 03:00:00,Turkey,Turkey,TR,403.57,463.61,39.3,38.63,epias.com.tr; ytbs.teias.gov.tr,false,
2022-01-29 04:00:00,Turkey,Turkey,TR,397.46,457.67,39.74,39.2,epias.com.tr; ytbs.teias.gov.tr,false,
2022-01-29 05:00:00,Turkey,Turkey,TR,392.49,453.97,39.27,38.81,epias.com.tr; ytbs.teias.gov.tr,false,
2022-01-29 06:00:00,Turkey,Turkey,TR,381.33,445.59,38.24,37.87,epias.com.tr; ytbs.teias.gov.tr,false,
2022-01-29 07:00:00,Turkey,Turkey,TR,368.82,433.89,38.75,38.44,epias.com.tr; ytbs.teias.gov.tr,false,
2022-01-29 08:00:00,Turkey,Turkey,TR,362.26,427.77,39.05,38.73,epias.com.tr; ytbs.teias.gov.tr,false,
2022-01-29 09:00:00,Turkey,Turkey,TR,361.16,426.9,38.98,38.64,epias.com.tr; ytbs.teias.gov.tr,false,
2022-01-29 10:00:00,Turkey,Turkey,TR,366.48,432.76,38.16,37.8,epias.com.tr; ytbs.teias.gov.tr,false,
2022-01-29 11:00:00,Turkey,Turkey,TR,367.7,434.38,37.78,37.43,epias.com.tr; ytbs.teias.gov.tr,false,
2022-01-29 12:00:00,Turkey,Turkey,TR,366.33,432.64,38.13,37.82,epias.com.tr; ytbs.teias.gov.tr,false,
2022-01-29 13:00:00,Turkey,Turkey,TR,366.16,432.25,38.3,38.06,epias.com.tr; ytbs.teias.gov.tr,false,
2022-01-29 14:00:00,Turkey,Turkey,TR,365.37,431.59,38.23,38.04,epias.com.tr; ytbs.teias.gov.tr,false,
2022-01-29 15:00:00,Turkey,Turkey,TR,364.2,430.42,38.21,38.03,epias.com.tr; ytbs.teias.gov.tr,false,
2022-01-29 16:00:00,Turkey,Turkey,TR,355.18,420.74,39.35,39.2,epias.com.tr; ytbs.teias.gov.tr,false,
2022-01-29 17:00:00,Turkey,Turkey,TR,337.51,397.84,44.55,44.41,epias.com.tr; ytbs.teias.gov.tr,false,
2022-01-29 18:00:00,Turkey,Turkey,TR,333.5,391.97,46.18,46.03,epias.com.tr; ytbs.teias.gov.tr,false,
2022-01-29 19:00:00,Turkey,Turkey,TR,334.95,392.57,46.62,46.43,epias.com.tr; ytbs.teias.gov.tr,false,
2022-01-29 20:00:00,Turkey,Turkey,TR,343.96,402.2,45.31,45.08,epias.com.tr; ytbs.teias.gov.tr,false,
2022-01-29 21:00:00,Turkey,Turkey,TR,351.81,409.36,45.0,44.66,epias.com.tr,false,
2022-01-29 22:00:00,Turkey,Turkey,TR,354.95,410.01,46.42,45.99,epias.com.tr; ytbs.teias.gov.tr,false,
2022-01-29 23:00:00,Turkey,Turkey,TR,371.34,426.81,44.68,44.13,epias.com.tr; ytbs.teias.gov.tr,false,
2022-01-30 00:00:00,Turkey,Turkey,TR,389.31,446.19,42.07,41.44,epias.com.tr; ytbs.teias.gov.tr,false,
2022-01-30 01:00:00,Turkey,Turkey,TR,400.74,458.77,40.35,39.69,epias.com.tr; ytbs.teias.gov.tr,false,
2022-01-30 02:00:00,Turkey,Turkey,TR,406.54,465.4,39.34,38.69,epias.com.tr; ytbs.teias.gov.tr,false,
2022-01-30 03:00:00,Turkey,Turkey,TR,408.67,468.24,38.85,38.21,epias.com.tr; ytbs.teias.gov.tr,false,
2022-01-30 04:00:00,Turkey,Turkey,TR,412.11,473.47,37.36,36.76,epias.com.tr; ytbs.teias.gov.tr,false,
2022-01-30 05:00:00,Turkey,Turkey,TR,416.03,478.62,36.12,35.51,epias.com.tr; ytbs.teias.gov.tr,false,
2022-01-30 06:00:00,Turkey,Turkey,TR,429.2,496.16,31.95,31.35,epias.com.tr; ytbs.teias.gov.tr,false,
2022-01-30 07:00:00,Turkey,Turkey,TR,420.21,488.23,31.96,31.44,epias.com.tr; ytbs.teias.gov.tr,false,
2022-01-30 08:00:00,Turkey,Turkey,TR,406.62,474.39,33.4,32.9,epias.com.tr; ytbs.teias.gov.tr,false,
2022-01-30 09:00:00,Turkey,Turkey,TR,399.48,467.36,33.93,33.48,epias.com.tr; ytbs.teias.gov.tr,false,
2022-01-30 10:00:00,Turkey,Turkey,TR,397.36,464.32,34.67,34.21,epias.com.tr; ytbs.teias.gov.tr,false,
2022-01-30 11:00:00,Turkey,Turkey,TR,394.6,461.15,35.07,34.55,epias.com.tr; ytbs.teias.gov.tr,false,
2022-01-30 12:00:00,Turkey,Turkey,TR,391.4,457.66,35.64,35.12,epias.com.tr; ytbs.teias.gov.tr,false,
2022-01-30 13:00:00,Turkey,Turkey,TR,389.48,455.77,35.77,35.29,epias.com.tr; ytbs.teias.gov.tr,false,
2022-01-30 14:00:00,Turkey,Turkey,TR,378.55,442.86,38.1,37.64,epias.com.tr; ytbs.teias.gov.tr,false,
2022-01-30 15:00:00,Turkey,Turkey,TR,367.92,430.9,39.89,39.5,epias.com.tr; ytbs.teias.gov.tr,false,
2022-01-30 16:00:00,Turkey,Turkey,TR,351.94,412.96,42.6,42.28,epias.com.tr; ytbs.teias.gov.tr,false,
2022-01-30 17:00:00,Turkey,Turkey,TR,349.62,410.33,42.95,42.61,epias.com.tr; ytbs.teias.gov.tr,false,
2022-01-30 18:00:00,Turkey,Turkey,TR,356.26,417.17,42.18,41.81,epias.com.tr; ytbs.teias.gov.tr,false,
2022-01-30 19:00:00,Turkey,Turkey,TR,367.67,429.76,40.35,39.92,epias.com.tr; ytbs.teias.gov.tr,false,
2022-01-30 20:00:00,Turkey,Turkey,TR,375.75,438.26,39.3,38.81,epias.com.tr; ytbs.teias.gov.tr,false,
2022-01-30 21:00:00,Turkey,Turkey,TR,375.92,436.96,40.37,39.86,epias.com.tr,false,
2022-01-30 22:00:00,Turkey,Turkey,TR,376.8,434.91,42.25,41.65,epias.com.tr; ytbs.teias.gov.tr,false,
2022-01-30 23:00:00,Turkey,Turkey,TR,393.27,452.78,39.85,39.21,epias.com.tr; ytbs.teias.gov.tr,false,
2022-01-31 00:00:00,Turkey,Turkey,TR,409.39,470.12,37.46,36.68,epias.com.tr; ytbs.teias.gov.tr,false,
2022-01-31 01:00:00,Turkey,Turkey,TR,423.48,485.33,35.36,34.57,epias.com.tr; ytbs.teias.gov.tr,false,
2022-01-31 02:00:00,Turkey,Turkey,TR,422.39,484.13,35.65,34.95,epias.com.tr; ytbs.teias.gov.tr,false,
2022-01-31 03:00:00,Turkey,Turkey,TR,415.96,477.09,36.75,36.07,epias.com.tr; ytbs.teias.gov.tr,false,
2022-01-31 04:00:00,Turkey,Turkey,TR,409.31,471.08,36.97,36.34,epias.com.tr; ytbs.teias.gov.tr,false,
2022-01-31 05:00:00,Turkey,Turkey,TR,398.82,462.38,36.68,36.13,epias.com.tr; ytbs.teias.gov.tr,false,
2022-01-31 06:00:00,Turkey,Turkey,TR,364.75,429.25,39.18,38.79,epias.com.tr; ytbs.teias.gov.tr,false,
2022-01-31 07:00:00,Turkey,Turkey,TR,336.18,398.44,43.36,43.02,epias.com.tr; ytbs.teias.gov.tr,false,
2022-01-31 08:00:00,Turkey,Turkey,TR,327.56,389.58,44.47,44.2,epias.com.tr; ytbs.teias.gov.tr,false,
2022-01-31 09:00:00,Turkey,Turkey,TR,324.38,386.1,44.99,44.72,epias.com.tr; ytbs.teias.gov.tr,false,
2022-01-31 10:00:00,Turkey,Turkey,TR,337.63,401.63,42.29,41.99,epias.com.tr; ytbs.teias.gov.tr,false,
2022-01-31 11:00:00,Turkey,Turkey,TR,338.14,402.37,42.15,41.88,epias.com.tr; ytbs.teias.gov.tr,false,
2022-01-31 12:00:00,Turkey,Turkey,TR,337.98,402.08,42.24,41.97,epias.com.tr; ytbs.teias.gov.tr,false,
2022-01-31 13:00:00,Turkey,Turkey,TR,342.83,407.43,41.51,41.25,epias.com.tr; ytbs.teias.gov.tr,false,
2022-01-31 14:00:00,Turkey,Turkey,TR,342.43,406.85,41.68,41.44,epias.com.tr; ytbs.teias.gov.tr,false,
2022-01-31 15:00:00,Turkey,Turkey,TR,340.85,404.86,42.1,41.88,epias.com.tr; ytbs.teias.gov.tr,false,
2022-01-31 16:00:00,Turkey,Turkey,TR,344.64,408.95,41.49,41.29,epias.com.tr; ytbs.teias.gov.tr,false,
2022-01-31 17:00:00,Turkey,Turkey,TR,347.94,412.51,41.0,40.76,epias.com.tr; ytbs.teias.gov.tr,false,
2022-01-31 18:00:00,Turkey,Turkey,TR,358.7,423.8,39.57,39.32,epias.com.tr; ytbs.teias.gov.tr,false,
2022-01-31 19:00:00,Turkey,Turkey,TR,361.44,425.27,40.15,39.9,epias.com.tr; ytbs.teias.gov.tr,false,
2022-01-31 20:00:00,Turkey,Turkey,TR,367.2,430.51,39.99,39.73,epias.com.tr; ytbs.teias.gov.tr,false,
2022-01-31 21:00:00,Turkey,Turkey,TR,377.75,441.33,38.76,38.45,epias.com.tr,false,
2022-01-31 22:00:00,Turkey,Turkey,TR,389.68,453.7,37.43,37.06,epias.com.tr; ytbs.teias.gov.tr,false,
2022-01-31 23:00:00,Turkey,Turkey,TR,396.88,458.83,38.12,37.63,epias.com.tr; ytbs.teias.gov.tr,false,
2022-02-01 00:00:00,Turkey,Turkey,TR,405.06,466.34,37.68,37.17,epias.com.tr; ytbs.teias.gov.tr,false,
2022-02-01 01:00:00,Turkey,Turkey,TR,408.16,469.07,37.52,37.02,epias.com.tr; ytbs.teias.gov.tr,false,
2022-02-01 02:00:00,Turkey,Turkey,TR,409.96,470.9,37.16,36.7,epias.com.tr; ytbs.teias.gov.tr,false,
2022-02-01 03:00:00,Turkey,Turkey,TR,411.66,472.97,36.65,36.24,epias.com.tr; ytbs.teias.gov.tr,false,
2022-02-01 04:00:00,Turkey,Turkey,TR,404.68,466.82,36.73,36.5,epias.com.tr; ytbs.teias.gov.tr,false,
2022-02-01 05:00:00,Turkey,Turkey,TR,400.32,464.13,35.87,35.73,epias.com.tr; ytbs.teias.gov.tr,false,
2022-02-01 06:00:00,Turkey,Turkey,TR,368.03,431.65,38.84,38.81,epias.com.tr; ytbs.teias.gov.tr,false,
2022-02-01 07:00:00,Turkey,Turkey,TR,350.03,413.26,40.79,40.77,epias.com.tr; ytbs.teias.gov.tr,false,
2022-02-01 08:00:00,Turkey,Turkey,TR,342.16,404.71,41.93,41.9,epias.com.tr; ytbs.teias.gov.tr,false,
2022-02-01 09:00:00,Turkey,Turkey,TR,336.96,398.73,42.9,42.89,epias.com.tr; ytbs.teias.gov.tr,false,
2022-02-01 10:00:00,Turkey,Turkey,TR,344.36,406.53,41.89,41.87,epias.com.tr; ytbs.teias.gov.tr,false,
2022-02-01 11:00:00,Turkey,Turkey,TR,344.15,406.48,41.78,41.76,epias.com.tr; ytbs.teias.gov.tr,false,
2022-02-01 12:00:00,Turkey,Turkey,TR,342.74,405.05,41.92,41.91,epias.com.tr; ytbs.teias.gov.tr,false,
2022-02-01 13:00:00,Turkey,Turkey,TR,344.44,407.59,41.26,41.22,epias.com.tr; ytbs.teias.gov.tr,false,
2022-02-01 14:00:00,Turkey,Turkey,TR,341.32,403.96,41.85,41.78,epias.com.tr; ytbs.teias.gov.tr,false,
2022-02-01 15:00:00,Turkey,Turkey,TR,339.19,401.46,42.34,42.28,epias.com.tr; ytbs.teias.gov.tr,false,
2022-02-01 16:00:00,Turkey,Turkey,TR,345.59,408.49,41.29,41.25,epias.com.tr; ytbs.teias.gov.tr,false,
2022-02-01 17:00:00,Turkey,Turkey,TR,352.51,415.52,40.54,40.43,epias.com.tr; ytbs.teias.gov.tr,false,
2022-02-01 18:00:00,Turkey,Turkey,TR,354.36,416.44,40.86,40.71,epias.com.tr; ytbs.teias.gov.tr,false,
2022-02-01 19:00:00,Turkey,Turkey,TR,356.85,418.21,41.2,41.03,epias.com.tr; ytbs.teias.gov.tr,false,
2022-02-01 20:00:00,Turkey,Turkey,TR,359.9,420.44,41.38,41.13,epias.com.tr; ytbs.teias.gov.tr,false,
2022-02-01 21:00:00,Turkey,Turkey,TR,362.09,421.78,41.79,41.5,epias.com.tr,false,
2022-02-01 22:00:00,Turkey,Turkey,TR,370.15,427.76,42.34,41.97,epias.com.tr; ytbs.teias.gov.tr,false,
2022-02-01 23:00:00,Turkey,Turkey,TR,374.09,430.79,42.53,42.16,epias.com.tr; ytbs.teias.gov.tr,false,
2022-02-02 00:00:00,Turkey,Turkey,TR,381.56,438.18,41.85,41.39,epias.com.tr; ytbs.teias.gov.tr,false,
2022-02-02 01:00:00,Turkey,Turkey,TR,388.49,446.23,40.5,39.99,epias.com.tr; ytbs.teias.gov.tr,false,
2022-02-02 02:00:00,Turkey,Turkey,TR,391.24,449.81,39.8,39.3,epias.com.tr; ytbs.teias.gov.tr,false,
2022-02-02 03:00:00,Turkey,Turkey,TR,392.62,451.67,39.35,38.94,epias.com.tr; ytbs.teias.gov.tr,false,
2022-02-02 04:00:00,Turkey,Turkey,TR,401.43,461.99,37.51,37.25,epias.com.tr; ytbs.teias.gov.tr,false,
2022-02-02 05:00:00,Turkey,Turkey,TR,402.55,465.39,35.85,35.7,epias.com.tr; ytbs.teias.gov.tr,false,
2022-02-02 06:00:00,Turkey,Turkey,TR,386.37,452.41,35.22,35.11,epias.com.tr; ytbs.teias.gov.tr,false,
2022-02-02 07:00:00,Turkey,Turkey,TR,362.98,427.32,38.59,38.49,epias.com.tr; ytbs.teias.gov.tr,false,
2022-02-02 08:00:00,Turkey,Turkey,TR,350.09,412.65,40.95,40.85,epias.com.tr; ytbs.teias.gov.tr,false,
2022-02-02 09:00:00,Turkey,Turkey,TR,344.6,406.96,41.67,41.58,epias.com.tr; ytbs.teias.gov.tr,false,
2022-02-02 10:00:00,Turkey,Turkey,TR,353.15,416.02,40.51,40.38,epias.com.tr; ytbs.teias.gov.tr,false,
2022-02-02 11:00:00,Turkey,Turkey,TR,352.37,415.52,40.46,40.36,epias.com.tr; ytbs.teias.gov.tr,false,
2022-02-02 12:00:00,Turkey,Turkey,TR,349.43,411.9,41.11,41.0,epias.com.tr; ytbs.teias.gov.tr,false,
2022-02-02 13:00:00,Turkey,Turkey,TR,355.15,418.45,40.1,39.98,epias.com.tr; ytbs.teias.gov.tr,false,
2022-02-02 14:00:00,Turkey,Turkey,TR,353.74,416.92,40.32,40.2,epias.com.tr; ytbs.teias.gov.tr,false,
2022-02-02 15:00:00,Turkey,Turkey,TR,349.68,412.33,41.09,41.0,epias.com.tr; ytbs.teias.gov.tr,false,
2022-02-02 16:00:00,Turkey,Turkey,TR,352.49,415.9,40.39,40.31,epias.com.tr; ytbs.teias.gov.tr,false,
2022-02-02 17:00:00,Turkey,Turkey,TR,360.2,424.31,39.33,39.21,epias.com.tr; ytbs.teias.gov.tr,false,
2022-02-02 18:00:00,Turkey,Turkey,TR,366.3,430.11,39.0,38.85,epias.com.tr; ytbs.teias.gov.tr,false,
2022-02-02 19:00:00,Turkey,Turkey,TR,369.72,432.9,39.2,39.06,epias.com.tr; ytbs.teias.gov.tr,false,
2022-02-02 20:00:00,Turkey,Turkey,TR,369.29,430.88,40.22,40.01,epias.com.tr; ytbs.teias.gov.tr,false,
2022-02-02 21:00:00,Turkey,Turkey,TR,374.43,435.16,40.26,40.02,epias.com.tr,false,
2022-02-02 22:00:00,Turkey,Turkey,TR,375.61,435.15,41.14,40.89,epias.com.tr; ytbs.teias.gov.tr,false,
2022-02-02 23:00:00,Turkey,Turkey,TR,386.75,444.78,41.11,40.76,epias.com.tr; ytbs.teias.gov.tr,false,
2022-02-03 00:00:00,Turkey,Turkey,TR,397.99,456.29,39.81,39.38,epias.com.tr; ytbs.teias.gov.tr,false,
2022-02-03 01:00:00,Turkey,Turkey,TR,403.88,462.82,38.79,38.38,epias.com.tr; ytbs.teias.gov.tr,false,
2022-02-03 02:00:00,Turkey,Turkey,TR,403.23,461.66,39.14,38.7,epias.com.tr; ytbs.teias.gov.tr,false,
2022-02-03 03:00:00,Turkey,Turkey,TR,401.67,460.16,39.24,38.82,epias.com.tr; ytbs.teias.gov.tr,false,
2022-02-03 04:00:00,Turkey,Turkey,TR,399.89,459.99,38.36,38.03,epias.com.tr; ytbs.teias.gov.tr,false,
2022-02-03 05:00:00,Turkey,Turkey,TR,402.46,466.8,35.17,34.88,epias.com.tr; ytbs.teias.gov.tr,false,
2022-02-03 06:00:00,Turkey,Turkey,TR,376.62,442.27,36.75,36.61,epias.com.tr; ytbs.teias.gov.tr,false,
2022-02-03 07:00:00,Turkey,Turkey,TR,351.38,414.05,41.17,41.01,epias.com.tr; ytbs.teias.gov.tr,false,
2022-02-03 08:00:00,Turkey,Turkey,TR,346.77,409.57,41.42,41.28,epias.com.tr; ytbs.teias.gov.tr,false,
2022-02-03 09:00:00,Turkey,Turkey,TR,345.62,408.41,41.5,41.35,epias.com.tr; ytbs.teias.gov.tr,false,
2022-02-03 10:00:00,Turkey,Turkey,TR,355.55,419.12,39.97,39.78,epias.com.tr; ytbs.teias.gov.tr,false,
2022-02-03 11:00:00,Turkey,Turkey,TR,354.62,418.11,39.99,39.77,epias.com.tr; ytbs.teias.gov.tr,false,
2022-02-03 12:00:00,Turkey,Turkey,TR,348.7,411.79,40.79,40.58,epias.com.tr; ytbs.teias.gov.tr,false,
2022-02-03 13:00:00,Turkey,Turkey,TR,349.54,413.06,40.38,40.19,epias.com.tr; ytbs.teias.gov.tr,false,
2022-02-03 14:00:00,Turkey,Turkey,TR,345.81,409.0,40.98,40.81,epias.com.tr; ytbs.teias.gov.tr,false,
2022-02-03 15:00:00,Turkey,Turkey,TR,340.43,403.15,41.78,41.64,epias.com.tr; ytbs.teias.gov.tr,false,
2022-02-03 16:00:00,Turkey,Turkey,TR,343.96,405.98,41.86,41.69,epias.com.tr; ytbs.teias.gov.tr,false,
2022-02-03 17:00:00,Turkey,Turkey,TR,345.95,406.91,42.34,42.18,epias.com.tr; ytbs.teias.gov.tr,false,
2022-02-03 18:00:00,Turkey,Turkey,TR,353.38,414.86,41.36,41.16,epias.com.tr; ytbs.teias.gov.tr,false,
2022-02-03 19:00:00,Turkey,Turkey,TR,358.05,418.75,41.44,41.17,epias.com.tr; ytbs.teias.gov.tr,false,
2022-02-03 20:00:00,Turkey,Turkey,TR,357.86,417.5,42.16,41.85,epias.com.tr; ytbs.teias.gov.tr,false,
2022-02-03 21:00:00,Turkey,Turkey,TR,357.81,416.21,43.02,42.71,epias.com.tr,false,
2022-02-03 22:00:00,Turkey,Turkey,TR,359.07,414.42,45.02,44.61,epias.com.tr; ytbs.teias.gov.tr,false,
2022-02-03 23:00:00,Turkey,Turkey,TR,368.22,424.96,43.4,42.93,epias.com.tr; ytbs.teias.gov.tr,false,
2022-02-04 00:00:00,Turkey,Turkey,TR,380.92,439.01,41.4,40.88,epias.com.tr; ytbs.teias.gov.tr,false,
2022-02-04 01:00:00,Turkey,Turkey,TR,385.19,443.64,40.81,40.33,epias.com.tr; ytbs.teias.gov.tr,false,
2022-02-04 02:00:00,Turkey,Turkey,TR,386.62,444.79,40.78,40.32,epias.com.tr; ytbs.teias.gov.tr,false,
2022-02-04 03:00:00,Turkey,Turkey,TR,388.4,446.82,40.53,40.14,epias.com.tr; ytbs.teias.gov.tr,false,
2022-02-04 04:00:00,Turkey,Turkey,TR,391.72,451.93,39.03,38.76,epias.com.tr; ytbs.teias.gov.tr,false,
2022-02-04 05:00:00,Turkey,Turkey,TR,399.06,462.89,35.93,35.76,epias.com.tr; ytbs.teias.gov.tr,false,
2022-02-04 06:00:00,Turkey,Turkey,TR,372.88,438.07,37.57,37.52,epias.com.tr; ytbs.teias.gov.tr,false,
2022-02-04 07:00:00,Turkey,Turkey,TR,349.0,412.35,41.08,41.04,epias.com.tr; ytbs.teias.gov.tr,false,
2022-02-04 08:00:00,Turkey,Turkey,TR,345.52,408.81,41.38,41.29,epias.com.tr; ytbs.teias.gov.tr,false,
2022-02-04 09:00:00,Turkey,Turkey,TR,344.77,408.81,40.96,40.88,epias.com.tr; ytbs.teias.gov.tr,false,
2022-02-04 10:00:00,Turkey,Turkey,TR,349.31,413.71,40.38,40.23,epias.com.tr; ytbs.teias.gov.tr,false,
2022-02-04 11:00:00,Turkey,Turkey,TR,357.06,422.64,38.93,38.78,epias.com.tr; ytbs.teias.gov.tr,false,
2022-02-04 12:00:00,Turkey,Turkey,TR,350.65,415.95,39.77,39.62,epias.com.tr; ytbs.teias.gov.tr,false,
2022-02-04 13:00:00,Turkey,Turkey,TR,352.15,416.94,39.89,39.71,epias.com.tr; ytbs.teias.gov.tr,false,
2022-02-04 14:00:00,Turkey,Turkey,TR,347.29,411.14,41.09,40.92,epias.com.tr; ytbs.teias.gov.tr,false,
2022-02-04 15:00:00,Turkey,Turkey,TR,343.7,407.04,41.92,41.75,epias.com.tr; ytbs.teias.gov.tr,false,
2022-02-04 16:00:00,Turkey,Turkey,TR,346.28,409.81,41.66,41.5,epias.com.tr; ytbs.teias.gov.tr,false,
2022-02-04 17:00:00,Turkey,Turkey,TR,352.19,415.58,41.14,40.95,epias.com.tr; ytbs.teias.gov.tr,false,
2022-02-04 18:00:00,Turkey,Turkey,TR,358.36,421.54,40.72,40.48,epias.com.tr; ytbs.teias.gov.tr,false,
2022-02-04 19:00:00,Turkey,Turkey,TR,359.06,420.93,41.57,41.28,epias.com.tr; ytbs.teias.gov.tr,false,
2022-02-04 20:00:00,Turkey,Turkey,TR,365.91,427.5,41.2,40.85,epias.com.tr; ytbs.teias.gov.tr,false,
2022-02-04 21:00:00,Turkey,Turkey,TR,372.94,435.32,40.13,39.76,epias.com.tr,false,
2022-02-04 22:00:00,Turkey,Turkey,TR,379.83,440.39,40.79,40.34,epias.com.tr; ytbs.teias.gov.tr,false,
2022-02-04 23:00:00,Turkey,Turkey,TR,389.29,449.53,40.3,39.84,epias.com.tr; ytbs.teias.gov.tr,false,
2022-02-05 00:00:00,Turkey,Turkey,TR,402.79,463.36,38.95,38.42,epias.com.tr; ytbs.teias.gov.tr,false,
2022-02-05 01:00:00,Turkey,Turkey,TR,413.8,476.46,36.5,35.97,epias.com.tr; ytbs.teias.gov.tr,false,
2022-02-05 02:00:00,Turkey,Turkey,TR,416.56,478.7,36.56,36.05,epias.com.tr; ytbs.teias.gov.tr,false,
2022-02-05 03:00:00,Turkey,Turkey,TR,412.95,474.86,37.1,36.65,epias.com.tr; ytbs.teias.gov.tr,false,
2022-02-05 04:00:00,Turkey,Turkey,TR,406.63,468.39,37.73,37.3,epias.com.tr; ytbs.teias.gov.tr,false,
2022-02-05 05:00:00,Turkey,Turkey,TR,413.6,478.75,34.69,34.37,epias.com.tr; ytbs.teias.gov.tr,false,
2022-02-05 06:00:00,Turkey,Turkey,TR,403.31,471.77,33.32,33.06,epias.com.tr; ytbs.teias.gov.tr,false,
2022-02-05 07:00:00,Turkey,Turkey,TR,392.29,460.27,34.69,34.38,epias.com.tr; ytbs.teias.gov.tr,false,
2022-02-05 08:00:00,Turkey,Turkey,TR,393.33,462.71,33.67,33.38,epias.com.tr; ytbs.teias.gov.tr,false,
2022-02-05 09:00:00,Turkey,Turkey,TR,394.72,464.28,33.4,33.08,epias.com.tr; ytbs.teias.gov.tr,false,
2022-02-05 10:00:00,Turkey,Turkey,TR,404.79,475.35,31.83,31.51,epias.com.tr; ytbs.teias.gov.tr,false,
2022-02-05 11:00:00,Turkey,Turkey,TR,407.54,478.18,31.44,31.09,epias.com.tr; ytbs.teias.gov.tr,false,
2022-02-05 12:00:00,Turkey,Turkey,TR,408.01,478.23,31.71,31.29,epias.com.tr; ytbs.teias.gov.tr,false,
2022-02-05 13:00:00,Turkey,Turkey,TR,416.84,488.6,29.95,29.6,epias.com.tr; ytbs.teias.gov.tr,false,
2022-02-05 14:00:00,Turkey,Turkey,TR,414.04,486.12,30.01,29.72,epias.com.tr; ytbs.teias.gov.tr,false,
2022-02-05 15:00:00,Turkey,Turkey,TR,394.76,465.05,32.9,32.65,epias.com.tr; ytbs.teias.gov.tr,false,
2022-02-05 16:00:00,Turkey,Turkey,TR,367.06,434.12,37.64,37.45,epias.com.tr; ytbs.teias.gov.tr,false,
2022-02-05 17:00:00,Turkey,Turkey,TR,361.0,426.98,38.87,38.64,epias.com.tr; ytbs.teias.gov.tr,false,
2022-02-05 18:00:00,Turkey,Turkey,TR,364.79,430.71,38.65,38.41,epias.com.tr; ytbs.teias.gov.tr,false,
2022-02-05 19:00:00,Turkey,Turkey,TR,368.28,433.73,38.71,38.42,epias.com.tr; ytbs.teias.gov.tr,false,
2022-02-05 20:00:00,Turkey,Turkey,TR,376.03,440.76,38.44,38.07,epias.com.tr; ytbs.teias.gov.tr,false,
2022-02-05 21:00:00,Turkey,Turkey,TR,389.1,455.12,36.49,36.03,epias.com.tr,false,
2022-02-05 22:00:00,Turkey,Turkey,TR,403.11,469.42,35.0,34.45,epias.com.tr; ytbs.teias.gov.tr,false,
2022-02-05 23:00:00,Turkey,Turkey,TR,418.22,484.97,33.47,32.87,epias.com.tr; ytbs.teias.gov.tr,false,
2022-02-06 00:00:00,Turkey,Turkey,TR,432.19,499.77,31.64,31.03,epias.com.tr; ytbs.teias.gov.tr,false,
2022-02-06 01:00:00,Turkey,Turkey,TR,436.05,502.73,31.98,31.37,epias.com.tr; ytbs.teias.gov.tr,false,
2022-02-06 02:00:00,Turkey,Turkey,TR,439.94,506.57,31.57,30.97,epias.com.tr; ytbs.teias.gov.tr,false,
2022-02-06 03:00:00,Turkey,Turkey,TR,443.07,509.83,31.16,30.57,epias.com.tr; ytbs.teias.gov.tr,false,
2022-02-06 04:00:00,Turkey,Turkey,TR,443.51,510.31,31.13,30.54,epias.com.tr; ytbs.teias.gov.tr,false,
2022-02-06 05:00:00,Turkey,Turkey,TR,442.51,508.6,31.69,31.18,epias.com.tr; ytbs.teias.gov.tr,false,
2022-02-06 06:00:00,Turkey,Turkey,TR,450.06,517.14,30.31,29.81,epias.com.tr; ytbs.teias.gov.tr,false,
2022-02-06 07:00:00,Turkey,Turkey,TR,443.92,510.97,30.94,30.4,epias.com.tr; ytbs.teias.gov.tr,false,
2022-02-06 08:00:00,Turkey,Turkey,TR,437.99,506.23,30.72,30.21,epias.com.tr; ytbs.teias.gov.tr,false,
2022-02-06 09:00:00,Turkey,Turkey,TR,445.38,514.44,29.45,28.94,epias.com.tr; ytbs.teias.gov.tr,false,
2022-02-06 10:00:00,Turkey,Turkey,TR,449.28,518.7,28.76,28.26,epias.com.tr; ytbs.teias.gov.tr,false,
2022-02-06 11:00:00,Turkey,Turkey,TR,451.81,520.41,29.18,28.64,epias.com.tr; ytbs.teias.gov.tr,false,
2022-02-06 12:00:00,Turkey,Turkey,TR,450.22,519.8,28.73,28.15,epias.com.tr; ytbs.teias.gov.tr,false,
2022-02-06 13:00:00,Turkey,Turkey,TR,451.34,522.63,27.39,26.83,epias.com.tr; ytbs.teias.gov.tr,false,
2022-02-06 14:00:00,Turkey,Turkey,TR,445.07,517.29,27.24,26.73,epias.com.tr; ytbs.teias.gov.tr,false,
2022-02-06 15:00:00,Turkey,Turkey,TR,434.19,507.52,27.39,26.96,epias.com.tr; ytbs.teias.gov.tr,false,
2022-02-06 16:00:00,Turkey,Turkey,TR,405.84,476.17,31.94,31.58,epias.com.tr; ytbs.teias.gov.tr,false,
2022-02-06 17:00:00,Turkey,Turkey,TR,388.22,456.94,34.7,34.36,epias.com.tr; ytbs.teias.gov.tr,false,
2022-02-06 18:00:00,Turkey,Turkey,TR,385.53,454.8,34.62,34.24,epias.com.tr; ytbs.teias.gov.tr,false,
2022-02-06 19:00:00,Turkey,Turkey,TR,390.99,460.84,33.67,33.27,epias.com.tr; ytbs.teias.gov.tr,false,
2022-02-06 20:00:00,Turkey,Turkey,TR,388.27,456.72,34.81,34.4,epias.com.tr; ytbs.teias.gov.tr,false,
2022-02-06 21:00:00,Turkey,Turkey,TR,386.48,453.45,35.99,35.54,epias.com.tr,false,
2022-02-06 22:00:00,Turkey,Turkey,TR,391.93,457.05,36.74,36.25,epias.com.tr; ytbs.teias.gov.tr,false,
2022-02-06 23:00:00,Turkey,Turkey,TR,402.12,466.79,36.1,35.51,epias.com.tr; ytbs.teias.gov.tr,false,
2022-02-07 00:00:00,Turkey,Turkey,TR,412.2,477.32,34.78,34.16,epias.com.tr; ytbs.teias.gov.tr,false,
2022-02-07 01:00:00,Turkey,Turkey,TR,414.92,479.64,34.71,34.12,epias.com.tr; ytbs.teias.gov.tr,false,
2022-02-07 02:00:00,Turkey,Turkey,TR,409.47,473.0,35.96,35.39,epias.com.tr; ytbs.teias.gov.tr,false,
2022-02-07 03:00:00,Turkey,Turkey,TR,407.83,471.32,35.97,35.45,epias.com.tr; ytbs.teias.gov.tr,false,
2022-02-07 04:00:00,Turkey,Turkey,TR,395.24,457.66,37.74,37.26,epias.com.tr; ytbs.teias.gov.tr,false,
2022-02-07 05:00:00,Turkey,Turkey,TR,378.35,440.53,39.3,39.0,epias.com.tr; ytbs.teias.gov.tr,false,
2022-02-07 06:00:00,Turkey,Turkey,TR,350.79,413.15,41.54,41.43,epias.com.tr; ytbs.teias.gov.tr,false,
2022-02-07 07:00:00,Turkey,Turkey,TR,337.26,398.31,43.58,43.43,epias.com.tr; ytbs.teias.gov.tr,false,
2022-02-07 08:00:00,Turkey,Turkey,TR,336.98,398.2,43.48,43.34,epias.com.tr; ytbs.teias.gov.tr,false,
2022-02-07 09:00:00,Turkey,Turkey,TR,340.13,401.37,43.15,42.99,epias.com.tr; ytbs.teias.gov.tr,false,
2022-02-07 10:00:00,Turkey,Turkey,TR,351.25,412.78,41.82,41.64,epias.com.tr; ytbs.teias.gov.tr,false,
2022-02-07 11:00:00,Turkey,Turkey,TR,352.18,414.44,41.1,40.95,epias.com.tr; ytbs.teias.gov.tr,false,
2022-02-07 12:00:00,Turkey,Turkey,TR,340.19,401.3,43.09,42.96,epias.com.tr; ytbs.teias.gov.tr,false,
2022-02-07 13:00:00,Turkey,Turkey,TR,338.19,399.34,43.26,43.08,epias.com.tr; ytbs.teias.gov.tr,false,
2022-02-07 14:00:00,Turkey,Turkey,TR,334.53,395.7,43.49,43.33,epias.com.tr; ytbs.teias.gov.tr,false,
2022-02-07 15:00:00,Turkey,Turkey,TR,322.48,381.72,45.9,45.74,epias.com.tr; ytbs.teias.gov.tr,false,
2022-02-07 16:00:00,Turkey,Turkey,TR,320.41,379.63,46.12,46.0,epias.com.tr; ytbs.teias.gov.tr,false,
2022-02-07 17:00:00,Turkey,Turkey,TR,321.3,379.65,46.54,46.34,epias.com.tr; ytbs.teias.gov.tr,false,
2022-02-07 18:00:00,Turkey,Turkey,TR,328.22,387.47,45.27,45.04,epias.com.tr; ytbs.teias.gov.tr,false,
2022-02-07 19:00:00,Turkey,Turkey,TR,329.89,387.92,45.88,45.55,epias.com.tr; ytbs.teias.gov.tr,false,
2022-02-07 20:00:00,Turkey,Turkey,TR,328.34,384.21,47.5,47.12,epias.com.tr; ytbs.teias.gov.tr,false,
2022-02-07 21:00:00,Turkey,Turkey,TR,325.62,379.5,49.16,48.69,epias.com.tr,false,
2022-02-07 22:00:00,Turkey,Turkey,TR,335.92,389.64,48.43,47.9,epias.com.tr; ytbs.teias.gov.tr,false,
2022-02-07 23:00:00,Turkey,Turkey,TR,354.04,409.58,45.58,45.02,epias.com.tr; ytbs.teias.gov.tr,false,
2022-02-08 00:00:00,Turkey,Turkey,TR,359.62,415.21,44.96,44.28,epias.com.tr; ytbs.teias.gov.tr,false,
2022-02-08 01:00:00,Turkey,Turkey,TR,371.06,427.52,43.32,42.61,epias.com.tr; ytbs.teias.gov.tr,false,
2022-02-08 02:00:00,Turkey,Turkey,TR,370.57,426.88,43.41,42.74,epias.com.tr; ytbs.teias.gov.tr,false,
2022-02-08 03:00:00,Turkey,Turkey,TR,369.86,426.61,43.23,42.63,epias.com.tr; ytbs.teias.gov.tr,false,
2022-02-08 04:00:00,Turkey,Turkey,TR,371.91,431.95,40.86,40.35,epias.com.tr; ytbs.teias.gov.tr,false,
2022-02-08 05:00:00,Turkey,Turkey,TR,369.72,432.36,39.33,38.86,epias.com.tr; ytbs.teias.gov.tr,false,
2022-02-08 06:00:00,Turkey,Turkey,TR,342.46,405.66,41.39,41.03,epias.com.tr; ytbs.teias.gov.tr,false,
2022-02-08 07:00:00,Turkey,Turkey,TR,327.43,389.72,43.42,43.05,epias.com.tr; ytbs.teias.gov.tr,false,
2022-02-08 08:00:00,Turkey,Turkey,TR,322.75,384.66,44.2,43.85,epias.com.tr; ytbs.teias.gov.tr,false,
2022-02-08 09:00:00,Turkey,Turkey,TR,313.79,374.88,45.63,45.33,epias.com.tr; ytbs.teias.gov.tr,false,
2022-02-08 10:00:00,Turkey,Turkey,TR,317.11,378.11,45.52,45.18,epias.com.tr; ytbs.teias.gov.tr,false,
2022-02-08 11:00:00,Turkey,Turkey,TR,319.49,381.36,44.73,44.39,epias.com.tr; ytbs.teias.gov.tr,false,
2022-02-08 12:00:00,Turkey,Turkey,TR,316.78,378.45,45.09,44.77,epias.com.tr; ytbs.teias.gov.tr,false,
2022-02-08 13:00:00,Turkey,Turkey,TR,317.63,379.05,45.14,44.77,epias.com.tr; ytbs.teias.gov.tr,false,
2022-02-08 14:00:00,Turkey,Turkey,TR,314.28,374.65,46.11,45.79,epias.com.tr; ytbs.teias.gov.tr,false,
2022-02-08 15:00:00,Turkey,Turkey,TR,306.46,365.07,48.0,47.7,epias.com.tr; ytbs.teias.gov.tr,false,
2022-02-08 16:00:00,Turkey,Turkey,TR,308.52,367.33,47.66,47.37,epias.com.tr; ytbs.teias.gov.tr,false,
2022-02-08 17:00:00,Turkey,Turkey,TR,314.19,374.09,46.35,46.04,epias.com.tr; ytbs.teias.gov.tr,false,
2022-02-08 18:00:00,Turkey,Turkey,TR,322.8,384.02,44.65,44.31,epias.com.tr; ytbs.teias.gov.tr,false,
2022-02-08 19:00:00,Turkey,Turkey,TR,333.89,396.76,42.55,42.16,epias.com.tr; ytbs.teias.gov.tr,false,
2022-02-08 20:00:00,Turkey,Turkey,TR,329.39,388.93,45.25,44.84,epias.com.tr; ytbs.teias.gov.tr,false,
2022-02-08 21:00:00,Turkey,Turkey,TR,337.22,396.12,44.86,44.41,epias.com.tr,false,
2022-02-08 22:00:00,Turkey,Turkey,TR,341.04,397.88,45.9,45.42,epias.com.tr; ytbs.teias.gov.tr,false,
2022-02-08 23:00:00,Turkey,Turkey,TR,354.17,411.7,44.31,43.81,epias.com.tr; ytbs.teias.gov.tr,false,
2022-02-09 00:00:00,Turkey,Turkey,TR,363.74,421.43,43.3,42.76,epias.com.tr; ytbs.teias.gov.tr,false,
2022-02-09 01:00:00,Turkey,Turkey,TR,366.09,422.83,43.7,43.16,epias.com.tr; ytbs.teias.gov.tr,false,
2022-02-09 02:00:00,Turkey,Turkey,TR,364.47,421.12,43.86,43.34,epias.com.tr; ytbs.teias.gov.tr,false,
2022-02-09 03:00:00,Turkey,Turkey,TR,361.15,418.11,44.0,43.48,epias.com.tr; ytbs.teias.gov.tr,false,
2022-02-09 04:00:00,Turkey,Turkey,TR,361.82,420.88,42.67,42.29,epias.com.tr; ytbs.teias.gov.tr,false,
2022-02-09 05:00:00,Turkey,Turkey,TR,356.73,417.89,41.71,41.41,epias.com.tr; ytbs.teias.gov.tr,false,
2022-02-09 06:00:00,Turkey,Turkey,TR,342.81,406.61,41.23,41.01,epias.com.tr; ytbs.teias.gov.tr,false,
2022-02-09 07:00:00,Turkey,Turkey,TR,328.02,391.15,43.06,42.86,epias.com.tr; ytbs.teias.gov.tr,false,
2022-02-09 08:00:00,Turkey,Turkey,TR,321.75,383.82,44.32,44.08,epias.com.tr; ytbs.teias.gov.tr,false,
2022-02-09 09:00:00,Turkey,Turkey,TR,320.75,382.45,44.64,44.39,epias.com.tr; ytbs.teias.gov.tr,false,
2022-02-09 10:00:00,Turkey,Turkey,TR,331.41,393.79,43.19,42.91,epias.com.tr; ytbs.teias.gov.tr,false,
2022-02-09 11:00:00,Turkey,Turkey,TR,336.37,398.86,42.59,42.24,epias.com.tr; ytbs.teias.gov.tr,false,
2022-02-09 12:00:00,Turkey,Turkey,TR,338.17,400.3,42.63,42.24,epias.com.tr; ytbs.teias.gov.tr,false,
2022-02-09 13:00:00,Turkey,Turkey,TR,339.56,402.63,41.93,41.55,epias.com.tr; ytbs.teias.gov.tr,false,
2022-02-09 14:00:00,Turkey,Turkey,TR,337.97,401.07,42.07,41.79,epias.com.tr; ytbs.teias.gov.tr,false,
2022-02-09 15:00:00,Turkey,Turkey,TR,334.77,397.62,42.54,42.29,epias.com.tr; ytbs.teias.gov.tr,false,
2022-02-09 16:00:00,Turkey,Turkey,TR,335.24,398.05,42.68,42.49,epias.com.tr; ytbs.teias.gov.tr,false,
2022-02-09 17:00:00,Turkey,Turkey,TR,339.41,403.13,41.68,41.48,epias.com.tr; ytbs.teias.gov.tr,false,
2022-02-09 18:00:00,Turkey,Turkey,TR,344.93,407.86,41.69,41.46,epias.com.tr; ytbs.teias.gov.tr,false,
2022-02-09 19:00:00,Turkey,Turkey,TR,353.0,415.12,41.52,41.29,epias.com.tr; ytbs.teias.gov.tr,false,
2022-02-09 20:00:00,Turkey,Turkey,TR,354.33,415.26,42.19,41.93,epias.com.tr; ytbs.teias.gov.tr,false,
2022-02-09 21:00:00,Turkey,Turkey,TR,361.65,422.39,41.69,41.4,epias.com.tr,false,
2022-02-09 22:00:00,Turkey,Turkey,TR,369.79,428.61,42.24,41.87,epias.com.tr; ytbs.teias.gov.tr,false,
2022-02-09 23:00:00,Turkey,Turkey,TR,382.91,441.79,40.91,40.43,epias.com.tr; ytbs.teias.gov.tr,false,
2022-02-10 00:00:00,Turkey,Turkey,TR,394.74,453.9,39.6,39.04,epias.com.tr; ytbs.teias.gov.tr,false,
2022-02-10 01:00:00,Turkey,Turkey,TR,395.42,454.55,39.61,39.01,epias.com.tr; ytbs.teias.gov.tr,false,
2022-02-10 02:00:00,Turkey,Turkey,TR,392.03,451.46,39.81,39.25,epias.com.tr; ytbs.teias.gov.tr,false,
2022-02-10 03:00:00,Turkey,Turkey,TR,396.96,457.12,38.82,38.27,epias.com.tr; ytbs.teias.gov.tr,false,
2022-02-10 04:00:00,Turkey,Turkey,TR,400.16,462.8,36.86,36.42,epias.com.tr; ytbs.teias.gov.tr,false,
2022-02-10 05:00:00,Turkey,Turkey,TR,398.26,463.67,35.11,34.77,epias.com.tr; ytbs.teias.gov.tr,false,
2022-02-10 06:00:00,Turkey,Turkey,TR,376.96,443.45,36.27,36.04,epias.com.tr; ytbs.teias.gov.tr,false,
2022-02-10 07:00:00,Turkey,Turkey,TR,354.1,418.76,39.78,39.55,epias.com.tr; ytbs.teias.gov.tr,false,
2022-02-10 08:00:00,Turkey,Turkey,TR,350.42,414.58,40.49,40.24,epias.com.tr; ytbs.teias.gov.tr,false,
2022-02-10 09:00:00,Turkey,Turkey,TR,355.53,420.86,39.23,38.99,epias.com.tr; ytbs.teias.gov.tr,false,
2022-02-10 10:00:00,Turkey,Turkey,TR,372.88,440.2,36.3,35.99,epias.com.tr; ytbs.teias.gov.tr,false,
2022-02-10 11:00:00,Turkey,Turkey,TR,375.19,443.09,35.72,35.38,epias.com.tr; ytbs.teias.gov.tr,false,
2022-02-10 12:00:00,Turkey,Turkey,TR,371.36,439.01,36.28,35.95,epias.com.tr; ytbs.teias.gov.tr,false,
2022-02-10 13:00:00,Turkey,Turkey,TR,372.82,440.21,36.25,35.94,epias.com.tr; ytbs.teias.gov.tr,false,
2022-02-10 14:00:00,Turkey,Turkey,TR,367.91,434.92,37.01,36.75,epias.com.tr; ytbs.teias.gov.tr,false,
2022-02-10 15:00:00,Turkey,Turkey,TR,359.93,425.83,38.48,38.21,epias.com.tr; ytbs.teias.gov.tr,false,
2022-02-10 16:00:00,Turkey,Turkey,TR,357.77,423.47,38.84,38.58,epias.com.tr; ytbs.teias.gov.tr,false,
2022-02-10 17:00:00,Turkey,Turkey,TR,357.08,422.53,39.05,38.75,epias.com.tr; ytbs.teias.gov.tr,false,
2022-02-10 18:00:00,Turkey,Turkey,TR,352.83,416.39,40.8,40.48,epias.com.tr; ytbs.teias.gov.tr,false,
2022-02-10 19:00:00,Turkey,Turkey,TR,355.17,417.68,41.34,40.96,epias.com.tr; ytbs.teias.gov.tr,false,
2022-02-10 20:00:00,Turkey,Turkey,TR,357.41,419.64,41.4,40.98,epias.com.tr; ytbs.teias.gov.tr,false,
2022-02-10 21:00:00,Turkey,Turkey,TR,361.49,423.87,41.07,40.58,epias.com.tr,false,
2022-02-10 22:00:00,Turkey,Turkey,TR,367.3,427.69,42.01,41.43,epias.com.tr; ytbs.teias.gov.tr,false,
2022-02-10 23:00:00,Turkey,Turkey,TR,375.55,434.54,42.39,41.77,epias.com.tr; ytbs.teias.gov.tr,false,
2022-02-11 00:00:00,Turkey,Turkey,TR,392.71,453.16,39.79,39.14,epias.com.tr; ytbs.teias.gov.tr,false,
2022-02-11 01:00:00,Turkey,Turkey,TR,403.53,464.96,38.2,37.55,epias.com.tr; ytbs.teias.gov.tr,false,
2022-02-11 02:00:00,Turkey,Turkey,TR,409.16,470.98,37.36,36.73,epias.com.tr; ytbs.teias.gov.tr,false,
2022-02-11 03:00:00,Turkey,Turkey,TR,407.93,470.11,37.25,36.65,epias.com.tr; ytbs.teias.gov.tr,false,
2022-02-11 04:00:00,Turkey,Turkey,TR,406.68,470.87,35.93,35.48,epias.com.tr; ytbs.teias.gov.tr,false,
2022-02-11 05:00:00,Turkey,Turkey,TR,400.13,467.38,34.43,34.05,epias.com.tr; ytbs.teias.gov.tr,false,
2022-02-11 06:00:00,Turkey,Turkey,TR,381.1,450.24,34.81,34.57,epias.com.tr; ytbs.teias.gov.tr,false,
2022-02-11 07:00:00,Turkey,Turkey,TR,370.91,439.33,36.3,36.02,epias.com.tr; ytbs.teias.gov.tr,false,
2022-02-11 08:00:00,Turkey,Turkey,TR,376.04,445.47,35.19,34.9,epias.com.tr; ytbs.teias.gov.tr,false,
2022-02-11 09:00:00,Turkey,Turkey,TR,380.78,450.71,34.47,34.15,epias.com.tr; ytbs.teias.gov.tr,false,
2022-02-11 10:00:00,Turkey,Turkey,TR,402.07,474.62,30.87,30.52,epias.com.tr; ytbs.teias.gov.tr,false,
2022-02-11 11:00:00,Turkey,Turkey,TR,414.87,488.28,29.2,28.83,epias.com.tr; ytbs.teias.gov.tr,false,
2022-02-11 12:00:00,Turkey,Turkey,TR,409.59,483.37,29.44,29.12,epias.com.tr; ytbs.teias.gov.tr,false,
2022-02-11 13:00:00,Turkey,Turkey,TR,407.36,481.01,29.78,29.47,epias.com.tr; ytbs.teias.gov.tr,false,
2022-02-11 14:00:00,Turkey,Turkey,TR,404.6,478.48,29.81,29.51,epias.com.tr; ytbs.teias.gov.tr,false,
2022-02-11 15:00:00,Turkey,Turkey,TR,385.16,456.3,33.36,33.13,epias.com.tr; ytbs.teias.gov.tr,false,
2022-02-11 16:00:00,Turkey,Turkey,TR,369.92,439.17,35.94,35.71,epias.com.tr; ytbs.teias.gov.tr,false,
2022-02-11 17:00:00,Turkey,Turkey,TR,363.12,430.9,37.5,37.31,epias.com.tr; ytbs.teias.gov.tr,false,
2022-02-11 18:00:00,Turkey,Turkey,TR,359.9,425.37,39.37,39.13,epias.com.tr; ytbs.teias.gov.tr,false,
2022-02-11 19:00:00,Turkey,Turkey,TR,364.25,429.62,38.98,38.68,epias.com.tr; ytbs.teias.gov.tr,false,
2022-02-11 20:00:00,Turkey,Turkey,TR,363.89,428.46,39.49,39.2,epias.com.tr; ytbs.teias.gov.tr,false,
2022-02-11 21:00:00,Turkey,Turkey,TR,359.16,421.09,41.83,41.55,epias.com.tr,false,
2022-02-11 22:00:00,Turkey,Turkey,TR,362.06,420.9,43.64,43.28,epias.com.tr; ytbs.teias.gov.tr,false,
2022-02-11 23:00:00,Turkey,Turkey,TR,381.82,441.13,41.41,40.96,epias.com.tr; ytbs.teias.gov.tr,false,
2022-02-12 00:00:00,Turkey,Turkey,TR,401.41,462.41,38.49,37.97,epias.com.tr; ytbs.teias.gov.tr,false,
2022-02-12 01:00:00,Turkey,Turkey,TR,415.71,478.32,36.05,35.49,epias.com.tr; ytbs.teias.gov.tr,false,
2022-02-12 02:00:00,Turkey,Turkey,TR,422.52,485.97,34.86,34.3,epias.com.tr; ytbs.teias.gov.tr,false,
2022-02-12 03:00:00,Turkey,Turkey,TR,424.79,488.93,34.26,33.69,epias.com.tr; ytbs.teias.gov.tr,false,
2022-02-12 04:00:00,Turkey,Turkey,TR,426.76,492.82,32.71,32.2,epias.com.tr; ytbs.teias.gov.tr,false,
2022-02-12 05:00:00,Turkey,Turkey,TR,433.0,501.51,30.45,29.91,epias.com.tr; ytbs.teias.gov.tr,false,
2022-02-12 06:00:00,Turkey,Turkey,TR,429.8,502.35,27.93,27.46,epias.com.tr; ytbs.teias.gov.tr,false,
2022-02-12 07:00:00,Turkey,Turkey,TR,425.1,498.77,27.68,27.2,epias.com.tr; ytbs.teias.gov.tr,false,
2022-02-12 08:00:00,Turkey,Turkey,TR,425.38,499.71,27.39,26.92,epias.com.tr; ytbs.teias.gov.tr,false,
2022-02-12 09:00:00,Turkey,Turkey,TR,423.61,497.61,27.87,27.42,epias.com.tr; ytbs.teias.gov.tr,false,
2022-02-12 10:00:00,Turkey,Turkey,TR,430.19,502.71,28.36,27.89,epias.com.tr; ytbs.teias.gov.tr,false,
2022-02-12 11:00:00,Turkey,Turkey,TR,431.94,504.54,28.15,27.66,epias.com.tr; ytbs.teias.gov.tr,false,
2022-02-12 12:00:00,Turkey,Turkey,TR,433.94,506.41,28.12,27.67,epias.com.tr; ytbs.teias.gov.tr,false,
2022-02-12 13:00:00,Turkey,Turkey,TR,425.82,496.73,29.82,29.4,epias.com.tr; ytbs.teias.gov.tr,false,
2022-02-12 14:00:00,Turkey,Turkey,TR,423.89,493.97,30.41,29.99,epias.com.tr; ytbs.teias.gov.tr,false,
2022-02-12 15:00:00,Turkey,Turkey,TR,411.62,481.76,31.32,30.94,epias.com.tr; ytbs.teias.gov.tr,false,
2022-02-12 16:00:00,Turkey,Turkey,TR,394.27,464.01,33.06,32.77,epias.com.tr; ytbs.teias.gov.tr,false,
2022-02-12 17:00:00,Turkey,Turkey,TR,385.35,453.73,34.68,34.33,epias.com.tr; ytbs.teias.gov.tr,false,
2022-02-12 18:00:00,Turkey,Turkey,TR,383.34,450.05,35.88,35.51,epias.com.tr; ytbs.teias.gov.tr,false,
2022-02-12 19:00:00,Turkey,Turkey,TR,379.24,443.43,37.9,37.49,epias.com.tr; ytbs.teias.gov.tr,false,
2022-02-12 20:00:00,Turkey,Turkey,TR,363.35,423.02,42.34,41.91,epias.com.tr; ytbs.teias.gov.tr,false,
2022-02-12 21:00:00,Turkey,Turkey,TR,361.45,420.51,42.9,42.42,epias.com.tr,false,
2022-02-12 22:00:00,Turkey,Turkey,TR,379.0,437.38,41.78,41.28,epias.com.tr; ytbs.teias.gov.tr,false,
2022-02-12 23:00:00,Turkey,Turkey,TR,389.39,446.45,41.65,41.05,epias.com.tr; ytbs.teias.gov.tr,false,
2022-02-13 00:00:00,Turkey,Turkey,TR,396.67,453.84,40.96,40.38,epias.com.tr; ytbs.teias.gov.tr,false,
2022-02-13 01:00:00,Turkey,Turkey,TR,394.7,452.28,41.0,40.4,epias.com.tr; ytbs.teias.gov.tr,false,
2022-02-13 02:00:00,Turkey,Turkey,TR,404.18,462.62,39.54,38.97,epias.com.tr; ytbs.teias.gov.tr,false,
2022-02-13 03:00:00,Turkey,Turkey,TR,403.89,462.23,39.63,39.06,epias.com.tr; ytbs.teias.gov.tr,false,
2022-02-13 04:00:00,Turkey,Turkey,TR,403.44,461.3,39.94,39.4,epias.com.tr; ytbs.teias.gov.tr,false,
2022-02-13 05:00:00,Turkey,Turkey,TR,407.09,464.7,39.71,39.2,epias.com.tr; ytbs.teias.gov.tr,false,
2022-02-13 06:00:00,Turkey,Turkey,TR,398.32,456.07,40.64,40.18,epias.com.tr; ytbs.teias.gov.tr,false,
2022-02-13 07:00:00,Turkey,Turkey,TR,394.7,452.76,40.83,40.41,epias.com.tr; ytbs.teias.gov.tr,false,
2022-02-13 08:00:00,Turkey,Turkey,TR,396.07,454.65,40.35,39.87,epias.com.tr; ytbs.teias.gov.tr,false,
2022-02-13 09:00:00,Turkey,Turkey,TR,395.77,454.36,40.45,39.96,epias.com.tr; ytbs.teias.gov.tr,false,
2022-02-13 10:00:00,Turkey,Turkey,TR,393.85,451.94,40.99,40.5,epias.com.tr; ytbs.teias.gov.tr,false,
2022-02-13 11:00:00,Turkey,Turkey,TR,390.76,448.91,41.34,40.87,epias.com.tr; ytbs.teias.gov.tr,false,
2022-02-13 12:00:00,Turkey,Turkey,TR,388.46,447.34,40.98,40.52,epias.com.tr; ytbs.teias.gov.tr,false,
2022-02-13 13:00:00,Turkey,Turkey,TR,396.88,456.38,39.63,39.16,epias.com.tr; ytbs.teias.gov.tr,false,
2022-02-13 14:00:00,Turkey,Turkey,TR,395.61,456.96,38.35,37.95,epias.com.tr; ytbs.teias.gov.tr,false,
2022-02-13 15:00:00,Turkey,Turkey,TR,393.99,456.71,37.48,37.13,epias.com.tr; ytbs.teias.gov.tr,false,
2022-02-13 16:00:00,Turkey,Turkey,TR,382.97,446.88,37.7,37.41,epias.com.tr; ytbs.teias.gov.tr,false,
2022-02-13 17:00:00,Turkey,Turkey,TR,371.31,434.37,39.46,39.17,epias.com.tr; ytbs.teias.gov.tr,false,
2022-02-13 18:00:00,Turkey,Turkey,TR,376.8,440.06,38.83,38.52,epias.com.tr; ytbs.teias.gov.tr,false,
2022-02-13 19:00:00,Turkey,Turkey,TR,385.38,448.95,37.9,37.53,epias.com.tr; ytbs.teias.gov.tr,false,
2022-02-13 20:00:00,Turkey,Turkey,TR,376.05,436.48,40.95,40.55,epias.com.tr; ytbs.teias.gov.tr,false,
2022-02-13 21:00:00,Turkey,Turkey,TR,384.37,444.99,40.21,39.8,epias.com.tr,false,
2022-02-13 22:00:00,Turkey,Turkey,TR,406.2,468.73,36.9,36.43,epias.com.tr; ytbs.teias.gov.tr,false,
2022-02-13 23:00:00,Turkey,Turkey,TR,419.76,482.65,35.5,34.96,epias.com.tr; ytbs.teias.gov.tr,false,
2022-02-14 00:00:00,Turkey,Turkey,TR,433.24,496.72,33.95,33.34,epias.com.tr; ytbs.teias.gov.tr,false,
2022-02-14 01:00:00,Turkey,Turkey,TR,443.95,508.14,32.5,31.89,epias.com.tr; ytbs.teias.gov.tr,false,
2022-02-14 02:00:00,Turkey,Turkey,TR,449.84,514.27,31.81,31.22,epias.com.tr; ytbs.teias.gov.tr,false,
2022-02-14 03:00:00,Turkey,Turkey,TR,448.52,513.35,31.63,31.05,epias.com.tr; ytbs.teias.gov.tr,false,
2022-02-14 04:00:00,Turkey,Turkey,TR,449.91,518.55,28.92,28.55,epias.com.tr; ytbs.teias.gov.tr,false,
2022-02-14 05:00:00,Turkey,Turkey,TR,436.9,507.85,28.58,28.3,epias.com.tr; ytbs.teias.gov.tr,false,
2022-02-14 06:00:00,Turkey,Turkey,TR,401.83,472.94,31.61,31.45,epias.com.tr; ytbs.teias.gov.tr,false,
2022-02-14 07:00:00,Turkey,Turkey,TR,382.63,452.35,34.29,34.13,epias.com.tr; ytbs.teias.gov.tr,false,
2022-02-14 08:00:00,Turkey,Turkey,TR,382.76,452.73,34.12,33.89,epias.com.tr; ytbs.teias.gov.tr,false,
2022-02-14 09:00:00,Turkey,Turkey,TR,379.69,449.37,34.62,34.42,epias.com.tr; ytbs.teias.gov.tr,false,
2022-02-14 10:00:00,Turkey,Turkey,TR,393.09,464.0,32.62,32.39,epias.com.tr; ytbs.teias.gov.tr,false,
2022-02-14 11:00:00,Turkey,Turkey,TR,394.62,466.35,31.93,31.7,epias.com.tr; ytbs.teias.gov.tr,false,
2022-02-14 12:00:00,Turkey,Turkey,TR,385.26,455.89,33.55,33.35,epias.com.tr; ytbs.teias.gov.tr,false,
2022-02-14 13:00:00,Turkey,Turkey,TR,386.81,457.62,33.22,33.04,epias.com.tr; ytbs.teias.gov.tr,false,
2022-02-14 14:00:00,Turkey,Turkey,TR,378.5,447.81,34.95,34.76,epias.com.tr; ytbs.teias.gov.tr,false,
2022-02-14 15:00:00,Turkey,Turkey,TR,371.15,438.93,36.63,36.45,epias.com.tr; ytbs.teias.gov.tr,false,
2022-02-14 16:00:00,Turkey,Turkey,TR,368.85,435.67,37.53,37.34,epias.com.tr; ytbs.teias.gov.tr,false,
2022-02-14 17:00:00,Turkey,Turkey,TR,368.98,435.31,37.89,37.67,epias.com.tr; ytbs.teias.gov.tr,false,
2022-02-14 18:00:00,Turkey,Turkey,TR,372.22,438.2,37.84,37.57,epias.com.tr; ytbs.teias.gov.tr,false,
2022-02-14 19:00:00,Turkey,Turkey,TR,381.01,447.35,36.82,36.47,epias.com.tr; ytbs.teias.gov.tr,false,
2022-02-14 20:00:00,Turkey,Turkey,TR,378.99,443.38,38.32,37.97,epias.com.tr; ytbs.teias.gov.tr,false,
2022-02-14 21:00:00,Turkey,Turkey,TR,389.25,453.42,37.6,37.22,epias.com.tr,false,
2022-02-14 22:00:00,Turkey,Turkey,TR,396.56,459.34,37.94,37.47,epias.com.tr; ytbs.teias.gov.tr,false,
2022-02-14 23:00:00,Turkey,Turkey,TR,413.22,476.8,35.98,35.42,epias.com.tr; ytbs.teias.gov.tr,false,
2022-02-15 00:00:00,Turkey,Turkey,TR,428.88,494.35,33.36,32.79,epias.com.tr; ytbs.teias.gov.tr,false,
2022-02-15 01:00:00,Turkey,Turkey,TR,438.48,504.84,31.9,31.3,epias.com.tr; ytbs.teias.gov.tr,false,
2022-02-15 02:00:00,Turkey,Turkey,TR,441.64,508.58,31.24,30.68,epias.com.tr; ytbs.teias.gov.tr,false,
2022-02-15 03:00:00,Turkey,Turkey,TR,434.52,500.5,32.6,32.03,epias.com.tr; ytbs.teias.gov.tr,false,
2022-02-15 04:00:00,Turkey,Turkey,TR,424.19,490.19,33.53,33.05,epias.com.tr; ytbs.teias.gov.tr,false,
2022-02-15 05:00:00,Turkey,Turkey,TR,414.75,482.81,32.95,32.65,epias.com.tr; ytbs.teias.gov.tr,false,
2022-02-15 06:00:00,Turkey,Turkey,TR,389.69,459.04,34.24,34.05,epias.com.tr; ytbs.teias.gov.tr,false,
2022-02-15 07:00:00,Turkey,Turkey,TR,378.6,448.0,35.19,34.99,epias.com.tr; ytbs.teias.gov.tr,false,
2022-02-15 08:00:00,Turkey,Turkey,TR,386.9,458.3,32.99,32.8,epias.com.tr; ytbs.teias.gov.tr,false,
2022-02-15 09:00:00,Turkey,Turkey,TR,393.17,465.96,31.57,31.37,epias.com.tr; ytbs.teias.gov.tr,false,
2022-02-15 10:00:00,Turkey,Turkey,TR,414.6,490.15,27.85,27.61,epias.com.tr; ytbs.teias.gov.tr,false,
2022-02-15 11:00:00,Turkey,Turkey,TR,416.05,492.2,27.34,27.11,epias.com.tr; ytbs.teias.gov.tr,false,
2022-02-15 12:00:00,Turkey,Turkey,TR,408.14,483.41,28.67,28.44,epias.com.tr; ytbs.teias.gov.tr,false,
2022-02-15 13:00:00,Turkey,Turkey,TR,414.09,490.36,27.43,27.23,epias.com.tr; ytbs.teias.gov.tr,false,
2022-02-15 14:00:00,Turkey,Turkey,TR,400.76,474.73,30.15,29.95,epias.com.tr; ytbs.teias.gov.tr,false,
2022-02-15 15:00:00,Turkey,Turkey,TR,381.83,452.67,33.99,33.74,epias.com.tr; ytbs.teias.gov.tr,false,
2022-02-15 16:00:00,Turkey,Turkey,TR,376.52,446.99,34.7,34.42,epias.com.tr; ytbs.teias.gov.tr,false,
2022-02-15 17:00:00,Turkey,Turkey,TR,371.77,441.56,35.6,35.29,epias.com.tr; ytbs.teias.gov.tr,false,
2022-02-15 18:00:00,Turkey,Turkey,TR,368.43,435.85,37.51,37.16,epias.com.tr; ytbs.teias.gov.tr,false,
2022-02-15 19:00:00,Turkey,Turkey,TR,375.04,442.09,37.13,36.75,epias.com.tr; ytbs.teias.gov.tr,false,
2022-02-15 20:00:00,Turkey,Turkey,TR,376.19,442.03,37.86,37.42,epias.com.tr; ytbs.teias.gov.tr,false,
2022-02-15 21:00:00,Turkey,Turkey,TR,380.33,445.66,37.9,37.45,epias.com.tr,false,
2022-02-15 22:00:00,Turkey,Turkey,TR,381.82,443.49,40.3,39.78,epias.com.tr; ytbs.teias.gov.tr,false,
2022-02-15 23:00:00,Turkey,Turkey,TR,395.99,457.77,38.98,38.38,epias.com.tr; ytbs.teias.gov.tr,false,
2022-02-16 00:00:00,Turkey,Turkey,TR,414.33,477.71,36.12,35.52,epias.com.tr; ytbs.teias.gov.tr,false,
2022-02-16 01:00:00,Turkey,Turkey,TR,423.92,488.12,34.7,34.08,epias.com.tr; ytbs.teias.gov.tr,false,
2022-02-16 02:00:00,Turkey,Turkey,TR,424.52,488.86,34.58,33.99,epias.com.tr; ytbs.teias.gov.tr,false,
2022-02-16 03:00:00,Turkey,Turkey,TR,419.08,482.78,35.49,34.95,epias.com.tr; ytbs.teias.gov.tr,false,
2022-02-16 04:00:00,Turkey,Turkey,TR,409.39,473.9,35.86,35.48,epias.com.tr; ytbs.teias.gov.tr,false,
2022-02-16 05:00:00,Turkey,Turkey,TR,398.2,463.37,36.32,36.07,epias.com.tr; ytbs.teias.gov.tr,false,
2022-02-16 06:00:00,Turkey,Turkey,TR,379.54,447.22,36.18,36.03,epias.com.tr; ytbs.teias.gov.tr,false,
2022-02-16 07:00:00,Turkey,Turkey,TR,376.44,445.57,35.5,35.33,epias.com.tr; ytbs.teias.gov.tr,false,
2022-02-16 08:00:00,Turkey,Turkey,TR,390.47,462.24,32.35,32.13,epias.com.tr; ytbs.teias.gov.tr,false,
2022-02-16 09:00:00,Turkey,Turkey,TR,394.66,466.83,31.82,31.6,epias.com.tr; ytbs.teias.gov.tr,false,
2022-02-16 10:00:00,Turkey,Turkey,TR,410.61,483.98,29.64,29.37,epias.com.tr; ytbs.teias.gov.tr,false,
2022-02-16 11:00:00,Turkey,Turkey,TR,416.34,490.92,28.29,27.98,epias.com.tr; ytbs.teias.gov.tr,false,
2022-02-16 12:00:00,Turkey,Turkey,TR,410.83,485.04,29.02,28.71,epias.com.tr; ytbs.teias.gov.tr,false,
2022-02-16 13:00:00,Turkey,Turkey,TR,410.55,484.54,29.19,28.88,epias.com.tr; ytbs.teias.gov.tr,false,
2022-02-16 14:00:00,Turkey,Turkey,TR,400.94,473.71,30.86,30.57,epias.com.tr; ytbs.teias.gov.tr,false,
2022-02-16 15:00:00,Turkey,Turkey,TR,385.28,455.56,33.99,33.69,epias.com.tr; ytbs.teias.gov.tr,false,
2022-02-16 16:00:00,Turkey,Turkey,TR,377.25,446.85,35.1,34.83,epias.com.tr; ytbs.teias.gov.tr,false,
2022-02-16 17:00:00,Turkey,Turkey,TR,373.41,442.91,35.57,35.29,epias.com.tr; ytbs.teias.gov.tr,false,
2022-02-16 18:00:00,Turkey,Turkey,TR,377.84,447.28,35.16,34.85,epias.com.tr; ytbs.teias.gov.tr,false,
2022-02-16 19:00:00,Turkey,Turkey,TR,379.39,447.69,35.81,35.46,epias.com.tr; ytbs.teias.gov.tr,false,
2022-02-16 20:00:00,Turkey,Turkey,TR,375.1,441.19,37.76,37.38,epias.com.tr; ytbs.teias.gov.tr,false,
2022-02-16 21:00:00,Turkey,Turkey,TR,382.31,448.27,37.19,36.78,epias.com.tr,false,
2022-02-16 22:00:00,Turkey,Turkey,TR,390.23,453.41,38.43,37.95,epias.com.tr; ytbs.teias.gov.tr,false,
2022-02-16 23:00:00,Turkey,Turkey,TR,402.34,465.61,37.38,36.88,epias.com.tr; ytbs.teias.gov.tr,false,
2022-02-17 00:00:00,Turkey,Turkey,TR,418.26,483.24,34.8,34.27,epias.com.tr; ytbs.teias.gov.tr,false,
2022-02-17 01:00:00,Turkey,Turkey,TR,430.59,497.12,32.6,32.09,epias.com.tr; ytbs.teias.gov.tr,false,
2022-02-17 02:00:00,Turkey,Turkey,TR,432.92,499.53,32.29,31.77,epias.com.tr; ytbs.teias.gov.tr,false,
2022-02-17 03:00:00,Turkey,Turkey,TR,428.22,494.29,33.09,32.53,epias.com.tr; ytbs.teias.gov.tr,false,
2022-02-17 04:00:00,Turkey,Turkey,TR,418.76,484.96,33.87,33.47,epias.com.tr; ytbs.teias.gov.tr,false,
2022-02-17 05:00:00,Turkey,Turkey,TR,401.48,467.77,35.41,35.13,epias.com.tr; ytbs.teias.gov.tr,false,
2022-02-17 06:00:00,Turkey,Turkey,TR,377.98,445.72,36.43,36.22,epias.com.tr; ytbs.teias.gov.tr,false,
2022-02-17 07:00:00,Turkey,Turkey,TR,376.99,446.88,35.06,34.82,epias.com.tr; ytbs.teias.gov.tr,false,
2022-02-17 08:00:00,Turkey,Turkey,TR,391.33,464.03,31.87,31.59,epias.com.tr; ytbs.teias.gov.tr,false,
2022-02-17 09:00:00,Turkey,Turkey,TR,397.18,470.23,31.13,30.82,epias.com.tr; ytbs.teias.gov.tr,false,
2022-02-17 10:00:00,Turkey,Turkey,TR,416.67,491.03,28.5,28.06,epias.com.tr; ytbs.teias.gov.tr,false,
2022-02-17 11:00:00,Turkey,Turkey,TR,417.15,491.9,28.2,27.78,epias.com.tr; ytbs.teias.gov.tr,false,
2022-02-17 12:00:00,Turkey,Turkey,TR,411.44,485.69,28.98,28.58,epias.com.tr; ytbs.teias.gov.tr,false,
2022-02-17 13:00:00,Turkey,Turkey,TR,413.22,487.82,28.49,28.06,epias.com.tr; ytbs.teias.gov.tr,false,
2022-02-17 14:00:00,Turkey,Turkey,TR,398.03,470.55,31.21,30.79,epias.com.tr; ytbs.teias.gov.tr,false,
2022-02-17 15:00:00,Turkey,Turkey,TR,383.55,453.73,34.11,33.71,epias.com.tr; ytbs.teias.gov.tr,false,
2022-02-17 16:00:00,Turkey,Turkey,TR,374.86,444.16,35.41,35.06,epias.com.tr; ytbs.teias.gov.tr,false,
2022-02-17 17:00:00,Turkey,Turkey,TR,369.09,436.95,36.78,36.38,epias.com.tr; ytbs.teias.gov.tr,false,
2022-02-17 18:00:00,Turkey,Turkey,TR,370.99,438.03,37.08,36.65,epias.com.tr; ytbs.teias.gov.tr,false,
2022-02-17 19:00:00,Turkey,Turkey,TR,371.79,437.72,37.67,37.2,epias.com.tr; ytbs.teias.gov.tr,false,
2022-02-17 20:00:00,Turkey,Turkey,TR,366.38,429.88,39.69,39.21,epias.com.tr; ytbs.teias.gov.tr,false,
2022-02-17 21:00:00,Turkey,Turkey,TR,371.15,433.36,40.16,39.67,epias.com.tr,false,
2022-02-17 22:00:00,Turkey,Turkey,TR,382.62,442.99,40.32,39.78,epias.com.tr; ytbs.teias.gov.tr,false,
2022-02-17 23:00:00,Turkey,Turkey,TR,391.97,451.82,39.82,39.2,epias.com.tr; ytbs.teias.gov.tr,false,
2022-02-18 00:00:00,Turkey,Turkey,TR,407.96,469.03,37.46,36.77,epias.com.tr; ytbs.teias.gov.tr,false,
2022-02-18 01:00:00,Turkey,Turkey,TR,416.75,478.16,36.44,35.68,epias.com.tr; ytbs.teias.gov.tr,false,
2022-02-18 02:00:00,Turkey,Turkey,TR,418.12,479.4,36.47,35.71,epias.com.tr; ytbs.teias.gov.tr,false,
2022-02-18 03:00:00,Turkey,Turkey,TR,423.47,486.49,35.01,34.31,epias.com.tr; ytbs.teias.gov.tr,false,
2022-02-18 04:00:00,Turkey,Turkey,TR,418.05,482.41,34.75,34.19,epias.com.tr; ytbs.teias.gov.tr,false,
2022-02-18 05:00:00,Turkey,Turkey,TR,414.04,479.73,34.14,33.59,epias.com.tr; ytbs.teias.gov.tr,false,
2022-02-18 06:00:00,Turkey,Turkey,TR,400.93,471.13,32.14,31.71,epias.com.tr; ytbs.teias.gov.tr,false,
2022-02-18 07:00:00,Turkey,Turkey,TR,389.56,459.5,33.29,32.91,epias.com.tr; ytbs.teias.gov.tr,false,
2022-02-18 08:00:00,Turkey,Turkey,TR,389.54,459.54,33.3,32.92,epias.com.tr; ytbs.teias.gov.tr,false,
2022-02-18 09:00:00,Turkey,Turkey,TR,388.72,458.54,33.45,33.09,epias.com.tr; ytbs.teias.gov.tr,false,
2022-02-18 10:00:00,Turkey,Turkey,TR,399.17,469.75,32.02,31.67,epias.com.tr; ytbs.teias.gov.tr,false,
2022-02-18 11:00:00,Turkey,Turkey,TR,409.53,480.65,30.76,30.38,epias.com.tr; ytbs.teias.gov.tr,false,
2022-02-18 12:00:00,Turkey,Turkey,TR,400.72,471.98,31.37,31.04,epias.com.tr; ytbs.teias.gov.tr,false,
2022-02-18 13:00:00,Turkey,Turkey,TR,397.55,469.38,31.39,31.11,epias.com.tr; ytbs.teias.gov.tr,false,
2022-02-18 14:00:00,Turkey,Turkey,TR,389.75,462.05,31.83,31.55,epias.com.tr; ytbs.teias.gov.tr,false,
2022-02-18 15:00:00,Turkey,Turkey,TR,390.35,461.53,32.38,32.04,epias.com.tr; ytbs.teias.gov.tr,false,
2022-02-18 16:00:00,Turkey,Turkey,TR,387.45,457.96,33.08,32.75,epias.com.tr; ytbs.teias.gov.tr,false,
2022-02-18 17:00:00,Turkey,Turkey,TR,384.86,454.91,33.62,33.36,epias.com.tr; ytbs.teias.gov.tr,false,
2022-02-18 18:00:00,Turkey,Turkey,TR,382.84,451.25,34.9,34.6,epias.com.tr; ytbs.teias.gov.tr,false,
2022-02-18 19:00:00,Turkey,Turkey,TR,387.87,455.29,35.08,34.74,epias.com.tr; ytbs.teias.gov.tr,false,
2022-02-18 20:00:00,Turkey,Turkey,TR,387.7,453.37,36.23,35.86,epias.com.tr; ytbs.teias.gov.tr,false,
2022-02-18 21:00:00,Turkey,Turkey,TR,386.29,449.96,37.77,37.35,epias.com.tr,false,
2022-02-18 22:00:00,Turkey,Turkey,TR,392.75,454.45,38.59,38.16,epias.com.tr; ytbs.teias.gov.tr,false,
2022-02-18 23:00:00,Turkey,Turkey,TR,398.82,459.12,38.95,38.48,epias.com.tr; ytbs.teias.gov.tr,false,
2022-02-19 00:00:00,Turkey,Turkey,TR,416.8,479.33,35.91,35.44,epias.com.tr; ytbs.teias.gov.tr,false,
2022-02-19 01:00:00,Turkey,Turkey,TR,422.92,486.04,35.06,34.55,epias.com.tr; ytbs.teias.gov.tr,false,
2022-02-19 02:00:00,Turkey,Turkey,TR,424.13,487.73,34.66,34.09,epias.com.tr; ytbs.teias.gov.tr,false,
2022-02-19 03:00:00,Turkey,Turkey,TR,419.86,482.85,35.42,34.77,epias.com.tr; ytbs.teias.gov.tr,false,
2022-02-19 04:00:00,Turkey,Turkey,TR,420.01,483.81,34.85,34.3,epias.com.tr; ytbs.teias.gov.tr,false,
2022-02-19 05:00:00,Turkey,Turkey,TR,421.52,486.73,33.71,33.16,epias.com.tr; ytbs.teias.gov.tr,false,
2022-02-19 06:00:00,Turkey,Turkey,TR,418.81,489.04,30.55,30.09,epias.com.tr; ytbs.teias.gov.tr,false,
2022-02-19 07:00:00,Turkey,Turkey,TR,411.65,483.41,30.22,29.78,epias.com.tr; ytbs.teias.gov.tr,false,
2022-02-19 08:00:00,Turkey,Turkey,TR,412.48,484.94,29.71,29.24,epias.com.tr; ytbs.teias.gov.tr,false,
2022-02-19 09:00:00,Turkey,Turkey,TR,408.06,480.52,30.27,29.78,epias.com.tr; ytbs.teias.gov.tr,false,
2022-02-19 10:00:00,Turkey,Turkey,TR,417.13,488.61,30.13,29.63,epias.com.tr; ytbs.teias.gov.tr,false,
2022-02-19 11:00:00,Turkey,Turkey,TR,418.73,490.13,30.05,29.51,epias.com.tr; ytbs.teias.gov.tr,false,
2022-02-19 12:00:00,Turkey,Turkey,TR,419.12,490.82,29.79,29.27,epias.com.tr; ytbs.teias.gov.tr,false,
2022-02-19 13:00:00,Turkey,Turkey,TR,426.37,499.19,28.44,27.89,epias.com.tr; ytbs.teias.gov.tr,false,
2022-02-19 14:00:00,Turkey,Turkey,TR,426.45,499.43,28.29,27.83,epias.com.tr; ytbs.teias.gov.tr,false,
2022-02-19 15:00:00,Turkey,Turkey,TR,423.91,497.59,28.05,27.58,epias.com.tr; ytbs.teias.gov.tr,false,
2022-02-19 16:00:00,Turkey,Turkey,TR,409.52,482.3,29.88,29.5,epias.com.tr; ytbs.teias.gov.tr,false,
2022-02-19 17:00:00,Turkey,Turkey,TR,398.44,470.4,31.28,30.92,epias.com.tr; ytbs.teias.gov.tr,false,
2022-02-19 18:00:00,Turkey,Turkey,TR,399.97,470.97,31.76,31.37,epias.com.tr; ytbs.teias.gov.tr,false,
2022-02-19 19:00:00,Turkey,Turkey,TR,403.11,473.54,31.84,31.39,epias.com.tr; ytbs.teias.gov.tr,false,
2022-02-19 20:00:00,Turkey,Turkey,TR,397.7,466.33,33.61,33.2,epias.com.tr; ytbs.teias.gov.tr,false,
2022-02-19 21:00:00,Turkey,Turkey,TR,399.02,466.12,34.65,34.25,epias.com.tr,false,
2022-02-19 22:00:00,Turkey,Turkey,TR,403.9,468.89,35.69,35.3,epias.com.tr; ytbs.teias.gov.tr,false,
2022-02-19 23:00:00,Turkey,Turkey,TR,420.35,485.07,34.48,34.04,epias.com.tr; ytbs.teias.gov.tr,false,
2022-02-20 00:00:00,Turkey,Turkey,TR,430.61,495.22,33.64,33.14,epias.com.tr; ytbs.teias.gov.tr,false,
2022-02-20 01:00:00,Turkey,Turkey,TR,442.6,508.54,31.64,31.13,epias.com.tr; ytbs.teias.gov.tr,false,
2022-02-20 02:00:00,Turkey,Turkey,TR,443.77,509.08,31.98,31.42,epias.com.tr; ytbs.teias.gov.tr,false,
2022-02-20 03:00:00,Turkey,Turkey,TR,443.45,507.88,32.56,31.93,epias.com.tr; ytbs.teias.gov.tr,false,
2022-02-20 04:00:00,Turkey,Turkey,TR,442.58,506.72,32.72,32.1,epias.com.tr; ytbs.teias.gov.tr,false,
2022-02-20 05:00:00,Turkey,Turkey,TR,436.81,499.35,34.42,33.9,epias.com.tr; ytbs.teias.gov.tr,false,
2022-02-20 06:00:00,Turkey,Turkey,TR,440.58,501.96,34.85,34.44,epias.com.tr; ytbs.teias.gov.tr,false,
2022-02-20 07:00:00,Turkey,Turkey,TR,427.64,489.25,35.8,35.39,epias.com.tr; ytbs.teias.gov.tr,false,
2022-02-20 08:00:00,Turkey,Turkey,TR,418.58,480.3,36.7,36.3,epias.com.tr; ytbs.teias.gov.tr,false,
2022-02-20 09:00:00,Turkey,Turkey,TR,418.06,479.8,36.86,36.45,epias.com.tr; ytbs.teias.gov.tr,false,
2022-02-20 10:00:00,Turkey,Turkey,TR,413.44,474.78,37.63,37.22,epias.com.tr; ytbs.teias.gov.tr,false,
2022-02-20 11:00:00,Turkey,Turkey,TR,397.47,458.37,39.46,39.05,epias.com.tr; ytbs.teias.gov.tr,false,
2022-02-20 12:00:00,Turkey,Turkey,TR,384.77,444.44,41.46,41.03,epias.com.tr; ytbs.teias.gov.tr,false,
2022-02-20 13:00:00,Turkey,Turkey,TR,393.09,455.86,38.52,38.09,epias.com.tr; ytbs.teias.gov.tr,false,
2022-02-20 14:00:00,Turkey,Turkey,TR,387.13,450.81,38.27,37.86,epias.com.tr; ytbs.teias.gov.tr,false,
2022-02-20 15:00:00,Turkey,Turkey,TR,390.0,453.55,37.8,37.4,epias.com.tr; ytbs.teias.gov.tr,false,
2022-02-20 16:00:00,Turkey,Turkey,TR,389.26,457.08,34.95,34.62,epias.com.tr; ytbs.teias.gov.tr,false,
2022-02-20 17:00:00,Turkey,Turkey,TR,386.52,454.11,35.22,34.93,epias.com.tr; ytbs.teias.gov.tr,false,
2022-02-20 18:00:00,Turkey,Turkey,TR,391.46,458.79,34.99,34.66,epias.com.tr; ytbs.teias.gov.tr,false,
2022-02-20 19:00:00,Turkey,Turkey,TR,399.57,467.21,33.99,33.61,epias.com.tr; ytbs.teias.gov.tr,false,
2022-02-20 20:00:00,Turkey,Turkey,TR,398.22,464.19,35.28,34.86,epias.com.tr; ytbs.teias.gov.tr,false,
2022-02-20 21:00:00,Turkey,Turkey,TR,403.45,469.03,35.17,34.7,epias.com.tr,false,
2022-02-20 22:00:00,Turkey,Turkey,TR,415.24,480.76,34.32,33.76,epias.com.tr; ytbs.teias.gov.tr,false,
2022-02-20 23:00:00,Turkey,Turkey,TR,432.52,499.53,31.8,31.1,epias.com.tr; ytbs.teias.gov.tr,false,
2022-02-21 00:00:00,Turkey,Turkey,TR,447.52,516.07,29.43,28.74,epias.com.tr; ytbs.teias.gov.tr,false,
2022-02-21 01:00:00,Turkey,Turkey,TR,456.19,525.32,28.29,27.59,epias.com.tr; ytbs.teias.gov.tr,false,
2022-02-21 02:00:00,Turkey,Turkey,TR,455.07,524.03,28.62,27.97,epias.com.tr; ytbs.teias.gov.tr,false,
2022-02-21 03:00:00,Turkey,Turkey,TR,454.38,523.86,28.37,27.76,epias.com.tr; ytbs.teias.gov.tr,false,
2022-02-21 04:00:00,Turkey,Turkey,TR,450.48,522.39,27.06,26.57,epias.com.tr; ytbs.teias.gov.tr,false,
2022-02-21 05:00:00,Turkey,Turkey,TR,438.03,511.54,26.98,26.55,epias.com.tr; ytbs.teias.gov.tr,false,
2022-02-21 06:00:00,Turkey,Turkey,TR,400.96,473.47,31.04,30.77,epias.com.tr; ytbs.teias.gov.tr,false,
2022-02-21 07:00:00,Turkey,Turkey,TR,382.4,453.04,33.99,33.73,epias.com.tr; ytbs.teias.gov.tr,false,
2022-02-21 08:00:00,Turkey,Turkey,TR,385.32,456.81,33.2,32.92,epias.com.tr; ytbs.teias.gov.tr,false,
2022-02-21 09:00:00,Turkey,Turkey,TR,389.67,461.24,32.75,32.45,epias.com.tr; ytbs.teias.gov.tr,false,
2022-02-21 10:00:00,Turkey,Turkey,TR,401.65,473.16,31.66,31.31,epias.com.tr; ytbs.teias.gov.tr,false,
2022-02-21 11:00:00,Turkey,Turkey,TR,398.38,468.88,32.55,32.21,epias.com.tr; ytbs.teias.gov.tr,false,
2022-02-21 12:00:00,Turkey,Turkey,TR,393.05,463.27,33.09,32.78,epias.com.tr; ytbs.teias.gov.tr,false,
2022-02-21 13:00:00,Turkey,Turkey,TR,395.75,467.12,32.01,31.7,epias.com.tr; ytbs.teias.gov.tr,false,
2022-02-21 14:00:00,Turkey,Turkey,TR,392.69,464.02,32.18,31.85,epias.com.tr; ytbs.teias.gov.tr,false,
2022-02-21 15:00:00,Turkey,Turkey,TR,386.08,457.13,32.93,32.6,epias.com.tr; ytbs.teias.gov.tr,false,
2022-02-21 16:00:00,Turkey,Turkey,TR,375.63,444.79,35.05,34.74,epias.com.tr; ytbs.teias.gov.tr,false,
2022-02-21 17:00:00,Turkey,Turkey,TR,367.15,434.57,36.87,36.53,epias.com.tr; ytbs.teias.gov.tr,false,
2022-02-21 18:00:00,Turkey,Turkey,TR,366.72,432.64,37.83,37.41,epias.com.tr; ytbs.teias.gov.tr,false,
2022-02-21 19:00:00,Turkey,Turkey,TR,369.39,434.26,38.23,37.77,epias.com.tr; ytbs.teias.gov.tr,false,
2022-02-21 20:00:00,Turkey,Turkey,TR,363.88,426.65,40.14,39.69,epias.com.tr; ytbs.teias.gov.tr,false,
2022-02-21 21:00:00,Turkey,Turkey,TR,362.38,423.1,41.75,41.29,epias.com.tr,false,
2022-02-21 22:00:00,Turkey,Turkey,TR,359.67,416.71,44.55,44.03,epias.com.tr; ytbs.teias.gov.tr,false,
2022-02-21 23:00:00,Turkey,Turkey,TR,370.98,428.56,43.12,42.55,epias.com.tr; ytbs.teias.gov.tr,false,
2022-02-22 00:00:00,Turkey,Turkey,TR,383.47,442.32,41.04,40.44,epias.com.tr; ytbs.teias.gov.tr,false,
2022-02-22 01:00:00,Turkey,Turkey,TR,385.83,444.72,40.9,40.34,epias.com.tr; ytbs.teias.gov.tr,false,
2022-02-22 02:00:00,Turkey,Turkey,TR,386.18,445.48,40.63,40.15,epias.com.tr; ytbs.teias.gov.tr,false,
2022-02-22 03:00:00,Turkey,Turkey,TR,386.81,447.13,39.91,39.46,epias.com.tr; ytbs.teias.gov.tr,false,
2022-02-22 04:00:00,Turkey,Turkey,TR,384.02,446.2,38.88,38.51,epias.com.tr; ytbs.teias.gov.tr,false,
2022-02-22 05:00:00,Turkey,Turkey,TR,374.55,437.34,39.28,38.94,epias.com.tr; ytbs.teias.gov.tr,false,
2022-02-22 06:00:00,Turkey,Turkey,TR,357.5,422.38,39.34,39.05,epias.com.tr; ytbs.teias.gov.tr,false,
2022-02-22 07:00:00,Turkey,Turkey,TR,350.33,415.11,40.04,39.8,epias.com.tr; ytbs.teias.gov.tr,false,
2022-02-22 08:00:00,Turkey,Turkey,TR,352.75,418.09,39.44,39.1,epias.com.tr; ytbs.teias.gov.tr,false,
2022-02-22 09:00:00,Turkey,Turkey,TR,352.23,417.28,39.65,39.32,epias.com.tr; ytbs.teias.gov.tr,false,
2022-02-22 10:00:00,Turkey,Turkey,TR,364.9,431.41,37.5,37.15,epias.com.tr; ytbs.teias.gov.tr,false,
2022-02-22 11:00:00,Turkey,Turkey,TR,360.89,427.62,37.84,37.45,epias.com.tr; ytbs.teias.gov.tr,false,
2022-02-22 12:00:00,Turkey,Turkey,TR,354.19,420.45,38.84,38.48,epias.com.tr; ytbs.teias.gov.tr,false,
2022-02-22 13:00:00,Turkey,Turkey,TR,363.97,433.15,36.11,35.76,epias.com.tr; ytbs.teias.gov.tr,false,
2022-02-22 14:00:00,Turkey,Turkey,TR,364.65,434.19,35.77,35.4,epias.com.tr; ytbs.teias.gov.tr,false,
2022-02-22 15:00:00,Turkey,Turkey,TR,364.04,433.69,35.78,35.44,epias.com.tr; ytbs.teias.gov.tr,false,
2022-02-22 16:00:00,Turkey,Turkey,TR,362.72,432.63,35.76,35.42,epias.com.tr; ytbs.teias.gov.tr,false,
2022-02-22 17:00:00,Turkey,Turkey,TR,355.36,424.01,37.39,37.02,epias.com.tr; ytbs.teias.gov.tr,false,
2022-02-22 18:00:00,Turkey,Turkey,TR,363.3,432.56,36.2,35.8,epias.com.tr; ytbs.teias.gov.tr,false,
2022-02-22 19:00:00,Turkey,Turkey,TR,368.15,437.41,35.86,35.37,epias.com.tr; ytbs.teias.gov.tr,false,
2022-02-22 20:00:00,Turkey,Turkey,TR,366.96,434.6,37.13,36.7,epias.com.tr; ytbs.teias.gov.tr,false,
2022-02-22 21:00:00,Turkey,Turkey,TR,365.88,431.41,38.84,38.43,epias.com.tr,false,
2022-02-22 22:00:00,Turkey,Turkey,TR,366.08,427.61,41.4,40.89,epias.com.tr; ytbs.teias.gov.tr,false,
2022-02-22 23:00:00,Turkey,Turkey,TR,386.6,450.12,38.18,37.66,epias.com.tr; ytbs.teias.gov.tr,false,
2022-02-23 00:00:00,Turkey,Turkey,TR,401.67,466.94,35.66,35.08,epias.com.tr; ytbs.teias.gov.tr,false,
2022-02-23 01:00:00,Turkey,Turkey,TR,411.79,477.87,34.21,33.62,epias.com.tr; ytbs.teias.gov.tr,false,
2022-02-23 02:00:00,Turkey,Turkey,TR,413.95,480.2,33.92,33.35,epias.com.tr; ytbs.teias.gov.tr,false,
2022-02-23 03:00:00,Turkey,Turkey,TR,413.57,479.7,34.06,33.51,epias.com.tr; ytbs.teias.gov.tr,false,
2022-02-23 04:00:00,Turkey,Turkey,TR,398.66,463.44,36.21,35.77,epias.com.tr; ytbs.teias.gov.tr,false,
2022-02-23 05:00:00,Turkey,Turkey,TR,390.93,456.54,36.28,35.86,epias.com.tr; ytbs.teias.gov.tr,false,
2022-02-23 06:00:00,Turkey,Turkey,TR,373.27,441.66,35.92,35.66,epias.com.tr; ytbs.teias.gov.tr,false,
2022-02-23 07:00:00,Turkey,Turkey,TR,367.01,435.8,36.19,35.93,epias.com.tr; ytbs.teias.gov.tr,false,
2022-02-23 08:00:00,Turkey,Turkey,TR,373.4,443.52,34.66,34.39,epias.com.tr; ytbs.teias.gov.tr,false,
2022-02-23 09:00:00,Turkey,Turkey,TR,365.64,434.67,36.2,35.94,epias.com.tr; ytbs.teias.gov.tr,false,
2022-02-23 10:00:00,Turkey,Turkey,TR,380.89,449.67,34.92,34.63,epias.com.tr; ytbs.teias.gov.tr,false,
2022-02-23 11:00:00,Turkey,Turkey,TR,374.98,443.31,35.75,35.47,epias.com.tr; ytbs.teias.gov.tr,false,
2022-02-23 12:00:00,Turkey,Turkey,TR,364.34,433.7,36.11,35.9,epias.com.tr; ytbs.teias.gov.tr,false,
2022-02-23 13:00:00,Turkey,Turkey,TR,372.87,442.26,35.19,34.99,epias.com.tr; ytbs.teias.gov.tr,false,
2022-02-23 14:00:00,Turkey,Turkey,TR,371.99,442.06,34.77,34.53,epias.com.tr; ytbs.teias.gov.tr,false,
2022-02-23 15:00:00,Turkey,Turkey,TR,364.89,433.88,36.13,35.93,epias.com.tr; ytbs.teias.gov.tr,false,
2022-02-23 16:00:00,Turkey,Turkey,TR,360.49,428.76,36.94,36.77,epias.com.tr; ytbs.teias.gov.tr,false,
2022-02-23 17:00:00,Turkey,Turkey,TR,355.19,422.33,38.08,37.92,epias.com.tr; ytbs.teias.gov.tr,false,
2022-02-23 18:00:00,Turkey,Turkey,TR,358.56,425.52,37.81,37.57,epias.com.tr; ytbs.teias.gov.tr,false,
2022-02-23 19:00:00,Turkey,Turkey,TR,356.02,420.51,39.66,39.38,epias.com.tr; ytbs.teias.gov.tr,false,
2022-02-23 20:00:00,Turkey,Turkey,TR,349.1,410.47,42.35,42.0,epias.com.tr; ytbs.teias.gov.tr,false,
2022-02-23 21:00:00,Turkey,Turkey,TR,349.19,409.23,43.25,42.87,epias.com.tr,false,
2022-02-23 22:00:00,Turkey,Turkey,TR,346.6,401.9,46.72,46.28,epias.com.tr; ytbs.teias.gov.tr,false,
2022-02-23 23:00:00,Turkey,Turkey,TR,359.46,415.65,44.96,44.46,epias.com.tr; ytbs.teias.gov.tr,false,
2022-02-24 00:00:00,Turkey,Turkey,TR,372.47,429.74,43.07,42.48,epias.com.tr; ytbs.teias.gov.tr,false,
2022-02-24 01:00:00,Turkey,Turkey,TR,377.39,434.69,42.51,41.92,epias.com.tr; ytbs.teias.gov.tr,false,
2022-02-24 02:00:00,Turkey,Turkey,TR,376.63,433.85,42.62,42.01,epias.com.tr; ytbs.teias.gov.tr,false,
2022-02-24 03:00:00,Turkey,Turkey,TR,371.52,428.5,43.29,42.75,epias.com.tr; ytbs.teias.gov.tr,false,
2022-02-24 04:00:00,Turkey,Turkey,TR,366.32,424.32,43.12,42.6,epias.com.tr; ytbs.teias.gov.tr,false,
2022-02-24 05:00:00,Turkey,Turkey,TR,363.3,422.68,42.27,41.81,epias.com.tr; ytbs.teias.gov.tr,false,
2022-02-24 06:00:00,Turkey,Turkey,TR,345.0,406.6,42.37,42.0,epias.com.tr; ytbs.teias.gov.tr,false,
2022-02-24 07:00:00,Turkey,Turkey,TR,338.94,401.61,42.2,41.86,epias.com.tr; ytbs.teias.gov.tr,false,
2022-02-24 08:00:00,Turkey,Turkey,TR,337.42,400.81,41.82,41.53,epias.com.tr; ytbs.teias.gov.tr,false,
2022-02-24 09:00:00,Turkey,Turkey,TR,330.31,393.19,42.86,42.59,epias.com.tr; ytbs.teias.gov.tr,false,
2022-02-24 10:00:00,Turkey,Turkey,TR,336.31,398.87,42.51,42.24,epias.com.tr; ytbs.teias.gov.tr,false,
2022-02-24 11:00:00,Turkey,Turkey,TR,340.35,403.91,41.43,41.19,epias.com.tr; ytbs.teias.gov.tr,false,
2022-02-24 12:00:00,Turkey,Turkey,TR,335.79,398.96,42.06,41.89,epias.com.tr; ytbs.teias.gov.tr,false,
2022-02-24 13:00:00,Turkey,Turkey,TR,336.15,399.32,41.98,41.78,epias.com.tr; ytbs.teias.gov.tr,false,
2022-02-24 14:00:00,Turkey,Turkey,TR,333.09,395.8,42.51,42.25,epias.com.tr; ytbs.teias.gov.tr,false,
2022-02-24 15:00:00,Turkey,Turkey,TR,327.36,388.98,43.72,43.48,epias.com.tr; ytbs.teias.gov.tr,false,
2022-02-24 16:00:00,Turkey,Turkey,TR,326.5,387.55,44.2,43.98,epias.com.tr; ytbs.teias.gov.tr,false,
2022-02-24 17:00:00,Turkey,Turkey,TR,316.65,376.29,46.17,45.98,epias.com.tr; ytbs.teias.gov.tr,false,
2022-02-24 18:00:00,Turkey,Turkey,TR,326.25,385.65,45.41,45.16,epias.com.tr; ytbs.teias.gov.tr,false,
2022-02-24 19:00:00,Turkey,Turkey,TR,326.67,384.47,46.42,46.13,epias.com.tr; ytbs.teias.gov.tr,false,
2022-02-24 20:00:00,Turkey,Turkey,TR,322.71,378.57,48.16,47.79,epias.com.tr; ytbs.teias.gov.tr,false,
2022-02-24 21:00:00,Turkey,Turkey,TR,321.81,375.95,49.49,49.07,epias.com.tr,false,
2022-02-24 22:00:00,Turkey,Turkey,TR,312.65,364.43,52.09,51.59,epias.com.tr; ytbs.teias.gov.tr,false,
2022-02-24 23:00:00,Turkey,Turkey,TR,322.9,375.33,50.76,50.28,epias.com.tr; ytbs.teias.gov.tr,false,
2022-02-25 00:00:00,Turkey,Turkey,TR,336.01,389.29,48.96,48.4,epias.com.tr; ytbs.teias.gov.tr,false,
2022-02-25 01:00:00,Turkey,Turkey,TR,343.28,397.47,47.79,47.26,epias.com.tr; ytbs.teias.gov.tr,false,
2022-02-25 02:00:00,Turkey,Turkey,TR,344.98,399.29,47.66,47.16,epias.com.tr; ytbs.teias.gov.tr,false,
2022-02-25 03:00:00,Turkey,Turkey,TR,352.9,407.6,46.63,46.18,epias.com.tr; ytbs.teias.gov.tr,false,
2022-02-25 04:00:00,Turkey,Turkey,TR,360.0,417.01,44.37,43.98,epias.com.tr; ytbs.teias.gov.tr,false,
2022-02-25 05:00:00,Turkey,Turkey,TR,367.44,427.81,41.47,41.17,epias.com.tr; ytbs.teias.gov.tr,false,
2022-02-25 06:00:00,Turkey,Turkey,TR,360.59,424.25,39.82,39.6,epias.com.tr; ytbs.teias.gov.tr,false,
2022-02-25 07:00:00,Turkey,Turkey,TR,354.83,419.12,39.95,39.72,epias.com.tr; ytbs.teias.gov.tr,false,
2022-02-25 08:00:00,Turkey,Turkey,TR,355.91,420.31,39.84,39.55,epias.com.tr; ytbs.teias.gov.tr,false,
2022-02-25 09:00:00,Turkey,Turkey,TR,355.54,420.04,39.85,39.53,epias.com.tr; ytbs.teias.gov.tr,false,
2022-02-25 10:00:00,Turkey,Turkey,TR,366.82,432.52,38.02,37.68,epias.com.tr; ytbs.teias.gov.tr,false,
2022-02-25 11:00:00,Turkey,Turkey,TR,378.49,445.76,35.98,35.64,epias.com.tr; ytbs.teias.gov.tr,false,
2022-02-25 12:00:00,Turkey,Turkey,TR,367.82,434.53,37.41,37.1,epias.com.tr; ytbs.teias.gov.tr,false,
2022-02-25 13:00:00,Turkey,Turkey,TR,369.3,436.47,36.99,36.66,epias.com.tr; ytbs.teias.gov.tr,false,
2022-02-25 14:00:00,Turkey,Turkey,TR,374.22,443.01,35.5,35.24,epias.com.tr; ytbs.teias.gov.tr,false,
2022-02-25 15:00:00,Turkey,Turkey,TR,374.55,444.66,34.74,34.52,epias.com.tr; ytbs.teias.gov.tr,false,
2022-02-25 16:00:00,Turkey,Turkey,TR,378.03,448.06,34.43,34.22,epias.com.tr; ytbs.teias.gov.tr,false,
2022-02-25 17:00:00,Turkey,Turkey,TR,376.16,446.34,34.57,34.36,epias.com.tr; ytbs.teias.gov.tr,false,
2022-02-25 18:00:00,Turkey,Turkey,TR,381.85,452.21,33.96,33.71,epias.com.tr; ytbs.teias.gov.tr,false,
2022-02-25 19:00:00,Turkey,Turkey,TR,386.66,456.51,33.91,33.62,epias.com.tr; ytbs.teias.gov.tr,false,
2022-02-25 20:00:00,Turkey,Turkey,TR,382.81,450.58,35.8,35.46,epias.com.tr; ytbs.teias.gov.tr,false,
2022-02-25 21:00:00,Turkey,Turkey,TR,375.43,440.11,38.67,38.3,epias.com.tr,false,
2022-02-25 22:00:00,Turkey,Turkey,TR,381.17,443.74,39.68,39.28,epias.com.tr; ytbs.teias.gov.tr,false,
2022-02-25 23:00:00,Turkey,Turkey,TR,395.42,458.22,38.27,37.78,epias.com.tr; ytbs.teias.gov.tr,false,
2022-02-26 00:00:00,Turkey,Turkey,TR,407.55,470.92,36.77,36.23,epias.com.tr; ytbs.teias.gov.tr,false,
2022-02-26 01:00:00,Turkey,Turkey,TR,420.39,485.33,34.59,34.0,epias.com.tr; ytbs.teias.gov.tr,false,
2022-02-26 02:00:00,Turkey,Turkey,TR,424.62,490.17,33.81,33.22,epias.com.tr; ytbs.teias.gov.tr,false,
2022-02-26 03:00:00,Turkey,Turkey,TR,424.73,490.75,33.48,32.9,epias.com.tr; ytbs.teias.gov.tr,false,
2022-02-26 04:00:00,Turkey,Turkey,TR,424.62,491.92,32.7,32.18,epias.com.tr; ytbs.teias.gov.tr,false,
2022-02-26 05:00:00,Turkey,Turkey,TR,425.18,493.49,31.94,31.46,epias.com.tr; ytbs.teias.gov.tr,false,
2022-02-26 06:00:00,Turkey,Turkey,TR,409.3,479.09,32.22,31.78,epias.com.tr; ytbs.teias.gov.tr,false,
2022-02-26 07:00:00,Turkey,Turkey,TR,397.67,468.37,32.7,32.33,epias.com.tr; ytbs.teias.gov.tr,false,
2022-02-26 08:00:00,Turkey,Turkey,TR,389.59,459.29,34.15,33.79,epias.com.tr; ytbs.teias.gov.tr,false,
2022-02-26 09:00:00,Turkey,Turkey,TR,389.65,459.95,33.81,33.45,epias.com.tr; ytbs.teias.gov.tr,false,
2022-02-26 10:00:00,Turkey,Turkey,TR,405.94,478.11,31.09,30.69,epias.com.tr; ytbs.teias.gov.tr,false,
2022-02-26 11:00:00,Turkey,Turkey,TR,410.95,484.17,29.86,29.47,epias.com.tr; ytbs.teias.gov.tr,false,
2022-02-26 12:00:00,Turkey,Turkey,TR,408.29,480.89,30.52,30.12,epias.com.tr; ytbs.teias.gov.tr,false,
2022-02-26 13:00:00,Turkey,Turkey,TR,412.91,485.4,30.14,29.73,epias.com.tr; ytbs.teias.gov.tr,false,
2022-02-26 14:00:00,Turkey,Turkey,TR,408.94,481.64,30.36,29.96,epias.com.tr; ytbs.teias.gov.tr,false,
2022-02-26 15:00:00,Turkey,Turkey,TR,398.28,470.2,31.79,31.41,epias.com.tr; ytbs.teias.gov.tr,false,
2022-02-26 16:00:00,Turkey,Turkey,TR,382.55,452.7,34.31,34.0,epias.com.tr; ytbs.teias.gov.tr,false,
2022-02-26 17:00:00,Turkey,Turkey,TR,372.42,441.24,35.98,35.69,epias.com.tr; ytbs.teias.gov.tr,false,
2022-02-26 18:00:00,Turkey,Turkey,TR,378.12,446.74,35.5,35.18,epias.com.tr; ytbs.teias.gov.tr,false,
2022-02-26 19:00:00,Turkey,Turkey,TR,379.82,447.34,36.08,35.74,epias.com.tr; ytbs.teias.gov.tr,false,
2022-02-26 20:00:00,Turkey,Turkey,TR,368.84,433.0,39.41,39.08,epias.com.tr; ytbs.teias.gov.tr,false,
2022-02-26 21:00:00,Turkey,Turkey,TR,370.89,433.04,40.49,40.12,epias.com.tr,false,
2022-02-26 22:00:00,Turkey,Turkey,TR,374.73,434.67,41.74,41.31,epias.com.tr; ytbs.teias.gov.tr,false,
2022-02-26 23:00:00,Turkey,Turkey,TR,379.22,438.57,41.89,41.37,epias.com.tr; ytbs.teias.gov.tr,false,
2022-02-27 00:00:00,Turkey,Turkey,TR,390.37,449.94,40.85,40.28,epias.com.tr; ytbs.teias.gov.tr,false,
2022-02-27 01:00:00,Turkey,Turkey,TR,410.37,470.48,38.52,38.01,epias.com.tr; ytbs.teias.gov.tr,false,
2022-02-27 02:00:00,Turkey,Turkey,TR,413.19,473.83,37.96,37.49,epias.com.tr; ytbs.teias.gov.tr,false,
2022-02-27 03:00:00,Turkey,Turkey,TR,409.94,470.29,38.43,37.98,epias.com.tr; ytbs.teias.gov.tr,false,
2022-02-27 04:00:00,Turkey,Turkey,TR,411.07,471.88,37.91,37.49,epias.com.tr; ytbs.teias.gov.tr,false,
2022-02-27 05:00:00,Turkey,Turkey,TR,411.01,471.78,38.11,37.64,epias.com.tr; ytbs.teias.gov.tr,false,
2022-02-27 06:00:00,Turkey,Turkey,TR,389.17,450.7,39.77,39.32,epias.com.tr; ytbs.teias.gov.tr,false,
2022-02-27 07:00:00,Turkey,Turkey,TR,385.27,446.35,40.48,40.03,epias.com.tr; ytbs.teias.gov.tr,false,
2022-02-27 08:00:00,Turkey,Turkey,TR,380.71,441.84,40.71,40.22,epias.com.tr; ytbs.teias.gov.tr,false,
2022-02-27 09:00:00,Turkey,Turkey,TR,375.84,436.22,41.61,41.0,epias.com.tr; ytbs.teias.gov.tr,false,
2022-02-27 10:00:00,Turkey,Turkey,TR,359.74,418.57,44.08,43.49,epias.com.tr; ytbs.teias.gov.tr,false,
2022-02-27 11:00:00,Turkey,Turkey,TR,355.08,412.92,45.04,44.41,epias.com.tr; ytbs.teias.gov.tr,false,
2022-02-27 12:00:00,Turkey,Turkey,TR,355.57,413.38,44.88,44.29,epias.com.tr; ytbs.teias.gov.tr,false,
2022-02-27 13:00:00,Turkey,Turkey,TR,354.29,412.41,44.74,44.18,epias.com.tr; ytbs.teias.gov.tr,false,
2022-02-27 14:00:00,Turkey,Turkey,TR,356.88,416.76,43.07,42.52,epias.com.tr; ytbs.teias.gov.tr,false,
2022-02-27 15:00:00,Turkey,Turkey,TR,357.73,417.74,42.81,42.33,epias.com.tr; ytbs.teias.gov.tr,false,
2022-02-27 16:00:00,Turkey,Turkey,TR,356.01,416.23,42.66,42.26,epias.com.tr; ytbs.teias.gov.tr,false,
2022-02-27 17:00:00,Turkey,Turkey,TR,349.31,408.9,43.67,43.29,epias.com.tr; ytbs.teias.gov.tr,false,
2022-02-27 18:00:00,Turkey,Turkey,TR,347.17,406.88,43.81,43.39,epias.com.tr; ytbs.teias.gov.tr,false,
2022-02-27 19:00:00,Turkey,Turkey,TR,343.38,402.95,44.37,43.9,epias.com.tr; ytbs.teias.gov.tr,false,
2022-02-27 20:00:00,Turkey,Turkey,TR,335.0,392.73,46.51,46.04,epias.com.tr; ytbs.teias.gov.tr,false,
2022-02-27 21:00:00,Turkey,Turkey,TR,342.41,400.85,45.61,45.14,epias.com.tr,false,
2022-02-27 22:00:00,Turkey,Turkey,TR,348.93,405.88,46.12,45.58,epias.com.tr; ytbs.teias.gov.tr,false,
2022-02-27 23:00:00,Turkey,Turkey,TR,367.12,424.33,44.28,43.67,epias.com.tr; ytbs.teias.gov.tr,false,
2022-02-28 00:00:00,Turkey,Turkey,TR,388.93,448.06,41.01,40.33,epias.com.tr; ytbs.teias.gov.tr,false,
2022-02-28 01:00:00,Turkey,Turkey,TR,396.8,457.0,39.57,38.9,epias.com.tr; ytbs.teias.gov.tr,false,
2022-02-28 02:00:00,Turkey,Turkey,TR,404.73,466.27,38.07,37.45,epias.com.tr; ytbs.teias.gov.tr,false,
2022-02-28 03:00:00,Turkey,Turkey,TR,407.24,469.68,37.25,36.69,epias.com.tr; ytbs.teias.gov.tr,false,
2022-02-28 04:00:00,Turkey,Turkey,TR,411.22,476.04,35.23,34.7,epias.com.tr; ytbs.teias.gov.tr,false,
2022-02-28 05:00:00,Turkey,Turkey,TR,418.71,486.34,32.47,32.08,epias.com.tr; ytbs.teias.gov.tr,false,
2022-02-28 06:00:00,Turkey,Turkey,TR,391.92,461.1,33.79,33.56,epias.com.tr; ytbs.teias.gov.tr,false,
2022-02-28 07:00:00,Turkey,Turkey,TR,379.43,448.67,34.78,34.53,epias.com.tr; ytbs.teias.gov.tr,false,
2022-02-28 08:00:00,Turkey,Turkey,TR,383.28,453.33,33.8,33.54,epias.com.tr; ytbs.teias.gov.tr,false,
2022-02-28 09:00:00,Turkey,Turkey,TR,377.91,446.86,35.0,34.7,epias.com.tr; ytbs.teias.gov.tr,false,
2022-02-28 10:00:00,Turkey,Turkey,TR,383.96,452.44,34.69,34.34,epias.com.tr; ytbs.teias.gov.tr,false,
2022-02-28 11:00:00,Turkey,Turkey,TR,382.72,451.28,34.73,34.4,epias.com.tr; ytbs.teias.gov.tr,false,
2022-02-28 12:00:00,Turkey,Turkey,TR,377.86,446.47,35.21,34.87,epias.com.tr; ytbs.teias.gov.tr,false,
2022-02-28 13:00:00,Turkey,Turkey,TR,377.21,446.28,34.96,34.6,epias.com.tr; ytbs.teias.gov.tr,false,
2022-02-28 14:00:00,Turkey,Turkey,TR,377.46,446.78,34.74,34.38,epias.com.tr; ytbs.teias.gov.tr,false,
2022-02-28 15:00:00,Turkey,Turkey,TR,374.89,443.86,35.17,34.83,epias.com.tr; ytbs.teias.gov.tr,false,
2022-02-28 16:00:00,Turkey,Turkey,TR,378.69,447.84,34.69,34.38,epias.com.tr; ytbs.teias.gov.tr,false,
2022-02-28 17:00:00,Turkey,Turkey,TR,375.7,444.19,35.43,35.13,epias.com.tr; ytbs.teias.gov.tr,false,
2022-02-28 18:00:00,Turkey,Turkey,TR,376.37,443.9,36.08,35.74,epias.com.tr; ytbs.teias.gov.tr,false,
2022-02-28 19:00:00,Turkey,Turkey,TR,381.14,448.53,35.79,35.44,epias.com.tr; ytbs.teias.gov.tr,false,
2022-02-28 20:00:00,Turkey,Turkey,TR,373.44,436.95,39.16,38.78,epias.com.tr; ytbs.teias.gov.tr,false,
2022-02-28 21:00:00,Turkey,Turkey,TR,376.35,438.13,40.16,39.74,epias.com.tr,false,
2022-02-28 22:00:00,Turkey,Turkey,TR,379.74,439.1,41.55,41.03,epias.com.tr; ytbs.teias.gov.tr,false,
2022-02-28 23:00:00,Turkey,Turkey,TR,400.0,461.44,38.36,37.82,epias.com.tr; ytbs.teias.gov.tr,false,
2022-03-01 00:00:00,Turkey,Turkey,TR,415.02,478.2,35.8,35.22,epias.com.tr; ytbs.teias.gov.tr,false,
2022-03-01 01:00:00,Turkey,Turkey,TR,427.12,491.67,33.8,33.21,epias.com.tr; ytbs.teias.gov.tr,false,
2022-03-01 02:00:00,Turkey,Turkey,TR,430.83,494.97,33.66,33.06,epias.com.tr; ytbs.teias.gov.tr,false,
2022-03-01 03:00:00,Turkey,Turkey,TR,425.96,489.92,34.27,33.79,epias.com.tr; ytbs.teias.gov.tr,false,
2022-03-01 04:00:00,Turkey,Turkey,TR,421.4,486.64,33.81,33.4,epias.com.tr; ytbs.teias.gov.tr,false,
2022-03-01 05:00:00,Turkey,Turkey,TR,416.21,484.03,32.56,32.33,epias.com.tr; ytbs.teias.gov.tr,false,
2022-03-01 06:00:00,Turkey,Turkey,TR,387.33,456.16,34.43,34.26,epias.com.tr; ytbs.teias.gov.tr,false,
2022-03-01 07:00:00,Turkey,Turkey,TR,367.0,434.72,37.11,36.97,epias.com.tr; ytbs.teias.gov.tr,false,
2022-03-01 08:00:00,Turkey,Turkey,TR,365.61,433.33,37.19,37.0,epias.com.tr; ytbs.teias.gov.tr,false,
2022-03-01 09:00:00,Turkey,Turkey,TR,362.53,430.13,37.55,37.35,epias.com.tr; ytbs.teias.gov.tr,false,
2022-03-01 10:00:00,Turkey,Turkey,TR,371.08,439.07,36.52,36.28,epias.com.tr; ytbs.teias.gov.tr,false,
2022-03-01 11:00:00,Turkey,Turkey,TR,371.42,439.78,36.24,36.02,epias.com.tr; ytbs.teias.gov.tr,false,
2022-03-01 12:00:00,Turkey,Turkey,TR,363.44,430.42,37.77,37.62,epias.com.tr; ytbs.teias.gov.tr,false,
2022-03-01 13:00:00,Turkey,Turkey,TR,364.74,432.12,37.41,37.28,epias.com.tr; ytbs.teias.gov.tr,false,
2022-03-01 14:00:00,Turkey,Turkey,TR,366.42,434.48,36.72,36.61,epias.com.tr; ytbs.teias.gov.tr,false,
2022-03-01 15:00:00,Turkey,Turkey,TR,365.3,433.08,36.99,36.86,epias.com.tr; ytbs.teias.gov.tr,false,
2022-03-01 16:00:00,Turkey,Turkey,TR,364.39,430.99,37.84,37.72,epias.com.tr; ytbs.teias.gov.tr,false,
2022-03-01 17:00:00,Turkey,Turkey,TR,357.99,423.0,39.52,39.4,epias.com.tr; ytbs.teias.gov.tr,false,
2022-03-01 18:00:00,Turkey,Turkey,TR,358.26,421.7,40.53,40.36,epias.com.tr; ytbs.teias.gov.tr,false,
2022-03-01 19:00:00,Turkey,Turkey,TR,356.94,417.55,42.5,42.28,epias.com.tr; ytbs.teias.gov.tr,false,
2022-03-01 20:00:00,Turkey,Turkey,TR,360.89,420.36,42.89,42.65,epias.com.tr; ytbs.teias.gov.tr,false,
2022-03-01 21:00:00,Turkey,Turkey,TR,364.28,422.6,43.31,43.03,epias.com.tr,false,
2022-03-01 22:00:00,Turkey,Turkey,TR,365.85,421.93,44.74,44.38,epias.com.tr; ytbs.teias.gov.tr,false,
2022-03-01 23:00:00,Turkey,Turkey,TR,379.06,436.89,42.49,42.06,epias.com.tr; ytbs.teias.gov.tr,false,
2022-03-02 00:00:00,Turkey,Turkey,TR,390.78,449.94,40.52,40.05,epias.com.tr; ytbs.teias.gov.tr,false,
2022-03-02 01:00:00,Turkey,Turkey,TR,397.36,456.62,39.89,39.4,epias.com.tr; ytbs.teias.gov.tr,false,
2022-03-02 02:00:00,Turkey,Turkey,TR,397.9,456.82,40.0,39.55,epias.com.tr; ytbs.teias.gov.tr,false,
2022-03-02 03:00:00,Turkey,Turkey,TR,396.32,455.18,40.13,39.75,epias.com.tr; ytbs.teias.gov.tr,false,
2022-03-02 04:00:00,Turkey,Turkey,TR,391.58,451.28,40.13,39.92,epias.com.tr; ytbs.teias.gov.tr,false,
2022-03-02 05:00:00,Turkey,Turkey,TR,392.01,453.69,38.68,38.54,epias.com.tr; ytbs.teias.gov.tr,false,
2022-03-02 06:00:00,Turkey,Turkey,TR,374.29,439.36,37.83,37.78,epias.com.tr; ytbs.teias.gov.tr,false,
2022-03-02 07:00:00,Turkey,Turkey,TR,357.28,421.95,39.72,39.67,epias.com.tr; ytbs.teias.gov.tr,false,
2022-03-02 08:00:00,Turkey,Turkey,TR,356.19,421.6,39.29,39.2,epias.com.tr; ytbs.teias.gov.tr,false,
2022-03-02 09:00:00,Turkey,Turkey,TR,356.9,423.6,38.34,38.29,epias.com.tr; ytbs.teias.gov.tr,false,
2022-03-02 10:00:00,Turkey,Turkey,TR,365.87,432.98,37.14,37.04,epias.com.tr; ytbs.teias.gov.tr,false,
2022-03-02 11:00:00,Turkey,Turkey,TR,358.49,425.89,37.71,37.61,epias.com.tr; ytbs.teias.gov.tr,false,
2022-03-02 12:00:00,Turkey,Turkey,TR,352.85,419.34,38.77,38.66,epias.com.tr; ytbs.teias.gov.tr,false,
2022-03-02 13:00:00,Turkey,Turkey,TR,354.48,421.01,38.5,38.41,epias.com.tr; ytbs.teias.gov.tr,false,
2022-03-02 14:00:00,Turkey,Turkey,TR,349.14,414.87,39.36,39.29,epias.com.tr; ytbs.teias.gov.tr,false,
2022-03-02 15:00:00,Turkey,Turkey,TR,342.47,406.16,41.25,41.17,epias.com.tr; ytbs.teias.gov.tr,false,
2022-03-02 16:00:00,Turkey,Turkey,TR,336.47,398.05,43.2,43.11,epias.com.tr; ytbs.teias.gov.tr,false,
2022-03-02 17:00:00,Turkey,Turkey,TR,328.13,387.1,45.73,45.59,epias.com.tr; ytbs.teias.gov.tr,false,
2022-03-02 18:00:00,Turkey,Turkey,TR,326.14,383.51,46.98,46.8,epias.com.tr; ytbs.teias.gov.tr,false,
2022-03-02 19:00:00,Turkey,Turkey,TR,323.61,379.1,48.41,48.11,epias.com.tr; ytbs.teias.gov.tr,false,
2022-03-02 20:00:00,Turkey,Turkey,TR,316.41,369.91,50.49,50.23,epias.com.tr; ytbs.teias.gov.tr,false,
2022-03-02 21:00:00,Turkey,Turkey,TR,320.71,373.61,50.51,50.19,epias.com.tr,false,
2022-03-02 22:00:00,Turkey,Turkey,TR,311.04,362.23,52.68,52.27,epias.com.tr; ytbs.teias.gov.tr,false,
2022-03-02 23:00:00,Turkey,Turkey,TR,317.32,369.56,51.53,51.06,epias.com.tr; ytbs.teias.gov.tr,false,
2022-03-03 00:00:00,Turkey,Turkey,TR,327.96,380.79,50.13,49.57,epias.com.tr; ytbs.teias.gov.tr,false,
2022-03-03 01:00:00,Turkey,Turkey,TR,338.94,393.39,48.06,47.53,epias.com.tr; ytbs.teias.gov.tr,false,
2022-03-03 02:00:00,Turkey,Turkey,TR,340.8,395.18,47.99,47.44,epias.com.tr; ytbs.teias.gov.tr,false,
2022-03-03 03:00:00,Turkey,Turkey,TR,346.83,402.11,46.85,46.35,epias.com.tr; ytbs.teias.gov.tr,false,
2022-03-03 04:00:00,Turkey,Turkey,TR,362.65,419.64,44.14,43.74,epias.com.tr; ytbs.teias.gov.tr,false,
2022-03-03 05:00:00,Turkey,Turkey,TR,380.1,441.13,39.83,39.52,epias.com.tr; ytbs.teias.gov.tr,false,
2022-03-03 06:00:00,Turkey,Turkey,TR,364.9,427.99,39.79,39.59,epias.com.tr; ytbs.teias.gov.tr,false,
2022-03-03 07:00:00,Turkey,Turkey,TR,348.07,410.7,41.67,41.49,epias.com.tr; ytbs.teias.gov.tr,false,
2022-03-03 08:00:00,Turkey,Turkey,TR,348.41,411.86,41.02,40.82,epias.com.tr; ytbs.teias.gov.tr,false,
2022-03-03 09:00:00,Turkey,Turkey,TR,348.45,412.69,40.51,40.3,epias.com.tr; ytbs.teias.gov.tr,false,
2022-03-03 10:00:00,Turkey,Turkey,TR,361.99,428.01,38.14,37.89,epias.com.tr; ytbs.teias.gov.tr,false,
2022-03-03 11:00:00,Turkey,Turkey,TR,366.15,432.95,37.29,37.05,epias.com.tr; ytbs.teias.gov.tr,false,
2022-03-03 12:00:00,Turkey,Turkey,TR,364.11,431.05,37.45,37.25,epias.com.tr; ytbs.teias.gov.tr,false,
2022-03-03 13:00:00,Turkey,Turkey,TR,366.87,434.35,36.93,36.74,epias.com.tr; ytbs.teias.gov.tr,false,
2022-03-03 14:00:00,Turkey,Turkey,TR,365.75,433.81,36.69,36.53,epias.com.tr; ytbs.teias.gov.tr,false,
2022-03-03 15:00:00,Turkey,Turkey,TR,366.93,434.62,36.84,36.68,epias.com.tr; ytbs.teias.gov.tr,false,
2022-03-03 16:00:00,Turkey,Turkey,TR,370.67,438.69,36.3,36.18,epias.com.tr; ytbs.teias.gov.tr,false,
2022-03-03 17:00:00,Turkey,Turkey,TR,363.76,430.6,37.77,37.61,epias.com.tr; ytbs.teias.gov.tr,false,
2022-03-03 18:00:00,Turkey,Turkey,TR,354.88,418.2,41.04,40.88,epias.com.tr; ytbs.teias.gov.tr,false,
2022-03-03 19:00:00,Turkey,Turkey,TR,349.6,410.41,43.36,43.18,epias.com.tr; ytbs.teias.gov.tr,false,
2022-03-03 20:00:00,Turkey,Turkey,TR,352.47,412.39,43.81,43.62,epias.com.tr; ytbs.teias.gov.tr,false,
2022-03-03 21:00:00,Turkey,Turkey,TR,358.72,417.9,43.75,43.56,epias.com.tr,false,
2022-03-03 22:00:00,Turkey,Turkey,TR,362.95,420.71,44.47,44.25,epias.com.tr; ytbs.teias.gov.tr,false,
2022-03-03 23:00:00,Turkey,Turkey,TR,374.35,432.85,43.01,42.79,epias.com.tr; ytbs.teias.gov.tr,false,
2022-03-04 00:00:00,Turkey,Turkey,TR,382.79,442.28,41.66,41.44,epias.com.tr; ytbs.teias.gov.tr,false,
2022-03-04 01:00:00,Turkey,Turkey,TR,388.55,448.24,41.13,40.87,epias.com.tr; ytbs.teias.gov.tr,false,
2022-03-04 02:00:00,Turkey,Turkey,TR,389.19,449.0,40.99,40.76,epias.com.tr; ytbs.teias.gov.tr,false,
2022-03-04 03:00:00,Turkey,Turkey,TR,389.33,450.03,40.34,40.16,epias.com.tr; ytbs.teias.gov.tr,false,
2022-03-04 04:00:00,Turkey,Turkey,TR,391.88,454.48,38.72,38.55,epias.com.tr; ytbs.teias.gov.tr,false,
2022-03-04 05:00:00,Turkey,Turkey,TR,386.63,451.26,37.74,37.69,epias.com.tr; ytbs.teias.gov.tr,false,
2022-03-04 06:00:00,Turkey,Turkey,TR,366.18,431.73,38.87,38.87,epias.com.tr; ytbs.teias.gov.tr,false,
2022-03-04 07:00:00,Turkey,Turkey,TR,359.96,426.32,38.86,38.83,epias.com.tr; ytbs.teias.gov.tr,false,
2022-03-04 08:00:00,Turkey,Turkey,TR,368.77,437.33,36.48,36.48,epias.com.tr; ytbs.teias.gov.tr,false,
2022-03-04 09:00:00,Turkey,Turkey,TR,362.51,430.21,37.76,37.73,epias.com.tr; ytbs.teias.gov.tr,false,
2022-03-04 10:00:00,Turkey,Turkey,TR,365.16,433.38,37.39,37.39,epias.com.tr; ytbs.teias.gov.tr,false,
2022-03-04 11:00:00,Turkey,Turkey,TR,372.34,440.95,36.48,36.48,epias.com.tr; ytbs.teias.gov.tr,false,
2022-03-04 12:00:00,Turkey,Turkey,TR,369.7,438.4,36.58,36.58,epias.com.tr; ytbs.teias.gov.tr,false,
2022-03-04 13:00:00,Turkey,Turkey,TR,375.01,444.17,35.59,35.53,epias.com.tr; ytbs.teias.gov.tr,false,
2022-03-04 14:00:00,Turkey,Turkey,TR,371.6,440.42,36.08,36.04,epias.com.tr; ytbs.teias.gov.tr,false,
2022-03-04 15:00:00,Turkey,Turkey,TR,368.26,436.65,36.7,36.63,epias.com.tr; ytbs.teias.gov.tr,false,
2022-03-04 16:00:00,Turkey,Turkey,TR,365.72,432.82,37.8,37.73,epias.com.tr; ytbs.teias.gov.tr,false,
2022-03-04 17:00:00,Turkey,Turkey,TR,356.24,422.39,39.3,39.23,epias.com.tr; ytbs.teias.gov.tr,false,
2022-03-04 18:00:00,Turkey,Turkey,TR,355.04,419.49,40.56,40.46,epias.com.tr; ytbs.teias.gov.tr,false,
2022-03-04 19:00:00,Turkey,Turkey,TR,350.7,412.75,42.67,42.55,epias.com.tr; ytbs.teias.gov.tr,false,
2022-03-04 20:00:00,Turkey,Turkey,TR,352.16,412.68,43.6,43.47,epias.com.tr; ytbs.teias.gov.tr,false,
2022-03-04 21:00:00,Turkey,Turkey,TR,354.19,413.62,44.15,44.02,epias.com.tr,false,
2022-03-04 22:00:00,Turkey,Turkey,TR,360.57,420.04,43.72,43.61,epias.com.tr; ytbs.teias.gov.tr,false,
2022-03-04 23:00:00,Turkey,Turkey,TR,373.57,433.17,42.59,42.44,epias.com.tr; ytbs.teias.gov.tr,false,
2022-03-05 00:00:00,Turkey,Turkey,TR,378.11,438.73,41.59,41.39,epias.com.tr; ytbs.teias.gov.tr,false,
2022-03-05 01:00:00,Turkey,Turkey,TR,379.13,439.6,41.69,41.47,epias.com.tr; ytbs.teias.gov.tr,false,
2022-03-05 02:00:00,Turkey,Turkey,TR,375.16,436.73,41.39,41.16,epias.com.tr; ytbs.teias.gov.tr,false,
2022-03-05 03:00:00,Turkey,Turkey,TR,377.54,439.74,40.71,40.51,epias.com.tr; ytbs.teias.gov.tr,false,
2022-03-05 04:00:00,Turkey,Turkey,TR,379.4,443.49,39.26,39.18,epias.com.tr; ytbs.teias.gov.tr,false,
2022-03-05 05:00:00,Turkey,Turkey,TR,383.62,447.23,39.05,39.01,epias.com.tr; ytbs.teias.gov.tr,false,
2022-03-05 06:00:00,Turkey,Turkey,TR,369.36,433.71,39.7,39.61,epias.com.tr; ytbs.teias.gov.tr,false,
2022-03-05 07:00:00,Turkey,Turkey,TR,353.09,417.58,41.08,40.97,epias.com.tr; ytbs.teias.gov.tr,false,
2022-03-05 08:00:00,Turkey,Turkey,TR,343.52,407.58,42.23,42.06,epias.com.tr; ytbs.teias.gov.tr,false,
2022-03-05 09:00:00,Turkey,Turkey,TR,343.75,407.89,42.11,41.93,epias.com.tr; ytbs.teias.gov.tr,false,
2022-03-05 10:00:00,Turkey,Turkey,TR,348.47,412.97,41.51,41.31,epias.com.tr; ytbs.teias.gov.tr,false,
2022-03-05 11:00:00,Turkey,Turkey,TR,351.58,416.84,40.66,40.48,epias.com.tr; ytbs.teias.gov.tr,false,
2022-03-05 12:00:00,Turkey,Turkey,TR,358.64,423.65,40.07,39.88,epias.com.tr; ytbs.teias.gov.tr,false,
2022-03-05 13:00:00,Turkey,Turkey,TR,363.93,429.63,39.15,38.98,epias.com.tr; ytbs.teias.gov.tr,false,
2022-03-05 14:00:00,Turkey,Turkey,TR,360.07,425.67,39.56,39.41,epias.com.tr; ytbs.teias.gov.tr,false,
2022-03-05 15:00:00,Turkey,Turkey,TR,360.51,426.07,39.51,39.38,epias.com.tr; ytbs.teias.gov.tr,false,
2022-03-05 16:00:00,Turkey,Turkey,TR,351.69,416.11,41.03,40.97,epias.com.tr; ytbs.teias.gov.tr,false,
2022-03-05 17:00:00,Turkey,Turkey,TR,342.49,406.03,42.38,42.31,epias.com.tr; ytbs.teias.gov.tr,false,
2022-03-05 18:00:00,Turkey,Turkey,TR,334.01,394.73,45.05,44.98,epias.com.tr; ytbs.teias.gov.tr,false,
2022-03-05 19:00:00,Turkey,Turkey,TR,331.79,391.46,45.94,45.84,epias.com.tr; ytbs.teias.gov.tr,false,
2022-03-05 20:00:00,Turkey,Turkey,TR,325.37,383.07,47.94,47.85,epias.com.tr; ytbs.teias.gov.tr,false,
2022-03-05 21:00:00,Turkey,Turkey,TR,325.35,382.08,48.56,48.46,epias.com.tr,false,
2022-03-05 22:00:00,Turkey,Turkey,TR,323.81,378.8,49.98,49.84,epias.com.tr; ytbs.teias.gov.tr,false,
2022-03-05 23:00:00,Turkey,Turkey,TR,322.71,377.48,50.42,50.16,epias.com.tr; ytbs.teias.gov.tr,false,
2022-03-06 00:00:00,Turkey,Turkey,TR,324.03,379.5,49.78,49.49,epias.com.tr; ytbs.teias.gov.tr,false,
2022-03-06 01:00:00,Turkey,Turkey,TR,323.28,379.49,49.46,49.16,epias.com.tr; ytbs.teias.gov.tr,false,
2022-03-06 02:00:00,Turkey,Turkey,TR,332.15,389.23,48.07,47.76,epias.com.tr; ytbs.teias.gov.tr,false,
2022-03-06 03:00:00,Turkey,Turkey,TR,331.26,388.87,47.78,47.52,epias.com.tr; ytbs.teias.gov.tr,false,
2022-03-06 04:00:00,Turkey,Turkey,TR,338.6,397.17,46.45,46.22,epias.com.tr; ytbs.teias.gov.tr,false,
2022-03-06 05:00:00,Turkey,Turkey,TR,348.17,406.13,45.89,45.68,epias.com.tr; ytbs.teias.gov.tr,false,
2022-03-06 06:00:00,Turkey,Turkey,TR,349.35,407.5,45.48,45.27,epias.com.tr; ytbs.teias.gov.tr,false,
2022-03-06 07:00:00,Turkey,Turkey,TR,346.7,406.89,44.52,44.27,epias.com.tr; ytbs.teias.gov.tr,false,
2022-03-06 08:00:00,Turkey,Turkey,TR,343.07,404.27,44.14,43.9,epias.com.tr; ytbs.teias.gov.tr,false,
2022-03-06 09:00:00,Turkey,Turkey,TR,347.3,408.14,44.0,43.74,epias.com.tr; ytbs.teias.gov.tr,false,
2022-03-06 10:00:00,Turkey,Turkey,TR,351.47,413.43,42.95,42.68,epias.com.tr; ytbs.teias.gov.tr,false,
2022-03-06 11:00:00,Turkey,Turkey,TR,345.31,408.49,42.83,42.56,epias.com.tr; ytbs.teias.gov.tr,false,
2022-03-06 12:00:00,Turkey,Turkey,TR,346.11,409.21,42.73,42.47,epias.com.tr; ytbs.teias.gov.tr,false,
2022-03-06 13:00:00,Turkey,Turkey,TR,349.5,413.56,41.71,41.45,epias.com.tr; ytbs.teias.gov.tr,false,
2022-03-06 14:00:00,Turkey,Turkey,TR,344.4,407.59,42.76,42.49,epias.com.tr; ytbs.teias.gov.tr,false,
2022-03-06 15:00:00,Turkey,Turkey,TR,340.12,403.49,42.98,42.75,epias.com.tr; ytbs.teias.gov.tr,false,
2022-03-06 16:00:00,Turkey,Turkey,TR,337.26,400.04,43.43,43.27,epias.com.tr; ytbs.teias.gov.tr,false,
2022-03-06 17:00:00,Turkey,Turkey,TR,326.15,387.98,45.02,44.91,epias.com.tr; ytbs.teias.gov.tr,false,
2022-03-06 18:00:00,Turkey,Turkey,TR,328.21,389.95,44.87,44.72,epias.com.tr; ytbs.teias.gov.tr,false,
2022-03-06 19:00:00,Turkey,Turkey,TR,328.7,390.05,45.15,44.99,epias.com.tr; ytbs.teias.gov.tr,false,
2022-03-06 20:00:00,Turkey,Turkey,TR,324.55,384.15,46.8,46.64,epias.com.tr; ytbs.teias.gov.tr,false,
2022-03-06 21:00:00,Turkey,Turkey,TR,329.64,388.89,46.73,46.54,epias.com.tr,false,
2022-03-06 22:00:00,Turkey,Turkey,TR,336.27,395.23,46.38,46.15,epias.com.tr; ytbs.teias.gov.tr,false,
2022-03-06 23:00:00,Turkey,Turkey,TR,352.52,413.03,43.95,43.7,epias.com.tr; ytbs.teias.gov.tr,false,
2022-03-07 00:00:00,Turkey,Turkey,TR,363.74,424.61,42.71,42.41,epias.com.tr; ytbs.teias.gov.tr,false,
2022-03-07 01:00:00,Turkey,Turkey,TR,371.19,433.1,41.39,41.09,epias.com.tr; ytbs.teias.gov.tr,false,
2022-03-07 02:00:00,Turkey,Turkey,TR,374.37,437.25,40.43,40.09,epias.com.tr; ytbs.teias.gov.tr,false,
2022-03-07 03:00:00,Turkey,Turkey,TR,368.4,431.68,40.84,40.62,epias.com.tr; ytbs.teias.gov.tr,false,
2022-03-07 04:00:00,Turkey,Turkey,TR,371.82,435.79,39.95,39.87,epias.com.tr; ytbs.teias.gov.tr,false,
2022-03-07 05:00:00,Turkey,Turkey,TR,376.79,442.21,38.28,38.28,epias.com.tr; ytbs.teias.gov.tr,false,
2022-03-07 06:00:00,Turkey,Turkey,TR,354.79,419.77,40.25,40.25,epias.com.tr; ytbs.teias.gov.tr,false,
2022-03-07 07:00:00,Turkey,Turkey,TR,338.65,401.82,42.84,42.84,epias.com.tr; ytbs.teias.gov.tr,false,
2022-03-07 08:00:00,Turkey,Turkey,TR,347.99,413.24,40.55,40.55,epias.com.tr; ytbs.teias.gov.tr,false,
2022-03-07 09:00:00,Turkey,Turkey,TR,346.31,411.23,40.93,40.93,epias.com.tr; ytbs.teias.gov.tr,false,
2022-03-07 10:00:00,Turkey,Turkey,TR,353.35,418.97,39.86,39.86,epias.com.tr; ytbs.teias.gov.tr,false,
2022-03-07 11:00:00,Turkey,Turkey,TR,351.16,417.3,39.66,39.66,epias.com.tr; ytbs.teias.gov.tr,false,
2022-03-07 12:00:00,Turkey,Turkey,TR,343.93,409.25,40.85,40.85,epias.com.tr; ytbs.teias.gov.tr,false,
2022-03-07 13:00:00,Turkey,Turkey,TR,348.43,414.34,40.03,40.03,epias.com.tr; ytbs.teias.gov.tr,false,
2022-03-07 14:00:00,Turkey,Turkey,TR,345.76,410.98,40.71,40.71,epias.com.tr; ytbs.teias.gov.tr,false,
2022-03-07 15:00:00,Turkey,Turkey,TR,340.42,404.52,41.95,41.95,epias.com.tr; ytbs.teias.gov.tr,false,
2022-03-07 16:00:00,Turkey,Turkey,TR,340.81,405.21,41.69,41.69,epias.com.tr; ytbs.teias.gov.tr,false,
2022-03-07 17:00:00,Turkey,Turkey,TR,337.97,402.14,42.2,42.2,epias.com.tr; ytbs.teias.gov.tr,false,
2022-03-07 18:00:00,Turkey,Turkey,TR,340.77,404.3,42.41,42.39,epias.com.tr; ytbs.teias.gov.tr,false,
2022-03-07 19:00:00,Turkey,Turkey,TR,340.68,403.11,43.21,43.15,epias.com.tr; ytbs.teias.gov.tr,false,
2022-03-07 20:00:00,Turkey,Turkey,TR,340.84,402.4,43.86,43.8,epias.com.tr; ytbs.teias.gov.tr,false,
2022-03-07 21:00:00,Turkey,Turkey,TR,346.89,408.06,43.69,43.61,epias.com.tr,false,
2022-03-07 22:00:00,Turkey,Turkey,TR,356.0,416.16,43.62,43.49,epias.com.tr; ytbs.teias.gov.tr,false,
2022-03-07 23:00:00,Turkey,Turkey,TR,365.91,426.39,42.56,42.39,epias.com.tr; ytbs.teias.gov.tr,false,
2022-03-08 00:00:00,Turkey,Turkey,TR,376.46,437.98,40.97,40.72,epias.com.tr; ytbs.teias.gov.tr,false,
2022-03-08 01:00:00,Turkey,Turkey,TR,375.95,438.39,40.45,40.2,epias.com.tr; ytbs.teias.gov.tr,false,
2022-03-08 02:00:00,Turkey,Turkey,TR,366.45,428.46,41.73,41.48,epias.com.tr; ytbs.teias.gov.tr,false,
2022-03-08 03:00:00,Turkey,Turkey,TR,365.91,427.61,41.91,41.75,epias.com.tr; ytbs.teias.gov.tr,false,
2022-03-08 04:00:00,Turkey,Turkey,TR,365.23,426.76,41.87,41.78,epias.com.tr; ytbs.teias.gov.tr,false,
2022-03-08 05:00:00,Turkey,Turkey,TR,362.56,424.16,41.8,41.8,epias.com.tr; ytbs.teias.gov.tr,false,
2022-03-08 06:00:00,Turkey,Turkey,TR,341.06,403.67,42.95,42.95,epias.com.tr; ytbs.teias.gov.tr,false,
2022-03-08 07:00:00,Turkey,Turkey,TR,332.8,395.83,43.45,43.45,epias.com.tr; ytbs.teias.gov.tr,false,
2022-03-08 08:00:00,Turkey,Turkey,TR,337.83,402.49,41.87,41.87,epias.com.tr; ytbs.teias.gov.tr,false,
2022-03-08 09:00:00,Turkey,Turkey,TR,334.84,399.76,42.05,42.05,epias.com.tr; ytbs.teias.gov.tr,false,
2022-03-08 10:00:00,Turkey,Turkey,TR,349.25,416.25,39.35,39.35,epias.com.tr; ytbs.teias.gov.tr,false,
2022-03-08 11:00:00,Turkey,Turkey,TR,350.69,418.06,38.93,38.93,epias.com.tr; ytbs.teias.gov.tr,false,
2022-03-08 12:00:00,Turkey,Turkey,TR,343.13,409.23,40.42,40.42,epias.com.tr; ytbs.teias.gov.tr,false,
2022-03-08 13:00:00,Turkey,Turkey,TR,343.03,408.95,40.49,40.49,epias.com.tr; ytbs.teias.gov.tr,false,
2022-03-08 14:00:00,Turkey,Turkey,TR,338.09,403.41,41.23,41.23,epias.com.tr; ytbs.teias.gov.tr,false,
2022-03-08 15:00:00,Turkey,Turkey,TR,333.6,397.92,42.25,42.25,epias.com.tr; ytbs.teias.gov.tr,false,
2022-03-08 16:00:00,Turkey,Turkey,TR,327.53,391.06,43.36,43.35,epias.com.tr; ytbs.teias.gov.tr,false,
2022-03-08 17:00:00,Turkey,Turkey,TR,315.23,377.01,45.6,45.55,epias.com.tr; ytbs.teias.gov.tr,false,
2022-03-08 18:00:00,Turkey,Turkey,TR,315.74,376.4,46.26,46.18,epias.com.tr; ytbs.teias.gov.tr,false,
2022-03-08 19:00:00,Turkey,Turkey,TR,315.27,375.1,46.84,46.73,epias.com.tr; ytbs.teias.gov.tr,false,
2022-03-08 20:00:00,Turkey,Turkey,TR,306.51,363.7,49.52,49.38,epias.com.tr; ytbs.teias.gov.tr,false,
2022-03-08 21:00:00,Turkey,Turkey,TR,300.15,356.57,50.79,50.66,epias.com.tr,false,
2022-03-08 22:00:00,Turkey,Turkey,TR,297.72,351.6,52.75,52.62,epias.com.tr; ytbs.teias.gov.tr,false,
2022-03-08 23:00:00,Turkey,Turkey,TR,313.2,367.75,50.91,50.73,epias.com.tr; ytbs.teias.gov.tr,false,
2022-03-09 00:00:00,Turkey,Turkey,TR,318.21,373.28,50.09,49.84,epias.com.tr; ytbs.teias.gov.tr,false,
2022-03-09 01:00:00,Turkey,Turkey,TR,320.41,375.37,50.04,49.79,epias.com.tr; ytbs.teias.gov.tr,false,
2022-03-09 02:00:00,Turkey,Turkey,TR,325.42,380.72,49.4,49.12,epias.com.tr; ytbs.teias.gov.tr,false,
2022-03-09 03:00:00,Turkey,Turkey,TR,321.5,377.08,49.63,49.45,epias.com.tr; ytbs.teias.gov.tr,false,
2022-03-09 04:00:00,Turkey,Turkey,TR,322.71,379.62,48.59,48.53,epias.com.tr; ytbs.teias.gov.tr,false,
2022-03-09 05:00:00,Turkey,Turkey,TR,331.76,390.02,46.72,46.69,epias.com.tr; ytbs.teias.gov.tr,false,
2022-03-09 06:00:00,Turkey,Turkey,TR,320.2,379.59,46.77,46.76,epias.com.tr; ytbs.teias.gov.tr,false,
2022-03-09 07:00:00,Turkey,Turkey,TR,310.27,370.12,47.36,47.36,epias.com.tr; ytbs.teias.gov.tr,false,
2022-03-09 08:00:00,Turkey,Turkey,TR,319.4,381.66,44.82,44.8,epias.com.tr; ytbs.teias.gov.tr,false,
2022-03-09 09:00:00,Turkey,Turkey,TR,318.81,381.24,44.76,44.75,epias.com.tr; ytbs.teias.gov.tr,false,
2022-03-09 10:00:00,Turkey,Turkey,TR,326.63,390.2,43.35,43.33,epias.com.tr; ytbs.teias.gov.tr,false,
2022-03-09 11:00:00,Turkey,Turkey,TR,331.79,395.34,42.71,42.68,epias.com.tr; ytbs.teias.gov.tr,false,
2022-03-09 12:00:00,Turkey,Turkey,TR,332.29,395.64,42.74,42.7,epias.com.tr; ytbs.teias.gov.tr,false,
2022-03-09 13:00:00,Turkey,Turkey,TR,327.88,390.74,43.44,43.42,epias.com.tr; ytbs.teias.gov.tr,false,
2022-03-09 14:00:00,Turkey,Turkey,TR,321.67,383.55,44.6,44.57,epias.com.tr; ytbs.teias.gov.tr,false,
2022-03-09 15:00:00,Turkey,Turkey,TR,318.04,379.0,45.53,45.45,epias.com.tr; ytbs.teias.gov.tr,false,
2022-03-09 16:00:00,Turkey,Turkey,TR,310.61,371.1,46.62,46.57,epias.com.tr; ytbs.teias.gov.tr,false,
2022-03-09 17:00:00,Turkey,Turkey,TR,299.01,359.0,48.07,48.03,epias.com.tr; ytbs.teias.gov.tr,false,
2022-03-09 18:00:00,Turkey,Turkey,TR,297.94,357.46,48.4,48.3,epias.com.tr; ytbs.teias.gov.tr,false,
2022-03-09 19:00:00,Turkey,Turkey,TR,292.11,350.46,49.82,49.67,epias.com.tr; ytbs.teias.gov.tr,false,
2022-03-09 20:00:00,Turkey,Turkey,TR,281.12,335.68,53.43,53.29,epias.com.tr; ytbs.teias.gov.tr,false,
2022-03-09 21:00:00,Turkey,Turkey,TR,282.6,336.18,54.03,53.89,epias.com.tr,false,
2022-03-09 22:00:00,Turkey,Turkey,TR,285.08,337.66,54.58,54.38,epias.com.tr; ytbs.teias.gov.tr,false,
2022-03-09 23:00:00,Turkey,Turkey,TR,293.21,346.09,53.68,53.39,epias.com.tr; ytbs.teias.gov.tr,false,
2022-03-10 00:00:00,Turkey,Turkey,TR,302.64,356.95,51.9,51.62,epias.com.tr; ytbs.teias.gov.tr,false,
2022-03-10 01:00:00,Turkey,Turkey,TR,304.73,359.13,51.74,51.41,epias.com.tr; ytbs.teias.gov.tr,false,
2022-03-10 02:00:00,Turkey,Turkey,TR,310.06,364.77,51.05,50.72,epias.com.tr; ytbs.teias.gov.tr,false,
2022-03-10 03:00:00,Turkey,Turkey,TR,308.54,364.07,50.64,50.35,epias.com.tr; ytbs.teias.gov.tr,false,
2022-03-10 04:00:00,Turkey,Turkey,TR,304.51,360.48,50.74,50.51,epias.com.tr; ytbs.teias.gov.tr,false,
2022-03-10 05:00:00,Turkey,Turkey,TR,306.6,364.67,49.06,48.96,epias.com.tr; ytbs.teias.gov.tr,false,
2022-03-10 06:00:00,Turkey,Turkey,TR,295.73,355.28,48.93,48.86,epias.com.tr; ytbs.teias.gov.tr,false,
2022-03-10 07:00:00,Turkey,Turkey,TR,291.26,351.0,49.13,49.05,epias.com.tr; ytbs.teias.gov.tr,false,
2022-03-10 08:00:00,Turkey,Turkey,TR,293.99,354.66,48.11,47.96,epias.com.tr; ytbs.teias.gov.tr,false,
2022-03-10 09:00:00,Turkey,Turkey,TR,297.85,359.39,47.08,46.9,epias.com.tr; ytbs.teias.gov.tr,false,
2022-03-10 10:00:00,Turkey,Turkey,TR,306.27,368.74,45.7,45.49,epias.com.tr; ytbs.teias.gov.tr,false,
2022-03-10 11:00:00,Turkey,Turkey,TR,302.63,364.57,46.35,46.13,epias.com.tr; ytbs.teias.gov.tr,false,
2022-03-10 12:00:00,Turkey,Turkey,TR,296.95,358.15,47.28,47.07,epias.com.tr; ytbs.teias.gov.tr,false,
2022-03-10 13:00:00,Turkey,Turkey,TR,295.39,356.87,47.25,47.07,epias.com.tr; ytbs.teias.gov.tr,false,
2022-03-10 14:00:00,Turkey,Turkey,TR,289.16,349.32,48.72,48.57,epias.com.tr; ytbs.teias.gov.tr,false,
2022-03-10 15:00:00,Turkey,Turkey,TR,277.66,336.6,50.62,50.55,epias.com.tr; ytbs.teias.gov.tr,false,
2022-03-10 16:00:00,Turkey,Turkey,TR,274.0,333.04,50.94,50.84,epias.com.tr; ytbs.teias.gov.tr,false,
2022-03-10 17:00:00,Turkey,Turkey,TR,267.58,326.46,51.65,51.6,epias.com.tr; ytbs.teias.gov.tr,false,
2022-03-10 18:00:00,Turkey,Turkey,TR,271.54,329.46,51.9,51.75,epias.com.tr; ytbs.teias.gov.tr,false,
2022-03-10 19:00:00,Turkey,Turkey,TR,274.79,331.37,52.42,52.22,epias.com.tr; ytbs.teias.gov.tr,false,
2022-03-10 20:00:00,Turkey,Turkey,TR,259.48,312.46,56.36,56.16,epias.com.tr; ytbs.teias.gov.tr,false,
2022-03-10 21:00:00,Turkey,Turkey,TR,257.57,308.91,57.74,57.51,epias.com.tr,false,
2022-03-10 22:00:00,Turkey,Turkey,TR,259.07,309.28,58.34,58.03,epias.com.tr; ytbs.teias.gov.tr,false,
2022-03-10 23:00:00,Turkey,Turkey,TR,268.04,318.3,57.51,57.09,epias.com.tr; ytbs.teias.gov.tr,false,
2022-03-11 00:00:00,Turkey,Turkey,TR,268.41,317.29,58.47,58.03,epias.com.tr; ytbs.teias.gov.tr,false,
2022-03-11 01:00:00,Turkey,Turkey,TR,276.4,326.05,57.2,56.75,epias.com.tr; ytbs.teias.gov.tr,false,
2022-03-11 02:00:00,Turkey,Turkey,TR,275.86,325.55,57.25,56.8,epias.com.tr; ytbs.teias.gov.tr,false,
2022-03-11 03:00:00,Turkey,Turkey,TR,280.46,330.86,56.29,55.85,epias.com.tr; ytbs.teias.gov.tr,false,
2022-03-11 04:00:00,Turkey,Turkey,TR,285.92,339.28,53.89,53.54,epias.com.tr; ytbs.teias.gov.tr,false,
2022-03-11 05:00:00,Turkey,Turkey,TR,293.63,348.6,52.06,51.81,epias.com.tr; ytbs.teias.gov.tr,false,
2022-03-11 06:00:00,Turkey,Turkey,TR,292.4,351.0,49.68,49.49,epias.com.tr; ytbs.teias.gov.tr,false,
2022-03-11 07:00:00,Turkey,Turkey,TR,282.65,341.68,50.33,50.2,epias.com.tr; ytbs.teias.gov.tr,false,
2022-03-11 08:00:00,Turkey,Turkey,TR,275.67,334.27,51.24,51.08,epias.com.tr; ytbs.teias.gov.tr,false,
2022-03-11 09:00:00,Turkey,Turkey,TR,277.98,337.17,50.61,50.41,epias.com.tr; ytbs.teias.gov.tr,false,
2022-03-11 10:00:00,Turkey,Turkey,TR,284.54,344.44,49.58,49.34,epias.com.tr; ytbs.teias.gov.tr,false,
2022-03-11 11:00:00,Turkey,Turkey,TR,292.87,353.31,48.5,48.23,epias.com.tr; ytbs.teias.gov.tr,false,
2022-03-11 12:00:00,Turkey,Turkey,TR,288.83,349.71,48.47,48.22,epias.com.tr; ytbs.teias.gov.tr,false,
2022-03-11 13:00:00,Turkey,Turkey,TR,290.33,351.42,48.28,48.06,epias.com.tr; ytbs.teias.gov.tr,false,
2022-03-11 14:00:00,Turkey,Turkey,TR,290.3,351.4,48.23,47.98,epias.com.tr; ytbs.teias.gov.tr,false,
2022-03-11 15:00:00,Turkey,Turkey,TR,289.01,350.26,48.28,48.12,epias.com.tr; ytbs.teias.gov.tr,false,
2022-03-11 16:00:00,Turkey,Turkey,TR,291.59,353.29,47.76,47.61,epias.com.tr; ytbs.teias.gov.tr,false,
2022-03-11 17:00:00,Turkey,Turkey,TR,286.38,347.62,48.63,48.51,epias.com.tr; ytbs.teias.gov.tr,false,
2022-03-11 18:00:00,Turkey,Turkey,TR,280.89,340.12,50.53,50.39,epias.com.tr; ytbs.teias.gov.tr,false,
2022-03-11 19:00:00,Turkey,Turkey,TR,281.65,339.75,51.3,51.11,epias.com.tr; ytbs.teias.gov.tr,false,
2022-03-11 20:00:00,Turkey,Turkey,TR,281.48,338.3,52.28,52.09,epias.com.tr; ytbs.teias.gov.tr,false,
2022-03-11 21:00:00,Turkey,Turkey,TR,286.23,342.42,52.24,52.01,epias.com.tr,false,
2022-03-11 22:00:00,Turkey,Turkey,TR,293.47,348.97,52.15,51.81,epias.com.tr; ytbs.teias.gov.tr,false,
2022-03-11 23:00:00,Turkey,Turkey,TR,304.48,360.13,51.12,50.66,epias.com.tr; ytbs.teias.gov.tr,false,
2022-03-12 00:00:00,Turkey,Turkey,TR,319.12,376.73,48.54,48.04,epias.com.tr; ytbs.teias.gov.tr,false,
2022-03-12 01:00:00,Turkey,Turkey,TR,320.56,378.64,48.24,47.67,epias.com.tr; ytbs.teias.gov.tr,false,
2022-03-12 02:00:00,Turkey,Turkey,TR,317.76,375.65,48.7,48.13,epias.com.tr; ytbs.teias.gov.tr,false,
2022-03-12 03:00:00,Turkey,Turkey,TR,324.76,382.8,47.82,47.26,epias.com.tr; ytbs.teias.gov.tr,false,
2022-03-12 04:00:00,Turkey,Turkey,TR,329.72,389.53,46.11,45.65,epias.com.tr; ytbs.teias.gov.tr,false,
2022-03-12 05:00:00,Turkey,Turkey,TR,336.63,397.59,44.68,44.19,epias.com.tr; ytbs.teias.gov.tr,false,
2022-03-12 06:00:00,Turkey,Turkey,TR,322.78,386.62,44.05,43.68,epias.com.tr; ytbs.teias.gov.tr,false,
2022-03-12 07:00:00,Turkey,Turkey,TR,320.02,383.9,44.24,43.92,epias.com.tr; ytbs.teias.gov.tr,false,
2022-03-12 08:00:00,Turkey,Turkey,TR,315.1,379.12,44.58,44.28,epias.com.tr; ytbs.teias.gov.tr,false,
2022-03-12 09:00:00,Turkey,Turkey,TR,313.34,377.27,44.84,44.52,epias.com.tr; ytbs.teias.gov.tr,false,
2022-03-12 10:00:00,Turkey,Turkey,TR,310.67,375.43,44.64,44.32,epias.com.tr; ytbs.teias.gov.tr,false,
2022-03-12 11:00:00,Turkey,Turkey,TR,314.77,379.75,44.1,43.76,epias.com.tr; ytbs.teias.gov.tr,false,
2022-03-12 12:00:00,Turkey,Turkey,TR,323.49,389.05,42.81,42.49,epias.com.tr; ytbs.teias.gov.tr,false,
2022-03-12 13:00:00,Turkey,Turkey,TR,325.37,391.42,42.38,42.09,epias.com.tr; ytbs.teias.gov.tr,false,
2022-03-12 14:00:00,Turkey,Turkey,TR,320.63,386.3,42.95,42.7,epias.com.tr; ytbs.teias.gov.tr,false,
2022-03-12 15:00:00,Turkey,Turkey,TR,316.86,381.7,43.71,43.57,epias.com.tr; ytbs.teias.gov.tr,false,
2022-03-12 16:00:00,Turkey,Turkey,TR,306.13,369.86,45.35,45.3,epias.com.tr; ytbs.teias.gov.tr,false,
2022-03-12 17:00:00,Turkey,Turkey,TR,294.63,356.98,47.3,47.29,epias.com.tr; ytbs.teias.gov.tr,false,
2022-03-12 18:00:00,Turkey,Turkey,TR,286.78,346.96,49.5,49.48,epias.com.tr; ytbs.teias.gov.tr,false,
2022-03-12 19:00:00,Turkey,Turkey,TR,288.58,347.81,49.98,49.96,epias.com.tr; ytbs.teias.gov.tr,false,
2022-03-12 20:00:00,Turkey,Turkey,TR,283.07,340.18,51.99,51.9,epias.com.tr; ytbs.teias.gov.tr,false,
2022-03-12 21:00:00,Turkey,Turkey,TR,282.24,338.47,52.68,52.44,epias.com.tr,false,
2022-03-12 22:00:00,Turkey,Turkey,TR,289.34,344.17,53.05,52.75,epias.com.tr; ytbs.teias.gov.tr,false,
2022-03-12 23:00:00,Turkey,Turkey,TR,301.44,356.4,52.04,51.63,epias.com.tr; ytbs.teias.gov.tr,false,
2022-03-13 00:00:00,Turkey,Turkey,TR,301.79,357.77,51.52,51.07,epias.com.tr; ytbs.teias.gov.tr,false,
2022-03-13 01:00:00,Turkey,Turkey,TR,306.93,363.36,50.71,50.21,epias.com.tr; ytbs.teias.gov.tr,false,
2022-03-13 02:00:00,Turkey,Turkey,TR,313.95,371.08,49.64,49.14,epias.com.tr; ytbs.teias.gov.tr,false,
2022-03-13 03:00:00,Turkey,Turkey,TR,315.51,373.45,49.04,48.58,epias.com.tr; ytbs.teias.gov.tr,false,
2022-03-13 04:00:00,Turkey,Turkey,TR,317.69,376.22,48.35,47.91,epias.com.tr; ytbs.teias.gov.tr,false,
2022-03-13 05:00:00,Turkey,Turkey,TR,327.48,386.15,47.27,46.83,epias.com.tr; ytbs.teias.gov.tr,false,
2022-03-13 06:00:00,Turkey,Turkey,TR,329.6,389.26,46.45,46.09,epias.com.tr; ytbs.teias.gov.tr,false,
2022-03-13 07:00:00,Turkey,Turkey,TR,326.09,387.78,45.53,45.22,epias.com.tr; ytbs.teias.gov.tr,false,
2022-03-13 08:00:00,Turkey,Turkey,TR,316.93,378.0,46.76,46.41,epias.com.tr; ytbs.teias.gov.tr,false,
2022-03-13 09:00:00,Turkey,Turkey,TR,312.79,373.89,47.14,46.79,epias.com.tr; ytbs.teias.gov.tr,false,
2022-03-13 10:00:00,Turkey,Turkey,TR,314.88,376.6,46.61,46.28,epias.com.tr; ytbs.teias.gov.tr,false,
2022-03-13 11:00:00,Turkey,Turkey,TR,311.71,373.71,46.84,46.5,epias.com.tr; ytbs.teias.gov.tr,false,
2022-03-13 12:00:00,Turkey,Turkey,TR,321.12,383.71,45.51,45.21,epias.com.tr; ytbs.teias.gov.tr,false,
2022-03-13 13:00:00,Turkey,Turkey,TR,326.72,389.52,44.84,44.56,epias.com.tr; ytbs.teias.gov.tr,false,
2022-03-13 14:00:00,Turkey,Turkey,TR,329.28,393.74,43.43,43.18,epias.com.tr; ytbs.teias.gov.tr,false,
2022-03-13 15:00:00,Turkey,Turkey,TR,331.33,397.35,42.19,42.07,epias.com.tr; ytbs.teias.gov.tr,false,
2022-03-13 16:00:00,Turkey,Turkey,TR,317.58,382.26,44.34,44.25,epias.com.tr; ytbs.teias.gov.tr,false,
2022-03-13 17:00:00,Turkey,Turkey,TR,303.24,366.22,46.7,46.62,epias.com.tr; ytbs.teias.gov.tr,false,
2022-03-13 18:00:00,Turkey,Turkey,TR,302.73,365.37,46.99,46.96,epias.com.tr; ytbs.teias.gov.tr,false,
2022-03-13 19:00:00,Turkey,Turkey,TR,307.52,369.74,46.83,46.79,epias.com.tr; ytbs.teias.gov.tr,false,
2022-03-13 20:00:00,Turkey,Turkey,TR,308.46,369.48,47.57,47.47,epias.com.tr; ytbs.teias.gov.tr,false,
2022-03-13 21:00:00,Turkey,Turkey,TR,316.94,378.08,46.69,46.51,epias.com.tr,false,
2022-03-13 22:00:00,Turkey,Turkey,TR,323.47,386.03,45.27,45.0,epias.com.tr; ytbs.teias.gov.tr,false,
2022-03-13 23:00:00,Turkey,Turkey,TR,334.5,397.15,44.35,44.08,epias.com.tr; ytbs.teias.gov.tr,false,
2022-03-14 00:00:00,Turkey,Turkey,TR,348.11,411.17,42.79,42.46,epias.com.tr; ytbs.teias.gov.tr,false,
2022-03-14 01:00:00,Turkey,Turkey,TR,349.5,412.74,42.48,42.11,epias.com.tr; ytbs.teias.gov.tr,false,
2022-03-14 02:00:00,Turkey,Turkey,TR,345.11,407.45,43.46,43.11,epias.com.tr; ytbs.teias.gov.tr,false,
2022-03-14 03:00:00,Turkey,Turkey,TR,344.96,408.34,42.73,42.45,epias.com.tr; ytbs.teias.gov.tr,false,
2022-03-14 04:00:00,Turkey,Turkey,TR,333.32,398.07,42.98,42.83,epias.com.tr; ytbs.teias.gov.tr,false,
2022-03-14 05:00:00,Turkey,Turkey,TR,339.3,403.68,42.28,42.21,epias.com.tr; ytbs.teias.gov.tr,false,
2022-03-14 06:00:00,Turkey,Turkey,TR,308.4,371.23,46.01,46.0,epias.com.tr; ytbs.teias.gov.tr,false,
2022-03-14 07:00:00,Turkey,Turkey,TR,293.89,355.81,47.89,47.89,epias.com.tr; ytbs.teias.gov.tr,false,
2022-03-14 08:00:00,Turkey,Turkey,TR,297.2,360.15,46.78,46.78,epias.com.tr; ytbs.teias.gov.tr,false,
2022-03-14 09:00:00,Turkey,Turkey,TR,297.13,359.79,46.9,46.9,epias.com.tr; ytbs.teias.gov.tr,false,
2022-03-14 10:00:00,Turkey,Turkey,TR,307.41,371.19,45.09,45.08,epias.com.tr; ytbs.teias.gov.tr,false,
2022-03-14 11:00:00,Turkey,Turkey,TR,306.73,370.6,44.96,44.96,epias.com.tr; ytbs.teias.gov.tr,false,
2022-03-14 12:00:00,Turkey,Turkey,TR,304.68,368.44,45.17,45.17,epias.com.tr; ytbs.teias.gov.tr,false,
2022-03-14 13:00:00,Turkey,Turkey,TR,304.32,367.74,45.46,45.46,epias.com.tr; ytbs.teias.gov.tr,false,
2022-03-14 14:00:00,Turkey,Turkey,TR,299.58,362.05,46.45,46.45,epias.com.tr; ytbs.teias.gov.tr,false,
2022-03-14 15:00:00,Turkey,Turkey,TR,295.74,357.97,46.97,46.97,epias.com.tr; ytbs.teias.gov.tr,false,
2022-03-14 16:00:00,Turkey,Turkey,TR,296.79,359.16,46.85,46.85,epias.com.tr; ytbs.teias.gov.tr,false,
2022-03-14 17:00:00,Turkey,Turkey,TR,286.09,347.51,48.48,48.48,epias.com.tr; ytbs.teias.gov.tr,false,
2022-03-14 18:00:00,Turkey,Turkey,TR,284.92,345.79,49.04,49.04,epias.com.tr; ytbs.teias.gov.tr,false,
2022-03-14 19:00:00,Turkey,Turkey,TR,288.64,348.43,49.43,49.36,epias.com.tr; ytbs.teias.gov.tr,false,
2022-03-14 20:00:00,Turkey,Turkey,TR,284.14,341.53,51.57,51.49,epias.com.tr; ytbs.teias.gov.tr,false,
2022-03-14 21:00:00,Turkey,Turkey,TR,285.05,341.45,52.3,52.22,epias.com.tr,false,
2022-03-14 22:00:00,Turkey,Turkey,TR,289.01,344.26,52.87,52.74,epias.com.tr; ytbs.teias.gov.tr,false,
2022-03-14 23:00:00,Turkey,Turkey,TR,299.65,355.72,51.45,51.25,epias.com.tr; ytbs.teias.gov.tr,false,
2022-03-15 00:00:00,Turkey,Turkey,TR,306.76,363.82,50.19,49.95,epias.com.tr; ytbs.teias.gov.tr,false,
2022-03-15 01:00:00,Turkey,Turkey,TR,312.14,369.83,49.36,49.07,epias.com.tr; ytbs.teias.gov.tr,false,
2022-03-15 02:00:00,Turkey,Turkey,TR,314.29,372.32,48.96,48.69,epias.com.tr; ytbs.teias.gov.tr,false,
2022-03-15 03:00:00,Turkey,Turkey,TR,310.7,368.48,49.48,49.24,epias.com.tr; ytbs.teias.gov.tr,false,
2022-03-15 04:00:00,Turkey,Turkey,TR,305.68,363.72,49.71,49.58,epias.com.tr; ytbs.teias.gov.tr,false,
2022-03-15 05:00:00,Turkey,Turkey,TR,297.27,355.13,50.53,50.46,epias.com.tr; ytbs.teias.gov.tr,false,
2022-03-15 06:00:00,Turkey,Turkey,TR,276.75,335.16,52.0,52.0,epias.com.tr; ytbs.teias.gov.tr,false,
2022-03-15 07:00:00,Turkey,Turkey,TR,269.13,327.48,52.72,52.72,epias.com.tr; ytbs.teias.gov.tr,false,
2022-03-15 08:00:00,Turkey,Turkey,TR,270.17,328.72,52.45,52.43,epias.com.tr; ytbs.teias.gov.tr,false,
2022-03-15 09:00:00,Turkey,Turkey,TR,273.6,332.99,51.55,51.52,epias.com.tr; ytbs.teias.gov.tr,false,
2022-03-15 10:00:00,Turkey,Turkey,TR,284.89,346.01,49.41,49.33,epias.com.tr; ytbs.teias.gov.tr,false,
2022-03-15 11:00:00,Turkey,Turkey,TR,287.13,349.08,48.7,48.61,epias.com.tr; ytbs.teias.gov.tr,false,
2022-03-15 12:00:00,Turkey,Turkey,TR,283.57,345.3,49.19,49.13,epias.com.tr; ytbs.teias.gov.tr,false,
2022-03-15 13:00:00,Turkey,Turkey,TR,289.18,351.92,47.89,47.85,epias.com.tr; ytbs.teias.gov.tr,false,
2022-03-15 14:00:00,Turkey,Turkey,TR,294.99,359.41,46.17,46.12,epias.com.tr; ytbs.teias.gov.tr,false,
2022-03-15 15:00:00,Turkey,Turkey,TR,292.8,357.59,46.15,46.06,epias.com.tr; ytbs.teias.gov.tr,false,
2022-03-15 16:00:00,Turkey,Turkey,TR,293.52,358.28,46.14,46.02,epias.com.tr; ytbs.teias.gov.tr,false,
2022-03-15 17:00:00,Turkey,Turkey,TR,282.76,345.78,48.3,48.23,epias.com.tr; ytbs.teias.gov.tr,false,
2022-03-15 18:00:00,Turkey,Turkey,TR,274.08,333.54,51.51,51.43,epias.com.tr; ytbs.teias.gov.tr,false,
2022-03-15 19:00:00,Turkey,Turkey,TR,279.67,338.19,51.6,51.46,epias.com.tr; ytbs.teias.gov.tr,false,
2022-03-15 20:00:00,Turkey,Turkey,TR,283.85,341.78,51.63,51.44,epias.com.tr; ytbs.teias.gov.tr,false,
2022-03-15 21:00:00,Turkey,Turkey,TR,295.36,354.3,49.97,49.81,epias.com.tr,false,
2022-03-15 22:00:00,Turkey,Turkey,TR,310.04,369.32,48.49,48.26,epias.com.tr; ytbs.teias.gov.tr,false,
2022-03-15 23:00:00,Turkey,Turkey,TR,327.42,387.75,46.3,45.97,epias.com.tr; ytbs.teias.gov.tr,false,
2022-03-16 00:00:00,Turkey,Turkey,TR,341.37,403.2,44.0,43.63,epias.com.tr; ytbs.teias.gov.tr,false,
2022-03-16 01:00:00,Turkey,Turkey,TR,351.79,415.05,42.15,41.76,epias.com.tr; ytbs.teias.gov.tr,false,
2022-03-16 02:00:00,Turkey,Turkey,TR,357.69,421.66,41.12,40.72,epias.com.tr; ytbs.teias.gov.tr,false,
2022-03-16 03:00:00,Turkey,Turkey,TR,353.89,418.05,41.35,41.05,epias.com.tr; ytbs.teias.gov.tr,false,
2022-03-16 04:00:00,Turkey,Turkey,TR,342.05,406.1,42.56,42.47,epias.com.tr; ytbs.teias.gov.tr,false,
2022-03-16 05:00:00,Turkey,Turkey,TR,332.49,396.25,43.61,43.52,epias.com.tr; ytbs.teias.gov.tr,false,
2022-03-16 06:00:00,Turkey,Turkey,TR,310.39,374.44,45.34,45.34,epias.com.tr; ytbs.teias.gov.tr,false,
2022-03-16 07:00:00,Turkey,Turkey,TR,299.3,362.63,46.78,46.78,epias.com.tr; ytbs.teias.gov.tr,false,
2022-03-16 08:00:00,Turkey,Turkey,TR,300.52,364.18,46.39,46.39,epias.com.tr; ytbs.teias.gov.tr,false,
2022-03-16 09:00:00,Turkey,Turkey,TR,298.61,362.99,46.12,46.12,epias.com.tr; ytbs.teias.gov.tr,false,
2022-03-16 10:00:00,Turkey,Turkey,TR,303.06,368.07,45.42,45.42,epias.com.tr; ytbs.teias.gov.tr,false,
2022-03-16 11:00:00,Turkey,Turkey,TR,300.31,365.97,45.25,45.25,epias.com.tr; ytbs.teias.gov.tr,false,
2022-03-16 12:00:00,Turkey,Turkey,TR,298.89,364.07,45.74,45.74,epias.com.tr; ytbs.teias.gov.tr,false,
2022-03-16 13:00:00,Turkey,Turkey,TR,302.49,367.62,45.4,45.36,epias.com.tr; ytbs.teias.gov.tr,false,
2022-03-16 14:00:00,Turkey,Turkey,TR,299.41,364.08,45.94,45.83,epias.com.tr; ytbs.teias.gov.tr,false,
2022-03-16 15:00:00,Turkey,Turkey,TR,287.71,351.09,47.86,47.69,epias.com.tr; ytbs.teias.gov.tr,false,
2022-03-16 16:00:00,Turkey,Turkey,TR,284.06,347.48,48.15,47.96,epias.com.tr; ytbs.teias.gov.tr,false,
2022-03-16 17:00:00,Turkey,Turkey,TR,277.8,340.09,49.39,49.22,epias.com.tr; ytbs.teias.gov.tr,false,
2022-03-16 18:00:00,Turkey,Turkey,TR,277.89,339.15,50.09,49.85,epias.com.tr; ytbs.teias.gov.tr,false,
2022-03-16 19:00:00,Turkey,Turkey,TR,281.86,342.2,50.31,50.02,epias.com.tr; ytbs.teias.gov.tr,false,
2022-03-16 20:00:00,Turkey,Turkey,TR,275.68,333.21,52.89,52.57,epias.com.tr; ytbs.teias.gov.tr,false,
2022-03-16 21:00:00,Turkey,Turkey,TR,282.29,339.42,52.64,52.25,epias.com.tr,false,
2022-03-16 22:00:00,Turkey,Turkey,TR,284.66,339.85,53.98,53.55,epias.com.tr; ytbs.teias.gov.tr,false,
2022-03-16 23:00:00,Turkey,Turkey,TR,289.18,343.79,54.08,53.64,epias.com.tr; ytbs.teias.gov.tr,false,
2022-03-17 00:00:00,Turkey,Turkey,TR,300.33,355.78,52.6,52.13,epias.com.tr; ytbs.teias.gov.tr,false,
2022-03-17 01:00:00,Turkey,Turkey,TR,311.75,368.38,50.81,50.33,epias.com.tr; ytbs.teias.gov.tr,false,
2022-03-17 02:00:00,Turkey,Turkey,TR,311.57,368.25,50.76,50.28,epias.com.tr; ytbs.teias.gov.tr,false,
2022-03-17 03:00:00,Turkey,Turkey,TR,310.18,366.97,50.76,50.3,epias.com.tr; ytbs.teias.gov.tr,false,
2022-03-17 04:00:00,Turkey,Turkey,TR,305.95,362.55,51.27,50.86,epias.com.tr; ytbs.teias.gov.tr,false,
2022-03-17 05:00:00,Turkey,Turkey,TR,307.64,366.94,49.19,48.96,epias.com.tr; ytbs.teias.gov.tr,false,
2022-03-17 06:00:00,Turkey,Turkey,TR,285.89,345.59,50.63,50.54,epias.com.tr; ytbs.teias.gov.tr,false,
2022-03-17 07:00:00,Turkey,Turkey,TR,274.19,333.3,52.0,51.94,epias.com.tr; ytbs.teias.gov.tr,false,
2022-03-17 08:00:00,Turkey,Turkey,TR,279.05,339.5,50.66,50.61,epias.com.tr; ytbs.teias.gov.tr,false,
2022-03-17 09:00:00,Turkey,Turkey,TR,280.76,341.47,50.24,50.16,epias.com.tr; ytbs.teias.gov.tr,false,
2022-03-17 10:00:00,Turkey,Turkey,TR,297.5,360.43,47.07,46.95,epias.com.tr; ytbs.teias.gov.tr,false,
2022-03-17 11:00:00,Turkey,Turkey,TR,302.44,366.8,45.56,45.46,epias.com.tr; ytbs.teias.gov.tr,false,
2022-03-17 12:00:00,Turkey,Turkey,TR,296.98,360.61,46.44,46.36,epias.com.tr; ytbs.teias.gov.tr,false,
2022-03-17 13:00:00,Turkey,Turkey,TR,296.14,359.29,46.67,46.56,epias.com.tr; ytbs.teias.gov.tr,false,
2022-03-17 14:00:00,Turkey,Turkey,TR,291.04,353.39,47.5,47.41,epias.com.tr; ytbs.teias.gov.tr,false,
2022-03-17 15:00:00,Turkey,Turkey,TR,288.58,350.0,48.21,48.11,epias.com.tr; ytbs.teias.gov.tr,false,
2022-03-17 16:00:00,Turkey,Turkey,TR,287.39,348.97,48.17,48.16,epias.com.tr; ytbs.teias.gov.tr,false,
2022-03-17 17:00:00,Turkey,Turkey,TR,290.35,351.52,48.05,48.05,epias.com.tr; ytbs.teias.gov.tr,false,
2022-03-17 18:00:00,Turkey,Turkey,TR,293.36,353.54,48.35,48.34,epias.com.tr; ytbs.teias.gov.tr,false,
2022-03-17 19:00:00,Turkey,Turkey,TR,297.3,356.9,48.32,48.28,epias.com.tr; ytbs.teias.gov.tr,false,
2022-03-17 20:00:00,Turkey,Turkey,TR,281.87,337.85,52.27,52.22,epias.com.tr; ytbs.teias.gov.tr,false,
2022-03-17 21:00:00,Turkey,Turkey,TR,280.76,335.39,53.37,53.24,epias.com.tr,false,
2022-03-17 22:00:00,Turkey,Turkey,TR,282.32,332.33,56.38,56.18,epias.com.tr; ytbs.teias.gov.tr,false,
2022-03-17 23:00:00,Turkey,Turkey,TR,296.52,347.23,54.6,54.32,epias.com.tr; ytbs.teias.gov.tr,false,
2022-03-18 00:00:00,Turkey,Turkey,TR,309.05,360.78,52.77,52.41,epias.com.tr; ytbs.teias.gov.tr,false,
2022-03-18 01:00:00,Turkey,Turkey,TR,314.16,366.7,51.83,51.45,epias.com.tr; ytbs.teias.gov.tr,false,
2022-03-18 02:00:00,Turkey,Turkey,TR,320.21,373.13,51.03,50.69,epias.com.tr; ytbs.teias.gov.tr,false,
2022-03-18 03:00:00,Turkey,Turkey,TR,319.53,372.44,51.1,50.81,epias.com.tr; ytbs.teias.gov.tr,false,
2022-03-18 04:00:00,Turkey,Turkey,TR,314.88,367.6,51.63,51.44,epias.com.tr; ytbs.teias.gov.tr,false,
2022-03-18 05:00:00,Turkey,Turkey,TR,305.17,357.78,52.54,52.46,epias.com.tr; ytbs.teias.gov.tr,false,
2022-03-18 06:00:00,Turkey,Turkey,TR,270.67,321.51,56.93,56.92,epias.com.tr; ytbs.teias.gov.tr,false,
2022-03-18 07:00:00,Turkey,Turkey,TR,269.53,322.23,55.71,55.64,epias.com.tr; ytbs.teias.gov.tr,false,
2022-03-18 08:00:00,Turkey,Turkey,TR,277.94,332.68,53.47,53.34,epias.com.tr; ytbs.teias.gov.tr,false,
2022-03-18 09:00:00,Turkey,Turkey,TR,278.99,334.28,52.99,52.82,epias.com.tr; ytbs.teias.gov.tr,false,
2022-03-18 10:00:00,Turkey,Turkey,TR,288.27,344.51,51.44,51.23,epias.com.tr; ytbs.teias.gov.tr,false,
2022-03-18 11:00:00,Turkey,Turkey,TR,299.89,358.07,49.0,48.79,epias.com.tr; ytbs.teias.gov.tr,false,
2022-03-18 12:00:00,Turkey,Turkey,TR,289.11,346.49,50.53,50.36,epias.com.tr; ytbs.teias.gov.tr,false,
2022-03-18 13:00:00,Turkey,Turkey,TR,286.17,343.02,51.14,50.98,epias.com.tr; ytbs.teias.gov.tr,false,
2022-03-18 14:00:00,Turkey,Turkey,TR,287.74,344.72,50.8,50.65,epias.com.tr; ytbs.teias.gov.tr,false,
2022-03-18 15:00:00,Turkey,Turkey,TR,287.41,343.88,51.07,50.92,epias.com.tr; ytbs.teias.gov.tr,false,
2022-03-18 16:00:00,Turkey,Turkey,TR,286.57,342.74,51.37,51.28,epias.com.tr; ytbs.teias.gov.tr,false,
2022-03-18 17:00:00,Turkey,Turkey,TR,280.42,335.83,52.49,52.44,epias.com.tr; ytbs.teias.gov.tr,false,
2022-03-18 18:00:00,Turkey,Turkey,TR,284.02,339.62,52.04,51.97,epias.com.tr; ytbs.teias.gov.tr,false,
2022-03-18 19:00:00,Turkey,Turkey,TR,288.0,342.87,52.12,51.98,epias.com.tr; ytbs.teias.gov.tr,false,
2022-03-18 20:00:00,Turkey,Turkey,TR,274.29,326.0,55.54,55.37,epias.com.tr; ytbs.teias.gov.tr,false,
2022-03-18 21:00:00,Turkey,Turkey,TR,274.76,326.06,55.87,55.7,epias.com.tr,false,
2022-03-18 22:00:00,Turkey,Turkey,TR,300.58,352.83,52.89,52.7,epias.com.tr; ytbs.teias.gov.tr,false,
2022-03-18 23:00:00,Turkey,Turkey,TR,313.79,366.48,51.43,51.18,epias.com.tr; ytbs.teias.gov.tr,false,
2022-03-19 00:00:00,Turkey,Turkey,TR,313.95,367.25,51.13,50.77,epias.com.tr; ytbs.teias.gov.tr,false,
2022-03-19 01:00:00,Turkey,Turkey,TR,322.19,376.56,49.77,49.38,epias.com.tr; ytbs.teias.gov.tr,false,
2022-03-19 02:00:00,Turkey,Turkey,TR,326.01,381.09,48.94,48.6,epias.com.tr; ytbs.teias.gov.tr,false,
2022-03-19 03:00:00,Turkey,Turkey,TR,333.63,389.05,47.99,47.67,epias.com.tr; ytbs.teias.gov.tr,false,
2022-03-19 04:00:00,Turkey,Turkey,TR,331.75,387.05,48.28,48.0,epias.com.tr; ytbs.teias.gov.tr,false,
2022-03-19 05:00:00,Turkey,Turkey,TR,334.04,389.45,47.96,47.63,epias.com.tr; ytbs.teias.gov.tr,false,
2022-03-19 06:00:00,Turkey,Turkey,TR,319.46,375.71,48.79,48.54,epias.com.tr; ytbs.teias.gov.tr,false,
2022-03-19 07:00:00,Turkey,Turkey,TR,309.87,367.33,48.84,48.57,epias.com.tr; ytbs.teias.gov.tr,false,
2022-03-19 08:00:00,Turkey,Turkey,TR,310.74,369.36,47.86,47.57,epias.com.tr; ytbs.teias.gov.tr,false,
2022-03-19 09:00:00,Turkey,Turkey,TR,309.07,367.76,47.94,47.66,epias.com.tr; ytbs.teias.gov.tr,false,
2022-03-19 10:00:00,Turkey,Turkey,TR,311.2,370.05,47.61,47.3,epias.com.tr; ytbs.teias.gov.tr,false,
2022-03-19 11:00:00,Turkey,Turkey,TR,306.35,365.04,48.15,47.85,epias.com.tr; ytbs.teias.gov.tr,false,
2022-03-19 12:00:00,Turkey,Turkey,TR,305.05,363.57,48.27,47.99,epias.com.tr; ytbs.teias.gov.tr,false,
2022-03-19 13:00:00,Turkey,Turkey,TR,305.47,363.54,48.51,48.23,epias.com.tr; ytbs.teias.gov.tr,false,
2022-03-19 14:00:00,Turkey,Turkey,TR,305.08,362.59,48.9,48.62,epias.com.tr; ytbs.teias.gov.tr,false,
2022-03-19 15:00:00,Turkey,Turkey,TR,300.65,357.84,49.52,49.31,epias.com.tr; ytbs.teias.gov.tr,false,
2022-03-19 16:00:00,Turkey,Turkey,TR,297.27,354.55,49.69,49.61,epias.com.tr; ytbs.teias.gov.tr,false,
2022-03-19 17:00:00,Turkey,Turkey,TR,285.93,341.75,51.76,51.69,epias.com.tr; ytbs.teias.gov.tr,false,
2022-03-19 18:00:00,Turkey,Turkey,TR,287.02,342.16,52.13,52.05,epias.com.tr; ytbs.teias.gov.tr,false,
2022-03-19 19:00:00,Turkey,Turkey,TR,295.48,350.48,51.42,51.27,epias.com.tr; ytbs.teias.gov.tr,false,
2022-03-19 20:00:00,Turkey,Turkey,TR,286.43,338.96,54.03,53.84,epias.com.tr; ytbs.teias.gov.tr,false,
2022-03-19 21:00:00,Turkey,Turkey,TR,288.01,339.44,54.63,54.35,epias.com.tr,false,
2022-03-19 22:00:00,Turkey,Turkey,TR,293.66,345.32,54.09,53.81,epias.com.tr; ytbs.teias.gov.tr,false,
2022-03-19 23:00:00,Turkey,Turkey,TR,313.62,366.14,51.63,51.28,epias.com.tr; ytbs.teias.gov.tr,false,
2022-03-20 00:00:00,Turkey,Turkey,TR,309.07,361.7,52.05,51.58,epias.com.tr; ytbs.teias.gov.tr,false,
2022-03-20 01:00:00,Turkey,Turkey,TR,317.99,371.67,50.61,50.1,epias.com.tr; ytbs.teias.gov.tr,false,
2022-03-20 02:00:00,Turkey,Turkey,TR,322.73,376.79,49.96,49.49,epias.com.tr; ytbs.teias.gov.tr,false,
2022-03-20 03:00:00,Turkey,Turkey,TR,329.8,383.9,49.26,48.84,epias.com.tr; ytbs.teias.gov.tr,false,
2022-03-20 04:00:00,Turkey,Turkey,TR,339.22,392.57,48.8,48.38,epias.com.tr; ytbs.teias.gov.tr,false,
2022-03-20 05:00:00,Turkey,Turkey,TR,337.87,390.71,49.22,48.8,epias.com.tr; ytbs.teias.gov.tr,false,
2022-03-20 06:00:00,Turkey,Turkey,TR,326.72,378.81,50.89,50.5,epias.com.tr; ytbs.teias.gov.tr,false,
2022-03-20 07:00:00,Turkey,Turkey,TR,322.15,374.38,51.19,50.76,epias.com.tr; ytbs.teias.gov.tr,false,
2022-03-20 08:00:00,Turkey,Turkey,TR,310.04,361.8,52.56,52.16,epias.com.tr; ytbs.teias.gov.tr,false,
2022-03-20 09:00:00,Turkey,Turkey,TR,296.99,346.67,55.11,54.69,epias.com.tr; ytbs.teias.gov.tr,false,
2022-03-20 10:00:00,Turkey,Turkey,TR,295.31,344.97,55.21,54.79,epias.com.tr; ytbs.teias.gov.tr,false,
2022-03-20 11:00:00,Turkey,Turkey,TR,293.6,343.11,55.43,55.03,epias.com.tr; ytbs.teias.gov.tr,false,
2022-03-20 12:00:00,Turkey,Turkey,TR,292.95,342.84,55.2,54.79,epias.com.tr; ytbs.teias.gov.tr,false,
2022-03-20 13:00:00,Turkey,Turkey,TR,298.73,350.24,53.52,53.07,epias.com.tr; ytbs.teias.gov.tr,false,
2022-03-20 14:00:00,Turkey,Turkey,TR,301.25,355.08,51.71,51.35,epias.com.tr; ytbs.teias.gov.tr,false,
2022-03-20 15:00:00,Turkey,Turkey,TR,299.48,354.48,51.07,50.88,epias.com.tr; ytbs.teias.gov.tr,false,
2022-03-20 16:00:00,Turkey,Turkey,TR,301.01,356.28,50.69,50.56,epias.com.tr; ytbs.teias.gov.tr,false,
2022-03-20 17:00:00,Turkey,Turkey,TR,293.87,348.07,52.03,52.0,epias.com.tr; ytbs.teias.gov.tr,false,
2022-03-20 18:00:00,Turkey,Turkey,TR,290.12,343.72,52.81,52.76,epias.com.tr; ytbs.teias.gov.tr,false,
2022-03-20 19:00:00,Turkey,Turkey,TR,296.4,350.07,52.26,52.18,epias.com.tr; ytbs.teias.gov.tr,false,
2022-03-20 20:00:00,Turkey,Turkey,TR,287.38,340.68,53.58,53.51,epias.com.tr; ytbs.teias.gov.tr,false,
2022-03-20 21:00:00,Turkey,Turkey,TR,288.47,341.77,53.6,53.48,epias.com.tr,false,
2022-03-20 22:00:00,Turkey,Turkey,TR,303.03,356.18,52.34,52.11,epias.com.tr; ytbs.teias.gov.tr,false,
2022-03-20 23:00:00,Turkey,Turkey,TR,316.31,369.35,51.2,50.9,epias.com.tr; ytbs.teias.gov.tr,false,
2022-03-21 00:00:00,Turkey,Turkey,TR,322.02,375.6,50.38,50.04,epias.com.tr; ytbs.teias.gov.tr,false,
2022-03-21 01:00:00,Turkey,Turkey,TR,324.75,378.03,50.41,50.05,epias.com.tr; ytbs.teias.gov.tr,false,
2022-03-21 02:00:00,Turkey,Turkey,TR,327.07,380.49,50.08,49.72,epias.com.tr; ytbs.teias.gov.tr,false,
2022-03-21 03:00:00,Turkey,Turkey,TR,327.01,380.74,49.8,49.47,epias.com.tr; ytbs.teias.gov.tr,false,
2022-03-21 04:00:00,Turkey,Turkey,TR,343.98,400.32,46.3,45.99,epias.com.tr; ytbs.teias.gov.tr,false,
2022-03-21 05:00:00,Turkey,Turkey,TR,350.5,408.58,44.45,44.22,epias.com.tr; ytbs.teias.gov.tr,false,
2022-03-21 06:00:00,Turkey,Turkey,TR,315.94,372.28,48.83,48.81,epias.com.tr; ytbs.teias.gov.tr,false,
2022-03-21 07:00:00,Turkey,Turkey,TR,298.03,352.54,51.68,51.63,epias.com.tr; ytbs.teias.gov.tr,false,
2022-03-21 08:00:00,Turkey,Turkey,TR,299.46,354.6,51.07,50.99,epias.com.tr; ytbs.teias.gov.tr,false,
2022-03-21 09:00:00,Turkey,Turkey,TR,299.69,354.46,51.26,51.12,epias.com.tr; ytbs.teias.gov.tr,false,
2022-03-21 10:00:00,Turkey,Turkey,TR,310.03,365.41,49.96,49.77,epias.com.tr; ytbs.teias.gov.tr,false,
2022-03-21 11:00:00,Turkey,Turkey,TR,310.81,366.74,49.51,49.33,epias.com.tr; ytbs.teias.gov.tr,false,
2022-03-21 12:00:00,Turkey,Turkey,TR,305.4,361.19,50.07,49.89,epias.com.tr; ytbs.teias.gov.tr,false,
2022-03-21 13:00:00,Turkey,Turkey,TR,302.63,358.18,50.5,50.38,epias.com.tr; ytbs.teias.gov.tr,false,
2022-03-21 14:00:00,Turkey,Turkey,TR,294.94,349.65,51.82,51.79,epias.com.tr; ytbs.teias.gov.tr,false,
2022-03-21 15:00:00,Turkey,Turkey,TR,290.94,345.41,52.35,52.35,epias.com.tr; ytbs.teias.gov.tr,false,
2022-03-21 16:00:00,Turkey,Turkey,TR,300.64,356.64,50.35,50.34,epias.com.tr; ytbs.teias.gov.tr,false,
2022-03-21 17:00:00,Turkey,Turkey,TR,291.43,346.55,51.81,51.81,epias.com.tr; ytbs.teias.gov.tr,false,
2022-03-21 18:00:00,Turkey,Turkey,TR,287.81,341.27,53.32,53.25,epias.com.tr; ytbs.teias.gov.tr,false,
2022-03-21 19:00:00,Turkey,Turkey,TR,288.65,341.38,53.82,53.74,epias.com.tr; ytbs.teias.gov.tr,false,
2022-03-21 20:00:00,Turkey,Turkey,TR,292.62,345.07,53.67,53.55,epias.com.tr; ytbs.teias.gov.tr,false,
2022-03-21 21:00:00,Turkey,Turkey,TR,302.07,355.06,52.52,52.36,epias.com.tr,false,
2022-03-21 22:00:00,Turkey,Turkey,TR,324.21,379.0,49.29,48.99,epias.com.tr; ytbs.teias.gov.tr,false,
2022-03-21 23:00:00,Turkey,Turkey,TR,339.72,396.28,46.71,46.31,epias.com.tr; ytbs.teias.gov.tr,false,
2022-03-22 00:00:00,Turkey,Turkey,TR,343.71,400.06,46.49,46.09,epias.com.tr; ytbs.teias.gov.tr,false,
2022-03-22 01:00:00,Turkey,Turkey,TR,347.94,404.07,46.28,45.89,epias.com.tr; ytbs.teias.gov.tr,false,
2022-03-22 02:00:00,Turkey,Turkey,TR,349.09,404.9,46.36,45.98,epias.com.tr; ytbs.teias.gov.tr,false,
2022-03-22 03:00:00,Turkey,Turkey,TR,346.17,401.3,47.06,46.65,epias.com.tr; ytbs.teias.gov.tr,false,
2022-03-22 04:00:00,Turkey,Turkey,TR,349.48,405.04,46.4,46.01,epias.com.tr; ytbs.teias.gov.tr,false,
2022-03-22 05:00:00,Turkey,Turkey,TR,339.27,394.79,47.47,47.21,epias.com.tr; ytbs.teias.gov.tr,false,
2022-03-22 06:00:00,Turkey,Turkey,TR,312.7,368.27,49.89,49.75,epias.com.tr; ytbs.teias.gov.tr,false,
2022-03-22 07:00:00,Turkey,Turkey,TR,299.75,354.59,51.58,51.48,epias.com.tr; ytbs.teias.gov.tr,false,
2022-03-22 08:00:00,Turkey,Turkey,TR,305.32,360.61,50.66,50.52,epias.com.tr; ytbs.teias.gov.tr,false,
2022-03-22 09:00:00,Turkey,Turkey,TR,302.53,357.3,51.25,51.05,epias.com.tr; ytbs.teias.gov.tr,false,
2022-03-22 10:00:00,Turkey,Turkey,TR,310.63,366.29,50.06,49.84,epias.com.tr; ytbs.teias.gov.tr,false,
2022-03-22 11:00:00,Turkey,Turkey,TR,308.21,364.02,50.19,49.96,epias.com.tr; ytbs.teias.gov.tr,false,
2022-03-22 12:00:00,Turkey,Turkey,TR,303.86,359.68,50.58,50.35,epias.com.tr; ytbs.teias.gov.tr,false,
2022-03-22 13:00:00,Turkey,Turkey,TR,306.08,362.54,49.95,49.7,epias.com.tr; ytbs.teias.gov.tr,false,
2022-03-22 14:00:00,Turkey,Turkey,TR,297.73,352.71,51.73,51.5,epias.com.tr; ytbs.teias.gov.tr,false,
2022-03-22 15:00:00,Turkey,Turkey,TR,289.07,342.65,53.53,53.32,epias.com.tr; ytbs.teias.gov.tr,false,
2022-03-22 16:00:00,Turkey,Turkey,TR,292.73,346.7,52.89,52.79,epias.com.tr; ytbs.teias.gov.tr,false,
2022-03-22 17:00:00,Turkey,Turkey,TR,287.16,340.39,53.8,53.7,epias.com.tr; ytbs.teias.gov.tr,false,
2022-03-22 18:00:00,Turkey,Turkey,TR,287.5,341.07,53.52,53.39,epias.com.tr; ytbs.teias.gov.tr,false,
2022-03-22 19:00:00,Turkey,Turkey,TR,295.98,350.23,52.23,52.06,epias.com.tr; ytbs.teias.gov.tr,false,
2022-03-22 20:00:00,Turkey,Turkey,TR,301.38,354.96,52.03,51.88,epias.com.tr; ytbs.teias.gov.tr,false,
2022-03-22 21:00:00,Turkey,Turkey,TR,307.13,359.89,52.24,52.07,epias.com.tr,false,
2022-03-22 22:00:00,Turkey,Turkey,TR,325.14,380.24,49.01,48.7,epias.com.tr; ytbs.teias.gov.tr,false,
2022-03-22 23:00:00,Turkey,Turkey,TR,348.57,404.92,46.02,45.63,epias.com.tr; ytbs.teias.gov.tr,false,
2022-03-23 00:00:00,Turkey,Turkey,TR,366.61,424.73,43.18,42.81,epias.com.tr; ytbs.teias.gov.tr,false,
2022-03-23 01:00:00,Turkey,Turkey,TR,373.37,431.74,42.35,41.94,epias.com.tr; ytbs.teias.gov.tr,false,
2022-03-23 02:00:00,Turkey,Turkey,TR,371.7,429.59,42.85,42.42,epias.com.tr; ytbs.teias.gov.tr,false,
2022-03-23 03:00:00,Turkey,Turkey,TR,369.76,427.82,42.88,42.46,epias.com.tr; ytbs.teias.gov.tr,false,
2022-03-23 04:00:00,Turkey,Turkey,TR,362.47,420.2,43.7,43.39,epias.com.tr; ytbs.teias.gov.tr,false,
2022-03-23 05:00:00,Turkey,Turkey,TR,347.9,405.67,45.07,44.87,epias.com.tr; ytbs.teias.gov.tr,false,
2022-03-23 06:00:00,Turkey,Turkey,TR,315.49,372.08,48.9,48.79,epias.com.tr; ytbs.teias.gov.tr,false,
2022-03-23 07:00:00,Turkey,Turkey,TR,298.04,353.16,51.47,51.33,epias.com.tr; ytbs.teias.gov.tr,false,
2022-03-23 08:00:00,Turkey,Turkey,TR,301.02,356.09,51.18,50.96,epias.com.tr; ytbs.teias.gov.tr,false,
2022-03-23 09:00:00,Turkey,Turkey,TR,299.63,354.56,51.39,51.18,epias.com.tr; ytbs.teias.gov.tr,false,
2022-03-23 10:00:00,Turkey,Turkey,TR,311.23,367.44,49.46,49.25,epias.com.tr; ytbs.teias.gov.tr,false,
2022-03-23 11:00:00,Turkey,Turkey,TR,310.59,366.68,49.52,49.32,epias.com.tr; ytbs.teias.gov.tr,false,
2022-03-23 12:00:00,Turkey,Turkey,TR,298.88,352.96,52.04,51.85,epias.com.tr; ytbs.teias.gov.tr,false,
2022-03-23 13:00:00,Turkey,Turkey,TR,302.91,356.65,51.82,51.63,epias.com.tr; ytbs.teias.gov.tr,false,
2022-03-23 14:00:00,Turkey,Turkey,TR,297.85,351.73,52.15,51.99,epias.com.tr; ytbs.teias.gov.tr,false,
2022-03-23 15:00:00,Turkey,Turkey,TR,296.02,349.64,52.47,52.33,epias.com.tr; ytbs.teias.gov.tr,false,
2022-03-23 16:00:00,Turkey,Turkey,TR,302.95,357.65,51.03,50.94,epias.com.tr; ytbs.teias.gov.tr,false,
2022-03-23 17:00:00,Turkey,Turkey,TR,296.0,350.28,52.01,51.97,epias.com.tr; ytbs.teias.gov.tr,false,
2022-03-23 18:00:00,Turkey,Turkey,TR,289.6,341.34,54.36,54.33,epias.com.tr; ytbs.teias.gov.tr,false,
2022-03-23 19:00:00,Turkey,Turkey,TR,290.27,341.86,54.44,54.39,epias.com.tr; ytbs.teias.gov.tr,false,
2022-03-23 20:00:00,Turkey,Turkey,TR,296.42,347.59,54.13,54.1,epias.com.tr; ytbs.teias.gov.tr,false,
2022-03-23 21:00:00,Turkey,Turkey,TR,304.93,356.68,52.95,52.91,epias.com.tr,false,
2022-03-23 22:00:00,Turkey,Turkey,TR,331.78,386.6,48.53,48.44,epias.com.tr; ytbs.teias.gov.tr,false,
2022-03-23 23:00:00,Turkey,Turkey,TR,353.42,410.07,45.33,45.14,epias.com.tr; ytbs.teias.gov.tr,false,
2022-03-24 00:00:00,Turkey,Turkey,TR,366.88,424.29,43.61,43.37,epias.com.tr; ytbs.teias.gov.tr,false,
2022-03-24 01:00:00,Turkey,Turkey,TR,371.74,428.87,43.46,43.21,epias.com.tr; ytbs.teias.gov.tr,false,
2022-03-24 02:00:00,Turkey,Turkey,TR,371.71,428.32,43.86,43.57,epias.com.tr; ytbs.teias.gov.tr,false,
2022-03-24 03:00:00,Turkey,Turkey,TR,365.86,421.94,44.74,44.54,epias.com.tr; ytbs.teias.gov.tr,false,
2022-03-24 04:00:00,Turkey,Turkey,TR,360.24,416.55,45.09,44.91,epias.com.tr; ytbs.teias.gov.tr,false,
2022-03-24 05:00:00,Turkey,Turkey,TR,351.8,408.86,45.42,45.31,epias.com.tr; ytbs.teias.gov.tr,false,
2022-03-24 06:00:00,Turkey,Turkey,TR,309.69,363.71,51.4,51.35,epias.com.tr; ytbs.teias.gov.tr,false,
2022-03-24 07:00:00,Turkey,Turkey,TR,299.55,353.23,52.55,52.49,epias.com.tr; ytbs.teias.gov.tr,false,
2022-03-24 08:00:00,Turkey,Turkey,TR,303.95,358.36,51.71,51.6,epias.com.tr; ytbs.teias.gov.tr,false,
2022-03-24 09:00:00,Turkey,Turkey,TR,304.89,359.68,51.37,51.21,epias.com.tr; ytbs.teias.gov.tr,false,
2022-03-24 10:00:00,Turkey,Turkey,TR,319.62,375.92,49.04,48.81,epias.com.tr; ytbs.teias.gov.tr,false,
2022-03-24 11:00:00,Turkey,Turkey,TR,323.06,380.1,48.26,48.01,epias.com.tr; ytbs.teias.gov.tr,false,
2022-03-24 12:00:00,Turkey,Turkey,TR,318.44,375.63,48.62,48.37,epias.com.tr; ytbs.teias.gov.tr,false,
2022-03-24 13:00:00,Turkey,Turkey,TR,317.05,374.61,48.55,48.35,epias.com.tr; ytbs.teias.gov.tr,false,
2022-03-24 14:00:00,Turkey,Turkey,TR,311.63,369.19,49.04,48.87,epias.com.tr; ytbs.teias.gov.tr,false,
2022-03-24 15:00:00,Turkey,Turkey,TR,310.6,367.52,49.54,49.37,epias.com.tr; ytbs.teias.gov.tr,false,
2022-03-24 16:00:00,Turkey,Turkey,TR,311.43,368.59,49.39,49.25,epias.com.tr; ytbs.teias.gov.tr,false,
2022-03-24 17:00:00,Turkey,Turkey,TR,302.41,358.68,50.81,50.64,epias.com.tr; ytbs.teias.gov.tr,false,
2022-03-24 18:00:00,Turkey,Turkey,TR,303.32,359.47,50.81,50.57,epias.com.tr; ytbs.teias.gov.tr,false,
2022-03-24 19:00:00,Turkey,Turkey,TR,311.58,368.51,49.49,49.15,epias.com.tr; ytbs.teias.gov.tr,false,
2022-03-24 20:00:00,Turkey,Turkey,TR,316.76,373.03,49.51,49.12,epias.com.tr; ytbs.teias.gov.tr,false,
2022-03-24 21:00:00,Turkey,Turkey,TR,318.89,373.94,50.19,49.79,epias.com.tr,false,
2022-03-24 22:00:00,Turkey,Turkey,TR,332.57,387.69,48.89,48.41,epias.com.tr; ytbs.teias.gov.tr,false,
2022-03-24 23:00:00,Turkey,Turkey,TR,346.58,402.42,47.22,46.79,epias.com.tr; ytbs.teias.gov.tr,false,
2022-03-25 00:00:00,Turkey,Turkey,TR,352.79,408.77,46.58,46.12,epias.com.tr; ytbs.teias.gov.tr,false,
2022-03-25 01:00:00,Turkey,Turkey,TR,368.56,426.71,43.69,43.26,epias.com.tr; ytbs.teias.gov.tr,false,
2022-03-25 02:00:00,Turkey,Turkey,TR,371.73,430.01,43.32,42.87,epias.com.tr; ytbs.teias.gov.tr,false,
2022-03-25 03:00:00,Turkey,Turkey,TR,371.35,429.66,43.26,42.81,epias.com.tr; ytbs.teias.gov.tr,false,
2022-03-25 04:00:00,Turkey,Turkey,TR,362.45,419.59,44.92,44.61,epias.com.tr; ytbs.teias.gov.tr,false,
2022-03-25 05:00:00,Turkey,Turkey,TR,354.46,412.8,44.8,44.64,epias.com.tr; ytbs.teias.gov.tr,false,
2022-03-25 06:00:00,Turkey,Turkey,TR,322.31,380.33,47.92,47.78,epias.com.tr; ytbs.teias.gov.tr,false,
2022-03-25 07:00:00,Turkey,Turkey,TR,310.91,368.74,49.21,49.04,epias.com.tr; ytbs.teias.gov.tr,false,
2022-03-25 08:00:00,Turkey,Turkey,TR,315.95,374.67,48.17,47.97,epias.com.tr; ytbs.teias.gov.tr,false,
2022-03-25 09:00:00,Turkey,Turkey,TR,318.02,377.24,47.67,47.48,epias.com.tr; ytbs.teias.gov.tr,false,
2022-03-25 10:00:00,Turkey,Turkey,TR,334.97,395.35,45.39,45.17,epias.com.tr; ytbs.teias.gov.tr,false,
2022-03-25 11:00:00,Turkey,Turkey,TR,348.58,410.5,43.06,42.81,epias.com.tr; ytbs.teias.gov.tr,false,
2022-03-25 12:00:00,Turkey,Turkey,TR,331.08,390.61,46.16,45.93,epias.com.tr; ytbs.teias.gov.tr,false,
2022-03-25 13:00:00,Turkey,Turkey,TR,328.67,387.49,46.77,46.52,epias.com.tr; ytbs.teias.gov.tr,false,
2022-03-25 14:00:00,Turkey,Turkey,TR,326.18,385.46,46.66,46.46,epias.com.tr; ytbs.teias.gov.tr,false,
2022-03-25 15:00:00,Turkey,Turkey,TR,326.71,386.73,46.09,45.94,epias.com.tr; ytbs.teias.gov.tr,false,
2022-03-25 16:00:00,Turkey,Turkey,TR,325.83,385.86,46.12,46.0,epias.com.tr; ytbs.teias.gov.tr,false,
2022-03-25 17:00:00,Turkey,Turkey,TR,310.51,368.43,48.87,48.72,epias.com.tr; ytbs.teias.gov.tr,false,
2022-03-25 18:00:00,Turkey,Turkey,TR,301.29,357.14,51.11,50.93,epias.com.tr; ytbs.teias.gov.tr,false,
2022-03-25 19:00:00,Turkey,Turkey,TR,301.3,355.13,52.52,52.36,epias.com.tr; ytbs.teias.gov.tr,false,
2022-03-25 20:00:00,Turkey,Turkey,TR,303.59,356.61,52.85,52.63,epias.com.tr; ytbs.teias.gov.tr,false,
2022-03-25 21:00:00,Turkey,Turkey,TR,311.34,365.04,51.7,51.45,epias.com.tr,false,
2022-03-25 22:00:00,Turkey,Turkey,TR,324.32,379.57,49.52,49.18,epias.com.tr; ytbs.teias.gov.tr,false,
2022-03-25 23:00:00,Turkey,Turkey,TR,330.83,385.9,49.17,48.75,epias.com.tr; ytbs.teias.gov.tr,false,
2022-03-26 00:00:00,Turkey,Turkey,TR,340.17,395.62,48.14,47.7,epias.com.tr; ytbs.teias.gov.tr,false,
2022-03-26 01:00:00,Turkey,Turkey,TR,340.7,395.24,48.76,48.24,epias.com.tr; ytbs.teias.gov.tr,false,
2022-03-26 02:00:00,Turkey,Turkey,TR,332.82,386.62,49.93,49.44,epias.com.tr; ytbs.teias.gov.tr,false,
2022-03-26 03:00:00,Turkey,Turkey,TR,326.93,380.09,50.83,50.42,epias.com.tr; ytbs.teias.gov.tr,false,
2022-03-26 04:00:00,Turkey,Turkey,TR,323.49,376.3,51.39,51.01,epias.com.tr; ytbs.teias.gov.tr,false,
2022-03-26 05:00:00,Turkey,Turkey,TR,324.15,377.61,50.89,50.54,epias.com.tr; ytbs.teias.gov.tr,false,
2022-03-26 06:00:00,Turkey,Turkey,TR,301.53,355.35,52.81,52.54,epias.com.tr; ytbs.teias.gov.tr,false,
2022-03-26 07:00:00,Turkey,Turkey,TR,296.06,350.85,52.6,52.36,epias.com.tr; ytbs.teias.gov.tr,false,
2022-03-26 08:00:00,Turkey,Turkey,TR,293.53,348.67,52.59,52.32,epias.com.tr; ytbs.teias.gov.tr,false,
2022-03-26 09:00:00,Turkey,Turkey,TR,292.33,347.33,52.83,52.51,epias.com.tr; ytbs.teias.gov.tr,false,
2022-03-26 10:00:00,Turkey,Turkey,TR,300.14,355.56,51.84,51.48,epias.com.tr; ytbs.teias.gov.tr,false,
2022-03-26 11:00:00,Turkey,Turkey,TR,303.99,360.53,50.7,50.36,epias.com.tr; ytbs.teias.gov.tr,false,
2022-03-26 12:00:00,Turkey,Turkey,TR,306.78,363.97,49.98,49.61,epias.com.tr; ytbs.teias.gov.tr,false,
2022-03-26 13:00:00,Turkey,Turkey,TR,310.78,368.89,49.12,48.74,epias.com.tr; ytbs.teias.gov.tr,false,
2022-03-26 14:00:00,Turkey,Turkey,TR,304.64,362.07,50.2,49.8,epias.com.tr; ytbs.teias.gov.tr,false,
2022-03-26 15:00:00,Turkey,Turkey,TR,294.07,350.75,51.68,51.27,epias.com.tr; ytbs.teias.gov.tr,false,
2022-03-26 16:00:00,Turkey,Turkey,TR,284.52,340.8,52.83,52.45,epias.com.tr; ytbs.teias.gov.tr,false,
2022-03-26 17:00:00,Turkey,Turkey,TR,274.57,330.36,54.11,53.83,epias.com.tr; ytbs.teias.gov.tr,false,
2022-03-26 18:00:00,Turkey,Turkey,TR,269.84,323.99,55.63,55.31,epias.com.tr; ytbs.teias.gov.tr,false,
2022-03-26 19:00:00,Turkey,Turkey,TR,273.13,326.75,55.76,55.4,epias.com.tr; ytbs.teias.gov.tr,false,
2022-03-26 20:00:00,Turkey,Turkey,TR,280.08,334.28,54.82,54.45,epias.com.tr; ytbs.teias.gov.tr,false,
2022-03-26 21:00:00,Turkey,Turkey,TR,277.82,330.45,56.22,55.83,epias.com.tr,false,
2022-03-26 22:00:00,Turkey,Turkey,TR,286.5,339.91,54.99,54.6,epias.com.tr; ytbs.teias.gov.tr,false,
2022-03-26 23:00:00,Turkey,Turkey,TR,292.01,346.03,54.24,53.83,epias.com.tr; ytbs.teias.gov.tr,false,
2022-03-27 00:00:00,Turkey,Turkey,TR,306.56,362.23,51.78,51.33,epias.com.tr; ytbs.teias.gov.tr,false,
2022-03-27 01:00:00,Turkey,Turkey,TR,315.67,372.18,50.41,49.92,epias.com.tr; ytbs.teias.gov.tr,false,
2022-03-27 02:00:00,Turkey,Turkey,TR,318.96,376.05,49.73,49.19,epias.com.tr; ytbs.teias.gov.tr,false,
2022-03-27 03:00:00,Turkey,Turkey,TR,316.54,373.55,49.94,49.42,epias.com.tr; ytbs.teias.gov.tr,false,
2022-03-27 04:00:00,Turkey,Turkey,TR,326.02,383.99,48.34,47.83,epias.com.tr; ytbs.teias.gov.tr,false,
2022-03-27 05:00:00,Turkey,Turkey,TR,336.05,393.71,47.67,47.16,epias.com.tr; ytbs.teias.gov.tr,false,
2022-03-27 06:00:00,Turkey,Turkey,TR,341.3,400.15,46.44,45.94,epias.com.tr; ytbs.teias.gov.tr,false,
2022-03-27 07:00:00,Turkey,Turkey,TR,344.74,404.62,45.6,45.01,epias.com.tr; ytbs.teias.gov.tr,false,
2022-03-27 08:00:00,Turkey,Turkey,TR,344.97,405.27,45.38,44.81,epias.com.tr; ytbs.teias.gov.tr,false,
2022-03-27 09:00:00,Turkey,Turkey,TR,344.33,404.5,45.56,44.99,epias.com.tr; ytbs.teias.gov.tr,false,
2022-03-27 10:00:00,Turkey,Turkey,TR,351.21,411.95,44.56,43.99,epias.com.tr; ytbs.teias.gov.tr,false,
2022-03-27 11:00:00,Turkey,Turkey,TR,352.37,412.63,44.75,44.11,epias.com.tr; ytbs.teias.gov.tr,false,
2022-03-27 12:00:00,Turkey,Turkey,TR,359.28,419.45,44.12,43.47,epias.com.tr; ytbs.teias.gov.tr,false,
2022-03-27 13:00:00,Turkey,Turkey,TR,361.65,422.42,43.48,42.9,epias.com.tr; ytbs.teias.gov.tr,false,
2022-03-27 14:00:00,Turkey,Turkey,TR,353.74,414.92,43.86,43.46,epias.com.tr; ytbs.teias.gov.tr,false,
2022-03-27 15:00:00,Turkey,Turkey,TR,333.0,392.18,46.87,46.43,epias.com.tr; ytbs.teias.gov.tr,false,
2022-03-27 16:00:00,Turkey,Turkey,TR,308.08,364.88,50.66,50.3,epias.com.tr; ytbs.teias.gov.tr,false,
2022-03-27 17:00:00,Turkey,Turkey,TR,282.65,337.02,54.41,54.18,epias.com.tr; ytbs.teias.gov.tr,false,
2022-03-27 18:00:00,Turkey,Turkey,TR,277.3,331.67,54.83,54.55,epias.com.tr; ytbs.teias.gov.tr,false,
2022-03-27 19:00:00,Turkey,Turkey,TR,285.81,341.3,53.35,53.04,epias.com.tr; ytbs.teias.gov.tr,false,
2022-03-27 20:00:00,Turkey,Turkey,TR,295.22,351.73,51.87,51.53,epias.com.tr; ytbs.teias.gov.tr,false,
2022-03-27 21:00:00,Turkey,Turkey,TR,297.57,353.93,51.93,51.57,epias.com.tr,false,
2022-03-27 22:00:00,Turkey,Turkey,TR,306.14,362.19,51.6,51.13,epias.com.tr; ytbs.teias.gov.tr,false,
2022-03-27 23:00:00,Turkey,Turkey,TR,323.73,381.39,49.01,48.5,epias.com.tr; ytbs.teias.gov.tr,false,
2022-03-28 00:00:00,Turkey,Turkey,TR,341.32,401.56,45.79,45.31,epias.com.tr; ytbs.teias.gov.tr,false,
2022-03-28 01:00:00,Turkey,Turkey,TR,349.44,410.79,44.4,43.88,epias.com.tr; ytbs.teias.gov.tr,false,
2022-03-28 02:00:00,Turkey,Turkey,TR,353.22,415.76,43.26,42.78,epias.com.tr; ytbs.teias.gov.tr,false,
2022-03-28 03:00:00,Turkey,Turkey,TR,342.21,403.74,45.0,44.65,epias.com.tr; ytbs.teias.gov.tr,false,
2022-03-28 04:00:00,Turkey,Turkey,TR,333.0,393.96,46.2,45.93,epias.com.tr; ytbs.teias.gov.tr,false,
2022-03-28 05:00:00,Turkey,Turkey,TR,322.79,383.87,46.96,46.75,epias.com.tr; ytbs.teias.gov.tr,false,
2022-03-28 06:00:00,Turkey,Turkey,TR,280.66,337.89,53.29,53.09,epias.com.tr; ytbs.teias.gov.tr,false,
2022-03-28 07:00:00,Turkey,Turkey,TR,269.87,326.17,54.79,54.47,epias.com.tr; ytbs.teias.gov.tr,false,
2022-03-28 08:00:00,Turkey,Turkey,TR,275.16,332.47,53.7,53.38,epias.com.tr; ytbs.teias.gov.tr,false,
2022-03-28 09:00:00,Turkey,Turkey,TR,281.48,339.66,52.58,52.24,epias.com.tr; ytbs.teias.gov.tr,false,
2022-03-28 10:00:00,Turkey,Turkey,TR,299.23,359.83,49.45,49.07,epias.com.tr; ytbs.teias.gov.tr,false,
2022-03-28 11:00:00,Turkey,Turkey,TR,302.4,364.05,48.47,48.09,epias.com.tr; ytbs.teias.gov.tr,false,
2022-03-28 12:00:00,Turkey,Turkey,TR,299.71,361.66,48.55,48.2,epias.com.tr; ytbs.teias.gov.tr,false,
2022-03-28 13:00:00,Turkey,Turkey,TR,303.59,366.2,47.72,47.35,epias.com.tr; ytbs.teias.gov.tr,false,
2022-03-28 14:00:00,Turkey,Turkey,TR,304.48,367.42,47.28,46.89,epias.com.tr; ytbs.teias.gov.tr,false,
2022-03-28 15:00:00,Turkey,Turkey,TR,307.33,371.41,46.12,45.72,epias.com.tr; ytbs.teias.gov.tr,false,
2022-03-28 16:00:00,Turkey,Turkey,TR,304.52,368.31,46.53,46.22,epias.com.tr; ytbs.teias.gov.tr,false,
2022-03-28 17:00:00,Turkey,Turkey,TR,290.86,352.42,49.19,48.92,epias.com.tr; ytbs.teias.gov.tr,false,
2022-03-28 18:00:00,Turkey,Turkey,TR,284.67,344.93,50.61,50.32,epias.com.tr; ytbs.teias.gov.tr,false,
2022-03-28 19:00:00,Turkey,Turkey,TR,283.5,341.84,51.97,51.58,epias.com.tr; ytbs.teias.gov.tr,false,
2022-03-28 20:00:00,Turkey,Turkey,TR,283.49,340.63,52.81,52.43,epias.com.tr; ytbs.teias.gov.tr,false,
2022-03-28 21:00:00,Turkey,Turkey,TR,283.28,338.45,54.28,53.87,epias.com.tr,false,
2022-03-28 22:00:00,Turkey,Turkey,TR,295.95,351.17,53.1,52.66,epias.com.tr; ytbs.teias.gov.tr,false,
2022-03-28 23:00:00,Turkey,Turkey,TR,312.7,369.9,50.3,49.84,epias.com.tr; ytbs.teias.gov.tr,false,
2022-03-29 00:00:00,Turkey,Turkey,TR,325.53,384.31,48.1,47.65,epias.com.tr; ytbs.teias.gov.tr,false,
2022-03-29 01:00:00,Turkey,Turkey,TR,333.75,393.58,46.6,46.17,epias.com.tr; ytbs.teias.gov.tr,false,
2022-03-29 02:00:00,Turkey,Turkey,TR,335.17,394.45,46.81,46.36,epias.com.tr; ytbs.teias.gov.tr,false,
2022-03-29 03:00:00,Turkey,Turkey,TR,330.71,389.58,47.43,47.05,epias.com.tr; ytbs.teias.gov.tr,false,
2022-03-29 04:00:00,Turkey,Turkey,TR,325.74,384.14,48.06,47.81,epias.com.tr; ytbs.teias.gov.tr,false,
2022-03-29 05:00:00,Turkey,Turkey,TR,323.86,383.69,47.14,46.95,epias.com.tr; ytbs.teias.gov.tr,false,
2022-03-29 06:00:00,Turkey,Turkey,TR,299.55,359.41,49.19,48.99,epias.com.tr; ytbs.teias.gov.tr,false,
2022-03-29 07:00:00,Turkey,Turkey,TR,293.29,352.73,49.91,49.74,epias.com.tr; ytbs.teias.gov.tr,false,
2022-03-29 08:00:00,Turkey,Turkey,TR,295.73,356.06,49.1,48.92,epias.com.tr; ytbs.teias.gov.tr,false,
2022-03-29 09:00:00,Turkey,Turkey,TR,294.25,353.7,49.65,49.45,epias.com.tr; ytbs.teias.gov.tr,false,
2022-03-29 10:00:00,Turkey,Turkey,TR,307.04,368.54,47.1,46.88,epias.com.tr; ytbs.teias.gov.tr,false,
2022-03-29 11:00:00,Turkey,Turkey,TR,304.15,365.38,47.46,47.22,epias.com.tr; ytbs.teias.gov.tr,false,
2022-03-29 12:00:00,Turkey,Turkey,TR,292.92,352.63,49.54,49.29,epias.com.tr; ytbs.teias.gov.tr,false,
2022-03-29 13:00:00,Turkey,Turkey,TR,291.67,351.1,49.89,49.63,epias.com.tr; ytbs.teias.gov.tr,false,
2022-03-29 14:00:00,Turkey,Turkey,TR,282.73,340.72,51.62,51.38,epias.com.tr; ytbs.teias.gov.tr,false,
2022-03-29 15:00:00,Turkey,Turkey,TR,275.49,332.45,53.0,52.73,epias.com.tr; ytbs.teias.gov.tr,false,
2022-03-29 16:00:00,Turkey,Turkey,TR,276.93,334.71,52.36,52.1,epias.com.tr; ytbs.teias.gov.tr,false,
2022-03-29 17:00:00,Turkey,Turkey,TR,273.56,331.43,52.57,52.29,epias.com.tr; ytbs.teias.gov.tr,false,
2022-03-29 18:00:00,Turkey,Turkey,TR,278.46,337.23,51.5,51.19,epias.com.tr; ytbs.teias.gov.tr,false,
2022-03-29 19:00:00,Turkey,Turkey,TR,285.26,344.46,50.59,50.24,epias.com.tr; ytbs.teias.gov.tr,false,
2022-03-29 20:00:00,Turkey,Turkey,TR,287.87,346.2,50.91,50.53,epias.com.tr; ytbs.teias.gov.tr,false,
2022-03-29 21:00:00,Turkey,Turkey,TR,286.69,342.82,52.48,52.06,epias.com.tr,false,
2022-03-29 22:00:00,Turkey,Turkey,TR,296.23,353.27,51.12,50.75,epias.com.tr; ytbs.teias.gov.tr,false,
2022-03-29 23:00:00,Turkey,Turkey,TR,307.97,366.4,49.13,48.77,epias.com.tr; ytbs.teias.gov.tr,false,
2022-03-30 00:00:00,Turkey,Turkey,TR,317.56,376.92,47.81,47.45,epias.com.tr; ytbs.teias.gov.tr,false,
2022-03-30 01:00:00,Turkey,Turkey,TR,324.96,384.75,46.85,46.41,epias.com.tr; ytbs.teias.gov.tr,false,
2022-03-30 02:00:00,Turkey,Turkey,TR,325.14,384.93,46.97,46.56,epias.com.tr; ytbs.teias.gov.tr,false,
2022-03-30 03:00:00,Turkey,Turkey,TR,315.1,373.9,48.67,48.32,epias.com.tr; ytbs.teias.gov.tr,false,
2022-03-30 04:00:00,Turkey,Turkey,TR,311.09,369.89,49.06,48.85,epias.com.tr; ytbs.teias.gov.tr,false,
2022-03-30 05:00:00,Turkey,Turkey,TR,312.65,372.14,48.36,48.15,epias.com.tr; ytbs.teias.gov.tr,false,
2022-03-30 06:00:00,Turkey,Turkey,TR,288.58,346.62,51.51,51.39,epias.com.tr; ytbs.teias.gov.tr,false,
2022-03-30 07:00:00,Turkey,Turkey,TR,277.82,334.43,53.56,53.41,epias.com.tr; ytbs.teias.gov.tr,false,
2022-03-30 08:00:00,Turkey,Turkey,TR,281.38,337.94,53.28,53.17,epias.com.tr; ytbs.teias.gov.tr,false,
2022-03-30 09:00:00,Turkey,Turkey,TR,286.51,343.96,52.12,52.02,epias.com.tr; ytbs.teias.gov.tr,false,
2022-03-30 10:00:00,Turkey,Turkey,TR,312.38,374.28,46.79,46.66,epias.com.tr; ytbs.teias.gov.tr,false,
2022-03-30 11:00:00,Turkey,Turkey,TR,312.92,375.67,46.2,46.06,epias.com.tr; ytbs.teias.gov.tr,false,
2022-03-30 12:00:00,Turkey,Turkey,TR,300.4,361.17,48.65,48.53,epias.com.tr; ytbs.teias.gov.tr,false,
2022-03-30 13:00:00,Turkey,Turkey,TR,301.61,363.5,47.7,47.56,epias.com.tr; ytbs.teias.gov.tr,false,
2022-03-30 14:00:00,Turkey,Turkey,TR,292.66,353.5,49.16,49.02,epias.com.tr; ytbs.teias.gov.tr,false,
2022-03-30 15:00:00,Turkey,Turkey,TR,285.11,345.57,50.12,50.02,epias.com.tr; ytbs.teias.gov.tr,false,
2022-03-30 16:00:00,Turkey,Turkey,TR,282.06,341.97,50.74,50.63,epias.com.tr; ytbs.teias.gov.tr,false,
2022-03-30 17:00:00,Turkey,Turkey,TR,267.61,325.42,53.39,53.31,epias.com.tr; ytbs.teias.gov.tr,false,
2022-03-30 18:00:00,Turkey,Turkey,TR,257.78,313.11,55.94,55.84,epias.com.tr; ytbs.teias.gov.tr,false,
2022-03-30 19:00:00,Turkey,Turkey,TR,257.56,311.66,56.79,56.63,epias.com.tr; ytbs.teias.gov.tr,false,
2022-03-30 20:00:00,Turkey,Turkey,TR,258.92,312.23,57.07,56.89,epias.com.tr; ytbs.teias.gov.tr,false,
2022-03-30 21:00:00,Turkey,Turkey,TR,264.6,317.97,56.44,56.24,epias.com.tr,false,
2022-03-30 22:00:00,Turkey,Turkey,TR,285.22,340.24,53.42,53.15,epias.com.tr; ytbs.teias.gov.tr,false,
2022-03-30 23:00:00,Turkey,Turkey,TR,302.11,358.7,50.75,50.46,epias.com.tr; ytbs.teias.gov.tr,false,
2022-03-31 00:00:00,Turkey,Turkey,TR,299.51,356.12,51.04,50.75,epias.com.tr; ytbs.teias.gov.tr,false,
2022-03-31 01:00:00,Turkey,Turkey,TR,292.59,347.96,52.54,52.24,epias.com.tr; ytbs.teias.gov.tr,false,
2022-03-31 02:00:00,Turkey,Turkey,TR,294.14,348.99,52.67,52.44,epias.com.tr; ytbs.teias.gov.tr,false,
2022-03-31 03:00:00,Turkey,Turkey,TR,300.44,355.31,51.98,51.75,epias.com.tr; ytbs.teias.gov.tr,false,
2022-03-31 04:00:00,Turkey,Turkey,TR,310.06,365.47,50.63,50.43,epias.com.tr; ytbs.teias.gov.tr,false,
2022-03-31 05:00:00,Turkey,Turkey,TR,301.63,356.76,51.63,51.49,epias.com.tr; ytbs.teias.gov.tr,false,
2022-03-31 06:00:00,Turkey,Turkey,TR,275.04,328.57,55.13,55.01,epias.com.tr; ytbs.teias.gov.tr,false,
2022-03-31 07:00:00,Turkey,Turkey,TR,278.28,333.87,53.33,53.2,epias.com.tr; ytbs.teias.gov.tr,false,
2022-03-31 08:00:00,Turkey,Turkey,TR,286.0,342.95,51.72,51.56,epias.com.tr; ytbs.teias.gov.tr,false,
2022-03-31 09:00:00,Turkey,Turkey,TR,285.51,342.78,51.51,51.36,epias.com.tr; ytbs.teias.gov.tr,false,
2022-03-31 10:00:00,Turkey,Turkey,TR,296.5,353.92,50.33,50.15,epias.com.tr; ytbs.teias.gov.tr,false,
2022-03-31 11:00:00,Turkey,Turkey,TR,299.14,356.59,50.01,49.82,epias.com.tr; ytbs.teias.gov.tr,false,
2022-03-31 12:00:00,Turkey,Turkey,TR,280.39,336.18,52.92,52.72,epias.com.tr; ytbs.teias.gov.tr,false,
2022-03-31 13:00:00,Turkey,Turkey,TR,277.07,332.35,53.72,53.55,epias.com.tr; ytbs.teias.gov.tr,false,
2022-03-31 14:00:00,Turkey,Turkey,TR,267.07,320.56,55.74,55.53,epias.com.tr; ytbs.teias.gov.tr,false,
2022-03-31 15:00:00,Turkey,Turkey,TR,264.65,317.83,56.11,55.91,epias.com.tr; ytbs.teias.gov.tr,false,
2022-03-31 16:00:00,Turkey,Turkey,TR,265.5,318.7,56.04,55.84,epias.com.tr; ytbs.teias.gov.tr,false,
2022-03-31 17:00:00,Turkey,Turkey,TR,258.48,311.2,56.93,56.71,epias.com.tr; ytbs.teias.gov.tr,false,
2022-03-31 18:00:00,Turkey,Turkey,TR,255.15,307.42,57.59,57.38,epias.com.tr; ytbs.teias.gov.tr,false,
2022-03-31 19:00:00,Turkey,Turkey,TR,260.25,313.23,56.66,56.4,epias.com.tr; ytbs.teias.gov.tr,false,
2022-03-31 20:00:00,Turkey,Turkey,TR,264.45,316.62,56.73,56.51,epias.com.tr; ytbs.teias.gov.tr,false,
2022-03-31 21:00:00,Turkey,Turkey,TR,265.92,317.29,57.04,56.76,epias.com.tr,false,
2022-03-31 22:00:00,Turkey,Turkey,TR,287.13,339.28,54.44,53.76,epias.com.tr; ytbs.teias.gov.tr,false,
2022-03-31 23:00:00,Turkey,Turkey,TR,293.17,345.47,53.93,53.17,epias.com.tr; ytbs.teias.gov.tr,false,
2022-04-01 00:00:00,Turkey,Turkey,TR,278.36,330.09,55.78,55.01,epias.com.tr; ytbs.teias.gov.tr,false,
2022-04-01 01:00:00,Turkey,Turkey,TR,286.71,338.74,54.8,53.96,epias.com.tr; ytbs.teias.gov.tr,false,
2022-04-01 02:00:00,Turkey,Turkey,TR,288.75,340.67,54.76,53.98,epias.com.tr; ytbs.teias.gov.tr,false,
2022-04-01 03:00:00,Turkey,Turkey,TR,291.09,343.34,54.21,53.64,epias.com.tr; ytbs.teias.gov.tr,false,
2022-04-01 04:00:00,Turkey,Turkey,TR,301.0,355.22,51.91,51.67,epias.com.tr; ytbs.teias.gov.tr,false,
2022-04-01 05:00:00,Turkey,Turkey,TR,309.2,364.68,50.22,49.96,epias.com.tr; ytbs.teias.gov.tr,false,
2022-04-01 06:00:00,Turkey,Turkey,TR,299.14,354.95,50.79,50.54,epias.com.tr; ytbs.teias.gov.tr,false,
2022-04-01 07:00:00,Turkey,Turkey,TR,298.78,354.05,51.14,50.83,epias.com.tr; ytbs.teias.gov.tr,false,
2022-04-01 08:00:00,Turkey,Turkey,TR,296.23,350.17,52.24,51.85,epias.com.tr; ytbs.teias.gov.tr,false,
2022-04-01 09:00:00,Turkey,Turkey,TR,282.53,334.45,54.76,54.29,epias.com.tr; ytbs.teias.gov.tr,false,
2022-04-01 10:00:00,Turkey,Turkey,TR,282.56,333.92,55.16,54.65,epias.com.tr; ytbs.teias.gov.tr,false,
2022-04-01 11:00:00,Turkey,Turkey,TR,291.48,344.52,53.34,52.81,epias.com.tr; ytbs.teias.gov.tr,false,
2022-04-01 12:00:00,Turkey,Turkey,TR,287.84,340.2,54.01,53.45,epias.com.tr; ytbs.teias.gov.tr,false,
2022-04-01 13:00:00,Turkey,Turkey,TR,292.59,345.6,53.09,52.51,epias.com.tr; ytbs.teias.gov.tr,false,
2022-04-01 14:00:00,Turkey,Turkey,TR,284.02,336.75,54.06,53.48,epias.com.tr; ytbs.teias.gov.tr,false,
2022-04-01 15:00:00,Turkey,Turkey,TR,282.62,334.61,54.53,54.21,epias.com.tr; ytbs.teias.gov.tr,false,
2022-04-01 16:00:00,Turkey,Turkey,TR,280.96,332.45,55.02,54.7,epias.com.tr; ytbs.teias.gov.tr,false,
2022-04-01 17:00:00,Turkey,Turkey,TR,273.98,325.83,55.48,55.23,epias.com.tr; ytbs.teias.gov.tr,false,
2022-04-01 18:00:00,Turkey,Turkey,TR,278.21,330.92,54.46,54.19,epias.com.tr; ytbs.teias.gov.tr,false,
2022-04-01 19:00:00,Turkey,Turkey,TR,280.27,333.02,54.3,53.99,epias.com.tr; ytbs.teias.gov.tr,false,
2022-04-01 20:00:00,Turkey,Turkey,TR,265.55,313.27,58.96,58.61,epias.com.tr; ytbs.teias.gov.tr,false,
2022-04-01 21:00:00,Turkey,Turkey,TR,266.85,312.87,59.93,59.35,epias.com.tr,false,
2022-04-01 22:00:00,Turkey,Turkey,TR,268.29,312.76,61.02,60.67,epias.com.tr; ytbs.teias.gov.tr,false,
2022-04-01 23:00:00,Turkey,Turkey,TR,256.08,299.49,62.98,62.5,epias.com.tr; ytbs.teias.gov.tr,false,
2022-04-02 00:00:00,Turkey,Turkey,TR,256.32,299.64,63.08,62.61,epias.com.tr; ytbs.teias.gov.tr,false,
2022-04-02 01:00:00,Turkey,Turkey,TR,260.67,304.33,62.43,62.07,epias.com.tr; ytbs.teias.gov.tr,false,
2022-04-02 02:00:00,Turkey,Turkey,TR,270.53,314.4,61.28,60.85,epias.com.tr; ytbs.teias.gov.tr,false,
2022-04-02 03:00:00,Turkey,Turkey,TR,262.5,306.48,62.08,61.84,epias.com.tr; ytbs.teias.gov.tr,false,
2022-04-02 04:00:00,Turkey,Turkey,TR,268.59,313.13,61.2,60.92,epias.com.tr; ytbs.teias.gov.tr,false,
2022-04-02 05:00:00,Turkey,Turkey,TR,267.14,311.66,61.48,61.07,epias.com.tr; ytbs.teias.gov.tr,false,
2022-04-02 06:00:00,Turkey,Turkey,TR,263.07,307.26,62.05,61.7,epias.com.tr; ytbs.teias.gov.tr,false,
2022-04-02 07:00:00,Turkey,Turkey,TR,263.91,307.49,62.25,61.71,epias.com.tr; ytbs.teias.gov.tr,false,
2022-04-02 08:00:00,Turkey,Turkey,TR,256.73,299.92,63.14,62.47,epias.com.tr; ytbs.teias.gov.tr,false,
2022-04-02 09:00:00,Turkey,Turkey,TR,251.97,294.8,63.93,63.31,epias.com.tr; ytbs.teias.gov.tr,false,
2022-04-02 10:00:00,Turkey,Turkey,TR,256.69,299.85,63.24,62.59,epias.com.tr; ytbs.teias.gov.tr,false,
2022-04-02 11:00:00,Turkey,Turkey,TR,252.62,295.56,63.75,63.02,epias.com.tr; ytbs.teias.gov.tr,false,
2022-04-02 12:00:00,Turkey,Turkey,TR,247.24,290.22,64.3,63.59,epias.com.tr; ytbs.teias.gov.tr,false,
2022-04-02 13:00:00,Turkey,Turkey,TR,248.35,291.55,64.06,63.48,epias.com.tr; ytbs.teias.gov.tr,false,
2022-04-02 14:00:00,Turkey,Turkey,TR,257.06,300.6,62.91,62.5,epias.com.tr; ytbs.teias.gov.tr,false,
2022-04-02 15:00:00,Turkey,Turkey,TR,264.69,309.89,60.97,60.7,epias.com.tr; ytbs.teias.gov.tr,false,
2022-04-02 16:00:00,Turkey,Turkey,TR,281.86,331.02,56.65,56.42,epias.com.tr; ytbs.teias.gov.tr,false,
2022-04-02 17:00:00,Turkey,Turkey,TR,282.25,331.46,56.61,56.37,epias.com.tr; ytbs.teias.gov.tr,false,
2022-04-02 18:00:00,Turkey,Turkey,TR,279.0,329.78,56.0,55.82,epias.com.tr; ytbs.teias.gov.tr,false,
2022-04-02 19:00:00,Turkey,Turkey,TR,286.53,336.03,56.13,55.89,epias.com.tr; ytbs.teias.gov.tr,false,
2022-04-02 20:00:00,Turkey,Turkey,TR,267.92,315.04,59.68,59.44,epias.com.tr; ytbs.teias.gov.tr,false,
2022-04-02 21:00:00,Turkey,Turkey,TR,262.11,307.99,61.13,60.79,epias.com.tr,false,
2022-04-02 22:00:00,Turkey,Turkey,TR,256.38,300.91,62.64,62.24,epias.com.tr; ytbs.teias.gov.tr,false,
2022-04-02 23:00:00,Turkey,Turkey,TR,242.96,287.22,64.25,63.87,epias.com.tr; ytbs.teias.gov.tr,false,
2022-04-03 00:00:00,Turkey,Turkey,TR,234.99,279.05,65.13,64.7,epias.com.tr; ytbs.teias.gov.tr,false,
2022-04-03 01:00:00,Turkey,Turkey,TR,238.46,282.58,64.78,64.28,epias.com.tr; ytbs.teias.gov.tr,false,
2022-04-03 02:00:00,Turkey,Turkey,TR,244.52,289.19,63.93,63.49,epias.com.tr; ytbs.teias.gov.tr,false,
2022-04-03 03:00:00,Turkey,Turkey,TR,250.81,295.78,63.16,62.82,epias.com.tr; ytbs.teias.gov.tr,false,
2022-04-03 04:00:00,Turkey,Turkey,TR,265.62,311.64,61.09,61.09,epias.com.tr; ytbs.teias.gov.tr,false,
2022-04-03 05:00:00,Turkey,Turkey,TR,266.42,312.39,61.25,60.88,epias.com.tr; ytbs.teias.gov.tr,false,
2022-04-03 06:00:00,Turkey,Turkey,TR,272.86,320.86,59.52,59.01,epias.com.tr; ytbs.teias.gov.tr,false,
2022-04-03 07:00:00,Turkey,Turkey,TR,273.77,321.75,59.32,58.45,epias.com.tr; ytbs.teias.gov.tr,false,
2022-04-03 08:00:00,Turkey,Turkey,TR,257.49,304.77,61.47,60.67,epias.com.tr; ytbs.teias.gov.tr,false,
2022-04-03 09:00:00,Turkey,Turkey,TR,246.34,291.66,63.78,62.95,epias.com.tr; ytbs.teias.gov.tr,false,
2022-04-03 10:00:00,Turkey,Turkey,TR,249.58,295.91,62.68,61.9,epias.com.tr; ytbs.teias.gov.tr,false,
2022-04-03 11:00:00,Turkey,Turkey,TR,249.2,296.0,62.44,61.7,epias.com.tr; ytbs.teias.gov.tr,false,
2022-04-03 12:00:00,Turkey,Turkey,TR,244.13,290.24,63.45,62.65,epias.com.tr; ytbs.teias.gov.tr,false,
2022-04-03 13:00:00,Turkey,Turkey,TR,247.22,293.32,63.12,62.31,epias.com.tr; ytbs.teias.gov.tr,false,
2022-04-03 14:00:00,Turkey,Turkey,TR,228.8,271.97,66.7,66.27,epias.com.tr; ytbs.teias.gov.tr,false,
2022-04-03 15:00:00,Turkey,Turkey,TR,243.69,287.59,64.74,64.39,epias.com.tr; ytbs.teias.gov.tr,false,
2022-04-03 16:00:00,Turkey,Turkey,TR,263.33,309.85,61.05,60.8,epias.com.tr; ytbs.teias.gov.tr,false,
2022-04-03 17:00:00,Turkey,Turkey,TR,279.96,328.86,57.91,57.63,epias.com.tr; ytbs.teias.gov.tr,false,
2022-04-03 18:00:00,Turkey,Turkey,TR,290.39,341.48,55.47,55.2,epias.com.tr; ytbs.teias.gov.tr,false,
2022-04-03 19:00:00,Turkey,Turkey,TR,298.15,349.49,54.7,54.41,epias.com.tr; ytbs.teias.gov.tr,false,
2022-04-03 20:00:00,Turkey,Turkey,TR,298.9,349.67,55.03,54.67,epias.com.tr; ytbs.teias.gov.tr,false,
2022-04-03 21:00:00,Turkey,Turkey,TR,301.16,352.07,54.89,54.43,epias.com.tr,false,
2022-04-03 22:00:00,Turkey,Turkey,TR,300.74,350.59,55.86,55.38,epias.com.tr; ytbs.teias.gov.tr,false,
2022-04-03 23:00:00,Turkey,Turkey,TR,301.83,352.29,55.57,55.14,epias.com.tr; ytbs.teias.gov.tr,false,
2022-04-04 00:00:00,Turkey,Turkey,TR,307.26,358.72,54.53,54.11,epias.com.tr; ytbs.teias.gov.tr,false,
2022-04-04 01:00:00,Turkey,Turkey,TR,321.52,375.52,51.62,51.25,epias.com.tr; ytbs.teias.gov.tr,false,
2022-04-04 02:00:00,Turkey,Turkey,TR,335.02,390.83,49.18,48.89,epias.com.tr; ytbs.teias.gov.tr,false,
2022-04-04 03:00:00,Turkey,Turkey,TR,350.31,407.42,46.91,46.62,epias.com.tr; ytbs.teias.gov.tr,false,
2022-04-04 04:00:00,Turkey,Turkey,TR,359.37,419.58,44.23,44.03,epias.com.tr; ytbs.teias.gov.tr,false,
2022-04-04 05:00:00,Turkey,Turkey,TR,363.3,426.87,41.65,41.61,epias.com.tr; ytbs.teias.gov.tr,false,
2022-04-04 06:00:00,Turkey,Turkey,TR,360.64,426.48,40.09,39.96,epias.com.tr; ytbs.teias.gov.tr,false,
2022-04-04 07:00:00,Turkey,Turkey,TR,362.33,428.9,39.26,38.95,epias.com.tr; ytbs.teias.gov.tr,false,
2022-04-04 08:00:00,Turkey,Turkey,TR,360.47,426.73,39.57,39.25,epias.com.tr; ytbs.teias.gov.tr,false,
2022-04-04 09:00:00,Turkey,Turkey,TR,350.86,416.61,40.83,40.5,epias.com.tr; ytbs.teias.gov.tr,false,
2022-04-04 10:00:00,Turkey,Turkey,TR,353.85,417.8,41.67,41.3,epias.com.tr; ytbs.teias.gov.tr,false,
2022-04-04 11:00:00,Turkey,Turkey,TR,348.21,411.91,42.33,41.96,epias.com.tr; ytbs.teias.gov.tr,false,
2022-04-04 12:00:00,Turkey,Turkey,TR,347.99,412.5,41.77,41.43,epias.com.tr; ytbs.teias.gov.tr,false,
2022-04-04 13:00:00,Turkey,Turkey,TR,349.59,414.86,40.99,40.66,epias.com.tr; ytbs.teias.gov.tr,false,
2022-04-04 14:00:00,Turkey,Turkey,TR,349.95,416.02,40.37,40.06,epias.com.tr; ytbs.teias.gov.tr,false,
2022-04-04 15:00:00,Turkey,Turkey,TR,345.03,410.52,41.22,40.91,epias.com.tr; ytbs.teias.gov.tr,false,
2022-04-04 16:00:00,Turkey,Turkey,TR,340.26,405.92,41.53,41.27,epias.com.tr; ytbs.teias.gov.tr,false,
2022-04-04 17:00:00,Turkey,Turkey,TR,343.92,409.52,41.28,41.03,epias.com.tr; ytbs.teias.gov.tr,false,
2022-04-04 18:00:00,Turkey,Turkey,TR,337.99,402.76,42.39,42.09,epias.com.tr; ytbs.teias.gov.tr,false,
2022-04-04 19:00:00,Turkey,Turkey,TR,337.8,401.91,42.77,42.43,epias.com.tr; ytbs.teias.gov.tr,false,
2022-04-04 20:00:00,Turkey,Turkey,TR,331.72,393.81,44.64,44.3,epias.com.tr; ytbs.teias.gov.tr,false,
2022-04-04 21:00:00,Turkey,Turkey,TR,331.33,392.36,45.43,45.05,epias.com.tr,false,
2022-04-04 22:00:00,Turkey,Turkey,TR,319.33,376.74,49.16,48.71,epias.com.tr; ytbs.teias.gov.tr,false,
2022-04-04 23:00:00,Turkey,Turkey,TR,330.66,386.92,48.88,48.49,epias.com.tr; ytbs.teias.gov.tr,false,
2022-04-05 00:00:00,Turkey,Turkey,TR,333.42,390.76,48.0,47.43,epias.com.tr; ytbs.teias.gov.tr,false,
2022-04-05 01:00:00,Turkey,Turkey,TR,334.65,392.01,47.87,47.26,epias.com.tr; ytbs.teias.gov.tr,false,
2022-04-05 02:00:00,Turkey,Turkey,TR,333.9,391.31,47.96,47.64,epias.com.tr; ytbs.teias.gov.tr,false,
2022-04-05 03:00:00,Turkey,Turkey,TR,333.51,391.06,47.88,47.58,epias.com.tr; ytbs.teias.gov.tr,false,
2022-04-05 04:00:00,Turkey,Turkey,TR,326.15,383.94,48.6,48.3,epias.com.tr; ytbs.teias.gov.tr,false,
2022-04-05 05:00:00,Turkey,Turkey,TR,339.84,399.13,46.08,45.76,epias.com.tr; ytbs.teias.gov.tr,false,
2022-04-05 06:00:00,Turkey,Turkey,TR,335.12,396.91,44.69,44.34,epias.com.tr; ytbs.teias.gov.tr,false,
2022-04-05 07:00:00,Turkey,Turkey,TR,337.6,401.15,43.2,42.79,epias.com.tr; ytbs.teias.gov.tr,false,
2022-04-05 08:00:00,Turkey,Turkey,TR,332.98,396.6,43.51,43.06,epias.com.tr; ytbs.teias.gov.tr,false,
2022-04-05 09:00:00,Turkey,Turkey,TR,326.72,389.48,44.66,44.23,epias.com.tr; ytbs.teias.gov.tr,false,
2022-04-05 10:00:00,Turkey,Turkey,TR,328.18,390.06,45.15,44.68,epias.com.tr; ytbs.teias.gov.tr,false,
2022-04-05 11:00:00,Turkey,Turkey,TR,329.09,391.69,44.53,44.07,epias.com.tr; ytbs.teias.gov.tr,false,
2022-04-05 12:00:00,Turkey,Turkey,TR,332.47,396.1,43.52,43.12,epias.com.tr; ytbs.teias.gov.tr,false,
2022-04-05 13:00:00,Turkey,Turkey,TR,335.9,399.83,43.0,42.59,epias.com.tr; ytbs.teias.gov.tr,false,
2022-04-05 14:00:00,Turkey,Turkey,TR,333.39,396.76,43.58,43.19,epias.com.tr; ytbs.teias.gov.tr,false,
2022-04-05 15:00:00,Turkey,Turkey,TR,331.37,394.18,44.17,43.81,epias.com.tr; ytbs.teias.gov.tr,false,
2022-04-05 16:00:00,Turkey,Turkey,TR,330.88,394.03,43.99,43.67,epias.com.tr; ytbs.teias.gov.tr,false,
2022-04-05 17:00:00,Turkey,Turkey,TR,327.98,390.4,44.72,44.4,epias.com.tr; ytbs.teias.gov.tr,false,
2022-04-05 18:00:00,Turkey,Turkey,TR,322.47,385.01,45.17,44.84,epias.com.tr; ytbs.teias.gov.tr,false,
2022-04-05 19:00:00,Turkey,Turkey,TR,326.05,388.02,45.21,44.84,epias.com.tr; ytbs.teias.gov.tr,false,
2022-04-05 20:00:00,Turkey,Turkey,TR,324.39,385.89,45.78,45.41,epias.com.tr; ytbs.teias.gov.tr,false,
2022-04-05 21:00:00,Turkey,Turkey,TR,327.94,389.91,45.34,44.93,epias.com.tr,false,
2022-04-05 22:00:00,Turkey,Turkey,TR,334.43,395.29,45.57,45.13,epias.com.tr; ytbs.teias.gov.tr,false,
2022-04-05 23:00:00,Turkey,Turkey,TR,335.91,394.81,46.84,46.34,epias.com.tr; ytbs.teias.gov.tr,false,
2022-04-06 00:00:00,Turkey,Turkey,TR,339.36,398.33,46.61,46.14,epias.com.tr; ytbs.teias.gov.tr,false,
2022-04-06 01:00:00,Turkey,Turkey,TR,336.0,394.38,47.34,46.87,epias.com.tr; ytbs.teias.gov.tr,false,
2022-04-06 02:00:00,Turkey,Turkey,TR,336.08,395.04,46.98,46.54,epias.com.tr; ytbs.teias.gov.tr,false,
2022-04-06 03:00:00,Turkey,Turkey,TR,340.08,399.6,46.33,45.96,epias.com.tr; ytbs.teias.gov.tr,false,
2022-04-06 04:00:00,Turkey,Turkey,TR,352.09,412.79,44.51,44.22,epias.com.tr; ytbs.teias.gov.tr,false,
2022-04-06 05:00:00,Turkey,Turkey,TR,348.78,409.99,44.56,44.24,epias.com.tr; ytbs.teias.gov.tr,false,
2022-04-06 06:00:00,Turkey,Turkey,TR,337.76,399.81,44.74,44.39,epias.com.tr; ytbs.teias.gov.tr,false,
2022-04-06 07:00:00,Turkey,Turkey,TR,335.66,398.91,44.1,43.7,epias.com.tr; ytbs.teias.gov.tr,false,
2022-04-06 08:00:00,Turkey,Turkey,TR,332.66,395.63,44.58,44.2,epias.com.tr; ytbs.teias.gov.tr,false,
2022-04-06 09:00:00,Turkey,Turkey,TR,331.89,394.56,44.82,44.4,epias.com.tr; ytbs.teias.gov.tr,false,
2022-04-06 10:00:00,Turkey,Turkey,TR,340.26,403.57,43.74,43.28,epias.com.tr; ytbs.teias.gov.tr,false,
2022-04-06 11:00:00,Turkey,Turkey,TR,337.92,400.7,44.17,43.72,epias.com.tr; ytbs.teias.gov.tr,false,
2022-04-06 12:00:00,Turkey,Turkey,TR,336.29,399.06,44.12,43.67,epias.com.tr; ytbs.teias.gov.tr,false,
2022-04-06 13:00:00,Turkey,Turkey,TR,336.99,399.97,43.91,43.45,epias.com.tr; ytbs.teias.gov.tr,false,
2022-04-06 14:00:00,Turkey,Turkey,TR,323.36,384.5,46.38,45.93,epias.com.tr; ytbs.teias.gov.tr,false,
2022-04-06 15:00:00,Turkey,Turkey,TR,325.56,386.63,46.1,45.67,epias.com.tr; ytbs.teias.gov.tr,false,
2022-04-06 16:00:00,Turkey,Turkey,TR,322.25,383.66,46.18,45.83,epias.com.tr; ytbs.teias.gov.tr,false,
2022-04-06 17:00:00,Turkey,Turkey,TR,318.63,378.78,47.33,46.95,epias.com.tr; ytbs.teias.gov.tr,false,
2022-04-06 18:00:00,Turkey,Turkey,TR,312.57,371.61,48.61,48.22,epias.com.tr; ytbs.teias.gov.tr,false,
2022-04-06 19:00:00,Turkey,Turkey,TR,314.34,373.35,48.44,48.02,epias.com.tr; ytbs.teias.gov.tr,false,
2022-04-06 20:00:00,Turkey,Turkey,TR,317.67,376.4,48.38,47.93,epias.com.tr; ytbs.teias.gov.tr,false,
2022-04-06 21:00:00,Turkey,Turkey,TR,326.56,386.59,46.83,46.37,epias.com.tr,false,
2022-04-06 22:00:00,Turkey,Turkey,TR,335.25,395.88,45.83,45.3,epias.com.tr; ytbs.teias.gov.tr,false,
2022-04-06 23:00:00,Turkey,Turkey,TR,330.1,389.67,47.19,46.68,epias.com.tr; ytbs.teias.gov.tr,false,
2022-04-07 00:00:00,Turkey,Turkey,TR,329.46,386.85,48.74,48.21,epias.com.tr; ytbs.teias.gov.tr,false,
2022-04-07 01:00:00,Turkey,Turkey,TR,325.51,382.98,49.05,48.53,epias.com.tr; ytbs.teias.gov.tr,false,
2022-04-07 02:00:00,Turkey,Turkey,TR,326.36,382.71,49.62,49.04,epias.com.tr; ytbs.teias.gov.tr,false,
2022-04-07 03:00:00,Turkey,Turkey,TR,322.78,378.48,50.29,49.84,epias.com.tr; ytbs.teias.gov.tr,false,
2022-04-07 04:00:00,Turkey,Turkey,TR,317.08,372.17,51.17,50.7,epias.com.tr; ytbs.teias.gov.tr,false,
2022-04-07 05:00:00,Turkey,Turkey,TR,310.74,365.92,51.71,51.34,epias.com.tr; ytbs.teias.gov.tr,false,
2022-04-07 06:00:00,Turkey,Turkey,TR,305.6,360.88,51.76,51.37,epias.com.tr; ytbs.teias.gov.tr,false,
2022-04-07 07:00:00,Turkey,Turkey,TR,311.74,367.91,50.41,49.99,epias.com.tr; ytbs.teias.gov.tr,false,
2022-04-07 08:00:00,Turkey,Turkey,TR,304.95,360.17,51.54,51.07,epias.com.tr; ytbs.teias.gov.tr,false,
2022-04-07 09:00:00,Turkey,Turkey,TR,291.72,345.9,53.4,52.96,epias.com.tr; ytbs.teias.gov.tr,false,
2022-04-07 10:00:00,Turkey,Turkey,TR,289.06,343.14,53.66,53.22,epias.com.tr; ytbs.teias.gov.tr,false,
2022-04-07 11:00:00,Turkey,Turkey,TR,282.26,336.04,54.34,53.97,epias.com.tr; ytbs.teias.gov.tr,false,
2022-04-07 12:00:00,Turkey,Turkey,TR,282.15,335.56,54.46,54.15,epias.com.tr; ytbs.teias.gov.tr,false,
2022-04-07 13:00:00,Turkey,Turkey,TR,283.62,336.47,54.62,54.26,epias.com.tr; ytbs.teias.gov.tr,false,
2022-04-07 14:00:00,Turkey,Turkey,TR,284.96,338.21,54.14,53.79,epias.com.tr; ytbs.teias.gov.tr,false,
2022-04-07 15:00:00,Turkey,Turkey,TR,285.09,337.12,54.97,54.66,epias.com.tr; ytbs.teias.gov.tr,false,
2022-04-07 16:00:00,Turkey,Turkey,TR,284.51,337.48,54.53,54.26,epias.com.tr; ytbs.teias.gov.tr,false,
2022-04-07 17:00:00,Turkey,Turkey,TR,283.89,335.95,55.3,55.06,epias.com.tr; ytbs.teias.gov.tr,false,
2022-04-07 18:00:00,Turkey,Turkey,TR,282.74,334.15,55.81,55.57,epias.com.tr; ytbs.teias.gov.tr,false,
2022-04-07 19:00:00,Turkey,Turkey,TR,284.61,335.52,55.92,55.61,epias.com.tr; ytbs.teias.gov.tr,false,
2022-04-07 20:00:00,Turkey,Turkey,TR,277.8,327.05,57.77,57.47,epias.com.tr; ytbs.teias.gov.tr,false,
2022-04-07 21:00:00,Turkey,Turkey,TR,278.82,327.2,58.43,58.04,epias.com.tr,false,
2022-04-07 22:00:00,Turkey,Turkey,TR,288.57,336.71,57.84,57.43,epias.com.tr; ytbs.teias.gov.tr,false,
2022-04-07 23:00:00,Turkey,Turkey,TR,281.01,328.53,59.12,58.62,epias.com.tr; ytbs.teias.gov.tr,false,
2022-04-08 00:00:00,Turkey,Turkey,TR,273.24,320.85,59.97,59.21,epias.com.tr; ytbs.teias.gov.tr,false,
2022-04-08 01:00:00,Turkey,Turkey,TR,285.83,334.63,57.99,57.26,epias.com.tr; ytbs.teias.gov.tr,false,
2022-04-08 02:00:00,Turkey,Turkey,TR,296.23,345.65,56.66,55.99,epias.com.tr; ytbs.teias.gov.tr,false,
2022-04-08 03:00:00,Turkey,Turkey,TR,300.96,351.21,55.81,55.42,epias.com.tr; ytbs.teias.gov.tr,false,
2022-04-08 04:00:00,Turkey,Turkey,TR,303.92,354.54,55.35,54.99,epias.com.tr; ytbs.teias.gov.tr,false,
2022-04-08 05:00:00,Turkey,Turkey,TR,312.08,364.46,53.39,52.96,epias.com.tr; ytbs.teias.gov.tr,false,
2022-04-08 06:00:00,Turkey,Turkey,TR,318.6,375.15,49.85,49.44,epias.com.tr; ytbs.teias.gov.tr,false,
2022-04-08 07:00:00,Turkey,Turkey,TR,314.11,371.04,50.0,49.62,epias.com.tr; ytbs.teias.gov.tr,false,
2022-04-08 08:00:00,Turkey,Turkey,TR,310.19,366.91,50.48,50.11,epias.com.tr; ytbs.teias.gov.tr,false,
2022-04-08 09:00:00,Turkey,Turkey,TR,306.53,362.62,51.25,50.86,epias.com.tr; ytbs.teias.gov.tr,false,
2022-04-08 10:00:00,Turkey,Turkey,TR,305.88,360.79,52.11,51.72,epias.com.tr; ytbs.teias.gov.tr,false,
2022-04-08 11:00:00,Turkey,Turkey,TR,299.92,355.31,52.49,52.1,epias.com.tr; ytbs.teias.gov.tr,false,
2022-04-08 12:00:00,Turkey,Turkey,TR,304.32,360.97,51.02,50.73,epias.com.tr; ytbs.teias.gov.tr,false,
2022-04-08 13:00:00,Turkey,Turkey,TR,306.34,363.12,50.65,50.31,epias.com.tr; ytbs.teias.gov.tr,false,
2022-04-08 14:00:00,Turkey,Turkey,TR,298.05,353.49,52.21,51.82,epias.com.tr; ytbs.teias.gov.tr,false,
2022-04-08 15:00:00,Turkey,Turkey,TR,299.22,354.31,52.33,51.96,epias.com.tr; ytbs.teias.gov.tr,false,
2022-04-08 16:00:00,Turkey,Turkey,TR,308.78,364.86,50.69,50.36,epias.com.tr; ytbs.teias.gov.tr,false,
2022-04-08 17:00:00,Turkey,Turkey,TR,301.75,356.62,52.13,51.8,epias.com.tr; ytbs.teias.gov.tr,false,
2022-04-08 18:00:00,Turkey,Turkey,TR,298.75,353.62,52.33,52.03,epias.com.tr; ytbs.teias.gov.tr,false,
2022-04-08 19:00:00,Turkey,Turkey,TR,299.85,355.33,51.92,51.6,epias.com.tr; ytbs.teias.gov.tr,false,
2022-04-08 20:00:00,Turkey,Turkey,TR,294.49,348.99,53.11,52.84,epias.com.tr; ytbs.teias.gov.tr,false,
2022-04-08 21:00:00,Turkey,Turkey,TR,293.76,347.03,54.08,53.78,epias.com.tr,false,
2022-04-08 22:00:00,Turkey,Turkey,TR,288.23,339.48,56.09,55.8,epias.com.tr; ytbs.teias.gov.tr,false,
2022-04-08 23:00:00,Turkey,Turkey,TR,278.36,327.87,58.26,57.88,epias.com.tr; ytbs.teias.gov.tr,false,
2022-04-09 00:00:00,Turkey,Turkey,TR,270.97,320.25,59.29,58.97,epias.com.tr; ytbs.teias.gov.tr,false,
2022-04-09 01:00:00,Turkey,Turkey,TR,272.39,321.78,59.03,58.61,epias.com.tr; ytbs.teias.gov.tr,false,
2022-04-09 02:00:00,Turkey,Turkey,TR,275.81,324.87,58.92,58.5,epias.com.tr; ytbs.teias.gov.tr,false,
2022-04-09 03:00:00,Turkey,Turkey,TR,271.21,319.29,60.0,59.62,epias.com.tr; ytbs.teias.gov.tr,false,
2022-04-09 04:00:00,Turkey,Turkey,TR,270.36,318.47,60.16,59.82,epias.com.tr; ytbs.teias.gov.tr,false,
2022-04-09 05:00:00,Turkey,Turkey,TR,263.93,312.3,60.87,60.55,epias.com.tr; ytbs.teias.gov.tr,false,
2022-04-09 06:00:00,Turkey,Turkey,TR,258.06,305.54,61.81,61.48,epias.com.tr; ytbs.teias.gov.tr,false,
2022-04-09 07:00:00,Turkey,Turkey,TR,259.66,307.16,61.62,61.23,epias.com.tr; ytbs.teias.gov.tr,false,
2022-04-09 08:00:00,Turkey,Turkey,TR,251.03,297.74,62.89,62.5,epias.com.tr; ytbs.teias.gov.tr,false,
2022-04-09 09:00:00,Turkey,Turkey,TR,239.5,284.75,64.83,64.43,epias.com.tr; ytbs.teias.gov.tr,false,
2022-04-09 10:00:00,Turkey,Turkey,TR,234.73,279.09,65.93,65.48,epias.com.tr; ytbs.teias.gov.tr,false,
2022-04-09 11:00:00,Turkey,Turkey,TR,230.66,274.84,66.42,65.98,epias.com.tr; ytbs.teias.gov.tr,false,
2022-04-09 12:00:00,Turkey,Turkey,TR,232.99,277.24,66.09,65.68,epias.com.tr; ytbs.teias.gov.tr,false,
2022-04-09 13:00:00,Turkey,Turkey,TR,229.51,273.28,66.64,66.25,epias.com.tr; ytbs.teias.gov.tr,false,
2022-04-09 14:00:00,Turkey,Turkey,TR,237.19,280.86,65.86,65.5,epias.com.tr; ytbs.teias.gov.tr,false,
2022-04-09 15:00:00,Turkey,Turkey,TR,249.21,294.94,63.3,62.95,epias.com.tr; ytbs.teias.gov.tr,false,
2022-04-09 16:00:00,Turkey,Turkey,TR,259.76,308.18,60.43,60.17,epias.com.tr; ytbs.teias.gov.tr,false,
2022-04-09 17:00:00,Turkey,Turkey,TR,261.97,309.73,60.56,60.3,epias.com.tr; ytbs.teias.gov.tr,false,
2022-04-09 18:00:00,Turkey,Turkey,TR,257.24,305.06,60.85,60.6,epias.com.tr; ytbs.teias.gov.tr,false,
2022-04-09 19:00:00,Turkey,Turkey,TR,258.01,305.4,61.01,60.72,epias.com.tr; ytbs.teias.gov.tr,false,
2022-04-09 20:00:00,Turkey,Turkey,TR,243.03,289.25,63.28,63.03,epias.com.tr; ytbs.teias.gov.tr,false,
2022-04-09 21:00:00,Turkey,Turkey,TR,231.19,275.58,65.71,65.42,epias.com.tr,false,
2022-04-09 22:00:00,Turkey,Turkey,TR,228.37,271.6,66.85,66.57,epias.com.tr; ytbs.teias.gov.tr,false,
2022-04-09 23:00:00,Turkey,Turkey,TR,227.86,271.19,66.97,66.66,epias.com.tr; ytbs.teias.gov.tr,false,
2022-04-10 00:00:00,Turkey,Turkey,TR,224.69,268.25,67.27,66.96,epias.com.tr; ytbs.teias.gov.tr,false,
2022-04-10 01:00:00,Turkey,Turkey,TR,227.23,271.07,66.86,66.54,epias.com.tr; ytbs.teias.gov.tr,false,
2022-04-10 02:00:00,Turkey,Turkey,TR,229.67,273.92,66.45,66.08,epias.com.tr; ytbs.teias.gov.tr,false,
2022-04-10 03:00:00,Turkey,Turkey,TR,236.29,281.01,65.51,65.14,epias.com.tr; ytbs.teias.gov.tr,false,
2022-04-10 04:00:00,Turkey,Turkey,TR,238.58,285.15,64.29,64.01,epias.com.tr; ytbs.teias.gov.tr,false,
2022-04-10 05:00:00,Turkey,Turkey,TR,232.78,280.57,64.29,64.04,epias.com.tr; ytbs.teias.gov.tr,false,
2022-04-10 06:00:00,Turkey,Turkey,TR,231.89,279.36,64.68,64.36,epias.com.tr; ytbs.teias.gov.tr,false,
2022-04-10 07:00:00,Turkey,Turkey,TR,227.48,274.78,65.28,64.83,epias.com.tr; ytbs.teias.gov.tr,false,
2022-04-10 08:00:00,Turkey,Turkey,TR,219.9,266.08,66.54,66.12,epias.com.tr; ytbs.teias.gov.tr,false,
2022-04-10 09:00:00,Turkey,Turkey,TR,211.84,256.41,68.33,68.01,epias.com.tr; ytbs.teias.gov.tr,false,
2022-04-10 10:00:00,Turkey,Turkey,TR,208.01,252.02,69.03,68.79,epias.com.tr; ytbs.teias.gov.tr,false,
2022-04-10 11:00:00,Turkey,Turkey,TR,204.49,248.39,69.27,69.08,epias.com.tr; ytbs.teias.gov.tr,false,
2022-04-10 12:00:00,Turkey,Turkey,TR,202.59,245.3,70.1,69.8,epias.com.tr; ytbs.teias.gov.tr,false,
2022-04-10 13:00:00,Turkey,Turkey,TR,200.88,243.65,70.14,69.89,epias.com.tr; ytbs.teias.gov.tr,false,
2022-04-10 14:00:00,Turkey,Turkey,TR,193.75,234.88,71.89,71.55,epias.com.tr; ytbs.teias.gov.tr,false,
2022-04-10 15:00:00,Turkey,Turkey,TR,185.71,225.74,73.21,72.79,epias.com.tr; ytbs.teias.gov.tr,false,
2022-04-10 16:00:00,Turkey,Turkey,TR,187.14,226.87,73.13,72.75,epias.com.tr; ytbs.teias.gov.tr,false,
2022-04-10 17:00:00,Turkey,Turkey,TR,188.83,228.47,73.1,72.74,epias.com.tr; ytbs.teias.gov.tr,false,
2022-04-10 18:00:00,Turkey,Turkey,TR,190.54,230.3,72.76,72.39,epias.com.tr; ytbs.teias.gov.tr,false,
2022-04-10 19:00:00,Turkey,Turkey,TR,192.12,231.94,72.55,72.14,epias.com.tr; ytbs.teias.gov.tr,false,
2022-04-10 20:00:00,Turkey,Turkey,TR,194.65,234.72,72.06,71.58,epias.com.tr; ytbs.teias.gov.tr,false,
2022-04-10 21:00:00,Turkey,Turkey,TR,206.1,247.63,70.1,69.61,epias.com.tr,false,
2022-04-10 22:00:00,Turkey,Turkey,TR,220.77,263.85,67.84,67.41,epias.com.tr; ytbs.teias.gov.tr,false,
2022-04-10 23:00:00,Turkey,Turkey,TR,237.33,281.3,65.7,65.21,epias.com.tr; ytbs.teias.gov.tr,false,
2022-04-11 00:00:00,Turkey,Turkey,TR,230.21,274.55,66.22,65.72,epias.com.tr; ytbs.teias.gov.tr,false,
2022-04-11 01:00:00,Turkey,Turkey,TR,234.3,279.3,65.5,65.03,epias.com.tr; ytbs.teias.gov.tr,false,
2022-04-11 02:00:00,Turkey,Turkey,TR,242.13,287.23,64.71,64.27,epias.com.tr; ytbs.teias.gov.tr,false,
2022-04-11 03:00:00,Turkey,Turkey,TR,252.76,298.74,63.13,62.69,epias.com.tr; ytbs.teias.gov.tr,false,
2022-04-11 04:00:00,Turkey,Turkey,TR,260.43,307.56,61.9,61.53,epias.com.tr; ytbs.teias.gov.tr,false,
2022-04-11 05:00:00,Turkey,Turkey,TR,260.65,308.15,61.58,61.27,epias.com.tr; ytbs.teias.gov.tr,false,
2022-04-11 06:00:00,Turkey,Turkey,TR,266.98,315.62,59.7,59.42,epias.com.tr; ytbs.teias.gov.tr,false,
2022-04-11 07:00:00,Turkey,Turkey,TR,273.47,321.91,58.94,58.69,epias.com.tr; ytbs.teias.gov.tr,false,
2022-04-11 08:00:00,Turkey,Turkey,TR,266.94,314.61,59.72,59.41,epias.com.tr; ytbs.teias.gov.tr,false,
2022-04-11 09:00:00,Turkey,Turkey,TR,259.06,305.62,61.09,60.73,epias.com.tr; ytbs.teias.gov.tr,false,
2022-04-11 10:00:00,Turkey,Turkey,TR,251.41,297.56,62.11,61.77,epias.com.tr; ytbs.teias.gov.tr,false,
2022-04-11 11:00:00,Turkey,Turkey,TR,256.05,302.08,61.61,61.28,epias.com.tr; ytbs.teias.gov.tr,false,
2022-04-11 12:00:00,Turkey,Turkey,TR,264.71,310.9,60.52,60.2,epias.com.tr; ytbs.teias.gov.tr,false,
2022-04-11 13:00:00,Turkey,Turkey,TR,271.52,318.97,58.91,58.59,epias.com.tr; ytbs.teias.gov.tr,false,
2022-04-11 14:00:00,Turkey,Turkey,TR,275.15,324.58,57.41,57.08,epias.com.tr; ytbs.teias.gov.tr,false,
2022-04-11 15:00:00,Turkey,Turkey,TR,276.0,326.68,56.51,56.15,epias.com.tr; ytbs.teias.gov.tr,false,
2022-04-11 16:00:00,Turkey,Turkey,TR,277.07,329.26,55.59,55.27,epias.com.tr; ytbs.teias.gov.tr,false,
2022-04-11 17:00:00,Turkey,Turkey,TR,276.38,327.92,56.31,56.01,epias.com.tr; ytbs.teias.gov.tr,false,
2022-04-11 18:00:00,Turkey,Turkey,TR,282.38,335.22,54.94,54.68,epias.com.tr; ytbs.teias.gov.tr,false,
2022-04-11 19:00:00,Turkey,Turkey,TR,291.15,344.79,53.71,53.41,epias.com.tr; ytbs.teias.gov.tr,false,
2022-04-11 20:00:00,Turkey,Turkey,TR,289.32,342.06,54.54,54.19,epias.com.tr; ytbs.teias.gov.tr,false,
2022-04-11 21:00:00,Turkey,Turkey,TR,295.84,349.18,53.62,53.22,epias.com.tr,false,
2022-04-11 22:00:00,Turkey,Turkey,TR,298.95,350.35,54.71,54.29,epias.com.tr; ytbs.teias.gov.tr,false,
2022-04-11 23:00:00,Turkey,Turkey,TR,300.19,349.67,55.85,55.42,epias.com.tr; ytbs.teias.gov.tr,false,
2022-04-12 00:00:00,Turkey,Turkey,TR,292.54,340.71,57.49,57.03,epias.com.tr; ytbs.teias.gov.tr,false,
2022-04-12 01:00:00,Turkey,Turkey,TR,282.11,330.27,58.52,58.06,epias.com.tr; ytbs.teias.gov.tr,false,
2022-04-12 02:00:00,Turkey,Turkey,TR,289.19,337.64,57.64,57.19,epias.com.tr; ytbs.teias.gov.tr,false,
2022-04-12 03:00:00,Turkey,Turkey,TR,307.84,357.49,55.17,54.76,epias.com.tr; ytbs.teias.gov.tr,false,
2022-04-12 04:00:00,Turkey,Turkey,TR,308.78,359.32,54.68,54.31,epias.com.tr; ytbs.teias.gov.tr,false,
2022-04-12 05:00:00,Turkey,Turkey,TR,301.88,354.34,54.18,53.85,epias.com.tr; ytbs.teias.gov.tr,false,
2022-04-12 06:00:00,Turkey,Turkey,TR,308.45,365.22,50.47,50.14,epias.com.tr; ytbs.teias.gov.tr,false,
2022-04-12 07:00:00,Turkey,Turkey,TR,310.45,370.57,47.99,47.61,epias.com.tr; ytbs.teias.gov.tr,false,
2022-04-12 08:00:00,Turkey,Turkey,TR,299.06,359.0,49.25,48.87,epias.com.tr; ytbs.teias.gov.tr,false,
2022-04-12 09:00:00,Turkey,Turkey,TR,305.23,364.62,48.95,48.57,epias.com.tr; ytbs.teias.gov.tr,false,
2022-04-12 10:00:00,Turkey,Turkey,TR,308.27,366.93,49.17,48.79,epias.com.tr; ytbs.teias.gov.tr,false,
2022-04-12 11:00:00,Turkey,Turkey,TR,299.08,357.71,50.05,49.69,epias.com.tr; ytbs.teias.gov.tr,false,
2022-04-12 12:00:00,Turkey,Turkey,TR,309.26,368.1,48.86,48.48,epias.com.tr; ytbs.teias.gov.tr,false,
2022-04-12 13:00:00,Turkey,Turkey,TR,309.12,368.19,48.77,48.37,epias.com.tr; ytbs.teias.gov.tr,false,
2022-04-12 14:00:00,Turkey,Turkey,TR,300.73,359.73,49.61,49.28,epias.com.tr; ytbs.teias.gov.tr,false,
2022-04-12 15:00:00,Turkey,Turkey,TR,294.18,352.24,50.88,50.57,epias.com.tr; ytbs.teias.gov.tr,false,
2022-04-12 16:00:00,Turkey,Turkey,TR,300.53,358.77,50.14,49.89,epias.com.tr; ytbs.teias.gov.tr,false,
2022-04-12 17:00:00,Turkey,Turkey,TR,299.35,356.74,50.81,50.57,epias.com.tr; ytbs.teias.gov.tr,false,
2022-04-12 18:00:00,Turkey,Turkey,TR,293.53,350.24,51.78,51.55,epias.com.tr; ytbs.teias.gov.tr,false,
2022-04-12 19:00:00,Turkey,Turkey,TR,292.54,348.18,52.58,52.34,epias.com.tr; ytbs.teias.gov.tr,false,
2022-04-12 20:00:00,Turkey,Turkey,TR,289.1,343.58,53.67,53.38,epias.com.tr; ytbs.teias.gov.tr,false,
2022-04-12 21:00:00,Turkey,Turkey,TR,296.05,351.62,52.44,52.09,epias.com.tr,false,
2022-04-12 22:00:00,Turkey,Turkey,TR,310.43,367.08,50.46,50.04,epias.com.tr; ytbs.teias.gov.tr,false,
2022-04-12 23:00:00,Turkey,Turkey,TR,313.49,369.62,50.7,50.23,epias.com.tr; ytbs.teias.gov.tr,false,
2022-04-13 00:00:00,Turkey,Turkey,TR,305.08,358.03,53.64,53.16,epias.com.tr; ytbs.teias.gov.tr,false,
2022-04-13 01:00:00,Turkey,Turkey,TR,301.69,353.99,54.37,53.89,epias.com.tr; ytbs.teias.gov.tr,false,
2022-04-13 02:00:00,Turkey,Turkey,TR,303.44,356.26,53.93,53.48,epias.com.tr; ytbs.teias.gov.tr,false,
2022-04-13 03:00:00,Turkey,Turkey,TR,311.38,364.82,52.76,52.37,epias.com.tr; ytbs.teias.gov.tr,false,
2022-04-13 04:00:00,Turkey,Turkey,TR,324.41,378.08,51.55,51.16,epias.com.tr; ytbs.teias.gov.tr,false,
2022-04-13 05:00:00,Turkey,Turkey,TR,311.47,365.9,52.37,52.08,epias.com.tr; ytbs.teias.gov.tr,false,
2022-04-13 06:00:00,Turkey,Turkey,TR,311.86,369.02,50.26,49.94,epias.com.tr; ytbs.teias.gov.tr,false,
2022-04-13 07:00:00,Turkey,Turkey,TR,323.56,383.24,47.32,46.94,epias.com.tr; ytbs.teias.gov.tr,false,
2022-04-13 08:00:00,Turkey,Turkey,TR,317.22,376.99,47.78,47.42,epias.com.tr; ytbs.teias.gov.tr,false,
2022-04-13 09:00:00,Turkey,Turkey,TR,312.36,371.44,48.75,48.41,epias.com.tr; ytbs.teias.gov.tr,false,
2022-04-13 10:00:00,Turkey,Turkey,TR,320.71,379.79,47.91,47.45,epias.com.tr; ytbs.teias.gov.tr,false,
2022-04-13 11:00:00,Turkey,Turkey,TR,312.88,372.35,48.47,47.95,epias.com.tr; ytbs.teias.gov.tr,false,
2022-04-13 12:00:00,Turkey,Turkey,TR,306.56,366.85,48.53,48.04,epias.com.tr; ytbs.teias.gov.tr,false,
2022-04-13 13:00:00,Turkey,Turkey,TR,313.69,374.35,47.56,47.07,epias.com.tr; ytbs.teias.gov.tr,false,
2022-04-13 14:00:00,Turkey,Turkey,TR,323.49,384.68,46.19,45.71,epias.com.tr; ytbs.teias.gov.tr,false,
2022-04-13 15:00:00,Turkey,Turkey,TR,319.34,380.32,46.63,46.27,epias.com.tr; ytbs.teias.gov.tr,false,
2022-04-13 16:00:00,Turkey,Turkey,TR,316.38,377.63,46.66,46.43,epias.com.tr; ytbs.teias.gov.tr,false,
2022-04-13 17:00:00,Turkey,Turkey,TR,315.56,376.47,46.94,46.7,epias.com.tr; ytbs.teias.gov.tr,false,
2022-04-13 18:00:00,Turkey,Turkey,TR,308.68,368.87,47.98,47.75,epias.com.tr; ytbs.teias.gov.tr,false,
2022-04-13 19:00:00,Turkey,Turkey,TR,308.35,368.2,48.26,47.99,epias.com.tr; ytbs.teias.gov.tr,false,
2022-04-13 20:00:00,Turkey,Turkey,TR,304.79,363.36,49.47,49.16,epias.com.tr; ytbs.teias.gov.tr,false,
2022-04-13 21:00:00,Turkey,Turkey,TR,308.93,367.1,49.44,49.08,epias.com.tr,false,
2022-04-13 22:00:00,Turkey,Turkey,TR,315.18,373.61,48.88,48.47,epias.com.tr; ytbs.teias.gov.tr,false,
2022-04-13 23:00:00,Turkey,Turkey,TR,314.78,372.68,49.34,48.92,epias.com.tr; ytbs.teias.gov.tr,false,
2022-04-14 00:00:00,Turkey,Turkey,TR,302.28,360.19,50.63,50.23,epias.com.tr; ytbs.teias.gov.tr,false,
2022-04-14 01:00:00,Turkey,Turkey,TR,298.96,356.58,51.17,50.78,epias.com.tr; ytbs.teias.gov.tr,false,
2022-04-14 02:00:00,Turkey,Turkey,TR,301.26,358.02,51.5,51.07,epias.com.tr; ytbs.teias.gov.tr,false,
2022-04-14 03:00:00,Turkey,Turkey,TR,309.62,366.97,50.39,49.99,epias.com.tr; ytbs.teias.gov.tr,false,
2022-04-14 04:00:00,Turkey,Turkey,TR,305.71,361.71,51.86,51.5,epias.com.tr; ytbs.teias.gov.tr,false,
2022-04-14 05:00:00,Turkey,Turkey,TR,299.81,355.52,52.64,52.28,epias.com.tr; ytbs.teias.gov.tr,false,
2022-04-14 06:00:00,Turkey,Turkey,TR,304.81,363.62,49.79,49.44,epias.com.tr; ytbs.teias.gov.tr,false,
2022-04-14 07:00:00,Turkey,Turkey,TR,305.72,365.62,48.89,48.5,epias.com.tr; ytbs.teias.gov.tr,false,
2022-04-14 08:00:00,Turkey,Turkey,TR,300.2,360.09,49.4,48.98,epias.com.tr; ytbs.teias.gov.tr,false,
2022-04-14 09:00:00,Turkey,Turkey,TR,297.01,356.91,49.64,49.23,epias.com.tr; ytbs.teias.gov.tr,false,
2022-04-14 10:00:00,Turkey,Turkey,TR,299.53,359.8,49.33,48.94,epias.com.tr; ytbs.teias.gov.tr,false,
2022-04-14 11:00:00,Turkey,Turkey,TR,295.38,354.62,50.32,49.96,epias.com.tr; ytbs.teias.gov.tr,false,
2022-04-14 12:00:00,Turkey,Turkey,TR,298.46,358.04,49.79,49.43,epias.com.tr; ytbs.teias.gov.tr,false,
2022-04-14 13:00:00,Turkey,Turkey,TR,302.98,362.72,49.24,48.85,epias.com.tr; ytbs.teias.gov.tr,false,
2022-04-14 14:00:00,Turkey,Turkey,TR,304.52,364.57,48.8,48.46,epias.com.tr; ytbs.teias.gov.tr,false,
2022-04-14 15:00:00,Turkey,Turkey,TR,300.9,359.9,49.7,49.43,epias.com.tr; ytbs.teias.gov.tr,false,
2022-04-14 16:00:00,Turkey,Turkey,TR,303.08,362.37,49.22,49.04,epias.com.tr; ytbs.teias.gov.tr,false,
2022-04-14 17:00:00,Turkey,Turkey,TR,298.74,356.89,50.34,50.17,epias.com.tr; ytbs.teias.gov.tr,false,
2022-04-14 18:00:00,Turkey,Turkey,TR,296.5,354.56,50.52,50.34,epias.com.tr; ytbs.teias.gov.tr,false,
2022-04-14 19:00:00,Turkey,Turkey,TR,296.07,353.71,50.74,50.52,epias.com.tr; ytbs.teias.gov.tr,false,
2022-04-14 20:00:00,Turkey,Turkey,TR,288.69,344.76,52.57,52.34,epias.com.tr; ytbs.teias.gov.tr,false,
2022-04-14 21:00:00,Turkey,Turkey,TR,296.82,353.06,51.8,51.51,epias.com.tr,false,
2022-04-14 22:00:00,Turkey,Turkey,TR,312.29,370.25,49.39,49.09,epias.com.tr; ytbs.teias.gov.tr,false,
2022-04-14 23:00:00,Turkey,Turkey,TR,315.33,372.36,49.76,49.42,epias.com.tr; ytbs.teias.gov.tr,false,
2022-04-15 00:00:00,Turkey,Turkey,TR,309.54,365.72,50.99,50.64,epias.com.tr; ytbs.teias.gov.tr,false,
2022-04-15 01:00:00,Turkey,Turkey,TR,307.89,364.07,51.22,50.88,epias.com.tr; ytbs.teias.gov.tr,false,
2022-04-15 02:00:00,Turkey,Turkey,TR,315.06,371.48,50.35,50.05,epias.com.tr; ytbs.teias.gov.tr,false,
2022-04-15 03:00:00,Turkey,Turkey,TR,314.31,369.95,51.01,50.75,epias.com.tr; ytbs.teias.gov.tr,false,
2022-04-15 04:00:00,Turkey,Turkey,TR,310.02,365.25,51.89,51.66,epias.com.tr; ytbs.teias.gov.tr,false,
2022-04-15 05:00:00,Turkey,Turkey,TR,308.33,365.01,51.26,51.06,epias.com.tr; ytbs.teias.gov.tr,false,
2022-04-15 06:00:00,Turkey,Turkey,TR,316.97,376.27,48.52,48.31,epias.com.tr; ytbs.teias.gov.tr,false,
2022-04-15 07:00:00,Turkey,Turkey,TR,325.08,387.27,45.84,45.61,epias.com.tr; ytbs.teias.gov.tr,false,
2022-04-15 08:00:00,Turkey,Turkey,TR,322.97,384.69,46.3,46.09,epias.com.tr; ytbs.teias.gov.tr,false,
2022-04-15 09:00:00,Turkey,Turkey,TR,314.84,376.89,46.98,46.74,epias.com.tr; ytbs.teias.gov.tr,false,
2022-04-15 10:00:00,Turkey,Turkey,TR,309.86,371.03,48.13,47.85,epias.com.tr; ytbs.teias.gov.tr,false,
2022-04-15 11:00:00,Turkey,Turkey,TR,310.1,370.81,48.47,48.21,epias.com.tr; ytbs.teias.gov.tr,false,
2022-04-15 12:00:00,Turkey,Turkey,TR,315.54,376.76,47.31,47.06,epias.com.tr; ytbs.teias.gov.tr,false,
2022-04-15 13:00:00,Turkey,Turkey,TR,312.02,373.11,47.69,47.37,epias.com.tr; ytbs.teias.gov.tr,false,
2022-04-15 14:00:00,Turkey,Turkey,TR,310.99,371.44,48.11,47.79,epias.com.tr; ytbs.teias.gov.tr,false,
2022-04-15 15:00:00,Turkey,Turkey,TR,306.81,366.38,48.98,48.65,epias.com.tr; ytbs.teias.gov.tr,false,
2022-04-15 16:00:00,Turkey,Turkey,TR,310.36,370.44,48.23,47.94,epias.com.tr; ytbs.teias.gov.tr,false,
2022-04-15 17:00:00,Turkey,Turkey,TR,311.86,372.67,47.58,47.31,epias.com.tr; ytbs.teias.gov.tr,false,
2022-04-15 18:00:00,Turkey,Turkey,TR,308.72,369.19,47.99,47.68,epias.com.tr; ytbs.teias.gov.tr,false,
2022-04-15 19:00:00,Turkey,Turkey,TR,307.65,368.94,47.56,47.2,epias.com.tr; ytbs.teias.gov.tr,false,
2022-04-15 20:00:00,Turkey,Turkey,TR,307.59,369.35,47.35,46.99,epias.com.tr; ytbs.teias.gov.tr,false,
2022-04-15 21:00:00,Turkey,Turkey,TR,308.74,370.8,47.2,46.82,epias.com.tr,false,
2022-04-15 22:00:00,Turkey,Turkey,TR,322.22,386.13,44.79,44.32,epias.com.tr; ytbs.teias.gov.tr,false,
2022-04-15 23:00:00,Turkey,Turkey,TR,326.41,390.61,44.31,43.8,epias.com.tr; ytbs.teias.gov.tr,false,
2022-04-16 00:00:00,Turkey,Turkey,TR,326.23,389.74,44.89,44.36,epias.com.tr; ytbs.teias.gov.tr,false,
2022-04-16 01:00:00,Turkey,Turkey,TR,327.51,391.5,44.51,43.98,epias.com.tr; ytbs.teias.gov.tr,false,
2022-04-16 02:00:00,Turkey,Turkey,TR,329.06,393.89,43.85,43.39,epias.com.tr; ytbs.teias.gov.tr,false,
2022-04-16 03:00:00,Turkey,Turkey,TR,327.17,392.23,43.99,43.51,epias.com.tr; ytbs.teias.gov.tr,false,
2022-04-16 04:00:00,Turkey,Turkey,TR,308.99,370.9,48.11,47.61,epias.com.tr; ytbs.teias.gov.tr,false,
2022-04-16 05:00:00,Turkey,Turkey,TR,302.81,364.38,49.16,48.69,epias.com.tr; ytbs.teias.gov.tr,false,
2022-04-16 06:00:00,Turkey,Turkey,TR,315.71,379.34,46.31,45.83,epias.com.tr; ytbs.teias.gov.tr,false,
2022-04-16 07:00:00,Turkey,Turkey,TR,316.27,380.63,45.68,45.21,epias.com.tr; ytbs.teias.gov.tr,false,
2022-04-16 08:00:00,Turkey,Turkey,TR,314.54,378.72,45.95,45.46,epias.com.tr; ytbs.teias.gov.tr,false,
2022-04-16 09:00:00,Turkey,Turkey,TR,310.26,374.17,46.52,46.09,epias.com.tr; ytbs.teias.gov.tr,false,
2022-04-16 10:00:00,Turkey,Turkey,TR,308.77,371.22,47.67,47.0,epias.com.tr; ytbs.teias.gov.tr,false,
2022-04-16 11:00:00,Turkey,Turkey,TR,308.9,371.51,47.4,46.63,epias.com.tr; ytbs.teias.gov.tr,false,
2022-04-16 12:00:00,Turkey,Turkey,TR,307.11,369.21,47.61,46.91,epias.com.tr; ytbs.teias.gov.tr,false,
2022-04-16 13:00:00,Turkey,Turkey,TR,307.17,369.0,47.8,47.14,epias.com.tr; ytbs.teias.gov.tr,false,
2022-04-16 14:00:00,Turkey,Turkey,TR,309.01,372.53,46.47,46.03,epias.com.tr; ytbs.teias.gov.tr,false,
2022-04-16 15:00:00,Turkey,Turkey,TR,305.75,369.31,46.65,46.23,epias.com.tr; ytbs.teias.gov.tr,false,
2022-04-16 16:00:00,Turkey,Turkey,TR,297.18,360.47,47.5,47.19,epias.com.tr; ytbs.teias.gov.tr,false,
2022-04-16 17:00:00,Turkey,Turkey,TR,291.58,353.51,48.93,48.62,epias.com.tr; ytbs.teias.gov.tr,false,
2022-04-16 18:00:00,Turkey,Turkey,TR,290.7,352.48,49.09,48.77,epias.com.tr; ytbs.teias.gov.tr,false,
2022-04-16 19:00:00,Turkey,Turkey,TR,294.64,356.41,48.7,48.27,epias.com.tr; ytbs.teias.gov.tr,false,
2022-04-16 20:00:00,Turkey,Turkey,TR,302.37,364.69,47.58,47.1,epias.com.tr; ytbs.teias.gov.tr,false,
2022-04-16 21:00:00,Turkey,Turkey,TR,312.26,375.64,45.92,45.34,epias.com.tr,false,
2022-04-16 22:00:00,Turkey,Turkey,TR,325.37,389.95,43.99,43.46,epias.com.tr; ytbs.teias.gov.tr,false,
2022-04-16 23:00:00,Turkey,Turkey,TR,325.58,388.45,45.17,44.59,epias.com.tr; ytbs.teias.gov.tr,false,
2022-04-17 00:00:00,Turkey,Turkey,TR,329.49,391.63,45.3,44.5,epias.com.tr; ytbs.teias.gov.tr,false,
2022-04-17 01:00:00,Turkey,Turkey,TR,324.14,386.25,45.76,44.96,epias.com.tr; ytbs.teias.gov.tr,false,
2022-04-17 02:00:00,Turkey,Turkey,TR,320.37,381.43,46.97,46.19,epias.com.tr; ytbs.teias.gov.tr,false,
2022-04-17 03:00:00,Turkey,Turkey,TR,319.34,380.4,47.06,46.38,epias.com.tr; ytbs.teias.gov.tr,false,
2022-04-17 04:00:00,Turkey,Turkey,TR,312.05,372.22,48.58,48.1,epias.com.tr; ytbs.teias.gov.tr,false,
2022-04-17 05:00:00,Turkey,Turkey,TR,297.62,353.22,52.93,52.4,epias.com.tr; ytbs.teias.gov.tr,false,
2022-04-17 06:00:00,Turkey,Turkey,TR,290.4,344.37,54.53,54.01,epias.com.tr; ytbs.teias.gov.tr,false,
2022-04-17 07:00:00,Turkey,Turkey,TR,281.08,334.71,55.33,54.8,epias.com.tr; ytbs.teias.gov.tr,false,
2022-04-17 08:00:00,Turkey,Turkey,TR,278.21,331.49,55.58,55.03,epias.com.tr; ytbs.teias.gov.tr,false,
2022-04-17 09:00:00,Turkey,Turkey,TR,278.39,330.6,56.01,55.44,epias.com.tr; ytbs.teias.gov.tr,false,
2022-04-17 10:00:00,Turkey,Turkey,TR,280.01,332.5,55.64,54.96,epias.com.tr; ytbs.teias.gov.tr,false,
2022-04-17 11:00:00,Turkey,Turkey,TR,278.51,331.98,55.07,54.39,epias.com.tr; ytbs.teias.gov.tr,false,
2022-04-17 12:00:00,Turkey,Turkey,TR,269.19,321.89,56.39,55.73,epias.com.tr; ytbs.teias.gov.tr,false,
2022-04-17 13:00:00,Turkey,Turkey,TR,270.05,322.15,56.5,55.86,epias.com.tr; ytbs.teias.gov.tr,false,
2022-04-17 14:00:00,Turkey,Turkey,TR,267.18,319.41,56.69,56.11,epias.com.tr; ytbs.teias.gov.tr,false,
2022-04-17 15:00:00,Turkey,Turkey,TR,260.94,313.14,57.2,56.68,epias.com.tr; ytbs.teias.gov.tr,false,
2022-04-17 16:00:00,Turkey,Turkey,TR,247.01,297.82,59.38,59.05,epias.com.tr; ytbs.teias.gov.tr,false,
2022-04-17 17:00:00,Turkey,Turkey,TR,244.48,294.62,60.06,59.79,epias.com.tr; ytbs.teias.gov.tr,false,
2022-04-17 18:00:00,Turkey,Turkey,TR,243.52,293.31,60.36,60.1,epias.com.tr; ytbs.teias.gov.tr,false,
2022-04-17 19:00:00,Turkey,Turkey,TR,248.97,299.08,59.54,59.21,epias.com.tr; ytbs.teias.gov.tr,false,
2022-04-17 20:00:00,Turkey,Turkey,TR,242.55,291.66,60.82,60.48,epias.com.tr; ytbs.teias.gov.tr,false,
2022-04-17 21:00:00,Turkey,Turkey,TR,238.7,285.87,62.55,62.15,epias.com.tr,false,
2022-04-17 22:00:00,Turkey,Turkey,TR,242.71,289.3,62.33,61.86,epias.com.tr; ytbs.teias.gov.tr,false,
2022-04-17 23:00:00,Turkey,Turkey,TR,243.36,288.18,63.44,62.83,epias.com.tr; ytbs.teias.gov.tr,false,
2022-04-18 00:00:00,Turkey,Turkey,TR,222.79,265.14,67.16,66.47,epias.com.tr; ytbs.teias.gov.tr,false,
2022-04-18 01:00:00,Turkey,Turkey,TR,219.28,260.76,68.03,67.34,epias.com.tr; ytbs.teias.gov.tr,false,
2022-04-18 02:00:00,Turkey,Turkey,TR,224.22,266.39,67.18,66.58,epias.com.tr; ytbs.teias.gov.tr,false,
2022-04-18 03:00:00,Turkey,Turkey,TR,227.09,269.55,66.75,66.33,epias.com.tr; ytbs.teias.gov.tr,false,
2022-04-18 04:00:00,Turkey,Turkey,TR,243.83,287.81,64.09,63.71,epias.com.tr; ytbs.teias.gov.tr,false,
2022-04-18 05:00:00,Turkey,Turkey,TR,245.19,291.77,62.21,61.89,epias.com.tr; ytbs.teias.gov.tr,false,
2022-04-18 06:00:00,Turkey,Turkey,TR,246.9,296.2,60.04,60.01,epias.com.tr; ytbs.teias.gov.tr,false,
2022-04-18 07:00:00,Turkey,Turkey,TR,244.65,295.22,59.43,59.31,epias.com.tr; ytbs.teias.gov.tr,false,
2022-04-18 08:00:00,Turkey,Turkey,TR,248.26,300.85,57.77,57.42,epias.com.tr; ytbs.teias.gov.tr,false,
2022-04-18 09:00:00,Turkey,Turkey,TR,250.25,304.1,56.79,56.51,epias.com.tr; ytbs.teias.gov.tr,false,
2022-04-18 10:00:00,Turkey,Turkey,TR,249.67,303.5,56.98,56.68,epias.com.tr; ytbs.teias.gov.tr,false,
2022-04-18 11:00:00,Turkey,Turkey,TR,254.66,310.15,55.5,55.18,epias.com.tr; ytbs.teias.gov.tr,false,
2022-04-18 12:00:00,Turkey,Turkey,TR,258.91,315.8,54.13,53.83,epias.com.tr; ytbs.teias.gov.tr,false,
2022-04-18 13:00:00,Turkey,Turkey,TR,263.22,321.41,52.83,52.59,epias.com.tr; ytbs.teias.gov.tr,false,
2022-04-18 14:00:00,Turkey,Turkey,TR,259.42,317.41,53.31,53.11,epias.com.tr; ytbs.teias.gov.tr,false,
2022-04-18 15:00:00,Turkey,Turkey,TR,253.6,310.73,54.44,54.31,epias.com.tr; ytbs.teias.gov.tr,false,
2022-04-18 16:00:00,Turkey,Turkey,TR,253.21,311.0,54.02,53.98,epias.com.tr; ytbs.teias.gov.tr,false,
2022-04-18 17:00:00,Turkey,Turkey,TR,254.42,312.37,53.82,53.68,epias.com.tr; ytbs.teias.gov.tr,false,
2022-04-18 18:00:00,Turkey,Turkey,TR,252.11,309.58,54.33,54.17,epias.com.tr; ytbs.teias.gov.tr,false,
2022-04-18 19:00:00,Turkey,Turkey,TR,258.77,317.53,52.89,52.69,epias.com.tr; ytbs.teias.gov.tr,false,
2022-04-18 20:00:00,Turkey,Turkey,TR,259.84,318.09,53.21,52.98,epias.com.tr; ytbs.teias.gov.tr,false,
2022-04-18 21:00:00,Turkey,Turkey,TR,264.65,322.53,53.04,52.69,epias.com.tr,false,
2022-04-18 22:00:00,Turkey,Turkey,TR,282.71,342.56,50.16,49.72,epias.com.tr; ytbs.teias.gov.tr,false,
2022-04-18 23:00:00,Turkey,Turkey,TR,297.68,359.11,47.76,47.3,epias.com.tr; ytbs.teias.gov.tr,false,
2022-04-19 00:00:00,Turkey,Turkey,TR,299.24,361.08,47.43,46.97,epias.com.tr; ytbs.teias.gov.tr,false,
2022-04-19 01:00:00,Turkey,Turkey,TR,302.27,365.03,46.59,46.14,epias.com.tr; ytbs.teias.gov.tr,false,
2022-04-19 02:00:00,Turkey,Turkey,TR,308.26,372.12,45.25,44.83,epias.com.tr; ytbs.teias.gov.tr,false,
2022-04-19 03:00:00,Turkey,Turkey,TR,314.88,379.0,44.38,44.02,epias.com.tr; ytbs.teias.gov.tr,false,
2022-04-19 04:00:00,Turkey,Turkey,TR,317.92,381.48,44.62,44.31,epias.com.tr; ytbs.teias.gov.tr,false,
2022-04-19 05:00:00,Turkey,Turkey,TR,306.33,368.67,46.62,46.37,epias.com.tr; ytbs.teias.gov.tr,false,
2022-04-19 06:00:00,Turkey,Turkey,TR,290.32,352.68,47.99,47.75,epias.com.tr; ytbs.teias.gov.tr,false,
2022-04-19 07:00:00,Turkey,Turkey,TR,285.81,348.99,47.83,47.6,epias.com.tr; ytbs.teias.gov.tr,false,
2022-04-19 08:00:00,Turkey,Turkey,TR,287.69,350.88,47.62,47.39,epias.com.tr; ytbs.teias.gov.tr,false,
2022-04-19 09:00:00,Turkey,Turkey,TR,290.58,354.71,46.8,46.55,epias.com.tr; ytbs.teias.gov.tr,false,
2022-04-19 10:00:00,Turkey,Turkey,TR,297.5,362.52,45.68,45.4,epias.com.tr; ytbs.teias.gov.tr,false,
2022-04-19 11:00:00,Turkey,Turkey,TR,295.79,360.92,45.77,45.53,epias.com.tr; ytbs.teias.gov.tr,false,
2022-04-19 12:00:00,Turkey,Turkey,TR,288.27,352.39,47.09,46.87,epias.com.tr; ytbs.teias.gov.tr,false,
2022-04-19 13:00:00,Turkey,Turkey,TR,288.78,352.82,47.02,46.81,epias.com.tr; ytbs.teias.gov.tr,false,
2022-04-19 14:00:00,Turkey,Turkey,TR,285.28,348.92,47.68,47.44,epias.com.tr; ytbs.teias.gov.tr,false,
2022-04-19 15:00:00,Turkey,Turkey,TR,285.4,348.74,47.8,47.52,epias.com.tr; ytbs.teias.gov.tr,false,
2022-04-19 16:00:00,Turkey,Turkey,TR,285.74,349.32,47.72,47.53,epias.com.tr; ytbs.teias.gov.tr,false,
2022-04-19 17:00:00,Turkey,Turkey,TR,284.72,348.03,48.08,47.86,epias.com.tr; ytbs.teias.gov.tr,false,
2022-04-19 18:00:00,Turkey,Turkey,TR,287.26,351.26,47.33,47.09,epias.com.tr; ytbs.teias.gov.tr,false,
2022-04-19 19:00:00,Turkey,Turkey,TR,278.05,341.43,48.73,48.43,epias.com.tr; ytbs.teias.gov.tr,false,
2022-04-19 20:00:00,Turkey,Turkey,TR,294.97,359.92,46.05,45.73,epias.com.tr; ytbs.teias.gov.tr,false,
2022-04-19 21:00:00,Turkey,Turkey,TR,302.17,367.91,44.99,44.63,epias.com.tr,false,
2022-04-19 22:00:00,Turkey,Turkey,TR,314.79,382.0,43.0,42.62,epias.com.tr; ytbs.teias.gov.tr,false,
2022-04-19 23:00:00,Turkey,Turkey,TR,319.4,386.22,42.9,42.51,epias.com.tr; ytbs.teias.gov.tr,false,
2022-04-20 00:00:00,Turkey,Turkey,TR,322.56,389.22,42.77,42.39,epias.com.tr; ytbs.teias.gov.tr,false,
2022-04-20 01:00:00,Turkey,Turkey,TR,322.91,390.16,42.38,42.0,epias.com.tr; ytbs.teias.gov.tr,false,
2022-04-20 02:00:00,Turkey,Turkey,TR,329.98,399.23,40.48,40.12,epias.com.tr; ytbs.teias.gov.tr,false,
2022-04-20 03:00:00,Turkey,Turkey,TR,336.1,405.37,39.92,39.57,epias.com.tr; ytbs.teias.gov.tr,false,
2022-04-20 04:00:00,Turkey,Turkey,TR,337.62,407.41,39.55,39.31,epias.com.tr; ytbs.teias.gov.tr,false,
2022-04-20 05:00:00,Turkey,Turkey,TR,323.37,390.61,42.58,42.41,epias.com.tr; ytbs.teias.gov.tr,false,
2022-04-20 06:00:00,Turkey,Turkey,TR,301.07,366.71,45.69,45.67,epias.com.tr; ytbs.teias.gov.tr,false,
2022-04-20 07:00:00,Turkey,Turkey,TR,297.85,363.2,46.24,46.22,epias.com.tr; ytbs.teias.gov.tr,false,
2022-04-20 08:00:00,Turkey,Turkey,TR,292.68,357.49,46.92,46.91,epias.com.tr; ytbs.teias.gov.tr,false,
2022-04-20 09:00:00,Turkey,Turkey,TR,296.48,362.26,45.83,45.82,epias.com.tr; ytbs.teias.gov.tr,false,
2022-04-20 10:00:00,Turkey,Turkey,TR,297.26,362.83,45.99,45.97,epias.com.tr; ytbs.teias.gov.tr,false,
2022-04-20 11:00:00,Turkey,Turkey,TR,289.22,353.94,47.19,47.18,epias.com.tr; ytbs.teias.gov.tr,false,
2022-04-20 12:00:00,Turkey,Turkey,TR,285.49,349.61,47.74,47.72,epias.com.tr; ytbs.teias.gov.tr,false,
2022-04-20 13:00:00,Turkey,Turkey,TR,275.0,337.09,50.02,50.01,epias.com.tr; ytbs.teias.gov.tr,false,
2022-04-20 14:00:00,Turkey,Turkey,TR,277.48,339.68,49.57,49.55,epias.com.tr; ytbs.teias.gov.tr,false,
2022-04-20 15:00:00,Turkey,Turkey,TR,279.35,341.73,49.16,49.11,epias.com.tr; ytbs.teias.gov.tr,false,
2022-04-20 16:00:00,Turkey,Turkey,TR,274.16,336.6,49.56,49.4,epias.com.tr; ytbs.teias.gov.tr,false,
2022-04-20 17:00:00,Turkey,Turkey,TR,274.15,335.78,50.04,49.87,epias.com.tr; ytbs.teias.gov.tr,false,
2022-04-20 18:00:00,Turkey,Turkey,TR,271.85,333.52,50.21,50.02,epias.com.tr; ytbs.teias.gov.tr,false,
2022-04-20 19:00:00,Turkey,Turkey,TR,268.91,329.36,51.2,51.0,epias.com.tr; ytbs.teias.gov.tr,false,
2022-04-20 20:00:00,Turkey,Turkey,TR,273.39,333.85,50.7,50.47,epias.com.tr; ytbs.teias.gov.tr,false,
2022-04-20 21:00:00,Turkey,Turkey,TR,280.17,341.68,49.41,49.08,epias.com.tr,false,
2022-04-20 22:00:00,Turkey,Turkey,TR,281.23,341.38,50.28,49.91,epias.com.tr; ytbs.teias.gov.tr,false,
2022-04-20 23:00:00,Turkey,Turkey,TR,282.73,341.06,51.46,51.04,epias.com.tr; ytbs.teias.gov.tr,false,
2022-04-21 00:00:00,Turkey,Turkey,TR,292.73,352.09,49.96,49.51,epias.com.tr; ytbs.teias.gov.tr,false,
2022-04-21 01:00:00,Turkey,Turkey,TR,298.06,358.76,48.7,48.26,epias.com.tr; ytbs.teias.gov.tr,false,
2022-04-21 02:00:00,Turkey,Turkey,TR,307.78,371.27,46.16,45.73,epias.com.tr; ytbs.teias.gov.tr,false,
2022-04-21 03:00:00,Turkey,Turkey,TR,309.43,374.36,45.33,44.95,epias.com.tr; ytbs.teias.gov.tr,false,
2022-04-21 04:00:00,Turkey,Turkey,TR,318.16,383.22,44.55,44.21,epias.com.tr; ytbs.teias.gov.tr,false,
2022-04-21 05:00:00,Turkey,Turkey,TR,321.94,387.6,43.89,43.88,epias.com.tr; ytbs.teias.gov.tr,false,
2022-04-21 06:00:00,Turkey,Turkey,TR,316.28,383.58,43.07,43.04,epias.com.tr; ytbs.teias.gov.tr,false,
2022-04-21 07:00:00,Turkey,Turkey,TR,309.31,375.73,44.24,44.21,epias.com.tr; ytbs.teias.gov.tr,false,
2022-04-21 08:00:00,Turkey,Turkey,TR,304.35,369.96,45.27,45.24,epias.com.tr; ytbs.teias.gov.tr,false,
2022-04-21 09:00:00,Turkey,Turkey,TR,306.68,373.16,44.45,44.42,epias.com.tr; ytbs.teias.gov.tr,false,
2022-04-21 10:00:00,Turkey,Turkey,TR,306.21,371.61,45.31,45.28,epias.com.tr; ytbs.teias.gov.tr,false,
2022-04-21 11:00:00,Turkey,Turkey,TR,304.02,369.1,45.52,45.49,epias.com.tr; ytbs.teias.gov.tr,false,
2022-04-21 12:00:00,Turkey,Turkey,TR,300.67,366.11,45.56,45.53,epias.com.tr; ytbs.teias.gov.tr,false,
2022-04-21 13:00:00,Turkey,Turkey,TR,302.16,367.9,45.16,45.14,epias.com.tr; ytbs.teias.gov.tr,false,
2022-04-21 14:00:00,Turkey,Turkey,TR,298.5,364.32,45.38,45.36,epias.com.tr; ytbs.teias.gov.tr,false,
2022-04-21 15:00:00,Turkey,Turkey,TR,295.65,360.96,45.94,45.92,epias.com.tr; ytbs.teias.gov.tr,false,
2022-04-21 16:00:00,Turkey,Turkey,TR,294.74,360.0,46.16,46.15,epias.com.tr; ytbs.teias.gov.tr,false,
2022-04-21 17:00:00,Turkey,Turkey,TR,294.87,360.2,45.99,45.72,epias.com.tr; ytbs.teias.gov.tr,false,
2022-04-21 18:00:00,Turkey,Turkey,TR,291.05,355.69,46.77,46.52,epias.com.tr; ytbs.teias.gov.tr,false,
2022-04-21 19:00:00,Turkey,Turkey,TR,287.28,351.11,47.62,47.33,epias.com.tr; ytbs.teias.gov.tr,false,
2022-04-21 20:00:00,Turkey,Turkey,TR,293.28,357.59,46.79,46.49,epias.com.tr; ytbs.teias.gov.tr,false,
2022-04-21 21:00:00,Turkey,Turkey,TR,300.14,365.21,45.69,45.33,epias.com.tr,false,
2022-04-21 22:00:00,Turkey,Turkey,TR,307.28,371.7,45.55,45.18,epias.com.tr; ytbs.teias.gov.tr,false,
2022-04-21 23:00:00,Turkey,Turkey,TR,313.76,378.23,45.0,44.59,epias.com.tr; ytbs.teias.gov.tr,false,
2022-04-22 00:00:00,Turkey,Turkey,TR,316.51,381.27,44.59,44.16,epias.com.tr; ytbs.teias.gov.tr,false,
2022-04-22 01:00:00,Turkey,Turkey,TR,314.74,379.77,44.62,44.17,epias.com.tr; ytbs.teias.gov.tr,false,
2022-04-22 02:00:00,Turkey,Turkey,TR,317.1,382.87,44.0,43.6,epias.com.tr; ytbs.teias.gov.tr,false,
2022-04-22 03:00:00,Turkey,Turkey,TR,323.15,389.21,43.3,42.94,epias.com.tr; ytbs.teias.gov.tr,false,
2022-04-22 04:00:00,Turkey,Turkey,TR,324.79,389.95,43.95,43.61,epias.com.tr; ytbs.teias.gov.tr,false,
2022-04-22 05:00:00,Turkey,Turkey,TR,316.92,380.8,45.56,45.25,epias.com.tr; ytbs.teias.gov.tr,false,
2022-04-22 06:00:00,Turkey,Turkey,TR,311.59,377.2,44.69,44.63,epias.com.tr; ytbs.teias.gov.tr,false,
2022-04-22 07:00:00,Turkey,Turkey,TR,305.6,370.7,45.56,45.53,epias.com.tr; ytbs.teias.gov.tr,false,
2022-04-22 08:00:00,Turkey,Turkey,TR,303.54,367.78,46.29,46.27,epias.com.tr; ytbs.teias.gov.tr,false,
2022-04-22 09:00:00,Turkey,Turkey,TR,302.58,367.2,46.26,46.23,epias.com.tr; ytbs.teias.gov.tr,false,
2022-04-22 10:00:00,Turkey,Turkey,TR,301.49,365.05,47.45,47.42,epias.com.tr; ytbs.teias.gov.tr,false,
2022-04-22 11:00:00,Turkey,Turkey,TR,293.71,357.3,48.22,48.19,epias.com.tr; ytbs.teias.gov.tr,false,
2022-04-22 12:00:00,Turkey,Turkey,TR,289.66,352.49,48.88,48.84,epias.com.tr; ytbs.teias.gov.tr,false,
2022-04-22 13:00:00,Turkey,Turkey,TR,293.26,356.52,48.2,48.18,epias.com.tr; ytbs.teias.gov.tr,false,
2022-04-22 14:00:00,Turkey,Turkey,TR,296.38,361.29,46.66,46.47,epias.com.tr; ytbs.teias.gov.tr,false,
2022-04-22 15:00:00,Turkey,Turkey,TR,292.73,357.44,47.22,46.89,epias.com.tr; ytbs.teias.gov.tr,false,
2022-04-22 16:00:00,Turkey,Turkey,TR,290.76,354.86,47.53,47.16,epias.com.tr; ytbs.teias.gov.tr,false,
2022-04-22 17:00:00,Turkey,Turkey,TR,287.41,350.71,48.23,47.82,epias.com.tr; ytbs.teias.gov.tr,false,
2022-04-22 18:00:00,Turkey,Turkey,TR,283.22,345.39,49.26,48.86,epias.com.tr; ytbs.teias.gov.tr,false,
2022-04-22 19:00:00,Turkey,Turkey,TR,278.92,339.81,50.46,50.02,epias.com.tr; ytbs.teias.gov.tr,false,
2022-04-22 20:00:00,Turkey,Turkey,TR,284.95,346.04,49.73,49.27,epias.com.tr; ytbs.teias.gov.tr,false,
2022-04-22 21:00:00,Turkey,Turkey,TR,289.0,350.11,49.26,48.6,epias.com.tr,false,
2022-04-22 22:00:00,Turkey,Turkey,TR,287.7,348.12,50.24,49.55,epias.com.tr; ytbs.teias.gov.tr,false,
2022-04-22 23:00:00,Turkey,Turkey,TR,276.34,332.89,53.91,53.14,epias.com.tr; ytbs.teias.gov.tr,false,
2022-04-23 00:00:00,Turkey,Turkey,TR,276.91,332.31,54.76,53.96,epias.com.tr; ytbs.teias.gov.tr,false,
2022-04-23 01:00:00,Turkey,Turkey,TR,279.77,335.7,54.25,53.48,epias.com.tr; ytbs.teias.gov.tr,false,
2022-04-23 02:00:00,Turkey,Turkey,TR,282.42,338.55,53.91,53.12,epias.com.tr; ytbs.teias.gov.tr,false,
2022-04-23 03:00:00,Turkey,Turkey,TR,280.44,336.46,54.32,53.66,epias.com.tr; ytbs.teias.gov.tr,false,
2022-04-23 04:00:00,Turkey,Turkey,TR,273.82,327.62,56.69,56.21,epias.com.tr; ytbs.teias.gov.tr,false,
2022-04-23 05:00:00,Turkey,Turkey,TR,263.48,316.65,58.21,57.71,epias.com.tr; ytbs.teias.gov.tr,false,
2022-04-23 06:00:00,Turkey,Turkey,TR,263.59,317.23,57.78,57.32,epias.com.tr; ytbs.teias.gov.tr,false,
2022-04-23 07:00:00,Turkey,Turkey,TR,270.07,323.0,57.47,57.01,epias.com.tr; ytbs.teias.gov.tr,false,
2022-04-23 08:00:00,Turkey,Turkey,TR,266.57,319.18,58.11,57.69,epias.com.tr; ytbs.teias.gov.tr,false,
2022-04-23 09:00:00,Turkey,Turkey,TR,259.49,310.83,59.55,59.11,epias.com.tr; ytbs.teias.gov.tr,false,
2022-04-23 10:00:00,Turkey,Turkey,TR,256.19,306.8,60.32,59.8,epias.com.tr; ytbs.teias.gov.tr,false,
2022-04-23 11:00:00,Turkey,Turkey,TR,250.11,300.26,61.06,60.46,epias.com.tr; ytbs.teias.gov.tr,false,
2022-04-23 12:00:00,Turkey,Turkey,TR,246.02,296.17,61.45,60.89,epias.com.tr; ytbs.teias.gov.tr,false,
2022-04-23 13:00:00,Turkey,Turkey,TR,260.39,312.02,59.18,58.64,epias.com.tr; ytbs.teias.gov.tr,false,
2022-04-23 14:00:00,Turkey,Turkey,TR,259.05,312.05,58.4,57.85,epias.com.tr; ytbs.teias.gov.tr,false,
2022-04-23 15:00:00,Turkey,Turkey,TR,269.89,325.57,55.52,55.01,epias.com.tr; ytbs.teias.gov.tr,false,
2022-04-23 16:00:00,Turkey,Turkey,TR,276.19,334.39,53.14,52.74,epias.com.tr; ytbs.teias.gov.tr,false,
2022-04-23 17:00:00,Turkey,Turkey,TR,267.8,324.61,54.85,54.46,epias.com.tr; ytbs.teias.gov.tr,false,
2022-04-23 18:00:00,Turkey,Turkey,TR,265.92,322.66,55.11,54.78,epias.com.tr; ytbs.teias.gov.tr,false,
2022-04-23 19:00:00,Turkey,Turkey,TR,263.93,320.29,55.63,55.25,epias.com.tr; ytbs.teias.gov.tr,false,
2022-04-23 20:00:00,Turkey,Turkey,TR,272.65,330.06,54.18,53.82,epias.com.tr; ytbs.teias.gov.tr,false,
2022-04-23 21:00:00,Turkey,Turkey,TR,277.95,336.27,53.31,52.9,epias.com.tr,false,
2022-04-23 22:00:00,Turkey,Turkey,TR,290.25,350.17,51.14,50.49,epias.com.tr; ytbs.teias.gov.tr,false,
2022-04-23 23:00:00,Turkey,Turkey,TR,291.65,351.34,51.37,50.83,epias.com.tr; ytbs.teias.gov.tr,false,
2022-04-24 00:00:00,Turkey,Turkey,TR,293.69,352.92,51.6,51.08,epias.com.tr; ytbs.teias.gov.tr,false,
2022-04-24 01:00:00,Turkey,Turkey,TR,297.6,357.32,50.87,50.36,epias.com.tr; ytbs.teias.gov.tr,false,
2022-04-24 02:00:00,Turkey,Turkey,TR,299.3,359.73,50.4,49.93,epias.com.tr; ytbs.teias.gov.tr,false,
2022-04-24 03:00:00,Turkey,Turkey,TR,304.91,365.93,49.66,49.33,epias.com.tr; ytbs.teias.gov.tr,false,
2022-04-24 04:00:00,Turkey,Turkey,TR,290.81,348.92,53.2,52.88,epias.com.tr; ytbs.teias.gov.tr,false,
2022-04-24 05:00:00,Turkey,Turkey,TR,274.49,328.12,57.98,57.69,epias.com.tr; ytbs.teias.gov.tr,false,
2022-04-24 06:00:00,Turkey,Turkey,TR,270.78,323.31,59.09,58.82,epias.com.tr; ytbs.teias.gov.tr,false,
2022-04-24 07:00:00,Turkey,Turkey,TR,271.27,322.56,59.64,59.31,epias.com.tr; ytbs.teias.gov.tr,false,
2022-04-24 08:00:00,Turkey,Turkey,TR,270.35,321.53,59.68,59.37,epias.com.tr; ytbs.teias.gov.tr,false,
2022-04-24 09:00:00,Turkey,Turkey,TR,271.64,322.76,59.51,59.22,epias.com.tr; ytbs.teias.gov.tr,false,
2022-04-24 10:00:00,Turkey,Turkey,TR,272.57,323.3,59.48,59.1,epias.com.tr; ytbs.teias.gov.tr,false,
2022-04-24 11:00:00,Turkey,Turkey,TR,271.03,322.0,59.42,59.01,epias.com.tr; ytbs.teias.gov.tr,false,
2022-04-24 12:00:00,Turkey,Turkey,TR,273.73,324.43,59.25,58.88,epias.com.tr; ytbs.teias.gov.tr,false,
2022-04-24 13:00:00,Turkey,Turkey,TR,272.87,324.77,58.41,58.07,epias.com.tr; ytbs.teias.gov.tr,false,
2022-04-24 14:00:00,Turkey,Turkey,TR,283.57,338.79,54.99,54.48,epias.com.tr; ytbs.teias.gov.tr,false,
2022-04-24 15:00:00,Turkey,Turkey,TR,282.52,338.32,54.51,54.03,epias.com.tr; ytbs.teias.gov.tr,false,
2022-04-24 16:00:00,Turkey,Turkey,TR,269.65,325.19,55.72,55.46,epias.com.tr; ytbs.teias.gov.tr,false,
2022-04-24 17:00:00,Turkey,Turkey,TR,261.35,316.26,56.76,56.51,epias.com.tr; ytbs.teias.gov.tr,false,
2022-04-24 18:00:00,Turkey,Turkey,TR,260.95,316.17,56.54,56.3,epias.com.tr; ytbs.teias.gov.tr,false,
2022-04-24 19:00:00,Turkey,Turkey,TR,261.83,317.11,56.31,56.03,epias.com.tr; ytbs.teias.gov.tr,false,
2022-04-24 20:00:00,Turkey,Turkey,TR,268.04,324.45,55.1,54.8,epias.com.tr; ytbs.teias.gov.tr,false,
2022-04-24 21:00:00,Turkey,Turkey,TR,274.66,332.23,53.9,53.58,epias.com.tr,false,
2022-04-24 22:00:00,Turkey,Turkey,TR,288.97,348.21,51.52,51.17,epias.com.tr; ytbs.teias.gov.tr,false,
2022-04-24 23:00:00,Turkey,Turkey,TR,301.8,362.89,49.34,48.98,epias.com.tr; ytbs.teias.gov.tr,false,
2022-04-25 00:00:00,Turkey,Turkey,TR,308.93,370.57,48.36,48.01,epias.com.tr; ytbs.teias.gov.tr,false,
2022-04-25 01:00:00,Turkey,Turkey,TR,313.17,375.55,47.46,47.1,epias.com.tr; ytbs.teias.gov.tr,false,
2022-04-25 02:00:00,Turkey,Turkey,TR,316.66,379.58,46.86,46.52,epias.com.tr; ytbs.teias.gov.tr,false,
2022-04-25 03:00:00,Turkey,Turkey,TR,313.74,375.9,47.87,47.55,epias.com.tr; ytbs.teias.gov.tr,false,
2022-04-25 04:00:00,Turkey,Turkey,TR,306.02,367.89,48.98,48.69,epias.com.tr; ytbs.teias.gov.tr,false,
2022-04-25 05:00:00,Turkey,Turkey,TR,298.86,360.34,49.85,49.59,epias.com.tr; ytbs.teias.gov.tr,false,
2022-04-25 06:00:00,Turkey,Turkey,TR,295.02,358.09,48.69,48.5,epias.com.tr; ytbs.teias.gov.tr,false,
2022-04-25 07:00:00,Turkey,Turkey,TR,288.1,351.21,49.25,49.09,epias.com.tr; ytbs.teias.gov.tr,false,
2022-04-25 08:00:00,Turkey,Turkey,TR,290.97,354.9,48.42,48.23,epias.com.tr; ytbs.teias.gov.tr,false,
2022-04-25 09:00:00,Turkey,Turkey,TR,290.31,353.81,48.71,48.42,epias.com.tr; ytbs.teias.gov.tr,false,
2022-04-25 10:00:00,Turkey,Turkey,TR,292.05,355.3,48.8,48.48,epias.com.tr; ytbs.teias.gov.tr,false,
2022-04-25 11:00:00,Turkey,Turkey,TR,290.35,353.69,48.77,48.43,epias.com.tr; ytbs.teias.gov.tr,false,
2022-04-25 12:00:00,Turkey,Turkey,TR,285.58,349.43,48.71,48.4,epias.com.tr; ytbs.teias.gov.tr,false,
2022-04-25 13:00:00,Turkey,Turkey,TR,285.17,349.17,48.62,48.51,epias.com.tr; ytbs.teias.gov.tr,false,
2022-04-25 14:00:00,Turkey,Turkey,TR,282.04,346.28,48.54,48.41,epias.com.tr; ytbs.teias.gov.tr,false,
2022-04-25 15:00:00,Turkey,Turkey,TR,276.65,339.64,49.73,49.56,epias.com.tr; ytbs.teias.gov.tr,false,
2022-04-25 16:00:00,Turkey,Turkey,TR,275.51,338.99,49.53,49.41,epias.com.tr; ytbs.teias.gov.tr,false,
2022-04-25 17:00:00,Turkey,Turkey,TR,273.01,336.5,49.75,49.67,epias.com.tr; ytbs.teias.gov.tr,false,
2022-04-25 18:00:00,Turkey,Turkey,TR,269.38,332.02,50.66,50.58,epias.com.tr; ytbs.teias.gov.tr,false,
2022-04-25 19:00:00,Turkey,Turkey,TR,271.59,334.26,50.4,50.27,epias.com.tr; ytbs.teias.gov.tr,false,
2022-04-25 20:00:00,Turkey,Turkey,TR,277.58,340.66,49.48,49.33,epias.com.tr; ytbs.teias.gov.tr,false,
2022-04-25 21:00:00,Turkey,Turkey,TR,283.21,347.71,48.16,47.99,epias.com.tr,false,
2022-04-25 22:00:00,Turkey,Turkey,TR,297.16,362.93,46.14,45.89,epias.com.tr; ytbs.teias.gov.tr,false,
2022-04-25 23:00:00,Turkey,Turkey,TR,298.11,362.87,46.86,46.6,epias.com.tr; ytbs.teias.gov.tr,false,
2022-04-26 00:00:00,Turkey,Turkey,TR,298.22,361.53,47.93,47.65,epias.com.tr; ytbs.teias.gov.tr,false,
2022-04-26 01:00:00,Turkey,Turkey,TR,301.47,366.0,46.86,46.55,epias.com.tr; ytbs.teias.gov.tr,false,
2022-04-26 02:00:00,Turkey,Turkey,TR,307.25,373.02,45.61,45.35,epias.com.tr; ytbs.teias.gov.tr,false,
2022-04-26 03:00:00,Turkey,Turkey,TR,315.92,382.4,44.43,44.21,epias.com.tr; ytbs.teias.gov.tr,false,
2022-04-26 04:00:00,Turkey,Turkey,TR,314.8,380.13,45.49,45.38,epias.com.tr; ytbs.teias.gov.tr,false,
2022-04-26 05:00:00,Turkey,Turkey,TR,312.5,376.55,46.48,46.38,epias.com.tr; ytbs.teias.gov.tr,false,
2022-04-26 06:00:00,Turkey,Turkey,TR,314.17,380.82,44.25,44.16,epias.com.tr; ytbs.teias.gov.tr,false,
2022-04-26 07:00:00,Turkey,Turkey,TR,304.7,369.57,46.19,46.01,epias.com.tr; ytbs.teias.gov.tr,false,
2022-04-26 08:00:00,Turkey,Turkey,TR,302.35,366.77,46.57,46.33,epias.com.tr; ytbs.teias.gov.tr,false,
2022-04-26 09:00:00,Turkey,Turkey,TR,300.79,365.05,46.87,46.65,epias.com.tr; ytbs.teias.gov.tr,false,
2022-04-26 10:00:00,Turkey,Turkey,TR,300.54,364.22,47.33,47.08,epias.com.tr; ytbs.teias.gov.tr,false,
2022-04-26 11:00:00,Turkey,Turkey,TR,296.52,360.32,47.47,47.23,epias.com.tr; ytbs.teias.gov.tr,false,
2022-04-26 12:00:00,Turkey,Turkey,TR,291.34,355.0,47.86,47.65,epias.com.tr; ytbs.teias.gov.tr,false,
2022-04-26 13:00:00,Turkey,Turkey,TR,291.28,353.82,48.5,48.3,epias.com.tr; ytbs.teias.gov.tr,false,
2022-04-26 14:00:00,Turkey,Turkey,TR,286.68,348.15,49.5,49.29,epias.com.tr; ytbs.teias.gov.tr,false,
2022-04-26 15:00:00,Turkey,Turkey,TR,279.91,340.38,50.8,50.6,epias.com.tr; ytbs.teias.gov.tr,false,
2022-04-26 16:00:00,Turkey,Turkey,TR,285.59,347.1,49.52,49.38,epias.com.tr; ytbs.teias.gov.tr,false,
2022-04-26 17:00:00,Turkey,Turkey,TR,281.82,343.11,49.99,49.85,epias.com.tr; ytbs.teias.gov.tr,false,
2022-04-26 18:00:00,Turkey,Turkey,TR,276.0,336.01,51.46,51.32,epias.com.tr; ytbs.teias.gov.tr,false,
2022-04-26 19:00:00,Turkey,Turkey,TR,276.78,337.07,51.2,51.02,epias.com.tr; ytbs.teias.gov.tr,false,
2022-04-26 20:00:00,Turkey,Turkey,TR,283.47,344.81,49.89,49.68,epias.com.tr; ytbs.teias.gov.tr,false,
2022-04-26 21:00:00,Turkey,Turkey,TR,290.23,352.19,48.9,48.63,epias.com.tr,false,
2022-04-26 22:00:00,Turkey,Turkey,TR,299.87,361.97,48.1,47.81,epias.com.tr; ytbs.teias.gov.tr,false,
2022-04-26 23:00:00,Turkey,Turkey,TR,303.73,364.81,48.53,48.22,epias.com.tr; ytbs.teias.gov.tr,false,
2022-04-27 00:00:00,Turkey,Turkey,TR,302.11,362.2,49.42,49.11,epias.com.tr; ytbs.teias.gov.tr,false,
2022-04-27 01:00:00,Turkey,Turkey,TR,303.33,363.68,49.09,48.77,epias.com.tr; ytbs.teias.gov.tr,false,
2022-04-27 02:00:00,Turkey,Turkey,TR,304.59,365.72,48.46,48.17,epias.com.tr; ytbs.teias.gov.tr,false,
2022-04-27 03:00:00,Turkey,Turkey,TR,302.25,363.03,48.95,48.68,epias.com.tr; ytbs.teias.gov.tr,false,
2022-04-27 04:00:00,Turkey,Turkey,TR,293.38,351.68,51.57,51.36,epias.com.tr; ytbs.teias.gov.tr,false,
2022-04-27 05:00:00,Turkey,Turkey,TR,293.23,351.14,51.77,51.5,epias.com.tr; ytbs.teias.gov.tr,false,
2022-04-27 06:00:00,Turkey,Turkey,TR,289.47,349.07,50.81,50.57,epias.com.tr; ytbs.teias.gov.tr,false,
2022-04-27 07:00:00,Turkey,Turkey,TR,291.57,352.38,49.8,49.51,epias.com.tr; ytbs.teias.gov.tr,false,
2022-04-27 08:00:00,Turkey,Turkey,TR,290.39,351.01,50.05,49.76,epias.com.tr; ytbs.teias.gov.tr,false,
2022-04-27 09:00:00,Turkey,Turkey,TR,290.17,351.11,49.75,49.46,epias.com.tr; ytbs.teias.gov.tr,false,
2022-04-27 10:00:00,Turkey,Turkey,TR,280.07,340.64,51.0,50.69,epias.com.tr; ytbs.teias.gov.tr,false,
2022-04-27 11:00:00,Turkey,Turkey,TR,273.89,333.39,51.97,51.67,epias.com.tr; ytbs.teias.gov.tr,false,
2022-04-27 12:00:00,Turkey,Turkey,TR,266.66,325.58,52.9,52.62,epias.com.tr; ytbs.teias.gov.tr,false,
2022-04-27 13:00:00,Turkey,Turkey,TR,266.35,325.63,52.59,52.31,epias.com.tr; ytbs.teias.gov.tr,false,
2022-04-27 14:00:00,Turkey,Turkey,TR,263.62,321.87,53.41,53.16,epias.com.tr; ytbs.teias.gov.tr,false,
2022-04-27 15:00:00,Turkey,Turkey,TR,259.15,316.31,54.45,54.21,epias.com.tr; ytbs.teias.gov.tr,false,
2022-04-27 16:00:00,Turkey,Turkey,TR,264.54,322.07,53.58,53.39,epias.com.tr; ytbs.teias.gov.tr,false,
2022-04-27 17:00:00,Turkey,Turkey,TR,262.2,319.2,54.22,54.03,epias.com.tr; ytbs.teias.gov.tr,false,
2022-04-27 18:00:00,Turkey,Turkey,TR,262.99,319.99,54.09,53.89,epias.com.tr; ytbs.teias.gov.tr,false,
2022-04-27 19:00:00,Turkey,Turkey,TR,262.39,319.01,54.47,54.24,epias.com.tr; ytbs.teias.gov.tr,false,
2022-04-27 20:00:00,Turkey,Turkey,TR,264.72,321.81,54.05,53.82,epias.com.tr; ytbs.teias.gov.tr,false,
2022-04-27 21:00:00,Turkey,Turkey,TR,269.23,326.93,53.4,53.14,epias.com.tr,false,
2022-04-27 22:00:00,Turkey,Turkey,TR,282.22,339.94,52.26,51.96,epias.com.tr; ytbs.teias.gov.tr,false,
2022-04-27 23:00:00,Turkey,Turkey,TR,282.43,339.34,53.05,52.75,epias.com.tr; ytbs.teias.gov.tr,false,
2022-04-28 00:00:00,Turkey,Turkey,TR,286.08,342.27,53.28,52.96,epias.com.tr; ytbs.teias.gov.tr,false,
2022-04-28 01:00:00,Turkey,Turkey,TR,289.29,345.34,53.1,52.78,epias.com.tr; ytbs.teias.gov.tr,false,
2022-04-28 02:00:00,Turkey,Turkey,TR,287.68,344.5,52.8,52.5,epias.com.tr; ytbs.teias.gov.tr,false,
2022-04-28 03:00:00,Turkey,Turkey,TR,288.93,345.46,53.01,52.68,epias.com.tr; ytbs.teias.gov.tr,false,
2022-04-28 04:00:00,Turkey,Turkey,TR,284.41,340.95,53.6,53.31,epias.com.tr; ytbs.teias.gov.tr,false,
2022-04-28 05:00:00,Turkey,Turkey,TR,274.95,330.89,55.02,54.8,epias.com.tr; ytbs.teias.gov.tr,false,
2022-04-28 06:00:00,Turkey,Turkey,TR,255.66,310.88,57.13,56.98,epias.com.tr; ytbs.teias.gov.tr,false,
2022-04-28 07:00:00,Turkey,Turkey,TR,256.03,311.43,56.99,56.79,epias.com.tr; ytbs.teias.gov.tr,false,
2022-04-28 08:00:00,Turkey,Turkey,TR,258.64,314.36,56.47,56.27,epias.com.tr; ytbs.teias.gov.tr,false,
2022-04-28 09:00:00,Turkey,Turkey,TR,257.92,313.75,56.45,56.25,epias.com.tr; ytbs.teias.gov.tr,false,
2022-04-28 10:00:00,Turkey,Turkey,TR,263.28,318.7,56.22,55.97,epias.com.tr; ytbs.teias.gov.tr,false,
2022-04-28 11:00:00,Turkey,Turkey,TR,263.25,319.79,55.47,55.25,epias.com.tr; ytbs.teias.gov.tr,false,
2022-04-28 12:00:00,Turkey,Turkey,TR,257.67,313.77,56.09,55.86,epias.com.tr; ytbs.teias.gov.tr,false,
2022-04-28 13:00:00,Turkey,Turkey,TR,256.22,312.31,56.09,55.88,epias.com.tr; ytbs.teias.gov.tr,false,
2022-04-28 14:00:00,Turkey,Turkey,TR,248.84,303.29,57.74,57.54,epias.com.tr; ytbs.teias.gov.tr,false,
2022-04-28 15:00:00,Turkey,Turkey,TR,244.02,297.59,58.68,58.5,epias.com.tr; ytbs.teias.gov.tr,false,
2022-04-28 16:00:00,Turkey,Turkey,TR,240.12,293.17,59.32,59.18,epias.com.tr; ytbs.teias.gov.tr,false,
2022-04-28 17:00:00,Turkey,Turkey,TR,238.96,292.14,59.32,59.23,epias.com.tr; ytbs.teias.gov.tr,false,
2022-04-28 18:00:00,Turkey,Turkey,TR,238.04,290.86,59.58,59.47,epias.com.tr; ytbs.teias.gov.tr,false,
2022-04-28 19:00:00,Turkey,Turkey,TR,236.04,288.46,59.97,59.84,epias.com.tr; ytbs.teias.gov.tr,false,
2022-04-28 20:00:00,Turkey,Turkey,TR,238.65,291.51,59.46,59.31,epias.com.tr; ytbs.teias.gov.tr,false,
2022-04-28 21:00:00,Turkey,Turkey,TR,238.72,291.02,59.96,59.77,epias.com.tr,false,
2022-04-28 22:00:00,Turkey,Turkey,TR,242.83,294.94,59.93,59.72,epias.com.tr; ytbs.teias.gov.tr,false,
2022-04-28 23:00:00,Turkey,Turkey,TR,247.32,299.59,59.52,59.29,epias.com.tr; ytbs.teias.gov.tr,false,
2022-04-29 00:00:00,Turkey,Turkey,TR,245.57,297.09,60.33,60.09,epias.com.tr; ytbs.teias.gov.tr,false,
2022-04-29 01:00:00,Turkey,Turkey,TR,244.81,296.69,60.24,60.0,epias.com.tr; ytbs.teias.gov.tr,false,
2022-04-29 02:00:00,Turkey,Turkey,TR,240.77,292.19,60.98,60.75,epias.com.tr; ytbs.teias.gov.tr,false,
2022-04-29 03:00:00,Turkey,Turkey,TR,239.54,290.31,61.72,61.5,epias.com.tr; ytbs.teias.gov.tr,false,
2022-04-29 04:00:00,Turkey,Turkey,TR,235.33,284.4,63.41,63.26,epias.com.tr; ytbs.teias.gov.tr,false,
2022-04-29 05:00:00,Turkey,Turkey,TR,225.77,273.99,64.78,64.65,epias.com.tr; ytbs.teias.gov.tr,false,
2022-04-29 06:00:00,Turkey,Turkey,TR,221.11,268.77,65.24,65.17,epias.com.tr; ytbs.teias.gov.tr,false,
2022-04-29 07:00:00,Turkey,Turkey,TR,230.21,279.21,63.33,63.27,epias.com.tr; ytbs.teias.gov.tr,false,
2022-04-29 08:00:00,Turkey,Turkey,TR,229.04,278.56,63.09,62.99,epias.com.tr; ytbs.teias.gov.tr,false,
2022-04-29 09:00:00,Turkey,Turkey,TR,231.04,280.37,62.98,62.85,epias.com.tr; ytbs.teias.gov.tr,false,
2022-04-29 10:00:00,Turkey,Turkey,TR,225.31,274.54,63.72,63.54,epias.com.tr; ytbs.teias.gov.tr,false,
2022-04-29 11:00:00,Turkey,Turkey,TR,219.99,268.69,64.51,64.32,epias.com.tr; ytbs.teias.gov.tr,false,
2022-04-29 12:00:00,Turkey,Turkey,TR,219.94,267.58,64.97,64.77,epias.com.tr; ytbs.teias.gov.tr,false,
2022-04-29 13:00:00,Turkey,Turkey,TR,218.15,265.67,65.07,64.88,epias.com.tr; ytbs.teias.gov.tr,false,
2022-04-29 14:00:00,Turkey,Turkey,TR,225.65,273.94,63.78,63.58,epias.com.tr; ytbs.teias.gov.tr,false,
2022-04-29 15:00:00,Turkey,Turkey,TR,228.68,277.18,63.33,63.12,epias.com.tr; ytbs.teias.gov.tr,false,
2022-04-29 16:00:00,Turkey,Turkey,TR,234.02,284.02,61.8,61.65,epias.com.tr; ytbs.teias.gov.tr,false,
2022-04-29 17:00:00,Turkey,Turkey,TR,229.34,278.1,63.03,62.89,epias.com.tr; ytbs.teias.gov.tr,false,
2022-04-29 18:00:00,Turkey,Turkey,TR,226.35,273.9,64.1,63.95,epias.com.tr; ytbs.teias.gov.tr,false,
2022-04-29 19:00:00,Turkey,Turkey,TR,222.64,269.85,64.72,64.54,epias.com.tr; ytbs.teias.gov.tr,false,
2022-04-29 20:00:00,Turkey,Turkey,TR,223.83,270.65,64.83,64.63,epias.com.tr; ytbs.teias.gov.tr,false,
2022-04-29 21:00:00,Turkey,Turkey,TR,223.75,270.49,64.94,64.7,epias.com.tr,false,
2022-04-29 22:00:00,Turkey,Turkey,TR,231.4,278.67,64.01,63.75,epias.com.tr; ytbs.teias.gov.tr,false,
2022-04-29 23:00:00,Turkey,Turkey,TR,228.47,275.35,64.68,64.4,epias.com.tr; ytbs.teias.gov.tr,false,
2022-04-30 00:00:00,Turkey,Turkey,TR,214.6,260.19,66.9,66.61,epias.com.tr; ytbs.teias.gov.tr,false,
2022-04-30 01:00:00,Turkey,Turkey,TR,210.43,255.46,67.71,67.44,epias.com.tr; ytbs.teias.gov.tr,false,
2022-04-30 02:00:00,Turkey,Turkey,TR,211.67,257.25,67.22,66.93,epias.com.tr; ytbs.teias.gov.tr,false,
2022-04-30 03:00:00,Turkey,Turkey,TR,211.16,256.67,67.51,67.29,epias.com.tr; ytbs.teias.gov.tr,false,
2022-04-30 04:00:00,Turkey,Turkey,TR,214.29,260.34,67.04,66.83,epias.com.tr; ytbs.teias.gov.tr,false,
2022-04-30 05:00:00,Turkey,Turkey,TR,211.51,257.77,67.04,66.8,epias.com.tr; ytbs.teias.gov.tr,false,
2022-04-30 06:00:00,Turkey,Turkey,TR,192.67,237.65,69.55,69.31,epias.com.tr; ytbs.teias.gov.tr,false,
2022-04-30 07:00:00,Turkey,Turkey,TR,178.53,222.32,71.59,71.35,epias.com.tr; ytbs.teias.gov.tr,false,
2022-04-30 08:00:00,Turkey,Turkey,TR,178.49,221.94,71.66,71.44,epias.com.tr; ytbs.teias.gov.tr,false,
2022-04-30 09:00:00,Turkey,Turkey,TR,180.58,223.63,71.72,71.5,epias.com.tr; ytbs.teias.gov.tr,false,
2022-04-30 10:00:00,Turkey,Turkey,TR,186.54,229.9,70.86,70.64,epias.com.tr; ytbs.teias.gov.tr,false,
2022-04-30 11:00:00,Turkey,Turkey,TR,186.23,229.54,70.98,70.74,epias.com.tr; ytbs.teias.gov.tr,false,
2022-04-30 12:00:00,Turkey,Turkey,TR,187.05,230.15,70.89,70.64,epias.com.tr; ytbs.teias.gov.tr,false,
2022-04-30 13:00:00,Turkey,Turkey,TR,190.97,234.2,70.49,70.23,epias.com.tr; ytbs.teias.gov.tr,false,
2022-04-30 14:00:00,Turkey,Turkey,TR,190.54,234.18,70.22,69.95,epias.com.tr; ytbs.teias.gov.tr,false,
2022-04-30 15:00:00,Turkey,Turkey,TR,183.84,226.49,71.49,71.25,epias.com.tr; ytbs.teias.gov.tr,false,
2022-04-30 16:00:00,Turkey,Turkey,TR,185.55,227.82,71.37,71.2,epias.com.tr; ytbs.teias.gov.tr,false,
2022-04-30 17:00:00,Turkey,Turkey,TR,184.65,226.78,71.51,71.35,epias.com.tr; ytbs.teias.gov.tr,false,
2022-04-30 18:00:00,Turkey,Turkey,TR,181.48,223.13,72.07,71.92,epias.com.tr; ytbs.teias.gov.tr,false,
2022-04-30 19:00:00,Turkey,Turkey,TR,180.05,221.74,72.3,72.12,epias.com.tr; ytbs.teias.gov.tr,false,
2022-04-30 20:00:00,Turkey,Turkey,TR,179.86,221.75,72.34,72.16,epias.com.tr; ytbs.teias.gov.tr,false,
2022-04-30 21:00:00,Turkey,Turkey,TR,182.65,224.14,72.52,72.26,epias.com.tr,false,
2022-04-30 22:00:00,Turkey,Turkey,TR,170.95,210.72,75.19,74.91,epias.com.tr; ytbs.teias.gov.tr,false,
2022-04-30 23:00:00,Turkey,Turkey,TR,173.94,214.18,74.83,74.51,epias.com.tr; ytbs.teias.gov.tr,false,
2022-05-01 00:00:00,Turkey,Turkey,TR,166.96,207.6,75.42,75.1,epias.com.tr; ytbs.teias.gov.tr,false,
2022-05-01 01:00:00,Turkey,Turkey,TR,166.61,207.47,75.46,75.14,epias.com.tr; ytbs.teias.gov.tr,false,
2022-05-01 02:00:00,Turkey,Turkey,TR,166.13,207.07,75.59,75.29,epias.com.tr; ytbs.teias.gov.tr,false,
2022-05-01 03:00:00,Turkey,Turkey,TR,177.39,219.45,74.04,73.73,epias.com.tr; ytbs.teias.gov.tr,false,
2022-05-01 04:00:00,Turkey,Turkey,TR,195.98,239.83,71.34,70.95,epias.com.tr; ytbs.teias.gov.tr,false,
2022-05-01 05:00:00,Turkey,Turkey,TR,209.54,255.07,69.12,68.74,epias.com.tr; ytbs.teias.gov.tr,false,
2022-05-01 06:00:00,Turkey,Turkey,TR,205.08,250.3,69.88,69.55,epias.com.tr; ytbs.teias.gov.tr,false,
2022-05-01 07:00:00,Turkey,Turkey,TR,191.27,234.43,72.51,72.14,epias.com.tr; ytbs.teias.gov.tr,false,
2022-05-01 08:00:00,Turkey,Turkey,TR,181.61,224.82,73.11,72.73,epias.com.tr; ytbs.teias.gov.tr,false,
2022-05-01 09:00:00,Turkey,Turkey,TR,171.22,213.79,74.54,74.25,epias.com.tr; ytbs.teias.gov.tr,false,
2022-05-01 10:00:00,Turkey,Turkey,TR,166.62,208.44,75.46,75.17,epias.com.tr; ytbs.teias.gov.tr,false,
2022-05-01 11:00:00,Turkey,Turkey,TR,162.21,203.63,75.99,75.73,epias.com.tr; ytbs.teias.gov.tr,false,
2022-05-01 12:00:00,Turkey,Turkey,TR,159.91,200.66,76.49,76.2,epias.com.tr; ytbs.teias.gov.tr,false,
2022-05-01 13:00:00,Turkey,Turkey,TR,156.91,197.31,76.86,76.55,epias.com.tr; ytbs.teias.gov.tr,false,
2022-05-01 14:00:00,Turkey,Turkey,TR,157.05,197.33,76.81,76.47,epias.com.tr; ytbs.teias.gov.tr,false,
2022-05-01 15:00:00,Turkey,Turkey,TR,152.29,192.24,77.39,77.08,epias.com.tr; ytbs.teias.gov.tr,false,
2022-05-01 16:00:00,Turkey,Turkey,TR,147.74,187.08,78.09,77.86,epias.com.tr; ytbs.teias.gov.tr,false,
2022-05-01 17:00:00,Turkey,Turkey,TR,143.23,182.19,78.75,78.54,epias.com.tr; ytbs.teias.gov.tr,false,
2022-05-01 18:00:00,Turkey,Turkey,TR,141.39,180.0,79.04,78.83,epias.com.tr; ytbs.teias.gov.tr,false,
2022-05-01 19:00:00,Turkey,Turkey,TR,148.27,186.66,78.44,78.22,epias.com.tr; ytbs.teias.gov.tr,false,
2022-05-01 20:00:00,Turkey,Turkey,TR,145.87,184.33,78.69,78.46,epias.com.tr; ytbs.teias.gov.tr,false,
2022-05-01 21:00:00,Turkey,Turkey,TR,141.9,180.6,79.19,78.93,epias.com.tr,false,
2022-05-01 22:00:00,Turkey,Turkey,TR,147.28,187.04,78.43,78.12,epias.com.tr; ytbs.teias.gov.tr,false,
2022-05-01 23:00:00,Turkey,Turkey,TR,158.52,199.77,76.81,76.46,epias.com.tr; ytbs.teias.gov.tr,false,
2022-05-02 00:00:00,Turkey,Turkey,TR,165.99,208.86,75.49,75.13,epias.com.tr; ytbs.teias.gov.tr,false,
2022-05-02 01:00:00,Turkey,Turkey,TR,173.96,217.53,74.29,73.91,epias.com.tr; ytbs.teias.gov.tr,false,
2022-05-02 02:00:00,Turkey,Turkey,TR,176.61,220.37,73.93,73.55,epias.com.tr; ytbs.teias.gov.tr,false,
2022-05-02 03:00:00,Turkey,Turkey,TR,175.13,218.97,73.97,73.69,epias.com.tr; ytbs.teias.gov.tr,false,
2022-05-02 04:00:00,Turkey,Turkey,TR,176.34,220.47,73.68,73.53,epias.com.tr; ytbs.teias.gov.tr,false,
2022-05-02 05:00:00,Turkey,Turkey,TR,174.67,218.73,74.16,73.95,epias.com.tr; ytbs.teias.gov.tr,false,
2022-05-02 06:00:00,Turkey,Turkey,TR,173.02,217.1,74.37,74.11,epias.com.tr; ytbs.teias.gov.tr,false,
2022-05-02 07:00:00,Turkey,Turkey,TR,171.12,215.42,74.57,74.34,epias.com.tr; ytbs.teias.gov.tr,false,
2022-05-02 08:00:00,Turkey,Turkey,TR,170.77,215.18,74.66,74.44,epias.com.tr; ytbs.teias.gov.tr,false,
2022-05-02 09:00:00,Turkey,Turkey,TR,175.35,220.02,74.16,73.9,epias.com.tr; ytbs.teias.gov.tr,false,
2022-05-02 10:00:00,Turkey,Turkey,TR,179.87,224.83,73.58,73.25,epias.com.tr; ytbs.teias.gov.tr,false,
2022-05-02 11:00:00,Turkey,Turkey,TR,181.18,226.98,73.05,72.77,epias.com.tr; ytbs.teias.gov.tr,false,
2022-05-02 12:00:00,Turkey,Turkey,TR,182.77,227.86,73.15,72.84,epias.com.tr; ytbs.teias.gov.tr,false,
2022-05-02 13:00:00,Turkey,Turkey,TR,182.47,227.52,73.01,72.68,epias.com.tr; ytbs.teias.gov.tr,false,
2022-05-02 14:00:00,Turkey,Turkey,TR,169.51,213.22,74.84,74.47,epias.com.tr; ytbs.teias.gov.tr,false,
2022-05-02 15:00:00,Turkey,Turkey,TR,163.73,206.64,75.62,75.25,epias.com.tr; ytbs.teias.gov.tr,false,
2022-05-02 16:00:00,Turkey,Turkey,TR,157.98,200.28,76.49,76.19,epias.com.tr; ytbs.teias.gov.tr,false,
2022-05-02 17:00:00,Turkey,Turkey,TR,150.65,192.4,77.47,77.28,epias.com.tr; ytbs.teias.gov.tr,false,
2022-05-02 18:00:00,Turkey,Turkey,TR,150.74,191.67,77.79,77.57,epias.com.tr; ytbs.teias.gov.tr,false,
2022-05-02 19:00:00,Turkey,Turkey,TR,161.8,203.23,76.52,76.26,epias.com.tr; ytbs.teias.gov.tr,false,
2022-05-02 20:00:00,Turkey,Turkey,TR,163.45,205.62,76.08,75.82,epias.com.tr; ytbs.teias.gov.tr,false,
2022-05-02 21:00:00,Turkey,Turkey,TR,163.98,206.2,76.11,75.78,epias.com.tr,false,
2022-05-02 22:00:00,Turkey,Turkey,TR,183.13,227.14,73.41,73.04,epias.com.tr; ytbs.teias.gov.tr,false,
2022-05-02 23:00:00,Turkey,Turkey,TR,198.37,243.72,71.24,70.84,epias.com.tr; ytbs.teias.gov.tr,false,
2022-05-03 00:00:00,Turkey,Turkey,TR,195.23,241.09,71.36,70.98,epias.com.tr; ytbs.teias.gov.tr,false,
2022-05-03 01:00:00,Turkey,Turkey,TR,199.9,246.04,70.74,70.38,epias.com.tr; ytbs.teias.gov.tr,false,
2022-05-03 02:00:00,Turkey,Turkey,TR,201.08,247.82,70.47,70.14,epias.com.tr; ytbs.teias.gov.tr,false,
2022-05-03 03:00:00,Turkey,Turkey,TR,206.11,253.64,69.67,69.38,epias.com.tr; ytbs.teias.gov.tr,false,
2022-05-03 04:00:00,Turkey,Turkey,TR,207.68,255.73,69.46,69.2,epias.com.tr; ytbs.teias.gov.tr,false,
2022-05-03 05:00:00,Turkey,Turkey,TR,204.67,252.22,70.09,69.83,epias.com.tr; ytbs.teias.gov.tr,false,
2022-05-03 06:00:00,Turkey,Turkey,TR,199.59,246.83,70.73,70.48,epias.com.tr; ytbs.teias.gov.tr,false,
2022-05-03 07:00:00,Turkey,Turkey,TR,191.36,237.82,71.96,71.66,epias.com.tr; ytbs.teias.gov.tr,false,
2022-05-03 08:00:00,Turkey,Turkey,TR,186.22,232.16,72.57,72.29,epias.com.tr; ytbs.teias.gov.tr,false,
2022-05-03 09:00:00,Turkey,Turkey,TR,183.03,228.4,73.03,72.73,epias.com.tr; ytbs.teias.gov.tr,false,
2022-05-03 10:00:00,Turkey,Turkey,TR,186.28,231.96,72.49,72.14,epias.com.tr; ytbs.teias.gov.tr,false,
2022-05-03 11:00:00,Turkey,Turkey,TR,190.03,235.68,72.13,71.77,epias.com.tr; ytbs.teias.gov.tr,false,
2022-05-03 12:00:00,Turkey,Turkey,TR,191.59,237.04,71.97,71.6,epias.com.tr; ytbs.teias.gov.tr,false,
2022-05-03 13:00:00,Turkey,Turkey,TR,189.72,234.94,72.19,71.8,epias.com.tr; ytbs.teias.gov.tr,false,
2022-05-03 14:00:00,Turkey,Turkey,TR,187.1,232.21,72.37,72.04,epias.com.tr; ytbs.teias.gov.tr,false,
2022-05-03 15:00:00,Turkey,Turkey,TR,188.72,233.74,72.16,71.9,epias.com.tr; ytbs.teias.gov.tr,false,
2022-05-03 16:00:00,Turkey,Turkey,TR,189.36,234.21,71.84,71.65,epias.com.tr; ytbs.teias.gov.tr,false,
2022-05-03 17:00:00,Turkey,Turkey,TR,193.43,239.59,70.26,70.09,epias.com.tr; ytbs.teias.gov.tr,false,
2022-05-03 18:00:00,Turkey,Turkey,TR,194.1,241.63,69.09,68.95,epias.com.tr; ytbs.teias.gov.tr,false,
2022-05-03 19:00:00,Turkey,Turkey,TR,195.61,242.99,69.17,69.02,epias.com.tr; ytbs.teias.gov.tr,false,
2022-05-03 20:00:00,Turkey,Turkey,TR,199.72,247.08,68.82,68.64,epias.com.tr; ytbs.teias.gov.tr,false,
2022-05-03 21:00:00,Turkey,Turkey,TR,204.49,251.9,68.36,68.09,epias.com.tr,false,
2022-05-03 22:00:00,Turkey,Turkey,TR,205.34,253.08,68.44,68.11,epias.com.tr; ytbs.teias.gov.tr,false,
2022-05-03 23:00:00,Turkey,Turkey,TR,197.05,242.61,70.97,70.58,epias.com.tr; ytbs.teias.gov.tr,false,
2022-05-04 00:00:00,Turkey,Turkey,TR,186.88,231.98,72.53,72.12,epias.com.tr; ytbs.teias.gov.tr,false,
2022-05-04 01:00:00,Turkey,Turkey,TR,185.6,230.73,72.75,72.35,epias.com.tr; ytbs.teias.gov.tr,false,
2022-05-04 02:00:00,Turkey,Turkey,TR,187.52,232.8,72.52,72.11,epias.com.tr; ytbs.teias.gov.tr,false,
2022-05-04 03:00:00,Turkey,Turkey,TR,191.85,237.82,71.71,71.36,epias.com.tr; ytbs.teias.gov.tr,false,
2022-05-04 04:00:00,Turkey,Turkey,TR,198.55,246.14,70.2,69.92,epias.com.tr; ytbs.teias.gov.tr,false,
2022-05-04 05:00:00,Turkey,Turkey,TR,199.44,247.23,69.86,69.58,epias.com.tr; ytbs.teias.gov.tr,false,
2022-05-04 06:00:00,Turkey,Turkey,TR,196.72,244.26,70.11,69.73,epias.com.tr; ytbs.teias.gov.tr,false,
2022-05-04 07:00:00,Turkey,Turkey,TR,188.15,235.0,71.18,70.76,epias.com.tr; ytbs.teias.gov.tr,false,
2022-05-04 08:00:00,Turkey,Turkey,TR,182.35,228.62,71.84,71.36,epias.com.tr; ytbs.teias.gov.tr,false,
2022-05-04 09:00:00,Turkey,Turkey,TR,180.06,224.41,73.16,72.73,epias.com.tr; ytbs.teias.gov.tr,false,
2022-05-04 10:00:00,Turkey,Turkey,TR,177.08,220.84,73.66,73.23,epias.com.tr; ytbs.teias.gov.tr,false,
2022-05-04 11:00:00,Turkey,Turkey,TR,173.3,216.48,74.3,73.89,epias.com.tr; ytbs.teias.gov.tr,false,
2022-05-04 12:00:00,Turkey,Turkey,TR,166.46,209.36,75.04,74.67,epias.com.tr; ytbs.teias.gov.tr,false,
2022-05-04 13:00:00,Turkey,Turkey,TR,158.25,200.79,75.9,75.56,epias.com.tr; ytbs.teias.gov.tr,false,
2022-05-04 14:00:00,Turkey,Turkey,TR,164.15,206.55,75.14,74.81,epias.com.tr; ytbs.teias.gov.tr,false,
2022-05-04 15:00:00,Turkey,Turkey,TR,165.83,208.71,74.78,74.53,epias.com.tr; ytbs.teias.gov.tr,false,
2022-05-04 16:00:00,Turkey,Turkey,TR,169.07,211.36,74.71,74.51,epias.com.tr; ytbs.teias.gov.tr,false,
2022-05-04 17:00:00,Turkey,Turkey,TR,181.22,223.65,73.23,73.04,epias.com.tr; ytbs.teias.gov.tr,false,
2022-05-04 18:00:00,Turkey,Turkey,TR,182.72,225.8,72.45,72.27,epias.com.tr; ytbs.teias.gov.tr,false,
2022-05-04 19:00:00,Turkey,Turkey,TR,186.41,230.18,71.71,71.49,epias.com.tr; ytbs.teias.gov.tr,false,
2022-05-04 20:00:00,Turkey,Turkey,TR,185.29,229.22,71.77,71.51,epias.com.tr; ytbs.teias.gov.tr,false,
2022-05-04 21:00:00,Turkey,Turkey,TR,185.77,230.41,71.39,71.08,epias.com.tr,false,
2022-05-04 22:00:00,Turkey,Turkey,TR,194.72,239.31,70.8,70.42,epias.com.tr; ytbs.teias.gov.tr,false,
2022-05-04 23:00:00,Turkey,Turkey,TR,195.7,240.19,70.94,70.5,epias.com.tr; ytbs.teias.gov.tr,false,
2022-05-05 00:00:00,Turkey,Turkey,TR,198.78,242.58,71.19,70.73,epias.com.tr; ytbs.teias.gov.tr,false,
2022-05-05 01:00:00,Turkey,Turkey,TR,211.85,256.41,69.47,69.01,epias.com.tr; ytbs.teias.gov.tr,false,
2022-05-05 02:00:00,Turkey,Turkey,TR,214.43,259.3,69.03,68.58,epias.com.tr; ytbs.teias.gov.tr,false,
2022-05-05 03:00:00,Turkey,Turkey,TR,217.6,262.58,68.63,68.22,epias.com.tr; ytbs.teias.gov.tr,false,
2022-05-05 04:00:00,Turkey,Turkey,TR,228.53,274.44,66.93,66.55,epias.com.tr; ytbs.teias.gov.tr,false,
2022-05-05 05:00:00,Turkey,Turkey,TR,231.32,278.49,65.61,65.29,epias.com.tr; ytbs.teias.gov.tr,false,
2022-05-05 06:00:00,Turkey,Turkey,TR,228.65,276.49,65.07,64.86,epias.com.tr; ytbs.teias.gov.tr,false,
2022-05-05 07:00:00,Turkey,Turkey,TR,231.75,280.67,63.75,63.6,epias.com.tr; ytbs.teias.gov.tr,false,
2022-05-05 08:00:00,Turkey,Turkey,TR,232.77,281.68,63.48,63.3,epias.com.tr; ytbs.teias.gov.tr,false,
2022-05-05 09:00:00,Turkey,Turkey,TR,235.83,284.99,62.94,62.75,epias.com.tr; ytbs.teias.gov.tr,false,
2022-05-05 10:00:00,Turkey,Turkey,TR,245.8,295.33,61.7,61.5,epias.com.tr; ytbs.teias.gov.tr,false,
2022-05-05 11:00:00,Turkey,Turkey,TR,242.57,292.02,61.88,61.68,epias.com.tr; ytbs.teias.gov.tr,false,
2022-05-05 12:00:00,Turkey,Turkey,TR,236.85,285.75,62.71,62.53,epias.com.tr; ytbs.teias.gov.tr,false,
2022-05-05 13:00:00,Turkey,Turkey,TR,229.99,278.65,63.53,63.33,epias.com.tr; ytbs.teias.gov.tr,false,
2022-05-05 14:00:00,Turkey,Turkey,TR,226.46,274.48,64.28,64.06,epias.com.tr; ytbs.teias.gov.tr,false,
2022-05-05 15:00:00,Turkey,Turkey,TR,225.24,272.89,64.57,64.37,epias.com.tr; ytbs.teias.gov.tr,false,
2022-05-05 16:00:00,Turkey,Turkey,TR,237.08,285.6,62.92,62.74,epias.com.tr; ytbs.teias.gov.tr,false,
2022-05-05 17:00:00,Turkey,Turkey,TR,239.8,288.73,62.3,62.12,epias.com.tr; ytbs.teias.gov.tr,false,
2022-05-05 18:00:00,Turkey,Turkey,TR,237.17,285.83,62.57,62.42,epias.com.tr; ytbs.teias.gov.tr,false,
2022-05-05 19:00:00,Turkey,Turkey,TR,240.11,288.07,62.75,62.59,epias.com.tr; ytbs.teias.gov.tr,false,
2022-05-05 20:00:00,Turkey,Turkey,TR,240.13,287.81,63.01,62.83,epias.com.tr; ytbs.teias.gov.tr,false,
2022-05-05 21:00:00,Turkey,Turkey,TR,245.1,292.94,62.65,62.44,epias.com.tr,false,
2022-05-05 22:00:00,Turkey,Turkey,TR,252.99,301.87,61.37,61.11,epias.com.tr; ytbs.teias.gov.tr,false,
2022-05-05 23:00:00,Turkey,Turkey,TR,256.64,305.18,61.5,61.23,epias.com.tr; ytbs.teias.gov.tr,false,
2022-05-06 00:00:00,Turkey,Turkey,TR,244.59,292.34,63.21,62.92,epias.com.tr; ytbs.teias.gov.tr,false,
2022-05-06 01:00:00,Turkey,Turkey,TR,243.27,291.16,63.36,63.05,epias.com.tr; ytbs.teias.gov.tr,false,
2022-05-06 02:00:00,Turkey,Turkey,TR,242.09,290.94,62.96,62.67,epias.com.tr; ytbs.teias.gov.tr,false,
2022-05-06 03:00:00,Turkey,Turkey,TR,242.91,291.63,62.93,62.69,epias.com.tr; ytbs.teias.gov.tr,false,
2022-05-06 04:00:00,Turkey,Turkey,TR,238.07,286.06,63.87,63.66,epias.com.tr; ytbs.teias.gov.tr,false,
2022-05-06 05:00:00,Turkey,Turkey,TR,237.23,286.15,63.27,63.1,epias.com.tr; ytbs.teias.gov.tr,false,
2022-05-06 06:00:00,Turkey,Turkey,TR,237.39,287.04,62.56,62.45,epias.com.tr; ytbs.teias.gov.tr,false,
2022-05-06 07:00:00,Turkey,Turkey,TR,243.0,292.9,61.61,61.46,epias.com.tr; ytbs.teias.gov.tr,false,
2022-05-06 08:00:00,Turkey,Turkey,TR,230.68,279.91,63.01,62.83,epias.com.tr; ytbs.teias.gov.tr,false,
2022-05-06 09:00:00,Turkey,Turkey,TR,213.6,260.97,65.65,65.45,epias.com.tr; ytbs.teias.gov.tr,false,
2022-05-06 10:00:00,Turkey,Turkey,TR,207.96,253.55,67.4,67.15,epias.com.tr; ytbs.teias.gov.tr,false,
2022-05-06 11:00:00,Turkey,Turkey,TR,213.18,260.34,65.81,65.58,epias.com.tr; ytbs.teias.gov.tr,false,
2022-05-06 12:00:00,Turkey,Turkey,TR,201.3,246.43,68.24,68.0,epias.com.tr; ytbs.teias.gov.tr,false,
2022-05-06 13:00:00,Turkey,Turkey,TR,200.77,245.54,68.48,68.22,epias.com.tr; ytbs.teias.gov.tr,false,
2022-05-06 14:00:00,Turkey,Turkey,TR,203.91,248.98,67.93,67.69,epias.com.tr; ytbs.teias.gov.tr,false,
2022-05-06 15:00:00,Turkey,Turkey,TR,198.26,243.19,68.61,68.37,epias.com.tr; ytbs.teias.gov.tr,false,
2022-05-06 16:00:00,Turkey,Turkey,TR,195.39,240.22,68.96,68.74,epias.com.tr; ytbs.teias.gov.tr,false,
2022-05-06 17:00:00,Turkey,Turkey,TR,201.34,245.53,68.76,68.56,epias.com.tr; ytbs.teias.gov.tr,false,
2022-05-06 18:00:00,Turkey,Turkey,TR,212.69,256.85,67.54,67.37,epias.com.tr; ytbs.teias.gov.tr,false,
2022-05-06 19:00:00,Turkey,Turkey,TR,219.76,265.09,66.35,66.19,epias.com.tr; ytbs.teias.gov.tr,false,
2022-05-06 20:00:00,Turkey,Turkey,TR,222.8,268.43,65.99,65.85,epias.com.tr; ytbs.teias.gov.tr,false,
2022-05-06 21:00:00,Turkey,Turkey,TR,216.17,261.64,66.94,66.79,epias.com.tr,false,
2022-05-06 22:00:00,Turkey,Turkey,TR,214.88,259.83,67.8,67.65,epias.com.tr; ytbs.teias.gov.tr,false,
2022-05-06 23:00:00,Turkey,Turkey,TR,221.99,266.6,67.39,67.21,epias.com.tr; ytbs.teias.gov.tr,false,
2022-05-07 00:00:00,Turkey,Turkey,TR,225.23,269.62,67.36,67.17,epias.com.tr; ytbs.teias.gov.tr,false,
2022-05-07 01:00:00,Turkey,Turkey,TR,221.2,265.61,67.9,67.72,epias.com.tr; ytbs.teias.gov.tr,false,
2022-05-07 02:00:00,Turkey,Turkey,TR,213.14,257.12,69.03,68.9,epias.com.tr; ytbs.teias.gov.tr,false,
2022-05-07 03:00:00,Turkey,Turkey,TR,207.9,251.45,69.65,69.55,epias.com.tr; ytbs.teias.gov.tr,false,
2022-05-07 04:00:00,Turkey,Turkey,TR,208.81,252.78,69.45,69.34,epias.com.tr; ytbs.teias.gov.tr,false,
2022-05-07 05:00:00,Turkey,Turkey,TR,207.56,251.77,69.43,69.31,epias.com.tr; ytbs.teias.gov.tr,false,
2022-05-07 06:00:00,Turkey,Turkey,TR,204.56,249.69,69.03,68.93,epias.com.tr; ytbs.teias.gov.tr,false,
2022-05-07 07:00:00,Turkey,Turkey,TR,205.17,251.53,68.14,68.04,epias.com.tr; ytbs.teias.gov.tr,false,
2022-05-07 08:00:00,Turkey,Turkey,TR,211.79,259.83,66.34,66.24,epias.com.tr; ytbs.teias.gov.tr,false,
2022-05-07 09:00:00,Turkey,Turkey,TR,210.88,258.6,66.53,66.43,epias.com.tr; ytbs.teias.gov.tr,false,
2022-05-07 10:00:00,Turkey,Turkey,TR,214.48,262.23,66.21,66.06,epias.com.tr; ytbs.teias.gov.tr,false,
2022-05-07 11:00:00,Turkey,Turkey,TR,205.62,252.66,67.42,67.32,epias.com.tr; ytbs.teias.gov.tr,false,
2022-05-07 12:00:00,Turkey,Turkey,TR,206.33,252.69,67.59,67.51,epias.com.tr; ytbs.teias.gov.tr,false,
2022-05-07 13:00:00,Turkey,Turkey,TR,208.48,255.0,67.24,67.1,epias.com.tr; ytbs.teias.gov.tr,false,
2022-05-07 14:00:00,Turkey,Turkey,TR,206.66,253.32,67.33,67.11,epias.com.tr; ytbs.teias.gov.tr,false,
2022-05-07 15:00:00,Turkey,Turkey,TR,201.45,247.22,68.26,68.07,epias.com.tr; ytbs.teias.gov.tr,false,
2022-05-07 16:00:00,Turkey,Turkey,TR,203.84,249.11,68.26,68.11,epias.com.tr; ytbs.teias.gov.tr,false,
2022-05-07 17:00:00,Turkey,Turkey,TR,210.21,256.21,67.07,66.9,epias.com.tr; ytbs.teias.gov.tr,false,
2022-05-07 18:00:00,Turkey,Turkey,TR,210.39,257.17,66.48,66.34,epias.com.tr; ytbs.teias.gov.tr,false,
2022-05-07 19:00:00,Turkey,Turkey,TR,212.77,259.31,66.5,66.36,epias.com.tr; ytbs.teias.gov.tr,false,
2022-05-07 20:00:00,Turkey,Turkey,TR,218.64,264.76,66.24,66.06,epias.com.tr; ytbs.teias.gov.tr,false,
2022-05-07 21:00:00,Turkey,Turkey,TR,225.62,271.8,65.84,65.6,epias.com.tr,false,
2022-05-07 22:00:00,Turkey,Turkey,TR,240.28,287.47,64.11,63.83,epias.com.tr; ytbs.teias.gov.tr,false,
2022-05-07 23:00:00,Turkey,Turkey,TR,247.2,294.69,63.53,63.21,epias.com.tr; ytbs.teias.gov.tr,false,
2022-05-08 00:00:00,Turkey,Turkey,TR,251.75,299.86,63.03,62.71,epias.com.tr; ytbs.teias.gov.tr,false,
2022-05-08 01:00:00,Turkey,Turkey,TR,250.86,299.03,63.18,62.91,epias.com.tr; ytbs.teias.gov.tr,false,
2022-05-08 02:00:00,Turkey,Turkey,TR,238.58,285.26,65.43,65.2,epias.com.tr; ytbs.teias.gov.tr,false,
2022-05-08 03:00:00,Turkey,Turkey,TR,242.0,288.19,65.53,65.27,epias.com.tr; ytbs.teias.gov.tr,false,
2022-05-08 04:00:00,Turkey,Turkey,TR,231.48,277.93,66.57,66.36,epias.com.tr; ytbs.teias.gov.tr,false,
2022-05-08 05:00:00,Turkey,Turkey,TR,228.85,274.97,67.23,67.0,epias.com.tr; ytbs.teias.gov.tr,false,
2022-05-08 06:00:00,Turkey,Turkey,TR,227.1,273.78,67.26,67.07,epias.com.tr; ytbs.teias.gov.tr,false,
2022-05-08 07:00:00,Turkey,Turkey,TR,224.75,270.75,67.8,67.57,epias.com.tr; ytbs.teias.gov.tr,false,
2022-05-08 08:00:00,Turkey,Turkey,TR,228.98,275.68,66.76,66.53,epias.com.tr; ytbs.teias.gov.tr,false,
2022-05-08 09:00:00,Turkey,Turkey,TR,235.05,282.24,65.61,65.4,epias.com.tr; ytbs.teias.gov.tr,false,
2022-05-08 10:00:00,Turkey,Turkey,TR,242.49,289.53,64.89,64.66,epias.com.tr; ytbs.teias.gov.tr,false,
2022-05-08 11:00:00,Turkey,Turkey,TR,230.8,277.58,66.11,65.92,epias.com.tr; ytbs.teias.gov.tr,false,
2022-05-08 12:00:00,Turkey,Turkey,TR,223.32,269.42,67.17,66.97,epias.com.tr; ytbs.teias.gov.tr,false,
2022-05-08 13:00:00,Turkey,Turkey,TR,217.59,263.24,67.97,67.74,epias.com.tr; ytbs.teias.gov.tr,false,
2022-05-08 14:00:00,Turkey,Turkey,TR,215.32,261.02,68.03,67.85,epias.com.tr; ytbs.teias.gov.tr,false,
2022-05-08 15:00:00,Turkey,Turkey,TR,221.37,267.73,66.65,66.49,epias.com.tr; ytbs.teias.gov.tr,false,
2022-05-08 16:00:00,Turkey,Turkey,TR,221.98,269.16,65.84,65.71,epias.com.tr; ytbs.teias.gov.tr,false,
2022-05-08 17:00:00,Turkey,Turkey,TR,231.83,279.88,64.13,64.05,epias.com.tr; ytbs.teias.gov.tr,false,
2022-05-08 18:00:00,Turkey,Turkey,TR,237.05,287.22,61.99,61.94,epias.com.tr; ytbs.teias.gov.tr,false,
2022-05-08 19:00:00,Turkey,Turkey,TR,240.53,290.9,61.54,61.49,epias.com.tr; ytbs.teias.gov.tr,false,
2022-05-08 20:00:00,Turkey,Turkey,TR,245.99,296.46,61.05,60.98,epias.com.tr; ytbs.teias.gov.tr,false,
2022-05-08 21:00:00,Turkey,Turkey,TR,252.69,304.17,59.96,59.86,epias.com.tr,false,
2022-05-08 22:00:00,Turkey,Turkey,TR,269.47,322.56,57.51,57.37,epias.com.tr; ytbs.teias.gov.tr,false,
2022-05-08 23:00:00,Turkey,Turkey,TR,273.5,324.72,58.52,58.4,epias.com.tr; ytbs.teias.gov.tr,false,
2022-05-09 00:00:00,Turkey,Turkey,TR,276.41,326.58,59.01,58.86,epias.com.tr; ytbs.teias.gov.tr,false,
2022-05-09 01:00:00,Turkey,Turkey,TR,269.85,320.05,59.74,59.62,epias.com.tr; ytbs.teias.gov.tr,false,
2022-05-09 02:00:00,Turkey,Turkey,TR,265.3,314.37,60.98,60.88,epias.com.tr; ytbs.teias.gov.tr,false,
2022-05-09 03:00:00,Turkey,Turkey,TR,263.38,312.88,60.86,60.81,epias.com.tr; ytbs.teias.gov.tr,false,
2022-05-09 04:00:00,Turkey,Turkey,TR,262.49,312.54,60.73,60.72,epias.com.tr; ytbs.teias.gov.tr,false,
2022-05-09 05:00:00,Turkey,Turkey,TR,270.43,322.42,58.49,58.49,epias.com.tr; ytbs.teias.gov.tr,false,
2022-05-09 06:00:00,Turkey,Turkey,TR,267.18,321.46,56.9,56.89,epias.com.tr; ytbs.teias.gov.tr,false,
2022-05-09 07:00:00,Turkey,Turkey,TR,274.58,331.33,54.39,54.37,epias.com.tr; ytbs.teias.gov.tr,false,
2022-05-09 08:00:00,Turkey,Turkey,TR,284.02,343.27,51.74,51.72,epias.com.tr; ytbs.teias.gov.tr,false,
2022-05-09 09:00:00,Turkey,Turkey,TR,282.15,341.13,51.93,51.89,epias.com.tr; ytbs.teias.gov.tr,false,
2022-05-09 10:00:00,Turkey,Turkey,TR,274.11,330.1,54.74,54.66,epias.com.tr; ytbs.teias.gov.tr,false,
2022-05-09 11:00:00,Turkey,Turkey,TR,264.36,319.43,56.13,56.07,epias.com.tr; ytbs.teias.gov.tr,false,
2022-05-09 12:00:00,Turkey,Turkey,TR,264.47,320.05,55.48,55.41,epias.com.tr; ytbs.teias.gov.tr,false,
2022-05-09 13:00:00,Turkey,Turkey,TR,262.28,317.73,55.82,55.75,epias.com.tr; ytbs.teias.gov.tr,false,
2022-05-09 14:00:00,Turkey,Turkey,TR,249.93,303.77,58.0,57.95,epias.com.tr; ytbs.teias.gov.tr,false,
2022-05-09 15:00:00,Turkey,Turkey,TR,252.49,306.67,57.46,57.37,epias.com.tr; ytbs.teias.gov.tr,false,
2022-05-09 16:00:00,Turkey,Turkey,TR,244.47,296.78,59.49,59.4,epias.com.tr; ytbs.teias.gov.tr,false,
2022-05-09 17:00:00,Turkey,Turkey,TR,240.12,291.13,60.64,60.59,epias.com.tr; ytbs.teias.gov.tr,false,
2022-05-09 18:00:00,Turkey,Turkey,TR,237.67,288.82,60.71,60.67,epias.com.tr; ytbs.teias.gov.tr,false,
2022-05-09 19:00:00,Turkey,Turkey,TR,239.35,290.05,60.85,60.78,epias.com.tr; ytbs.teias.gov.tr,false,
2022-05-09 20:00:00,Turkey,Turkey,TR,249.08,300.67,59.36,59.28,epias.com.tr; ytbs.teias.gov.tr,false,
2022-05-09 21:00:00,Turkey,Turkey,TR,250.16,301.49,59.75,59.65,epias.com.tr,false,
2022-05-09 22:00:00,Turkey,Turkey,TR,256.46,306.85,59.95,59.84,epias.com.tr; ytbs.teias.gov.tr,false,
2022-05-09 23:00:00,Turkey,Turkey,TR,259.84,308.91,60.63,60.48,epias.com.tr; ytbs.teias.gov.tr,false,
2022-05-10 00:00:00,Turkey,Turkey,TR,273.02,323.24,58.6,58.42,epias.com.tr; ytbs.teias.gov.tr,false,
2022-05-10 01:00:00,Turkey,Turkey,TR,274.41,324.75,58.55,58.35,epias.com.tr; ytbs.teias.gov.tr,false,
2022-05-10 02:00:00,Turkey,Turkey,TR,280.7,331.94,57.4,57.21,epias.com.tr; ytbs.teias.gov.tr,false,
2022-05-10 03:00:00,Turkey,Turkey,TR,278.11,329.4,57.63,57.47,epias.com.tr; ytbs.teias.gov.tr,false,
2022-05-10 04:00:00,Turkey,Turkey,TR,268.94,319.81,58.83,58.74,epias.com.tr; ytbs.teias.gov.tr,false,
2022-05-10 05:00:00,Turkey,Turkey,TR,271.23,323.27,57.87,57.75,epias.com.tr; ytbs.teias.gov.tr,false,
2022-05-10 06:00:00,Turkey,Turkey,TR,272.51,326.95,55.98,55.91,epias.com.tr; ytbs.teias.gov.tr,false,
2022-05-10 07:00:00,Turkey,Turkey,TR,273.89,329.38,55.11,55.03,epias.com.tr; ytbs.teias.gov.tr,false,
2022-05-10 08:00:00,Turkey,Turkey,TR,278.46,334.91,54.0,53.87,epias.com.tr; ytbs.teias.gov.tr,false,
2022-05-10 09:00:00,Turkey,Turkey,TR,277.33,334.4,53.59,53.45,epias.com.tr; ytbs.teias.gov.tr,false,
2022-05-10 10:00:00,Turkey,Turkey,TR,277.35,334.73,53.58,53.44,epias.com.tr; ytbs.teias.gov.tr,false,
2022-05-10 11:00:00,Turkey,Turkey,TR,274.75,331.69,53.83,53.7,epias.com.tr; ytbs.teias.gov.tr,false,
2022-05-10 12:00:00,Turkey,Turkey,TR,271.82,329.02,53.87,53.74,epias.com.tr; ytbs.teias.gov.tr,false,
2022-05-10 13:00:00,Turkey,Turkey,TR,271.96,329.31,53.67,53.54,epias.com.tr; ytbs.teias.gov.tr,false,
2022-05-10 14:00:00,Turkey,Turkey,TR,269.49,326.47,54.06,53.98,epias.com.tr; ytbs.teias.gov.tr,false,
2022-05-10 15:00:00,Turkey,Turkey,TR,269.81,326.13,54.42,54.33,epias.com.tr; ytbs.teias.gov.tr,false,
2022-05-10 16:00:00,Turkey,Turkey,TR,268.93,324.67,54.79,54.67,epias.com.tr; ytbs.teias.gov.tr,false,
2022-05-10 17:00:00,Turkey,Turkey,TR,263.78,319.69,55.14,55.08,epias.com.tr; ytbs.teias.gov.tr,false,
2022-05-10 18:00:00,Turkey,Turkey,TR,251.85,307.12,56.79,56.77,epias.com.tr; ytbs.teias.gov.tr,false,
2022-05-10 19:00:00,Turkey,Turkey,TR,252.74,307.93,56.92,56.91,epias.com.tr; ytbs.teias.gov.tr,false,
2022-05-10 20:00:00,Turkey,Turkey,TR,247.62,300.63,59.04,58.99,epias.com.tr; ytbs.teias.gov.tr,false,
2022-05-10 21:00:00,Turkey,Turkey,TR,255.41,309.05,58.1,58.02,epias.com.tr,false,
2022-05-10 22:00:00,Turkey,Turkey,TR,270.07,326.39,55.17,55.13,epias.com.tr; ytbs.teias.gov.tr,false,
2022-05-10 23:00:00,Turkey,Turkey,TR,286.39,344.86,52.42,52.32,epias.com.tr; ytbs.teias.gov.tr,false,
2022-05-11 00:00:00,Turkey,Turkey,TR,293.28,352.23,51.59,51.48,epias.com.tr; ytbs.teias.gov.tr,false,
2022-05-11 01:00:00,Turkey,Turkey,TR,294.14,352.21,52.17,52.02,epias.com.tr; ytbs.teias.gov.tr,false,
2022-05-11 02:00:00,Turkey,Turkey,TR,306.28,366.14,49.86,49.75,epias.com.tr; ytbs.teias.gov.tr,false,
2022-05-11 03:00:00,Turkey,Turkey,TR,317.48,378.43,48.14,48.08,epias.com.tr; ytbs.teias.gov.tr,false,
2022-05-11 04:00:00,Turkey,Turkey,TR,318.62,379.32,48.25,48.23,epias.com.tr; ytbs.teias.gov.tr,false,
2022-05-11 05:00:00,Turkey,Turkey,TR,313.65,375.2,48.17,48.14,epias.com.tr; ytbs.teias.gov.tr,false,
2022-05-11 06:00:00,Turkey,Turkey,TR,298.57,360.7,48.85,48.82,epias.com.tr; ytbs.teias.gov.tr,false,
2022-05-11 07:00:00,Turkey,Turkey,TR,292.6,354.15,49.72,49.67,epias.com.tr; ytbs.teias.gov.tr,false,
2022-05-11 08:00:00,Turkey,Turkey,TR,292.47,353.91,49.7,49.64,epias.com.tr; ytbs.teias.gov.tr,false,
2022-05-11 09:00:00,Turkey,Turkey,TR,286.44,346.39,51.07,50.96,epias.com.tr; ytbs.teias.gov.tr,false,
2022-05-11 10:00:00,Turkey,Turkey,TR,292.45,353.33,49.97,49.87,epias.com.tr; ytbs.teias.gov.tr,false,
2022-05-11 11:00:00,Turkey,Turkey,TR,289.86,351.11,49.82,49.72,epias.com.tr; ytbs.teias.gov.tr,false,
2022-05-11 12:00:00,Turkey,Turkey,TR,285.07,345.59,50.57,50.48,epias.com.tr; ytbs.teias.gov.tr,false,
2022-05-11 13:00:00,Turkey,Turkey,TR,281.07,341.21,51.11,51.02,epias.com.tr; ytbs.teias.gov.tr,false,
2022-05-11 14:00:00,Turkey,Turkey,TR,277.84,338.27,51.21,51.17,epias.com.tr; ytbs.teias.gov.tr,false,
2022-05-11 15:00:00,Turkey,Turkey,TR,274.67,334.8,51.7,51.64,epias.com.tr; ytbs.teias.gov.tr,false,
2022-05-11 16:00:00,Turkey,Turkey,TR,276.5,336.42,51.69,51.66,epias.com.tr; ytbs.teias.gov.tr,false,
2022-05-11 17:00:00,Turkey,Turkey,TR,274.57,333.96,52.14,52.09,epias.com.tr; ytbs.teias.gov.tr,false,
2022-05-11 18:00:00,Turkey,Turkey,TR,266.54,325.34,53.26,53.22,epias.com.tr; ytbs.teias.gov.tr,false,
2022-05-11 19:00:00,Turkey,Turkey,TR,266.17,324.07,53.89,53.82,epias.com.tr; ytbs.teias.gov.tr,false,
2022-05-11 20:00:00,Turkey,Turkey,TR,269.66,326.91,54.04,53.92,epias.com.tr; ytbs.teias.gov.tr,false,
2022-05-11 21:00:00,Turkey,Turkey,TR,274.61,331.97,53.73,53.56,epias.com.tr,false,
2022-05-11 22:00:00,Turkey,Turkey,TR,299.67,360.71,49.16,48.89,epias.com.tr; ytbs.teias.gov.tr,false,
2022-05-11 23:00:00,Turkey,Turkey,TR,307.59,369.53,47.94,47.63,epias.com.tr; ytbs.teias.gov.tr,false,
2022-05-12 00:00:00,Turkey,Turkey,TR,315.96,377.66,47.4,47.07,epias.com.tr; ytbs.teias.gov.tr,false,
2022-05-12 01:00:00,Turkey,Turkey,TR,318.86,380.85,47.05,46.71,epias.com.tr; ytbs.teias.gov.tr,false,
2022-05-12 02:00:00,Turkey,Turkey,TR,319.16,381.73,46.61,46.31,epias.com.tr; ytbs.teias.gov.tr,false,
2022-05-12 03:00:00,Turkey,Turkey,TR,322.16,383.99,46.78,46.52,epias.com.tr; ytbs.teias.gov.tr,false,
2022-05-12 04:00:00,Turkey,Turkey,TR,309.31,370.06,48.83,48.66,epias.com.tr; ytbs.teias.gov.tr,false,
2022-05-12 05:00:00,Turkey,Turkey,TR,309.85,370.75,48.62,48.49,epias.com.tr; ytbs.teias.gov.tr,false,
2022-05-12 06:00:00,Turkey,Turkey,TR,299.15,361.16,48.64,48.5,epias.com.tr; ytbs.teias.gov.tr,false,
2022-05-12 07:00:00,Turkey,Turkey,TR,294.94,356.48,49.29,49.12,epias.com.tr; ytbs.teias.gov.tr,false,
2022-05-12 08:00:00,Turkey,Turkey,TR,296.36,358.07,49.03,48.83,epias.com.tr; ytbs.teias.gov.tr,false,
2022-05-12 09:00:00,Turkey,Turkey,TR,297.75,359.07,49.05,48.83,epias.com.tr; ytbs.teias.gov.tr,false,
2022-05-12 10:00:00,Turkey,Turkey,TR,306.87,369.26,47.56,47.28,epias.com.tr; ytbs.teias.gov.tr,false,
2022-05-12 11:00:00,Turkey,Turkey,TR,297.4,358.98,49.04,48.78,epias.com.tr; ytbs.teias.gov.tr,false,
2022-05-12 12:00:00,Turkey,Turkey,TR,292.85,353.83,49.69,49.44,epias.com.tr; ytbs.teias.gov.tr,false,
2022-05-12 13:00:00,Turkey,Turkey,TR,292.06,353.08,49.73,49.53,epias.com.tr; ytbs.teias.gov.tr,false,
2022-05-12 14:00:00,Turkey,Turkey,TR,294.94,356.96,48.7,48.53,epias.com.tr; ytbs.teias.gov.tr,false,
2022-05-12 15:00:00,Turkey,Turkey,TR,293.63,355.36,48.97,48.83,epias.com.tr; ytbs.teias.gov.tr,false,
2022-05-12 16:00:00,Turkey,Turkey,TR,287.58,347.69,50.66,50.53,epias.com.tr; ytbs.teias.gov.tr,false,
2022-05-12 17:00:00,Turkey,Turkey,TR,288.33,348.58,50.43,50.32,epias.com.tr; ytbs.teias.gov.tr,false,
2022-05-12 18:00:00,Turkey,Turkey,TR,282.58,342.29,51.24,51.15,epias.com.tr; ytbs.teias.gov.tr,false,
2022-05-12 19:00:00,Turkey,Turkey,TR,285.4,345.07,51.02,50.91,epias.com.tr; ytbs.teias.gov.tr,false,
2022-05-12 20:00:00,Turkey,Turkey,TR,292.27,351.91,50.39,50.23,epias.com.tr; ytbs.teias.gov.tr,false,
2022-05-12 21:00:00,Turkey,Turkey,TR,299.84,360.0,49.5,49.31,epias.com.tr,false,
2022-05-12 22:00:00,Turkey,Turkey,TR,319.6,381.19,46.87,46.68,epias.com.tr; ytbs.teias.gov.tr,false,
2022-05-12 23:00:00,Turkey,Turkey,TR,330.86,394.04,44.98,44.78,epias.com.tr; ytbs.teias.gov.tr,false,
2022-05-13 00:00:00,Turkey,Turkey,TR,338.35,402.31,43.88,43.66,epias.com.tr; ytbs.teias.gov.tr,false,
2022-05-13 01:00:00,Turkey,Turkey,TR,337.68,402.13,43.67,43.45,epias.com.tr; ytbs.teias.gov.tr,false,
2022-05-13 02:00:00,Turkey,Turkey,TR,348.68,414.56,41.74,41.55,epias.com.tr; ytbs.teias.gov.tr,false,
2022-05-13 03:00:00,Turkey,Turkey,TR,356.5,423.17,40.6,40.42,epias.com.tr; ytbs.teias.gov.tr,false,
2022-05-13 04:00:00,Turkey,Turkey,TR,349.16,415.25,41.83,41.67,epias.com.tr; ytbs.teias.gov.tr,false,
2022-05-13 05:00:00,Turkey,Turkey,TR,341.02,406.4,42.91,42.72,epias.com.tr; ytbs.teias.gov.tr,false,
2022-05-13 06:00:00,Turkey,Turkey,TR,322.81,387.39,44.85,44.67,epias.com.tr; ytbs.teias.gov.tr,false,
2022-05-13 07:00:00,Turkey,Turkey,TR,317.18,382.28,44.95,44.74,epias.com.tr; ytbs.teias.gov.tr,false,
2022-05-13 08:00:00,Turkey,Turkey,TR,322.22,388.26,43.83,43.61,epias.com.tr; ytbs.teias.gov.tr,false,
2022-05-13 09:00:00,Turkey,Turkey,TR,327.44,394.16,42.82,42.59,epias.com.tr; ytbs.teias.gov.tr,false,
2022-05-13 10:00:00,Turkey,Turkey,TR,331.41,398.08,42.58,42.33,epias.com.tr; ytbs.teias.gov.tr,false,
2022-05-13 11:00:00,Turkey,Turkey,TR,322.61,390.1,43.0,42.78,epias.com.tr; ytbs.teias.gov.tr,false,
2022-05-13 12:00:00,Turkey,Turkey,TR,331.07,398.87,41.7,41.48,epias.com.tr; ytbs.teias.gov.tr,false,
2022-05-13 13:00:00,Turkey,Turkey,TR,334.61,402.12,41.49,41.24,epias.com.tr; ytbs.teias.gov.tr,false,
2022-05-13 14:00:00,Turkey,Turkey,TR,331.51,399.32,41.44,41.28,epias.com.tr; ytbs.teias.gov.tr,false,
2022-05-13 15:00:00,Turkey,Turkey,TR,328.26,396.35,41.6,41.45,epias.com.tr; ytbs.teias.gov.tr,false,
2022-05-13 16:00:00,Turkey,Turkey,TR,327.53,395.07,42.01,41.87,epias.com.tr; ytbs.teias.gov.tr,false,
2022-05-13 17:00:00,Turkey,Turkey,TR,317.61,383.09,44.21,44.07,epias.com.tr; ytbs.teias.gov.tr,false,
2022-05-13 18:00:00,Turkey,Turkey,TR,305.97,369.95,46.28,46.14,epias.com.tr; ytbs.teias.gov.tr,false,
2022-05-13 19:00:00,Turkey,Turkey,TR,307.8,371.85,46.1,45.95,epias.com.tr; ytbs.teias.gov.tr,false,
2022-05-13 20:00:00,Turkey,Turkey,TR,314.45,378.59,45.48,45.33,epias.com.tr; ytbs.teias.gov.tr,false,
2022-05-13 21:00:00,Turkey,Turkey,TR,320.21,384.08,45.24,45.07,epias.com.tr,false,
2022-05-13 22:00:00,Turkey,Turkey,TR,328.73,393.4,44.04,43.85,epias.com.tr; ytbs.teias.gov.tr,false,
2022-05-13 23:00:00,Turkey,Turkey,TR,326.7,390.05,45.26,45.03,epias.com.tr; ytbs.teias.gov.tr,false,
2022-05-14 00:00:00,Turkey,Turkey,TR,331.19,394.35,44.97,44.73,epias.com.tr; ytbs.teias.gov.tr,false,
2022-05-14 01:00:00,Turkey,Turkey,TR,327.11,390.88,45.09,44.85,epias.com.tr; ytbs.teias.gov.tr,false,
2022-05-14 02:00:00,Turkey,Turkey,TR,333.7,397.63,44.35,44.11,epias.com.tr; ytbs.teias.gov.tr,false,
2022-05-14 03:00:00,Turkey,Turkey,TR,338.34,401.23,44.62,44.36,epias.com.tr; ytbs.teias.gov.tr,false,
2022-05-14 04:00:00,Turkey,Turkey,TR,331.58,394.27,45.54,45.39,epias.com.tr; ytbs.teias.gov.tr,false,
2022-05-14 05:00:00,Turkey,Turkey,TR,323.89,385.56,46.93,46.76,epias.com.tr; ytbs.teias.gov.tr,false,
2022-05-14 06:00:00,Turkey,Turkey,TR,330.14,393.96,44.69,44.48,epias.com.tr; ytbs.teias.gov.tr,false,
2022-05-14 07:00:00,Turkey,Turkey,TR,325.48,390.17,44.41,44.19,epias.com.tr; ytbs.teias.gov.tr,false,
2022-05-14 08:00:00,Turkey,Turkey,TR,316.22,379.78,46.06,45.87,epias.com.tr; ytbs.teias.gov.tr,false,
2022-05-14 09:00:00,Turkey,Turkey,TR,308.94,370.76,47.83,47.53,epias.com.tr; ytbs.teias.gov.tr,false,
2022-05-14 10:00:00,Turkey,Turkey,TR,316.16,379.22,46.41,46.05,epias.com.tr; ytbs.teias.gov.tr,false,
2022-05-14 11:00:00,Turkey,Turkey,TR,310.0,373.48,46.65,46.25,epias.com.tr; ytbs.teias.gov.tr,false,
2022-05-14 12:00:00,Turkey,Turkey,TR,317.16,381.0,45.65,45.29,epias.com.tr; ytbs.teias.gov.tr,false,
2022-05-14 13:00:00,Turkey,Turkey,TR,319.43,383.11,45.63,45.42,epias.com.tr; ytbs.teias.gov.tr,false,
2022-05-14 14:00:00,Turkey,Turkey,TR,318.0,382.21,45.38,45.3,epias.com.tr; ytbs.teias.gov.tr,false,
2022-05-14 15:00:00,Turkey,Turkey,TR,319.55,385.23,44.16,44.08,epias.com.tr; ytbs.teias.gov.tr,false,
2022-05-14 16:00:00,Turkey,Turkey,TR,313.08,377.49,45.52,45.39,epias.com.tr; ytbs.teias.gov.tr,false,
2022-05-14 17:00:00,Turkey,Turkey,TR,308.74,372.29,46.37,46.26,epias.com.tr; ytbs.teias.gov.tr,false,
2022-05-14 18:00:00,Turkey,Turkey,TR,299.78,362.58,47.56,47.5,epias.com.tr; ytbs.teias.gov.tr,false,
2022-05-14 19:00:00,Turkey,Turkey,TR,300.23,362.4,48.02,47.94,epias.com.tr; ytbs.teias.gov.tr,false,
2022-05-14 20:00:00,Turkey,Turkey,TR,307.67,370.32,47.0,46.87,epias.com.tr; ytbs.teias.gov.tr,false,
2022-05-14 21:00:00,Turkey,Turkey,TR,311.21,372.73,47.61,47.41,epias.com.tr,false,
2022-05-14 22:00:00,Turkey,Turkey,TR,313.65,374.61,48.0,47.75,epias.com.tr; ytbs.teias.gov.tr,false,
2022-05-14 23:00:00,Turkey,Turkey,TR,309.59,369.45,49.36,49.07,epias.com.tr; ytbs.teias.gov.tr,false,
2022-05-15 00:00:00,Turkey,Turkey,TR,311.54,371.1,49.5,49.22,epias.com.tr; ytbs.teias.gov.tr,false,
2022-05-15 01:00:00,Turkey,Turkey,TR,313.71,373.14,49.51,49.26,epias.com.tr; ytbs.teias.gov.tr,false,
2022-05-15 02:00:00,Turkey,Turkey,TR,326.18,387.81,46.79,46.51,epias.com.tr; ytbs.teias.gov.tr,false,
2022-05-15 03:00:00,Turkey,Turkey,TR,326.65,386.21,48.02,47.75,epias.com.tr; ytbs.teias.gov.tr,false,
2022-05-15 04:00:00,Turkey,Turkey,TR,323.61,381.56,49.41,49.22,epias.com.tr; ytbs.teias.gov.tr,false,
2022-05-15 05:00:00,Turkey,Turkey,TR,317.67,375.96,49.94,49.7,epias.com.tr; ytbs.teias.gov.tr,false,
2022-05-15 06:00:00,Turkey,Turkey,TR,315.1,375.21,49.08,48.88,epias.com.tr; ytbs.teias.gov.tr,false,
2022-05-15 07:00:00,Turkey,Turkey,TR,313.63,373.45,49.26,48.99,epias.com.tr; ytbs.teias.gov.tr,false,
2022-05-15 08:00:00,Turkey,Turkey,TR,313.78,373.61,49.04,48.75,epias.com.tr; ytbs.teias.gov.tr,false,
2022-05-15 09:00:00,Turkey,Turkey,TR,309.87,368.94,49.82,49.52,epias.com.tr; ytbs.teias.gov.tr,false,
2022-05-15 10:00:00,Turkey,Turkey,TR,313.91,373.02,49.37,49.05,epias.com.tr; ytbs.teias.gov.tr,false,
2022-05-15 11:00:00,Turkey,Turkey,TR,311.68,370.49,49.71,49.32,epias.com.tr; ytbs.teias.gov.tr,false,
2022-05-15 12:00:00,Turkey,Turkey,TR,314.88,372.92,49.78,49.39,epias.com.tr; ytbs.teias.gov.tr,false,
2022-05-15 13:00:00,Turkey,Turkey,TR,315.87,373.56,49.89,49.54,epias.com.tr; ytbs.teias.gov.tr,false,
2022-05-15 14:00:00,Turkey,Turkey,TR,314.92,373.06,49.7,49.41,epias.com.tr; ytbs.teias.gov.tr,false,
2022-05-15 15:00:00,Turkey,Turkey,TR,304.48,360.85,51.8,51.64,epias.com.tr; ytbs.teias.gov.tr,false,
2022-05-15 16:00:00,Turkey,Turkey,TR,302.87,361.02,50.73,50.57,epias.com.tr; ytbs.teias.gov.tr,false,
2022-05-15 17:00:00,Turkey,Turkey,TR,299.84,357.65,51.24,51.12,epias.com.tr; ytbs.teias.gov.tr,false,
2022-05-15 18:00:00,Turkey,Turkey,TR,293.66,351.27,51.77,51.68,epias.com.tr; ytbs.teias.gov.tr,false,
2022-05-15 19:00:00,Turkey,Turkey,TR,293.62,350.64,52.25,52.1,epias.com.tr; ytbs.teias.gov.tr,false,
2022-05-15 20:00:00,Turkey,Turkey,TR,302.62,360.63,50.91,50.75,epias.com.tr; ytbs.teias.gov.tr,false,
2022-05-15 21:00:00,Turkey,Turkey,TR,307.58,365.41,50.66,50.45,epias.com.tr,false,
2022-05-15 22:00:00,Turkey,Turkey,TR,310.68,368.6,50.49,50.19,epias.com.tr; ytbs.teias.gov.tr,false,
2022-05-15 23:00:00,Turkey,Turkey,TR,303.25,359.42,52.55,52.22,epias.com.tr; ytbs.teias.gov.tr,false,
2022-05-16 00:00:00,Turkey,Turkey,TR,305.73,360.83,53.11,52.74,epias.com.tr; ytbs.teias.gov.tr,false,
2022-05-16 01:00:00,Turkey,Turkey,TR,313.39,369.16,51.87,51.48,epias.com.tr; ytbs.teias.gov.tr,false,
2022-05-16 02:00:00,Turkey,Turkey,TR,318.05,375.5,50.6,50.24,epias.com.tr; ytbs.teias.gov.tr,false,
2022-05-16 03:00:00,Turkey,Turkey,TR,323.3,381.84,49.54,49.3,epias.com.tr; ytbs.teias.gov.tr,false,
2022-05-16 04:00:00,Turkey,Turkey,TR,329.7,387.93,49.13,49.0,epias.com.tr; ytbs.teias.gov.tr,false,
2022-05-16 05:00:00,Turkey,Turkey,TR,333.33,392.95,47.6,47.47,epias.com.tr; ytbs.teias.gov.tr,false,
2022-05-16 06:00:00,Turkey,Turkey,TR,329.3,391.2,45.95,45.78,epias.com.tr; ytbs.teias.gov.tr,false,
2022-05-16 07:00:00,Turkey,Turkey,TR,328.73,392.11,44.82,44.62,epias.com.tr; ytbs.teias.gov.tr,false,
2022-05-16 08:00:00,Turkey,Turkey,TR,336.69,400.96,43.37,43.19,epias.com.tr; ytbs.teias.gov.tr,false,
2022-05-16 09:00:00,Turkey,Turkey,TR,334.16,398.12,43.78,43.57,epias.com.tr; ytbs.teias.gov.tr,false,
2022-05-16 10:00:00,Turkey,Turkey,TR,335.34,400.37,43.04,42.84,epias.com.tr; ytbs.teias.gov.tr,false,
2022-05-16 11:00:00,Turkey,Turkey,TR,336.0,401.35,42.68,42.49,epias.com.tr; ytbs.teias.gov.tr,false,
2022-05-16 12:00:00,Turkey,Turkey,TR,333.17,398.42,42.8,42.61,epias.com.tr; ytbs.teias.gov.tr,false,
2022-05-16 13:00:00,Turkey,Turkey,TR,336.57,402.22,42.17,41.96,epias.com.tr; ytbs.teias.gov.tr,false,
2022-05-16 14:00:00,Turkey,Turkey,TR,336.74,403.06,41.55,41.39,epias.com.tr; ytbs.teias.gov.tr,false,
2022-05-16 15:00:00,Turkey,Turkey,TR,326.39,391.68,43.29,43.15,epias.com.tr; ytbs.teias.gov.tr,false,
2022-05-16 16:00:00,Turkey,Turkey,TR,322.1,386.52,44.33,44.23,epias.com.tr; ytbs.teias.gov.tr,false,
2022-05-16 17:00:00,Turkey,Turkey,TR,318.79,382.53,45.01,44.88,epias.com.tr; ytbs.teias.gov.tr,false,
2022-05-16 18:00:00,Turkey,Turkey,TR,308.96,371.95,46.34,46.23,epias.com.tr; ytbs.teias.gov.tr,false,
2022-05-16 19:00:00,Turkey,Turkey,TR,308.58,370.89,46.96,46.82,epias.com.tr; ytbs.teias.gov.tr,false,
2022-05-16 20:00:00,Turkey,Turkey,TR,314.49,376.83,46.51,46.36,epias.com.tr; ytbs.teias.gov.tr,false,
2022-05-16 21:00:00,Turkey,Turkey,TR,323.64,386.06,45.68,45.45,epias.com.tr,false,
2022-05-16 22:00:00,Turkey,Turkey,TR,321.89,384.2,46.3,46.04,epias.com.tr; ytbs.teias.gov.tr,false,
2022-05-16 23:00:00,Turkey,Turkey,TR,324.47,385.03,47.21,46.92,epias.com.tr; ytbs.teias.gov.tr,false,
2022-05-17 00:00:00,Turkey,Turkey,TR,334.16,394.89,46.25,45.95,epias.com.tr; ytbs.teias.gov.tr,false,
2022-05-17 01:00:00,Turkey,Turkey,TR,340.73,402.41,45.13,44.81,epias.com.tr; ytbs.teias.gov.tr,false,
2022-05-17 02:00:00,Turkey,Turkey,TR,344.1,406.23,44.51,44.2,epias.com.tr; ytbs.teias.gov.tr,false,
2022-05-17 03:00:00,Turkey,Turkey,TR,345.99,409.15,43.74,43.49,epias.com.tr; ytbs.teias.gov.tr,false,
2022-05-17 04:00:00,Turkey,Turkey,TR,334.62,397.46,45.16,45.02,epias.com.tr; ytbs.teias.gov.tr,false,
2022-05-17 05:00:00,Turkey,Turkey,TR,343.65,406.54,44.15,44.04,epias.com.tr; ytbs.teias.gov.tr,false,
2022-05-17 06:00:00,Turkey,Turkey,TR,327.41,390.86,45.0,44.89,epias.com.tr; ytbs.teias.gov.tr,false,
2022-05-17 07:00:00,Turkey,Turkey,TR,329.19,393.64,44.02,43.88,epias.com.tr; ytbs.teias.gov.tr,false,
2022-05-17 08:00:00,Turkey,Turkey,TR,330.79,395.39,43.75,43.58,epias.com.tr; ytbs.teias.gov.tr,false,
2022-05-17 09:00:00,Turkey,Turkey,TR,327.88,392.47,44.02,43.84,epias.com.tr; ytbs.teias.gov.tr,false,
2022-05-17 10:00:00,Turkey,Turkey,TR,342.69,408.61,41.9,41.71,epias.com.tr; ytbs.teias.gov.tr,false,
2022-05-17 11:00:00,Turkey,Turkey,TR,335.43,401.28,42.62,42.46,epias.com.tr; ytbs.teias.gov.tr,false,
2022-05-17 12:00:00,Turkey,Turkey,TR,326.58,391.42,43.88,43.73,epias.com.tr; ytbs.teias.gov.tr,false,
2022-05-17 13:00:00,Turkey,Turkey,TR,324.05,388.34,44.39,44.23,epias.com.tr; ytbs.teias.gov.tr,false,
2022-05-17 14:00:00,Turkey,Turkey,TR,324.51,390.41,43.23,43.1,epias.com.tr; ytbs.teias.gov.tr,false,
2022-05-17 15:00:00,Turkey,Turkey,TR,317.23,382.19,44.48,44.37,epias.com.tr; ytbs.teias.gov.tr,false,
2022-05-17 16:00:00,Turkey,Turkey,TR,318.17,382.74,44.64,44.52,epias.com.tr; ytbs.teias.gov.tr,false,
2022-05-17 17:00:00,Turkey,Turkey,TR,319.93,384.68,44.35,44.22,epias.com.tr; ytbs.teias.gov.tr,false,
2022-05-17 18:00:00,Turkey,Turkey,TR,307.81,372.16,45.73,45.6,epias.com.tr; ytbs.teias.gov.tr,false,
2022-05-17 19:00:00,Turkey,Turkey,TR,307.67,372.14,45.72,45.58,epias.com.tr; ytbs.teias.gov.tr,false,
2022-05-17 20:00:00,Turkey,Turkey,TR,311.59,376.35,45.19,45.0,epias.com.tr; ytbs.teias.gov.tr,false,
2022-05-17 21:00:00,Turkey,Turkey,TR,318.64,383.36,44.69,44.43,epias.com.tr,false,
2022-05-17 22:00:00,Turkey,Turkey,TR,317.16,378.27,47.52,47.22,epias.com.tr; ytbs.teias.gov.tr,false,
2022-05-17 23:00:00,Turkey,Turkey,TR,329.13,390.09,46.61,46.27,epias.com.tr; ytbs.teias.gov.tr,false,
2022-05-18 00:00:00,Turkey,Turkey,TR,334.16,394.28,46.72,46.38,epias.com.tr; ytbs.teias.gov.tr,false,
2022-05-18 01:00:00,Turkey,Turkey,TR,333.07,393.04,46.96,46.62,epias.com.tr; ytbs.teias.gov.tr,false,
2022-05-18 02:00:00,Turkey,Turkey,TR,331.52,391.6,47.01,46.65,epias.com.tr; ytbs.teias.gov.tr,false,
2022-05-18 03:00:00,Turkey,Turkey,TR,335.83,395.76,46.7,46.33,epias.com.tr; ytbs.teias.gov.tr,false,
2022-05-18 04:00:00,Turkey,Turkey,TR,323.87,384.0,47.98,47.75,epias.com.tr; ytbs.teias.gov.tr,false,
2022-05-18 05:00:00,Turkey,Turkey,TR,334.9,396.56,45.84,45.58,epias.com.tr; ytbs.teias.gov.tr,false,
2022-05-18 06:00:00,Turkey,Turkey,TR,328.49,390.02,46.17,45.96,epias.com.tr; ytbs.teias.gov.tr,false,
2022-05-18 07:00:00,Turkey,Turkey,TR,327.93,389.7,45.96,45.75,epias.com.tr; ytbs.teias.gov.tr,false,
2022-05-18 08:00:00,Turkey,Turkey,TR,331.14,392.97,45.54,45.32,epias.com.tr; ytbs.teias.gov.tr,false,
2022-05-18 09:00:00,Turkey,Turkey,TR,325.93,387.26,46.31,46.11,epias.com.tr; ytbs.teias.gov.tr,false,
2022-05-18 10:00:00,Turkey,Turkey,TR,336.48,398.16,45.09,44.86,epias.com.tr; ytbs.teias.gov.tr,false,
2022-05-18 11:00:00,Turkey,Turkey,TR,320.58,381.27,47.05,46.84,epias.com.tr; ytbs.teias.gov.tr,false,
2022-05-18 12:00:00,Turkey,Turkey,TR,312.24,371.41,48.6,48.43,epias.com.tr; ytbs.teias.gov.tr,false,
2022-05-18 13:00:00,Turkey,Turkey,TR,302.16,360.65,49.84,49.71,epias.com.tr; ytbs.teias.gov.tr,false,
2022-05-18 14:00:00,Turkey,Turkey,TR,294.29,351.5,51.26,51.14,epias.com.tr; ytbs.teias.gov.tr,false,
2022-05-18 15:00:00,Turkey,Turkey,TR,285.99,341.53,52.92,52.78,epias.com.tr; ytbs.teias.gov.tr,false,
2022-05-18 16:00:00,Turkey,Turkey,TR,277.02,330.5,55.16,55.01,epias.com.tr; ytbs.teias.gov.tr,false,
2022-05-18 17:00:00,Turkey,Turkey,TR,271.33,322.67,56.95,56.85,epias.com.tr; ytbs.teias.gov.tr,false,
2022-05-18 18:00:00,Turkey,Turkey,TR,266.11,316.85,57.75,57.69,epias.com.tr; ytbs.teias.gov.tr,false,
2022-05-18 19:00:00,Turkey,Turkey,TR,259.44,308.58,59.4,59.32,epias.com.tr; ytbs.teias.gov.tr,false,
2022-05-18 20:00:00,Turkey,Turkey,TR,252.99,300.1,61.44,61.34,epias.com.tr; ytbs.teias.gov.tr,false,
2022-05-18 21:00:00,Turkey,Turkey,TR,235.94,281.25,64.42,64.33,epias.com.tr,false,
2022-05-18 22:00:00,Turkey,Turkey,TR,237.23,281.3,65.21,65.01,epias.com.tr; ytbs.teias.gov.tr,false,
2022-05-18 23:00:00,Turkey,Turkey,TR,235.95,279.46,65.71,65.46,epias.com.tr; ytbs.teias.gov.tr,false,
2022-05-19 00:00:00,Turkey,Turkey,TR,228.14,270.69,67.15,66.94,epias.com.tr; ytbs.teias.gov.tr,false,
2022-05-19 01:00:00,Turkey,Turkey,TR,233.03,276.04,66.42,66.22,epias.com.tr; ytbs.teias.gov.tr,false,
2022-05-19 02:00:00,Turkey,Turkey,TR,236.52,279.71,65.94,65.74,epias.com.tr; ytbs.teias.gov.tr,false,
2022-05-19 03:00:00,Turkey,Turkey,TR,245.19,288.99,64.79,64.6,epias.com.tr; ytbs.teias.gov.tr,false,
2022-05-19 04:00:00,Turkey,Turkey,TR,244.61,288.84,64.65,64.55,epias.com.tr; ytbs.teias.gov.tr,false,
2022-05-19 05:00:00,Turkey,Turkey,TR,239.17,282.78,65.5,65.34,epias.com.tr; ytbs.teias.gov.tr,false,
2022-05-19 06:00:00,Turkey,Turkey,TR,228.1,270.87,66.94,66.82,epias.com.tr; ytbs.teias.gov.tr,false,
2022-05-19 07:00:00,Turkey,Turkey,TR,235.51,278.4,66.02,65.89,epias.com.tr; ytbs.teias.gov.tr,false,
2022-05-19 08:00:00,Turkey,Turkey,TR,233.09,275.99,66.11,66.0,epias.com.tr; ytbs.teias.gov.tr,false,
2022-05-19 09:00:00,Turkey,Turkey,TR,232.51,275.21,66.26,66.17,epias.com.tr; ytbs.teias.gov.tr,false,
2022-05-19 10:00:00,Turkey,Turkey,TR,230.46,272.5,66.81,66.73,epias.com.tr; ytbs.teias.gov.tr,false,
2022-05-19 11:00:00,Turkey,Turkey,TR,219.38,260.92,68.29,68.28,epias.com.tr; ytbs.teias.gov.tr,false,
2022-05-19 12:00:00,Turkey,Turkey,TR,218.96,260.29,68.46,68.45,epias.com.tr; ytbs.teias.gov.tr,false,
2022-05-19 13:00:00,Turkey,Turkey,TR,220.56,262.43,67.86,67.79,epias.com.tr; ytbs.teias.gov.tr,false,
2022-05-19 14:00:00,Turkey,Turkey,TR,221.23,263.76,67.37,67.28,epias.com.tr; ytbs.teias.gov.tr,false,
2022-05-19 15:00:00,Turkey,Turkey,TR,220.34,263.12,67.42,67.36,epias.com.tr; ytbs.teias.gov.tr,false,
2022-05-19 16:00:00,Turkey,Turkey,TR,226.14,269.41,66.7,66.68,epias.com.tr; ytbs.teias.gov.tr,false,
2022-05-19 17:00:00,Turkey,Turkey,TR,234.04,277.85,65.6,65.54,epias.com.tr; ytbs.teias.gov.tr,false,
2022-05-19 18:00:00,Turkey,Turkey,TR,232.12,276.12,65.65,65.61,epias.com.tr; ytbs.teias.gov.tr,false,
2022-05-19 19:00:00,Turkey,Turkey,TR,230.84,274.5,66.05,65.99,epias.com.tr; ytbs.teias.gov.tr,false,
2022-05-19 20:00:00,Turkey,Turkey,TR,241.58,285.84,64.65,64.56,epias.com.tr; ytbs.teias.gov.tr,false,
2022-05-19 21:00:00,Turkey,Turkey,TR,241.17,285.15,64.84,64.66,epias.com.tr,false,
2022-05-19 22:00:00,Turkey,Turkey,TR,248.15,293.07,63.74,63.49,epias.com.tr; ytbs.teias.gov.tr,false,
2022-05-19 23:00:00,Turkey,Turkey,TR,250.59,295.9,63.33,63.07,epias.com.tr; ytbs.teias.gov.tr,false,
2022-05-20 00:00:00,Turkey,Turkey,TR,248.04,293.46,63.56,63.29,epias.com.tr; ytbs.teias.gov.tr,false,
2022-05-20 01:00:00,Turkey,Turkey,TR,248.55,294.57,63.22,62.94,epias.com.tr; ytbs.teias.gov.tr,false,
2022-05-20 02:00:00,Turkey,Turkey,TR,243.31,289.81,63.59,63.33,epias.com.tr; ytbs.teias.gov.tr,false,
2022-05-20 03:00:00,Turkey,Turkey,TR,258.73,306.17,61.52,61.31,epias.com.tr; ytbs.teias.gov.tr,false,
2022-05-20 04:00:00,Turkey,Turkey,TR,266.12,313.92,60.59,60.46,epias.com.tr; ytbs.teias.gov.tr,false,
2022-05-20 05:00:00,Turkey,Turkey,TR,260.98,309.37,60.73,60.62,epias.com.tr; ytbs.teias.gov.tr,false,
2022-05-20 06:00:00,Turkey,Turkey,TR,248.85,296.77,61.93,61.85,epias.com.tr; ytbs.teias.gov.tr,false,
2022-05-20 07:00:00,Turkey,Turkey,TR,250.89,298.07,62.07,62.0,epias.com.tr; ytbs.teias.gov.tr,false,
2022-05-20 08:00:00,Turkey,Turkey,TR,250.05,297.1,62.13,62.03,epias.com.tr; ytbs.teias.gov.tr,false,
2022-05-20 09:00:00,Turkey,Turkey,TR,247.74,294.97,62.26,62.15,epias.com.tr; ytbs.teias.gov.tr,false,
2022-05-20 10:00:00,Turkey,Turkey,TR,246.61,294.13,62.22,62.1,epias.com.tr; ytbs.teias.gov.tr,false,
2022-05-20 11:00:00,Turkey,Turkey,TR,252.1,300.36,61.13,61.01,epias.com.tr; ytbs.teias.gov.tr,false,
2022-05-20 12:00:00,Turkey,Turkey,TR,250.67,298.37,61.49,61.39,epias.com.tr; ytbs.teias.gov.tr,false,
2022-05-20 13:00:00,Turkey,Turkey,TR,263.12,312.87,58.87,58.74,epias.com.tr; ytbs.teias.gov.tr,false,
2022-05-20 14:00:00,Turkey,Turkey,TR,264.58,315.38,58.0,57.86,epias.com.tr; ytbs.teias.gov.tr,false,
2022-05-20 15:00:00,Turkey,Turkey,TR,260.5,310.78,58.74,58.61,epias.com.tr; ytbs.teias.gov.tr,false,
2022-05-20 16:00:00,Turkey,Turkey,TR,264.84,316.31,57.6,57.47,epias.com.tr; ytbs.teias.gov.tr,false,
2022-05-20 17:00:00,Turkey,Turkey,TR,271.63,324.47,56.09,55.91,epias.com.tr; ytbs.teias.gov.tr,false,
2022-05-20 18:00:00,Turkey,Turkey,TR,261.7,313.73,57.55,57.39,epias.com.tr; ytbs.teias.gov.tr,false,
2022-05-20 19:00:00,Turkey,Turkey,TR,261.36,313.1,57.9,57.73,epias.com.tr; ytbs.teias.gov.tr,false,
2022-05-20 20:00:00,Turkey,Turkey,TR,268.44,320.5,57.08,56.89,epias.com.tr; ytbs.teias.gov.tr,false,
2022-05-20 21:00:00,Turkey,Turkey,TR,271.39,324.33,56.48,56.21,epias.com.tr,false,
2022-05-20 22:00:00,Turkey,Turkey,TR,280.06,334.04,55.29,54.99,epias.com.tr; ytbs.teias.gov.tr,false,
2022-05-20 23:00:00,Turkey,Turkey,TR,279.97,333.68,55.66,55.33,epias.com.tr; ytbs.teias.gov.tr,false,
2022-05-21 00:00:00,Turkey,Turkey,TR,284.97,338.15,55.68,55.31,epias.com.tr; ytbs.teias.gov.tr,false,
2022-05-21 01:00:00,Turkey,Turkey,TR,295.57,350.06,53.91,53.54,epias.com.tr; ytbs.teias.gov.tr,false,
2022-05-21 02:00:00,Turkey,Turkey,TR,305.8,362.55,51.56,51.19,epias.com.tr; ytbs.teias.gov.tr,false,
2022-05-21 03:00:00,Turkey,Turkey,TR,316.14,373.98,49.98,49.6,epias.com.tr; ytbs.teias.gov.tr,false,
2022-05-21 04:00:00,Turkey,Turkey,TR,318.76,377.22,49.53,49.34,epias.com.tr; ytbs.teias.gov.tr,false,
2022-05-21 05:00:00,Turkey,Turkey,TR,320.4,377.92,49.97,49.73,epias.com.tr; ytbs.teias.gov.tr,false,
2022-05-21 06:00:00,Turkey,Turkey,TR,318.58,377.91,48.78,48.57,epias.com.tr; ytbs.teias.gov.tr,false,
2022-05-21 07:00:00,Turkey,Turkey,TR,314.95,375.02,48.68,48.46,epias.com.tr; ytbs.teias.gov.tr,false,
2022-05-21 08:00:00,Turkey,Turkey,TR,312.79,372.97,48.77,48.53,epias.com.tr; ytbs.teias.gov.tr,false,
2022-05-21 09:00:00,Turkey,Turkey,TR,314.9,375.59,48.2,47.8,epias.com.tr; ytbs.teias.gov.tr,false,
2022-05-21 10:00:00,Turkey,Turkey,TR,314.53,374.97,48.65,48.21,epias.com.tr; ytbs.teias.gov.tr,false,
2022-05-21 11:00:00,Turkey,Turkey,TR,309.1,369.49,49.18,48.73,epias.com.tr; ytbs.teias.gov.tr,false,
2022-05-21 12:00:00,Turkey,Turkey,TR,310.07,370.66,48.81,48.36,epias.com.tr; ytbs.teias.gov.tr,false,
2022-05-21 13:00:00,Turkey,Turkey,TR,314.9,375.64,48.29,47.87,epias.com.tr; ytbs.teias.gov.tr,false,
2022-05-21 14:00:00,Turkey,Turkey,TR,307.66,367.48,49.49,49.09,epias.com.tr; ytbs.teias.gov.tr,false,
2022-05-21 15:00:00,Turkey,Turkey,TR,308.47,368.77,48.97,48.64,epias.com.tr; ytbs.teias.gov.tr,false,
2022-05-21 16:00:00,Turkey,Turkey,TR,305.74,366.63,48.79,48.45,epias.com.tr; ytbs.teias.gov.tr,false,
2022-05-21 17:00:00,Turkey,Turkey,TR,293.5,352.75,50.96,50.64,epias.com.tr; ytbs.teias.gov.tr,false,
2022-05-21 18:00:00,Turkey,Turkey,TR,277.98,335.73,53.37,53.16,epias.com.tr; ytbs.teias.gov.tr,false,
2022-05-21 19:00:00,Turkey,Turkey,TR,279.44,337.08,53.34,53.13,epias.com.tr; ytbs.teias.gov.tr,false,
2022-05-21 20:00:00,Turkey,Turkey,TR,292.35,351.72,51.1,50.86,epias.com.tr; ytbs.teias.gov.tr,false,
2022-05-21 21:00:00,Turkey,Turkey,TR,300.12,359.98,50.13,49.83,epias.com.tr,false,
2022-05-21 22:00:00,Turkey,Turkey,TR,307.44,365.75,50.58,50.22,epias.com.tr; ytbs.teias.gov.tr,false,
2022-05-21 23:00:00,Turkey,Turkey,TR,313.75,371.19,50.71,50.3,epias.com.tr; ytbs.teias.gov.tr,false,
2022-05-22 00:00:00,Turkey,Turkey,TR,307.47,362.97,52.68,52.24,epias.com.tr; ytbs.teias.gov.tr,false,
2022-05-22 01:00:00,Turkey,Turkey,TR,309.01,364.26,52.77,52.33,epias.com.tr; ytbs.teias.gov.tr,false,
2022-05-22 02:00:00,Turkey,Turkey,TR,316.35,372.84,51.28,50.85,epias.com.tr; ytbs.teias.gov.tr,false,
2022-05-22 03:00:00,Turkey,Turkey,TR,330.83,387.76,49.72,49.29,epias.com.tr; ytbs.teias.gov.tr,false,
2022-05-22 04:00:00,Turkey,Turkey,TR,328.11,384.87,50.39,50.11,epias.com.tr; ytbs.teias.gov.tr,false,
2022-05-22 05:00:00,Turkey,Turkey,TR,320.87,376.59,51.84,51.55,epias.com.tr; ytbs.teias.gov.tr,false,
2022-05-22 06:00:00,Turkey,Turkey,TR,313.66,369.52,52.4,52.08,epias.com.tr; ytbs.teias.gov.tr,false,
2022-05-22 07:00:00,Turkey,Turkey,TR,308.06,363.6,53.08,52.8,epias.com.tr; ytbs.teias.gov.tr,false,
2022-05-22 08:00:00,Turkey,Turkey,TR,300.41,354.99,54.37,54.1,epias.com.tr; ytbs.teias.gov.tr,false,
2022-05-22 09:00:00,Turkey,Turkey,TR,302.09,354.83,55.27,55.02,epias.com.tr; ytbs.teias.gov.tr,false,
2022-05-22 10:00:00,Turkey,Turkey,TR,295.29,347.05,56.39,56.1,epias.com.tr; ytbs.teias.gov.tr,false,
2022-05-22 11:00:00,Turkey,Turkey,TR,284.39,335.78,57.55,57.28,epias.com.tr; ytbs.teias.gov.tr,false,
2022-05-22 12:00:00,Turkey,Turkey,TR,276.23,326.5,58.96,58.7,epias.com.tr; ytbs.teias.gov.tr,false,
2022-05-22 13:00:00,Turkey,Turkey,TR,282.1,332.95,57.67,57.41,epias.com.tr; ytbs.teias.gov.tr,false,
2022-05-22 14:00:00,Turkey,Turkey,TR,278.55,329.44,57.92,57.74,epias.com.tr; ytbs.teias.gov.tr,false,
2022-05-22 15:00:00,Turkey,Turkey,TR,281.49,333.36,56.79,56.6,epias.com.tr; ytbs.teias.gov.tr,false,
2022-05-22 16:00:00,Turkey,Turkey,TR,283.59,336.13,55.96,55.75,epias.com.tr; ytbs.teias.gov.tr,false,
2022-05-22 17:00:00,Turkey,Turkey,TR,290.74,345.0,54.1,53.9,epias.com.tr; ytbs.teias.gov.tr,false,
2022-05-22 18:00:00,Turkey,Turkey,TR,282.95,337.23,54.8,54.61,epias.com.tr; ytbs.teias.gov.tr,false,
2022-05-22 19:00:00,Turkey,Turkey,TR,284.97,339.52,54.55,54.32,epias.com.tr; ytbs.teias.gov.tr,false,
2022-05-22 20:00:00,Turkey,Turkey,TR,294.13,350.04,52.86,52.61,epias.com.tr; ytbs.teias.gov.tr,false,
2022-05-22 21:00:00,Turkey,Turkey,TR,298.66,354.15,52.84,52.54,epias.com.tr,false,
2022-05-22 22:00:00,Turkey,Turkey,TR,308.94,364.7,51.82,51.5,epias.com.tr; ytbs.teias.gov.tr,false,
2022-05-22 23:00:00,Turkey,Turkey,TR,307.31,362.91,52.25,51.95,epias.com.tr; ytbs.teias.gov.tr,false,
2022-05-23 00:00:00,Turkey,Turkey,TR,314.64,369.92,51.72,51.39,epias.com.tr; ytbs.teias.gov.tr,false,
2022-05-23 01:00:00,Turkey,Turkey,TR,316.24,370.96,51.96,51.63,epias.com.tr; ytbs.teias.gov.tr,false,
2022-05-23 02:00:00,Turkey,Turkey,TR,315.03,369.53,52.26,51.96,epias.com.tr; ytbs.teias.gov.tr,false,
2022-05-23 03:00:00,Turkey,Turkey,TR,319.73,375.37,51.29,51.02,epias.com.tr; ytbs.teias.gov.tr,false,
2022-05-23 04:00:00,Turkey,Turkey,TR,336.97,394.46,48.26,48.05,epias.com.tr; ytbs.teias.gov.tr,false,
2022-05-23 05:00:00,Turkey,Turkey,TR,342.22,402.72,45.51,45.3,epias.com.tr; ytbs.teias.gov.tr,false,
2022-05-23 06:00:00,Turkey,Turkey,TR,322.69,382.55,47.53,47.33,epias.com.tr; ytbs.teias.gov.tr,false,
2022-05-23 07:00:00,Turkey,Turkey,TR,318.11,377.04,48.39,48.17,epias.com.tr; ytbs.teias.gov.tr,false,
2022-05-23 08:00:00,Turkey,Turkey,TR,322.3,382.82,46.77,46.53,epias.com.tr; ytbs.teias.gov.tr,false,
2022-05-23 09:00:00,Turkey,Turkey,TR,320.93,380.9,47.14,46.91,epias.com.tr; ytbs.teias.gov.tr,false,
2022-05-23 10:00:00,Turkey,Turkey,TR,321.89,381.81,47.13,46.89,epias.com.tr; ytbs.teias.gov.tr,false,
2022-05-23 11:00:00,Turkey,Turkey,TR,316.19,375.67,47.96,47.72,epias.com.tr; ytbs.teias.gov.tr,false,
2022-05-23 12:00:00,Turkey,Turkey,TR,315.59,374.78,48.11,47.86,epias.com.tr; ytbs.teias.gov.tr,false,
2022-05-23 13:00:00,Turkey,Turkey,TR,319.48,378.3,47.93,47.73,epias.com.tr; ytbs.teias.gov.tr,false,
2022-05-23 14:00:00,Turkey,Turkey,TR,318.48,377.62,47.85,47.67,epias.com.tr; ytbs.teias.gov.tr,false,
2022-05-23 15:00:00,Turkey,Turkey,TR,321.49,380.89,47.34,47.19,epias.com.tr; ytbs.teias.gov.tr,false,
2022-05-23 16:00:00,Turkey,Turkey,TR,321.36,381.04,47.26,47.12,epias.com.tr; ytbs.teias.gov.tr,false,
2022-05-23 17:00:00,Turkey,Turkey,TR,320.47,380.36,47.25,47.11,epias.com.tr; ytbs.teias.gov.tr,false,
2022-05-23 18:00:00,Turkey,Turkey,TR,311.84,370.87,48.67,48.54,epias.com.tr; ytbs.teias.gov.tr,false,
2022-05-23 19:00:00,Turkey,Turkey,TR,311.07,369.42,49.25,49.08,epias.com.tr; ytbs.teias.gov.tr,false,
2022-05-23 20:00:00,Turkey,Turkey,TR,323.96,383.76,47.08,46.89,epias.com.tr; ytbs.teias.gov.tr,false,
2022-05-23 21:00:00,Turkey,Turkey,TR,338.5,398.98,45.25,45.01,epias.com.tr,false,
2022-05-23 22:00:00,Turkey,Turkey,TR,335.21,395.11,46.27,45.96,epias.com.tr; ytbs.teias.gov.tr,false,
2022-05-23 23:00:00,Turkey,Turkey,TR,339.48,400.14,45.56,45.22,epias.com.tr; ytbs.teias.gov.tr,false,
2022-05-24 00:00:00,Turkey,Turkey,TR,337.96,398.33,45.95,45.61,epias.com.tr; ytbs.teias.gov.tr,false,
2022-05-24 01:00:00,Turkey,Turkey,TR,341.36,402.18,45.39,45.05,epias.com.tr; ytbs.teias.gov.tr,false,
2022-05-24 02:00:00,Turkey,Turkey,TR,356.91,419.52,42.8,42.45,epias.com.tr; ytbs.teias.gov.tr,false,
2022-05-24 03:00:00,Turkey,Turkey,TR,362.91,426.99,41.36,41.04,epias.com.tr; ytbs.teias.gov.tr,false,
2022-05-24 04:00:00,Turkey,Turkey,TR,356.36,419.57,42.75,42.55,epias.com.tr; ytbs.teias.gov.tr,false,
2022-05-24 05:00:00,Turkey,Turkey,TR,367.66,431.88,40.89,40.68,epias.com.tr; ytbs.teias.gov.tr,false,
2022-05-24 06:00:00,Turkey,Turkey,TR,347.21,411.14,42.66,42.48,epias.com.tr; ytbs.teias.gov.tr,false,
2022-05-24 07:00:00,Turkey,Turkey,TR,328.97,390.44,45.95,45.77,epias.com.tr; ytbs.teias.gov.tr,false,
2022-05-24 08:00:00,Turkey,Turkey,TR,329.59,391.74,45.39,45.21,epias.com.tr; ytbs.teias.gov.tr,false,
2022-05-24 09:00:00,Turkey,Turkey,TR,325.23,386.87,46.07,45.89,epias.com.tr; ytbs.teias.gov.tr,false,
2022-05-24 10:00:00,Turkey,Turkey,TR,333.83,396.09,44.91,44.7,epias.com.tr; ytbs.teias.gov.tr,false,
2022-05-24 11:00:00,Turkey,Turkey,TR,332.84,395.78,44.49,44.29,epias.com.tr; ytbs.teias.gov.tr,false,
2022-05-24 12:00:00,Turkey,Turkey,TR,329.5,392.33,44.76,44.56,epias.com.tr; ytbs.teias.gov.tr,false,
2022-05-24 13:00:00,Turkey,Turkey,TR,322.61,384.93,45.69,45.49,epias.com.tr; ytbs.teias.gov.tr,false,
2022-05-24 14:00:00,Turkey,Turkey,TR,329.31,391.86,44.76,44.55,epias.com.tr; ytbs.teias.gov.tr,false,
2022-05-24 15:00:00,Turkey,Turkey,TR,328.21,390.82,44.79,44.61,epias.com.tr; ytbs.teias.gov.tr,false,
2022-05-24 16:00:00,Turkey,Turkey,TR,326.65,388.74,45.32,45.15,epias.com.tr; ytbs.teias.gov.tr,false,
2022-05-24 17:00:00,Turkey,Turkey,TR,325.04,387.21,45.45,45.27,epias.com.tr; ytbs.teias.gov.tr,false,
2022-05-24 18:00:00,Turkey,Turkey,TR,318.25,380.2,46.11,45.96,epias.com.tr; ytbs.teias.gov.tr,false,
2022-05-24 19:00:00,Turkey,Turkey,TR,320.7,382.66,45.99,45.79,epias.com.tr; ytbs.teias.gov.tr,false,
2022-05-24 20:00:00,Turkey,Turkey,TR,328.96,391.35,45.05,44.82,epias.com.tr; ytbs.teias.gov.tr,false,
2022-05-24 21:00:00,Turkey,Turkey,TR,340.23,403.71,43.42,43.14,epias.com.tr,false,
2022-05-24 22:00:00,Turkey,Turkey,TR,347.8,412.0,42.44,42.15,epias.com.tr; ytbs.teias.gov.tr,false,
2022-05-24 23:00:00,Turkey,Turkey,TR,358.07,422.29,41.51,41.21,epias.com.tr; ytbs.teias.gov.tr,false,
2022-05-25 00:00:00,Turkey,Turkey,TR,364.36,429.87,40.17,39.84,epias.com.tr; ytbs.teias.gov.tr,false,
2022-05-25 01:00:00,Turkey,Turkey,TR,364.22,430.48,39.82,39.49,epias.com.tr; ytbs.teias.gov.tr,false,
2022-05-25 02:00:00,Turkey,Turkey,TR,353.07,418.35,41.69,41.38,epias.com.tr; ytbs.teias.gov.tr,false,
2022-05-25 03:00:00,Turkey,Turkey,TR,366.53,434.23,38.89,38.6,epias.com.tr; ytbs.teias.gov.tr,false,
2022-05-25 04:00:00,Turkey,Turkey,TR,379.36,447.8,37.11,36.84,epias.com.tr; ytbs.teias.gov.tr,false,
2022-05-25 05:00:00,Turkey,Turkey,TR,382.25,450.19,36.98,36.76,epias.com.tr; ytbs.teias.gov.tr,false,
2022-05-25 06:00:00,Turkey,Turkey,TR,356.51,422.83,40.21,40.0,epias.com.tr; ytbs.teias.gov.tr,false,
2022-05-25 07:00:00,Turkey,Turkey,TR,340.34,405.13,42.69,42.46,epias.com.tr; ytbs.teias.gov.tr,false,
2022-05-25 08:00:00,Turkey,Turkey,TR,336.68,400.8,43.44,43.2,epias.com.tr; ytbs.teias.gov.tr,false,
2022-05-25 09:00:00,Turkey,Turkey,TR,333.68,397.66,43.77,43.52,epias.com.tr; ytbs.teias.gov.tr,false,
2022-05-25 10:00:00,Turkey,Turkey,TR,339.59,403.19,43.56,43.27,epias.com.tr; ytbs.teias.gov.tr,false,
2022-05-25 11:00:00,Turkey,Turkey,TR,338.22,402.52,43.1,42.82,epias.com.tr; ytbs.teias.gov.tr,false,
2022-05-25 12:00:00,Turkey,Turkey,TR,336.1,400.64,42.99,42.73,epias.com.tr; ytbs.teias.gov.tr,false,
2022-05-25 13:00:00,Turkey,Turkey,TR,334.5,398.18,43.7,43.44,epias.com.tr; ytbs.teias.gov.tr,false,
2022-05-25 14:00:00,Turkey,Turkey,TR,329.46,393.24,44.1,43.84,epias.com.tr; ytbs.teias.gov.tr,false,
2022-05-25 15:00:00,Turkey,Turkey,TR,321.2,383.79,45.64,45.4,epias.com.tr; ytbs.teias.gov.tr,false,
2022-05-25 16:00:00,Turkey,Turkey,TR,317.68,380.54,45.81,45.61,epias.com.tr; ytbs.teias.gov.tr,false,
2022-05-25 17:00:00,Turkey,Turkey,TR,326.78,390.09,44.5,44.3,epias.com.tr; ytbs.teias.gov.tr,false,
2022-05-25 18:00:00,Turkey,Turkey,TR,321.65,384.73,45.06,44.87,epias.com.tr; ytbs.teias.gov.tr,false,
2022-05-25 19:00:00,Turkey,Turkey,TR,322.04,385.21,45.0,44.78,epias.com.tr; ytbs.teias.gov.tr,false,
2022-05-25 20:00:00,Turkey,Turkey,TR,329.6,393.8,43.7,43.46,epias.com.tr; ytbs.teias.gov.tr,false,
2022-05-25 21:00:00,Turkey,Turkey,TR,337.56,402.57,42.51,42.23,epias.com.tr,false,
2022-05-25 22:00:00,Turkey,Turkey,TR,356.11,423.31,39.53,39.25,epias.com.tr; ytbs.teias.gov.tr,false,
2022-05-25 23:00:00,Turkey,Turkey,TR,359.74,428.07,38.58,38.19,epias.com.tr; ytbs.teias.gov.tr,false,
2022-05-26 00:00:00,Turkey,Turkey,TR,364.35,432.21,38.56,38.1,epias.com.tr; ytbs.teias.gov.tr,false,
2022-05-26 01:00:00,Turkey,Turkey,TR,365.99,434.12,38.33,37.88,epias.com.tr; ytbs.teias.gov.tr,false,
2022-05-26 02:00:00,Turkey,Turkey,TR,369.41,438.55,37.35,36.94,epias.com.tr; ytbs.teias.gov.tr,false,
2022-05-26 03:00:00,Turkey,Turkey,TR,376.21,446.83,35.83,35.48,epias.com.tr; ytbs.teias.gov.tr,false,
2022-05-26 04:00:00,Turkey,Turkey,TR,376.78,446.92,36.05,35.75,epias.com.tr; ytbs.teias.gov.tr,false,
2022-05-26 05:00:00,Turkey,Turkey,TR,373.24,442.31,36.95,36.72,epias.com.tr; ytbs.teias.gov.tr,false,
2022-05-26 06:00:00,Turkey,Turkey,TR,355.76,424.17,38.75,38.53,epias.com.tr; ytbs.teias.gov.tr,false,
2022-05-26 07:00:00,Turkey,Turkey,TR,343.56,410.51,40.88,40.67,epias.com.tr; ytbs.teias.gov.tr,false,
2022-05-26 08:00:00,Turkey,Turkey,TR,340.8,407.09,41.56,41.33,epias.com.tr; ytbs.teias.gov.tr,false,
2022-05-26 09:00:00,Turkey,Turkey,TR,340.34,406.47,41.69,41.46,epias.com.tr; ytbs.teias.gov.tr,false,
2022-05-26 10:00:00,Turkey,Turkey,TR,346.96,412.99,41.26,41.02,epias.com.tr; ytbs.teias.gov.tr,false,
2022-05-26 11:00:00,Turkey,Turkey,TR,342.4,408.73,41.31,41.09,epias.com.tr; ytbs.teias.gov.tr,false,
2022-05-26 12:00:00,Turkey,Turkey,TR,333.52,399.17,42.35,42.16,epias.com.tr; ytbs.teias.gov.tr,false,
2022-05-26 13:00:00,Turkey,Turkey,TR,327.92,392.42,43.57,43.4,epias.com.tr; ytbs.teias.gov.tr,false,
2022-05-26 14:00:00,Turkey,Turkey,TR,319.75,383.77,44.58,44.45,epias.com.tr; ytbs.teias.gov.tr,false,
2022-05-26 15:00:00,Turkey,Turkey,TR,316.5,380.16,45.08,44.95,epias.com.tr; ytbs.teias.gov.tr,false,
2022-05-26 16:00:00,Turkey,Turkey,TR,320.03,383.87,44.58,44.46,epias.com.tr; ytbs.teias.gov.tr,false,
2022-05-26 17:00:00,Turkey,Turkey,TR,319.46,383.5,44.5,44.36,epias.com.tr; ytbs.teias.gov.tr,false,
2022-05-26 18:00:00,Turkey,Turkey,TR,312.09,375.96,45.31,45.21,epias.com.tr; ytbs.teias.gov.tr,false,
2022-05-26 19:00:00,Turkey,Turkey,TR,312.12,375.68,45.56,45.43,epias.com.tr; ytbs.teias.gov.tr,false,
2022-05-26 20:00:00,Turkey,Turkey,TR,322.65,387.35,43.82,43.68,epias.com.tr; ytbs.teias.gov.tr,false,
2022-05-26 21:00:00,Turkey,Turkey,TR,329.0,394.03,43.24,43.03,epias.com.tr,false,
2022-05-26 22:00:00,Turkey,Turkey,TR,339.0,404.81,42.0,41.74,epias.com.tr; ytbs.teias.gov.tr,false,
2022-05-26 23:00:00,Turkey,Turkey,TR,340.56,407.01,41.67,41.42,epias.com.tr; ytbs.teias.gov.tr,false,
2022-05-27 00:00:00,Turkey,Turkey,TR,345.33,412.07,41.17,40.94,epias.com.tr; ytbs.teias.gov.tr,false,
2022-05-27 01:00:00,Turkey,Turkey,TR,352.97,420.74,39.84,39.6,epias.com.tr; ytbs.teias.gov.tr,false,
2022-05-27 02:00:00,Turkey,Turkey,TR,351.16,418.86,40.09,39.86,epias.com.tr; ytbs.teias.gov.tr,false,
2022-05-27 03:00:00,Turkey,Turkey,TR,356.82,425.24,39.03,38.81,epias.com.tr; ytbs.teias.gov.tr,false,
2022-05-27 04:00:00,Turkey,Turkey,TR,355.88,422.59,40.14,39.91,epias.com.tr; ytbs.teias.gov.tr,false,
2022-05-27 05:00:00,Turkey,Turkey,TR,351.2,417.71,40.67,40.52,epias.com.tr; ytbs.teias.gov.tr,false,
2022-05-27 06:00:00,Turkey,Turkey,TR,343.62,409.6,41.31,41.16,epias.com.tr; ytbs.teias.gov.tr,false,
2022-05-27 07:00:00,Turkey,Turkey,TR,335.27,399.76,43.03,42.82,epias.com.tr; ytbs.teias.gov.tr,false,
2022-05-27 08:00:00,Turkey,Turkey,TR,331.59,395.78,43.58,43.38,epias.com.tr; ytbs.teias.gov.tr,false,
2022-05-27 09:00:00,Turkey,Turkey,TR,321.98,385.9,44.77,44.56,epias.com.tr; ytbs.teias.gov.tr,false,
2022-05-27 10:00:00,Turkey,Turkey,TR,338.53,403.14,42.81,42.57,epias.com.tr; ytbs.teias.gov.tr,false,
2022-05-27 11:00:00,Turkey,Turkey,TR,331.36,395.8,43.57,43.33,epias.com.tr; ytbs.teias.gov.tr,false,
2022-05-27 12:00:00,Turkey,Turkey,TR,328.75,393.99,43.07,42.86,epias.com.tr; ytbs.teias.gov.tr,false,
2022-05-27 13:00:00,Turkey,Turkey,TR,326.64,390.9,43.72,43.51,epias.com.tr; ytbs.teias.gov.tr,false,
2022-05-27 14:00:00,Turkey,Turkey,TR,323.04,386.73,44.41,44.21,epias.com.tr; ytbs.teias.gov.tr,false,
2022-05-27 15:00:00,Turkey,Turkey,TR,316.43,379.4,45.49,45.3,epias.com.tr; ytbs.teias.gov.tr,false,
2022-05-27 16:00:00,Turkey,Turkey,TR,321.42,384.72,44.81,44.63,epias.com.tr; ytbs.teias.gov.tr,false,
2022-05-27 17:00:00,Turkey,Turkey,TR,323.73,387.45,44.34,44.15,epias.com.tr; ytbs.teias.gov.tr,false,
2022-05-27 18:00:00,Turkey,Turkey,TR,316.28,379.53,45.34,45.17,epias.com.tr; ytbs.teias.gov.tr,false,
2022-05-27 19:00:00,Turkey,Turkey,TR,320.36,384.42,44.51,44.33,epias.com.tr; ytbs.teias.gov.tr,false,
2022-05-27 20:00:00,Turkey,Turkey,TR,332.35,398.11,42.34,42.14,epias.com.tr; ytbs.teias.gov.tr,false,
2022-05-27 21:00:00,Turkey,Turkey,TR,340.63,406.56,41.56,41.32,epias.com.tr,false,
2022-05-27 22:00:00,Turkey,Turkey,TR,340.67,406.88,41.63,41.4,epias.com.tr; ytbs.teias.gov.tr,false,
2022-05-27 23:00:00,Turkey,Turkey,TR,340.35,407.43,41.3,41.07,epias.com.tr; ytbs.teias.gov.tr,false,
2022-05-28 00:00:00,Turkey,Turkey,TR,347.53,414.68,40.61,40.37,epias.com.tr; ytbs.teias.gov.tr,false,
2022-05-28 01:00:00,Turkey,Turkey,TR,351.34,419.04,39.95,39.69,epias.com.tr; ytbs.teias.gov.tr,false,
2022-05-28 02:00:00,Turkey,Turkey,TR,358.65,427.34,38.72,38.47,epias.com.tr; ytbs.teias.gov.tr,false,
2022-05-28 03:00:00,Turkey,Turkey,TR,370.48,441.08,36.38,36.11,epias.com.tr; ytbs.teias.gov.tr,false,
2022-05-28 04:00:00,Turkey,Turkey,TR,364.69,432.94,38.67,38.4,epias.com.tr; ytbs.teias.gov.tr,false,
2022-05-28 05:00:00,Turkey,Turkey,TR,359.64,427.14,39.67,39.41,epias.com.tr; ytbs.teias.gov.tr,false,
2022-05-28 06:00:00,Turkey,Turkey,TR,349.93,417.64,40.19,39.97,epias.com.tr; ytbs.teias.gov.tr,false,
2022-05-28 07:00:00,Turkey,Turkey,TR,341.21,408.7,40.86,40.63,epias.com.tr; ytbs.teias.gov.tr,false,
2022-05-28 08:00:00,Turkey,Turkey,TR,342.35,410.41,40.29,40.04,epias.com.tr; ytbs.teias.gov.tr,false,
2022-05-28 09:00:00,Turkey,Turkey,TR,334.19,401.52,41.59,41.36,epias.com.tr; ytbs.teias.gov.tr,false,
2022-05-28 10:00:00,Turkey,Turkey,TR,338.49,406.06,41.1,40.86,epias.com.tr; ytbs.teias.gov.tr,false,
2022-05-28 11:00:00,Turkey,Turkey,TR,335.76,403.21,41.37,41.07,epias.com.tr; ytbs.teias.gov.tr,false,
2022-05-28 12:00:00,Turkey,Turkey,TR,329.46,396.51,42.18,41.88,epias.com.tr; ytbs.teias.gov.tr,false,
2022-05-28 13:00:00,Turkey,Turkey,TR,329.43,396.36,42.22,41.91,epias.com.tr; ytbs.teias.gov.tr,false,
2022-05-28 14:00:00,Turkey,Turkey,TR,326.8,393.33,42.64,42.3,epias.com.tr; ytbs.teias.gov.tr,false,
2022-05-28 15:00:00,Turkey,Turkey,TR,324.25,390.47,43.06,42.74,epias.com.tr; ytbs.teias.gov.tr,false,
2022-05-28 16:00:00,Turkey,Turkey,TR,323.96,390.94,42.59,42.3,epias.com.tr; ytbs.teias.gov.tr,false,
2022-05-28 17:00:00,Turkey,Turkey,TR,319.65,385.68,43.6,43.32,epias.com.tr; ytbs.teias.gov.tr,false,
2022-05-28 18:00:00,Turkey,Turkey,TR,310.31,375.33,45.08,44.85,epias.com.tr; ytbs.teias.gov.tr,false,
2022-05-28 19:00:00,Turkey,Turkey,TR,312.63,378.18,44.59,44.33,epias.com.tr; ytbs.teias.gov.tr,false,
2022-05-28 20:00:00,Turkey,Turkey,TR,323.51,390.77,42.56,42.25,epias.com.tr; ytbs.teias.gov.tr,false,
2022-05-28 21:00:00,Turkey,Turkey,TR,331.29,398.79,41.79,41.4,epias.com.tr,false,
2022-05-28 22:00:00,Turkey,Turkey,TR,340.8,407.93,41.25,40.79,epias.com.tr; ytbs.teias.gov.tr,false,
2022-05-28 23:00:00,Turkey,Turkey,TR,336.18,401.92,42.88,42.48,epias.com.tr; ytbs.teias.gov.tr,false,
2022-05-29 00:00:00,Turkey,Turkey,TR,347.2,413.77,41.34,40.89,epias.com.tr; ytbs.teias.gov.tr,false,
2022-05-29 01:00:00,Turkey,Turkey,TR,351.55,419.22,40.34,39.96,epias.com.tr; ytbs.teias.gov.tr,false,
2022-05-29 02:00:00,Turkey,Turkey,TR,360.38,428.97,38.95,38.58,epias.com.tr; ytbs.teias.gov.tr,false,
2022-05-29 03:00:00,Turkey,Turkey,TR,372.48,440.72,38.12,37.68,epias.com.tr; ytbs.teias.gov.tr,false,
2022-05-29 04:00:00,Turkey,Turkey,TR,365.33,430.87,40.72,40.37,epias.com.tr; ytbs.teias.gov.tr,false,
2022-05-29 05:00:00,Turkey,Turkey,TR,350.64,412.95,44.32,43.99,epias.com.tr; ytbs.teias.gov.tr,false,
2022-05-29 06:00:00,Turkey,Turkey,TR,335.39,395.82,46.84,46.54,epias.com.tr; ytbs.teias.gov.tr,false,
2022-05-29 07:00:00,Turkey,Turkey,TR,316.4,375.04,49.61,49.28,epias.com.tr; ytbs.teias.gov.tr,false,
2022-05-29 08:00:00,Turkey,Turkey,TR,304.86,362.4,51.2,50.85,epias.com.tr; ytbs.teias.gov.tr,false,
2022-05-29 09:00:00,Turkey,Turkey,TR,301.96,358.69,51.83,51.48,epias.com.tr; ytbs.teias.gov.tr,false,
2022-05-29 10:00:00,Turkey,Turkey,TR,293.97,349.57,53.19,52.84,epias.com.tr; ytbs.teias.gov.tr,false,
2022-05-29 11:00:00,Turkey,Turkey,TR,287.5,343.06,53.74,53.4,epias.com.tr; ytbs.teias.gov.tr,false,
2022-05-29 12:00:00,Turkey,Turkey,TR,280.86,334.97,55.19,54.82,epias.com.tr; ytbs.teias.gov.tr,false,
2022-05-29 13:00:00,Turkey,Turkey,TR,280.88,334.69,55.23,54.85,epias.com.tr; ytbs.teias.gov.tr,false,
2022-05-29 14:00:00,Turkey,Turkey,TR,274.84,328.4,55.93,55.59,epias.com.tr; ytbs.teias.gov.tr,false,
2022-05-29 15:00:00,Turkey,Turkey,TR,277.85,331.02,55.78,55.59,epias.com.tr; ytbs.teias.gov.tr,false,
2022-05-29 16:00:00,Turkey,Turkey,TR,276.96,330.64,55.47,55.27,epias.com.tr; ytbs.teias.gov.tr,false,
2022-05-29 17:00:00,Turkey,Turkey,TR,280.07,334.86,54.36,54.05,epias.com.tr; ytbs.teias.gov.tr,false,
2022-05-29 18:00:00,Turkey,Turkey,TR,282.37,339.26,52.65,52.33,epias.com.tr; ytbs.teias.gov.tr,false,
2022-05-29 19:00:00,Turkey,Turkey,TR,286.61,343.76,52.08,51.73,epias.com.tr; ytbs.teias.gov.tr,false,
2022-05-29 20:00:00,Turkey,Turkey,TR,292.22,349.68,51.45,51.09,epias.com.tr; ytbs.teias.gov.tr,false,
2022-05-29 21:00:00,Turkey,Turkey,TR,293.66,350.23,52.16,51.72,epias.com.tr,false,
2022-05-29 22:00:00,Turkey,Turkey,TR,297.98,355.99,51.09,50.6,epias.com.tr; ytbs.teias.gov.tr,false,
2022-05-29 23:00:00,Turkey,Turkey,TR,298.5,355.44,51.89,51.26,epias.com.tr; ytbs.teias.gov.tr,false,
2022-05-30 00:00:00,Turkey,Turkey,TR,309.37,367.05,50.54,49.9,epias.com.tr; ytbs.teias.gov.tr,false,
2022-05-30 01:00:00,Turkey,Turkey,TR,314.46,373.6,49.22,48.73,epias.com.tr; ytbs.teias.gov.tr,false,
2022-05-30 02:00:00,Turkey,Turkey,TR,320.71,380.33,48.34,47.85,epias.com.tr; ytbs.teias.gov.tr,false,
2022-05-30 03:00:00,Turkey,Turkey,TR,324.29,383.51,48.25,47.78,epias.com.tr; ytbs.teias.gov.tr,false,
2022-05-30 04:00:00,Turkey,Turkey,TR,332.41,392.47,46.95,46.53,epias.com.tr; ytbs.teias.gov.tr,false,
2022-05-30 05:00:00,Turkey,Turkey,TR,333.21,395.93,45.0,44.72,epias.com.tr; ytbs.teias.gov.tr,false,
2022-05-30 06:00:00,Turkey,Turkey,TR,316.74,380.16,45.69,45.43,epias.com.tr; ytbs.teias.gov.tr,false,
2022-05-30 07:00:00,Turkey,Turkey,TR,318.5,382.61,44.87,44.58,epias.com.tr; ytbs.teias.gov.tr,false,
2022-05-30 08:00:00,Turkey,Turkey,TR,316.29,380.72,44.79,44.52,epias.com.tr; ytbs.teias.gov.tr,false,
2022-05-30 09:00:00,Turkey,Turkey,TR,311.03,374.53,45.76,45.45,epias.com.tr; ytbs.teias.gov.tr,false,
2022-05-30 10:00:00,Turkey,Turkey,TR,305.97,368.76,46.88,46.58,epias.com.tr; ytbs.teias.gov.tr,false,
2022-05-30 11:00:00,Turkey,Turkey,TR,306.74,371.01,45.78,45.5,epias.com.tr; ytbs.teias.gov.tr,false,
2022-05-30 12:00:00,Turkey,Turkey,TR,308.68,373.24,45.25,44.99,epias.com.tr; ytbs.teias.gov.tr,false,
2022-05-30 13:00:00,Turkey,Turkey,TR,298.77,362.86,46.54,46.27,epias.com.tr; ytbs.teias.gov.tr,false,
2022-05-30 14:00:00,Turkey,Turkey,TR,293.98,357.48,47.36,47.13,epias.com.tr; ytbs.teias.gov.tr,false,
2022-05-30 15:00:00,Turkey,Turkey,TR,291.57,354.43,48.05,47.84,epias.com.tr; ytbs.teias.gov.tr,false,
2022-05-30 16:00:00,Turkey,Turkey,TR,297.67,361.44,46.87,46.7,epias.com.tr; ytbs.teias.gov.tr,false,
2022-05-30 17:00:00,Turkey,Turkey,TR,301.07,365.39,46.25,46.07,epias.com.tr; ytbs.teias.gov.tr,false,
2022-05-30 18:00:00,Turkey,Turkey,TR,293.43,357.58,47.06,46.92,epias.com.tr; ytbs.teias.gov.tr,false,
2022-05-30 19:00:00,Turkey,Turkey,TR,292.12,356.08,47.38,47.2,epias.com.tr; ytbs.teias.gov.tr,false,
2022-05-30 20:00:00,Turkey,Turkey,TR,302.49,367.72,45.68,45.42,epias.com.tr; ytbs.teias.gov.tr,false,
2022-05-30 21:00:00,Turkey,Turkey,TR,314.1,380.32,44.02,43.66,epias.com.tr,false,
2022-05-30 22:00:00,Turkey,Turkey,TR,332.31,399.95,41.46,41.03,epias.com.tr; ytbs.teias.gov.tr,false,
2022-05-30 23:00:00,Turkey,Turkey,TR,344.95,412.93,40.24,39.79,epias.com.tr; ytbs.teias.gov.tr,false,
2022-05-31 00:00:00,Turkey,Turkey,TR,352.87,421.7,39.03,38.56,epias.com.tr; ytbs.teias.gov.tr,false,
2022-05-31 01:00:00,Turkey,Turkey,TR,358.44,427.88,38.27,37.79,epias.com.tr; ytbs.teias.gov.tr,false,
2022-05-31 02:00:00,Turkey,Turkey,TR,358.89,428.97,37.84,37.35,epias.com.tr; ytbs.teias.gov.tr,false,
2022-05-31 03:00:00,Turkey,Turkey,TR,367.04,438.46,36.16,35.73,epias.com.tr; ytbs.teias.gov.tr,false,
2022-05-31 04:00:00,Turkey,Turkey,TR,366.92,438.3,36.31,36.08,epias.com.tr; ytbs.teias.gov.tr,false,
2022-05-31 05:00:00,Turkey,Turkey,TR,354.51,424.56,38.23,38.03,epias.com.tr; ytbs.teias.gov.tr,false,
2022-05-31 06:00:00,Turkey,Turkey,TR,335.66,404.19,40.65,40.44,epias.com.tr; ytbs.teias.gov.tr,false,
2022-05-31 07:00:00,Turkey,Turkey,TR,327.36,394.9,41.94,41.67,epias.com.tr; ytbs.teias.gov.tr,false,
2022-05-31 08:00:00,Turkey,Turkey,TR,327.68,395.21,41.88,41.59,epias.com.tr,false,
2022-05-31 09:00:00,Turkey,Turkey,TR,324.39,391.33,42.49,42.24,epias.com.tr,false,
2022-05-31 10:00:00,Turkey,Turkey,TR,330.37,396.78,42.22,41.97,epias.com.tr,false,
2022-05-31 11:00:00,Turkey,Turkey,TR,326.66,392.87,42.53,42.28,epias.com.tr,false,
2022-05-31 12:00:00,Turkey,Turkey,TR,307.22,370.71,46.05,45.82,epias.com.tr,false,
2022-05-31 13:00:00,Turkey,Turkey,TR,305.24,368.71,46.16,45.95,epias.com.tr,false,
2022-05-31 14:00:00,Turkey,Turkey,TR,301.93,364.98,46.69,46.5,epias.com.tr,false,
2022-05-31 15:00:00,Turkey,Turkey,TR,305.21,368.09,46.37,46.15,epias.com.tr,false,
2022-05-31 16:00:00,Turkey,Turkey,TR,310.36,372.72,46.17,45.94,epias.com.tr,false,
2022-05-31 17:00:00,Turkey,Turkey,TR,311.62,373.57,46.28,46.09,epias.com.tr,false,
2022-05-31 18:00:00,Turkey,Turkey,TR,312.31,375.17,45.5,45.35,epias.com.tr,false,
2022-05-31 19:00:00,Turkey,Turkey,TR,315.13,378.45,44.99,44.83,epias.com.tr,false,
2022-05-31 20:00:00,Turkey,Turkey,TR,316.75,379.38,45.37,45.18,epias.com.tr,false,
2022-05-31 21:00:00,Turkey,Turkey,TR,316.82,377.86,46.52,46.2,epias.com.tr,false,
2022-05-31 22:00:00,Turkey,Turkey,TR,322.95,384.33,45.88,45.49,epias.com.tr,false,
2022-05-31 23:00:00,Turkey,Turkey,TR,326.25,386.87,46.19,45.78,epias.com.tr,false,
2022-06-01 00:00:00,Turkey,Turkey,TR,337.65,399.35,44.48,44.03,epias.com.tr,false,
2022-06-01 01:00:00,Turkey,Turkey,TR,336.83,398.41,44.76,44.27,epias.com.tr,false,
2022-06-01 02:00:00,Turkey,Turkey,TR,339.71,402.92,43.57,43.11,epias.com.tr,false,
2022-06-01 03:00:00,Turkey,Turkey,TR,350.97,415.37,41.82,41.36,epias.com.tr,false,
2022-06-01 04:00:00,Turkey,Turkey,TR,349.26,412.51,42.63,42.26,epias.com.tr,false,
2022-06-01 05:00:00,Turkey,Turkey,TR,343.33,406.78,43.1,42.82,epias.com.tr,false,
2022-06-01 06:00:00,Turkey,Turkey,TR,329.65,392.69,44.45,44.18,epias.com.tr,false,
2022-06-01 07:00:00,Turkey,Turkey,TR,319.8,382.45,45.47,45.19,epias.com.tr,false,
2022-06-01 08:00:00,Turkey,Turkey,TR,309.17,370.95,46.94,46.69,epias.com.tr,false,
2022-06-01 09:00:00,Turkey,Turkey,TR,300.95,362.05,48.07,47.81,epias.com.tr,false,
2022-06-01 10:00:00,Turkey,Turkey,TR,300.93,360.81,48.96,48.7,epias.com.tr,false,
2022-06-01 11:00:00,Turkey,Turkey,TR,299.96,359.89,48.9,48.61,epias.com.tr,false,
2022-06-01 12:00:00,Turkey,Turkey,TR,295.16,355.01,49.2,48.92,epias.com.tr,false,
2022-06-01 13:00:00,Turkey,Turkey,TR,290.59,350.1,49.78,49.52,epias.com.tr,false,
2022-06-01 14:00:00,Turkey,Turkey,TR,285.93,344.76,50.66,50.45,epias.com.tr,false,
2022-06-01 15:00:00,Turkey,Turkey,TR,282.6,341.3,51.08,50.88,epias.com.tr,false,
2022-06-01 16:00:00,Turkey,Turkey,TR,282.33,340.66,51.46,51.3,epias.com.tr,false,
2022-06-01 17:00:00,Turkey,Turkey,TR,287.4,346.45,50.54,50.41,epias.com.tr,false,
2022-06-01 18:00:00,Turkey,Turkey,TR,285.69,344.89,50.6,50.49,epias.com.tr,false,
2022-06-01 19:00:00,Turkey,Turkey,TR,284.22,343.14,51.0,50.87,epias.com.tr,false,
2022-06-01 20:00:00,Turkey,Turkey,TR,285.27,343.89,51.15,50.99,epias.com.tr,false,
2022-06-01 21:00:00,Turkey,Turkey,TR,292.67,351.44,50.41,50.14,epias.com.tr,false,
2022-06-01 22:00:00,Turkey,Turkey,TR,304.43,364.82,48.37,47.96,epias.com.tr,false,
2022-06-01 23:00:00,Turkey,Turkey,TR,308.11,368.0,48.3,47.84,epias.com.tr,false,
2022-06-02 00:00:00,Turkey,Turkey,TR,311.78,370.96,48.39,47.98,epias.com.tr,false,
2022-06-02 01:00:00,Turkey,Turkey,TR,309.88,368.77,48.81,48.35,epias.com.tr,false,
2022-06-02 02:00:00,Turkey,Turkey,TR,308.19,367.13,49.02,48.59,epias.com.tr,false,
2022-06-02 03:00:00,Turkey,Turkey,TR,315.75,375.75,47.7,47.3,epias.com.tr,false,
2022-06-02 04:00:00,Turkey,Turkey,TR,314.62,373.32,48.68,48.45,epias.com.tr,false,
2022-06-02 05:00:00,Turkey,Turkey,TR,316.08,375.84,47.82,47.62,epias.com.tr,false,
2022-06-02 06:00:00,Turkey,Turkey,TR,301.27,361.22,48.9,48.8,epias.com.tr,false,
2022-06-02 07:00:00,Turkey,Turkey,TR,291.22,350.33,50.31,50.27,epias.com.tr,false,
2022-06-02 08:00:00,Turkey,Turkey,TR,284.67,343.0,51.39,51.2,epias.com.tr,false,
2022-06-02 09:00:00,Turkey,Turkey,TR,284.1,342.09,51.55,51.33,epias.com.tr,false,
2022-06-02 10:00:00,Turkey,Turkey,TR,289.45,347.74,50.84,50.65,epias.com.tr,false,
2022-06-02 11:00:00,Turkey,Turkey,TR,284.59,342.57,51.41,51.2,epias.com.tr,false,
2022-06-02 12:00:00,Turkey,Turkey,TR,282.24,340.26,51.53,51.36,epias.com.tr,false,
2022-06-02 13:00:00,Turkey,Turkey,TR,280.78,339.02,51.42,51.24,epias.com.tr,false,
2022-06-02 14:00:00,Turkey,Turkey,TR,277.69,336.02,51.57,51.39,epias.com.tr,false,
2022-06-02 15:00:00,Turkey,Turkey,TR,273.45,331.02,52.41,52.26,epias.com.tr,false,
2022-06-02 16:00:00,Turkey,Turkey,TR,268.65,325.12,53.63,53.53,epias.com.tr,false,
2022-06-02 17:00:00,Turkey,Turkey,TR,267.82,324.33,53.77,53.68,epias.com.tr,false,
2022-06-02 18:00:00,Turkey,Turkey,TR,269.93,327.35,52.92,52.86,epias.com.tr,false,
2022-06-02 19:00:00,Turkey,Turkey,TR,273.56,331.24,52.42,52.33,epias.com.tr,false,
2022-06-02 20:00:00,Turkey,Turkey,TR,276.25,334.59,51.98,51.85,epias.com.tr,false,
2022-06-02 21:00:00,Turkey,Turkey,TR,284.73,344.63,50.45,50.22,epias.com.tr,false,
2022-06-02 22:00:00,Turkey,Turkey,TR,295.78,356.27,49.08,48.76,epias.com.tr,false,
2022-06-02 23:00:00,Turkey,Turkey,TR,279.06,335.93,53.16,52.83,epias.com.tr,false,
2022-06-03 00:00:00,Turkey,Turkey,TR,296.44,355.41,50.03,49.66,epias.com.tr,false,
2022-06-03 01:00:00,Turkey,Turkey,TR,293.08,351.85,50.47,50.11,epias.com.tr,false,
2022-06-03 02:00:00,Turkey,Turkey,TR,288.46,346.86,51.15,50.79,epias.com.tr,false,
2022-06-03 03:00:00,Turkey,Turkey,TR,288.45,345.58,51.83,51.42,epias.com.tr,false,
2022-06-03 04:00:00,Turkey,Turkey,TR,290.77,347.75,51.77,51.49,epias.com.tr,false,
2022-06-03 05:00:00,Turkey,Turkey,TR,288.51,346.06,51.62,51.41,epias.com.tr,false,
2022-06-03 06:00:00,Turkey,Turkey,TR,280.16,338.66,51.64,51.53,epias.com.tr,false,
2022-06-03 07:00:00,Turkey,Turkey,TR,273.83,331.5,52.68,52.44,epias.com.tr,false,
2022-06-03 08:00:00,Turkey,Turkey,TR,271.61,328.65,53.25,52.96,epias.com.tr,false,
2022-06-03 09:00:00,Turkey,Turkey,TR,270.13,327.34,53.26,53.05,epias.com.tr,false,
2022-06-03 10:00:00,Turkey,Turkey,TR,259.19,314.74,55.47,55.23,epias.com.tr,false,
2022-06-03 11:00:00,Turkey,Turkey,TR,246.55,300.76,57.5,57.18,epias.com.tr,false,
2022-06-03 12:00:00,Turkey,Turkey,TR,253.89,310.13,55.32,55.05,epias.com.tr,false,
2022-06-03 13:00:00,Turkey,Turkey,TR,256.07,313.12,54.46,54.18,epias.com.tr,false,
2022-06-03 14:00:00,Turkey,Turkey,TR,256.11,313.14,54.4,54.1,epias.com.tr,false,
2022-06-03 15:00:00,Turkey,Turkey,TR,253.77,310.48,54.79,54.54,epias.com.tr,false,
2022-06-03 16:00:00,Turkey,Turkey,TR,255.24,311.65,54.8,54.59,epias.com.tr,false,
2022-06-03 17:00:00,Turkey,Turkey,TR,256.44,313.12,54.54,54.33,epias.com.tr,false,
2022-06-03 18:00:00,Turkey,Turkey,TR,256.21,313.62,54.07,53.87,epias.com.tr,false,
2022-06-03 19:00:00,Turkey,Turkey,TR,257.46,315.05,53.91,53.67,epias.com.tr,false,
2022-06-03 20:00:00,Turkey,Turkey,TR,261.32,318.64,53.82,53.55,epias.com.tr,false,
2022-06-03 21:00:00,Turkey,Turkey,TR,267.35,325.23,53.03,52.64,epias.com.tr,false,
2022-06-03 22:00:00,Turkey,Turkey,TR,272.7,330.25,53.03,52.58,epias.com.tr,false,
2022-06-03 23:00:00,Turkey,Turkey,TR,273.08,329.23,54.01,53.5,epias.com.tr,false,
2022-06-04 00:00:00,Turkey,Turkey,TR,280.47,337.33,52.88,52.33,epias.com.tr,false,
2022-06-04 01:00:00,Turkey,Turkey,TR,280.92,337.18,53.22,52.66,epias.com.tr,false,
2022-06-04 02:00:00,Turkey,Turkey,TR,272.18,327.31,54.81,54.28,epias.com.tr,false,
2022-06-04 03:00:00,Turkey,Turkey,TR,278.3,333.75,54.06,53.55,epias.com.tr,false,
2022-06-04 04:00:00,Turkey,Turkey,TR,279.85,333.99,54.65,54.26,epias.com.tr,false,
2022-06-04 05:00:00,Turkey,Turkey,TR,279.31,333.38,54.88,54.6,epias.com.tr,false,
2022-06-04 06:00:00,Turkey,Turkey,TR,272.78,328.99,54.1,53.91,epias.com.tr,false,
2022-06-04 07:00:00,Turkey,Turkey,TR,271.88,329.33,53.3,53.14,epias.com.tr,false,
2022-06-04 08:00:00,Turkey,Turkey,TR,274.59,332.05,52.92,52.68,epias.com.tr,false,
2022-06-04 09:00:00,Turkey,Turkey,TR,273.73,330.31,53.49,53.2,epias.com.tr,false,
2022-06-04 10:00:00,Turkey,Turkey,TR,271.57,326.77,54.67,54.32,epias.com.tr,false,
2022-06-04 11:00:00,Turkey,Turkey,TR,249.84,301.79,58.78,58.45,epias.com.tr,false,
2022-06-04 12:00:00,Turkey,Turkey,TR,236.96,286.52,61.5,61.15,epias.com.tr,false,
2022-06-04 13:00:00,Turkey,Turkey,TR,232.28,281.0,62.56,62.19,epias.com.tr,false,
2022-06-04 14:00:00,Turkey,Turkey,TR,233.88,283.81,61.57,61.19,epias.com.tr,false,
2022-06-04 15:00:00,Turkey,Turkey,TR,249.29,300.46,59.08,58.73,epias.com.tr,false,
2022-06-04 16:00:00,Turkey,Turkey,TR,255.1,307.69,57.58,57.27,epias.com.tr,false,
2022-06-04 17:00:00,Turkey,Turkey,TR,254.32,306.78,57.83,57.5,epias.com.tr,false,
2022-06-04 18:00:00,Turkey,Turkey,TR,254.4,308.34,56.9,56.64,epias.com.tr,false,
2022-06-04 19:00:00,Turkey,Turkey,TR,255.66,309.93,56.67,56.39,epias.com.tr,false,
2022-06-04 20:00:00,Turkey,Turkey,TR,264.99,320.11,55.28,54.96,epias.com.tr,false,
2022-06-04 21:00:00,Turkey,Turkey,TR,273.18,328.76,54.29,53.93,epias.com.tr,false,
2022-06-04 22:00:00,Turkey,Turkey,TR,285.79,342.07,52.85,52.41,epias.com.tr,false,
2022-06-04 23:00:00,Turkey,Turkey,TR,300.02,358.27,50.4,49.97,epias.com.tr,false,
2022-06-05 00:00:00,Turkey,Turkey,TR,307.47,366.53,49.36,48.86,epias.com.tr,false,
2022-06-05 01:00:00,Turkey,Turkey,TR,295.85,352.11,52.56,52.07,epias.com.tr,false,
2022-06-05 02:00:00,Turkey,Turkey,TR,309.42,367.23,50.35,49.84,epias.com.tr,false,
2022-06-05 03:00:00,Turkey,Turkey,TR,321.57,380.01,48.63,48.08,epias.com.tr,false,
2022-06-05 04:00:00,Turkey,Turkey,TR,314.79,372.42,49.98,49.48,epias.com.tr,false,
2022-06-05 05:00:00,Turkey,Turkey,TR,300.54,355.86,53.11,52.64,epias.com.tr,false,
2022-06-05 06:00:00,Turkey,Turkey,TR,294.84,349.87,53.82,53.37,epias.com.tr,false,
2022-06-05 07:00:00,Turkey,Turkey,TR,299.64,356.68,52.03,51.59,epias.com.tr,false,
2022-06-05 08:00:00,Turkey,Turkey,TR,300.99,358.42,51.6,51.19,epias.com.tr,false,
2022-06-05 09:00:00,Turkey,Turkey,TR,296.02,353.29,52.15,51.75,epias.com.tr,false,
2022-06-05 10:00:00,Turkey,Turkey,TR,297.58,355.05,51.86,51.42,epias.com.tr,false,
2022-06-05 11:00:00,Turkey,Turkey,TR,298.29,355.98,51.44,50.94,epias.com.tr,false,
2022-06-05 12:00:00,Turkey,Turkey,TR,296.54,353.36,52.03,51.56,epias.com.tr,false,
2022-06-05 13:00:00,Turkey,Turkey,TR,295.7,351.8,52.54,52.01,epias.com.tr,false,
2022-06-05 14:00:00,Turkey,Turkey,TR,291.94,346.96,53.45,52.91,epias.com.tr,false,
2022-06-05 15:00:00,Turkey,Turkey,TR,291.67,346.91,53.21,52.84,epias.com.tr,false,
2022-06-05 16:00:00,Turkey,Turkey,TR,295.52,350.87,52.66,52.34,epias.com.tr,false,
2022-06-05 17:00:00,Turkey,Turkey,TR,297.71,353.73,52.01,51.69,epias.com.tr,false,
2022-06-05 18:00:00,Turkey,Turkey,TR,297.09,353.99,51.4,51.07,epias.com.tr,false,
2022-06-05 19:00:00,Turkey,Turkey,TR,298.24,355.69,50.95,50.57,epias.com.tr,false,
2022-06-05 20:00:00,Turkey,Turkey,TR,303.48,361.0,50.47,50.0,epias.com.tr,false,
2022-06-05 21:00:00,Turkey,Turkey,TR,310.17,368.01,49.78,49.3,epias.com.tr,false,
2022-06-05 22:00:00,Turkey,Turkey,TR,319.81,379.86,47.7,47.08,epias.com.tr,false,
2022-06-05 23:00:00,Turkey,Turkey,TR,326.32,387.18,46.78,45.88,epias.com.tr,false,
2022-06-06 00:00:00,Turkey,Turkey,TR,332.02,394.17,45.7,44.97,epias.com.tr,false,
2022-06-06 01:00:00,Turkey,Turkey,TR,326.35,386.88,47.35,46.41,epias.com.tr,false,
2022-06-06 02:00:00,Turkey,Turkey,TR,330.03,391.78,46.17,45.23,epias.com.tr,false,
2022-06-06 03:00:00,Turkey,Turkey,TR,334.5,396.45,45.7,45.12,epias.com.tr,false,
2022-06-06 04:00:00,Turkey,Turkey,TR,343.62,406.97,43.85,43.35,epias.com.tr,false,
2022-06-06 05:00:00,Turkey,Turkey,TR,353.23,418.49,41.41,40.9,epias.com.tr,false,
2022-06-06 06:00:00,Turkey,Turkey,TR,326.34,390.47,44.39,44.0,epias.com.tr,false,
2022-06-06 07:00:00,Turkey,Turkey,TR,310.91,374.0,46.36,45.94,epias.com.tr,false,
2022-06-06 08:00:00,Turkey,Turkey,TR,309.23,372.62,46.21,45.8,epias.com.tr,false,
2022-06-06 09:00:00,Turkey,Turkey,TR,301.99,364.53,47.12,46.72,epias.com.tr,false,
2022-06-06 10:00:00,Turkey,Turkey,TR,308.7,371.48,46.35,45.9,epias.com.tr,false,
2022-06-06 11:00:00,Turkey,Turkey,TR,307.42,370.65,46.05,45.67,epias.com.tr,false,
2022-06-06 12:00:00,Turkey,Turkey,TR,304.4,367.43,46.45,46.13,epias.com.tr,false,
2022-06-06 13:00:00,Turkey,Turkey,TR,305.14,368.16,46.43,46.04,epias.com.tr,false,
2022-06-06 14:00:00,Turkey,Turkey,TR,298.08,359.61,47.98,47.63,epias.com.tr,false,
2022-06-06 15:00:00,Turkey,Turkey,TR,294.37,354.76,49.08,48.76,epias.com.tr,false,
2022-06-06 16:00:00,Turkey,Turkey,TR,302.96,363.84,47.9,47.6,epias.com.tr,false,
2022-06-06 17:00:00,Turkey,Turkey,TR,303.99,365.15,47.57,47.3,epias.com.tr,false,
2022-06-06 18:00:00,Turkey,Turkey,TR,301.65,362.64,47.81,47.59,epias.com.tr,false,
2022-06-06 19:00:00,Turkey,Turkey,TR,301.07,362.14,47.81,47.58,epias.com.tr,false,
2022-06-06 20:00:00,Turkey,Turkey,TR,300.82,360.7,48.7,48.38,epias.com.tr,false,
2022-06-06 21:00:00,Turkey,Turkey,TR,300.02,357.43,50.55,50.15,epias.com.tr,false,
2022-06-06 22:00:00,Turkey,Turkey,TR,306.27,364.27,49.76,49.36,epias.com.tr,false,
2022-06-06 23:00:00,Turkey,Turkey,TR,316.63,375.49,48.33,47.94,epias.com.tr,false,
2022-06-07 00:00:00,Turkey,Turkey,TR,315.04,372.42,49.56,49.05,epias.com.tr,false,
2022-06-07 01:00:00,Turkey,Turkey,TR,327.12,386.77,47.03,46.5,epias.com.tr,false,
2022-06-07 02:00:00,Turkey,Turkey,TR,331.48,391.28,46.57,46.09,epias.com.tr,false,
2022-06-07 03:00:00,Turkey,Turkey,TR,336.12,395.86,46.16,45.73,epias.com.tr,false,
2022-06-07 04:00:00,Turkey,Turkey,TR,327.38,386.56,47.47,47.11,epias.com.tr,false,
2022-06-07 05:00:00,Turkey,Turkey,TR,325.16,384.85,47.35,47.06,epias.com.tr,false,
2022-06-07 06:00:00,Turkey,Turkey,TR,303.19,361.33,50.19,49.93,epias.com.tr,false,
2022-06-07 07:00:00,Turkey,Turkey,TR,300.82,359.88,49.77,49.47,epias.com.tr,false,
2022-06-07 08:00:00,Turkey,Turkey,TR,306.67,367.83,47.8,47.47,epias.com.tr,false,
2022-06-07 09:00:00,Turkey,Turkey,TR,309.2,370.92,47.14,46.79,epias.com.tr,false,
2022-06-07 10:00:00,Turkey,Turkey,TR,315.4,377.31,46.45,46.08,epias.com.tr,false,
2022-06-07 11:00:00,Turkey,Turkey,TR,311.86,373.99,46.58,46.21,epias.com.tr,false,
2022-06-07 12:00:00,Turkey,Turkey,TR,305.37,366.3,47.83,47.49,epias.com.tr,false,
2022-06-07 13:00:00,Turkey,Turkey,TR,301.17,360.94,48.84,48.52,epias.com.tr,false,
2022-06-07 14:00:00,Turkey,Turkey,TR,301.08,361.34,48.46,48.16,epias.com.tr,false,
2022-06-07 15:00:00,Turkey,Turkey,TR,301.31,361.9,48.25,48.0,epias.com.tr,false,
2022-06-07 16:00:00,Turkey,Turkey,TR,302.63,363.0,48.28,48.11,epias.com.tr,false,
2022-06-07 17:00:00,Turkey,Turkey,TR,305.64,366.99,47.45,47.32,epias.com.tr,false,
2022-06-07 18:00:00,Turkey,Turkey,TR,301.39,362.91,47.78,47.7,epias.com.tr,false,
2022-06-07 19:00:00,Turkey,Turkey,TR,301.55,363.22,47.78,47.66,epias.com.tr,false,
2022-06-07 20:00:00,Turkey,Turkey,TR,311.25,373.98,46.27,46.14,epias.com.tr,false,
2022-06-07 21:00:00,Turkey,Turkey,TR,322.21,385.23,45.13,44.84,epias.com.tr,false,
2022-06-07 22:00:00,Turkey,Turkey,TR,338.63,404.05,42.17,41.82,epias.com.tr,false,
2022-06-07 23:00:00,Turkey,Turkey,TR,351.12,417.77,40.26,39.84,epias.com.tr,false,
2022-06-08 00:00:00,Turkey,Turkey,TR,362.35,430.28,38.58,38.13,epias.com.tr,false,
2022-06-08 01:00:00,Turkey,Turkey,TR,367.84,436.16,37.9,37.43,epias.com.tr,false,
2022-06-08 02:00:00,Turkey,Turkey,TR,370.77,440.53,36.73,36.31,epias.com.tr,false,
2022-06-08 03:00:00,Turkey,Turkey,TR,381.49,452.38,35.11,34.64,epias.com.tr,false,
2022-06-08 04:00:00,Turkey,Turkey,TR,378.19,448.16,36.12,35.8,epias.com.tr,false,
2022-06-08 05:00:00,Turkey,Turkey,TR,377.82,448.16,35.85,35.59,epias.com.tr,false,
2022-06-08 06:00:00,Turkey,Turkey,TR,354.6,422.76,39.21,38.99,epias.com.tr,false,
2022-06-08 07:00:00,Turkey,Turkey,TR,341.8,408.78,41.13,40.85,epias.com.tr,false,
2022-06-08 08:00:00,Turkey,Turkey,TR,341.46,408.83,40.92,40.65,epias.com.tr,false,
2022-06-08 09:00:00,Turkey,Turkey,TR,341.27,408.7,40.83,40.56,epias.com.tr,false,
2022-06-08 10:00:00,Turkey,Turkey,TR,347.93,415.49,40.18,39.89,epias.com.tr,false,
2022-06-08 11:00:00,Turkey,Turkey,TR,345.15,412.53,40.43,40.16,epias.com.tr,false,
2022-06-08 12:00:00,Turkey,Turkey,TR,336.5,403.08,41.6,41.38,epias.com.tr,false,
2022-06-08 13:00:00,Turkey,Turkey,TR,332.07,397.62,42.59,42.33,epias.com.tr,false,
2022-06-08 14:00:00,Turkey,Turkey,TR,328.24,393.63,42.97,42.73,epias.com.tr,false,
2022-06-08 15:00:00,Turkey,Turkey,TR,322.77,387.17,44.14,43.93,epias.com.tr,false,
2022-06-08 16:00:00,Turkey,Turkey,TR,326.4,390.93,43.69,43.53,epias.com.tr,false,
2022-06-08 17:00:00,Turkey,Turkey,TR,324.85,389.75,43.77,43.64,epias.com.tr,false,
2022-06-08 18:00:00,Turkey,Turkey,TR,326.94,392.69,42.9,42.79,epias.com.tr,false,
2022-06-08 19:00:00,Turkey,Turkey,TR,328.12,394.27,42.55,42.44,epias.com.tr,false,
2022-06-08 20:00:00,Turkey,Turkey,TR,335.36,402.16,41.61,41.43,epias.com.tr,false,
2022-06-08 21:00:00,Turkey,Turkey,TR,348.56,416.47,39.69,39.37,epias.com.tr,false,
2022-06-08 22:00:00,Turkey,Turkey,TR,371.08,441.16,36.25,35.84,epias.com.tr,false,
2022-06-08 23:00:00,Turkey,Turkey,TR,385.18,456.44,34.21,33.71,epias.com.tr,false,
2022-06-09 00:00:00,Turkey,Turkey,TR,393.87,466.18,32.84,32.35,epias.com.tr,false,
2022-06-09 01:00:00,Turkey,Turkey,TR,396.75,469.52,32.29,31.81,epias.com.tr,false,
2022-06-09 02:00:00,Turkey,Turkey,TR,397.9,471.04,31.96,31.45,epias.com.tr,false,
2022-06-09 03:00:00,Turkey,Turkey,TR,411.19,485.55,30.02,29.5,epias.com.tr,false,
2022-06-09 04:00:00,Turkey,Turkey,TR,413.18,487.75,29.73,29.31,epias.com.tr,false,
2022-06-09 05:00:00,Turkey,Turkey,TR,406.97,480.73,30.77,30.48,epias.com.tr,false,
2022-06-09 06:00:00,Turkey,Turkey,TR,375.25,446.15,35.36,35.11,epias.com.tr,false,
2022-06-09 07:00:00,Turkey,Turkey,TR,359.84,429.12,37.63,37.41,epias.com.tr,false,
2022-06-09 08:00:00,Turkey,Turkey,TR,358.98,427.85,37.99,37.71,epias.com.tr,false,
2022-06-09 09:00:00,Turkey,Turkey,TR,355.53,423.7,38.84,38.61,epias.com.tr,false,
2022-06-09 10:00:00,Turkey,Turkey,TR,362.84,431.0,38.09,37.83,epias.com.tr,false,
2022-06-09 11:00:00,Turkey,Turkey,TR,356.83,424.66,38.76,38.53,epias.com.tr,false,
2022-06-09 12:00:00,Turkey,Turkey,TR,351.02,418.28,39.49,39.3,epias.com.tr,false,
2022-06-09 13:00:00,Turkey,Turkey,TR,348.34,414.83,40.24,40.01,epias.com.tr,false,
2022-06-09 14:00:00,Turkey,Turkey,TR,345.17,411.51,40.54,40.28,epias.com.tr,false,
2022-06-09 15:00:00,Turkey,Turkey,TR,341.54,407.97,40.87,40.63,epias.com.tr,false,
2022-06-09 16:00:00,Turkey,Turkey,TR,345.46,412.0,40.48,40.3,epias.com.tr,false,
2022-06-09 17:00:00,Turkey,Turkey,TR,349.4,416.36,39.8,39.61,epias.com.tr,false,
2022-06-09 18:00:00,Turkey,Turkey,TR,344.45,411.19,40.35,40.21,epias.com.tr,false,
2022-06-09 19:00:00,Turkey,Turkey,TR,341.82,408.26,40.89,40.72,epias.com.tr,false,
2022-06-09 20:00:00,Turkey,Turkey,TR,349.6,415.56,40.48,40.22,epias.com.tr,false,
2022-06-09 21:00:00,Turkey,Turkey,TR,360.97,427.76,38.84,38.5,epias.com.tr,false,
2022-06-09 22:00:00,Turkey,Turkey,TR,368.53,435.21,38.29,37.86,epias.com.tr,false,
2022-06-09 23:00:00,Turkey,Turkey,TR,374.7,441.45,37.75,37.26,epias.com.tr,false,
2022-06-10 00:00:00,Turkey,Turkey,TR,378.24,445.56,37.14,36.67,epias.com.tr,false,
2022-06-10 01:00:00,Turkey,Turkey,TR,378.69,446.07,37.09,36.62,epias.com.tr,false,
2022-06-10 02:00:00,Turkey,Turkey,TR,378.36,445.7,37.12,36.67,epias.com.tr,false,
2022-06-10 03:00:00,Turkey,Turkey,TR,381.0,448.22,37.0,36.56,epias.com.tr,false,
2022-06-10 04:00:00,Turkey,Turkey,TR,386.24,454.27,36.13,35.8,epias.com.tr,false,
2022-06-10 05:00:00,Turkey,Turkey,TR,380.4,448.82,36.34,36.05,epias.com.tr,false,
2022-06-10 06:00:00,Turkey,Turkey,TR,356.39,423.43,39.26,38.98,epias.com.tr,false,
2022-06-10 07:00:00,Turkey,Turkey,TR,342.71,408.38,41.33,41.03,epias.com.tr,false,
2022-06-10 08:00:00,Turkey,Turkey,TR,338.05,403.2,42.04,41.76,epias.com.tr,false,
2022-06-10 09:00:00,Turkey,Turkey,TR,337.58,403.11,41.78,41.5,epias.com.tr,false,
2022-06-10 10:00:00,Turkey,Turkey,TR,342.97,407.78,41.83,41.5,epias.com.tr,false,
2022-06-10 11:00:00,Turkey,Turkey,TR,339.33,404.02,42.21,41.91,epias.com.tr,false,
2022-06-10 12:00:00,Turkey,Turkey,TR,336.3,400.81,42.36,42.1,epias.com.tr,false,
2022-06-10 13:00:00,Turkey,Turkey,TR,333.83,398.56,42.45,42.23,epias.com.tr,false,
2022-06-10 14:00:00,Turkey,Turkey,TR,330.38,394.54,43.17,42.95,epias.com.tr,false,
2022-06-10 15:00:00,Turkey,Turkey,TR,329.6,393.19,43.61,43.4,epias.com.tr,false,
2022-06-10 16:00:00,Turkey,Turkey,TR,334.21,398.36,42.9,42.71,epias.com.tr,false,
2022-06-10 17:00:00,Turkey,Turkey,TR,339.18,403.7,42.2,42.03,epias.com.tr,false,
2022-06-10 18:00:00,Turkey,Turkey,TR,337.47,402.32,42.11,41.96,epias.com.tr,false,
2022-06-10 19:00:00,Turkey,Turkey,TR,336.08,400.67,42.47,42.31,epias.com.tr,false,
2022-06-10 20:00:00,Turkey,Turkey,TR,337.06,400.98,42.89,42.68,epias.com.tr,false,
2022-06-10 21:00:00,Turkey,Turkey,TR,352.35,417.92,40.44,40.12,epias.com.tr,false,
2022-06-10 22:00:00,Turkey,Turkey,TR,358.57,424.35,39.9,39.58,epias.com.tr,false,
2022-06-10 23:00:00,Turkey,Turkey,TR,369.69,435.53,38.92,38.56,epias.com.tr,false,
2022-06-11 00:00:00,Turkey,Turkey,TR,371.79,436.2,39.74,39.36,epias.com.tr,false,
2022-06-11 01:00:00,Turkey,Turkey,TR,375.34,440.78,38.73,38.32,epias.com.tr,false,
2022-06-11 02:00:00,Turkey,Turkey,TR,377.27,442.68,38.72,38.31,epias.com.tr,false,
2022-06-11 03:00:00,Turkey,Turkey,TR,378.92,443.39,39.32,38.95,epias.com.tr,false,
2022-06-11 04:00:00,Turkey,Turkey,TR,380.49,444.58,39.38,39.02,epias.com.tr,false,
2022-06-11 05:00:00,Turkey,Turkey,TR,377.01,441.0,39.69,39.3,epias.com.tr,false,
2022-06-11 06:00:00,Turkey,Turkey,TR,359.92,424.51,40.73,40.35,epias.com.tr,false,
2022-06-11 07:00:00,Turkey,Turkey,TR,349.43,413.46,41.84,41.36,epias.com.tr,false,
2022-06-11 08:00:00,Turkey,Turkey,TR,346.99,411.33,41.92,41.45,epias.com.tr,false,
2022-06-11 09:00:00,Turkey,Turkey,TR,345.99,409.69,42.4,41.89,epias.com.tr,false,
2022-06-11 10:00:00,Turkey,Turkey,TR,343.47,407.34,42.58,42.11,epias.com.tr,false,
2022-06-11 11:00:00,Turkey,Turkey,TR,337.55,401.03,43.27,42.82,epias.com.tr,false,
2022-06-11 12:00:00,Turkey,Turkey,TR,341.37,405.08,42.74,42.44,epias.com.tr,false,
2022-06-11 13:00:00,Turkey,Turkey,TR,338.38,401.64,43.21,42.78,epias.com.tr,false,
2022-06-11 14:00:00,Turkey,Turkey,TR,327.42,389.27,45.13,44.71,epias.com.tr,false,
2022-06-11 15:00:00,Turkey,Turkey,TR,327.27,389.77,44.7,44.42,epias.com.tr,false,
2022-06-11 16:00:00,Turkey,Turkey,TR,329.04,391.36,44.6,44.36,epias.com.tr,false,
2022-06-11 17:00:00,Turkey,Turkey,TR,328.92,391.07,44.74,44.53,epias.com.tr,false,
2022-06-11 18:00:00,Turkey,Turkey,TR,325.38,386.86,45.55,45.4,epias.com.tr,false,
2022-06-11 19:00:00,Turkey,Turkey,TR,322.65,383.18,46.6,46.52,epias.com.tr,false,
2022-06-11 20:00:00,Turkey,Turkey,TR,329.21,390.99,45.29,45.19,epias.com.tr,false,
2022-06-11 21:00:00,Turkey,Turkey,TR,336.6,398.29,44.74,44.47,epias.com.tr,false,
2022-06-11 22:00:00,Turkey,Turkey,TR,347.21,408.12,44.47,44.1,epias.com.tr,false,
2022-06-11 23:00:00,Turkey,Turkey,TR,349.09,408.22,45.64,45.28,epias.com.tr,false,
2022-06-12 00:00:00,Turkey,Turkey,TR,368.05,428.46,43.08,42.88,epias.com.tr,false,
2022-06-12 01:00:00,Turkey,Turkey,TR,374.8,435.61,42.24,42.06,epias.com.tr,false,
2022-06-12 02:00:00,Turkey,Turkey,TR,390.1,452.58,39.64,39.39,epias.com.tr,false,
2022-06-12 03:00:00,Turkey,Turkey,TR,388.22,450.88,39.93,39.6,epias.com.tr,false,
2022-06-12 04:00:00,Turkey,Turkey,TR,377.76,437.24,42.88,42.58,epias.com.tr,false,
2022-06-12 05:00:00,Turkey,Turkey,TR,357.67,412.88,47.71,47.39,epias.com.tr,false,
2022-06-12 06:00:00,Turkey,Turkey,TR,341.5,394.72,50.47,49.87,epias.com.tr,false,
2022-06-12 07:00:00,Turkey,Turkey,TR,335.86,388.37,51.44,50.74,epias.com.tr,false,
2022-06-12 08:00:00,Turkey,Turkey,TR,324.05,375.41,53.16,52.42,epias.com.tr,false,
2022-06-12 09:00:00,Turkey,Turkey,TR,313.12,363.58,54.77,54.1,epias.com.tr,false,
2022-06-12 10:00:00,Turkey,Turkey,TR,310.38,360.51,55.08,54.49,epias.com.tr,false,
2022-06-12 11:00:00,Turkey,Turkey,TR,305.12,354.36,56.01,55.33,epias.com.tr,false,
2022-06-12 12:00:00,Turkey,Turkey,TR,301.53,350.21,56.6,55.86,epias.com.tr,false,
2022-06-12 13:00:00,Turkey,Turkey,TR,299.86,348.28,56.85,56.13,epias.com.tr,false,
2022-06-12 14:00:00,Turkey,Turkey,TR,290.43,338.13,58.19,57.48,epias.com.tr,false,
2022-06-12 15:00:00,Turkey,Turkey,TR,282.91,330.22,59.12,58.63,epias.com.tr,false,
2022-06-12 16:00:00,Turkey,Turkey,TR,281.06,329.23,58.65,58.35,epias.com.tr,false,
2022-06-12 17:00:00,Turkey,Turkey,TR,287.41,337.54,56.64,56.3,epias.com.tr,false,
2022-06-12 18:00:00,Turkey,Turkey,TR,295.37,346.7,55.0,54.72,epias.com.tr,false,
2022-06-12 19:00:00,Turkey,Turkey,TR,301.99,354.06,53.89,53.64,epias.com.tr,false,
2022-06-12 20:00:00,Turkey,Turkey,TR,297.41,348.56,54.95,54.66,epias.com.tr,false,
2022-06-12 21:00:00,Turkey,Turkey,TR,302.32,353.71,54.28,53.84,epias.com.tr,false,
2022-06-12 22:00:00,Turkey,Turkey,TR,310.58,362.29,53.31,52.78,epias.com.tr,false,
2022-06-12 23:00:00,Turkey,Turkey,TR,313.68,364.3,53.92,53.38,epias.com.tr,false,
2022-06-13 00:00:00,Turkey,Turkey,TR,316.95,366.72,54.3,53.76,epias.com.tr,false,
2022-06-13 01:00:00,Turkey,Turkey,TR,320.87,371.09,53.6,53.06,epias.com.tr,false,
2022-06-13 02:00:00,Turkey,Turkey,TR,319.05,368.98,53.91,53.42,epias.com.tr,false,
2022-06-13 03:00:00,Turkey,Turkey,TR,324.66,375.18,53.08,52.63,epias.com.tr,false,
2022-06-13 04:00:00,Turkey,Turkey,TR,326.06,377.52,52.42,52.01,epias.com.tr,false,
2022-06-13 05:00:00,Turkey,Turkey,TR,321.24,374.37,51.62,51.27,epias.com.tr,false,
2022-06-13 06:00:00,Turkey,Turkey,TR,307.48,361.44,52.05,51.74,epias.com.tr,false,
2022-06-13 07:00:00,Turkey,Turkey,TR,293.28,347.8,53.01,52.73,epias.com.tr,false,
2022-06-13 08:00:00,Turkey,Turkey,TR,288.86,343.93,53.03,52.65,epias.com.tr,false,
2022-06-13 09:00:00,Turkey,Turkey,TR,297.72,353.54,51.57,51.26,epias.com.tr,false,
2022-06-13 10:00:00,Turkey,Turkey,TR,294.42,348.98,52.84,52.53,epias.com.tr,false,
2022-06-13 11:00:00,Turkey,Turkey,TR,301.04,356.78,51.28,51.03,epias.com.tr,false,
2022-06-13 12:00:00,Turkey,Turkey,TR,302.44,357.86,51.15,50.88,epias.com.tr,false,
2022-06-13 13:00:00,Turkey,Turkey,TR,303.3,358.94,50.81,50.51,epias.com.tr,false,
2022-06-13 14:00:00,Turkey,Turkey,TR,302.42,358.4,50.63,50.41,epias.com.tr,false,
2022-06-13 15:00:00,Turkey,Turkey,TR,307.62,363.17,50.35,50.13,epias.com.tr,false,
2022-06-13 16:00:00,Turkey,Turkey,TR,313.1,369.64,49.23,49.09,epias.com.tr,false,
2022-06-13 17:00:00,Turkey,Turkey,TR,313.53,369.93,49.47,49.32,epias.com.tr,false,
2022-06-13 18:00:00,Turkey,Turkey,TR,317.18,374.47,48.51,48.41,epias.com.tr,false,
2022-06-13 19:00:00,Turkey,Turkey,TR,319.97,376.69,48.69,48.55,epias.com.tr,false,
2022-06-13 20:00:00,Turkey,Turkey,TR,325.35,382.23,48.13,47.91,epias.com.tr,false,
2022-06-13 21:00:00,Turkey,Turkey,TR,328.45,385.15,48.04,47.75,epias.com.tr,false,
2022-06-13 22:00:00,Turkey,Turkey,TR,324.95,379.23,50.13,49.79,epias.com.tr,false,
2022-06-13 23:00:00,Turkey,Turkey,TR,334.22,387.97,49.63,49.22,epias.com.tr,false,
2022-06-14 00:00:00,Turkey,Turkey,TR,334.74,388.4,49.7,49.18,epias.com.tr,false,
2022-06-14 01:00:00,Turkey,Turkey,TR,344.1,398.38,48.48,48.0,epias.com.tr,false,
2022-06-14 02:00:00,Turkey,Turkey,TR,351.91,406.44,47.66,47.23,epias.com.tr,false,
2022-06-14 03:00:00,Turkey,Turkey,TR,357.07,411.52,47.3,46.85,epias.com.tr,false,
2022-06-14 04:00:00,Turkey,Turkey,TR,358.7,414.46,46.29,45.93,epias.com.tr,false,
2022-06-14 05:00:00,Turkey,Turkey,TR,347.74,404.65,46.58,46.2,epias.com.tr,false,
2022-06-14 06:00:00,Turkey,Turkey,TR,333.71,391.76,46.97,46.67,epias.com.tr,false,
2022-06-14 07:00:00,Turkey,Turkey,TR,330.42,387.87,47.57,47.23,epias.com.tr,false,
2022-06-14 08:00:00,Turkey,Turkey,TR,329.22,387.6,47.07,46.72,epias.com.tr,false,
2022-06-14 09:00:00,Turkey,Turkey,TR,326.26,384.51,47.37,47.06,epias.com.tr,false,
2022-06-14 10:00:00,Turkey,Turkey,TR,337.45,396.34,45.89,45.5,epias.com.tr,false,
2022-06-14 11:00:00,Turkey,Turkey,TR,331.72,391.31,45.92,45.58,epias.com.tr,false,
2022-06-14 12:00:00,Turkey,Turkey,TR,324.09,383.07,46.84,46.56,epias.com.tr,false,
2022-06-14 13:00:00,Turkey,Turkey,TR,322.27,380.38,47.48,47.15,epias.com.tr,false,
2022-06-14 14:00:00,Turkey,Turkey,TR,322.4,380.76,47.31,47.01,epias.com.tr,false,
2022-06-14 15:00:00,Turkey,Turkey,TR,318.93,376.11,48.46,48.15,epias.com.tr,false,
2022-06-14 16:00:00,Turkey,Turkey,TR,322.22,379.87,47.86,47.58,epias.com.tr,false,
2022-06-14 17:00:00,Turkey,Turkey,TR,320.12,377.64,48.2,47.96,epias.com.tr,false,
2022-06-14 18:00:00,Turkey,Turkey,TR,309.36,365.28,50.18,49.95,epias.com.tr,false,
2022-06-14 19:00:00,Turkey,Turkey,TR,309.17,365.36,49.99,49.78,epias.com.tr,false,
2022-06-14 20:00:00,Turkey,Turkey,TR,310.15,366.01,50.13,49.84,epias.com.tr,false,
2022-06-14 21:00:00,Turkey,Turkey,TR,312.29,367.01,50.75,50.34,epias.com.tr,false,
2022-06-14 22:00:00,Turkey,Turkey,TR,317.8,372.31,50.39,49.95,epias.com.tr,false,
2022-06-14 23:00:00,Turkey,Turkey,TR,318.03,372.02,50.84,50.37,epias.com.tr,false,
2022-06-15 00:00:00,Turkey,Turkey,TR,320.5,374.87,50.45,50.03,epias.com.tr,false,
2022-06-15 01:00:00,Turkey,Turkey,TR,317.76,372.05,50.97,50.52,epias.com.tr,false,
2022-06-15 02:00:00,Turkey,Turkey,TR,314.67,368.16,51.89,51.47,epias.com.tr,false,
2022-06-15 03:00:00,Turkey,Turkey,TR,329.45,384.23,49.65,49.22,epias.com.tr,false,
2022-06-15 04:00:00,Turkey,Turkey,TR,330.84,385.69,49.58,49.32,epias.com.tr,false,
2022-06-15 05:00:00,Turkey,Turkey,TR,334.05,390.6,48.13,47.98,epias.com.tr,false,
2022-06-15 06:00:00,Turkey,Turkey,TR,316.31,373.79,48.94,48.83,epias.com.tr,false,
2022-06-15 07:00:00,Turkey,Turkey,TR,304.46,361.06,50.59,50.43,epias.com.tr,false,
2022-06-15 08:00:00,Turkey,Turkey,TR,301.86,358.95,50.42,50.21,epias.com.tr,false,
2022-06-15 09:00:00,Turkey,Turkey,TR,304.65,362.1,49.83,49.61,epias.com.tr,false,
2022-06-15 10:00:00,Turkey,Turkey,TR,308.35,365.34,49.96,49.71,epias.com.tr,false,
2022-06-15 11:00:00,Turkey,Turkey,TR,310.83,369.24,48.67,48.41,epias.com.tr,false,
2022-06-15 12:00:00,Turkey,Turkey,TR,308.31,366.53,48.95,48.71,epias.com.tr,false,
2022-06-15 13:00:00,Turkey,Turkey,TR,308.71,365.89,49.56,49.34,epias.com.tr,false,
2022-06-15 14:00:00,Turkey,Turkey,TR,308.4,365.73,49.39,49.2,epias.com.tr,false,
2022-06-15 15:00:00,Turkey,Turkey,TR,304.66,361.93,49.81,49.62,epias.com.tr,false,
2022-06-15 16:00:00,Turkey,Turkey,TR,299.54,355.62,51.08,50.93,epias.com.tr,false,
2022-06-15 17:00:00,Turkey,Turkey,TR,294.47,350.03,51.95,51.81,epias.com.tr,false,
2022-06-15 18:00:00,Turkey,Turkey,TR,292.77,348.41,52.0,51.86,epias.com.tr,false,
2022-06-15 19:00:00,Turkey,Turkey,TR,294.25,349.19,52.32,52.16,epias.com.tr,false,
2022-06-15 20:00:00,Turkey,Turkey,TR,298.56,352.82,52.43,52.23,epias.com.tr,false,
2022-06-15 21:00:00,Turkey,Turkey,TR,311.19,366.56,50.56,50.28,epias.com.tr,false,
2022-06-15 22:00:00,Turkey,Turkey,TR,313.55,367.0,51.82,51.57,epias.com.tr,false,
2022-06-15 23:00:00,Turkey,Turkey,TR,318.61,370.71,52.38,52.08,epias.com.tr,false,
2022-06-16 00:00:00,Turkey,Turkey,TR,328.49,381.12,51.14,50.83,epias.com.tr,false,
2022-06-16 01:00:00,Turkey,Turkey,TR,338.09,391.68,49.65,49.32,epias.com.tr,false,
2022-06-16 02:00:00,Turkey,Turkey,TR,337.43,390.44,50.1,49.8,epias.com.tr,false,
2022-06-16 03:00:00,Turkey,Turkey,TR,344.71,398.37,49.07,48.78,epias.com.tr,false,
2022-06-16 04:00:00,Turkey,Turkey,TR,337.73,391.39,49.85,49.65,epias.com.tr,false,
2022-06-16 05:00:00,Turkey,Turkey,TR,338.28,392.6,49.33,49.13,epias.com.tr,false,
2022-06-16 06:00:00,Turkey,Turkey,TR,309.91,363.03,52.67,52.5,epias.com.tr,false,
2022-06-16 07:00:00,Turkey,Turkey,TR,296.75,349.28,54.28,54.17,epias.com.tr,false,
2022-06-16 08:00:00,Turkey,Turkey,TR,293.73,346.51,54.36,54.25,epias.com.tr,false,
2022-06-16 09:00:00,Turkey,Turkey,TR,288.76,341.95,54.61,54.5,epias.com.tr,false,
2022-06-16 10:00:00,Turkey,Turkey,TR,302.13,356.82,52.28,52.14,epias.com.tr,false,
2022-06-16 11:00:00,Turkey,Turkey,TR,302.96,358.68,51.33,51.2,epias.com.tr,false,
2022-06-16 12:00:00,Turkey,Turkey,TR,298.76,354.88,51.28,51.16,epias.com.tr,false,
2022-06-16 13:00:00,Turkey,Turkey,TR,291.38,346.44,52.64,52.52,epias.com.tr,false,
2022-06-16 14:00:00,Turkey,Turkey,TR,292.67,347.88,52.34,52.14,epias.com.tr,false,
2022-06-16 15:00:00,Turkey,Turkey,TR,291.4,346.53,52.5,52.31,epias.com.tr,false,
2022-06-16 16:00:00,Turkey,Turkey,TR,289.74,344.36,53.13,53.0,epias.com.tr,false,
2022-06-16 17:00:00,Turkey,Turkey,TR,290.34,345.36,52.84,52.69,epias.com.tr,false,
2022-06-16 18:00:00,Turkey,Turkey,TR,286.06,341.21,53.09,52.96,epias.com.tr,false,
2022-06-16 19:00:00,Turkey,Turkey,TR,281.41,335.83,54.12,53.96,epias.com.tr,false,
2022-06-16 20:00:00,Turkey,Turkey,TR,290.02,345.78,52.56,52.34,epias.com.tr,false,
2022-06-16 21:00:00,Turkey,Turkey,TR,303.57,361.0,50.3,50.06,epias.com.tr,false,
2022-06-16 22:00:00,Turkey,Turkey,TR,325.68,386.4,46.19,46.05,epias.com.tr,false,
2022-06-16 23:00:00,Turkey,Turkey,TR,335.8,396.62,45.33,45.19,epias.com.tr,false,
2022-06-17 00:00:00,Turkey,Turkey,TR,350.89,413.22,42.9,42.72,epias.com.tr,false,
2022-06-17 01:00:00,Turkey,Turkey,TR,363.65,427.35,40.78,40.58,epias.com.tr,false,
2022-06-17 02:00:00,Turkey,Turkey,TR,368.95,433.99,39.42,39.28,epias.com.tr,false,
2022-06-17 03:00:00,Turkey,Turkey,TR,369.13,433.49,39.97,39.92,epias.com.tr,false,
2022-06-17 04:00:00,Turkey,Turkey,TR,370.1,434.6,39.85,39.83,epias.com.tr,false,
2022-06-17 05:00:00,Turkey,Turkey,TR,354.82,418.44,41.96,41.96,epias.com.tr,false,
2022-06-17 06:00:00,Turkey,Turkey,TR,333.22,396.57,44.01,44.01,epias.com.tr,false,
2022-06-17 07:00:00,Turkey,Turkey,TR,323.7,386.81,45.08,45.07,epias.com.tr,false,
2022-06-17 08:00:00,Turkey,Turkey,TR,315.46,379.09,45.56,45.52,epias.com.tr,false,
2022-06-17 09:00:00,Turkey,Turkey,TR,315.37,377.82,46.26,46.2,epias.com.tr,false,
2022-06-17 10:00:00,Turkey,Turkey,TR,324.11,387.84,44.63,44.54,epias.com.tr,false,
2022-06-17 11:00:00,Turkey,Turkey,TR,326.07,390.03,44.29,44.17,epias.com.tr,false,
2022-06-17 12:00:00,Turkey,Turkey,TR,314.71,377.85,45.64,45.55,epias.com.tr,false,
2022-06-17 13:00:00,Turkey,Turkey,TR,308.03,369.76,47.07,46.98,epias.com.tr,false,
2022-06-17 14:00:00,Turkey,Turkey,TR,306.92,368.43,47.23,47.15,epias.com.tr,false,
2022-06-17 15:00:00,Turkey,Turkey,TR,304.33,365.23,47.82,47.72,epias.com.tr,false,
2022-06-17 16:00:00,Turkey,Turkey,TR,305.55,366.93,47.38,47.33,epias.com.tr,false,
2022-06-17 17:00:00,Turkey,Turkey,TR,306.85,368.51,47.09,47.07,epias.com.tr,false,
2022-06-17 18:00:00,Turkey,Turkey,TR,301.38,362.39,47.9,47.85,epias.com.tr,false,
2022-06-17 19:00:00,Turkey,Turkey,TR,299.94,360.7,48.23,48.17,epias.com.tr,false,
2022-06-17 20:00:00,Turkey,Turkey,TR,309.74,371.69,46.55,46.45,epias.com.tr,false,
2022-06-17 21:00:00,Turkey,Turkey,TR,324.89,388.12,44.37,44.2,epias.com.tr,false,
2022-06-17 22:00:00,Turkey,Turkey,TR,340.0,403.72,42.75,42.5,epias.com.tr,false,
2022-06-17 23:00:00,Turkey,Turkey,TR,351.45,415.88,41.33,41.0,epias.com.tr,false,
2022-06-18 00:00:00,Turkey,Turkey,TR,360.16,424.61,40.61,40.16,epias.com.tr,false,
2022-06-18 01:00:00,Turkey,Turkey,TR,365.4,429.89,40.15,39.67,epias.com.tr,false,
2022-06-18 02:00:00,Turkey,Turkey,TR,362.71,426.59,40.85,40.38,epias.com.tr,false,
2022-06-18 03:00:00,Turkey,Turkey,TR,363.85,427.11,41.18,40.78,epias.com.tr,false,
2022-06-18 04:00:00,Turkey,Turkey,TR,355.35,417.22,42.99,42.73,epias.com.tr,false,
2022-06-18 05:00:00,Turkey,Turkey,TR,344.91,405.56,44.71,44.52,epias.com.tr,false,
2022-06-18 06:00:00,Turkey,Turkey,TR,325.02,384.28,47.42,47.24,epias.com.tr,false,
2022-06-18 07:00:00,Turkey,Turkey,TR,318.17,375.79,49.0,48.79,epias.com.tr,false,
2022-06-18 08:00:00,Turkey,Turkey,TR,322.69,380.57,48.24,48.0,epias.com.tr,false,
2022-06-18 09:00:00,Turkey,Turkey,TR,314.72,372.08,49.33,49.11,epias.com.tr,false,
2022-06-18 10:00:00,Turkey,Turkey,TR,314.29,371.3,49.61,49.4,epias.com.tr,false,
2022-06-18 11:00:00,Turkey,Turkey,TR,305.89,362.12,50.78,50.58,epias.com.tr,false,
2022-06-18 12:00:00,Turkey,Turkey,TR,303.72,359.47,51.13,50.96,epias.com.tr,false,
2022-06-18 13:00:00,Turkey,Turkey,TR,303.49,359.4,50.99,50.83,epias.com.tr,false,
2022-06-18 14:00:00,Turkey,Turkey,TR,298.11,353.36,51.92,51.75,epias.com.tr,false,
2022-06-18 15:00:00,Turkey,Turkey,TR,292.26,347.02,52.72,52.57,epias.com.tr,false,
2022-06-18 16:00:00,Turkey,Turkey,TR,290.03,344.63,52.93,52.93,epias.com.tr,false,
2022-06-18 17:00:00,Turkey,Turkey,TR,290.63,345.16,52.88,52.88,epias.com.tr,false,
2022-06-18 18:00:00,Turkey,Turkey,TR,286.74,340.59,53.63,53.63,epias.com.tr,false,
2022-06-18 19:00:00,Turkey,Turkey,TR,289.32,343.3,53.34,53.34,epias.com.tr,false,
2022-06-18 20:00:00,Turkey,Turkey,TR,295.06,348.68,53.01,53.01,epias.com.tr,false,
2022-06-18 21:00:00,Turkey,Turkey,TR,308.07,362.77,51.17,51.16,epias.com.tr,false,
2022-06-18 22:00:00,Turkey,Turkey,TR,309.51,363.49,51.62,51.57,epias.com.tr,false,
2022-06-18 23:00:00,Turkey,Turkey,TR,322.12,377.08,49.84,49.69,epias.com.tr,false,
2022-06-19 00:00:00,Turkey,Turkey,TR,325.47,380.41,49.61,49.42,epias.com.tr,false,
2022-06-19 01:00:00,Turkey,Turkey,TR,328.61,382.28,50.23,50.04,epias.com.tr,false,
2022-06-19 02:00:00,Turkey,Turkey,TR,315.78,368.76,52.02,51.86,epias.com.tr,false,
2022-06-19 03:00:00,Turkey,Turkey,TR,308.27,358.99,54.27,54.25,epias.com.tr,false,
2022-06-19 04:00:00,Turkey,Turkey,TR,297.37,346.62,56.39,56.39,epias.com.tr,false,
2022-06-19 05:00:00,Turkey,Turkey,TR,286.24,334.77,58.21,58.21,epias.com.tr,false,
2022-06-19 06:00:00,Turkey,Turkey,TR,267.19,314.32,61.08,61.08,epias.com.tr,false,
2022-06-19 07:00:00,Turkey,Turkey,TR,258.2,304.53,62.48,62.41,epias.com.tr,false,
2022-06-19 08:00:00,Turkey,Turkey,TR,254.85,300.81,62.95,62.75,epias.com.tr,false,
2022-06-19 09:00:00,Turkey,Turkey,TR,263.3,309.5,61.94,61.71,epias.com.tr,false,
2022-06-19 10:00:00,Turkey,Turkey,TR,263.19,310.06,61.48,61.29,epias.com.tr,false,
2022-06-19 11:00:00,Turkey,Turkey,TR,253.88,300.89,62.25,61.92,epias.com.tr,false,
2022-06-19 12:00:00,Turkey,Turkey,TR,254.28,301.11,62.27,61.92,epias.com.tr,false,
2022-06-19 13:00:00,Turkey,Turkey,TR,252.07,298.61,62.63,62.25,epias.com.tr,false,
2022-06-19 14:00:00,Turkey,Turkey,TR,257.65,304.68,61.63,61.33,epias.com.tr,false,
2022-06-19 15:00:00,Turkey,Turkey,TR,274.7,322.75,59.25,59.11,epias.com.tr,false,
2022-06-19 16:00:00,Turkey,Turkey,TR,277.63,326.99,57.99,57.99,epias.com.tr,false,
2022-06-19 17:00:00,Turkey,Turkey,TR,287.09,337.33,56.45,56.45,epias.com.tr,false,
2022-06-19 18:00:00,Turkey,Turkey,TR,296.1,348.95,53.8,53.8,epias.com.tr,false,
2022-06-19 19:00:00,Turkey,Turkey,TR,298.85,351.23,53.83,53.83,epias.com.tr,false,
2022-06-19 20:00:00,Turkey,Turkey,TR,308.13,361.44,52.41,52.4,epias.com.tr,false,
2022-06-19 21:00:00,Turkey,Turkey,TR,320.88,375.65,50.33,50.33,epias.com.tr,false,
2022-06-19 22:00:00,Turkey,Turkey,TR,332.74,389.82,47.87,47.87,epias.com.tr,false,
2022-06-19 23:00:00,Turkey,Turkey,TR,346.84,405.74,45.55,45.54,epias.com.tr,false,
2022-06-20 00:00:00,Turkey,Turkey,TR,357.77,418.04,43.77,43.77,epias.com.tr,false,
2022-06-20 01:00:00,Turkey,Turkey,TR,364.01,424.93,42.86,42.86,epias.com.tr,false,
2022-06-20 02:00:00,Turkey,Turkey,TR,373.18,435.67,41.05,41.05,epias.com.tr,false,
2022-06-20 03:00:00,Turkey,Turkey,TR,379.55,442.51,40.22,40.22,epias.com.tr,false,
2022-06-20 04:00:00,Turkey,Turkey,TR,372.61,436.99,40.03,40.03,epias.com.tr,false,
2022-06-20 05:00:00,Turkey,Turkey,TR,365.95,432.07,39.5,39.5,epias.com.tr,false,
2022-06-20 06:00:00,Turkey,Turkey,TR,345.63,410.98,41.61,41.61,epias.com.tr,false,
2022-06-20 07:00:00,Turkey,Turkey,TR,338.15,403.67,42.03,42.03,epias.com.tr,false,
2022-06-20 08:00:00,Turkey,Turkey,TR,327.16,394.37,42.07,42.07,epias.com.tr,false,
2022-06-20 09:00:00,Turkey,Turkey,TR,321.73,388.86,42.58,42.58,epias.com.tr,false,
2022-06-20 10:00:00,Turkey,Turkey,TR,341.75,408.73,40.63,40.63,epias.com.tr,false,
2022-06-20 11:00:00,Turkey,Turkey,TR,340.75,408.17,40.42,40.42,epias.com.tr,false,
2022-06-20 12:00:00,Turkey,Turkey,TR,329.84,395.72,42.35,42.35,epias.com.tr,false,
2022-06-20 13:00:00,Turkey,Turkey,TR,331.47,397.81,41.84,41.83,epias.com.tr,false,
2022-06-20 14:00:00,Turkey,Turkey,TR,328.69,394.58,42.22,42.22,epias.com.tr,false,
2022-06-20 15:00:00,Turkey,Turkey,TR,326.17,391.31,42.9,42.9,epias.com.tr,false,
2022-06-20 16:00:00,Turkey,Turkey,TR,333.13,399.35,41.56,41.56,epias.com.tr,false,
2022-06-20 17:00:00,Turkey,Turkey,TR,337.57,404.39,40.81,40.8,epias.com.tr,false,
2022-06-20 18:00:00,Turkey,Turkey,TR,335.06,401.94,40.93,40.93,epias.com.tr,false,
2022-06-20 19:00:00,Turkey,Turkey,TR,332.16,398.33,41.79,41.78,epias.com.tr,false,
2022-06-20 20:00:00,Turkey,Turkey,TR,340.83,407.48,40.75,40.74,epias.com.tr,false,
2022-06-20 21:00:00,Turkey,Turkey,TR,359.82,428.72,37.47,37.37,epias.com.tr,false,
2022-06-20 22:00:00,Turkey,Turkey,TR,383.89,456.15,33.08,33.0,epias.com.tr,false,
2022-06-20 23:00:00,Turkey,Turkey,TR,396.47,469.48,31.47,31.24,epias.com.tr,false,
2022-06-21 00:00:00,Turkey,Turkey,TR,405.54,479.01,30.4,30.1,epias.com.tr,false,
2022-06-21 01:00:00,Turkey,Turkey,TR,409.62,482.7,30.34,30.07,epias.com.tr,false,
2022-06-21 02:00:00,Turkey,Turkey,TR,412.47,485.91,29.89,29.69,epias.com.tr,false,
2022-06-21 03:00:00,Turkey,Turkey,TR,413.76,488.17,29.26,29.18,epias.com.tr,false,
2022-06-21 04:00:00,Turkey,Turkey,TR,410.43,484.15,30.14,30.14,epias.com.tr,false,
2022-06-21 05:00:00,Turkey,Turkey,TR,406.77,479.54,31.05,31.05,epias.com.tr,false,
2022-06-21 06:00:00,Turkey,Turkey,TR,383.03,454.15,34.08,34.08,epias.com.tr,false,
2022-06-21 07:00:00,Turkey,Turkey,TR,368.58,438.69,35.98,35.9,epias.com.tr,false,
2022-06-21 08:00:00,Turkey,Turkey,TR,361.88,431.09,37.16,37.08,epias.com.tr,false,
2022-06-21 09:00:00,Turkey,Turkey,TR,355.79,423.87,38.39,38.26,epias.com.tr,false,
2022-06-21 10:00:00,Turkey,Turkey,TR,354.04,421.57,38.91,38.82,epias.com.tr,false,
2022-06-21 11:00:00,Turkey,Turkey,TR,353.36,421.25,38.6,38.54,epias.com.tr,false,
2022-06-21 12:00:00,Turkey,Turkey,TR,351.17,419.37,38.58,38.56,epias.com.tr,false,
2022-06-21 13:00:00,Turkey,Turkey,TR,350.02,417.16,39.34,39.31,epias.com.tr,false,
2022-06-21 14:00:00,Turkey,Turkey,TR,351.57,418.94,38.95,38.95,epias.com.tr,false,
2022-06-21 15:00:00,Turkey,Turkey,TR,349.56,415.89,39.81,39.81,epias.com.tr,false,
2022-06-21 16:00:00,Turkey,Turkey,TR,348.55,413.8,40.69,40.69,epias.com.tr,false,
2022-06-21 17:00:00,Turkey,Turkey,TR,346.03,410.13,41.72,41.72,epias.com.tr,false,
2022-06-21 18:00:00,Turkey,Turkey,TR,344.58,409.19,41.52,41.52,epias.com.tr,false,
2022-06-21 19:00:00,Turkey,Turkey,TR,341.33,405.55,42.06,41.97,epias.com.tr,false,
2022-06-21 20:00:00,Turkey,Turkey,TR,343.39,407.23,42.05,41.92,epias.com.tr,false,
2022-06-21 21:00:00,Turkey,Turkey,TR,357.43,422.04,40.26,40.04,epias.com.tr,false,
2022-06-21 22:00:00,Turkey,Turkey,TR,371.35,437.05,38.29,38.08,epias.com.tr,false,
2022-06-21 23:00:00,Turkey,Turkey,TR,376.79,442.47,37.89,37.68,epias.com.tr,false,
2022-06-22 00:00:00,Turkey,Turkey,TR,371.09,434.99,39.72,39.51,epias.com.tr,false,
2022-06-22 01:00:00,Turkey,Turkey,TR,377.93,442.93,38.49,38.28,epias.com.tr,false,
2022-06-22 02:00:00,Turkey,Turkey,TR,383.29,449.42,37.31,37.14,epias.com.tr,false,
2022-06-22 03:00:00,Turkey,Turkey,TR,385.02,450.11,37.81,37.74,epias.com.tr,false,
2022-06-22 04:00:00,Turkey,Turkey,TR,384.92,449.62,38.14,38.14,epias.com.tr,false,
2022-06-22 05:00:00,Turkey,Turkey,TR,384.09,449.62,37.65,37.64,epias.com.tr,false,
2022-06-22 06:00:00,Turkey,Turkey,TR,371.34,438.26,37.7,37.68,epias.com.tr,false,
2022-06-22 07:00:00,Turkey,Turkey,TR,354.59,420.83,39.72,39.67,epias.com.tr,false,
2022-06-22 08:00:00,Turkey,Turkey,TR,346.85,412.83,40.59,40.5,epias.com.tr,false,
2022-06-22 09:00:00,Turkey,Turkey,TR,347.71,413.65,40.42,40.33,epias.com.tr,false,
2022-06-22 10:00:00,Turkey,Turkey,TR,348.4,413.4,40.97,40.88,epias.com.tr,false,
2022-06-22 11:00:00,Turkey,Turkey,TR,347.57,413.0,40.75,40.65,epias.com.tr,false,
2022-06-22 12:00:00,Turkey,Turkey,TR,345.58,411.34,40.64,40.57,epias.com.tr,false,
2022-06-22 13:00:00,Turkey,Turkey,TR,346.83,412.15,40.81,40.72,epias.com.tr,false,
2022-06-22 14:00:00,Turkey,Turkey,TR,350.31,416.51,39.9,39.83,epias.com.tr,false,
2022-06-22 15:00:00,Turkey,Turkey,TR,346.96,412.62,40.54,40.49,epias.com.tr,false,
2022-06-22 16:00:00,Turkey,Turkey,TR,346.69,412.02,40.79,40.77,epias.com.tr,false,
2022-06-22 17:00:00,Turkey,Turkey,TR,350.8,416.64,40.06,40.06,epias.com.tr,false,
2022-06-22 18:00:00,Turkey,Turkey,TR,350.46,416.85,39.73,39.72,epias.com.tr,false,
2022-06-22 19:00:00,Turkey,Turkey,TR,347.97,414.05,40.23,40.23,epias.com.tr,false,
2022-06-22 20:00:00,Turkey,Turkey,TR,356.64,423.54,38.95,38.9,epias.com.tr,false,
2022-06-22 21:00:00,Turkey,Turkey,TR,368.38,435.96,37.4,37.28,epias.com.tr,false,
2022-06-22 22:00:00,Turkey,Turkey,TR,381.39,448.68,36.52,36.36,epias.com.tr,false,
2022-06-22 23:00:00,Turkey,Turkey,TR,389.82,456.9,36.02,35.86,epias.com.tr,false,
2022-06-23 00:00:00,Turkey,Turkey,TR,397.08,464.25,35.44,35.25,epias.com.tr,false,
2022-06-23 01:00:00,Turkey,Turkey,TR,401.48,470.26,34.16,33.97,epias.com.tr,false,
2022-06-23 02:00:00,Turkey,Turkey,TR,411.64,481.25,32.69,32.51,epias.com.tr,false,
2022-06-23 03:00:00,Turkey,Turkey,TR,409.0,477.79,33.64,33.54,epias.com.tr,false,
2022-06-23 04:00:00,Turkey,Turkey,TR,405.92,474.89,33.94,33.94,epias.com.tr,false,
2022-06-23 05:00:00,Turkey,Turkey,TR,409.87,479.66,32.97,32.97,epias.com.tr,false,
2022-06-23 06:00:00,Turkey,Turkey,TR,387.58,456.33,35.46,35.43,epias.com.tr,false,
2022-06-23 07:00:00,Turkey,Turkey,TR,371.37,438.56,37.82,37.68,epias.com.tr,false,
2022-06-23 08:00:00,Turkey,Turkey,TR,362.4,428.6,39.29,39.17,epias.com.tr,false,
2022-06-23 09:00:00,Turkey,Turkey,TR,357.42,422.84,40.23,40.12,epias.com.tr,false,
2022-06-23 10:00:00,Turkey,Turkey,TR,366.2,431.78,39.24,39.07,epias.com.tr,false,
2022-06-23 11:00:00,Turkey,Turkey,TR,360.48,426.54,39.35,39.22,epias.com.tr,false,
2022-06-23 12:00:00,Turkey,Turkey,TR,346.33,411.13,41.41,41.26,epias.com.tr,false,
2022-06-23 13:00:00,Turkey,Turkey,TR,342.53,406.81,42.13,42.01,epias.com.tr,false,
2022-06-23 14:00:00,Turkey,Turkey,TR,339.82,404.06,42.42,42.35,epias.com.tr,false,
2022-06-23 15:00:00,Turkey,Turkey,TR,338.38,402.65,42.59,42.51,epias.com.tr,false,
2022-06-23 16:00:00,Turkey,Turkey,TR,339.13,403.83,42.24,42.22,epias.com.tr,false,
2022-06-23 17:00:00,Turkey,Turkey,TR,343.61,409.25,41.11,41.11,epias.com.tr,false,
2022-06-23 18:00:00,Turkey,Turkey,TR,337.25,402.29,41.99,41.99,epias.com.tr,false,
2022-06-23 19:00:00,Turkey,Turkey,TR,336.88,401.25,42.44,42.4,epias.com.tr,false,
2022-06-23 20:00:00,Turkey,Turkey,TR,343.04,408.26,41.32,41.31,epias.com.tr,false,
2022-06-23 21:00:00,Turkey,Turkey,TR,354.61,420.53,39.77,39.64,epias.com.tr,false,
2022-06-23 22:00:00,Turkey,Turkey,TR,373.06,440.22,37.36,37.11,epias.com.tr,false,
2022-06-23 23:00:00,Turkey,Turkey,TR,383.44,450.83,36.34,36.1,epias.com.tr,false,
2022-06-24 00:00:00,Turkey,Turkey,TR,388.15,453.96,37.07,36.79,epias.com.tr,false,
2022-06-24 01:00:00,Turkey,Turkey,TR,394.19,459.67,36.76,36.46,epias.com.tr,false,
2022-06-24 02:00:00,Turkey,Turkey,TR,391.61,457.69,36.61,36.33,epias.com.tr,false,
2022-06-24 03:00:00,Turkey,Turkey,TR,403.93,469.88,35.5,35.19,epias.com.tr,false,
2022-06-24 04:00:00,Turkey,Turkey,TR,395.56,461.74,36.22,36.06,epias.com.tr,false,
2022-06-24 05:00:00,Turkey,Turkey,TR,395.38,462.42,35.59,35.43,epias.com.tr,false,
2022-06-24 06:00:00,Turkey,Turkey,TR,369.73,435.54,38.65,38.45,epias.com.tr,false,
2022-06-24 07:00:00,Turkey,Turkey,TR,354.36,418.58,41.14,40.94,epias.com.tr,false,
2022-06-24 08:00:00,Turkey,Turkey,TR,352.25,416.52,41.24,41.06,epias.com.tr,false,
2022-06-24 09:00:00,Turkey,Turkey,TR,345.88,409.38,42.26,42.09,epias.com.tr,false,
2022-06-24 10:00:00,Turkey,Turkey,TR,350.83,413.38,42.36,42.15,epias.com.tr,false,
2022-06-24 11:00:00,Turkey,Turkey,TR,345.04,407.54,42.88,42.68,epias.com.tr,false,
2022-06-24 12:00:00,Turkey,Turkey,TR,342.65,405.06,42.96,42.79,epias.com.tr,false,
2022-06-24 13:00:00,Turkey,Turkey,TR,341.67,403.18,43.51,43.33,epias.com.tr,false,
2022-06-24 14:00:00,Turkey,Turkey,TR,340.02,401.51,43.6,43.49,epias.com.tr,false,
2022-06-24 15:00:00,Turkey,Turkey,TR,341.52,402.28,43.94,43.78,epias.com.tr,false,
2022-06-24 16:00:00,Turkey,Turkey,TR,342.44,403.09,43.94,43.81,epias.com.tr,false,
2022-06-24 17:00:00,Turkey,Turkey,TR,342.72,403.83,43.61,43.51,epias.com.tr,false,
2022-06-24 18:00:00,Turkey,Turkey,TR,342.87,403.88,43.76,43.64,epias.com.tr,false,
2022-06-24 19:00:00,Turkey,Turkey,TR,342.68,403.44,44.06,43.92,epias.com.tr,false,
2022-06-24 20:00:00,Turkey,Turkey,TR,349.81,411.19,43.08,42.99,epias.com.tr,false,
2022-06-24 21:00:00,Turkey,Turkey,TR,362.25,424.6,41.24,40.98,epias.com.tr,false,
2022-06-24 22:00:00,Turkey,Turkey,TR,374.67,437.7,39.72,39.47,epias.com.tr,false,
2022-06-24 23:00:00,Turkey,Turkey,TR,385.21,448.27,38.88,38.56,epias.com.tr,false,
2022-06-25 00:00:00,Turkey,Turkey,TR,384.82,446.31,40.04,39.74,epias.com.tr,false,
2022-06-25 01:00:00,Turkey,Turkey,TR,386.08,447.59,40.07,39.77,epias.com.tr,false,
2022-06-25 02:00:00,Turkey,Turkey,TR,398.99,460.96,38.59,38.26,epias.com.tr,false,
2022-06-25 03:00:00,Turkey,Turkey,TR,406.67,470.28,36.85,36.53,epias.com.tr,false,
2022-06-25 04:00:00,Turkey,Turkey,TR,405.28,468.65,37.23,37.02,epias.com.tr,false,
2022-06-25 05:00:00,Turkey,Turkey,TR,399.14,461.59,38.44,38.26,epias.com.tr,false,
2022-06-25 06:00:00,Turkey,Turkey,TR,387.89,451.04,38.83,38.67,epias.com.tr,false,
2022-06-25 07:00:00,Turkey,Turkey,TR,380.82,444.79,38.83,38.62,epias.com.tr,false,
2022-06-25 08:00:00,Turkey,Turkey,TR,377.44,442.16,38.59,38.37,epias.com.tr,false,
2022-06-25 09:00:00,Turkey,Turkey,TR,375.27,440.19,38.62,38.44,epias.com.tr,false,
2022-06-25 10:00:00,Turkey,Turkey,TR,372.26,436.21,39.58,39.38,epias.com.tr,false,
2022-06-25 11:00:00,Turkey,Turkey,TR,368.7,432.15,40.24,40.11,epias.com.tr,false,
2022-06-25 12:00:00,Turkey,Turkey,TR,360.04,421.88,42.1,41.94,epias.com.tr,false,
2022-06-25 13:00:00,Turkey,Turkey,TR,352.0,412.95,43.44,43.28,epias.com.tr,false,
2022-06-25 14:00:00,Turkey,Turkey,TR,339.79,398.99,45.83,45.67,epias.com.tr,false,
2022-06-25 15:00:00,Turkey,Turkey,TR,350.11,411.24,43.53,43.42,epias.com.tr,false,
2022-06-25 16:00:00,Turkey,Turkey,TR,357.27,419.12,42.32,42.28,epias.com.tr,false,
2022-06-25 17:00:00,Turkey,Turkey,TR,355.92,417.78,42.43,42.43,epias.com.tr,false,
2022-06-25 18:00:00,Turkey,Turkey,TR,346.68,407.54,43.89,43.89,epias.com.tr,false,
2022-06-25 19:00:00,Turkey,Turkey,TR,346.63,407.63,43.84,43.83,epias.com.tr,false,
2022-06-25 20:00:00,Turkey,Turkey,TR,351.63,412.73,43.34,43.3,epias.com.tr,false,
2022-06-25 21:00:00,Turkey,Turkey,TR,350.41,411.46,43.67,43.53,epias.com.tr,false,
2022-06-25 22:00:00,Turkey,Turkey,TR,362.36,422.62,43.27,43.2,epias.com.tr,false,
2022-06-25 23:00:00,Turkey,Turkey,TR,375.5,436.53,41.59,41.48,epias.com.tr,false,
2022-06-26 00:00:00,Turkey,Turkey,TR,384.69,445.97,40.67,40.48,epias.com.tr,false,
2022-06-26 01:00:00,Turkey,Turkey,TR,391.78,453.76,39.57,39.32,epias.com.tr,false,
2022-06-26 02:00:00,Turkey,Turkey,TR,397.11,459.18,39.05,38.71,epias.com.tr,false,
2022-06-26 03:00:00,Turkey,Turkey,TR,401.31,464.66,37.96,37.42,epias.com.tr,false,
2022-06-26 04:00:00,Turkey,Turkey,TR,396.76,457.94,40.0,39.6,epias.com.tr,false,
2022-06-26 05:00:00,Turkey,Turkey,TR,372.21,430.61,44.57,44.41,epias.com.tr,false,
2022-06-26 06:00:00,Turkey,Turkey,TR,346.56,402.99,48.38,48.17,epias.com.tr,false,
2022-06-26 07:00:00,Turkey,Turkey,TR,337.5,393.24,49.55,49.4,epias.com.tr,false,
2022-06-26 08:00:00,Turkey,Turkey,TR,330.86,385.86,50.51,50.32,epias.com.tr,false,
2022-06-26 09:00:00,Turkey,Turkey,TR,324.63,379.82,50.94,50.77,epias.com.tr,false,
2022-06-26 10:00:00,Turkey,Turkey,TR,317.02,370.74,52.51,52.38,epias.com.tr,false,
2022-06-26 11:00:00,Turkey,Turkey,TR,310.9,363.58,53.48,53.25,epias.com.tr,false,
2022-06-26 12:00:00,Turkey,Turkey,TR,307.93,359.15,54.48,54.25,epias.com.tr,false,
2022-06-26 13:00:00,Turkey,Turkey,TR,309.73,360.98,54.18,53.99,epias.com.tr,false,
2022-06-26 14:00:00,Turkey,Turkey,TR,307.52,357.85,54.94,54.86,epias.com.tr,false,
2022-06-26 15:00:00,Turkey,Turkey,TR,307.98,358.08,54.89,54.89,epias.com.tr,false,
2022-06-26 16:00:00,Turkey,Turkey,TR,312.36,362.88,54.02,54.01,epias.com.tr,false,
2022-06-26 17:00:00,Turkey,Turkey,TR,317.64,369.94,52.26,52.25,epias.com.tr,false,
2022-06-26 18:00:00,Turkey,Turkey,TR,320.52,373.64,51.4,51.4,epias.com.tr,false,
2022-06-26 19:00:00,Turkey,Turkey,TR,322.95,376.4,51.01,51.01,epias.com.tr,false,
2022-06-26 20:00:00,Turkey,Turkey,TR,326.89,380.27,50.83,50.82,epias.com.tr,false,
2022-06-26 21:00:00,Turkey,Turkey,TR,328.78,381.83,50.9,50.84,epias.com.tr,false,
2022-06-26 22:00:00,Turkey,Turkey,TR,339.9,394.58,48.75,48.47,epias.com.tr,false,
2022-06-26 23:00:00,Turkey,Turkey,TR,351.27,406.73,47.13,46.82,epias.com.tr,false,
2022-06-27 00:00:00,Turkey,Turkey,TR,363.87,420.01,45.57,45.23,epias.com.tr,false,
2022-06-27 01:00:00,Turkey,Turkey,TR,365.2,421.39,45.49,45.11,epias.com.tr,false,
2022-06-27 02:00:00,Turkey,Turkey,TR,367.83,424.29,45.07,44.7,epias.com.tr,false,
2022-06-27 03:00:00,Turkey,Turkey,TR,376.88,434.38,43.72,43.59,epias.com.tr,false,
2022-06-27 04:00:00,Turkey,Turkey,TR,379.38,436.37,43.91,43.91,epias.com.tr,false,
2022-06-27 05:00:00,Turkey,Turkey,TR,370.75,427.85,44.5,44.5,epias.com.tr,false,
2022-06-27 06:00:00,Turkey,Turkey,TR,342.07,398.73,47.24,47.23,epias.com.tr,false,
2022-06-27 07:00:00,Turkey,Turkey,TR,330.19,386.66,48.35,48.3,epias.com.tr,false,
2022-06-27 08:00:00,Turkey,Turkey,TR,327.28,384.53,47.97,47.91,epias.com.tr,false,
2022-06-27 09:00:00,Turkey,Turkey,TR,315.82,371.47,50.05,49.96,epias.com.tr,false,
2022-06-27 10:00:00,Turkey,Turkey,TR,324.16,380.38,48.88,48.78,epias.com.tr,false,
2022-06-27 11:00:00,Turkey,Turkey,TR,325.6,382.23,48.31,48.24,epias.com.tr,false,
2022-06-27 12:00:00,Turkey,Turkey,TR,324.65,381.25,48.3,48.25,epias.com.tr,false,
2022-06-27 13:00:00,Turkey,Turkey,TR,327.85,385.33,47.36,47.36,epias.com.tr,false,
2022-06-27 14:00:00,Turkey,Turkey,TR,325.08,382.64,47.53,47.53,epias.com.tr,false,
2022-06-27 15:00:00,Turkey,Turkey,TR,321.52,378.25,48.4,48.39,epias.com.tr,false,
2022-06-27 16:00:00,Turkey,Turkey,TR,326.11,383.48,47.48,47.48,epias.com.tr,false,
2022-06-27 17:00:00,Turkey,Turkey,TR,322.36,379.97,47.69,47.69,epias.com.tr,false,
2022-06-27 18:00:00,Turkey,Turkey,TR,326.59,385.02,46.74,46.74,epias.com.tr,false,
2022-06-27 19:00:00,Turkey,Turkey,TR,329.94,388.89,46.15,46.15,epias.com.tr,false,
2022-06-27 20:00:00,Turkey,Turkey,TR,335.68,395.22,45.35,45.33,epias.com.tr,false,
2022-06-27 21:00:00,Turkey,Turkey,TR,347.67,408.23,43.67,43.55,epias.com.tr,false,
2022-06-27 22:00:00,Turkey,Turkey,TR,362.8,424.0,41.86,41.7,epias.com.tr,false,
2022-06-27 23:00:00,Turkey,Turkey,TR,373.03,434.69,40.73,40.54,epias.com.tr,false,
2022-06-28 00:00:00,Turkey,Turkey,TR,375.2,436.52,40.84,40.61,epias.com.tr,false,
2022-06-28 01:00:00,Turkey,Turkey,TR,389.61,451.18,39.33,39.11,epias.com.tr,false,
2022-06-28 02:00:00,Turkey,Turkey,TR,395.99,458.13,38.37,38.2,epias.com.tr,false,
2022-06-28 03:00:00,Turkey,Turkey,TR,390.1,450.77,39.91,39.7,epias.com.tr,false,
2022-06-28 04:00:00,Turkey,Turkey,TR,384.69,444.49,40.94,40.89,epias.com.tr,false,
2022-06-28 05:00:00,Turkey,Turkey,TR,373.34,433.32,41.9,41.89,epias.com.tr,false,
2022-06-28 06:00:00,Turkey,Turkey,TR,347.1,405.17,45.48,45.48,epias.com.tr,false,
2022-06-28 07:00:00,Turkey,Turkey,TR,344.18,403.42,44.78,44.77,epias.com.tr,false,
2022-06-28 08:00:00,Turkey,Turkey,TR,340.47,399.51,45.23,45.23,epias.com.tr,false,
2022-06-28 09:00:00,Turkey,Turkey,TR,337.95,396.74,45.56,45.55,epias.com.tr,false,
2022-06-28 10:00:00,Turkey,Turkey,TR,334.41,392.6,46.4,46.4,epias.com.tr,false,
2022-06-28 11:00:00,Turkey,Turkey,TR,337.96,397.04,45.4,45.39,epias.com.tr,false,
2022-06-28 12:00:00,Turkey,Turkey,TR,336.61,395.24,45.7,45.7,epias.com.tr,false,
2022-06-28 13:00:00,Turkey,Turkey,TR,334.27,392.53,46.17,46.16,epias.com.tr,false,
2022-06-28 14:00:00,Turkey,Turkey,TR,330.85,388.96,46.61,46.61,epias.com.tr,false,
2022-06-28 15:00:00,Turkey,Turkey,TR,324.44,382.26,47.49,47.48,epias.com.tr,false,
2022-06-28 16:00:00,Turkey,Turkey,TR,321.55,379.88,47.4,47.39,epias.com.tr,false,
2022-06-28 17:00:00,Turkey,Turkey,TR,315.11,372.56,48.63,48.63,epias.com.tr,false,
2022-06-28 18:00:00,Turkey,Turkey,TR,323.26,381.31,47.4,47.4,epias.com.tr,false,
2022-06-28 19:00:00,Turkey,Turkey,TR,324.24,382.52,47.15,47.14,epias.com.tr,false,
2022-06-28 20:00:00,Turkey,Turkey,TR,331.5,390.4,46.1,46.1,epias.com.tr,false,
2022-06-28 21:00:00,Turkey,Turkey,TR,346.99,407.03,43.94,43.85,epias.com.tr,false,
2022-06-28 22:00:00,Turkey,Turkey,TR,369.08,431.38,40.41,40.25,epias.com.tr,false,
2022-06-28 23:00:00,Turkey,Turkey,TR,381.67,444.7,38.77,38.55,epias.com.tr,false,
2022-06-29 00:00:00,Turkey,Turkey,TR,385.79,448.58,38.64,38.42,epias.com.tr,false,
2022-06-29 01:00:00,Turkey,Turkey,TR,385.12,446.66,39.62,39.35,epias.com.tr,false,
2022-06-29 02:00:00,Turkey,Turkey,TR,381.18,442.35,40.37,40.14,epias.com.tr,false,
2022-06-29 03:00:00,Turkey,Turkey,TR,383.12,442.36,41.52,41.31,epias.com.tr,false,
2022-06-29 04:00:00,Turkey,Turkey,TR,377.05,435.97,42.31,42.22,epias.com.tr,false,
2022-06-29 05:00:00,Turkey,Turkey,TR,374.64,433.97,42.26,42.25,epias.com.tr,false,
2022-06-29 06:00:00,Turkey,Turkey,TR,348.56,406.99,45.08,45.04,epias.com.tr,false,
2022-06-29 07:00:00,Turkey,Turkey,TR,335.89,394.32,46.25,46.25,epias.com.tr,false,
2022-06-29 08:00:00,Turkey,Turkey,TR,338.75,398.35,45.15,45.14,epias.com.tr,false,
2022-06-29 09:00:00,Turkey,Turkey,TR,334.12,392.77,46.13,46.07,epias.com.tr,false,
2022-06-29 10:00:00,Turkey,Turkey,TR,340.66,399.45,45.46,45.44,epias.com.tr,false,
2022-06-29 11:00:00,Turkey,Turkey,TR,335.15,394.36,45.65,45.58,epias.com.tr,false,
2022-06-29 12:00:00,Turkey,Turkey,TR,323.65,381.89,47.25,47.19,epias.com.tr,false,
2022-06-29 13:00:00,Turkey,Turkey,TR,321.28,378.93,47.81,47.78,epias.com.tr,false,
2022-06-29 14:00:00,Turkey,Turkey,TR,321.3,378.62,48.01,48.01,epias.com.tr,false,
2022-06-29 15:00:00,Turkey,Turkey,TR,318.61,375.25,48.69,48.69,epias.com.tr,false,
2022-06-29 16:00:00,Turkey,Turkey,TR,324.37,381.54,47.77,47.77,epias.com.tr,false,
2022-06-29 17:00:00,Turkey,Turkey,TR,328.42,386.05,47.1,47.1,epias.com.tr,false,
2022-06-29 18:00:00,Turkey,Turkey,TR,324.46,382.04,47.6,47.6,epias.com.tr,false,
2022-06-29 19:00:00,Turkey,Turkey,TR,326.21,384.26,47.28,47.28,epias.com.tr,false,
2022-06-29 20:00:00,Turkey,Turkey,TR,334.08,392.86,46.21,46.21,epias.com.tr,false,
2022-06-29 21:00:00,Turkey,Turkey,TR,340.02,398.48,45.91,45.84,epias.com.tr,false,
2022-06-29 22:00:00,Turkey,Turkey,TR,358.84,419.32,43.0,42.93,epias.com.tr,false,
2022-06-29 23:00:00,Turkey,Turkey,TR,370.66,431.91,41.52,41.43,epias.com.tr,false,
2022-06-30 00:00:00,Turkey,Turkey,TR,385.19,448.02,39.18,39.05,epias.com.tr,false,
2022-06-30 01:00:00,Turkey,Turkey,TR,390.97,453.34,38.99,38.83,epias.com.tr,false,
2022-06-30 02:00:00,Turkey,Turkey,TR,394.49,456.92,38.61,38.52,epias.com.tr,false,
2022-06-30 03:00:00,Turkey,Turkey,TR,397.99,460.13,38.55,38.54,epias.com.tr,false,
2022-06-30 04:00:00,Turkey,Turkey,TR,389.57,451.35,39.64,39.64,epias.com.tr,false,
2022-06-30 05:00:00,Turkey,Turkey,TR,388.74,450.67,39.52,39.52,epias.com.tr,false,
2022-06-30 06:00:00,Turkey,Turkey,TR,361.87,423.8,41.88,41.87,epias.com.tr,false,
2022-06-30 07:00:00,Turkey,Turkey,TR,350.34,412.04,42.99,42.99,epias.com.tr,false,
2022-06-30 08:00:00,Turkey,Turkey,TR,345.85,407.31,43.47,43.47,epias.com.tr,false,
2022-06-30 09:00:00,Turkey,Turkey,TR,342.56,403.46,44.05,44.05,epias.com.tr,false,
2022-06-30 10:00:00,Turkey,Turkey,TR,349.9,410.76,43.32,43.32,epias.com.tr,false,
2022-06-30 11:00:00,Turkey,Turkey,TR,344.88,405.78,43.6,43.6,epias.com.tr,false,
2022-06-30 12:00:00,Turkey,Turkey,TR,333.79,393.82,45.13,45.13,epias.com.tr,false,
2022-06-30 13:00:00,Turkey,Turkey,TR,330.4,389.85,45.75,45.74,epias.com.tr,false,
2022-06-30 14:00:00,Turkey,Turkey,TR,330.32,389.85,45.7,45.7,epias.com.tr,false,
2022-06-30 15:00:00,Turkey,Turkey,TR,328.11,386.95,46.33,46.31,epias.com.tr,false,
2022-06-30 16:00:00,Turkey,Turkey,TR,334.69,394.26,45.21,45.19,epias.com.tr,false,
2022-06-30 17:00:00,Turkey,Turkey,TR,330.4,388.95,46.26,46.26,epias.com.tr,false,
2022-06-30 18:00:00,Turkey,Turkey,TR,323.84,381.33,47.52,47.52,epias.com.tr,false,
2022-06-30 19:00:00,Turkey,Turkey,TR,322.81,380.09,47.72,47.71,epias.com.tr,false,
2022-06-30 20:00:00,Turkey,Turkey,TR,325.69,382.8,47.61,47.61,epias.com.tr,false,
2022-06-30 21:00:00,Turkey,Turkey,TR,339.33,398.31,45.17,45.17,epias.com.tr,false,
2022-06-30 22:00:00,Turkey,Turkey,TR,349.39,409.2,43.75,43.65,epias.com.tr,false,
2022-06-30 23:00:00,Turkey,Turkey,TR,361.76,421.6,42.67,42.51,epias.com.tr,false,
2022-07-01 00:00:00,Turkey,Turkey,TR,356.42,414.87,44.14,44.0,epias.com.tr,false,
2022-07-01 01:00:00,Turkey,Turkey,TR,355.28,413.47,44.53,44.4,epias.com.tr,false,
2022-07-01 02:00:00,Turkey,Turkey,TR,374.59,434.05,41.85,41.71,epias.com.tr,false,
2022-07-01 03:00:00,Turkey,Turkey,TR,375.75,436.31,41.12,41.04,epias.com.tr,false,
2022-07-01 04:00:00,Turkey,Turkey,TR,366.15,425.07,43.16,43.15,epias.com.tr,false,
2022-07-01 05:00:00,Turkey,Turkey,TR,356.76,414.93,44.51,44.5,epias.com.tr,false,
2022-07-01 06:00:00,Turkey,Turkey,TR,338.17,395.48,46.69,46.69,epias.com.tr,false,
2022-07-01 07:00:00,Turkey,Turkey,TR,329.61,386.48,47.74,47.74,epias.com.tr,false,
2022-07-01 08:00:00,Turkey,Turkey,TR,327.72,384.77,47.73,47.73,epias.com.tr,false,
2022-07-01 09:00:00,Turkey,Turkey,TR,322.87,379.7,48.21,48.21,epias.com.tr,false,
2022-07-01 10:00:00,Turkey,Turkey,TR,321.76,378.49,48.36,48.36,epias.com.tr,false,
2022-07-01 11:00:00,Turkey,Turkey,TR,312.69,369.07,49.46,49.46,epias.com.tr,false,
2022-07-01 12:00:00,Turkey,Turkey,TR,317.24,374.56,48.17,48.17,epias.com.tr,false,
2022-07-01 13:00:00,Turkey,Turkey,TR,313.3,369.84,49.06,49.06,epias.com.tr,false,
2022-07-01 14:00:00,Turkey,Turkey,TR,311.17,367.66,49.23,49.23,epias.com.tr,false,
2022-07-01 15:00:00,Turkey,Turkey,TR,310.99,367.32,49.42,49.42,epias.com.tr,false,
2022-07-01 16:00:00,Turkey,Turkey,TR,312.86,368.88,49.45,49.45,epias.com.tr,false,
2022-07-01 17:00:00,Turkey,Turkey,TR,312.28,368.04,49.68,49.68,epias.com.tr,false,
2022-07-01 18:00:00,Turkey,Turkey,TR,303.08,358.51,50.78,50.78,epias.com.tr,false,
2022-07-01 19:00:00,Turkey,Turkey,TR,294.62,348.76,52.38,52.38,epias.com.tr,false,
2022-07-01 20:00:00,Turkey,Turkey,TR,301.74,356.48,51.32,51.32,epias.com.tr,false,
2022-07-01 21:00:00,Turkey,Turkey,TR,315.01,371.65,48.85,48.85,epias.com.tr,false,
2022-07-01 22:00:00,Turkey,Turkey,TR,330.09,388.19,46.51,46.29,epias.com.tr,false,
2022-07-01 23:00:00,Turkey,Turkey,TR,334.36,391.63,46.76,46.46,epias.com.tr,false,
2022-07-02 00:00:00,Turkey,Turkey,TR,348.22,406.74,44.72,44.41,epias.com.tr,false,
2022-07-02 01:00:00,Turkey,Turkey,TR,353.05,412.36,43.84,43.53,epias.com.tr,false,
2022-07-02 02:00:00,Turkey,Turkey,TR,355.44,415.14,43.34,43.04,epias.com.tr,false,
2022-07-02 03:00:00,Turkey,Turkey,TR,356.21,414.75,44.17,43.87,epias.com.tr,false,
2022-07-02 04:00:00,Turkey,Turkey,TR,356.1,414.07,44.59,44.4,epias.com.tr,false,
2022-07-02 05:00:00,Turkey,Turkey,TR,355.96,413.87,44.67,44.58,epias.com.tr,false,
2022-07-02 06:00:00,Turkey,Turkey,TR,348.74,406.95,45.03,44.89,epias.com.tr,false,
2022-07-02 07:00:00,Turkey,Turkey,TR,336.99,394.4,46.53,46.37,epias.com.tr,false,
2022-07-02 08:00:00,Turkey,Turkey,TR,329.84,386.1,47.88,47.75,epias.com.tr,false,
2022-07-02 09:00:00,Turkey,Turkey,TR,321.78,376.51,49.56,49.45,epias.com.tr,false,
2022-07-02 10:00:00,Turkey,Turkey,TR,312.62,365.17,51.87,51.78,epias.com.tr,false,
2022-07-02 11:00:00,Turkey,Turkey,TR,311.2,363.34,52.1,51.97,epias.com.tr,false,
2022-07-02 12:00:00,Turkey,Turkey,TR,300.9,352.33,53.47,53.41,epias.com.tr,false,
2022-07-02 13:00:00,Turkey,Turkey,TR,292.05,343.08,54.54,54.42,epias.com.tr,false,
2022-07-02 14:00:00,Turkey,Turkey,TR,289.02,339.89,54.86,54.78,epias.com.tr,false,
2022-07-02 15:00:00,Turkey,Turkey,TR,292.22,343.14,54.45,54.38,epias.com.tr,false,
2022-07-02 16:00:00,Turkey,Turkey,TR,304.64,357.52,51.91,51.91,epias.com.tr,false,
2022-07-02 17:00:00,Turkey,Turkey,TR,311.87,366.49,50.12,50.12,epias.com.tr,false,
2022-07-02 18:00:00,Turkey,Turkey,TR,309.02,363.42,50.59,50.59,epias.com.tr,false,
2022-07-02 19:00:00,Turkey,Turkey,TR,305.15,359.14,51.25,51.25,epias.com.tr,false,
2022-07-02 20:00:00,Turkey,Turkey,TR,299.44,352.83,52.26,52.26,epias.com.tr,false,
2022-07-02 21:00:00,Turkey,Turkey,TR,290.21,341.66,54.53,54.53,epias.com.tr,false,
2022-07-02 22:00:00,Turkey,Turkey,TR,298.14,347.98,54.86,54.85,epias.com.tr,false,
2022-07-02 23:00:00,Turkey,Turkey,TR,300.93,349.86,55.3,55.22,epias.com.tr,false,
2022-07-03 00:00:00,Turkey,Turkey,TR,302.74,351.26,55.48,55.28,epias.com.tr,false,
2022-07-03 01:00:00,Turkey,Turkey,TR,307.64,356.57,54.79,54.58,epias.com.tr,false,
2022-07-03 02:00:00,Turkey,Turkey,TR,311.5,360.44,54.45,54.25,epias.com.tr,false,
2022-07-03 03:00:00,Turkey,Turkey,TR,315.42,364.79,53.87,53.67,epias.com.tr,false,
2022-07-03 04:00:00,Turkey,Turkey,TR,303.51,352.63,55.49,55.41,epias.com.tr,false,
2022-07-03 05:00:00,Turkey,Turkey,TR,294.66,343.85,56.6,56.5,epias.com.tr,false,
2022-07-03 06:00:00,Turkey,Turkey,TR,288.98,337.99,57.33,57.18,epias.com.tr,false,
2022-07-03 07:00:00,Turkey,Turkey,TR,280.21,328.37,58.77,58.58,epias.com.tr,false,
2022-07-03 08:00:00,Turkey,Turkey,TR,278.26,326.17,59.01,58.82,epias.com.tr,false,
2022-07-03 09:00:00,Turkey,Turkey,TR,273.33,320.55,59.79,59.61,epias.com.tr,false,
2022-07-03 10:00:00,Turkey,Turkey,TR,272.26,319.79,59.6,59.4,epias.com.tr,false,
2022-07-03 11:00:00,Turkey,Turkey,TR,265.92,312.65,60.57,60.36,epias.com.tr,false,
2022-07-03 12:00:00,Turkey,Turkey,TR,261.32,307.45,61.27,61.06,epias.com.tr,false,
2022-07-03 13:00:00,Turkey,Turkey,TR,260.03,305.81,61.52,61.31,epias.com.tr,false,
2022-07-03 14:00:00,Turkey,Turkey,TR,256.21,301.37,62.27,62.14,epias.com.tr,false,
2022-07-03 15:00:00,Turkey,Turkey,TR,257.15,302.64,61.87,61.8,epias.com.tr,false,
2022-07-03 16:00:00,Turkey,Turkey,TR,268.88,315.89,59.63,59.62,epias.com.tr,false,
2022-07-03 17:00:00,Turkey,Turkey,TR,275.72,323.35,58.52,58.52,epias.com.tr,false,
2022-07-03 18:00:00,Turkey,Turkey,TR,279.45,327.49,57.87,57.87,epias.com.tr,false,
2022-07-03 19:00:00,Turkey,Turkey,TR,281.04,329.23,57.6,57.59,epias.com.tr,false,
2022-07-03 20:00:00,Turkey,Turkey,TR,279.35,327.2,58.04,58.04,epias.com.tr,false,
2022-07-03 21:00:00,Turkey,Turkey,TR,289.43,337.7,56.83,56.73,epias.com.tr,false,
2022-07-03 22:00:00,Turkey,Turkey,TR,311.27,362.38,53.1,53.06,epias.com.tr,false,
2022-07-03 23:00:00,Turkey,Turkey,TR,323.28,375.66,51.28,51.26,epias.com.tr,false,
2022-07-04 00:00:00,Turkey,Turkey,TR,327.01,379.87,50.77,50.77,epias.com.tr,false,
2022-07-04 01:00:00,Turkey,Turkey,TR,327.1,380.32,50.68,50.68,epias.com.tr,false,
2022-07-04 02:00:00,Turkey,Turkey,TR,328.32,381.92,50.37,50.37,epias.com.tr,false,
2022-07-04 03:00:00,Turkey,Turkey,TR,336.27,390.4,49.28,49.28,epias.com.tr,false,
2022-07-04 04:00:00,Turkey,Turkey,TR,339.27,393.41,48.98,48.98,epias.com.tr,false,
2022-07-04 05:00:00,Turkey,Turkey,TR,351.08,407.84,46.05,46.04,epias.com.tr,false,
2022-07-04 06:00:00,Turkey,Turkey,TR,347.0,407.12,43.97,43.96,epias.com.tr,false,
2022-07-04 07:00:00,Turkey,Turkey,TR,341.78,403.4,43.34,43.34,epias.com.tr,false,
2022-07-04 08:00:00,Turkey,Turkey,TR,342.39,405.26,42.44,42.43,epias.com.tr,false,
2022-07-04 09:00:00,Turkey,Turkey,TR,339.15,401.85,42.85,42.85,epias.com.tr,false,
2022-07-04 10:00:00,Turkey,Turkey,TR,335.96,396.71,44.31,44.31,epias.com.tr,false,
2022-07-04 11:00:00,Turkey,Turkey,TR,333.51,394.39,44.38,44.37,epias.com.tr,false,
2022-07-04 12:00:00,Turkey,Turkey,TR,329.97,391.66,44.15,44.14,epias.com.tr,false,
2022-07-04 13:00:00,Turkey,Turkey,TR,327.72,389.39,44.29,44.28,epias.com.tr,false,
2022-07-04 14:00:00,Turkey,Turkey,TR,325.7,387.67,44.23,44.22,epias.com.tr,false,
2022-07-04 15:00:00,Turkey,Turkey,TR,322.2,384.06,44.62,44.62,epias.com.tr,false,
2022-07-04 16:00:00,Turkey,Turkey,TR,326.49,388.4,44.11,44.11,epias.com.tr,false,
2022-07-04 17:00:00,Turkey,Turkey,TR,326.4,388.27,44.12,44.11,epias.com.tr,false,
2022-07-04 18:00:00,Turkey,Turkey,TR,321.16,382.51,44.91,44.91,epias.com.tr,false,
2022-07-04 19:00:00,Turkey,Turkey,TR,319.52,380.3,45.41,45.41,epias.com.tr,false,
2022-07-04 20:00:00,Turkey,Turkey,TR,322.42,383.1,45.31,45.31,epias.com.tr,false,
2022-07-04 21:00:00,Turkey,Turkey,TR,321.21,380.39,46.58,46.57,epias.com.tr,false,
2022-07-04 22:00:00,Turkey,Turkey,TR,333.55,392.12,45.92,45.92,epias.com.tr,false,
2022-07-04 23:00:00,Turkey,Turkey,TR,340.32,399.77,44.81,44.81,epias.com.tr,false,
2022-07-05 00:00:00,Turkey,Turkey,TR,357.06,417.47,42.65,42.64,epias.com.tr,false,
2022-07-05 01:00:00,Turkey,Turkey,TR,360.31,420.52,42.54,42.54,epias.com.tr,false,
2022-07-05 02:00:00,Turkey,Turkey,TR,357.01,417.5,42.83,42.82,epias.com.tr,false,
2022-07-05 03:00:00,Turkey,Turkey,TR,360.4,420.39,42.95,42.94,epias.com.tr,false,
2022-07-05 04:00:00,Turkey,Turkey,TR,368.86,429.36,41.83,41.83,epias.com.tr,false,
2022-07-05 05:00:00,Turkey,Turkey,TR,360.85,421.8,42.3,42.3,epias.com.tr,false,
2022-07-05 06:00:00,Turkey,Turkey,TR,353.7,416.34,41.66,41.66,epias.com.tr,false,
2022-07-05 07:00:00,Turkey,Turkey,TR,347.92,410.68,42.08,42.07,epias.com.tr,false,
2022-07-05 08:00:00,Turkey,Turkey,TR,349.42,412.75,41.56,41.56,epias.com.tr,false,
2022-07-05 09:00:00,Turkey,Turkey,TR,344.86,408.32,41.89,41.89,epias.com.tr,false,
2022-07-05 10:00:00,Turkey,Turkey,TR,344.75,407.56,42.37,42.37,epias.com.tr,false,
2022-07-05 11:00:00,Turkey,Turkey,TR,343.68,406.26,42.44,42.44,epias.com.tr,false,
2022-07-05 12:00:00,Turkey,Turkey,TR,336.89,399.11,43.13,43.13,epias.com.tr,false,
2022-07-05 13:00:00,Turkey,Turkey,TR,335.79,396.81,43.96,43.96,epias.com.tr,false,
2022-07-05 14:00:00,Turkey,Turkey,TR,333.29,394.65,43.92,43.92,epias.com.tr,false,
2022-07-05 15:00:00,Turkey,Turkey,TR,332.67,393.68,44.19,44.18,epias.com.tr,false,
2022-07-05 16:00:00,Turkey,Turkey,TR,333.53,393.85,44.55,44.54,epias.com.tr,false,
2022-07-05 17:00:00,Turkey,Turkey,TR,336.03,396.92,43.85,43.85,epias.com.tr,false,
2022-07-05 18:00:00,Turkey,Turkey,TR,331.33,392.35,44.26,44.26,epias.com.tr,false,
2022-07-05 19:00:00,Turkey,Turkey,TR,328.41,389.12,44.78,44.78,epias.com.tr,false,
2022-07-05 20:00:00,Turkey,Turkey,TR,331.67,392.55,44.37,44.37,epias.com.tr,false,
2022-07-05 21:00:00,Turkey,Turkey,TR,336.87,398.0,43.88,43.79,epias.com.tr,false,
2022-07-05 22:00:00,Turkey,Turkey,TR,352.33,414.62,41.82,41.81,epias.com.tr,false,
2022-07-05 23:00:00,Turkey,Turkey,TR,365.44,429.04,39.89,39.85,epias.com.tr,false,
2022-07-06 00:00:00,Turkey,Turkey,TR,374.24,437.81,39.22,39.18,epias.com.tr,false,
2022-07-06 01:00:00,Turkey,Turkey,TR,374.24,437.65,39.42,39.39,epias.com.tr,false,
2022-07-06 02:00:00,Turkey,Turkey,TR,373.93,437.75,39.24,39.23,epias.com.tr,false,
2022-07-06 03:00:00,Turkey,Turkey,TR,384.02,448.82,37.67,37.67,epias.com.tr,false,
2022-07-06 04:00:00,Turkey,Turkey,TR,386.63,451.18,37.6,37.59,epias.com.tr,false,
2022-07-06 05:00:00,Turkey,Turkey,TR,384.95,449.88,37.54,37.53,epias.com.tr,false,
2022-07-06 06:00:00,Turkey,Turkey,TR,370.76,436.74,37.99,37.99,epias.com.tr,false,
2022-07-06 07:00:00,Turkey,Turkey,TR,362.89,429.09,38.45,38.45,epias.com.tr,false,
2022-07-06 08:00:00,Turkey,Turkey,TR,364.23,431.54,37.55,37.54,epias.com.tr,false,
2022-07-06 09:00:00,Turkey,Turkey,TR,361.31,428.03,38.14,38.14,epias.com.tr,false,
2022-07-06 10:00:00,Turkey,Turkey,TR,365.85,432.0,38.13,38.13,epias.com.tr,false,
2022-07-06 11:00:00,Turkey,Turkey,TR,364.2,430.65,38.05,38.04,epias.com.tr,false,
2022-07-06 12:00:00,Turkey,Turkey,TR,356.73,423.22,38.7,38.69,epias.com.tr,false,
2022-07-06 13:00:00,Turkey,Turkey,TR,351.64,418.06,39.24,39.23,epias.com.tr,false,
2022-07-06 14:00:00,Turkey,Turkey,TR,345.56,411.18,40.23,40.2,epias.com.tr,false,
2022-07-06 15:00:00,Turkey,Turkey,TR,342.13,407.01,41.07,41.01,epias.com.tr,false,
2022-07-06 16:00:00,Turkey,Turkey,TR,345.26,410.47,40.46,40.4,epias.com.tr,false,
2022-07-06 17:00:00,Turkey,Turkey,TR,346.76,412.24,40.07,40.01,epias.com.tr,false,
2022-07-06 18:00:00,Turkey,Turkey,TR,339.29,404.16,41.24,41.18,epias.com.tr,false,
2022-07-06 19:00:00,Turkey,Turkey,TR,342.22,407.34,40.86,40.8,epias.com.tr,false,
2022-07-06 20:00:00,Turkey,Turkey,TR,349.07,414.63,39.99,39.89,epias.com.tr,false,
2022-07-06 21:00:00,Turkey,Turkey,TR,360.47,426.52,38.56,38.41,epias.com.tr,false,
2022-07-06 22:00:00,Turkey,Turkey,TR,369.38,435.11,38.04,37.74,epias.com.tr,false,
2022-07-06 23:00:00,Turkey,Turkey,TR,374.23,440.17,37.55,37.21,epias.com.tr,false,
2022-07-07 00:00:00,Turkey,Turkey,TR,378.69,444.2,37.47,37.05,epias.com.tr,false,
2022-07-07 01:00:00,Turkey,Turkey,TR,376.72,441.29,38.3,37.92,epias.com.tr,false,
2022-07-07 02:00:00,Turkey,Turkey,TR,379.16,442.74,38.73,38.34,epias.com.tr,false,
2022-07-07 03:00:00,Turkey,Turkey,TR,381.46,444.61,38.84,38.5,epias.com.tr,false,
2022-07-07 04:00:00,Turkey,Turkey,TR,384.76,447.97,38.58,38.32,epias.com.tr,false,
2022-07-07 05:00:00,Turkey,Turkey,TR,383.96,448.48,37.83,37.7,epias.com.tr,false,
2022-07-07 06:00:00,Turkey,Turkey,TR,373.12,439.39,37.53,37.47,epias.com.tr,false,
2022-07-07 07:00:00,Turkey,Turkey,TR,367.48,433.73,37.98,37.95,epias.com.tr,false,
2022-07-07 08:00:00,Turkey,Turkey,TR,364.48,430.82,38.2,38.18,epias.com.tr,false,
2022-07-07 09:00:00,Turkey,Turkey,TR,363.14,429.3,38.51,38.46,epias.com.tr,false,
2022-07-07 10:00:00,Turkey,Turkey,TR,363.1,428.26,39.25,39.15,epias.com.tr,false,
2022-07-07 11:00:00,Turkey,Turkey,TR,360.36,425.96,39.19,39.08,epias.com.tr,false,
2022-07-07 12:00:00,Turkey,Turkey,TR,350.93,415.47,40.65,40.52,epias.com.tr,false,
2022-07-07 13:00:00,Turkey,Turkey,TR,351.6,415.97,40.62,40.5,epias.com.tr,false,
2022-07-07 14:00:00,Turkey,Turkey,TR,350.75,415.05,40.7,40.54,epias.com.tr,false,
2022-07-07 15:00:00,Turkey,Turkey,TR,350.32,414.09,41.05,40.9,epias.com.tr,false,
2022-07-07 16:00:00,Turkey,Turkey,TR,353.39,417.3,40.64,40.48,epias.com.tr,false,
2022-07-07 17:00:00,Turkey,Turkey,TR,349.72,413.04,41.37,41.23,epias.com.tr,false,
2022-07-07 18:00:00,Turkey,Turkey,TR,345.08,408.31,41.89,41.75,epias.com.tr,false,
2022-07-07 19:00:00,Turkey,Turkey,TR,343.41,406.3,42.27,42.19,epias.com.tr,false,
2022-07-07 20:00:00,Turkey,Turkey,TR,346.25,409.01,42.13,42.02,epias.com.tr,false,
2022-07-07 21:00:00,Turkey,Turkey,TR,351.45,414.18,41.82,41.58,epias.com.tr,false,
2022-07-07 22:00:00,Turkey,Turkey,TR,351.28,413.03,42.61,42.2,epias.com.tr,false,
2022-07-07 23:00:00,Turkey,Turkey,TR,354.15,415.41,42.79,42.41,epias.com.tr,false,
2022-07-08 00:00:00,Turkey,Turkey,TR,350.37,410.2,44.29,43.87,epias.com.tr,false,
2022-07-08 01:00:00,Turkey,Turkey,TR,352.1,412.32,44.0,43.55,epias.com.tr,false,
2022-07-08 02:00:00,Turkey,Turkey,TR,354.73,415.28,43.68,43.25,epias.com.tr,false,
2022-07-08 03:00:00,Turkey,Turkey,TR,370.8,431.36,42.17,41.79,epias.com.tr,false,
2022-07-08 04:00:00,Turkey,Turkey,TR,372.68,432.04,42.94,42.75,epias.com.tr,false,
2022-07-08 05:00:00,Turkey,Turkey,TR,366.64,425.21,44.16,44.02,epias.com.tr,false,
2022-07-08 06:00:00,Turkey,Turkey,TR,353.88,411.0,46.32,46.17,epias.com.tr,false,
2022-07-08 07:00:00,Turkey,Turkey,TR,343.39,399.5,48.02,47.82,epias.com.tr,false,
2022-07-08 08:00:00,Turkey,Turkey,TR,345.02,401.0,47.91,47.7,epias.com.tr,false,
2022-07-08 09:00:00,Turkey,Turkey,TR,338.72,394.26,48.8,48.52,epias.com.tr,false,
2022-07-08 10:00:00,Turkey,Turkey,TR,335.77,391.66,48.75,48.51,epias.com.tr,false,
2022-07-08 11:00:00,Turkey,Turkey,TR,324.91,379.79,50.42,50.2,epias.com.tr,false,
2022-07-08 12:00:00,Turkey,Turkey,TR,320.05,374.46,51.2,51.0,epias.com.tr,false,
2022-07-08 13:00:00,Turkey,Turkey,TR,321.53,376.06,50.93,50.76,epias.com.tr,false,
2022-07-08 14:00:00,Turkey,Turkey,TR,316.57,371.19,51.34,51.18,epias.com.tr,false,
2022-07-08 15:00:00,Turkey,Turkey,TR,319.41,375.39,50.07,49.91,epias.com.tr,false,
2022-07-08 16:00:00,Turkey,Turkey,TR,323.66,381.12,48.55,48.47,epias.com.tr,false,
2022-07-08 17:00:00,Turkey,Turkey,TR,323.39,380.59,48.69,48.57,epias.com.tr,false,
2022-07-08 18:00:00,Turkey,Turkey,TR,327.8,386.26,47.41,47.3,epias.com.tr,false,
2022-07-08 19:00:00,Turkey,Turkey,TR,326.23,385.48,47.12,47.12,epias.com.tr,false,
2022-07-08 20:00:00,Turkey,Turkey,TR,330.4,389.1,47.12,47.04,epias.com.tr,false,
2022-07-08 21:00:00,Turkey,Turkey,TR,326.56,382.42,49.54,49.39,epias.com.tr,false,
2022-07-08 22:00:00,Turkey,Turkey,TR,312.38,363.35,54.41,54.03,epias.com.tr,false,
2022-07-08 23:00:00,Turkey,Turkey,TR,313.32,364.49,54.54,54.11,epias.com.tr,false,
2022-07-09 00:00:00,Turkey,Turkey,TR,320.54,372.86,53.29,52.9,epias.com.tr,false,
2022-07-09 01:00:00,Turkey,Turkey,TR,325.15,378.2,52.48,52.04,epias.com.tr,false,
2022-07-09 02:00:00,Turkey,Turkey,TR,327.72,380.81,52.25,51.8,epias.com.tr,false,
2022-07-09 03:00:00,Turkey,Turkey,TR,342.52,396.37,50.35,49.79,epias.com.tr,false,
2022-07-09 04:00:00,Turkey,Turkey,TR,337.49,392.14,50.48,50.02,epias.com.tr,false,
2022-07-09 05:00:00,Turkey,Turkey,TR,313.76,366.77,54.14,53.65,epias.com.tr,false,
2022-07-09 06:00:00,Turkey,Turkey,TR,294.53,346.46,56.88,56.35,epias.com.tr,false,
2022-07-09 07:00:00,Turkey,Turkey,TR,261.89,312.76,60.89,60.44,epias.com.tr,false,
2022-07-09 08:00:00,Turkey,Turkey,TR,256.32,306.81,61.7,61.31,epias.com.tr,false,
2022-07-09 09:00:00,Turkey,Turkey,TR,255.59,305.65,61.97,61.56,epias.com.tr,false,
2022-07-09 10:00:00,Turkey,Turkey,TR,251.4,301.1,62.47,62.07,epias.com.tr,false,
2022-07-09 11:00:00,Turkey,Turkey,TR,243.62,292.5,63.37,62.97,epias.com.tr,false,
2022-07-09 12:00:00,Turkey,Turkey,TR,235.84,283.55,64.64,64.27,epias.com.tr,false,
2022-07-09 13:00:00,Turkey,Turkey,TR,230.01,277.12,65.47,65.13,epias.com.tr,false,
2022-07-09 14:00:00,Turkey,Turkey,TR,229.09,276.01,65.32,65.08,epias.com.tr,false,
2022-07-09 15:00:00,Turkey,Turkey,TR,258.48,305.77,62.03,61.79,epias.com.tr,false,
2022-07-09 16:00:00,Turkey,Turkey,TR,271.71,321.29,59.09,58.82,epias.com.tr,false,
2022-07-09 17:00:00,Turkey,Turkey,TR,284.21,335.26,56.74,56.53,epias.com.tr,false,
2022-07-09 18:00:00,Turkey,Turkey,TR,277.16,327.73,57.62,57.41,epias.com.tr,false,
2022-07-09 19:00:00,Turkey,Turkey,TR,270.52,320.58,58.63,58.47,epias.com.tr,false,
2022-07-09 20:00:00,Turkey,Turkey,TR,271.03,320.07,59.26,58.99,epias.com.tr,false,
2022-07-09 21:00:00,Turkey,Turkey,TR,264.7,312.94,60.64,60.35,epias.com.tr,false,
2022-07-09 22:00:00,Turkey,Turkey,TR,262.77,310.61,61.28,60.82,epias.com.tr,false,
2022-07-09 23:00:00,Turkey,Turkey,TR,274.63,324.18,59.29,58.78,epias.com.tr,false,
2022-07-10 00:00:00,Turkey,Turkey,TR,284.53,335.43,57.71,57.2,epias.com.tr,false,
2022-07-10 01:00:00,Turkey,Turkey,TR,287.01,336.83,58.15,57.57,epias.com.tr,false,
2022-07-10 02:00:00,Turkey,Turkey,TR,288.35,338.0,58.25,57.78,epias.com.tr,false,
2022-07-10 03:00:00,Turkey,Turkey,TR,297.34,347.56,57.04,56.54,epias.com.tr,false,
2022-07-10 04:00:00,Turkey,Turkey,TR,278.7,328.7,58.95,58.46,epias.com.tr,false,
2022-07-10 05:00:00,Turkey,Turkey,TR,250.61,300.56,61.98,61.53,epias.com.tr,false,
2022-07-10 06:00:00,Turkey,Turkey,TR,240.88,289.99,63.52,62.98,epias.com.tr,false,
2022-07-10 07:00:00,Turkey,Turkey,TR,233.41,281.72,64.72,64.22,epias.com.tr,false,
2022-07-10 08:00:00,Turkey,Turkey,TR,229.19,276.95,65.43,64.96,epias.com.tr,false,
2022-07-10 09:00:00,Turkey,Turkey,TR,225.0,272.16,66.12,65.6,epias.com.tr,false,
2022-07-10 10:00:00,Turkey,Turkey,TR,222.23,269.01,66.51,66.0,epias.com.tr,false,
2022-07-10 11:00:00,Turkey,Turkey,TR,215.32,261.58,67.18,66.73,epias.com.tr,false,
2022-07-10 12:00:00,Turkey,Turkey,TR,208.22,253.6,68.4,67.99,epias.com.tr,false,
2022-07-10 13:00:00,Turkey,Turkey,TR,207.31,252.83,68.24,67.86,epias.com.tr,false,
2022-07-10 14:00:00,Turkey,Turkey,TR,223.75,270.74,65.6,65.21,epias.com.tr,false,
2022-07-10 15:00:00,Turkey,Turkey,TR,239.42,287.54,63.19,62.87,epias.com.tr,false,
2022-07-10 16:00:00,Turkey,Turkey,TR,251.88,301.0,61.16,60.85,epias.com.tr,false,
2022-07-10 17:00:00,Turkey,Turkey,TR,264.09,314.66,59.01,58.74,epias.com.tr,false,
2022-07-10 18:00:00,Turkey,Turkey,TR,262.99,314.88,58.17,57.9,epias.com.tr,false,
2022-07-10 19:00:00,Turkey,Turkey,TR,263.36,316.11,57.64,57.49,epias.com.tr,false,
2022-07-10 20:00:00,Turkey,Turkey,TR,265.09,317.52,57.77,57.6,epias.com.tr,false,
2022-07-10 21:00:00,Turkey,Turkey,TR,272.69,325.57,56.89,56.64,epias.com.tr,false,
2022-07-10 22:00:00,Turkey,Turkey,TR,279.85,333.46,55.75,55.46,epias.com.tr,false,
2022-07-10 23:00:00,Turkey,Turkey,TR,285.6,339.78,55.0,54.62,epias.com.tr,false,
2022-07-11 00:00:00,Turkey,Turkey,TR,290.43,345.26,54.24,53.79,epias.com.tr,false,
2022-07-11 01:00:00,Turkey,Turkey,TR,299.57,355.03,53.07,52.59,epias.com.tr,false,
2022-07-11 02:00:00,Turkey,Turkey,TR,299.65,355.1,53.23,52.87,epias.com.tr,false,
2022-07-11 03:00:00,Turkey,Turkey,TR,310.0,365.83,52.19,51.95,epias.com.tr,false,
2022-07-11 04:00:00,Turkey,Turkey,TR,300.42,356.85,52.98,52.76,epias.com.tr,false,
2022-07-11 05:00:00,Turkey,Turkey,TR,275.17,329.59,56.88,56.76,epias.com.tr,false,
2022-07-11 06:00:00,Turkey,Turkey,TR,261.36,313.99,59.38,59.22,epias.com.tr,false,
2022-07-11 07:00:00,Turkey,Turkey,TR,256.44,308.59,60.11,59.9,epias.com.tr,false,
2022-07-11 08:00:00,Turkey,Turkey,TR,253.84,305.66,60.37,60.17,epias.com.tr,false,
2022-07-11 09:00:00,Turkey,Turkey,TR,258.45,310.69,59.52,59.34,epias.com.tr,false,
2022-07-11 10:00:00,Turkey,Turkey,TR,278.07,331.0,57.13,56.97,epias.com.tr,false,
2022-07-11 11:00:00,Turkey,Turkey,TR,283.22,336.58,56.31,56.14,epias.com.tr,false,
2022-07-11 12:00:00,Turkey,Turkey,TR,285.64,338.91,56.14,55.98,epias.com.tr,false,
2022-07-11 13:00:00,Turkey,Turkey,TR,286.67,339.8,55.97,55.81,epias.com.tr,false,
2022-07-11 14:00:00,Turkey,Turkey,TR,286.48,340.81,55.18,54.94,epias.com.tr,false,
2022-07-11 15:00:00,Turkey,Turkey,TR,292.93,347.59,54.07,53.89,epias.com.tr,false,
2022-07-11 16:00:00,Turkey,Turkey,TR,295.78,352.14,52.47,52.35,epias.com.tr,false,
2022-07-11 17:00:00,Turkey,Turkey,TR,288.83,344.8,53.04,52.86,epias.com.tr,false,
2022-07-11 18:00:00,Turkey,Turkey,TR,281.03,335.54,54.64,54.5,epias.com.tr,false,
2022-07-11 19:00:00,Turkey,Turkey,TR,278.81,332.45,55.37,55.21,epias.com.tr,false,
2022-07-11 20:00:00,Turkey,Turkey,TR,285.54,339.53,54.59,54.44,epias.com.tr,false,
2022-07-11 21:00:00,Turkey,Turkey,TR,297.31,352.68,52.65,52.49,epias.com.tr,false,
2022-07-11 22:00:00,Turkey,Turkey,TR,305.34,359.94,52.58,52.39,epias.com.tr,false,
2022-07-11 23:00:00,Turkey,Turkey,TR,317.1,371.86,51.41,51.26,epias.com.tr,false,
2022-07-12 00:00:00,Turkey,Turkey,TR,329.53,384.69,50.07,49.97,epias.com.tr,false,
2022-07-12 01:00:00,Turkey,Turkey,TR,320.07,371.81,53.52,53.42,epias.com.tr,false,
2022-07-12 02:00:00,Turkey,Turkey,TR,321.69,372.81,53.84,53.75,epias.com.tr,false,
2022-07-12 03:00:00,Turkey,Turkey,TR,326.07,378.01,53.02,52.95,epias.com.tr,false,
2022-07-12 04:00:00,Turkey,Turkey,TR,312.01,363.5,54.72,54.69,epias.com.tr,false,
2022-07-12 05:00:00,Turkey,Turkey,TR,307.37,358.31,55.43,55.43,epias.com.tr,false,
2022-07-12 06:00:00,Turkey,Turkey,TR,281.22,331.03,58.8,58.73,epias.com.tr,false,
2022-07-12 07:00:00,Turkey,Turkey,TR,279.54,328.72,59.26,59.15,epias.com.tr,false,
2022-07-12 08:00:00,Turkey,Turkey,TR,275.69,324.66,59.74,59.6,epias.com.tr,false,
2022-07-12 09:00:00,Turkey,Turkey,TR,287.84,336.64,58.57,58.42,epias.com.tr,false,
2022-07-12 10:00:00,Turkey,Turkey,TR,301.75,351.21,56.79,56.7,epias.com.tr,false,
2022-07-12 11:00:00,Turkey,Turkey,TR,299.05,348.28,57.21,57.09,epias.com.tr,false,
2022-07-12 12:00:00,Turkey,Turkey,TR,291.26,340.11,58.25,58.21,epias.com.tr,false,
2022-07-12 13:00:00,Turkey,Turkey,TR,289.41,338.35,58.16,58.15,epias.com.tr,false,
2022-07-12 14:00:00,Turkey,Turkey,TR,287.0,335.8,58.32,58.26,epias.com.tr,false,
2022-07-12 15:00:00,Turkey,Turkey,TR,284.42,332.73,58.69,58.55,epias.com.tr,false,
2022-07-12 16:00:00,Turkey,Turkey,TR,283.97,332.46,58.41,58.27,epias.com.tr,false,
2022-07-12 17:00:00,Turkey,Turkey,TR,293.68,345.31,55.24,55.06,epias.com.tr,false,
2022-07-12 18:00:00,Turkey,Turkey,TR,296.56,350.73,53.22,53.11,epias.com.tr,false,
2022-07-12 19:00:00,Turkey,Turkey,TR,297.21,351.45,53.06,52.93,epias.com.tr,false,
2022-07-12 20:00:00,Turkey,Turkey,TR,300.49,354.29,53.01,52.91,epias.com.tr,false,
2022-07-12 21:00:00,Turkey,Turkey,TR,312.94,367.89,51.15,51.06,epias.com.tr,false,
2022-07-12 22:00:00,Turkey,Turkey,TR,323.5,378.89,50.01,49.88,epias.com.tr,false,
2022-07-12 23:00:00,Turkey,Turkey,TR,335.38,390.92,48.88,48.66,epias.com.tr,false,
2022-07-13 00:00:00,Turkey,Turkey,TR,347.06,403.34,47.29,47.09,epias.com.tr,false,
2022-07-13 01:00:00,Turkey,Turkey,TR,342.91,399.22,47.79,47.56,epias.com.tr,false,
2022-07-13 02:00:00,Turkey,Turkey,TR,335.92,389.88,50.24,50.04,epias.com.tr,false,
2022-07-13 03:00:00,Turkey,Turkey,TR,348.42,402.12,49.23,49.13,epias.com.tr,false,
2022-07-13 04:00:00,Turkey,Turkey,TR,362.08,416.96,47.13,47.07,epias.com.tr,false,
2022-07-13 05:00:00,Turkey,Turkey,TR,368.06,423.99,45.81,45.78,epias.com.tr,false,
2022-07-13 06:00:00,Turkey,Turkey,TR,340.91,397.65,47.7,47.62,epias.com.tr,false,
2022-07-13 07:00:00,Turkey,Turkey,TR,338.37,395.65,47.39,47.24,epias.com.tr,false,
2022-07-13 08:00:00,Turkey,Turkey,TR,335.61,392.97,47.46,47.35,epias.com.tr,false,
2022-07-13 09:00:00,Turkey,Turkey,TR,335.12,391.7,48.01,47.87,epias.com.tr,false,
2022-07-13 10:00:00,Turkey,Turkey,TR,330.23,386.57,48.67,48.57,epias.com.tr,false,
2022-07-13 11:00:00,Turkey,Turkey,TR,327.15,383.0,49.17,49.08,epias.com.tr,false,
2022-07-13 12:00:00,Turkey,Turkey,TR,327.34,382.79,49.21,49.17,epias.com.tr,false,
2022-07-13 13:00:00,Turkey,Turkey,TR,328.38,383.29,49.32,49.32,epias.com.tr,false,
2022-07-13 14:00:00,Turkey,Turkey,TR,327.54,383.24,48.72,48.63,epias.com.tr,false,
2022-07-13 15:00:00,Turkey,Turkey,TR,326.28,381.29,49.15,49.05,epias.com.tr,false,
2022-07-13 16:00:00,Turkey,Turkey,TR,324.66,380.07,49.0,48.86,epias.com.tr,false,
2022-07-13 17:00:00,Turkey,Turkey,TR,324.72,381.55,48.04,47.91,epias.com.tr,false,
2022-07-13 18:00:00,Turkey,Turkey,TR,316.78,373.46,48.85,48.72,epias.com.tr,false,
2022-07-13 19:00:00,Turkey,Turkey,TR,316.2,373.24,48.68,48.61,epias.com.tr,false,
2022-07-13 20:00:00,Turkey,Turkey,TR,314.4,370.2,49.74,49.65,epias.com.tr,false,
2022-07-13 21:00:00,Turkey,Turkey,TR,321.82,377.02,49.45,49.36,epias.com.tr,false,
2022-07-13 22:00:00,Turkey,Turkey,TR,325.44,379.4,50.02,49.8,epias.com.tr,false,
2022-07-13 23:00:00,Turkey,Turkey,TR,330.03,382.85,50.33,50.11,epias.com.tr,false,
2022-07-14 00:00:00,Turkey,Turkey,TR,335.32,388.57,49.67,49.44,epias.com.tr,false,
2022-07-14 01:00:00,Turkey,Turkey,TR,346.21,400.85,47.76,47.54,epias.com.tr,false,
2022-07-14 02:00:00,Turkey,Turkey,TR,341.68,395.04,49.13,48.94,epias.com.tr,false,
2022-07-14 03:00:00,Turkey,Turkey,TR,346.35,398.78,49.3,49.18,epias.com.tr,false,
2022-07-14 04:00:00,Turkey,Turkey,TR,354.31,407.34,48.31,48.19,epias.com.tr,false,
2022-07-14 05:00:00,Turkey,Turkey,TR,349.14,402.55,48.7,48.69,epias.com.tr,false,
2022-07-14 06:00:00,Turkey,Turkey,TR,337.87,391.24,49.69,49.63,epias.com.tr,false,
2022-07-14 07:00:00,Turkey,Turkey,TR,326.29,377.75,51.76,51.62,epias.com.tr,false,
2022-07-14 08:00:00,Turkey,Turkey,TR,316.69,367.74,52.91,52.76,epias.com.tr,false,
2022-07-14 09:00:00,Turkey,Turkey,TR,312.2,362.87,53.47,53.3,epias.com.tr,false,
2022-07-14 10:00:00,Turkey,Turkey,TR,309.84,359.44,54.41,54.25,epias.com.tr,false,
2022-07-14 11:00:00,Turkey,Turkey,TR,306.99,357.38,54.09,53.94,epias.com.tr,false,
2022-07-14 12:00:00,Turkey,Turkey,TR,306.11,356.82,53.86,53.75,epias.com.tr,false,
2022-07-14 13:00:00,Turkey,Turkey,TR,303.27,354.33,53.87,53.81,epias.com.tr,false,
2022-07-14 14:00:00,Turkey,Turkey,TR,312.49,363.32,52.95,52.91,epias.com.tr,false,
2022-07-14 15:00:00,Turkey,Turkey,TR,318.14,369.91,51.72,51.68,epias.com.tr,false,
2022-07-14 16:00:00,Turkey,Turkey,TR,316.51,368.02,51.96,51.91,epias.com.tr,false,
2022-07-14 17:00:00,Turkey,Turkey,TR,310.15,362.61,51.97,51.88,epias.com.tr,false,
2022-07-14 18:00:00,Turkey,Turkey,TR,303.91,355.47,53.22,53.12,epias.com.tr,false,
2022-07-14 19:00:00,Turkey,Turkey,TR,304.97,356.16,53.41,53.35,epias.com.tr,false,
2022-07-14 20:00:00,Turkey,Turkey,TR,310.16,361.1,53.18,53.1,epias.com.tr,false,
2022-07-14 21:00:00,Turkey,Turkey,TR,311.4,362.16,53.09,52.94,epias.com.tr,false,
2022-07-14 22:00:00,Turkey,Turkey,TR,304.39,352.19,55.78,55.51,epias.com.tr,false,
2022-07-14 23:00:00,Turkey,Turkey,TR,311.64,359.26,55.27,54.99,epias.com.tr,false,
2022-07-15 00:00:00,Turkey,Turkey,TR,322.61,371.01,53.81,53.58,epias.com.tr,false,
2022-07-15 01:00:00,Turkey,Turkey,TR,330.19,379.61,52.49,52.25,epias.com.tr,false,
2022-07-15 02:00:00,Turkey,Turkey,TR,333.45,382.72,52.47,52.23,epias.com.tr,false,
2022-07-15 03:00:00,Turkey,Turkey,TR,343.55,393.49,51.33,51.19,epias.com.tr,false,
2022-07-15 04:00:00,Turkey,Turkey,TR,341.66,392.22,51.35,51.23,epias.com.tr,false,
2022-07-15 05:00:00,Turkey,Turkey,TR,339.03,390.28,51.29,51.2,epias.com.tr,false,
2022-07-15 06:00:00,Turkey,Turkey,TR,325.55,376.89,52.58,52.48,epias.com.tr,false,
2022-07-15 07:00:00,Turkey,Turkey,TR,317.19,368.3,53.45,53.31,epias.com.tr,false,
2022-07-15 08:00:00,Turkey,Turkey,TR,306.92,357.68,54.65,54.5,epias.com.tr,false,
2022-07-15 09:00:00,Turkey,Turkey,TR,311.8,362.4,54.2,54.06,epias.com.tr,false,
2022-07-15 10:00:00,Turkey,Turkey,TR,308.15,357.75,55.2,55.05,epias.com.tr,false,
2022-07-15 11:00:00,Turkey,Turkey,TR,303.6,352.86,55.75,55.59,epias.com.tr,false,
2022-07-15 12:00:00,Turkey,Turkey,TR,299.05,348.6,55.77,55.65,epias.com.tr,false,
2022-07-15 13:00:00,Turkey,Turkey,TR,296.45,346.52,55.59,55.46,epias.com.tr,false,
2022-07-15 14:00:00,Turkey,Turkey,TR,306.35,357.48,53.81,53.69,epias.com.tr,false,
2022-07-15 15:00:00,Turkey,Turkey,TR,310.7,361.67,53.38,53.21,epias.com.tr,false,
2022-07-15 16:00:00,Turkey,Turkey,TR,309.32,361.18,52.85,52.68,epias.com.tr,false,
2022-07-15 17:00:00,Turkey,Turkey,TR,307.22,359.22,52.88,52.65,epias.com.tr,false,
2022-07-15 18:00:00,Turkey,Turkey,TR,302.02,353.97,53.39,53.19,epias.com.tr,false,
2022-07-15 19:00:00,Turkey,Turkey,TR,297.18,348.49,54.27,54.11,epias.com.tr,false,
2022-07-15 20:00:00,Turkey,Turkey,TR,300.21,351.02,54.36,54.2,epias.com.tr,false,
2022-07-15 21:00:00,Turkey,Turkey,TR,312.26,363.93,52.77,52.55,epias.com.tr,false,
2022-07-15 22:00:00,Turkey,Turkey,TR,333.74,387.93,49.16,48.79,epias.com.tr,false,
2022-07-15 23:00:00,Turkey,Turkey,TR,348.25,404.43,46.65,46.27,epias.com.tr,false,
2022-07-16 00:00:00,Turkey,Turkey,TR,364.04,420.85,44.87,44.44,epias.com.tr,false,
2022-07-16 01:00:00,Turkey,Turkey,TR,367.19,423.41,45.06,44.61,epias.com.tr,false,
2022-07-16 02:00:00,Turkey,Turkey,TR,372.57,428.75,44.58,44.12,epias.com.tr,false,
2022-07-16 03:00:00,Turkey,Turkey,TR,377.03,433.45,44.12,43.64,epias.com.tr,false,
2022-07-16 04:00:00,Turkey,Turkey,TR,381.56,438.47,43.46,43.1,epias.com.tr,false,
2022-07-16 05:00:00,Turkey,Turkey,TR,371.53,426.91,45.5,45.19,epias.com.tr,false,
2022-07-16 06:00:00,Turkey,Turkey,TR,364.2,419.41,46.17,45.92,epias.com.tr,false,
2022-07-16 07:00:00,Turkey,Turkey,TR,352.68,407.22,47.75,47.53,epias.com.tr,false,
2022-07-16 08:00:00,Turkey,Turkey,TR,344.66,398.54,48.83,48.58,epias.com.tr,false,
2022-07-16 09:00:00,Turkey,Turkey,TR,335.63,388.49,50.34,50.1,epias.com.tr,false,
2022-07-16 10:00:00,Turkey,Turkey,TR,334.26,387.1,50.5,50.25,epias.com.tr,false,
2022-07-16 11:00:00,Turkey,Turkey,TR,333.55,386.34,50.45,50.22,epias.com.tr,false,
2022-07-16 12:00:00,Turkey,Turkey,TR,328.79,381.07,51.16,50.9,epias.com.tr,false,
2022-07-16 13:00:00,Turkey,Turkey,TR,322.08,374.36,51.73,51.49,epias.com.tr,false,
2022-07-16 14:00:00,Turkey,Turkey,TR,316.38,369.22,51.79,51.55,epias.com.tr,false,
2022-07-16 15:00:00,Turkey,Turkey,TR,324.11,377.93,50.26,50.05,epias.com.tr,false,
2022-07-16 16:00:00,Turkey,Turkey,TR,327.07,382.58,48.74,48.51,epias.com.tr,false,
2022-07-16 17:00:00,Turkey,Turkey,TR,320.32,375.16,49.82,49.65,epias.com.tr,false,
2022-07-16 18:00:00,Turkey,Turkey,TR,314.51,368.63,50.79,50.61,epias.com.tr,false,
2022-07-16 19:00:00,Turkey,Turkey,TR,310.47,363.86,51.64,51.47,epias.com.tr,false,
2022-07-16 20:00:00,Turkey,Turkey,TR,316.52,369.95,51.07,50.88,epias.com.tr,false,
2022-07-16 21:00:00,Turkey,Turkey,TR,324.88,379.17,49.81,49.56,epias.com.tr,false,
2022-07-16 22:00:00,Turkey,Turkey,TR,335.83,390.52,48.54,48.12,epias.com.tr,false,
2022-07-16 23:00:00,Turkey,Turkey,TR,348.25,403.44,47.19,46.76,epias.com.tr,false,
2022-07-17 00:00:00,Turkey,Turkey,TR,360.32,416.55,45.52,45.11,epias.com.tr,false,
2022-07-17 01:00:00,Turkey,Turkey,TR,360.04,414.98,46.5,45.97,epias.com.tr,false,
2022-07-17 02:00:00,Turkey,Turkey,TR,355.06,409.08,47.67,47.17,epias.com.tr,false,
2022-07-17 03:00:00,Turkey,Turkey,TR,360.98,415.08,47.11,46.57,epias.com.tr,false,
2022-07-17 04:00:00,Turkey,Turkey,TR,368.32,423.04,46.06,45.61,epias.com.tr,false,
2022-07-17 05:00:00,Turkey,Turkey,TR,358.29,411.33,48.2,47.79,epias.com.tr,false,
2022-07-17 06:00:00,Turkey,Turkey,TR,343.04,395.05,50.43,50.04,epias.com.tr,false,
2022-07-17 07:00:00,Turkey,Turkey,TR,329.99,380.62,52.52,52.13,epias.com.tr,false,
2022-07-17 08:00:00,Turkey,Turkey,TR,320.11,369.85,53.94,53.54,epias.com.tr,false,
2022-07-17 09:00:00,Turkey,Turkey,TR,305.31,354.38,55.68,55.39,epias.com.tr,false,
2022-07-17 10:00:00,Turkey,Turkey,TR,296.84,344.87,57.0,56.7,epias.com.tr,false,
2022-07-17 11:00:00,Turkey,Turkey,TR,290.33,337.68,57.86,57.51,epias.com.tr,false,
2022-07-17 12:00:00,Turkey,Turkey,TR,290.43,337.06,58.21,57.91,epias.com.tr,false,
2022-07-17 13:00:00,Turkey,Turkey,TR,290.11,337.11,57.92,57.65,epias.com.tr,false,
2022-07-17 14:00:00,Turkey,Turkey,TR,289.25,337.16,57.35,57.2,epias.com.tr,false,
2022-07-17 15:00:00,Turkey,Turkey,TR,292.88,341.04,56.68,56.46,epias.com.tr,false,
2022-07-17 16:00:00,Turkey,Turkey,TR,301.0,350.23,55.11,54.93,epias.com.tr,false,
2022-07-17 17:00:00,Turkey,Turkey,TR,300.96,351.26,54.33,54.18,epias.com.tr,false,
2022-07-17 18:00:00,Turkey,Turkey,TR,290.08,340.22,55.5,55.32,epias.com.tr,false,
2022-07-17 19:00:00,Turkey,Turkey,TR,281.3,330.01,57.37,57.16,epias.com.tr,false,
2022-07-17 20:00:00,Turkey,Turkey,TR,284.49,333.05,57.16,56.95,epias.com.tr,false,
2022-07-17 21:00:00,Turkey,Turkey,TR,291.24,340.09,56.34,56.06,epias.com.tr,false,
2022-07-17 22:00:00,Turkey,Turkey,TR,305.35,355.81,53.97,53.57,epias.com.tr,false,
2022-07-17 23:00:00,Turkey,Turkey,TR,320.55,373.05,51.25,50.86,epias.com.tr,false,
2022-07-18 00:00:00,Turkey,Turkey,TR,331.2,384.74,49.67,49.27,epias.com.tr,false,
2022-07-18 01:00:00,Turkey,Turkey,TR,339.24,393.04,48.73,48.29,epias.com.tr,false,
2022-07-18 02:00:00,Turkey,Turkey,TR,333.2,385.97,49.91,49.51,epias.com.tr,false,
2022-07-18 03:00:00,Turkey,Turkey,TR,338.01,390.53,49.64,49.3,epias.com.tr,false,
2022-07-18 04:00:00,Turkey,Turkey,TR,343.02,396.64,48.5,48.35,epias.com.tr,false,
2022-07-18 05:00:00,Turkey,Turkey,TR,341.71,396.82,47.48,47.47,epias.com.tr,false,
2022-07-18 06:00:00,Turkey,Turkey,TR,320.49,375.48,49.49,49.45,epias.com.tr,false,
2022-07-18 07:00:00,Turkey,Turkey,TR,315.58,371.49,49.13,49.02,epias.com.tr,false,
2022-07-18 08:00:00,Turkey,Turkey,TR,316.15,372.97,48.33,48.23,epias.com.tr,false,
2022-07-18 09:00:00,Turkey,Turkey,TR,313.09,370.27,48.37,48.29,epias.com.tr,false,
2022-07-18 10:00:00,Turkey,Turkey,TR,308.87,364.8,49.59,49.52,epias.com.tr,false,
2022-07-18 11:00:00,Turkey,Turkey,TR,309.44,366.18,48.84,48.8,epias.com.tr,false,
2022-07-18 12:00:00,Turkey,Turkey,TR,312.11,368.51,48.76,48.71,epias.com.tr,false,
2022-07-18 13:00:00,Turkey,Turkey,TR,314.04,370.76,48.37,48.36,epias.com.tr,false,
2022-07-18 14:00:00,Turkey,Turkey,TR,315.53,372.41,48.11,48.11,epias.com.tr,false,
2022-07-18 15:00:00,Turkey,Turkey,TR,316.54,373.14,48.16,48.16,epias.com.tr,false,
2022-07-18 16:00:00,Turkey,Turkey,TR,321.48,378.61,47.34,47.34,epias.com.tr,false,
2022-07-18 17:00:00,Turkey,Turkey,TR,325.42,383.87,46.08,46.05,epias.com.tr,false,
2022-07-18 18:00:00,Turkey,Turkey,TR,320.68,379.51,46.37,46.35,epias.com.tr,false,
2022-07-18 19:00:00,Turkey,Turkey,TR,317.49,375.54,47.27,47.26,epias.com.tr,false,
2022-07-18 20:00:00,Turkey,Turkey,TR,321.97,379.93,46.92,46.92,epias.com.tr,false,
2022-07-18 21:00:00,Turkey,Turkey,TR,318.05,375.48,47.78,47.75,epias.com.tr,false,
2022-07-18 22:00:00,Turkey,Turkey,TR,326.51,384.7,46.58,46.48,epias.com.tr,false,
2022-07-18 23:00:00,Turkey,Turkey,TR,340.37,399.04,45.01,44.88,epias.com.tr,false,
2022-07-19 00:00:00,Turkey,Turkey,TR,343.65,401.79,45.17,45.04,epias.com.tr,false,
2022-07-19 01:00:00,Turkey,Turkey,TR,353.1,410.84,44.46,44.28,epias.com.tr,false,
2022-07-19 02:00:00,Turkey,Turkey,TR,348.66,406.37,45.04,44.89,epias.com.tr,false,
2022-07-19 03:00:00,Turkey,Turkey,TR,349.37,406.2,45.56,45.46,epias.com.tr,false,
2022-07-19 04:00:00,Turkey,Turkey,TR,361.39,419.57,43.52,43.5,epias.com.tr,false,
2022-07-19 05:00:00,Turkey,Turkey,TR,358.36,418.13,42.83,42.83,epias.com.tr,false,
2022-07-19 06:00:00,Turkey,Turkey,TR,338.87,399.05,44.29,44.28,epias.com.tr,false,
2022-07-19 07:00:00,Turkey,Turkey,TR,342.45,404.21,42.75,42.75,epias.com.tr,false,
2022-07-19 08:00:00,Turkey,Turkey,TR,345.02,407.44,42.08,42.08,epias.com.tr,false,
2022-07-19 09:00:00,Turkey,Turkey,TR,342.46,404.73,42.41,42.4,epias.com.tr,false,
2022-07-19 10:00:00,Turkey,Turkey,TR,342.14,402.98,43.43,43.41,epias.com.tr,false,
2022-07-19 11:00:00,Turkey,Turkey,TR,342.45,403.87,42.93,42.93,epias.com.tr,false,
2022-07-19 12:00:00,Turkey,Turkey,TR,338.51,399.35,43.56,43.56,epias.com.tr,false,
2022-07-19 13:00:00,Turkey,Turkey,TR,337.51,397.96,43.83,43.83,epias.com.tr,false,
2022-07-19 14:00:00,Turkey,Turkey,TR,333.4,393.57,44.43,44.43,epias.com.tr,false,
2022-07-19 15:00:00,Turkey,Turkey,TR,330.56,390.13,45.05,45.04,epias.com.tr,false,
2022-07-19 16:00:00,Turkey,Turkey,TR,327.25,386.21,45.78,45.78,epias.com.tr,false,
2022-07-19 17:00:00,Turkey,Turkey,TR,328.65,388.38,45.17,45.17,epias.com.tr,false,
2022-07-19 18:00:00,Turkey,Turkey,TR,329.86,389.39,45.13,45.13,epias.com.tr,false,
2022-07-19 19:00:00,Turkey,Turkey,TR,328.24,387.55,45.46,45.46,epias.com.tr,false,
2022-07-19 20:00:00,Turkey,Turkey,TR,322.45,382.05,45.97,45.97,epias.com.tr,false,
2022-07-19 21:00:00,Turkey,Turkey,TR,319.82,378.44,46.98,46.96,epias.com.tr,false,
2022-07-19 22:00:00,Turkey,Turkey,TR,334.52,394.24,44.89,44.84,epias.com.tr,false,
2022-07-19 23:00:00,Turkey,Turkey,TR,335.86,395.28,45.06,44.96,epias.com.tr,false,
2022-07-20 00:00:00,Turkey,Turkey,TR,330.03,387.72,46.86,46.72,epias.com.tr,false,
2022-07-20 01:00:00,Turkey,Turkey,TR,333.73,391.39,46.55,46.42,epias.com.tr,false,
2022-07-20 02:00:00,Turkey,Turkey,TR,338.29,395.98,46.12,45.97,epias.com.tr,false,
2022-07-20 03:00:00,Turkey,Turkey,TR,348.13,406.92,44.45,44.36,epias.com.tr,false,
2022-07-20 04:00:00,Turkey,Turkey,TR,355.4,415.21,43.13,43.08,epias.com.tr,false,
2022-07-20 05:00:00,Turkey,Turkey,TR,356.11,416.39,42.77,42.77,epias.com.tr,false,
2022-07-20 06:00:00,Turkey,Turkey,TR,366.12,429.9,39.27,39.27,epias.com.tr,false,
2022-07-20 07:00:00,Turkey,Turkey,TR,359.67,423.51,39.77,39.74,epias.com.tr,false,
2022-07-20 08:00:00,Turkey,Turkey,TR,356.98,420.86,39.94,39.92,epias.com.tr,false,
2022-07-20 09:00:00,Turkey,Turkey,TR,348.57,412.17,40.91,40.86,epias.com.tr,false,
2022-07-20 10:00:00,Turkey,Turkey,TR,342.21,404.62,42.37,42.31,epias.com.tr,false,
2022-07-20 11:00:00,Turkey,Turkey,TR,347.26,410.91,41.02,40.99,epias.com.tr,false,
2022-07-20 12:00:00,Turkey,Turkey,TR,346.56,409.7,41.29,41.29,epias.com.tr,false,
2022-07-20 13:00:00,Turkey,Turkey,TR,345.62,408.26,41.63,41.63,epias.com.tr,false,
2022-07-20 14:00:00,Turkey,Turkey,TR,341.94,404.45,42.04,42.04,epias.com.tr,false,
2022-07-20 15:00:00,Turkey,Turkey,TR,340.48,402.89,42.17,42.17,epias.com.tr,false,
2022-07-20 16:00:00,Turkey,Turkey,TR,344.47,407.29,41.56,41.56,epias.com.tr,false,
2022-07-20 17:00:00,Turkey,Turkey,TR,346.35,409.46,41.21,41.18,epias.com.tr,false,
2022-07-20 18:00:00,Turkey,Turkey,TR,341.55,403.91,42.18,42.15,epias.com.tr,false,
2022-07-20 19:00:00,Turkey,Turkey,TR,343.49,406.25,41.73,41.68,epias.com.tr,false,
2022-07-20 20:00:00,Turkey,Turkey,TR,345.6,409.23,41.12,41.06,epias.com.tr,false,
2022-07-20 21:00:00,Turkey,Turkey,TR,345.88,410.03,40.83,40.67,epias.com.tr,false,
2022-07-20 22:00:00,Turkey,Turkey,TR,350.78,414.9,40.58,40.4,epias.com.tr,false,
2022-07-20 23:00:00,Turkey,Turkey,TR,357.6,421.58,40.16,39.94,epias.com.tr,false,
2022-07-21 00:00:00,Turkey,Turkey,TR,375.05,441.5,36.95,36.69,epias.com.tr,false,
2022-07-21 01:00:00,Turkey,Turkey,TR,378.8,447.09,35.45,35.17,epias.com.tr,false,
2022-07-21 02:00:00,Turkey,Turkey,TR,378.31,446.99,35.25,34.91,epias.com.tr,false,
2022-07-21 03:00:00,Turkey,Turkey,TR,382.9,452.16,34.64,34.37,epias.com.tr,false,
2022-07-21 04:00:00,Turkey,Turkey,TR,399.33,469.77,32.39,32.19,epias.com.tr,false,
2022-07-21 05:00:00,Turkey,Turkey,TR,397.64,466.83,33.43,33.27,epias.com.tr,false,
2022-07-21 06:00:00,Turkey,Turkey,TR,392.63,463.18,32.73,32.55,epias.com.tr,false,
2022-07-21 07:00:00,Turkey,Turkey,TR,383.74,453.91,33.71,33.52,epias.com.tr,false,
2022-07-21 08:00:00,Turkey,Turkey,TR,381.19,450.75,34.31,34.15,epias.com.tr,false,
2022-07-21 09:00:00,Turkey,Turkey,TR,371.59,440.21,35.77,35.66,epias.com.tr,false,
2022-07-21 10:00:00,Turkey,Turkey,TR,366.6,433.44,37.47,37.36,epias.com.tr,false,
2022-07-21 11:00:00,Turkey,Turkey,TR,365.18,432.2,37.31,37.22,epias.com.tr,false,
2022-07-21 12:00:00,Turkey,Turkey,TR,362.0,428.8,37.62,37.6,epias.com.tr,false,
2022-07-21 13:00:00,Turkey,Turkey,TR,361.88,428.85,37.47,37.47,epias.com.tr,false,
2022-07-21 14:00:00,Turkey,Turkey,TR,360.75,428.56,36.98,36.98,epias.com.tr,false,
2022-07-21 15:00:00,Turkey,Turkey,TR,358.82,426.46,37.25,37.25,epias.com.tr,false,
2022-07-21 16:00:00,Turkey,Turkey,TR,361.47,429.08,37.0,37.0,epias.com.tr,false,
2022-07-21 17:00:00,Turkey,Turkey,TR,360.7,428.12,37.21,37.13,epias.com.tr,false,
2022-07-21 18:00:00,Turkey,Turkey,TR,354.45,420.84,38.54,38.44,epias.com.tr,false,
2022-07-21 19:00:00,Turkey,Turkey,TR,351.05,416.88,39.29,39.23,epias.com.tr,false,
2022-07-21 20:00:00,Turkey,Turkey,TR,357.08,423.62,38.38,38.3,epias.com.tr,false,
2022-07-21 21:00:00,Turkey,Turkey,TR,368.28,435.68,36.83,36.69,epias.com.tr,false,
2022-07-21 22:00:00,Turkey,Turkey,TR,382.56,450.66,35.03,34.79,epias.com.tr,false,
2022-07-21 23:00:00,Turkey,Turkey,TR,391.23,460.42,33.65,33.42,epias.com.tr,false,
2022-07-22 00:00:00,Turkey,Turkey,TR,386.98,455.24,34.9,34.68,epias.com.tr,false,
2022-07-22 01:00:00,Turkey,Turkey,TR,391.51,460.02,34.29,34.02,epias.com.tr,false,
2022-07-22 02:00:00,Turkey,Turkey,TR,402.05,473.48,31.38,31.12,epias.com.tr,false,
2022-07-22 03:00:00,Turkey,Turkey,TR,398.31,468.66,32.56,32.34,epias.com.tr,false,
2022-07-22 04:00:00,Turkey,Turkey,TR,415.75,486.88,30.29,30.14,epias.com.tr,false,
2022-07-22 05:00:00,Turkey,Turkey,TR,413.54,482.92,31.62,31.52,epias.com.tr,false,
2022-07-22 06:00:00,Turkey,Turkey,TR,403.84,473.75,31.98,31.9,epias.com.tr,false,
2022-07-22 07:00:00,Turkey,Turkey,TR,391.79,461.05,33.54,33.44,epias.com.tr,false,
2022-07-22 08:00:00,Turkey,Turkey,TR,385.03,453.62,34.62,34.54,epias.com.tr,false,
2022-07-22 09:00:00,Turkey,Turkey,TR,380.44,448.47,35.39,35.34,epias.com.tr,false,
2022-07-22 10:00:00,Turkey,Turkey,TR,377.58,444.4,36.57,36.49,epias.com.tr,false,
2022-07-22 11:00:00,Turkey,Turkey,TR,375.63,442.75,36.55,36.51,epias.com.tr,false,
2022-07-22 12:00:00,Turkey,Turkey,TR,368.84,436.52,36.57,36.57,epias.com.tr,false,
2022-07-22 13:00:00,Turkey,Turkey,TR,364.11,430.85,37.59,37.58,epias.com.tr,false,
2022-07-22 14:00:00,Turkey,Turkey,TR,361.43,427.81,38.03,38.02,epias.com.tr,false,
2022-07-22 15:00:00,Turkey,Turkey,TR,358.84,424.73,38.56,38.56,epias.com.tr,false,
2022-07-22 16:00:00,Turkey,Turkey,TR,361.96,427.94,38.2,38.19,epias.com.tr,false,
2022-07-22 17:00:00,Turkey,Turkey,TR,362.88,428.89,38.06,38.03,epias.com.tr,false,
2022-07-22 18:00:00,Turkey,Turkey,TR,355.08,419.94,39.58,39.55,epias.com.tr,false,
2022-07-22 19:00:00,Turkey,Turkey,TR,355.91,420.81,39.5,39.43,epias.com.tr,false,
2022-07-22 20:00:00,Turkey,Turkey,TR,362.81,428.14,38.63,38.59,epias.com.tr,false,
2022-07-22 21:00:00,Turkey,Turkey,TR,366.41,432.09,38.13,38.07,epias.com.tr,false,
2022-07-22 22:00:00,Turkey,Turkey,TR,371.55,436.8,37.96,37.79,epias.com.tr,false,
2022-07-22 23:00:00,Turkey,Turkey,TR,380.78,446.73,36.71,36.56,epias.com.tr,false,
2022-07-23 00:00:00,Turkey,Turkey,TR,393.9,460.53,35.02,34.86,epias.com.tr,false,
2022-07-23 01:00:00,Turkey,Turkey,TR,399.77,466.27,34.59,34.43,epias.com.tr,false,
2022-07-23 02:00:00,Turkey,Turkey,TR,401.49,467.66,34.72,34.58,epias.com.tr,false,
2022-07-23 03:00:00,Turkey,Turkey,TR,410.77,477.26,33.57,33.47,epias.com.tr,false,
2022-07-23 04:00:00,Turkey,Turkey,TR,422.02,488.49,32.45,32.44,epias.com.tr,false,
2022-07-23 05:00:00,Turkey,Turkey,TR,414.86,481.85,32.9,32.9,epias.com.tr,false,
2022-07-23 06:00:00,Turkey,Turkey,TR,406.57,475.68,32.18,32.18,epias.com.tr,false,
2022-07-23 07:00:00,Turkey,Turkey,TR,396.38,465.55,33.12,33.12,epias.com.tr,false,
2022-07-23 08:00:00,Turkey,Turkey,TR,387.44,455.18,34.8,34.78,epias.com.tr,false,
2022-07-23 09:00:00,Turkey,Turkey,TR,377.68,443.95,36.65,36.61,epias.com.tr,false,
2022-07-23 10:00:00,Turkey,Turkey,TR,368.17,431.75,39.31,39.27,epias.com.tr,false,
2022-07-23 11:00:00,Turkey,Turkey,TR,366.71,430.92,38.92,38.88,epias.com.tr,false,
2022-07-23 12:00:00,Turkey,Turkey,TR,365.92,430.42,38.75,38.71,epias.com.tr,false,
2022-07-23 13:00:00,Turkey,Turkey,TR,365.27,429.82,38.78,38.74,epias.com.tr,false,
2022-07-23 14:00:00,Turkey,Turkey,TR,365.8,430.99,38.32,38.25,epias.com.tr,false,
2022-07-23 15:00:00,Turkey,Turkey,TR,368.2,433.52,37.92,37.86,epias.com.tr,false,
2022-07-23 16:00:00,Turkey,Turkey,TR,366.05,430.71,38.49,38.38,epias.com.tr,false,
2022-07-23 17:00:00,Turkey,Turkey,TR,359.37,423.49,39.6,39.48,epias.com.tr,false,
2022-07-23 18:00:00,Turkey,Turkey,TR,350.74,414.05,40.98,40.83,epias.com.tr,false,
2022-07-23 19:00:00,Turkey,Turkey,TR,349.29,412.33,41.31,41.17,epias.com.tr,false,
2022-07-23 20:00:00,Turkey,Turkey,TR,362.03,426.63,39.13,38.97,epias.com.tr,false,
2022-07-23 21:00:00,Turkey,Turkey,TR,368.47,433.1,38.62,38.35,epias.com.tr,false,
2022-07-23 22:00:00,Turkey,Turkey,TR,373.8,437.68,38.73,38.32,epias.com.tr,false,
2022-07-23 23:00:00,Turkey,Turkey,TR,376.28,439.97,38.8,38.48,epias.com.tr,false,
2022-07-24 00:00:00,Turkey,Turkey,TR,386.05,449.81,37.87,37.47,epias.com.tr,false,
2022-07-24 01:00:00,Turkey,Turkey,TR,394.46,457.96,37.31,36.9,epias.com.tr,false,
2022-07-24 02:00:00,Turkey,Turkey,TR,395.04,457.32,38.1,37.72,epias.com.tr,false,
2022-07-24 03:00:00,Turkey,Turkey,TR,402.37,463.93,37.95,37.55,epias.com.tr,false,
2022-07-24 04:00:00,Turkey,Turkey,TR,411.97,473.43,37.21,36.8,epias.com.tr,false,
2022-07-24 05:00:00,Turkey,Turkey,TR,407.69,468.4,38.33,37.94,epias.com.tr,false,
2022-07-24 06:00:00,Turkey,Turkey,TR,400.72,460.72,39.65,39.3,epias.com.tr,false,
2022-07-24 07:00:00,Turkey,Turkey,TR,387.47,446.86,41.37,41.04,epias.com.tr,false,
2022-07-24 08:00:00,Turkey,Turkey,TR,380.05,438.99,42.41,42.08,epias.com.tr,false,
2022-07-24 09:00:00,Turkey,Turkey,TR,372.61,431.16,43.36,43.08,epias.com.tr,false,
2022-07-24 10:00:00,Turkey,Turkey,TR,370.82,428.72,43.73,43.36,epias.com.tr,false,
2022-07-24 11:00:00,Turkey,Turkey,TR,363.35,420.77,44.69,44.31,epias.com.tr,false,
2022-07-24 12:00:00,Turkey,Turkey,TR,363.21,419.93,44.92,44.58,epias.com.tr,false,
2022-07-24 13:00:00,Turkey,Turkey,TR,358.89,415.28,45.49,45.16,epias.com.tr,false,
2022-07-24 14:00:00,Turkey,Turkey,TR,367.25,424.49,43.93,43.64,epias.com.tr,false,
2022-07-24 15:00:00,Turkey,Turkey,TR,370.65,429.73,42.31,42.03,epias.com.tr,false,
2022-07-24 16:00:00,Turkey,Turkey,TR,373.67,435.87,39.89,39.7,epias.com.tr,false,
2022-07-24 17:00:00,Turkey,Turkey,TR,364.92,426.3,41.16,40.94,epias.com.tr,false,
2022-07-24 18:00:00,Turkey,Turkey,TR,351.93,412.4,43.01,42.81,epias.com.tr,false,
2022-07-24 19:00:00,Turkey,Turkey,TR,349.08,408.85,43.78,43.61,epias.com.tr,false,
2022-07-24 20:00:00,Turkey,Turkey,TR,358.92,419.85,42.09,41.88,epias.com.tr,false,
2022-07-24 21:00:00,Turkey,Turkey,TR,369.18,431.47,40.3,40.03,epias.com.tr,false,
2022-07-24 22:00:00,Turkey,Turkey,TR,379.37,443.35,38.36,38.03,epias.com.tr,false,
2022-07-24 23:00:00,Turkey,Turkey,TR,392.51,457.75,36.46,36.1,epias.com.tr,false,
2022-07-25 00:00:00,Turkey,Turkey,TR,402.97,469.7,34.67,34.31,epias.com.tr,false,
2022-07-25 01:00:00,Turkey,Turkey,TR,413.68,482.2,32.61,32.25,epias.com.tr,false,
2022-07-25 02:00:00,Turkey,Turkey,TR,414.78,483.48,32.43,32.08,epias.com.tr,false,
2022-07-25 03:00:00,Turkey,Turkey,TR,424.91,494.67,30.79,30.48,epias.com.tr,false,
2022-07-25 04:00:00,Turkey,Turkey,TR,426.66,497.06,30.4,30.18,epias.com.tr,false,
2022-07-25 05:00:00,Turkey,Turkey,TR,422.99,492.79,30.9,30.75,epias.com.tr,false,
2022-07-25 06:00:00,Turkey,Turkey,TR,400.7,471.54,32.06,31.93,epias.com.tr,false,
2022-07-25 07:00:00,Turkey,Turkey,TR,389.53,460.73,32.78,32.64,epias.com.tr,false,
2022-07-25 08:00:00,Turkey,Turkey,TR,383.18,453.37,34.01,33.93,epias.com.tr,false,
2022-07-25 09:00:00,Turkey,Turkey,TR,372.57,441.03,36.1,36.03,epias.com.tr,false,
2022-07-25 10:00:00,Turkey,Turkey,TR,378.59,447.15,35.41,35.36,epias.com.tr,false,
2022-07-25 11:00:00,Turkey,Turkey,TR,375.34,444.15,35.44,35.42,epias.com.tr,false,
2022-07-25 12:00:00,Turkey,Turkey,TR,368.91,437.6,36.01,35.95,epias.com.tr,false,
2022-07-25 13:00:00,Turkey,Turkey,TR,365.97,434.11,36.58,36.54,epias.com.tr,false,
2022-07-25 14:00:00,Turkey,Turkey,TR,362.31,430.34,36.96,36.96,epias.com.tr,false,
2022-07-25 15:00:00,Turkey,Turkey,TR,356.32,423.46,38.13,38.13,epias.com.tr,false,
2022-07-25 16:00:00,Turkey,Turkey,TR,359.78,427.05,37.66,37.65,epias.com.tr,false,
2022-07-25 17:00:00,Turkey,Turkey,TR,361.41,428.84,37.39,37.34,epias.com.tr,false,
2022-07-25 18:00:00,Turkey,Turkey,TR,352.63,419.03,38.86,38.83,epias.com.tr,false,
2022-07-25 19:00:00,Turkey,Turkey,TR,347.65,413.06,39.96,39.93,epias.com.tr,false,
2022-07-25 20:00:00,Turkey,Turkey,TR,352.96,418.64,39.27,39.26,epias.com.tr,false,
2022-07-25 21:00:00,Turkey,Turkey,TR,363.78,430.56,37.58,37.53,epias.com.tr,false,
2022-07-25 22:00:00,Turkey,Turkey,TR,374.99,443.91,35.17,35.08,epias.com.tr,false,
2022-07-25 23:00:00,Turkey,Turkey,TR,381.41,451.37,34.01,33.81,epias.com.tr,false,
2022-07-26 00:00:00,Turkey,Turkey,TR,385.27,455.23,33.77,33.65,epias.com.tr,false,
2022-07-26 01:00:00,Turkey,Turkey,TR,389.11,458.99,33.57,33.44,epias.com.tr,false,
2022-07-26 02:00:00,Turkey,Turkey,TR,396.57,467.41,32.27,32.17,epias.com.tr,false,
2022-07-26 03:00:00,Turkey,Turkey,TR,405.65,477.29,30.93,30.85,epias.com.tr,false,
2022-07-26 04:00:00,Turkey,Turkey,TR,415.97,488.12,29.63,29.63,epias.com.tr,false,
2022-07-26 05:00:00,Turkey,Turkey,TR,412.12,483.99,30.13,30.13,epias.com.tr,false,
2022-07-26 06:00:00,Turkey,Turkey,TR,401.55,475.08,29.85,29.85,epias.com.tr,false,
2022-07-26 07:00:00,Turkey,Turkey,TR,393.65,466.71,30.88,30.84,epias.com.tr,false,
2022-07-26 08:00:00,Turkey,Turkey,TR,391.95,465.05,30.99,30.94,epias.com.tr,false,
2022-07-26 09:00:00,Turkey,Turkey,TR,385.23,457.32,32.35,32.33,epias.com.tr,false,
2022-07-26 10:00:00,Turkey,Turkey,TR,389.75,461.71,32.09,32.07,epias.com.tr,false,
2022-07-26 11:00:00,Turkey,Turkey,TR,387.52,460.1,31.78,31.78,epias.com.tr,false,
2022-07-26 12:00:00,Turkey,Turkey,TR,377.21,448.45,33.54,33.54,epias.com.tr,false,
2022-07-26 13:00:00,Turkey,Turkey,TR,375.73,446.82,33.75,33.75,epias.com.tr,false,
2022-07-26 14:00:00,Turkey,Turkey,TR,370.75,440.97,34.72,34.72,epias.com.tr,false,
2022-07-26 15:00:00,Turkey,Turkey,TR,366.82,436.17,35.65,35.65,epias.com.tr,false,
2022-07-26 16:00:00,Turkey,Turkey,TR,370.83,440.85,34.81,34.73,epias.com.tr,false,
2022-07-26 17:00:00,Turkey,Turkey,TR,372.67,443.01,34.28,34.15,epias.com.tr,false,
2022-07-26 18:00:00,Turkey,Turkey,TR,364.19,433.54,35.66,35.54,epias.com.tr,false,
2022-07-26 19:00:00,Turkey,Turkey,TR,362.12,430.65,36.41,36.25,epias.com.tr,false,
2022-07-26 20:00:00,Turkey,Turkey,TR,367.68,436.52,35.78,35.6,epias.com.tr,false,
2022-07-26 21:00:00,Turkey,Turkey,TR,377.59,447.32,34.4,34.12,epias.com.tr,false,
2022-07-26 22:00:00,Turkey,Turkey,TR,386.58,457.48,32.91,32.65,epias.com.tr,false,
2022-07-26 23:00:00,Turkey,Turkey,TR,394.74,466.94,31.42,31.18,epias.com.tr,false,
2022-07-27 00:00:00,Turkey,Turkey,TR,404.04,477.27,29.99,29.73,epias.com.tr,false,
2022-07-27 01:00:00,Turkey,Turkey,TR,412.22,486.72,28.46,28.21,epias.com.tr,false,
2022-07-27 02:00:00,Turkey,Turkey,TR,415.0,489.72,28.12,27.87,epias.com.tr,false,
2022-07-27 03:00:00,Turkey,Turkey,TR,425.24,500.99,26.55,26.44,epias.com.tr,false,
2022-07-27 04:00:00,Turkey,Turkey,TR,437.77,515.15,24.26,24.22,epias.com.tr,false,
2022-07-27 05:00:00,Turkey,Turkey,TR,436.4,513.87,24.33,24.33,epias.com.tr,false,
2022-07-27 06:00:00,Turkey,Turkey,TR,415.92,492.57,26.73,26.69,epias.com.tr,false,
2022-07-27 07:00:00,Turkey,Turkey,TR,402.14,478.16,28.43,28.36,epias.com.tr,false,
2022-07-27 08:00:00,Turkey,Turkey,TR,395.97,471.41,29.34,29.27,epias.com.tr,false,
2022-07-27 09:00:00,Turkey,Turkey,TR,390.85,465.28,30.47,30.38,epias.com.tr,false,
2022-07-27 10:00:00,Turkey,Turkey,TR,397.3,471.54,29.96,29.87,epias.com.tr,false,
2022-07-27 11:00:00,Turkey,Turkey,TR,391.29,464.62,30.95,30.86,epias.com.tr,false,
2022-07-27 12:00:00,Turkey,Turkey,TR,380.47,452.91,32.46,32.38,epias.com.tr,false,
2022-07-27 13:00:00,Turkey,Turkey,TR,377.7,449.64,33.01,32.91,epias.com.tr,false,
2022-07-27 14:00:00,Turkey,Turkey,TR,373.84,444.84,33.89,33.74,epias.com.tr,false,
2022-07-27 15:00:00,Turkey,Turkey,TR,369.42,439.54,34.82,34.68,epias.com.tr,false,
2022-07-27 16:00:00,Turkey,Turkey,TR,373.21,443.67,34.24,34.07,epias.com.tr,false,
2022-07-27 17:00:00,Turkey,Turkey,TR,373.93,444.36,34.11,33.93,epias.com.tr,false,
2022-07-27 18:00:00,Turkey,Turkey,TR,367.69,437.62,34.95,34.78,epias.com.tr,false,
2022-07-27 19:00:00,Turkey,Turkey,TR,367.8,437.71,35.0,34.84,epias.com.tr,false,
2022-07-27 20:00:00,Turkey,Turkey,TR,370.36,440.49,34.85,34.68,epias.com.tr,false,
2022-07-27 21:00:00,Turkey,Turkey,TR,378.01,448.55,34.01,33.85,epias.com.tr,false,
2022-07-27 22:00:00,Turkey,Turkey,TR,384.68,455.43,33.38,33.19,epias.com.tr,false,
2022-07-27 23:00:00,Turkey,Turkey,TR,394.53,466.37,31.84,31.7,epias.com.tr,false,
2022-07-28 00:00:00,Turkey,Turkey,TR,402.57,475.25,30.55,30.45,epias.com.tr,false,
2022-07-28 01:00:00,Turkey,Turkey,TR,407.67,480.65,30.01,29.91,epias.com.tr,false,
2022-07-28 02:00:00,Turkey,Turkey,TR,413.78,487.66,28.83,28.78,epias.com.tr,false,
2022-07-28 03:00:00,Turkey,Turkey,TR,422.39,496.98,27.6,27.6,epias.com.tr,false,
2022-07-28 04:00:00,Turkey,Turkey,TR,428.0,503.24,26.7,26.7,epias.com.tr,false,
2022-07-28 05:00:00,Turkey,Turkey,TR,422.73,497.05,27.72,27.72,epias.com.tr,false,
2022-07-28 06:00:00,Turkey,Turkey,TR,409.51,484.37,28.41,28.41,epias.com.tr,false,
2022-07-28 07:00:00,Turkey,Turkey,TR,397.49,471.69,29.95,29.93,epias.com.tr,false,
2022-07-28 08:00:00,Turkey,Turkey,TR,392.29,465.8,30.89,30.87,epias.com.tr,false,
2022-07-28 09:00:00,Turkey,Turkey,TR,384.12,456.65,32.27,32.27,epias.com.tr,false,
2022-07-28 10:00:00,Turkey,Turkey,TR,385.23,456.45,33.01,33.01,epias.com.tr,false,
2022-07-28 11:00:00,Turkey,Turkey,TR,381.84,453.7,32.76,32.76,epias.com.tr,false,
2022-07-28 12:00:00,Turkey,Turkey,TR,373.81,445.43,33.55,33.55,epias.com.tr,false,
2022-07-28 13:00:00,Turkey,Turkey,TR,372.83,443.75,34.03,34.03,epias.com.tr,false,
2022-07-28 14:00:00,Turkey,Turkey,TR,368.29,438.52,34.89,34.88,epias.com.tr,false,
2022-07-28 15:00:00,Turkey,Turkey,TR,364.62,434.0,35.77,35.77,epias.com.tr,false,
2022-07-28 16:00:00,Turkey,Turkey,TR,368.6,438.19,35.19,35.19,epias.com.tr,false,
2022-07-28 17:00:00,Turkey,Turkey,TR,369.82,439.37,35.06,35.05,epias.com.tr,false,
2022-07-28 18:00:00,Turkey,Turkey,TR,356.41,424.57,37.16,37.16,epias.com.tr,false,
2022-07-28 19:00:00,Turkey,Turkey,TR,350.1,417.13,38.64,38.64,epias.com.tr,false,
2022-07-28 20:00:00,Turkey,Turkey,TR,349.49,416.01,39.08,39.08,epias.com.tr,false,
2022-07-28 21:00:00,Turkey,Turkey,TR,358.67,426.05,37.66,37.65,epias.com.tr,false,
2022-07-28 22:00:00,Turkey,Turkey,TR,362.87,429.84,37.64,37.63,epias.com.tr,false,
2022-07-28 23:00:00,Turkey,Turkey,TR,370.2,437.68,36.74,36.73,epias.com.tr,false,
2022-07-29 00:00:00,Turkey,Turkey,TR,377.52,444.53,36.42,36.34,epias.com.tr,false,
2022-07-29 01:00:00,Turkey,Turkey,TR,383.86,451.13,35.71,35.65,epias.com.tr,false,
2022-07-29 02:00:00,Turkey,Turkey,TR,388.14,455.88,35.03,35.0,epias.com.tr,false,
2022-07-29 03:00:00,Turkey,Turkey,TR,396.69,465.43,33.56,33.56,epias.com.tr,false,
2022-07-29 04:00:00,Turkey,Turkey,TR,407.47,477.11,31.87,31.86,epias.com.tr,false,
2022-07-29 05:00:00,Turkey,Turkey,TR,392.02,460.8,33.98,33.98,epias.com.tr,false,
2022-07-29 06:00:00,Turkey,Turkey,TR,388.09,459.04,32.73,32.73,epias.com.tr,false,
2022-07-29 07:00:00,Turkey,Turkey,TR,377.86,448.76,33.68,33.68,epias.com.tr,false,
2022-07-29 08:00:00,Turkey,Turkey,TR,372.16,442.53,34.61,34.6,epias.com.tr,false,
2022-07-29 09:00:00,Turkey,Turkey,TR,367.09,437.08,35.3,35.29,epias.com.tr,false,
2022-07-29 10:00:00,Turkey,Turkey,TR,369.12,438.5,35.49,35.49,epias.com.tr,false,
2022-07-29 11:00:00,Turkey,Turkey,TR,370.24,439.84,35.26,35.26,epias.com.tr,false,
2022-07-29 12:00:00,Turkey,Turkey,TR,365.7,435.1,35.66,35.66,epias.com.tr,false,
2022-07-29 13:00:00,Turkey,Turkey,TR,363.3,432.44,36.0,36.0,epias.com.tr,false,
2022-07-29 14:00:00,Turkey,Turkey,TR,358.65,427.2,36.77,36.77,epias.com.tr,false,
2022-07-29 15:00:00,Turkey,Turkey,TR,355.4,422.93,37.71,37.71,epias.com.tr,false,
2022-07-29 16:00:00,Turkey,Turkey,TR,358.98,426.9,37.13,37.12,epias.com.tr,false,
2022-07-29 17:00:00,Turkey,Turkey,TR,356.28,424.3,37.27,37.27,epias.com.tr,false,
2022-07-29 18:00:00,Turkey,Turkey,TR,348.35,415.36,38.69,38.69,epias.com.tr,false,
2022-07-29 19:00:00,Turkey,Turkey,TR,346.86,413.37,39.19,39.19,epias.com.tr,false,
2022-07-29 20:00:00,Turkey,Turkey,TR,350.86,417.91,38.49,38.49,epias.com.tr,false,
2022-07-29 21:00:00,Turkey,Turkey,TR,354.36,421.79,38.01,37.95,epias.com.tr,false,
2022-07-29 22:00:00,Turkey,Turkey,TR,356.77,422.67,38.96,38.83,epias.com.tr,false,
2022-07-29 23:00:00,Turkey,Turkey,TR,358.43,422.61,40.04,39.89,epias.com.tr,false,
2022-07-30 00:00:00,Turkey,Turkey,TR,364.72,428.78,39.57,39.47,epias.com.tr,false,
2022-07-30 01:00:00,Turkey,Turkey,TR,370.3,434.27,39.15,39.04,epias.com.tr,false,
2022-07-30 02:00:00,Turkey,Turkey,TR,380.02,445.14,37.52,37.45,epias.com.tr,false,
2022-07-30 03:00:00,Turkey,Turkey,TR,392.73,459.48,35.24,35.17,epias.com.tr,false,
2022-07-30 04:00:00,Turkey,Turkey,TR,408.51,476.81,32.77,32.77,epias.com.tr,false,
2022-07-30 05:00:00,Turkey,Turkey,TR,403.8,471.34,33.77,33.77,epias.com.tr,false,
2022-07-30 06:00:00,Turkey,Turkey,TR,395.81,463.39,34.39,34.39,epias.com.tr,false,
2022-07-30 07:00:00,Turkey,Turkey,TR,390.28,458.27,34.52,34.5,epias.com.tr,false,
2022-07-30 08:00:00,Turkey,Turkey,TR,386.75,454.3,35.16,35.12,epias.com.tr,false,
2022-07-30 09:00:00,Turkey,Turkey,TR,384.34,452.05,35.3,35.23,epias.com.tr,false,
2022-07-30 10:00:00,Turkey,Turkey,TR,386.46,453.98,35.22,35.21,epias.com.tr,false,
2022-07-30 11:00:00,Turkey,Turkey,TR,382.91,450.98,35.17,35.13,epias.com.tr,false,
2022-07-30 12:00:00,Turkey,Turkey,TR,380.44,448.39,35.44,35.4,epias.com.tr,false,
2022-07-30 13:00:00,Turkey,Turkey,TR,379.8,447.31,35.73,35.69,epias.com.tr,false,
2022-07-30 14:00:00,Turkey,Turkey,TR,380.01,447.38,35.73,35.63,epias.com.tr,false,
2022-07-30 15:00:00,Turkey,Turkey,TR,379.15,447.25,35.27,35.16,epias.com.tr,false,
2022-07-30 16:00:00,Turkey,Turkey,TR,377.8,446.2,35.2,35.05,epias.com.tr,false,
2022-07-30 17:00:00,Turkey,Turkey,TR,370.09,437.44,36.67,36.5,epias.com.tr,false,
2022-07-30 18:00:00,Turkey,Turkey,TR,362.42,429.37,37.69,37.55,epias.com.tr,false,
2022-07-30 19:00:00,Turkey,Turkey,TR,360.38,426.81,38.28,38.13,epias.com.tr,false,
2022-07-30 20:00:00,Turkey,Turkey,TR,369.06,436.09,37.12,36.94,epias.com.tr,false,
2022-07-30 21:00:00,Turkey,Turkey,TR,378.03,445.72,35.92,35.69,epias.com.tr,false,
2022-07-30 22:00:00,Turkey,Turkey,TR,391.46,459.65,34.41,34.18,epias.com.tr,false,
2022-07-30 23:00:00,Turkey,Turkey,TR,396.95,464.48,34.53,34.26,epias.com.tr,false,
2022-07-31 00:00:00,Turkey,Turkey,TR,407.37,475.98,32.96,32.74,epias.com.tr,false,
2022-07-31 01:00:00,Turkey,Turkey,TR,413.92,482.55,32.36,32.17,epias.com.tr,false,
2022-07-31 02:00:00,Turkey,Turkey,TR,414.9,483.82,32.14,31.95,epias.com.tr,false,
2022-07-31 03:00:00,Turkey,Turkey,TR,416.18,484.72,32.34,32.18,epias.com.tr,false,
2022-07-31 04:00:00,Turkey,Turkey,TR,430.52,498.42,31.45,31.33,epias.com.tr,false,
2022-07-31 05:00:00,Turkey,Turkey,TR,421.7,487.98,33.52,33.51,epias.com.tr,false,
2022-07-31 06:00:00,Turkey,Turkey,TR,410.93,475.5,35.72,35.7,epias.com.tr,false,
2022-07-31 07:00:00,Turkey,Turkey,TR,407.0,470.43,36.78,36.56,epias.com.tr,false,
2022-07-31 08:00:00,Turkey,Turkey,TR,401.28,463.99,37.66,37.43,epias.com.tr,false,
2022-07-31 09:00:00,Turkey,Turkey,TR,396.66,459.34,38.05,37.86,epias.com.tr,false,
2022-07-31 10:00:00,Turkey,Turkey,TR,393.31,455.65,38.58,38.5,epias.com.tr,false,
2022-07-31 11:00:00,Turkey,Turkey,TR,387.89,450.19,39.01,38.97,epias.com.tr,false,
2022-07-31 12:00:00,Turkey,Turkey,TR,385.47,447.43,39.33,39.27,epias.com.tr,false,
2022-07-31 13:00:00,Turkey,Turkey,TR,385.42,448.06,38.82,38.73,epias.com.tr,false,
2022-07-31 14:00:00,Turkey,Turkey,TR,382.72,445.78,38.67,38.57,epias.com.tr,false,
2022-07-31 15:00:00,Turkey,Turkey,TR,383.98,447.89,37.89,37.75,epias.com.tr,false,
2022-07-31 16:00:00,Turkey,Turkey,TR,383.29,448.14,37.2,37.09,epias.com.tr,false,
2022-07-31 17:00:00,Turkey,Turkey,TR,377.22,441.59,38.11,37.98,epias.com.tr,false,
2022-07-31 18:00:00,Turkey,Turkey,TR,362.69,425.52,40.42,40.26,epias.com.tr,false,
2022-07-31 19:00:00,Turkey,Turkey,TR,359.59,421.7,41.24,41.07,epias.com.tr,false,
2022-07-31 20:00:00,Turkey,Turkey,TR,362.81,425.11,40.87,40.72,epias.com.tr,false,
2022-07-31 21:00:00,Turkey,Turkey,TR,372.59,436.04,39.14,38.89,epias.com.tr,false,
2022-07-31 22:00:00,Turkey,Turkey,TR,388.34,454.2,36.02,35.82,epias.com.tr,false,
2022-07-31 23:00:00,Turkey,Turkey,TR,397.17,463.23,35.12,34.85,epias.com.tr,false,
2022-08-01 00:00:00,Turkey,Turkey,TR,395.73,461.49,35.52,35.27,epias.com.tr,false,
2022-08-01 01:00:00,Turkey,Turkey,TR,399.11,464.06,35.71,35.44,epias.com.tr,false,
2022-08-01 02:00:00,Turkey,Turkey,TR,397.05,462.67,35.43,35.16,epias.com.tr,false,
2022-08-01 03:00:00,Turkey,Turkey,TR,397.94,465.26,34.39,34.24,epias.com.tr,false,
2022-08-01 04:00:00,Turkey,Turkey,TR,411.87,480.97,31.94,31.85,epias.com.tr,false,
2022-08-01 05:00:00,Turkey,Turkey,TR,419.46,490.08,30.18,30.15,epias.com.tr,false,
2022-08-01 06:00:00,Turkey,Turkey,TR,406.67,478.99,30.07,30.04,epias.com.tr,false,
2022-08-01 07:00:00,Turkey,Turkey,TR,395.04,467.06,31.23,31.17,epias.com.tr,false,
2022-08-01 08:00:00,Turkey,Turkey,TR,391.94,464.17,31.33,31.25,epias.com.tr,false,
2022-08-01 09:00:00,Turkey,Turkey,TR,388.18,459.81,32.01,31.96,epias.com.tr,false,
2022-08-01 10:00:00,Turkey,Turkey,TR,395.81,467.67,31.24,31.15,epias.com.tr,false,
2022-08-01 11:00:00,Turkey,Turkey,TR,395.16,467.82,30.76,30.64,epias.com.tr,false,
2022-08-01 12:00:00,Turkey,Turkey,TR,386.82,459.57,31.43,31.33,epias.com.tr,false,
2022-08-01 13:00:00,Turkey,Turkey,TR,383.6,456.1,31.85,31.74,epias.com.tr,false,
2022-08-01 14:00:00,Turkey,Turkey,TR,377.26,449.35,32.77,32.68,epias.com.tr,false,
2022-08-01 15:00:00,Turkey,Turkey,TR,372.39,444.04,33.54,33.45,epias.com.tr,false,
2022-08-01 16:00:00,Turkey,Turkey,TR,376.1,447.85,33.12,33.04,epias.com.tr,false,
2022-08-01 17:00:00,Turkey,Turkey,TR,378.76,450.47,32.84,32.75,epias.com.tr,false,
2022-08-01 18:00:00,Turkey,Turkey,TR,373.92,445.31,33.49,33.42,epias.com.tr,false,
2022-08-01 19:00:00,Turkey,Turkey,TR,371.18,441.78,34.3,34.24,epias.com.tr,false,
2022-08-01 20:00:00,Turkey,Turkey,TR,368.0,437.54,35.34,35.21,epias.com.tr,false,
2022-08-01 21:00:00,Turkey,Turkey,TR,373.48,443.17,34.8,34.66,epias.com.tr,false,
2022-08-01 22:00:00,Turkey,Turkey,TR,381.26,452.09,33.39,33.18,epias.com.tr,false,
2022-08-01 23:00:00,Turkey,Turkey,TR,397.72,469.99,30.91,30.63,epias.com.tr,false,
2022-08-02 00:00:00,Turkey,Turkey,TR,407.05,479.89,29.71,29.38,epias.com.tr,false,
2022-08-02 01:00:00,Turkey,Turkey,TR,409.7,482.78,29.34,29.03,epias.com.tr,false,
2022-08-02 02:00:00,Turkey,Turkey,TR,412.17,485.39,29.03,28.74,epias.com.tr,false,
2022-08-02 03:00:00,Turkey,Turkey,TR,410.1,481.95,30.13,29.94,epias.com.tr,false,
2022-08-02 04:00:00,Turkey,Turkey,TR,415.24,487.9,29.16,29.0,epias.com.tr,false,
2022-08-02 05:00:00,Turkey,Turkey,TR,415.76,487.99,29.38,29.22,epias.com.tr,false,
2022-08-02 06:00:00,Turkey,Turkey,TR,394.75,465.84,32.02,31.9,epias.com.tr,false,
2022-08-02 07:00:00,Turkey,Turkey,TR,385.09,455.39,33.31,33.14,epias.com.tr,false,
2022-08-02 08:00:00,Turkey,Turkey,TR,376.95,446.39,34.59,34.42,epias.com.tr,false,
2022-08-02 09:00:00,Turkey,Turkey,TR,367.39,436.77,35.48,35.33,epias.com.tr,false,
2022-08-02 10:00:00,Turkey,Turkey,TR,367.89,436.86,35.78,35.64,epias.com.tr,false,
2022-08-02 11:00:00,Turkey,Turkey,TR,364.06,433.41,35.79,35.69,epias.com.tr,false,
2022-08-02 12:00:00,Turkey,Turkey,TR,361.9,430.99,36.05,36.0,epias.com.tr,false,
2022-08-02 13:00:00,Turkey,Turkey,TR,363.47,431.95,36.21,36.15,epias.com.tr,false,
2022-08-02 14:00:00,Turkey,Turkey,TR,361.91,430.01,36.53,36.51,epias.com.tr,false,
2022-08-02 15:00:00,Turkey,Turkey,TR,358.51,425.83,37.36,37.29,epias.com.tr,false,
2022-08-02 16:00:00,Turkey,Turkey,TR,359.61,426.97,37.25,37.15,epias.com.tr,false,
2022-08-02 17:00:00,Turkey,Turkey,TR,359.15,426.84,37.06,36.96,epias.com.tr,false,
2022-08-02 18:00:00,Turkey,Turkey,TR,350.89,418.1,38.19,38.14,epias.com.tr,false,
2022-08-02 19:00:00,Turkey,Turkey,TR,346.96,413.82,38.84,38.79,epias.com.tr,false,
2022-08-02 20:00:00,Turkey,Turkey,TR,348.5,414.6,39.18,39.11,epias.com.tr,false,
2022-08-02 21:00:00,Turkey,Turkey,TR,355.02,421.11,38.67,38.54,epias.com.tr,false,
2022-08-02 22:00:00,Turkey,Turkey,TR,355.76,420.37,39.64,39.41,epias.com.tr,false,
2022-08-02 23:00:00,Turkey,Turkey,TR,361.21,424.62,39.97,39.71,epias.com.tr,false,
2022-08-03 00:00:00,Turkey,Turkey,TR,373.33,437.81,38.16,37.88,epias.com.tr,false,
2022-08-03 01:00:00,Turkey,Turkey,TR,377.31,442.43,37.41,37.11,epias.com.tr,false,
2022-08-03 02:00:00,Turkey,Turkey,TR,378.27,443.3,37.4,37.11,epias.com.tr,false,
2022-08-03 03:00:00,Turkey,Turkey,TR,384.39,449.87,36.54,36.34,epias.com.tr,false,
2022-08-03 04:00:00,Turkey,Turkey,TR,388.39,453.55,36.34,36.13,epias.com.tr,false,
2022-08-03 05:00:00,Turkey,Turkey,TR,385.37,449.72,37.13,37.01,epias.com.tr,false,
2022-08-03 06:00:00,Turkey,Turkey,TR,365.58,429.42,39.2,39.05,epias.com.tr,false,
2022-08-03 07:00:00,Turkey,Turkey,TR,348.93,411.87,41.34,41.16,epias.com.tr,false,
2022-08-03 08:00:00,Turkey,Turkey,TR,346.99,409.87,41.58,41.35,epias.com.tr,false,
2022-08-03 09:00:00,Turkey,Turkey,TR,345.12,408.17,41.65,41.48,epias.com.tr,false,
2022-08-03 10:00:00,Turkey,Turkey,TR,350.12,412.84,41.39,41.2,epias.com.tr,false,
2022-08-03 11:00:00,Turkey,Turkey,TR,348.65,412.07,40.93,40.83,epias.com.tr,false,
2022-08-03 12:00:00,Turkey,Turkey,TR,340.37,403.05,42.18,42.1,epias.com.tr,false,
2022-08-03 13:00:00,Turkey,Turkey,TR,337.17,399.74,42.57,42.55,epias.com.tr,false,
2022-08-03 14:00:00,Turkey,Turkey,TR,333.59,396.02,43.01,42.94,epias.com.tr,false,
2022-08-03 15:00:00,Turkey,Turkey,TR,331.52,393.8,43.27,43.22,epias.com.tr,false,
2022-08-03 16:00:00,Turkey,Turkey,TR,332.66,394.69,43.26,43.21,epias.com.tr,false,
2022-08-03 17:00:00,Turkey,Turkey,TR,335.08,397.14,43.05,42.98,epias.com.tr,false,
2022-08-03 18:00:00,Turkey,Turkey,TR,331.97,394.31,43.2,43.14,epias.com.tr,false,
2022-08-03 19:00:00,Turkey,Turkey,TR,332.12,394.07,43.48,43.45,epias.com.tr,false,
2022-08-03 20:00:00,Turkey,Turkey,TR,338.99,401.59,42.42,42.36,epias.com.tr,false,
2022-08-03 21:00:00,Turkey,Turkey,TR,346.6,409.65,41.42,41.32,epias.com.tr,false,
2022-08-03 22:00:00,Turkey,Turkey,TR,359.22,423.56,39.45,39.3,epias.com.tr,false,
2022-08-03 23:00:00,Turkey,Turkey,TR,367.05,432.31,38.21,37.99,epias.com.tr,false,
2022-08-04 00:00:00,Turkey,Turkey,TR,376.2,442.56,36.69,36.46,epias.com.tr,false,
2022-08-04 01:00:00,Turkey,Turkey,TR,383.14,450.65,35.34,35.06,epias.com.tr,false,
2022-08-04 02:00:00,Turkey,Turkey,TR,386.99,455.21,34.54,34.3,epias.com.tr,false,
2022-08-04 03:00:00,Turkey,Turkey,TR,388.88,457.27,34.29,34.12,epias.com.tr,false,
2022-08-04 04:00:00,Turkey,Turkey,TR,389.29,456.88,34.84,34.69,epias.com.tr,false,
2022-08-04 05:00:00,Turkey,Turkey,TR,382.03,448.31,36.36,36.25,epias.com.tr,false,
2022-08-04 06:00:00,Turkey,Turkey,TR,362.05,426.87,39.09,39.0,epias.com.tr,false,
2022-08-04 07:00:00,Turkey,Turkey,TR,346.88,410.62,41.12,40.96,epias.com.tr,false,
2022-08-04 08:00:00,Turkey,Turkey,TR,352.68,418.32,39.29,39.12,epias.com.tr,false,
2022-08-04 09:00:00,Turkey,Turkey,TR,347.67,412.77,40.13,40.0,epias.com.tr,false,
2022-08-04 10:00:00,Turkey,Turkey,TR,350.86,415.52,40.14,40.0,epias.com.tr,false,
2022-08-04 11:00:00,Turkey,Turkey,TR,350.31,415.58,39.69,39.59,epias.com.tr,false,
2022-08-04 12:00:00,Turkey,Turkey,TR,341.93,406.3,41.02,40.94,epias.com.tr,false,
2022-08-04 13:00:00,Turkey,Turkey,TR,337.83,401.98,41.58,41.49,epias.com.tr,false,
2022-08-04 14:00:00,Turkey,Turkey,TR,334.98,399.04,41.88,41.85,epias.com.tr,false,
2022-08-04 15:00:00,Turkey,Turkey,TR,335.68,399.54,41.9,41.84,epias.com.tr,false,
2022-08-04 16:00:00,Turkey,Turkey,TR,339.27,403.0,41.63,41.57,epias.com.tr,false,
2022-08-04 17:00:00,Turkey,Turkey,TR,344.46,409.19,40.44,40.37,epias.com.tr,false,
2022-08-04 18:00:00,Turkey,Turkey,TR,341.02,405.89,40.74,40.69,epias.com.tr,false,
2022-08-04 19:00:00,Turkey,Turkey,TR,339.79,404.16,41.3,41.28,epias.com.tr,false,
2022-08-04 20:00:00,Turkey,Turkey,TR,345.2,410.11,40.49,40.43,epias.com.tr,false,
2022-08-04 21:00:00,Turkey,Turkey,TR,356.61,422.86,38.48,38.37,epias.com.tr,false,
2022-08-04 22:00:00,Turkey,Turkey,TR,371.89,440.09,35.81,35.68,epias.com.tr,false,
2022-08-04 23:00:00,Turkey,Turkey,TR,372.83,441.63,35.48,35.28,epias.com.tr,false,
2022-08-05 00:00:00,Turkey,Turkey,TR,382.6,451.97,34.21,33.96,epias.com.tr,false,
2022-08-05 01:00:00,Turkey,Turkey,TR,383.67,453.11,34.11,33.83,epias.com.tr,false,
2022-08-05 02:00:00,Turkey,Turkey,TR,386.12,456.03,33.61,33.35,epias.com.tr,false,
2022-08-05 03:00:00,Turkey,Turkey,TR,393.73,463.81,32.78,32.6,epias.com.tr,false,
2022-08-05 04:00:00,Turkey,Turkey,TR,397.39,467.08,32.76,32.63,epias.com.tr,false,
2022-08-05 05:00:00,Turkey,Turkey,TR,389.2,458.34,33.88,33.78,epias.com.tr,false,
2022-08-05 06:00:00,Turkey,Turkey,TR,366.7,433.52,37.34,37.24,epias.com.tr,false,
2022-08-05 07:00:00,Turkey,Turkey,TR,354.78,420.92,38.91,38.82,epias.com.tr,false,
2022-08-05 08:00:00,Turkey,Turkey,TR,352.65,419.04,38.92,38.84,epias.com.tr,false,
2022-08-05 09:00:00,Turkey,Turkey,TR,350.5,416.67,39.27,39.18,epias.com.tr,false,
2022-08-05 10:00:00,Turkey,Turkey,TR,357.77,424.39,38.3,38.17,epias.com.tr,false,
2022-08-05 11:00:00,Turkey,Turkey,TR,356.68,423.17,38.5,38.38,epias.com.tr,false,
2022-08-05 12:00:00,Turkey,Turkey,TR,343.05,408.47,40.41,40.31,epias.com.tr,false,
2022-08-05 13:00:00,Turkey,Turkey,TR,337.59,402.05,41.52,41.46,epias.com.tr,false,
2022-08-05 14:00:00,Turkey,Turkey,TR,332.59,396.53,42.3,42.29,epias.com.tr,false,
2022-08-05 15:00:00,Turkey,Turkey,TR,328.95,392.03,43.19,43.16,epias.com.tr,false,
2022-08-05 16:00:00,Turkey,Turkey,TR,329.19,392.19,43.16,43.09,epias.com.tr,false,
2022-08-05 17:00:00,Turkey,Turkey,TR,331.74,395.0,42.78,42.73,epias.com.tr,false,
2022-08-05 18:00:00,Turkey,Turkey,TR,328.21,391.33,43.21,43.16,epias.com.tr,false,
2022-08-05 19:00:00,Turkey,Turkey,TR,332.53,396.19,42.43,42.36,epias.com.tr,false,
2022-08-05 20:00:00,Turkey,Turkey,TR,336.82,401.5,41.43,41.38,epias.com.tr,false,
2022-08-05 21:00:00,Turkey,Turkey,TR,347.52,412.96,39.95,39.81,epias.com.tr,false,
2022-08-05 22:00:00,Turkey,Turkey,TR,360.77,427.32,38.01,37.84,epias.com.tr,false,
2022-08-05 23:00:00,Turkey,Turkey,TR,370.76,438.07,36.68,36.36,epias.com.tr,false,
2022-08-06 00:00:00,Turkey,Turkey,TR,378.65,446.5,35.62,35.28,epias.com.tr,false,
2022-08-06 01:00:00,Turkey,Turkey,TR,381.35,449.19,35.45,35.08,epias.com.tr,false,
2022-08-06 02:00:00,Turkey,Turkey,TR,387.21,455.81,34.43,34.07,epias.com.tr,false,
2022-08-06 03:00:00,Turkey,Turkey,TR,393.03,461.68,33.84,33.46,epias.com.tr,false,
2022-08-06 04:00:00,Turkey,Turkey,TR,398.04,466.18,33.75,33.47,epias.com.tr,false,
2022-08-06 05:00:00,Turkey,Turkey,TR,391.32,458.11,35.29,35.03,epias.com.tr,false,
2022-08-06 06:00:00,Turkey,Turkey,TR,380.68,448.29,35.68,35.48,epias.com.tr,false,
2022-08-06 07:00:00,Turkey,Turkey,TR,368.97,436.49,36.75,36.55,epias.com.tr,false,
2022-08-06 08:00:00,Turkey,Turkey,TR,359.17,425.81,38.21,38.01,epias.com.tr,false,
2022-08-06 09:00:00,Turkey,Turkey,TR,349.89,415.51,39.76,39.58,epias.com.tr,false,
2022-08-06 10:00:00,Turkey,Turkey,TR,350.6,415.95,39.89,39.7,epias.com.tr,false,
2022-08-06 11:00:00,Turkey,Turkey,TR,347.85,413.33,39.95,39.75,epias.com.tr,false,
2022-08-06 12:00:00,Turkey,Turkey,TR,342.24,407.11,40.76,40.59,epias.com.tr,false,
2022-08-06 13:00:00,Turkey,Turkey,TR,339.52,403.66,41.4,41.24,epias.com.tr,false,
2022-08-06 14:00:00,Turkey,Turkey,TR,336.93,400.84,41.81,41.68,epias.com.tr,false,
2022-08-06 15:00:00,Turkey,Turkey,TR,337.36,401.27,41.6,41.44,epias.com.tr,false,
2022-08-06 16:00:00,Turkey,Turkey,TR,336.42,399.89,41.94,41.82,epias.com.tr,false,
2022-08-06 17:00:00,Turkey,Turkey,TR,333.9,396.77,42.56,42.43,epias.com.tr,false,
2022-08-06 18:00:00,Turkey,Turkey,TR,328.89,391.64,43.22,43.13,epias.com.tr,false,
2022-08-06 19:00:00,Turkey,Turkey,TR,331.62,394.67,42.85,42.75,epias.com.tr,false,
2022-08-06 20:00:00,Turkey,Turkey,TR,339.1,402.76,41.76,41.61,epias.com.tr,false,
2022-08-06 21:00:00,Turkey,Turkey,TR,344.12,407.78,41.37,41.09,epias.com.tr,false,
2022-08-06 22:00:00,Turkey,Turkey,TR,349.08,412.09,41.55,41.19,epias.com.tr,false,
2022-08-06 23:00:00,Turkey,Turkey,TR,356.98,419.6,41.13,40.73,epias.com.tr,false,
2022-08-07 00:00:00,Turkey,Turkey,TR,373.88,438.15,38.5,38.12,epias.com.tr,false,
2022-08-07 01:00:00,Turkey,Turkey,TR,383.22,448.53,37.03,36.64,epias.com.tr,false,
2022-08-07 02:00:00,Turkey,Turkey,TR,384.26,449.23,37.16,36.75,epias.com.tr,false,
2022-08-07 03:00:00,Turkey,Turkey,TR,386.67,450.52,37.61,37.15,epias.com.tr,false,
2022-08-07 04:00:00,Turkey,Turkey,TR,386.17,448.33,38.81,38.41,epias.com.tr,false,
2022-08-07 05:00:00,Turkey,Turkey,TR,362.45,421.45,43.29,42.93,epias.com.tr,false,
2022-08-07 06:00:00,Turkey,Turkey,TR,341.91,399.9,46.09,45.8,epias.com.tr,false,
2022-08-07 07:00:00,Turkey,Turkey,TR,350.78,408.51,45.32,45.0,epias.com.tr,false,
2022-08-07 08:00:00,Turkey,Turkey,TR,350.54,407.94,45.53,45.19,epias.com.tr,false,
2022-08-07 09:00:00,Turkey,Turkey,TR,343.45,399.92,46.75,46.36,epias.com.tr,false,
2022-08-07 10:00:00,Turkey,Turkey,TR,329.74,385.39,48.73,48.33,epias.com.tr,false,
2022-08-07 11:00:00,Turkey,Turkey,TR,322.98,378.92,49.05,48.65,epias.com.tr,false,
2022-08-07 12:00:00,Turkey,Turkey,TR,327.97,383.38,48.9,48.54,epias.com.tr,false,
2022-08-07 13:00:00,Turkey,Turkey,TR,325.94,380.51,49.54,49.18,epias.com.tr,false,
2022-08-07 14:00:00,Turkey,Turkey,TR,331.07,386.5,48.26,47.91,epias.com.tr,false,
2022-08-07 15:00:00,Turkey,Turkey,TR,332.2,389.08,47.13,46.87,epias.com.tr,false,
2022-08-07 16:00:00,Turkey,Turkey,TR,335.57,394.67,45.22,44.99,epias.com.tr,false,
2022-08-07 17:00:00,Turkey,Turkey,TR,332.96,391.92,45.55,45.4,epias.com.tr,false,
2022-08-07 18:00:00,Turkey,Turkey,TR,324.25,382.27,47.03,46.91,epias.com.tr,false,
2022-08-07 19:00:00,Turkey,Turkey,TR,323.36,381.06,47.42,47.25,epias.com.tr,false,
2022-08-07 20:00:00,Turkey,Turkey,TR,329.83,387.44,46.79,46.53,epias.com.tr,false,
2022-08-07 21:00:00,Turkey,Turkey,TR,338.83,397.68,45.16,44.85,epias.com.tr,false,
2022-08-07 22:00:00,Turkey,Turkey,TR,352.29,412.04,43.31,43.0,epias.com.tr,false,
2022-08-07 23:00:00,Turkey,Turkey,TR,362.39,423.04,41.8,41.52,epias.com.tr,false,
2022-08-08 00:00:00,Turkey,Turkey,TR,374.8,436.6,39.89,39.59,epias.com.tr,false,
2022-08-08 01:00:00,Turkey,Turkey,TR,379.29,440.66,39.83,39.47,epias.com.tr,false,
2022-08-08 02:00:00,Turkey,Turkey,TR,384.24,446.55,38.77,38.39,epias.com.tr,false,
2022-08-08 03:00:00,Turkey,Turkey,TR,390.66,453.13,38.09,37.75,epias.com.tr,false,
2022-08-08 04:00:00,Turkey,Turkey,TR,397.97,461.05,36.99,36.72,epias.com.tr,false,
2022-08-08 05:00:00,Turkey,Turkey,TR,391.52,455.34,37.12,36.93,epias.com.tr,false,
2022-08-08 06:00:00,Turkey,Turkey,TR,359.06,422.04,40.68,40.56,epias.com.tr,false,
2022-08-08 07:00:00,Turkey,Turkey,TR,338.42,401.55,42.52,42.39,epias.com.tr,false,
2022-08-08 08:00:00,Turkey,Turkey,TR,329.06,393.36,42.59,42.5,epias.com.tr,false,
2022-08-08 09:00:00,Turkey,Turkey,TR,324.86,388.76,43.27,43.22,epias.com.tr,false,
2022-08-08 10:00:00,Turkey,Turkey,TR,329.99,393.88,42.83,42.78,epias.com.tr,false,
2022-08-08 11:00:00,Turkey,Turkey,TR,329.67,394.41,42.19,42.13,epias.com.tr,false,
2022-08-08 12:00:00,Turkey,Turkey,TR,323.95,389.12,42.35,42.32,epias.com.tr,false,
2022-08-08 13:00:00,Turkey,Turkey,TR,320.8,386.06,42.53,42.52,epias.com.tr,false,
2022-08-08 14:00:00,Turkey,Turkey,TR,317.21,381.97,43.18,43.18,epias.com.tr,false,
2022-08-08 15:00:00,Turkey,Turkey,TR,309.4,372.51,44.96,44.95,epias.com.tr,false,
2022-08-08 16:00:00,Turkey,Turkey,TR,309.34,372.29,45.07,45.06,epias.com.tr,false,
2022-08-08 17:00:00,Turkey,Turkey,TR,310.92,373.69,44.96,44.95,epias.com.tr,false,
2022-08-08 18:00:00,Turkey,Turkey,TR,307.75,369.7,45.82,45.82,epias.com.tr,false,
2022-08-08 19:00:00,Turkey,Turkey,TR,309.64,371.53,45.77,45.77,epias.com.tr,false,
2022-08-08 20:00:00,Turkey,Turkey,TR,317.08,379.34,44.93,44.89,epias.com.tr,false,
2022-08-08 21:00:00,Turkey,Turkey,TR,329.99,393.84,42.78,42.66,epias.com.tr,false,
2022-08-08 22:00:00,Turkey,Turkey,TR,351.2,418.44,38.68,38.49,epias.com.tr,false,
2022-08-08 23:00:00,Turkey,Turkey,TR,363.48,431.93,36.82,36.56,epias.com.tr,false,
2022-08-09 00:00:00,Turkey,Turkey,TR,371.86,440.39,36.04,35.74,epias.com.tr,false,
2022-08-09 01:00:00,Turkey,Turkey,TR,373.72,442.84,35.47,35.15,epias.com.tr,false,
2022-08-09 02:00:00,Turkey,Turkey,TR,374.33,444.55,34.73,34.44,epias.com.tr,false,
2022-08-09 03:00:00,Turkey,Turkey,TR,378.98,449.46,34.18,33.95,epias.com.tr,false,
2022-08-09 04:00:00,Turkey,Turkey,TR,384.73,455.98,33.11,33.02,epias.com.tr,false,
2022-08-09 05:00:00,Turkey,Turkey,TR,375.02,445.35,34.7,34.62,epias.com.tr,false,
2022-08-09 06:00:00,Turkey,Turkey,TR,356.44,425.87,36.91,36.89,epias.com.tr,false,
2022-08-09 07:00:00,Turkey,Turkey,TR,346.25,414.75,38.34,38.27,epias.com.tr,false,
2022-08-09 08:00:00,Turkey,Turkey,TR,343.83,412.2,38.63,38.52,epias.com.tr,false,
2022-08-09 09:00:00,Turkey,Turkey,TR,342.6,411.15,38.65,38.53,epias.com.tr,false,
2022-08-09 10:00:00,Turkey,Turkey,TR,352.35,421.95,37.08,36.95,epias.com.tr,false,
2022-08-09 11:00:00,Turkey,Turkey,TR,349.53,419.33,37.15,37.04,epias.com.tr,false,
2022-08-09 12:00:00,Turkey,Turkey,TR,338.69,407.27,38.91,38.83,epias.com.tr,false,
2022-08-09 13:00:00,Turkey,Turkey,TR,335.01,402.9,39.64,39.56,epias.com.tr,false,
2022-08-09 14:00:00,Turkey,Turkey,TR,329.37,396.67,40.48,40.41,epias.com.tr,false,
2022-08-09 15:00:00,Turkey,Turkey,TR,324.96,391.36,41.48,41.43,epias.com.tr,false,
2022-08-09 16:00:00,Turkey,Turkey,TR,332.3,399.52,40.22,40.12,epias.com.tr,false,
2022-08-09 17:00:00,Turkey,Turkey,TR,332.78,399.85,40.23,40.14,epias.com.tr,false,
2022-08-09 18:00:00,Turkey,Turkey,TR,328.03,394.57,41.13,41.05,epias.com.tr,false,
2022-08-09 19:00:00,Turkey,Turkey,TR,327.87,393.73,41.63,41.5,epias.com.tr,false,
2022-08-09 20:00:00,Turkey,Turkey,TR,336.39,403.82,39.78,39.56,epias.com.tr,false,
2022-08-09 21:00:00,Turkey,Turkey,TR,339.0,406.73,39.43,39.14,epias.com.tr,false,
2022-08-09 22:00:00,Turkey,Turkey,TR,349.79,418.67,37.78,37.42,epias.com.tr,false,
2022-08-09 23:00:00,Turkey,Turkey,TR,361.68,431.89,35.89,35.51,epias.com.tr,false,
2022-08-10 00:00:00,Turkey,Turkey,TR,372.41,443.88,34.07,33.67,epias.com.tr,false,
2022-08-10 01:00:00,Turkey,Turkey,TR,374.7,446.5,33.71,33.29,epias.com.tr,false,
2022-08-10 02:00:00,Turkey,Turkey,TR,370.56,441.46,34.67,34.3,epias.com.tr,false,
2022-08-10 03:00:00,Turkey,Turkey,TR,374.19,444.54,34.61,34.23,epias.com.tr,false,
2022-08-10 04:00:00,Turkey,Turkey,TR,377.6,448.76,33.78,33.47,epias.com.tr,false,
2022-08-10 05:00:00,Turkey,Turkey,TR,377.0,447.75,34.07,33.78,epias.com.tr,false,
2022-08-10 06:00:00,Turkey,Turkey,TR,357.47,426.24,37.13,36.87,epias.com.tr,false,
2022-08-10 07:00:00,Turkey,Turkey,TR,350.44,418.09,38.45,38.15,epias.com.tr,false,
2022-08-10 08:00:00,Turkey,Turkey,TR,348.9,416.63,38.54,38.28,epias.com.tr,false,
2022-08-10 09:00:00,Turkey,Turkey,TR,344.52,411.81,39.16,38.89,epias.com.tr,false,
2022-08-10 10:00:00,Turkey,Turkey,TR,349.03,415.99,38.91,38.62,epias.com.tr,false,
2022-08-10 11:00:00,Turkey,Turkey,TR,345.21,411.22,39.75,39.46,epias.com.tr,false,
2022-08-10 12:00:00,Turkey,Turkey,TR,334.83,400.25,40.95,40.7,epias.com.tr,false,
2022-08-10 13:00:00,Turkey,Turkey,TR,329.93,394.8,41.76,41.5,epias.com.tr,false,
2022-08-10 14:00:00,Turkey,Turkey,TR,324.7,388.88,42.65,42.43,epias.com.tr,false,
2022-08-10 15:00:00,Turkey,Turkey,TR,323.32,386.82,43.18,42.95,epias.com.tr,false,
2022-08-10 16:00:00,Turkey,Turkey,TR,322.59,385.97,43.34,43.11,epias.com.tr,false,
2022-08-10 17:00:00,Turkey,Turkey,TR,320.82,384.34,43.45,43.22,epias.com.tr,false,
2022-08-10 18:00:00,Turkey,Turkey,TR,310.62,373.18,44.94,44.71,epias.com.tr,false,
2022-08-10 19:00:00,Turkey,Turkey,TR,311.22,373.82,44.93,44.69,epias.com.tr,false,
2022-08-10 20:00:00,Turkey,Turkey,TR,317.17,379.94,44.27,44.02,epias.com.tr,false,
2022-08-10 21:00:00,Turkey,Turkey,TR,321.92,384.26,44.13,43.8,epias.com.tr,false,
2022-08-10 22:00:00,Turkey,Turkey,TR,341.12,405.91,40.66,40.26,epias.com.tr,false,
2022-08-10 23:00:00,Turkey,Turkey,TR,349.87,415.28,39.47,39.04,epias.com.tr,false,
2022-08-11 00:00:00,Turkey,Turkey,TR,345.0,407.75,41.78,41.33,epias.com.tr,false,
2022-08-11 01:00:00,Turkey,Turkey,TR,345.29,407.88,41.96,41.51,epias.com.tr,false,
2022-08-11 02:00:00,Turkey,Turkey,TR,350.0,413.32,41.08,40.65,epias.com.tr,false,
2022-08-11 03:00:00,Turkey,Turkey,TR,358.71,423.11,39.57,39.17,epias.com.tr,false,
2022-08-11 04:00:00,Turkey,Turkey,TR,366.68,432.03,38.14,37.86,epias.com.tr,false,
2022-08-11 05:00:00,Turkey,Turkey,TR,359.48,424.94,38.85,38.61,epias.com.tr,false,
2022-08-11 06:00:00,Turkey,Turkey,TR,335.84,400.56,41.63,41.39,epias.com.tr,false,
2022-08-11 07:00:00,Turkey,Turkey,TR,335.31,399.92,41.72,41.47,epias.com.tr,false,
2022-08-11 08:00:00,Turkey,Turkey,TR,336.92,402.54,40.9,40.67,epias.com.tr,false,
2022-08-11 09:00:00,Turkey,Turkey,TR,333.67,399.12,41.34,41.07,epias.com.tr,false,
2022-08-11 10:00:00,Turkey,Turkey,TR,337.01,402.28,41.23,40.91,epias.com.tr,false,
2022-08-11 11:00:00,Turkey,Turkey,TR,341.26,407.51,40.16,39.88,epias.com.tr,false,
2022-08-11 12:00:00,Turkey,Turkey,TR,336.17,401.72,41.05,40.8,epias.com.tr,false,
2022-08-11 13:00:00,Turkey,Turkey,TR,337.2,402.96,40.76,40.55,epias.com.tr,false,
2022-08-11 14:00:00,Turkey,Turkey,TR,335.02,400.65,40.97,40.78,epias.com.tr,false,
2022-08-11 15:00:00,Turkey,Turkey,TR,333.95,398.13,41.9,41.67,epias.com.tr,false,
2022-08-11 16:00:00,Turkey,Turkey,TR,338.18,402.97,41.08,40.89,epias.com.tr,false,
2022-08-11 17:00:00,Turkey,Turkey,TR,340.57,405.88,40.54,40.37,epias.com.tr,false,
2022-08-11 18:00:00,Turkey,Turkey,TR,339.61,404.98,40.58,40.41,epias.com.tr,false,
2022-08-11 19:00:00,Turkey,Turkey,TR,341.51,406.98,40.33,40.15,epias.com.tr,false,
2022-08-11 20:00:00,Turkey,Turkey,TR,345.7,411.87,39.58,39.37,epias.com.tr,false,
2022-08-11 21:00:00,Turkey,Turkey,TR,351.47,417.78,39.05,38.77,epias.com.tr,false,
2022-08-11 22:00:00,Turkey,Turkey,TR,369.36,437.46,36.23,35.85,epias.com.tr,false,
2022-08-11 23:00:00,Turkey,Turkey,TR,376.49,444.73,35.54,35.12,epias.com.tr,false,
2022-08-12 00:00:00,Turkey,Turkey,TR,383.65,452.23,34.68,34.23,epias.com.tr,false,
2022-08-12 01:00:00,Turkey,Turkey,TR,389.41,459.31,33.27,32.83,epias.com.tr,false,
2022-08-12 02:00:00,Turkey,Turkey,TR,389.35,459.21,33.33,32.92,epias.com.tr,false,
2022-08-12 03:00:00,Turkey,Turkey,TR,392.79,462.32,33.3,32.92,epias.com.tr,false,
2022-08-12 04:00:00,Turkey,Turkey,TR,398.77,468.68,32.43,32.22,epias.com.tr,false,
2022-08-12 05:00:00,Turkey,Turkey,TR,389.35,459.73,33.14,32.99,epias.com.tr,false,
2022-08-12 06:00:00,Turkey,Turkey,TR,364.6,432.48,37.07,36.93,epias.com.tr,false,
2022-08-12 07:00:00,Turkey,Turkey,TR,353.64,420.45,38.75,38.57,epias.com.tr,false,
2022-08-12 08:00:00,Turkey,Turkey,TR,353.95,421.25,38.43,38.23,epias.com.tr,false,
2022-08-12 09:00:00,Turkey,Turkey,TR,352.75,419.86,38.72,38.53,epias.com.tr,false,
2022-08-12 10:00:00,Turkey,Turkey,TR,359.59,426.54,38.25,38.08,epias.com.tr,false,
2022-08-12 11:00:00,Turkey,Turkey,TR,363.32,430.72,37.56,37.43,epias.com.tr,false,
2022-08-12 12:00:00,Turkey,Turkey,TR,352.21,419.57,38.55,38.46,epias.com.tr,false,
2022-08-12 13:00:00,Turkey,Turkey,TR,347.13,414.14,39.2,39.11,epias.com.tr,false,
2022-08-12 14:00:00,Turkey,Turkey,TR,342.28,408.89,39.89,39.84,epias.com.tr,false,
2022-08-12 15:00:00,Turkey,Turkey,TR,341.36,407.71,40.11,40.04,epias.com.tr,false,
2022-08-12 16:00:00,Turkey,Turkey,TR,344.5,410.93,39.73,39.64,epias.com.tr,false,
2022-08-12 17:00:00,Turkey,Turkey,TR,345.05,411.34,39.72,39.59,epias.com.tr,false,
2022-08-12 18:00:00,Turkey,Turkey,TR,342.4,408.71,39.93,39.83,epias.com.tr,false,
2022-08-12 19:00:00,Turkey,Turkey,TR,344.9,411.2,39.85,39.72,epias.com.tr,false,
2022-08-12 20:00:00,Turkey,Turkey,TR,352.78,420.04,38.52,38.41,epias.com.tr,false,
2022-08-12 21:00:00,Turkey,Turkey,TR,361.03,429.02,37.33,37.15,epias.com.tr,false,
2022-08-12 22:00:00,Turkey,Turkey,TR,377.34,448.52,33.8,33.52,epias.com.tr,false,
2022-08-12 23:00:00,Turkey,Turkey,TR,386.98,459.59,32.07,31.74,epias.com.tr,false,
2022-08-13 00:00:00,Turkey,Turkey,TR,402.33,476.31,29.74,29.41,epias.com.tr,false,
2022-08-13 01:00:00,Turkey,Turkey,TR,411.39,486.12,28.39,28.05,epias.com.tr,false,
2022-08-13 02:00:00,Turkey,Turkey,TR,413.43,487.74,28.61,28.32,epias.com.tr,false,
2022-08-13 03:00:00,Turkey,Turkey,TR,419.93,494.49,27.89,27.59,epias.com.tr,false,
2022-08-13 04:00:00,Turkey,Turkey,TR,433.12,508.87,25.81,25.61,epias.com.tr,false,
2022-08-13 05:00:00,Turkey,Turkey,TR,429.94,505.38,26.31,26.17,epias.com.tr,false,
2022-08-13 06:00:00,Turkey,Turkey,TR,410.55,484.31,29.22,29.09,epias.com.tr,false,
2022-08-13 07:00:00,Turkey,Turkey,TR,399.02,471.98,30.68,30.55,epias.com.tr,false,
2022-08-13 08:00:00,Turkey,Turkey,TR,390.17,461.95,32.32,32.2,epias.com.tr,false,
2022-08-13 09:00:00,Turkey,Turkey,TR,384.2,455.37,33.31,33.2,epias.com.tr,false,
2022-08-13 10:00:00,Turkey,Turkey,TR,384.77,455.08,33.91,33.8,epias.com.tr,false,
2022-08-13 11:00:00,Turkey,Turkey,TR,378.87,448.73,34.71,34.55,epias.com.tr,false,
2022-08-13 12:00:00,Turkey,Turkey,TR,368.58,437.74,36.15,36.03,epias.com.tr,false,
2022-08-13 13:00:00,Turkey,Turkey,TR,364.48,432.47,37.13,37.03,epias.com.tr,false,
2022-08-13 14:00:00,Turkey,Turkey,TR,362.69,430.42,37.45,37.35,epias.com.tr,false,
2022-08-13 15:00:00,Turkey,Turkey,TR,361.18,428.98,37.49,37.39,epias.com.tr,false,
2022-08-13 16:00:00,Turkey,Turkey,TR,362.62,430.94,36.99,36.96,epias.com.tr,false,
2022-08-13 17:00:00,Turkey,Turkey,TR,363.83,432.68,36.53,36.48,epias.com.tr,false,
2022-08-13 18:00:00,Turkey,Turkey,TR,358.43,427.34,37.07,37.01,epias.com.tr,false,
2022-08-13 19:00:00,Turkey,Turkey,TR,363.52,433.01,36.38,36.32,epias.com.tr,false,
2022-08-13 20:00:00,Turkey,Turkey,TR,371.09,441.47,35.08,35.0,epias.com.tr,false,
2022-08-13 21:00:00,Turkey,Turkey,TR,378.44,448.8,34.44,34.29,epias.com.tr,false,
2022-08-13 22:00:00,Turkey,Turkey,TR,394.22,466.11,32.01,31.72,epias.com.tr,false,
2022-08-13 23:00:00,Turkey,Turkey,TR,401.46,472.87,31.74,31.45,epias.com.tr,false,
2022-08-14 00:00:00,Turkey,Turkey,TR,414.05,486.38,30.02,29.69,epias.com.tr,false,
2022-08-14 01:00:00,Turkey,Turkey,TR,421.58,495.21,28.53,28.2,epias.com.tr,false,
2022-08-14 02:00:00,Turkey,Turkey,TR,433.15,507.57,26.97,26.64,epias.com.tr,false,
2022-08-14 03:00:00,Turkey,Turkey,TR,436.36,510.79,26.77,26.44,epias.com.tr,false,
2022-08-14 04:00:00,Turkey,Turkey,TR,447.35,522.53,25.36,25.05,epias.com.tr,false,
2022-08-14 05:00:00,Turkey,Turkey,TR,443.57,517.2,26.86,26.58,epias.com.tr,false,
2022-08-14 06:00:00,Turkey,Turkey,TR,439.1,511.65,28.11,27.85,epias.com.tr,false,
2022-08-14 07:00:00,Turkey,Turkey,TR,432.39,504.88,28.82,28.55,epias.com.tr,false,
2022-08-14 08:00:00,Turkey,Turkey,TR,427.2,499.75,29.29,29.06,epias.com.tr,false,
2022-08-14 09:00:00,Turkey,Turkey,TR,417.75,489.24,30.93,30.77,epias.com.tr,false,
2022-08-14 10:00:00,Turkey,Turkey,TR,411.14,481.23,32.41,32.14,epias.com.tr,false,
2022-08-14 11:00:00,Turkey,Turkey,TR,407.65,477.97,32.36,32.14,epias.com.tr,false,
2022-08-14 12:00:00,Turkey,Turkey,TR,404.94,474.34,33.07,32.86,epias.com.tr,false,
2022-08-14 13:00:00,Turkey,Turkey,TR,404.05,473.3,33.19,32.98,epias.com.tr,false,
2022-08-14 14:00:00,Turkey,Turkey,TR,402.34,472.22,32.89,32.69,epias.com.tr,false,
2022-08-14 15:00:00,Turkey,Turkey,TR,391.75,461.0,34.26,34.13,epias.com.tr,false,
2022-08-14 16:00:00,Turkey,Turkey,TR,386.04,455.72,34.36,34.34,epias.com.tr,false,
2022-08-14 17:00:00,Turkey,Turkey,TR,380.23,449.68,34.96,34.91,epias.com.tr,false,
2022-08-14 18:00:00,Turkey,Turkey,TR,367.9,436.44,36.69,36.66,epias.com.tr,false,
2022-08-14 19:00:00,Turkey,Turkey,TR,371.12,439.3,36.62,36.56,epias.com.tr,false,
2022-08-14 20:00:00,Turkey,Turkey,TR,377.71,446.57,35.53,35.39,epias.com.tr,false,
2022-08-14 21:00:00,Turkey,Turkey,TR,386.51,456.35,34.17,33.99,epias.com.tr,false,
2022-08-14 22:00:00,Turkey,Turkey,TR,411.38,485.49,29.03,28.81,epias.com.tr,false,
2022-08-14 23:00:00,Turkey,Turkey,TR,423.88,499.36,27.12,26.89,epias.com.tr,false,
2022-08-15 00:00:00,Turkey,Turkey,TR,433.49,509.55,25.9,25.64,epias.com.tr,false,
2022-08-15 01:00:00,Turkey,Turkey,TR,437.3,514.13,25.12,24.83,epias.com.tr,false,
2022-08-15 02:00:00,Turkey,Turkey,TR,441.97,519.36,24.28,23.99,epias.com.tr,false,
2022-08-15 03:00:00,Turkey,Turkey,TR,444.19,522.28,23.78,23.62,epias.com.tr,false,
2022-08-15 04:00:00,Turkey,Turkey,TR,450.06,528.61,22.9,22.88,epias.com.tr,false,
2022-08-15 05:00:00,Turkey,Turkey,TR,429.7,506.12,26.06,26.03,epias.com.tr,false,
2022-08-15 06:00:00,Turkey,Turkey,TR,399.68,474.33,29.77,29.68,epias.com.tr,false,
2022-08-15 07:00:00,Turkey,Turkey,TR,387.65,462.27,30.89,30.77,epias.com.tr,false,
2022-08-15 08:00:00,Turkey,Turkey,TR,382.0,457.12,31.13,31.03,epias.com.tr,false,
2022-08-15 09:00:00,Turkey,Turkey,TR,381.55,456.83,31.05,30.99,epias.com.tr,false,
2022-08-15 10:00:00,Turkey,Turkey,TR,390.26,465.13,30.5,30.46,epias.com.tr,false,
2022-08-15 11:00:00,Turkey,Turkey,TR,385.93,460.47,30.95,30.92,epias.com.tr,false,
2022-08-15 12:00:00,Turkey,Turkey,TR,375.98,449.69,32.49,32.48,epias.com.tr,false,
2022-08-15 13:00:00,Turkey,Turkey,TR,371.49,445.49,32.74,32.74,epias.com.tr,false,
2022-08-15 14:00:00,Turkey,Turkey,TR,367.96,441.45,33.42,33.42,epias.com.tr,false,
2022-08-15 15:00:00,Turkey,Turkey,TR,362.71,435.88,34.15,34.15,epias.com.tr,false,
2022-08-15 16:00:00,Turkey,Turkey,TR,365.85,439.31,33.68,33.68,epias.com.tr,false,
2022-08-15 17:00:00,Turkey,Turkey,TR,369.97,443.73,33.05,33.05,epias.com.tr,false,
2022-08-15 18:00:00,Turkey,Turkey,TR,365.22,438.22,33.97,33.97,epias.com.tr,false,
2022-08-15 19:00:00,Turkey,Turkey,TR,368.04,440.74,33.98,33.96,epias.com.tr,false,
2022-08-15 20:00:00,Turkey,Turkey,TR,375.39,448.77,32.84,32.82,epias.com.tr,false,
2022-08-15 21:00:00,Turkey,Turkey,TR,382.89,456.79,31.81,31.75,epias.com.tr,false,
2022-08-15 22:00:00,Turkey,Turkey,TR,407.06,484.45,27.13,27.0,epias.com.tr,false,
2022-08-15 23:00:00,Turkey,Turkey,TR,421.49,500.59,24.75,24.6,epias.com.tr,false,
2022-08-16 00:00:00,Turkey,Turkey,TR,429.05,508.41,23.94,23.79,epias.com.tr,false,
2022-08-16 01:00:00,Turkey,Turkey,TR,432.41,511.53,23.86,23.68,epias.com.tr,false,
2022-08-16 02:00:00,Turkey,Turkey,TR,437.2,517.2,22.91,22.76,epias.com.tr,false,
2022-08-16 03:00:00,Turkey,Turkey,TR,443.47,524.21,21.85,21.76,epias.com.tr,false,
2022-08-16 04:00:00,Turkey,Turkey,TR,452.05,533.21,20.79,20.71,epias.com.tr,false,
2022-08-16 05:00:00,Turkey,Turkey,TR,435.05,513.16,24.35,24.23,epias.com.tr,false,
2022-08-16 06:00:00,Turkey,Turkey,TR,403.03,477.72,29.5,29.36,epias.com.tr,false,
2022-08-16 07:00:00,Turkey,Turkey,TR,389.66,463.18,31.45,31.25,epias.com.tr,false,
2022-08-16 08:00:00,Turkey,Turkey,TR,386.26,459.75,31.84,31.62,epias.com.tr,false,
2022-08-16 09:00:00,Turkey,Turkey,TR,387.38,461.9,31.04,30.84,epias.com.tr,false,
2022-08-16 10:00:00,Turkey,Turkey,TR,399.8,475.88,28.79,28.63,epias.com.tr,false,
2022-08-16 11:00:00,Turkey,Turkey,TR,390.92,465.83,30.27,30.15,epias.com.tr,false,
2022-08-16 12:00:00,Turkey,Turkey,TR,378.33,451.48,32.5,32.4,epias.com.tr,false,
2022-08-16 13:00:00,Turkey,Turkey,TR,372.52,444.96,33.5,33.43,epias.com.tr,false,
2022-08-16 14:00:00,Turkey,Turkey,TR,366.8,438.96,34.13,34.11,epias.com.tr,false,
2022-08-16 15:00:00,Turkey,Turkey,TR,365.68,437.71,34.36,34.35,epias.com.tr,false,
2022-08-16 16:00:00,Turkey,Turkey,TR,369.82,442.18,33.79,33.78,epias.com.tr,false,
2022-08-16 17:00:00,Turkey,Turkey,TR,369.69,441.83,33.92,33.89,epias.com.tr,false,
2022-08-16 18:00:00,Turkey,Turkey,TR,364.43,436.54,34.48,34.48,epias.com.tr,false,
2022-08-16 19:00:00,Turkey,Turkey,TR,367.72,440.06,34.07,34.07,epias.com.tr,false,
2022-08-16 20:00:00,Turkey,Turkey,TR,372.57,445.04,33.56,33.52,epias.com.tr,false,
2022-08-16 21:00:00,Turkey,Turkey,TR,381.64,454.72,32.37,32.31,epias.com.tr,false,
2022-08-16 22:00:00,Turkey,Turkey,TR,405.53,482.39,27.61,27.52,epias.com.tr,false,
2022-08-16 23:00:00,Turkey,Turkey,TR,418.29,496.67,25.37,25.24,epias.com.tr,false,
2022-08-17 00:00:00,Turkey,Turkey,TR,430.9,510.87,23.19,23.1,epias.com.tr,false,
2022-08-17 01:00:00,Turkey,Turkey,TR,441.45,522.7,21.4,21.27,epias.com.tr,false,
2022-08-17 02:00:00,Turkey,Turkey,TR,448.26,531.29,19.75,19.66,epias.com.tr,false,
2022-08-17 03:00:00,Turkey,Turkey,TR,454.22,537.82,18.86,18.81,epias.com.tr,false,
2022-08-17 04:00:00,Turkey,Turkey,TR,457.66,540.45,19.13,19.11,epias.com.tr,false,
2022-08-17 05:00:00,Turkey,Turkey,TR,442.93,523.39,22.09,22.08,epias.com.tr,false,
2022-08-17 06:00:00,Turkey,Turkey,TR,408.04,485.2,27.45,27.42,epias.com.tr,false,
2022-08-17 07:00:00,Turkey,Turkey,TR,389.67,464.62,30.6,30.53,epias.com.tr,false,
2022-08-17 08:00:00,Turkey,Turkey,TR,383.17,457.47,31.57,31.51,epias.com.tr,false,
2022-08-17 09:00:00,Turkey,Turkey,TR,379.26,452.89,32.33,32.3,epias.com.tr,false,
2022-08-17 10:00:00,Turkey,Turkey,TR,386.65,460.78,31.23,31.16,epias.com.tr,false,
2022-08-17 11:00:00,Turkey,Turkey,TR,379.45,453.08,32.17,32.13,epias.com.tr,false,
2022-08-17 12:00:00,Turkey,Turkey,TR,363.92,435.98,34.56,34.54,epias.com.tr,false,
2022-08-17 13:00:00,Turkey,Turkey,TR,362.44,434.16,34.82,34.82,epias.com.tr,false,
2022-08-17 14:00:00,Turkey,Turkey,TR,363.62,435.39,34.64,34.63,epias.com.tr,false,
2022-08-17 15:00:00,Turkey,Turkey,TR,360.18,431.49,35.22,35.21,epias.com.tr,false,
2022-08-17 16:00:00,Turkey,Turkey,TR,365.97,438.44,33.91,33.91,epias.com.tr,false,
2022-08-17 17:00:00,Turkey,Turkey,TR,365.39,437.7,34.05,34.05,epias.com.tr,false,
2022-08-17 18:00:00,Turkey,Turkey,TR,360.25,431.82,34.92,34.92,epias.com.tr,false,
2022-08-17 19:00:00,Turkey,Turkey,TR,358.57,428.61,36.1,36.1,epias.com.tr,false,
2022-08-17 20:00:00,Turkey,Turkey,TR,360.58,430.43,36.07,36.07,epias.com.tr,false,
2022-08-17 21:00:00,Turkey,Turkey,TR,362.54,432.47,35.86,35.85,epias.com.tr,false,
2022-08-17 22:00:00,Turkey,Turkey,TR,384.31,456.35,32.43,32.42,epias.com.tr,false,
2022-08-17 23:00:00,Turkey,Turkey,TR,399.47,473.66,29.57,29.55,epias.com.tr,false,
2022-08-18 00:00:00,Turkey,Turkey,TR,415.8,491.32,27.12,27.03,epias.com.tr,false,
2022-08-18 01:00:00,Turkey,Turkey,TR,424.65,501.49,25.47,25.39,epias.com.tr,false,
2022-08-18 02:00:00,Turkey,Turkey,TR,421.79,498.76,25.77,25.73,epias.com.tr,false,
2022-08-18 03:00:00,Turkey,Turkey,TR,426.69,504.1,25.01,24.98,epias.com.tr,false,
2022-08-18 04:00:00,Turkey,Turkey,TR,431.06,508.35,24.7,24.7,epias.com.tr,false,
2022-08-18 05:00:00,Turkey,Turkey,TR,421.2,497.36,26.33,26.32,epias.com.tr,false,
2022-08-18 06:00:00,Turkey,Turkey,TR,395.39,469.18,30.26,30.26,epias.com.tr,false,
2022-08-18 07:00:00,Turkey,Turkey,TR,378.97,451.57,32.62,32.62,epias.com.tr,false,
2022-08-18 08:00:00,Turkey,Turkey,TR,377.3,450.1,32.66,32.64,epias.com.tr,false,
2022-08-18 09:00:00,Turkey,Turkey,TR,375.45,448.13,32.88,32.85,epias.com.tr,false,
2022-08-18 10:00:00,Turkey,Turkey,TR,380.41,453.47,32.16,32.16,epias.com.tr,false,
2022-08-18 11:00:00,Turkey,Turkey,TR,371.06,443.09,33.6,33.6,epias.com.tr,false,
2022-08-18 12:00:00,Turkey,Turkey,TR,357.84,427.93,36.06,36.06,epias.com.tr,false,
2022-08-18 13:00:00,Turkey,Turkey,TR,352.79,422.08,37.05,37.05,epias.com.tr,false,
2022-08-18 14:00:00,Turkey,Turkey,TR,349.39,418.05,37.74,37.73,epias.com.tr,false,
2022-08-18 15:00:00,Turkey,Turkey,TR,348.34,416.52,38.1,38.09,epias.com.tr,false,
2022-08-18 16:00:00,Turkey,Turkey,TR,350.8,418.62,38.05,38.05,epias.com.tr,false,
2022-08-18 17:00:00,Turkey,Turkey,TR,350.82,418.45,38.15,38.15,epias.com.tr,false,
2022-08-18 18:00:00,Turkey,Turkey,TR,346.49,413.74,38.75,38.74,epias.com.tr,false,
2022-08-18 19:00:00,Turkey,Turkey,TR,348.46,415.2,38.87,38.87,epias.com.tr,false,
2022-08-18 20:00:00,Turkey,Turkey,TR,352.8,419.85,38.32,38.3,epias.com.tr,false,
2022-08-18 21:00:00,Turkey,Turkey,TR,361.59,429.56,36.93,36.89,epias.com.tr,false,
2022-08-18 22:00:00,Turkey,Turkey,TR,380.43,451.06,33.55,33.5,epias.com.tr,false,
2022-08-18 23:00:00,Turkey,Turkey,TR,394.54,467.12,31.07,31.04,epias.com.tr,false,
2022-08-19 00:00:00,Turkey,Turkey,TR,414.49,489.09,27.9,27.79,epias.com.tr,false,
2022-08-19 01:00:00,Turkey,Turkey,TR,421.71,498.45,25.95,25.83,epias.com.tr,false,
2022-08-19 02:00:00,Turkey,Turkey,TR,422.48,499.72,25.62,25.54,epias.com.tr,false,
2022-08-19 03:00:00,Turkey,Turkey,TR,424.36,501.71,25.41,25.38,epias.com.tr,false,
2022-08-19 04:00:00,Turkey,Turkey,TR,428.93,506.31,24.93,24.93,epias.com.tr,false,
2022-08-19 05:00:00,Turkey,Turkey,TR,425.02,501.56,25.8,25.79,epias.com.tr,false,
2022-08-19 06:00:00,Turkey,Turkey,TR,399.17,473.75,29.49,29.49,epias.com.tr,false,
2022-08-19 07:00:00,Turkey,Turkey,TR,381.08,454.0,32.34,32.33,epias.com.tr,false,
2022-08-19 08:00:00,Turkey,Turkey,TR,374.53,446.71,33.44,33.43,epias.com.tr,false,
2022-08-19 09:00:00,Turkey,Turkey,TR,366.37,437.65,34.77,34.77,epias.com.tr,false,
2022-08-19 10:00:00,Turkey,Turkey,TR,370.8,441.7,34.61,34.61,epias.com.tr,false,
2022-08-19 11:00:00,Turkey,Turkey,TR,377.69,449.16,33.46,33.45,epias.com.tr,false,
2022-08-19 12:00:00,Turkey,Turkey,TR,366.92,437.18,35.1,35.09,epias.com.tr,false,
2022-08-19 13:00:00,Turkey,Turkey,TR,360.59,429.62,36.43,36.42,epias.com.tr,false,
2022-08-19 14:00:00,Turkey,Turkey,TR,358.93,428.0,36.48,36.48,epias.com.tr,false,
2022-08-19 15:00:00,Turkey,Turkey,TR,358.72,427.54,36.67,36.67,epias.com.tr,false,
2022-08-19 16:00:00,Turkey,Turkey,TR,363.85,433.3,35.75,35.75,epias.com.tr,false,
2022-08-19 17:00:00,Turkey,Turkey,TR,363.53,432.95,35.81,35.81,epias.com.tr,false,
2022-08-19 18:00:00,Turkey,Turkey,TR,357.62,426.91,36.49,36.48,epias.com.tr,false,
2022-08-19 19:00:00,Turkey,Turkey,TR,355.9,424.37,37.23,37.23,epias.com.tr,false,
2022-08-19 20:00:00,Turkey,Turkey,TR,361.47,430.68,36.22,36.21,epias.com.tr,false,
2022-08-19 21:00:00,Turkey,Turkey,TR,366.66,435.86,35.76,35.71,epias.com.tr,false,
2022-08-19 22:00:00,Turkey,Turkey,TR,377.01,445.68,35.25,35.21,epias.com.tr,false,
2022-08-19 23:00:00,Turkey,Turkey,TR,392.85,461.95,33.46,33.36,epias.com.tr,false,
2022-08-20 00:00:00,Turkey,Turkey,TR,401.08,471.17,32.11,32.03,epias.com.tr,false,
2022-08-20 01:00:00,Turkey,Turkey,TR,413.53,485.05,30.08,30.03,epias.com.tr,false,
2022-08-20 02:00:00,Turkey,Turkey,TR,421.25,493.97,28.56,28.52,epias.com.tr,false,
2022-08-20 03:00:00,Turkey,Turkey,TR,426.39,499.81,27.69,27.61,epias.com.tr,false,
2022-08-20 04:00:00,Turkey,Turkey,TR,433.77,508.24,26.33,26.28,epias.com.tr,false,
2022-08-20 05:00:00,Turkey,Turkey,TR,429.61,504.41,26.65,26.65,epias.com.tr,false,
2022-08-20 06:00:00,Turkey,Turkey,TR,411.27,484.42,29.57,29.54,epias.com.tr,false,
2022-08-20 07:00:00,Turkey,Turkey,TR,395.82,468.03,31.68,31.65,epias.com.tr,false,
2022-08-20 08:00:00,Turkey,Turkey,TR,386.71,458.19,33.02,33.02,epias.com.tr,false,
2022-08-20 09:00:00,Turkey,Turkey,TR,380.76,451.14,34.32,34.32,epias.com.tr,false,
2022-08-20 10:00:00,Turkey,Turkey,TR,382.21,451.97,34.61,34.6,epias.com.tr,false,
2022-08-20 11:00:00,Turkey,Turkey,TR,376.83,446.92,34.81,34.81,epias.com.tr,false,
2022-08-20 12:00:00,Turkey,Turkey,TR,369.25,438.25,36.2,36.2,epias.com.tr,false,
2022-08-20 13:00:00,Turkey,Turkey,TR,366.89,435.62,36.51,36.51,epias.com.tr,false,
2022-08-20 14:00:00,Turkey,Turkey,TR,365.04,433.73,36.7,36.69,epias.com.tr,false,
2022-08-20 15:00:00,Turkey,Turkey,TR,363.15,431.79,36.78,36.75,epias.com.tr,false,
2022-08-20 16:00:00,Turkey,Turkey,TR,365.16,434.37,36.21,36.21,epias.com.tr,false,
2022-08-20 17:00:00,Turkey,Turkey,TR,361.18,429.96,36.86,36.85,epias.com.tr,false,
2022-08-20 18:00:00,Turkey,Turkey,TR,353.41,420.68,38.49,38.49,epias.com.tr,false,
2022-08-20 19:00:00,Turkey,Turkey,TR,355.56,422.62,38.49,38.49,epias.com.tr,false,
2022-08-20 20:00:00,Turkey,Turkey,TR,360.52,428.23,37.72,37.72,epias.com.tr,false,
2022-08-20 21:00:00,Turkey,Turkey,TR,375.2,445.22,34.87,34.87,epias.com.tr,false,
2022-08-20 22:00:00,Turkey,Turkey,TR,391.79,463.69,32.23,32.23,epias.com.tr,false,
2022-08-20 23:00:00,Turkey,Turkey,TR,400.51,472.69,31.4,31.33,epias.com.tr,false,
2022-08-21 00:00:00,Turkey,Turkey,TR,413.57,487.33,29.18,29.16,epias.com.tr,false,
2022-08-21 01:00:00,Turkey,Turkey,TR,430.77,506.66,26.2,26.12,epias.com.tr,false,
2022-08-21 02:00:00,Turkey,Turkey,TR,438.2,514.55,25.16,25.06,epias.com.tr,false,
2022-08-21 03:00:00,Turkey,Turkey,TR,449.37,526.19,23.85,23.78,epias.com.tr,false,
2022-08-21 04:00:00,Turkey,Turkey,TR,463.34,541.03,21.94,21.93,epias.com.tr,false,
2022-08-21 05:00:00,Turkey,Turkey,TR,456.95,533.45,23.42,23.42,epias.com.tr,false,
2022-08-21 06:00:00,Turkey,Turkey,TR,438.49,512.55,26.93,26.93,epias.com.tr,false,
2022-08-21 07:00:00,Turkey,Turkey,TR,433.95,506.8,28.14,28.14,epias.com.tr,false,
2022-08-21 08:00:00,Turkey,Turkey,TR,430.17,502.37,28.9,28.84,epias.com.tr,false,
2022-08-21 09:00:00,Turkey,Turkey,TR,418.44,489.72,30.58,30.51,epias.com.tr,false,
2022-08-21 10:00:00,Turkey,Turkey,TR,416.32,487.73,30.57,30.56,epias.com.tr,false,
2022-08-21 11:00:00,Turkey,Turkey,TR,410.61,481.93,31.1,31.04,epias.com.tr,false,
2022-08-21 12:00:00,Turkey,Turkey,TR,409.56,479.89,31.7,31.62,epias.com.tr,false,
2022-08-21 13:00:00,Turkey,Turkey,TR,405.64,475.43,32.36,32.28,epias.com.tr,false,
2022-08-21 14:00:00,Turkey,Turkey,TR,399.0,468.0,33.37,33.28,epias.com.tr,false,
2022-08-21 15:00:00,Turkey,Turkey,TR,393.68,463.63,33.17,33.17,epias.com.tr,false,
2022-08-21 16:00:00,Turkey,Turkey,TR,390.26,460.33,33.34,33.34,epias.com.tr,false,
2022-08-21 17:00:00,Turkey,Turkey,TR,381.38,450.62,34.75,34.75,epias.com.tr,false,
2022-08-21 18:00:00,Turkey,Turkey,TR,370.83,439.06,36.39,36.39,epias.com.tr,false,
2022-08-21 19:00:00,Turkey,Turkey,TR,374.16,442.45,36.12,36.11,epias.com.tr,false,
2022-08-21 20:00:00,Turkey,Turkey,TR,383.22,453.36,34.12,34.11,epias.com.tr,false,
2022-08-21 21:00:00,Turkey,Turkey,TR,393.16,464.5,32.47,32.46,epias.com.tr,false,
2022-08-21 22:00:00,Turkey,Turkey,TR,409.06,482.53,29.69,29.68,epias.com.tr,false,
2022-08-21 23:00:00,Turkey,Turkey,TR,422.08,497.13,27.6,27.6,epias.com.tr,false,
2022-08-22 00:00:00,Turkey,Turkey,TR,431.65,508.27,25.77,25.76,epias.com.tr,false,
2022-08-22 01:00:00,Turkey,Turkey,TR,439.66,518.0,24.02,24.01,epias.com.tr,false,
2022-08-22 02:00:00,Turkey,Turkey,TR,445.03,524.4,22.82,22.82,epias.com.tr,false,
2022-08-22 03:00:00,Turkey,Turkey,TR,453.63,533.14,21.86,21.86,epias.com.tr,false,
2022-08-22 04:00:00,Turkey,Turkey,TR,466.23,546.84,19.9,19.89,epias.com.tr,false,
2022-08-22 05:00:00,Turkey,Turkey,TR,454.33,534.99,20.86,20.86,epias.com.tr,false,
2022-08-22 06:00:00,Turkey,Turkey,TR,419.6,498.8,24.91,24.91,epias.com.tr,false,
2022-08-22 07:00:00,Turkey,Turkey,TR,399.82,477.61,27.57,27.57,epias.com.tr,false,
2022-08-22 08:00:00,Turkey,Turkey,TR,389.84,466.35,29.25,29.25,epias.com.tr,false,
2022-08-22 09:00:00,Turkey,Turkey,TR,384.79,461.06,29.93,29.93,epias.com.tr,false,
2022-08-22 10:00:00,Turkey,Turkey,TR,389.58,466.52,29.05,29.05,epias.com.tr,false,
2022-08-22 11:00:00,Turkey,Turkey,TR,380.55,456.48,30.42,30.42,epias.com.tr,false,
2022-08-22 12:00:00,Turkey,Turkey,TR,363.05,436.14,33.88,33.87,epias.com.tr,false,
2022-08-22 13:00:00,Turkey,Turkey,TR,359.1,431.4,34.69,34.69,epias.com.tr,false,
2022-08-22 14:00:00,Turkey,Turkey,TR,355.93,427.49,35.44,35.44,epias.com.tr,false,
2022-08-22 15:00:00,Turkey,Turkey,TR,351.21,422.17,36.26,36.26,epias.com.tr,false,
2022-08-22 16:00:00,Turkey,Turkey,TR,359.27,432.09,34.29,34.29,epias.com.tr,false,
2022-08-22 17:00:00,Turkey,Turkey,TR,362.76,436.69,33.33,33.33,epias.com.tr,false,
2022-08-22 18:00:00,Turkey,Turkey,TR,358.23,431.82,34.02,34.02,epias.com.tr,false,
2022-08-22 19:00:00,Turkey,Turkey,TR,364.58,439.04,32.92,32.91,epias.com.tr,false,
2022-08-22 20:00:00,Turkey,Turkey,TR,370.92,445.81,32.1,32.1,epias.com.tr,false,
2022-08-22 21:00:00,Turkey,Turkey,TR,384.27,461.12,29.59,29.59,epias.com.tr,false,
2022-08-22 22:00:00,Turkey,Turkey,TR,411.12,492.03,24.45,24.43,epias.com.tr,false,
2022-08-22 23:00:00,Turkey,Turkey,TR,425.66,508.79,21.72,21.71,epias.com.tr,false,
2022-08-23 00:00:00,Turkey,Turkey,TR,435.37,519.19,20.44,20.43,epias.com.tr,false,
2022-08-23 01:00:00,Turkey,Turkey,TR,446.11,531.39,18.53,18.52,epias.com.tr,false,
2022-08-23 02:00:00,Turkey,Turkey,TR,449.01,535.08,17.81,17.81,epias.com.tr,false,
2022-08-23 03:00:00,Turkey,Turkey,TR,446.61,532.84,18.02,18.02,epias.com.tr,false,
2022-08-23 04:00:00,Turkey,Turkey,TR,451.34,537.7,17.53,17.52,epias.com.tr,false,
2022-08-23 05:00:00,Turkey,Turkey,TR,442.23,527.69,18.89,18.89,epias.com.tr,false,
2022-08-23 06:00:00,Turkey,Turkey,TR,403.66,483.6,26.05,26.05,epias.com.tr,false,
2022-08-23 07:00:00,Turkey,Turkey,TR,387.04,464.64,29.1,29.1,epias.com.tr,false,
2022-08-23 08:00:00,Turkey,Turkey,TR,381.4,457.99,30.25,30.24,epias.com.tr,false,
2022-08-23 09:00:00,Turkey,Turkey,TR,373.66,448.24,32.3,32.3,epias.com.tr,false,
2022-08-23 10:00:00,Turkey,Turkey,TR,378.09,452.82,31.74,31.74,epias.com.tr,false,
2022-08-23 11:00:00,Turkey,Turkey,TR,375.07,450.17,31.63,31.63,epias.com.tr,false,
2022-08-23 12:00:00,Turkey,Turkey,TR,365.49,439.37,33.23,33.22,epias.com.tr,false,
2022-08-23 13:00:00,Turkey,Turkey,TR,361.03,434.72,33.7,33.7,epias.com.tr,false,
2022-08-23 14:00:00,Turkey,Turkey,TR,356.46,429.4,34.55,34.55,epias.com.tr,false,
2022-08-23 15:00:00,Turkey,Turkey,TR,356.49,428.67,35.03,35.02,epias.com.tr,false,
2022-08-23 16:00:00,Turkey,Turkey,TR,365.58,438.88,33.45,33.45,epias.com.tr,false,
2022-08-23 17:00:00,Turkey,Turkey,TR,370.67,445.1,32.27,32.26,epias.com.tr,false,
2022-08-23 18:00:00,Turkey,Turkey,TR,369.84,444.49,32.27,32.27,epias.com.tr,false,
2022-08-23 19:00:00,Turkey,Turkey,TR,374.56,449.58,31.68,31.68,epias.com.tr,false,
2022-08-23 20:00:00,Turkey,Turkey,TR,382.64,459.36,29.85,29.85,epias.com.tr,false,
2022-08-23 21:00:00,Turkey,Turkey,TR,386.79,464.76,28.73,28.73,epias.com.tr,false,
2022-08-23 22:00:00,Turkey,Turkey,TR,406.68,487.42,25.01,25.01,epias.com.tr,false,
2022-08-23 23:00:00,Turkey,Turkey,TR,418.65,501.39,22.69,22.69,epias.com.tr,false,
2022-08-24 00:00:00,Turkey,Turkey,TR,427.44,511.33,21.17,21.16,epias.com.tr,false,
2022-08-24 01:00:00,Turkey,Turkey,TR,435.96,520.96,19.68,19.68,epias.com.tr,false,
2022-08-24 02:00:00,Turkey,Turkey,TR,438.1,523.53,19.18,19.18,epias.com.tr,false,
2022-08-24 03:00:00,Turkey,Turkey,TR,438.34,524.6,18.63,18.63,epias.com.tr,false,
2022-08-24 04:00:00,Turkey,Turkey,TR,442.39,528.11,18.62,18.62,epias.com.tr,false,
2022-08-24 05:00:00,Turkey,Turkey,TR,431.98,515.61,20.89,20.89,epias.com.tr,false,
2022-08-24 06:00:00,Turkey,Turkey,TR,402.16,482.33,25.81,25.81,epias.com.tr,false,
2022-08-24 07:00:00,Turkey,Turkey,TR,378.28,454.92,30.39,30.39,epias.com.tr,false,
2022-08-24 08:00:00,Turkey,Turkey,TR,372.18,447.95,31.51,31.5,epias.com.tr,false,
2022-08-24 09:00:00,Turkey,Turkey,TR,364.29,438.46,33.18,33.18,epias.com.tr,false,
2022-08-24 10:00:00,Turkey,Turkey,TR,370.23,444.66,32.43,32.43,epias.com.tr,false,
2022-08-24 11:00:00,Turkey,Turkey,TR,365.11,439.13,33.04,33.04,epias.com.tr,false,
2022-08-24 12:00:00,Turkey,Turkey,TR,355.81,428.42,34.72,34.72,epias.com.tr,false,
2022-08-24 13:00:00,Turkey,Turkey,TR,351.69,423.33,35.62,35.62,epias.com.tr,false,
2022-08-24 14:00:00,Turkey,Turkey,TR,345.56,416.38,36.63,36.62,epias.com.tr,false,
2022-08-24 15:00:00,Turkey,Turkey,TR,347.14,417.74,36.57,36.57,epias.com.tr,false,
2022-08-24 16:00:00,Turkey,Turkey,TR,352.53,424.2,35.47,35.47,epias.com.tr,false,
2022-08-24 17:00:00,Turkey,Turkey,TR,355.4,428.52,34.37,34.37,epias.com.tr,false,
2022-08-24 18:00:00,Turkey,Turkey,TR,354.35,428.06,34.28,34.28,epias.com.tr,false,
2022-08-24 19:00:00,Turkey,Turkey,TR,360.55,434.5,33.53,33.53,epias.com.tr,false,
2022-08-24 20:00:00,Turkey,Turkey,TR,373.9,449.91,31.01,31.01,epias.com.tr,false,
2022-08-24 21:00:00,Turkey,Turkey,TR,382.05,458.3,30.06,30.05,epias.com.tr,false,
2022-08-24 22:00:00,Turkey,Turkey,TR,406.5,486.73,25.22,25.18,epias.com.tr,false,
2022-08-24 23:00:00,Turkey,Turkey,TR,417.07,498.03,23.88,23.81,epias.com.tr,false,
2022-08-25 00:00:00,Turkey,Turkey,TR,421.3,502.2,23.58,23.48,epias.com.tr,false,
2022-08-25 01:00:00,Turkey,Turkey,TR,435.11,518.58,20.77,20.7,epias.com.tr,false,
2022-08-25 02:00:00,Turkey,Turkey,TR,439.67,524.04,19.83,19.71,epias.com.tr,false,
2022-08-25 03:00:00,Turkey,Turkey,TR,444.59,530.45,18.46,18.4,epias.com.tr,false,
2022-08-25 04:00:00,Turkey,Turkey,TR,452.27,539.07,17.15,17.14,epias.com.tr,false,
2022-08-25 05:00:00,Turkey,Turkey,TR,437.35,522.38,19.73,19.7,epias.com.tr,false,
2022-08-25 06:00:00,Turkey,Turkey,TR,402.66,484.19,25.13,25.09,epias.com.tr,false,
2022-08-25 07:00:00,Turkey,Turkey,TR,384.21,462.99,28.67,28.62,epias.com.tr,false,
2022-08-25 08:00:00,Turkey,Turkey,TR,383.98,462.54,28.7,28.61,epias.com.tr,false,
2022-08-25 09:00:00,Turkey,Turkey,TR,379.17,456.69,29.83,29.71,epias.com.tr,false,
2022-08-25 10:00:00,Turkey,Turkey,TR,382.97,460.34,29.56,29.46,epias.com.tr,false,
2022-08-25 11:00:00,Turkey,Turkey,TR,379.35,456.93,29.67,29.61,epias.com.tr,false,
2022-08-25 12:00:00,Turkey,Turkey,TR,364.88,440.29,32.46,32.4,epias.com.tr,false,
2022-08-25 13:00:00,Turkey,Turkey,TR,361.18,436.3,33.0,32.97,epias.com.tr,false,
2022-08-25 14:00:00,Turkey,Turkey,TR,357.24,431.97,33.67,33.67,epias.com.tr,false,
2022-08-25 15:00:00,Turkey,Turkey,TR,359.29,434.23,33.36,33.36,epias.com.tr,false,
2022-08-25 16:00:00,Turkey,Turkey,TR,365.44,440.94,32.35,32.35,epias.com.tr,false,
2022-08-25 17:00:00,Turkey,Turkey,TR,366.06,442.12,31.95,31.95,epias.com.tr,false,
2022-08-25 18:00:00,Turkey,Turkey,TR,361.74,437.6,32.52,32.52,epias.com.tr,false,
2022-08-25 19:00:00,Turkey,Turkey,TR,367.43,443.8,31.72,31.72,epias.com.tr,false,
2022-08-25 20:00:00,Turkey,Turkey,TR,375.75,454.0,29.72,29.72,epias.com.tr,false,
2022-08-25 21:00:00,Turkey,Turkey,TR,385.76,465.21,28.06,28.06,epias.com.tr,false,
2022-08-25 22:00:00,Turkey,Turkey,TR,401.84,483.07,25.44,25.43,epias.com.tr,false,
2022-08-25 23:00:00,Turkey,Turkey,TR,413.01,495.29,23.75,23.68,epias.com.tr,false,
2022-08-26 00:00:00,Turkey,Turkey,TR,424.17,507.17,22.27,22.17,epias.com.tr,false,
2022-08-26 01:00:00,Turkey,Turkey,TR,440.36,525.57,19.31,19.18,epias.com.tr,false,
2022-08-26 02:00:00,Turkey,Turkey,TR,444.23,529.88,18.68,18.66,epias.com.tr,false,
2022-08-26 03:00:00,Turkey,Turkey,TR,448.42,534.46,18.08,18.06,epias.com.tr,false,
2022-08-26 04:00:00,Turkey,Turkey,TR,453.38,540.35,17.09,17.08,epias.com.tr,false,
2022-08-26 05:00:00,Turkey,Turkey,TR,437.26,522.18,19.96,19.96,epias.com.tr,false,
2022-08-26 06:00:00,Turkey,Turkey,TR,403.01,484.18,25.49,25.46,epias.com.tr,false,
2022-08-26 07:00:00,Turkey,Turkey,TR,383.1,461.75,29.01,29.01,epias.com.tr,false,
2022-08-26 08:00:00,Turkey,Turkey,TR,377.73,455.32,30.12,30.09,epias.com.tr,false,
2022-08-26 09:00:00,Turkey,Turkey,TR,372.23,449.33,30.99,30.98,epias.com.tr,false,
2022-08-26 10:00:00,Turkey,Turkey,TR,379.44,456.75,30.19,30.19,epias.com.tr,false,
2022-08-26 11:00:00,Turkey,Turkey,TR,379.06,455.79,30.5,30.5,epias.com.tr,false,
2022-08-26 12:00:00,Turkey,Turkey,TR,362.65,438.05,32.74,32.74,epias.com.tr,false,
2022-08-26 13:00:00,Turkey,Turkey,TR,357.13,431.61,33.76,33.76,epias.com.tr,false,
2022-08-26 14:00:00,Turkey,Turkey,TR,351.77,425.69,34.66,34.65,epias.com.tr,false,
2022-08-26 15:00:00,Turkey,Turkey,TR,342.19,414.92,36.49,36.49,epias.com.tr,false,
2022-08-26 16:00:00,Turkey,Turkey,TR,352.56,427.19,34.28,34.28,epias.com.tr,false,
2022-08-26 17:00:00,Turkey,Turkey,TR,354.39,429.61,33.73,33.73,epias.com.tr,false,
2022-08-26 18:00:00,Turkey,Turkey,TR,352.63,427.91,33.88,33.88,epias.com.tr,false,
2022-08-26 19:00:00,Turkey,Turkey,TR,357.1,432.57,33.35,33.35,epias.com.tr,false,
2022-08-26 20:00:00,Turkey,Turkey,TR,366.1,442.72,31.73,31.72,epias.com.tr,false,
2022-08-26 21:00:00,Turkey,Turkey,TR,375.11,452.71,30.26,30.25,epias.com.tr,false,
2022-08-26 22:00:00,Turkey,Turkey,TR,393.5,473.12,27.29,27.29,epias.com.tr,false,
2022-08-26 23:00:00,Turkey,Turkey,TR,405.1,485.62,25.74,25.74,epias.com.tr,false,
2022-08-27 00:00:00,Turkey,Turkey,TR,413.47,494.73,24.56,24.56,epias.com.tr,false,
2022-08-27 01:00:00,Turkey,Turkey,TR,418.08,500.49,23.5,23.5,epias.com.tr,false,
2022-08-27 02:00:00,Turkey,Turkey,TR,420.36,503.21,23.1,23.1,epias.com.tr,false,
2022-08-27 03:00:00,Turkey,Turkey,TR,426.07,509.87,22.02,22.02,epias.com.tr,false,
2022-08-27 04:00:00,Turkey,Turkey,TR,436.74,522.02,20.12,20.12,epias.com.tr,false,
2022-08-27 05:00:00,Turkey,Turkey,TR,431.16,514.73,21.74,21.74,epias.com.tr,false,
2022-08-27 06:00:00,Turkey,Turkey,TR,409.37,490.64,25.21,25.2,epias.com.tr,false,
2022-08-27 07:00:00,Turkey,Turkey,TR,394.17,473.24,28.0,28.0,epias.com.tr,false,
2022-08-27 08:00:00,Turkey,Turkey,TR,388.92,466.68,29.28,29.28,epias.com.tr,false,
2022-08-27 09:00:00,Turkey,Turkey,TR,382.42,458.53,31.01,31.01,epias.com.tr,false,
2022-08-27 10:00:00,Turkey,Turkey,TR,386.89,463.78,30.1,30.1,epias.com.tr,false,
2022-08-27 11:00:00,Turkey,Turkey,TR,384.02,460.54,30.47,30.47,epias.com.tr,false,
2022-08-27 12:00:00,Turkey,Turkey,TR,375.07,449.82,32.35,32.35,epias.com.tr,false,
2022-08-27 13:00:00,Turkey,Turkey,TR,376.49,450.68,32.52,32.52,epias.com.tr,false,
2022-08-27 14:00:00,Turkey,Turkey,TR,375.39,449.42,32.67,32.67,epias.com.tr,false,
2022-08-27 15:00:00,Turkey,Turkey,TR,374.45,448.22,32.86,32.85,epias.com.tr,false,
2022-08-27 16:00:00,Turkey,Turkey,TR,374.67,448.59,32.7,32.7,epias.com.tr,false,
2022-08-27 17:00:00,Turkey,Turkey,TR,371.57,444.71,33.48,33.48,epias.com.tr,false,
2022-08-27 18:00:00,Turkey,Turkey,TR,365.23,437.17,34.88,34.88,epias.com.tr,false,
2022-08-27 19:00:00,Turkey,Turkey,TR,374.12,447.03,33.44,33.44,epias.com.tr,false,
2022-08-27 20:00:00,Turkey,Turkey,TR,392.87,467.87,30.3,30.3,epias.com.tr,false,
2022-08-27 21:00:00,Turkey,Turkey,TR,403.43,480.17,28.24,28.21,epias.com.tr,false,
2022-08-27 22:00:00,Turkey,Turkey,TR,418.12,495.62,26.54,26.54,epias.com.tr,false,
2022-08-27 23:00:00,Turkey,Turkey,TR,424.89,501.77,26.41,26.4,epias.com.tr,false,
2022-08-28 00:00:00,Turkey,Turkey,TR,434.9,512.52,25.11,25.07,epias.com.tr,false,
2022-08-28 01:00:00,Turkey,Turkey,TR,439.48,517.94,24.21,24.13,epias.com.tr,false,
2022-08-28 02:00:00,Turkey,Turkey,TR,449.57,530.18,21.87,21.79,epias.com.tr,false,
2022-08-28 03:00:00,Turkey,Turkey,TR,459.38,540.5,20.59,20.53,epias.com.tr,false,
2022-08-28 04:00:00,Turkey,Turkey,TR,472.97,554.41,19.16,19.08,epias.com.tr,false,
2022-08-28 05:00:00,Turkey,Turkey,TR,454.13,532.45,23.22,23.21,epias.com.tr,false,
2022-08-28 06:00:00,Turkey,Turkey,TR,436.4,512.6,26.4,26.39,epias.com.tr,false,
2022-08-28 07:00:00,Turkey,Turkey,TR,430.8,506.35,27.45,27.42,epias.com.tr,false,
2022-08-28 08:00:00,Turkey,Turkey,TR,423.01,497.91,28.59,28.58,epias.com.tr,false,
2022-08-28 09:00:00,Turkey,Turkey,TR,422.5,496.31,29.29,29.29,epias.com.tr,false,
2022-08-28 10:00:00,Turkey,Turkey,TR,415.5,489.51,29.71,29.66,epias.com.tr,false,
2022-08-28 11:00:00,Turkey,Turkey,TR,416.23,488.85,30.26,30.24,epias.com.tr,false,
2022-08-28 12:00:00,Turkey,Turkey,TR,414.96,487.27,30.41,30.4,epias.com.tr,false,
2022-08-28 13:00:00,Turkey,Turkey,TR,409.9,482.17,30.75,30.75,epias.com.tr,false,
2022-08-28 14:00:00,Turkey,Turkey,TR,400.24,471.32,32.22,32.22,epias.com.tr,false,
2022-08-28 15:00:00,Turkey,Turkey,TR,396.2,467.45,32.36,32.36,epias.com.tr,false,
2022-08-28 16:00:00,Turkey,Turkey,TR,391.64,462.23,33.09,33.09,epias.com.tr,false,
2022-08-28 17:00:00,Turkey,Turkey,TR,377.09,445.92,35.5,35.49,epias.com.tr,false,
2022-08-28 18:00:00,Turkey,Turkey,TR,369.29,437.11,36.8,36.8,epias.com.tr,false,
2022-08-28 19:00:00,Turkey,Turkey,TR,371.74,439.85,36.55,36.55,epias.com.tr,false,
2022-08-28 20:00:00,Turkey,Turkey,TR,377.12,445.98,35.65,35.63,epias.com.tr,false,
2022-08-28 21:00:00,Turkey,Turkey,TR,386.65,457.34,33.62,33.6,epias.com.tr,false,
2022-08-28 22:00:00,Turkey,Turkey,TR,400.47,473.08,31.16,31.04,epias.com.tr,false,
2022-08-28 23:00:00,Turkey,Turkey,TR,416.28,490.9,28.53,28.46,epias.com.tr,false,
2022-08-29 00:00:00,Turkey,Turkey,TR,431.28,507.51,26.18,26.14,epias.com.tr,false,
2022-08-29 01:00:00,Turkey,Turkey,TR,448.6,527.5,22.77,22.75,epias.com.tr,false,
2022-08-29 02:00:00,Turkey,Turkey,TR,449.85,529.26,22.31,22.31,epias.com.tr,false,
2022-08-29 03:00:00,Turkey,Turkey,TR,449.87,529.77,21.99,21.99,epias.com.tr,false,
2022-08-29 04:00:00,Turkey,Turkey,TR,447.72,528.46,21.73,21.73,epias.com.tr,false,
2022-08-29 05:00:00,Turkey,Turkey,TR,440.29,519.21,23.45,23.45,epias.com.tr,false,
2022-08-29 06:00:00,Turkey,Turkey,TR,410.89,487.25,27.73,27.73,epias.com.tr,false,
2022-08-29 07:00:00,Turkey,Turkey,TR,399.82,474.95,29.5,29.5,epias.com.tr,false,
2022-08-29 08:00:00,Turkey,Turkey,TR,396.14,471.09,29.93,29.93,epias.com.tr,false,
2022-08-29 09:00:00,Turkey,Turkey,TR,392.18,466.58,30.58,30.58,epias.com.tr,false,
2022-08-29 10:00:00,Turkey,Turkey,TR,396.72,471.83,29.65,29.65,epias.com.tr,false,
2022-08-29 11:00:00,Turkey,Turkey,TR,387.51,461.21,31.31,31.31,epias.com.tr,false,
2022-08-29 12:00:00,Turkey,Turkey,TR,372.47,443.56,34.34,34.34,epias.com.tr,false,
2022-08-29 13:00:00,Turkey,Turkey,TR,365.77,435.63,35.72,35.72,epias.com.tr,false,
2022-08-29 14:00:00,Turkey,Turkey,TR,360.31,429.63,36.5,36.5,epias.com.tr,false,
2022-08-29 15:00:00,Turkey,Turkey,TR,355.56,424.23,37.33,37.33,epias.com.tr,false,
2022-08-29 16:00:00,Turkey,Turkey,TR,362.5,431.62,36.38,36.38,epias.com.tr,false,
2022-08-29 17:00:00,Turkey,Turkey,TR,365.22,434.22,36.11,36.1,epias.com.tr,false,
2022-08-29 18:00:00,Turkey,Turkey,TR,364.48,433.39,36.24,36.23,epias.com.tr,false,
2022-08-29 19:00:00,Turkey,Turkey,TR,372.21,441.76,35.2,35.2,epias.com.tr,false,
2022-08-29 20:00:00,Turkey,Turkey,TR,383.69,454.98,33.04,33.04,epias.com.tr,false,
2022-08-29 21:00:00,Turkey,Turkey,TR,394.04,466.7,31.2,31.19,epias.com.tr,false,
2022-08-29 22:00:00,Turkey,Turkey,TR,407.2,480.52,29.68,29.67,epias.com.tr,false,
2022-08-29 23:00:00,Turkey,Turkey,TR,420.03,493.45,28.31,28.31,epias.com.tr,false,
2022-08-30 00:00:00,Turkey,Turkey,TR,422.22,495.69,28.26,28.26,epias.com.tr,false,
2022-08-30 01:00:00,Turkey,Turkey,TR,425.54,500.42,27.14,27.13,epias.com.tr,false,
2022-08-30 02:00:00,Turkey,Turkey,TR,432.82,508.25,26.25,26.24,epias.com.tr,false,
2022-08-30 03:00:00,Turkey,Turkey,TR,448.1,525.61,23.4,23.39,epias.com.tr,false,
2022-08-30 04:00:00,Turkey,Turkey,TR,449.43,526.81,23.48,23.47,epias.com.tr,false,
2022-08-30 05:00:00,Turkey,Turkey,TR,434.13,509.47,26.31,26.31,epias.com.tr,false,
2022-08-30 06:00:00,Turkey,Turkey,TR,406.84,479.22,30.78,30.78,epias.com.tr,false,
2022-08-30 07:00:00,Turkey,Turkey,TR,395.16,466.08,32.81,32.8,epias.com.tr,false,
2022-08-30 08:00:00,Turkey,Turkey,TR,391.47,461.58,33.57,33.57,epias.com.tr,false,
2022-08-30 09:00:00,Turkey,Turkey,TR,385.83,454.87,34.68,34.67,epias.com.tr,false,
2022-08-30 10:00:00,Turkey,Turkey,TR,385.98,454.43,34.97,34.97,epias.com.tr,false,
2022-08-30 11:00:00,Turkey,Turkey,TR,381.78,450.0,35.45,35.45,epias.com.tr,false,
2022-08-30 12:00:00,Turkey,Turkey,TR,377.85,446.08,35.69,35.69,epias.com.tr,false,
2022-08-30 13:00:00,Turkey,Turkey,TR,375.8,444.38,35.61,35.61,epias.com.tr,false,
2022-08-30 14:00:00,Turkey,Turkey,TR,373.33,441.96,35.69,35.69,epias.com.tr,false,
2022-08-30 15:00:00,Turkey,Turkey,TR,370.05,438.57,35.99,35.97,epias.com.tr,false,
2022-08-30 16:00:00,Turkey,Turkey,TR,374.89,444.56,34.63,34.62,epias.com.tr,false,
2022-08-30 17:00:00,Turkey,Turkey,TR,375.55,445.64,34.31,34.31,epias.com.tr,false,
2022-08-30 18:00:00,Turkey,Turkey,TR,371.33,440.91,35.1,35.1,epias.com.tr,false,
2022-08-30 19:00:00,Turkey,Turkey,TR,379.54,449.69,34.04,34.04,epias.com.tr,false,
2022-08-30 20:00:00,Turkey,Turkey,TR,389.94,461.0,32.57,32.57,epias.com.tr,false,
2022-08-30 21:00:00,Turkey,Turkey,TR,405.69,479.07,29.63,29.61,epias.com.tr,false,
2022-08-30 22:00:00,Turkey,Turkey,TR,420.21,495.84,26.86,26.85,epias.com.tr,false,
2022-08-30 23:00:00,Turkey,Turkey,TR,430.36,507.14,25.26,25.24,epias.com.tr,false,
2022-08-31 00:00:00,Turkey,Turkey,TR,442.01,519.73,23.6,23.6,epias.com.tr,false,
2022-08-31 01:00:00,Turkey,Turkey,TR,455.12,534.66,21.2,21.19,epias.com.tr,false,
2022-08-31 02:00:00,Turkey,Turkey,TR,461.94,542.34,20.01,20.0,epias.com.tr,false,
2022-08-31 03:00:00,Turkey,Turkey,TR,467.34,548.52,19.02,19.02,epias.com.tr,false,
2022-08-31 04:00:00,Turkey,Turkey,TR,475.57,557.48,17.76,17.76,epias.com.tr,false,
2022-08-31 05:00:00,Turkey,Turkey,TR,462.65,543.04,20.02,20.01,epias.com.tr,false,
2022-08-31 06:00:00,Turkey,Turkey,TR,417.99,493.91,27.01,27.01,epias.com.tr,false,
2022-08-31 07:00:00,Turkey,Turkey,TR,401.25,475.44,29.65,29.65,epias.com.tr,false,
2022-08-31 08:00:00,Turkey,Turkey,TR,399.01,472.82,29.91,29.91,epias.com.tr,false,
2022-08-31 09:00:00,Turkey,Turkey,TR,391.77,464.3,31.36,31.36,epias.com.tr,false,
2022-08-31 10:00:00,Turkey,Turkey,TR,399.18,472.65,30.03,30.03,epias.com.tr,false,
2022-08-31 11:00:00,Turkey,Turkey,TR,391.08,463.41,31.34,31.34,epias.com.tr,false,
2022-08-31 12:00:00,Turkey,Turkey,TR,374.7,444.68,34.24,34.24,epias.com.tr,false,
2022-08-31 13:00:00,Turkey,Turkey,TR,377.5,448.4,33.36,33.35,epias.com.tr,false,
2022-08-31 14:00:00,Turkey,Turkey,TR,370.71,441.15,34.47,34.47,epias.com.tr,false,
2022-08-31 15:00:00,Turkey,Turkey,TR,380.42,451.73,33.09,33.06,epias.com.tr,false,
2022-08-31 16:00:00,Turkey,Turkey,TR,382.02,453.74,32.73,32.68,epias.com.tr,false,
2022-08-31 17:00:00,Turkey,Turkey,TR,376.74,448.49,33.25,33.2,epias.com.tr,false,
2022-08-31 18:00:00,Turkey,Turkey,TR,375.17,446.82,33.42,33.34,epias.com.tr,false,
2022-08-31 19:00:00,Turkey,Turkey,TR,381.73,453.3,32.86,32.75,epias.com.tr,false,
2022-08-31 20:00:00,Turkey,Turkey,TR,394.77,468.06,30.54,30.42,epias.com.tr,false,
2022-08-31 21:00:00,Turkey,Turkey,TR,406.38,480.66,28.76,28.57,epias.com.tr,false,
2022-08-31 22:00:00,Turkey,Turkey,TR,417.72,493.71,26.61,26.49,epias.com.tr,false,
2022-08-31 23:00:00,Turkey,Turkey,TR,434.67,512.56,23.82,23.73,epias.com.tr,false,
2022-09-01 00:00:00,Turkey,Turkey,TR,448.21,527.74,21.5,21.37,epias.com.tr,false,
2022-09-01 01:00:00,Turkey,Turkey,TR,457.94,539.16,19.45,19.33,epias.com.tr,false,
2022-09-01 02:00:00,Turkey,Turkey,TR,459.56,541.14,19.05,18.93,epias.com.tr,false,
2022-09-01 03:00:00,Turkey,Turkey,TR,460.47,541.95,19.07,18.96,epias.com.tr,false,
2022-09-01 04:00:00,Turkey,Turkey,TR,464.61,545.42,19.11,19.02,epias.com.tr,false,
2022-09-01 05:00:00,Turkey,Turkey,TR,452.41,531.24,21.6,21.57,epias.com.tr,false,
2022-09-01 06:00:00,Turkey,Turkey,TR,417.01,493.07,26.69,26.68,epias.com.tr,false,
2022-09-01 07:00:00,Turkey,Turkey,TR,399.02,473.77,29.25,29.24,epias.com.tr,false,
2022-09-01 08:00:00,Turkey,Turkey,TR,393.04,466.62,30.57,30.57,epias.com.tr,false,
2022-09-01 09:00:00,Turkey,Turkey,TR,389.44,462.53,31.25,31.24,epias.com.tr,false,
2022-09-01 10:00:00,Turkey,Turkey,TR,394.4,468.13,30.34,30.34,epias.com.tr,false,
2022-09-01 11:00:00,Turkey,Turkey,TR,388.78,461.75,31.18,31.18,epias.com.tr,false,
2022-09-01 12:00:00,Turkey,Turkey,TR,373.7,445.22,33.53,33.53,epias.com.tr,false,
2022-09-01 13:00:00,Turkey,Turkey,TR,367.88,438.41,34.73,34.73,epias.com.tr,false,
2022-09-01 14:00:00,Turkey,Turkey,TR,364.37,434.65,35.18,35.15,epias.com.tr,false,
2022-09-01 15:00:00,Turkey,Turkey,TR,365.94,436.32,34.89,34.79,epias.com.tr,false,
2022-09-01 16:00:00,Turkey,Turkey,TR,372.52,443.92,33.57,33.5,epias.com.tr,false,
2022-09-01 17:00:00,Turkey,Turkey,TR,365.56,436.26,34.72,34.61,epias.com.tr,false,
2022-09-01 18:00:00,Turkey,Turkey,TR,363.9,434.28,35.09,34.99,epias.com.tr,false,
2022-09-01 19:00:00,Turkey,Turkey,TR,371.74,442.89,33.87,33.79,epias.com.tr,false,
2022-09-01 20:00:00,Turkey,Turkey,TR,385.46,458.56,31.31,31.23,epias.com.tr,false,
2022-09-01 21:00:00,Turkey,Turkey,TR,400.29,475.38,28.67,28.52,epias.com.tr,false,
2022-09-01 22:00:00,Turkey,Turkey,TR,417.94,494.89,25.82,25.63,epias.com.tr,false,
2022-09-01 23:00:00,Turkey,Turkey,TR,427.03,504.41,24.73,24.47,epias.com.tr,false,
2022-09-02 00:00:00,Turkey,Turkey,TR,431.71,508.16,25.02,24.75,epias.com.tr,false,
2022-09-02 01:00:00,Turkey,Turkey,TR,442.57,519.98,23.39,23.07,epias.com.tr,false,
2022-09-02 02:00:00,Turkey,Turkey,TR,447.52,524.82,22.98,22.68,epias.com.tr,false,
2022-09-02 03:00:00,Turkey,Turkey,TR,448.51,525.29,23.24,22.96,epias.com.tr,false,
2022-09-02 04:00:00,Turkey,Turkey,TR,455.91,533.47,22.06,21.82,epias.com.tr,false,
2022-09-02 05:00:00,Turkey,Turkey,TR,444.51,521.49,23.55,23.38,epias.com.tr,false,
2022-09-02 06:00:00,Turkey,Turkey,TR,411.35,487.02,27.58,27.42,epias.com.tr,false,
2022-09-02 07:00:00,Turkey,Turkey,TR,392.03,466.43,30.23,30.07,epias.com.tr,false,
2022-09-02 08:00:00,Turkey,Turkey,TR,385.59,459.12,31.41,31.22,epias.com.tr,false,
2022-09-02 09:00:00,Turkey,Turkey,TR,379.81,452.34,32.61,32.47,epias.com.tr,false,
2022-09-02 10:00:00,Turkey,Turkey,TR,391.11,464.58,30.9,30.72,epias.com.tr,false,
2022-09-02 11:00:00,Turkey,Turkey,TR,392.85,467.09,30.19,30.03,epias.com.tr,false,
2022-09-02 12:00:00,Turkey,Turkey,TR,372.39,444.07,33.72,33.59,epias.com.tr,false,
2022-09-02 13:00:00,Turkey,Turkey,TR,363.43,433.62,35.52,35.38,epias.com.tr,false,
2022-09-02 14:00:00,Turkey,Turkey,TR,359.08,428.62,36.36,36.19,epias.com.tr,false,
2022-09-02 15:00:00,Turkey,Turkey,TR,360.49,430.34,36.04,35.82,epias.com.tr,false,
2022-09-02 16:00:00,Turkey,Turkey,TR,369.52,440.57,34.45,34.24,epias.com.tr,false,
2022-09-02 17:00:00,Turkey,Turkey,TR,370.26,442.03,33.95,33.78,epias.com.tr,false,
2022-09-02 18:00:00,Turkey,Turkey,TR,368.43,439.63,34.52,34.34,epias.com.tr,false,
2022-09-02 19:00:00,Turkey,Turkey,TR,378.04,450.36,32.93,32.71,epias.com.tr,false,
2022-09-02 20:00:00,Turkey,Turkey,TR,389.11,463.25,30.69,30.48,epias.com.tr,false,
2022-09-02 21:00:00,Turkey,Turkey,TR,403.47,479.55,28.02,27.82,epias.com.tr,false,
2022-09-02 22:00:00,Turkey,Turkey,TR,419.21,496.65,25.7,25.34,epias.com.tr,false,
2022-09-02 23:00:00,Turkey,Turkey,TR,431.72,510.06,24.04,23.58,epias.com.tr,false,
2022-09-03 00:00:00,Turkey,Turkey,TR,447.53,527.74,21.42,20.95,epias.com.tr,false,
2022-09-03 01:00:00,Turkey,Turkey,TR,457.48,539.17,19.59,19.08,epias.com.tr,false,
2022-09-03 02:00:00,Turkey,Turkey,TR,463.36,546.03,18.42,17.89,epias.com.tr,false,
2022-09-03 03:00:00,Turkey,Turkey,TR,467.86,549.9,18.4,17.89,epias.com.tr,false,
2022-09-03 04:00:00,Turkey,Turkey,TR,477.52,559.37,17.57,17.1,epias.com.tr,false,
2022-09-03 05:00:00,Turkey,Turkey,TR,461.72,540.68,21.0,20.6,epias.com.tr,false,
2022-09-03 06:00:00,Turkey,Turkey,TR,438.31,515.88,24.14,23.85,epias.com.tr,false,
2022-09-03 07:00:00,Turkey,Turkey,TR,421.64,497.27,26.88,26.62,epias.com.tr,false,
2022-09-03 08:00:00,Turkey,Turkey,TR,411.19,485.43,28.77,28.5,epias.com.tr,false,
2022-09-03 09:00:00,Turkey,Turkey,TR,409.14,483.29,28.97,28.71,epias.com.tr,false,
2022-09-03 10:00:00,Turkey,Turkey,TR,413.46,487.69,28.49,28.18,epias.com.tr,false,
2022-09-03 11:00:00,Turkey,Turkey,TR,408.92,482.73,29.09,28.77,epias.com.tr,false,
2022-09-03 12:00:00,Turkey,Turkey,TR,399.61,472.09,30.76,30.45,epias.com.tr,false,
2022-09-03 13:00:00,Turkey,Turkey,TR,397.65,470.13,30.89,30.57,epias.com.tr,false,
2022-09-03 14:00:00,Turkey,Turkey,TR,392.41,463.66,32.22,31.9,epias.com.tr,false,
2022-09-03 15:00:00,Turkey,Turkey,TR,389.65,461.07,32.27,31.93,epias.com.tr,false,
2022-09-03 16:00:00,Turkey,Turkey,TR,386.7,457.98,32.54,32.2,epias.com.tr,false,
2022-09-03 17:00:00,Turkey,Turkey,TR,381.08,452.2,33.16,32.88,epias.com.tr,false,
2022-09-03 18:00:00,Turkey,Turkey,TR,378.16,448.66,33.78,33.46,epias.com.tr,false,
2022-09-03 19:00:00,Turkey,Turkey,TR,378.69,448.61,34.1,33.76,epias.com.tr,false,
2022-09-03 20:00:00,Turkey,Turkey,TR,380.37,449.56,34.43,34.08,epias.com.tr,false,
2022-09-03 21:00:00,Turkey,Turkey,TR,382.74,450.98,34.91,34.49,epias.com.tr,false,
2022-09-03 22:00:00,Turkey,Turkey,TR,389.93,457.87,34.46,33.99,epias.com.tr,false,
2022-09-03 23:00:00,Turkey,Turkey,TR,394.83,462.32,34.34,33.82,epias.com.tr,false,
2022-09-04 00:00:00,Turkey,Turkey,TR,393.58,458.27,36.39,35.91,epias.com.tr,false,
2022-09-04 01:00:00,Turkey,Turkey,TR,392.77,455.41,37.84,37.31,epias.com.tr,false,
2022-09-04 02:00:00,Turkey,Turkey,TR,401.49,465.04,36.42,35.92,epias.com.tr,false,
2022-09-04 03:00:00,Turkey,Turkey,TR,404.41,467.43,36.58,36.08,epias.com.tr,false,
2022-09-04 04:00:00,Turkey,Turkey,TR,409.67,471.2,37.18,36.65,epias.com.tr,false,
2022-09-04 05:00:00,Turkey,Turkey,TR,399.53,459.2,39.46,39.03,epias.com.tr,false,
2022-09-04 06:00:00,Turkey,Turkey,TR,385.35,444.38,41.33,40.94,epias.com.tr,false,
2022-09-04 07:00:00,Turkey,Turkey,TR,384.41,443.41,41.51,41.12,epias.com.tr,false,
2022-09-04 08:00:00,Turkey,Turkey,TR,382.49,441.2,41.87,41.5,epias.com.tr,false,
2022-09-04 09:00:00,Turkey,Turkey,TR,380.33,438.46,42.39,42.06,epias.com.tr,false,
2022-09-04 10:00:00,Turkey,Turkey,TR,377.36,435.1,42.88,42.54,epias.com.tr,false,
2022-09-04 11:00:00,Turkey,Turkey,TR,378.99,437.12,42.39,42.08,epias.com.tr,false,
2022-09-04 12:00:00,Turkey,Turkey,TR,379.56,438.25,41.79,41.45,epias.com.tr,false,
2022-09-04 13:00:00,Turkey,Turkey,TR,369.8,428.59,42.48,42.17,epias.com.tr,false,
2022-09-04 14:00:00,Turkey,Turkey,TR,354.67,412.46,44.45,44.2,epias.com.tr,false,
2022-09-04 15:00:00,Turkey,Turkey,TR,353.22,411.18,44.27,44.05,epias.com.tr,false,
2022-09-04 16:00:00,Turkey,Turkey,TR,357.17,417.14,42.38,42.25,epias.com.tr,false,
2022-09-04 17:00:00,Turkey,Turkey,TR,346.99,406.73,43.46,43.35,epias.com.tr,false,
2022-09-04 18:00:00,Turkey,Turkey,TR,340.62,399.68,44.46,44.31,epias.com.tr,false,
2022-09-04 19:00:00,Turkey,Turkey,TR,339.57,398.52,44.69,44.46,epias.com.tr,false,
2022-09-04 20:00:00,Turkey,Turkey,TR,341.46,400.11,44.71,44.44,epias.com.tr,false,
2022-09-04 21:00:00,Turkey,Turkey,TR,336.25,391.4,47.66,47.35,epias.com.tr,false,
2022-09-04 22:00:00,Turkey,Turkey,TR,355.0,412.37,44.38,44.03,epias.com.tr,false,
2022-09-04 23:00:00,Turkey,Turkey,TR,359.64,416.84,44.12,43.7,epias.com.tr,false,
2022-09-05 00:00:00,Turkey,Turkey,TR,354.18,409.68,45.91,45.51,epias.com.tr,false,
2022-09-05 01:00:00,Turkey,Turkey,TR,359.51,415.19,45.32,44.89,epias.com.tr,false,
2022-09-05 02:00:00,Turkey,Turkey,TR,351.53,407.13,46.19,45.8,epias.com.tr,false,
2022-09-05 03:00:00,Turkey,Turkey,TR,346.71,402.43,46.58,46.19,epias.com.tr,false,
2022-09-05 04:00:00,Turkey,Turkey,TR,356.79,414.54,44.21,43.95,epias.com.tr,false,
2022-09-05 05:00:00,Turkey,Turkey,TR,349.17,407.51,44.54,44.37,epias.com.tr,false,
2022-09-05 06:00:00,Turkey,Turkey,TR,336.72,394.98,45.55,45.38,epias.com.tr,false,
2022-09-05 07:00:00,Turkey,Turkey,TR,344.52,404.87,43.2,43.08,epias.com.tr,false,
2022-09-05 08:00:00,Turkey,Turkey,TR,339.17,400.22,43.24,43.17,epias.com.tr,false,
2022-09-05 09:00:00,Turkey,Turkey,TR,326.43,386.93,44.83,44.81,epias.com.tr,false,
2022-09-05 10:00:00,Turkey,Turkey,TR,329.57,390.03,44.54,44.52,epias.com.tr,false,
2022-09-05 11:00:00,Turkey,Turkey,TR,327.87,388.9,44.21,44.21,epias.com.tr,false,
2022-09-05 12:00:00,Turkey,Turkey,TR,319.45,380.09,45.17,45.17,epias.com.tr,false,
2022-09-05 13:00:00,Turkey,Turkey,TR,316.28,376.71,45.53,45.53,epias.com.tr,false,
2022-09-05 14:00:00,Turkey,Turkey,TR,316.07,376.13,45.79,45.78,epias.com.tr,false,
2022-09-05 15:00:00,Turkey,Turkey,TR,315.32,374.45,46.47,46.47,epias.com.tr,false,
2022-09-05 16:00:00,Turkey,Turkey,TR,315.67,374.52,46.61,46.61,epias.com.tr,false,
2022-09-05 17:00:00,Turkey,Turkey,TR,311.67,370.12,47.26,47.26,epias.com.tr,false,
2022-09-05 18:00:00,Turkey,Turkey,TR,316.71,376.32,46.03,46.03,epias.com.tr,false,
2022-09-05 19:00:00,Turkey,Turkey,TR,324.5,385.33,44.5,44.48,epias.com.tr,false,
2022-09-05 20:00:00,Turkey,Turkey,TR,328.03,389.55,43.79,43.74,epias.com.tr,false,
2022-09-05 21:00:00,Turkey,Turkey,TR,330.47,390.12,44.77,44.67,epias.com.tr,false,
2022-09-05 22:00:00,Turkey,Turkey,TR,337.9,396.7,44.6,44.49,epias.com.tr,false,
2022-09-05 23:00:00,Turkey,Turkey,TR,342.45,400.06,44.96,44.77,epias.com.tr,false,
2022-09-06 00:00:00,Turkey,Turkey,TR,353.2,411.16,43.68,43.48,epias.com.tr,false,
2022-09-06 01:00:00,Turkey,Turkey,TR,356.07,414.34,43.27,43.05,epias.com.tr,false,
2022-09-06 02:00:00,Turkey,Turkey,TR,353.87,411.66,43.87,43.66,epias.com.tr,false,
2022-09-06 03:00:00,Turkey,Turkey,TR,350.96,409.3,43.93,43.82,epias.com.tr,false,
2022-09-06 04:00:00,Turkey,Turkey,TR,361.84,421.4,42.1,42.07,epias.com.tr,false,
2022-09-06 05:00:00,Turkey,Turkey,TR,361.81,422.83,41.16,41.13,epias.com.tr,false,
2022-09-06 06:00:00,Turkey,Turkey,TR,346.78,408.78,41.93,41.92,epias.com.tr,false,
2022-09-06 07:00:00,Turkey,Turkey,TR,339.59,401.07,42.94,42.94,epias.com.tr,false,
2022-09-06 08:00:00,Turkey,Turkey,TR,337.72,398.58,43.46,43.46,epias.com.tr,false,
2022-09-06 09:00:00,Turkey,Turkey,TR,333.34,394.19,43.88,43.88,epias.com.tr,false,
2022-09-06 10:00:00,Turkey,Turkey,TR,332.51,391.79,45.03,45.01,epias.com.tr,false,
2022-09-06 11:00:00,Turkey,Turkey,TR,336.29,396.0,44.31,44.26,epias.com.tr,false,
2022-09-06 12:00:00,Turkey,Turkey,TR,334.06,394.19,44.18,44.13,epias.com.tr,false,
2022-09-06 13:00:00,Turkey,Turkey,TR,336.55,397.61,43.26,43.25,epias.com.tr,false,
2022-09-06 14:00:00,Turkey,Turkey,TR,329.38,390.33,44.05,44.05,epias.com.tr,false,
2022-09-06 15:00:00,Turkey,Turkey,TR,333.76,395.3,43.17,43.16,epias.com.tr,false,
2022-09-06 16:00:00,Turkey,Turkey,TR,339.02,400.54,42.64,42.63,epias.com.tr,false,
2022-09-06 17:00:00,Turkey,Turkey,TR,335.59,396.94,43.08,43.06,epias.com.tr,false,
2022-09-06 18:00:00,Turkey,Turkey,TR,334.95,396.38,43.09,43.05,epias.com.tr,false,
2022-09-06 19:00:00,Turkey,Turkey,TR,336.19,397.1,43.36,43.33,epias.com.tr,false,
2022-09-06 20:00:00,Turkey,Turkey,TR,342.64,404.28,42.31,42.31,epias.com.tr,false,
2022-09-06 21:00:00,Turkey,Turkey,TR,346.39,408.07,42.02,42.01,epias.com.tr,false,
2022-09-06 22:00:00,Turkey,Turkey,TR,361.9,425.11,39.53,39.31,epias.com.tr,false,
2022-09-06 23:00:00,Turkey,Turkey,TR,369.66,432.3,39.29,39.03,epias.com.tr,false,
2022-09-07 00:00:00,Turkey,Turkey,TR,367.6,427.92,41.04,40.84,epias.com.tr,false,
2022-09-07 01:00:00,Turkey,Turkey,TR,370.32,429.43,41.58,41.28,epias.com.tr,false,
2022-09-07 02:00:00,Turkey,Turkey,TR,369.66,428.48,41.93,41.67,epias.com.tr,false,
2022-09-07 03:00:00,Turkey,Turkey,TR,365.13,424.12,42.42,42.25,epias.com.tr,false,
2022-09-07 04:00:00,Turkey,Turkey,TR,372.17,431.75,41.38,41.38,epias.com.tr,false,
2022-09-07 05:00:00,Turkey,Turkey,TR,372.14,432.52,40.81,40.78,epias.com.tr,false,
2022-09-07 06:00:00,Turkey,Turkey,TR,358.63,420.32,41.21,41.2,epias.com.tr,false,
2022-09-07 07:00:00,Turkey,Turkey,TR,354.0,415.51,41.75,41.72,epias.com.tr,false,
2022-09-07 08:00:00,Turkey,Turkey,TR,348.35,409.83,42.36,42.28,epias.com.tr,false,
2022-09-07 09:00:00,Turkey,Turkey,TR,339.76,401.38,43.14,43.08,epias.com.tr,false,
2022-09-07 10:00:00,Turkey,Turkey,TR,340.31,400.5,44.07,44.02,epias.com.tr,false,
2022-09-07 11:00:00,Turkey,Turkey,TR,338.68,398.92,44.15,44.07,epias.com.tr,false,
2022-09-07 12:00:00,Turkey,Turkey,TR,338.02,398.79,43.81,43.77,epias.com.tr,false,
2022-09-07 13:00:00,Turkey,Turkey,TR,337.78,398.32,43.89,43.87,epias.com.tr,false,
2022-09-07 14:00:00,Turkey,Turkey,TR,339.58,400.78,43.18,43.16,epias.com.tr,false,
2022-09-07 15:00:00,Turkey,Turkey,TR,342.06,404.48,42.12,42.12,epias.com.tr,false,
2022-09-07 16:00:00,Turkey,Turkey,TR,349.98,412.97,40.93,40.92,epias.com.tr,false,
2022-09-07 17:00:00,Turkey,Turkey,TR,347.75,410.99,41.01,41.0,epias.com.tr,false,
2022-09-07 18:00:00,Turkey,Turkey,TR,343.75,405.85,42.18,42.1,epias.com.tr,false,
2022-09-07 19:00:00,Turkey,Turkey,TR,352.97,415.99,40.69,40.58,epias.com.tr,false,
2022-09-07 20:00:00,Turkey,Turkey,TR,361.29,425.52,39.2,39.07,epias.com.tr,false,
2022-09-07 21:00:00,Turkey,Turkey,TR,370.62,435.54,37.95,37.75,epias.com.tr,false,
2022-09-07 22:00:00,Turkey,Turkey,TR,387.49,453.32,35.81,35.5,epias.com.tr,false,
2022-09-07 23:00:00,Turkey,Turkey,TR,395.28,462.1,34.66,34.3,epias.com.tr,false,
2022-09-08 00:00:00,Turkey,Turkey,TR,407.9,475.33,33.15,32.83,epias.com.tr,false,
2022-09-08 01:00:00,Turkey,Turkey,TR,409.29,476.93,32.99,32.6,epias.com.tr,false,
2022-09-08 02:00:00,Turkey,Turkey,TR,418.97,486.53,32.12,31.75,epias.com.tr,false,
2022-09-08 03:00:00,Turkey,Turkey,TR,417.66,486.58,31.46,31.17,epias.com.tr,false,
2022-09-08 04:00:00,Turkey,Turkey,TR,412.9,481.12,32.45,32.18,epias.com.tr,false,
2022-09-08 05:00:00,Turkey,Turkey,TR,408.75,477.61,32.43,32.23,epias.com.tr,false,
2022-09-08 06:00:00,Turkey,Turkey,TR,399.13,469.32,32.41,32.23,epias.com.tr,false,
2022-09-08 07:00:00,Turkey,Turkey,TR,392.31,462.55,33.01,32.84,epias.com.tr,false,
2022-09-08 08:00:00,Turkey,Turkey,TR,383.44,453.13,34.33,34.11,epias.com.tr,false,
2022-09-08 09:00:00,Turkey,Turkey,TR,377.28,447.24,34.88,34.67,epias.com.tr,false,
2022-09-08 10:00:00,Turkey,Turkey,TR,386.11,457.09,33.36,33.15,epias.com.tr,false,
2022-09-08 11:00:00,Turkey,Turkey,TR,391.17,462.98,32.27,32.09,epias.com.tr,false,
2022-09-08 12:00:00,Turkey,Turkey,TR,390.23,461.57,32.59,32.39,epias.com.tr,false,
2022-09-08 13:00:00,Turkey,Turkey,TR,388.24,459.28,32.88,32.67,epias.com.tr,false,
2022-09-08 14:00:00,Turkey,Turkey,TR,381.86,452.6,33.63,33.44,epias.com.tr,false,
2022-09-08 15:00:00,Turkey,Turkey,TR,371.57,440.86,35.44,35.19,epias.com.tr,false,
2022-09-08 16:00:00,Turkey,Turkey,TR,373.16,442.54,35.18,34.99,epias.com.tr,false,
2022-09-08 17:00:00,Turkey,Turkey,TR,371.34,440.59,35.39,35.21,epias.com.tr,false,
2022-09-08 18:00:00,Turkey,Turkey,TR,365.84,433.34,37.06,36.85,epias.com.tr,false,
2022-09-08 19:00:00,Turkey,Turkey,TR,374.88,443.22,35.68,35.42,epias.com.tr,false,
2022-09-08 20:00:00,Turkey,Turkey,TR,385.86,455.95,33.49,33.21,epias.com.tr,false,
2022-09-08 21:00:00,Turkey,Turkey,TR,400.39,472.06,31.07,30.58,epias.com.tr,false,
2022-09-08 22:00:00,Turkey,Turkey,TR,422.35,497.25,27.1,26.68,epias.com.tr,false,
2022-09-08 23:00:00,Turkey,Turkey,TR,438.48,515.74,24.25,23.79,epias.com.tr,false,
2022-09-09 00:00:00,Turkey,Turkey,TR,443.54,520.88,23.84,23.33,epias.com.tr,false,
2022-09-09 01:00:00,Turkey,Turkey,TR,455.13,533.09,22.52,22.01,epias.com.tr,false,
2022-09-09 02:00:00,Turkey,Turkey,TR,457.55,536.07,21.99,21.51,epias.com.tr,false,
2022-09-09 03:00:00,Turkey,Turkey,TR,457.51,536.59,21.63,21.18,epias.com.tr,false,
2022-09-09 04:00:00,Turkey,Turkey,TR,462.32,541.6,21.06,20.63,epias.com.tr,false,
2022-09-09 05:00:00,Turkey,Turkey,TR,458.55,537.1,21.88,21.5,epias.com.tr,false,
2022-09-09 06:00:00,Turkey,Turkey,TR,430.3,506.77,25.8,25.46,epias.com.tr,false,
2022-09-09 07:00:00,Turkey,Turkey,TR,413.22,488.5,28.26,27.91,epias.com.tr,false,
2022-09-09 08:00:00,Turkey,Turkey,TR,405.12,479.5,29.71,29.4,epias.com.tr,false,
2022-09-09 09:00:00,Turkey,Turkey,TR,403.89,477.08,30.53,30.14,epias.com.tr,false,
2022-09-09 10:00:00,Turkey,Turkey,TR,408.29,481.7,30.16,29.72,epias.com.tr,false,
2022-09-09 11:00:00,Turkey,Turkey,TR,407.23,480.82,30.1,29.64,epias.com.tr,false,
2022-09-09 12:00:00,Turkey,Turkey,TR,401.86,476.17,29.96,29.52,epias.com.tr,false,
2022-09-09 13:00:00,Turkey,Turkey,TR,401.56,476.51,29.49,29.09,epias.com.tr,false,
2022-09-09 14:00:00,Turkey,Turkey,TR,393.98,468.07,30.72,30.35,epias.com.tr,false,
2022-09-09 15:00:00,Turkey,Turkey,TR,390.23,463.96,31.24,30.86,epias.com.tr,false,
2022-09-09 16:00:00,Turkey,Turkey,TR,388.43,461.82,31.65,31.38,epias.com.tr,false,
2022-09-09 17:00:00,Turkey,Turkey,TR,383.17,456.22,32.3,32.02,epias.com.tr,false,
2022-09-09 18:00:00,Turkey,Turkey,TR,383.75,456.43,32.49,32.17,epias.com.tr,false,
2022-09-09 19:00:00,Turkey,Turkey,TR,389.91,463.06,31.7,31.35,epias.com.tr,false,
2022-09-09 20:00:00,Turkey,Turkey,TR,395.68,469.91,30.56,30.2,epias.com.tr,false,
2022-09-09 21:00:00,Turkey,Turkey,TR,412.13,488.85,27.37,26.94,epias.com.tr,false,
2022-09-09 22:00:00,Turkey,Turkey,TR,439.8,520.19,22.32,21.84,epias.com.tr,false,
2022-09-09 23:00:00,Turkey,Turkey,TR,454.46,536.21,20.2,19.69,epias.com.tr,false,
2022-09-10 00:00:00,Turkey,Turkey,TR,461.83,543.47,19.7,19.16,epias.com.tr,false,
2022-09-10 01:00:00,Turkey,Turkey,TR,467.62,549.31,19.15,18.6,epias.com.tr,false,
2022-09-10 02:00:00,Turkey,Turkey,TR,469.44,551.24,18.96,18.46,epias.com.tr,false,
2022-09-10 03:00:00,Turkey,Turkey,TR,471.54,553.18,18.98,18.49,epias.com.tr,false,
2022-09-10 04:00:00,Turkey,Turkey,TR,480.11,562.5,17.83,17.34,epias.com.tr,false,
2022-09-10 05:00:00,Turkey,Turkey,TR,469.31,549.51,20.39,19.94,epias.com.tr,false,
2022-09-10 06:00:00,Turkey,Turkey,TR,429.47,504.35,27.56,27.11,epias.com.tr,false,
2022-09-10 07:00:00,Turkey,Turkey,TR,414.46,487.8,29.95,29.47,epias.com.tr,false,
2022-09-10 08:00:00,Turkey,Turkey,TR,414.23,488.62,29.28,28.86,epias.com.tr,false,
2022-09-10 09:00:00,Turkey,Turkey,TR,413.13,487.73,29.18,28.79,epias.com.tr,false,
2022-09-10 10:00:00,Turkey,Turkey,TR,414.93,489.3,29.18,28.79,epias.com.tr,false,
2022-09-10 11:00:00,Turkey,Turkey,TR,405.71,478.84,30.79,30.45,epias.com.tr,false,
2022-09-10 12:00:00,Turkey,Turkey,TR,399.57,472.1,31.71,31.4,epias.com.tr,false,
2022-09-10 13:00:00,Turkey,Turkey,TR,395.79,468.24,32.06,31.74,epias.com.tr,false,
2022-09-10 14:00:00,Turkey,Turkey,TR,393.55,465.7,32.4,32.05,epias.com.tr,false,
2022-09-10 15:00:00,Turkey,Turkey,TR,395.1,467.66,31.86,31.48,epias.com.tr,false,
2022-09-10 16:00:00,Turkey,Turkey,TR,398.6,472.08,30.76,30.43,epias.com.tr,false,
2022-09-10 17:00:00,Turkey,Turkey,TR,385.86,458.16,32.67,32.35,epias.com.tr,false,
2022-09-10 18:00:00,Turkey,Turkey,TR,383.78,455.45,33.33,32.97,epias.com.tr,false,
2022-09-10 19:00:00,Turkey,Turkey,TR,387.7,459.62,32.95,32.57,epias.com.tr,false,
2022-09-10 20:00:00,Turkey,Turkey,TR,400.33,474.0,30.64,30.27,epias.com.tr,false,
2022-09-10 21:00:00,Turkey,Turkey,TR,413.59,487.96,28.92,28.55,epias.com.tr,false,
2022-09-10 22:00:00,Turkey,Turkey,TR,432.17,508.11,26.24,25.85,epias.com.tr,false,
2022-09-10 23:00:00,Turkey,Turkey,TR,437.83,512.95,26.43,26.0,epias.com.tr,false,
2022-09-11 00:00:00,Turkey,Turkey,TR,432.27,504.34,29.12,28.72,epias.com.tr,false,
2022-09-11 01:00:00,Turkey,Turkey,TR,434.66,505.62,29.74,29.3,epias.com.tr,false,
2022-09-11 02:00:00,Turkey,Turkey,TR,437.17,508.43,29.37,28.93,epias.com.tr,false,
2022-09-11 03:00:00,Turkey,Turkey,TR,443.09,514.62,28.71,28.25,epias.com.tr,false,
2022-09-11 04:00:00,Turkey,Turkey,TR,457.45,529.72,26.88,26.41,epias.com.tr,false,
2022-09-11 05:00:00,Turkey,Turkey,TR,457.22,529.29,27.22,26.74,epias.com.tr,false,
2022-09-11 06:00:00,Turkey,Turkey,TR,442.2,512.27,30.14,29.73,epias.com.tr,false,
2022-09-11 07:00:00,Turkey,Turkey,TR,433.15,502.15,31.64,31.25,epias.com.tr,false,
2022-09-11 08:00:00,Turkey,Turkey,TR,431.53,500.97,31.48,31.1,epias.com.tr,false,
2022-09-11 09:00:00,Turkey,Turkey,TR,428.75,497.55,32.19,31.8,epias.com.tr,false,
2022-09-11 10:00:00,Turkey,Turkey,TR,428.15,497.12,32.01,31.57,epias.com.tr,false,
2022-09-11 11:00:00,Turkey,Turkey,TR,422.78,490.78,32.97,32.56,epias.com.tr,false,
2022-09-11 12:00:00,Turkey,Turkey,TR,414.25,480.33,35.0,34.62,epias.com.tr,false,
2022-09-11 13:00:00,Turkey,Turkey,TR,409.46,476.78,34.48,34.15,epias.com.tr,false,
2022-09-11 14:00:00,Turkey,Turkey,TR,404.92,472.65,34.42,34.14,epias.com.tr,false,
2022-09-11 15:00:00,Turkey,Turkey,TR,397.46,464.27,35.51,35.21,epias.com.tr,false,
2022-09-11 16:00:00,Turkey,Turkey,TR,397.27,465.87,34.21,33.87,epias.com.tr,false,
2022-09-11 17:00:00,Turkey,Turkey,TR,386.14,454.87,35.03,34.74,epias.com.tr,false,
2022-09-11 18:00:00,Turkey,Turkey,TR,382.8,451.44,35.42,35.11,epias.com.tr,false,
2022-09-11 19:00:00,Turkey,Turkey,TR,390.3,459.98,34.15,33.84,epias.com.tr,false,
2022-09-11 20:00:00,Turkey,Turkey,TR,399.35,469.54,33.01,32.67,epias.com.tr,false,
2022-09-11 21:00:00,Turkey,Turkey,TR,412.19,483.42,31.1,30.74,epias.com.tr,false,
2022-09-11 22:00:00,Turkey,Turkey,TR,430.21,503.28,28.19,27.87,epias.com.tr,false,
2022-09-11 23:00:00,Turkey,Turkey,TR,443.25,517.5,26.3,25.92,epias.com.tr,false,
2022-09-12 00:00:00,Turkey,Turkey,TR,444.09,517.96,26.56,26.09,epias.com.tr,false,
2022-09-12 01:00:00,Turkey,Turkey,TR,450.44,525.39,25.3,24.82,epias.com.tr,false,
2022-09-12 02:00:00,Turkey,Turkey,TR,451.97,527.79,24.61,24.19,epias.com.tr,false,
2022-09-12 03:00:00,Turkey,Turkey,TR,440.0,514.06,26.85,26.46,epias.com.tr,false,
2022-09-12 04:00:00,Turkey,Turkey,TR,434.41,507.61,27.82,27.54,epias.com.tr,false,
2022-09-12 05:00:00,Turkey,Turkey,TR,419.62,491.95,29.64,29.44,epias.com.tr,false,
2022-09-12 06:00:00,Turkey,Turkey,TR,384.24,453.3,34.94,34.85,epias.com.tr,false,
2022-09-12 07:00:00,Turkey,Turkey,TR,380.61,449.62,35.09,34.95,epias.com.tr,false,
2022-09-12 08:00:00,Turkey,Turkey,TR,377.98,448.28,34.5,34.36,epias.com.tr,false,
2022-09-12 09:00:00,Turkey,Turkey,TR,379.31,449.95,34.14,33.96,epias.com.tr,false,
2022-09-12 10:00:00,Turkey,Turkey,TR,382.72,452.57,34.5,34.37,epias.com.tr,false,
2022-09-12 11:00:00,Turkey,Turkey,TR,377.49,448.75,34.02,33.92,epias.com.tr,false,
2022-09-12 12:00:00,Turkey,Turkey,TR,369.33,439.18,35.62,35.58,epias.com.tr,false,
2022-09-12 13:00:00,Turkey,Turkey,TR,364.49,433.08,36.83,36.83,epias.com.tr,false,
2022-09-12 14:00:00,Turkey,Turkey,TR,360.97,428.65,37.64,37.51,epias.com.tr,false,
2022-09-12 15:00:00,Turkey,Turkey,TR,358.4,425.33,38.3,38.22,epias.com.tr,false,
2022-09-12 16:00:00,Turkey,Turkey,TR,363.04,429.89,37.74,37.63,epias.com.tr,false,
2022-09-12 17:00:00,Turkey,Turkey,TR,362.68,430.28,37.22,37.14,epias.com.tr,false,
2022-09-12 18:00:00,Turkey,Turkey,TR,366.36,434.02,36.78,36.61,epias.com.tr,false,
2022-09-12 19:00:00,Turkey,Turkey,TR,374.28,442.53,35.69,35.45,epias.com.tr,false,
2022-09-12 20:00:00,Turkey,Turkey,TR,380.43,449.26,34.87,34.57,epias.com.tr,false,
2022-09-12 21:00:00,Turkey,Turkey,TR,390.1,459.54,33.6,33.25,epias.com.tr,false,
2022-09-12 22:00:00,Turkey,Turkey,TR,399.7,469.87,32.28,31.85,epias.com.tr,false,
2022-09-12 23:00:00,Turkey,Turkey,TR,410.33,481.76,30.53,30.08,epias.com.tr,false,
2022-09-13 00:00:00,Turkey,Turkey,TR,414.99,485.51,30.68,30.2,epias.com.tr,false,
2022-09-13 01:00:00,Turkey,Turkey,TR,426.9,498.98,28.61,28.12,epias.com.tr,false,
2022-09-13 02:00:00,Turkey,Turkey,TR,426.49,497.53,29.38,28.92,epias.com.tr,false,
2022-09-13 03:00:00,Turkey,Turkey,TR,427.0,498.33,29.23,28.86,epias.com.tr,false,
2022-09-13 04:00:00,Turkey,Turkey,TR,435.6,508.97,27.07,26.8,epias.com.tr,false,
2022-09-13 05:00:00,Turkey,Turkey,TR,437.87,512.4,26.06,25.96,epias.com.tr,false,
2022-09-13 06:00:00,Turkey,Turkey,TR,416.98,490.32,28.74,28.57,epias.com.tr,false,
2022-09-13 07:00:00,Turkey,Turkey,TR,403.47,475.98,30.68,30.58,epias.com.tr,false,
2022-09-13 08:00:00,Turkey,Turkey,TR,404.18,477.54,30.13,29.96,epias.com.tr,false,
2022-09-13 09:00:00,Turkey,Turkey,TR,402.81,475.77,30.58,30.4,epias.com.tr,false,
2022-09-13 10:00:00,Turkey,Turkey,TR,409.31,482.71,29.78,29.58,epias.com.tr,false,
2022-09-13 11:00:00,Turkey,Turkey,TR,400.93,474.16,30.59,30.41,epias.com.tr,false,
2022-09-13 12:00:00,Turkey,Turkey,TR,390.2,462.32,32.18,32.04,epias.com.tr,false,
2022-09-13 13:00:00,Turkey,Turkey,TR,386.44,457.89,32.85,32.74,epias.com.tr,false,
2022-09-13 14:00:00,Turkey,Turkey,TR,379.14,449.79,34.01,33.91,epias.com.tr,false,
2022-09-13 15:00:00,Turkey,Turkey,TR,373.4,443.4,34.85,34.77,epias.com.tr,false,
2022-09-13 16:00:00,Turkey,Turkey,TR,375.25,444.73,34.98,34.84,epias.com.tr,false,
2022-09-13 17:00:00,Turkey,Turkey,TR,373.21,443.24,34.76,34.7,epias.com.tr,false,
2022-09-13 18:00:00,Turkey,Turkey,TR,373.09,442.13,35.4,35.23,epias.com.tr,false,
2022-09-13 19:00:00,Turkey,Turkey,TR,378.95,448.51,34.54,34.33,epias.com.tr,false,
2022-09-13 20:00:00,Turkey,Turkey,TR,388.09,458.4,33.29,33.1,epias.com.tr,false,
2022-09-13 21:00:00,Turkey,Turkey,TR,405.93,477.57,30.82,30.55,epias.com.tr,false,
2022-09-13 22:00:00,Turkey,Turkey,TR,430.13,506.05,25.71,25.38,epias.com.tr,false,
2022-09-13 23:00:00,Turkey,Turkey,TR,437.4,513.45,25.07,24.72,epias.com.tr,false,
2022-09-14 00:00:00,Turkey,Turkey,TR,444.2,520.54,24.41,23.97,epias.com.tr,false,
2022-09-14 01:00:00,Turkey,Turkey,TR,445.33,521.37,24.66,24.23,epias.com.tr,false,
2022-09-14 02:00:00,Turkey,Turkey,TR,445.19,520.5,25.24,24.8,epias.com.tr,false,
2022-09-14 03:00:00,Turkey,Turkey,TR,446.37,521.53,25.28,24.91,epias.com.tr,false,
2022-09-14 04:00:00,Turkey,Turkey,TR,454.67,532.16,23.0,22.77,epias.com.tr,false,
2022-09-14 05:00:00,Turkey,Turkey,TR,444.23,521.83,23.91,23.78,epias.com.tr,false,
2022-09-14 06:00:00,Turkey,Turkey,TR,420.46,496.58,27.04,26.99,epias.com.tr,false,
2022-09-14 07:00:00,Turkey,Turkey,TR,412.17,488.01,28.02,28.01,epias.com.tr,false,
2022-09-14 08:00:00,Turkey,Turkey,TR,411.05,485.85,28.82,28.82,epias.com.tr,false,
2022-09-14 09:00:00,Turkey,Turkey,TR,414.05,488.53,28.72,28.71,epias.com.tr,false,
2022-09-14 10:00:00,Turkey,Turkey,TR,421.86,495.8,28.41,28.38,epias.com.tr,false,
2022-09-14 11:00:00,Turkey,Turkey,TR,420.18,494.74,28.13,28.12,epias.com.tr,false,
2022-09-14 12:00:00,Turkey,Turkey,TR,410.48,484.47,29.34,29.33,epias.com.tr,false,
2022-09-14 13:00:00,Turkey,Turkey,TR,408.06,482.42,29.26,29.19,epias.com.tr,false,
2022-09-14 14:00:00,Turkey,Turkey,TR,404.89,479.51,29.34,29.25,epias.com.tr,false,
2022-09-14 15:00:00,Turkey,Turkey,TR,402.78,478.05,29.06,28.96,epias.com.tr,false,
2022-09-14 16:00:00,Turkey,Turkey,TR,403.6,478.95,28.85,28.71,epias.com.tr,false,
2022-09-14 17:00:00,Turkey,Turkey,TR,396.32,471.4,29.68,29.6,epias.com.tr,false,
2022-09-14 18:00:00,Turkey,Turkey,TR,397.3,472.02,29.85,29.71,epias.com.tr,false,
2022-09-14 19:00:00,Turkey,Turkey,TR,406.27,481.77,28.58,28.31,epias.com.tr,false,
2022-09-14 20:00:00,Turkey,Turkey,TR,414.57,490.65,27.5,27.24,epias.com.tr,false,
2022-09-14 21:00:00,Turkey,Turkey,TR,424.7,501.51,26.05,25.61,epias.com.tr,false,
2022-09-14 22:00:00,Turkey,Turkey,TR,448.05,527.77,21.95,21.44,epias.com.tr,false,
2022-09-14 23:00:00,Turkey,Turkey,TR,455.79,535.89,21.08,20.54,epias.com.tr,false,
2022-09-15 00:00:00,Turkey,Turkey,TR,457.85,537.87,21.04,20.51,epias.com.tr,false,
2022-09-15 01:00:00,Turkey,Turkey,TR,459.82,539.14,21.37,20.8,epias.com.tr,false,
2022-09-15 02:00:00,Turkey,Turkey,TR,464.69,545.19,20.17,19.66,epias.com.tr,false,
2022-09-15 03:00:00,Turkey,Turkey,TR,463.07,544.08,20.1,19.68,epias.com.tr,false,
2022-09-15 04:00:00,Turkey,Turkey,TR,467.12,547.75,19.98,19.65,epias.com.tr,false,
2022-09-15 05:00:00,Turkey,Turkey,TR,454.87,533.86,22.19,21.97,epias.com.tr,false,
2022-09-15 06:00:00,Turkey,Turkey,TR,427.4,504.28,26.01,25.84,epias.com.tr,false,
2022-09-15 07:00:00,Turkey,Turkey,TR,423.87,501.67,25.76,25.64,epias.com.tr,false,
2022-09-15 08:00:00,Turkey,Turkey,TR,426.2,503.81,25.61,25.49,epias.com.tr,false,
2022-09-15 09:00:00,Turkey,Turkey,TR,423.53,500.12,26.56,26.42,epias.com.tr,false,
2022-09-15 10:00:00,Turkey,Turkey,TR,430.14,505.22,26.98,26.79,epias.com.tr,false,
2022-09-15 11:00:00,Turkey,Turkey,TR,428.48,504.28,26.58,26.38,epias.com.tr,false,
2022-09-15 12:00:00,Turkey,Turkey,TR,421.85,498.04,26.78,26.53,epias.com.tr,false,
2022-09-15 13:00:00,Turkey,Turkey,TR,418.37,494.27,27.29,27.06,epias.com.tr,false,
2022-09-15 14:00:00,Turkey,Turkey,TR,413.5,489.88,27.36,27.13,epias.com.tr,false,
2022-09-15 15:00:00,Turkey,Turkey,TR,408.45,484.49,28.07,27.85,epias.com.tr,false,
2022-09-15 16:00:00,Turkey,Turkey,TR,406.79,482.72,28.24,28.04,epias.com.tr,false,
2022-09-15 17:00:00,Turkey,Turkey,TR,399.4,474.4,29.47,29.27,epias.com.tr,false,
2022-09-15 18:00:00,Turkey,Turkey,TR,401.78,477.05,29.08,28.91,epias.com.tr,false,
2022-09-15 19:00:00,Turkey,Turkey,TR,413.61,490.15,27.14,26.96,epias.com.tr,false,
2022-09-15 20:00:00,Turkey,Turkey,TR,424.03,500.97,25.91,25.63,epias.com.tr,false,
2022-09-15 21:00:00,Turkey,Turkey,TR,433.52,510.43,24.97,24.59,epias.com.tr,false,
2022-09-15 22:00:00,Turkey,Turkey,TR,448.32,525.91,23.17,22.75,epias.com.tr,false,
2022-09-15 23:00:00,Turkey,Turkey,TR,451.22,527.24,24.03,23.56,epias.com.tr,false,
2022-09-16 00:00:00,Turkey,Turkey,TR,453.24,527.71,24.97,24.47,epias.com.tr,false,
2022-09-16 01:00:00,Turkey,Turkey,TR,454.72,528.63,25.26,24.74,epias.com.tr,false,
2022-09-16 02:00:00,Turkey,Turkey,TR,457.8,532.0,24.82,24.29,epias.com.tr,false,
2022-09-16 03:00:00,Turkey,Turkey,TR,461.57,536.15,24.25,23.77,epias.com.tr,false,
2022-09-16 04:00:00,Turkey,Turkey,TR,465.95,541.07,23.42,22.95,epias.com.tr,false,
2022-09-16 05:00:00,Turkey,Turkey,TR,451.82,526.58,25.03,24.65,epias.com.tr,false,
2022-09-16 06:00:00,Turkey,Turkey,TR,427.97,502.12,27.55,27.21,epias.com.tr,false,
2022-09-16 07:00:00,Turkey,Turkey,TR,414.58,488.51,29.0,28.69,epias.com.tr,false,
2022-09-16 08:00:00,Turkey,Turkey,TR,412.36,486.79,28.86,28.55,epias.com.tr,false,
2022-09-16 09:00:00,Turkey,Turkey,TR,405.66,479.25,30.04,29.69,epias.com.tr,false,
2022-09-16 10:00:00,Turkey,Turkey,TR,409.58,481.53,30.9,30.55,epias.com.tr,false,
2022-09-16 11:00:00,Turkey,Turkey,TR,412.32,485.16,30.13,29.83,epias.com.tr,false,
2022-09-16 12:00:00,Turkey,Turkey,TR,402.76,477.09,29.9,29.7,epias.com.tr,false,
2022-09-16 13:00:00,Turkey,Turkey,TR,404.98,480.23,29.0,28.86,epias.com.tr,false,
2022-09-16 14:00:00,Turkey,Turkey,TR,394.58,468.8,30.59,30.47,epias.com.tr,false,
2022-09-16 15:00:00,Turkey,Turkey,TR,390.48,464.0,31.38,31.29,epias.com.tr,false,
2022-09-16 16:00:00,Turkey,Turkey,TR,391.29,464.7,31.34,31.26,epias.com.tr,false,
2022-09-16 17:00:00,Turkey,Turkey,TR,386.87,460.01,31.91,31.76,epias.com.tr,false,
2022-09-16 18:00:00,Turkey,Turkey,TR,391.4,464.51,31.5,31.3,epias.com.tr,false,
2022-09-16 19:00:00,Turkey,Turkey,TR,400.57,474.53,30.15,29.93,epias.com.tr,false,
2022-09-16 20:00:00,Turkey,Turkey,TR,412.56,487.9,28.14,27.85,epias.com.tr,false,
2022-09-16 21:00:00,Turkey,Turkey,TR,420.67,496.48,27.09,26.7,epias.com.tr,false,
2022-09-16 22:00:00,Turkey,Turkey,TR,440.53,517.19,24.63,24.04,epias.com.tr,false,
2022-09-16 23:00:00,Turkey,Turkey,TR,449.31,525.64,24.19,23.64,epias.com.tr,false,
2022-09-17 00:00:00,Turkey,Turkey,TR,452.96,528.26,24.59,24.02,epias.com.tr,false,
2022-09-17 01:00:00,Turkey,Turkey,TR,461.21,536.66,23.78,23.17,epias.com.tr,false,
2022-09-17 02:00:00,Turkey,Turkey,TR,463.3,538.45,23.9,23.33,epias.com.tr,false,
2022-09-17 03:00:00,Turkey,Turkey,TR,464.74,539.7,23.88,23.3,epias.com.tr,false,
2022-09-17 04:00:00,Turkey,Turkey,TR,467.84,541.81,24.26,23.68,epias.com.tr,false,
2022-09-17 05:00:00,Turkey,Turkey,TR,462.89,536.4,25.05,24.69,epias.com.tr,false,
2022-09-17 06:00:00,Turkey,Turkey,TR,440.44,513.48,27.35,27.07,epias.com.tr,false,
2022-09-17 07:00:00,Turkey,Turkey,TR,429.57,502.13,28.6,28.34,epias.com.tr,false,
2022-09-17 08:00:00,Turkey,Turkey,TR,422.38,494.39,29.61,29.36,epias.com.tr,false,
2022-09-17 09:00:00,Turkey,Turkey,TR,418.61,490.37,30.07,29.84,epias.com.tr,false,
2022-09-17 10:00:00,Turkey,Turkey,TR,421.2,491.49,30.82,30.56,epias.com.tr,false,
2022-09-17 11:00:00,Turkey,Turkey,TR,416.58,486.95,31.06,30.79,epias.com.tr,false,
2022-09-17 12:00:00,Turkey,Turkey,TR,409.68,479.21,32.16,31.69,epias.com.tr,false,
2022-09-17 13:00:00,Turkey,Turkey,TR,410.26,480.34,31.69,31.43,epias.com.tr,false,
2022-09-17 14:00:00,Turkey,Turkey,TR,407.54,478.33,31.4,31.16,epias.com.tr,false,
2022-09-17 15:00:00,Turkey,Turkey,TR,404.6,476.29,31.1,30.87,epias.com.tr,false,
2022-09-17 16:00:00,Turkey,Turkey,TR,394.77,465.45,32.69,32.43,epias.com.tr,false,
2022-09-17 17:00:00,Turkey,Turkey,TR,383.51,453.1,34.48,34.2,epias.com.tr,false,
2022-09-17 18:00:00,Turkey,Turkey,TR,384.15,453.17,34.77,34.49,epias.com.tr,false,
2022-09-17 19:00:00,Turkey,Turkey,TR,390.74,459.35,34.36,33.94,epias.com.tr,false,
2022-09-17 20:00:00,Turkey,Turkey,TR,400.77,470.13,32.96,32.51,epias.com.tr,false,
2022-09-17 21:00:00,Turkey,Turkey,TR,412.27,481.95,31.67,31.01,epias.com.tr,false,
2022-09-17 22:00:00,Turkey,Turkey,TR,417.92,485.47,32.64,31.97,epias.com.tr,false,
2022-09-17 23:00:00,Turkey,Turkey,TR,418.97,484.58,34.02,33.3,epias.com.tr,false,
2022-09-18 00:00:00,Turkey,Turkey,TR,424.05,488.08,34.77,34.0,epias.com.tr,false,
2022-09-18 01:00:00,Turkey,Turkey,TR,423.01,485.41,36.05,35.25,epias.com.tr,false,
2022-09-18 02:00:00,Turkey,Turkey,TR,424.14,486.88,35.73,34.92,epias.com.tr,false,
2022-09-18 03:00:00,Turkey,Turkey,TR,420.17,482.1,36.67,35.82,epias.com.tr,false,
2022-09-18 04:00:00,Turkey,Turkey,TR,425.41,487.2,36.33,35.47,epias.com.tr,false,
2022-09-18 05:00:00,Turkey,Turkey,TR,427.53,489.38,36.15,35.44,epias.com.tr,false,
2022-09-18 06:00:00,Turkey,Turkey,TR,419.27,481.01,37.14,36.47,epias.com.tr,false,
2022-09-18 07:00:00,Turkey,Turkey,TR,409.4,470.51,38.57,37.78,epias.com.tr,false,
2022-09-18 08:00:00,Turkey,Turkey,TR,404.27,465.36,39.03,38.28,epias.com.tr,false,
2022-09-18 09:00:00,Turkey,Turkey,TR,399.69,460.58,39.45,38.68,epias.com.tr,false,
2022-09-18 10:00:00,Turkey,Turkey,TR,404.11,464.87,39.0,38.11,epias.com.tr,false,
2022-09-18 11:00:00,Turkey,Turkey,TR,401.82,462.39,39.24,38.24,epias.com.tr,false,
2022-09-18 12:00:00,Turkey,Turkey,TR,398.9,458.57,39.89,39.0,epias.com.tr,false,
2022-09-18 13:00:00,Turkey,Turkey,TR,401.82,462.94,38.63,37.86,epias.com.tr,false,
2022-09-18 14:00:00,Turkey,Turkey,TR,405.18,470.05,35.67,34.99,epias.com.tr,false,
2022-09-18 15:00:00,Turkey,Turkey,TR,413.37,483.37,31.54,31.13,epias.com.tr,false,
2022-09-18 16:00:00,Turkey,Turkey,TR,406.21,477.55,31.33,31.04,epias.com.tr,false,
2022-09-18 17:00:00,Turkey,Turkey,TR,388.58,458.35,33.94,33.66,epias.com.tr,false,
2022-09-18 18:00:00,Turkey,Turkey,TR,384.76,453.35,35.09,34.82,epias.com.tr,false,
2022-09-18 19:00:00,Turkey,Turkey,TR,394.39,463.99,33.48,33.19,epias.com.tr,false,
2022-09-18 20:00:00,Turkey,Turkey,TR,405.27,476.0,31.67,31.34,epias.com.tr,false,
2022-09-18 21:00:00,Turkey,Turkey,TR,412.52,482.08,31.67,30.98,epias.com.tr,false,
2022-09-18 22:00:00,Turkey,Turkey,TR,422.94,491.08,31.61,30.87,epias.com.tr,false,
2022-09-18 23:00:00,Turkey,Turkey,TR,424.19,489.28,33.58,32.81,epias.com.tr,false,
2022-09-19 00:00:00,Turkey,Turkey,TR,421.95,485.03,35.24,34.51,epias.com.tr,false,
2022-09-19 01:00:00,Turkey,Turkey,TR,419.9,482.52,35.76,35.02,epias.com.tr,false,
2022-09-19 02:00:00,Turkey,Turkey,TR,411.98,474.43,36.7,35.99,epias.com.tr,false,
2022-09-19 03:00:00,Turkey,Turkey,TR,411.23,474.0,36.55,36.07,epias.com.tr,false,
2022-09-19 04:00:00,Turkey,Turkey,TR,414.59,478.18,35.62,35.23,epias.com.tr,false,
2022-09-19 05:00:00,Turkey,Turkey,TR,424.59,491.98,32.21,32.06,epias.com.tr,false,
2022-09-19 06:00:00,Turkey,Turkey,TR,413.15,485.11,30.14,30.14,epias.com.tr,false,
2022-09-19 07:00:00,Turkey,Turkey,TR,412.29,487.57,28.16,28.15,epias.com.tr,false,
2022-09-19 08:00:00,Turkey,Turkey,TR,412.32,488.86,27.39,27.39,epias.com.tr,false,
2022-09-19 09:00:00,Turkey,Turkey,TR,413.38,490.63,26.95,26.95,epias.com.tr,false,
2022-09-19 10:00:00,Turkey,Turkey,TR,417.58,494.45,27.03,27.02,epias.com.tr,false,
2022-09-19 11:00:00,Turkey,Turkey,TR,416.38,494.04,26.53,26.39,epias.com.tr,false,
2022-09-19 12:00:00,Turkey,Turkey,TR,408.16,486.12,27.01,26.95,epias.com.tr,false,
2022-09-19 13:00:00,Turkey,Turkey,TR,403.43,481.2,27.45,27.45,epias.com.tr,false,
2022-09-19 14:00:00,Turkey,Turkey,TR,393.73,470.35,29.07,29.07,epias.com.tr,false,
2022-09-19 15:00:00,Turkey,Turkey,TR,387.89,464.03,29.89,29.88,epias.com.tr,false,
2022-09-19 16:00:00,Turkey,Turkey,TR,383.3,458.34,31.02,31.01,epias.com.tr,false,
2022-09-19 17:00:00,Turkey,Turkey,TR,377.76,451.7,32.2,32.15,epias.com.tr,false,
2022-09-19 18:00:00,Turkey,Turkey,TR,385.86,460.12,31.25,30.97,epias.com.tr,false,
2022-09-19 19:00:00,Turkey,Turkey,TR,397.68,473.66,29.13,28.82,epias.com.tr,false,
2022-09-19 20:00:00,Turkey,Turkey,TR,413.97,491.98,26.29,25.97,epias.com.tr,false,
2022-09-19 21:00:00,Turkey,Turkey,TR,428.79,507.76,24.42,24.01,epias.com.tr,false,
2022-09-19 22:00:00,Turkey,Turkey,TR,455.81,538.54,19.35,18.87,epias.com.tr,false,
2022-09-19 23:00:00,Turkey,Turkey,TR,469.56,553.23,17.48,16.97,epias.com.tr,false,
2022-09-20 00:00:00,Turkey,Turkey,TR,474.43,558.14,17.18,16.76,epias.com.tr,false,
2022-09-20 01:00:00,Turkey,Turkey,TR,475.49,557.66,18.24,17.76,epias.com.tr,false,
2022-09-20 02:00:00,Turkey,Turkey,TR,475.68,557.02,18.82,18.36,epias.com.tr,false,
2022-09-20 03:00:00,Turkey,Turkey,TR,474.06,555.15,19.11,18.7,epias.com.tr,false,
2022-09-20 04:00:00,Turkey,Turkey,TR,472.09,552.61,19.67,19.3,epias.com.tr,false,
2022-09-20 05:00:00,Turkey,Turkey,TR,463.96,545.01,20.08,20.07,epias.com.tr,false,
2022-09-20 06:00:00,Turkey,Turkey,TR,426.91,505.23,25.22,25.22,epias.com.tr,false,
2022-09-20 07:00:00,Turkey,Turkey,TR,411.06,487.55,27.91,27.9,epias.com.tr,false,
2022-09-20 08:00:00,Turkey,Turkey,TR,411.65,488.23,27.75,27.75,epias.com.tr,false,
2022-09-20 09:00:00,Turkey,Turkey,TR,411.6,487.47,28.19,28.19,epias.com.tr,false,
2022-09-20 10:00:00,Turkey,Turkey,TR,417.08,492.31,28.11,28.1,epias.com.tr,false,
2022-09-20 11:00:00,Turkey,Turkey,TR,411.88,487.65,28.06,28.06,epias.com.tr,false,
2022-09-20 12:00:00,Turkey,Turkey,TR,400.49,475.34,29.58,29.58,epias.com.tr,false,
2022-09-20 13:00:00,Turkey,Turkey,TR,396.66,471.33,29.95,29.95,epias.com.tr,false,
2022-09-20 14:00:00,Turkey,Turkey,TR,385.98,458.99,31.93,31.93,epias.com.tr,false,
2022-09-20 15:00:00,Turkey,Turkey,TR,383.21,456.16,32.13,32.13,epias.com.tr,false,
2022-09-20 16:00:00,Turkey,Turkey,TR,381.43,454.0,32.51,32.51,epias.com.tr,false,
2022-09-20 17:00:00,Turkey,Turkey,TR,378.85,451.43,32.68,32.68,epias.com.tr,false,
2022-09-20 18:00:00,Turkey,Turkey,TR,384.03,456.87,31.99,31.82,epias.com.tr,false,
2022-09-20 19:00:00,Turkey,Turkey,TR,387.94,459.75,32.22,31.98,epias.com.tr,false,
2022-09-20 20:00:00,Turkey,Turkey,TR,391.78,462.92,32.34,32.07,epias.com.tr,false,
2022-09-20 21:00:00,Turkey,Turkey,TR,396.26,466.45,32.62,32.24,epias.com.tr,false,
2022-09-20 22:00:00,Turkey,Turkey,TR,417.91,490.37,29.17,28.76,epias.com.tr,false,
2022-09-20 23:00:00,Turkey,Turkey,TR,425.84,497.45,29.03,28.56,epias.com.tr,false,
2022-09-21 00:00:00,Turkey,Turkey,TR,423.92,493.79,30.39,29.92,epias.com.tr,false,
2022-09-21 01:00:00,Turkey,Turkey,TR,418.06,486.99,31.65,31.17,epias.com.tr,false,
2022-09-21 02:00:00,Turkey,Turkey,TR,417.21,486.29,31.72,31.26,epias.com.tr,false,
2022-09-21 03:00:00,Turkey,Turkey,TR,416.68,486.57,31.28,30.87,epias.com.tr,false,
2022-09-21 04:00:00,Turkey,Turkey,TR,426.54,496.76,30.05,29.92,epias.com.tr,false,
2022-09-21 05:00:00,Turkey,Turkey,TR,425.95,496.84,29.56,29.55,epias.com.tr,false,
2022-09-21 06:00:00,Turkey,Turkey,TR,411.2,484.69,29.25,29.24,epias.com.tr,false,
2022-09-21 07:00:00,Turkey,Turkey,TR,405.6,479.14,29.78,29.78,epias.com.tr,false,
2022-09-21 08:00:00,Turkey,Turkey,TR,406.24,479.42,29.97,29.97,epias.com.tr,false,
2022-09-21 09:00:00,Turkey,Turkey,TR,408.72,482.24,29.47,29.47,epias.com.tr,false,
2022-09-21 10:00:00,Turkey,Turkey,TR,414.5,486.93,29.85,29.85,epias.com.tr,false,
2022-09-21 11:00:00,Turkey,Turkey,TR,413.04,486.3,29.33,29.33,epias.com.tr,false,
2022-09-21 12:00:00,Turkey,Turkey,TR,401.88,474.5,30.66,30.66,epias.com.tr,false,
2022-09-21 13:00:00,Turkey,Turkey,TR,396.49,469.09,31.09,31.08,epias.com.tr,false,
2022-09-21 14:00:00,Turkey,Turkey,TR,389.71,461.62,32.0,31.99,epias.com.tr,false,
2022-09-21 15:00:00,Turkey,Turkey,TR,388.68,460.62,32.0,32.0,epias.com.tr,false,
2022-09-21 16:00:00,Turkey,Turkey,TR,387.76,459.55,32.17,32.16,epias.com.tr,false,
2022-09-21 17:00:00,Turkey,Turkey,TR,381.43,452.59,33.08,33.06,epias.com.tr,false,
2022-09-21 18:00:00,Turkey,Turkey,TR,383.81,454.8,33.02,32.92,epias.com.tr,false,
2022-09-21 19:00:00,Turkey,Turkey,TR,389.35,460.15,32.7,32.58,epias.com.tr,false,
2022-09-21 20:00:00,Turkey,Turkey,TR,400.73,472.17,31.24,31.03,epias.com.tr,false,
2022-09-21 21:00:00,Turkey,Turkey,TR,411.1,482.42,30.45,30.15,epias.com.tr,false,
2022-09-21 22:00:00,Turkey,Turkey,TR,424.52,495.62,29.27,28.9,epias.com.tr,false,
2022-09-21 23:00:00,Turkey,Turkey,TR,426.85,496.27,30.19,29.82,epias.com.tr,false,
2022-09-22 00:00:00,Turkey,Turkey,TR,427.19,495.8,30.81,30.42,epias.com.tr,false,
2022-09-22 01:00:00,Turkey,Turkey,TR,431.69,501.48,29.88,29.49,epias.com.tr,false,
2022-09-22 02:00:00,Turkey,Turkey,TR,426.27,495.24,31.04,30.64,epias.com.tr,false,
2022-09-22 03:00:00,Turkey,Turkey,TR,428.52,497.85,30.64,30.3,epias.com.tr,false,
2022-09-22 04:00:00,Turkey,Turkey,TR,431.13,500.41,30.53,30.22,epias.com.tr,false,
2022-09-22 05:00:00,Turkey,Turkey,TR,422.8,491.82,31.32,31.23,epias.com.tr,false,
2022-09-22 06:00:00,Turkey,Turkey,TR,400.61,470.47,32.7,32.7,epias.com.tr,false,
2022-09-22 07:00:00,Turkey,Turkey,TR,385.09,453.41,35.14,35.14,epias.com.tr,false,
2022-09-22 08:00:00,Turkey,Turkey,TR,386.71,455.61,34.64,34.64,epias.com.tr,false,
2022-09-22 09:00:00,Turkey,Turkey,TR,388.53,458.08,34.04,34.04,epias.com.tr,false,
2022-09-22 10:00:00,Turkey,Turkey,TR,389.78,458.18,34.75,34.75,epias.com.tr,false,
2022-09-22 11:00:00,Turkey,Turkey,TR,386.67,454.83,35.14,35.14,epias.com.tr,false,
2022-09-22 12:00:00,Turkey,Turkey,TR,384.95,454.38,34.26,34.25,epias.com.tr,false,
2022-09-22 13:00:00,Turkey,Turkey,TR,380.74,449.62,35.0,35.0,epias.com.tr,false,
2022-09-22 14:00:00,Turkey,Turkey,TR,376.7,445.82,35.13,35.13,epias.com.tr,false,
2022-09-22 15:00:00,Turkey,Turkey,TR,367.43,435.18,36.96,36.96,epias.com.tr,false,
2022-09-22 16:00:00,Turkey,Turkey,TR,369.55,438.34,36.11,36.1,epias.com.tr,false,
2022-09-22 17:00:00,Turkey,Turkey,TR,366.24,435.27,36.25,36.17,epias.com.tr,false,
2022-09-22 18:00:00,Turkey,Turkey,TR,373.21,442.52,35.5,35.25,epias.com.tr,false,
2022-09-22 19:00:00,Turkey,Turkey,TR,382.02,451.45,34.54,34.25,epias.com.tr,false,
2022-09-22 20:00:00,Turkey,Turkey,TR,394.15,465.06,32.49,32.22,epias.com.tr,false,
2022-09-22 21:00:00,Turkey,Turkey,TR,409.32,481.73,30.15,29.76,epias.com.tr,false,
2022-09-22 22:00:00,Turkey,Turkey,TR,426.18,499.23,28.15,27.69,epias.com.tr,false,
2022-09-22 23:00:00,Turkey,Turkey,TR,434.57,506.29,28.36,27.86,epias.com.tr,false,
2022-09-23 00:00:00,Turkey,Turkey,TR,437.79,507.85,29.27,28.71,epias.com.tr,false,
2022-09-23 01:00:00,Turkey,Turkey,TR,436.75,505.94,30.03,29.43,epias.com.tr,false,
2022-09-23 02:00:00,Turkey,Turkey,TR,444.58,515.79,28.07,27.53,epias.com.tr,false,
2022-09-23 03:00:00,Turkey,Turkey,TR,451.61,524.04,26.75,26.29,epias.com.tr,false,
2022-09-23 04:00:00,Turkey,Turkey,TR,449.26,520.82,27.59,27.17,epias.com.tr,false,
2022-09-23 05:00:00,Turkey,Turkey,TR,439.03,511.08,28.36,28.36,epias.com.tr,false,
2022-09-23 06:00:00,Turkey,Turkey,TR,415.2,487.04,30.57,30.57,epias.com.tr,false,
2022-09-23 07:00:00,Turkey,Turkey,TR,406.6,477.91,31.73,31.73,epias.com.tr,false,
2022-09-23 08:00:00,Turkey,Turkey,TR,409.79,481.95,30.9,30.9,epias.com.tr,false,
2022-09-23 09:00:00,Turkey,Turkey,TR,409.68,481.9,30.88,30.88,epias.com.tr,false,
2022-09-23 10:00:00,Turkey,Turkey,TR,420.7,492.57,30.19,30.19,epias.com.tr,false,
2022-09-23 11:00:00,Turkey,Turkey,TR,421.56,493.63,29.91,29.9,epias.com.tr,false,
2022-09-23 12:00:00,Turkey,Turkey,TR,405.97,476.83,31.94,31.94,epias.com.tr,false,
2022-09-23 13:00:00,Turkey,Turkey,TR,409.14,480.35,31.23,31.22,epias.com.tr,false,
2022-09-23 14:00:00,Turkey,Turkey,TR,403.81,474.9,31.53,31.53,epias.com.tr,false,
2022-09-23 15:00:00,Turkey,Turkey,TR,394.99,465.28,32.77,32.77,epias.com.tr,false,
2022-09-23 16:00:00,Turkey,Turkey,TR,393.28,463.43,32.99,32.99,epias.com.tr,false,
2022-09-23 17:00:00,Turkey,Turkey,TR,389.93,459.85,33.37,33.23,epias.com.tr,false,
2022-09-23 18:00:00,Turkey,Turkey,TR,394.35,464.06,33.12,32.94,epias.com.tr,false,
2022-09-23 19:00:00,Turkey,Turkey,TR,398.11,467.54,33.1,32.88,epias.com.tr,false,
2022-09-23 20:00:00,Turkey,Turkey,TR,411.07,481.32,31.34,31.07,epias.com.tr,false,
2022-09-23 21:00:00,Turkey,Turkey,TR,424.56,494.92,30.15,29.84,epias.com.tr,false,
2022-09-23 22:00:00,Turkey,Turkey,TR,441.86,513.15,28.18,27.84,epias.com.tr,false,
2022-09-23 23:00:00,Turkey,Turkey,TR,451.32,522.73,27.29,26.95,epias.com.tr,false,
2022-09-24 00:00:00,Turkey,Turkey,TR,454.6,524.88,27.9,27.56,epias.com.tr,false,
2022-09-24 01:00:00,Turkey,Turkey,TR,464.32,536.14,26.0,25.64,epias.com.tr,false,
2022-09-24 02:00:00,Turkey,Turkey,TR,465.33,536.52,26.51,26.16,epias.com.tr,false,
2022-09-24 03:00:00,Turkey,Turkey,TR,462.13,532.6,27.32,27.03,epias.com.tr,false,
2022-09-24 04:00:00,Turkey,Turkey,TR,464.48,535.09,27.05,26.8,epias.com.tr,false,
2022-09-24 05:00:00,Turkey,Turkey,TR,457.64,528.8,27.43,27.24,epias.com.tr,false,
2022-09-24 06:00:00,Turkey,Turkey,TR,441.61,512.61,28.83,28.67,epias.com.tr,false,
2022-09-24 07:00:00,Turkey,Turkey,TR,426.07,496.14,30.91,30.8,epias.com.tr,false,
2022-09-24 08:00:00,Turkey,Turkey,TR,420.78,490.64,31.58,31.54,epias.com.tr,false,
2022-09-24 09:00:00,Turkey,Turkey,TR,418.65,487.46,32.42,32.38,epias.com.tr,false,
2022-09-24 10:00:00,Turkey,Turkey,TR,427.31,496.09,31.74,31.66,epias.com.tr,false,
2022-09-24 11:00:00,Turkey,Turkey,TR,425.29,495.15,31.16,31.1,epias.com.tr,false,
2022-09-24 12:00:00,Turkey,Turkey,TR,419.02,488.22,32.17,32.1,epias.com.tr,false,
2022-09-24 13:00:00,Turkey,Turkey,TR,425.78,495.95,30.82,30.7,epias.com.tr,false,
2022-09-24 14:00:00,Turkey,Turkey,TR,420.3,490.08,31.5,31.38,epias.com.tr,false,
2022-09-24 15:00:00,Turkey,Turkey,TR,416.82,487.41,31.2,31.12,epias.com.tr,false,
2022-09-24 16:00:00,Turkey,Turkey,TR,408.76,479.39,31.8,31.8,epias.com.tr,false,
2022-09-24 17:00:00,Turkey,Turkey,TR,397.57,467.49,33.24,33.24,epias.com.tr,false,
2022-09-24 18:00:00,Turkey,Turkey,TR,409.09,480.66,31.14,31.13,epias.com.tr,false,
2022-09-24 19:00:00,Turkey,Turkey,TR,421.21,493.68,29.52,29.46,epias.com.tr,false,
2022-09-24 20:00:00,Turkey,Turkey,TR,426.0,497.2,30.04,29.9,epias.com.tr,false,
2022-09-24 21:00:00,Turkey,Turkey,TR,429.3,498.94,30.85,30.66,epias.com.tr,false,
2022-09-24 22:00:00,Turkey,Turkey,TR,438.67,507.14,30.9,30.68,epias.com.tr,false,
2022-09-24 23:00:00,Turkey,Turkey,TR,450.47,519.03,29.83,29.62,epias.com.tr,false,
2022-09-25 00:00:00,Turkey,Turkey,TR,459.82,528.29,29.15,28.87,epias.com.tr,false,
2022-09-25 01:00:00,Turkey,Turkey,TR,460.12,528.02,29.66,29.36,epias.com.tr,false,
2022-09-25 02:00:00,Turkey,Turkey,TR,454.47,520.79,31.35,31.05,epias.com.tr,false,
2022-09-25 03:00:00,Turkey,Turkey,TR,453.56,520.36,31.15,30.86,epias.com.tr,false,
2022-09-25 04:00:00,Turkey,Turkey,TR,462.17,529.97,29.81,29.53,epias.com.tr,false,
2022-09-25 05:00:00,Turkey,Turkey,TR,472.14,538.85,29.8,29.53,epias.com.tr,false,
2022-09-25 06:00:00,Turkey,Turkey,TR,449.24,514.51,33.21,32.95,epias.com.tr,false,
2022-09-25 07:00:00,Turkey,Turkey,TR,442.33,507.3,34.09,33.85,epias.com.tr,false,
2022-09-25 08:00:00,Turkey,Turkey,TR,438.37,503.35,34.43,34.18,epias.com.tr,false,
2022-09-25 09:00:00,Turkey,Turkey,TR,436.43,501.12,34.82,34.54,epias.com.tr,false,
2022-09-25 10:00:00,Turkey,Turkey,TR,439.58,504.77,34.24,33.95,epias.com.tr,false,
2022-09-25 11:00:00,Turkey,Turkey,TR,437.59,503.01,34.18,33.94,epias.com.tr,false,
2022-09-25 12:00:00,Turkey,Turkey,TR,437.83,503.19,34.18,33.97,epias.com.tr,false,
2022-09-25 13:00:00,Turkey,Turkey,TR,441.5,508.41,32.54,32.26,epias.com.tr,false,
2022-09-25 14:00:00,Turkey,Turkey,TR,449.61,521.23,28.45,28.18,epias.com.tr,false,
2022-09-25 15:00:00,Turkey,Turkey,TR,453.23,526.87,26.42,26.16,epias.com.tr,false,
2022-09-25 16:00:00,Turkey,Turkey,TR,439.12,513.02,27.33,27.13,epias.com.tr,false,
2022-09-25 17:00:00,Turkey,Turkey,TR,419.65,491.68,30.26,30.1,epias.com.tr,false,
2022-09-25 18:00:00,Turkey,Turkey,TR,422.18,493.99,30.23,30.04,epias.com.tr,false,
2022-09-25 19:00:00,Turkey,Turkey,TR,430.06,502.33,29.28,29.02,epias.com.tr,false,
2022-09-25 20:00:00,Turkey,Turkey,TR,438.27,510.67,28.49,28.16,epias.com.tr,false,
2022-09-25 21:00:00,Turkey,Turkey,TR,452.35,525.08,26.92,26.54,epias.com.tr,false,
2022-09-25 22:00:00,Turkey,Turkey,TR,468.57,543.2,24.26,23.83,epias.com.tr,false,
2022-09-25 23:00:00,Turkey,Turkey,TR,478.45,552.46,23.86,23.33,epias.com.tr,false,
2022-09-26 00:00:00,Turkey,Turkey,TR,483.46,557.27,23.61,23.03,epias.com.tr,false,
2022-09-26 01:00:00,Turkey,Turkey,TR,471.83,542.9,26.66,26.09,epias.com.tr,false,
2022-09-26 02:00:00,Turkey,Turkey,TR,478.47,550.53,25.36,24.78,epias.com.tr,false,
2022-09-26 03:00:00,Turkey,Turkey,TR,480.78,554.0,24.34,24.05,epias.com.tr,false,
2022-09-26 04:00:00,Turkey,Turkey,TR,476.31,548.54,25.28,25.08,epias.com.tr,false,
2022-09-26 05:00:00,Turkey,Turkey,TR,476.48,550.34,24.02,23.82,epias.com.tr,false,
2022-09-26 06:00:00,Turkey,Turkey,TR,444.51,518.12,26.96,26.81,epias.com.tr,false,
2022-09-26 07:00:00,Turkey,Turkey,TR,435.15,508.91,27.71,27.61,epias.com.tr,false,
2022-09-26 08:00:00,Turkey,Turkey,TR,437.02,511.43,27.07,26.87,epias.com.tr,false,
2022-09-26 09:00:00,Turkey,Turkey,TR,438.08,512.97,26.63,26.43,epias.com.tr,false,
2022-09-26 10:00:00,Turkey,Turkey,TR,437.68,510.73,28.0,27.78,epias.com.tr,false,
2022-09-26 11:00:00,Turkey,Turkey,TR,432.62,506.97,27.52,27.32,epias.com.tr,false,
2022-09-26 12:00:00,Turkey,Turkey,TR,425.21,500.18,27.56,27.38,epias.com.tr,false,
2022-09-26 13:00:00,Turkey,Turkey,TR,422.32,496.77,28.12,27.93,epias.com.tr,false,
2022-09-26 14:00:00,Turkey,Turkey,TR,409.03,482.9,29.71,29.59,epias.com.tr,false,
2022-09-26 15:00:00,Turkey,Turkey,TR,399.26,472.41,31.06,30.94,epias.com.tr,false,
2022-09-26 16:00:00,Turkey,Turkey,TR,393.15,465.47,32.09,32.03,epias.com.tr,false,
2022-09-26 17:00:00,Turkey,Turkey,TR,383.22,453.75,34.1,34.04,epias.com.tr,false,
2022-09-26 18:00:00,Turkey,Turkey,TR,389.43,459.51,33.82,33.67,epias.com.tr,false,
2022-09-26 19:00:00,Turkey,Turkey,TR,400.91,471.79,32.19,32.03,epias.com.tr,false,
2022-09-26 20:00:00,Turkey,Turkey,TR,411.51,483.71,30.26,30.09,epias.com.tr,false,
2022-09-26 21:00:00,Turkey,Turkey,TR,414.48,484.44,31.43,31.26,epias.com.tr,false,
2022-09-26 22:00:00,Turkey,Turkey,TR,428.55,499.1,29.81,29.6,epias.com.tr,false,
2022-09-26 23:00:00,Turkey,Turkey,TR,432.82,501.68,30.52,30.27,epias.com.tr,false,
2022-09-27 00:00:00,Turkey,Turkey,TR,429.87,495.71,32.74,32.44,epias.com.tr,false,
2022-09-27 01:00:00,Turkey,Turkey,TR,427.93,492.43,33.81,33.51,epias.com.tr,false,
2022-09-27 02:00:00,Turkey,Turkey,TR,427.57,491.66,34.12,33.88,epias.com.tr,false,
2022-09-27 03:00:00,Turkey,Turkey,TR,420.27,484.07,35.03,34.87,epias.com.tr,false,
2022-09-27 04:00:00,Turkey,Turkey,TR,414.06,476.8,36.35,36.31,epias.com.tr,false,
2022-09-27 05:00:00,Turkey,Turkey,TR,409.73,472.71,36.55,36.49,epias.com.tr,false,
2022-09-27 06:00:00,Turkey,Turkey,TR,388.46,451.81,38.17,38.17,epias.com.tr,false,
2022-09-27 07:00:00,Turkey,Turkey,TR,377.88,440.26,39.75,39.75,epias.com.tr,false,
2022-09-27 08:00:00,Turkey,Turkey,TR,376.12,437.89,40.26,40.26,epias.com.tr,false,
2022-09-27 09:00:00,Turkey,Turkey,TR,368.78,429.08,41.81,41.81,epias.com.tr,false,
2022-09-27 10:00:00,Turkey,Turkey,TR,356.91,415.27,44.25,44.24,epias.com.tr,false,
2022-09-27 11:00:00,Turkey,Turkey,TR,355.75,413.94,44.21,44.21,epias.com.tr,false,
2022-09-27 12:00:00,Turkey,Turkey,TR,350.52,408.67,44.64,44.63,epias.com.tr,false,
2022-09-27 13:00:00,Turkey,Turkey,TR,350.14,408.95,44.37,44.36,epias.com.tr,false,
2022-09-27 14:00:00,Turkey,Turkey,TR,351.76,412.35,42.95,42.93,epias.com.tr,false,
2022-09-27 15:00:00,Turkey,Turkey,TR,352.92,414.71,41.92,41.89,epias.com.tr,false,
2022-09-27 16:00:00,Turkey,Turkey,TR,349.49,411.62,42.11,42.11,epias.com.tr,false,
2022-09-27 17:00:00,Turkey,Turkey,TR,347.81,410.27,42.02,42.02,epias.com.tr,false,
2022-09-27 18:00:00,Turkey,Turkey,TR,353.23,415.85,41.46,41.4,epias.com.tr,false,
2022-09-27 19:00:00,Turkey,Turkey,TR,361.54,424.05,40.75,40.66,epias.com.tr,false,
2022-09-27 20:00:00,Turkey,Turkey,TR,366.05,427.69,40.92,40.81,epias.com.tr,false,
2022-09-27 21:00:00,Turkey,Turkey,TR,376.89,438.38,39.92,39.76,epias.com.tr,false,
2022-09-27 22:00:00,Turkey,Turkey,TR,389.92,451.52,38.65,38.43,epias.com.tr,false,
2022-09-27 23:00:00,Turkey,Turkey,TR,386.93,445.35,41.12,40.89,epias.com.tr,false,
2022-09-28 00:00:00,Turkey,Turkey,TR,396.66,455.58,40.08,39.82,epias.com.tr,false,
2022-09-28 01:00:00,Turkey,Turkey,TR,403.22,463.34,38.83,38.52,epias.com.tr,false,
2022-09-28 02:00:00,Turkey,Turkey,TR,406.54,467.71,37.85,37.54,epias.com.tr,false,
2022-09-28 03:00:00,Turkey,Turkey,TR,409.16,471.07,37.14,36.86,epias.com.tr,false,
2022-09-28 04:00:00,Turkey,Turkey,TR,414.57,477.4,36.02,35.81,epias.com.tr,false,
2022-09-28 05:00:00,Turkey,Turkey,TR,418.06,483.53,33.84,33.63,epias.com.tr,false,
2022-09-28 06:00:00,Turkey,Turkey,TR,388.19,453.89,36.56,36.45,epias.com.tr,false,
2022-09-28 07:00:00,Turkey,Turkey,TR,371.63,435.65,39.22,39.12,epias.com.tr,false,
2022-09-28 08:00:00,Turkey,Turkey,TR,374.68,439.25,38.46,38.35,epias.com.tr,false,
2022-09-28 09:00:00,Turkey,Turkey,TR,373.92,438.16,38.73,38.63,epias.com.tr,false,
2022-09-28 10:00:00,Turkey,Turkey,TR,374.62,438.02,39.24,39.13,epias.com.tr,false,
2022-09-28 11:00:00,Turkey,Turkey,TR,366.98,430.16,40.08,39.99,epias.com.tr,false,
2022-09-28 12:00:00,Turkey,Turkey,TR,367.24,430.52,39.95,39.93,epias.com.tr,false,
2022-09-28 13:00:00,Turkey,Turkey,TR,378.93,445.06,36.87,36.82,epias.com.tr,false,
2022-09-28 14:00:00,Turkey,Turkey,TR,384.87,453.22,34.79,34.74,epias.com.tr,false,
2022-09-28 15:00:00,Turkey,Turkey,TR,384.44,453.23,34.62,34.6,epias.com.tr,false,
2022-09-28 16:00:00,Turkey,Turkey,TR,382.97,452.15,34.52,34.52,epias.com.tr,false,
2022-09-28 17:00:00,Turkey,Turkey,TR,375.76,444.35,35.57,35.56,epias.com.tr,false,
2022-09-28 18:00:00,Turkey,Turkey,TR,377.05,445.9,35.39,35.37,epias.com.tr,false,
2022-09-28 19:00:00,Turkey,Turkey,TR,383.73,453.48,34.29,34.29,epias.com.tr,false,
2022-09-28 20:00:00,Turkey,Turkey,TR,397.25,467.96,32.47,32.46,epias.com.tr,false,
2022-09-28 21:00:00,Turkey,Turkey,TR,411.0,482.91,30.3,30.28,epias.com.tr,false,
2022-09-28 22:00:00,Turkey,Turkey,TR,429.95,502.42,28.24,28.16,epias.com.tr,false,
2022-09-28 23:00:00,Turkey,Turkey,TR,432.57,503.2,29.42,29.31,epias.com.tr,false,
2022-09-29 00:00:00,Turkey,Turkey,TR,437.01,506.35,29.94,29.82,epias.com.tr,false,
2022-09-29 01:00:00,Turkey,Turkey,TR,440.26,508.35,30.59,30.44,epias.com.tr,false,
2022-09-29 02:00:00,Turkey,Turkey,TR,441.14,509.14,30.6,30.48,epias.com.tr,false,
2022-09-29 03:00:00,Turkey,Turkey,TR,441.51,509.22,30.71,30.6,epias.com.tr,false,
2022-09-29 04:00:00,Turkey,Turkey,TR,442.0,510.04,30.44,30.4,epias.com.tr,false,
2022-09-29 05:00:00,Turkey,Turkey,TR,438.2,506.97,30.17,30.11,epias.com.tr,false,
2022-09-29 06:00:00,Turkey,Turkey,TR,409.31,477.09,33.38,33.37,epias.com.tr,false,
2022-09-29 07:00:00,Turkey,Turkey,TR,400.07,467.04,34.71,34.68,epias.com.tr,false,
2022-09-29 08:00:00,Turkey,Turkey,TR,396.27,462.58,35.41,35.4,epias.com.tr,false,
2022-09-29 09:00:00,Turkey,Turkey,TR,390.94,456.11,36.54,36.51,epias.com.tr,false,
2022-09-29 10:00:00,Turkey,Turkey,TR,387.51,450.41,38.31,38.26,epias.com.tr,false,
2022-09-29 11:00:00,Turkey,Turkey,TR,385.56,449.09,37.9,37.81,epias.com.tr,false,
2022-09-29 12:00:00,Turkey,Turkey,TR,375.11,437.34,39.68,39.68,epias.com.tr,false,
2022-09-29 13:00:00,Turkey,Turkey,TR,376.79,439.85,38.89,38.89,epias.com.tr,false,
2022-09-29 14:00:00,Turkey,Turkey,TR,382.97,449.27,36.15,36.14,epias.com.tr,false,
2022-09-29 15:00:00,Turkey,Turkey,TR,388.62,457.14,34.18,34.17,epias.com.tr,false,
2022-09-29 16:00:00,Turkey,Turkey,TR,391.12,460.84,33.22,33.22,epias.com.tr,false,
2022-09-29 17:00:00,Turkey,Turkey,TR,391.12,461.09,33.18,33.17,epias.com.tr,false,
2022-09-29 18:00:00,Turkey,Turkey,TR,395.18,465.3,32.74,32.73,epias.com.tr,false,
2022-09-29 19:00:00,Turkey,Turkey,TR,403.1,473.71,31.82,31.82,epias.com.tr,false,
2022-09-29 20:00:00,Turkey,Turkey,TR,410.8,481.82,30.94,30.94,epias.com.tr,false,
2022-09-29 21:00:00,Turkey,Turkey,TR,423.91,495.34,29.51,29.5,epias.com.tr,false,
2022-09-29 22:00:00,Turkey,Turkey,TR,446.64,520.38,25.86,25.73,epias.com.tr,false,
2022-09-29 23:00:00,Turkey,Turkey,TR,457.87,531.29,25.1,24.87,epias.com.tr,false,
2022-09-30 00:00:00,Turkey,Turkey,TR,464.14,537.3,24.79,24.55,epias.com.tr,false,
2022-09-30 01:00:00,Turkey,Turkey,TR,473.51,546.93,23.88,23.62,epias.com.tr,false,
2022-09-30 02:00:00,Turkey,Turkey,TR,479.37,553.65,22.88,22.66,epias.com.tr,false,
2022-09-30 03:00:00,Turkey,Turkey,TR,479.97,555.02,22.34,22.16,epias.com.tr,false,
2022-09-30 04:00:00,Turkey,Turkey,TR,480.09,555.38,22.21,22.06,epias.com.tr,false,
2022-09-30 05:00:00,Turkey,Turkey,TR,478.26,554.64,21.65,21.48,epias.com.tr,false,
2022-09-30 06:00:00,Turkey,Turkey,TR,448.19,523.57,25.09,24.99,epias.com.tr,false,
2022-09-30 07:00:00,Turkey,Turkey,TR,433.17,507.27,27.34,27.22,epias.com.tr,false,
2022-09-30 08:00:00,Turkey,Turkey,TR,424.53,497.96,28.64,28.56,epias.com.tr,false,
2022-09-30 09:00:00,Turkey,Turkey,TR,418.55,490.44,30.16,30.03,epias.com.tr,false,
2022-09-30 10:00:00,Turkey,Turkey,TR,424.06,494.75,30.41,30.27,epias.com.tr,false,
2022-09-30 11:00:00,Turkey,Turkey,TR,424.56,495.81,29.86,29.75,epias.com.tr,false,
2022-09-30 12:00:00,Turkey,Turkey,TR,416.84,489.47,29.46,29.35,epias.com.tr,false,
2022-09-30 13:00:00,Turkey,Turkey,TR,413.36,485.95,29.75,29.66,epias.com.tr,false,
2022-09-30 14:00:00,Turkey,Turkey,TR,412.58,486.36,28.92,28.81,epias.com.tr,false,
2022-09-30 15:00:00,Turkey,Turkey,TR,412.43,486.92,28.45,28.33,epias.com.tr,false,
2022-09-30 16:00:00,Turkey,Turkey,TR,410.99,485.29,28.84,28.75,epias.com.tr,false,
2022-09-30 17:00:00,Turkey,Turkey,TR,409.07,483.19,29.2,29.1,epias.com.tr,false,
2022-09-30 18:00:00,Turkey,Turkey,TR,417.88,492.9,27.86,27.76,epias.com.tr,false,
2022-09-30 19:00:00,Turkey,Turkey,TR,430.55,506.95,25.81,25.67,epias.com.tr,false,
2022-09-30 20:00:00,Turkey,Turkey,TR,441.47,518.72,24.27,24.08,epias.com.tr,false,
2022-09-30 21:00:00,Turkey,Turkey,TR,458.09,536.48,21.86,21.65,epias.com.tr,false,
2022-09-30 22:00:00,Turkey,Turkey,TR,471.39,549.68,20.77,20.33,epias.com.tr,false,
2022-09-30 23:00:00,Turkey,Turkey,TR,482.89,560.99,19.89,19.46,epias.com.tr,false,
2022-10-01 00:00:00,Turkey,Turkey,TR,490.26,567.43,19.95,19.44,epias.com.tr,false,
2022-10-01 01:00:00,Turkey,Turkey,TR,491.9,568.29,20.36,19.8,epias.com.tr,false,
2022-10-01 02:00:00,Turkey,Turkey,TR,495.88,572.97,19.62,19.08,epias.com.tr,false,
2022-10-01 03:00:00,Turkey,Turkey,TR,494.14,571.72,19.47,19.1,epias.com.tr,false,
2022-10-01 04:00:00,Turkey,Turkey,TR,504.35,583.02,17.75,17.44,epias.com.tr,false,
2022-10-01 05:00:00,Turkey,Turkey,TR,505.21,583.83,17.77,17.62,epias.com.tr,false,
2022-10-01 06:00:00,Turkey,Turkey,TR,480.57,559.06,20.02,19.9,epias.com.tr,false,
2022-10-01 07:00:00,Turkey,Turkey,TR,466.97,545.0,21.51,21.37,epias.com.tr,false,
2022-10-01 08:00:00,Turkey,Turkey,TR,459.52,536.92,22.61,22.46,epias.com.tr,false,
2022-10-01 09:00:00,Turkey,Turkey,TR,454.21,530.97,23.46,23.3,epias.com.tr,false,
2022-10-01 10:00:00,Turkey,Turkey,TR,457.94,533.91,23.63,23.42,epias.com.tr,false,
2022-10-01 11:00:00,Turkey,Turkey,TR,452.56,528.46,24.14,23.91,epias.com.tr,false,
2022-10-01 12:00:00,Turkey,Turkey,TR,444.25,519.34,25.37,25.02,epias.com.tr,false,
2022-10-01 13:00:00,Turkey,Turkey,TR,445.41,521.27,24.7,24.3,epias.com.tr,false,
2022-10-01 14:00:00,Turkey,Turkey,TR,437.36,513.15,25.5,25.23,epias.com.tr,false,
2022-10-01 15:00:00,Turkey,Turkey,TR,428.8,503.42,26.99,26.77,epias.com.tr,false,
2022-10-01 16:00:00,Turkey,Turkey,TR,412.78,485.63,29.56,29.41,epias.com.tr,false,
2022-10-01 17:00:00,Turkey,Turkey,TR,402.34,473.9,31.34,31.23,epias.com.tr,false,
2022-10-01 18:00:00,Turkey,Turkey,TR,416.1,489.23,28.98,28.86,epias.com.tr,false,
2022-10-01 19:00:00,Turkey,Turkey,TR,424.21,497.03,28.33,28.18,epias.com.tr,false,
2022-10-01 20:00:00,Turkey,Turkey,TR,428.23,499.12,29.13,28.83,epias.com.tr,false,
2022-10-01 21:00:00,Turkey,Turkey,TR,426.21,494.21,31.16,30.62,epias.com.tr,false,
2022-10-01 22:00:00,Turkey,Turkey,TR,429.88,492.75,34.09,33.47,epias.com.tr,false,
2022-10-01 23:00:00,Turkey,Turkey,TR,435.05,494.92,35.55,34.85,epias.com.tr,false,
2022-10-02 00:00:00,Turkey,Turkey,TR,435.56,493.53,36.79,36.13,epias.com.tr,false,
2022-10-02 01:00:00,Turkey,Turkey,TR,431.01,487.99,37.97,37.18,epias.com.tr,false,
2022-10-02 02:00:00,Turkey,Turkey,TR,426.7,483.94,38.38,37.67,epias.com.tr,false,
2022-10-02 03:00:00,Turkey,Turkey,TR,428.55,486.06,38.07,37.47,epias.com.tr,false,
2022-10-02 04:00:00,Turkey,Turkey,TR,444.0,502.49,35.97,35.43,epias.com.tr,false,
2022-10-02 05:00:00,Turkey,Turkey,TR,439.18,497.2,37.03,36.5,epias.com.tr,false,
2022-10-02 06:00:00,Turkey,Turkey,TR,426.57,485.18,38.08,37.67,epias.com.tr,false,
2022-10-02 07:00:00,Turkey,Turkey,TR,425.97,485.92,37.32,36.84,epias.com.tr,false,
2022-10-02 08:00:00,Turkey,Turkey,TR,422.44,481.16,38.36,37.88,epias.com.tr,false,
2022-10-02 09:00:00,Turkey,Turkey,TR,425.72,484.2,37.92,37.38,epias.com.tr,false,
2022-10-02 10:00:00,Turkey,Turkey,TR,421.71,478.68,39.05,38.44,epias.com.tr,false,
2022-10-02 11:00:00,Turkey,Turkey,TR,411.9,468.76,40.13,39.52,epias.com.tr,false,
2022-10-02 12:00:00,Turkey,Turkey,TR,416.32,474.78,38.67,38.11,epias.com.tr,false,
2022-10-02 13:00:00,Turkey,Turkey,TR,422.82,482.06,37.44,36.88,epias.com.tr,false,
2022-10-02 14:00:00,Turkey,Turkey,TR,427.03,488.12,35.68,35.14,epias.com.tr,false,
2022-10-02 15:00:00,Turkey,Turkey,TR,424.22,487.91,34.22,33.93,epias.com.tr,false,
2022-10-02 16:00:00,Turkey,Turkey,TR,405.83,469.24,36.04,35.89,epias.com.tr,false,
2022-10-02 17:00:00,Turkey,Turkey,TR,383.74,445.1,39.33,39.21,epias.com.tr,false,
2022-10-02 18:00:00,Turkey,Turkey,TR,385.68,446.74,39.32,39.15,epias.com.tr,false,
2022-10-02 19:00:00,Turkey,Turkey,TR,393.92,455.3,38.29,38.09,epias.com.tr,false,
2022-10-02 20:00:00,Turkey,Turkey,TR,389.32,447.98,40.55,40.32,epias.com.tr,false,
2022-10-02 21:00:00,Turkey,Turkey,TR,390.71,446.2,42.48,42.0,epias.com.tr,false,
2022-10-02 22:00:00,Turkey,Turkey,TR,405.29,460.55,41.4,40.93,epias.com.tr,false,
2022-10-02 23:00:00,Turkey,Turkey,TR,421.17,478.19,38.82,38.3,epias.com.tr,false,
2022-10-03 00:00:00,Turkey,Turkey,TR,429.5,487.61,37.49,36.96,epias.com.tr,false,
2022-10-03 01:00:00,Turkey,Turkey,TR,431.9,490.78,36.83,36.29,epias.com.tr,false,
2022-10-03 02:00:00,Turkey,Turkey,TR,430.41,489.97,36.62,36.11,epias.com.tr,false,
2022-10-03 03:00:00,Turkey,Turkey,TR,433.34,493.88,35.76,35.44,epias.com.tr,false,
2022-10-03 04:00:00,Turkey,Turkey,TR,448.03,511.08,32.69,32.53,epias.com.tr,false,
2022-10-03 05:00:00,Turkey,Turkey,TR,455.97,523.51,28.93,28.81,epias.com.tr,false,
2022-10-03 06:00:00,Turkey,Turkey,TR,428.63,498.02,30.22,30.12,epias.com.tr,false,
2022-10-03 07:00:00,Turkey,Turkey,TR,425.44,497.24,28.9,28.76,epias.com.tr,false,
2022-10-03 08:00:00,Turkey,Turkey,TR,418.54,490.44,29.59,29.44,epias.com.tr,false,
2022-10-03 09:00:00,Turkey,Turkey,TR,417.41,489.19,29.82,29.66,epias.com.tr,false,
2022-10-03 10:00:00,Turkey,Turkey,TR,424.91,495.56,29.83,29.53,epias.com.tr,false,
2022-10-03 11:00:00,Turkey,Turkey,TR,432.03,505.22,27.45,27.08,epias.com.tr,false,
2022-10-03 12:00:00,Turkey,Turkey,TR,425.83,499.5,27.66,27.28,epias.com.tr,false,
2022-10-03 13:00:00,Turkey,Turkey,TR,418.31,492.91,27.74,27.42,epias.com.tr,false,
2022-10-03 14:00:00,Turkey,Turkey,TR,399.07,472.98,29.97,29.82,epias.com.tr,false,
2022-10-03 15:00:00,Turkey,Turkey,TR,383.47,455.84,32.39,32.35,epias.com.tr,false,
2022-10-03 16:00:00,Turkey,Turkey,TR,374.86,446.27,33.82,33.79,epias.com.tr,false,
2022-10-03 17:00:00,Turkey,Turkey,TR,370.89,440.73,35.19,35.16,epias.com.tr,false,
2022-10-03 18:00:00,Turkey,Turkey,TR,384.13,456.05,32.42,32.38,epias.com.tr,false,
2022-10-03 19:00:00,Turkey,Turkey,TR,393.06,465.31,31.26,31.16,epias.com.tr,false,
2022-10-03 20:00:00,Turkey,Turkey,TR,396.22,467.18,31.79,31.66,epias.com.tr,false,
2022-10-03 21:00:00,Turkey,Turkey,TR,406.61,475.66,31.99,31.83,epias.com.tr,false,
2022-10-03 22:00:00,Turkey,Turkey,TR,418.27,485.7,31.78,31.61,epias.com.tr,false,
2022-10-03 23:00:00,Turkey,Turkey,TR,421.08,485.68,33.49,33.26,epias.com.tr,false,
2022-10-04 00:00:00,Turkey,Turkey,TR,426.69,490.98,33.3,33.06,epias.com.tr,false,
2022-10-04 01:00:00,Turkey,Turkey,TR,436.77,502.51,31.49,31.33,epias.com.tr,false,
2022-10-04 02:00:00,Turkey,Turkey,TR,439.33,505.25,31.2,31.04,epias.com.tr,false,
2022-10-04 03:00:00,Turkey,Turkey,TR,437.83,504.01,31.12,31.01,epias.com.tr,false,
2022-10-04 04:00:00,Turkey,Turkey,TR,437.5,504.45,30.69,30.63,epias.com.tr,false,
2022-10-04 05:00:00,Turkey,Turkey,TR,433.57,501.3,30.56,30.56,epias.com.tr,false,
2022-10-04 06:00:00,Turkey,Turkey,TR,414.68,483.65,31.48,31.48,epias.com.tr,false,
2022-10-04 07:00:00,Turkey,Turkey,TR,403.74,471.88,33.15,33.15,epias.com.tr,false,
2022-10-04 08:00:00,Turkey,Turkey,TR,402.98,471.47,33.05,33.05,epias.com.tr,false,
2022-10-04 09:00:00,Turkey,Turkey,TR,409.01,479.17,31.42,31.38,epias.com.tr,false,
2022-10-04 10:00:00,Turkey,Turkey,TR,423.59,494.59,29.63,29.54,epias.com.tr,false,
2022-10-04 11:00:00,Turkey,Turkey,TR,424.49,497.08,28.42,28.27,epias.com.tr,false,
2022-10-04 12:00:00,Turkey,Turkey,TR,418.96,492.18,28.44,28.39,epias.com.tr,false,
2022-10-04 13:00:00,Turkey,Turkey,TR,414.76,488.39,28.47,28.47,epias.com.tr,false,
2022-10-04 14:00:00,Turkey,Turkey,TR,408.8,482.52,28.78,28.78,epias.com.tr,false,
2022-10-04 15:00:00,Turkey,Turkey,TR,399.03,471.3,30.59,30.59,epias.com.tr,false,
2022-10-04 16:00:00,Turkey,Turkey,TR,395.23,466.93,31.28,31.28,epias.com.tr,false,
2022-10-04 17:00:00,Turkey,Turkey,TR,392.35,463.57,31.83,31.83,epias.com.tr,false,
2022-10-04 18:00:00,Turkey,Turkey,TR,396.23,468.09,31.08,31.08,epias.com.tr,false,
2022-10-04 19:00:00,Turkey,Turkey,TR,398.76,470.05,31.15,31.1,epias.com.tr,false,
2022-10-04 20:00:00,Turkey,Turkey,TR,402.47,472.62,31.57,31.49,epias.com.tr,false,
2022-10-04 21:00:00,Turkey,Turkey,TR,404.59,472.82,32.78,32.64,epias.com.tr,false,
2022-10-04 22:00:00,Turkey,Turkey,TR,406.96,474.65,32.96,32.61,epias.com.tr,false,
2022-10-04 23:00:00,Turkey,Turkey,TR,416.78,483.72,32.66,32.26,epias.com.tr,false,
2022-10-05 00:00:00,Turkey,Turkey,TR,418.14,483.99,33.39,33.02,epias.com.tr,false,
2022-10-05 01:00:00,Turkey,Turkey,TR,413.06,476.19,35.71,35.3,epias.com.tr,false,
2022-10-05 02:00:00,Turkey,Turkey,TR,418.23,481.47,35.09,34.7,epias.com.tr,false,
2022-10-05 03:00:00,Turkey,Turkey,TR,414.44,477.86,35.35,35.27,epias.com.tr,false,
2022-10-05 04:00:00,Turkey,Turkey,TR,416.21,481.93,33.59,33.59,epias.com.tr,false,
2022-10-05 05:00:00,Turkey,Turkey,TR,418.63,487.21,31.43,31.43,epias.com.tr,false,
2022-10-05 06:00:00,Turkey,Turkey,TR,392.4,459.86,34.5,34.49,epias.com.tr,false,
2022-10-05 07:00:00,Turkey,Turkey,TR,385.26,452.0,35.52,35.52,epias.com.tr,false,
2022-10-05 08:00:00,Turkey,Turkey,TR,379.6,445.68,36.48,36.46,epias.com.tr,false,
2022-10-05 09:00:00,Turkey,Turkey,TR,372.66,437.19,38.14,38.05,epias.com.tr,false,
2022-10-05 10:00:00,Turkey,Turkey,TR,373.57,435.9,39.64,39.56,epias.com.tr,false,
2022-10-05 11:00:00,Turkey,Turkey,TR,373.78,436.67,39.11,39.04,epias.com.tr,false,
2022-10-05 12:00:00,Turkey,Turkey,TR,369.61,433.04,39.04,38.96,epias.com.tr,false,
2022-10-05 13:00:00,Turkey,Turkey,TR,364.66,428.32,39.29,39.29,epias.com.tr,false,
2022-10-05 14:00:00,Turkey,Turkey,TR,366.33,431.28,38.14,38.14,epias.com.tr,false,
2022-10-05 15:00:00,Turkey,Turkey,TR,365.8,431.45,37.61,37.61,epias.com.tr,false,
2022-10-05 16:00:00,Turkey,Turkey,TR,357.71,422.89,38.71,38.71,epias.com.tr,false,
2022-10-05 17:00:00,Turkey,Turkey,TR,357.01,421.48,39.28,39.28,epias.com.tr,false,
2022-10-05 18:00:00,Turkey,Turkey,TR,364.09,428.92,38.34,38.34,epias.com.tr,false,
2022-10-05 19:00:00,Turkey,Turkey,TR,365.95,429.63,38.95,38.91,epias.com.tr,false,
2022-10-05 20:00:00,Turkey,Turkey,TR,368.14,430.2,39.8,39.72,epias.com.tr,false,
2022-10-05 21:00:00,Turkey,Turkey,TR,359.97,418.06,43.29,43.17,epias.com.tr,false,
2022-10-05 22:00:00,Turkey,Turkey,TR,367.25,422.11,44.75,44.49,epias.com.tr,false,
2022-10-05 23:00:00,Turkey,Turkey,TR,380.5,435.41,43.48,43.04,epias.com.tr,false,
2022-10-06 00:00:00,Turkey,Turkey,TR,389.44,444.17,42.85,42.33,epias.com.tr,false,
2022-10-06 01:00:00,Turkey,Turkey,TR,393.32,448.3,42.43,41.93,epias.com.tr,false,
2022-10-06 02:00:00,Turkey,Turkey,TR,394.85,450.02,42.18,41.7,epias.com.tr,false,
2022-10-06 03:00:00,Turkey,Turkey,TR,396.09,451.56,41.82,41.77,epias.com.tr,false,
2022-10-06 04:00:00,Turkey,Turkey,TR,390.34,446.09,42.22,42.22,epias.com.tr,false,
2022-10-06 05:00:00,Turkey,Turkey,TR,396.4,455.02,39.66,39.66,epias.com.tr,false,
2022-10-06 06:00:00,Turkey,Turkey,TR,378.37,438.9,40.11,40.11,epias.com.tr,false,
2022-10-06 07:00:00,Turkey,Turkey,TR,369.71,430.22,40.97,40.97,epias.com.tr,false,
2022-10-06 08:00:00,Turkey,Turkey,TR,368.41,428.89,41.1,41.1,epias.com.tr,false,
2022-10-06 09:00:00,Turkey,Turkey,TR,371.91,432.09,40.91,40.84,epias.com.tr,false,
2022-10-06 10:00:00,Turkey,Turkey,TR,380.18,439.29,40.82,40.69,epias.com.tr,false,
2022-10-06 11:00:00,Turkey,Turkey,TR,377.82,437.88,40.36,40.19,epias.com.tr,false,
2022-10-06 12:00:00,Turkey,Turkey,TR,371.26,431.55,40.72,40.67,epias.com.tr,false,
2022-10-06 13:00:00,Turkey,Turkey,TR,369.95,431.27,40.06,40.01,epias.com.tr,false,
2022-10-06 14:00:00,Turkey,Turkey,TR,368.5,430.55,39.68,39.68,epias.com.tr,false,
2022-10-06 15:00:00,Turkey,Turkey,TR,361.4,422.97,40.61,40.61,epias.com.tr,false,
2022-10-06 16:00:00,Turkey,Turkey,TR,357.07,418.17,41.31,41.31,epias.com.tr,false,
2022-10-06 17:00:00,Turkey,Turkey,TR,355.77,416.19,41.88,41.87,epias.com.tr,false,
2022-10-06 18:00:00,Turkey,Turkey,TR,363.15,424.43,40.62,40.59,epias.com.tr,false,
2022-10-06 19:00:00,Turkey,Turkey,TR,360.44,419.64,42.38,42.35,epias.com.tr,false,
2022-10-06 20:00:00,Turkey,Turkey,TR,359.51,416.11,44.27,44.21,epias.com.tr,false,
2022-10-06 21:00:00,Turkey,Turkey,TR,368.2,424.05,43.94,43.81,epias.com.tr,false,
2022-10-06 22:00:00,Turkey,Turkey,TR,382.87,439.69,41.94,41.8,epias.com.tr,false,
2022-10-06 23:00:00,Turkey,Turkey,TR,383.89,440.05,42.34,42.22,epias.com.tr,false,
2022-10-07 00:00:00,Turkey,Turkey,TR,378.03,433.06,43.7,43.59,epias.com.tr,false,
2022-10-07 01:00:00,Turkey,Turkey,TR,374.94,429.32,44.5,44.38,epias.com.tr,false,
2022-10-07 02:00:00,Turkey,Turkey,TR,368.44,422.98,45.12,45.03,epias.com.tr,false,
2022-10-07 03:00:00,Turkey,Turkey,TR,372.28,427.16,44.48,44.4,epias.com.tr,false,
2022-10-07 04:00:00,Turkey,Turkey,TR,377.64,433.35,43.35,43.35,epias.com.tr,false,
2022-10-07 05:00:00,Turkey,Turkey,TR,378.42,435.03,42.6,42.59,epias.com.tr,false,
2022-10-07 06:00:00,Turkey,Turkey,TR,362.68,420.98,42.86,42.85,epias.com.tr,false,
2022-10-07 07:00:00,Turkey,Turkey,TR,361.1,420.6,42.12,42.1,epias.com.tr,false,
2022-10-07 08:00:00,Turkey,Turkey,TR,360.81,420.17,42.2,41.98,epias.com.tr,false,
2022-10-07 09:00:00,Turkey,Turkey,TR,359.8,418.15,43.02,42.85,epias.com.tr,false,
2022-10-07 10:00:00,Turkey,Turkey,TR,364.73,421.51,43.65,43.33,epias.com.tr,false,
2022-10-07 11:00:00,Turkey,Turkey,TR,365.59,423.5,42.81,42.51,epias.com.tr,false,
2022-10-07 12:00:00,Turkey,Turkey,TR,368.82,429.51,40.59,40.3,epias.com.tr,false,
2022-10-07 13:00:00,Turkey,Turkey,TR,371.11,433.26,39.33,39.01,epias.com.tr,false,
2022-10-07 14:00:00,Turkey,Turkey,TR,362.91,425.19,40.03,39.81,epias.com.tr,false,
2022-10-07 15:00:00,Turkey,Turkey,TR,353.07,414.84,41.36,41.34,epias.com.tr,false,
2022-10-07 16:00:00,Turkey,Turkey,TR,352.45,414.07,41.53,41.53,epias.com.tr,false,
2022-10-07 17:00:00,Turkey,Turkey,TR,356.24,417.6,41.38,41.38,epias.com.tr,false,
2022-10-07 18:00:00,Turkey,Turkey,TR,356.74,418.2,41.31,41.29,epias.com.tr,false,
2022-10-07 19:00:00,Turkey,Turkey,TR,363.21,424.99,40.42,40.33,epias.com.tr,false,
2022-10-07 20:00:00,Turkey,Turkey,TR,370.12,431.67,39.98,39.87,epias.com.tr,false,
2022-10-07 21:00:00,Turkey,Turkey,TR,374.24,434.91,40.38,39.99,epias.com.tr,false,
2022-10-07 22:00:00,Turkey,Turkey,TR,379.11,437.86,41.29,40.72,epias.com.tr,false,
2022-10-07 23:00:00,Turkey,Turkey,TR,376.81,434.01,42.69,42.34,epias.com.tr,false,
2022-10-08 00:00:00,Turkey,Turkey,TR,376.55,432.28,43.78,43.34,epias.com.tr,false,
2022-10-08 01:00:00,Turkey,Turkey,TR,380.47,436.55,43.25,42.78,epias.com.tr,false,
2022-10-08 02:00:00,Turkey,Turkey,TR,381.83,438.56,42.81,42.35,epias.com.tr,false,
2022-10-08 03:00:00,Turkey,Turkey,TR,388.9,445.99,41.98,41.73,epias.com.tr,false,
2022-10-08 04:00:00,Turkey,Turkey,TR,397.4,456.16,40.08,39.87,epias.com.tr,false,
2022-10-08 05:00:00,Turkey,Turkey,TR,411.87,474.38,36.24,36.0,epias.com.tr,false,
2022-10-08 06:00:00,Turkey,Turkey,TR,401.25,466.65,35.31,35.17,epias.com.tr,false,
2022-10-08 07:00:00,Turkey,Turkey,TR,391.73,458.08,35.44,35.26,epias.com.tr,false,
2022-10-08 08:00:00,Turkey,Turkey,TR,388.38,454.99,35.52,35.24,epias.com.tr,false,
2022-10-08 09:00:00,Turkey,Turkey,TR,382.76,447.42,37.33,37.06,epias.com.tr,false,
2022-10-08 10:00:00,Turkey,Turkey,TR,381.16,443.53,39.04,38.62,epias.com.tr,false,
2022-10-08 11:00:00,Turkey,Turkey,TR,391.88,456.87,36.23,35.78,epias.com.tr,false,
2022-10-08 12:00:00,Turkey,Turkey,TR,387.65,452.35,36.83,36.38,epias.com.tr,false,
2022-10-08 13:00:00,Turkey,Turkey,TR,393.46,460.01,34.94,34.49,epias.com.tr,false,
2022-10-08 14:00:00,Turkey,Turkey,TR,393.03,461.4,34.01,33.78,epias.com.tr,false,
2022-10-08 15:00:00,Turkey,Turkey,TR,391.49,461.7,32.98,32.8,epias.com.tr,false,
2022-10-08 16:00:00,Turkey,Turkey,TR,385.52,455.46,33.82,33.72,epias.com.tr,false,
2022-10-08 17:00:00,Turkey,Turkey,TR,377.82,446.1,35.7,35.61,epias.com.tr,false,
2022-10-08 18:00:00,Turkey,Turkey,TR,390.82,460.91,33.32,33.21,epias.com.tr,false,
2022-10-08 19:00:00,Turkey,Turkey,TR,401.24,471.91,32.02,31.78,epias.com.tr,false,
2022-10-08 20:00:00,Turkey,Turkey,TR,409.72,480.73,31.13,30.91,epias.com.tr,false,
2022-10-08 21:00:00,Turkey,Turkey,TR,423.03,493.86,29.99,29.5,epias.com.tr,false,
2022-10-08 22:00:00,Turkey,Turkey,TR,425.42,494.76,30.96,30.39,epias.com.tr,false,
2022-10-08 23:00:00,Turkey,Turkey,TR,436.78,507.2,29.4,29.08,epias.com.tr,false,
2022-10-09 00:00:00,Turkey,Turkey,TR,446.3,517.38,28.19,27.8,epias.com.tr,false,
2022-10-09 01:00:00,Turkey,Turkey,TR,448.81,518.78,28.8,28.24,epias.com.tr,false,
2022-10-09 02:00:00,Turkey,Turkey,TR,445.03,512.66,30.83,30.3,epias.com.tr,false,
2022-10-09 03:00:00,Turkey,Turkey,TR,440.73,507.71,31.68,31.14,epias.com.tr,false,
2022-10-09 04:00:00,Turkey,Turkey,TR,445.83,513.62,30.76,30.4,epias.com.tr,false,
2022-10-09 05:00:00,Turkey,Turkey,TR,452.57,519.65,30.65,30.36,epias.com.tr,false,
2022-10-09 06:00:00,Turkey,Turkey,TR,453.59,522.0,29.75,29.46,epias.com.tr,false,
2022-10-09 07:00:00,Turkey,Turkey,TR,445.86,513.67,30.82,30.49,epias.com.tr,false,
2022-10-09 08:00:00,Turkey,Turkey,TR,438.3,505.24,32.15,31.71,epias.com.tr,false,
2022-10-09 09:00:00,Turkey,Turkey,TR,422.64,486.42,35.68,35.28,epias.com.tr,false,
2022-10-09 10:00:00,Turkey,Turkey,TR,425.7,489.34,35.45,34.96,epias.com.tr,false,
2022-10-09 11:00:00,Turkey,Turkey,TR,432.0,498.48,32.86,32.21,epias.com.tr,false,
2022-10-09 12:00:00,Turkey,Turkey,TR,436.9,504.53,31.61,30.92,epias.com.tr,false,
2022-10-09 13:00:00,Turkey,Turkey,TR,431.66,498.28,32.67,32.0,epias.com.tr,false,
2022-10-09 14:00:00,Turkey,Turkey,TR,429.31,497.16,31.98,31.45,epias.com.tr,false,
2022-10-09 15:00:00,Turkey,Turkey,TR,427.37,498.44,29.85,29.6,epias.com.tr,false,
2022-10-09 16:00:00,Turkey,Turkey,TR,407.37,477.99,31.82,31.74,epias.com.tr,false,
2022-10-09 17:00:00,Turkey,Turkey,TR,399.48,468.09,33.77,33.59,epias.com.tr,false,
2022-10-09 18:00:00,Turkey,Turkey,TR,400.86,469.2,33.76,33.45,epias.com.tr,false,
2022-10-09 19:00:00,Turkey,Turkey,TR,398.64,465.12,35.24,34.87,epias.com.tr,false,
2022-10-09 20:00:00,Turkey,Turkey,TR,399.15,465.08,35.67,35.29,epias.com.tr,false,
2022-10-09 21:00:00,Turkey,Turkey,TR,406.6,472.06,35.37,34.7,epias.com.tr,false,
2022-10-09 22:00:00,Turkey,Turkey,TR,422.56,486.12,35.07,34.47,epias.com.tr,false,
2022-10-09 23:00:00,Turkey,Turkey,TR,430.57,494.38,34.26,33.63,epias.com.tr,false,
2022-10-10 00:00:00,Turkey,Turkey,TR,435.47,497.61,34.96,34.34,epias.com.tr,false,
2022-10-10 01:00:00,Turkey,Turkey,TR,454.5,516.84,32.9,32.27,epias.com.tr,false,
2022-10-10 02:00:00,Turkey,Turkey,TR,451.68,513.59,33.54,32.95,epias.com.tr,false,
2022-10-10 03:00:00,Turkey,Turkey,TR,450.17,512.28,33.53,33.08,epias.com.tr,false,
2022-10-10 04:00:00,Turkey,Turkey,TR,449.25,513.97,31.67,31.49,epias.com.tr,false,
2022-10-10 05:00:00,Turkey,Turkey,TR,454.41,523.01,28.35,28.16,epias.com.tr,false,
2022-10-10 06:00:00,Turkey,Turkey,TR,442.55,513.95,27.37,27.16,epias.com.tr,false,
2022-10-10 07:00:00,Turkey,Turkey,TR,433.96,504.41,28.79,28.54,epias.com.tr,false,
2022-10-10 08:00:00,Turkey,Turkey,TR,434.66,505.42,28.46,28.1,epias.com.tr,false,
2022-10-10 09:00:00,Turkey,Turkey,TR,434.48,505.17,28.59,28.41,epias.com.tr,false,
2022-10-10 10:00:00,Turkey,Turkey,TR,435.87,505.22,29.44,29.19,epias.com.tr,false,
2022-10-10 11:00:00,Turkey,Turkey,TR,427.8,498.1,29.53,29.2,epias.com.tr,false,
2022-10-10 12:00:00,Turkey,Turkey,TR,428.68,499.35,29.09,28.9,epias.com.tr,false,
2022-10-10 13:00:00,Turkey,Turkey,TR,425.99,496.81,29.15,28.97,epias.com.tr,false,
2022-10-10 14:00:00,Turkey,Turkey,TR,411.94,483.66,29.82,29.7,epias.com.tr,false,
2022-10-10 15:00:00,Turkey,Turkey,TR,406.13,476.75,31.0,30.87,epias.com.tr,false,
2022-10-10 16:00:00,Turkey,Turkey,TR,397.17,466.53,32.66,32.65,epias.com.tr,false,
2022-10-10 17:00:00,Turkey,Turkey,TR,394.34,463.42,33.08,33.08,epias.com.tr,false,
2022-10-10 18:00:00,Turkey,Turkey,TR,397.56,466.73,32.78,32.74,epias.com.tr,false,
2022-10-10 19:00:00,Turkey,Turkey,TR,403.28,472.46,32.25,32.08,epias.com.tr,false,
2022-10-10 20:00:00,Turkey,Turkey,TR,409.34,478.43,31.89,31.7,epias.com.tr,false,
2022-10-10 21:00:00,Turkey,Turkey,TR,420.9,489.31,31.36,31.01,epias.com.tr,false,
2022-10-10 22:00:00,Turkey,Turkey,TR,435.51,504.13,29.92,29.54,epias.com.tr,false,
2022-10-10 23:00:00,Turkey,Turkey,TR,438.64,506.07,30.56,30.04,epias.com.tr,false,
2022-10-11 00:00:00,Turkey,Turkey,TR,448.81,515.76,30.12,29.55,epias.com.tr,false,
2022-10-11 01:00:00,Turkey,Turkey,TR,458.92,526.29,29.01,28.43,epias.com.tr,false,
2022-10-11 02:00:00,Turkey,Turkey,TR,460.22,527.96,28.72,28.25,epias.com.tr,false,
2022-10-11 03:00:00,Turkey,Turkey,TR,458.6,527.57,28.15,27.93,epias.com.tr,false,
2022-10-11 04:00:00,Turkey,Turkey,TR,456.34,527.38,26.99,26.85,epias.com.tr,false,
2022-10-11 05:00:00,Turkey,Turkey,TR,443.7,514.46,28.33,28.27,epias.com.tr,false,
2022-10-11 06:00:00,Turkey,Turkey,TR,440.08,515.22,25.54,25.42,epias.com.tr,false,
2022-10-11 07:00:00,Turkey,Turkey,TR,431.61,506.54,26.57,26.41,epias.com.tr,false,
2022-10-11 08:00:00,Turkey,Turkey,TR,423.14,495.77,28.96,28.8,epias.com.tr,false,
2022-10-11 09:00:00,Turkey,Turkey,TR,428.67,502.41,27.64,27.45,epias.com.tr,false,
2022-10-11 10:00:00,Turkey,Turkey,TR,440.11,512.31,27.75,27.53,epias.com.tr,false,
2022-10-11 11:00:00,Turkey,Turkey,TR,438.44,511.55,27.19,26.99,epias.com.tr,false,
2022-10-11 12:00:00,Turkey,Turkey,TR,428.86,502.29,27.63,27.41,epias.com.tr,false,
2022-10-11 13:00:00,Turkey,Turkey,TR,423.55,497.32,27.85,27.68,epias.com.tr,false,
2022-10-11 14:00:00,Turkey,Turkey,TR,416.51,491.44,27.63,27.51,epias.com.tr,false,
2022-10-11 15:00:00,Turkey,Turkey,TR,408.84,483.17,28.64,28.54,epias.com.tr,false,
2022-10-11 16:00:00,Turkey,Turkey,TR,404.93,478.81,29.26,29.21,epias.com.tr,false,
2022-10-11 17:00:00,Turkey,Turkey,TR,404.43,477.76,29.66,29.6,epias.com.tr,false,
2022-10-11 18:00:00,Turkey,Turkey,TR,410.39,484.79,28.5,28.45,epias.com.tr,false,
2022-10-11 19:00:00,Turkey,Turkey,TR,419.27,494.21,27.31,27.15,epias.com.tr,false,
2022-10-11 20:00:00,Turkey,Turkey,TR,428.1,503.59,26.26,26.09,epias.com.tr,false,
2022-10-11 21:00:00,Turkey,Turkey,TR,423.82,494.27,30.17,29.96,epias.com.tr,false,
2022-10-11 22:00:00,Turkey,Turkey,TR,451.47,524.03,26.19,25.95,epias.com.tr,false,
2022-10-11 23:00:00,Turkey,Turkey,TR,462.54,534.8,25.3,25.05,epias.com.tr,false,
2022-10-12 00:00:00,Turkey,Turkey,TR,467.62,539.37,25.17,24.96,epias.com.tr,false,
2022-10-12 01:00:00,Turkey,Turkey,TR,469.82,540.6,25.62,25.4,epias.com.tr,false,
2022-10-12 02:00:00,Turkey,Turkey,TR,467.21,538.06,25.82,25.62,epias.com.tr,false,
2022-10-12 03:00:00,Turkey,Turkey,TR,462.06,532.57,26.48,26.33,epias.com.tr,false,
2022-10-12 04:00:00,Turkey,Turkey,TR,459.52,530.97,26.02,25.88,epias.com.tr,false,
2022-10-12 05:00:00,Turkey,Turkey,TR,454.59,526.45,26.16,26.07,epias.com.tr,false,
2022-10-12 06:00:00,Turkey,Turkey,TR,426.65,497.77,29.09,28.97,epias.com.tr,false,
2022-10-12 07:00:00,Turkey,Turkey,TR,417.7,487.88,30.48,30.33,epias.com.tr,false,
2022-10-12 08:00:00,Turkey,Turkey,TR,421.48,492.64,29.42,29.3,epias.com.tr,false,
2022-10-12 09:00:00,Turkey,Turkey,TR,418.32,488.69,30.25,30.08,epias.com.tr,false,
2022-10-12 10:00:00,Turkey,Turkey,TR,424.66,493.74,30.55,30.37,epias.com.tr,false,
2022-10-12 11:00:00,Turkey,Turkey,TR,419.98,488.29,31.48,31.3,epias.com.tr,false,
2022-10-12 12:00:00,Turkey,Turkey,TR,414.27,483.18,31.48,31.3,epias.com.tr,false,
2022-10-12 13:00:00,Turkey,Turkey,TR,412.84,482.3,31.16,30.89,epias.com.tr,false,
2022-10-12 14:00:00,Turkey,Turkey,TR,405.45,475.01,31.75,31.61,epias.com.tr,false,
2022-10-12 15:00:00,Turkey,Turkey,TR,397.47,466.35,32.84,32.73,epias.com.tr,false,
2022-10-12 16:00:00,Turkey,Turkey,TR,387.23,454.48,34.97,34.92,epias.com.tr,false,
2022-10-12 17:00:00,Turkey,Turkey,TR,387.85,455.19,34.74,34.66,epias.com.tr,false,
2022-10-12 18:00:00,Turkey,Turkey,TR,393.66,460.23,34.65,34.55,epias.com.tr,false,
2022-10-12 19:00:00,Turkey,Turkey,TR,396.89,462.79,34.81,34.66,epias.com.tr,false,
2022-10-12 20:00:00,Turkey,Turkey,TR,405.9,471.94,33.97,33.82,epias.com.tr,false,
2022-10-12 21:00:00,Turkey,Turkey,TR,421.36,487.74,32.34,32.12,epias.com.tr,false,
2022-10-12 22:00:00,Turkey,Turkey,TR,428.82,493.8,32.63,32.39,epias.com.tr,false,
2022-10-12 23:00:00,Turkey,Turkey,TR,436.72,501.11,32.38,32.14,epias.com.tr,false,
2022-10-13 00:00:00,Turkey,Turkey,TR,443.86,508.12,31.88,31.61,epias.com.tr,false,
2022-10-13 01:00:00,Turkey,Turkey,TR,446.46,510.08,32.14,31.87,epias.com.tr,false,
2022-10-13 02:00:00,Turkey,Turkey,TR,444.07,507.53,32.62,32.39,epias.com.tr,false,
2022-10-13 03:00:00,Turkey,Turkey,TR,442.78,506.78,32.3,32.13,epias.com.tr,false,
2022-10-13 04:00:00,Turkey,Turkey,TR,438.0,502.18,32.46,32.33,epias.com.tr,false,
2022-10-13 05:00:00,Turkey,Turkey,TR,439.58,505.36,31.18,31.12,epias.com.tr,false,
2022-10-13 06:00:00,Turkey,Turkey,TR,416.18,482.16,33.21,33.07,epias.com.tr,false,
2022-10-13 07:00:00,Turkey,Turkey,TR,413.42,479.92,33.18,33.0,epias.com.tr,false,
2022-10-13 08:00:00,Turkey,Turkey,TR,416.59,483.65,32.64,32.5,epias.com.tr,false,
2022-10-13 09:00:00,Turkey,Turkey,TR,415.54,482.12,33.1,33.0,epias.com.tr,false,
2022-10-13 10:00:00,Turkey,Turkey,TR,425.21,490.3,33.21,33.1,epias.com.tr,false,
2022-10-13 11:00:00,Turkey,Turkey,TR,421.11,486.45,33.32,33.2,epias.com.tr,false,
2022-10-13 12:00:00,Turkey,Turkey,TR,410.04,475.86,33.93,33.88,epias.com.tr,false,
2022-10-13 13:00:00,Turkey,Turkey,TR,406.02,472.23,33.96,33.87,epias.com.tr,false,
2022-10-13 14:00:00,Turkey,Turkey,TR,402.27,469.6,33.44,33.31,epias.com.tr,false,
2022-10-13 15:00:00,Turkey,Turkey,TR,398.06,465.89,33.45,33.33,epias.com.tr,false,
2022-10-13 16:00:00,Turkey,Turkey,TR,390.4,457.4,34.74,34.64,epias.com.tr,false,
2022-10-13 17:00:00,Turkey,Turkey,TR,389.33,455.46,35.37,35.23,epias.com.tr,false,
2022-10-13 18:00:00,Turkey,Turkey,TR,396.08,462.59,34.53,34.36,epias.com.tr,false,
2022-10-13 19:00:00,Turkey,Turkey,TR,400.7,467.01,34.31,34.11,epias.com.tr,false,
2022-10-13 20:00:00,Turkey,Turkey,TR,405.98,472.0,34.05,33.84,epias.com.tr,false,
2022-10-13 21:00:00,Turkey,Turkey,TR,418.8,485.2,32.78,32.56,epias.com.tr,false,
2022-10-13 22:00:00,Turkey,Turkey,TR,429.19,495.87,31.66,31.41,epias.com.tr,false,
2022-10-13 23:00:00,Turkey,Turkey,TR,438.03,505.72,30.29,30.0,epias.com.tr,false,
2022-10-14 00:00:00,Turkey,Turkey,TR,442.6,511.04,29.56,29.28,epias.com.tr,false,
2022-10-14 01:00:00,Turkey,Turkey,TR,448.31,516.4,29.41,29.15,epias.com.tr,false,
2022-10-14 02:00:00,Turkey,Turkey,TR,452.91,521.29,28.79,28.55,epias.com.tr,false,
2022-10-14 03:00:00,Turkey,Turkey,TR,447.73,516.12,29.21,29.03,epias.com.tr,false,
2022-10-14 04:00:00,Turkey,Turkey,TR,445.12,514.03,29.02,28.9,epias.com.tr,false,
2022-10-14 05:00:00,Turkey,Turkey,TR,439.52,509.37,28.87,28.72,epias.com.tr,false,
2022-10-14 06:00:00,Turkey,Turkey,TR,412.49,481.15,32.15,32.02,epias.com.tr,false,
2022-10-14 07:00:00,Turkey,Turkey,TR,408.27,476.99,32.5,32.27,epias.com.tr,false,
2022-10-14 08:00:00,Turkey,Turkey,TR,406.88,476.12,32.27,32.04,epias.com.tr,false,
2022-10-14 09:00:00,Turkey,Turkey,TR,401.45,469.09,33.86,33.6,epias.com.tr,false,
2022-10-14 10:00:00,Turkey,Turkey,TR,411.45,477.15,34.31,34.04,epias.com.tr,false,
2022-10-14 11:00:00,Turkey,Turkey,TR,413.09,479.91,33.33,33.09,epias.com.tr,false,
2022-10-14 12:00:00,Turkey,Turkey,TR,405.42,473.47,33.07,32.87,epias.com.tr,false,
2022-10-14 13:00:00,Turkey,Turkey,TR,403.87,472.34,32.89,32.67,epias.com.tr,false,
2022-10-14 14:00:00,Turkey,Turkey,TR,398.65,467.05,33.36,33.2,epias.com.tr,false,
2022-10-14 15:00:00,Turkey,Turkey,TR,395.3,463.13,34.03,33.88,epias.com.tr,false,
2022-10-14 16:00:00,Turkey,Turkey,TR,390.41,457.13,35.2,35.09,epias.com.tr,false,
2022-10-14 17:00:00,Turkey,Turkey,TR,394.07,460.84,34.8,34.61,epias.com.tr,false,
2022-10-14 18:00:00,Turkey,Turkey,TR,407.73,476.48,32.23,32.06,epias.com.tr,false,
2022-10-14 19:00:00,Turkey,Turkey,TR,415.72,484.17,31.66,31.45,epias.com.tr,false,
2022-10-14 20:00:00,Turkey,Turkey,TR,420.18,487.85,31.8,31.54,epias.com.tr,false,
2022-10-14 21:00:00,Turkey,Turkey,TR,426.2,492.51,32.18,31.77,epias.com.tr,false,
2022-10-14 22:00:00,Turkey,Turkey,TR,435.8,500.13,32.61,32.12,epias.com.tr,false,
2022-10-14 23:00:00,Turkey,Turkey,TR,437.48,499.92,33.83,33.32,epias.com.tr,false,
2022-10-15 00:00:00,Turkey,Turkey,TR,446.29,508.55,33.21,32.64,epias.com.tr,false,
2022-10-15 01:00:00,Turkey,Turkey,TR,454.2,516.74,32.3,31.75,epias.com.tr,false,
2022-10-15 02:00:00,Turkey,Turkey,TR,450.68,513.09,32.74,32.08,epias.com.tr,false,
2022-10-15 03:00:00,Turkey,Turkey,TR,448.06,510.44,32.92,32.2,epias.com.tr,false,
2022-10-15 04:00:00,Turkey,Turkey,TR,451.26,513.48,32.77,32.16,epias.com.tr,false,
2022-10-15 05:00:00,Turkey,Turkey,TR,450.79,513.75,32.31,31.85,epias.com.tr,false,
2022-10-15 06:00:00,Turkey,Turkey,TR,432.95,497.6,32.74,32.36,epias.com.tr,false,
2022-10-15 07:00:00,Turkey,Turkey,TR,425.49,490.21,33.25,32.95,epias.com.tr,false,
2022-10-15 08:00:00,Turkey,Turkey,TR,419.62,483.41,34.29,33.89,epias.com.tr,false,
2022-10-15 09:00:00,Turkey,Turkey,TR,417.67,481.05,34.79,34.51,epias.com.tr,false,
2022-10-15 10:00:00,Turkey,Turkey,TR,417.76,479.64,35.82,35.42,epias.com.tr,false,
2022-10-15 11:00:00,Turkey,Turkey,TR,411.08,471.9,36.93,36.55,epias.com.tr,false,
2022-10-15 12:00:00,Turkey,Turkey,TR,412.91,474.18,36.42,36.02,epias.com.tr,false,
2022-10-15 13:00:00,Turkey,Turkey,TR,410.7,471.71,36.78,36.42,epias.com.tr,false,
2022-10-15 14:00:00,Turkey,Turkey,TR,401.83,461.42,38.5,38.08,epias.com.tr,false,
2022-10-15 15:00:00,Turkey,Turkey,TR,393.14,452.89,39.17,38.93,epias.com.tr,false,
2022-10-15 16:00:00,Turkey,Turkey,TR,385.08,444.68,40.02,39.96,epias.com.tr,false,
2022-10-15 17:00:00,Turkey,Turkey,TR,385.92,445.51,39.82,39.76,epias.com.tr,false,
2022-10-15 18:00:00,Turkey,Turkey,TR,388.5,447.37,40.13,40.02,epias.com.tr,false,
2022-10-15 19:00:00,Turkey,Turkey,TR,389.48,448.1,40.27,40.19,epias.com.tr,false,
2022-10-15 20:00:00,Turkey,Turkey,TR,386.15,443.35,41.59,41.49,epias.com.tr,false,
2022-10-15 21:00:00,Turkey,Turkey,TR,394.94,449.5,42.43,41.96,epias.com.tr,false,
2022-10-15 22:00:00,Turkey,Turkey,TR,383.93,435.3,45.77,45.53,epias.com.tr,false,
2022-10-15 23:00:00,Turkey,Turkey,TR,387.08,438.21,45.67,45.36,epias.com.tr,false,
2022-10-16 00:00:00,Turkey,Turkey,TR,388.51,439.43,45.76,45.44,epias.com.tr,false,
2022-10-16 01:00:00,Turkey,Turkey,TR,380.26,430.66,46.91,46.52,epias.com.tr,false,
2022-10-16 02:00:00,Turkey,Turkey,TR,377.64,428.13,47.23,46.78,epias.com.tr,false,
2022-10-16 03:00:00,Turkey,Turkey,TR,368.39,418.65,48.34,48.05,epias.com.tr,false,
2022-10-16 04:00:00,Turkey,Turkey,TR,364.83,414.6,48.8,48.53,epias.com.tr,false,
2022-10-16 05:00:00,Turkey,Turkey,TR,373.09,422.93,47.92,47.54,epias.com.tr,false,
2022-10-16 06:00:00,Turkey,Turkey,TR,365.35,414.64,49.0,48.59,epias.com.tr,false,
2022-10-16 07:00:00,Turkey,Turkey,TR,349.79,398.1,51.08,50.67,epias.com.tr,false,
2022-10-16 08:00:00,Turkey,Turkey,TR,338.18,386.03,52.53,52.14,epias.com.tr,false,
2022-10-16 09:00:00,Turkey,Turkey,TR,334.97,382.53,52.99,52.58,epias.com.tr,false,
2022-10-16 10:00:00,Turkey,Turkey,TR,338.35,385.93,52.54,52.1,epias.com.tr,false,
2022-10-16 11:00:00,Turkey,Turkey,TR,331.77,379.42,53.24,52.82,epias.com.tr,false,
2022-10-16 12:00:00,Turkey,Turkey,TR,339.21,387.37,52.16,51.72,epias.com.tr,false,
2022-10-16 13:00:00,Turkey,Turkey,TR,355.56,404.3,49.98,49.54,epias.com.tr,false,
2022-10-16 14:00:00,Turkey,Turkey,TR,365.81,415.51,48.34,48.07,epias.com.tr,false,
2022-10-16 15:00:00,Turkey,Turkey,TR,372.94,423.43,47.02,46.78,epias.com.tr,false,
2022-10-16 16:00:00,Turkey,Turkey,TR,360.78,410.74,48.54,48.48,epias.com.tr,false,
2022-10-16 17:00:00,Turkey,Turkey,TR,355.44,405.01,49.3,49.23,epias.com.tr,false,
2022-10-16 18:00:00,Turkey,Turkey,TR,359.08,408.44,49.02,48.92,epias.com.tr,false,
2022-10-16 19:00:00,Turkey,Turkey,TR,359.43,408.87,48.9,48.73,epias.com.tr,false,
2022-10-16 20:00:00,Turkey,Turkey,TR,354.42,402.74,50.19,49.99,epias.com.tr,false,
2022-10-16 21:00:00,Turkey,Turkey,TR,346.98,395.01,51.18,50.84,epias.com.tr,false,
2022-10-16 22:00:00,Turkey,Turkey,TR,327.81,375.5,53.41,53.15,epias.com.tr,false,
2022-10-16 23:00:00,Turkey,Turkey,TR,328.3,376.41,53.19,52.95,epias.com.tr,false,
2022-10-17 00:00:00,Turkey,Turkey,TR,333.6,382.45,52.38,52.12,epias.com.tr,false,
2022-10-17 01:00:00,Turkey,Turkey,TR,338.47,387.63,51.7,51.4,epias.com.tr,false,
2022-10-17 02:00:00,Turkey,Turkey,TR,327.51,376.18,53.13,52.82,epias.com.tr,false,
2022-10-17 03:00:00,Turkey,Turkey,TR,322.31,370.66,53.81,53.51,epias.com.tr,false,
2022-10-17 04:00:00,Turkey,Turkey,TR,320.98,369.51,53.8,53.65,epias.com.tr,false,
2022-10-17 05:00:00,Turkey,Turkey,TR,334.93,384.68,51.4,51.28,epias.com.tr,false,
2022-10-17 06:00:00,Turkey,Turkey,TR,354.94,407.17,47.45,47.33,epias.com.tr,false,
2022-10-17 07:00:00,Turkey,Turkey,TR,361.14,415.21,45.5,45.38,epias.com.tr,false,
2022-10-17 08:00:00,Turkey,Turkey,TR,372.43,428.7,42.88,42.69,epias.com.tr,false,
2022-10-17 09:00:00,Turkey,Turkey,TR,374.2,431.19,42.26,42.16,epias.com.tr,false,
2022-10-17 10:00:00,Turkey,Turkey,TR,375.84,431.61,42.96,42.87,epias.com.tr,false,
2022-10-17 11:00:00,Turkey,Turkey,TR,370.7,425.88,43.9,43.7,epias.com.tr,false,
2022-10-17 12:00:00,Turkey,Turkey,TR,373.72,430.82,42.22,42.03,epias.com.tr,false,
2022-10-17 13:00:00,Turkey,Turkey,TR,375.63,432.95,41.85,41.65,epias.com.tr,false,
2022-10-17 14:00:00,Turkey,Turkey,TR,373.82,432.33,41.22,41.08,epias.com.tr,false,
2022-10-17 15:00:00,Turkey,Turkey,TR,366.39,424.57,42.23,42.16,epias.com.tr,false,
2022-10-17 16:00:00,Turkey,Turkey,TR,360.63,418.25,43.19,43.12,epias.com.tr,false,
2022-10-17 17:00:00,Turkey,Turkey,TR,360.24,417.54,43.44,43.36,epias.com.tr,false,
2022-10-17 18:00:00,Turkey,Turkey,TR,359.93,416.13,44.21,44.11,epias.com.tr,false,
2022-10-17 19:00:00,Turkey,Turkey,TR,360.34,414.74,45.44,45.29,epias.com.tr,false,
2022-10-17 20:00:00,Turkey,Turkey,TR,368.71,422.3,45.19,45.04,epias.com.tr,false,
2022-10-17 21:00:00,Turkey,Turkey,TR,378.42,431.27,44.71,44.5,epias.com.tr,false,
2022-10-17 22:00:00,Turkey,Turkey,TR,374.73,425.54,46.49,46.27,epias.com.tr,false,
2022-10-17 23:00:00,Turkey,Turkey,TR,366.49,416.09,48.25,48.07,epias.com.tr,false,
2022-10-18 00:00:00,Turkey,Turkey,TR,359.1,408.1,49.48,49.28,epias.com.tr,false,
2022-10-18 01:00:00,Turkey,Turkey,TR,350.55,399.29,50.57,50.38,epias.com.tr,false,
2022-10-18 02:00:00,Turkey,Turkey,TR,351.81,400.7,50.37,50.21,epias.com.tr,false,
2022-10-18 03:00:00,Turkey,Turkey,TR,364.97,414.3,48.69,48.51,epias.com.tr,false,
2022-10-18 04:00:00,Turkey,Turkey,TR,370.41,419.99,47.9,47.76,epias.com.tr,false,
2022-10-18 05:00:00,Turkey,Turkey,TR,386.29,438.24,44.83,44.68,epias.com.tr,false,
2022-10-18 06:00:00,Turkey,Turkey,TR,381.01,436.11,43.07,42.94,epias.com.tr,false,
2022-10-18 07:00:00,Turkey,Turkey,TR,379.83,435.41,42.83,42.72,epias.com.tr,false,
2022-10-18 08:00:00,Turkey,Turkey,TR,387.02,443.89,41.38,41.21,epias.com.tr,false,
2022-10-18 09:00:00,Turkey,Turkey,TR,388.29,445.45,41.13,40.99,epias.com.tr,false,
2022-10-18 10:00:00,Turkey,Turkey,TR,393.11,449.15,41.48,41.33,epias.com.tr,false,
2022-10-18 11:00:00,Turkey,Turkey,TR,397.81,454.19,40.68,40.29,epias.com.tr,false,
2022-10-18 12:00:00,Turkey,Turkey,TR,391.18,447.3,41.42,41.01,epias.com.tr,false,
2022-10-18 13:00:00,Turkey,Turkey,TR,394.18,451.85,40.1,39.74,epias.com.tr,false,
2022-10-18 14:00:00,Turkey,Turkey,TR,393.71,453.36,38.95,38.77,epias.com.tr,false,
2022-10-18 15:00:00,Turkey,Turkey,TR,385.31,445.21,39.51,39.4,epias.com.tr,false,
2022-10-18 16:00:00,Turkey,Turkey,TR,376.8,435.98,40.78,40.7,epias.com.tr,false,
2022-10-18 17:00:00,Turkey,Turkey,TR,383.43,442.89,39.9,39.82,epias.com.tr,false,
2022-10-18 18:00:00,Turkey,Turkey,TR,391.98,452.43,38.63,38.5,epias.com.tr,false,
2022-10-18 19:00:00,Turkey,Turkey,TR,407.98,470.16,36.11,35.95,epias.com.tr,false,
2022-10-18 20:00:00,Turkey,Turkey,TR,418.72,481.17,34.99,34.82,epias.com.tr,false,
2022-10-18 21:00:00,Turkey,Turkey,TR,434.36,496.47,33.83,33.57,epias.com.tr,false,
2022-10-18 22:00:00,Turkey,Turkey,TR,442.91,503.64,34.16,33.63,epias.com.tr,false,
2022-10-18 23:00:00,Turkey,Turkey,TR,453.82,514.49,33.4,32.88,epias.com.tr,false,
2022-10-19 00:00:00,Turkey,Turkey,TR,463.29,524.86,32.11,31.6,epias.com.tr,false,
2022-10-19 01:00:00,Turkey,Turkey,TR,467.95,529.84,31.62,31.05,epias.com.tr,false,
2022-10-19 02:00:00,Turkey,Turkey,TR,472.2,534.67,30.99,30.41,epias.com.tr,false,
2022-10-19 03:00:00,Turkey,Turkey,TR,480.08,544.93,28.72,28.21,epias.com.tr,false,
2022-10-19 04:00:00,Turkey,Turkey,TR,484.83,553.92,25.5,25.2,epias.com.tr,false,
2022-10-19 05:00:00,Turkey,Turkey,TR,485.11,557.12,23.45,23.15,epias.com.tr,false,
2022-10-19 06:00:00,Turkey,Turkey,TR,456.5,529.31,25.53,25.31,epias.com.tr,false,
2022-10-19 07:00:00,Turkey,Turkey,TR,444.3,516.13,27.21,26.93,epias.com.tr,false,
2022-10-19 08:00:00,Turkey,Turkey,TR,450.47,522.05,26.85,26.42,epias.com.tr,false,
2022-10-19 09:00:00,Turkey,Turkey,TR,454.83,526.85,26.19,25.9,epias.com.tr,false,
2022-10-19 10:00:00,Turkey,Turkey,TR,467.75,539.95,24.79,24.29,epias.com.tr,false,
2022-10-19 11:00:00,Turkey,Turkey,TR,468.3,540.92,24.5,23.99,epias.com.tr,false,
2022-10-19 12:00:00,Turkey,Turkey,TR,460.02,533.32,24.81,24.29,epias.com.tr,false,
2022-10-19 13:00:00,Turkey,Turkey,TR,456.76,530.87,24.57,24.06,epias.com.tr,false,
2022-10-19 14:00:00,Turkey,Turkey,TR,445.88,520.14,25.5,25.14,epias.com.tr,false,
2022-10-19 15:00:00,Turkey,Turkey,TR,425.23,497.0,29.07,28.83,epias.com.tr,false,
2022-10-19 16:00:00,Turkey,Turkey,TR,415.26,485.62,30.92,30.71,epias.com.tr,false,
2022-10-19 17:00:00,Turkey,Turkey,TR,419.01,489.45,30.52,30.33,epias.com.tr,false,
2022-10-19 18:00:00,Turkey,Turkey,TR,434.24,506.83,27.63,27.38,epias.com.tr,false,
2022-10-19 19:00:00,Turkey,Turkey,TR,449.53,523.49,25.3,24.93,epias.com.tr,false,
2022-10-19 20:00:00,Turkey,Turkey,TR,457.66,531.08,24.95,24.53,epias.com.tr,false,
2022-10-19 21:00:00,Turkey,Turkey,TR,471.3,544.25,23.92,23.41,epias.com.tr,false,
2022-10-19 22:00:00,Turkey,Turkey,TR,484.68,556.87,23.22,22.65,epias.com.tr,false,
2022-10-19 23:00:00,Turkey,Turkey,TR,488.5,558.2,24.51,23.92,epias.com.tr,false,
2022-10-20 00:00:00,Turkey,Turkey,TR,487.11,554.21,26.42,25.79,epias.com.tr,false,
2022-10-20 01:00:00,Turkey,Turkey,TR,494.81,561.53,26.01,25.38,epias.com.tr,false,
2022-10-20 02:00:00,Turkey,Turkey,TR,492.08,557.3,27.18,26.49,epias.com.tr,false,
2022-10-20 03:00:00,Turkey,Turkey,TR,488.64,553.13,27.8,27.2,epias.com.tr,false,
2022-10-20 04:00:00,Turkey,Turkey,TR,482.27,547.69,27.65,27.12,epias.com.tr,false,
2022-10-20 05:00:00,Turkey,Turkey,TR,471.83,538.16,27.87,27.35,epias.com.tr,false,
2022-10-20 06:00:00,Turkey,Turkey,TR,441.92,508.36,30.48,30.02,epias.com.tr,false,
2022-10-20 07:00:00,Turkey,Turkey,TR,423.75,488.01,33.58,33.04,epias.com.tr,false,
2022-10-20 08:00:00,Turkey,Turkey,TR,430.46,495.59,32.35,31.79,epias.com.tr,false,
2022-10-20 09:00:00,Turkey,Turkey,TR,422.65,485.36,34.66,34.11,epias.com.tr,false,
2022-10-20 10:00:00,Turkey,Turkey,TR,428.9,489.42,35.5,34.95,epias.com.tr,false,
2022-10-20 11:00:00,Turkey,Turkey,TR,423.01,482.27,36.76,36.21,epias.com.tr,false,
2022-10-20 12:00:00,Turkey,Turkey,TR,412.25,471.29,37.8,37.27,epias.com.tr,false,
2022-10-20 13:00:00,Turkey,Turkey,TR,407.64,466.71,38.07,37.57,epias.com.tr,false,
2022-10-20 14:00:00,Turkey,Turkey,TR,404.28,464.75,37.17,36.76,epias.com.tr,false,
2022-10-20 15:00:00,Turkey,Turkey,TR,397.82,458.43,37.66,37.35,epias.com.tr,false,
2022-10-20 16:00:00,Turkey,Turkey,TR,384.29,443.76,39.7,39.52,epias.com.tr,false,
2022-10-20 17:00:00,Turkey,Turkey,TR,377.86,435.19,41.74,41.54,epias.com.tr,false,
2022-10-20 18:00:00,Turkey,Turkey,TR,383.47,440.77,41.2,40.97,epias.com.tr,false,
2022-10-20 19:00:00,Turkey,Turkey,TR,392.85,450.13,40.4,40.01,epias.com.tr,false,
2022-10-20 20:00:00,Turkey,Turkey,TR,396.15,451.47,41.46,41.03,epias.com.tr,false,
2022-10-20 21:00:00,Turkey,Turkey,TR,402.13,455.23,42.42,41.8,epias.com.tr,false,
2022-10-20 22:00:00,Turkey,Turkey,TR,403.24,455.18,43.19,42.65,epias.com.tr,false,
2022-10-20 23:00:00,Turkey,Turkey,TR,396.29,448.28,44.05,43.5,epias.com.tr,false,
2022-10-21 00:00:00,Turkey,Turkey,TR,392.77,443.42,45.39,44.8,epias.com.tr,false,
2022-10-21 01:00:00,Turkey,Turkey,TR,396.91,447.7,44.88,44.36,epias.com.tr,false,
2022-10-21 02:00:00,Turkey,Turkey,TR,390.01,440.53,45.76,45.28,epias.com.tr,false,
2022-10-21 03:00:00,Turkey,Turkey,TR,398.19,448.82,44.82,44.36,epias.com.tr,false,
2022-10-21 04:00:00,Turkey,Turkey,TR,396.32,447.9,44.34,44.18,epias.com.tr,false,
2022-10-21 05:00:00,Turkey,Turkey,TR,406.49,460.38,41.71,41.57,epias.com.tr,false,
2022-10-21 06:00:00,Turkey,Turkey,TR,396.51,451.91,41.55,41.35,epias.com.tr,false,
2022-10-21 07:00:00,Turkey,Turkey,TR,393.75,449.51,41.56,41.3,epias.com.tr,false,
2022-10-21 08:00:00,Turkey,Turkey,TR,395.91,451.22,41.72,41.35,epias.com.tr,false,
2022-10-21 09:00:00,Turkey,Turkey,TR,398.95,454.39,41.49,41.34,epias.com.tr,false,
2022-10-21 10:00:00,Turkey,Turkey,TR,396.0,450.62,42.42,42.22,epias.com.tr,false,
2022-10-21 11:00:00,Turkey,Turkey,TR,389.63,444.06,43.02,42.73,epias.com.tr,false,
2022-10-21 12:00:00,Turkey,Turkey,TR,395.57,450.69,41.85,41.59,epias.com.tr,false,
2022-10-21 13:00:00,Turkey,Turkey,TR,400.46,457.01,40.34,40.03,epias.com.tr,false,
2022-10-21 14:00:00,Turkey,Turkey,TR,392.52,450.39,40.17,39.84,epias.com.tr,false,
2022-10-21 15:00:00,Turkey,Turkey,TR,382.66,441.37,40.58,40.39,epias.com.tr,false,
2022-10-21 16:00:00,Turkey,Turkey,TR,373.46,431.91,41.67,41.51,epias.com.tr,false,
2022-10-21 17:00:00,Turkey,Turkey,TR,383.16,443.06,39.86,39.67,epias.com.tr,false,
2022-10-21 18:00:00,Turkey,Turkey,TR,395.18,456.27,38.02,37.74,epias.com.tr,false,
2022-10-21 19:00:00,Turkey,Turkey,TR,403.26,463.88,37.7,37.2,epias.com.tr,false,
2022-10-21 20:00:00,Turkey,Turkey,TR,404.3,462.7,39.21,38.67,epias.com.tr,false,
2022-10-21 21:00:00,Turkey,Turkey,TR,411.38,468.4,39.53,38.86,epias.com.tr,false,
2022-10-21 22:00:00,Turkey,Turkey,TR,421.19,476.88,39.61,39.02,epias.com.tr,false,
2022-10-21 23:00:00,Turkey,Turkey,TR,428.42,484.39,38.88,38.28,epias.com.tr,false,
2022-10-22 00:00:00,Turkey,Turkey,TR,437.67,493.66,38.19,37.52,epias.com.tr,false,
2022-10-22 01:00:00,Turkey,Turkey,TR,442.25,498.01,37.92,37.19,epias.com.tr,false,
2022-10-22 02:00:00,Turkey,Turkey,TR,450.87,507.51,36.58,35.85,epias.com.tr,false,
2022-10-22 03:00:00,Turkey,Turkey,TR,457.7,515.05,35.47,34.83,epias.com.tr,false,
2022-10-22 04:00:00,Turkey,Turkey,TR,459.94,518.38,34.5,33.83,epias.com.tr,false,
2022-10-22 05:00:00,Turkey,Turkey,TR,463.14,523.81,32.71,32.08,epias.com.tr,false,
2022-10-22 06:00:00,Turkey,Turkey,TR,440.81,501.22,35.05,34.48,epias.com.tr,false,
2022-10-22 07:00:00,Turkey,Turkey,TR,431.24,491.9,35.98,35.39,epias.com.tr,false,
2022-10-22 08:00:00,Turkey,Turkey,TR,429.93,490.84,36.12,35.58,epias.com.tr,false,
2022-10-22 09:00:00,Turkey,Turkey,TR,435.67,498.03,34.79,34.34,epias.com.tr,false,
2022-10-22 10:00:00,Turkey,Turkey,TR,444.23,506.16,34.35,33.77,epias.com.tr,false,
2022-10-22 11:00:00,Turkey,Turkey,TR,445.96,509.12,33.43,32.89,epias.com.tr,false,
2022-10-22 12:00:00,Turkey,Turkey,TR,437.45,500.23,34.45,33.92,epias.com.tr,false,
2022-10-22 13:00:00,Turkey,Turkey,TR,438.67,502.62,33.52,32.96,epias.com.tr,false,
2022-10-22 14:00:00,Turkey,Turkey,TR,445.15,513.07,30.12,29.51,epias.com.tr,false,
2022-10-22 15:00:00,Turkey,Turkey,TR,429.17,497.15,31.46,30.99,epias.com.tr,false,
2022-10-22 16:00:00,Turkey,Turkey,TR,398.35,463.04,36.46,36.13,epias.com.tr,false,
2022-10-22 17:00:00,Turkey,Turkey,TR,392.45,456.17,37.68,37.35,epias.com.tr,false,
2022-10-22 18:00:00,Turkey,Turkey,TR,403.41,468.49,35.81,35.45,epias.com.tr,false,
2022-10-22 19:00:00,Turkey,Turkey,TR,414.57,481.06,33.86,33.4,epias.com.tr,false,
2022-10-22 20:00:00,Turkey,Turkey,TR,421.81,487.76,33.61,33.1,epias.com.tr,false,
2022-10-22 21:00:00,Turkey,Turkey,TR,430.36,495.46,33.45,32.88,epias.com.tr,false,
2022-10-22 22:00:00,Turkey,Turkey,TR,441.25,504.79,33.47,32.84,epias.com.tr,false,
2022-10-22 23:00:00,Turkey,Turkey,TR,444.56,505.27,35.14,34.44,epias.com.tr,false,
2022-10-23 00:00:00,Turkey,Turkey,TR,455.72,515.72,34.57,33.74,epias.com.tr,false,
2022-10-23 01:00:00,Turkey,Turkey,TR,463.3,522.92,34.05,33.32,epias.com.tr,false,
2022-10-23 02:00:00,Turkey,Turkey,TR,457.93,515.84,35.74,35.01,epias.com.tr,false,
2022-10-23 03:00:00,Turkey,Turkey,TR,453.68,510.78,36.71,36.01,epias.com.tr,false,
2022-10-23 04:00:00,Turkey,Turkey,TR,448.28,504.8,37.52,36.88,epias.com.tr,false,
2022-10-23 05:00:00,Turkey,Turkey,TR,452.38,508.46,37.48,36.92,epias.com.tr,false,
2022-10-23 06:00:00,Turkey,Turkey,TR,428.02,482.75,40.95,40.39,epias.com.tr,false,
2022-10-23 07:00:00,Turkey,Turkey,TR,422.4,476.94,41.72,41.14,epias.com.tr,false,
2022-10-23 08:00:00,Turkey,Turkey,TR,418.29,472.78,42.34,41.67,epias.com.tr,false,
2022-10-23 09:00:00,Turkey,Turkey,TR,440.09,495.88,39.5,38.76,epias.com.tr,false,
2022-10-23 10:00:00,Turkey,Turkey,TR,438.03,494.21,39.67,38.9,epias.com.tr,false,
2022-10-23 11:00:00,Turkey,Turkey,TR,451.09,508.3,37.63,36.84,epias.com.tr,false,
2022-10-23 12:00:00,Turkey,Turkey,TR,456.52,515.06,36.2,35.52,epias.com.tr,false,
2022-10-23 13:00:00,Turkey,Turkey,TR,448.91,509.43,35.58,34.84,epias.com.tr,false,
2022-10-23 14:00:00,Turkey,Turkey,TR,458.41,523.64,31.22,30.61,epias.com.tr,false,
2022-10-23 15:00:00,Turkey,Turkey,TR,444.62,512.6,30.43,30.01,epias.com.tr,false,
2022-10-23 16:00:00,Turkey,Turkey,TR,408.78,474.08,35.52,35.23,epias.com.tr,false,
2022-10-23 17:00:00,Turkey,Turkey,TR,397.56,461.41,37.5,37.2,epias.com.tr,false,
2022-10-23 18:00:00,Turkey,Turkey,TR,407.9,472.88,35.77,35.45,epias.com.tr,false,
2022-10-23 19:00:00,Turkey,Turkey,TR,419.54,485.96,33.71,33.31,epias.com.tr,false,
2022-10-23 20:00:00,Turkey,Turkey,TR,434.83,502.76,31.28,30.79,epias.com.tr,false,
2022-10-23 21:00:00,Turkey,Turkey,TR,442.71,509.02,31.66,30.99,epias.com.tr,false,
2022-10-23 22:00:00,Turkey,Turkey,TR,461.06,526.84,30.38,29.63,epias.com.tr,false,
2022-10-23 23:00:00,Turkey,Turkey,TR,455.94,516.75,34.31,33.5,epias.com.tr,false,
2022-10-24 00:00:00,Turkey,Turkey,TR,462.45,521.64,34.77,33.87,epias.com.tr,false,
2022-10-24 01:00:00,Turkey,Turkey,TR,465.34,524.35,34.6,33.7,epias.com.tr,false,
2022-10-24 02:00:00,Turkey,Turkey,TR,461.12,519.76,35.29,34.49,epias.com.tr,false,
2022-10-24 03:00:00,Turkey,Turkey,TR,463.8,523.19,34.46,33.84,epias.com.tr,false,
2022-10-24 04:00:00,Turkey,Turkey,TR,460.3,521.86,33.2,32.78,epias.com.tr,false,
2022-10-24 05:00:00,Turkey,Turkey,TR,456.23,521.26,31.13,30.94,epias.com.tr,false,
2022-10-24 06:00:00,Turkey,Turkey,TR,432.35,500.06,31.37,31.19,epias.com.tr,false,
2022-10-24 07:00:00,Turkey,Turkey,TR,431.47,499.35,31.28,30.9,epias.com.tr,false,
2022-10-24 08:00:00,Turkey,Turkey,TR,441.29,510.32,29.63,29.19,epias.com.tr,false,
2022-10-24 09:00:00,Turkey,Turkey,TR,451.27,521.94,27.66,27.38,epias.com.tr,false,
2022-10-24 10:00:00,Turkey,Turkey,TR,467.08,537.96,26.06,25.6,epias.com.tr,false,
2022-10-24 11:00:00,Turkey,Turkey,TR,465.89,537.24,25.86,25.41,epias.com.tr,false,
2022-10-24 12:00:00,Turkey,Turkey,TR,456.56,528.18,26.41,25.96,epias.com.tr,false,
2022-10-24 13:00:00,Turkey,Turkey,TR,454.65,528.25,25.2,24.69,epias.com.tr,false,
2022-10-24 14:00:00,Turkey,Turkey,TR,438.68,511.38,27.27,26.86,epias.com.tr,false,
2022-10-24 15:00:00,Turkey,Turkey,TR,413.33,483.62,31.17,30.9,epias.com.tr,false,
2022-10-24 16:00:00,Turkey,Turkey,TR,395.66,464.06,34.06,33.9,epias.com.tr,false,
2022-10-24 17:00:00,Turkey,Turkey,TR,399.45,467.75,33.76,33.56,epias.com.tr,false,
2022-10-24 18:00:00,Turkey,Turkey,TR,414.58,484.82,31.04,30.8,epias.com.tr,false,
2022-10-24 19:00:00,Turkey,Turkey,TR,428.53,500.26,28.79,28.39,epias.com.tr,false,
2022-10-24 20:00:00,Turkey,Turkey,TR,440.04,512.25,27.53,27.17,epias.com.tr,false,
2022-10-24 21:00:00,Turkey,Turkey,TR,455.17,527.22,26.29,25.69,epias.com.tr,false,
2022-10-24 22:00:00,Turkey,Turkey,TR,471.44,542.58,25.33,24.59,epias.com.tr,false,
2022-10-24 23:00:00,Turkey,Turkey,TR,484.71,556.18,23.95,23.18,epias.com.tr,false,
2022-10-25 00:00:00,Turkey,Turkey,TR,492.23,563.31,23.58,22.78,epias.com.tr,false,
2022-10-25 01:00:00,Turkey,Turkey,TR,494.61,565.06,23.78,23.01,epias.com.tr,false,
2022-10-25 02:00:00,Turkey,Turkey,TR,492.23,562.13,24.43,23.7,epias.com.tr,false,
2022-10-25 03:00:00,Turkey,Turkey,TR,488.83,559.25,24.53,24.08,epias.com.tr,false,
2022-10-25 04:00:00,Turkey,Turkey,TR,492.23,566.7,21.44,21.2,epias.com.tr,false,
2022-10-25 05:00:00,Turkey,Turkey,TR,484.15,559.98,21.21,21.0,epias.com.tr,false,
2022-10-25 06:00:00,Turkey,Turkey,TR,457.53,531.4,24.84,24.52,epias.com.tr,false,
2022-10-25 07:00:00,Turkey,Turkey,TR,458.09,532.29,24.6,24.31,epias.com.tr,false,
2022-10-25 08:00:00,Turkey,Turkey,TR,460.85,534.17,24.97,24.54,epias.com.tr,false,
2022-10-25 09:00:00,Turkey,Turkey,TR,451.14,522.18,27.52,27.17,epias.com.tr,false,
2022-10-25 10:00:00,Turkey,Turkey,TR,448.87,519.29,28.35,27.91,epias.com.tr,false,
2022-10-25 11:00:00,Turkey,Turkey,TR,445.76,517.69,27.45,27.08,epias.com.tr,false,
2022-10-25 12:00:00,Turkey,Turkey,TR,445.99,520.17,25.91,25.56,epias.com.tr,false,
2022-10-25 13:00:00,Turkey,Turkey,TR,458.15,533.69,23.88,23.38,epias.com.tr,false,
2022-10-25 14:00:00,Turkey,Turkey,TR,457.99,535.26,22.63,22.21,epias.com.tr,false,
2022-10-25 15:00:00,Turkey,Turkey,TR,435.87,510.79,26.17,25.78,epias.com.tr,false,
2022-10-25 16:00:00,Turkey,Turkey,TR,418.5,491.26,29.18,28.86,epias.com.tr,false,
2022-10-25 17:00:00,Turkey,Turkey,TR,420.29,492.89,29.15,28.76,epias.com.tr,false,
2022-10-25 18:00:00,Turkey,Turkey,TR,436.01,510.76,26.25,25.86,epias.com.tr,false,
2022-10-25 19:00:00,Turkey,Turkey,TR,449.02,524.68,24.47,23.92,epias.com.tr,false,
2022-10-25 20:00:00,Turkey,Turkey,TR,456.87,532.16,24.06,23.43,epias.com.tr,false,
2022-10-25 21:00:00,Turkey,Turkey,TR,466.11,539.62,24.41,23.66,epias.com.tr,false,
2022-10-25 22:00:00,Turkey,Turkey,TR,481.0,554.74,22.89,22.14,epias.com.tr,false,
2022-10-25 23:00:00,Turkey,Turkey,TR,492.36,566.15,21.89,21.1,epias.com.tr,false,
2022-10-26 00:00:00,Turkey,Turkey,TR,496.41,568.43,22.82,21.99,epias.com.tr,false,
2022-10-26 01:00:00,Turkey,Turkey,TR,504.28,576.53,21.92,21.09,epias.com.tr,false,
2022-10-26 02:00:00,Turkey,Turkey,TR,504.72,576.9,21.98,21.19,epias.com.tr,false,
2022-10-26 03:00:00,Turkey,Turkey,TR,502.65,574.85,22.05,21.33,epias.com.tr,false,
2022-10-26 04:00:00,Turkey,Turkey,TR,495.41,568.42,22.07,21.46,epias.com.tr,false,
2022-10-26 05:00:00,Turkey,Turkey,TR,478.7,551.33,23.83,23.42,epias.com.tr,false,
2022-10-26 06:00:00,Turkey,Turkey,TR,448.64,519.47,27.82,27.39,epias.com.tr,false,
2022-10-26 07:00:00,Turkey,Turkey,TR,442.42,513.55,28.19,27.81,epias.com.tr,false,
2022-10-26 08:00:00,Turkey,Turkey,TR,448.5,520.79,26.86,26.47,epias.com.tr,false,
2022-10-26 09:00:00,Turkey,Turkey,TR,452.97,526.04,25.99,25.69,epias.com.tr,false,
2022-10-26 10:00:00,Turkey,Turkey,TR,463.63,534.97,26.21,25.79,epias.com.tr,false,
2022-10-26 11:00:00,Turkey,Turkey,TR,458.85,531.39,25.69,25.27,epias.com.tr,false,
2022-10-26 12:00:00,Turkey,Turkey,TR,453.46,526.72,25.66,25.27,epias.com.tr,false,
2022-10-26 13:00:00,Turkey,Turkey,TR,451.32,524.72,25.62,25.18,epias.com.tr,false,
2022-10-26 14:00:00,Turkey,Turkey,TR,437.66,510.52,27.25,26.85,epias.com.tr,false,
2022-10-26 15:00:00,Turkey,Turkey,TR,421.16,492.88,29.5,29.23,epias.com.tr,false,
2022-10-26 16:00:00,Turkey,Turkey,TR,403.74,473.28,32.58,32.4,epias.com.tr,false,
2022-10-26 17:00:00,Turkey,Turkey,TR,406.72,475.85,32.43,32.22,epias.com.tr,false,
2022-10-26 18:00:00,Turkey,Turkey,TR,419.55,489.83,30.46,30.17,epias.com.tr,false,
2022-10-26 19:00:00,Turkey,Turkey,TR,428.79,499.09,29.6,29.17,epias.com.tr,false,
2022-10-26 20:00:00,Turkey,Turkey,TR,439.39,508.17,29.64,29.11,epias.com.tr,false,
2022-10-26 21:00:00,Turkey,Turkey,TR,449.2,516.4,29.8,29.18,epias.com.tr,false,
2022-10-26 22:00:00,Turkey,Turkey,TR,463.25,529.75,29.04,28.29,epias.com.tr,false,
2022-10-26 23:00:00,Turkey,Turkey,TR,470.7,535.87,29.31,28.51,epias.com.tr,false,
2022-10-27 00:00:00,Turkey,Turkey,TR,478.83,543.81,28.74,27.96,epias.com.tr,false,
2022-10-27 01:00:00,Turkey,Turkey,TR,485.07,549.83,28.29,27.48,epias.com.tr,false,
2022-10-27 02:00:00,Turkey,Turkey,TR,487.03,552.23,27.82,27.07,epias.com.tr,false,
2022-10-27 03:00:00,Turkey,Turkey,TR,477.7,543.28,28.57,27.9,epias.com.tr,false,
2022-10-27 04:00:00,Turkey,Turkey,TR,476.69,542.82,28.14,27.71,epias.com.tr,false,
2022-10-27 05:00:00,Turkey,Turkey,TR,465.15,531.98,28.55,28.34,epias.com.tr,false,
2022-10-27 06:00:00,Turkey,Turkey,TR,430.95,496.87,32.16,31.95,epias.com.tr,false,
2022-10-27 07:00:00,Turkey,Turkey,TR,419.37,483.49,34.42,34.11,epias.com.tr,false,
2022-10-27 08:00:00,Turkey,Turkey,TR,422.45,485.74,34.75,34.35,epias.com.tr,false,
2022-10-27 09:00:00,Turkey,Turkey,TR,425.45,487.93,35.08,34.83,epias.com.tr,false,
2022-10-27 10:00:00,Turkey,Turkey,TR,442.65,504.52,33.84,33.4,epias.com.tr,false,
2022-10-27 11:00:00,Turkey,Turkey,TR,442.16,504.36,33.57,33.12,epias.com.tr,false,
2022-10-27 12:00:00,Turkey,Turkey,TR,431.99,494.11,34.47,34.05,epias.com.tr,false,
2022-10-27 13:00:00,Turkey,Turkey,TR,426.96,489.22,34.67,34.25,epias.com.tr,false,
2022-10-27 14:00:00,Turkey,Turkey,TR,421.52,485.92,33.66,33.35,epias.com.tr,false,
2022-10-27 15:00:00,Turkey,Turkey,TR,410.0,474.93,34.35,34.21,epias.com.tr,false,
2022-10-27 16:00:00,Turkey,Turkey,TR,399.9,464.29,35.64,35.57,epias.com.tr,false,
2022-10-27 17:00:00,Turkey,Turkey,TR,399.18,463.47,35.76,35.7,epias.com.tr,false,
2022-10-27 18:00:00,Turkey,Turkey,TR,400.38,463.05,36.68,36.48,epias.com.tr,false,
2022-10-27 19:00:00,Turkey,Turkey,TR,402.51,462.97,37.96,37.6,epias.com.tr,false,
2022-10-27 20:00:00,Turkey,Turkey,TR,403.5,460.83,39.96,39.6,epias.com.tr,false,
2022-10-27 21:00:00,Turkey,Turkey,TR,419.1,476.15,38.7,38.21,epias.com.tr,false,
2022-10-27 22:00:00,Turkey,Turkey,TR,423.46,479.68,39.06,38.68,epias.com.tr,false,
2022-10-27 23:00:00,Turkey,Turkey,TR,426.13,482.16,39.04,38.61,epias.com.tr,false,
2022-10-28 00:00:00,Turkey,Turkey,TR,428.99,485.73,38.45,38.03,epias.com.tr,false,
2022-10-28 01:00:00,Turkey,Turkey,TR,434.86,491.77,37.85,37.53,epias.com.tr,false,
2022-10-28 02:00:00,Turkey,Turkey,TR,422.81,479.6,39.14,38.84,epias.com.tr,false,
2022-10-28 03:00:00,Turkey,Turkey,TR,418.22,474.46,39.86,39.68,epias.com.tr,false,
2022-10-28 04:00:00,Turkey,Turkey,TR,423.67,479.34,39.52,39.42,epias.com.tr,false,
2022-10-28 05:00:00,Turkey,Turkey,TR,423.01,478.34,39.68,39.53,epias.com.tr,false,
2022-10-28 06:00:00,Turkey,Turkey,TR,406.8,462.44,40.96,40.84,epias.com.tr,false,
2022-10-28 07:00:00,Turkey,Turkey,TR,397.61,453.48,41.75,41.61,epias.com.tr,false,
2022-10-28 08:00:00,Turkey,Turkey,TR,400.0,455.79,41.72,41.6,epias.com.tr,false,
2022-10-28 09:00:00,Turkey,Turkey,TR,399.53,455.7,41.54,41.49,epias.com.tr,false,
2022-10-28 10:00:00,Turkey,Turkey,TR,388.82,444.45,43.18,43.12,epias.com.tr,false,
2022-10-28 11:00:00,Turkey,Turkey,TR,365.42,420.43,45.81,45.55,epias.com.tr,false,
2022-10-28 12:00:00,Turkey,Turkey,TR,375.68,429.87,45.05,44.8,epias.com.tr,false,
2022-10-28 13:00:00,Turkey,Turkey,TR,376.1,430.44,44.73,44.46,epias.com.tr,false,
2022-10-28 14:00:00,Turkey,Turkey,TR,373.44,428.59,44.27,44.0,epias.com.tr,false,
2022-10-28 15:00:00,Turkey,Turkey,TR,384.24,440.37,42.44,42.2,epias.com.tr,false,
2022-10-28 16:00:00,Turkey,Turkey,TR,378.39,434.66,42.93,42.81,epias.com.tr,false,
2022-10-28 17:00:00,Turkey,Turkey,TR,380.04,435.99,43.05,42.98,epias.com.tr,false,
2022-10-28 18:00:00,Turkey,Turkey,TR,376.9,430.51,44.94,44.71,epias.com.tr,false,
2022-10-28 19:00:00,Turkey,Turkey,TR,383.29,436.34,44.77,44.58,epias.com.tr,false,
2022-10-28 20:00:00,Turkey,Turkey,TR,382.74,435.35,45.23,45.04,epias.com.tr,false,
2022-10-28 21:00:00,Turkey,Turkey,TR,378.7,429.49,46.94,46.71,epias.com.tr,false,
2022-10-28 22:00:00,Turkey,Turkey,TR,362.39,412.1,49.51,49.24,epias.com.tr,false,
2022-10-28 23:00:00,Turkey,Turkey,TR,365.01,415.4,49.07,48.77,epias.com.tr,false,
2022-10-29 00:00:00,Turkey,Turkey,TR,378.88,429.39,47.83,47.52,epias.com.tr,false,
2022-10-29 01:00:00,Turkey,Turkey,TR,378.39,429.05,47.97,47.76,epias.com.tr,false,
2022-10-29 02:00:00,Turkey,Turkey,TR,367.9,418.12,49.34,49.15,epias.com.tr,false,
2022-10-29 03:00:00,Turkey,Turkey,TR,367.23,417.16,49.53,49.27,epias.com.tr,false,
2022-10-29 04:00:00,Turkey,Turkey,TR,370.94,421.22,48.89,48.81,epias.com.tr,false,
2022-10-29 05:00:00,Turkey,Turkey,TR,380.19,430.62,47.91,47.44,epias.com.tr,false,
2022-10-29 06:00:00,Turkey,Turkey,TR,374.73,424.87,48.66,48.26,epias.com.tr,false,
2022-10-29 07:00:00,Turkey,Turkey,TR,365.96,415.63,49.81,49.46,epias.com.tr,false,
2022-10-29 08:00:00,Turkey,Turkey,TR,363.44,413.61,49.91,49.84,epias.com.tr,false,
2022-10-29 09:00:00,Turkey,Turkey,TR,358.11,407.97,50.65,50.58,epias.com.tr,false,
2022-10-29 10:00:00,Turkey,Turkey,TR,356.77,406.66,50.74,50.67,epias.com.tr,false,
2022-10-29 11:00:00,Turkey,Turkey,TR,353.15,403.21,50.91,50.73,epias.com.tr,false,
2022-10-29 12:00:00,Turkey,Turkey,TR,364.01,415.2,49.05,48.99,epias.com.tr,false,
2022-10-29 13:00:00,Turkey,Turkey,TR,362.74,413.26,49.28,48.8,epias.com.tr,false,
2022-10-29 14:00:00,Turkey,Turkey,TR,373.01,424.31,47.57,46.98,epias.com.tr,false,
2022-10-29 15:00:00,Turkey,Turkey,TR,382.57,435.36,45.4,44.82,epias.com.tr,false,
2022-10-29 16:00:00,Turkey,Turkey,TR,369.7,422.35,46.72,46.3,epias.com.tr,false,
2022-10-29 17:00:00,Turkey,Turkey,TR,370.36,422.63,46.87,46.5,epias.com.tr,false,
2022-10-29 18:00:00,Turkey,Turkey,TR,380.05,432.98,45.58,45.17,epias.com.tr,false,
2022-10-29 19:00:00,Turkey,Turkey,TR,387.36,441.33,44.33,43.87,epias.com.tr,false,
2022-10-29 20:00:00,Turkey,Turkey,TR,390.45,444.36,44.25,44.03,epias.com.tr,false,
2022-10-29 21:00:00,Turkey,Turkey,TR,394.26,447.45,44.32,44.02,epias.com.tr,false,
2022-10-29 22:00:00,Turkey,Turkey,TR,398.25,450.05,45.11,44.65,epias.com.tr,false,
2022-10-29 23:00:00,Turkey,Turkey,TR,405.52,457.63,44.55,44.15,epias.com.tr,false,
2022-10-30 00:00:00,Turkey,Turkey,TR,411.91,464.74,43.68,43.3,epias.com.tr,false,
2022-10-30 01:00:00,Turkey,Turkey,TR,410.93,464.05,43.77,43.37,epias.com.tr,false,
2022-10-30 02:00:00,Turkey,Turkey,TR,409.71,462.75,43.99,43.58,epias.com.tr,false,
2022-10-30 03:00:00,Turkey,Turkey,TR,411.24,464.74,43.63,43.23,epias.com.tr,false,
2022-10-30 04:00:00,Turkey,Turkey,TR,419.57,474.48,41.89,41.58,epias.com.tr,false,
2022-10-30 05:00:00,Turkey,Turkey,TR,416.59,472.37,41.85,41.62,epias.com.tr,false,
2022-10-30 06:00:00,Turkey,Turkey,TR,404.29,459.1,43.87,43.68,epias.com.tr,false,
2022-10-30 07:00:00,Turkey,Turkey,TR,399.31,453.78,44.67,44.31,epias.com.tr,false,
2022-10-30 08:00:00,Turkey,Turkey,TR,393.25,447.9,45.26,45.01,epias.com.tr,false,
2022-10-30 09:00:00,Turkey,Turkey,TR,396.66,451.87,44.61,44.36,epias.com.tr,false,
2022-10-30 10:00:00,Turkey,Turkey,TR,406.44,464.01,42.44,42.23,epias.com.tr,false,
2022-10-30 11:00:00,Turkey,Turkey,TR,407.63,465.08,42.23,41.91,epias.com.tr,false,
2022-10-30 12:00:00,Turkey,Turkey,TR,427.08,485.12,39.75,39.38,epias.com.tr,false,
2022-10-30 13:00:00,Turkey,Turkey,TR,444.87,503.8,37.04,36.56,epias.com.tr,false,
2022-10-30 14:00:00,Turkey,Turkey,TR,455.17,518.26,33.02,32.51,epias.com.tr,false,
2022-10-30 15:00:00,Turkey,Turkey,TR,443.5,508.15,32.79,32.29,epias.com.tr,false,
2022-10-30 16:00:00,Turkey,Turkey,TR,424.72,487.98,35.3,34.89,epias.com.tr,false,
2022-10-30 17:00:00,Turkey,Turkey,TR,427.34,490.6,35.0,34.6,epias.com.tr,false,
2022-10-30 18:00:00,Turkey,Turkey,TR,433.58,497.55,34.04,33.63,epias.com.tr,false,
2022-10-30 19:00:00,Turkey,Turkey,TR,442.28,506.22,33.33,32.93,epias.com.tr,false,
2022-10-30 20:00:00,Turkey,Turkey,TR,452.9,517.7,31.83,31.32,epias.com.tr,false,
2022-10-30 21:00:00,Turkey,Turkey,TR,469.48,532.57,31.48,30.87,epias.com.tr,false,
2022-10-30 22:00:00,Turkey,Turkey,TR,474.8,535.97,32.32,31.64,epias.com.tr,false,
2022-10-30 23:00:00,Turkey,Turkey,TR,491.24,552.59,30.92,30.02,epias.com.tr,false,
2022-10-31 00:00:00,Turkey,Turkey,TR,502.96,564.64,29.83,29.2,epias.com.tr,false,
2022-10-31 01:00:00,Turkey,Turkey,TR,498.13,560.0,30.24,29.61,epias.com.tr,false,
2022-10-31 02:00:00,Turkey,Turkey,TR,490.36,551.96,31.15,30.26,epias.com.tr,false,
2022-10-31 03:00:00,Turkey,Turkey,TR,502.68,564.97,29.47,28.64,epias.com.tr,false,
2022-10-31 04:00:00,Turkey,Turkey,TR,501.97,566.49,27.69,26.98,epias.com.tr,false,
2022-10-31 05:00:00,Turkey,Turkey,TR,500.53,569.97,24.14,23.58,epias.com.tr,false,
2022-10-31 06:00:00,Turkey,Turkey,TR,455.35,524.23,28.59,28.12,epias.com.tr,false,
2022-10-31 07:00:00,Turkey,Turkey,TR,445.54,514.96,29.13,28.72,epias.com.tr,false,
2022-10-31 08:00:00,Turkey,Turkey,TR,452.37,523.69,27.3,26.9,epias.com.tr,false,
2022-10-31 09:00:00,Turkey,Turkey,TR,452.99,524.59,27.16,26.8,epias.com.tr,false,
2022-10-31 10:00:00,Turkey,Turkey,TR,471.93,543.87,25.2,24.76,epias.com.tr,false,
2022-10-31 11:00:00,Turkey,Turkey,TR,472.4,545.14,24.5,24.05,epias.com.tr,false,
2022-10-31 12:00:00,Turkey,Turkey,TR,459.34,531.19,26.09,25.68,epias.com.tr,false,
2022-10-31 13:00:00,Turkey,Turkey,TR,451.92,523.4,26.88,26.44,epias.com.tr,false,
2022-10-31 14:00:00,Turkey,Turkey,TR,435.0,504.48,29.62,29.16,epias.com.tr,false,
2022-10-31 15:00:00,Turkey,Turkey,TR,413.67,481.07,32.85,32.47,epias.com.tr,false,
2022-10-31 16:00:00,Turkey,Turkey,TR,402.17,468.22,34.7,34.38,epias.com.tr,false,
2022-10-31 17:00:00,Turkey,Turkey,TR,411.53,478.37,33.22,32.92,epias.com.tr,false,
2022-10-31 18:00:00,Turkey,Turkey,TR,418.62,484.83,32.98,32.59,epias.com.tr,false,
2022-10-31 19:00:00,Turkey,Turkey,TR,422.65,487.47,33.59,33.09,epias.com.tr,false,
2022-10-31 20:00:00,Turkey,Turkey,TR,427.35,490.76,34.12,33.54,epias.com.tr,false,
2022-10-31 21:00:00,Turkey,Turkey,TR,431.85,494.18,34.54,34.05,epias.com.tr,false,
2022-10-31 22:00:00,Turkey,Turkey,TR,429.43,488.36,37.22,36.55,epias.com.tr,false,
2022-10-31 23:00:00,Turkey,Turkey,TR,440.41,499.37,36.38,35.95,epias.com.tr,false,
2022-11-01 00:00:00,Turkey,Turkey,TR,450.32,509.77,35.06,34.54,epias.com.tr,false,
2022-11-01 01:00:00,Turkey,Turkey,TR,453.01,512.49,34.88,34.45,epias.com.tr,false,
2022-11-01 02:00:00,Turkey,Turkey,TR,449.2,508.42,35.46,34.85,epias.com.tr,false,
2022-11-01 03:00:00,Turkey,Turkey,TR,455.21,514.38,34.83,34.22,epias.com.tr,false,
2022-11-01 04:00:00,Turkey,Turkey,TR,459.0,520.2,33.12,32.62,epias.com.tr,false,
2022-11-01 05:00:00,Turkey,Turkey,TR,453.5,516.47,32.29,31.82,epias.com.tr,false,
2022-11-01 06:00:00,Turkey,Turkey,TR,431.13,495.11,33.72,33.38,epias.com.tr,false,
2022-11-01 07:00:00,Turkey,Turkey,TR,425.12,489.54,34.12,33.77,epias.com.tr,false,
2022-11-01 08:00:00,Turkey,Turkey,TR,428.04,492.2,34.18,33.83,epias.com.tr,false,
2022-11-01 09:00:00,Turkey,Turkey,TR,425.92,489.85,34.66,34.37,epias.com.tr,false,
2022-11-01 10:00:00,Turkey,Turkey,TR,438.45,500.92,34.45,34.07,epias.com.tr,false,
2022-11-01 11:00:00,Turkey,Turkey,TR,441.6,505.16,33.27,32.91,epias.com.tr,false,
2022-11-01 12:00:00,Turkey,Turkey,TR,436.87,501.95,32.63,32.26,epias.com.tr,false,
2022-11-01 13:00:00,Turkey,Turkey,TR,436.71,503.4,31.54,31.16,epias.com.tr,false,
2022-11-01 14:00:00,Turkey,Turkey,TR,427.73,495.55,31.45,31.05,epias.com.tr,false,
2022-11-01 15:00:00,Turkey,Turkey,TR,402.94,468.78,35.12,34.93,epias.com.tr,false,
2022-11-01 16:00:00,Turkey,Turkey,TR,388.22,452.45,37.49,37.29,epias.com.tr,false,
2022-11-01 17:00:00,Turkey,Turkey,TR,397.72,462.34,36.29,35.94,epias.com.tr,false,
2022-11-01 18:00:00,Turkey,Turkey,TR,413.15,479.27,33.83,33.38,epias.com.tr,false,
2022-11-01 19:00:00,Turkey,Turkey,TR,416.35,481.43,34.42,33.99,epias.com.tr,false,
2022-11-01 20:00:00,Turkey,Turkey,TR,405.12,465.84,38.62,38.15,epias.com.tr,false,
2022-11-01 21:00:00,Turkey,Turkey,TR,416.57,476.18,38.42,37.79,epias.com.tr,false,
2022-11-01 22:00:00,Turkey,Turkey,TR,434.64,495.89,35.78,35.13,epias.com.tr,false,
2022-11-01 23:00:00,Turkey,Turkey,TR,453.08,515.51,33.34,32.59,epias.com.tr,false,
2022-11-02 00:00:00,Turkey,Turkey,TR,466.88,529.73,31.88,31.05,epias.com.tr,false,
2022-11-02 01:00:00,Turkey,Turkey,TR,472.04,535.47,31.1,30.22,epias.com.tr,false,
2022-11-02 02:00:00,Turkey,Turkey,TR,469.86,532.87,31.63,30.77,epias.com.tr,false,
2022-11-02 03:00:00,Turkey,Turkey,TR,465.63,528.35,32.21,31.36,epias.com.tr,false,
2022-11-02 04:00:00,Turkey,Turkey,TR,468.36,534.31,29.67,29.01,epias.com.tr,false,
2022-11-02 05:00:00,Turkey,Turkey,TR,480.67,551.93,24.78,24.3,epias.com.tr,false,
2022-11-02 06:00:00,Turkey,Turkey,TR,455.63,528.13,26.14,25.81,epias.com.tr,false,
2022-11-02 07:00:00,Turkey,Turkey,TR,442.79,514.12,28.11,27.89,epias.com.tr,false,
2022-11-02 08:00:00,Turkey,Turkey,TR,448.98,521.03,27.14,26.77,epias.com.tr,false,
2022-11-02 09:00:00,Turkey,Turkey,TR,448.47,520.35,27.62,27.44,epias.com.tr,false,
2022-11-02 10:00:00,Turkey,Turkey,TR,458.14,528.38,27.88,27.49,epias.com.tr,false,
2022-11-02 11:00:00,Turkey,Turkey,TR,452.43,523.15,28.15,27.72,epias.com.tr,false,
2022-11-02 12:00:00,Turkey,Turkey,TR,445.47,516.16,28.62,28.19,epias.com.tr,false,
2022-11-02 13:00:00,Turkey,Turkey,TR,449.09,521.29,27.14,26.74,epias.com.tr,false,
2022-11-02 14:00:00,Turkey,Turkey,TR,432.62,505.25,28.3,28.12,epias.com.tr,false,
2022-11-02 15:00:00,Turkey,Turkey,TR,406.78,477.61,31.78,31.71,epias.com.tr,false,
2022-11-02 16:00:00,Turkey,Turkey,TR,391.83,461.03,34.29,34.24,epias.com.tr,false,
2022-11-02 17:00:00,Turkey,Turkey,TR,394.95,464.14,34.1,34.04,epias.com.tr,false,
2022-11-02 18:00:00,Turkey,Turkey,TR,407.48,477.75,32.23,32.09,epias.com.tr,false,
2022-11-02 19:00:00,Turkey,Turkey,TR,415.17,484.38,32.23,31.94,epias.com.tr,false,
2022-11-02 20:00:00,Turkey,Turkey,TR,420.68,488.74,32.66,32.33,epias.com.tr,false,
2022-11-02 21:00:00,Turkey,Turkey,TR,427.08,493.64,33.24,32.75,epias.com.tr,false,
2022-11-02 22:00:00,Turkey,Turkey,TR,445.11,512.28,31.26,30.62,epias.com.tr,false,
2022-11-02 23:00:00,Turkey,Turkey,TR,460.16,528.83,28.93,28.26,epias.com.tr,false,
2022-11-03 00:00:00,Turkey,Turkey,TR,473.57,542.96,27.28,26.54,epias.com.tr,false,
2022-11-03 01:00:00,Turkey,Turkey,TR,479.1,547.36,27.51,26.76,epias.com.tr,false,
2022-11-03 02:00:00,Turkey,Turkey,TR,475.6,542.58,28.74,28.0,epias.com.tr,false,
2022-11-03 03:00:00,Turkey,Turkey,TR,479.0,547.08,27.62,26.9,epias.com.tr,false,
2022-11-03 04:00:00,Turkey,Turkey,TR,478.61,549.01,25.9,25.32,epias.com.tr,false,
2022-11-03 05:00:00,Turkey,Turkey,TR,472.96,545.87,24.6,24.37,epias.com.tr,false,
2022-11-03 06:00:00,Turkey,Turkey,TR,444.76,517.74,26.98,26.87,epias.com.tr,false,
2022-11-03 07:00:00,Turkey,Turkey,TR,438.81,511.04,28.1,27.91,epias.com.tr,false,
2022-11-03 08:00:00,Turkey,Turkey,TR,448.54,522.12,26.36,26.14,epias.com.tr,false,
2022-11-03 09:00:00,Turkey,Turkey,TR,450.77,524.18,26.41,26.2,epias.com.tr,false,
2022-11-03 10:00:00,Turkey,Turkey,TR,460.93,533.18,26.46,26.24,epias.com.tr,false,
2022-11-03 11:00:00,Turkey,Turkey,TR,457.64,529.8,26.64,26.28,epias.com.tr,false,
2022-11-03 12:00:00,Turkey,Turkey,TR,452.96,525.5,26.64,26.28,epias.com.tr,false,
2022-11-03 13:00:00,Turkey,Turkey,TR,448.83,521.45,26.79,26.44,epias.com.tr,false,
2022-11-03 14:00:00,Turkey,Turkey,TR,432.03,503.42,29.13,28.91,epias.com.tr,false,
2022-11-03 15:00:00,Turkey,Turkey,TR,411.06,481.89,31.42,31.39,epias.com.tr,false,
2022-11-03 16:00:00,Turkey,Turkey,TR,394.29,463.04,34.39,34.35,epias.com.tr,false,
2022-11-03 17:00:00,Turkey,Turkey,TR,401.86,471.57,33.05,33.02,epias.com.tr,false,
2022-11-03 18:00:00,Turkey,Turkey,TR,412.35,482.59,31.82,31.76,epias.com.tr,false,
2022-11-03 19:00:00,Turkey,Turkey,TR,420.48,490.97,31.04,30.9,epias.com.tr,false,
2022-11-03 20:00:00,Turkey,Turkey,TR,422.21,490.81,32.29,31.98,epias.com.tr,false,
2022-11-03 21:00:00,Turkey,Turkey,TR,441.56,510.96,30.05,29.56,epias.com.tr,false,
2022-11-03 22:00:00,Turkey,Turkey,TR,462.24,532.87,27.45,26.89,epias.com.tr,false,
2022-11-03 23:00:00,Turkey,Turkey,TR,472.31,542.92,26.75,26.05,epias.com.tr,false,
2022-11-04 00:00:00,Turkey,Turkey,TR,488.72,560.58,24.48,23.74,epias.com.tr,false,
2022-11-04 01:00:00,Turkey,Turkey,TR,496.3,568.6,23.54,22.82,epias.com.tr,false,
2022-11-04 02:00:00,Turkey,Turkey,TR,503.1,576.54,22.08,21.32,epias.com.tr,false,
2022-11-04 03:00:00,Turkey,Turkey,TR,500.71,574.13,22.28,21.6,epias.com.tr,false,
2022-11-04 04:00:00,Turkey,Turkey,TR,496.21,570.64,21.89,21.28,epias.com.tr,false,
2022-11-04 05:00:00,Turkey,Turkey,TR,497.39,575.11,19.44,18.93,epias.com.tr,false,
2022-11-04 06:00:00,Turkey,Turkey,TR,463.86,540.1,23.47,23.08,epias.com.tr,false,
2022-11-04 07:00:00,Turkey,Turkey,TR,452.12,527.68,25.02,24.71,epias.com.tr,false,
2022-11-04 08:00:00,Turkey,Turkey,TR,462.38,539.28,23.13,22.81,epias.com.tr,false,
2022-11-04 09:00:00,Turkey,Turkey,TR,465.63,542.28,23.12,22.9,epias.com.tr,false,
2022-11-04 10:00:00,Turkey,Turkey,TR,475.02,550.28,23.39,23.05,epias.com.tr,false,
2022-11-04 11:00:00,Turkey,Turkey,TR,468.89,544.23,23.93,23.56,epias.com.tr,false,
2022-11-04 12:00:00,Turkey,Turkey,TR,463.96,540.42,23.32,22.94,epias.com.tr,false,
2022-11-04 13:00:00,Turkey,Turkey,TR,467.87,545.61,21.99,21.57,epias.com.tr,false,
2022-11-04 14:00:00,Turkey,Turkey,TR,453.21,529.69,24.0,23.55,epias.com.tr,false,
2022-11-04 15:00:00,Turkey,Turkey,TR,433.38,508.19,26.87,26.48,epias.com.tr,false,
2022-11-04 16:00:00,Turkey,Turkey,TR,421.66,494.91,29.02,28.68,epias.com.tr,false,
2022-11-04 17:00:00,Turkey,Turkey,TR,427.48,500.74,28.46,28.13,epias.com.tr,false,
2022-11-04 18:00:00,Turkey,Turkey,TR,432.22,505.01,28.32,27.94,epias.com.tr,false,
2022-11-04 19:00:00,Turkey,Turkey,TR,434.37,505.77,29.18,28.74,epias.com.tr,false,
2022-11-04 20:00:00,Turkey,Turkey,TR,435.45,504.98,30.34,29.87,epias.com.tr,false,
2022-11-04 21:00:00,Turkey,Turkey,TR,432.37,498.96,32.65,32.12,epias.com.tr,false,
2022-11-04 22:00:00,Turkey,Turkey,TR,452.6,520.03,30.24,29.6,epias.com.tr,false,
2022-11-04 23:00:00,Turkey,Turkey,TR,467.27,535.38,28.5,27.76,epias.com.tr,false,
2022-11-05 00:00:00,Turkey,Turkey,TR,470.03,536.25,29.53,28.83,epias.com.tr,false,
2022-11-05 01:00:00,Turkey,Turkey,TR,472.59,537.56,30.18,29.52,epias.com.tr,false,
2022-11-05 02:00:00,Turkey,Turkey,TR,473.49,538.16,30.32,29.56,epias.com.tr,false,
2022-11-05 03:00:00,Turkey,Turkey,TR,477.49,542.58,29.68,28.9,epias.com.tr,false,
2022-11-05 04:00:00,Turkey,Turkey,TR,475.57,540.98,29.55,28.82,epias.com.tr,false,
2022-11-05 05:00:00,Turkey,Turkey,TR,477.17,543.08,28.97,28.26,epias.com.tr,false,
2022-11-05 06:00:00,Turkey,Turkey,TR,460.5,526.73,30.27,29.68,epias.com.tr,false,
2022-11-05 07:00:00,Turkey,Turkey,TR,449.63,515.55,31.52,30.97,epias.com.tr,false,
2022-11-05 08:00:00,Turkey,Turkey,TR,445.41,510.89,32.35,31.85,epias.com.tr,false,
2022-11-05 09:00:00,Turkey,Turkey,TR,442.31,507.11,33.14,32.82,epias.com.tr,false,
2022-11-05 10:00:00,Turkey,Turkey,TR,446.0,508.63,34.23,33.72,epias.com.tr,false,
2022-11-05 11:00:00,Turkey,Turkey,TR,441.34,503.4,34.97,34.45,epias.com.tr,false,
2022-11-05 12:00:00,Turkey,Turkey,TR,434.53,496.99,35.33,34.87,epias.com.tr,false,
2022-11-05 13:00:00,Turkey,Turkey,TR,438.33,502.56,33.67,33.16,epias.com.tr,false,
2022-11-05 14:00:00,Turkey,Turkey,TR,438.34,505.02,31.93,31.39,epias.com.tr,false,
2022-11-05 15:00:00,Turkey,Turkey,TR,432.8,501.89,30.77,30.28,epias.com.tr,false,
2022-11-05 16:00:00,Turkey,Turkey,TR,412.3,479.86,33.71,33.27,epias.com.tr,false,
2022-11-05 17:00:00,Turkey,Turkey,TR,416.16,483.76,33.31,32.84,epias.com.tr,false,
2022-11-05 18:00:00,Turkey,Turkey,TR,425.28,493.48,32.05,31.46,epias.com.tr,false,
2022-11-05 19:00:00,Turkey,Turkey,TR,427.66,494.83,32.56,31.87,epias.com.tr,false,
2022-11-05 20:00:00,Turkey,Turkey,TR,433.77,500.77,32.16,31.45,epias.com.tr,false,
2022-11-05 21:00:00,Turkey,Turkey,TR,436.85,501.37,33.59,32.8,epias.com.tr,false,
2022-11-05 22:00:00,Turkey,Turkey,TR,437.27,497.39,36.54,35.62,epias.com.tr,false,
2022-11-05 23:00:00,Turkey,Turkey,TR,451.77,511.42,35.5,34.45,epias.com.tr,false,
2022-11-06 00:00:00,Turkey,Turkey,TR,463.47,523.35,34.44,33.33,epias.com.tr,false,
2022-11-06 01:00:00,Turkey,Turkey,TR,470.12,530.33,33.77,32.69,epias.com.tr,false,
2022-11-06 02:00:00,Turkey,Turkey,TR,467.12,527.42,34.07,32.98,epias.com.tr,false,
2022-11-06 03:00:00,Turkey,Turkey,TR,466.43,526.7,34.15,33.0,epias.com.tr,false,
2022-11-06 04:00:00,Turkey,Turkey,TR,474.7,536.09,32.6,31.5,epias.com.tr,false,
2022-11-06 05:00:00,Turkey,Turkey,TR,468.98,530.1,33.51,32.69,epias.com.tr,false,
2022-11-06 06:00:00,Turkey,Turkey,TR,451.42,512.12,35.74,35.26,epias.com.tr,false,
2022-11-06 07:00:00,Turkey,Turkey,TR,438.02,498.04,37.55,37.06,epias.com.tr,false,
2022-11-06 08:00:00,Turkey,Turkey,TR,429.19,489.01,38.45,37.99,epias.com.tr,false,
2022-11-06 09:00:00,Turkey,Turkey,TR,425.83,485.83,38.7,38.21,epias.com.tr,false,
2022-11-06 10:00:00,Turkey,Turkey,TR,429.53,489.5,38.32,37.73,epias.com.tr,false,
2022-11-06 11:00:00,Turkey,Turkey,TR,421.83,481.33,39.23,38.52,epias.com.tr,false,
2022-11-06 12:00:00,Turkey,Turkey,TR,421.65,480.25,39.58,38.71,epias.com.tr,false,
2022-11-06 13:00:00,Turkey,Turkey,TR,434.33,493.23,37.89,36.96,epias.com.tr,false,
2022-11-06 14:00:00,Turkey,Turkey,TR,445.54,506.29,35.31,34.45,epias.com.tr,false,
2022-11-06 15:00:00,Turkey,Turkey,TR,434.48,495.29,35.99,35.2,epias.com.tr,false,
2022-11-06 16:00:00,Turkey,Turkey,TR,416.35,476.97,37.74,37.07,epias.com.tr,false,
2022-11-06 17:00:00,Turkey,Turkey,TR,415.25,475.54,38.04,37.42,epias.com.tr,false,
2022-11-06 18:00:00,Turkey,Turkey,TR,422.63,483.9,36.78,36.1,epias.com.tr,false,
2022-11-06 19:00:00,Turkey,Turkey,TR,426.12,487.39,36.66,35.93,epias.com.tr,false,
2022-11-06 20:00:00,Turkey,Turkey,TR,428.23,488.56,37.11,36.39,epias.com.tr,false,
2022-11-06 21:00:00,Turkey,Turkey,TR,438.81,498.37,36.55,35.64,epias.com.tr,false,
2022-11-06 22:00:00,Turkey,Turkey,TR,449.88,509.2,35.77,34.76,epias.com.tr,false,
2022-11-06 23:00:00,Turkey,Turkey,TR,457.8,517.39,34.98,33.9,epias.com.tr,false,
2022-11-07 00:00:00,Turkey,Turkey,TR,456.29,515.81,35.43,34.41,epias.com.tr,false,
2022-11-07 01:00:00,Turkey,Turkey,TR,459.63,519.86,34.71,33.7,epias.com.tr,false,
2022-11-07 02:00:00,Turkey,Turkey,TR,461.55,521.53,34.59,33.57,epias.com.tr,false,
2022-11-07 03:00:00,Turkey,Turkey,TR,455.79,514.94,35.5,34.57,epias.com.tr,false,
2022-11-07 04:00:00,Turkey,Turkey,TR,452.02,511.69,35.25,34.56,epias.com.tr,false,
2022-11-07 05:00:00,Turkey,Turkey,TR,454.94,517.8,32.56,32.03,epias.com.tr,false,
2022-11-07 06:00:00,Turkey,Turkey,TR,431.64,497.89,32.16,31.86,epias.com.tr,false,
2022-11-07 07:00:00,Turkey,Turkey,TR,416.75,484.15,32.61,32.31,epias.com.tr,false,
2022-11-07 08:00:00,Turkey,Turkey,TR,411.34,478.42,33.23,32.95,epias.com.tr,false,
2022-11-07 09:00:00,Turkey,Turkey,TR,404.89,471.61,34.1,33.87,epias.com.tr,false,
2022-11-07 10:00:00,Turkey,Turkey,TR,413.92,479.81,33.79,33.43,epias.com.tr,false,
2022-11-07 11:00:00,Turkey,Turkey,TR,411.46,477.37,33.88,33.44,epias.com.tr,false,
2022-11-07 12:00:00,Turkey,Turkey,TR,404.52,470.33,34.44,34.02,epias.com.tr,false,
2022-11-07 13:00:00,Turkey,Turkey,TR,402.86,468.55,34.63,34.23,epias.com.tr,false,
2022-11-07 14:00:00,Turkey,Turkey,TR,396.69,462.08,35.37,35.14,epias.com.tr,false,
2022-11-07 15:00:00,Turkey,Turkey,TR,384.64,449.21,37.03,36.92,epias.com.tr,false,
2022-11-07 16:00:00,Turkey,Turkey,TR,376.41,439.33,38.93,38.83,epias.com.tr,false,
2022-11-07 17:00:00,Turkey,Turkey,TR,378.93,441.06,39.23,39.19,epias.com.tr,false,
2022-11-07 18:00:00,Turkey,Turkey,TR,386.21,448.71,38.36,38.24,epias.com.tr,false,
2022-11-07 19:00:00,Turkey,Turkey,TR,393.19,454.95,38.24,37.94,epias.com.tr,false,
2022-11-07 20:00:00,Turkey,Turkey,TR,400.35,461.39,38.1,37.68,epias.com.tr,false,
2022-11-07 21:00:00,Turkey,Turkey,TR,411.79,472.76,37.18,36.65,epias.com.tr,false,
2022-11-07 22:00:00,Turkey,Turkey,TR,420.75,479.82,37.8,37.11,epias.com.tr,false,
2022-11-07 23:00:00,Turkey,Turkey,TR,430.77,489.82,36.96,36.46,epias.com.tr,false,
2022-11-08 00:00:00,Turkey,Turkey,TR,439.33,498.74,35.97,35.46,epias.com.tr,false,
2022-11-08 01:00:00,Turkey,Turkey,TR,442.87,502.84,35.32,34.78,epias.com.tr,false,
2022-11-08 02:00:00,Turkey,Turkey,TR,440.0,500.1,35.57,35.07,epias.com.tr,false,
2022-11-08 03:00:00,Turkey,Turkey,TR,436.39,496.82,35.76,35.35,epias.com.tr,false,
2022-11-08 04:00:00,Turkey,Turkey,TR,442.55,504.06,34.23,33.85,epias.com.tr,false,
2022-11-08 05:00:00,Turkey,Turkey,TR,449.28,514.76,30.71,30.2,epias.com.tr,false,
2022-11-08 06:00:00,Turkey,Turkey,TR,425.43,493.53,31.05,30.71,epias.com.tr,false,
2022-11-08 07:00:00,Turkey,Turkey,TR,420.65,488.99,31.38,31.06,epias.com.tr,false,
2022-11-08 08:00:00,Turkey,Turkey,TR,420.99,489.49,31.37,31.08,epias.com.tr,false,
2022-11-08 09:00:00,Turkey,Turkey,TR,421.11,490.32,31.02,30.82,epias.com.tr,false,
2022-11-08 10:00:00,Turkey,Turkey,TR,428.53,496.13,31.43,30.83,epias.com.tr,false,
2022-11-08 11:00:00,Turkey,Turkey,TR,435.06,503.52,30.2,29.56,epias.com.tr,false,
2022-11-08 12:00:00,Turkey,Turkey,TR,433.95,503.83,29.3,28.74,epias.com.tr,false,
2022-11-08 13:00:00,Turkey,Turkey,TR,431.62,501.89,29.22,28.67,epias.com.tr,false,
2022-11-08 14:00:00,Turkey,Turkey,TR,422.35,491.57,30.7,30.24,epias.com.tr,false,
2022-11-08 15:00:00,Turkey,Turkey,TR,408.42,477.13,32.31,32.08,epias.com.tr,false,
2022-11-08 16:00:00,Turkey,Turkey,TR,400.56,467.9,33.93,33.79,epias.com.tr,false,
2022-11-08 17:00:00,Turkey,Turkey,TR,403.0,469.52,34.2,34.09,epias.com.tr,false,
2022-11-08 18:00:00,Turkey,Turkey,TR,406.71,472.48,34.41,34.3,epias.com.tr,false,
2022-11-08 19:00:00,Turkey,Turkey,TR,412.37,478.54,33.74,33.58,epias.com.tr,false,
2022-11-08 20:00:00,Turkey,Turkey,TR,418.13,483.65,33.75,33.42,epias.com.tr,false,
2022-11-08 21:00:00,Turkey,Turkey,TR,422.68,486.63,34.46,33.87,epias.com.tr,false,
2022-11-08 22:00:00,Turkey,Turkey,TR,427.35,489.46,35.39,34.71,epias.com.tr,false,
2022-11-08 23:00:00,Turkey,Turkey,TR,436.68,498.31,34.96,34.37,epias.com.tr,false,
2022-11-09 00:00:00,Turkey,Turkey,TR,440.23,501.09,35.22,34.68,epias.com.tr,false,
2022-11-09 01:00:00,Turkey,Turkey,TR,444.47,504.99,35.08,34.42,epias.com.tr,false,
2022-11-09 02:00:00,Turkey,Turkey,TR,442.8,503.26,35.26,34.59,epias.com.tr,false,
2022-11-09 03:00:00,Turkey,Turkey,TR,442.09,502.79,35.12,34.48,epias.com.tr,false,
2022-11-09 04:00:00,Turkey,Turkey,TR,439.19,501.33,34.29,33.45,epias.com.tr,false,
2022-11-09 05:00:00,Turkey,Turkey,TR,450.39,517.68,29.76,29.14,epias.com.tr,false,
2022-11-09 06:00:00,Turkey,Turkey,TR,443.15,516.14,26.53,25.98,epias.com.tr,false,
2022-11-09 07:00:00,Turkey,Turkey,TR,435.63,509.79,26.5,25.93,epias.com.tr,false,
2022-11-09 08:00:00,Turkey,Turkey,TR,436.26,510.76,26.32,25.76,epias.com.tr,false,
2022-11-09 09:00:00,Turkey,Turkey,TR,436.18,511.19,26.11,25.71,epias.com.tr,false,
2022-11-09 10:00:00,Turkey,Turkey,TR,446.05,520.35,25.81,25.22,epias.com.tr,false,
2022-11-09 11:00:00,Turkey,Turkey,TR,451.01,525.15,25.24,24.62,epias.com.tr,false,
2022-11-09 12:00:00,Turkey,Turkey,TR,447.26,521.63,25.4,24.85,epias.com.tr,false,
2022-11-09 13:00:00,Turkey,Turkey,TR,445.97,520.48,25.33,24.78,epias.com.tr,false,
2022-11-09 14:00:00,Turkey,Turkey,TR,432.89,506.94,26.78,26.35,epias.com.tr,false,
2022-11-09 15:00:00,Turkey,Turkey,TR,414.61,486.91,29.65,29.57,epias.com.tr,false,
2022-11-09 16:00:00,Turkey,Turkey,TR,404.7,475.54,31.47,31.31,epias.com.tr,false,
2022-11-09 17:00:00,Turkey,Turkey,TR,408.32,478.68,31.41,31.19,epias.com.tr,false,
2022-11-09 18:00:00,Turkey,Turkey,TR,413.36,483.22,31.22,30.97,epias.com.tr,false,
2022-11-09 19:00:00,Turkey,Turkey,TR,409.18,477.32,32.86,32.6,epias.com.tr,false,
2022-11-09 20:00:00,Turkey,Turkey,TR,413.37,480.74,33.11,32.72,epias.com.tr,false,
2022-11-09 21:00:00,Turkey,Turkey,TR,425.98,492.28,32.74,32.12,epias.com.tr,false,
2022-11-09 22:00:00,Turkey,Turkey,TR,444.22,510.73,31.01,30.24,epias.com.tr,false,
2022-11-09 23:00:00,Turkey,Turkey,TR,456.79,524.06,29.55,28.93,epias.com.tr,false,
2022-11-10 00:00:00,Turkey,Turkey,TR,467.86,536.63,27.66,27.11,epias.com.tr,false,
2022-11-10 01:00:00,Turkey,Turkey,TR,470.67,539.17,27.77,27.24,epias.com.tr,false,
2022-11-10 02:00:00,Turkey,Turkey,TR,474.58,543.06,27.4,26.74,epias.com.tr,false,
2022-11-10 03:00:00,Turkey,Turkey,TR,484.15,554.2,25.3,24.47,epias.com.tr,false,
2022-11-10 04:00:00,Turkey,Turkey,TR,487.51,559.79,23.39,22.68,epias.com.tr,false,
2022-11-10 05:00:00,Turkey,Turkey,TR,482.12,555.59,22.94,22.33,epias.com.tr,false,
2022-11-10 06:00:00,Turkey,Turkey,TR,462.95,538.3,23.34,22.96,epias.com.tr,false,
2022-11-10 07:00:00,Turkey,Turkey,TR,449.76,524.3,25.17,24.8,epias.com.tr,false,
2022-11-10 08:00:00,Turkey,Turkey,TR,456.34,531.76,24.13,23.71,epias.com.tr,false,
2022-11-10 09:00:00,Turkey,Turkey,TR,458.97,534.91,23.67,23.32,epias.com.tr,false,
2022-11-10 10:00:00,Turkey,Turkey,TR,477.86,554.69,21.43,20.94,epias.com.tr,false,
2022-11-10 11:00:00,Turkey,Turkey,TR,477.89,555.02,21.2,20.62,epias.com.tr,false,
2022-11-10 12:00:00,Turkey,Turkey,TR,468.13,544.3,22.56,21.95,epias.com.tr,false,
2022-11-10 13:00:00,Turkey,Turkey,TR,465.28,541.34,22.75,22.27,epias.com.tr,false,
2022-11-10 14:00:00,Turkey,Turkey,TR,447.79,523.14,24.76,24.35,epias.com.tr,false,
2022-11-10 15:00:00,Turkey,Turkey,TR,425.96,498.81,28.28,28.05,epias.com.tr,false,
2022-11-10 16:00:00,Turkey,Turkey,TR,414.78,486.4,30.14,29.98,epias.com.tr,false,
2022-11-10 17:00:00,Turkey,Turkey,TR,423.94,496.76,28.48,28.24,epias.com.tr,false,
2022-11-10 18:00:00,Turkey,Turkey,TR,431.74,505.14,27.4,27.12,epias.com.tr,false,
2022-11-10 19:00:00,Turkey,Turkey,TR,438.76,511.98,26.94,26.67,epias.com.tr,false,
2022-11-10 20:00:00,Turkey,Turkey,TR,444.51,516.76,27.14,26.81,epias.com.tr,false,
2022-11-10 21:00:00,Turkey,Turkey,TR,456.78,529.13,25.99,25.37,epias.com.tr,false,
2022-11-10 22:00:00,Turkey,Turkey,TR,477.07,549.82,23.89,23.1,epias.com.tr,false,
2022-11-10 23:00:00,Turkey,Turkey,TR,489.7,562.74,22.69,22.13,epias.com.tr,false,
2022-11-11 00:00:00,Turkey,Turkey,TR,490.12,561.16,24.06,23.31,epias.com.tr,false,
2022-11-11 01:00:00,Turkey,Turkey,TR,501.21,572.94,22.59,21.98,epias.com.tr,false,
2022-11-11 02:00:00,Turkey,Turkey,TR,506.16,578.01,21.97,20.99,epias.com.tr,false,
2022-11-11 03:00:00,Turkey,Turkey,TR,511.12,582.75,21.64,20.71,epias.com.tr,false,
2022-11-11 04:00:00,Turkey,Turkey,TR,504.7,578.45,20.71,19.94,epias.com.tr,false,
2022-11-11 05:00:00,Turkey,Turkey,TR,491.08,565.9,21.18,20.61,epias.com.tr,false,
2022-11-11 06:00:00,Turkey,Turkey,TR,461.64,536.18,23.89,23.6,epias.com.tr,false,
2022-11-11 07:00:00,Turkey,Turkey,TR,447.13,520.59,26.08,25.93,epias.com.tr,false,
2022-11-11 08:00:00,Turkey,Turkey,TR,448.87,521.83,26.33,26.01,epias.com.tr,false,
2022-11-11 09:00:00,Turkey,Turkey,TR,454.66,528.6,25.35,25.18,epias.com.tr,false,
2022-11-11 10:00:00,Turkey,Turkey,TR,474.37,548.55,23.56,23.33,epias.com.tr,false,
2022-11-11 11:00:00,Turkey,Turkey,TR,474.87,549.52,23.11,22.57,epias.com.tr,false,
2022-11-11 12:00:00,Turkey,Turkey,TR,466.14,541.03,23.51,22.98,epias.com.tr,false,
2022-11-11 13:00:00,Turkey,Turkey,TR,461.98,536.93,23.67,23.14,epias.com.tr,false,
2022-11-11 14:00:00,Turkey,Turkey,TR,445.08,518.64,26.0,25.52,epias.com.tr,false,
2022-11-11 15:00:00,Turkey,Turkey,TR,422.28,493.91,29.27,28.9,epias.com.tr,false,
2022-11-11 16:00:00,Turkey,Turkey,TR,408.76,478.66,31.65,31.59,epias.com.tr,false,
2022-11-11 17:00:00,Turkey,Turkey,TR,410.03,479.54,31.81,31.6,epias.com.tr,false,
2022-11-11 18:00:00,Turkey,Turkey,TR,416.13,486.16,30.96,30.78,epias.com.tr,false,
2022-11-11 19:00:00,Turkey,Turkey,TR,416.75,485.77,31.61,31.41,epias.com.tr,false,
2022-11-11 20:00:00,Turkey,Turkey,TR,419.38,487.22,32.21,31.93,epias.com.tr,false,
2022-11-11 21:00:00,Turkey,Turkey,TR,423.24,489.25,33.08,32.71,epias.com.tr,false,
2022-11-11 22:00:00,Turkey,Turkey,TR,433.34,497.53,33.37,32.76,epias.com.tr,false,
2022-11-11 23:00:00,Turkey,Turkey,TR,447.66,509.99,33.25,32.68,epias.com.tr,false,
2022-11-12 00:00:00,Turkey,Turkey,TR,444.35,503.93,35.58,34.98,epias.com.tr,false,
2022-11-12 01:00:00,Turkey,Turkey,TR,449.27,509.1,35.12,34.52,epias.com.tr,false,
2022-11-12 02:00:00,Turkey,Turkey,TR,449.49,509.33,35.1,34.46,epias.com.tr,false,
2022-11-12 03:00:00,Turkey,Turkey,TR,452.09,511.75,34.96,34.31,epias.com.tr,false,
2022-11-12 04:00:00,Turkey,Turkey,TR,448.22,507.88,35.17,34.41,epias.com.tr,false,
2022-11-12 05:00:00,Turkey,Turkey,TR,455.43,516.63,33.39,32.51,epias.com.tr,false,
2022-11-12 06:00:00,Turkey,Turkey,TR,443.94,507.48,32.88,32.42,epias.com.tr,false,
2022-11-12 07:00:00,Turkey,Turkey,TR,426.4,488.81,35.29,34.73,epias.com.tr,false,
2022-11-12 08:00:00,Turkey,Turkey,TR,429.8,492.84,34.68,34.29,epias.com.tr,false,
2022-11-12 09:00:00,Turkey,Turkey,TR,428.22,490.98,35.13,34.84,epias.com.tr,false,
2022-11-12 10:00:00,Turkey,Turkey,TR,436.7,499.03,34.82,34.41,epias.com.tr,false,
2022-11-12 11:00:00,Turkey,Turkey,TR,441.44,504.76,33.72,33.26,epias.com.tr,false,
2022-11-12 12:00:00,Turkey,Turkey,TR,441.29,504.97,33.42,32.77,epias.com.tr,false,
2022-11-12 13:00:00,Turkey,Turkey,TR,450.96,517.45,30.53,29.84,epias.com.tr,false,
2022-11-12 14:00:00,Turkey,Turkey,TR,443.76,512.66,29.48,28.82,epias.com.tr,false,
2022-11-12 15:00:00,Turkey,Turkey,TR,417.63,485.04,32.82,32.49,epias.com.tr,false,
2022-11-12 16:00:00,Turkey,Turkey,TR,398.14,463.62,35.9,35.61,epias.com.tr,false,
2022-11-12 17:00:00,Turkey,Turkey,TR,397.99,463.6,35.92,35.74,epias.com.tr,false,
2022-11-12 18:00:00,Turkey,Turkey,TR,403.67,470.44,34.62,34.47,epias.com.tr,false,
2022-11-12 19:00:00,Turkey,Turkey,TR,411.49,479.47,33.18,32.99,epias.com.tr,false,
2022-11-12 20:00:00,Turkey,Turkey,TR,419.37,486.8,32.85,32.55,epias.com.tr,false,
2022-11-12 21:00:00,Turkey,Turkey,TR,426.16,490.85,34.01,33.43,epias.com.tr,false,
2022-11-12 22:00:00,Turkey,Turkey,TR,440.21,502.58,34.32,33.59,epias.com.tr,false,
2022-11-12 23:00:00,Turkey,Turkey,TR,454.76,517.13,33.17,32.57,epias.com.tr,false,
2022-11-13 00:00:00,Turkey,Turkey,TR,462.25,524.34,32.82,32.2,epias.com.tr,false,
2022-11-13 01:00:00,Turkey,Turkey,TR,461.79,522.3,33.99,33.4,epias.com.tr,false,
2022-11-13 02:00:00,Turkey,Turkey,TR,460.2,520.07,34.63,33.9,epias.com.tr,false,
2022-11-13 03:00:00,Turkey,Turkey,TR,451.57,510.89,35.77,34.87,epias.com.tr,false,
2022-11-13 04:00:00,Turkey,Turkey,TR,452.15,512.41,35.06,34.36,epias.com.tr,false,
2022-11-13 05:00:00,Turkey,Turkey,TR,450.14,509.59,35.83,35.35,epias.com.tr,false,
2022-11-13 06:00:00,Turkey,Turkey,TR,433.79,491.66,38.68,38.21,epias.com.tr,false,
2022-11-13 07:00:00,Turkey,Turkey,TR,426.44,483.71,39.89,39.4,epias.com.tr,false,
2022-11-13 08:00:00,Turkey,Turkey,TR,424.25,482.33,39.79,39.39,epias.com.tr,false,
2022-11-13 09:00:00,Turkey,Turkey,TR,427.34,485.42,39.59,39.2,epias.com.tr,false,
2022-11-13 10:00:00,Turkey,Turkey,TR,437.22,496.18,38.23,37.81,epias.com.tr,false,
2022-11-13 11:00:00,Turkey,Turkey,TR,436.77,495.79,38.18,37.8,epias.com.tr,false,
2022-11-13 12:00:00,Turkey,Turkey,TR,440.91,500.28,37.34,36.88,epias.com.tr,false,
2022-11-13 13:00:00,Turkey,Turkey,TR,443.5,503.04,36.53,35.65,epias.com.tr,false,
2022-11-13 14:00:00,Turkey,Turkey,TR,444.47,505.33,35.19,34.48,epias.com.tr,false,
2022-11-13 15:00:00,Turkey,Turkey,TR,427.7,489.22,35.86,35.24,epias.com.tr,false,
2022-11-13 16:00:00,Turkey,Turkey,TR,409.48,469.79,38.19,37.81,epias.com.tr,false,
2022-11-13 17:00:00,Turkey,Turkey,TR,406.41,466.41,38.6,38.29,epias.com.tr,false,
2022-11-13 18:00:00,Turkey,Turkey,TR,408.76,467.96,38.86,38.5,epias.com.tr,false,
2022-11-13 19:00:00,Turkey,Turkey,TR,403.48,460.14,41.14,40.82,epias.com.tr,false,
2022-11-13 20:00:00,Turkey,Turkey,TR,403.56,458.6,42.42,42.08,epias.com.tr,false,
2022-11-13 21:00:00,Turkey,Turkey,TR,417.72,473.43,40.67,40.21,epias.com.tr,false,
2022-11-13 22:00:00,Turkey,Turkey,TR,434.93,492.33,38.09,37.55,epias.com.tr,false,
2022-11-13 23:00:00,Turkey,Turkey,TR,446.45,503.84,37.21,36.7,epias.com.tr,false,
2022-11-14 00:00:00,Turkey,Turkey,TR,458.25,516.46,35.63,35.13,epias.com.tr,false,
2022-11-14 01:00:00,Turkey,Turkey,TR,461.5,520.04,35.25,34.63,epias.com.tr,false,
2022-11-14 02:00:00,Turkey,Turkey,TR,448.78,507.21,36.67,36.11,epias.com.tr,false,
2022-11-14 03:00:00,Turkey,Turkey,TR,453.09,511.29,36.25,35.75,epias.com.tr,false,
2022-11-14 04:00:00,Turkey,Turkey,TR,454.94,514.8,34.7,33.93,epias.com.tr,false,
2022-11-14 05:00:00,Turkey,Turkey,TR,458.84,524.04,30.59,29.92,epias.com.tr,false,
2022-11-14 06:00:00,Turkey,Turkey,TR,439.29,508.1,29.79,29.46,epias.com.tr,false,
2022-11-14 07:00:00,Turkey,Turkey,TR,429.75,498.79,30.48,30.34,epias.com.tr,false,
2022-11-14 08:00:00,Turkey,Turkey,TR,418.56,485.27,33.14,33.0,epias.com.tr,false,
2022-11-14 09:00:00,Turkey,Turkey,TR,412.79,477.58,35.0,34.83,epias.com.tr,false,
2022-11-14 10:00:00,Turkey,Turkey,TR,436.6,503.38,31.47,31.2,epias.com.tr,false,
2022-11-14 11:00:00,Turkey,Turkey,TR,438.56,507.58,29.8,29.51,epias.com.tr,false,
2022-11-14 12:00:00,Turkey,Turkey,TR,434.09,502.78,30.28,29.66,epias.com.tr,false,
2022-11-14 13:00:00,Turkey,Turkey,TR,437.03,506.24,29.53,28.89,epias.com.tr,false,
2022-11-14 14:00:00,Turkey,Turkey,TR,427.11,497.46,29.64,29.29,epias.com.tr,false,
2022-11-14 15:00:00,Turkey,Turkey,TR,410.57,481.12,30.99,30.83,epias.com.tr,false,
2022-11-14 16:00:00,Turkey,Turkey,TR,399.92,468.3,33.38,33.2,epias.com.tr,false,
2022-11-14 17:00:00,Turkey,Turkey,TR,406.82,475.5,32.59,32.44,epias.com.tr,false,
2022-11-14 18:00:00,Turkey,Turkey,TR,413.29,482.13,32.0,31.86,epias.com.tr,false,
2022-11-14 19:00:00,Turkey,Turkey,TR,417.15,485.5,32.04,31.88,epias.com.tr,false,
2022-11-14 20:00:00,Turkey,Turkey,TR,417.4,483.63,33.62,33.42,epias.com.tr,false,
2022-11-14 21:00:00,Turkey,Turkey,TR,426.59,491.89,33.49,33.1,epias.com.tr,false,
2022-11-14 22:00:00,Turkey,Turkey,TR,435.29,497.72,34.67,34.03,epias.com.tr,false,
2022-11-14 23:00:00,Turkey,Turkey,TR,447.06,508.82,34.21,33.61,epias.com.tr,false,
2022-11-15 00:00:00,Turkey,Turkey,TR,459.22,521.88,32.57,32.04,epias.com.tr,false,
2022-11-15 01:00:00,Turkey,Turkey,TR,464.18,527.27,31.89,31.4,epias.com.tr,false,
2022-11-15 02:00:00,Turkey,Turkey,TR,471.92,535.79,30.61,29.73,epias.com.tr,false,
2022-11-15 03:00:00,Turkey,Turkey,TR,475.78,540.18,29.95,29.1,epias.com.tr,false,
2022-11-15 04:00:00,Turkey,Turkey,TR,477.2,545.26,27.38,26.9,epias.com.tr,false,
2022-11-15 05:00:00,Turkey,Turkey,TR,482.34,555.04,23.7,23.21,epias.com.tr,false,
2022-11-15 06:00:00,Turkey,Turkey,TR,458.63,533.31,24.53,24.3,epias.com.tr,false,
2022-11-15 07:00:00,Turkey,Turkey,TR,449.5,524.62,25.06,25.01,epias.com.tr,false,
2022-11-15 08:00:00,Turkey,Turkey,TR,453.76,529.78,24.14,24.07,epias.com.tr,false,
2022-11-15 09:00:00,Turkey,Turkey,TR,447.74,523.83,24.72,24.69,epias.com.tr,false,
2022-11-15 10:00:00,Turkey,Turkey,TR,461.15,537.68,23.31,23.2,epias.com.tr,false,
2022-11-15 11:00:00,Turkey,Turkey,TR,460.34,536.76,23.38,23.09,epias.com.tr,false,
2022-11-15 12:00:00,Turkey,Turkey,TR,458.98,536.28,22.84,22.41,epias.com.tr,false,
2022-11-15 13:00:00,Turkey,Turkey,TR,458.24,536.94,22.02,21.62,epias.com.tr,false,
2022-11-15 14:00:00,Turkey,Turkey,TR,447.18,526.92,22.2,21.95,epias.com.tr,false,
2022-11-15 15:00:00,Turkey,Turkey,TR,424.27,501.52,25.86,25.71,epias.com.tr,false,
2022-11-15 16:00:00,Turkey,Turkey,TR,416.23,491.63,27.8,27.63,epias.com.tr,false,
2022-11-15 17:00:00,Turkey,Turkey,TR,429.52,506.45,25.65,25.41,epias.com.tr,false,
2022-11-15 18:00:00,Turkey,Turkey,TR,437.76,514.99,24.75,24.49,epias.com.tr,false,
2022-11-15 19:00:00,Turkey,Turkey,TR,444.78,521.39,24.57,24.29,epias.com.tr,false,
2022-11-15 20:00:00,Turkey,Turkey,TR,446.88,521.05,25.99,25.66,epias.com.tr,false,
2022-11-15 21:00:00,Turkey,Turkey,TR,456.77,529.69,25.83,25.28,epias.com.tr,false,
2022-11-15 22:00:00,Turkey,Turkey,TR,476.88,549.95,23.95,23.11,epias.com.tr,false,
2022-11-15 23:00:00,Turkey,Turkey,TR,486.99,559.83,23.33,22.76,epias.com.tr,false,
2022-11-16 00:00:00,Turkey,Turkey,TR,496.08,568.46,22.73,21.89,epias.com.tr,false,
2022-11-16 01:00:00,Turkey,Turkey,TR,509.7,582.26,21.41,20.47,epias.com.tr,false,
2022-11-16 02:00:00,Turkey,Turkey,TR,513.24,585.42,21.32,20.39,epias.com.tr,false,
2022-11-16 03:00:00,Turkey,Turkey,TR,507.94,579.4,22.18,21.25,epias.com.tr,false,
2022-11-16 04:00:00,Turkey,Turkey,TR,502.06,575.44,21.48,21.06,epias.com.tr,false,
2022-11-16 05:00:00,Turkey,Turkey,TR,489.96,565.56,20.98,20.66,epias.com.tr,false,
2022-11-16 06:00:00,Turkey,Turkey,TR,464.4,541.87,21.92,21.84,epias.com.tr,false,
2022-11-16 07:00:00,Turkey,Turkey,TR,446.59,522.91,24.29,24.23,epias.com.tr,false,
2022-11-16 08:00:00,Turkey,Turkey,TR,442.37,518.72,24.65,24.58,epias.com.tr,false,
2022-11-16 09:00:00,Turkey,Turkey,TR,441.84,517.87,24.91,24.87,epias.com.tr,false,
2022-11-16 10:00:00,Turkey,Turkey,TR,456.64,532.58,23.61,23.52,epias.com.tr,false,
2022-11-16 11:00:00,Turkey,Turkey,TR,456.17,532.76,23.22,23.16,epias.com.tr,false,
2022-11-16 12:00:00,Turkey,Turkey,TR,449.0,525.58,23.85,23.78,epias.com.tr,false,
2022-11-16 13:00:00,Turkey,Turkey,TR,450.2,527.28,23.26,23.2,epias.com.tr,false,
2022-11-16 14:00:00,Turkey,Turkey,TR,441.6,518.34,24.23,24.2,epias.com.tr,false,
2022-11-16 15:00:00,Turkey,Turkey,TR,428.08,503.11,26.51,26.48,epias.com.tr,false,
2022-11-16 16:00:00,Turkey,Turkey,TR,421.42,494.57,28.35,28.32,epias.com.tr,false,
2022-11-16 17:00:00,Turkey,Turkey,TR,424.22,496.49,28.74,28.71,epias.com.tr,false,
2022-11-16 18:00:00,Turkey,Turkey,TR,425.47,496.86,29.2,29.14,epias.com.tr,false,
2022-11-16 19:00:00,Turkey,Turkey,TR,419.15,486.81,32.26,32.18,epias.com.tr,false,
2022-11-16 20:00:00,Turkey,Turkey,TR,404.33,465.47,37.93,37.77,epias.com.tr,false,
2022-11-16 21:00:00,Turkey,Turkey,TR,406.97,464.35,40.18,39.9,epias.com.tr,false,
2022-11-16 22:00:00,Turkey,Turkey,TR,415.43,471.29,40.47,40.09,epias.com.tr,false,
2022-11-16 23:00:00,Turkey,Turkey,TR,418.51,473.48,40.86,40.44,epias.com.tr,false,
2022-11-17 00:00:00,Turkey,Turkey,TR,424.87,480.22,40.07,39.61,epias.com.tr,false,
2022-11-17 01:00:00,Turkey,Turkey,TR,423.67,479.4,40.05,39.6,epias.com.tr,false,
2022-11-17 02:00:00,Turkey,Turkey,TR,415.72,471.07,41.08,40.69,epias.com.tr,false,
2022-11-17 03:00:00,Turkey,Turkey,TR,416.55,471.71,41.04,40.67,epias.com.tr,false,
2022-11-17 04:00:00,Turkey,Turkey,TR,429.42,485.27,39.16,38.86,epias.com.tr,false,
2022-11-17 05:00:00,Turkey,Turkey,TR,437.46,495.99,36.41,36.22,epias.com.tr,false,
2022-11-17 06:00:00,Turkey,Turkey,TR,419.1,481.36,35.47,35.36,epias.com.tr,false,
2022-11-17 07:00:00,Turkey,Turkey,TR,408.31,471.15,36.04,35.97,epias.com.tr,false,
2022-11-17 08:00:00,Turkey,Turkey,TR,404.28,466.16,37.01,36.98,epias.com.tr,false,
2022-11-17 09:00:00,Turkey,Turkey,TR,396.68,456.35,39.08,39.05,epias.com.tr,false,
2022-11-17 10:00:00,Turkey,Turkey,TR,391.61,449.66,40.62,40.59,epias.com.tr,false,
2022-11-17 11:00:00,Turkey,Turkey,TR,385.91,444.09,40.97,40.93,epias.com.tr,false,
2022-11-17 12:00:00,Turkey,Turkey,TR,391.97,451.32,39.48,39.4,epias.com.tr,false,
2022-11-17 13:00:00,Turkey,Turkey,TR,393.75,454.53,38.28,38.18,epias.com.tr,false,
2022-11-17 14:00:00,Turkey,Turkey,TR,383.46,443.89,39.53,39.4,epias.com.tr,false,
2022-11-17 15:00:00,Turkey,Turkey,TR,370.96,429.89,41.58,41.38,epias.com.tr,false,
2022-11-17 16:00:00,Turkey,Turkey,TR,370.21,428.53,42.24,42.06,epias.com.tr,false,
2022-11-17 17:00:00,Turkey,Turkey,TR,373.9,431.32,42.53,42.35,epias.com.tr,false,
2022-11-17 18:00:00,Turkey,Turkey,TR,372.24,427.5,44.19,43.96,epias.com.tr,false,
2022-11-17 19:00:00,Turkey,Turkey,TR,370.19,424.28,45.28,45.04,epias.com.tr,false,
2022-11-17 20:00:00,Turkey,Turkey,TR,358.39,409.29,48.6,48.38,epias.com.tr,false,
2022-11-17 21:00:00,Turkey,Turkey,TR,367.38,417.85,48.14,47.82,epias.com.tr,false,
2022-11-17 22:00:00,Turkey,Turkey,TR,373.27,425.02,46.82,46.41,epias.com.tr,false,
2022-11-17 23:00:00,Turkey,Turkey,TR,379.06,432.21,45.46,44.94,epias.com.tr,false,
2022-11-18 00:00:00,Turkey,Turkey,TR,387.18,440.87,44.44,43.88,epias.com.tr,false,
2022-11-18 01:00:00,Turkey,Turkey,TR,384.91,438.98,44.49,43.95,epias.com.tr,false,
2022-11-18 02:00:00,Turkey,Turkey,TR,391.57,446.19,43.58,43.13,epias.com.tr,false,
2022-11-18 03:00:00,Turkey,Turkey,TR,397.54,452.12,43.0,42.51,epias.com.tr,false,
2022-11-18 04:00:00,Turkey,Turkey,TR,407.48,462.52,41.61,41.3,epias.com.tr,false,
2022-11-18 05:00:00,Turkey,Turkey,TR,414.88,470.64,40.17,39.98,epias.com.tr,false,
2022-11-18 06:00:00,Turkey,Turkey,TR,404.75,463.75,38.8,38.69,epias.com.tr,false,
2022-11-18 07:00:00,Turkey,Turkey,TR,403.63,466.29,36.37,36.34,epias.com.tr,false,
2022-11-18 08:00:00,Turkey,Turkey,TR,394.8,456.3,37.87,37.84,epias.com.tr,false,
2022-11-18 09:00:00,Turkey,Turkey,TR,388.54,448.98,39.08,39.05,epias.com.tr,false,
2022-11-18 10:00:00,Turkey,Turkey,TR,391.81,449.74,40.53,40.5,epias.com.tr,false,
2022-11-18 11:00:00,Turkey,Turkey,TR,395.93,454.22,39.81,39.57,epias.com.tr,false,
2022-11-18 12:00:00,Turkey,Turkey,TR,394.25,454.26,38.76,38.59,epias.com.tr,false,
2022-11-18 13:00:00,Turkey,Turkey,TR,399.19,460.93,37.15,37.12,epias.com.tr,false,
2022-11-18 14:00:00,Turkey,Turkey,TR,394.27,455.99,37.6,37.57,epias.com.tr,false,
2022-11-18 15:00:00,Turkey,Turkey,TR,380.47,440.52,40.03,40.0,epias.com.tr,false,
2022-11-18 16:00:00,Turkey,Turkey,TR,367.46,424.04,43.64,43.61,epias.com.tr,false,
2022-11-18 17:00:00,Turkey,Turkey,TR,373.22,428.83,43.66,43.5,epias.com.tr,false,
2022-11-18 18:00:00,Turkey,Turkey,TR,370.62,424.13,45.37,45.18,epias.com.tr,false,
2022-11-18 19:00:00,Turkey,Turkey,TR,367.81,419.58,46.73,46.42,epias.com.tr,false,
2022-11-18 20:00:00,Turkey,Turkey,TR,353.25,402.69,49.8,49.43,epias.com.tr,false,
2022-11-18 21:00:00,Turkey,Turkey,TR,348.93,397.96,50.62,50.19,epias.com.tr,false,
2022-11-18 22:00:00,Turkey,Turkey,TR,354.2,402.18,50.8,50.24,epias.com.tr,false,
2022-11-18 23:00:00,Turkey,Turkey,TR,351.11,398.45,51.62,51.05,epias.com.tr,false,
2022-11-19 00:00:00,Turkey,Turkey,TR,353.58,401.05,51.34,50.7,epias.com.tr,false,
2022-11-19 01:00:00,Turkey,Turkey,TR,346.66,394.15,52.16,51.46,epias.com.tr,false,
2022-11-19 02:00:00,Turkey,Turkey,TR,338.14,385.51,53.18,52.49,epias.com.tr,false,
2022-11-19 03:00:00,Turkey,Turkey,TR,351.32,399.24,51.52,50.81,epias.com.tr,false,
2022-11-19 04:00:00,Turkey,Turkey,TR,360.36,409.64,49.71,49.03,epias.com.tr,false,
2022-11-19 05:00:00,Turkey,Turkey,TR,386.58,438.1,45.57,44.63,epias.com.tr,false,
2022-11-19 06:00:00,Turkey,Turkey,TR,388.26,442.26,43.79,43.0,epias.com.tr,false,
2022-11-19 07:00:00,Turkey,Turkey,TR,396.0,450.92,42.41,41.8,epias.com.tr,false,
2022-11-19 08:00:00,Turkey,Turkey,TR,393.72,448.83,42.52,42.11,epias.com.tr,false,
2022-11-19 09:00:00,Turkey,Turkey,TR,388.0,442.12,43.72,43.38,epias.com.tr,false,
2022-11-19 10:00:00,Turkey,Turkey,TR,386.36,439.81,44.37,44.1,epias.com.tr,false,
2022-11-19 11:00:00,Turkey,Turkey,TR,382.81,436.69,44.45,44.22,epias.com.tr,false,
2022-11-19 12:00:00,Turkey,Turkey,TR,390.53,445.14,43.18,43.03,epias.com.tr,false,
2022-11-19 13:00:00,Turkey,Turkey,TR,393.09,449.38,41.9,41.72,epias.com.tr,false,
2022-11-19 14:00:00,Turkey,Turkey,TR,395.01,453.21,40.43,40.27,epias.com.tr,false,
2022-11-19 15:00:00,Turkey,Turkey,TR,388.95,448.95,39.87,39.71,epias.com.tr,false,
2022-11-19 16:00:00,Turkey,Turkey,TR,380.88,440.5,40.84,40.72,epias.com.tr,false,
2022-11-19 17:00:00,Turkey,Turkey,TR,383.12,441.9,41.12,40.94,epias.com.tr,false,
2022-11-19 18:00:00,Turkey,Turkey,TR,379.56,436.25,42.97,42.71,epias.com.tr,false,
2022-11-19 19:00:00,Turkey,Turkey,TR,373.99,427.58,45.53,45.23,epias.com.tr,false,
2022-11-19 20:00:00,Turkey,Turkey,TR,363.8,412.56,49.68,49.36,epias.com.tr,false,
2022-11-19 21:00:00,Turkey,Turkey,TR,360.96,409.12,50.38,50.02,epias.com.tr,false,
2022-11-19 22:00:00,Turkey,Turkey,TR,368.35,417.36,49.22,48.74,epias.com.tr,false,
2022-11-19 23:00:00,Turkey,Turkey,TR,382.21,432.11,47.36,46.98,epias.com.tr,false,
2022-11-20 00:00:00,Turkey,Turkey,TR,381.59,432.1,47.19,46.65,epias.com.tr,false,
2022-11-20 01:00:00,Turkey,Turkey,TR,376.46,427.05,47.77,47.21,epias.com.tr,false,
2022-11-20 02:00:00,Turkey,Turkey,TR,359.89,410.03,49.88,49.39,epias.com.tr,false,
2022-11-20 03:00:00,Turkey,Turkey,TR,358.42,408.15,50.26,49.75,epias.com.tr,false,
2022-11-20 04:00:00,Turkey,Turkey,TR,354.7,404.39,50.61,50.26,epias.com.tr,false,
2022-11-20 05:00:00,Turkey,Turkey,TR,350.29,399.25,51.48,51.16,epias.com.tr,false,
2022-11-20 06:00:00,Turkey,Turkey,TR,335.13,384.39,53.0,52.75,epias.com.tr,false,
2022-11-20 07:00:00,Turkey,Turkey,TR,323.52,372.37,54.39,54.14,epias.com.tr,false,
2022-11-20 08:00:00,Turkey,Turkey,TR,316.35,364.96,55.17,54.86,epias.com.tr,false,
2022-11-20 09:00:00,Turkey,Turkey,TR,317.6,366.26,54.96,54.71,epias.com.tr,false,
2022-11-20 10:00:00,Turkey,Turkey,TR,321.9,370.27,54.67,54.4,epias.com.tr,false,
2022-11-20 11:00:00,Turkey,Turkey,TR,321.8,370.08,54.59,54.31,epias.com.tr,false,
2022-11-20 12:00:00,Turkey,Turkey,TR,325.41,373.41,54.28,54.04,epias.com.tr,false,
2022-11-20 13:00:00,Turkey,Turkey,TR,340.94,389.76,52.11,51.85,epias.com.tr,false,
2022-11-20 14:00:00,Turkey,Turkey,TR,371.05,421.94,47.61,47.39,epias.com.tr,false,
2022-11-20 15:00:00,Turkey,Turkey,TR,354.25,403.98,50.01,49.9,epias.com.tr,false,
2022-11-20 16:00:00,Turkey,Turkey,TR,348.43,397.18,51.09,50.98,epias.com.tr,false,
2022-11-20 17:00:00,Turkey,Turkey,TR,350.55,398.96,51.09,50.94,epias.com.tr,false,
2022-11-20 18:00:00,Turkey,Turkey,TR,355.78,404.61,50.39,50.21,epias.com.tr,false,
2022-11-20 19:00:00,Turkey,Turkey,TR,355.17,403.46,50.92,50.7,epias.com.tr,false,
2022-11-20 20:00:00,Turkey,Turkey,TR,364.53,413.18,49.81,49.65,epias.com.tr,false,
2022-11-20 21:00:00,Turkey,Turkey,TR,374.98,424.11,48.41,48.2,epias.com.tr,false,
2022-11-20 22:00:00,Turkey,Turkey,TR,369.37,418.6,49.02,48.87,epias.com.tr,false,
2022-11-20 23:00:00,Turkey,Turkey,TR,346.07,395.19,51.64,51.51,epias.com.tr,false,
2022-11-21 00:00:00,Turkey,Turkey,TR,334.63,383.21,53.15,53.01,epias.com.tr,false,
2022-11-21 01:00:00,Turkey,Turkey,TR,339.13,387.93,52.63,52.43,epias.com.tr,false,
2022-11-21 02:00:00,Turkey,Turkey,TR,342.16,391.42,52.18,51.95,epias.com.tr,false,
2022-11-21 03:00:00,Turkey,Turkey,TR,344.32,393.39,51.84,51.54,epias.com.tr,false,
2022-11-21 04:00:00,Turkey,Turkey,TR,346.47,396.09,51.06,50.77,epias.com.tr,false,
2022-11-21 05:00:00,Turkey,Turkey,TR,372.4,424.06,46.83,46.71,epias.com.tr,false,
2022-11-21 06:00:00,Turkey,Turkey,TR,384.43,440.42,42.46,42.43,epias.com.tr,false,
2022-11-21 07:00:00,Turkey,Turkey,TR,385.87,444.95,40.16,40.13,epias.com.tr,false,
2022-11-21 08:00:00,Turkey,Turkey,TR,383.11,442.28,40.36,40.32,epias.com.tr,false,
2022-11-21 09:00:00,Turkey,Turkey,TR,380.69,438.76,41.28,41.19,epias.com.tr,false,
2022-11-21 10:00:00,Turkey,Turkey,TR,376.22,434.64,41.69,41.54,epias.com.tr,false,
2022-11-21 11:00:00,Turkey,Turkey,TR,369.79,429.67,41.32,41.24,epias.com.tr,false,
2022-11-21 12:00:00,Turkey,Turkey,TR,381.81,441.78,39.96,39.89,epias.com.tr,false,
2022-11-21 13:00:00,Turkey,Turkey,TR,377.76,438.44,39.9,39.87,epias.com.tr,false,
2022-11-21 14:00:00,Turkey,Turkey,TR,377.51,437.83,40.05,40.02,epias.com.tr,false,
2022-11-21 15:00:00,Turkey,Turkey,TR,368.51,427.73,41.68,41.65,epias.com.tr,false,
2022-11-21 16:00:00,Turkey,Turkey,TR,364.91,422.8,42.99,42.96,epias.com.tr,false,
2022-11-21 17:00:00,Turkey,Turkey,TR,374.12,432.22,42.1,41.98,epias.com.tr,false,
2022-11-21 18:00:00,Turkey,Turkey,TR,376.84,434.73,42.05,41.99,epias.com.tr,false,
2022-11-21 19:00:00,Turkey,Turkey,TR,378.45,434.65,43.03,42.95,epias.com.tr,false,
2022-11-21 20:00:00,Turkey,Turkey,TR,377.08,431.47,44.36,44.16,epias.com.tr,false,
2022-11-21 21:00:00,Turkey,Turkey,TR,384.09,438.94,43.51,43.2,epias.com.tr,false,
2022-11-21 22:00:00,Turkey,Turkey,TR,389.78,444.2,43.38,43.02,epias.com.tr,false,
2022-11-21 23:00:00,Turkey,Turkey,TR,416.54,471.8,40.39,40.0,epias.com.tr,false,
2022-11-22 00:00:00,Turkey,Turkey,TR,436.86,493.41,37.73,37.33,epias.com.tr,false,
2022-11-22 01:00:00,Turkey,Turkey,TR,451.28,508.57,35.84,35.01,epias.com.tr,false,
2022-11-22 02:00:00,Turkey,Turkey,TR,444.93,503.23,35.99,35.16,epias.com.tr,false,
2022-11-22 03:00:00,Turkey,Turkey,TR,455.92,514.08,34.98,34.3,epias.com.tr,false,
2022-11-22 04:00:00,Turkey,Turkey,TR,451.88,513.41,33.16,32.65,epias.com.tr,false,
2022-11-22 05:00:00,Turkey,Turkey,TR,458.3,525.32,28.83,28.54,epias.com.tr,false,
2022-11-22 06:00:00,Turkey,Turkey,TR,449.26,521.94,25.89,25.83,epias.com.tr,false,
2022-11-22 07:00:00,Turkey,Turkey,TR,439.33,512.9,26.33,26.3,epias.com.tr,false,
2022-11-22 08:00:00,Turkey,Turkey,TR,440.47,513.45,26.67,26.57,epias.com.tr,false,
2022-11-22 09:00:00,Turkey,Turkey,TR,444.34,516.95,26.66,26.58,epias.com.tr,false,
2022-11-22 10:00:00,Turkey,Turkey,TR,461.62,535.54,24.39,24.28,epias.com.tr,false,
2022-11-22 11:00:00,Turkey,Turkey,TR,468.6,544.46,22.42,22.22,epias.com.tr,false,
2022-11-22 12:00:00,Turkey,Turkey,TR,466.06,542.29,22.4,22.19,epias.com.tr,false,
2022-11-22 13:00:00,Turkey,Turkey,TR,465.44,542.84,21.75,21.71,epias.com.tr,false,
2022-11-22 14:00:00,Turkey,Turkey,TR,441.1,515.54,25.91,25.87,epias.com.tr,false,
2022-11-22 15:00:00,Turkey,Turkey,TR,418.0,489.61,29.68,29.63,epias.com.tr,false,
2022-11-22 16:00:00,Turkey,Turkey,TR,412.53,482.13,31.31,31.23,epias.com.tr,false,
2022-11-22 17:00:00,Turkey,Turkey,TR,413.42,482.25,31.68,31.59,epias.com.tr,false,
2022-11-22 18:00:00,Turkey,Turkey,TR,413.28,481.05,32.38,32.29,epias.com.tr,false,
2022-11-22 19:00:00,Turkey,Turkey,TR,410.13,475.6,34.13,34.04,epias.com.tr,false,
2022-11-22 20:00:00,Turkey,Turkey,TR,408.7,470.51,36.6,36.37,epias.com.tr,false,
2022-11-22 21:00:00,Turkey,Turkey,TR,405.01,461.88,40.08,39.77,epias.com.tr,false,
2022-11-22 22:00:00,Turkey,Turkey,TR,391.35,444.97,43.62,43.22,epias.com.tr,false,
2022-11-22 23:00:00,Turkey,Turkey,TR,400.0,453.74,42.82,42.6,epias.com.tr,false,
2022-11-23 00:00:00,Turkey,Turkey,TR,392.45,446.23,43.5,43.2,epias.com.tr,false,
2022-11-23 01:00:00,Turkey,Turkey,TR,386.97,440.39,44.19,43.76,epias.com.tr,false,
2022-11-23 02:00:00,Turkey,Turkey,TR,372.88,425.61,45.91,45.49,epias.com.tr,false,
2022-11-23 03:00:00,Turkey,Turkey,TR,368.42,420.68,46.58,46.13,epias.com.tr,false,
2022-11-23 04:00:00,Turkey,Turkey,TR,380.49,432.79,45.35,45.0,epias.com.tr,false,
2022-11-23 05:00:00,Turkey,Turkey,TR,401.13,454.47,42.39,41.74,epias.com.tr,false,
2022-11-23 06:00:00,Turkey,Turkey,TR,394.86,450.32,41.47,41.2,epias.com.tr,false,
2022-11-23 07:00:00,Turkey,Turkey,TR,388.68,444.57,41.69,41.56,epias.com.tr,false,
2022-11-23 08:00:00,Turkey,Turkey,TR,385.89,440.95,42.48,42.28,epias.com.tr,false,
2022-11-23 09:00:00,Turkey,Turkey,TR,379.39,434.07,43.53,43.29,epias.com.tr,false,
2022-11-23 10:00:00,Turkey,Turkey,TR,378.57,434.18,43.25,43.0,epias.com.tr,false,
2022-11-23 11:00:00,Turkey,Turkey,TR,392.22,449.19,41.2,40.82,epias.com.tr,false,
2022-11-23 12:00:00,Turkey,Turkey,TR,405.16,463.48,39.06,38.65,epias.com.tr,false,
2022-11-23 13:00:00,Turkey,Turkey,TR,412.61,474.66,35.99,35.79,epias.com.tr,false,
2022-11-23 14:00:00,Turkey,Turkey,TR,406.77,470.89,35.17,35.08,epias.com.tr,false,
2022-11-23 15:00:00,Turkey,Turkey,TR,388.38,450.58,38.14,38.06,epias.com.tr,false,
2022-11-23 16:00:00,Turkey,Turkey,TR,386.75,447.82,39.03,38.93,epias.com.tr,false,
2022-11-23 17:00:00,Turkey,Turkey,TR,388.99,449.02,39.52,39.36,epias.com.tr,false,
2022-11-23 18:00:00,Turkey,Turkey,TR,393.14,452.67,39.56,39.34,epias.com.tr,false,
2022-11-23 19:00:00,Turkey,Turkey,TR,394.58,453.18,40.16,39.98,epias.com.tr,false,
2022-11-23 20:00:00,Turkey,Turkey,TR,393.68,450.12,41.66,41.39,epias.com.tr,false,
2022-11-23 21:00:00,Turkey,Turkey,TR,401.43,457.02,41.46,41.16,epias.com.tr,false,
2022-11-23 22:00:00,Turkey,Turkey,TR,410.83,465.57,41.37,40.95,epias.com.tr,false,
2022-11-23 23:00:00,Turkey,Turkey,TR,423.72,479.47,39.64,39.19,epias.com.tr,false,
2022-11-24 00:00:00,Turkey,Turkey,TR,440.55,497.58,37.21,36.77,epias.com.tr,false,
2022-11-24 01:00:00,Turkey,Turkey,TR,458.48,516.53,34.82,34.18,epias.com.tr,false,
2022-11-24 02:00:00,Turkey,Turkey,TR,464.84,524.26,33.57,33.05,epias.com.tr,false,
2022-11-24 03:00:00,Turkey,Turkey,TR,462.59,522.08,33.85,33.15,epias.com.tr,false,
2022-11-24 04:00:00,Turkey,Turkey,TR,467.94,532.11,30.32,29.81,epias.com.tr,false,
2022-11-24 05:00:00,Turkey,Turkey,TR,475.23,545.79,25.21,24.96,epias.com.tr,false,
2022-11-24 06:00:00,Turkey,Turkey,TR,449.92,523.14,25.69,25.56,epias.com.tr,false,
2022-11-24 07:00:00,Turkey,Turkey,TR,434.18,507.72,26.92,26.83,epias.com.tr,false,
2022-11-24 08:00:00,Turkey,Turkey,TR,428.78,502.01,27.66,27.58,epias.com.tr,false,
2022-11-24 09:00:00,Turkey,Turkey,TR,425.32,498.24,28.26,28.19,epias.com.tr,false,
2022-11-24 10:00:00,Turkey,Turkey,TR,439.88,514.19,26.04,25.96,epias.com.tr,false,
2022-11-24 11:00:00,Turkey,Turkey,TR,443.17,518.65,25.0,24.92,epias.com.tr,false,
2022-11-24 12:00:00,Turkey,Turkey,TR,434.7,508.8,26.73,26.65,epias.com.tr,false,
2022-11-24 13:00:00,Turkey,Turkey,TR,436.34,511.01,26.14,26.02,epias.com.tr,false,
2022-11-24 14:00:00,Turkey,Turkey,TR,431.79,506.38,26.63,26.51,epias.com.tr,false,
2022-11-24 15:00:00,Turkey,Turkey,TR,417.42,490.23,29.23,29.12,epias.com.tr,false,
2022-11-24 16:00:00,Turkey,Turkey,TR,419.0,491.22,29.43,29.31,epias.com.tr,false,
2022-11-24 17:00:00,Turkey,Turkey,TR,431.1,504.05,27.8,27.59,epias.com.tr,false,
2022-11-24 18:00:00,Turkey,Turkey,TR,432.6,504.33,28.45,28.18,epias.com.tr,false,
2022-11-24 19:00:00,Turkey,Turkey,TR,436.22,507.08,28.73,28.42,epias.com.tr,false,
2022-11-24 20:00:00,Turkey,Turkey,TR,435.82,504.63,30.19,29.83,epias.com.tr,false,
2022-11-24 21:00:00,Turkey,Turkey,TR,443.42,511.05,30.28,29.84,epias.com.tr,false,
2022-11-24 22:00:00,Turkey,Turkey,TR,447.91,512.71,31.81,31.32,epias.com.tr,false,
2022-11-24 23:00:00,Turkey,Turkey,TR,464.48,530.53,29.46,28.92,epias.com.tr,false,
2022-11-25 00:00:00,Turkey,Turkey,TR,477.48,544.24,27.78,27.25,epias.com.tr,false,
2022-11-25 01:00:00,Turkey,Turkey,TR,484.26,550.63,27.38,26.51,epias.com.tr,false,
2022-11-25 02:00:00,Turkey,Turkey,TR,492.69,558.99,26.58,25.6,epias.com.tr,false,
2022-11-25 03:00:00,Turkey,Turkey,TR,492.28,558.37,26.68,25.86,epias.com.tr,false,
2022-11-25 04:00:00,Turkey,Turkey,TR,485.34,553.26,26.06,25.66,epias.com.tr,false,
2022-11-25 05:00:00,Turkey,Turkey,TR,474.08,544.95,24.92,24.61,epias.com.tr,false,
2022-11-25 06:00:00,Turkey,Turkey,TR,454.07,527.0,25.24,25.09,epias.com.tr,false,
2022-11-25 07:00:00,Turkey,Turkey,TR,435.42,508.18,27.08,26.94,epias.com.tr,false,
2022-11-25 08:00:00,Turkey,Turkey,TR,432.08,505.4,27.0,26.9,epias.com.tr,false,
2022-11-25 09:00:00,Turkey,Turkey,TR,423.84,496.29,28.42,28.31,epias.com.tr,false,
2022-11-25 10:00:00,Turkey,Turkey,TR,440.53,513.06,26.8,26.61,epias.com.tr,false,
2022-11-25 11:00:00,Turkey,Turkey,TR,442.03,515.25,26.28,26.09,epias.com.tr,false,
2022-11-25 12:00:00,Turkey,Turkey,TR,435.54,508.83,26.78,26.63,epias.com.tr,false,
2022-11-25 13:00:00,Turkey,Turkey,TR,432.23,504.89,27.46,27.33,epias.com.tr,false,
2022-11-25 14:00:00,Turkey,Turkey,TR,426.93,499.04,28.25,28.13,epias.com.tr,false,
2022-11-25 15:00:00,Turkey,Turkey,TR,417.96,489.3,29.62,29.4,epias.com.tr,false,
2022-11-25 16:00:00,Turkey,Turkey,TR,414.82,484.22,31.23,30.95,epias.com.tr,false,
2022-11-25 17:00:00,Turkey,Turkey,TR,419.11,487.43,31.56,31.27,epias.com.tr,false,
2022-11-25 18:00:00,Turkey,Turkey,TR,411.94,476.73,34.64,34.32,epias.com.tr,false,
2022-11-25 19:00:00,Turkey,Turkey,TR,416.85,480.95,34.62,34.24,epias.com.tr,false,
2022-11-25 20:00:00,Turkey,Turkey,TR,415.08,477.53,35.99,35.57,epias.com.tr,false,
2022-11-25 21:00:00,Turkey,Turkey,TR,414.11,474.56,37.52,37.05,epias.com.tr,false,
2022-11-25 22:00:00,Turkey,Turkey,TR,421.67,481.2,37.5,36.95,epias.com.tr,false,
2022-11-25 23:00:00,Turkey,Turkey,TR,436.62,496.58,35.94,35.33,epias.com.tr,false,
2022-11-26 00:00:00,Turkey,Turkey,TR,444.75,504.02,35.73,35.04,epias.com.tr,false,
2022-11-26 01:00:00,Turkey,Turkey,TR,455.2,515.66,34.03,33.34,epias.com.tr,false,
2022-11-26 02:00:00,Turkey,Turkey,TR,460.56,522.06,32.87,32.17,epias.com.tr,false,
2022-11-26 03:00:00,Turkey,Turkey,TR,461.67,522.93,32.83,32.1,epias.com.tr,false,
2022-11-26 04:00:00,Turkey,Turkey,TR,460.32,522.13,32.59,31.92,epias.com.tr,false,
2022-11-26 05:00:00,Turkey,Turkey,TR,462.12,525.06,31.54,30.78,epias.com.tr,false,
2022-11-26 06:00:00,Turkey,Turkey,TR,458.71,527.69,27.73,27.15,epias.com.tr,false,
2022-11-26 07:00:00,Turkey,Turkey,TR,445.17,516.43,27.55,27.21,epias.com.tr,false,
2022-11-26 08:00:00,Turkey,Turkey,TR,440.68,512.94,27.27,26.96,epias.com.tr,false,
2022-11-26 09:00:00,Turkey,Turkey,TR,432.93,503.89,28.91,28.58,epias.com.tr,false,
2022-11-26 10:00:00,Turkey,Turkey,TR,444.87,515.33,28.24,27.89,epias.com.tr,false,
2022-11-26 11:00:00,Turkey,Turkey,TR,447.86,518.9,27.48,27.16,epias.com.tr,false,
2022-11-26 12:00:00,Turkey,Turkey,TR,443.68,514.52,28.03,27.71,epias.com.tr,false,
2022-11-26 13:00:00,Turkey,Turkey,TR,438.52,507.66,29.56,29.22,epias.com.tr,false,
2022-11-26 14:00:00,Turkey,Turkey,TR,434.25,503.86,29.53,29.22,epias.com.tr,false,
2022-11-26 15:00:00,Turkey,Turkey,TR,420.79,489.6,31.2,31.0,epias.com.tr,false,
2022-11-26 16:00:00,Turkey,Turkey,TR,409.33,476.51,33.25,32.99,epias.com.tr,false,
2022-11-26 17:00:00,Turkey,Turkey,TR,409.13,475.86,33.6,33.31,epias.com.tr,false,
2022-11-26 18:00:00,Turkey,Turkey,TR,404.38,469.62,35.08,34.75,epias.com.tr,false,
2022-11-26 19:00:00,Turkey,Turkey,TR,403.38,467.12,36.28,35.93,epias.com.tr,false,
2022-11-26 20:00:00,Turkey,Turkey,TR,400.15,461.14,38.41,38.07,epias.com.tr,false,
2022-11-26 21:00:00,Turkey,Turkey,TR,408.39,468.85,38.03,37.6,epias.com.tr,false,
2022-11-26 22:00:00,Turkey,Turkey,TR,405.61,462.43,40.92,40.44,epias.com.tr,false,
2022-11-26 23:00:00,Turkey,Turkey,TR,419.57,475.31,40.42,40.01,epias.com.tr,false,
2022-11-27 00:00:00,Turkey,Turkey,TR,432.24,488.81,38.74,38.37,epias.com.tr,false,
2022-11-27 01:00:00,Turkey,Turkey,TR,438.86,496.31,37.7,37.38,epias.com.tr,false,
2022-11-27 02:00:00,Turkey,Turkey,TR,431.54,488.25,38.98,38.69,epias.com.tr,false,
2022-11-27 03:00:00,Turkey,Turkey,TR,432.39,488.23,39.33,38.77,epias.com.tr,false,
2022-11-27 04:00:00,Turkey,Turkey,TR,435.81,492.27,38.64,38.44,epias.com.tr,false,
2022-11-27 05:00:00,Turkey,Turkey,TR,436.37,492.07,38.96,38.63,epias.com.tr,false,
2022-11-27 06:00:00,Turkey,Turkey,TR,424.71,480.52,40.05,39.72,epias.com.tr,false,
2022-11-27 07:00:00,Turkey,Turkey,TR,428.74,484.19,39.85,39.57,epias.com.tr,false,
2022-11-27 08:00:00,Turkey,Turkey,TR,421.61,476.97,40.61,40.27,epias.com.tr,false,
2022-11-27 09:00:00,Turkey,Turkey,TR,422.94,479.15,39.98,39.7,epias.com.tr,false,
2022-11-27 10:00:00,Turkey,Turkey,TR,422.61,479.55,39.65,39.36,epias.com.tr,false,
2022-11-27 11:00:00,Turkey,Turkey,TR,421.05,478.0,39.66,39.27,epias.com.tr,false,
2022-11-27 12:00:00,Turkey,Turkey,TR,419.36,476.91,39.47,39.19,epias.com.tr,false,
2022-11-27 13:00:00,Turkey,Turkey,TR,409.93,466.9,40.67,40.43,epias.com.tr,false,
2022-11-27 14:00:00,Turkey,Turkey,TR,406.55,463.78,40.7,40.4,epias.com.tr,false,
2022-11-27 15:00:00,Turkey,Turkey,TR,393.5,452.99,40.24,40.0,epias.com.tr,false,
2022-11-27 16:00:00,Turkey,Turkey,TR,386.25,445.7,40.73,40.51,epias.com.tr,false,
2022-11-27 17:00:00,Turkey,Turkey,TR,387.07,447.2,40.24,40.0,epias.com.tr,false,
2022-11-27 18:00:00,Turkey,Turkey,TR,394.18,454.91,39.2,38.96,epias.com.tr,false,
2022-11-27 19:00:00,Turkey,Turkey,TR,399.69,460.38,38.77,38.5,epias.com.tr,false,
2022-11-27 20:00:00,Turkey,Turkey,TR,400.39,459.84,39.61,39.32,epias.com.tr,false,
2022-11-27 21:00:00,Turkey,Turkey,TR,398.59,453.64,42.68,42.36,epias.com.tr,false,
2022-11-27 22:00:00,Turkey,Turkey,TR,407.74,462.54,42.27,41.94,epias.com.tr,false,
2022-11-27 23:00:00,Turkey,Turkey,TR,425.21,481.34,39.9,39.48,epias.com.tr,false,
2022-11-28 00:00:00,Turkey,Turkey,TR,442.35,499.89,37.37,36.9,epias.com.tr,false,
2022-11-28 01:00:00,Turkey,Turkey,TR,444.09,502.68,36.58,36.07,epias.com.tr,false,
2022-11-28 02:00:00,Turkey,Turkey,TR,451.51,510.79,35.39,34.94,epias.com.tr,false,
2022-11-28 03:00:00,Turkey,Turkey,TR,458.29,518.13,34.31,33.89,epias.com.tr,false,
2022-11-28 04:00:00,Turkey,Turkey,TR,462.48,523.81,32.75,32.21,epias.com.tr,false,
2022-11-28 05:00:00,Turkey,Turkey,TR,458.69,523.9,30.37,30.11,epias.com.tr,false,
2022-11-28 06:00:00,Turkey,Turkey,TR,437.61,506.94,29.36,29.16,epias.com.tr,false,
2022-11-28 07:00:00,Turkey,Turkey,TR,414.86,482.83,32.4,32.21,epias.com.tr,false,
2022-11-28 08:00:00,Turkey,Turkey,TR,416.2,484.55,32.0,31.86,epias.com.tr,false,
2022-11-28 09:00:00,Turkey,Turkey,TR,413.64,481.19,32.84,32.69,epias.com.tr,false,
2022-11-28 10:00:00,Turkey,Turkey,TR,428.44,496.5,31.16,31.03,epias.com.tr,false,
2022-11-28 11:00:00,Turkey,Turkey,TR,434.28,504.59,29.07,28.96,epias.com.tr,false,
2022-11-28 12:00:00,Turkey,Turkey,TR,424.42,494.68,30.03,29.91,epias.com.tr,false,
2022-11-28 13:00:00,Turkey,Turkey,TR,424.41,495.61,29.38,29.21,epias.com.tr,false,
2022-11-28 14:00:00,Turkey,Turkey,TR,413.63,484.26,30.68,30.49,epias.com.tr,false,
2022-11-28 15:00:00,Turkey,Turkey,TR,396.39,464.95,33.67,33.58,epias.com.tr,false,
2022-11-28 16:00:00,Turkey,Turkey,TR,396.18,463.7,34.3,34.14,epias.com.tr,false,
2022-11-28 17:00:00,Turkey,Turkey,TR,410.16,478.84,32.16,31.92,epias.com.tr,false,
2022-11-28 18:00:00,Turkey,Turkey,TR,413.63,481.77,32.19,31.92,epias.com.tr,false,
2022-11-28 19:00:00,Turkey,Turkey,TR,417.11,484.72,32.3,32.0,epias.com.tr,false,
2022-11-28 20:00:00,Turkey,Turkey,TR,420.76,486.92,33.06,32.75,epias.com.tr,false,
2022-11-28 21:00:00,Turkey,Turkey,TR,415.67,479.13,35.48,35.16,epias.com.tr,false,
2022-11-28 22:00:00,Turkey,Turkey,TR,428.98,490.39,35.68,35.29,epias.com.tr,false,
2022-11-28 23:00:00,Turkey,Turkey,TR,437.13,497.73,35.57,35.1,epias.com.tr,false,
2022-11-29 00:00:00,Turkey,Turkey,TR,446.8,507.91,34.42,33.86,epias.com.tr,false,
2022-11-29 01:00:00,Turkey,Turkey,TR,461.61,525.21,31.44,30.9,epias.com.tr,false,
2022-11-29 02:00:00,Turkey,Turkey,TR,461.37,525.01,31.51,30.93,epias.com.tr,false,
2022-11-29 03:00:00,Turkey,Turkey,TR,457.04,520.07,32.18,31.71,epias.com.tr,false,
2022-11-29 04:00:00,Turkey,Turkey,TR,450.91,515.45,31.67,31.38,epias.com.tr,false,
2022-11-29 05:00:00,Turkey,Turkey,TR,452.36,522.27,27.71,27.55,epias.com.tr,false,
2022-11-29 06:00:00,Turkey,Turkey,TR,440.64,514.63,25.9,25.79,epias.com.tr,false,
2022-11-29 07:00:00,Turkey,Turkey,TR,425.72,499.65,27.34,27.26,epias.com.tr,false,
2022-11-29 08:00:00,Turkey,Turkey,TR,420.2,493.51,28.4,28.32,epias.com.tr,false,
2022-11-29 09:00:00,Turkey,Turkey,TR,423.08,496.76,27.95,27.87,epias.com.tr,false,
2022-11-29 10:00:00,Turkey,Turkey,TR,438.1,511.79,26.68,26.59,epias.com.tr,false,
2022-11-29 11:00:00,Turkey,Turkey,TR,441.84,516.44,25.64,25.55,epias.com.tr,false,
2022-11-29 12:00:00,Turkey,Turkey,TR,437.64,513.04,25.47,25.39,epias.com.tr,false,
2022-11-29 13:00:00,Turkey,Turkey,TR,439.22,515.41,24.74,24.66,epias.com.tr,false,
2022-11-29 14:00:00,Turkey,Turkey,TR,424.72,499.64,26.9,26.82,epias.com.tr,false,
2022-11-29 15:00:00,Turkey,Turkey,TR,407.36,480.29,29.79,29.67,epias.com.tr,false,
2022-11-29 16:00:00,Turkey,Turkey,TR,407.44,479.51,30.33,30.21,epias.com.tr,false,
2022-11-29 17:00:00,Turkey,Turkey,TR,410.74,482.6,30.16,30.03,epias.com.tr,false,
2022-11-29 18:00:00,Turkey,Turkey,TR,415.88,487.44,29.86,29.68,epias.com.tr,false,
2022-11-29 19:00:00,Turkey,Turkey,TR,418.64,488.7,30.68,30.49,epias.com.tr,false,
2022-11-29 20:00:00,Turkey,Turkey,TR,412.61,478.61,34.06,33.86,epias.com.tr,false,
2022-11-29 21:00:00,Turkey,Turkey,TR,420.29,485.19,34.09,33.86,epias.com.tr,false,
2022-11-29 22:00:00,Turkey,Turkey,TR,439.85,504.02,32.8,32.28,epias.com.tr,false,
2022-11-29 23:00:00,Turkey,Turkey,TR,457.87,523.66,30.23,29.88,epias.com.tr,false,
2022-11-30 00:00:00,Turkey,Turkey,TR,469.9,536.04,28.97,28.57,epias.com.tr,false,
2022-11-30 01:00:00,Turkey,Turkey,TR,480.91,548.17,27.2,26.76,epias.com.tr,false,
2022-11-30 02:00:00,Turkey,Turkey,TR,483.08,550.1,27.09,26.69,epias.com.tr,false,
2022-11-30 03:00:00,Turkey,Turkey,TR,481.07,548.53,26.88,26.58,epias.com.tr,false,
2022-11-30 04:00:00,Turkey,Turkey,TR,476.04,544.88,26.37,26.16,epias.com.tr,false,
2022-11-30 05:00:00,Turkey,Turkey,TR,473.12,546.16,23.71,23.54,epias.com.tr,false,
2022-11-30 06:00:00,Turkey,Turkey,TR,456.96,534.33,22.23,22.14,epias.com.tr,false,
2022-11-30 07:00:00,Turkey,Turkey,TR,447.5,524.36,23.46,23.38,epias.com.tr,false,
2022-11-30 08:00:00,Turkey,Turkey,TR,448.32,524.78,23.62,23.54,epias.com.tr,false,
2022-11-30 09:00:00,Turkey,Turkey,TR,443.03,517.59,25.48,25.4,epias.com.tr,false,
2022-11-30 10:00:00,Turkey,Turkey,TR,446.1,518.6,26.65,26.57,epias.com.tr,false,
2022-11-30 11:00:00,Turkey,Turkey,TR,444.43,518.23,25.98,25.91,epias.com.tr,false,
2022-11-30 12:00:00,Turkey,Turkey,TR,435.54,509.29,26.81,26.73,epias.com.tr,false,
2022-11-30 13:00:00,Turkey,Turkey,TR,436.93,512.0,25.79,25.72,epias.com.tr,false,
2022-11-30 14:00:00,Turkey,Turkey,TR,432.97,508.51,25.77,25.69,epias.com.tr,false,
2022-11-30 15:00:00,Turkey,Turkey,TR,418.03,491.56,28.43,28.35,epias.com.tr,false,
2022-11-30 16:00:00,Turkey,Turkey,TR,415.59,487.36,29.78,29.69,epias.com.tr,false,
2022-11-30 17:00:00,Turkey,Turkey,TR,417.51,487.72,30.52,30.43,epias.com.tr,false,
2022-11-30 18:00:00,Turkey,Turkey,TR,420.32,489.91,30.73,30.62,epias.com.tr,false,
2022-11-30 19:00:00,Turkey,Turkey,TR,418.39,485.43,32.65,32.56,epias.com.tr,false,
2022-11-30 20:00:00,Turkey,Turkey,TR,415.24,479.64,34.73,34.6,epias.com.tr,false,
2022-11-30 21:00:00,Turkey,Turkey,TR,418.63,481.32,35.63,35.45,epias.com.tr,false,
2022-11-30 22:00:00,Turkey,Turkey,TR,437.27,500.2,33.8,33.57,epias.com.tr,false,
2022-11-30 23:00:00,Turkey,Turkey,TR,453.24,516.04,32.51,32.41,epias.com.tr,false,
2022-12-01 00:00:00,Turkey,Turkey,TR,465.46,529.15,30.76,30.66,epias.com.tr,false,
2022-12-01 01:00:00,Turkey,Turkey,TR,466.5,529.91,30.92,30.71,epias.com.tr,false,
2022-12-01 02:00:00,Turkey,Turkey,TR,464.26,527.21,31.42,31.22,epias.com.tr,false,
2022-12-01 03:00:00,Turkey,Turkey,TR,462.96,526.3,31.2,30.98,epias.com.tr,false,
2022-12-01 04:00:00,Turkey,Turkey,TR,459.91,524.55,30.42,30.32,epias.com.tr,false,
2022-12-01 05:00:00,Turkey,Turkey,TR,450.01,517.53,29.29,29.19,epias.com.tr,false,
2022-12-01 06:00:00,Turkey,Turkey,TR,437.26,507.62,28.32,28.24,epias.com.tr,false,
2022-12-01 07:00:00,Turkey,Turkey,TR,426.84,498.09,28.63,28.55,epias.com.tr,false,
2022-12-01 08:00:00,Turkey,Turkey,TR,426.35,497.16,29.05,28.97,epias.com.tr,false,
2022-12-01 09:00:00,Turkey,Turkey,TR,425.39,495.49,29.65,29.58,epias.com.tr,false,
2022-12-01 10:00:00,Turkey,Turkey,TR,438.35,509.07,28.24,28.15,epias.com.tr,false,
2022-12-01 11:00:00,Turkey,Turkey,TR,443.9,516.73,26.34,26.26,epias.com.tr,false,
2022-12-01 12:00:00,Turkey,Turkey,TR,441.98,516.27,25.53,25.46,epias.com.tr,false,
2022-12-01 13:00:00,Turkey,Turkey,TR,446.0,521.83,24.13,24.06,epias.com.tr,false,
2022-12-01 14:00:00,Turkey,Turkey,TR,435.31,510.04,25.9,25.79,epias.com.tr,false,
2022-12-01 15:00:00,Turkey,Turkey,TR,420.08,492.7,28.78,28.66,epias.com.tr,false,
2022-12-01 16:00:00,Turkey,Turkey,TR,415.9,486.85,30.3,30.19,epias.com.tr,false,
2022-12-01 17:00:00,Turkey,Turkey,TR,425.64,496.85,29.26,29.16,epias.com.tr,false,
2022-12-01 18:00:00,Turkey,Turkey,TR,430.3,501.44,28.89,28.75,epias.com.tr,false,
2022-12-01 19:00:00,Turkey,Turkey,TR,432.63,502.6,29.48,29.33,epias.com.tr,false,
2022-12-01 20:00:00,Turkey,Turkey,TR,426.26,492.96,32.23,31.98,epias.com.tr,false,
2022-12-01 21:00:00,Turkey,Turkey,TR,432.11,497.75,32.47,32.16,epias.com.tr,false,
2022-12-01 22:00:00,Turkey,Turkey,TR,444.45,509.37,31.83,31.5,epias.com.tr,false,
2022-12-01 23:00:00,Turkey,Turkey,TR,457.2,522.09,30.79,30.44,epias.com.tr,false,
2022-12-02 00:00:00,Turkey,Turkey,TR,468.44,533.97,29.42,29.06,epias.com.tr,false,
2022-12-02 01:00:00,Turkey,Turkey,TR,476.26,541.99,28.59,28.22,epias.com.tr,false,
2022-12-02 02:00:00,Turkey,Turkey,TR,476.39,542.39,28.47,28.09,epias.com.tr,false,
2022-12-02 03:00:00,Turkey,Turkey,TR,478.03,545.35,27.45,27.1,epias.com.tr,false,
2022-12-02 04:00:00,Turkey,Turkey,TR,473.74,543.62,26.19,25.93,epias.com.tr,false,
2022-12-02 05:00:00,Turkey,Turkey,TR,462.75,535.08,25.44,25.34,epias.com.tr,false,
2022-12-02 06:00:00,Turkey,Turkey,TR,445.12,519.53,25.51,25.38,epias.com.tr,false,
2022-12-02 07:00:00,Turkey,Turkey,TR,435.63,509.63,26.64,26.54,epias.com.tr,false,
2022-12-02 08:00:00,Turkey,Turkey,TR,440.94,516.11,25.34,25.26,epias.com.tr,false,
2022-12-02 09:00:00,Turkey,Turkey,TR,437.21,512.04,26.04,25.96,epias.com.tr,false,
2022-12-02 10:00:00,Turkey,Turkey,TR,450.52,524.27,25.76,25.67,epias.com.tr,false,
2022-12-02 11:00:00,Turkey,Turkey,TR,457.64,532.95,24.11,24.02,epias.com.tr,false,
2022-12-02 12:00:00,Turkey,Turkey,TR,449.78,526.75,23.66,23.58,epias.com.tr,false,
2022-12-02 13:00:00,Turkey,Turkey,TR,438.53,517.29,23.72,23.63,epias.com.tr,false,
2022-12-02 14:00:00,Turkey,Turkey,TR,423.88,501.34,25.97,25.88,epias.com.tr,false,
2022-12-02 15:00:00,Turkey,Turkey,TR,407.34,482.9,28.72,28.64,epias.com.tr,false,
2022-12-02 16:00:00,Turkey,Turkey,TR,416.84,491.75,28.08,28.0,epias.com.tr,false,
2022-12-02 17:00:00,Turkey,Turkey,TR,431.0,507.45,25.72,25.64,epias.com.tr,false,
2022-12-02 18:00:00,Turkey,Turkey,TR,433.61,509.45,25.91,25.73,epias.com.tr,false,
2022-12-02 19:00:00,Turkey,Turkey,TR,434.87,510.18,26.28,26.19,epias.com.tr,false,
2022-12-02 20:00:00,Turkey,Turkey,TR,429.6,502.06,28.76,28.54,epias.com.tr,false,
2022-12-02 21:00:00,Turkey,Turkey,TR,435.95,507.91,28.5,28.3,epias.com.tr,false,
2022-12-02 22:00:00,Turkey,Turkey,TR,454.51,527.69,26.0,25.7,epias.com.tr,false,
2022-12-02 23:00:00,Turkey,Turkey,TR,471.43,544.74,24.37,24.0,epias.com.tr,false,
2022-12-03 00:00:00,Turkey,Turkey,TR,484.01,557.16,23.26,22.79,epias.com.tr,false,
2022-12-03 01:00:00,Turkey,Turkey,TR,494.5,567.92,22.13,21.65,epias.com.tr,false,
2022-12-03 02:00:00,Turkey,Turkey,TR,494.62,567.09,22.81,22.34,epias.com.tr,false,
2022-12-03 03:00:00,Turkey,Turkey,TR,490.49,562.2,23.69,23.25,epias.com.tr,false,
2022-12-03 04:00:00,Turkey,Turkey,TR,490.78,564.51,22.19,21.83,epias.com.tr,false,
2022-12-03 05:00:00,Turkey,Turkey,TR,483.72,558.28,22.21,21.96,epias.com.tr,false,
2022-12-03 06:00:00,Turkey,Turkey,TR,469.01,544.55,22.81,22.7,epias.com.tr,false,
2022-12-03 07:00:00,Turkey,Turkey,TR,448.95,522.71,25.9,25.81,epias.com.tr,false,
2022-12-03 08:00:00,Turkey,Turkey,TR,445.51,518.39,26.67,26.59,epias.com.tr,false,
2022-12-03 09:00:00,Turkey,Turkey,TR,439.87,511.74,27.91,27.82,epias.com.tr,false,
2022-12-03 10:00:00,Turkey,Turkey,TR,448.2,519.87,27.56,27.47,epias.com.tr,false,
2022-12-03 11:00:00,Turkey,Turkey,TR,450.21,522.72,26.79,26.69,epias.com.tr,false,
2022-12-03 12:00:00,Turkey,Turkey,TR,439.81,511.4,28.32,28.23,epias.com.tr,false,
2022-12-03 13:00:00,Turkey,Turkey,TR,432.73,504.47,28.82,28.73,epias.com.tr,false,
2022-12-03 14:00:00,Turkey,Turkey,TR,422.74,493.64,30.13,30.05,epias.com.tr,false,
2022-12-03 15:00:00,Turkey,Turkey,TR,402.34,471.37,33.12,33.04,epias.com.tr,false,
2022-12-03 16:00:00,Turkey,Turkey,TR,391.82,459.36,34.97,34.88,epias.com.tr,false,
2022-12-03 17:00:00,Turkey,Turkey,TR,397.16,464.65,34.49,34.39,epias.com.tr,false,
2022-12-03 18:00:00,Turkey,Turkey,TR,402.35,469.84,33.99,33.83,epias.com.tr,false,
2022-12-03 19:00:00,Turkey,Turkey,TR,406.54,471.91,35.02,34.79,epias.com.tr,false,
2022-12-03 20:00:00,Turkey,Turkey,TR,403.02,466.76,36.4,36.14,epias.com.tr,false,
2022-12-03 21:00:00,Turkey,Turkey,TR,405.46,466.79,37.79,37.46,epias.com.tr,false,
2022-12-03 22:00:00,Turkey,Turkey,TR,410.55,469.03,39.52,39.14,epias.com.tr,false,
2022-12-03 23:00:00,Turkey,Turkey,TR,420.23,477.97,39.27,38.82,epias.com.tr,false,
2022-12-04 00:00:00,Turkey,Turkey,TR,434.91,493.51,37.48,36.88,epias.com.tr,false,
2022-12-04 01:00:00,Turkey,Turkey,TR,446.43,506.24,35.7,35.07,epias.com.tr,false,
2022-12-04 02:00:00,Turkey,Turkey,TR,452.16,512.63,34.76,34.22,epias.com.tr,false,
2022-12-04 03:00:00,Turkey,Turkey,TR,456.72,517.52,34.03,33.25,epias.com.tr,false,
2022-12-04 04:00:00,Turkey,Turkey,TR,462.33,524.74,32.48,31.77,epias.com.tr,false,
2022-12-04 05:00:00,Turkey,Turkey,TR,460.55,522.91,32.78,32.3,epias.com.tr,false,
2022-12-04 06:00:00,Turkey,Turkey,TR,455.63,516.7,34.15,33.74,epias.com.tr,false,
2022-12-04 07:00:00,Turkey,Turkey,TR,450.06,510.56,35.06,34.75,epias.com.tr,false,
2022-12-04 08:00:00,Turkey,Turkey,TR,442.14,502.17,36.19,35.92,epias.com.tr,false,
2022-12-04 09:00:00,Turkey,Turkey,TR,441.87,502.26,36.05,35.79,epias.com.tr,false,
2022-12-04 10:00:00,Turkey,Turkey,TR,446.83,507.75,35.32,35.07,epias.com.tr,false,
2022-12-04 11:00:00,Turkey,Turkey,TR,445.55,508.17,34.35,34.15,epias.com.tr,false,
2022-12-04 12:00:00,Turkey,Turkey,TR,447.49,511.52,33.17,32.93,epias.com.tr,false,
2022-12-04 13:00:00,Turkey,Turkey,TR,434.0,500.51,32.68,32.35,epias.com.tr,false,
2022-12-04 14:00:00,Turkey,Turkey,TR,440.79,510.19,29.89,29.57,epias.com.tr,false,
2022-12-04 15:00:00,Turkey,Turkey,TR,420.56,489.27,32.05,31.79,epias.com.tr,false,
2022-12-04 16:00:00,Turkey,Turkey,TR,411.04,478.43,33.68,33.46,epias.com.tr,false,
2022-12-04 17:00:00,Turkey,Turkey,TR,413.03,480.06,33.72,33.43,epias.com.tr,false,
2022-12-04 18:00:00,Turkey,Turkey,TR,413.83,480.77,33.83,33.49,epias.com.tr,false,
2022-12-04 19:00:00,Turkey,Turkey,TR,415.8,481.76,34.32,33.97,epias.com.tr,false,
2022-12-04 20:00:00,Turkey,Turkey,TR,419.84,485.48,34.31,33.95,epias.com.tr,false,
2022-12-04 21:00:00,Turkey,Turkey,TR,426.35,490.36,34.8,34.25,epias.com.tr,false,
2022-12-04 22:00:00,Turkey,Turkey,TR,432.23,494.0,35.9,35.32,epias.com.tr,false,
2022-12-04 23:00:00,Turkey,Turkey,TR,447.79,510.13,34.35,33.94,epias.com.tr,false,
2022-12-05 00:00:00,Turkey,Turkey,TR,465.69,529.49,31.68,30.93,epias.com.tr,false,
2022-12-05 01:00:00,Turkey,Turkey,TR,484.62,549.94,29.02,28.25,epias.com.tr,false,
2022-12-05 02:00:00,Turkey,Turkey,TR,490.34,557.16,27.54,26.93,epias.com.tr,false,
2022-12-05 03:00:00,Turkey,Turkey,TR,490.02,557.93,26.85,26.37,epias.com.tr,false,
2022-12-05 04:00:00,Turkey,Turkey,TR,483.84,554.23,25.62,25.37,epias.com.tr,false,
2022-12-05 05:00:00,Turkey,Turkey,TR,475.44,551.04,22.51,22.29,epias.com.tr,false,
2022-12-05 06:00:00,Turkey,Turkey,TR,444.36,520.88,24.57,24.43,epias.com.tr,false,
2022-12-05 07:00:00,Turkey,Turkey,TR,430.96,507.78,25.51,25.41,epias.com.tr,false,
2022-12-05 08:00:00,Turkey,Turkey,TR,430.07,506.51,25.91,25.85,epias.com.tr,false,
2022-12-05 09:00:00,Turkey,Turkey,TR,435.1,511.8,25.33,25.26,epias.com.tr,false,
2022-12-05 10:00:00,Turkey,Turkey,TR,447.09,523.97,24.24,24.17,epias.com.tr,false,
2022-12-05 11:00:00,Turkey,Turkey,TR,446.07,523.93,23.55,23.5,epias.com.tr,false,
2022-12-05 12:00:00,Turkey,Turkey,TR,439.58,517.26,24.14,24.1,epias.com.tr,false,
2022-12-05 13:00:00,Turkey,Turkey,TR,435.82,513.75,24.18,24.13,epias.com.tr,false,
2022-12-05 14:00:00,Turkey,Turkey,TR,420.98,497.29,26.6,26.56,epias.com.tr,false,
2022-12-05 15:00:00,Turkey,Turkey,TR,406.38,481.12,28.97,28.9,epias.com.tr,false,
2022-12-05 16:00:00,Turkey,Turkey,TR,407.25,481.62,29.13,29.04,epias.com.tr,false,
2022-12-05 17:00:00,Turkey,Turkey,TR,415.01,490.5,27.71,27.63,epias.com.tr,false,
2022-12-05 18:00:00,Turkey,Turkey,TR,418.71,493.59,27.81,27.72,epias.com.tr,false,
2022-12-05 19:00:00,Turkey,Turkey,TR,421.54,495.62,28.17,28.02,epias.com.tr,false,
2022-12-05 20:00:00,Turkey,Turkey,TR,419.82,491.89,29.7,29.51,epias.com.tr,false,
2022-12-05 21:00:00,Turkey,Turkey,TR,425.03,495.86,30.08,29.84,epias.com.tr,false,
2022-12-05 22:00:00,Turkey,Turkey,TR,434.28,504.1,30.12,29.9,epias.com.tr,false,
2022-12-05 23:00:00,Turkey,Turkey,TR,450.81,522.0,27.74,27.53,epias.com.tr,false,
2022-12-06 00:00:00,Turkey,Turkey,TR,468.63,541.27,25.17,24.87,epias.com.tr,false,
2022-12-06 01:00:00,Turkey,Turkey,TR,475.47,548.46,24.41,24.16,epias.com.tr,false,
2022-12-06 02:00:00,Turkey,Turkey,TR,480.31,554.35,23.34,23.1,epias.com.tr,false,
2022-12-06 03:00:00,Turkey,Turkey,TR,481.89,557.43,22.19,21.94,epias.com.tr,false,
2022-12-06 04:00:00,Turkey,Turkey,TR,479.06,556.74,20.9,20.75,epias.com.tr,false,
2022-12-06 05:00:00,Turkey,Turkey,TR,463.89,542.65,21.41,21.36,epias.com.tr,false,
2022-12-06 06:00:00,Turkey,Turkey,TR,430.47,508.56,24.82,24.78,epias.com.tr,false,
2022-12-06 07:00:00,Turkey,Turkey,TR,420.13,497.46,26.28,26.23,epias.com.tr,false,
2022-12-06 08:00:00,Turkey,Turkey,TR,431.93,511.37,23.82,23.78,epias.com.tr,false,
2022-12-06 09:00:00,Turkey,Turkey,TR,435.29,514.32,23.88,23.84,epias.com.tr,false,
2022-12-06 10:00:00,Turkey,Turkey,TR,450.05,529.33,22.45,22.4,epias.com.tr,false,
2022-12-06 11:00:00,Turkey,Turkey,TR,451.66,532.51,21.37,21.32,epias.com.tr,false,
2022-12-06 12:00:00,Turkey,Turkey,TR,446.04,527.28,21.56,21.51,epias.com.tr,false,
2022-12-06 13:00:00,Turkey,Turkey,TR,439.84,520.72,22.23,22.18,epias.com.tr,false,
2022-12-06 14:00:00,Turkey,Turkey,TR,424.66,504.05,24.63,24.59,epias.com.tr,false,
2022-12-06 15:00:00,Turkey,Turkey,TR,408.22,485.49,27.48,27.44,epias.com.tr,false,
2022-12-06 16:00:00,Turkey,Turkey,TR,406.22,482.29,28.45,28.31,epias.com.tr,false,
2022-12-06 17:00:00,Turkey,Turkey,TR,420.26,498.58,25.66,25.49,epias.com.tr,false,
2022-12-06 18:00:00,Turkey,Turkey,TR,429.72,508.74,24.36,24.15,epias.com.tr,false,
2022-12-06 19:00:00,Turkey,Turkey,TR,434.64,513.11,24.32,24.05,epias.com.tr,false,
2022-12-06 20:00:00,Turkey,Turkey,TR,434.49,511.45,25.42,25.11,epias.com.tr,false,
2022-12-06 21:00:00,Turkey,Turkey,TR,440.41,516.37,25.55,25.26,epias.com.tr,false,
2022-12-06 22:00:00,Turkey,Turkey,TR,452.53,527.41,25.43,25.12,epias.com.tr,false,
2022-12-06 23:00:00,Turkey,Turkey,TR,470.91,546.42,23.42,23.07,epias.com.tr,false,
2022-12-07 00:00:00,Turkey,Turkey,TR,487.07,563.9,21.05,20.68,epias.com.tr,false,
2022-12-07 01:00:00,Turkey,Turkey,TR,494.31,572.18,19.7,19.23,epias.com.tr,false,
2022-12-07 02:00:00,Turkey,Turkey,TR,502.33,580.95,18.39,17.91,epias.com.tr,false,
2022-12-07 03:00:00,Turkey,Turkey,TR,503.43,582.95,17.67,17.26,epias.com.tr,false,
2022-12-07 04:00:00,Turkey,Turkey,TR,498.19,579.31,16.9,16.63,epias.com.tr,false,
2022-12-07 05:00:00,Turkey,Turkey,TR,485.77,569.5,16.11,16.02,epias.com.tr,false,
2022-12-07 06:00:00,Turkey,Turkey,TR,452.54,534.75,20.12,20.05,epias.com.tr,false,
2022-12-07 07:00:00,Turkey,Turkey,TR,435.12,515.01,23.15,23.07,epias.com.tr,false,
2022-12-07 08:00:00,Turkey,Turkey,TR,440.3,520.37,22.53,22.45,epias.com.tr,false,
2022-12-07 09:00:00,Turkey,Turkey,TR,443.06,523.53,22.08,22.02,epias.com.tr,false,
2022-12-07 10:00:00,Turkey,Turkey,TR,457.14,537.54,20.96,20.89,epias.com.tr,false,
2022-12-07 11:00:00,Turkey,Turkey,TR,461.39,542.72,19.84,19.77,epias.com.tr,false,
2022-12-07 12:00:00,Turkey,Turkey,TR,449.61,531.9,20.33,20.27,epias.com.tr,false,
2022-12-07 13:00:00,Turkey,Turkey,TR,437.31,518.22,22.31,22.23,epias.com.tr,false,
2022-12-07 14:00:00,Turkey,Turkey,TR,420.71,499.78,25.06,24.98,epias.com.tr,false,
2022-12-07 15:00:00,Turkey,Turkey,TR,406.6,483.8,27.52,27.44,epias.com.tr,false,
2022-12-07 16:00:00,Turkey,Turkey,TR,408.84,485.8,27.41,27.33,epias.com.tr,false,
2022-12-07 17:00:00,Turkey,Turkey,TR,417.61,495.3,26.11,26.03,epias.com.tr,false,
2022-12-07 18:00:00,Turkey,Turkey,TR,423.22,500.88,25.53,25.45,epias.com.tr,false,
2022-12-07 19:00:00,Turkey,Turkey,TR,423.84,500.27,26.39,26.3,epias.com.tr,false,
2022-12-07 20:00:00,Turkey,Turkey,TR,419.56,492.69,29.07,28.97,epias.com.tr,false,
2022-12-07 21:00:00,Turkey,Turkey,TR,424.19,493.35,31.3,31.2,epias.com.tr,false,
2022-12-07 22:00:00,Turkey,Turkey,TR,448.41,519.19,28.1,28.0,epias.com.tr,false,
2022-12-07 23:00:00,Turkey,Turkey,TR,463.96,535.76,26.05,25.96,epias.com.tr,false,
2022-12-08 00:00:00,Turkey,Turkey,TR,473.68,545.41,25.27,25.19,epias.com.tr,false,
2022-12-08 01:00:00,Turkey,Turkey,TR,479.68,551.56,24.6,24.52,epias.com.tr,false,
2022-12-08 02:00:00,Turkey,Turkey,TR,484.56,556.2,24.18,24.07,epias.com.tr,false,
2022-12-08 03:00:00,Turkey,Turkey,TR,480.72,552.13,24.64,24.54,epias.com.tr,false,
2022-12-08 04:00:00,Turkey,Turkey,TR,472.38,544.56,24.82,24.72,epias.com.tr,false,
2022-12-08 05:00:00,Turkey,Turkey,TR,463.56,538.88,23.41,23.32,epias.com.tr,false,
2022-12-08 06:00:00,Turkey,Turkey,TR,449.22,528.25,21.97,21.89,epias.com.tr,false,
2022-12-08 07:00:00,Turkey,Turkey,TR,435.09,513.06,23.91,23.83,epias.com.tr,false,
2022-12-08 08:00:00,Turkey,Turkey,TR,432.51,509.24,24.95,24.87,epias.com.tr,false,
2022-12-08 09:00:00,Turkey,Turkey,TR,432.38,508.45,25.64,25.57,epias.com.tr,false,
2022-12-08 10:00:00,Turkey,Turkey,TR,444.74,520.23,24.98,24.91,epias.com.tr,false,
2022-12-08 11:00:00,Turkey,Turkey,TR,446.44,523.0,24.07,24.01,epias.com.tr,false,
2022-12-08 12:00:00,Turkey,Turkey,TR,444.98,523.1,23.16,23.09,epias.com.tr,false,
2022-12-08 13:00:00,Turkey,Turkey,TR,443.3,521.81,22.98,22.9,epias.com.tr,false,
2022-12-08 14:00:00,Turkey,Turkey,TR,432.19,510.02,24.42,24.34,epias.com.tr,false,
2022-12-08 15:00:00,Turkey,Turkey,TR,414.18,489.92,27.38,27.3,epias.com.tr,false,
2022-12-08 16:00:00,Turkey,Turkey,TR,410.84,484.81,28.75,28.67,epias.com.tr,false,
2022-12-08 17:00:00,Turkey,Turkey,TR,412.78,485.28,29.52,29.44,epias.com.tr,false,
2022-12-08 18:00:00,Turkey,Turkey,TR,415.21,486.67,29.92,29.83,epias.com.tr,false,
2022-12-08 19:00:00,Turkey,Turkey,TR,412.9,481.57,32.0,31.91,epias.com.tr,false,
2022-12-08 20:00:00,Turkey,Turkey,TR,407.56,472.8,34.81,34.72,epias.com.tr,false,
2022-12-08 21:00:00,Turkey,Turkey,TR,411.84,475.1,35.77,35.66,epias.com.tr,false,
2022-12-08 22:00:00,Turkey,Turkey,TR,418.71,480.52,36.22,36.14,epias.com.tr,false,
2022-12-08 23:00:00,Turkey,Turkey,TR,423.2,483.2,37.11,36.92,epias.com.tr,false,
2022-12-09 00:00:00,Turkey,Turkey,TR,433.34,493.42,36.23,36.09,epias.com.tr,false,
2022-12-09 01:00:00,Turkey,Turkey,TR,445.12,505.79,34.78,34.63,epias.com.tr,false,
2022-12-09 02:00:00,Turkey,Turkey,TR,450.11,511.03,34.09,33.89,epias.com.tr,false,
2022-12-09 03:00:00,Turkey,Turkey,TR,449.86,511.41,33.68,33.57,epias.com.tr,false,
2022-12-09 04:00:00,Turkey,Turkey,TR,446.52,510.39,32.36,32.26,epias.com.tr,false,
2022-12-09 05:00:00,Turkey,Turkey,TR,441.76,509.68,29.99,29.9,epias.com.tr,false,
2022-12-09 06:00:00,Turkey,Turkey,TR,423.96,494.63,29.69,29.61,epias.com.tr,false,
2022-12-09 07:00:00,Turkey,Turkey,TR,414.45,484.31,31.11,31.03,epias.com.tr,false,
2022-12-09 08:00:00,Turkey,Turkey,TR,419.69,489.66,30.52,30.44,epias.com.tr,false,
2022-12-09 09:00:00,Turkey,Turkey,TR,423.01,492.24,30.76,30.69,epias.com.tr,false,
2022-12-09 10:00:00,Turkey,Turkey,TR,433.0,502.34,30.05,29.98,epias.com.tr,false,
2022-12-09 11:00:00,Turkey,Turkey,TR,437.05,507.85,28.77,28.7,epias.com.tr,false,
2022-12-09 12:00:00,Turkey,Turkey,TR,438.04,508.91,28.45,28.38,epias.com.tr,false,
2022-12-09 13:00:00,Turkey,Turkey,TR,435.11,507.15,27.81,27.72,epias.com.tr,false,
2022-12-09 14:00:00,Turkey,Turkey,TR,425.85,498.03,28.49,28.41,epias.com.tr,false,
2022-12-09 15:00:00,Turkey,Turkey,TR,403.71,473.34,32.13,32.05,epias.com.tr,false,
2022-12-09 16:00:00,Turkey,Turkey,TR,399.81,467.89,33.44,33.36,epias.com.tr,false,
2022-12-09 17:00:00,Turkey,Turkey,TR,408.93,477.54,32.2,32.12,epias.com.tr,false,
2022-12-09 18:00:00,Turkey,Turkey,TR,413.45,482.04,31.82,31.73,epias.com.tr,false,
2022-12-09 19:00:00,Turkey,Turkey,TR,411.78,477.88,33.62,33.45,epias.com.tr,false,
2022-12-09 20:00:00,Turkey,Turkey,TR,401.8,462.34,38.25,38.16,epias.com.tr,false,
2022-12-09 21:00:00,Turkey,Turkey,TR,404.15,463.04,39.08,38.93,epias.com.tr,false,
2022-12-09 22:00:00,Turkey,Turkey,TR,401.57,457.35,41.51,41.25,epias.com.tr,false,
2022-12-09 23:00:00,Turkey,Turkey,TR,409.9,464.63,41.42,41.21,epias.com.tr,false,
2022-12-10 00:00:00,Turkey,Turkey,TR,417.18,472.06,40.64,40.39,epias.com.tr,false,
2022-12-10 01:00:00,Turkey,Turkey,TR,412.81,467.59,41.17,40.9,epias.com.tr,false,
2022-12-10 02:00:00,Turkey,Turkey,TR,414.05,469.04,40.87,40.64,epias.com.tr,false,
2022-12-10 03:00:00,Turkey,Turkey,TR,413.24,468.28,40.88,40.67,epias.com.tr,false,
2022-12-10 04:00:00,Turkey,Turkey,TR,417.32,472.83,40.09,39.98,epias.com.tr,false,
2022-12-10 05:00:00,Turkey,Turkey,TR,419.81,476.91,38.66,38.56,epias.com.tr,false,
2022-12-10 06:00:00,Turkey,Turkey,TR,421.46,480.51,37.1,37.0,epias.com.tr,false,
2022-12-10 07:00:00,Turkey,Turkey,TR,413.38,473.78,36.88,36.79,epias.com.tr,false,
2022-12-10 08:00:00,Turkey,Turkey,TR,405.51,464.97,38.15,38.06,epias.com.tr,false,
2022-12-10 09:00:00,Turkey,Turkey,TR,396.54,454.09,40.39,40.32,epias.com.tr,false,
2022-12-10 10:00:00,Turkey,Turkey,TR,398.41,454.65,41.12,41.05,epias.com.tr,false,
2022-12-10 11:00:00,Turkey,Turkey,TR,398.91,455.42,40.85,40.78,epias.com.tr,false,
2022-12-10 12:00:00,Turkey,Turkey,TR,397.7,455.06,40.41,40.34,epias.com.tr,false,
2022-12-10 13:00:00,Turkey,Turkey,TR,400.36,458.92,39.3,39.21,epias.com.tr,false,
2022-12-10 14:00:00,Turkey,Turkey,TR,402.75,463.03,37.95,37.86,epias.com.tr,false,
2022-12-10 15:00:00,Turkey,Turkey,TR,388.87,447.85,40.05,39.97,epias.com.tr,false,
2022-12-10 16:00:00,Turkey,Turkey,TR,380.76,439.07,41.35,41.27,epias.com.tr,false,
2022-12-10 17:00:00,Turkey,Turkey,TR,381.13,437.78,42.42,42.33,epias.com.tr,false,
2022-12-10 18:00:00,Turkey,Turkey,TR,382.18,437.2,43.34,43.24,epias.com.tr,false,
2022-12-10 19:00:00,Turkey,Turkey,TR,384.51,438.58,43.81,43.71,epias.com.tr,false,
2022-12-10 20:00:00,Turkey,Turkey,TR,381.46,434.88,44.59,44.49,epias.com.tr,false,
2022-12-10 21:00:00,Turkey,Turkey,TR,375.92,428.57,45.69,45.59,epias.com.tr,false,
2022-12-10 22:00:00,Turkey,Turkey,TR,347.76,398.27,50.07,49.98,epias.com.tr,false,
2022-12-10 23:00:00,Turkey,Turkey,TR,341.86,390.98,51.65,51.45,epias.com.tr,false,
2022-12-11 00:00:00,Turkey,Turkey,TR,339.07,388.61,51.77,51.47,epias.com.tr,false,
2022-12-11 01:00:00,Turkey,Turkey,TR,339.04,388.21,52.09,51.62,epias.com.tr,false,
2022-12-11 02:00:00,Turkey,Turkey,TR,337.34,385.05,53.18,52.68,epias.com.tr,false,
2022-12-11 03:00:00,Turkey,Turkey,TR,338.23,385.97,53.01,52.5,epias.com.tr,false,
2022-12-11 04:00:00,Turkey,Turkey,TR,339.18,387.15,52.81,52.42,epias.com.tr,false,
2022-12-11 05:00:00,Turkey,Turkey,TR,331.09,378.88,53.79,53.56,epias.com.tr,false,
2022-12-11 06:00:00,Turkey,Turkey,TR,328.56,376.36,54.02,53.84,epias.com.tr,false,
2022-12-11 07:00:00,Turkey,Turkey,TR,324.82,373.78,53.55,53.43,epias.com.tr,false,
2022-12-11 08:00:00,Turkey,Turkey,TR,329.59,379.22,52.42,52.3,epias.com.tr,false,
2022-12-11 09:00:00,Turkey,Turkey,TR,334.75,384.31,51.92,51.83,epias.com.tr,false,
2022-12-11 10:00:00,Turkey,Turkey,TR,347.87,397.4,50.61,50.53,epias.com.tr,false,
2022-12-11 11:00:00,Turkey,Turkey,TR,344.24,394.22,50.69,50.61,epias.com.tr,false,
2022-12-11 12:00:00,Turkey,Turkey,TR,351.66,401.87,49.9,49.82,epias.com.tr,false,
2022-12-11 13:00:00,Turkey,Turkey,TR,359.69,409.94,48.94,48.84,epias.com.tr,false,
2022-12-11 14:00:00,Turkey,Turkey,TR,364.76,415.71,47.79,47.69,epias.com.tr,false,
2022-12-11 15:00:00,Turkey,Turkey,TR,352.57,402.77,49.36,49.26,epias.com.tr,false,
2022-12-11 16:00:00,Turkey,Turkey,TR,343.26,392.61,50.79,50.7,epias.com.tr,false,
2022-12-11 17:00:00,Turkey,Turkey,TR,350.51,399.68,50.22,50.12,epias.com.tr,false,
2022-12-11 18:00:00,Turkey,Turkey,TR,349.91,399.11,50.27,50.17,epias.com.tr,false,
2022-12-11 19:00:00,Turkey,Turkey,TR,331.47,380.18,52.48,52.38,epias.com.tr,false,
2022-12-11 20:00:00,Turkey,Turkey,TR,313.22,359.65,55.9,55.79,epias.com.tr,false,
2022-12-11 21:00:00,Turkey,Turkey,TR,314.51,359.87,56.49,56.32,epias.com.tr,false,
2022-12-11 22:00:00,Turkey,Turkey,TR,308.96,354.18,57.19,56.95,epias.com.tr,false,
2022-12-11 23:00:00,Turkey,Turkey,TR,315.89,362.24,56.04,55.75,epias.com.tr,false,
2022-12-12 00:00:00,Turkey,Turkey,TR,328.06,375.47,54.36,53.93,epias.com.tr,false,
2022-12-12 01:00:00,Turkey,Turkey,TR,340.74,389.39,52.64,52.25,epias.com.tr,false,
2022-12-12 02:00:00,Turkey,Turkey,TR,360.69,410.61,49.88,49.41,epias.com.tr,false,
2022-12-12 03:00:00,Turkey,Turkey,TR,404.85,457.42,43.78,43.34,epias.com.tr,false,
2022-12-12 04:00:00,Turkey,Turkey,TR,413.3,469.64,40.5,40.39,epias.com.tr,false,
2022-12-12 05:00:00,Turkey,Turkey,TR,421.09,481.95,36.43,36.33,epias.com.tr,false,
2022-12-12 06:00:00,Turkey,Turkey,TR,421.83,489.08,31.86,31.78,epias.com.tr,false,
2022-12-12 07:00:00,Turkey,Turkey,TR,409.71,477.82,32.43,32.35,epias.com.tr,false,
2022-12-12 08:00:00,Turkey,Turkey,TR,411.61,480.09,32.02,31.94,epias.com.tr,false,
2022-12-12 09:00:00,Turkey,Turkey,TR,407.81,476.09,32.59,32.53,epias.com.tr,false,
2022-12-12 10:00:00,Turkey,Turkey,TR,418.35,487.08,31.31,31.24,epias.com.tr,false,
2022-12-12 11:00:00,Turkey,Turkey,TR,424.42,495.03,29.42,29.36,epias.com.tr,false,
2022-12-12 12:00:00,Turkey,Turkey,TR,415.58,485.88,30.47,30.41,epias.com.tr,false,
2022-12-12 13:00:00,Turkey,Turkey,TR,417.86,489.05,29.59,29.5,epias.com.tr,false,
2022-12-12 14:00:00,Turkey,Turkey,TR,412.38,483.05,30.45,30.37,epias.com.tr,false,
2022-12-12 15:00:00,Turkey,Turkey,TR,401.97,471.76,32.09,32.01,epias.com.tr,false,
2022-12-12 16:00:00,Turkey,Turkey,TR,401.24,470.22,32.71,32.63,epias.com.tr,false,
2022-12-12 17:00:00,Turkey,Turkey,TR,409.65,479.0,31.62,31.53,epias.com.tr,false,
2022-12-12 18:00:00,Turkey,Turkey,TR,408.79,476.47,32.75,32.66,epias.com.tr,false,
2022-12-12 19:00:00,Turkey,Turkey,TR,406.44,472.1,34.3,34.2,epias.com.tr,false,
2022-12-12 20:00:00,Turkey,Turkey,TR,398.2,459.61,37.83,37.73,epias.com.tr,false,
2022-12-12 21:00:00,Turkey,Turkey,TR,395.04,453.93,39.77,39.67,epias.com.tr,false,
2022-12-12 22:00:00,Turkey,Turkey,TR,389.47,446.49,41.88,41.79,epias.com.tr,false,
2022-12-12 23:00:00,Turkey,Turkey,TR,396.94,454.25,41.06,40.96,epias.com.tr,false,
2022-12-13 00:00:00,Turkey,Turkey,TR,400.83,457.72,40.91,40.83,epias.com.tr,false,
2022-12-13 01:00:00,Turkey,Turkey,TR,405.82,461.95,40.83,40.68,epias.com.tr,false,
2022-12-13 02:00:00,Turkey,Turkey,TR,408.22,464.06,40.7,40.41,epias.com.tr,false,
2022-12-13 03:00:00,Turkey,Turkey,TR,415.53,471.75,39.74,39.61,epias.com.tr,false,
2022-12-13 04:00:00,Turkey,Turkey,TR,413.58,472.52,38.06,37.95,epias.com.tr,false,
2022-12-13 05:00:00,Turkey,Turkey,TR,427.75,492.59,32.76,32.67,epias.com.tr,false,
2022-12-13 06:00:00,Turkey,Turkey,TR,419.82,489.19,30.36,30.27,epias.com.tr,false,
2022-12-13 07:00:00,Turkey,Turkey,TR,408.87,478.69,31.13,31.05,epias.com.tr,false,
2022-12-13 08:00:00,Turkey,Turkey,TR,406.77,476.3,31.48,31.41,epias.com.tr,false,
2022-12-13 09:00:00,Turkey,Turkey,TR,403.3,471.95,32.43,32.37,epias.com.tr,false,
2022-12-13 10:00:00,Turkey,Turkey,TR,409.67,477.67,32.41,32.35,epias.com.tr,false,
2022-12-13 11:00:00,Turkey,Turkey,TR,411.09,481.07,31.01,30.95,epias.com.tr,false,
2022-12-13 12:00:00,Turkey,Turkey,TR,405.66,476.23,31.14,31.09,epias.com.tr,false,
2022-12-13 13:00:00,Turkey,Turkey,TR,405.09,475.36,31.3,31.22,epias.com.tr,false,
2022-12-13 14:00:00,Turkey,Turkey,TR,400.48,470.74,31.8,31.73,epias.com.tr,false,
2022-12-13 15:00:00,Turkey,Turkey,TR,394.43,464.66,32.47,32.4,epias.com.tr,false,
2022-12-13 16:00:00,Turkey,Turkey,TR,395.06,463.97,33.3,33.22,epias.com.tr,false,
2022-12-13 17:00:00,Turkey,Turkey,TR,391.7,458.32,35.21,35.13,epias.com.tr,false,
2022-12-13 18:00:00,Turkey,Turkey,TR,393.35,459.14,35.59,35.51,epias.com.tr,false,
2022-12-13 19:00:00,Turkey,Turkey,TR,394.68,458.8,36.6,36.51,epias.com.tr,false,
2022-12-13 20:00:00,Turkey,Turkey,TR,396.96,459.95,37.22,37.13,epias.com.tr,false,
2022-12-13 21:00:00,Turkey,Turkey,TR,402.14,463.7,37.76,37.66,epias.com.tr,false,
2022-12-13 22:00:00,Turkey,Turkey,TR,412.33,472.41,38.01,37.93,epias.com.tr,false,
2022-12-13 23:00:00,Turkey,Turkey,TR,425.72,485.88,36.88,36.8,epias.com.tr,false,
2022-12-14 00:00:00,Turkey,Turkey,TR,439.83,500.44,35.41,35.33,epias.com.tr,false,
2022-12-14 01:00:00,Turkey,Turkey,TR,453.48,515.67,33.2,33.12,epias.com.tr,false,
2022-12-14 02:00:00,Turkey,Turkey,TR,456.84,519.45,32.49,32.38,epias.com.tr,false,
2022-12-14 03:00:00,Turkey,Turkey,TR,456.54,519.46,32.24,32.14,epias.com.tr,false,
2022-12-14 04:00:00,Turkey,Turkey,TR,459.75,526.69,29.19,29.09,epias.com.tr,false,
2022-12-14 05:00:00,Turkey,Turkey,TR,460.46,533.34,25.01,24.92,epias.com.tr,false,
2022-12-14 06:00:00,Turkey,Turkey,TR,446.68,523.86,23.29,23.21,epias.com.tr,false,
2022-12-14 07:00:00,Turkey,Turkey,TR,434.81,512.94,23.75,23.67,epias.com.tr,false,
2022-12-14 08:00:00,Turkey,Turkey,TR,428.97,506.91,24.45,24.38,epias.com.tr,false,
2022-12-14 09:00:00,Turkey,Turkey,TR,425.22,502.81,25.19,25.13,epias.com.tr,false,
2022-12-14 10:00:00,Turkey,Turkey,TR,443.87,523.79,21.98,21.92,epias.com.tr,false,
2022-12-14 11:00:00,Turkey,Turkey,TR,444.09,524.64,21.55,21.5,epias.com.tr,false,
2022-12-14 12:00:00,Turkey,Turkey,TR,434.41,513.2,23.56,23.5,epias.com.tr,false,
2022-12-14 13:00:00,Turkey,Turkey,TR,433.92,513.06,23.36,23.28,epias.com.tr,false,
2022-12-14 14:00:00,Turkey,Turkey,TR,428.0,506.47,24.36,24.28,epias.com.tr,false,
2022-12-14 15:00:00,Turkey,Turkey,TR,416.83,493.45,26.61,26.53,epias.com.tr,false,
2022-12-14 16:00:00,Turkey,Turkey,TR,419.96,496.65,26.31,26.23,epias.com.tr,false,
2022-12-14 17:00:00,Turkey,Turkey,TR,427.03,503.74,25.71,25.63,epias.com.tr,false,
2022-12-14 18:00:00,Turkey,Turkey,TR,433.41,510.24,25.0,24.92,epias.com.tr,false,
2022-12-14 19:00:00,Turkey,Turkey,TR,433.71,508.98,26.08,25.99,epias.com.tr,false,
2022-12-14 20:00:00,Turkey,Turkey,TR,425.97,497.22,29.46,29.37,epias.com.tr,false,
2022-12-14 21:00:00,Turkey,Turkey,TR,424.61,492.88,31.54,31.44,epias.com.tr,false,
2022-12-14 22:00:00,Turkey,Turkey,TR,430.64,497.02,32.34,32.26,epias.com.tr,false,
2022-12-14 23:00:00,Turkey,Turkey,TR,439.29,504.14,32.57,32.51,epias.com.tr,false,
2022-12-15 00:00:00,Turkey,Turkey,TR,435.7,498.27,34.21,34.16,epias.com.tr,false,
2022-12-15 01:00:00,Turkey,Turkey,TR,431.64,492.66,35.55,35.48,epias.com.tr,false,
2022-12-15 02:00:00,Turkey,Turkey,TR,422.88,483.78,36.19,36.08,epias.com.tr,false,
2022-12-15 03:00:00,Turkey,Turkey,TR,424.32,483.89,36.83,36.72,epias.com.tr,false,
2022-12-15 04:00:00,Turkey,Turkey,TR,421.76,482.35,36.34,36.24,epias.com.tr,false,
2022-12-15 05:00:00,Turkey,Turkey,TR,412.46,476.03,35.09,35.0,epias.com.tr,false,
2022-12-15 06:00:00,Turkey,Turkey,TR,404.77,472.41,32.9,32.81,epias.com.tr,false,
2022-12-15 07:00:00,Turkey,Turkey,TR,398.49,467.23,32.67,32.59,epias.com.tr,false,
2022-12-15 08:00:00,Turkey,Turkey,TR,394.02,461.99,33.61,33.53,epias.com.tr,false,
2022-12-15 09:00:00,Turkey,Turkey,TR,389.33,455.9,35.09,35.03,epias.com.tr,false,
2022-12-15 10:00:00,Turkey,Turkey,TR,395.91,461.1,35.5,35.43,epias.com.tr,false,
2022-12-15 11:00:00,Turkey,Turkey,TR,402.15,469.3,33.69,33.63,epias.com.tr,false,
2022-12-15 12:00:00,Turkey,Turkey,TR,398.7,466.4,33.66,33.61,epias.com.tr,false,
2022-12-15 13:00:00,Turkey,Turkey,TR,403.26,472.49,32.15,32.07,epias.com.tr,false,
2022-12-15 14:00:00,Turkey,Turkey,TR,396.75,465.81,32.89,32.81,epias.com.tr,false,
2022-12-15 15:00:00,Turkey,Turkey,TR,385.34,453.65,34.55,34.48,epias.com.tr,false,
2022-12-15 16:00:00,Turkey,Turkey,TR,384.22,451.32,35.63,35.55,epias.com.tr,false,
2022-12-15 17:00:00,Turkey,Turkey,TR,394.43,462.65,33.96,33.89,epias.com.tr,false,
2022-12-15 18:00:00,Turkey,Turkey,TR,401.3,470.11,33.03,32.95,epias.com.tr,false,
2022-12-15 19:00:00,Turkey,Turkey,TR,408.78,477.89,32.21,32.13,epias.com.tr,false,
2022-12-15 20:00:00,Turkey,Turkey,TR,406.58,473.76,33.86,33.77,epias.com.tr,false,
2022-12-15 21:00:00,Turkey,Turkey,TR,406.03,470.88,35.55,35.46,epias.com.tr,false,
2022-12-15 22:00:00,Turkey,Turkey,TR,415.18,479.41,35.41,35.34,epias.com.tr,false,
2022-12-15 23:00:00,Turkey,Turkey,TR,432.75,497.04,33.87,33.79,epias.com.tr,false,
2022-12-16 00:00:00,Turkey,Turkey,TR,446.98,512.17,32.05,31.97,epias.com.tr,false,
2022-12-16 01:00:00,Turkey,Turkey,TR,456.2,521.9,30.86,30.79,epias.com.tr,false,
2022-12-16 02:00:00,Turkey,Turkey,TR,453.79,518.57,31.6,31.49,epias.com.tr,false,
2022-12-16 03:00:00,Turkey,Turkey,TR,452.08,516.31,32.11,32.01,epias.com.tr,false,
2022-12-16 04:00:00,Turkey,Turkey,TR,447.67,512.99,31.63,31.53,epias.com.tr,false,
2022-12-16 05:00:00,Turkey,Turkey,TR,446.29,516.81,28.05,27.96,epias.com.tr,false,
2022-12-16 06:00:00,Turkey,Turkey,TR,431.45,504.67,27.37,27.29,epias.com.tr,false,
2022-12-16 07:00:00,Turkey,Turkey,TR,416.78,488.74,29.44,29.36,epias.com.tr,false,
2022-12-16 08:00:00,Turkey,Turkey,TR,418.94,490.94,29.27,29.19,epias.com.tr,false,
2022-12-16 09:00:00,Turkey,Turkey,TR,416.47,487.06,30.62,30.55,epias.com.tr,false,
2022-12-16 10:00:00,Turkey,Turkey,TR,431.13,500.67,30.12,30.06,epias.com.tr,false,
2022-12-16 11:00:00,Turkey,Turkey,TR,439.28,510.36,28.39,28.32,epias.com.tr,false,
2022-12-16 12:00:00,Turkey,Turkey,TR,436.56,508.75,27.78,27.72,epias.com.tr,false,
2022-12-16 13:00:00,Turkey,Turkey,TR,437.79,511.2,26.72,26.64,epias.com.tr,false,
2022-12-16 14:00:00,Turkey,Turkey,TR,428.37,502.5,27.11,27.03,epias.com.tr,false,
2022-12-16 15:00:00,Turkey,Turkey,TR,410.23,482.56,29.91,29.83,epias.com.tr,false,
2022-12-16 16:00:00,Turkey,Turkey,TR,405.94,476.85,31.19,31.12,epias.com.tr,false,
2022-12-16 17:00:00,Turkey,Turkey,TR,409.14,479.49,31.36,31.28,epias.com.tr,false,
2022-12-16 18:00:00,Turkey,Turkey,TR,412.91,482.88,31.29,31.21,epias.com.tr,false,
2022-12-16 19:00:00,Turkey,Turkey,TR,411.74,479.55,32.8,32.71,epias.com.tr,false,
2022-12-16 20:00:00,Turkey,Turkey,TR,400.37,464.14,36.6,36.51,epias.com.tr,false,
2022-12-16 21:00:00,Turkey,Turkey,TR,405.85,468.09,37.26,37.16,epias.com.tr,false,
2022-12-16 22:00:00,Turkey,Turkey,TR,410.75,472.07,37.67,37.6,epias.com.tr,false,
2022-12-16 23:00:00,Turkey,Turkey,TR,421.01,481.13,37.51,37.27,epias.com.tr,false,
2022-12-17 00:00:00,Turkey,Turkey,TR,436.21,497.07,35.72,35.56,epias.com.tr,false,
2022-12-17 01:00:00,Turkey,Turkey,TR,442.25,503.44,35.03,34.85,epias.com.tr,false,
2022-12-17 02:00:00,Turkey,Turkey,TR,446.85,508.65,34.23,33.99,epias.com.tr,false,
2022-12-17 03:00:00,Turkey,Turkey,TR,447.17,508.6,34.32,33.98,epias.com.tr,false,
2022-12-17 04:00:00,Turkey,Turkey,TR,447.9,511.13,33.07,32.89,epias.com.tr,false,
2022-12-17 05:00:00,Turkey,Turkey,TR,446.94,511.95,31.69,31.34,epias.com.tr,false,
2022-12-17 06:00:00,Turkey,Turkey,TR,437.64,505.39,30.58,30.35,epias.com.tr,false,
2022-12-17 07:00:00,Turkey,Turkey,TR,420.06,486.64,32.88,32.77,epias.com.tr,false,
2022-12-17 08:00:00,Turkey,Turkey,TR,411.41,475.91,35.04,34.89,epias.com.tr,false,
2022-12-17 09:00:00,Turkey,Turkey,TR,408.37,471.35,36.52,36.39,epias.com.tr,false,
2022-12-17 10:00:00,Turkey,Turkey,TR,413.94,476.34,36.48,36.36,epias.com.tr,false,
2022-12-17 11:00:00,Turkey,Turkey,TR,414.0,478.18,35.33,35.23,epias.com.tr,false,
2022-12-17 12:00:00,Turkey,Turkey,TR,420.68,484.8,34.71,34.53,epias.com.tr,false,
2022-12-17 13:00:00,Turkey,Turkey,TR,425.19,491.25,33.0,32.81,epias.com.tr,false,
2022-12-17 14:00:00,Turkey,Turkey,TR,423.4,490.88,32.08,31.86,epias.com.tr,false,
2022-12-17 15:00:00,Turkey,Turkey,TR,399.0,464.38,35.75,35.57,epias.com.tr,false,
2022-12-17 16:00:00,Turkey,Turkey,TR,384.86,448.63,38.14,37.96,epias.com.tr,false,
2022-12-17 17:00:00,Turkey,Turkey,TR,392.17,456.55,37.11,36.91,epias.com.tr,false,
2022-12-17 18:00:00,Turkey,Turkey,TR,401.16,466.21,35.88,35.57,epias.com.tr,false,
2022-12-17 19:00:00,Turkey,Turkey,TR,411.48,478.01,34.05,33.79,epias.com.tr,false,
2022-12-17 20:00:00,Turkey,Turkey,TR,410.23,474.62,35.66,35.27,epias.com.tr,false,
2022-12-17 21:00:00,Turkey,Turkey,TR,414.85,477.3,36.59,36.32,epias.com.tr,false,
2022-12-17 22:00:00,Turkey,Turkey,TR,429.69,491.66,35.79,35.3,epias.com.tr,false,
2022-12-17 23:00:00,Turkey,Turkey,TR,444.89,506.18,35.07,34.36,epias.com.tr,false,
2022-12-18 00:00:00,Turkey,Turkey,TR,465.7,528.18,32.57,31.96,epias.com.tr,false,
2022-12-18 01:00:00,Turkey,Turkey,TR,475.49,539.15,30.99,30.36,epias.com.tr,false,
2022-12-18 02:00:00,Turkey,Turkey,TR,488.32,554.12,28.45,27.86,epias.com.tr,false,
2022-12-18 03:00:00,Turkey,Turkey,TR,490.72,558.11,27.38,26.83,epias.com.tr,false,
2022-12-18 04:00:00,Turkey,Turkey,TR,488.28,557.8,26.1,25.55,epias.com.tr,false,
2022-12-18 05:00:00,Turkey,Turkey,TR,484.76,553.84,26.69,26.09,epias.com.tr,false,
2022-12-18 06:00:00,Turkey,Turkey,TR,482.5,550.6,27.58,27.01,epias.com.tr,false,
2022-12-18 07:00:00,Turkey,Turkey,TR,476.25,543.4,28.63,28.34,epias.com.tr,false,
2022-12-18 08:00:00,Turkey,Turkey,TR,465.36,531.43,30.4,30.19,epias.com.tr,false,
2022-12-18 09:00:00,Turkey,Turkey,TR,460.1,525.54,31.43,31.26,epias.com.tr,false,
2022-12-18 10:00:00,Turkey,Turkey,TR,460.67,524.6,32.32,32.21,epias.com.tr,false,
2022-12-18 11:00:00,Turkey,Turkey,TR,461.14,525.12,32.18,32.0,epias.com.tr,false,
2022-12-18 12:00:00,Turkey,Turkey,TR,455.11,518.9,32.67,32.51,epias.com.tr,false,
2022-12-18 13:00:00,Turkey,Turkey,TR,448.38,512.23,32.94,32.55,epias.com.tr,false,
2022-12-18 14:00:00,Turkey,Turkey,TR,447.97,515.15,30.54,30.25,epias.com.tr,false,
2022-12-18 15:00:00,Turkey,Turkey,TR,415.27,480.65,34.58,34.36,epias.com.tr,false,
2022-12-18 16:00:00,Turkey,Turkey,TR,393.73,456.98,38.0,37.85,epias.com.tr,false,
2022-12-18 17:00:00,Turkey,Turkey,TR,398.22,461.53,37.42,37.23,epias.com.tr,false,
2022-12-18 18:00:00,Turkey,Turkey,TR,400.96,463.54,37.6,37.44,epias.com.tr,false,
2022-12-18 19:00:00,Turkey,Turkey,TR,402.87,464.59,37.92,37.61,epias.com.tr,false,
2022-12-18 20:00:00,Turkey,Turkey,TR,393.67,452.0,41.1,40.87,epias.com.tr,false,
2022-12-18 21:00:00,Turkey,Turkey,TR,391.53,447.22,43.19,42.93,epias.com.tr,false,
2022-12-18 22:00:00,Turkey,Turkey,TR,373.18,427.24,46.21,45.79,epias.com.tr,false,
2022-12-18 23:00:00,Turkey,Turkey,TR,372.36,425.96,46.71,46.27,epias.com.tr,false,
2022-12-19 00:00:00,Turkey,Turkey,TR,377.71,431.73,45.9,45.35,epias.com.tr,false,
2022-12-19 01:00:00,Turkey,Turkey,TR,379.04,433.32,45.59,45.0,epias.com.tr,false,
2022-12-19 02:00:00,Turkey,Turkey,TR,382.85,436.48,45.42,44.83,epias.com.tr,false,
2022-12-19 03:00:00,Turkey,Turkey,TR,381.67,435.29,45.36,45.14,epias.com.tr,false,
2022-12-19 04:00:00,Turkey,Turkey,TR,377.83,430.82,45.79,45.31,epias.com.tr,false,
2022-12-19 05:00:00,Turkey,Turkey,TR,397.35,453.99,41.12,40.7,epias.com.tr,false,
2022-12-19 06:00:00,Turkey,Turkey,TR,385.27,446.53,39.03,38.93,epias.com.tr,false,
2022-12-19 07:00:00,Turkey,Turkey,TR,364.7,424.65,41.82,41.74,epias.com.tr,false,
2022-12-19 08:00:00,Turkey,Turkey,TR,367.49,429.18,40.45,40.37,epias.com.tr,false,
2022-12-19 09:00:00,Turkey,Turkey,TR,364.33,425.39,41.22,41.16,epias.com.tr,false,
2022-12-19 10:00:00,Turkey,Turkey,TR,371.9,432.5,40.75,40.69,epias.com.tr,false,
2022-12-19 11:00:00,Turkey,Turkey,TR,375.18,437.33,39.49,39.42,epias.com.tr,false,
2022-12-19 12:00:00,Turkey,Turkey,TR,371.05,434.41,38.98,38.93,epias.com.tr,false,
2022-12-19 13:00:00,Turkey,Turkey,TR,369.97,433.78,38.79,38.72,epias.com.tr,false,
2022-12-19 14:00:00,Turkey,Turkey,TR,365.91,429.52,39.17,39.1,epias.com.tr,false,
2022-12-19 15:00:00,Turkey,Turkey,TR,350.22,412.36,41.65,41.58,epias.com.tr,false,
2022-12-19 16:00:00,Turkey,Turkey,TR,347.16,408.05,42.79,42.72,epias.com.tr,false,
2022-12-19 17:00:00,Turkey,Turkey,TR,352.15,412.36,42.76,42.69,epias.com.tr,false,
2022-12-19 18:00:00,Turkey,Turkey,TR,355.47,415.12,42.88,42.8,epias.com.tr,false,
2022-12-19 19:00:00,Turkey,Turkey,TR,349.25,406.78,44.96,44.88,epias.com.tr,false,
2022-12-19 20:00:00,Turkey,Turkey,TR,344.97,400.15,47.0,46.83,epias.com.tr,false,
2022-12-19 21:00:00,Turkey,Turkey,TR,344.66,397.34,48.76,48.52,epias.com.tr,false,
2022-12-19 22:00:00,Turkey,Turkey,TR,345.93,397.8,49.43,49.3,epias.com.tr,false,
2022-12-19 23:00:00,Turkey,Turkey,TR,353.48,405.46,48.77,48.66,epias.com.tr,false,
2022-12-20 00:00:00,Turkey,Turkey,TR,363.71,415.99,47.59,47.45,epias.com.tr,false,
2022-12-20 01:00:00,Turkey,Turkey,TR,371.35,424.72,46.28,46.13,epias.com.tr,false,
2022-12-20 02:00:00,Turkey,Turkey,TR,375.43,429.35,45.47,45.31,epias.com.tr,false,
2022-12-20 03:00:00,Turkey,Turkey,TR,381.09,435.05,44.81,44.34,epias.com.tr,false,
2022-12-20 04:00:00,Turkey,Turkey,TR,387.49,442.89,43.19,42.72,epias.com.tr,false,
2022-12-20 05:00:00,Turkey,Turkey,TR,393.77,454.37,38.98,38.71,epias.com.tr,false,
2022-12-20 06:00:00,Turkey,Turkey,TR,378.29,442.26,38.07,38.0,epias.com.tr,false,
2022-12-20 07:00:00,Turkey,Turkey,TR,369.6,434.48,38.18,38.12,epias.com.tr,false,
2022-12-20 08:00:00,Turkey,Turkey,TR,374.58,440.35,37.08,37.01,epias.com.tr,false,
2022-12-20 09:00:00,Turkey,Turkey,TR,371.24,436.55,37.76,37.7,epias.com.tr,false,
2022-12-20 10:00:00,Turkey,Turkey,TR,381.41,446.82,36.8,36.74,epias.com.tr,false,
2022-12-20 11:00:00,Turkey,Turkey,TR,381.96,447.77,36.46,36.4,epias.com.tr,false,
2022-12-20 12:00:00,Turkey,Turkey,TR,381.44,447.37,36.34,36.29,epias.com.tr,false,
2022-12-20 13:00:00,Turkey,Turkey,TR,384.38,451.46,35.13,35.05,epias.com.tr,false,
2022-12-20 14:00:00,Turkey,Turkey,TR,372.56,438.5,37.05,36.95,epias.com.tr,false,
2022-12-20 15:00:00,Turkey,Turkey,TR,360.01,424.61,39.15,39.08,epias.com.tr,false,
2022-12-20 16:00:00,Turkey,Turkey,TR,358.75,421.99,40.17,40.1,epias.com.tr,false,
2022-12-20 17:00:00,Turkey,Turkey,TR,363.4,425.97,40.18,40.07,epias.com.tr,false,
2022-12-20 18:00:00,Turkey,Turkey,TR,367.47,430.13,39.83,39.69,epias.com.tr,false,
2022-12-20 19:00:00,Turkey,Turkey,TR,373.11,435.31,39.63,39.44,epias.com.tr,false,
2022-12-20 20:00:00,Turkey,Turkey,TR,371.48,431.35,41.42,41.19,epias.com.tr,false,
2022-12-20 21:00:00,Turkey,Turkey,TR,372.67,430.45,42.9,42.63,epias.com.tr,false,
2022-12-20 22:00:00,Turkey,Turkey,TR,385.14,441.93,42.58,42.21,epias.com.tr,false,
2022-12-20 23:00:00,Turkey,Turkey,TR,408.47,467.75,38.85,38.51,epias.com.tr,false,
2022-12-21 00:00:00,Turkey,Turkey,TR,423.82,484.11,36.75,36.33,epias.com.tr,false,
2022-12-21 01:00:00,Turkey,Turkey,TR,434.9,496.32,35.0,34.55,epias.com.tr,false,
2022-12-21 02:00:00,Turkey,Turkey,TR,442.63,505.18,33.49,32.77,epias.com.tr,false,
2022-12-21 03:00:00,Turkey,Turkey,TR,445.96,509.3,32.76,32.07,epias.com.tr,false,
2022-12-21 04:00:00,Turkey,Turkey,TR,450.58,518.06,29.47,28.86,epias.com.tr,false,
2022-12-21 05:00:00,Turkey,Turkey,TR,442.48,515.26,26.7,26.28,epias.com.tr,false,
2022-12-21 06:00:00,Turkey,Turkey,TR,429.52,505.66,25.46,25.27,epias.com.tr,false,
2022-12-21 07:00:00,Turkey,Turkey,TR,414.17,490.39,26.83,26.69,epias.com.tr,false,
2022-12-21 08:00:00,Turkey,Turkey,TR,415.98,492.6,26.53,26.46,epias.com.tr,false,
2022-12-21 09:00:00,Turkey,Turkey,TR,415.29,491.64,26.94,26.87,epias.com.tr,false,
2022-12-21 10:00:00,Turkey,Turkey,TR,430.81,507.53,25.39,25.25,epias.com.tr,false,
2022-12-21 11:00:00,Turkey,Turkey,TR,435.38,513.68,23.97,23.83,epias.com.tr,false,
2022-12-21 12:00:00,Turkey,Turkey,TR,434.89,514.87,22.85,22.72,epias.com.tr,false,
2022-12-21 13:00:00,Turkey,Turkey,TR,432.19,511.93,23.22,23.05,epias.com.tr,false,
2022-12-21 14:00:00,Turkey,Turkey,TR,416.04,493.28,26.3,26.09,epias.com.tr,false,
2022-12-21 15:00:00,Turkey,Turkey,TR,398.81,473.68,29.39,29.17,epias.com.tr,false,
2022-12-21 16:00:00,Turkey,Turkey,TR,393.15,466.22,31.12,30.86,epias.com.tr,false,
2022-12-21 17:00:00,Turkey,Turkey,TR,404.45,478.99,29.13,28.85,epias.com.tr,false,
2022-12-21 18:00:00,Turkey,Turkey,TR,414.13,489.52,27.7,27.37,epias.com.tr,false,
2022-12-21 19:00:00,Turkey,Turkey,TR,419.25,493.9,27.82,27.38,epias.com.tr,false,
2022-12-21 20:00:00,Turkey,Turkey,TR,419.55,491.89,29.47,28.98,epias.com.tr,false,
2022-12-21 21:00:00,Turkey,Turkey,TR,430.9,502.96,28.69,28.14,epias.com.tr,false,
2022-12-21 22:00:00,Turkey,Turkey,TR,449.41,522.39,26.51,25.87,epias.com.tr,false,
2022-12-21 23:00:00,Turkey,Turkey,TR,465.25,538.68,24.8,24.16,epias.com.tr,false,
2022-12-22 00:00:00,Turkey,Turkey,TR,472.64,545.85,24.43,23.73,epias.com.tr,false,
2022-12-22 01:00:00,Turkey,Turkey,TR,483.47,557.58,22.82,22.11,epias.com.tr,false,
2022-12-22 02:00:00,Turkey,Turkey,TR,490.22,565.47,21.45,20.72,epias.com.tr,false,
2022-12-22 03:00:00,Turkey,Turkey,TR,497.52,575.18,19.16,18.48,epias.com.tr,false,
2022-12-22 04:00:00,Turkey,Turkey,TR,496.0,575.83,17.76,17.11,epias.com.tr,false,
2022-12-22 05:00:00,Turkey,Turkey,TR,483.39,565.57,17.13,16.58,epias.com.tr,false,
2022-12-22 06:00:00,Turkey,Turkey,TR,449.44,531.14,20.46,20.14,epias.com.tr,false,
2022-12-22 07:00:00,Turkey,Turkey,TR,425.28,504.31,24.48,24.23,epias.com.tr,false,
2022-12-22 08:00:00,Turkey,Turkey,TR,424.65,503.3,24.74,24.51,epias.com.tr,false,
2022-12-22 09:00:00,Turkey,Turkey,TR,425.38,503.65,25.0,24.75,epias.com.tr,false,
2022-12-22 10:00:00,Turkey,Turkey,TR,447.61,528.4,21.28,20.99,epias.com.tr,false,
2022-12-22 11:00:00,Turkey,Turkey,TR,452.04,533.91,20.22,19.9,epias.com.tr,false,
2022-12-22 12:00:00,Turkey,Turkey,TR,446.66,527.65,21.3,20.99,epias.com.tr,false,
2022-12-22 13:00:00,Turkey,Turkey,TR,440.69,521.83,21.79,21.52,epias.com.tr,false,
2022-12-22 14:00:00,Turkey,Turkey,TR,428.48,508.16,23.89,23.66,epias.com.tr,false,
2022-12-22 15:00:00,Turkey,Turkey,TR,409.31,486.74,27.13,26.95,epias.com.tr,false,
2022-12-22 16:00:00,Turkey,Turkey,TR,406.26,482.64,28.15,27.94,epias.com.tr,false,
2022-12-22 17:00:00,Turkey,Turkey,TR,418.62,496.46,25.99,25.74,epias.com.tr,false,
2022-12-22 18:00:00,Turkey,Turkey,TR,431.39,510.75,23.79,23.46,epias.com.tr,false,
2022-12-22 19:00:00,Turkey,Turkey,TR,440.81,520.79,22.53,22.14,epias.com.tr,false,
2022-12-22 20:00:00,Turkey,Turkey,TR,441.61,519.54,23.86,23.38,epias.com.tr,false,
2022-12-22 21:00:00,Turkey,Turkey,TR,449.13,525.35,24.35,23.82,epias.com.tr,false,
2022-12-22 22:00:00,Turkey,Turkey,TR,462.11,538.29,23.21,22.66,epias.com.tr,false,
2022-12-22 23:00:00,Turkey,Turkey,TR,469.93,544.78,23.49,22.99,epias.com.tr,false,
2022-12-23 00:00:00,Turkey,Turkey,TR,484.19,559.93,21.58,20.96,epias.com.tr,false,
2022-12-23 01:00:00,Turkey,Turkey,TR,495.62,571.79,20.23,19.53,epias.com.tr,false,
2022-12-23 02:00:00,Turkey,Turkey,TR,500.7,577.62,19.36,18.62,epias.com.tr,false,
2022-12-23 03:00:00,Turkey,Turkey,TR,502.52,580.35,18.58,17.97,epias.com.tr,false,
2022-12-23 04:00:00,Turkey,Turkey,TR,494.22,573.02,18.54,18.04,epias.com.tr,false,
2022-12-23 05:00:00,Turkey,Turkey,TR,487.87,569.75,16.87,16.37,epias.com.tr,false,
2022-12-23 06:00:00,Turkey,Turkey,TR,455.6,537.12,19.89,19.5,epias.com.tr,false,
2022-12-23 07:00:00,Turkey,Turkey,TR,430.08,508.62,24.23,23.89,epias.com.tr,false,
2022-12-23 08:00:00,Turkey,Turkey,TR,425.57,503.3,25.18,24.84,epias.com.tr,false,
2022-12-23 09:00:00,Turkey,Turkey,TR,421.06,498.79,25.75,25.56,epias.com.tr,false,
2022-12-23 10:00:00,Turkey,Turkey,TR,450.02,529.98,21.51,21.34,epias.com.tr,false,
2022-12-23 11:00:00,Turkey,Turkey,TR,465.61,547.05,18.96,18.61,epias.com.tr,false,
2022-12-23 12:00:00,Turkey,Turkey,TR,457.78,539.3,19.71,19.36,epias.com.tr,false,
2022-12-23 13:00:00,Turkey,Turkey,TR,456.26,537.33,20.17,19.72,epias.com.tr,false,
2022-12-23 14:00:00,Turkey,Turkey,TR,448.08,528.21,21.51,21.14,epias.com.tr,false,
2022-12-23 15:00:00,Turkey,Turkey,TR,432.34,511.17,23.83,23.56,epias.com.tr,false,
2022-12-23 16:00:00,Turkey,Turkey,TR,430.7,509.05,24.32,24.06,epias.com.tr,false,
2022-12-23 17:00:00,Turkey,Turkey,TR,445.22,525.05,21.99,21.65,epias.com.tr,false,
2022-12-23 18:00:00,Turkey,Turkey,TR,451.8,532.64,20.69,20.29,epias.com.tr,false,
2022-12-23 19:00:00,Turkey,Turkey,TR,453.84,533.97,21.06,20.59,epias.com.tr,false,
2022-12-23 20:00:00,Turkey,Turkey,TR,447.75,524.58,23.97,23.52,epias.com.tr,false,
2022-12-23 21:00:00,Turkey,Turkey,TR,449.24,524.48,24.98,24.49,epias.com.tr,false,
2022-12-23 22:00:00,Turkey,Turkey,TR,465.81,541.6,23.21,22.63,epias.com.tr,false,
2022-12-23 23:00:00,Turkey,Turkey,TR,480.23,555.82,22.09,21.44,epias.com.tr,false,
2022-12-24 00:00:00,Turkey,Turkey,TR,488.59,563.27,22.0,21.22,epias.com.tr,false,
2022-12-24 01:00:00,Turkey,Turkey,TR,494.51,569.68,21.28,20.46,epias.com.tr,false,
2022-12-24 02:00:00,Turkey,Turkey,TR,499.94,575.65,20.36,19.56,epias.com.tr,false,
2022-12-24 03:00:00,Turkey,Turkey,TR,503.44,579.18,20.04,19.26,epias.com.tr,false,
2022-12-24 04:00:00,Turkey,Turkey,TR,505.68,582.96,18.73,18.03,epias.com.tr,false,
2022-12-24 05:00:00,Turkey,Turkey,TR,507.92,588.15,16.37,15.69,epias.com.tr,false,
2022-12-24 06:00:00,Turkey,Turkey,TR,493.11,575.49,16.1,15.46,epias.com.tr,false,
2022-12-24 07:00:00,Turkey,Turkey,TR,467.15,547.08,20.07,19.51,epias.com.tr,false,
2022-12-24 08:00:00,Turkey,Turkey,TR,457.1,535.33,22.09,21.47,epias.com.tr,false,
2022-12-24 09:00:00,Turkey,Turkey,TR,454.92,532.55,22.75,22.12,epias.com.tr,false,
2022-12-24 10:00:00,Turkey,Turkey,TR,471.98,550.99,20.29,19.63,epias.com.tr,false,
2022-12-24 11:00:00,Turkey,Turkey,TR,474.52,553.39,20.18,19.56,epias.com.tr,false,
2022-12-24 12:00:00,Turkey,Turkey,TR,472.72,551.19,20.56,19.88,epias.com.tr,false,
2022-12-24 13:00:00,Turkey,Turkey,TR,473.85,552.58,20.24,19.55,epias.com.tr,false,
2022-12-24 14:00:00,Turkey,Turkey,TR,465.23,544.15,21.0,20.39,epias.com.tr,false,
2022-12-24 15:00:00,Turkey,Turkey,TR,447.34,525.02,23.41,22.86,epias.com.tr,false,
2022-12-24 16:00:00,Turkey,Turkey,TR,433.6,509.41,25.84,25.29,epias.com.tr,false,
2022-12-24 17:00:00,Turkey,Turkey,TR,443.23,518.5,25.31,24.68,epias.com.tr,false,
2022-12-24 18:00:00,Turkey,Turkey,TR,454.76,532.95,22.26,21.61,epias.com.tr,false,
2022-12-24 19:00:00,Turkey,Turkey,TR,459.26,537.52,21.86,21.2,epias.com.tr,false,
2022-12-24 20:00:00,Turkey,Turkey,TR,454.27,529.3,24.5,23.82,epias.com.tr,false,
2022-12-24 21:00:00,Turkey,Turkey,TR,460.62,534.07,25.06,24.34,epias.com.tr,false,
2022-12-24 22:00:00,Turkey,Turkey,TR,476.23,549.85,23.61,22.76,epias.com.tr,false,
2022-12-24 23:00:00,Turkey,Turkey,TR,484.13,555.96,24.22,23.33,epias.com.tr,false,
2022-12-25 00:00:00,Turkey,Turkey,TR,495.43,567.29,23.25,22.27,epias.com.tr,false,
2022-12-25 01:00:00,Turkey,Turkey,TR,497.22,568.67,23.48,22.51,epias.com.tr,false,
2022-12-25 02:00:00,Turkey,Turkey,TR,494.46,564.31,24.76,23.71,epias.com.tr,false,
2022-12-25 03:00:00,Turkey,Turkey,TR,493.04,562.77,24.99,23.91,epias.com.tr,false,
2022-12-25 04:00:00,Turkey,Turkey,TR,494.28,564.76,24.28,23.29,epias.com.tr,false,
2022-12-25 05:00:00,Turkey,Turkey,TR,493.48,564.28,24.14,23.27,epias.com.tr,false,
2022-12-25 06:00:00,Turkey,Turkey,TR,494.56,565.15,24.06,23.18,epias.com.tr,false,
2022-12-25 07:00:00,Turkey,Turkey,TR,488.68,560.15,23.99,23.2,epias.com.tr,false,
2022-12-25 08:00:00,Turkey,Turkey,TR,476.62,547.52,25.49,24.73,epias.com.tr,false,
2022-12-25 09:00:00,Turkey,Turkey,TR,469.93,538.7,27.57,26.81,epias.com.tr,false,
2022-12-25 10:00:00,Turkey,Turkey,TR,470.64,538.26,28.2,27.39,epias.com.tr,false,
2022-12-25 11:00:00,Turkey,Turkey,TR,463.28,529.68,29.52,28.61,epias.com.tr,false,
2022-12-25 12:00:00,Turkey,Turkey,TR,459.34,525.65,29.88,29.02,epias.com.tr,false,
2022-12-25 13:00:00,Turkey,Turkey,TR,457.49,525.08,29.15,28.29,epias.com.tr,false,
2022-12-25 14:00:00,Turkey,Turkey,TR,453.01,521.62,28.71,27.87,epias.com.tr,false,
2022-12-25 15:00:00,Turkey,Turkey,TR,429.34,496.36,31.92,31.25,epias.com.tr,false,
2022-12-25 16:00:00,Turkey,Turkey,TR,410.8,476.04,34.75,34.13,epias.com.tr,false,
2022-12-25 17:00:00,Turkey,Turkey,TR,418.23,484.7,33.12,32.49,epias.com.tr,false,
2022-12-25 18:00:00,Turkey,Turkey,TR,417.32,483.49,33.46,32.8,epias.com.tr,false,
2022-12-25 19:00:00,Turkey,Turkey,TR,428.11,495.12,31.85,31.2,epias.com.tr,false,
2022-12-25 20:00:00,Turkey,Turkey,TR,423.97,486.67,35.2,34.5,epias.com.tr,false,
2022-12-25 21:00:00,Turkey,Turkey,TR,427.11,487.87,36.27,35.51,epias.com.tr,false,
2022-12-25 22:00:00,Turkey,Turkey,TR,437.77,497.86,35.89,35.01,epias.com.tr,false,
2022-12-25 23:00:00,Turkey,Turkey,TR,453.65,514.35,34.15,33.23,epias.com.tr,false,
2022-12-26 00:00:00,Turkey,Turkey,TR,467.95,530.01,32.0,31.0,epias.com.tr,false,
2022-12-26 01:00:00,Turkey,Turkey,TR,474.17,537.01,30.98,29.92,epias.com.tr,false,
2022-12-26 02:00:00,Turkey,Turkey,TR,474.48,537.91,30.62,29.52,epias.com.tr,false,
2022-12-26 03:00:00,Turkey,Turkey,TR,478.1,542.33,29.66,28.73,epias.com.tr,false,
2022-12-26 04:00:00,Turkey,Turkey,TR,477.92,544.68,27.82,27.03,epias.com.tr,false,
2022-12-26 05:00:00,Turkey,Turkey,TR,466.72,538.43,25.26,24.51,epias.com.tr,false,
2022-12-26 06:00:00,Turkey,Turkey,TR,447.11,523.01,24.05,23.41,epias.com.tr,false,
2022-12-26 07:00:00,Turkey,Turkey,TR,433.19,510.02,24.69,24.13,epias.com.tr,false,
2022-12-26 08:00:00,Turkey,Turkey,TR,433.77,511.17,24.29,23.72,epias.com.tr,false,
2022-12-26 09:00:00,Turkey,Turkey,TR,431.36,508.07,25.05,24.46,epias.com.tr,false,
2022-12-26 10:00:00,Turkey,Turkey,TR,441.42,518.29,24.15,23.57,epias.com.tr,false,
2022-12-26 11:00:00,Turkey,Turkey,TR,444.44,522.32,23.16,22.56,epias.com.tr,false,
2022-12-26 12:00:00,Turkey,Turkey,TR,440.57,518.58,23.44,22.84,epias.com.tr,false,
2022-12-26 13:00:00,Turkey,Turkey,TR,442.42,521.26,22.67,22.08,epias.com.tr,false,
2022-12-26 14:00:00,Turkey,Turkey,TR,432.55,510.36,24.22,23.7,epias.com.tr,false,
2022-12-26 15:00:00,Turkey,Turkey,TR,416.48,492.88,26.61,26.1,epias.com.tr,false,
2022-12-26 16:00:00,Turkey,Turkey,TR,413.16,488.55,27.63,27.18,epias.com.tr,false,
2022-12-26 17:00:00,Turkey,Turkey,TR,420.44,496.22,26.73,26.23,epias.com.tr,false,
2022-12-26 18:00:00,Turkey,Turkey,TR,425.65,501.3,26.38,25.86,epias.com.tr,false,
2022-12-26 19:00:00,Turkey,Turkey,TR,428.71,503.45,26.79,26.23,epias.com.tr,false,
2022-12-26 20:00:00,Turkey,Turkey,TR,424.64,496.7,29.02,28.42,epias.com.tr,false,
2022-12-26 21:00:00,Turkey,Turkey,TR,428.69,499.05,29.82,29.2,epias.com.tr,false,
2022-12-26 22:00:00,Turkey,Turkey,TR,441.48,511.37,29.02,28.27,epias.com.tr,false,
2022-12-26 23:00:00,Turkey,Turkey,TR,455.83,525.58,27.89,27.09,epias.com.tr,false,
2022-12-27 00:00:00,Turkey,Turkey,TR,465.81,535.6,26.99,26.19,epias.com.tr,false,
2022-12-27 01:00:00,Turkey,Turkey,TR,474.67,544.32,26.24,25.38,epias.com.tr,false,
2022-12-27 02:00:00,Turkey,Turkey,TR,480.59,550.72,25.3,24.42,epias.com.tr,false,
2022-12-27 03:00:00,Turkey,Turkey,TR,486.3,557.95,23.71,22.95,epias.com.tr,false,
2022-12-27 04:00:00,Turkey,Turkey,TR,477.18,550.4,23.42,22.74,epias.com.tr,false,
2022-12-27 05:00:00,Turkey,Turkey,TR,467.47,543.84,22.03,21.37,epias.com.tr,false,
2022-12-27 06:00:00,Turkey,Turkey,TR,447.7,525.93,22.41,21.85,epias.com.tr,false,
2022-12-27 07:00:00,Turkey,Turkey,TR,436.63,514.26,23.88,23.32,epias.com.tr,false,
2022-12-27 08:00:00,Turkey,Turkey,TR,442.3,519.66,23.6,23.0,epias.com.tr,false,
2022-12-27 09:00:00,Turkey,Turkey,TR,443.03,518.34,25.04,24.42,epias.com.tr,false,
2022-12-27 10:00:00,Turkey,Turkey,TR,446.5,521.1,25.38,24.65,epias.com.tr,false,
2022-12-27 11:00:00,Turkey,Turkey,TR,447.72,522.69,25.03,24.29,epias.com.tr,false,
2022-12-27 12:00:00,Turkey,Turkey,TR,443.52,519.04,24.9,24.17,epias.com.tr,false,
2022-12-27 13:00:00,Turkey,Turkey,TR,444.41,520.92,24.09,23.37,epias.com.tr,false,
2022-12-27 14:00:00,Turkey,Turkey,TR,445.76,523.65,22.91,22.31,epias.com.tr,false,
2022-12-27 15:00:00,Turkey,Turkey,TR,427.03,503.83,25.37,24.84,epias.com.tr,false,
2022-12-27 16:00:00,Turkey,Turkey,TR,420.95,496.48,26.75,26.21,epias.com.tr,false,
2022-12-27 17:00:00,Turkey,Turkey,TR,426.18,501.89,26.2,25.65,epias.com.tr,false,
2022-12-27 18:00:00,Turkey,Turkey,TR,431.8,507.75,25.56,24.98,epias.com.tr,false,
2022-12-27 19:00:00,Turkey,Turkey,TR,436.14,510.85,26.07,25.45,epias.com.tr,false,
2022-12-27 20:00:00,Turkey,Turkey,TR,430.96,503.5,28.04,27.35,epias.com.tr,false,
2022-12-27 21:00:00,Turkey,Turkey,TR,441.92,513.99,27.39,26.63,epias.com.tr,false,
2022-12-27 22:00:00,Turkey,Turkey,TR,460.07,532.22,25.65,24.77,epias.com.tr,false,
2022-12-27 23:00:00,Turkey,Turkey,TR,474.62,546.25,24.79,23.86,epias.com.tr,false,
2022-12-28 00:00:00,Turkey,Turkey,TR,490.44,563.72,22.32,21.43,epias.com.tr,false,
2022-12-28 01:00:00,Turkey,Turkey,TR,502.51,576.69,20.6,19.66,epias.com.tr,false,
2022-12-28 02:00:00,Turkey,Turkey,TR,506.45,580.82,20.15,19.28,epias.com.tr,false,
2022-12-28 03:00:00,Turkey,Turkey,TR,502.55,576.53,20.63,19.79,epias.com.tr,false,
2022-12-28 04:00:00,Turkey,Turkey,TR,495.54,570.54,20.46,19.72,epias.com.tr,false,
2022-12-28 05:00:00,Turkey,Turkey,TR,480.28,557.3,20.36,19.68,epias.com.tr,false,
2022-12-28 06:00:00,Turkey,Turkey,TR,456.83,535.37,21.34,20.78,epias.com.tr,false,
2022-12-28 07:00:00,Turkey,Turkey,TR,447.87,524.95,23.05,22.45,epias.com.tr,false,
2022-12-28 08:00:00,Turkey,Turkey,TR,448.93,525.24,23.57,22.92,epias.com.tr,false,
2022-12-28 09:00:00,Turkey,Turkey,TR,452.97,527.76,24.23,23.62,epias.com.tr,false,
2022-12-28 10:00:00,Turkey,Turkey,TR,454.2,526.44,26.01,25.35,epias.com.tr,false,
2022-12-28 11:00:00,Turkey,Turkey,TR,455.81,528.68,25.43,24.71,epias.com.tr,false,
2022-12-28 12:00:00,Turkey,Turkey,TR,458.91,532.65,24.45,23.79,epias.com.tr,false,
2022-12-28 13:00:00,Turkey,Turkey,TR,461.81,537.76,22.65,22.03,epias.com.tr,false,
2022-12-28 14:00:00,Turkey,Turkey,TR,447.59,523.1,24.12,23.64,epias.com.tr,false,
2022-12-28 15:00:00,Turkey,Turkey,TR,429.64,503.71,26.67,26.28,epias.com.tr,false,
2022-12-28 16:00:00,Turkey,Turkey,TR,424.57,497.24,28.08,27.67,epias.com.tr,false,
2022-12-28 17:00:00,Turkey,Turkey,TR,429.18,501.61,27.85,27.37,epias.com.tr,false,
2022-12-28 18:00:00,Turkey,Turkey,TR,438.51,511.69,26.6,26.06,epias.com.tr,false,
2022-12-28 19:00:00,Turkey,Turkey,TR,442.18,515.05,26.58,25.94,epias.com.tr,false,
2022-12-28 20:00:00,Turkey,Turkey,TR,438.35,508.86,28.67,28.02,epias.com.tr,false,
2022-12-28 21:00:00,Turkey,Turkey,TR,444.97,513.78,29.25,28.53,epias.com.tr,false,
2022-12-28 22:00:00,Turkey,Turkey,TR,465.96,536.31,26.51,25.69,epias.com.tr,false,
2022-12-28 23:00:00,Turkey,Turkey,TR,484.46,556.22,23.92,23.05,epias.com.tr,false,
2022-12-29 00:00:00,Turkey,Turkey,TR,495.58,567.24,23.02,22.11,epias.com.tr,false,
2022-12-29 01:00:00,Turkey,Turkey,TR,510.91,584.29,20.52,19.55,epias.com.tr,false,
2022-12-29 02:00:00,Turkey,Turkey,TR,519.0,593.65,18.95,17.97,epias.com.tr,false,
2022-12-29 03:00:00,Turkey,Turkey,TR,520.6,596.06,18.2,17.27,epias.com.tr,false,
2022-12-29 04:00:00,Turkey,Turkey,TR,514.22,591.1,17.67,16.87,epias.com.tr,false,
2022-12-29 05:00:00,Turkey,Turkey,TR,495.5,574.1,18.1,17.4,epias.com.tr,false,
2022-12-29 06:00:00,Turkey,Turkey,TR,464.66,543.53,20.73,20.13,epias.com.tr,false,
2022-12-29 07:00:00,Turkey,Turkey,TR,449.86,527.4,23.0,22.44,epias.com.tr,false,
2022-12-29 08:00:00,Turkey,Turkey,TR,455.37,533.01,22.4,21.82,epias.com.tr,false,
2022-12-29 09:00:00,Turkey,Turkey,TR,456.3,532.75,23.2,22.64,epias.com.tr,false,
2022-12-29 10:00:00,Turkey,Turkey,TR,467.33,542.21,23.4,22.78,epias.com.tr,false,
2022-12-29 11:00:00,Turkey,Turkey,TR,467.09,541.74,23.7,23.01,epias.com.tr,false,
2022-12-29 12:00:00,Turkey,Turkey,TR,464.19,539.82,23.29,22.56,epias.com.tr,false,
2022-12-29 13:00:00,Turkey,Turkey,TR,465.48,542.42,22.26,21.53,epias.com.tr,false,
2022-12-29 14:00:00,Turkey,Turkey,TR,454.23,532.0,22.65,22.11,epias.com.tr,false,
2022-12-29 15:00:00,Turkey,Turkey,TR,427.65,502.6,26.85,26.43,epias.com.tr,false,
2022-12-29 16:00:00,Turkey,Turkey,TR,421.36,495.38,28.12,27.65,epias.com.tr,false,
2022-12-29 17:00:00,Turkey,Turkey,TR,433.22,508.72,26.1,25.61,epias.com.tr,false,
2022-12-29 18:00:00,Turkey,Turkey,TR,443.05,519.75,24.42,23.89,epias.com.tr,false,
2022-12-29 19:00:00,Turkey,Turkey,TR,444.77,520.67,24.8,24.21,epias.com.tr,false,
2022-12-29 20:00:00,Turkey,Turkey,TR,444.35,517.93,26.35,25.71,epias.com.tr,false,
2022-12-29 21:00:00,Turkey,Turkey,TR,453.1,525.37,26.51,25.82,epias.com.tr,false,
2022-12-29 22:00:00,Turkey,Turkey,TR,472.6,546.51,23.67,22.81,epias.com.tr,false,
2022-12-29 23:00:00,Turkey,Turkey,TR,487.6,562.24,21.84,20.93,epias.com.tr,false,
2022-12-30 00:00:00,Turkey,Turkey,TR,497.12,571.76,21.01,20.05,epias.com.tr,false,
2022-12-30 01:00:00,Turkey,Turkey,TR,503.91,578.65,20.42,19.46,epias.com.tr,false,
2022-12-30 02:00:00,Turkey,Turkey,TR,508.09,583.38,19.72,18.74,epias.com.tr,false,
2022-12-30 03:00:00,Turkey,Turkey,TR,509.5,585.72,19.0,18.15,epias.com.tr,false,
2022-12-30 04:00:00,Turkey,Turkey,TR,500.17,577.23,19.25,18.49,epias.com.tr,false,
2022-12-30 05:00:00,Turkey,Turkey,TR,481.54,559.64,20.1,19.37,epias.com.tr,false,
2022-12-30 06:00:00,Turkey,Turkey,TR,443.78,519.59,24.93,24.36,epias.com.tr,false,
2022-12-30 07:00:00,Turkey,Turkey,TR,427.85,501.46,27.83,27.23,epias.com.tr,false,
2022-12-30 08:00:00,Turkey,Turkey,TR,435.12,509.36,26.8,26.21,epias.com.tr,false,
2022-12-30 09:00:00,Turkey,Turkey,TR,437.47,511.18,27.03,26.41,epias.com.tr,false,
2022-12-30 10:00:00,Turkey,Turkey,TR,442.88,515.17,27.75,27.03,epias.com.tr,false,
2022-12-30 11:00:00,Turkey,Turkey,TR,456.02,528.16,26.64,25.88,epias.com.tr,false,
2022-12-30 12:00:00,Turkey,Turkey,TR,448.0,522.3,25.89,25.17,epias.com.tr,false,
2022-12-30 13:00:00,Turkey,Turkey,TR,451.62,527.42,24.46,23.79,epias.com.tr,false,
2022-12-30 14:00:00,Turkey,Turkey,TR,441.59,517.43,25.23,24.61,epias.com.tr,false,
2022-12-30 15:00:00,Turkey,Turkey,TR,415.8,488.59,29.55,29.01,epias.com.tr,false,
2022-12-30 16:00:00,Turkey,Turkey,TR,411.66,483.51,30.56,30.05,epias.com.tr,false,
2022-12-30 17:00:00,Turkey,Turkey,TR,423.66,496.88,28.52,27.99,epias.com.tr,false,
2022-12-30 18:00:00,Turkey,Turkey,TR,430.88,504.62,27.54,27.02,epias.com.tr,false,
2022-12-30 19:00:00,Turkey,Turkey,TR,437.18,511.3,26.76,26.15,epias.com.tr,false,
2022-12-30 20:00:00,Turkey,Turkey,TR,437.93,510.51,27.76,27.11,epias.com.tr,false,
2022-12-30 21:00:00,Turkey,Turkey,TR,441.94,513.56,28.12,27.47,epias.com.tr,false,
2022-12-30 22:00:00,Turkey,Turkey,TR,454.29,526.68,26.59,25.86,epias.com.tr,false,
2022-12-30 23:00:00,Turkey,Turkey,TR,471.49,544.38,24.78,23.97,epias.com.tr,false,
2022-12-31 00:00:00,Turkey,Turkey,TR,489.17,562.99,22.64,21.77,epias.com.tr,false,
2022-12-31 01:00:00,Turkey,Turkey,TR,502.97,577.53,20.99,20.08,epias.com.tr,false,
2022-12-31 02:00:00,Turkey,Turkey,TR,510.67,586.01,19.81,18.87,epias.com.tr,false,
2022-12-31 03:00:00,Turkey,Turkey,TR,513.26,588.84,19.38,18.47,epias.com.tr,false,
2022-12-31 04:00:00,Turkey,Turkey,TR,507.7,583.23,19.93,19.14,epias.com.tr,false,
2022-12-31 05:00:00,Turkey,Turkey,TR,501.57,578.09,19.92,19.21,epias.com.tr,false,
2022-12-31 06:00:00,Turkey,Turkey,TR,491.97,569.97,19.65,19.05,epias.com.tr,false,
2022-12-31 07:00:00,Turkey,Turkey,TR,476.2,553.18,21.69,21.08,epias.com.tr,false,
2022-12-31 08:00:00,Turkey,Turkey,TR,467.02,542.49,23.63,22.99,epias.com.tr,false,
2022-12-31 09:00:00,Turkey,Turkey,TR,463.53,537.6,25.02,24.36,epias.com.tr,false,
2022-12-31 10:00:00,Turkey,Turkey,TR,476.03,549.57,24.37,23.71,epias.com.tr,false,
2022-12-31 11:00:00,Turkey,Turkey,TR,480.32,553.84,24.07,23.41,epias.com.tr,false,
2022-12-31 12:00:00,Turkey,Turkey,TR,476.72,550.14,24.43,23.76,epias.com.tr,false,
2022-12-31 13:00:00,Turkey,Turkey,TR,474.79,548.87,24.13,23.51,epias.com.tr,false,
2022-12-31 14:00:00,Turkey,Turkey,TR,468.5,543.84,23.68,23.05,epias.com.tr,false,
2022-12-31 15:00:00,Turkey,Turkey,TR,444.71,518.63,26.63,26.05,epias.com.tr,false,
2022-12-31 16:00:00,Turkey,Turkey,TR,429.1,501.14,29.29,28.78,epias.com.tr,false,
2022-12-31 17:00:00,Turkey,Turkey,TR,438.08,510.44,28.26,27.74,epias.com.tr,false,
2022-12-31 18:00:00,Turkey,Turkey,TR,451.98,525.25,26.46,25.8,epias.com.tr,false,
2022-12-31 19:00:00,Turkey,Turkey,TR,459.52,531.22,26.86,26.12,epias.com.tr,false,
2022-12-31 20:00:00,Turkey,Turkey,TR,452.56,520.69,29.99,29.21,epias.com.tr,false,
2022-12-31 21:00:00,Turkey,Turkey,TR,455.99,522.78,30.63,29.78,epias.com.tr,false,
2022-12-31 22:00:00,Turkey,Turkey,TR,458.94,523.44,31.98,31.07,epias.com.tr,false,
2022-12-31 23:00:00,Turkey,Turkey,TR,471.57,536.17,30.84,29.84,epias.com.tr,false,
